2026/09/26 13:02:45.909, 1
2026/09/26 13:02:46.409, 1
2026/09/26 13:02:46.909, 1
2026/09/26 13:02:47.409, 1
2026/09/26 13:02:47.909, 1
2026/09/26 13:02:48.410, 1
2026/09/26 13:02:48.910, 1
2026/09/26 13:02:49.410, 4
2026/09/26 13:02:49.910, 4
2026/09/26 13:02:50.411, 4
2026/09/26 13:02:50.911, 4
2026/09/26 13:02:51.411, 4
2026/09/26 13:02:51.911, 4
2026/09/26 13:02:52.411, 4
2026/09/26 13:02:52.911, 4
2026/09/26 13:02:53.412, 4
2026/09/26 13:02:53.912, 4
2026/09/26 13:02:54.412, 4
2026/09/26 13:02:54.912, 4
2026/09/26 13:02:55.412, 4
2026/09/26 13:02:55.912, 4
2026/09/26 13:02:56.413, 4
2026/09/26 13:02:56.913, 4
2026/09/26 13:02:57.413, 4
2026/09/26 13:02:57.913, 4
2026/09/26 13:02:58.413, 4
2026/09/26 13:02:58.913, 535
2026/09/26 13:02:59.414, 535
2026/09/26 13:02:59.914, 535
2026/09/26 13:03:00.414, 535
2026/09/26 13:03:00.914, 9479
2026/09/26 13:03:01.414, 9479
2026/09/26 13:03:01.915, 9479
2026/09/26 13:03:02.415, 9479
2026/09/26 13:03:02.915, 9479
2026/09/26 13:03:03.415, 9479
2026/09/26 13:03:03.915, 9479
2026/09/26 13:03:04.415, 9479
2026/09/26 13:03:04.915, 9479
2026/09/26 13:03:05.416, 9479
2026/09/26 13:03:05.916, 9479
2026/09/26 13:03:06.416, 11621
2026/09/26 13:03:06.916, 15197
2026/09/26 13:03:07.416, 15197
2026/09/26 13:03:07.917, 15197
2026/09/26 13:03:08.417, 15197
2026/09/26 13:03:08.917, 15197
2026/09/26 13:03:09.417, 15197
2026/09/26 13:03:09.917, 15197
2026/09/26 13:03:10.417, 15197
2026/09/26 13:03:10.918, 15199
2026/09/26 13:03:11.418, 15199
2026/09/26 13:03:11.918, 15199
2026/09/26 13:03:12.418, 15645
2026/09/26 13:03:12.918, 9499
2026/09/26 13:03:13.419, 16479
2026/09/26 13:03:13.919, 16589
2026/09/26 13:03:14.419, 16715
2026/09/26 13:03:14.919, 16885
2026/09/26 13:03:15.419, 17059
2026/09/26 13:03:15.919, 17193
2026/09/26 13:03:16.419, 18661
2026/09/26 13:03:16.920, 18661
2026/09/26 13:03:17.420, 18661
2026/09/26 13:03:17.920, 18661
2026/09/26 13:03:18.420, 18661
2026/09/26 13:03:18.920, 18661
2026/09/26 13:03:19.421, 18661
2026/09/26 13:03:19.921, 18661
2026/09/26 13:03:20.421, 18661
2026/09/26 13:03:20.921, 18661
2026/09/26 13:03:21.421, 18661
2026/09/26 13:03:21.921, 18661
2026/09/26 13:03:22.422, 18661
2026/09/26 13:03:22.922, 18661
2026/09/26 13:03:23.422, 18661
2026/09/26 13:03:23.922, 18661
2026/09/26 13:03:24.422, 18661
2026/09/26 13:03:24.922, 18661
2026/09/26 13:03:25.423, 18661
2026/09/26 13:03:25.923, 18661
2026/09/26 13:03:26.423, 18661
2026/09/26 13:03:26.923, 18661
2026/09/26 13:03:27.423, 18661
2026/09/26 13:03:27.924, 18661
2026/09/26 13:03:28.424, 18661
2026/09/26 13:03:28.924, 18661
2026/09/26 13:03:29.424, 18661
2026/09/26 13:03:29.925, 18661
2026/09/26 13:03:30.425, 18661
2026/09/26 13:03:30.925, 18661
2026/09/26 13:03:31.425, 18661
2026/09/26 13:03:31.925, 18661
2026/09/26 13:03:32.425, 18661
2026/09/26 13:03:32.926, 18661
2026/09/26 13:03:33.426, 18661
2026/09/26 13:03:33.926, 18661
2026/09/26 13:03:34.426, 18661
2026/09/26 13:03:34.926, 18661
2026/09/26 13:03:35.426, 18661
2026/09/26 13:03:35.927, 18661
2026/09/26 13:03:36.427, 18679
2026/09/26 13:03:36.927, 19769
2026/09/26 13:03:37.427, 19769
2026/09/26 13:03:37.927, 19769
2026/09/26 13:03:38.428, 19769
2026/09/26 13:03:38.928, 19769
2026/09/26 13:03:39.428, 20265
2026/09/26 13:03:39.928, 20265
2026/09/26 13:03:40.429, 20265
2026/09/26 13:03:40.929, 20265
2026/09/26 13:03:41.429, 20565
2026/09/26 13:03:41.929, 20565
2026/09/26 13:03:42.429, 20565
2026/09/26 13:03:42.929, 20565
2026/09/26 13:03:43.430, 20565
2026/09/26 13:03:43.930, 20565
2026/09/26 13:03:44.430, 20565
2026/09/26 13:03:44.930, 20565
2026/09/26 13:03:45.430, 20565
2026/09/26 13:03:45.930, 20565
2026/09/26 13:03:46.431, 20565
2026/09/26 13:03:46.931, 20565
2026/09/26 13:03:47.431, 20565
2026/09/26 13:03:47.931, 20565
2026/09/26 13:03:48.431, 20565
2026/09/26 13:03:48.931, 20565
2026/09/26 13:03:49.432, 20565
2026/09/26 13:03:49.932, 20565
2026/09/26 13:03:50.432, 20565
2026/09/26 13:03:50.932, 20565
2026/09/26 13:03:51.432, 20565
2026/09/26 13:03:51.933, 20565
2026/09/26 13:03:52.433, 20565
2026/09/26 13:03:52.933, 20565
2026/09/26 13:03:53.433, 20565
2026/09/26 13:03:53.933, 20565
2026/09/26 13:03:54.433, 20565
2026/09/26 13:03:54.933, 20565
2026/09/26 13:03:55.434, 20565
2026/09/26 13:03:55.934, 20881
2026/09/26 13:03:56.434, 20881
2026/09/26 13:03:56.934, 20881
2026/09/26 13:03:57.434, 20881
2026/09/26 13:03:57.934, 20881
2026/09/26 13:03:58.434, 20881
2026/09/26 13:03:58.935, 20881
2026/09/26 13:03:59.435, 20881
2026/09/26 13:03:59.935, 20881
2026/09/26 13:04:00.435, 20881
2026/09/26 13:04:00.935, 20881
2026/09/26 13:04:01.435, 20881
2026/09/26 13:04:01.936, 20881
2026/09/26 13:04:02.436, 20881
2026/09/26 13:04:02.936, 20881
2026/09/26 13:04:03.436, 20881
2026/09/26 13:04:03.936, 20881
2026/09/26 13:04:04.436, 20881
2026/09/26 13:04:04.936, 20881
2026/09/26 13:04:05.437, 20881
2026/09/26 13:04:05.937, 20881
2026/09/26 13:04:06.437, 20881
2026/09/26 13:04:06.937, 20881
2026/09/26 13:04:07.438, 20881
2026/09/26 13:04:07.938, 20881
2026/09/26 13:04:08.438, 20881
2026/09/26 13:04:08.938, 21181
2026/09/26 13:04:09.438, 21181
2026/09/26 13:04:09.939, 21181
2026/09/26 13:04:10.439, 21181
2026/09/26 13:04:10.939, 21181
2026/09/26 13:04:11.439, 21181
2026/09/26 13:04:11.939, 21181
2026/09/26 13:04:12.439, 21181
2026/09/26 13:04:12.940, 21181
2026/09/26 13:04:13.440, 21181
2026/09/26 13:04:13.940, 21181
2026/09/26 13:04:14.440, 21181
2026/09/26 13:04:14.940, 21181
2026/09/26 13:04:15.440, 21181
2026/09/26 13:04:15.941, 21181
2026/09/26 13:04:16.441, 21181
2026/09/26 13:04:16.941, 21181
2026/09/26 13:04:17.441, 21181
2026/09/26 13:04:17.941, 21181
2026/09/26 13:04:18.441, 21181
2026/09/26 13:04:18.941, 21181
2026/09/26 13:04:19.442, 21181
2026/09/26 13:04:19.942, 21181
2026/09/26 13:04:20.442, 21181
2026/09/26 13:04:20.942, 21181
2026/09/26 13:04:21.442, 21181
2026/09/26 13:04:21.942, 21181
2026/09/26 13:04:22.443, 21181
2026/09/26 13:04:22.943, 21181
2026/09/26 13:04:23.443, 21181
2026/09/26 13:04:23.943, 21181
2026/09/26 13:04:24.443, 21181
2026/09/26 13:04:24.943, 21181
2026/09/26 13:04:25.443, 21181
2026/09/26 13:04:25.944, 21181
2026/09/26 13:04:26.444, 21181
2026/09/26 13:04:26.944, 21181
2026/09/26 13:04:27.444, 21181
2026/09/26 13:04:27.944, 21181
2026/09/26 13:04:28.444, 21181
2026/09/26 13:04:28.945, 21181
2026/09/26 13:04:29.445, 21181
2026/09/26 13:04:29.945, 21181
2026/09/26 13:04:30.445, 21181
2026/09/26 13:04:30.945, 21181
2026/09/26 13:04:31.445, 21181
2026/09/26 13:04:31.945, 21181
2026/09/26 13:04:32.446, 21181
2026/09/26 13:04:32.946, 21181
2026/09/26 13:04:33.446, 21181
2026/09/26 13:04:33.946, 21181
2026/09/26 13:04:34.446, 21181
2026/09/26 13:04:34.946, 21181
2026/09/26 13:04:35.446, 21181
2026/09/26 13:04:35.947, 21181
2026/09/26 13:04:36.447, 21181
2026/09/26 13:04:36.947, 21181
2026/09/26 13:04:37.447, 21181
2026/09/26 13:04:37.947, 21181
2026/09/26 13:04:38.448, 21181
2026/09/26 13:04:38.948, 21181
2026/09/26 13:04:39.448, 21181
2026/09/26 13:04:39.948, 21181
2026/09/26 13:04:40.448, 21181
2026/09/26 13:04:40.949, 21181
2026/09/26 13:04:41.449, 21181
2026/09/26 13:04:41.949, 21181
2026/09/26 13:04:42.449, 21181
2026/09/26 13:04:42.949, 21181
2026/09/26 13:04:43.449, 21181
2026/09/26 13:04:43.949, 21181
2026/09/26 13:04:44.450, 21181
2026/09/26 13:04:44.950, 21181
2026/09/26 13:04:45.450, 21181
2026/09/26 13:04:45.950, 21181
2026/09/26 13:04:46.450, 21181
2026/09/26 13:04:46.950, 21181
2026/09/26 13:04:47.450, 21181
2026/09/26 13:04:47.951, 21181
2026/09/26 13:04:48.451, 21181
2026/09/26 13:04:48.951, 21181
2026/09/26 13:04:49.451, 21181
2026/09/26 13:04:49.951, 21181
2026/09/26 13:04:50.451, 21181
2026/09/26 13:04:50.951, 21181
2026/09/26 13:04:51.452, 21181
2026/09/26 13:04:51.952, 21181
2026/09/26 13:04:52.452, 21181
2026/09/26 13:04:52.952, 21181
2026/09/26 13:04:53.452, 21181
2026/09/26 13:04:53.952, 21181
2026/09/26 13:04:54.453, 21181
2026/09/26 13:04:54.953, 21181
2026/09/26 13:04:55.453, 21181
2026/09/26 13:04:55.953, 21181
2026/09/26 13:04:56.453, 21181
2026/09/26 13:04:56.953, 21181
2026/09/26 13:04:57.454, 21181
2026/09/26 13:04:57.954, 21181
2026/09/26 13:04:58.454, 21181
2026/09/26 13:04:58.954, 21181
2026/09/26 13:04:59.454, 21181
2026/09/26 13:04:59.954, 21181
2026/09/26 13:05:00.455, 21181
2026/09/26 13:05:00.955, 21181
2026/09/26 13:05:01.455, 21181
2026/09/26 13:05:01.955, 21181
2026/09/26 13:05:02.455, 21181
2026/09/26 13:05:02.955, 21181
2026/09/26 13:05:03.456, 21181
2026/09/26 13:05:03.956, 21181
2026/09/26 13:05:04.456, 21181
2026/09/26 13:05:04.956, 21181
2026/09/26 13:05:05.456, 21181
2026/09/26 13:05:05.957, 21181
2026/09/26 13:05:06.457, 21181
2026/09/26 13:05:06.957, 21181
2026/09/26 13:05:07.457, 21181
2026/09/26 13:05:07.957, 21181
2026/09/26 13:05:08.457, 21181
2026/09/26 13:05:08.958, 21181
2026/09/26 13:05:09.458, 21181
2026/09/26 13:05:09.958, 21181
2026/09/26 13:05:10.458, 21181
2026/09/26 13:05:10.958, 21181
2026/09/26 13:05:11.458, 21181
2026/09/26 13:05:11.958, 21181
2026/09/26 13:05:12.459, 21181
2026/09/26 13:05:12.959, 21181
2026/09/26 13:05:13.459, 21181
2026/09/26 13:05:13.959, 21181
2026/09/26 13:05:14.460, 21181
2026/09/26 13:05:14.960, 21181
2026/09/26 13:05:15.460, 21181
2026/09/26 13:05:15.960, 21181
2026/09/26 13:05:16.461, 21181
2026/09/26 13:05:16.961, 21181
2026/09/26 13:05:17.461, 21181
2026/09/26 13:05:17.961, 21181
2026/09/26 13:05:18.461, 21181
2026/09/26 13:05:18.962, 21181
2026/09/26 13:05:19.462, 21181
2026/09/26 13:05:19.962, 21181
2026/09/26 13:05:20.462, 21181
2026/09/26 13:05:20.962, 21181
2026/09/26 13:05:21.463, 21181
2026/09/26 13:05:21.963, 21181
2026/09/26 13:05:22.463, 21181
2026/09/26 13:05:22.963, 21181
2026/09/26 13:05:23.463, 21181
2026/09/26 13:05:23.963, 21181
2026/09/26 13:05:24.463, 21181
2026/09/26 13:05:24.964, 21181
2026/09/26 13:05:25.464, 21181
2026/09/26 13:05:25.964, 21181
2026/09/26 13:05:26.464, 21181
2026/09/26 13:05:26.964, 21181
2026/09/26 13:05:27.464, 21181
2026/09/26 13:05:27.964, 21181
2026/09/26 13:05:28.465, 21181
2026/09/26 13:05:28.965, 21181
2026/09/26 13:05:29.465, 21181
2026/09/26 13:05:29.965, 21181
2026/09/26 13:05:30.465, 21181
2026/09/26 13:05:30.965, 21181
2026/09/26 13:05:31.466, 21181
2026/09/26 13:05:31.966, 21181
2026/09/26 13:05:32.466, 21181
2026/09/26 13:05:32.966, 21181
2026/09/26 13:05:33.466, 21181
2026/09/26 13:05:33.966, 21181
2026/09/26 13:05:34.467, 21181
2026/09/26 13:05:34.967, 21181
2026/09/26 13:05:35.467, 21181
2026/09/26 13:05:35.967, 21181
2026/09/26 13:05:36.467, 21181
2026/09/26 13:05:36.967, 21181
2026/09/26 13:05:37.468, 21181
2026/09/26 13:05:37.968, 21181
2026/09/26 13:05:38.468, 21181
2026/09/26 13:05:38.968, 21181
2026/09/26 13:05:39.468, 21181
2026/09/26 13:05:39.968, 21181
2026/09/26 13:05:40.468, 21181
2026/09/26 13:05:40.969, 21181
2026/09/26 13:05:41.469, 21181
2026/09/26 13:05:41.969, 21181
2026/09/26 13:05:42.469, 21181
2026/09/26 13:05:42.969, 21181
2026/09/26 13:05:43.469, 21181
2026/09/26 13:05:43.970, 21181
2026/09/26 13:05:44.470, 21181
2026/09/26 13:05:44.970, 21181
2026/09/26 13:05:45.470, 21181
2026/09/26 13:05:45.970, 21181
2026/09/26 13:05:46.470, 21181
2026/09/26 13:05:46.971, 21181
2026/09/26 13:05:47.471, 21181
2026/09/26 13:05:47.971, 21181
2026/09/26 13:05:48.471, 21181
2026/09/26 13:05:48.972, 21181
2026/09/26 13:05:49.472, 21181
2026/09/26 13:05:49.972, 21181
2026/09/26 13:05:50.472, 21181
2026/09/26 13:05:50.972, 21181
2026/09/26 13:05:51.472, 21181
2026/09/26 13:05:51.973, 21181
2026/09/26 13:05:52.473, 21181
2026/09/26 13:05:52.973, 21181
2026/09/26 13:05:53.473, 21181
2026/09/26 13:05:53.973, 21181
2026/09/26 13:05:54.473, 21181
2026/09/26 13:05:54.973, 21181
2026/09/26 13:05:55.474, 21181
2026/09/26 13:05:55.974, 21181
2026/09/26 13:05:56.474, 21181
2026/09/26 13:05:56.974, 21181
2026/09/26 13:05:57.474, 21181
2026/09/26 13:05:57.974, 21181
2026/09/26 13:05:58.475, 21181
2026/09/26 13:05:58.975, 21181
2026/09/26 13:05:59.475, 21181
2026/09/26 13:05:59.975, 21181
2026/09/26 13:06:00.475, 21181
2026/09/26 13:06:00.975, 21181
2026/09/26 13:06:01.475, 21181
2026/09/26 13:06:01.976, 21181
2026/09/26 13:06:02.476, 21181
2026/09/26 13:06:02.976, 21181
2026/09/26 13:06:03.476, 21181
2026/09/26 13:06:03.976, 21181
2026/09/26 13:06:04.476, 21181
2026/09/26 13:06:04.976, 21181
2026/09/26 13:06:05.477, 21181
2026/09/26 13:06:05.977, 21181
2026/09/26 13:06:06.477, 21181
2026/09/26 13:06:06.977, 21181
2026/09/26 13:06:07.477, 21181
2026/09/26 13:06:07.977, 21181
2026/09/26 13:06:08.478, 21181
2026/09/26 13:06:08.978, 21181
2026/09/26 13:06:09.478, 21181
2026/09/26 13:06:09.978, 21181
2026/09/26 13:06:10.478, 21181
2026/09/26 13:06:10.978, 21181
2026/09/26 13:06:11.478, 21181
2026/09/26 13:06:11.979, 21181
2026/09/26 13:06:12.479, 21181
2026/09/26 13:06:12.979, 21181
2026/09/26 13:06:13.479, 21181
2026/09/26 13:06:13.979, 21181
2026/09/26 13:06:14.479, 21181
2026/09/26 13:06:14.980, 21181
2026/09/26 13:06:15.480, 21181
2026/09/26 13:06:15.980, 21181
2026/09/26 13:06:16.480, 21181
2026/09/26 13:06:16.980, 21181
2026/09/26 13:06:17.480, 21181
2026/09/26 13:06:17.981, 21181
2026/09/26 13:06:18.481, 21181
2026/09/26 13:06:18.981, 21181
2026/09/26 13:06:19.481, 21181
2026/09/26 13:06:19.981, 21181
2026/09/26 13:06:20.481, 21181
2026/09/26 13:06:20.981, 21181
2026/09/26 13:06:21.482, 21181
2026/09/26 13:06:21.982, 21181
2026/09/26 13:06:22.482, 21181
2026/09/26 13:06:22.982, 21181
2026/09/26 13:06:23.482, 21181
2026/09/26 13:06:23.982, 21181
2026/09/26 13:06:24.483, 21181
2026/09/26 13:06:24.983, 21181
2026/09/26 13:06:25.483, 21181
2026/09/26 13:06:25.983, 21181
2026/09/26 13:06:26.483, 21181
2026/09/26 13:06:26.983, 21181
2026/09/26 13:06:27.483, 21181
2026/09/26 13:06:27.984, 21181
2026/09/26 13:06:28.484, 21181
2026/09/26 13:06:28.984, 21181
2026/09/26 13:06:29.484, 21181
2026/09/26 13:06:29.984, 21181
2026/09/26 13:06:30.484, 21181
2026/09/26 13:06:30.985, 21181
2026/09/26 13:06:31.485, 21181
2026/09/26 13:06:31.985, 21181
2026/09/26 13:06:32.485, 21181
2026/09/26 13:06:32.985, 21181
2026/09/26 13:06:33.485, 21181
2026/09/26 13:06:33.985, 21181
2026/09/26 13:06:34.485, 21181
2026/09/26 13:06:34.986, 21181
2026/09/26 13:06:35.486, 21181
2026/09/26 13:06:35.986, 21181
2026/09/26 13:06:36.486, 21181
2026/09/26 13:06:36.986, 21181
2026/09/26 13:06:37.486, 21181
2026/09/26 13:06:37.986, 21181
2026/09/26 13:06:38.487, 21181
2026/09/26 13:06:38.987, 21181
2026/09/26 13:06:39.487, 21181
2026/09/26 13:06:39.987, 21181
2026/09/26 13:06:40.487, 21181
2026/09/26 13:06:40.987, 21181
2026/09/26 13:06:41.487, 21181
2026/09/26 13:06:41.988, 21181
2026/09/26 13:06:42.488, 21181
2026/09/26 13:06:42.988, 21181
2026/09/26 13:06:43.488, 21181
2026/09/26 13:06:43.988, 21181
2026/09/26 13:06:44.488, 21181
2026/09/26 13:06:44.988, 21181
2026/09/26 13:06:45.489, 21181
2026/09/26 13:06:45.989, 21181
2026/09/26 13:06:46.489, 21181
2026/09/26 13:06:46.989, 21181
2026/09/26 13:06:47.489, 21181
2026/09/26 13:06:47.989, 21181
2026/09/26 13:06:48.489, 21181
2026/09/26 13:06:48.990, 21181
2026/09/26 13:06:49.490, 21181
2026/09/26 13:06:49.990, 21181
2026/09/26 13:06:50.490, 21181
2026/09/26 13:06:50.990, 21181
2026/09/26 13:06:51.490, 21181
2026/09/26 13:06:51.990, 21181
2026/09/26 13:06:52.491, 21181
2026/09/26 13:06:52.991, 21181
2026/09/26 13:06:53.491, 21181
2026/09/26 13:06:53.991, 21181
2026/09/26 13:06:54.491, 21181
2026/09/26 13:06:54.991, 21181
2026/09/26 13:06:55.492, 21181
2026/09/26 13:06:55.992, 21181
2026/09/26 13:06:56.492, 21181
2026/09/26 13:06:56.992, 21181
2026/09/26 13:06:57.492, 21181
2026/09/26 13:06:57.992, 21181
2026/09/26 13:06:58.492, 21181
2026/09/26 13:06:58.993, 21181
2026/09/26 13:06:59.493, 21181
2026/09/26 13:06:59.993, 21181
2026/09/26 13:07:00.493, 21181
2026/09/26 13:07:00.993, 21181
2026/09/26 13:07:01.493, 21181
2026/09/26 13:07:01.993, 21181
2026/09/26 13:07:02.494, 21181
2026/09/26 13:07:02.994, 21181
2026/09/26 13:07:03.494, 21181
2026/09/26 13:07:03.994, 21181
2026/09/26 13:07:04.494, 21181
2026/09/26 13:07:04.994, 21181
2026/09/26 13:07:05.494, 21181
2026/09/26 13:07:05.995, 21181
2026/09/26 13:07:06.495, 21181
2026/09/26 13:07:06.995, 21181
2026/09/26 13:07:07.495, 21181
2026/09/26 13:07:07.995, 21181
2026/09/26 13:07:08.495, 21181
2026/09/26 13:07:08.996, 21181
2026/09/26 13:07:09.496, 21181
2026/09/26 13:07:09.996, 21181
2026/09/26 13:07:10.496, 21181
2026/09/26 13:07:10.996, 21181
2026/09/26 13:07:11.496, 21181
2026/09/26 13:07:11.996, 21181
2026/09/26 13:07:12.497, 21181
2026/09/26 13:07:12.997, 21181
2026/09/26 13:07:13.497, 21181
2026/09/26 13:07:13.997, 21181
2026/09/26 13:07:14.497, 21181
2026/09/26 13:07:14.997, 21181
2026/09/26 13:07:15.497, 21181
2026/09/26 13:07:15.998, 21181
2026/09/26 13:07:16.498, 21181
2026/09/26 13:07:16.998, 21181
2026/09/26 13:07:17.498, 21181
2026/09/26 13:07:17.998, 21181
2026/09/26 13:07:18.498, 21181
2026/09/26 13:07:18.999, 21181
2026/09/26 13:07:19.499, 21181
2026/09/26 13:07:19.999, 21181
2026/09/26 13:07:20.499, 21181
2026/09/26 13:07:20.999, 21181
2026/09/26 13:07:21.499, 21181
2026/09/26 13:07:21.999, 21181
2026/09/26 13:07:22.500, 21181
2026/09/26 13:07:23.000, 21181
2026/09/26 13:07:23.500, 21181
2026/09/26 13:07:24.000, 21181
2026/09/26 13:07:24.500, 21181
2026/09/26 13:07:25.000, 21181
2026/09/26 13:07:25.500, 21181
2026/09/26 13:07:26.001, 21181
2026/09/26 13:07:26.501, 21181
2026/09/26 13:07:27.001, 21181
2026/09/26 13:07:27.501, 21181
2026/09/26 13:07:28.001, 21181
2026/09/26 13:07:28.501, 21181
2026/09/26 13:07:29.002, 21181
2026/09/26 13:07:29.502, 21181
2026/09/26 13:07:30.002, 21181
2026/09/26 13:07:30.502, 21181
2026/09/26 13:07:31.002, 21181
2026/09/26 13:07:31.502, 21181
2026/09/26 13:07:32.003, 21181
2026/09/26 13:07:32.503, 21181
2026/09/26 13:07:33.003, 21181
2026/09/26 13:07:33.503, 21181
2026/09/26 13:07:34.003, 21181
2026/09/26 13:07:34.503, 21181
2026/09/26 13:07:35.004, 21181
2026/09/26 13:07:35.504, 21181
2026/09/26 13:07:36.004, 21181
2026/09/26 13:07:36.504, 21181
2026/09/26 13:07:37.004, 21181
2026/09/26 13:07:37.504, 21181
2026/09/26 13:07:38.005, 21181
2026/09/26 13:07:38.505, 21181
2026/09/26 13:07:39.005, 21181
2026/09/26 13:07:39.505, 21181
2026/09/26 13:07:40.005, 21181
2026/09/26 13:07:40.505, 21181
2026/09/26 13:07:41.005, 21181
2026/09/26 13:07:41.506, 21181
2026/09/26 13:07:42.006, 21181
2026/09/26 13:07:42.506, 21181
2026/09/26 13:07:43.006, 21181
2026/09/26 13:07:43.506, 21181
2026/09/26 13:07:44.006, 21181
2026/09/26 13:07:44.507, 21181
2026/09/26 13:07:45.007, 21181
2026/09/26 13:07:45.507, 21181
2026/09/26 13:07:46.007, 21181
2026/09/26 13:07:46.507, 21181
2026/09/26 13:07:47.007, 21181
2026/09/26 13:07:47.507, 21181
2026/09/26 13:07:48.008, 21181
2026/09/26 13:07:48.508, 21181
2026/09/26 13:07:49.008, 21181
2026/09/26 13:07:49.508, 21181
2026/09/26 13:07:50.008, 21181
2026/09/26 13:07:50.508, 21181
2026/09/26 13:07:51.008, 21181
2026/09/26 13:07:51.509, 21181
2026/09/26 13:07:52.009, 21181
2026/09/26 13:07:52.509, 21181
2026/09/26 13:07:53.009, 21181
2026/09/26 13:07:53.509, 21181
2026/09/26 13:07:54.009, 21181
2026/09/26 13:07:54.509, 21181
2026/09/26 13:07:55.010, 21181
2026/09/26 13:07:55.510, 21181
2026/09/26 13:07:56.010, 21181
2026/09/26 13:07:56.510, 21181
2026/09/26 13:07:57.010, 21181
2026/09/26 13:07:57.510, 21181
2026/09/26 13:07:58.011, 21181
2026/09/26 13:07:58.511, 21181
2026/09/26 13:07:59.011, 21181
2026/09/26 13:07:59.511, 21181
2026/09/26 13:08:00.011, 21181
2026/09/26 13:08:00.511, 21181
2026/09/26 13:08:01.011, 21181
2026/09/26 13:08:01.512, 21181
2026/09/26 13:08:02.012, 21181
2026/09/26 13:08:02.512, 21181
2026/09/26 13:08:03.012, 21181
2026/09/26 13:08:03.512, 21181
2026/09/26 13:08:04.012, 21181
2026/09/26 13:08:04.513, 21181
2026/09/26 13:08:05.013, 21181
2026/09/26 13:08:05.513, 21181
2026/09/26 13:08:06.013, 21181
2026/09/26 13:08:06.513, 21181
2026/09/26 13:08:07.013, 21181
2026/09/26 13:08:07.514, 21181
2026/09/26 13:08:08.014, 21181
2026/09/26 13:08:08.514, 21181
2026/09/26 13:08:09.014, 21181
2026/09/26 13:08:09.514, 21181
2026/09/26 13:08:10.014, 21181
2026/09/26 13:08:10.514, 21181
2026/09/26 13:08:11.015, 21181
2026/09/26 13:08:11.515, 21181
2026/09/26 13:08:12.015, 21181
2026/09/26 13:08:12.515, 21181
2026/09/26 13:08:13.015, 21181
2026/09/26 13:08:13.515, 21181
2026/09/26 13:08:14.015, 21181
2026/09/26 13:08:14.516, 21181
2026/09/26 13:08:15.016, 21181
2026/09/26 13:08:15.516, 21181
2026/09/26 13:08:16.016, 21181
2026/09/26 13:08:16.516, 21181
2026/09/26 13:08:17.016, 21181
2026/09/26 13:08:17.516, 21181
2026/09/26 13:08:18.017, 21181
2026/09/26 13:08:18.517, 21181
2026/09/26 13:08:19.017, 21181
2026/09/26 13:08:19.517, 21181
2026/09/26 13:08:20.017, 21181
2026/09/26 13:08:20.517, 21181
2026/09/26 13:08:21.017, 21181
2026/09/26 13:08:21.518, 21181
2026/09/26 13:08:22.018, 21181
2026/09/26 13:08:22.518, 21181
2026/09/26 13:08:23.018, 21181
2026/09/26 13:08:23.518, 21181
2026/09/26 13:08:24.018, 21181
2026/09/26 13:08:24.519, 21181
2026/09/26 13:08:25.019, 21181
2026/09/26 13:08:25.519, 21181
2026/09/26 13:08:26.019, 21181
2026/09/26 13:08:26.519, 21181
2026/09/26 13:08:27.019, 21181
2026/09/26 13:08:27.520, 21181
2026/09/26 13:08:28.020, 21181
2026/09/26 13:08:28.520, 21181
2026/09/26 13:08:29.020, 21181
2026/09/26 13:08:29.520, 21181
2026/09/26 13:08:30.020, 21181
2026/09/26 13:08:30.520, 21181
2026/09/26 13:08:31.021, 21181
2026/09/26 13:08:31.521, 21181
2026/09/26 13:08:32.021, 21181
2026/09/26 13:08:32.521, 21181
2026/09/26 13:08:33.021, 21181
2026/09/26 13:08:33.521, 21181
2026/09/26 13:08:34.021, 21181
2026/09/26 13:08:34.522, 21181
2026/09/26 13:08:35.022, 21181
2026/09/26 13:08:35.522, 21181
2026/09/26 13:08:36.022, 21181
2026/09/26 13:08:36.522, 21181
2026/09/26 13:08:37.022, 21181
2026/09/26 13:08:37.523, 21181
2026/09/26 13:08:38.023, 21181
2026/09/26 13:08:38.523, 21181
2026/09/26 13:08:39.023, 21181
2026/09/26 13:08:39.523, 21181
2026/09/26 13:08:40.024, 21181
2026/09/26 13:08:40.524, 21181
2026/09/26 13:08:41.024, 21181
2026/09/26 13:08:41.524, 21181
2026/09/26 13:08:42.024, 21181
2026/09/26 13:08:42.524, 21181
2026/09/26 13:08:43.025, 21181
2026/09/26 13:08:43.525, 21181
2026/09/26 13:08:44.025, 21181
2026/09/26 13:08:44.525, 21181
2026/09/26 13:08:45.025, 21181
2026/09/26 13:08:45.525, 21181
2026/09/26 13:08:46.026, 21181
2026/09/26 13:08:46.526, 21181
2026/09/26 13:08:47.026, 21181
2026/09/26 13:08:47.526, 21181
2026/09/26 13:08:48.026, 21181
2026/09/26 13:08:48.526, 21181
2026/09/26 13:08:49.027, 21181
2026/09/26 13:08:49.527, 21181
2026/09/26 13:08:50.027, 21181
2026/09/26 13:08:50.527, 21181
2026/09/26 13:08:51.027, 21181
2026/09/26 13:08:51.527, 21181
2026/09/26 13:08:52.028, 21181
2026/09/26 13:08:52.528, 21181
2026/09/26 13:08:53.028, 21181
2026/09/26 13:08:53.528, 21181
2026/09/26 13:08:54.028, 21181
2026/09/26 13:08:54.528, 21181
2026/09/26 13:08:55.029, 21181
2026/09/26 13:08:55.529, 21181
2026/09/26 13:08:56.029, 21181
2026/09/26 13:08:56.529, 21181
2026/09/26 13:08:57.029, 21181
2026/09/26 13:08:57.529, 21181
2026/09/26 13:08:58.030, 21181
2026/09/26 13:08:58.530, 21181
2026/09/26 13:08:59.030, 21181
2026/09/26 13:08:59.530, 21181
2026/09/26 13:09:00.030, 21181
2026/09/26 13:09:00.530, 21181
2026/09/26 13:09:01.031, 21181
2026/09/26 13:09:01.531, 21181
2026/09/26 13:09:02.031, 21181
2026/09/26 13:09:02.531, 21181
2026/09/26 13:09:03.031, 21181
2026/09/26 13:09:03.531, 21181
2026/09/26 13:09:04.031, 21181
2026/09/26 13:09:04.532, 21181
2026/09/26 13:09:05.032, 21181
2026/09/26 13:09:05.532, 21181
2026/09/26 13:09:06.032, 21181
2026/09/26 13:09:06.532, 21181
2026/09/26 13:09:07.032, 21181
2026/09/26 13:09:07.533, 21181
2026/09/26 13:09:08.033, 21181
2026/09/26 13:09:08.533, 21181
2026/09/26 13:09:09.033, 21181
2026/09/26 13:09:09.533, 21181
2026/09/26 13:09:10.033, 21181
2026/09/26 13:09:10.533, 21181
2026/09/26 13:09:11.034, 21181
2026/09/26 13:09:11.534, 21181
2026/09/26 13:09:12.034, 21181
2026/09/26 13:09:12.534, 21181
2026/09/26 13:09:13.034, 21181
2026/09/26 13:09:13.534, 21181
2026/09/26 13:09:14.034, 21181
2026/09/26 13:09:14.534, 21181
2026/09/26 13:09:15.035, 21181
2026/09/26 13:09:15.535, 21181
2026/09/26 13:09:16.035, 21181
2026/09/26 13:09:16.535, 21181
2026/09/26 13:09:17.035, 21181
2026/09/26 13:09:17.535, 21181
2026/09/26 13:09:18.036, 21181
2026/09/26 13:09:18.536, 21181
2026/09/26 13:09:19.036, 21181
2026/09/26 13:09:19.536, 21181
2026/09/26 13:09:20.036, 21181
2026/09/26 13:09:20.536, 21181
2026/09/26 13:09:21.037, 21181
2026/09/26 13:09:21.537, 21181
2026/09/26 13:09:22.037, 21181
2026/09/26 13:09:22.537, 21181
2026/09/26 13:09:23.037, 21181
2026/09/26 13:09:23.537, 21181
2026/09/26 13:09:24.037, 21181
2026/09/26 13:09:24.538, 21181
2026/09/26 13:09:25.038, 21181
2026/09/26 13:09:25.538, 21181
2026/09/26 13:09:26.038, 21181
2026/09/26 13:09:26.538, 21181
2026/09/26 13:09:27.038, 21181
2026/09/26 13:09:27.538, 21181
2026/09/26 13:09:28.039, 21181
2026/09/26 13:09:28.539, 21181
2026/09/26 13:09:29.039, 21181
2026/09/26 13:09:29.539, 21181
2026/09/26 13:09:30.039, 21181
2026/09/26 13:09:30.539, 21181
2026/09/26 13:09:31.040, 21181
2026/09/26 13:09:31.540, 21181
2026/09/26 13:09:32.040, 21181
2026/09/26 13:09:32.540, 21181
2026/09/26 13:09:33.040, 21181
2026/09/26 13:09:33.540, 21181
2026/09/26 13:09:34.040, 21181
2026/09/26 13:09:34.541, 21181
2026/09/26 13:09:35.041, 21181
2026/09/26 13:09:35.541, 21181
2026/09/26 13:09:36.041, 21181
2026/09/26 13:09:36.541, 21181
2026/09/26 13:09:37.041, 21181
2026/09/26 13:09:37.542, 21181
2026/09/26 13:09:38.042, 21181
2026/09/26 13:09:38.542, 21181
2026/09/26 13:09:39.042, 21181
2026/09/26 13:09:39.542, 21181
2026/09/26 13:09:40.042, 21181
2026/09/26 13:09:40.542, 21181
2026/09/26 13:09:41.043, 21181
2026/09/26 13:09:41.543, 21181
2026/09/26 13:09:42.043, 21181
2026/09/26 13:09:42.543, 21181
2026/09/26 13:09:43.043, 21181
2026/09/26 13:09:43.543, 21181
2026/09/26 13:09:44.043, 21181
2026/09/26 13:09:44.544, 21181
2026/09/26 13:09:45.044, 21181
2026/09/26 13:09:45.544, 21181
2026/09/26 13:09:46.044, 21181
2026/09/26 13:09:46.544, 21181
2026/09/26 13:09:47.044, 21181
2026/09/26 13:09:47.545, 21181
2026/09/26 13:09:48.045, 21181
2026/09/26 13:09:48.545, 21181
2026/09/26 13:09:49.045, 21181
2026/09/26 13:09:49.545, 21181
2026/09/26 13:09:50.045, 21181
2026/09/26 13:09:50.545, 21181
2026/09/26 13:09:51.045, 21181
2026/09/26 13:09:51.546, 21181
2026/09/26 13:09:52.046, 21181
2026/09/26 13:09:52.546, 21181
2026/09/26 13:09:53.046, 21181
2026/09/26 13:09:53.546, 21181
2026/09/26 13:09:54.046, 21181
2026/09/26 13:09:54.547, 21181
2026/09/26 13:09:55.047, 21181
2026/09/26 13:09:55.547, 21181
2026/09/26 13:09:56.047, 21181
2026/09/26 13:09:56.547, 21181
2026/09/26 13:09:57.047, 21181
2026/09/26 13:09:57.547, 21181
2026/09/26 13:09:58.048, 21181
2026/09/26 13:09:58.548, 21181
2026/09/26 13:09:59.048, 21181
2026/09/26 13:09:59.548, 21181
2026/09/26 13:10:00.048, 21181
2026/09/26 13:10:00.548, 21181
2026/09/26 13:10:01.048, 21181
2026/09/26 13:10:01.549, 21181
2026/09/26 13:10:02.049, 21181
2026/09/26 13:10:02.549, 21181
2026/09/26 13:10:03.049, 21181
2026/09/26 13:10:03.549, 21181
2026/09/26 13:10:04.049, 21181
2026/09/26 13:10:04.549, 21181
2026/09/26 13:10:05.049, 21181
2026/09/26 13:10:05.550, 21181
2026/09/26 13:10:06.050, 21181
2026/09/26 13:10:06.550, 21181
2026/09/26 13:10:07.050, 21181
2026/09/26 13:10:07.550, 21181
2026/09/26 13:10:08.050, 21181
2026/09/26 13:10:08.550, 21181
2026/09/26 13:10:09.051, 21181
2026/09/26 13:10:09.551, 21181
2026/09/26 13:10:10.051, 21181
2026/09/26 13:10:10.551, 21181
2026/09/26 13:10:11.051, 21181
2026/09/26 13:10:11.551, 21181
2026/09/26 13:10:12.051, 21181
2026/09/26 13:10:12.552, 21181
2026/09/26 13:10:13.052, 21181
2026/09/26 13:10:13.552, 21181
2026/09/26 13:10:14.052, 21181
2026/09/26 13:10:14.552, 21181
2026/09/26 13:10:15.052, 21181
2026/09/26 13:10:15.553, 21181
2026/09/26 13:10:16.053, 21181
2026/09/26 13:10:16.553, 21181
2026/09/26 13:10:17.053, 21181
2026/09/26 13:10:17.553, 21181
2026/09/26 13:10:18.053, 21181
2026/09/26 13:10:18.553, 21181
2026/09/26 13:10:19.054, 21181
2026/09/26 13:10:19.554, 21181
2026/09/26 13:10:20.054, 21181
2026/09/26 13:10:20.554, 21181
2026/09/26 13:10:21.054, 21181
2026/09/26 13:10:21.554, 21181
2026/09/26 13:10:22.054, 21181
2026/09/26 13:10:22.555, 21181
2026/09/26 13:10:23.055, 21181
2026/09/26 13:10:23.555, 21181
2026/09/26 13:10:24.055, 21181
2026/09/26 13:10:24.555, 21181
2026/09/26 13:10:25.055, 21181
2026/09/26 13:10:25.555, 21181
2026/09/26 13:10:26.056, 21181
2026/09/26 13:10:26.556, 21181
2026/09/26 13:10:27.056, 21181
2026/09/26 13:10:27.556, 21181
2026/09/26 13:10:28.056, 21181
2026/09/26 13:10:28.556, 21181
2026/09/26 13:10:29.057, 21181
2026/09/26 13:10:29.557, 21181
2026/09/26 13:10:30.057, 21181
2026/09/26 13:10:30.558, 21181
2026/09/26 13:10:31.058, 21181
2026/09/26 13:10:31.558, 21181
2026/09/26 13:10:32.058, 21181
2026/09/26 13:10:32.558, 21181
2026/09/26 13:10:33.059, 21181
2026/09/26 13:10:33.559, 21181
2026/09/26 13:10:34.059, 21181
2026/09/26 13:10:34.559, 21181
2026/09/26 13:10:35.059, 21181
2026/09/26 13:10:35.559, 21181
2026/09/26 13:10:36.059, 21181
2026/09/26 13:10:36.560, 21181
2026/09/26 13:10:37.060, 21181
2026/09/26 13:10:37.560, 21181
2026/09/26 13:10:38.060, 21181
2026/09/26 13:10:38.560, 21181
2026/09/26 13:10:39.060, 21181
2026/09/26 13:10:39.561, 21181
2026/09/26 13:10:40.061, 21181
2026/09/26 13:10:40.561, 21181
2026/09/26 13:10:41.061, 21181
2026/09/26 13:10:41.561, 21181
2026/09/26 13:10:42.061, 21181
2026/09/26 13:10:42.561, 21181
2026/09/26 13:10:43.062, 21181
2026/09/26 13:10:43.562, 21181
2026/09/26 13:10:44.062, 21181
2026/09/26 13:10:44.562, 21181
2026/09/26 13:10:45.062, 21181
2026/09/26 13:10:45.562, 21181
2026/09/26 13:10:46.063, 21181
2026/09/26 13:10:46.563, 21181
2026/09/26 13:10:47.063, 21181
2026/09/26 13:10:47.563, 21181
2026/09/26 13:10:48.063, 21181
2026/09/26 13:10:48.563, 21181
2026/09/26 13:10:49.064, 21181
2026/09/26 13:10:49.564, 21181
2026/09/26 13:10:50.064, 21181
2026/09/26 13:10:50.564, 21181
2026/09/26 13:10:51.064, 21181
2026/09/26 13:10:51.564, 21181
2026/09/26 13:10:52.065, 21181
2026/09/26 13:10:52.565, 21181
2026/09/26 13:10:53.065, 21181
2026/09/26 13:10:53.565, 21181
2026/09/26 13:10:54.065, 21181
2026/09/26 13:10:54.565, 21181
2026/09/26 13:10:55.065, 21181
2026/09/26 13:10:55.566, 21181
2026/09/26 13:10:56.066, 21181
2026/09/26 13:10:56.566, 21181
2026/09/26 13:10:57.066, 21181
2026/09/26 13:10:57.566, 21181
2026/09/26 13:10:58.066, 21181
2026/09/26 13:10:58.567, 21181
2026/09/26 13:10:59.067, 21181
2026/09/26 13:10:59.567, 21181
2026/09/26 13:11:00.067, 21181
2026/09/26 13:11:00.567, 21181
2026/09/26 13:11:01.067, 21181
2026/09/26 13:11:01.568, 21181
2026/09/26 13:11:02.068, 21181
2026/09/26 13:11:02.568, 21181
2026/09/26 13:11:03.068, 21181
2026/09/26 13:11:03.568, 21181
2026/09/26 13:11:04.068, 21181
2026/09/26 13:11:04.568, 21181
2026/09/26 13:11:05.069, 21181
2026/09/26 13:11:05.569, 21181
2026/09/26 13:11:06.069, 21181
2026/09/26 13:11:06.569, 21181
2026/09/26 13:11:07.069, 21181
2026/09/26 13:11:07.569, 21181
2026/09/26 13:11:08.070, 21181
2026/09/26 13:11:08.570, 21181
2026/09/26 13:11:09.070, 21181
2026/09/26 13:11:09.570, 21181
2026/09/26 13:11:10.070, 21181
2026/09/26 13:11:10.570, 21181
2026/09/26 13:11:11.071, 21181
2026/09/26 13:11:11.571, 21181
2026/09/26 13:11:12.071, 21181
2026/09/26 13:11:12.571, 21181
2026/09/26 13:11:13.071, 21181
2026/09/26 13:11:13.571, 21181
2026/09/26 13:11:14.071, 21181
2026/09/26 13:11:14.572, 21181
2026/09/26 13:11:15.072, 21181
2026/09/26 13:11:15.572, 21181
2026/09/26 13:11:16.072, 21181
2026/09/26 13:11:16.572, 21181
2026/09/26 13:11:17.072, 21181
2026/09/26 13:11:17.573, 21181
2026/09/26 13:11:18.073, 21181
2026/09/26 13:11:18.573, 21181
2026/09/26 13:11:19.073, 21181
2026/09/26 13:11:19.573, 21181
2026/09/26 13:11:20.073, 21181
2026/09/26 13:11:20.573, 21181
2026/09/26 13:11:21.074, 21181
2026/09/26 13:11:21.574, 21181
2026/09/26 13:11:22.074, 21181
2026/09/26 13:11:22.574, 21181
2026/09/26 13:11:23.074, 21181
2026/09/26 13:11:23.574, 21181
2026/09/26 13:11:24.075, 21181
2026/09/26 13:11:24.575, 21181
2026/09/26 13:11:25.075, 21181
2026/09/26 13:11:25.575, 21181
2026/09/26 13:11:26.075, 21181
2026/09/26 13:11:26.575, 21181
2026/09/26 13:11:27.075, 21181
2026/09/26 13:11:27.576, 21181
2026/09/26 13:11:28.076, 21181
2026/09/26 13:11:28.576, 21181
2026/09/26 13:11:29.076, 21181
2026/09/26 13:11:29.576, 21181
2026/09/26 13:11:30.076, 21181
2026/09/26 13:11:30.576, 21181
2026/09/26 13:11:31.077, 21181
2026/09/26 13:11:31.577, 21181
2026/09/26 13:11:32.077, 21181
2026/09/26 13:11:32.577, 21181
2026/09/26 13:11:33.077, 21181
2026/09/26 13:11:33.578, 21181
2026/09/26 13:11:34.078, 21181
2026/09/26 13:11:34.578, 21181
2026/09/26 13:11:35.078, 21181
2026/09/26 13:11:35.578, 21181
2026/09/26 13:11:36.078, 21181
2026/09/26 13:11:36.578, 21181
2026/09/26 13:11:37.079, 21181
2026/09/26 13:11:37.579, 21181
2026/09/26 13:11:38.079, 21181
2026/09/26 13:11:38.579, 21181
2026/09/26 13:11:39.079, 21181
2026/09/26 13:11:39.579, 21181
2026/09/26 13:11:40.080, 21181
2026/09/26 13:11:40.580, 21181
2026/09/26 13:11:41.080, 21181
2026/09/26 13:11:41.589, 21181
2026/09/26 13:11:42.089, 21181
2026/09/26 13:11:42.589, 21181
2026/09/26 13:11:43.089, 21181
2026/09/26 13:11:43.589, 21181
2026/09/26 13:11:44.090, 21181
2026/09/26 13:11:44.590, 21181
2026/09/26 13:11:45.090, 21181
2026/09/26 13:11:45.590, 21181
2026/09/26 13:11:46.090, 21181
2026/09/26 13:11:46.590, 21181
2026/09/26 13:11:47.091, 21181
2026/09/26 13:11:47.591, 21181
2026/09/26 13:11:48.091, 21181
2026/09/26 13:11:48.591, 21181
2026/09/26 13:11:49.091, 21181
2026/09/26 13:11:49.591, 21181
2026/09/26 13:11:50.091, 21181
2026/09/26 13:11:50.592, 21181
2026/09/26 13:11:51.092, 21181
2026/09/26 13:11:51.592, 21181
2026/09/26 13:11:52.092, 21181
2026/09/26 13:11:52.592, 21181
2026/09/26 13:11:53.092, 21181
2026/09/26 13:11:53.592, 21181
2026/09/26 13:11:54.093, 21181
2026/09/26 13:11:54.593, 21181
2026/09/26 13:11:55.093, 21181
2026/09/26 13:11:55.593, 21181
2026/09/26 13:11:56.093, 21181
2026/09/26 13:11:56.593, 21181
2026/09/26 13:11:57.093, 21181
2026/09/26 13:11:57.593, 21181
2026/09/26 13:11:58.094, 21181
2026/09/26 13:11:58.594, 21181
2026/09/26 13:11:59.094, 21181
2026/09/26 13:11:59.594, 21181
2026/09/26 13:12:00.094, 21181
2026/09/26 13:12:00.594, 21181
2026/09/26 13:12:01.095, 21181
2026/09/26 13:12:01.595, 21181
2026/09/26 13:12:02.095, 21181
2026/09/26 13:12:02.595, 21181
2026/09/26 13:12:03.095, 21181
2026/09/26 13:12:03.596, 21181
2026/09/26 13:12:04.096, 21181
2026/09/26 13:12:04.596, 21181
2026/09/26 13:12:05.096, 21181
2026/09/26 13:12:05.596, 21181
2026/09/26 13:12:06.096, 21181
2026/09/26 13:12:06.597, 21181
2026/09/26 13:12:07.097, 21181
2026/09/26 13:12:07.597, 21181
2026/09/26 13:12:08.097, 21181
2026/09/26 13:12:08.597, 21181
2026/09/26 13:12:09.097, 21181
2026/09/26 13:12:09.597, 21181
2026/09/26 13:12:10.098, 21181
2026/09/26 13:12:10.598, 21181
2026/09/26 13:12:11.098, 21181
2026/09/26 13:12:11.598, 21181
2026/09/26 13:12:12.098, 21181
2026/09/26 13:12:12.598, 21181
2026/09/26 13:12:13.098, 21181
2026/09/26 13:12:13.599, 21181
2026/09/26 13:12:14.099, 21181
2026/09/26 13:12:14.599, 21181
2026/09/26 13:12:15.099, 21181
2026/09/26 13:12:15.599, 21181
2026/09/26 13:12:16.099, 21181
2026/09/26 13:12:16.599, 21181
2026/09/26 13:12:17.100, 21181
2026/09/26 13:12:17.600, 21181
2026/09/26 13:12:18.100, 21181
2026/09/26 13:12:18.600, 21181
2026/09/26 13:12:19.100, 21181
2026/09/26 13:12:19.600, 21181
2026/09/26 13:12:20.101, 21181
2026/09/26 13:12:20.601, 21181
2026/09/26 13:12:21.101, 21181
2026/09/26 13:12:21.601, 21181
2026/09/26 13:12:22.101, 21181
2026/09/26 13:12:22.601, 21181
2026/09/26 13:12:23.101, 21181
2026/09/26 13:12:23.602, 21181
2026/09/26 13:12:24.102, 21181
2026/09/26 13:12:24.602, 21181
2026/09/26 13:12:25.102, 21181
2026/09/26 13:12:25.602, 21181
2026/09/26 13:12:26.102, 21181
2026/09/26 13:12:26.602, 21181
2026/09/26 13:12:27.103, 21181
2026/09/26 13:12:27.603, 21181
2026/09/26 13:12:28.103, 21181
2026/09/26 13:12:28.603, 21181
2026/09/26 13:12:29.103, 21181
2026/09/26 13:12:29.603, 21181
2026/09/26 13:12:30.103, 21181
2026/09/26 13:12:30.604, 21181
2026/09/26 13:12:31.104, 21181
2026/09/26 13:12:31.604, 21181
2026/09/26 13:12:32.104, 21181
2026/09/26 13:12:32.604, 21181
2026/09/26 13:12:33.104, 21181
2026/09/26 13:12:33.604, 21181
2026/09/26 13:12:34.105, 21181
2026/09/26 13:12:34.605, 21181
2026/09/26 13:12:35.105, 21181
2026/09/26 13:12:35.605, 21181
2026/09/26 13:12:36.105, 21181
2026/09/26 13:12:36.605, 21181
2026/09/26 13:12:37.105, 21181
2026/09/26 13:12:37.606, 21181
2026/09/26 13:12:38.106, 21181
2026/09/26 13:12:38.606, 21181
2026/09/26 13:12:39.106, 21181
2026/09/26 13:12:39.606, 21181
2026/09/26 13:12:40.106, 21181
2026/09/26 13:12:40.607, 21181
2026/09/26 13:12:41.107, 21181
2026/09/26 13:12:41.607, 21181
2026/09/26 13:12:42.107, 21181
2026/09/26 13:12:42.607, 21181
2026/09/26 13:12:43.107, 21181
2026/09/26 13:12:43.607, 21181
2026/09/26 13:12:44.108, 21181
2026/09/26 13:12:44.608, 21181
2026/09/26 13:12:45.108, 21181
2026/09/26 13:12:45.608, 21181
2026/09/26 13:12:46.108, 21181
2026/09/26 13:12:46.608, 21181
2026/09/26 13:12:47.108, 21181
2026/09/26 13:12:47.609, 21181
2026/09/26 13:12:48.109, 21181
2026/09/26 13:12:48.609, 21181
2026/09/26 13:12:49.109, 21181
2026/09/26 13:12:49.609, 21181
2026/09/26 13:12:50.109, 21181
2026/09/26 13:12:50.610, 21181
2026/09/26 13:12:51.110, 21181
2026/09/26 13:12:51.610, 21181
2026/09/26 13:12:52.110, 21181
2026/09/26 13:12:52.610, 21181
2026/09/26 13:12:53.110, 21181
2026/09/26 13:12:53.610, 21181
2026/09/26 13:12:54.111, 21181
2026/09/26 13:12:54.611, 21181
2026/09/26 13:12:55.111, 21181
2026/09/26 13:12:55.611, 21181
2026/09/26 13:12:56.111, 21181
2026/09/26 13:12:56.611, 21181
2026/09/26 13:12:57.112, 21181
2026/09/26 13:12:57.612, 21181
2026/09/26 13:12:58.112, 21181
2026/09/26 13:12:58.612, 21181
2026/09/26 13:12:59.112, 21181
2026/09/26 13:12:59.612, 21181
2026/09/26 13:13:00.113, 21181
2026/09/26 13:13:00.613, 21181
2026/09/26 13:13:01.113, 21181
2026/09/26 13:13:01.613, 21181
2026/09/26 13:13:02.113, 21181
2026/09/26 13:13:02.613, 21181
2026/09/26 13:13:03.114, 21181
2026/09/26 13:13:03.614, 21181
2026/09/26 13:13:04.114, 21181
2026/09/26 13:13:04.614, 21181
2026/09/26 13:13:05.114, 21181
2026/09/26 13:13:05.614, 21181
2026/09/26 13:13:06.114, 21181
2026/09/26 13:13:06.615, 21181
2026/09/26 13:13:07.115, 21181
2026/09/26 13:13:07.615, 21181
2026/09/26 13:13:08.115, 21181
2026/09/26 13:13:08.615, 21181
2026/09/26 13:13:09.115, 21181
2026/09/26 13:13:09.616, 21181
2026/09/26 13:13:10.116, 21181
2026/09/26 13:13:10.616, 21181
2026/09/26 13:13:11.116, 21181
2026/09/26 13:13:11.616, 21181
2026/09/26 13:13:12.116, 21181
2026/09/26 13:13:12.617, 21181
2026/09/26 13:13:13.117, 21181
2026/09/26 13:13:13.617, 21181
2026/09/26 13:13:14.117, 21181
2026/09/26 13:13:14.617, 21181
2026/09/26 13:13:15.117, 21181
2026/09/26 13:13:15.618, 21181
2026/09/26 13:13:16.118, 21181
2026/09/26 13:13:16.618, 21181
2026/09/26 13:13:17.118, 21181
2026/09/26 13:13:17.618, 21181
2026/09/26 13:13:18.118, 21181
2026/09/26 13:13:18.618, 21181
2026/09/26 13:13:19.119, 21181
2026/09/26 13:13:19.619, 21181
2026/09/26 13:13:20.119, 21181
2026/09/26 13:13:20.619, 21181
2026/09/26 13:13:21.119, 21181
2026/09/26 13:13:21.620, 21181
2026/09/26 13:13:22.120, 21181
2026/09/26 13:13:22.620, 21181
2026/09/26 13:13:23.120, 21181
2026/09/26 13:13:23.620, 21181
2026/09/26 13:13:24.120, 21181
2026/09/26 13:13:24.620, 21181
2026/09/26 13:13:25.121, 21181
2026/09/26 13:13:25.621, 21181
2026/09/26 13:13:26.121, 21181
2026/09/26 13:13:26.621, 21181
2026/09/26 13:13:27.121, 21181
2026/09/26 13:13:27.621, 21181
2026/09/26 13:13:28.121, 21181
2026/09/26 13:13:28.622, 21181
2026/09/26 13:13:29.122, 21181
2026/09/26 13:13:29.622, 21181
2026/09/26 13:13:30.122, 21181
2026/09/26 13:13:30.622, 21181
2026/09/26 13:13:31.122, 21181
2026/09/26 13:13:31.622, 21181
2026/09/26 13:13:32.123, 21181
2026/09/26 13:13:32.623, 21181
2026/09/26 13:13:33.123, 21181
2026/09/26 13:13:33.623, 21181
2026/09/26 13:13:34.123, 21181
2026/09/26 13:13:34.623, 21181
2026/09/26 13:13:35.124, 21181
2026/09/26 13:13:35.624, 21181
2026/09/26 13:13:36.124, 21181
2026/09/26 13:13:36.624, 21181
2026/09/26 13:13:37.124, 21181
2026/09/26 13:13:37.624, 21181
2026/09/26 13:13:38.124, 21181
2026/09/26 13:13:38.625, 21181
2026/09/26 13:13:39.125, 21181
2026/09/26 13:13:39.625, 21181
2026/09/26 13:13:40.125, 21181
2026/09/26 13:13:40.625, 21181
2026/09/26 13:13:41.125, 21181
2026/09/26 13:13:41.625, 21181
2026/09/26 13:13:42.126, 21181
2026/09/26 13:13:42.626, 21181
2026/09/26 13:13:43.126, 21181
2026/09/26 13:13:43.626, 21181
2026/09/26 13:13:44.126, 21181
2026/09/26 13:13:44.626, 21181
2026/09/26 13:13:45.127, 21181
2026/09/26 13:13:45.627, 21181
2026/09/26 13:13:46.127, 21181
2026/09/26 13:13:46.627, 21181
2026/09/26 13:13:47.127, 21181
2026/09/26 13:13:47.627, 21181
2026/09/26 13:13:48.127, 21181
2026/09/26 13:13:48.628, 21181
2026/09/26 13:13:49.128, 21181
2026/09/26 13:13:49.628, 21181
2026/09/26 13:13:50.128, 21181
2026/09/26 13:13:50.628, 21181
2026/09/26 13:13:51.128, 21181
2026/09/26 13:13:51.628, 21181
2026/09/26 13:13:52.128, 21181
2026/09/26 13:13:52.629, 21181
2026/09/26 13:13:53.129, 21181
2026/09/26 13:13:53.629, 21181
2026/09/26 13:13:54.129, 21181
2026/09/26 13:13:54.629, 21181
2026/09/26 13:13:55.129, 21181
2026/09/26 13:13:55.629, 21181
2026/09/26 13:13:56.130, 21181
2026/09/26 13:13:56.630, 21181
2026/09/26 13:13:57.130, 21181
2026/09/26 13:13:57.630, 21181
2026/09/26 13:13:58.130, 21181
2026/09/26 13:13:58.630, 21181
2026/09/26 13:13:59.130, 21181
2026/09/26 13:13:59.631, 21181
2026/09/26 13:14:00.131, 21181
2026/09/26 13:14:00.631, 21181
2026/09/26 13:14:01.131, 21181
2026/09/26 13:14:01.631, 21181
2026/09/26 13:14:02.131, 21181
2026/09/26 13:14:02.631, 21181
2026/09/26 13:14:03.132, 21181
2026/09/26 13:14:03.632, 21181
2026/09/26 13:14:04.132, 21181
2026/09/26 13:14:04.632, 21181
2026/09/26 13:14:05.132, 21181
2026/09/26 13:14:05.632, 21181
2026/09/26 13:14:06.132, 21181
2026/09/26 13:14:06.633, 21181
2026/09/26 13:14:07.133, 21181
2026/09/26 13:14:07.633, 21181
2026/09/26 13:14:08.133, 21181
2026/09/26 13:14:08.633, 21181
2026/09/26 13:14:09.133, 21181
2026/09/26 13:14:09.633, 21181
2026/09/26 13:14:10.134, 21181
2026/09/26 13:14:10.634, 21181
2026/09/26 13:14:11.134, 21181
2026/09/26 13:14:11.634, 21181
2026/09/26 13:14:12.134, 21181
2026/09/26 13:14:12.634, 21181
2026/09/26 13:14:13.134, 21181
2026/09/26 13:14:13.635, 21181
2026/09/26 13:14:14.135, 21181
2026/09/26 13:14:14.635, 21181
2026/09/26 13:14:15.135, 21181
2026/09/26 13:14:15.635, 21181
2026/09/26 13:14:16.135, 21181
2026/09/26 13:14:16.635, 21181
2026/09/26 13:14:17.136, 21181
2026/09/26 13:14:17.636, 21181
2026/09/26 13:14:18.136, 21181
2026/09/26 13:14:18.636, 21181
2026/09/26 13:14:19.136, 21181
2026/09/26 13:14:19.636, 21181
2026/09/26 13:14:20.136, 21181
2026/09/26 13:14:20.637, 21181
2026/09/26 13:14:21.137, 21181
2026/09/26 13:14:21.637, 21181
2026/09/26 13:14:22.137, 21181
2026/09/26 13:14:22.637, 21181
2026/09/26 13:14:23.137, 21181
2026/09/26 13:14:23.637, 21181
2026/09/26 13:14:24.138, 21181
2026/09/26 13:14:24.638, 21181
2026/09/26 13:14:25.138, 21181
2026/09/26 13:14:25.638, 21181
2026/09/26 13:14:26.138, 21181
2026/09/26 13:14:26.638, 21181
2026/09/26 13:14:27.138, 21181
2026/09/26 13:14:27.639, 21181
2026/09/26 13:14:28.139, 21181
2026/09/26 13:14:28.639, 21181
2026/09/26 13:14:29.139, 21181
2026/09/26 13:14:29.639, 21181
2026/09/26 13:14:30.139, 21181
2026/09/26 13:14:30.640, 21181
2026/09/26 13:14:31.140, 21181
2026/09/26 13:14:31.640, 21181
2026/09/26 13:14:32.140, 21181
2026/09/26 13:14:32.640, 21181
2026/09/26 13:14:33.140, 21181
2026/09/26 13:14:33.640, 21181
2026/09/26 13:14:34.141, 21181
2026/09/26 13:14:34.641, 21181
2026/09/26 13:14:35.141, 21181
2026/09/26 13:14:35.641, 21181
2026/09/26 13:14:36.141, 21181
2026/09/26 13:14:36.641, 21181
2026/09/26 13:14:37.141, 21181
2026/09/26 13:14:37.642, 21181
2026/09/26 13:14:38.142, 21181
2026/09/26 13:14:38.642, 21181
2026/09/26 13:14:39.142, 21181
2026/09/26 13:14:39.642, 21181
2026/09/26 13:14:40.142, 21181
2026/09/26 13:14:40.642, 21181
2026/09/26 13:14:41.143, 21181
2026/09/26 13:14:41.643, 21181
2026/09/26 13:14:42.150, 21181
2026/09/26 13:14:42.650, 21181
2026/09/26 13:14:43.150, 21181
2026/09/26 13:14:43.650, 21181
2026/09/26 13:14:44.150, 21181
2026/09/26 13:14:44.651, 21181
2026/09/26 13:14:45.151, 21181
2026/09/26 13:14:45.651, 21181
2026/09/26 13:14:46.151, 21181
2026/09/26 13:14:46.651, 21181
2026/09/26 13:14:47.160, 21181
2026/09/26 13:14:47.660, 21181
2026/09/26 13:14:48.160, 21181
2026/09/26 13:14:48.660, 21181
2026/09/26 13:14:49.161, 21181
2026/09/26 13:14:49.661, 21181
2026/09/26 13:14:50.161, 21181
2026/09/26 13:14:50.661, 21181
2026/09/26 13:14:51.161, 21181
2026/09/26 13:14:51.661, 21181
2026/09/26 13:14:52.162, 21181
2026/09/26 13:14:52.662, 21181
2026/09/26 13:14:53.162, 21181
2026/09/26 13:14:53.662, 21181
2026/09/26 13:14:54.162, 21181
2026/09/26 13:14:54.662, 21181
2026/09/26 13:14:55.162, 21181
2026/09/26 13:14:55.663, 21181
2026/09/26 13:14:56.163, 21181
2026/09/26 13:14:56.663, 21181
2026/09/26 13:14:57.163, 21181
2026/09/26 13:14:57.663, 21181
2026/09/26 13:14:58.163, 21181
2026/09/26 13:14:58.663, 21181
2026/09/26 13:14:59.164, 21181
2026/09/26 13:14:59.664, 21181
2026/09/26 13:15:00.164, 21181
2026/09/26 13:15:00.664, 21181
2026/09/26 13:15:01.164, 21181
2026/09/26 13:15:01.664, 21181
2026/09/26 13:15:02.164, 21181
2026/09/26 13:15:02.665, 21181
2026/09/26 13:15:03.165, 21181
2026/09/26 13:15:03.665, 21181
2026/09/26 13:15:04.165, 21181
2026/09/26 13:15:04.665, 21181
2026/09/26 13:15:05.165, 21181
2026/09/26 13:15:05.666, 21181
2026/09/26 13:15:06.166, 21181
2026/09/26 13:15:06.666, 21181
2026/09/26 13:15:07.166, 21181
2026/09/26 13:15:07.666, 21181
2026/09/26 13:15:08.166, 21181
2026/09/26 13:15:08.666, 21181
2026/09/26 13:15:09.167, 21181
2026/09/26 13:15:09.667, 21181
2026/09/26 13:15:10.167, 21181
2026/09/26 13:15:10.667, 21181
2026/09/26 13:15:11.167, 21181
2026/09/26 13:15:11.667, 21181
2026/09/26 13:15:12.168, 21181
2026/09/26 13:15:12.668, 21181
2026/09/26 13:15:13.168, 21181
2026/09/26 13:15:13.668, 21181
2026/09/26 13:15:14.168, 21181
2026/09/26 13:15:14.668, 21181
2026/09/26 13:15:15.168, 21181
2026/09/26 13:15:15.669, 21181
2026/09/26 13:15:16.169, 21181
2026/09/26 13:15:16.669, 21181
2026/09/26 13:15:17.169, 21181
2026/09/26 13:15:17.669, 21181
2026/09/26 13:15:18.169, 21181
2026/09/26 13:15:18.670, 21181
2026/09/26 13:15:19.170, 21181
2026/09/26 13:15:19.670, 21181
2026/09/26 13:15:20.170, 21181
2026/09/26 13:15:20.670, 21181
2026/09/26 13:15:21.170, 21181
2026/09/26 13:15:21.670, 21181
2026/09/26 13:15:22.171, 21181
2026/09/26 13:15:22.671, 21181
2026/09/26 13:15:23.171, 21181
2026/09/26 13:15:23.671, 21181
2026/09/26 13:15:24.171, 21181
2026/09/26 13:15:24.671, 21181
2026/09/26 13:15:25.171, 21181
2026/09/26 13:15:25.672, 21181
2026/09/26 13:15:26.172, 21181
2026/09/26 13:15:26.672, 21181
2026/09/26 13:15:27.172, 21181
2026/09/26 13:15:27.672, 21181
2026/09/26 13:15:28.172, 21181
2026/09/26 13:15:28.673, 21181
2026/09/26 13:15:29.173, 21181
2026/09/26 13:15:29.673, 21181
2026/09/26 13:15:30.173, 21181
2026/09/26 13:15:30.673, 21181
2026/09/26 13:15:31.173, 21181
2026/09/26 13:15:31.673, 21181
2026/09/26 13:15:32.174, 21181
2026/09/26 13:15:32.674, 21181
2026/09/26 13:15:33.174, 21181
2026/09/26 13:15:33.674, 21181
2026/09/26 13:15:34.174, 21181
2026/09/26 13:15:34.674, 21181
2026/09/26 13:15:35.174, 21181
2026/09/26 13:15:35.675, 21181
2026/09/26 13:15:36.175, 21181
2026/09/26 13:15:36.675, 21181
2026/09/26 13:15:37.175, 21181
2026/09/26 13:15:37.675, 21181
2026/09/26 13:15:38.175, 21181
2026/09/26 13:15:38.675, 21181
2026/09/26 13:15:39.176, 21181
2026/09/26 13:15:39.676, 21181
2026/09/26 13:15:40.176, 21181
2026/09/26 13:15:40.676, 21181
2026/09/26 13:15:41.176, 21181
2026/09/26 13:15:41.676, 21181
2026/09/26 13:15:42.176, 21181
2026/09/26 13:15:42.677, 21181
2026/09/26 13:15:43.177, 21181
2026/09/26 13:15:43.677, 21181
2026/09/26 13:15:44.177, 21181
2026/09/26 13:15:44.677, 21181
2026/09/26 13:15:45.177, 21181
2026/09/26 13:15:45.677, 21181
2026/09/26 13:15:46.178, 21181
2026/09/26 13:15:46.678, 21181
2026/09/26 13:15:47.178, 21181
2026/09/26 13:15:47.678, 21181
2026/09/26 13:15:48.178, 21181
2026/09/26 13:15:48.678, 21181
2026/09/26 13:15:49.178, 21181
2026/09/26 13:15:49.679, 21181
2026/09/26 13:15:50.179, 21181
2026/09/26 13:15:50.679, 21181
2026/09/26 13:15:51.179, 21181
2026/09/26 13:15:51.679, 21181
2026/09/26 13:15:52.179, 21181
2026/09/26 13:15:52.679, 21181
2026/09/26 13:15:53.180, 21181
2026/09/26 13:15:53.680, 21181
2026/09/26 13:15:54.180, 21181
2026/09/26 13:15:54.680, 21181
2026/09/26 13:15:55.180, 21181
2026/09/26 13:15:55.680, 21181
2026/09/26 13:15:56.181, 21181
2026/09/26 13:15:56.681, 21181
2026/09/26 13:15:57.181, 21181
2026/09/26 13:15:57.681, 21181
2026/09/26 13:15:58.181, 21181
2026/09/26 13:15:58.681, 21181
2026/09/26 13:15:59.181, 21181
2026/09/26 13:15:59.682, 21181
2026/09/26 13:16:00.182, 21181
2026/09/26 13:16:00.682, 21181
2026/09/26 13:16:01.182, 21181
2026/09/26 13:16:01.682, 21181
2026/09/26 13:16:02.182, 21181
2026/09/26 13:16:02.682, 21181
2026/09/26 13:16:03.183, 21181
2026/09/26 13:16:03.683, 21181
2026/09/26 13:16:04.183, 21181
2026/09/26 13:16:04.683, 21181
2026/09/26 13:16:05.183, 21181
2026/09/26 13:16:05.683, 21181
2026/09/26 13:16:06.183, 21181
2026/09/26 13:16:06.684, 21181
2026/09/26 13:16:07.184, 21181
2026/09/26 13:16:07.684, 21181
2026/09/26 13:16:08.184, 21181
2026/09/26 13:16:08.684, 21181
2026/09/26 13:16:09.184, 21181
2026/09/26 13:16:09.684, 21181
2026/09/26 13:16:10.185, 21181
2026/09/26 13:16:10.685, 21181
2026/09/26 13:16:11.185, 21181
2026/09/26 13:16:11.685, 21181
2026/09/26 13:16:12.185, 21181
2026/09/26 13:16:12.685, 21181
2026/09/26 13:16:13.185, 21181
2026/09/26 13:16:13.686, 21181
2026/09/26 13:16:14.186, 21181
2026/09/26 13:16:14.686, 21181
2026/09/26 13:16:15.186, 21181
2026/09/26 13:16:15.686, 21181
2026/09/26 13:16:16.186, 21181
2026/09/26 13:16:16.686, 21181
2026/09/26 13:16:17.186, 21181
2026/09/26 13:16:17.687, 21181
2026/09/26 13:16:18.187, 21181
2026/09/26 13:16:18.687, 21181
2026/09/26 13:16:19.187, 21181
2026/09/26 13:16:19.687, 21181
2026/09/26 13:16:20.187, 21181
2026/09/26 13:16:20.688, 21181
2026/09/26 13:16:21.188, 21181
2026/09/26 13:16:21.688, 21181
2026/09/26 13:16:22.188, 21181
2026/09/26 13:16:22.688, 21181
2026/09/26 13:16:23.188, 21181
2026/09/26 13:16:23.688, 21181
2026/09/26 13:16:24.189, 21181
2026/09/26 13:16:24.689, 21181
2026/09/26 13:16:25.189, 21181
2026/09/26 13:16:25.689, 21181
2026/09/26 13:16:26.189, 21181
2026/09/26 13:16:26.689, 21181
2026/09/26 13:16:27.190, 21181
2026/09/26 13:16:27.690, 21181
2026/09/26 13:16:28.190, 21181
2026/09/26 13:16:28.690, 21181
2026/09/26 13:16:29.190, 21181
2026/09/26 13:16:29.690, 21181
2026/09/26 13:16:30.191, 21181
2026/09/26 13:16:30.691, 21181
2026/09/26 13:16:31.191, 21181
2026/09/26 13:16:31.691, 21181
2026/09/26 13:16:32.191, 21181
2026/09/26 13:16:32.691, 21181
2026/09/26 13:16:33.191, 21181
2026/09/26 13:16:33.692, 21181
2026/09/26 13:16:34.192, 21181
2026/09/26 13:16:34.692, 21181
2026/09/26 13:16:35.192, 21181
2026/09/26 13:16:35.692, 21181
2026/09/26 13:16:36.193, 21181
2026/09/26 13:16:36.693, 21181
2026/09/26 13:16:37.193, 21181
2026/09/26 13:16:37.693, 21181
2026/09/26 13:16:38.193, 21181
2026/09/26 13:16:38.693, 21181
2026/09/26 13:16:39.193, 21181
2026/09/26 13:16:39.694, 21181
2026/09/26 13:16:40.194, 21181
2026/09/26 13:16:40.694, 21181
2026/09/26 13:16:41.194, 21181
2026/09/26 13:16:41.694, 21181
2026/09/26 13:16:42.194, 21181
2026/09/26 13:16:42.694, 21181
2026/09/26 13:16:43.195, 21181
2026/09/26 13:16:43.695, 21181
2026/09/26 13:16:44.195, 21181
2026/09/26 13:16:44.695, 21181
2026/09/26 13:16:45.195, 21181
2026/09/26 13:16:45.695, 21181
2026/09/26 13:16:46.195, 21181
2026/09/26 13:16:46.696, 21181
2026/09/26 13:16:47.196, 21181
2026/09/26 13:16:47.696, 21181
2026/09/26 13:16:48.196, 21181
2026/09/26 13:16:48.696, 21181
2026/09/26 13:16:49.196, 21181
2026/09/26 13:16:49.697, 21181
2026/09/26 13:16:50.197, 21181
2026/09/26 13:16:50.697, 21181
2026/09/26 13:16:51.197, 21181
2026/09/26 13:16:51.697, 21181
2026/09/26 13:16:52.197, 21181
2026/09/26 13:16:52.698, 21181
2026/09/26 13:16:53.198, 21181
2026/09/26 13:16:53.698, 21181
2026/09/26 13:16:54.198, 21181
2026/09/26 13:16:54.698, 21181
2026/09/26 13:16:55.198, 21181
2026/09/26 13:16:55.699, 21181
2026/09/26 13:16:56.199, 21181
2026/09/26 13:16:56.699, 21181
2026/09/26 13:16:57.199, 21181
2026/09/26 13:16:57.699, 21181
2026/09/26 13:16:58.199, 21181
2026/09/26 13:16:58.699, 21181
2026/09/26 13:16:59.200, 21181
2026/09/26 13:16:59.700, 21181
2026/09/26 13:17:00.200, 21181
2026/09/26 13:17:00.700, 21181
2026/09/26 13:17:01.201, 21181
2026/09/26 13:17:01.701, 21181
2026/09/26 13:17:02.201, 21181
2026/09/26 13:17:02.701, 21181
2026/09/26 13:17:03.201, 21181
2026/09/26 13:17:03.701, 21181
2026/09/26 13:17:04.202, 21181
2026/09/26 13:17:04.702, 21181
2026/09/26 13:17:05.202, 21181
2026/09/26 13:17:05.702, 21181
2026/09/26 13:17:06.202, 21181
2026/09/26 13:17:06.702, 21181
2026/09/26 13:17:07.202, 21181
2026/09/26 13:17:07.703, 21181
2026/09/26 13:17:08.203, 21181
2026/09/26 13:17:08.703, 21181
2026/09/26 13:17:09.203, 21181
2026/09/26 13:17:09.703, 21181
2026/09/26 13:17:10.203, 21181
2026/09/26 13:17:10.704, 21181
2026/09/26 13:17:11.204, 21181
2026/09/26 13:17:11.704, 21181
2026/09/26 13:17:12.204, 21181
2026/09/26 13:17:12.704, 21181
2026/09/26 13:17:13.204, 21181
2026/09/26 13:17:13.704, 21181
2026/09/26 13:17:14.205, 21181
2026/09/26 13:17:14.705, 21181
2026/09/26 13:17:15.205, 21181
2026/09/26 13:17:15.705, 21181
2026/09/26 13:17:16.205, 21181
2026/09/26 13:17:16.705, 21181
2026/09/26 13:17:17.205, 21181
2026/09/26 13:17:17.706, 21181
2026/09/26 13:17:18.206, 21181
2026/09/26 13:17:18.706, 21181
2026/09/26 13:17:19.206, 21181
2026/09/26 13:17:19.706, 21181
2026/09/26 13:17:20.206, 21181
2026/09/26 13:17:20.707, 21181
2026/09/26 13:17:21.207, 21181
2026/09/26 13:17:21.707, 21181
2026/09/26 13:17:22.207, 21181
2026/09/26 13:17:22.707, 21181
2026/09/26 13:17:23.207, 21181
2026/09/26 13:17:23.707, 21181
2026/09/26 13:17:24.208, 21181
2026/09/26 13:17:24.708, 21181
2026/09/26 13:17:25.208, 21181
2026/09/26 13:17:25.708, 21181
2026/09/26 13:17:26.208, 21181
2026/09/26 13:17:26.708, 21181
2026/09/26 13:17:27.209, 21181
2026/09/26 13:17:27.709, 21181
2026/09/26 13:17:28.209, 21181
2026/09/26 13:17:28.709, 21181
2026/09/26 13:17:29.209, 21181
2026/09/26 13:17:29.710, 21181
2026/09/26 13:17:30.210, 21181
2026/09/26 13:17:30.710, 21181
2026/09/26 13:17:31.210, 21181
2026/09/26 13:17:31.710, 21181
2026/09/26 13:17:32.210, 21181
2026/09/26 13:17:32.710, 21181
2026/09/26 13:17:33.211, 21181
2026/09/26 13:17:33.711, 21181
2026/09/26 13:17:34.211, 21181
2026/09/26 13:17:34.711, 21181
2026/09/26 13:17:35.211, 21181
2026/09/26 13:17:35.711, 21181
2026/09/26 13:17:36.211, 21181
2026/09/26 13:17:36.712, 21181
2026/09/26 13:17:37.212, 21181
2026/09/26 13:17:37.712, 21181
2026/09/26 13:17:38.212, 21181
2026/09/26 13:17:38.712, 21181
2026/09/26 13:17:39.212, 21181
2026/09/26 13:17:39.712, 21181
2026/09/26 13:17:40.213, 21181
2026/09/26 13:17:40.713, 21181
2026/09/26 13:17:41.213, 21181
2026/09/26 13:17:41.713, 21181
2026/09/26 13:17:42.213, 21181
2026/09/26 13:17:42.713, 21181
2026/09/26 13:17:43.213, 21181
2026/09/26 13:17:43.714, 21181
2026/09/26 13:17:44.214, 21181
2026/09/26 13:17:44.714, 21181
2026/09/26 13:17:45.214, 21181
2026/09/26 13:17:45.714, 21181
2026/09/26 13:17:46.214, 21181
2026/09/26 13:17:46.714, 21181
2026/09/26 13:17:47.214, 21181
2026/09/26 13:17:47.715, 21181
2026/09/26 13:17:48.215, 21181
2026/09/26 13:17:48.715, 21181
2026/09/26 13:17:49.215, 21181
2026/09/26 13:17:49.715, 21181
2026/09/26 13:17:50.215, 21181
2026/09/26 13:17:50.715, 21181
2026/09/26 13:17:51.216, 21181
2026/09/26 13:17:51.716, 21181
2026/09/26 13:17:52.216, 21181
2026/09/26 13:17:52.716, 21181
2026/09/26 13:17:53.216, 21181
2026/09/26 13:17:53.716, 21181
2026/09/26 13:17:54.217, 21181
2026/09/26 13:17:54.717, 21181
2026/09/26 13:17:55.217, 21181
2026/09/26 13:17:55.717, 21181
2026/09/26 13:17:56.217, 21181
2026/09/26 13:17:56.717, 21181
2026/09/26 13:17:57.217, 21181
2026/09/26 13:17:57.718, 21181
2026/09/26 13:17:58.218, 21181
2026/09/26 13:17:58.718, 21181
2026/09/26 13:17:59.218, 21181
2026/09/26 13:17:59.718, 21181
2026/09/26 13:18:00.218, 21181
2026/09/26 13:18:00.718, 21181
2026/09/26 13:18:01.219, 21181
2026/09/26 13:18:01.719, 21181
2026/09/26 13:18:02.219, 21181
2026/09/26 13:18:02.719, 21181
2026/09/26 13:18:03.219, 21181
2026/09/26 13:18:03.719, 21181
2026/09/26 13:18:04.220, 21181
2026/09/26 13:18:04.720, 21181
2026/09/26 13:18:05.220, 21181
2026/09/26 13:18:05.721, 21181
2026/09/26 13:18:06.221, 21181
2026/09/26 13:18:06.721, 21181
2026/09/26 13:18:07.221, 21181
2026/09/26 13:18:07.721, 21181
2026/09/26 13:18:08.221, 21181
2026/09/26 13:18:08.721, 21181
2026/09/26 13:18:09.222, 21181
2026/09/26 13:18:09.722, 21181
2026/09/26 13:18:10.222, 21181
2026/09/26 13:18:10.722, 21181
2026/09/26 13:18:11.222, 21181
2026/09/26 13:18:11.722, 21181
2026/09/26 13:18:12.222, 21181
2026/09/26 13:18:12.723, 21181
2026/09/26 13:18:13.223, 21181
2026/09/26 13:18:13.723, 21181
2026/09/26 13:18:14.223, 21181
2026/09/26 13:18:14.723, 21181
2026/09/26 13:18:15.223, 21181
2026/09/26 13:18:15.723, 21181
2026/09/26 13:18:16.224, 21181
2026/09/26 13:18:16.724, 21181
2026/09/26 13:18:17.224, 21181
2026/09/26 13:18:17.724, 21181
2026/09/26 13:18:18.224, 21181
2026/09/26 13:18:18.725, 21181
2026/09/26 13:18:19.225, 21181
2026/09/26 13:18:19.725, 21181
2026/09/26 13:18:20.225, 21181
2026/09/26 13:18:20.725, 21181
2026/09/26 13:18:21.225, 21181
2026/09/26 13:18:21.726, 21181
2026/09/26 13:18:22.226, 21181
2026/09/26 13:18:22.726, 21181
2026/09/26 13:18:23.226, 21181
2026/09/26 13:18:23.726, 21181
2026/09/26 13:18:24.226, 21181
2026/09/26 13:18:24.727, 21181
2026/09/26 13:18:25.227, 21181
2026/09/26 13:18:25.727, 21181
2026/09/26 13:18:26.227, 21181
2026/09/26 13:18:26.727, 21181
2026/09/26 13:18:27.227, 21181
2026/09/26 13:18:27.728, 21181
2026/09/26 13:18:28.228, 21181
2026/09/26 13:18:28.728, 21181
2026/09/26 13:18:29.228, 21181
2026/09/26 13:18:29.728, 21181
2026/09/26 13:18:30.228, 21181
2026/09/26 13:18:30.729, 21181
2026/09/26 13:18:31.229, 21181
2026/09/26 13:18:31.729, 21181
2026/09/26 13:18:32.229, 21181
2026/09/26 13:18:32.729, 21181
2026/09/26 13:18:33.229, 21181
2026/09/26 13:18:33.729, 21181
2026/09/26 13:18:34.230, 21181
2026/09/26 13:18:34.730, 21181
2026/09/26 13:18:35.230, 21181
2026/09/26 13:18:35.730, 21181
2026/09/26 13:18:36.230, 21181
2026/09/26 13:18:36.730, 21181
2026/09/26 13:18:37.231, 21181
2026/09/26 13:18:37.731, 21181
2026/09/26 13:18:38.231, 21181
2026/09/26 13:18:38.731, 21181
2026/09/26 13:18:39.231, 21181
2026/09/26 13:18:39.731, 21181
2026/09/26 13:18:40.232, 21181
2026/09/26 13:18:40.732, 21181
2026/09/26 13:18:41.232, 21181
2026/09/26 13:18:41.732, 21181
2026/09/26 13:18:42.232, 21181
2026/09/26 13:18:42.732, 21181
2026/09/26 13:18:43.233, 21181
2026/09/26 13:18:43.733, 21181
2026/09/26 13:18:44.233, 21181
2026/09/26 13:18:44.733, 21181
2026/09/26 13:18:45.234, 21181
2026/09/26 13:18:45.734, 21181
2026/09/26 13:18:46.234, 21181
2026/09/26 13:18:46.735, 21181
2026/09/26 13:18:47.235, 21181
2026/09/26 13:18:47.735, 21181
2026/09/26 13:18:48.235, 21181
2026/09/26 13:18:48.735, 21181
2026/09/26 13:18:49.236, 21181
2026/09/26 13:18:49.736, 21181
2026/09/26 13:18:50.236, 21181
2026/09/26 13:18:50.736, 21181
2026/09/26 13:18:51.236, 21181
2026/09/26 13:18:51.736, 21181
2026/09/26 13:18:52.236, 21181
2026/09/26 13:18:52.737, 21181
2026/09/26 13:18:53.237, 21181
2026/09/26 13:18:53.737, 21181
2026/09/26 13:18:54.237, 21181
2026/09/26 13:18:54.737, 21181
2026/09/26 13:18:55.237, 21181
2026/09/26 13:18:55.737, 21181
2026/09/26 13:18:56.238, 21181
2026/09/26 13:18:56.738, 21181
2026/09/26 13:18:57.238, 21181
2026/09/26 13:18:57.738, 21181
2026/09/26 13:18:58.238, 21181
2026/09/26 13:18:58.738, 21181
2026/09/26 13:18:59.239, 21181
2026/09/26 13:18:59.739, 21181
2026/09/26 13:19:00.239, 21181
2026/09/26 13:19:00.739, 21181
2026/09/26 13:19:01.239, 21181
2026/09/26 13:19:01.739, 21181
2026/09/26 13:19:02.239, 21181
2026/09/26 13:19:02.740, 21181
2026/09/26 13:19:03.240, 21181
2026/09/26 13:19:03.740, 21181
2026/09/26 13:19:04.240, 21181
2026/09/26 13:19:04.740, 21181
2026/09/26 13:19:05.240, 21181
2026/09/26 13:19:05.740, 21181
2026/09/26 13:19:06.241, 21181
2026/09/26 13:19:06.741, 21181
2026/09/26 13:19:07.241, 21181
2026/09/26 13:19:07.741, 21181
2026/09/26 13:19:08.241, 21181
2026/09/26 13:19:08.741, 21181
2026/09/26 13:19:09.241, 21181
2026/09/26 13:19:09.742, 21181
2026/09/26 13:19:10.242, 21181
2026/09/26 13:19:10.742, 21181
2026/09/26 13:19:11.242, 21181
2026/09/26 13:19:11.742, 21181
2026/09/26 13:19:12.242, 21181
2026/09/26 13:19:12.742, 21181
2026/09/26 13:19:13.243, 21181
2026/09/26 13:19:13.743, 21181
2026/09/26 13:19:14.243, 21181
2026/09/26 13:19:14.743, 21181
2026/09/26 13:19:15.243, 21181
2026/09/26 13:19:15.743, 21181
2026/09/26 13:19:16.243, 21181
2026/09/26 13:19:16.744, 21181
2026/09/26 13:19:17.244, 21181
2026/09/26 13:19:17.744, 21181
2026/09/26 13:19:18.244, 21181
2026/09/26 13:19:18.744, 21181
2026/09/26 13:19:19.245, 21181
2026/09/26 13:19:19.745, 21181
2026/09/26 13:19:20.245, 21181
2026/09/26 13:19:20.745, 21181
2026/09/26 13:19:21.245, 21181
2026/09/26 13:19:21.745, 21181
2026/09/26 13:19:22.245, 21181
2026/09/26 13:19:22.746, 21181
2026/09/26 13:19:23.246, 21181
2026/09/26 13:19:23.746, 21181
2026/09/26 13:19:24.246, 21181
2026/09/26 13:19:24.746, 21181
2026/09/26 13:19:25.246, 21181
2026/09/26 13:19:25.746, 21181
2026/09/26 13:19:26.246, 21181
2026/09/26 13:19:26.747, 21181
2026/09/26 13:19:27.247, 21181
2026/09/26 13:19:27.747, 21181
2026/09/26 13:19:28.247, 21181
2026/09/26 13:19:28.747, 21181
2026/09/26 13:19:29.247, 21181
2026/09/26 13:19:29.747, 21181
2026/09/26 13:19:30.248, 21181
2026/09/26 13:19:30.748, 21181
2026/09/26 13:19:31.248, 21181
2026/09/26 13:19:31.748, 21181
2026/09/26 13:19:32.248, 21181
2026/09/26 13:19:32.748, 21181
2026/09/26 13:19:33.248, 21181
2026/09/26 13:19:33.749, 21181
2026/09/26 13:19:34.249, 21181
2026/09/26 13:19:34.749, 21181
2026/09/26 13:19:35.249, 21181
2026/09/26 13:19:35.749, 21181
2026/09/26 13:19:36.249, 21181
2026/09/26 13:19:36.749, 21181
2026/09/26 13:19:37.250, 21181
2026/09/26 13:19:37.750, 21181
2026/09/26 13:19:38.250, 21181
2026/09/26 13:19:38.750, 21181
2026/09/26 13:19:39.250, 21181
2026/09/26 13:19:39.750, 21181
2026/09/26 13:19:40.250, 21181
2026/09/26 13:19:40.751, 21181
2026/09/26 13:19:41.251, 21181
2026/09/26 13:19:41.751, 21181
2026/09/26 13:19:42.251, 21181
2026/09/26 13:19:42.751, 21181
2026/09/26 13:19:43.251, 21181
2026/09/26 13:19:43.751, 21181
2026/09/26 13:19:44.252, 21181
2026/09/26 13:19:44.752, 21181
2026/09/26 13:19:45.252, 21181
2026/09/26 13:19:45.752, 21181
2026/09/26 13:19:46.252, 21181
2026/09/26 13:19:46.752, 21181
2026/09/26 13:19:47.252, 21181
2026/09/26 13:19:47.753, 21181
2026/09/26 13:19:48.253, 21181
2026/09/26 13:19:48.753, 21181
2026/09/26 13:19:49.253, 21181
2026/09/26 13:19:49.753, 21181
2026/09/26 13:19:50.253, 21181
2026/09/26 13:19:50.753, 21181
2026/09/26 13:19:51.254, 21181
2026/09/26 13:19:51.754, 21181
2026/09/26 13:19:52.254, 21181
2026/09/26 13:19:52.754, 21181
2026/09/26 13:19:53.254, 21181
2026/09/26 13:19:53.754, 21181
2026/09/26 13:19:54.255, 21181
2026/09/26 13:19:54.755, 21181
2026/09/26 13:19:55.255, 21181
2026/09/26 13:19:55.755, 21181
2026/09/26 13:19:56.255, 21181
2026/09/26 13:19:56.755, 21181
2026/09/26 13:19:57.256, 21181
2026/09/26 13:19:57.756, 21181
2026/09/26 13:19:58.256, 21181
2026/09/26 13:19:58.756, 21181
2026/09/26 13:19:59.256, 21181
2026/09/26 13:19:59.756, 21181
2026/09/26 13:20:00.257, 21181
2026/09/26 13:20:00.757, 21181
2026/09/26 13:20:01.257, 21181
2026/09/26 13:20:01.757, 21181
2026/09/26 13:20:02.257, 21181
2026/09/26 13:20:02.757, 21181
2026/09/26 13:20:03.258, 21181
2026/09/26 13:20:03.758, 21181
2026/09/26 13:20:04.258, 21181
2026/09/26 13:20:04.758, 21181
2026/09/26 13:20:05.258, 21181
2026/09/26 13:20:05.759, 21181
2026/09/26 13:20:06.259, 21181
2026/09/26 13:20:06.759, 21181
2026/09/26 13:20:07.259, 21181
2026/09/26 13:20:07.759, 21181
2026/09/26 13:20:08.259, 21181
2026/09/26 13:20:08.760, 21181
2026/09/26 13:20:09.260, 21181
2026/09/26 13:20:09.761, 21181
2026/09/26 13:20:10.261, 21181
2026/09/26 13:20:10.761, 21181
2026/09/26 13:20:11.261, 21181
2026/09/26 13:20:11.762, 21181
2026/09/26 13:20:12.262, 21181
2026/09/26 13:20:12.762, 21181
2026/09/26 13:20:13.262, 21181
2026/09/26 13:20:13.762, 21181
2026/09/26 13:20:14.262, 21181
2026/09/26 13:20:14.762, 21181
2026/09/26 13:20:15.263, 21181
2026/09/26 13:20:15.763, 21181
2026/09/26 13:20:16.263, 21181
2026/09/26 13:20:16.763, 21181
2026/09/26 13:20:17.263, 21181
2026/09/26 13:20:17.763, 21181
2026/09/26 13:20:18.264, 21181
2026/09/26 13:20:18.764, 21181
2026/09/26 13:20:19.264, 21181
2026/09/26 13:20:19.764, 21181
2026/09/26 13:20:20.264, 21181
2026/09/26 13:20:20.765, 21181
2026/09/26 13:20:21.265, 21181
2026/09/26 13:20:21.765, 21181
2026/09/26 13:20:22.265, 21181
2026/09/26 13:20:22.765, 21181
2026/09/26 13:20:23.265, 21181
2026/09/26 13:20:23.766, 21181
2026/09/26 13:20:24.266, 21181
2026/09/26 13:20:24.766, 21181
2026/09/26 13:20:25.266, 21181
2026/09/26 13:20:25.766, 21181
2026/09/26 13:20:26.266, 21181
2026/09/26 13:20:26.767, 21181
2026/09/26 13:20:27.267, 21181
2026/09/26 13:20:27.767, 21181
2026/09/26 13:20:28.267, 21181
2026/09/26 13:20:28.767, 21181
2026/09/26 13:20:29.267, 21181
2026/09/26 13:20:29.767, 21181
2026/09/26 13:20:30.268, 21181
2026/09/26 13:20:30.768, 21181
2026/09/26 13:20:31.268, 21181
2026/09/26 13:20:31.768, 21181
2026/09/26 13:20:32.268, 21181
2026/09/26 13:20:32.768, 21181
2026/09/26 13:20:33.269, 21181
2026/09/26 13:20:33.769, 21181
2026/09/26 13:20:34.269, 21181
2026/09/26 13:20:34.769, 21181
2026/09/26 13:20:35.269, 21181
2026/09/26 13:20:35.769, 21181
2026/09/26 13:20:36.269, 21181
2026/09/26 13:20:36.770, 21181
2026/09/26 13:20:37.270, 21181
2026/09/26 13:20:37.770, 21181
2026/09/26 13:20:38.270, 21181
2026/09/26 13:20:38.770, 21181
2026/09/26 13:20:39.270, 21181
2026/09/26 13:20:39.771, 21181
2026/09/26 13:20:40.271, 21181
2026/09/26 13:20:40.771, 21181
2026/09/26 13:20:41.271, 21181
2026/09/26 13:20:41.771, 21181
2026/09/26 13:20:42.271, 21181
2026/09/26 13:20:42.772, 21181
2026/09/26 13:20:43.272, 21181
2026/09/26 13:20:43.772, 21181
2026/09/26 13:20:44.272, 21181
2026/09/26 13:20:44.772, 21181
2026/09/26 13:20:45.272, 21181
2026/09/26 13:20:45.772, 21181
2026/09/26 13:20:46.273, 21181
2026/09/26 13:20:46.773, 21181
2026/09/26 13:20:47.273, 21181
2026/09/26 13:20:47.773, 21181
2026/09/26 13:20:48.273, 21181
2026/09/26 13:20:48.773, 21181
2026/09/26 13:20:49.274, 21181
2026/09/26 13:20:49.774, 21181
2026/09/26 13:20:50.274, 21181
2026/09/26 13:20:50.774, 21181
2026/09/26 13:20:51.274, 21181
2026/09/26 13:20:51.774, 21181
2026/09/26 13:20:52.274, 21181
2026/09/26 13:20:52.775, 21181
2026/09/26 13:20:53.275, 21181
2026/09/26 13:20:53.775, 21181
2026/09/26 13:20:54.275, 21181
2026/09/26 13:20:54.775, 21181
2026/09/26 13:20:55.275, 21181
2026/09/26 13:20:55.776, 21181
2026/09/26 13:20:56.276, 21181
2026/09/26 13:20:56.776, 21181
2026/09/26 13:20:57.276, 21181
2026/09/26 13:20:57.776, 21181
2026/09/26 13:20:58.276, 21181
2026/09/26 13:20:58.776, 21181
2026/09/26 13:20:59.277, 21181
2026/09/26 13:20:59.777, 21181
2026/09/26 13:21:00.277, 21181
2026/09/26 13:21:00.778, 21181
2026/09/26 13:21:01.278, 21181
2026/09/26 13:21:01.778, 21181
2026/09/26 13:21:02.278, 21181
2026/09/26 13:21:02.778, 21181
2026/09/26 13:21:03.278, 21181
2026/09/26 13:21:03.778, 21181
2026/09/26 13:21:04.279, 21181
2026/09/26 13:21:04.779, 21181
2026/09/26 13:21:05.279, 21181
2026/09/26 13:21:05.779, 21181
2026/09/26 13:21:06.279, 21181
2026/09/26 13:21:06.779, 21181
2026/09/26 13:21:07.280, 21181
2026/09/26 13:21:07.780, 21181
2026/09/26 13:21:08.280, 21181
2026/09/26 13:21:08.780, 21181
2026/09/26 13:21:09.280, 21181
2026/09/26 13:21:09.780, 21181
2026/09/26 13:21:10.280, 21181
2026/09/26 13:21:10.781, 21181
2026/09/26 13:21:11.281, 21181
2026/09/26 13:21:11.781, 21181
2026/09/26 13:21:12.281, 21181
2026/09/26 13:21:12.781, 21181
2026/09/26 13:21:13.281, 21181
2026/09/26 13:21:13.782, 21181
2026/09/26 13:21:14.282, 21181
2026/09/26 13:21:14.782, 21181
2026/09/26 13:21:15.282, 21181
2026/09/26 13:21:15.782, 21181
2026/09/26 13:21:16.282, 21181
2026/09/26 13:21:16.782, 21181
2026/09/26 13:21:17.283, 21181
2026/09/26 13:21:17.783, 21181
2026/09/26 13:21:18.283, 21181
2026/09/26 13:21:18.783, 21181
2026/09/26 13:21:19.283, 21181
2026/09/26 13:21:19.783, 21181
2026/09/26 13:21:20.284, 21181
2026/09/26 13:21:20.784, 21181
2026/09/26 13:21:21.284, 21181
2026/09/26 13:21:21.784, 21181
2026/09/26 13:21:22.284, 21181
2026/09/26 13:21:22.784, 21181
2026/09/26 13:21:23.284, 21181
2026/09/26 13:21:23.785, 21181
2026/09/26 13:21:24.285, 21181
2026/09/26 13:21:24.785, 21181
2026/09/26 13:21:25.285, 21181
2026/09/26 13:21:25.785, 21181
2026/09/26 13:21:26.285, 21181
2026/09/26 13:21:26.786, 21181
2026/09/26 13:21:27.286, 21181
2026/09/26 13:21:27.786, 21181
2026/09/26 13:21:28.286, 21181
2026/09/26 13:21:28.786, 21181
2026/09/26 13:21:29.286, 21181
2026/09/26 13:21:29.786, 21181
2026/09/26 13:21:30.286, 21181
2026/09/26 13:21:30.787, 21181
2026/09/26 13:21:31.287, 21181
2026/09/26 13:21:31.787, 21181
2026/09/26 13:21:32.287, 21181
2026/09/26 13:21:32.787, 21181
2026/09/26 13:21:33.287, 21181
2026/09/26 13:21:33.787, 21181
2026/09/26 13:21:34.288, 21181
2026/09/26 13:21:34.788, 21181
2026/09/26 13:21:35.288, 21181
2026/09/26 13:21:35.788, 21181
2026/09/26 13:21:36.288, 21181
2026/09/26 13:21:36.788, 21181
2026/09/26 13:21:37.288, 21181
2026/09/26 13:21:37.788, 21181
2026/09/26 13:21:38.289, 21181
2026/09/26 13:21:38.789, 21181
2026/09/26 13:21:39.289, 21181
2026/09/26 13:21:39.789, 21181
2026/09/26 13:21:40.289, 21181
2026/09/26 13:21:40.790, 21181
2026/09/26 13:21:41.290, 21181
2026/09/26 13:21:41.790, 21181
2026/09/26 13:21:42.290, 21181
2026/09/26 13:21:42.790, 21181
2026/09/26 13:21:43.290, 21181
2026/09/26 13:21:43.790, 21181
2026/09/26 13:21:44.290, 21181
2026/09/26 13:21:44.791, 21181
2026/09/26 13:21:45.291, 21181
2026/09/26 13:21:45.791, 21181
2026/09/26 13:21:46.291, 21181
2026/09/26 13:21:46.791, 21181
2026/09/26 13:21:47.291, 21181
2026/09/26 13:21:47.791, 21181
2026/09/26 13:21:48.291, 21181
2026/09/26 13:21:48.791, 21181
2026/09/26 13:21:49.292, 21181
2026/09/26 13:21:49.792, 21181
2026/09/26 13:21:50.292, 21181
2026/09/26 13:21:50.792, 21181
2026/09/26 13:21:51.292, 21181
2026/09/26 13:21:51.792, 21181
2026/09/26 13:21:52.292, 21181
2026/09/26 13:21:52.792, 21181
2026/09/26 13:21:53.293, 21181
2026/09/26 13:21:53.793, 21181
2026/09/26 13:21:54.293, 21181
2026/09/26 13:21:54.793, 21181
2026/09/26 13:21:55.293, 21181
2026/09/26 13:21:55.793, 21181
2026/09/26 13:21:56.293, 21181
2026/09/26 13:21:56.793, 21181
2026/09/26 13:21:57.293, 21181
2026/09/26 13:21:57.794, 21181
2026/09/26 13:21:58.294, 21181
2026/09/26 13:21:58.794, 21181
2026/09/26 13:21:59.294, 21181
2026/09/26 13:21:59.794, 21181
2026/09/26 13:22:00.294, 21181
2026/09/26 13:22:00.795, 21181
2026/09/26 13:22:01.295, 21181
2026/09/26 13:22:01.795, 21181
2026/09/26 13:22:02.295, 21181
2026/09/26 13:22:02.795, 21181
2026/09/26 13:22:03.295, 21181
2026/09/26 13:22:03.795, 21181
2026/09/26 13:22:04.296, 21181
2026/09/26 13:22:04.796, 21181
2026/09/26 13:22:05.296, 21181
2026/09/26 13:22:05.796, 21181
2026/09/26 13:22:06.296, 21181
2026/09/26 13:22:06.797, 21181
2026/09/26 13:22:07.297, 21181
2026/09/26 13:22:07.797, 21181
2026/09/26 13:22:08.297, 21181
2026/09/26 13:22:08.797, 21181
2026/09/26 13:22:09.297, 21181
2026/09/26 13:22:09.797, 21181
2026/09/26 13:22:10.298, 21181
2026/09/26 13:22:10.798, 21181
2026/09/26 13:22:11.298, 21181
2026/09/26 13:22:11.798, 21181
2026/09/26 13:22:12.298, 21181
2026/09/26 13:22:12.798, 21181
2026/09/26 13:22:13.298, 21181
2026/09/26 13:22:13.798, 21181
2026/09/26 13:22:14.299, 21181
2026/09/26 13:22:14.799, 21181
2026/09/26 13:22:15.299, 21181
2026/09/26 13:22:15.799, 21181
2026/09/26 13:22:16.299, 21181
2026/09/26 13:22:16.799, 21181
2026/09/26 13:22:17.300, 21181
2026/09/26 13:22:17.800, 21181
2026/09/26 13:22:18.300, 21181
2026/09/26 13:22:18.800, 21181
2026/09/26 13:22:19.300, 21181
2026/09/26 13:22:19.801, 21181
2026/09/26 13:22:20.301, 21181
2026/09/26 13:22:20.801, 21181
2026/09/26 13:22:21.301, 21181
2026/09/26 13:22:21.801, 21181
2026/09/26 13:22:22.301, 21181
2026/09/26 13:22:22.801, 21181
2026/09/26 13:22:23.302, 21181
2026/09/26 13:22:23.802, 21181
2026/09/26 13:22:24.302, 21181
2026/09/26 13:22:24.802, 21181
2026/09/26 13:22:25.302, 21181
2026/09/26 13:22:25.802, 21181
2026/09/26 13:22:26.303, 21181
2026/09/26 13:22:26.803, 21181
2026/09/26 13:22:27.303, 21181
2026/09/26 13:22:27.803, 21181
2026/09/26 13:22:28.303, 21181
2026/09/26 13:22:28.803, 21181
2026/09/26 13:22:29.303, 21181
2026/09/26 13:22:29.804, 21181
2026/09/26 13:22:30.304, 21181
2026/09/26 13:22:30.804, 21181
2026/09/26 13:22:31.304, 21181
2026/09/26 13:22:31.804, 21181
2026/09/26 13:22:32.304, 21181
2026/09/26 13:22:32.805, 21181
2026/09/26 13:22:33.305, 21181
2026/09/26 13:22:33.805, 21181
2026/09/26 13:22:34.305, 21181
2026/09/26 13:22:34.805, 21181
2026/09/26 13:22:35.305, 21181
2026/09/26 13:22:35.805, 21181
2026/09/26 13:22:36.306, 21181
2026/09/26 13:22:36.806, 21181
2026/09/26 13:22:37.306, 21181
2026/09/26 13:22:37.806, 21181
2026/09/26 13:22:38.306, 21181
2026/09/26 13:22:38.806, 21181
2026/09/26 13:22:39.306, 21181
2026/09/26 13:22:39.806, 21181
2026/09/26 13:22:40.307, 21181
2026/09/26 13:22:40.807, 21181
2026/09/26 13:22:41.307, 21181
2026/09/26 13:22:41.807, 21181
2026/09/26 13:22:42.307, 21181
2026/09/26 13:22:42.807, 21181
2026/09/26 13:22:43.307, 21181
2026/09/26 13:22:43.808, 21181
2026/09/26 13:22:44.308, 21181
2026/09/26 13:22:44.808, 21181
2026/09/26 13:22:45.308, 21181
2026/09/26 13:22:45.808, 21181
2026/09/26 13:22:46.308, 21181
2026/09/26 13:22:46.808, 21181
2026/09/26 13:22:47.308, 21181
2026/09/26 13:22:47.808, 21181
2026/09/26 13:22:48.309, 21181
2026/09/26 13:22:48.809, 21181
2026/09/26 13:22:49.309, 21181
2026/09/26 13:22:49.809, 21181
2026/09/26 13:22:50.309, 21181
2026/09/26 13:22:50.809, 21181
2026/09/26 13:22:51.309, 21181
2026/09/26 13:22:51.809, 21181
2026/09/26 13:22:52.310, 21181
2026/09/26 13:22:52.810, 21181
2026/09/26 13:22:53.310, 21181
2026/09/26 13:22:53.810, 21181
2026/09/26 13:22:54.310, 21181
2026/09/26 13:22:54.810, 21181
2026/09/26 13:22:55.310, 21181
2026/09/26 13:22:55.810, 21181
2026/09/26 13:22:56.311, 21181
2026/09/26 13:22:56.811, 21181
2026/09/26 13:22:57.311, 21181
2026/09/26 13:22:57.811, 21181
2026/09/26 13:22:58.311, 21181
2026/09/26 13:22:58.811, 21181
2026/09/26 13:22:59.311, 21181
2026/09/26 13:22:59.811, 21181
2026/09/26 13:23:00.312, 21181
2026/09/26 13:23:00.812, 21181
2026/09/26 13:23:01.312, 21181
2026/09/26 13:23:01.812, 21181
2026/09/26 13:23:02.312, 21181
2026/09/26 13:23:02.812, 21181
2026/09/26 13:23:03.312, 21181
2026/09/26 13:23:03.813, 21181
2026/09/26 13:23:04.313, 21181
2026/09/26 13:23:04.813, 21181
2026/09/26 13:23:05.313, 21181
2026/09/26 13:23:05.813, 21181
2026/09/26 13:23:06.313, 21181
2026/09/26 13:23:06.813, 21181
2026/09/26 13:23:07.313, 21181
2026/09/26 13:23:07.814, 21181
2026/09/26 13:23:08.314, 21181
2026/09/26 13:23:08.814, 21181
2026/09/26 13:23:09.314, 21181
2026/09/26 13:23:09.814, 21181
2026/09/26 13:23:10.314, 21181
2026/09/26 13:23:10.814, 21181
2026/09/26 13:23:11.314, 21181
2026/09/26 13:23:11.815, 21181
2026/09/26 13:23:12.315, 21181
2026/09/26 13:23:12.815, 21181
2026/09/26 13:23:13.315, 21181
2026/09/26 13:23:13.815, 21181
2026/09/26 13:23:14.315, 21181
2026/09/26 13:23:14.815, 21181
2026/09/26 13:23:15.315, 21181
2026/09/26 13:23:15.816, 21181
2026/09/26 13:23:16.316, 21181
2026/09/26 13:23:16.816, 21181
2026/09/26 13:23:17.316, 21181
2026/09/26 13:23:17.816, 21181
2026/09/26 13:23:18.316, 21181
2026/09/26 13:23:18.816, 21181
2026/09/26 13:23:19.317, 21181
2026/09/26 13:23:19.817, 21181
2026/09/26 13:23:20.317, 21181
2026/09/26 13:23:20.817, 21181
2026/09/26 13:23:21.317, 21181
2026/09/26 13:23:21.817, 21181
2026/09/26 13:23:22.317, 21181
2026/09/26 13:23:22.818, 21181
2026/09/26 13:23:23.318, 21181
2026/09/26 13:23:23.818, 21181
2026/09/26 13:23:24.318, 21181
2026/09/26 13:23:24.818, 21181
2026/09/26 13:23:25.318, 21181
2026/09/26 13:23:25.819, 21181
2026/09/26 13:23:26.319, 21181
2026/09/26 13:23:26.819, 21181
2026/09/26 13:23:27.319, 21181
2026/09/26 13:23:27.819, 21181
2026/09/26 13:23:28.319, 21181
2026/09/26 13:23:28.820, 21181
2026/09/26 13:23:29.320, 21181
2026/09/26 13:23:29.820, 21181
2026/09/26 13:23:30.320, 21181
2026/09/26 13:23:30.820, 21181
2026/09/26 13:23:31.320, 21181
2026/09/26 13:23:31.820, 21181
2026/09/26 13:23:32.321, 21181
2026/09/26 13:23:32.821, 21181
2026/09/26 13:23:33.321, 21181
2026/09/26 13:23:33.821, 21181
2026/09/26 13:23:34.321, 21181
2026/09/26 13:23:34.821, 21181
2026/09/26 13:23:35.322, 21181
2026/09/26 13:23:35.822, 21181
2026/09/26 13:23:36.322, 21181
2026/09/26 13:23:36.822, 21181
2026/09/26 13:23:37.322, 21181
2026/09/26 13:23:37.822, 21181
2026/09/26 13:23:38.322, 21181
2026/09/26 13:23:38.823, 21181
2026/09/26 13:23:39.323, 21181
2026/09/26 13:23:39.823, 21181
2026/09/26 13:23:40.323, 21181
2026/09/26 13:23:40.823, 21181
2026/09/26 13:23:41.323, 21181
2026/09/26 13:23:41.823, 21181
2026/09/26 13:23:42.324, 21181
2026/09/26 13:23:42.824, 21181
2026/09/26 13:23:43.324, 21181
2026/09/26 13:23:43.824, 21181
2026/09/26 13:23:44.324, 21181
2026/09/26 13:23:44.824, 21181
2026/09/26 13:23:45.324, 21181
2026/09/26 13:23:45.825, 21181
2026/09/26 13:23:46.325, 21181
2026/09/26 13:23:46.825, 21181
2026/09/26 13:23:47.325, 21181
2026/09/26 13:23:47.825, 21181
2026/09/26 13:23:48.325, 21181
2026/09/26 13:23:48.825, 21181
2026/09/26 13:23:49.326, 21181
2026/09/26 13:23:49.826, 21181
2026/09/26 13:23:50.326, 21181
2026/09/26 13:23:50.826, 21181
2026/09/26 13:23:51.326, 21181
2026/09/26 13:23:51.826, 21181
2026/09/26 13:23:52.327, 21181
2026/09/26 13:23:52.827, 21181
2026/09/26 13:23:53.327, 21181
2026/09/26 13:23:53.827, 21181
2026/09/26 13:23:54.327, 21181
2026/09/26 13:23:54.827, 21181
2026/09/26 13:23:55.327, 21181
2026/09/26 13:23:55.828, 21181
2026/09/26 13:23:56.328, 21181
2026/09/26 13:23:56.828, 21181
2026/09/26 13:23:57.328, 21181
2026/09/26 13:23:57.828, 21181
2026/09/26 13:23:58.328, 21181
2026/09/26 13:23:58.828, 21181
2026/09/26 13:23:59.329, 21181
2026/09/26 13:23:59.829, 21181
2026/09/26 13:24:00.329, 21181
2026/09/26 13:24:00.829, 21181
2026/09/26 13:24:01.329, 21181
2026/09/26 13:24:01.829, 21181
2026/09/26 13:24:02.329, 21181
2026/09/26 13:24:02.830, 21181
2026/09/26 13:24:03.330, 21181
2026/09/26 13:24:03.830, 21181
2026/09/26 13:24:04.330, 21181
2026/09/26 13:24:04.830, 21181
2026/09/26 13:24:05.330, 21181
2026/09/26 13:24:05.830, 21181
2026/09/26 13:24:06.331, 21181
2026/09/26 13:24:06.831, 21181
2026/09/26 13:24:07.331, 21181
2026/09/26 13:24:07.831, 21181
2026/09/26 13:24:08.331, 21181
2026/09/26 13:24:08.831, 21181
2026/09/26 13:24:09.331, 21181
2026/09/26 13:24:09.832, 21181
2026/09/26 13:24:10.332, 21181
2026/09/26 13:24:10.832, 21181
2026/09/26 13:24:11.332, 21181
2026/09/26 13:24:11.832, 21181
2026/09/26 13:24:12.332, 21181
2026/09/26 13:24:12.832, 21181
2026/09/26 13:24:13.333, 21181
2026/09/26 13:24:13.833, 21181
2026/09/26 13:24:14.333, 21181
2026/09/26 13:24:14.833, 21181
2026/09/26 13:24:15.333, 21181
2026/09/26 13:24:15.833, 21181
2026/09/26 13:24:16.334, 21181
2026/09/26 13:24:16.834, 21181
2026/09/26 13:24:17.334, 21181
2026/09/26 13:24:17.834, 21181
2026/09/26 13:24:18.334, 21181
2026/09/26 13:24:18.834, 21181
2026/09/26 13:24:19.334, 21181
2026/09/26 13:24:19.834, 21181
2026/09/26 13:24:20.335, 21181
2026/09/26 13:24:20.835, 21181
2026/09/26 13:24:21.335, 21181
2026/09/26 13:24:21.835, 21181
2026/09/26 13:24:22.335, 21181
2026/09/26 13:24:22.835, 21181
2026/09/26 13:24:23.336, 21181
2026/09/26 13:24:23.836, 21181
2026/09/26 13:24:24.336, 21181
2026/09/26 13:24:24.836, 21181
2026/09/26 13:24:25.336, 21181
2026/09/26 13:24:25.836, 21181
2026/09/26 13:24:26.336, 21181
2026/09/26 13:24:26.836, 21181
2026/09/26 13:24:27.337, 21181
2026/09/26 13:24:27.837, 21181
2026/09/26 13:24:28.337, 21181
2026/09/26 13:24:28.837, 21181
2026/09/26 13:24:29.337, 21181
2026/09/26 13:24:29.837, 21181
2026/09/26 13:24:30.338, 21181
2026/09/26 13:24:30.838, 21181
2026/09/26 13:24:31.338, 21181
2026/09/26 13:24:31.838, 21181
2026/09/26 13:24:32.338, 21181
2026/09/26 13:24:32.838, 21181
2026/09/26 13:24:33.339, 21181
2026/09/26 13:24:33.839, 21181
2026/09/26 13:24:34.339, 21181
2026/09/26 13:24:34.839, 21181
2026/09/26 13:24:35.339, 21181
2026/09/26 13:24:35.839, 21181
2026/09/26 13:24:36.339, 21181
2026/09/26 13:24:36.840, 21181
2026/09/26 13:24:37.340, 21181
2026/09/26 13:24:37.840, 21181
2026/09/26 13:24:38.340, 21181
2026/09/26 13:24:38.840, 21181
2026/09/26 13:24:39.340, 21181
2026/09/26 13:24:39.840, 21181
2026/09/26 13:24:40.341, 21181
2026/09/26 13:24:40.841, 21181
2026/09/26 13:24:41.341, 21181
2026/09/26 13:24:41.841, 21181
2026/09/26 13:24:42.341, 21181
2026/09/26 13:24:42.841, 21181
2026/09/26 13:24:43.341, 21181
2026/09/26 13:24:43.842, 21181
2026/09/26 13:24:44.342, 21181
2026/09/26 13:24:44.842, 21181
2026/09/26 13:24:45.342, 21181
2026/09/26 13:24:45.842, 21181
2026/09/26 13:24:46.342, 21181
2026/09/26 13:24:46.843, 21181
2026/09/26 13:24:47.343, 21181
2026/09/26 13:24:47.843, 21181
2026/09/26 13:24:48.343, 21181
2026/09/26 13:24:48.843, 21181
2026/09/26 13:24:49.343, 21181
2026/09/26 13:24:49.844, 21181
2026/09/26 13:24:50.344, 21181
2026/09/26 13:24:50.844, 21181
2026/09/26 13:24:51.344, 21181
2026/09/26 13:24:51.844, 21181
2026/09/26 13:24:52.344, 21181
2026/09/26 13:24:52.844, 21181
2026/09/26 13:24:53.345, 21181
2026/09/26 13:24:53.845, 21181
2026/09/26 13:24:54.345, 21181
2026/09/26 13:24:54.845, 21181
2026/09/26 13:24:55.345, 21181
2026/09/26 13:24:55.845, 21181
2026/09/26 13:24:56.345, 21181
2026/09/26 13:24:56.846, 21181
2026/09/26 13:24:57.346, 21181
2026/09/26 13:24:57.846, 21181
2026/09/26 13:24:58.346, 21181
2026/09/26 13:24:58.846, 21181
2026/09/26 13:24:59.346, 21181
2026/09/26 13:24:59.846, 21181
2026/09/26 13:25:00.347, 21181
2026/09/26 13:25:00.847, 21181
2026/09/26 13:25:01.347, 21181
2026/09/26 13:25:01.847, 21181
2026/09/26 13:25:02.347, 21181
2026/09/26 13:25:02.847, 21181
2026/09/26 13:25:03.347, 21181
2026/09/26 13:25:03.848, 21181
2026/09/26 13:25:04.348, 21181
2026/09/26 13:25:04.848, 21181
2026/09/26 13:25:05.348, 21181
2026/09/26 13:25:05.848, 21181
2026/09/26 13:25:06.349, 21181
2026/09/26 13:25:06.849, 21181
2026/09/26 13:25:07.349, 21181
2026/09/26 13:25:07.849, 21181
2026/09/26 13:25:08.349, 21181
2026/09/26 13:25:08.849, 21181
2026/09/26 13:25:09.349, 21181
2026/09/26 13:25:09.850, 21181
2026/09/26 13:25:10.350, 21181
2026/09/26 13:25:10.850, 21181
2026/09/26 13:25:11.350, 21181
2026/09/26 13:25:11.850, 21181
2026/09/26 13:25:12.350, 21181
2026/09/26 13:25:12.851, 21181
2026/09/26 13:25:13.351, 21181
2026/09/26 13:25:13.851, 21181
2026/09/26 13:25:14.351, 21181
2026/09/26 13:25:14.851, 21181
2026/09/26 13:25:15.351, 21181
2026/09/26 13:25:15.851, 21181
2026/09/26 13:25:16.352, 21181
2026/09/26 13:25:16.852, 21181
2026/09/26 13:25:17.352, 21181
2026/09/26 13:25:17.852, 21181
2026/09/26 13:25:18.352, 21181
2026/09/26 13:25:18.852, 21181
2026/09/26 13:25:19.353, 21181
2026/09/26 13:25:19.853, 21181
2026/09/26 13:25:20.353, 21181
2026/09/26 13:25:20.853, 21181
2026/09/26 13:25:21.354, 21181
2026/09/26 13:25:21.854, 21181
2026/09/26 13:25:22.354, 21181
2026/09/26 13:25:22.854, 21181
2026/09/26 13:25:23.354, 21181
2026/09/26 13:25:23.855, 21181
2026/09/26 13:25:24.355, 21181
2026/09/26 13:25:24.855, 21181
2026/09/26 13:25:25.355, 21181
2026/09/26 13:25:25.855, 21181
2026/09/26 13:25:26.356, 21181
2026/09/26 13:25:26.856, 21181
2026/09/26 13:25:27.356, 21181
2026/09/26 13:25:27.856, 21181
2026/09/26 13:25:28.356, 21181
2026/09/26 13:25:28.856, 21181
2026/09/26 13:25:29.357, 21181
2026/09/26 13:25:29.857, 21181
2026/09/26 13:25:30.357, 21181
2026/09/26 13:25:30.857, 21181
2026/09/26 13:25:31.357, 21181
2026/09/26 13:25:31.857, 21181
2026/09/26 13:25:32.358, 21181
2026/09/26 13:25:32.858, 21181
2026/09/26 13:25:33.358, 21181
2026/09/26 13:25:33.858, 21181
2026/09/26 13:25:34.358, 21181
2026/09/26 13:25:34.858, 21181
2026/09/26 13:25:35.358, 21181
2026/09/26 13:25:35.859, 21181
2026/09/26 13:25:36.359, 21181
2026/09/26 13:25:36.859, 21181
2026/09/26 13:25:37.359, 21181
2026/09/26 13:25:37.859, 21181
2026/09/26 13:25:38.359, 21181
2026/09/26 13:25:38.859, 21181
2026/09/26 13:25:39.360, 21181
2026/09/26 13:25:39.860, 21181
2026/09/26 13:25:40.360, 21181
2026/09/26 13:25:40.860, 21181
2026/09/26 13:25:41.360, 21181
2026/09/26 13:25:41.861, 21181
2026/09/26 13:25:42.361, 21181
2026/09/26 13:25:42.861, 21181
2026/09/26 13:25:43.361, 21181
2026/09/26 13:25:43.861, 21181
2026/09/26 13:25:44.361, 21181
2026/09/26 13:25:44.861, 21181
2026/09/26 13:25:45.362, 21181
2026/09/26 13:25:45.862, 21181
2026/09/26 13:25:46.362, 21181
2026/09/26 13:25:46.862, 21181
2026/09/26 13:25:47.362, 21181
2026/09/26 13:25:47.862, 21181
2026/09/26 13:25:48.363, 21181
2026/09/26 13:25:48.863, 21181
2026/09/26 13:25:49.363, 21181
2026/09/26 13:25:49.863, 21181
2026/09/26 13:25:50.363, 21181
2026/09/26 13:25:50.863, 21181
2026/09/26 13:25:51.364, 21181
2026/09/26 13:25:51.864, 21181
2026/09/26 13:25:52.364, 21181
2026/09/26 13:25:52.864, 21181
2026/09/26 13:25:53.364, 21181
2026/09/26 13:25:53.864, 21181
2026/09/26 13:25:54.364, 21181
2026/09/26 13:25:54.865, 21181
2026/09/26 13:25:55.365, 21181
2026/09/26 13:25:55.865, 21181
2026/09/26 13:25:56.365, 21181
2026/09/26 13:25:56.865, 21181
2026/09/26 13:25:57.365, 21181
2026/09/26 13:25:57.866, 21181
2026/09/26 13:25:58.366, 21181
2026/09/26 13:25:58.866, 21181
2026/09/26 13:25:59.366, 21181
2026/09/26 13:25:59.866, 21181
2026/09/26 13:26:00.366, 21181
2026/09/26 13:26:00.867, 21181
2026/09/26 13:26:01.367, 21181
2026/09/26 13:26:01.867, 21181
2026/09/26 13:26:02.367, 21181
2026/09/26 13:26:02.867, 21181
2026/09/26 13:26:03.367, 21181
2026/09/26 13:26:03.868, 21181
2026/09/26 13:26:04.368, 21181
2026/09/26 13:26:04.868, 21181
2026/09/26 13:26:05.368, 21181
2026/09/26 13:26:05.868, 21181
2026/09/26 13:26:06.368, 21181
2026/09/26 13:26:06.869, 21181
2026/09/26 13:26:07.369, 21181
2026/09/26 13:26:07.869, 21181
2026/09/26 13:26:08.369, 21181
2026/09/26 13:26:08.869, 21181
2026/09/26 13:26:09.369, 21181
2026/09/26 13:26:09.869, 21181
2026/09/26 13:26:10.370, 21181
2026/09/26 13:26:10.870, 21181
2026/09/26 13:26:11.370, 21181
2026/09/26 13:26:11.870, 21181
2026/09/26 13:26:12.370, 21181
2026/09/26 13:26:12.870, 21181
2026/09/26 13:26:13.370, 21181
2026/09/26 13:26:13.871, 21181
2026/09/26 13:26:14.371, 21181
2026/09/26 13:26:14.871, 21181
2026/09/26 13:26:15.371, 21181
2026/09/26 13:26:15.871, 21181
2026/09/26 13:26:16.371, 21181
2026/09/26 13:26:16.871, 21181
2026/09/26 13:26:17.371, 21181
2026/09/26 13:26:17.872, 21181
2026/09/26 13:26:18.372, 21181
2026/09/26 13:26:18.872, 21181
2026/09/26 13:26:19.372, 21181
2026/09/26 13:26:19.872, 21181
2026/09/26 13:26:20.372, 21181
2026/09/26 13:26:20.872, 21181
2026/09/26 13:26:21.373, 21181
2026/09/26 13:26:21.873, 21181
2026/09/26 13:26:22.373, 21181
2026/09/26 13:26:22.873, 21181
2026/09/26 13:26:23.373, 21181
2026/09/26 13:26:23.873, 21181
2026/09/26 13:26:24.373, 21181
2026/09/26 13:26:24.874, 21181
2026/09/26 13:26:25.374, 21181
2026/09/26 13:26:25.874, 21181
2026/09/26 13:26:26.374, 21181
2026/09/26 13:26:26.874, 21181
2026/09/26 13:26:27.374, 21181
2026/09/26 13:26:27.874, 21181
2026/09/26 13:26:28.375, 21181
2026/09/26 13:26:28.875, 21181
2026/09/26 13:26:29.375, 21181
2026/09/26 13:26:29.875, 21181
2026/09/26 13:26:30.375, 21181
2026/09/26 13:26:30.875, 21181
2026/09/26 13:26:31.375, 21181
2026/09/26 13:26:31.875, 21181
2026/09/26 13:26:32.376, 21181
2026/09/26 13:26:32.876, 21181
2026/09/26 13:26:33.376, 21181
2026/09/26 13:26:33.876, 21181
2026/09/26 13:26:34.376, 21181
2026/09/26 13:26:34.876, 21181
2026/09/26 13:26:35.376, 21181
2026/09/26 13:26:35.876, 21181
2026/09/26 13:26:36.377, 21181
2026/09/26 13:26:36.877, 21181
2026/09/26 13:26:37.377, 21181
2026/09/26 13:26:37.877, 21181
2026/09/26 13:26:38.377, 21181
2026/09/26 13:26:38.877, 21181
2026/09/26 13:26:39.377, 21181
2026/09/26 13:26:39.877, 21181
2026/09/26 13:26:40.378, 21181
2026/09/26 13:26:40.878, 21181
2026/09/26 13:26:41.378, 21181
2026/09/26 13:26:41.878, 21181
2026/09/26 13:26:42.378, 21181
2026/09/26 13:26:42.878, 21181
2026/09/26 13:26:43.378, 21181
2026/09/26 13:26:43.879, 21181
2026/09/26 13:26:44.379, 21181
2026/09/26 13:26:44.879, 21181
2026/09/26 13:26:45.379, 21181
2026/09/26 13:26:45.879, 21181
2026/09/26 13:26:46.379, 21181
2026/09/26 13:26:46.879, 21181
2026/09/26 13:26:47.379, 21181
2026/09/26 13:26:47.880, 21181
2026/09/26 13:26:48.380, 21181
2026/09/26 13:26:48.880, 21181
2026/09/26 13:26:49.380, 21181
2026/09/26 13:26:49.880, 21181
2026/09/26 13:26:50.380, 21181
2026/09/26 13:26:50.880, 21181
2026/09/26 13:26:51.381, 21181
2026/09/26 13:26:51.881, 21181
2026/09/26 13:26:52.381, 21181
2026/09/26 13:26:52.881, 21181
2026/09/26 13:26:53.381, 21181
2026/09/26 13:26:53.881, 21181
2026/09/26 13:26:54.381, 21181
2026/09/26 13:26:54.882, 21181
2026/09/26 13:26:55.382, 21181
2026/09/26 13:26:55.882, 21181
2026/09/26 13:26:56.382, 21181
2026/09/26 13:26:56.882, 21181
2026/09/26 13:26:57.382, 21181
2026/09/26 13:26:57.883, 21181
2026/09/26 13:26:58.383, 21181
2026/09/26 13:26:58.883, 21181
2026/09/26 13:26:59.383, 21181
2026/09/26 13:26:59.883, 21181
2026/09/26 13:27:00.383, 21181
2026/09/26 13:27:00.883, 21181
2026/09/26 13:27:01.384, 21181
2026/09/26 13:27:01.884, 21181
2026/09/26 13:27:02.384, 21181
2026/09/26 13:27:02.884, 21181
2026/09/26 13:27:03.384, 21181
2026/09/26 13:27:03.884, 21181
2026/09/26 13:27:04.384, 21181
2026/09/26 13:27:04.884, 21181
2026/09/26 13:27:05.385, 21181
2026/09/26 13:27:05.885, 21181
2026/09/26 13:27:06.385, 21181
2026/09/26 13:27:06.885, 21181
2026/09/26 13:27:07.385, 21181
2026/09/26 13:27:07.885, 21181
2026/09/26 13:27:08.385, 21181
2026/09/26 13:27:08.885, 21181
2026/09/26 13:27:09.386, 21181
2026/09/26 13:27:09.886, 21181
2026/09/26 13:27:10.386, 21181
2026/09/26 13:27:10.886, 21181
2026/09/26 13:27:11.386, 21181
2026/09/26 13:27:11.886, 21181
2026/09/26 13:27:12.386, 21181
2026/09/26 13:27:12.887, 21181
2026/09/26 13:27:13.387, 21181
2026/09/26 13:27:13.887, 21181
2026/09/26 13:27:14.387, 21181
2026/09/26 13:27:14.887, 21181
2026/09/26 13:27:15.387, 21181
2026/09/26 13:27:15.887, 21181
2026/09/26 13:27:16.388, 21181
2026/09/26 13:27:16.888, 21181
2026/09/26 13:27:17.388, 21181
2026/09/26 13:27:17.888, 21181
2026/09/26 13:27:18.388, 21181
2026/09/26 13:27:18.888, 21181
2026/09/26 13:27:19.388, 21181
2026/09/26 13:27:19.889, 21181
2026/09/26 13:27:20.389, 21181
2026/09/26 13:27:20.889, 21181
2026/09/26 13:27:21.389, 21181
2026/09/26 13:27:21.889, 21181
2026/09/26 13:27:22.389, 21181
2026/09/26 13:27:22.889, 21181
2026/09/26 13:27:23.390, 21181
2026/09/26 13:27:23.890, 21181
2026/09/26 13:27:24.390, 21181
2026/09/26 13:27:24.890, 21181
2026/09/26 13:27:25.390, 21181
2026/09/26 13:27:25.890, 21181
2026/09/26 13:27:26.390, 21181
2026/09/26 13:27:26.890, 21181
2026/09/26 13:27:27.391, 21181
2026/09/26 13:27:27.891, 21181
2026/09/26 13:27:28.391, 21181
2026/09/26 13:27:28.891, 21181
2026/09/26 13:27:29.391, 21181
2026/09/26 13:27:29.891, 21181
2026/09/26 13:27:30.391, 21181
2026/09/26 13:27:30.891, 21181
2026/09/26 13:27:31.392, 21181
2026/09/26 13:27:31.892, 21181
2026/09/26 13:27:32.392, 21181
2026/09/26 13:27:32.892, 21181
2026/09/26 13:27:33.392, 21181
2026/09/26 13:27:33.892, 21181
2026/09/26 13:27:34.392, 21181
2026/09/26 13:27:34.893, 21181
2026/09/26 13:27:35.393, 21181
2026/09/26 13:27:35.893, 21181
2026/09/26 13:27:36.393, 21181
2026/09/26 13:27:36.893, 21181
2026/09/26 13:27:37.393, 21181
2026/09/26 13:27:37.893, 21181
2026/09/26 13:27:38.393, 21181
2026/09/26 13:27:38.894, 21181
2026/09/26 13:27:39.394, 21181
2026/09/26 13:27:39.894, 21181
2026/09/26 13:27:40.394, 21181
2026/09/26 13:27:40.894, 21181
2026/09/26 13:27:41.394, 21181
2026/09/26 13:27:41.894, 21181
2026/09/26 13:27:42.394, 21181
2026/09/26 13:27:42.895, 21181
2026/09/26 13:27:43.395, 21181
2026/09/26 13:27:43.895, 21181
2026/09/26 13:27:44.395, 21181
2026/09/26 13:27:44.895, 21181
2026/09/26 13:27:45.395, 21181
2026/09/26 13:27:45.895, 21181
2026/09/26 13:27:46.396, 21181
2026/09/26 13:27:46.896, 21181
2026/09/26 13:27:47.396, 21181
2026/09/26 13:27:47.896, 21181
2026/09/26 13:27:48.396, 21181
2026/09/26 13:27:48.896, 21181
2026/09/26 13:27:49.396, 21181
2026/09/26 13:27:49.896, 21181
2026/09/26 13:27:50.397, 21181
2026/09/26 13:27:50.897, 21181
2026/09/26 13:27:51.397, 21181
2026/09/26 13:27:51.897, 21181
2026/09/26 13:27:52.397, 21181
2026/09/26 13:27:52.897, 21181
2026/09/26 13:27:53.397, 21181
2026/09/26 13:27:53.897, 21181
2026/09/26 13:27:54.398, 21181
2026/09/26 13:27:54.898, 21181
2026/09/26 13:27:55.399, 21181
2026/09/26 13:27:55.899, 21181
2026/09/26 13:27:56.399, 21181
2026/09/26 13:27:56.899, 21181
2026/09/26 13:27:57.399, 21181
2026/09/26 13:27:57.899, 21181
2026/09/26 13:27:58.399, 21181
2026/09/26 13:27:58.900, 21181
2026/09/26 13:27:59.400, 21181
2026/09/26 13:27:59.900, 21181
2026/09/26 13:28:00.400, 21181
2026/09/26 13:28:00.900, 21181
2026/09/26 13:28:01.400, 21181
2026/09/26 13:28:01.900, 21181
2026/09/26 13:28:02.401, 21181
2026/09/26 13:28:02.901, 21181
2026/09/26 13:28:03.401, 21181
2026/09/26 13:28:03.901, 21181
2026/09/26 13:28:04.401, 21181
2026/09/26 13:28:04.901, 21181
2026/09/26 13:28:05.401, 21181
2026/09/26 13:28:05.902, 21181
2026/09/26 13:28:06.402, 21181
2026/09/26 13:28:06.902, 21181
2026/09/26 13:28:07.402, 21181
2026/09/26 13:28:07.902, 21181
2026/09/26 13:28:08.402, 21181
2026/09/26 13:28:08.902, 21181
2026/09/26 13:28:09.402, 21181
2026/09/26 13:28:09.903, 21181
2026/09/26 13:28:10.403, 21181
2026/09/26 13:28:10.903, 21181
2026/09/26 13:28:11.403, 21181
2026/09/26 13:28:11.903, 21181
2026/09/26 13:28:12.403, 21181
2026/09/26 13:28:12.903, 21181
2026/09/26 13:28:13.404, 21181
2026/09/26 13:28:13.904, 21181
2026/09/26 13:28:14.404, 21181
2026/09/26 13:28:14.904, 21181
2026/09/26 13:28:15.404, 21181
2026/09/26 13:28:15.904, 21181
2026/09/26 13:28:16.405, 21181
2026/09/26 13:28:16.905, 21181
2026/09/26 13:28:17.405, 21181
2026/09/26 13:28:17.905, 21181
2026/09/26 13:28:18.405, 21181
2026/09/26 13:28:18.905, 21181
2026/09/26 13:28:19.405, 21181
2026/09/26 13:28:19.906, 21181
2026/09/26 13:28:20.406, 21181
2026/09/26 13:28:20.906, 21181
2026/09/26 13:28:21.406, 21181
2026/09/26 13:28:21.906, 21181
2026/09/26 13:28:22.406, 21181
2026/09/26 13:28:22.906, 21181
2026/09/26 13:28:23.406, 21181
2026/09/26 13:28:23.907, 21181
2026/09/26 13:28:24.407, 21181
2026/09/26 13:28:24.907, 21181
2026/09/26 13:28:25.407, 21181
2026/09/26 13:28:25.907, 21181
2026/09/26 13:28:26.407, 21181
2026/09/26 13:28:26.907, 21181
2026/09/26 13:28:27.408, 21181
2026/09/26 13:28:27.908, 21181
2026/09/26 13:28:28.408, 21181
2026/09/26 13:28:28.908, 21181
2026/09/26 13:28:29.408, 21181
2026/09/26 13:28:29.908, 21181
2026/09/26 13:28:30.409, 21181
2026/09/26 13:28:30.909, 21181
2026/09/26 13:28:31.409, 21181
2026/09/26 13:28:31.909, 21181
2026/09/26 13:28:32.409, 21181
2026/09/26 13:28:32.909, 21181
2026/09/26 13:28:33.409, 21181
2026/09/26 13:28:33.910, 21181
2026/09/26 13:28:34.410, 21181
2026/09/26 13:28:34.910, 21181
2026/09/26 13:28:35.410, 21181
2026/09/26 13:28:35.910, 21181
2026/09/26 13:28:36.410, 21181
2026/09/26 13:28:36.911, 21181
2026/09/26 13:28:37.411, 21181
2026/09/26 13:28:37.911, 21181
2026/09/26 13:28:38.411, 21181
2026/09/26 13:28:38.911, 21181
2026/09/26 13:28:39.411, 21181
2026/09/26 13:28:39.911, 21181
2026/09/26 13:28:40.412, 21181
2026/09/26 13:28:40.912, 21181
2026/09/26 13:28:41.412, 21181
2026/09/26 13:28:41.912, 21181
2026/09/26 13:28:42.412, 21181
2026/09/26 13:28:42.912, 21181
2026/09/26 13:28:43.413, 21181
2026/09/26 13:28:43.913, 21181
2026/09/26 13:28:44.413, 21181
2026/09/26 13:28:44.913, 21181
2026/09/26 13:28:45.413, 21181
2026/09/26 13:28:45.913, 21181
2026/09/26 13:28:46.413, 21181
2026/09/26 13:28:46.914, 21181
2026/09/26 13:28:47.414, 21181
2026/09/26 13:28:47.914, 21181
2026/09/26 13:28:48.414, 21181
2026/09/26 13:28:48.914, 21181
2026/09/26 13:28:49.414, 21181
2026/09/26 13:28:49.915, 21181
2026/09/26 13:28:50.415, 21181
2026/09/26 13:28:50.915, 21181
2026/09/26 13:28:51.415, 21181
2026/09/26 13:28:51.915, 21181
2026/09/26 13:28:52.415, 21181
2026/09/26 13:28:52.916, 21181
2026/09/26 13:28:53.416, 21181
2026/09/26 13:28:53.916, 21181
2026/09/26 13:28:54.416, 21181
2026/09/26 13:28:54.916, 21181
2026/09/26 13:28:55.416, 21181
2026/09/26 13:28:55.916, 21181
2026/09/26 13:28:56.417, 21181
2026/09/26 13:28:56.917, 21181
2026/09/26 13:28:57.417, 21181
2026/09/26 13:28:57.917, 21181
2026/09/26 13:28:58.417, 21181
2026/09/26 13:28:58.917, 21181
2026/09/26 13:28:59.418, 21181
2026/09/26 13:28:59.918, 21181
2026/09/26 13:29:00.418, 21181
2026/09/26 13:29:00.918, 21181
2026/09/26 13:29:01.418, 21181
2026/09/26 13:29:01.918, 21181
2026/09/26 13:29:02.419, 21181
2026/09/26 13:29:02.919, 21181
2026/09/26 13:29:03.419, 21181
2026/09/26 13:29:03.919, 21181
2026/09/26 13:29:04.419, 21181
2026/09/26 13:29:04.919, 21181
2026/09/26 13:29:05.420, 21181
2026/09/26 13:29:05.920, 21181
2026/09/26 13:29:06.420, 21181
2026/09/26 13:29:06.920, 21181
2026/09/26 13:29:07.420, 21181
2026/09/26 13:29:07.920, 21181
2026/09/26 13:29:08.421, 21181
2026/09/26 13:29:08.921, 21181
2026/09/26 13:29:09.421, 21181
2026/09/26 13:29:09.921, 21181
2026/09/26 13:29:10.421, 21181
2026/09/26 13:29:10.921, 21181
2026/09/26 13:29:11.422, 21181
2026/09/26 13:29:11.922, 21181
2026/09/26 13:29:12.422, 21181
2026/09/26 13:29:12.922, 21181
2026/09/26 13:29:13.422, 21181
2026/09/26 13:29:13.922, 21181
2026/09/26 13:29:14.423, 21181
2026/09/26 13:29:14.923, 21181
2026/09/26 13:29:15.423, 21181
2026/09/26 13:29:15.923, 21181
2026/09/26 13:29:16.423, 21181
2026/09/26 13:29:16.923, 21181
2026/09/26 13:29:17.423, 21181
2026/09/26 13:29:17.924, 21181
2026/09/26 13:29:18.424, 21181
2026/09/26 13:29:18.924, 21181
2026/09/26 13:29:19.424, 21181
2026/09/26 13:29:19.924, 21181
2026/09/26 13:29:20.424, 21181
2026/09/26 13:29:20.925, 21181
2026/09/26 13:29:21.425, 21181
2026/09/26 13:29:21.925, 21181
2026/09/26 13:29:22.425, 21181
2026/09/26 13:29:22.925, 21181
2026/09/26 13:29:23.425, 21181
2026/09/26 13:29:23.926, 21181
2026/09/26 13:29:24.426, 21181
2026/09/26 13:29:24.926, 21181
2026/09/26 13:29:25.426, 21181
2026/09/26 13:29:25.926, 21181
2026/09/26 13:29:26.426, 21181
2026/09/26 13:29:26.926, 21181
2026/09/26 13:29:27.427, 21181
2026/09/26 13:29:27.927, 21181
2026/09/26 13:29:28.427, 21181
2026/09/26 13:29:28.927, 21181
2026/09/26 13:29:29.427, 21181
2026/09/26 13:29:29.927, 21181
2026/09/26 13:29:30.427, 21181
2026/09/26 13:29:30.928, 21181
2026/09/26 13:29:31.428, 21181
2026/09/26 13:29:31.928, 21181
2026/09/26 13:29:32.428, 21181
2026/09/26 13:29:32.929, 21181
2026/09/26 13:29:33.429, 21181
2026/09/26 13:29:33.929, 21181
2026/09/26 13:29:34.429, 21181
2026/09/26 13:29:34.929, 21181
2026/09/26 13:29:35.429, 21181
2026/09/26 13:29:35.929, 21181
2026/09/26 13:29:36.429, 21181
2026/09/26 13:29:36.930, 21181
2026/09/26 13:29:37.430, 21181
2026/09/26 13:29:37.930, 21181
2026/09/26 13:29:38.430, 21181
2026/09/26 13:29:38.930, 21181
2026/09/26 13:29:39.430, 21181
2026/09/26 13:29:39.930, 21181
2026/09/26 13:29:40.430, 21181
2026/09/26 13:29:40.931, 21181
2026/09/26 13:29:41.431, 21181
2026/09/26 13:29:41.931, 21181
2026/09/26 13:29:42.431, 21181
2026/09/26 13:29:42.931, 21181
2026/09/26 13:29:43.431, 21181
2026/09/26 13:29:43.931, 21181
2026/09/26 13:29:44.432, 21181
2026/09/26 13:29:44.932, 21181
2026/09/26 13:29:45.432, 21181
2026/09/26 13:29:45.932, 21181
2026/09/26 13:29:46.432, 21181
2026/09/26 13:29:46.932, 21181
2026/09/26 13:29:47.432, 21181
2026/09/26 13:29:47.932, 21181
2026/09/26 13:29:48.433, 21181
2026/09/26 13:29:48.933, 21181
2026/09/26 13:29:49.433, 21181
2026/09/26 13:29:49.933, 21181
2026/09/26 13:29:50.433, 21181
2026/09/26 13:29:50.933, 21181
2026/09/26 13:29:51.433, 21181
2026/09/26 13:29:51.934, 21181
2026/09/26 13:29:52.434, 21181
2026/09/26 13:29:52.934, 21181
2026/09/26 13:29:53.434, 21181
2026/09/26 13:29:53.934, 21181
2026/09/26 13:29:54.434, 21181
2026/09/26 13:29:54.934, 21181
2026/09/26 13:29:55.435, 21181
2026/09/26 13:29:55.935, 21181
2026/09/26 13:29:56.435, 21181
2026/09/26 13:29:56.935, 21181
2026/09/26 13:29:57.435, 21181
2026/09/26 13:29:57.935, 21181
2026/09/26 13:29:58.435, 21181
2026/09/26 13:29:58.936, 21181
2026/09/26 13:29:59.436, 21181
2026/09/26 13:29:59.936, 21181
2026/09/26 13:30:00.436, 21181
2026/09/26 13:30:00.936, 21181
2026/09/26 13:30:01.436, 21181
2026/09/26 13:30:01.936, 21181
2026/09/26 13:30:02.437, 21181
2026/09/26 13:30:02.937, 21181
2026/09/26 13:30:03.437, 21181
2026/09/26 13:30:03.937, 21181
2026/09/26 13:30:04.437, 21181
2026/09/26 13:30:04.937, 21181
2026/09/26 13:30:05.438, 21181
2026/09/26 13:30:05.938, 21181
2026/09/26 13:30:06.438, 21181
2026/09/26 13:30:06.938, 21181
2026/09/26 13:30:07.438, 21181
2026/09/26 13:30:07.938, 21181
2026/09/26 13:30:08.438, 21181
2026/09/26 13:30:08.939, 21181
2026/09/26 13:30:09.439, 21181
2026/09/26 13:30:09.939, 21181
2026/09/26 13:30:10.439, 21181
2026/09/26 13:30:10.939, 21181
2026/09/26 13:30:11.439, 21181
2026/09/26 13:30:11.940, 21181
2026/09/26 13:30:12.440, 21181
2026/09/26 13:30:12.940, 21181
2026/09/26 13:30:13.440, 21181
2026/09/26 13:30:13.940, 21181
2026/09/26 13:30:14.440, 21181
2026/09/26 13:30:14.941, 21181
2026/09/26 13:30:15.441, 21181
2026/09/26 13:30:15.941, 21181
2026/09/26 13:30:16.441, 21181
2026/09/26 13:30:16.941, 21181
2026/09/26 13:30:17.441, 21181
2026/09/26 13:30:17.941, 21181
2026/09/26 13:30:18.442, 21181
2026/09/26 13:30:18.942, 21181
2026/09/26 13:30:19.442, 21181
2026/09/26 13:30:19.942, 21181
2026/09/26 13:30:20.442, 21181
2026/09/26 13:30:20.942, 21181
2026/09/26 13:30:21.443, 21181
2026/09/26 13:30:21.943, 21181
2026/09/26 13:30:22.443, 21181
2026/09/26 13:30:22.943, 21181
2026/09/26 13:30:23.443, 21181
2026/09/26 13:30:23.943, 21181
2026/09/26 13:30:24.444, 21181
2026/09/26 13:30:24.944, 21181
2026/09/26 13:30:25.444, 21181
2026/09/26 13:30:25.944, 21181
2026/09/26 13:30:26.444, 21181
2026/09/26 13:30:26.945, 21181
2026/09/26 13:30:27.445, 21181
2026/09/26 13:30:27.945, 21181
2026/09/26 13:30:28.445, 21181
2026/09/26 13:30:28.945, 21181
2026/09/26 13:30:29.450, 21181
2026/09/26 13:30:29.950, 21181
2026/09/26 13:30:30.450, 21181
2026/09/26 13:30:30.950, 21181
2026/09/26 13:30:31.451, 21181
2026/09/26 13:30:31.951, 21181
2026/09/26 13:30:32.451, 21181
2026/09/26 13:30:32.951, 21181
2026/09/26 13:30:33.451, 21181
2026/09/26 13:30:33.951, 21181
2026/09/26 13:30:34.452, 21181
2026/09/26 13:30:34.952, 21181
2026/09/26 13:30:35.452, 21181
2026/09/26 13:30:35.952, 21181
2026/09/26 13:30:36.453, 21181
2026/09/26 13:30:36.953, 21181
2026/09/26 13:30:37.453, 21181
2026/09/26 13:30:37.953, 21181
2026/09/26 13:30:38.453, 21181
2026/09/26 13:30:38.953, 21181
2026/09/26 13:30:39.453, 21181
2026/09/26 13:30:39.954, 21181
2026/09/26 13:30:40.454, 21181
2026/09/26 13:30:40.954, 21181
2026/09/26 13:30:41.454, 21181
2026/09/26 13:30:41.954, 21181
2026/09/26 13:30:42.454, 21181
2026/09/26 13:30:42.955, 21181
2026/09/26 13:30:43.455, 21181
2026/09/26 13:30:43.955, 21181
2026/09/26 13:30:44.455, 21181
2026/09/26 13:30:44.957, 21181
2026/09/26 13:30:45.457, 21181
2026/09/26 13:30:45.957, 21181
2026/09/26 13:30:46.457, 21181
2026/09/26 13:30:46.957, 21181
2026/09/26 13:30:47.457, 21181
2026/09/26 13:30:47.957, 21181
2026/09/26 13:30:48.458, 21181
2026/09/26 13:30:48.958, 21181
2026/09/26 13:30:49.458, 21181
2026/09/26 13:30:49.958, 21181
2026/09/26 13:30:50.458, 21181
2026/09/26 13:30:50.958, 21181
2026/09/26 13:30:51.458, 21181
2026/09/26 13:30:51.959, 21181
2026/09/26 13:30:52.459, 21181
2026/09/26 13:30:52.959, 21181
2026/09/26 13:30:53.459, 21181
2026/09/26 13:30:53.959, 21181
2026/09/26 13:30:54.459, 21181
2026/09/26 13:30:54.960, 21181
2026/09/26 13:30:55.460, 21181
2026/09/26 13:30:55.960, 21181
2026/09/26 13:30:56.460, 21181
2026/09/26 13:30:56.960, 21181
2026/09/26 13:30:57.460, 21181
2026/09/26 13:30:57.960, 21181
2026/09/26 13:30:58.461, 21181
2026/09/26 13:30:58.961, 21181
2026/09/26 13:30:59.461, 21181
2026/09/26 13:30:59.961, 21181
2026/09/26 13:31:00.461, 21181
2026/09/26 13:31:00.961, 21181
2026/09/26 13:31:01.461, 21181
2026/09/26 13:31:01.962, 21181
2026/09/26 13:31:02.462, 21181
2026/09/26 13:31:02.962, 21181
2026/09/26 13:31:03.462, 21181
2026/09/26 13:31:03.962, 21181
2026/09/26 13:31:04.462, 21181
2026/09/26 13:31:04.962, 21181
2026/09/26 13:31:05.463, 21181
2026/09/26 13:31:05.963, 21181
2026/09/26 13:31:06.463, 21181
2026/09/26 13:31:06.963, 21181
2026/09/26 13:31:07.463, 21181
2026/09/26 13:31:07.963, 21181
2026/09/26 13:31:08.463, 21181
2026/09/26 13:31:08.964, 21181
2026/09/26 13:31:09.464, 21181
2026/09/26 13:31:09.964, 21181
2026/09/26 13:31:10.464, 21181
2026/09/26 13:31:10.964, 21181
2026/09/26 13:31:11.464, 21181
2026/09/26 13:31:11.965, 21181
2026/09/26 13:31:12.465, 21181
2026/09/26 13:31:12.965, 21181
2026/09/26 13:31:13.465, 21181
2026/09/26 13:31:13.965, 21181
2026/09/26 13:31:14.465, 21181
2026/09/26 13:31:14.965, 21181
2026/09/26 13:31:15.466, 21181
2026/09/26 13:31:15.966, 21181
2026/09/26 13:31:16.466, 21181
2026/09/26 13:31:16.966, 21181
2026/09/26 13:31:17.466, 21181
2026/09/26 13:31:17.966, 21181
2026/09/26 13:31:18.466, 21181
2026/09/26 13:31:18.967, 21181
2026/09/26 13:31:19.467, 21181
2026/09/26 13:31:19.967, 21181
2026/09/26 13:31:20.467, 21181
2026/09/26 13:31:20.967, 21181
2026/09/26 13:31:21.467, 21181
2026/09/26 13:31:21.967, 21181
2026/09/26 13:31:22.468, 21181
2026/09/26 13:31:22.968, 21181
2026/09/26 13:31:23.468, 21181
2026/09/26 13:31:23.968, 21181
2026/09/26 13:31:24.468, 21181
2026/09/26 13:31:24.968, 21181
2026/09/26 13:31:25.468, 21181
2026/09/26 13:31:25.969, 21181
2026/09/26 13:31:26.469, 21181
2026/09/26 13:31:26.969, 21181
2026/09/26 13:31:27.469, 21181
2026/09/26 13:31:27.969, 21181
2026/09/26 13:31:28.469, 21181
2026/09/26 13:31:28.970, 21181
2026/09/26 13:31:29.470, 21181
2026/09/26 13:31:29.970, 21181
2026/09/26 13:31:30.470, 21181
2026/09/26 13:31:30.970, 21181
2026/09/26 13:31:31.470, 21181
2026/09/26 13:31:31.970, 21181
2026/09/26 13:31:32.471, 21181
2026/09/26 13:31:32.971, 21181
2026/09/26 13:31:33.471, 21181
2026/09/26 13:31:33.971, 21181
2026/09/26 13:31:34.471, 21181
2026/09/26 13:31:34.971, 21181
2026/09/26 13:31:35.472, 21181
2026/09/26 13:31:35.972, 21181
2026/09/26 13:31:36.472, 21181
2026/09/26 13:31:36.972, 21181
2026/09/26 13:31:37.472, 21181
2026/09/26 13:31:37.972, 21181
2026/09/26 13:31:38.473, 21181
2026/09/26 13:31:38.973, 21181
2026/09/26 13:31:39.473, 21181
2026/09/26 13:31:39.973, 21181
2026/09/26 13:31:40.473, 21181
2026/09/26 13:31:40.973, 21181
2026/09/26 13:31:41.473, 21181
2026/09/26 13:31:41.974, 21181
2026/09/26 13:31:42.474, 21181
2026/09/26 13:31:42.974, 21181
2026/09/26 13:31:43.474, 21181
2026/09/26 13:31:43.974, 21181
2026/09/26 13:31:44.474, 21181
2026/09/26 13:31:44.974, 21181
2026/09/26 13:31:45.475, 21181
2026/09/26 13:31:45.975, 21181
2026/09/26 13:31:46.475, 21181
2026/09/26 13:31:46.975, 21181
2026/09/26 13:31:47.475, 21181
2026/09/26 13:31:47.975, 21181
2026/09/26 13:31:48.475, 21181
2026/09/26 13:31:48.976, 21181
2026/09/26 13:31:49.476, 21181
2026/09/26 13:31:49.976, 21181
2026/09/26 13:31:50.476, 21181
2026/09/26 13:31:50.976, 21181
2026/09/26 13:31:51.476, 21181
2026/09/26 13:31:51.976, 21181
2026/09/26 13:31:52.477, 21181
2026/09/26 13:31:52.977, 21181
2026/09/26 13:31:53.477, 21181
2026/09/26 13:31:53.977, 21181
2026/09/26 13:31:54.477, 21181
2026/09/26 13:31:54.977, 21181
2026/09/26 13:31:55.477, 21181
2026/09/26 13:31:55.978, 21181
2026/09/26 13:31:56.478, 21181
2026/09/26 13:31:56.978, 21181
2026/09/26 13:31:57.478, 21181
2026/09/26 13:31:57.978, 21181
2026/09/26 13:31:58.478, 21181
2026/09/26 13:31:58.979, 21181
2026/09/26 13:31:59.479, 21181
2026/09/26 13:31:59.979, 21181
2026/09/26 13:32:00.479, 21181
2026/09/26 13:32:00.979, 21181
2026/09/26 13:32:01.479, 21181
2026/09/26 13:32:01.980, 21181
2026/09/26 13:32:02.480, 21181
2026/09/26 13:32:02.980, 21181
2026/09/26 13:32:03.480, 21181
2026/09/26 13:32:03.980, 21181
2026/09/26 13:32:04.480, 21181
2026/09/26 13:32:04.981, 21181
2026/09/26 13:32:05.481, 21181
2026/09/26 13:32:05.981, 21181
2026/09/26 13:32:06.481, 21181
2026/09/26 13:32:06.981, 21181
2026/09/26 13:32:07.481, 21181
2026/09/26 13:32:07.981, 21181
2026/09/26 13:32:08.482, 21181
2026/09/26 13:32:08.982, 21181
2026/09/26 13:32:09.482, 21181
2026/09/26 13:32:09.982, 21181
2026/09/26 13:32:10.482, 21181
2026/09/26 13:32:10.982, 21181
2026/09/26 13:32:11.482, 21181
2026/09/26 13:32:11.983, 21181
2026/09/26 13:32:12.483, 21181
2026/09/26 13:32:12.983, 21181
2026/09/26 13:32:13.483, 21181
2026/09/26 13:32:13.983, 21181
2026/09/26 13:32:14.483, 21181
2026/09/26 13:32:14.983, 21181
2026/09/26 13:32:15.484, 21181
2026/09/26 13:32:15.984, 21181
2026/09/26 13:32:16.484, 21181
2026/09/26 13:32:16.984, 21181
2026/09/26 13:32:17.484, 21181
2026/09/26 13:32:17.984, 21181
2026/09/26 13:32:18.485, 21181
2026/09/26 13:32:18.985, 21181
2026/09/26 13:32:19.485, 21181
2026/09/26 13:32:19.985, 21181
2026/09/26 13:32:20.485, 21181
2026/09/26 13:32:20.985, 21181
2026/09/26 13:32:21.486, 21181
2026/09/26 13:32:21.986, 21181
2026/09/26 13:32:22.486, 21181
2026/09/26 13:32:22.986, 21181
2026/09/26 13:32:23.486, 21181
2026/09/26 13:32:23.986, 21181
2026/09/26 13:32:24.487, 21181
2026/09/26 13:32:24.987, 21181
2026/09/26 13:32:25.487, 21181
2026/09/26 13:32:25.987, 21181
2026/09/26 13:32:26.487, 21181
2026/09/26 13:32:26.987, 21181
2026/09/26 13:32:27.487, 21181
2026/09/26 13:32:27.987, 21181
2026/09/26 13:32:28.488, 21181
2026/09/26 13:32:28.988, 21181
2026/09/26 13:32:29.488, 21181
2026/09/26 13:32:29.988, 21181
2026/09/26 13:32:30.488, 21181
2026/09/26 13:32:30.988, 21181
2026/09/26 13:32:31.488, 21181
2026/09/26 13:32:31.989, 21181
2026/09/26 13:32:32.489, 21181
2026/09/26 13:32:32.989, 21277
2026/09/26 13:32:33.489, 21277
2026/09/26 13:32:33.989, 21277
2026/09/26 13:32:34.489, 21277
2026/09/26 13:32:34.989, 21277
2026/09/26 13:32:35.490, 21277
2026/09/26 13:32:35.990, 21277
2026/09/26 13:32:36.490, 21277
2026/09/26 13:32:36.990, 21277
2026/09/26 13:32:37.490, 21277
2026/09/26 13:32:37.990, 21277
2026/09/26 13:32:38.490, 21277
2026/09/26 13:32:38.991, 21277
2026/09/26 13:32:39.491, 21277
2026/09/26 13:32:39.991, 21277
2026/09/26 13:32:40.491, 21277
2026/09/26 13:32:40.991, 21277
2026/09/26 13:32:41.491, 21277
2026/09/26 13:32:41.991, 21277
2026/09/26 13:32:42.492, 21277
2026/09/26 13:32:42.992, 21277
2026/09/26 13:32:43.492, 21277
2026/09/26 13:32:43.992, 21277
2026/09/26 13:32:44.492, 21277
2026/09/26 13:32:44.992, 21277
2026/09/26 13:32:45.492, 21277
2026/09/26 13:32:45.993, 21277
2026/09/26 13:32:46.493, 21277
2026/09/26 13:32:46.993, 21277
2026/09/26 13:32:47.493, 21277
2026/09/26 13:32:47.993, 21277
2026/09/26 13:32:48.493, 21277
2026/09/26 13:32:48.993, 21277
2026/09/26 13:32:49.494, 21277
2026/09/26 13:32:49.994, 21277
2026/09/26 13:32:50.494, 21277
2026/09/26 13:32:50.994, 21277
2026/09/26 13:32:51.494, 21277
2026/09/26 13:32:51.994, 21277
2026/09/26 13:32:52.494, 21277
2026/09/26 13:32:52.995, 21277
2026/09/26 13:32:53.495, 21277
2026/09/26 13:32:53.995, 21277
2026/09/26 13:32:54.495, 21277
2026/09/26 13:32:54.995, 21277
2026/09/26 13:32:55.495, 21277
2026/09/26 13:32:55.996, 21277
2026/09/26 13:32:56.496, 21277
2026/09/26 13:32:56.996, 21277
2026/09/26 13:32:57.496, 21277
2026/09/26 13:32:57.996, 21277
2026/09/26 13:32:58.496, 21277
2026/09/26 13:32:58.996, 21277
2026/09/26 13:32:59.497, 21277
2026/09/26 13:32:59.997, 21277
2026/09/26 13:33:00.497, 21277
2026/09/26 13:33:00.997, 21277
2026/09/26 13:33:01.497, 21277
2026/09/26 13:33:01.997, 21277
2026/09/26 13:33:02.498, 21277
2026/09/26 13:33:02.998, 21277
2026/09/26 13:33:03.498, 21277
2026/09/26 13:33:03.998, 21277
2026/09/26 13:33:04.498, 21277
2026/09/26 13:33:04.998, 21277
2026/09/26 13:33:05.499, 21277
2026/09/26 13:33:05.999, 21277
2026/09/26 13:33:06.499, 21277
2026/09/26 13:33:06.999, 21277
2026/09/26 13:33:07.499, 21277
2026/09/26 13:33:07.999, 21277
2026/09/26 13:33:08.500, 21277
2026/09/26 13:33:09.000, 21277
2026/09/26 13:33:09.500, 21277
2026/09/26 13:33:10.000, 21277
2026/09/26 13:33:10.500, 21277
2026/09/26 13:33:11.001, 21277
2026/09/26 13:33:11.501, 21277
2026/09/26 13:33:12.001, 21277
2026/09/26 13:33:12.501, 21277
2026/09/26 13:33:13.001, 21277
2026/09/26 13:33:13.501, 21277
2026/09/26 13:33:14.001, 21277
2026/09/26 13:33:14.502, 21277
2026/09/26 13:33:15.002, 21277
2026/09/26 13:33:15.502, 21277
2026/09/26 13:33:16.002, 21277
2026/09/26 13:33:16.502, 21277
2026/09/26 13:33:17.002, 21277
2026/09/26 13:33:17.503, 21277
2026/09/26 13:33:18.003, 21277
2026/09/26 13:33:18.503, 21277
2026/09/26 13:33:19.003, 21277
2026/09/26 13:33:19.503, 21277
2026/09/26 13:33:20.004, 21277
2026/09/26 13:33:20.504, 21277
2026/09/26 13:33:21.004, 21277
2026/09/26 13:33:21.504, 21277
2026/09/26 13:33:22.004, 21277
2026/09/26 13:33:22.504, 21277
2026/09/26 13:33:23.005, 21277
2026/09/26 13:33:23.505, 21277
2026/09/26 13:33:24.005, 21277
2026/09/26 13:33:24.505, 21277
2026/09/26 13:33:25.005, 21277
2026/09/26 13:33:25.505, 21277
2026/09/26 13:33:26.005, 21277
2026/09/26 13:33:26.506, 21277
2026/09/26 13:33:27.006, 21277
2026/09/26 13:33:27.506, 21277
2026/09/26 13:33:28.006, 21277
2026/09/26 13:33:28.506, 21277
2026/09/26 13:33:29.006, 21277
2026/09/26 13:33:29.506, 21277
2026/09/26 13:33:30.007, 21277
2026/09/26 13:33:30.507, 21277
2026/09/26 13:33:31.007, 21277
2026/09/26 13:33:31.507, 21277
2026/09/26 13:33:32.007, 21277
2026/09/26 13:33:32.507, 21277
2026/09/26 13:33:33.007, 21277
2026/09/26 13:33:33.508, 21277
2026/09/26 13:33:34.008, 21277
2026/09/26 13:33:34.508, 21277
2026/09/26 13:33:35.008, 21277
2026/09/26 13:33:35.508, 21277
2026/09/26 13:33:36.008, 21277
2026/09/26 13:33:36.508, 21277
2026/09/26 13:33:37.009, 21277
2026/09/26 13:33:37.509, 21277
2026/09/26 13:33:38.009, 21277
2026/09/26 13:33:38.509, 21277
2026/09/26 13:33:39.009, 21277
2026/09/26 13:33:39.509, 21277
2026/09/26 13:33:40.009, 21277
2026/09/26 13:33:40.510, 21277
2026/09/26 13:33:41.010, 21277
2026/09/26 13:33:41.510, 21277
2026/09/26 13:33:42.010, 21277
2026/09/26 13:33:42.510, 21277
2026/09/26 13:33:43.010, 21277
2026/09/26 13:33:43.510, 21277
2026/09/26 13:33:44.011, 21277
2026/09/26 13:33:44.511, 21277
2026/09/26 13:33:45.011, 21277
2026/09/26 13:33:45.511, 21277
2026/09/26 13:33:46.011, 21277
2026/09/26 13:33:46.511, 21277
2026/09/26 13:33:47.011, 21277
2026/09/26 13:33:47.511, 21277
2026/09/26 13:33:48.012, 21277
2026/09/26 13:33:48.512, 21277
2026/09/26 13:33:49.012, 21277
2026/09/26 13:33:49.512, 21277
2026/09/26 13:33:50.012, 21277
2026/09/26 13:33:50.512, 21277
2026/09/26 13:33:51.013, 21277
2026/09/26 13:33:51.513, 21277
2026/09/26 13:33:52.013, 21277
2026/09/26 13:33:52.513, 21277
2026/09/26 13:33:53.013, 21277
2026/09/26 13:33:53.513, 21277
2026/09/26 13:33:54.013, 21277
2026/09/26 13:33:54.514, 21277
2026/09/26 13:33:55.014, 21277
2026/09/26 13:33:55.514, 21277
2026/09/26 13:33:56.014, 21277
2026/09/26 13:33:56.514, 21277
2026/09/26 13:33:57.014, 21277
2026/09/26 13:33:57.514, 21277
2026/09/26 13:33:58.015, 21277
2026/09/26 13:33:58.515, 21277
2026/09/26 13:33:59.015, 21277
2026/09/26 13:33:59.515, 21277
2026/09/26 13:34:00.015, 21277
2026/09/26 13:34:00.515, 21277
2026/09/26 13:34:01.015, 21277
2026/09/26 13:34:01.516, 21277
2026/09/26 13:34:02.016, 21277
2026/09/26 13:34:02.516, 21277
2026/09/26 13:34:03.016, 21277
2026/09/26 13:34:03.516, 21277
2026/09/26 13:34:04.016, 21277
2026/09/26 13:34:04.516, 21277
2026/09/26 13:34:05.016, 21277
2026/09/26 13:34:05.517, 21277
2026/09/26 13:34:06.017, 21277
2026/09/26 13:34:06.517, 21277
2026/09/26 13:34:07.017, 21277
2026/09/26 13:34:07.517, 21277
2026/09/26 13:34:08.017, 21277
2026/09/26 13:34:08.517, 21277
2026/09/26 13:34:09.018, 21575
2026/09/26 13:34:09.518, 21575
2026/09/26 13:34:10.018, 21575
2026/09/26 13:34:10.518, 21575
2026/09/26 13:34:11.018, 21575
2026/09/26 13:34:11.518, 21575
2026/09/26 13:34:12.018, 21575
2026/09/26 13:34:12.519, 21575
2026/09/26 13:34:13.019, 21575
2026/09/26 13:34:13.519, 21575
2026/09/26 13:34:14.019, 21575
2026/09/26 13:34:14.519, 21575
2026/09/26 13:34:15.019, 21575
2026/09/26 13:34:15.520, 21575
2026/09/26 13:34:16.051, 21575
2026/09/26 13:34:16.551, 21575
2026/09/26 13:34:17.052, 21575
2026/09/26 13:34:17.552, 21575
2026/09/26 13:34:18.052, 21575
2026/09/26 13:34:18.552, 21575
2026/09/26 13:34:19.052, 21575
2026/09/26 13:34:19.552, 21575
2026/09/26 13:34:20.053, 21575
2026/09/26 13:34:20.553, 21575
2026/09/26 13:34:21.053, 21575
2026/09/26 13:34:21.553, 21575
2026/09/26 13:34:22.053, 21575
2026/09/26 13:34:22.554, 21575
2026/09/26 13:34:23.054, 21575
2026/09/26 13:34:23.554, 21575
2026/09/26 13:34:24.054, 21575
2026/09/26 13:34:24.554, 21575
2026/09/26 13:34:25.055, 21575
2026/09/26 13:34:25.555, 21575
2026/09/26 13:34:26.055, 21575
2026/09/26 13:34:26.555, 21575
2026/09/26 13:34:27.055, 21575
2026/09/26 13:34:27.555, 21575
2026/09/26 13:34:28.056, 21575
2026/09/26 13:34:28.556, 21575
2026/09/26 13:34:29.056, 21575
2026/09/26 13:34:29.556, 21575
2026/09/26 13:34:30.056, 21575
2026/09/26 13:34:30.557, 21575
2026/09/26 13:34:31.057, 21575
2026/09/26 13:34:31.557, 21575
2026/09/26 13:34:32.057, 21575
2026/09/26 13:34:32.557, 21575
2026/09/26 13:34:33.057, 21575
2026/09/26 13:34:33.557, 21575
2026/09/26 13:34:34.058, 21575
2026/09/26 13:34:34.558, 21575
2026/09/26 13:34:35.058, 21575
2026/09/26 13:34:35.558, 21575
2026/09/26 13:34:36.058, 21575
2026/09/26 13:34:36.558, 21575
2026/09/26 13:34:37.059, 21575
2026/09/26 13:34:37.559, 21575
2026/09/26 13:34:38.059, 21575
2026/09/26 13:34:38.559, 21575
2026/09/26 13:34:39.059, 21575
2026/09/26 13:34:39.559, 21575
2026/09/26 13:34:40.060, 21575
2026/09/26 13:34:40.560, 21575
2026/09/26 13:34:41.060, 21575
2026/09/26 13:34:41.560, 21575
2026/09/26 13:34:42.060, 21575
2026/09/26 13:34:42.560, 21575
2026/09/26 13:34:43.060, 21575
2026/09/26 13:34:43.561, 21575
2026/09/26 13:34:44.061, 21575
2026/09/26 13:34:44.561, 21575
2026/09/26 13:34:45.061, 21575
2026/09/26 13:34:45.561, 21575
2026/09/26 13:34:46.061, 21575
2026/09/26 13:34:46.562, 21575
2026/09/26 13:34:47.062, 21575
2026/09/26 13:34:47.562, 21575
2026/09/26 13:34:48.062, 21575
2026/09/26 13:34:48.562, 21575
2026/09/26 13:34:49.062, 21575
2026/09/26 13:34:49.562, 21575
2026/09/26 13:34:50.062, 21575
2026/09/26 13:34:50.563, 21575
2026/09/26 13:34:51.063, 21575
2026/09/26 13:34:51.563, 21575
2026/09/26 13:34:52.063, 21575
2026/09/26 13:34:52.563, 21575
2026/09/26 13:34:53.063, 21575
2026/09/26 13:34:53.564, 21575
2026/09/26 13:34:54.064, 21575
2026/09/26 13:34:54.564, 21575
2026/09/26 13:34:55.064, 21575
2026/09/26 13:34:55.564, 21575
2026/09/26 13:34:56.064, 21575
2026/09/26 13:34:56.564, 21575
2026/09/26 13:34:57.065, 21575
2026/09/26 13:34:57.565, 21575
2026/09/26 13:34:58.065, 21575
2026/09/26 13:34:58.565, 21575
2026/09/26 13:34:59.065, 21575
2026/09/26 13:34:59.565, 21575
2026/09/26 13:35:00.065, 21575
2026/09/26 13:35:00.566, 21575
2026/09/26 13:35:01.066, 21575
2026/09/26 13:35:01.567, 21575
2026/09/26 13:35:02.067, 21575
2026/09/26 13:35:02.567, 21575
2026/09/26 13:35:03.067, 21575
2026/09/26 13:35:03.567, 21575
2026/09/26 13:35:04.067, 21575
2026/09/26 13:35:04.568, 21575
2026/09/26 13:35:05.068, 21575
2026/09/26 13:35:05.568, 21575
2026/09/26 13:35:06.068, 21575
2026/09/26 13:35:06.568, 21575
2026/09/26 13:35:07.068, 21575
2026/09/26 13:35:07.569, 21575
2026/09/26 13:35:08.069, 21575
2026/09/26 13:35:08.569, 21575
2026/09/26 13:35:09.069, 21575
2026/09/26 13:35:09.569, 21575
2026/09/26 13:35:10.069, 21575
2026/09/26 13:35:10.569, 21575
2026/09/26 13:35:11.070, 21575
2026/09/26 13:35:11.570, 21575
2026/09/26 13:35:12.070, 21575
2026/09/26 13:35:12.570, 21575
2026/09/26 13:35:13.070, 21575
2026/09/26 13:35:13.570, 21575
2026/09/26 13:35:14.071, 21575
2026/09/26 13:35:14.571, 21575
2026/09/26 13:35:15.071, 21575
2026/09/26 13:35:15.571, 21575
2026/09/26 13:35:16.071, 21575
2026/09/26 13:35:16.571, 21575
2026/09/26 13:35:17.071, 21575
2026/09/26 13:35:17.572, 21575
2026/09/26 13:35:18.072, 21575
2026/09/26 13:35:18.572, 21575
2026/09/26 13:35:19.072, 21575
2026/09/26 13:35:19.572, 21575
2026/09/26 13:35:20.073, 21575
2026/09/26 13:35:20.573, 21575
2026/09/26 13:35:21.073, 21575
2026/09/26 13:35:21.573, 21575
2026/09/26 13:35:22.073, 21575
2026/09/26 13:35:22.573, 21575
2026/09/26 13:35:23.074, 21575
2026/09/26 13:35:23.574, 21575
2026/09/26 13:35:24.074, 21575
2026/09/26 13:35:24.574, 21575
2026/09/26 13:35:25.074, 21575
2026/09/26 13:35:25.574, 21575
2026/09/26 13:35:26.075, 21575
2026/09/26 13:35:26.575, 21575
2026/09/26 13:35:27.075, 21575
2026/09/26 13:35:27.575, 21575
2026/09/26 13:35:28.075, 21663
2026/09/26 13:35:28.575, 21663
2026/09/26 13:35:29.076, 21663
2026/09/26 13:35:29.576, 21663
2026/09/26 13:35:30.076, 21663
2026/09/26 13:35:30.576, 21663
2026/09/26 13:35:31.076, 21663
2026/09/26 13:35:31.576, 21663
2026/09/26 13:35:32.077, 21663
2026/09/26 13:35:32.577, 21663
2026/09/26 13:35:33.077, 21663
2026/09/26 13:35:33.577, 21663
2026/09/26 13:35:34.077, 21663
2026/09/26 13:35:34.577, 21663
2026/09/26 13:35:35.078, 21663
2026/09/26 13:35:35.578, 21663
2026/09/26 13:35:36.078, 21663
2026/09/26 13:35:36.578, 21663
2026/09/26 13:35:37.078, 21663
2026/09/26 13:35:37.579, 21663
2026/09/26 13:35:38.079, 21663
2026/09/26 13:35:38.579, 21663
2026/09/26 13:35:39.079, 21663
2026/09/26 13:35:39.579, 21663
2026/09/26 13:35:40.079, 21663
2026/09/26 13:35:40.580, 21663
2026/09/26 13:35:41.080, 21663
2026/09/26 13:35:41.580, 21663
2026/09/26 13:35:42.080, 21663
2026/09/26 13:35:42.580, 21663
2026/09/26 13:35:43.080, 21663
2026/09/26 13:35:43.581, 21663
2026/09/26 13:35:44.081, 21663
2026/09/26 13:35:44.581, 21663
2026/09/26 13:35:45.081, 21663
2026/09/26 13:35:45.581, 21663
2026/09/26 13:35:46.081, 21663
2026/09/26 13:35:46.581, 21663
2026/09/26 13:35:47.082, 21663
2026/09/26 13:35:47.582, 21663
2026/09/26 13:35:48.082, 21663
2026/09/26 13:35:48.582, 21663
2026/09/26 13:35:49.082, 21663
2026/09/26 13:35:49.582, 21663
2026/09/26 13:35:50.083, 21663
2026/09/26 13:35:50.583, 21663
2026/09/26 13:35:51.083, 21663
2026/09/26 13:35:51.583, 21663
2026/09/26 13:35:52.083, 21663
2026/09/26 13:35:52.583, 21663
2026/09/26 13:35:53.084, 21663
2026/09/26 13:35:53.584, 21663
2026/09/26 13:35:54.084, 21663
2026/09/26 13:35:54.584, 21663
2026/09/26 13:35:55.084, 21663
2026/09/26 13:35:55.584, 21663
2026/09/26 13:35:56.084, 21663
2026/09/26 13:35:56.585, 21663
2026/09/26 13:35:57.085, 21663
2026/09/26 13:35:57.585, 21663
2026/09/26 13:35:58.085, 21663
2026/09/26 13:35:58.585, 21663
2026/09/26 13:35:59.085, 21663
2026/09/26 13:35:59.585, 21663
2026/09/26 13:36:00.086, 21663
2026/09/26 13:36:00.586, 21663
2026/09/26 13:36:01.086, 21663
2026/09/26 13:36:01.586, 21663
2026/09/26 13:36:02.086, 21663
2026/09/26 13:36:02.586, 21663
2026/09/26 13:36:03.087, 21663
2026/09/26 13:36:03.587, 21663
2026/09/26 13:36:04.087, 21663
2026/09/26 13:36:04.587, 21663
2026/09/26 13:36:05.087, 21663
2026/09/26 13:36:05.587, 21663
2026/09/26 13:36:06.088, 21663
2026/09/26 13:36:06.588, 21663
2026/09/26 13:36:07.088, 21663
2026/09/26 13:36:07.588, 21663
2026/09/26 13:36:08.088, 21663
2026/09/26 13:36:08.588, 21663
2026/09/26 13:36:09.088, 21663
2026/09/26 13:36:09.589, 21663
2026/09/26 13:36:10.089, 21663
2026/09/26 13:36:10.589, 21663
2026/09/26 13:36:11.089, 21663
2026/09/26 13:36:11.589, 21663
2026/09/26 13:36:12.089, 21663
2026/09/26 13:36:12.590, 21663
2026/09/26 13:36:13.090, 21663
2026/09/26 13:36:13.590, 21663
2026/09/26 13:36:14.090, 21663
2026/09/26 13:36:14.590, 21663
2026/09/26 13:36:15.090, 21663
2026/09/26 13:36:15.590, 21663
2026/09/26 13:36:16.091, 21663
2026/09/26 13:36:16.591, 21663
2026/09/26 13:36:17.091, 21663
2026/09/26 13:36:17.591, 21663
2026/09/26 13:36:18.091, 21663
2026/09/26 13:36:18.591, 21663
2026/09/26 13:36:19.092, 21663
2026/09/26 13:36:19.592, 21663
2026/09/26 13:36:20.092, 21663
2026/09/26 13:36:20.592, 21663
2026/09/26 13:36:21.092, 21663
2026/09/26 13:36:21.592, 21663
2026/09/26 13:36:22.092, 21663
2026/09/26 13:36:22.593, 21663
2026/09/26 13:36:23.093, 21663
2026/09/26 13:36:23.593, 21663
2026/09/26 13:36:24.093, 21663
2026/09/26 13:36:24.593, 21663
2026/09/26 13:36:25.093, 21663
2026/09/26 13:36:25.594, 21663
2026/09/26 13:36:26.094, 21663
2026/09/26 13:36:26.594, 21663
2026/09/26 13:36:27.094, 21663
2026/09/26 13:36:27.594, 21663
2026/09/26 13:36:28.094, 21663
2026/09/26 13:36:28.595, 21663
2026/09/26 13:36:29.095, 21663
2026/09/26 13:36:29.595, 21663
2026/09/26 13:36:30.095, 21663
2026/09/26 13:36:30.595, 21663
2026/09/26 13:36:31.095, 21663
2026/09/26 13:36:31.595, 21663
2026/09/26 13:36:32.095, 21663
2026/09/26 13:36:32.596, 21663
2026/09/26 13:36:33.096, 21663
2026/09/26 13:36:33.596, 21663
2026/09/26 13:36:34.096, 21663
2026/09/26 13:36:34.596, 21663
2026/09/26 13:36:35.096, 21663
2026/09/26 13:36:35.596, 21663
2026/09/26 13:36:36.097, 21663
2026/09/26 13:36:36.597, 21663
2026/09/26 13:36:37.097, 21663
2026/09/26 13:36:37.597, 21663
2026/09/26 13:36:38.097, 21815
2026/09/26 13:36:38.597, 21815
2026/09/26 13:36:39.097, 21815
2026/09/26 13:36:39.598, 21815
2026/09/26 13:36:40.098, 21815
2026/09/26 13:36:40.598, 21815
2026/09/26 13:36:41.098, 21815
2026/09/26 13:36:41.598, 21815
2026/09/26 13:36:42.098, 21815
2026/09/26 13:36:42.599, 21815
2026/09/26 13:36:43.099, 21815
2026/09/26 13:36:43.599, 21815
2026/09/26 13:36:44.099, 21815
2026/09/26 13:36:44.599, 21815
2026/09/26 13:36:45.099, 21815
2026/09/26 13:36:45.599, 21815
2026/09/26 13:36:46.100, 21815
2026/09/26 13:36:46.600, 21815
2026/09/26 13:36:47.100, 21815
2026/09/26 13:36:47.600, 21815
2026/09/26 13:36:48.100, 21815
2026/09/26 13:36:48.600, 21815
2026/09/26 13:36:49.100, 21815
2026/09/26 13:36:49.601, 21815
2026/09/26 13:36:50.101, 21815
2026/09/26 13:36:50.601, 21815
2026/09/26 13:36:51.101, 21815
2026/09/26 13:36:51.601, 21815
2026/09/26 13:36:52.101, 21815
2026/09/26 13:36:52.601, 21815
2026/09/26 13:36:53.102, 21815
2026/09/26 13:36:53.602, 21815
2026/09/26 13:36:54.102, 21815
2026/09/26 13:36:54.602, 21815
2026/09/26 13:36:55.102, 21815
2026/09/26 13:36:55.602, 21815
2026/09/26 13:36:56.103, 21815
2026/09/26 13:36:56.603, 21815
2026/09/26 13:36:57.103, 21815
2026/09/26 13:36:57.603, 21815
2026/09/26 13:36:58.103, 21815
2026/09/26 13:36:58.603, 21815
2026/09/26 13:36:59.103, 21815
2026/09/26 13:36:59.604, 21815
2026/09/26 13:37:00.104, 21815
2026/09/26 13:37:00.604, 21815
2026/09/26 13:37:01.104, 21815
2026/09/26 13:37:01.604, 21815
2026/09/26 13:37:02.104, 21815
2026/09/26 13:37:02.605, 21815
2026/09/26 13:37:03.105, 21815
2026/09/26 13:37:03.605, 21815
2026/09/26 13:37:04.105, 21815
2026/09/26 13:37:04.605, 21815
2026/09/26 13:37:05.105, 21815
2026/09/26 13:37:05.605, 21815
2026/09/26 13:37:06.106, 21815
2026/09/26 13:37:06.606, 21815
2026/09/26 13:37:07.106, 21815
2026/09/26 13:37:07.606, 21815
2026/09/26 13:37:08.106, 21815
2026/09/26 13:37:08.606, 21815
2026/09/26 13:37:09.106, 21815
2026/09/26 13:37:09.607, 21815
2026/09/26 13:37:10.107, 21815
2026/09/26 13:37:10.607, 21815
2026/09/26 13:37:11.107, 21815
2026/09/26 13:37:11.607, 21815
2026/09/26 13:37:12.107, 21815
2026/09/26 13:37:12.607, 21815
2026/09/26 13:37:13.108, 21815
2026/09/26 13:37:13.608, 21815
2026/09/26 13:37:14.108, 21815
2026/09/26 13:37:14.608, 21815
2026/09/26 13:37:15.108, 21815
2026/09/26 13:37:15.608, 21815
2026/09/26 13:37:16.108, 21815
2026/09/26 13:37:16.609, 21815
2026/09/26 13:37:17.109, 21815
2026/09/26 13:37:17.609, 21815
2026/09/26 13:37:18.109, 21815
2026/09/26 13:37:18.609, 21815
2026/09/26 13:37:19.109, 21815
2026/09/26 13:37:19.610, 21815
2026/09/26 13:37:20.110, 21815
2026/09/26 13:37:20.610, 21815
2026/09/26 13:37:21.110, 21815
2026/09/26 13:37:21.610, 21815
2026/09/26 13:37:22.110, 21815
2026/09/26 13:37:22.610, 21815
2026/09/26 13:37:23.111, 21815
2026/09/26 13:37:23.611, 21815
2026/09/26 13:37:24.111, 21815
2026/09/26 13:37:24.611, 21815
2026/09/26 13:37:25.111, 21815
2026/09/26 13:37:25.611, 21815
2026/09/26 13:37:26.112, 21815
2026/09/26 13:37:26.612, 21815
2026/09/26 13:37:27.112, 21815
2026/09/26 13:37:27.612, 21815
2026/09/26 13:37:28.112, 21815
2026/09/26 13:37:28.612, 21815
2026/09/26 13:37:29.113, 21815
2026/09/26 13:37:29.613, 21815
2026/09/26 13:37:30.113, 21815
2026/09/26 13:37:30.613, 21815
2026/09/26 13:37:31.113, 21815
2026/09/26 13:37:31.613, 21815
2026/09/26 13:37:32.113, 21815
2026/09/26 13:37:32.614, 21815
2026/09/26 13:37:33.114, 21815
2026/09/26 13:37:33.614, 21815
2026/09/26 13:37:34.114, 21815
2026/09/26 13:37:34.614, 21815
2026/09/26 13:37:35.114, 21815
2026/09/26 13:37:35.614, 21815
2026/09/26 13:37:36.115, 21815
2026/09/26 13:37:36.615, 21815
2026/09/26 13:37:37.115, 21815
2026/09/26 13:37:37.615, 21815
2026/09/26 13:37:38.115, 21815
2026/09/26 13:37:38.615, 21815
2026/09/26 13:37:39.116, 21815
2026/09/26 13:37:39.616, 21815
2026/09/26 13:37:40.116, 21815
2026/09/26 13:37:40.616, 21815
2026/09/26 13:37:41.116, 21815
2026/09/26 13:37:41.616, 21815
2026/09/26 13:37:42.116, 21815
2026/09/26 13:37:42.616, 21815
2026/09/26 13:37:43.117, 21815
2026/09/26 13:37:43.617, 21815
2026/09/26 13:37:44.117, 21815
2026/09/26 13:37:44.617, 21815
2026/09/26 13:37:45.117, 21815
2026/09/26 13:37:45.617, 21815
2026/09/26 13:37:46.124, 21815
2026/09/26 13:37:46.625, 21815
2026/09/26 13:37:47.125, 21815
2026/09/26 13:37:47.625, 21815
2026/09/26 13:37:48.125, 21815
2026/09/26 13:37:48.625, 21815
2026/09/26 13:37:49.125, 21815
2026/09/26 13:37:49.625, 21815
2026/09/26 13:37:50.126, 21815
2026/09/26 13:37:50.626, 21815
2026/09/26 13:37:51.134, 21815
2026/09/26 13:37:51.635, 21815
2026/09/26 13:37:52.135, 21815
2026/09/26 13:37:52.635, 21815
2026/09/26 13:37:53.135, 21815
2026/09/26 13:37:53.635, 21815
2026/09/26 13:37:54.135, 21815
2026/09/26 13:37:54.635, 21815
2026/09/26 13:37:55.136, 21815
2026/09/26 13:37:55.636, 21815
2026/09/26 13:37:56.136, 21815
2026/09/26 13:37:56.636, 21815
2026/09/26 13:37:57.136, 21815
2026/09/26 13:37:57.636, 21815
2026/09/26 13:37:58.137, 21815
2026/09/26 13:37:58.637, 21815
2026/09/26 13:37:59.137, 21815
2026/09/26 13:37:59.637, 21815
2026/09/26 13:38:00.137, 21815
2026/09/26 13:38:00.637, 21815
2026/09/26 13:38:01.137, 21815
2026/09/26 13:38:01.638, 21815
2026/09/26 13:38:02.138, 21815
2026/09/26 13:38:02.638, 21815
2026/09/26 13:38:03.138, 21815
2026/09/26 13:38:03.638, 21815
2026/09/26 13:38:04.138, 21815
2026/09/26 13:38:04.638, 21815
2026/09/26 13:38:05.139, 21815
2026/09/26 13:38:05.639, 21815
2026/09/26 13:38:06.139, 21815
2026/09/26 13:38:06.639, 21815
2026/09/26 13:38:07.139, 21815
2026/09/26 13:38:07.639, 21815
2026/09/26 13:38:08.140, 21815
2026/09/26 13:38:08.640, 21815
2026/09/26 13:38:09.140, 21815
2026/09/26 13:38:09.640, 21815
2026/09/26 13:38:10.140, 21815
2026/09/26 13:38:10.640, 21815
2026/09/26 13:38:11.140, 21815
2026/09/26 13:38:11.641, 21815
2026/09/26 13:38:12.141, 21815
2026/09/26 13:38:12.641, 21815
2026/09/26 13:38:13.141, 21815
2026/09/26 13:38:13.641, 21815
2026/09/26 13:38:14.141, 21815
2026/09/26 13:38:14.641, 21815
2026/09/26 13:38:15.142, 21815
2026/09/26 13:38:15.642, 21815
2026/09/26 13:38:16.142, 21815
2026/09/26 13:38:16.642, 21815
2026/09/26 13:38:17.142, 21815
2026/09/26 13:38:17.642, 21815
2026/09/26 13:38:18.142, 21815
2026/09/26 13:38:18.643, 21815
2026/09/26 13:38:19.143, 21815
2026/09/26 13:38:19.643, 21815
2026/09/26 13:38:20.143, 21815
2026/09/26 13:38:20.643, 21815
2026/09/26 13:38:21.143, 21815
2026/09/26 13:38:21.643, 21815
2026/09/26 13:38:22.144, 21815
2026/09/26 13:38:22.644, 21815
2026/09/26 13:38:23.144, 21815
2026/09/26 13:38:23.644, 21815
2026/09/26 13:38:24.144, 21815
2026/09/26 13:38:24.644, 21815
2026/09/26 13:38:25.144, 21815
2026/09/26 13:38:25.645, 21815
2026/09/26 13:38:26.145, 21815
2026/09/26 13:38:26.645, 21815
2026/09/26 13:38:27.145, 21815
2026/09/26 13:38:27.645, 21815
2026/09/26 13:38:28.145, 21815
2026/09/26 13:38:28.645, 21815
2026/09/26 13:38:29.146, 21815
2026/09/26 13:38:29.646, 21815
2026/09/26 13:38:30.146, 21815
2026/09/26 13:38:30.646, 21815
2026/09/26 13:38:31.146, 21815
2026/09/26 13:38:31.646, 21815
2026/09/26 13:38:32.146, 21815
2026/09/26 13:38:32.647, 21815
2026/09/26 13:38:33.147, 21815
2026/09/26 13:38:33.647, 21815
2026/09/26 13:38:34.147, 21815
2026/09/26 13:38:34.647, 21815
2026/09/26 13:38:35.147, 21815
2026/09/26 13:38:35.647, 21815
2026/09/26 13:38:36.148, 21815
2026/09/26 13:38:36.648, 21815
2026/09/26 13:38:37.148, 21815
2026/09/26 13:38:37.648, 21815
2026/09/26 13:38:38.148, 21815
2026/09/26 13:38:38.648, 21815
2026/09/26 13:38:39.148, 21815
2026/09/26 13:38:39.649, 21815
2026/09/26 13:38:40.149, 21815
2026/09/26 13:38:40.649, 21815
2026/09/26 13:38:41.149, 21815
2026/09/26 13:38:41.649, 21815
2026/09/26 13:38:42.149, 21815
2026/09/26 13:38:42.650, 21815
2026/09/26 13:38:43.150, 21815
2026/09/26 13:38:43.650, 21815
2026/09/26 13:38:44.150, 21815
2026/09/26 13:38:44.651, 21815
2026/09/26 13:38:45.151, 21815
2026/09/26 13:38:45.651, 21815
2026/09/26 13:38:46.151, 21815
2026/09/26 13:38:46.651, 21815
2026/09/26 13:38:47.152, 21815
2026/09/26 13:38:47.652, 21815
2026/09/26 13:38:48.152, 21815
2026/09/26 13:38:48.652, 21815
2026/09/26 13:38:49.152, 21815
2026/09/26 13:38:49.652, 21815
2026/09/26 13:38:50.153, 21815
2026/09/26 13:38:50.653, 21815
2026/09/26 13:38:51.153, 21815
2026/09/26 13:38:51.653, 21815
2026/09/26 13:38:52.153, 21815
2026/09/26 13:38:52.653, 21815
2026/09/26 13:38:53.154, 21815
2026/09/26 13:38:53.654, 21815
2026/09/26 13:38:54.154, 21815
2026/09/26 13:38:54.654, 21815
2026/09/26 13:38:55.154, 21815
2026/09/26 13:38:55.654, 21815
2026/09/26 13:38:56.155, 21815
2026/09/26 13:38:56.655, 21815
2026/09/26 13:38:57.155, 21815
2026/09/26 13:38:57.655, 21815
2026/09/26 13:38:58.155, 21815
2026/09/26 13:38:58.656, 21815
2026/09/26 13:38:59.156, 21815
2026/09/26 13:38:59.656, 21815
2026/09/26 13:39:00.156, 21815
2026/09/26 13:39:00.656, 21815
2026/09/26 13:39:01.157, 21815
2026/09/26 13:39:01.657, 21815
2026/09/26 13:39:02.157, 21815
2026/09/26 13:39:02.657, 21815
2026/09/26 13:39:03.157, 21815
2026/09/26 13:39:03.657, 21815
2026/09/26 13:39:04.157, 21815
2026/09/26 13:39:04.658, 21815
2026/09/26 13:39:05.158, 21815
2026/09/26 13:39:05.658, 21815
2026/09/26 13:39:06.158, 21815
2026/09/26 13:39:06.658, 21815
2026/09/26 13:39:07.158, 21815
2026/09/26 13:39:07.658, 21815
2026/09/26 13:39:08.159, 21815
2026/09/26 13:39:08.659, 21815
2026/09/26 13:39:09.159, 21815
2026/09/26 13:39:09.659, 21815
2026/09/26 13:39:10.159, 21815
2026/09/26 13:39:10.659, 21815
2026/09/26 13:39:11.160, 21815
2026/09/26 13:39:11.660, 21815
2026/09/26 13:39:12.160, 21815
2026/09/26 13:39:12.660, 21815
2026/09/26 13:39:13.160, 21815
2026/09/26 13:39:13.660, 21815
2026/09/26 13:39:14.160, 21815
2026/09/26 13:39:14.660, 21815
2026/09/26 13:39:15.161, 21815
2026/09/26 13:39:15.661, 21815
2026/09/26 13:39:16.161, 21815
2026/09/26 13:39:16.661, 21815
2026/09/26 13:39:17.161, 21815
2026/09/26 13:39:17.661, 21815
2026/09/26 13:39:18.162, 21815
2026/09/26 13:39:18.662, 21815
2026/09/26 13:39:19.162, 21815
2026/09/26 13:39:19.662, 21815
2026/09/26 13:39:20.162, 21815
2026/09/26 13:39:20.662, 21815
2026/09/26 13:39:21.163, 21815
2026/09/26 13:39:21.663, 21815
2026/09/26 13:39:22.163, 21815
2026/09/26 13:39:22.663, 21815
2026/09/26 13:39:23.163, 21815
2026/09/26 13:39:23.663, 21815
2026/09/26 13:39:24.164, 21815
2026/09/26 13:39:24.664, 21815
2026/09/26 13:39:25.164, 21815
2026/09/26 13:39:25.664, 21815
2026/09/26 13:39:26.164, 21815
2026/09/26 13:39:26.664, 21815
2026/09/26 13:39:27.165, 21815
2026/09/26 13:39:27.665, 21815
2026/09/26 13:39:28.165, 21815
2026/09/26 13:39:28.665, 21815
2026/09/26 13:39:29.165, 21815
2026/09/26 13:39:29.665, 21815
2026/09/26 13:39:30.165, 21815
2026/09/26 13:39:30.666, 21815
2026/09/26 13:39:31.166, 21815
2026/09/26 13:39:31.666, 21815
2026/09/26 13:39:32.166, 21815
2026/09/26 13:39:32.666, 21815
2026/09/26 13:39:33.166, 21815
2026/09/26 13:39:33.666, 21815
2026/09/26 13:39:34.167, 21815
2026/09/26 13:39:34.667, 21815
2026/09/26 13:39:35.167, 21815
2026/09/26 13:39:35.667, 21815
2026/09/26 13:39:36.167, 21815
2026/09/26 13:39:36.667, 21815
2026/09/26 13:39:37.167, 21815
2026/09/26 13:39:37.668, 21815
2026/09/26 13:39:38.168, 21815
2026/09/26 13:39:38.668, 21815
2026/09/26 13:39:39.168, 21815
2026/09/26 13:39:39.668, 21815
2026/09/26 13:39:40.168, 21815
2026/09/26 13:39:40.668, 21815
2026/09/26 13:39:41.169, 21815
2026/09/26 13:39:41.669, 21815
2026/09/26 13:39:42.169, 21815
2026/09/26 13:39:42.669, 21815
2026/09/26 13:39:43.169, 21815
2026/09/26 13:39:43.669, 21815
2026/09/26 13:39:44.169, 21815
2026/09/26 13:39:44.670, 21815
2026/09/26 13:39:45.170, 21815
2026/09/26 13:39:45.670, 21815
2026/09/26 13:39:46.170, 21815
2026/09/26 13:39:46.670, 21815
2026/09/26 13:39:47.170, 21815
2026/09/26 13:39:47.671, 21815
2026/09/26 13:39:48.171, 21815
2026/09/26 13:39:48.671, 21815
2026/09/26 13:39:49.171, 21815
2026/09/26 13:39:49.671, 21815
2026/09/26 13:39:50.171, 21815
2026/09/26 13:39:50.672, 21815
2026/09/26 13:39:51.172, 21815
2026/09/26 13:39:51.672, 21815
2026/09/26 13:39:52.172, 21815
2026/09/26 13:39:52.672, 21815
2026/09/26 13:39:53.172, 21815
2026/09/26 13:39:53.672, 21815
2026/09/26 13:39:54.173, 21815
2026/09/26 13:39:54.673, 21815
2026/09/26 13:39:55.173, 21815
2026/09/26 13:39:55.673, 21815
2026/09/26 13:39:56.173, 21815
2026/09/26 13:39:56.673, 21815
2026/09/26 13:39:57.173, 21815
2026/09/26 13:39:57.674, 21815
2026/09/26 13:39:58.174, 21815
2026/09/26 13:39:58.674, 21815
2026/09/26 13:39:59.174, 21815
2026/09/26 13:39:59.674, 21815
2026/09/26 13:40:00.174, 21815
2026/09/26 13:40:00.674, 21815
2026/09/26 13:40:01.175, 21815
2026/09/26 13:40:01.675, 21815
2026/09/26 13:40:02.175, 21815
2026/09/26 13:40:02.675, 21815
2026/09/26 13:40:03.175, 21815
2026/09/26 13:40:03.675, 21815
2026/09/26 13:40:04.175, 21815
2026/09/26 13:40:04.676, 21815
2026/09/26 13:40:05.176, 21815
2026/09/26 13:40:05.676, 21815
2026/09/26 13:40:06.176, 21815
2026/09/26 13:40:06.676, 21815
2026/09/26 13:40:07.176, 21815
2026/09/26 13:40:07.676, 21815
2026/09/26 13:40:08.177, 21815
2026/09/26 13:40:08.677, 21815
2026/09/26 13:40:09.177, 21815
2026/09/26 13:40:09.677, 21815
2026/09/26 13:40:10.177, 21815
2026/09/26 13:40:10.677, 21815
2026/09/26 13:40:11.177, 21815
2026/09/26 13:40:11.678, 21815
2026/09/26 13:40:12.178, 21815
2026/09/26 13:40:12.678, 21815
2026/09/26 13:40:13.178, 21815
2026/09/26 13:40:13.678, 21815
2026/09/26 13:40:14.178, 21815
2026/09/26 13:40:14.678, 21815
2026/09/26 13:40:15.179, 21815
2026/09/26 13:40:15.679, 21815
2026/09/26 13:40:16.179, 21815
2026/09/26 13:40:16.679, 21815
2026/09/26 13:40:17.179, 21815
2026/09/26 13:40:17.679, 21815
2026/09/26 13:40:18.179, 21815
2026/09/26 13:40:18.680, 21815
2026/09/26 13:40:19.180, 21815
2026/09/26 13:40:19.680, 21815
2026/09/26 13:40:20.180, 21815
2026/09/26 13:40:20.680, 21815
2026/09/26 13:40:21.180, 21815
2026/09/26 13:40:21.680, 21815
2026/09/26 13:40:22.180, 21815
2026/09/26 13:40:22.681, 21815
2026/09/26 13:40:23.181, 21815
2026/09/26 13:40:23.681, 21815
2026/09/26 13:40:24.181, 21815
2026/09/26 13:40:24.681, 21815
2026/09/26 13:40:25.181, 21815
2026/09/26 13:40:25.681, 21815
2026/09/26 13:40:26.181, 21815
2026/09/26 13:40:26.682, 21815
2026/09/26 13:40:27.182, 21815
2026/09/26 13:40:27.682, 21815
2026/09/26 13:40:28.182, 21815
2026/09/26 13:40:28.682, 21815
2026/09/26 13:40:29.182, 21815
2026/09/26 13:40:29.682, 21815
2026/09/26 13:40:30.183, 21815
2026/09/26 13:40:30.683, 21815
2026/09/26 13:40:31.183, 21815
2026/09/26 13:40:31.683, 21815
2026/09/26 13:40:32.183, 21815
2026/09/26 13:40:32.683, 21815
2026/09/26 13:40:33.183, 21815
2026/09/26 13:40:33.684, 21815
2026/09/26 13:40:34.184, 21815
2026/09/26 13:40:34.684, 21815
2026/09/26 13:40:35.184, 21815
2026/09/26 13:40:35.684, 21815
2026/09/26 13:40:36.184, 21815
2026/09/26 13:40:36.684, 21815
2026/09/26 13:40:37.185, 21815
2026/09/26 13:40:37.685, 21815
2026/09/26 13:40:38.185, 21815
2026/09/26 13:40:38.685, 21815
2026/09/26 13:40:39.185, 21815
2026/09/26 13:40:39.685, 21815
2026/09/26 13:40:40.185, 21815
2026/09/26 13:40:40.686, 21815
2026/09/26 13:40:41.186, 21815
2026/09/26 13:40:41.686, 21815
2026/09/26 13:40:42.186, 21815
2026/09/26 13:40:42.686, 21815
2026/09/26 13:40:43.186, 21815
2026/09/26 13:40:43.686, 21815
2026/09/26 13:40:44.187, 21815
2026/09/26 13:40:44.687, 21815
2026/09/26 13:40:45.187, 21815
2026/09/26 13:40:45.687, 21815
2026/09/26 13:40:46.187, 21815
2026/09/26 13:40:46.687, 21815
2026/09/26 13:40:47.187, 21815
2026/09/26 13:40:47.687, 21815
2026/09/26 13:40:48.188, 21815
2026/09/26 13:40:48.688, 21815
2026/09/26 13:40:49.188, 21815
2026/09/26 13:40:49.688, 21815
2026/09/26 13:40:50.188, 21815
2026/09/26 13:40:50.688, 21815
2026/09/26 13:40:51.188, 21815
2026/09/26 13:40:51.689, 21815
2026/09/26 13:40:52.189, 21815
2026/09/26 13:40:52.689, 21815
2026/09/26 13:40:53.189, 21815
2026/09/26 13:40:53.689, 21815
2026/09/26 13:40:54.189, 21815
2026/09/26 13:40:54.689, 21815
2026/09/26 13:40:55.190, 21815
2026/09/26 13:40:55.690, 21815
2026/09/26 13:40:56.190, 21815
2026/09/26 13:40:56.690, 21815
2026/09/26 13:40:57.190, 21815
2026/09/26 13:40:57.690, 21815
2026/09/26 13:40:58.191, 21815
2026/09/26 13:40:58.691, 21815
2026/09/26 13:40:59.191, 21815
2026/09/26 13:40:59.691, 21815
2026/09/26 13:41:00.191, 21815
2026/09/26 13:41:00.691, 21815
2026/09/26 13:41:01.191, 21815
2026/09/26 13:41:01.692, 21815
2026/09/26 13:41:02.192, 21815
2026/09/26 13:41:02.692, 21815
2026/09/26 13:41:03.192, 21815
2026/09/26 13:41:03.692, 21815
2026/09/26 13:41:04.193, 21815
2026/09/26 13:41:04.693, 21815
2026/09/26 13:41:05.193, 21815
2026/09/26 13:41:05.693, 21815
2026/09/26 13:41:06.193, 21815
2026/09/26 13:41:06.694, 21815
2026/09/26 13:41:07.194, 21815
2026/09/26 13:41:07.694, 21815
2026/09/26 13:41:08.194, 21815
2026/09/26 13:41:08.694, 21815
2026/09/26 13:41:09.194, 21815
2026/09/26 13:41:09.695, 21815
2026/09/26 13:41:10.195, 21815
2026/09/26 13:41:10.695, 21815
2026/09/26 13:41:11.195, 21815
2026/09/26 13:41:11.695, 21815
2026/09/26 13:41:12.195, 21815
2026/09/26 13:41:12.696, 21815
2026/09/26 13:41:13.196, 21815
2026/09/26 13:41:13.696, 21815
2026/09/26 13:41:14.196, 21815
2026/09/26 13:41:14.696, 21815
2026/09/26 13:41:15.197, 21815
2026/09/26 13:41:15.697, 21815
2026/09/26 13:41:16.197, 21815
2026/09/26 13:41:16.697, 21815
2026/09/26 13:41:17.197, 21815
2026/09/26 13:41:17.697, 21815
2026/09/26 13:41:18.197, 21815
2026/09/26 13:41:18.698, 21815
2026/09/26 13:41:19.198, 21815
2026/09/26 13:41:19.698, 21815
2026/09/26 13:41:20.198, 21815
2026/09/26 13:41:20.698, 21815
2026/09/26 13:41:21.198, 21815
2026/09/26 13:41:21.699, 21815
2026/09/26 13:41:22.199, 21815
2026/09/26 13:41:22.699, 21815
2026/09/26 13:41:23.199, 21815
2026/09/26 13:41:23.699, 21815
2026/09/26 13:41:24.199, 21815
2026/09/26 13:41:24.700, 21815
2026/09/26 13:41:25.200, 21815
2026/09/26 13:41:25.700, 21815
2026/09/26 13:41:26.200, 21815
2026/09/26 13:41:26.701, 21815
2026/09/26 13:41:27.201, 21815
2026/09/26 13:41:27.701, 21815
2026/09/26 13:41:28.201, 21815
2026/09/26 13:41:28.701, 21815
2026/09/26 13:41:29.201, 21815
2026/09/26 13:41:29.701, 21815
2026/09/26 13:41:30.202, 21815
2026/09/26 13:41:30.702, 21815
2026/09/26 13:41:31.202, 21815
2026/09/26 13:41:31.702, 21815
2026/09/26 13:41:32.202, 21815
2026/09/26 13:41:32.702, 21815
2026/09/26 13:41:33.203, 21815
2026/09/26 13:41:33.703, 21815
2026/09/26 13:41:34.203, 21815
2026/09/26 13:41:34.703, 21815
2026/09/26 13:41:35.203, 21815
2026/09/26 13:41:35.703, 21815
2026/09/26 13:41:36.203, 21815
2026/09/26 13:41:36.704, 21815
2026/09/26 13:41:37.204, 21815
2026/09/26 13:41:37.704, 21815
2026/09/26 13:41:38.204, 21815
2026/09/26 13:41:38.704, 21815
2026/09/26 13:41:39.204, 21815
2026/09/26 13:41:39.704, 21815
2026/09/26 13:41:40.205, 21815
2026/09/26 13:41:40.705, 21815
2026/09/26 13:41:41.205, 21815
2026/09/26 13:41:41.706, 21815
2026/09/26 13:41:42.206, 21815
2026/09/26 13:41:42.706, 21815
2026/09/26 13:41:43.206, 21815
2026/09/26 13:41:43.706, 21815
2026/09/26 13:41:44.206, 21815
2026/09/26 13:41:44.706, 21815
2026/09/26 13:41:45.207, 21815
2026/09/26 13:41:45.707, 21815
2026/09/26 13:41:46.207, 21815
2026/09/26 13:41:46.707, 21815
2026/09/26 13:41:47.207, 21815
2026/09/26 13:41:47.707, 21815
2026/09/26 13:41:48.207, 21815
2026/09/26 13:41:48.708, 21815
2026/09/26 13:41:49.208, 21815
2026/09/26 13:41:49.708, 21815
2026/09/26 13:41:50.208, 21815
2026/09/26 13:41:50.708, 21815
2026/09/26 13:41:51.208, 21815
2026/09/26 13:41:51.709, 21815
2026/09/26 13:41:52.209, 21815
2026/09/26 13:41:52.709, 21815
2026/09/26 13:41:53.209, 21815
2026/09/26 13:41:53.709, 21815
2026/09/26 13:41:54.209, 21815
2026/09/26 13:41:54.709, 21815
2026/09/26 13:41:55.210, 21815
2026/09/26 13:41:55.710, 21815
2026/09/26 13:41:56.210, 21815
2026/09/26 13:41:56.710, 21815
2026/09/26 13:41:57.210, 21815
2026/09/26 13:41:57.710, 21815
2026/09/26 13:41:58.210, 21815
2026/09/26 13:41:58.711, 21815
2026/09/26 13:41:59.211, 21815
2026/09/26 13:41:59.711, 21815
2026/09/26 13:42:00.211, 21815
2026/09/26 13:42:00.711, 21815
2026/09/26 13:42:01.211, 21815
2026/09/26 13:42:01.711, 21815
2026/09/26 13:42:02.212, 21815
2026/09/26 13:42:02.712, 21815
2026/09/26 13:42:03.212, 21815
2026/09/26 13:42:03.712, 21815
2026/09/26 13:42:04.212, 21815
2026/09/26 13:42:04.712, 21815
2026/09/26 13:42:05.213, 21815
2026/09/26 13:42:05.713, 21815
2026/09/26 13:42:06.213, 21815
2026/09/26 13:42:06.713, 21815
2026/09/26 13:42:07.213, 21815
2026/09/26 13:42:07.713, 21815
2026/09/26 13:42:08.214, 21815
2026/09/26 13:42:08.714, 21815
2026/09/26 13:42:09.214, 21815
2026/09/26 13:42:09.714, 21815
2026/09/26 13:42:10.214, 21815
2026/09/26 13:42:10.714, 21815
2026/09/26 13:42:11.215, 21815
2026/09/26 13:42:11.715, 21815
2026/09/26 13:42:12.215, 21815
2026/09/26 13:42:12.715, 21815
2026/09/26 13:42:13.215, 21815
2026/09/26 13:42:13.715, 21815
2026/09/26 13:42:14.216, 21815
2026/09/26 13:42:14.716, 21815
2026/09/26 13:42:15.216, 21815
2026/09/26 13:42:15.716, 21815
2026/09/26 13:42:16.216, 21815
2026/09/26 13:42:16.716, 21815
2026/09/26 13:42:17.217, 21815
2026/09/26 13:42:17.717, 21815
2026/09/26 13:42:18.217, 21815
2026/09/26 13:42:18.717, 21815
2026/09/26 13:42:19.217, 21815
2026/09/26 13:42:19.717, 21815
2026/09/26 13:42:20.218, 21815
2026/09/26 13:42:20.718, 21815
2026/09/26 13:42:21.218, 21815
2026/09/26 13:42:21.718, 21815
2026/09/26 13:42:22.218, 21815
2026/09/26 13:42:22.718, 21815
2026/09/26 13:42:23.219, 21815
2026/09/26 13:42:23.719, 21815
2026/09/26 13:42:24.219, 21815
2026/09/26 13:42:24.719, 21815
2026/09/26 13:42:25.219, 21815
2026/09/26 13:42:25.719, 21815
2026/09/26 13:42:26.220, 21815
2026/09/26 13:42:26.720, 21815
2026/09/26 13:42:27.220, 21815
2026/09/26 13:42:27.720, 21815
2026/09/26 13:42:28.220, 21815
2026/09/26 13:42:28.720, 21815
2026/09/26 13:42:29.221, 21815
2026/09/26 13:42:29.721, 21815
2026/09/26 13:42:30.221, 21815
2026/09/26 13:42:30.721, 21815
2026/09/26 13:42:31.221, 21815
2026/09/26 13:42:31.721, 21815
2026/09/26 13:42:32.222, 21815
2026/09/26 13:42:32.722, 21815
2026/09/26 13:42:33.222, 21815
2026/09/26 13:42:33.722, 21815
2026/09/26 13:42:34.222, 21815
2026/09/26 13:42:34.723, 21815
2026/09/26 13:42:35.223, 21815
2026/09/26 13:42:35.723, 21815
2026/09/26 13:42:36.223, 21815
2026/09/26 13:42:36.723, 21815
2026/09/26 13:42:37.223, 21815
2026/09/26 13:42:37.724, 21815
2026/09/26 13:42:38.224, 21815
2026/09/26 13:42:38.724, 21815
2026/09/26 13:42:39.224, 21815
2026/09/26 13:42:39.724, 21815
2026/09/26 13:42:40.224, 21815
2026/09/26 13:42:40.724, 21815
2026/09/26 13:42:41.225, 21815
2026/09/26 13:42:41.725, 21815
2026/09/26 13:42:42.225, 21815
2026/09/26 13:42:42.725, 21815
2026/09/26 13:42:43.225, 21815
2026/09/26 13:42:43.725, 21815
2026/09/26 13:42:44.226, 21815
2026/09/26 13:42:44.726, 21815
2026/09/26 13:42:45.226, 21815
2026/09/26 13:42:45.726, 21815
2026/09/26 13:42:46.226, 21815
2026/09/26 13:42:46.726, 21815
2026/09/26 13:42:47.226, 21815
2026/09/26 13:42:47.727, 21815
2026/09/26 13:42:48.227, 21815
2026/09/26 13:42:48.727, 21815
2026/09/26 13:42:49.227, 21815
2026/09/26 13:42:49.727, 21815
2026/09/26 13:42:50.227, 21815
2026/09/26 13:42:50.728, 21815
2026/09/26 13:42:51.228, 21815
2026/09/26 13:42:51.728, 21815
2026/09/26 13:42:52.228, 21815
2026/09/26 13:42:52.728, 21815
2026/09/26 13:42:53.228, 21815
2026/09/26 13:42:53.729, 21815
2026/09/26 13:42:54.229, 21815
2026/09/26 13:42:54.729, 21815
2026/09/26 13:42:55.229, 21815
2026/09/26 13:42:55.729, 21815
2026/09/26 13:42:56.229, 21815
2026/09/26 13:42:56.730, 21815
2026/09/26 13:42:57.230, 21815
2026/09/26 13:42:57.730, 21815
2026/09/26 13:42:58.230, 21815
2026/09/26 13:42:58.730, 21815
2026/09/26 13:42:59.230, 21815
2026/09/26 13:42:59.731, 21815
2026/09/26 13:43:00.231, 21815
2026/09/26 13:43:00.731, 21815
2026/09/26 13:43:01.231, 21815
2026/09/26 13:43:01.731, 21815
2026/09/26 13:43:02.231, 21815
2026/09/26 13:43:02.731, 21815
2026/09/26 13:43:03.232, 21815
2026/09/26 13:43:03.732, 21815
2026/09/26 13:43:04.232, 21815
2026/09/26 13:43:04.732, 21815
2026/09/26 13:43:05.232, 21815
2026/09/26 13:43:05.732, 21815
2026/09/26 13:43:06.232, 21815
2026/09/26 13:43:06.733, 21815
2026/09/26 13:43:07.233, 21815
2026/09/26 13:43:07.733, 21815
2026/09/26 13:43:08.233, 21815
2026/09/26 13:43:08.733, 21815
2026/09/26 13:43:09.233, 21815
2026/09/26 13:43:09.733, 21815
2026/09/26 13:43:10.234, 21815
2026/09/26 13:43:10.734, 21815
2026/09/26 13:43:11.234, 21815
2026/09/26 13:43:11.734, 21815
2026/09/26 13:43:12.234, 21815
2026/09/26 13:43:12.734, 21815
2026/09/26 13:43:13.234, 21815
2026/09/26 13:43:13.735, 21815
2026/09/26 13:43:14.235, 21815
2026/09/26 13:43:14.735, 21815
2026/09/26 13:43:15.235, 21815
2026/09/26 13:43:15.735, 21815
2026/09/26 13:43:16.235, 21815
2026/09/26 13:43:16.735, 21815
2026/09/26 13:43:17.236, 21815
2026/09/26 13:43:17.736, 21815
2026/09/26 13:43:18.236, 21815
2026/09/26 13:43:18.736, 21815
2026/09/26 13:43:19.236, 21815
2026/09/26 13:43:19.736, 21815
2026/09/26 13:43:20.236, 21815
2026/09/26 13:43:20.737, 21815
2026/09/26 13:43:21.237, 21815
2026/09/26 13:43:21.737, 21815
2026/09/26 13:43:22.237, 21815
2026/09/26 13:43:22.737, 21815
2026/09/26 13:43:23.237, 21815
2026/09/26 13:43:23.738, 21815
2026/09/26 13:43:24.238, 21815
2026/09/26 13:43:24.738, 21815
2026/09/26 13:43:25.238, 21815
2026/09/26 13:43:25.738, 21815
2026/09/26 13:43:26.238, 21815
2026/09/26 13:43:26.738, 21815
2026/09/26 13:43:27.238, 21815
2026/09/26 13:43:27.739, 21815
2026/09/26 13:43:28.239, 21815
2026/09/26 13:43:28.739, 21815
2026/09/26 13:43:29.239, 21815
2026/09/26 13:43:29.739, 21815
2026/09/26 13:43:30.239, 21815
2026/09/26 13:43:30.740, 21815
2026/09/26 13:43:31.240, 21815
2026/09/26 13:43:31.740, 21815
2026/09/26 13:43:32.240, 21815
2026/09/26 13:43:32.740, 21815
2026/09/26 13:43:33.240, 21815
2026/09/26 13:43:33.740, 21815
2026/09/26 13:43:34.240, 21815
2026/09/26 13:43:34.741, 21815
2026/09/26 13:43:35.241, 21815
2026/09/26 13:43:35.741, 21815
2026/09/26 13:43:36.241, 21815
2026/09/26 13:43:36.741, 21815
2026/09/26 13:43:37.241, 21815
2026/09/26 13:43:37.741, 21815
2026/09/26 13:43:38.242, 21815
2026/09/26 13:43:38.742, 21815
2026/09/26 13:43:39.242, 21815
2026/09/26 13:43:39.742, 21815
2026/09/26 13:43:40.242, 21815
2026/09/26 13:43:40.742, 21815
2026/09/26 13:43:41.242, 21815
2026/09/26 13:43:41.743, 21815
2026/09/26 13:43:42.243, 21815
2026/09/26 13:43:42.743, 21815
2026/09/26 13:43:43.243, 21815
2026/09/26 13:43:43.743, 21815
2026/09/26 13:43:44.243, 21815
2026/09/26 13:43:44.743, 21815
2026/09/26 13:43:45.244, 21815
2026/09/26 13:43:45.744, 21815
2026/09/26 13:43:46.244, 21815
2026/09/26 13:43:46.744, 21815
2026/09/26 13:43:47.244, 21815
2026/09/26 13:43:47.744, 21815
2026/09/26 13:43:48.244, 21815
2026/09/26 13:43:48.745, 21815
2026/09/26 13:43:49.245, 21815
2026/09/26 13:43:49.745, 21815
2026/09/26 13:43:50.245, 21815
2026/09/26 13:43:50.745, 21815
2026/09/26 13:43:51.245, 21815
2026/09/26 13:43:51.745, 21815
2026/09/26 13:43:52.246, 21815
2026/09/26 13:43:52.746, 21815
2026/09/26 13:43:53.246, 21815
2026/09/26 13:43:53.746, 21815
2026/09/26 13:43:54.246, 21815
2026/09/26 13:43:54.746, 21815
2026/09/26 13:43:55.246, 21815
2026/09/26 13:43:55.747, 21815
2026/09/26 13:43:56.247, 21815
2026/09/26 13:43:56.747, 21815
2026/09/26 13:43:57.247, 21815
2026/09/26 13:43:57.747, 21815
2026/09/26 13:43:58.247, 21815
2026/09/26 13:43:58.747, 21815
2026/09/26 13:43:59.248, 21815
2026/09/26 13:43:59.748, 21815
2026/09/26 13:44:00.248, 21815
2026/09/26 13:44:00.748, 21815
2026/09/26 13:44:01.248, 21815
2026/09/26 13:44:01.748, 21815
2026/09/26 13:44:02.249, 21815
2026/09/26 13:44:02.749, 21815
2026/09/26 13:44:03.249, 21815
2026/09/26 13:44:03.749, 21815
2026/09/26 13:44:04.249, 21815
2026/09/26 13:44:04.749, 21815
2026/09/26 13:44:05.249, 21815
2026/09/26 13:44:05.750, 21815
2026/09/26 13:44:06.250, 21815
2026/09/26 13:44:06.750, 21815
2026/09/26 13:44:07.250, 21815
2026/09/26 13:44:07.750, 21815
2026/09/26 13:44:08.250, 21815
2026/09/26 13:44:08.750, 21815
2026/09/26 13:44:09.251, 21815
2026/09/26 13:44:09.751, 21815
2026/09/26 13:44:10.251, 21815
2026/09/26 13:44:10.751, 21815
2026/09/26 13:44:11.251, 21815
2026/09/26 13:44:11.751, 21815
2026/09/26 13:44:12.252, 21815
2026/09/26 13:44:12.752, 21815
2026/09/26 13:44:13.252, 21815
2026/09/26 13:44:13.752, 21815
2026/09/26 13:44:14.252, 21815
2026/09/26 13:44:14.752, 21815
2026/09/26 13:44:15.252, 21815
2026/09/26 13:44:15.753, 21815
2026/09/26 13:44:16.253, 21815
2026/09/26 13:44:16.753, 21815
2026/09/26 13:44:17.260, 21815
2026/09/26 13:44:17.760, 21815
2026/09/26 13:44:18.261, 21815
2026/09/26 13:44:18.761, 21815
2026/09/26 13:44:19.261, 21815
2026/09/26 13:44:19.761, 21815
2026/09/26 13:44:20.261, 21815
2026/09/26 13:44:20.761, 21815
2026/09/26 13:44:21.261, 21815
2026/09/26 13:44:21.764, 21815
2026/09/26 13:44:22.270, 21815
2026/09/26 13:44:22.770, 21815
2026/09/26 13:44:23.270, 21815
2026/09/26 13:44:23.770, 21815
2026/09/26 13:44:24.270, 21815
2026/09/26 13:44:24.770, 21815
2026/09/26 13:44:25.270, 21815
2026/09/26 13:44:25.771, 21815
2026/09/26 13:44:26.271, 21815
2026/09/26 13:44:26.771, 21815
2026/09/26 13:44:27.280, 21815
2026/09/26 13:44:27.780, 21815
2026/09/26 13:44:28.280, 21815
2026/09/26 13:44:28.780, 21815
2026/09/26 13:44:29.280, 21815
2026/09/26 13:44:29.780, 21815
2026/09/26 13:44:30.281, 21815
2026/09/26 13:44:30.781, 21815
2026/09/26 13:44:31.281, 21815
2026/09/26 13:44:31.781, 21815
2026/09/26 13:44:32.281, 21815
2026/09/26 13:44:32.781, 21815
2026/09/26 13:44:33.282, 21815
2026/09/26 13:44:33.782, 21815
2026/09/26 13:44:34.282, 21815
2026/09/26 13:44:34.782, 21815
2026/09/26 13:44:35.282, 21815
2026/09/26 13:44:35.782, 21815
2026/09/26 13:44:36.282, 21815
2026/09/26 13:44:36.783, 21815
2026/09/26 13:44:37.283, 21815
2026/09/26 13:44:37.783, 21815
2026/09/26 13:44:38.283, 21815
2026/09/26 13:44:38.783, 21815
2026/09/26 13:44:39.283, 21815
2026/09/26 13:44:39.784, 21815
2026/09/26 13:44:40.284, 21815
2026/09/26 13:44:40.784, 21815
2026/09/26 13:44:41.284, 21815
2026/09/26 13:44:41.784, 21815
2026/09/26 13:44:42.284, 21815
2026/09/26 13:44:42.784, 21815
2026/09/26 13:44:43.285, 21815
2026/09/26 13:44:43.785, 21815
2026/09/26 13:44:44.285, 21815
2026/09/26 13:44:44.785, 21815
2026/09/26 13:44:45.285, 21815
2026/09/26 13:44:45.785, 21815
2026/09/26 13:44:46.285, 21815
2026/09/26 13:44:46.786, 21815
2026/09/26 13:44:47.286, 21815
2026/09/26 13:44:47.786, 21815
2026/09/26 13:44:48.286, 21815
2026/09/26 13:44:48.786, 21815
2026/09/26 13:44:49.286, 21815
2026/09/26 13:44:49.786, 21815
2026/09/26 13:44:50.287, 21815
2026/09/26 13:44:50.787, 21815
2026/09/26 13:44:51.287, 21815
2026/09/26 13:44:51.787, 21815
2026/09/26 13:44:52.287, 21815
2026/09/26 13:44:52.787, 21815
2026/09/26 13:44:53.288, 21815
2026/09/26 13:44:53.788, 21815
2026/09/26 13:44:54.288, 21815
2026/09/26 13:44:54.788, 21815
2026/09/26 13:44:55.288, 21815
2026/09/26 13:44:55.788, 21815
2026/09/26 13:44:56.288, 21815
2026/09/26 13:44:56.789, 21815
2026/09/26 13:44:57.289, 21815
2026/09/26 13:44:57.789, 21815
2026/09/26 13:44:58.289, 21815
2026/09/26 13:44:58.789, 21815
2026/09/26 13:44:59.289, 21815
2026/09/26 13:44:59.789, 21815
2026/09/26 13:45:00.290, 21815
2026/09/26 13:45:00.790, 21815
2026/09/26 13:45:01.290, 21815
2026/09/26 13:45:01.794, 21815
2026/09/26 13:45:02.294, 21815
2026/09/26 13:45:02.794, 21815
2026/09/26 13:45:03.294, 21815
2026/09/26 13:45:03.795, 21815
2026/09/26 13:45:04.295, 21815
2026/09/26 13:45:04.795, 21815
2026/09/26 13:45:05.295, 21815
2026/09/26 13:45:05.795, 21815
2026/09/26 13:45:06.295, 21815
2026/09/26 13:45:06.795, 21815
2026/09/26 13:45:07.296, 21815
2026/09/26 13:45:07.796, 21815
2026/09/26 13:45:08.296, 21815
2026/09/26 13:45:08.796, 21815
2026/09/26 13:45:09.296, 21815
2026/09/26 13:45:09.796, 21815
2026/09/26 13:45:10.296, 21815
2026/09/26 13:45:10.797, 21815
2026/09/26 13:45:11.297, 21815
2026/09/26 13:45:11.797, 21815
2026/09/26 13:45:12.297, 21815
2026/09/26 13:45:12.797, 21815
2026/09/26 13:45:13.297, 21815
2026/09/26 13:45:13.798, 21815
2026/09/26 13:45:14.298, 21815
2026/09/26 13:45:14.798, 21815
2026/09/26 13:45:15.298, 21815
2026/09/26 13:45:15.798, 21815
2026/09/26 13:45:16.298, 21815
2026/09/26 13:45:16.798, 21815
2026/09/26 13:45:17.299, 21815
2026/09/26 13:45:17.799, 21815
2026/09/26 13:45:18.299, 21815
2026/09/26 13:45:18.799, 21815
2026/09/26 13:45:19.299, 21815
2026/09/26 13:45:19.799, 21815
2026/09/26 13:45:20.299, 21815
2026/09/26 13:45:20.800, 21815
2026/09/26 13:45:21.300, 21815
2026/09/26 13:45:21.800, 21815
2026/09/26 13:45:22.300, 21815
2026/09/26 13:45:22.800, 21815
2026/09/26 13:45:23.300, 21815
2026/09/26 13:45:23.800, 21815
2026/09/26 13:45:24.301, 21815
2026/09/26 13:45:24.801, 21815
2026/09/26 13:45:25.301, 21815
2026/09/26 13:45:25.801, 21815
2026/09/26 13:45:26.301, 21815
2026/09/26 13:45:26.801, 21815
2026/09/26 13:45:27.302, 21815
2026/09/26 13:45:27.802, 21815
2026/09/26 13:45:28.302, 21815
2026/09/26 13:45:28.802, 21815
2026/09/26 13:45:29.302, 21815
2026/09/26 13:45:29.802, 21815
2026/09/26 13:45:30.302, 21815
2026/09/26 13:45:30.803, 21815
2026/09/26 13:45:31.303, 21815
2026/09/26 13:45:31.803, 21815
2026/09/26 13:45:32.303, 21815
2026/09/26 13:45:32.803, 21815
2026/09/26 13:45:33.303, 21815
2026/09/26 13:45:33.804, 21815
2026/09/26 13:45:34.304, 21815
2026/09/26 13:45:34.804, 21815
2026/09/26 13:45:35.304, 21815
2026/09/26 13:45:35.806, 21815
2026/09/26 13:45:36.306, 21815
2026/09/26 13:45:36.806, 21815
2026/09/26 13:45:37.306, 21815
2026/09/26 13:45:37.806, 21815
2026/09/26 13:45:38.306, 21815
2026/09/26 13:45:38.807, 21815
2026/09/26 13:45:39.307, 21815
2026/09/26 13:45:39.807, 21815
2026/09/26 13:45:40.307, 21815
2026/09/26 13:45:40.807, 21815
2026/09/26 13:45:41.307, 21815
2026/09/26 13:45:41.808, 21815
2026/09/26 13:45:42.308, 21815
2026/09/26 13:45:42.808, 21815
2026/09/26 13:45:43.308, 21815
2026/09/26 13:45:43.808, 21815
2026/09/26 13:45:44.308, 21815
2026/09/26 13:45:44.809, 21815
2026/09/26 13:45:45.309, 21815
2026/09/26 13:45:45.809, 21815
2026/09/26 13:45:46.309, 21815
2026/09/26 13:45:46.809, 21815
2026/09/26 13:45:47.309, 21815
2026/09/26 13:45:47.810, 21815
2026/09/26 13:45:48.310, 21815
2026/09/26 13:45:48.810, 21815
2026/09/26 13:45:49.310, 21815
2026/09/26 13:45:49.810, 21815
2026/09/26 13:45:50.310, 21815
2026/09/26 13:45:50.811, 21815
2026/09/26 13:45:51.311, 21815
2026/09/26 13:45:51.811, 21815
2026/09/26 13:45:52.311, 21815
2026/09/26 13:45:52.811, 21815
2026/09/26 13:45:53.311, 21815
2026/09/26 13:45:53.812, 21815
2026/09/26 13:45:54.312, 21815
2026/09/26 13:45:54.812, 21815
2026/09/26 13:45:55.312, 21815
2026/09/26 13:45:55.812, 21815
2026/09/26 13:45:56.312, 21815
2026/09/26 13:45:56.813, 21815
2026/09/26 13:45:57.313, 21815
2026/09/26 13:45:57.813, 21815
2026/09/26 13:45:58.313, 21815
2026/09/26 13:45:58.813, 21815
2026/09/26 13:45:59.313, 21815
2026/09/26 13:45:59.814, 21815
2026/09/26 13:46:00.314, 21815
2026/09/26 13:46:00.814, 21815
2026/09/26 13:46:01.314, 21815
2026/09/26 13:46:01.814, 21815
2026/09/26 13:46:02.314, 21815
2026/09/26 13:46:02.815, 21815
2026/09/26 13:46:03.315, 21815
2026/09/26 13:46:03.815, 21815
2026/09/26 13:46:04.315, 21815
2026/09/26 13:46:04.815, 21815
2026/09/26 13:46:05.315, 21815
2026/09/26 13:46:05.815, 21815
2026/09/26 13:46:06.316, 21815
2026/09/26 13:46:06.816, 21815
2026/09/26 13:46:07.316, 21815
2026/09/26 13:46:07.816, 21815
2026/09/26 13:46:08.316, 21815
2026/09/26 13:46:08.817, 21815
2026/09/26 13:46:09.317, 21815
2026/09/26 13:46:09.817, 21815
2026/09/26 13:46:10.317, 21815
2026/09/26 13:46:10.817, 21815
2026/09/26 13:46:11.317, 21815
2026/09/26 13:46:11.817, 21815
2026/09/26 13:46:12.318, 21815
2026/09/26 13:46:12.818, 21815
2026/09/26 13:46:13.318, 21815
2026/09/26 13:46:13.818, 21815
2026/09/26 13:46:14.318, 21815
2026/09/26 13:46:14.818, 21815
2026/09/26 13:46:15.319, 21815
2026/09/26 13:46:15.819, 21815
2026/09/26 13:46:16.319, 21815
2026/09/26 13:46:16.819, 21815
2026/09/26 13:46:17.319, 21815
2026/09/26 13:46:17.819, 21815
2026/09/26 13:46:18.320, 21815
2026/09/26 13:46:18.820, 21815
2026/09/26 13:46:19.320, 21815
2026/09/26 13:46:19.820, 21815
2026/09/26 13:46:20.320, 21815
2026/09/26 13:46:20.820, 21815
2026/09/26 13:46:21.321, 21815
2026/09/26 13:46:21.821, 21815
2026/09/26 13:46:22.321, 21815
2026/09/26 13:46:22.821, 21815
2026/09/26 13:46:23.321, 21815
2026/09/26 13:46:23.821, 21815
2026/09/26 13:46:24.321, 21815
2026/09/26 13:46:24.822, 21815
2026/09/26 13:46:25.322, 21815
2026/09/26 13:46:25.822, 21815
2026/09/26 13:46:26.322, 21815
2026/09/26 13:46:26.822, 21815
2026/09/26 13:46:27.322, 21815
2026/09/26 13:46:27.823, 21815
2026/09/26 13:46:28.323, 21815
2026/09/26 13:46:28.823, 21815
2026/09/26 13:46:29.323, 21815
2026/09/26 13:46:29.823, 21815
2026/09/26 13:46:30.323, 21815
2026/09/26 13:46:30.823, 21815
2026/09/26 13:46:31.324, 21815
2026/09/26 13:46:31.824, 21815
2026/09/26 13:46:32.324, 21815
2026/09/26 13:46:32.824, 21815
2026/09/26 13:46:33.324, 21815
2026/09/26 13:46:33.824, 21815
2026/09/26 13:46:34.325, 21815
2026/09/26 13:46:34.825, 21815
2026/09/26 13:46:35.325, 21815
2026/09/26 13:46:35.825, 21815
2026/09/26 13:46:36.325, 21815
2026/09/26 13:46:36.825, 21815
2026/09/26 13:46:37.325, 21815
2026/09/26 13:46:37.826, 21815
2026/09/26 13:46:38.326, 21815
2026/09/26 13:46:38.826, 21815
2026/09/26 13:46:39.326, 21815
2026/09/26 13:46:39.826, 21815
2026/09/26 13:46:40.326, 21815
2026/09/26 13:46:40.827, 21815
2026/09/26 13:46:41.327, 21815
2026/09/26 13:46:41.827, 21815
2026/09/26 13:46:42.327, 21815
2026/09/26 13:46:42.827, 21815
2026/09/26 13:46:43.327, 21815
2026/09/26 13:46:43.828, 21815
2026/09/26 13:46:44.328, 21815
2026/09/26 13:46:44.828, 21815
2026/09/26 13:46:45.328, 21815
2026/09/26 13:46:45.828, 21815
2026/09/26 13:46:46.328, 21815
2026/09/26 13:46:46.829, 21815
2026/09/26 13:46:47.329, 21815
2026/09/26 13:46:47.829, 21815
2026/09/26 13:46:48.329, 21815
2026/09/26 13:46:48.829, 21815
2026/09/26 13:46:49.329, 21815
2026/09/26 13:46:49.830, 21815
2026/09/26 13:46:50.330, 21815
2026/09/26 13:46:50.830, 21815
2026/09/26 13:46:51.330, 21815
2026/09/26 13:46:51.830, 21815
2026/09/26 13:46:52.330, 21815
2026/09/26 13:46:52.830, 21815
2026/09/26 13:46:53.331, 21815
2026/09/26 13:46:53.831, 21815
2026/09/26 13:46:54.331, 21815
2026/09/26 13:46:54.831, 21815
2026/09/26 13:46:55.331, 21815
2026/09/26 13:46:55.831, 21815
2026/09/26 13:46:56.331, 21815
2026/09/26 13:46:56.832, 21815
2026/09/26 13:46:57.332, 21815
2026/09/26 13:46:57.832, 21815
2026/09/26 13:46:58.332, 21815
2026/09/26 13:46:58.832, 21815
2026/09/26 13:46:59.332, 21815
2026/09/26 13:46:59.833, 21815
2026/09/26 13:47:00.333, 21815
2026/09/26 13:47:00.833, 21815
2026/09/26 13:47:01.333, 21815
2026/09/26 13:47:01.833, 21815
2026/09/26 13:47:02.333, 21815
2026/09/26 13:47:02.833, 21815
2026/09/26 13:47:03.334, 21815
2026/09/26 13:47:03.834, 21815
2026/09/26 13:47:04.334, 21815
2026/09/26 13:47:04.834, 21815
2026/09/26 13:47:05.334, 21815
2026/09/26 13:47:05.834, 21815
2026/09/26 13:47:06.335, 21815
2026/09/26 13:47:06.835, 21815
2026/09/26 13:47:07.335, 21815
2026/09/26 13:47:07.835, 21815
2026/09/26 13:47:08.335, 21815
2026/09/26 13:47:08.835, 21815
2026/09/26 13:47:09.335, 21815
2026/09/26 13:47:09.836, 21815
2026/09/26 13:47:10.336, 21815
2026/09/26 13:47:10.836, 21815
2026/09/26 13:47:11.336, 21815
2026/09/26 13:47:11.836, 21815
2026/09/26 13:47:12.336, 21815
2026/09/26 13:47:12.836, 21815
2026/09/26 13:47:13.337, 21815
2026/09/26 13:47:13.837, 21815
2026/09/26 13:47:14.337, 21815
2026/09/26 13:47:14.837, 21815
2026/09/26 13:47:15.337, 21815
2026/09/26 13:47:15.837, 21815
2026/09/26 13:47:16.337, 21815
2026/09/26 13:47:16.838, 21815
2026/09/26 13:47:17.338, 21815
2026/09/26 13:47:17.838, 21815
2026/09/26 13:47:18.338, 21815
2026/09/26 13:47:18.838, 21815
2026/09/26 13:47:19.338, 21815
2026/09/26 13:47:19.838, 21815
2026/09/26 13:47:20.339, 21815
2026/09/26 13:47:20.839, 21815
2026/09/26 13:47:21.339, 21815
2026/09/26 13:47:21.839, 21815
2026/09/26 13:47:22.339, 21815
2026/09/26 13:47:22.839, 21815
2026/09/26 13:47:23.339, 21815
2026/09/26 13:47:23.840, 21815
2026/09/26 13:47:24.340, 21815
2026/09/26 13:47:24.840, 21815
2026/09/26 13:47:25.340, 21815
2026/09/26 13:47:25.840, 21815
2026/09/26 13:47:26.340, 21815
2026/09/26 13:47:26.841, 21815
2026/09/26 13:47:27.341, 21815
2026/09/26 13:47:27.841, 21815
2026/09/26 13:47:28.341, 21815
2026/09/26 13:47:28.841, 21815
2026/09/26 13:47:29.341, 21815
2026/09/26 13:47:29.841, 21815
2026/09/26 13:47:30.342, 21815
2026/09/26 13:47:30.842, 21815
2026/09/26 13:47:31.342, 21815
2026/09/26 13:47:31.842, 21815
2026/09/26 13:47:32.342, 21815
2026/09/26 13:47:32.842, 21815
2026/09/26 13:47:33.342, 21815
2026/09/26 13:47:33.843, 21815
2026/09/26 13:47:34.343, 21815
2026/09/26 13:47:34.843, 21815
2026/09/26 13:47:35.343, 21815
2026/09/26 13:47:35.843, 21815
2026/09/26 13:47:36.343, 21815
2026/09/26 13:47:36.843, 21815
2026/09/26 13:47:37.344, 21815
2026/09/26 13:47:37.844, 21815
2026/09/26 13:47:38.344, 21815
2026/09/26 13:47:38.844, 21815
2026/09/26 13:47:39.344, 21815
2026/09/26 13:47:39.844, 21815
2026/09/26 13:47:40.345, 21815
2026/09/26 13:47:40.845, 21815
2026/09/26 13:47:41.345, 21815
2026/09/26 13:47:41.845, 21815
2026/09/26 13:47:42.345, 21815
2026/09/26 13:47:42.845, 21815
2026/09/26 13:47:43.345, 21815
2026/09/26 13:47:43.845, 21815
2026/09/26 13:47:44.346, 21815
2026/09/26 13:47:44.846, 21815
2026/09/26 13:47:45.346, 21815
2026/09/26 13:47:45.846, 21815
2026/09/26 13:47:46.346, 21815
2026/09/26 13:47:46.846, 21815
2026/09/26 13:47:47.346, 21815
2026/09/26 13:47:47.847, 21815
2026/09/26 13:47:48.347, 21815
2026/09/26 13:47:48.847, 21815
2026/09/26 13:47:49.347, 21815
2026/09/26 13:47:49.847, 21815
2026/09/26 13:47:50.347, 21815
2026/09/26 13:47:50.848, 21815
2026/09/26 13:47:51.348, 21815
2026/09/26 13:47:51.848, 21815
2026/09/26 13:47:52.348, 21815
2026/09/26 13:47:52.848, 21815
2026/09/26 13:47:53.348, 21815
2026/09/26 13:47:53.849, 21815
2026/09/26 13:47:54.349, 21815
2026/09/26 13:47:54.849, 21815
2026/09/26 13:47:55.349, 21815
2026/09/26 13:47:55.849, 21815
2026/09/26 13:47:56.349, 21815
2026/09/26 13:47:56.849, 21815
2026/09/26 13:47:57.350, 21815
2026/09/26 13:47:57.850, 21815
2026/09/26 13:47:58.350, 21815
2026/09/26 13:47:58.850, 21815
2026/09/26 13:47:59.350, 21815
2026/09/26 13:47:59.850, 21815
2026/09/26 13:48:00.351, 21815
2026/09/26 13:48:00.851, 21815
2026/09/26 13:48:01.351, 21815
2026/09/26 13:48:01.851, 21815
2026/09/26 13:48:02.351, 21815
2026/09/26 13:48:02.852, 21815
2026/09/26 13:48:03.352, 21815
2026/09/26 13:48:03.852, 21815
2026/09/26 13:48:04.352, 21815
2026/09/26 13:48:04.852, 21815
2026/09/26 13:48:05.352, 21815
2026/09/26 13:48:05.853, 21815
2026/09/26 13:48:06.353, 21815
2026/09/26 13:48:06.853, 21815
2026/09/26 13:48:07.353, 21815
2026/09/26 13:48:07.853, 21815
2026/09/26 13:48:08.353, 21815
2026/09/26 13:48:08.853, 21815
2026/09/26 13:48:09.354, 21815
2026/09/26 13:48:09.854, 21815
2026/09/26 13:48:10.354, 21815
2026/09/26 13:48:10.854, 21815
2026/09/26 13:48:11.354, 21815
2026/09/26 13:48:11.854, 21815
2026/09/26 13:48:12.355, 21815
2026/09/26 13:48:12.855, 21815
2026/09/26 13:48:13.355, 21815
2026/09/26 13:48:13.855, 21815
2026/09/26 13:48:14.355, 21815
2026/09/26 13:48:14.855, 21815
2026/09/26 13:48:15.356, 21815
2026/09/26 13:48:15.856, 21815
2026/09/26 13:48:16.356, 21815
2026/09/26 13:48:16.856, 21815
2026/09/26 13:48:17.356, 21815
2026/09/26 13:48:17.856, 21815
2026/09/26 13:48:18.356, 21815
2026/09/26 13:48:18.857, 21815
2026/09/26 13:48:19.357, 21815
2026/09/26 13:48:19.857, 21815
2026/09/26 13:48:20.357, 21815
2026/09/26 13:48:20.857, 21815
2026/09/26 13:48:21.357, 21815
2026/09/26 13:48:21.858, 21815
2026/09/26 13:48:22.358, 21815
2026/09/26 13:48:22.858, 21815
2026/09/26 13:48:23.358, 21815
2026/09/26 13:48:23.858, 21815
2026/09/26 13:48:24.358, 21815
2026/09/26 13:48:24.858, 21815
2026/09/26 13:48:25.359, 21815
2026/09/26 13:48:25.859, 21815
2026/09/26 13:48:26.359, 21815
2026/09/26 13:48:26.859, 21815
2026/09/26 13:48:27.359, 21815
2026/09/26 13:48:27.859, 21815
2026/09/26 13:48:28.359, 21815
2026/09/26 13:48:28.860, 21815
2026/09/26 13:48:29.360, 21815
2026/09/26 13:48:29.860, 21815
2026/09/26 13:48:30.360, 21815
2026/09/26 13:48:30.860, 21815
2026/09/26 13:48:31.360, 21815
2026/09/26 13:48:31.861, 21815
2026/09/26 13:48:32.361, 21815
2026/09/26 13:48:32.861, 21815
2026/09/26 13:48:33.361, 21815
2026/09/26 13:48:33.861, 21815
2026/09/26 13:48:34.361, 21815
2026/09/26 13:48:34.861, 21815
2026/09/26 13:48:35.362, 21815
2026/09/26 13:48:35.862, 21815
2026/09/26 13:48:36.362, 21815
2026/09/26 13:48:36.862, 21815
2026/09/26 13:48:37.362, 21815
2026/09/26 13:48:37.862, 21815
2026/09/26 13:48:38.363, 21815
2026/09/26 13:48:38.863, 21815
2026/09/26 13:48:39.363, 21815
2026/09/26 13:48:39.863, 21815
2026/09/26 13:48:40.363, 21815
2026/09/26 13:48:40.863, 21815
2026/09/26 13:48:41.363, 21815
2026/09/26 13:48:41.864, 21815
2026/09/26 13:48:42.364, 21815
2026/09/26 13:48:42.864, 21815
2026/09/26 13:48:43.364, 21815
2026/09/26 13:48:43.864, 21815
2026/09/26 13:48:44.364, 21815
2026/09/26 13:48:44.864, 21815
2026/09/26 13:48:45.365, 21815
2026/09/26 13:48:45.865, 21815
2026/09/26 13:48:46.365, 21815
2026/09/26 13:48:46.865, 21815
2026/09/26 13:48:47.365, 21815
2026/09/26 13:48:47.865, 21815
2026/09/26 13:48:48.365, 21815
2026/09/26 13:48:48.866, 21815
2026/09/26 13:48:49.366, 21815
2026/09/26 13:48:49.866, 21815
2026/09/26 13:48:50.366, 21815
2026/09/26 13:48:50.866, 21815
2026/09/26 13:48:51.367, 21815
2026/09/26 13:48:51.867, 21815
2026/09/26 13:48:52.367, 21815
2026/09/26 13:48:52.867, 21815
2026/09/26 13:48:53.367, 21815
2026/09/26 13:48:53.867, 21815
2026/09/26 13:48:54.368, 21815
2026/09/26 13:48:54.868, 21815
2026/09/26 13:48:55.368, 21815
2026/09/26 13:48:55.868, 21815
2026/09/26 13:48:56.368, 21815
2026/09/26 13:48:56.868, 21815
2026/09/26 13:48:57.368, 21815
2026/09/26 13:48:57.869, 21815
2026/09/26 13:48:58.369, 21815
2026/09/26 13:48:58.869, 21815
2026/09/26 13:48:59.369, 21815
2026/09/26 13:48:59.869, 21815
2026/09/26 13:49:00.369, 21815
2026/09/26 13:49:00.869, 21815
2026/09/26 13:49:01.370, 21815
2026/09/26 13:49:01.870, 21815
2026/09/26 13:49:02.370, 21815
2026/09/26 13:49:02.870, 21815
2026/09/26 13:49:03.370, 21815
2026/09/26 13:49:03.870, 21815
2026/09/26 13:49:04.370, 21815
2026/09/26 13:49:04.871, 21815
2026/09/26 13:49:05.371, 21815
2026/09/26 13:49:05.871, 21815
2026/09/26 13:49:06.371, 21815
2026/09/26 13:49:06.871, 21815
2026/09/26 13:49:07.371, 21815
2026/09/26 13:49:07.872, 21815
2026/09/26 13:49:08.372, 21815
2026/09/26 13:49:08.872, 21815
2026/09/26 13:49:09.372, 21815
2026/09/26 13:49:09.872, 21815
2026/09/26 13:49:10.372, 21815
2026/09/26 13:49:10.872, 21815
2026/09/26 13:49:11.373, 21815
2026/09/26 13:49:11.873, 21815
2026/09/26 13:49:12.373, 21815
2026/09/26 13:49:12.873, 21815
2026/09/26 13:49:13.373, 21815
2026/09/26 13:49:13.873, 21815
2026/09/26 13:49:14.374, 21815
2026/09/26 13:49:14.874, 21815
2026/09/26 13:49:15.374, 21815
2026/09/26 13:49:15.874, 21815
2026/09/26 13:49:16.374, 21815
2026/09/26 13:49:16.874, 21815
2026/09/26 13:49:17.374, 21815
2026/09/26 13:49:17.875, 21815
2026/09/26 13:49:18.375, 21815
2026/09/26 13:49:18.875, 21815
2026/09/26 13:49:19.375, 21815
2026/09/26 13:49:19.875, 21815
2026/09/26 13:49:20.375, 21815
2026/09/26 13:49:20.875, 21815
2026/09/26 13:49:21.376, 21815
2026/09/26 13:49:21.876, 21815
2026/09/26 13:49:22.376, 21815
2026/09/26 13:49:22.876, 21815
2026/09/26 13:49:23.376, 21815
2026/09/26 13:49:23.876, 21815
2026/09/26 13:49:24.376, 21815
2026/09/26 13:49:24.876, 21815
2026/09/26 13:49:25.377, 21815
2026/09/26 13:49:25.877, 21815
2026/09/26 13:49:26.377, 21815
2026/09/26 13:49:26.877, 21815
2026/09/26 13:49:27.377, 21815
2026/09/26 13:49:27.877, 21815
2026/09/26 13:49:28.377, 21815
2026/09/26 13:49:28.878, 21815
2026/09/26 13:49:29.378, 21815
2026/09/26 13:49:29.878, 21815
2026/09/26 13:49:30.378, 21815
2026/09/26 13:49:30.878, 21815
2026/09/26 13:49:31.378, 21815
2026/09/26 13:49:31.878, 21815
2026/09/26 13:49:32.379, 21815
2026/09/26 13:49:32.879, 21815
2026/09/26 13:49:33.379, 21815
2026/09/26 13:49:33.879, 21815
2026/09/26 13:49:34.379, 21815
2026/09/26 13:49:34.879, 21815
2026/09/26 13:49:35.379, 21815
2026/09/26 13:49:35.880, 21815
2026/09/26 13:49:36.380, 21815
2026/09/26 13:49:36.880, 21815
2026/09/26 13:49:37.380, 21815
2026/09/26 13:49:37.880, 21815
2026/09/26 13:49:38.381, 21815
2026/09/26 13:49:38.881, 21815
2026/09/26 13:49:39.381, 21815
2026/09/26 13:49:39.881, 21815
2026/09/26 13:49:40.381, 21815
2026/09/26 13:49:40.881, 21815
2026/09/26 13:49:41.381, 21815
2026/09/26 13:49:41.882, 21815
2026/09/26 13:49:42.382, 21815
2026/09/26 13:49:42.882, 21815
2026/09/26 13:49:43.382, 21815
2026/09/26 13:49:43.882, 21815
2026/09/26 13:49:44.382, 21815
2026/09/26 13:49:44.883, 21815
2026/09/26 13:49:45.383, 21815
2026/09/26 13:49:45.883, 21815
2026/09/26 13:49:46.383, 21815
2026/09/26 13:49:46.883, 21815
2026/09/26 13:49:47.383, 21815
2026/09/26 13:49:47.884, 21815
2026/09/26 13:49:48.384, 21815
2026/09/26 13:49:48.884, 21815
2026/09/26 13:49:49.384, 21815
2026/09/26 13:49:49.884, 21815
2026/09/26 13:49:50.384, 21815
2026/09/26 13:49:50.885, 21815
2026/09/26 13:49:51.385, 21815
2026/09/26 13:49:51.885, 21815
2026/09/26 13:49:52.385, 21815
2026/09/26 13:49:52.885, 21815
2026/09/26 13:49:53.385, 21815
2026/09/26 13:49:53.885, 21815
2026/09/26 13:49:54.386, 21815
2026/09/26 13:49:54.886, 21815
2026/09/26 13:49:55.386, 21815
2026/09/26 13:49:55.886, 21815
2026/09/26 13:49:56.386, 21815
2026/09/26 13:49:56.886, 21815
2026/09/26 13:49:57.387, 21815
2026/09/26 13:49:57.887, 21815
2026/09/26 13:49:58.387, 21815
2026/09/26 13:49:58.887, 21815
2026/09/26 13:49:59.387, 21815
2026/09/26 13:49:59.887, 21815
2026/09/26 13:50:00.387, 21815
2026/09/26 13:50:00.888, 21815
2026/09/26 13:50:01.388, 21815
2026/09/26 13:50:01.888, 21815
2026/09/26 13:50:02.388, 21815
2026/09/26 13:50:02.888, 21815
2026/09/26 13:50:03.388, 21815
2026/09/26 13:50:03.889, 21815
2026/09/26 13:50:04.389, 21815
2026/09/26 13:50:04.889, 21815
2026/09/26 13:50:05.389, 21815
2026/09/26 13:50:05.889, 21815
2026/09/26 13:50:06.389, 21815
2026/09/26 13:50:06.889, 21815
2026/09/26 13:50:07.390, 21815
2026/09/26 13:50:07.890, 21815
2026/09/26 13:50:08.390, 21815
2026/09/26 13:50:08.890, 21815
2026/09/26 13:50:09.390, 21815
2026/09/26 13:50:09.890, 21815
2026/09/26 13:50:10.391, 21815
2026/09/26 13:50:10.891, 21815
2026/09/26 13:50:11.391, 21815
2026/09/26 13:50:11.891, 21815
2026/09/26 13:50:12.391, 21815
2026/09/26 13:50:12.891, 21815
2026/09/26 13:50:13.391, 21815
2026/09/26 13:50:13.892, 21815
2026/09/26 13:50:14.392, 21815
2026/09/26 13:50:14.892, 21815
2026/09/26 13:50:15.392, 21815
2026/09/26 13:50:15.892, 21815
2026/09/26 13:50:16.392, 21815
2026/09/26 13:50:16.893, 21815
2026/09/26 13:50:17.393, 21815
2026/09/26 13:50:17.893, 21815
2026/09/26 13:50:18.393, 21815
2026/09/26 13:50:18.893, 21815
2026/09/26 13:50:19.393, 21815
2026/09/26 13:50:19.893, 21815
2026/09/26 13:50:20.394, 21815
2026/09/26 13:50:20.894, 21815
2026/09/26 13:50:21.394, 21815
2026/09/26 13:50:21.894, 21815
2026/09/26 13:50:22.394, 21815
2026/09/26 13:50:22.894, 21815
2026/09/26 13:50:23.395, 21815
2026/09/26 13:50:23.895, 21815
2026/09/26 13:50:24.395, 21815
2026/09/26 13:50:24.895, 21815
2026/09/26 13:50:25.395, 21815
2026/09/26 13:50:25.895, 21815
2026/09/26 13:50:26.395, 21815
2026/09/26 13:50:26.896, 21815
2026/09/26 13:50:27.396, 21815
2026/09/26 13:50:27.896, 21815
2026/09/26 13:50:28.396, 21815
2026/09/26 13:50:28.896, 21815
2026/09/26 13:50:29.396, 21815
2026/09/26 13:50:29.896, 21815
2026/09/26 13:50:30.397, 21815
2026/09/26 13:50:30.897, 21815
2026/09/26 13:50:31.397, 21815
2026/09/26 13:50:31.897, 21815
2026/09/26 13:50:32.397, 21815
2026/09/26 13:50:32.897, 21815
2026/09/26 13:50:33.398, 21815
2026/09/26 13:50:33.898, 21815
2026/09/26 13:50:34.398, 21815
2026/09/26 13:50:34.898, 21815
2026/09/26 13:50:35.398, 21815
2026/09/26 13:50:35.898, 21815
2026/09/26 13:50:36.399, 21815
2026/09/26 13:50:36.899, 21815
2026/09/26 13:50:37.399, 21815
2026/09/26 13:50:37.899, 21815
2026/09/26 13:50:38.399, 21815
2026/09/26 13:50:38.899, 21815
2026/09/26 13:50:39.399, 21815
2026/09/26 13:50:39.900, 21815
2026/09/26 13:50:40.400, 21815
2026/09/26 13:50:40.900, 21815
2026/09/26 13:50:41.400, 21815
2026/09/26 13:50:41.900, 21815
2026/09/26 13:50:42.400, 21815
2026/09/26 13:50:42.901, 21815
2026/09/26 13:50:43.401, 21815
2026/09/26 13:50:43.901, 21815
2026/09/26 13:50:44.401, 21815
2026/09/26 13:50:44.901, 21815
2026/09/26 13:50:45.401, 21815
2026/09/26 13:50:45.902, 21815
2026/09/26 13:50:46.402, 21815
2026/09/26 13:50:46.902, 21815
2026/09/26 13:50:47.402, 21815
2026/09/26 13:50:47.902, 21815
2026/09/26 13:50:48.402, 21815
2026/09/26 13:50:48.902, 21815
2026/09/26 13:50:49.403, 21815
2026/09/26 13:50:49.903, 21815
2026/09/26 13:50:50.403, 21815
2026/09/26 13:50:50.903, 21815
2026/09/26 13:50:51.403, 21815
2026/09/26 13:50:51.903, 21815
2026/09/26 13:50:52.404, 21815
2026/09/26 13:50:52.904, 21815
2026/09/26 13:50:53.404, 21815
2026/09/26 13:50:53.904, 21815
2026/09/26 13:50:54.404, 21815
2026/09/26 13:50:54.904, 21815
2026/09/26 13:50:55.404, 21815
2026/09/26 13:50:55.905, 21815
2026/09/26 13:50:56.405, 21815
2026/09/26 13:50:56.905, 21815
2026/09/26 13:50:57.405, 21815
2026/09/26 13:50:57.905, 21815
2026/09/26 13:50:58.405, 21815
2026/09/26 13:50:58.906, 21815
2026/09/26 13:50:59.406, 21815
2026/09/26 13:50:59.906, 21815
2026/09/26 13:51:00.406, 21815
2026/09/26 13:51:00.906, 21815
2026/09/26 13:51:01.406, 21815
2026/09/26 13:51:01.907, 21815
2026/09/26 13:51:02.407, 21815
2026/09/26 13:51:02.907, 21815
2026/09/26 13:51:03.407, 21815
2026/09/26 13:51:03.907, 21815
2026/09/26 13:51:04.408, 21815
2026/09/26 13:51:04.908, 21815
2026/09/26 13:51:05.408, 21815
2026/09/26 13:51:05.908, 21815
2026/09/26 13:51:06.408, 21815
2026/09/26 13:51:06.908, 21815
2026/09/26 13:51:07.408, 21815
2026/09/26 13:51:07.909, 21815
2026/09/26 13:51:08.413, 21815
2026/09/26 13:51:08.913, 21815
2026/09/26 13:51:09.413, 21815
2026/09/26 13:51:09.913, 21815
2026/09/26 13:51:10.413, 21815
2026/09/26 13:51:10.913, 21815
2026/09/26 13:51:11.413, 21815
2026/09/26 13:51:11.914, 21815
2026/09/26 13:51:12.414, 21815
2026/09/26 13:51:12.914, 21815
2026/09/26 13:51:13.414, 21815
2026/09/26 13:51:13.914, 21815
2026/09/26 13:51:14.414, 21815
2026/09/26 13:51:14.914, 21815
2026/09/26 13:51:15.415, 21815
2026/09/26 13:51:15.915, 21815
2026/09/26 13:51:16.415, 21815
2026/09/26 13:51:16.915, 21815
2026/09/26 13:51:17.415, 21815
2026/09/26 13:51:17.915, 21815
2026/09/26 13:51:18.415, 21815
2026/09/26 13:51:18.915, 21815
2026/09/26 13:51:19.416, 21815
2026/09/26 13:51:19.916, 21815
2026/09/26 13:51:20.416, 21815
2026/09/26 13:51:20.916, 21815
2026/09/26 13:51:21.416, 21815
2026/09/26 13:51:21.916, 21815
2026/09/26 13:51:22.416, 21815
2026/09/26 13:51:22.917, 21815
2026/09/26 13:51:23.417, 21815
2026/09/26 13:51:23.917, 21815
2026/09/26 13:51:24.417, 21815
2026/09/26 13:51:24.917, 21815
2026/09/26 13:51:25.417, 21815
2026/09/26 13:51:25.918, 21815
2026/09/26 13:51:26.418, 21815
2026/09/26 13:51:26.918, 21815
2026/09/26 13:51:27.418, 21815
2026/09/26 13:51:27.918, 21815
2026/09/26 13:51:28.418, 21815
2026/09/26 13:51:28.918, 21815
2026/09/26 13:51:29.419, 21815
2026/09/26 13:51:29.919, 21815
2026/09/26 13:51:30.419, 21815
2026/09/26 13:51:30.919, 21815
2026/09/26 13:51:31.419, 21815
2026/09/26 13:51:31.919, 21815
2026/09/26 13:51:32.420, 21815
2026/09/26 13:51:32.920, 21815
2026/09/26 13:51:33.420, 21815
2026/09/26 13:51:33.920, 21815
2026/09/26 13:51:34.420, 21815
2026/09/26 13:51:34.920, 21815
2026/09/26 13:51:35.420, 21815
2026/09/26 13:51:35.920, 21815
2026/09/26 13:51:36.421, 21815
2026/09/26 13:51:36.921, 21815
2026/09/26 13:51:37.421, 21815
2026/09/26 13:51:37.921, 21815
2026/09/26 13:51:38.421, 21815
2026/09/26 13:51:38.921, 21815
2026/09/26 13:51:39.422, 21815
2026/09/26 13:51:39.922, 21815
2026/09/26 13:51:40.422, 21815
2026/09/26 13:51:40.922, 21815
2026/09/26 13:51:41.422, 21815
2026/09/26 13:51:41.922, 21815
2026/09/26 13:51:42.422, 21815
2026/09/26 13:51:42.923, 21815
2026/09/26 13:51:43.423, 21815
2026/09/26 13:51:43.923, 21815
2026/09/26 13:51:44.423, 21815
2026/09/26 13:51:44.923, 21815
2026/09/26 13:51:45.423, 21815
2026/09/26 13:51:45.923, 21815
2026/09/26 13:51:46.424, 21815
2026/09/26 13:51:46.924, 21815
2026/09/26 13:51:47.424, 21815
2026/09/26 13:51:47.924, 21815
2026/09/26 13:51:48.424, 21815
2026/09/26 13:51:48.924, 21815
2026/09/26 13:51:49.425, 21815
2026/09/26 13:51:49.925, 21815
2026/09/26 13:51:50.425, 21815
2026/09/26 13:51:50.925, 21815
2026/09/26 13:51:51.425, 21815
2026/09/26 13:51:51.925, 21815
2026/09/26 13:51:52.425, 21815
2026/09/26 13:51:52.926, 21815
2026/09/26 13:51:53.426, 21815
2026/09/26 13:51:53.926, 21815
2026/09/26 13:51:54.426, 21815
2026/09/26 13:51:54.926, 21815
2026/09/26 13:51:55.426, 21815
2026/09/26 13:51:55.926, 21815
2026/09/26 13:51:56.427, 21815
2026/09/26 13:51:56.927, 21815
2026/09/26 13:51:57.427, 21815
2026/09/26 13:51:57.927, 21815
2026/09/26 13:51:58.427, 21815
2026/09/26 13:51:58.927, 21815
2026/09/26 13:51:59.428, 21815
2026/09/26 13:51:59.928, 21815
2026/09/26 13:52:00.428, 21815
2026/09/26 13:52:00.928, 21815
2026/09/26 13:52:01.428, 21815
2026/09/26 13:52:01.928, 21815
2026/09/26 13:52:02.428, 21815
2026/09/26 13:52:02.929, 21815
2026/09/26 13:52:03.429, 21815
2026/09/26 13:52:03.929, 21815
2026/09/26 13:52:04.429, 21815
2026/09/26 13:52:04.929, 21815
2026/09/26 13:52:05.429, 21815
2026/09/26 13:52:05.929, 21815
2026/09/26 13:52:06.430, 21815
2026/09/26 13:52:06.930, 21815
2026/09/26 13:52:07.430, 21815
2026/09/26 13:52:07.930, 21815
2026/09/26 13:52:08.430, 21815
2026/09/26 13:52:08.930, 21815
2026/09/26 13:52:09.431, 21815
2026/09/26 13:52:09.931, 21815
2026/09/26 13:52:10.431, 21815
2026/09/26 13:52:10.931, 21815
2026/09/26 13:52:11.432, 21815
2026/09/26 13:52:11.932, 21815
2026/09/26 13:52:12.432, 21815
2026/09/26 13:52:12.932, 21815
2026/09/26 13:52:13.432, 21815
2026/09/26 13:52:13.932, 21815
2026/09/26 13:52:14.432, 21815
2026/09/26 13:52:14.933, 21815
2026/09/26 13:52:15.433, 21815
2026/09/26 13:52:15.933, 21815
2026/09/26 13:52:16.433, 21815
2026/09/26 13:52:16.933, 21815
2026/09/26 13:52:17.433, 21815
2026/09/26 13:52:17.933, 21815
2026/09/26 13:52:18.434, 21815
2026/09/26 13:52:18.934, 21815
2026/09/26 13:52:19.434, 21815
2026/09/26 13:52:19.934, 21815
2026/09/26 13:52:20.434, 21815
2026/09/26 13:52:20.934, 21815
2026/09/26 13:52:21.434, 21815
2026/09/26 13:52:21.935, 21815
2026/09/26 13:52:22.435, 21815
2026/09/26 13:52:22.935, 21815
2026/09/26 13:52:23.435, 21815
2026/09/26 13:52:23.935, 21815
2026/09/26 13:52:24.435, 21815
2026/09/26 13:52:24.935, 21815
2026/09/26 13:52:25.436, 21815
2026/09/26 13:52:25.936, 21815
2026/09/26 13:52:26.436, 21815
2026/09/26 13:52:26.936, 21815
2026/09/26 13:52:27.436, 21815
2026/09/26 13:52:27.936, 21815
2026/09/26 13:52:28.437, 21815
2026/09/26 13:52:28.937, 21815
2026/09/26 13:52:29.437, 21815
2026/09/26 13:52:29.937, 21815
2026/09/26 13:52:30.437, 21815
2026/09/26 13:52:30.937, 21815
2026/09/26 13:52:31.438, 21815
2026/09/26 13:52:31.938, 21815
2026/09/26 13:52:32.438, 21815
2026/09/26 13:52:32.938, 21815
2026/09/26 13:52:33.438, 21815
2026/09/26 13:52:33.938, 21815
2026/09/26 13:52:34.439, 21815
2026/09/26 13:52:34.939, 21815
2026/09/26 13:52:35.439, 21815
2026/09/26 13:52:35.939, 21815
2026/09/26 13:52:36.439, 21815
2026/09/26 13:52:36.939, 21815
2026/09/26 13:52:37.440, 21815
2026/09/26 13:52:37.940, 21815
2026/09/26 13:52:38.440, 21815
2026/09/26 13:52:38.940, 21815
2026/09/26 13:52:39.440, 21815
2026/09/26 13:52:39.940, 21815
2026/09/26 13:52:40.441, 21815
2026/09/26 13:52:40.941, 21815
2026/09/26 13:52:41.441, 21815
2026/09/26 13:52:41.941, 21815
2026/09/26 13:52:42.441, 21815
2026/09/26 13:52:42.941, 21815
2026/09/26 13:52:43.441, 21815
2026/09/26 13:52:43.942, 21815
2026/09/26 13:52:44.442, 21815
2026/09/26 13:52:44.942, 21815
2026/09/26 13:52:45.442, 21815
2026/09/26 13:52:45.942, 21815
2026/09/26 13:52:46.442, 21815
2026/09/26 13:52:46.943, 21815
2026/09/26 13:52:47.443, 21815
2026/09/26 13:52:47.943, 21815
2026/09/26 13:52:48.443, 21815
2026/09/26 13:52:48.943, 21815
2026/09/26 13:52:49.443, 21815
2026/09/26 13:52:49.944, 21815
2026/09/26 13:52:50.444, 21815
2026/09/26 13:52:50.944, 21815
2026/09/26 13:52:51.444, 21815
2026/09/26 13:52:51.944, 21815
2026/09/26 13:52:52.444, 21815
2026/09/26 13:52:52.945, 21815
2026/09/26 13:52:53.445, 21815
2026/09/26 13:52:53.945, 21815
2026/09/26 13:52:54.445, 21815
2026/09/26 13:52:54.945, 21815
2026/09/26 13:52:55.445, 21815
2026/09/26 13:52:55.946, 21815
2026/09/26 13:52:56.446, 21815
2026/09/26 13:52:56.946, 21815
2026/09/26 13:52:57.446, 21815
2026/09/26 13:52:57.946, 21815
2026/09/26 13:52:58.446, 21815
2026/09/26 13:52:58.947, 21815
2026/09/26 13:52:59.447, 21815
2026/09/26 13:52:59.947, 21815
2026/09/26 13:53:00.447, 21815
2026/09/26 13:53:00.947, 21815
2026/09/26 13:53:01.447, 21815
2026/09/26 13:53:01.948, 21815
2026/09/26 13:53:02.448, 21815
2026/09/26 13:53:02.948, 21815
2026/09/26 13:53:03.448, 21815
2026/09/26 13:53:03.948, 21815
2026/09/26 13:53:04.448, 21815
2026/09/26 13:53:04.949, 21815
2026/09/26 13:53:05.449, 21815
2026/09/26 13:53:05.949, 21815
2026/09/26 13:53:06.449, 21815
2026/09/26 13:53:06.949, 21815
2026/09/26 13:53:07.449, 21815
2026/09/26 13:53:07.949, 21815
2026/09/26 13:53:08.450, 21815
2026/09/26 13:53:08.950, 21815
2026/09/26 13:53:09.450, 21815
2026/09/26 13:53:09.950, 21815
2026/09/26 13:53:10.450, 21815
2026/09/26 13:53:10.950, 21815
2026/09/26 13:53:11.450, 21815
2026/09/26 13:53:11.951, 21815
2026/09/26 13:53:12.451, 21815
2026/09/26 13:53:12.951, 21815
2026/09/26 13:53:13.451, 21815
2026/09/26 13:53:13.951, 21815
2026/09/26 13:53:14.451, 21815
2026/09/26 13:53:14.951, 21815
2026/09/26 13:53:15.452, 21815
2026/09/26 13:53:15.952, 21815
2026/09/26 13:53:16.452, 21815
2026/09/26 13:53:16.952, 21815
2026/09/26 13:53:17.452, 21815
2026/09/26 13:53:17.952, 21815
2026/09/26 13:53:18.453, 21815
2026/09/26 13:53:18.953, 21815
2026/09/26 13:53:19.453, 21815
2026/09/26 13:53:19.953, 21815
2026/09/26 13:53:20.453, 21815
2026/09/26 13:53:20.953, 21815
2026/09/26 13:53:21.453, 21815
2026/09/26 13:53:21.954, 21815
2026/09/26 13:53:22.454, 21815
2026/09/26 13:53:22.954, 21815
2026/09/26 13:53:23.454, 21815
2026/09/26 13:53:23.954, 21815
2026/09/26 13:53:24.454, 21815
2026/09/26 13:53:24.955, 21815
2026/09/26 13:53:25.455, 21815
2026/09/26 13:53:25.955, 21815
2026/09/26 13:53:26.455, 21815
2026/09/26 13:53:26.955, 21815
2026/09/26 13:53:27.455, 21815
2026/09/26 13:53:27.955, 21815
2026/09/26 13:53:28.456, 21815
2026/09/26 13:53:28.956, 21815
2026/09/26 13:53:29.456, 21815
2026/09/26 13:53:29.956, 21815
2026/09/26 13:53:30.456, 21815
2026/09/26 13:53:30.956, 21815
2026/09/26 13:53:31.456, 21815
2026/09/26 13:53:31.957, 21815
2026/09/26 13:53:32.457, 21815
2026/09/26 13:53:32.957, 21815
2026/09/26 13:53:33.457, 21815
2026/09/26 13:53:33.957, 21815
2026/09/26 13:53:34.457, 21815
2026/09/26 13:53:34.958, 21815
2026/09/26 13:53:35.458, 21815
2026/09/26 13:53:35.958, 21815
2026/09/26 13:53:36.458, 21815
2026/09/26 13:53:36.958, 21815
2026/09/26 13:53:37.458, 21815
2026/09/26 13:53:37.959, 21815
2026/09/26 13:53:38.459, 21815
2026/09/26 13:53:38.959, 21815
2026/09/26 13:53:39.459, 21815
2026/09/26 13:53:39.959, 21815
2026/09/26 13:53:40.459, 21815
2026/09/26 13:53:40.959, 21815
2026/09/26 13:53:41.460, 21815
2026/09/26 13:53:41.960, 21815
2026/09/26 13:53:42.460, 21815
2026/09/26 13:53:42.960, 21815
2026/09/26 13:53:43.460, 21815
2026/09/26 13:53:43.960, 21815
2026/09/26 13:53:44.461, 21815
2026/09/26 13:53:44.961, 21815
2026/09/26 13:53:45.461, 21815
2026/09/26 13:53:45.961, 21815
2026/09/26 13:53:46.461, 21815
2026/09/26 13:53:46.961, 21815
2026/09/26 13:53:47.462, 21815
2026/09/26 13:53:47.962, 21815
2026/09/26 13:53:48.462, 21815
2026/09/26 13:53:48.962, 21815
2026/09/26 13:53:49.462, 21815
2026/09/26 13:53:49.962, 21815
2026/09/26 13:53:50.462, 21815
2026/09/26 13:53:50.963, 21815
2026/09/26 13:53:51.463, 21815
2026/09/26 13:53:51.963, 21815
2026/09/26 13:53:52.463, 21815
2026/09/26 13:53:52.963, 21815
2026/09/26 13:53:53.463, 21815
2026/09/26 13:53:53.963, 21815
2026/09/26 13:53:54.464, 21815
2026/09/26 13:53:54.964, 21815
2026/09/26 13:53:55.464, 21815
2026/09/26 13:53:55.964, 21815
2026/09/26 13:53:56.464, 21815
2026/09/26 13:53:56.964, 21815
2026/09/26 13:53:57.464, 21815
2026/09/26 13:53:57.964, 21815
2026/09/26 13:53:58.465, 21815
2026/09/26 13:53:58.965, 21815
2026/09/26 13:53:59.465, 21815
2026/09/26 13:53:59.965, 21815
2026/09/26 13:54:00.465, 21815
2026/09/26 13:54:00.965, 21815
2026/09/26 13:54:01.465, 21815
2026/09/26 13:54:01.966, 21815
2026/09/26 13:54:02.466, 21815
2026/09/26 13:54:02.966, 21815
2026/09/26 13:54:03.466, 21815
2026/09/26 13:54:03.966, 21815
2026/09/26 13:54:04.466, 21815
2026/09/26 13:54:04.966, 21815
2026/09/26 13:54:05.467, 21815
2026/09/26 13:54:05.967, 21815
2026/09/26 13:54:06.467, 21815
2026/09/26 13:54:06.967, 21815
2026/09/26 13:54:07.467, 21815
2026/09/26 13:54:07.967, 21815
2026/09/26 13:54:08.467, 21815
2026/09/26 13:54:08.968, 21815
2026/09/26 13:54:09.468, 21815
2026/09/26 13:54:09.968, 21815
2026/09/26 13:54:10.468, 21815
2026/09/26 13:54:10.968, 21815
2026/09/26 13:54:11.468, 21815
2026/09/26 13:54:11.968, 21815
2026/09/26 13:54:12.469, 21815
2026/09/26 13:54:12.969, 21815
2026/09/26 13:54:13.469, 21815
2026/09/26 13:54:13.969, 21815
2026/09/26 13:54:14.469, 21815
2026/09/26 13:54:14.969, 21815
2026/09/26 13:54:15.470, 21815
2026/09/26 13:54:15.970, 21815
2026/09/26 13:54:16.470, 21815
2026/09/26 13:54:16.970, 21815
2026/09/26 13:54:17.470, 21815
2026/09/26 13:54:17.970, 21815
2026/09/26 13:54:18.470, 21815
2026/09/26 13:54:18.971, 21815
2026/09/26 13:54:19.471, 21815
2026/09/26 13:54:19.971, 21815
2026/09/26 13:54:20.471, 21815
2026/09/26 13:54:20.971, 21815
2026/09/26 13:54:21.471, 21815
2026/09/26 13:54:21.972, 21815
2026/09/26 13:54:22.472, 21815
2026/09/26 13:54:22.972, 21815
2026/09/26 13:54:23.472, 21815
2026/09/26 13:54:23.972, 21815
2026/09/26 13:54:24.473, 21815
2026/09/26 13:54:24.973, 21815
2026/09/26 13:54:25.473, 21815
2026/09/26 13:54:25.973, 21815
2026/09/26 13:54:26.473, 21815
2026/09/26 13:54:26.973, 21815
2026/09/26 13:54:27.473, 21815
2026/09/26 13:54:27.974, 21815
2026/09/26 13:54:28.474, 21815
2026/09/26 13:54:28.974, 21815
2026/09/26 13:54:29.474, 21815
2026/09/26 13:54:29.974, 21815
2026/09/26 13:54:30.474, 21815
2026/09/26 13:54:30.975, 21815
2026/09/26 13:54:31.475, 21815
2026/09/26 13:54:31.975, 21815
2026/09/26 13:54:32.475, 21815
2026/09/26 13:54:32.975, 21815
2026/09/26 13:54:33.475, 21815
2026/09/26 13:54:33.976, 21815
2026/09/26 13:54:34.476, 21815
2026/09/26 13:54:34.976, 21815
2026/09/26 13:54:35.476, 21815
2026/09/26 13:54:35.976, 21815
2026/09/26 13:54:36.476, 21815
2026/09/26 13:54:36.977, 21815
2026/09/26 13:54:37.477, 21815
2026/09/26 13:54:37.977, 21815
2026/09/26 13:54:38.477, 21815
2026/09/26 13:54:38.977, 21815
2026/09/26 13:54:39.477, 21815
2026/09/26 13:54:39.977, 21815
2026/09/26 13:54:40.478, 21815
2026/09/26 13:54:40.978, 21815
2026/09/26 13:54:41.478, 21815
2026/09/26 13:54:41.978, 21815
2026/09/26 13:54:42.478, 21815
2026/09/26 13:54:42.979, 21815
2026/09/26 13:54:43.479, 21815
2026/09/26 13:54:43.979, 21815
2026/09/26 13:54:44.479, 21815
2026/09/26 13:54:44.980, 21815
2026/09/26 13:54:45.480, 21815
2026/09/26 13:54:45.980, 21815
2026/09/26 13:54:46.480, 21815
2026/09/26 13:54:46.980, 21815
2026/09/26 13:54:47.480, 21815
2026/09/26 13:54:47.980, 21815
2026/09/26 13:54:48.481, 21815
2026/09/26 13:54:48.981, 21815
2026/09/26 13:54:49.481, 21815
2026/09/26 13:54:49.981, 21815
2026/09/26 13:54:50.481, 21815
2026/09/26 13:54:50.981, 21815
2026/09/26 13:54:51.481, 21815
2026/09/26 13:54:51.981, 21815
2026/09/26 13:54:52.482, 21815
2026/09/26 13:54:52.982, 21815
2026/09/26 13:54:53.482, 21815
2026/09/26 13:54:53.982, 21815
2026/09/26 13:54:54.482, 21815
2026/09/26 13:54:54.982, 21815
2026/09/26 13:54:55.483, 21815
2026/09/26 13:54:55.983, 21815
2026/09/26 13:54:56.483, 21815
2026/09/26 13:54:56.983, 21815
2026/09/26 13:54:57.483, 21815
2026/09/26 13:54:57.983, 21815
2026/09/26 13:54:58.483, 21815
2026/09/26 13:54:58.984, 21815
2026/09/26 13:54:59.484, 21815
2026/09/26 13:54:59.984, 21815
2026/09/26 13:55:00.484, 21815
2026/09/26 13:55:00.984, 21815
2026/09/26 13:55:01.484, 21815
2026/09/26 13:55:01.984, 21815
2026/09/26 13:55:02.485, 21815
2026/09/26 13:55:02.985, 21815
2026/09/26 13:55:03.485, 21815
2026/09/26 13:55:03.985, 21815
2026/09/26 13:55:04.485, 21815
2026/09/26 13:55:04.985, 21815
2026/09/26 13:55:05.486, 21815
2026/09/26 13:55:05.986, 21815
2026/09/26 13:55:06.486, 21815
2026/09/26 13:55:06.986, 21815
2026/09/26 13:55:07.486, 21815
2026/09/26 13:55:07.986, 21815
2026/09/26 13:55:08.486, 21815
2026/09/26 13:55:08.987, 21815
2026/09/26 13:55:09.487, 21815
2026/09/26 13:55:09.987, 21815
2026/09/26 13:55:10.487, 21815
2026/09/26 13:55:10.987, 21815
2026/09/26 13:55:11.487, 21815
2026/09/26 13:55:11.987, 21815
2026/09/26 13:55:12.488, 21815
2026/09/26 13:55:12.988, 21815
2026/09/26 13:55:13.488, 21815
2026/09/26 13:55:13.988, 21815
2026/09/26 13:55:14.488, 21815
2026/09/26 13:55:14.988, 21815
2026/09/26 13:55:15.508, 21815
2026/09/26 13:55:16.008, 21815
2026/09/26 13:55:16.508, 21815
2026/09/26 13:55:17.008, 21815
2026/09/26 13:55:17.509, 21815
2026/09/26 13:55:18.009, 21815
2026/09/26 13:55:18.509, 21815
2026/09/26 13:55:19.009, 21815
2026/09/26 13:55:19.509, 21815
2026/09/26 13:55:20.009, 21815
2026/09/26 13:55:20.509, 21815
2026/09/26 13:55:21.010, 21815
2026/09/26 13:55:21.510, 21815
2026/09/26 13:55:22.010, 21815
2026/09/26 13:55:22.510, 21815
2026/09/26 13:55:23.010, 21815
2026/09/26 13:55:23.510, 21815
2026/09/26 13:55:24.010, 21815
2026/09/26 13:55:24.510, 21815
2026/09/26 13:55:25.011, 21815
2026/09/26 13:55:25.511, 21815
2026/09/26 13:55:26.011, 21815
2026/09/26 13:55:26.511, 21815
2026/09/26 13:55:27.011, 21815
2026/09/26 13:55:27.512, 21815
2026/09/26 13:55:28.012, 21815
2026/09/26 13:55:28.512, 21815
2026/09/26 13:55:29.012, 21815
2026/09/26 13:55:29.512, 21815
2026/09/26 13:55:30.012, 21815
2026/09/26 13:55:30.512, 21815
2026/09/26 13:55:31.013, 21815
2026/09/26 13:55:31.513, 21815
2026/09/26 13:55:32.013, 21815
2026/09/26 13:55:32.513, 21815
2026/09/26 13:55:33.013, 21815
2026/09/26 13:55:33.513, 21815
2026/09/26 13:55:34.013, 21815
2026/09/26 13:55:34.513, 21815
2026/09/26 13:55:35.014, 21815
2026/09/26 13:55:35.514, 21815
2026/09/26 13:55:36.014, 21815
2026/09/26 13:55:36.514, 21815
2026/09/26 13:55:37.014, 21815
2026/09/26 13:55:37.514, 21815
2026/09/26 13:55:38.014, 21815
2026/09/26 13:55:38.515, 21815
2026/09/26 13:55:39.015, 21815
2026/09/26 13:55:39.515, 21815
2026/09/26 13:55:40.015, 21815
2026/09/26 13:55:40.515, 21815
2026/09/26 13:55:41.016, 21815
2026/09/26 13:55:41.516, 21815
2026/09/26 13:55:42.016, 21815
2026/09/26 13:55:42.516, 21815
2026/09/26 13:55:43.016, 21815
2026/09/26 13:55:43.516, 21815
2026/09/26 13:55:44.016, 21815
2026/09/26 13:55:44.517, 21815
2026/09/26 13:55:45.017, 21815
2026/09/26 13:55:45.517, 21815
2026/09/26 13:55:46.017, 21815
2026/09/26 13:55:46.517, 21815
2026/09/26 13:55:47.017, 21815
2026/09/26 13:55:47.518, 21815
2026/09/26 13:55:48.018, 21815
2026/09/26 13:55:48.518, 21815
2026/09/26 13:55:49.018, 21815
2026/09/26 13:55:49.518, 21815
2026/09/26 13:55:50.018, 21815
2026/09/26 13:55:50.518, 21815
2026/09/26 13:55:51.019, 21815
2026/09/26 13:55:51.519, 21815
2026/09/26 13:55:52.019, 21815
2026/09/26 13:55:52.519, 21815
2026/09/26 13:55:53.019, 21815
2026/09/26 13:55:53.520, 21815
2026/09/26 13:55:54.020, 21815
2026/09/26 13:55:54.520, 21815
2026/09/26 13:55:55.020, 21815
2026/09/26 13:55:55.520, 22551
2026/09/26 13:55:56.020, 22551
2026/09/26 13:55:56.521, 22551
2026/09/26 13:55:57.021, 22551
2026/09/26 13:55:57.521, 22551
2026/09/26 13:55:58.021, 22551
2026/09/26 13:55:58.521, 22551
2026/09/26 13:55:59.021, 22551
2026/09/26 13:55:59.522, 22551
2026/09/26 13:56:00.022, 22551
2026/09/26 13:56:00.522, 22551
2026/09/26 13:56:01.022, 22551
2026/09/26 13:56:01.522, 22551
2026/09/26 13:56:02.022, 22551
2026/09/26 13:56:02.523, 22551
2026/09/26 13:56:03.023, 22551
2026/09/26 13:56:03.523, 22551
2026/09/26 13:56:04.023, 22551
2026/09/26 13:56:04.523, 22551
2026/09/26 13:56:05.023, 22551
2026/09/26 13:56:05.524, 22551
2026/09/26 13:56:06.024, 22551
2026/09/26 13:56:06.524, 22551
2026/09/26 13:56:07.024, 22551
2026/09/26 13:56:07.524, 22551
2026/09/26 13:56:08.025, 22551
2026/09/26 13:56:08.525, 22551
2026/09/26 13:56:09.025, 22551
2026/09/26 13:56:09.525, 22551
2026/09/26 13:56:10.025, 22551
2026/09/26 13:56:10.525, 22551
2026/09/26 13:56:11.026, 22551
2026/09/26 13:56:11.526, 22551
2026/09/26 13:56:12.026, 22551
2026/09/26 13:56:12.526, 22551
2026/09/26 13:56:13.026, 22551
2026/09/26 13:56:13.526, 22551
2026/09/26 13:56:14.027, 22551
2026/09/26 13:56:14.527, 22551
2026/09/26 13:56:15.027, 22551
2026/09/26 13:56:15.527, 22551
2026/09/26 13:56:16.027, 22551
2026/09/26 13:56:16.527, 22551
2026/09/26 13:56:17.027, 22551
2026/09/26 13:56:17.528, 22551
2026/09/26 13:56:18.028, 22551
2026/09/26 13:56:18.528, 22551
2026/09/26 13:56:19.028, 22551
2026/09/26 13:56:19.528, 22551
2026/09/26 13:56:20.028, 22551
2026/09/26 13:56:20.529, 22551
2026/09/26 13:56:21.029, 22551
2026/09/26 13:56:21.529, 22551
2026/09/26 13:56:22.029, 22551
2026/09/26 13:56:22.529, 22551
2026/09/26 13:56:23.029, 22551
2026/09/26 13:56:23.530, 22551
2026/09/26 13:56:24.030, 22551
2026/09/26 13:56:24.530, 22551
2026/09/26 13:56:25.030, 22551
2026/09/26 13:56:25.530, 22551
2026/09/26 13:56:26.030, 22551
2026/09/26 13:56:26.530, 22551
2026/09/26 13:56:27.031, 22551
2026/09/26 13:56:27.531, 22551
2026/09/26 13:56:28.031, 22551
2026/09/26 13:56:28.531, 22551
2026/09/26 13:56:29.031, 22551
2026/09/26 13:56:29.531, 22551
2026/09/26 13:56:30.032, 22551
2026/09/26 13:56:30.532, 22551
2026/09/26 13:56:31.032, 22551
2026/09/26 13:56:31.532, 22551
2026/09/26 13:56:32.032, 22551
2026/09/26 13:56:32.532, 22551
2026/09/26 13:56:33.032, 22551
2026/09/26 13:56:33.533, 22551
2026/09/26 13:56:34.033, 22551
2026/09/26 13:56:34.533, 22551
2026/09/26 13:56:35.033, 22551
2026/09/26 13:56:35.533, 22551
2026/09/26 13:56:36.033, 22551
2026/09/26 13:56:36.533, 22551
2026/09/26 13:56:37.034, 22551
2026/09/26 13:56:37.534, 22551
2026/09/26 13:56:38.034, 22551
2026/09/26 13:56:38.534, 22551
2026/09/26 13:56:39.034, 22551
2026/09/26 13:56:39.534, 22551
2026/09/26 13:56:40.035, 22551
2026/09/26 13:56:40.535, 22551
2026/09/26 13:56:41.035, 22551
2026/09/26 13:56:41.535, 22551
2026/09/26 13:56:42.035, 22551
2026/09/26 13:56:42.535, 22551
2026/09/26 13:56:43.035, 22551
2026/09/26 13:56:43.536, 22551
2026/09/26 13:56:44.036, 22551
2026/09/26 13:56:44.536, 22551
2026/09/26 13:56:45.036, 22551
2026/09/26 13:56:45.536, 22551
2026/09/26 13:56:46.036, 22551
2026/09/26 13:56:46.537, 22551
2026/09/26 13:56:47.037, 22551
2026/09/26 13:56:47.537, 22551
2026/09/26 13:56:48.037, 22551
2026/09/26 13:56:48.537, 22551
2026/09/26 13:56:49.038, 22551
2026/09/26 13:56:49.538, 22551
2026/09/26 13:56:50.038, 22551
2026/09/26 13:56:50.538, 22551
2026/09/26 13:56:51.038, 22551
2026/09/26 13:56:51.538, 22551
2026/09/26 13:56:52.039, 22551
2026/09/26 13:56:52.539, 22551
2026/09/26 13:56:53.039, 22551
2026/09/26 13:56:53.539, 22551
2026/09/26 13:56:54.039, 22551
2026/09/26 13:56:54.539, 22551
2026/09/26 13:56:55.039, 22551
2026/09/26 13:56:55.540, 22551
2026/09/26 13:56:56.040, 22551
2026/09/26 13:56:56.540, 22551
2026/09/26 13:56:57.040, 22551
2026/09/26 13:56:57.540, 22551
2026/09/26 13:56:58.040, 22551
2026/09/26 13:56:58.541, 22551
2026/09/26 13:56:59.041, 22551
2026/09/26 13:56:59.541, 22551
2026/09/26 13:57:00.041, 22551
2026/09/26 13:57:00.541, 22551
2026/09/26 13:57:01.041, 22551
2026/09/26 13:57:01.541, 22551
2026/09/26 13:57:02.042, 22551
2026/09/26 13:57:02.542, 22551
2026/09/26 13:57:03.042, 22551
2026/09/26 13:57:03.542, 22551
2026/09/26 13:57:04.042, 22551
2026/09/26 13:57:04.542, 22551
2026/09/26 13:57:05.042, 22551
2026/09/26 13:57:05.543, 22551
2026/09/26 13:57:06.043, 22551
2026/09/26 13:57:06.543, 22551
2026/09/26 13:57:07.043, 22551
2026/09/26 13:57:07.543, 22551
2026/09/26 13:57:08.043, 22551
2026/09/26 13:57:08.544, 22551
2026/09/26 13:57:09.044, 22551
2026/09/26 13:57:09.544, 22551
2026/09/26 13:57:10.044, 22551
2026/09/26 13:57:10.544, 22551
2026/09/26 13:57:11.044, 22551
2026/09/26 13:57:11.545, 22551
2026/09/26 13:57:12.045, 22551
2026/09/26 13:57:12.545, 22551
2026/09/26 13:57:13.045, 22551
2026/09/26 13:57:13.545, 22551
2026/09/26 13:57:14.045, 22551
2026/09/26 13:57:14.545, 22551
2026/09/26 13:57:15.046, 22551
2026/09/26 13:57:15.546, 22551
2026/09/26 13:57:16.046, 22551
2026/09/26 13:57:16.546, 22551
2026/09/26 13:57:17.046, 22551
2026/09/26 13:57:17.546, 22551
2026/09/26 13:57:18.047, 22551
2026/09/26 13:57:18.547, 22551
2026/09/26 13:57:19.047, 22551
2026/09/26 13:57:19.547, 22551
2026/09/26 13:57:20.047, 22551
2026/09/26 13:57:20.547, 22551
2026/09/26 13:57:21.047, 22551
2026/09/26 13:57:21.548, 22551
2026/09/26 13:57:22.048, 22551
2026/09/26 13:57:22.548, 22551
2026/09/26 13:57:23.048, 22551
2026/09/26 13:57:23.548, 22551
2026/09/26 13:57:24.048, 22551
2026/09/26 13:57:24.548, 22551
2026/09/26 13:57:25.049, 22551
2026/09/26 13:57:25.549, 22551
2026/09/26 13:57:26.049, 22551
2026/09/26 13:57:26.549, 22551
2026/09/26 13:57:27.049, 22551
2026/09/26 13:57:27.549, 22551
2026/09/26 13:57:28.050, 22551
2026/09/26 13:57:28.550, 22551
2026/09/26 13:57:29.050, 22551
2026/09/26 13:57:29.550, 22551
2026/09/26 13:57:30.050, 22551
2026/09/26 13:57:30.550, 22551
2026/09/26 13:57:31.050, 22551
2026/09/26 13:57:31.551, 22551
2026/09/26 13:57:32.051, 22551
2026/09/26 13:57:32.551, 22551
2026/09/26 13:57:33.051, 22551
2026/09/26 13:57:33.551, 22551
2026/09/26 13:57:34.051, 22551
2026/09/26 13:57:34.552, 22551
2026/09/26 13:57:35.052, 22551
2026/09/26 13:57:35.552, 22551
2026/09/26 13:57:36.052, 22551
2026/09/26 13:57:36.552, 22551
2026/09/26 13:57:37.052, 22551
2026/09/26 13:57:37.553, 22551
2026/09/26 13:57:38.053, 22551
2026/09/26 13:57:38.553, 22551
2026/09/26 13:57:39.053, 22551
2026/09/26 13:57:39.553, 22551
2026/09/26 13:57:40.053, 22551
2026/09/26 13:57:40.553, 22551
2026/09/26 13:57:41.054, 22551
2026/09/26 13:57:41.554, 22551
2026/09/26 13:57:42.054, 22551
2026/09/26 13:57:42.554, 22551
2026/09/26 13:57:43.054, 22551
2026/09/26 13:57:43.554, 22551
2026/09/26 13:57:44.054, 22551
2026/09/26 13:57:44.555, 22551
2026/09/26 13:57:45.055, 22551
2026/09/26 13:57:45.555, 22551
2026/09/26 13:57:46.055, 22551
2026/09/26 13:57:46.555, 22551
2026/09/26 13:57:47.055, 22551
2026/09/26 13:57:47.556, 22551
2026/09/26 13:57:48.056, 22551
2026/09/26 13:57:48.556, 22551
2026/09/26 13:57:49.056, 22551
2026/09/26 13:57:49.556, 22551
2026/09/26 13:57:50.056, 22551
2026/09/26 13:57:50.556, 22551
2026/09/26 13:57:51.057, 22551
2026/09/26 13:57:51.557, 22551
2026/09/26 13:57:52.057, 22551
2026/09/26 13:57:52.557, 22551
2026/09/26 13:57:53.057, 22551
2026/09/26 13:57:53.557, 22551
2026/09/26 13:57:54.057, 22551
2026/09/26 13:57:54.558, 22551
2026/09/26 13:57:55.058, 22551
2026/09/26 13:57:55.558, 22551
2026/09/26 13:57:56.058, 22551
2026/09/26 13:57:56.558, 22551
2026/09/26 13:57:57.058, 22551
2026/09/26 13:57:57.558, 22551
2026/09/26 13:57:58.059, 22551
2026/09/26 13:57:58.559, 22551
2026/09/26 13:57:59.059, 22551
2026/09/26 13:57:59.559, 22551
2026/09/26 13:58:00.060, 22551
2026/09/26 13:58:00.560, 22551
2026/09/26 13:58:01.060, 22551
2026/09/26 13:58:01.560, 22551
2026/09/26 13:58:02.060, 22551
2026/09/26 13:58:02.560, 22551
2026/09/26 13:58:03.061, 22551
2026/09/26 13:58:03.561, 22551
2026/09/26 13:58:04.061, 22551
2026/09/26 13:58:04.561, 22551
2026/09/26 13:58:05.061, 22551
2026/09/26 13:58:05.561, 22551
2026/09/26 13:58:06.061, 22551
2026/09/26 13:58:06.562, 22551
2026/09/26 13:58:07.062, 22551
2026/09/26 13:58:07.562, 22551
2026/09/26 13:58:08.062, 22551
2026/09/26 13:58:08.562, 22551
2026/09/26 13:58:09.062, 22551
2026/09/26 13:58:09.562, 22551
2026/09/26 13:58:10.063, 22551
2026/09/26 13:58:10.563, 22551
2026/09/26 13:58:11.063, 22551
2026/09/26 13:58:11.588, 22551
2026/09/26 13:58:12.088, 22551
2026/09/26 13:58:12.588, 22551
2026/09/26 13:58:13.088, 22551
2026/09/26 13:58:13.588, 22551
2026/09/26 13:58:14.088, 22969
2026/09/26 13:58:14.588, 22588
2026/09/26 13:58:15.089, 22551
2026/09/26 13:58:15.589, 22551
2026/09/26 13:58:16.089, 22551
2026/09/26 13:58:16.589, 22551
2026/09/26 13:58:17.089, 22551
2026/09/26 13:58:17.589, 22551
2026/09/26 13:58:18.089, 22551
2026/09/26 13:58:18.590, 22551
2026/09/26 13:58:19.090, 22551
2026/09/26 13:58:19.590, 22551
2026/09/26 13:58:20.090, 22551
2026/09/26 13:58:20.590, 22551
2026/09/26 13:58:21.090, 22551
2026/09/26 13:58:21.591, 22551
2026/09/26 13:58:22.091, 22551
2026/09/26 13:58:22.591, 22551
2026/09/26 13:58:23.091, 22551
2026/09/26 13:58:23.591, 22551
2026/09/26 13:58:24.091, 22551
2026/09/26 13:58:24.591, 22551
2026/09/26 13:58:25.092, 22551
2026/09/26 13:58:25.592, 22551
2026/09/26 13:58:26.092, 22551
2026/09/26 13:58:26.592, 22551
2026/09/26 13:58:27.092, 22551
2026/09/26 13:58:27.592, 22551
2026/09/26 13:58:28.093, 22551
2026/09/26 13:58:28.593, 22551
2026/09/26 13:58:29.093, 22551
2026/09/26 13:58:29.593, 22551
2026/09/26 13:58:30.093, 22551
2026/09/26 13:58:30.593, 22551
2026/09/26 13:58:31.094, 22551
2026/09/26 13:58:31.594, 22551
2026/09/26 13:58:32.094, 22551
2026/09/26 13:58:32.594, 22551
2026/09/26 13:58:33.094, 22551
2026/09/26 13:58:33.594, 22551
2026/09/26 13:58:34.095, 22551
2026/09/26 13:58:34.595, 22551
2026/09/26 13:58:35.095, 22551
2026/09/26 13:58:35.595, 22551
2026/09/26 13:58:36.095, 22551
2026/09/26 13:58:36.596, 22551
2026/09/26 13:58:37.096, 22551
2026/09/26 13:58:37.596, 22551
2026/09/26 13:58:38.096, 22551
2026/09/26 13:58:38.596, 22551
2026/09/26 13:58:39.096, 22551
2026/09/26 13:58:39.597, 22551
2026/09/26 13:58:40.097, 22551
2026/09/26 13:58:40.597, 22551
2026/09/26 13:58:41.097, 22551
2026/09/26 13:58:41.597, 22551
2026/09/26 13:58:42.097, 22551
2026/09/26 13:58:42.598, 22551
2026/09/26 13:58:43.098, 22551
2026/09/26 13:58:43.598, 22551
2026/09/26 13:58:44.098, 22551
2026/09/26 13:58:44.598, 22551
2026/09/26 13:58:45.098, 22551
2026/09/26 13:58:45.599, 22551
2026/09/26 13:58:46.099, 22551
2026/09/26 13:58:46.599, 22551
2026/09/26 13:58:47.099, 22551
2026/09/26 13:58:47.599, 22551
2026/09/26 13:58:48.099, 22551
2026/09/26 13:58:48.600, 22551
2026/09/26 13:58:49.100, 22551
2026/09/26 13:58:49.600, 22551
2026/09/26 13:58:50.100, 22551
2026/09/26 13:58:50.600, 22551
2026/09/26 13:58:51.101, 22551
2026/09/26 13:58:51.601, 22551
2026/09/26 13:58:52.101, 22551
2026/09/26 13:58:52.601, 22551
2026/09/26 13:58:53.101, 22551
2026/09/26 13:58:53.601, 22551
2026/09/26 13:58:54.101, 22551
2026/09/26 13:58:54.602, 22551
2026/09/26 13:58:55.102, 22551
2026/09/26 13:58:55.602, 22551
2026/09/26 13:58:56.102, 22551
2026/09/26 13:58:56.602, 22551
2026/09/26 13:58:57.102, 22551
2026/09/26 13:58:57.602, 22551
2026/09/26 13:58:58.103, 22551
2026/09/26 13:58:58.603, 22551
2026/09/26 13:58:59.103, 22551
2026/09/26 13:58:59.603, 22551
2026/09/26 13:59:00.103, 22551
2026/09/26 13:59:00.603, 22551
2026/09/26 13:59:01.103, 22551
2026/09/26 13:59:01.604, 22551
2026/09/26 13:59:02.104, 22551
2026/09/26 13:59:02.604, 22551
2026/09/26 13:59:03.104, 22551
2026/09/26 13:59:03.604, 22551
2026/09/26 13:59:04.104, 22551
2026/09/26 13:59:04.605, 22551
2026/09/26 13:59:05.105, 22551
2026/09/26 13:59:05.605, 22551
2026/09/26 13:59:06.105, 22551
2026/09/26 13:59:06.605, 22551
2026/09/26 13:59:07.106, 22551
2026/09/26 13:59:07.606, 22551
2026/09/26 13:59:08.106, 22551
2026/09/26 13:59:08.606, 22551
2026/09/26 13:59:09.106, 22551
2026/09/26 13:59:09.606, 22551
2026/09/26 13:59:10.106, 22551
2026/09/26 13:59:10.607, 22551
2026/09/26 13:59:11.107, 22551
2026/09/26 13:59:11.607, 22551
2026/09/26 13:59:12.107, 22551
2026/09/26 13:59:12.607, 22551
2026/09/26 13:59:13.107, 22551
2026/09/26 13:59:13.608, 22551
2026/09/26 13:59:14.108, 22551
2026/09/26 13:59:14.608, 22551
2026/09/26 13:59:15.108, 22551
2026/09/26 13:59:15.608, 22551
2026/09/26 13:59:16.108, 22551
2026/09/26 13:59:16.609, 22551
2026/09/26 13:59:17.109, 22551
2026/09/26 13:59:17.609, 22551
2026/09/26 13:59:18.109, 22551
2026/09/26 13:59:18.609, 22551
2026/09/26 13:59:19.109, 22551
2026/09/26 13:59:19.610, 22551
2026/09/26 13:59:20.110, 22551
2026/09/26 13:59:20.610, 22551
2026/09/26 13:59:21.110, 22551
2026/09/26 13:59:21.610, 22551
2026/09/26 13:59:22.110, 22551
2026/09/26 13:59:22.611, 22551
2026/09/26 13:59:23.111, 22551
2026/09/26 13:59:23.611, 22551
2026/09/26 13:59:24.111, 22551
2026/09/26 13:59:24.611, 22551
2026/09/26 13:59:25.111, 22551
2026/09/26 13:59:25.612, 22551
2026/09/26 13:59:26.112, 22551
2026/09/26 13:59:26.612, 22551
2026/09/26 13:59:27.112, 22551
2026/09/26 13:59:27.612, 22551
2026/09/26 13:59:28.112, 22551
2026/09/26 13:59:28.613, 22551
2026/09/26 13:59:29.113, 22551
2026/09/26 13:59:29.613, 22551
2026/09/26 13:59:30.113, 22551
2026/09/26 13:59:30.613, 22551
2026/09/26 13:59:31.113, 22551
2026/09/26 13:59:31.614, 22551
2026/09/26 13:59:32.114, 22551
2026/09/26 13:59:32.614, 22551
2026/09/26 13:59:33.114, 22551
2026/09/26 13:59:33.614, 22551
2026/09/26 13:59:34.114, 22551
2026/09/26 13:59:34.615, 22551
2026/09/26 13:59:35.115, 22551
2026/09/26 13:59:35.615, 22551
2026/09/26 13:59:36.115, 22551
2026/09/26 13:59:36.615, 22551
2026/09/26 13:59:37.115, 22551
2026/09/26 13:59:37.616, 22551
2026/09/26 13:59:38.116, 22551
2026/09/26 13:59:38.616, 22551
2026/09/26 13:59:39.116, 22551
2026/09/26 13:59:39.616, 22551
2026/09/26 13:59:40.116, 22551
2026/09/26 13:59:40.617, 22551
2026/09/26 13:59:41.117, 22551
2026/09/26 13:59:41.617, 22551
2026/09/26 13:59:42.117, 22551
2026/09/26 13:59:42.617, 22551
2026/09/26 13:59:43.117, 22551
2026/09/26 13:59:43.618, 22551
2026/09/26 13:59:44.118, 22551
2026/09/26 13:59:44.618, 22551
2026/09/26 13:59:45.118, 22551
2026/09/26 13:59:45.618, 22551
2026/09/26 13:59:46.118, 22551
2026/09/26 13:59:46.619, 22551
2026/09/26 13:59:47.119, 22551
2026/09/26 13:59:47.619, 22551
2026/09/26 13:59:48.119, 22551
2026/09/26 13:59:48.619, 22551
2026/09/26 13:59:49.119, 22551
2026/09/26 13:59:49.620, 22551
2026/09/26 13:59:50.120, 22551
2026/09/26 13:59:50.620, 22551
2026/09/26 13:59:51.120, 22551
2026/09/26 13:59:51.620, 22551
2026/09/26 13:59:52.121, 22551
2026/09/26 13:59:52.621, 22551
2026/09/26 13:59:53.121, 22551
2026/09/26 13:59:53.621, 22551
2026/09/26 13:59:54.121, 22551
2026/09/26 13:59:54.621, 22551
2026/09/26 13:59:55.121, 22551
2026/09/26 13:59:55.622, 22551
2026/09/26 13:59:56.122, 22551
2026/09/26 13:59:56.622, 22551
2026/09/26 13:59:57.122, 22551
2026/09/26 13:59:57.622, 22551
2026/09/26 13:59:58.122, 22551
2026/09/26 13:59:58.623, 22551
2026/09/26 13:59:59.123, 22551
2026/09/26 13:59:59.623, 22551
2026/09/26 14:00:00.123, 22551
2026/09/26 14:00:00.623, 22551
2026/09/26 14:00:01.123, 22551
2026/09/26 14:00:01.623, 22551
2026/09/26 14:00:02.124, 22551
2026/09/26 14:00:02.624, 22551
2026/09/26 14:00:03.124, 22551
2026/09/26 14:00:03.624, 22551
2026/09/26 14:00:04.124, 22551
2026/09/26 14:00:04.624, 22551
2026/09/26 14:00:05.125, 22551
2026/09/26 14:00:05.625, 22551
2026/09/26 14:00:06.125, 22551
2026/09/26 14:00:06.625, 22551
2026/09/26 14:00:07.125, 22551
2026/09/26 14:00:07.625, 22551
2026/09/26 14:00:08.126, 22551
2026/09/26 14:00:08.626, 22551
2026/09/26 14:00:09.126, 22551
2026/09/26 14:00:09.626, 22551
2026/09/26 14:00:10.126, 22551
2026/09/26 14:00:10.626, 22551
2026/09/26 14:00:11.127, 22551
2026/09/26 14:00:11.627, 22551
2026/09/26 14:00:12.127, 22551
2026/09/26 14:00:12.627, 22551
2026/09/26 14:00:13.127, 22551
2026/09/26 14:00:13.627, 22551
2026/09/26 14:00:14.127, 22551
2026/09/26 14:00:14.628, 22551
2026/09/26 14:00:15.128, 22551
2026/09/26 14:00:15.628, 22551
2026/09/26 14:00:16.128, 22551
2026/09/26 14:00:16.628, 22551
2026/09/26 14:00:17.128, 22551
2026/09/26 14:00:17.628, 22551
2026/09/26 14:00:18.129, 22551
2026/09/26 14:00:18.629, 22551
2026/09/26 14:00:19.129, 22551
2026/09/26 14:00:19.629, 22551
2026/09/26 14:00:20.129, 22551
2026/09/26 14:00:20.629, 22551
2026/09/26 14:00:21.130, 22551
2026/09/26 14:00:21.630, 22551
2026/09/26 14:00:22.130, 22551
2026/09/26 14:00:22.630, 22551
2026/09/26 14:00:23.130, 22551
2026/09/26 14:00:23.630, 22551
2026/09/26 14:00:24.130, 22551
2026/09/26 14:00:24.631, 22551
2026/09/26 14:00:25.131, 22551
2026/09/26 14:00:25.631, 22551
2026/09/26 14:00:26.131, 22551
2026/09/26 14:00:26.631, 22551
2026/09/26 14:00:27.131, 22551
2026/09/26 14:00:27.631, 22551
2026/09/26 14:00:28.132, 22551
2026/09/26 14:00:28.632, 22551
2026/09/26 14:00:29.132, 22551
2026/09/26 14:00:29.632, 22551
2026/09/26 14:00:30.132, 22551
2026/09/26 14:00:30.632, 22551
2026/09/26 14:00:31.133, 22551
2026/09/26 14:00:31.633, 22551
2026/09/26 14:00:32.133, 22551
2026/09/26 14:00:32.633, 22551
2026/09/26 14:00:33.133, 22551
2026/09/26 14:00:33.633, 22551
2026/09/26 14:00:34.134, 22551
2026/09/26 14:00:34.634, 22551
2026/09/26 14:00:35.134, 22551
2026/09/26 14:00:35.634, 22551
2026/09/26 14:00:36.134, 22551
2026/09/26 14:00:36.634, 22551
2026/09/26 14:00:37.134, 22551
2026/09/26 14:00:37.635, 22551
2026/09/26 14:00:38.135, 22551
2026/09/26 14:00:38.635, 22551
2026/09/26 14:00:39.135, 22551
2026/09/26 14:00:39.635, 22551
2026/09/26 14:00:40.135, 22551
2026/09/26 14:00:40.635, 22551
2026/09/26 14:00:41.136, 22551
2026/09/26 14:00:41.636, 22551
2026/09/26 14:00:42.136, 22551
2026/09/26 14:00:42.636, 22551
2026/09/26 14:00:43.136, 22551
2026/09/26 14:00:43.636, 22551
2026/09/26 14:00:44.136, 22551
2026/09/26 14:00:44.637, 22551
2026/09/26 14:00:45.137, 22551
2026/09/26 14:00:45.637, 22551
2026/09/26 14:00:46.137, 22551
2026/09/26 14:00:46.637, 22551
2026/09/26 14:00:47.137, 22551
2026/09/26 14:00:47.637, 22551
2026/09/26 14:00:48.138, 22551
2026/09/26 14:00:48.638, 22551
2026/09/26 14:00:49.138, 22551
2026/09/26 14:00:49.638, 22551
2026/09/26 14:00:50.138, 22551
2026/09/26 14:00:50.638, 22551
2026/09/26 14:00:51.139, 22551
2026/09/26 14:00:51.639, 22551
2026/09/26 14:00:52.139, 22551
2026/09/26 14:00:52.639, 22551
2026/09/26 14:00:53.139, 22551
2026/09/26 14:00:53.639, 22551
2026/09/26 14:00:54.139, 22551
2026/09/26 14:00:54.640, 22551
2026/09/26 14:00:55.140, 22551
2026/09/26 14:00:55.640, 22551
2026/09/26 14:00:56.140, 22551
2026/09/26 14:00:56.640, 22551
2026/09/26 14:00:57.140, 22551
2026/09/26 14:00:57.641, 22551
2026/09/26 14:00:58.141, 22551
2026/09/26 14:00:58.641, 22551
2026/09/26 14:00:59.141, 22551
2026/09/26 14:00:59.641, 22551
2026/09/26 14:01:00.141, 22551
2026/09/26 14:01:00.641, 22551
2026/09/26 14:01:01.142, 22551
2026/09/26 14:01:01.642, 22551
2026/09/26 14:01:02.142, 22551
2026/09/26 14:01:02.642, 22551
2026/09/26 14:01:03.142, 22551
2026/09/26 14:01:03.642, 22551
2026/09/26 14:01:04.143, 22551
2026/09/26 14:01:04.643, 22551
2026/09/26 14:01:05.143, 22551
2026/09/26 14:01:05.643, 22551
2026/09/26 14:01:06.143, 22551
2026/09/26 14:01:06.643, 22551
2026/09/26 14:01:07.144, 22551
2026/09/26 14:01:07.644, 22551
2026/09/26 14:01:08.144, 22551
2026/09/26 14:01:08.644, 22551
2026/09/26 14:01:09.144, 22551
2026/09/26 14:01:09.644, 22551
2026/09/26 14:01:10.144, 22551
2026/09/26 14:01:10.645, 22551
2026/09/26 14:01:11.145, 22551
2026/09/26 14:01:11.645, 22551
2026/09/26 14:01:12.145, 22551
2026/09/26 14:01:12.645, 22551
2026/09/26 14:01:13.145, 22551
2026/09/26 14:01:13.645, 22573
2026/09/26 14:01:14.146, 22573
2026/09/26 14:01:14.646, 22573
2026/09/26 14:01:15.146, 22573
2026/09/26 14:01:15.646, 22573
2026/09/26 14:01:16.146, 22573
2026/09/26 14:01:16.646, 22573
2026/09/26 14:01:17.147, 22573
2026/09/26 14:01:17.647, 22573
2026/09/26 14:01:18.147, 22573
2026/09/26 14:01:18.647, 22573
2026/09/26 14:01:19.147, 22573
2026/09/26 14:01:19.647, 22573
2026/09/26 14:01:20.147, 22573
2026/09/26 14:01:20.648, 22573
2026/09/26 14:01:21.148, 22573
2026/09/26 14:01:21.648, 22573
2026/09/26 14:01:22.148, 22573
2026/09/26 14:01:22.648, 22573
2026/09/26 14:01:23.148, 22573
2026/09/26 14:01:23.648, 22573
2026/09/26 14:01:24.149, 22573
2026/09/26 14:01:24.649, 22573
2026/09/26 14:01:25.149, 22573
2026/09/26 14:01:25.649, 22573
2026/09/26 14:01:26.149, 22573
2026/09/26 14:01:26.649, 22573
2026/09/26 14:01:27.149, 22573
2026/09/26 14:01:27.650, 22573
2026/09/26 14:01:28.150, 22573
2026/09/26 14:01:28.650, 22573
2026/09/26 14:01:29.150, 22573
2026/09/26 14:01:29.650, 22573
2026/09/26 14:01:30.150, 22573
2026/09/26 14:01:30.650, 22573
2026/09/26 14:01:31.151, 22573
2026/09/26 14:01:31.651, 22573
2026/09/26 14:01:32.151, 22573
2026/09/26 14:01:32.651, 22573
2026/09/26 14:01:33.151, 22573
2026/09/26 14:01:33.651, 22573
2026/09/26 14:01:34.151, 22573
2026/09/26 14:01:34.652, 22573
2026/09/26 14:01:35.152, 22573
2026/09/26 14:01:35.652, 22573
2026/09/26 14:01:36.152, 22573
2026/09/26 14:01:36.652, 22573
2026/09/26 14:01:37.152, 22573
2026/09/26 14:01:37.653, 22573
2026/09/26 14:01:38.153, 22573
2026/09/26 14:01:38.653, 22573
2026/09/26 14:01:39.153, 22573
2026/09/26 14:01:39.653, 22573
2026/09/26 14:01:40.153, 22573
2026/09/26 14:01:40.653, 22573
2026/09/26 14:01:41.154, 22573
2026/09/26 14:01:41.654, 22573
2026/09/26 14:01:42.154, 22573
2026/09/26 14:01:42.654, 22573
2026/09/26 14:01:43.154, 22573
2026/09/26 14:01:43.655, 22573
2026/09/26 14:01:44.155, 22573
2026/09/26 14:01:44.655, 22573
2026/09/26 14:01:45.155, 22573
2026/09/26 14:01:45.655, 22573
2026/09/26 14:01:46.155, 22573
2026/09/26 14:01:46.655, 22573
2026/09/26 14:01:47.156, 22573
2026/09/26 14:01:47.656, 22573
2026/09/26 14:01:48.156, 22573
2026/09/26 14:01:48.656, 22573
2026/09/26 14:01:49.156, 22573
2026/09/26 14:01:49.656, 22573
2026/09/26 14:01:50.157, 22573
2026/09/26 14:01:50.657, 22573
2026/09/26 14:01:51.157, 22573
2026/09/26 14:01:51.657, 22573
2026/09/26 14:01:52.157, 22573
2026/09/26 14:01:52.657, 22573
2026/09/26 14:01:53.157, 22573
2026/09/26 14:01:53.658, 22573
2026/09/26 14:01:54.158, 22573
2026/09/26 14:01:54.658, 22573
2026/09/26 14:01:55.158, 22573
2026/09/26 14:01:55.658, 22573
2026/09/26 14:01:56.158, 22573
2026/09/26 14:01:56.659, 22573
2026/09/26 14:01:57.159, 22573
2026/09/26 14:01:57.659, 22573
2026/09/26 14:01:58.159, 22573
2026/09/26 14:01:58.659, 22573
2026/09/26 14:01:59.159, 22573
2026/09/26 14:01:59.659, 22573
2026/09/26 14:02:00.160, 22573
2026/09/26 14:02:00.660, 22573
2026/09/26 14:02:01.160, 22573
2026/09/26 14:02:01.660, 22573
2026/09/26 14:02:02.160, 22573
2026/09/26 14:02:02.660, 22573
2026/09/26 14:02:03.161, 22573
2026/09/26 14:02:03.661, 22573
2026/09/26 14:02:04.161, 22573
2026/09/26 14:02:04.661, 22573
2026/09/26 14:02:05.161, 22573
2026/09/26 14:02:05.661, 22573
2026/09/26 14:02:06.161, 22573
2026/09/26 14:02:06.662, 22573
2026/09/26 14:02:07.162, 22573
2026/09/26 14:02:07.662, 22573
2026/09/26 14:02:08.162, 22573
2026/09/26 14:02:08.662, 22573
2026/09/26 14:02:09.162, 22573
2026/09/26 14:02:09.662, 22573
2026/09/26 14:02:10.163, 22573
2026/09/26 14:02:10.663, 22573
2026/09/26 14:02:11.163, 22573
2026/09/26 14:02:11.663, 22573
2026/09/26 14:02:12.163, 22573
2026/09/26 14:02:12.663, 22573
2026/09/26 14:02:13.164, 22573
2026/09/26 14:02:13.664, 22573
2026/09/26 14:02:14.164, 22573
2026/09/26 14:02:14.664, 22573
2026/09/26 14:02:15.164, 22573
2026/09/26 14:02:15.664, 22573
2026/09/26 14:02:16.165, 22573
2026/09/26 14:02:16.665, 22573
2026/09/26 14:02:17.165, 22573
2026/09/26 14:02:17.665, 22573
2026/09/26 14:02:18.165, 22573
2026/09/26 14:02:18.665, 22573
2026/09/26 14:02:19.165, 22573
2026/09/26 14:02:19.666, 22573
2026/09/26 14:02:20.166, 22573
2026/09/26 14:02:20.666, 22573
2026/09/26 14:02:21.166, 22573
2026/09/26 14:02:21.666, 22573
2026/09/26 14:02:22.166, 22573
2026/09/26 14:02:22.666, 22573
2026/09/26 14:02:23.167, 22573
2026/09/26 14:02:23.667, 22573
2026/09/26 14:02:24.167, 22573
2026/09/26 14:02:24.667, 22573
2026/09/26 14:02:25.167, 22573
2026/09/26 14:02:25.667, 22573
2026/09/26 14:02:26.167, 22573
2026/09/26 14:02:26.668, 22573
2026/09/26 14:02:27.168, 22573
2026/09/26 14:02:27.668, 22573
2026/09/26 14:02:28.168, 22573
2026/09/26 14:02:28.668, 22573
2026/09/26 14:02:29.168, 22573
2026/09/26 14:02:29.669, 22573
2026/09/26 14:02:30.169, 22573
2026/09/26 14:02:30.669, 22573
2026/09/26 14:02:31.169, 22573
2026/09/26 14:02:31.669, 22573
2026/09/26 14:02:32.169, 22573
2026/09/26 14:02:32.669, 22573
2026/09/26 14:02:33.170, 22573
2026/09/26 14:02:33.670, 22573
2026/09/26 14:02:34.170, 22573
2026/09/26 14:02:34.670, 22573
2026/09/26 14:02:35.170, 22573
2026/09/26 14:02:35.670, 22573
2026/09/26 14:02:36.171, 22573
2026/09/26 14:02:36.671, 22573
2026/09/26 14:02:37.171, 22573
2026/09/26 14:02:37.671, 22573
2026/09/26 14:02:38.171, 22573
2026/09/26 14:02:38.671, 22573
2026/09/26 14:02:39.172, 22573
2026/09/26 14:02:39.672, 22573
2026/09/26 14:02:40.172, 22573
2026/09/26 14:02:40.672, 22573
2026/09/26 14:02:41.172, 22573
2026/09/26 14:02:41.672, 22573
2026/09/26 14:02:42.173, 22573
2026/09/26 14:02:42.673, 22573
2026/09/26 14:02:43.173, 22573
2026/09/26 14:02:43.673, 22573
2026/09/26 14:02:44.173, 22573
2026/09/26 14:02:44.673, 22573
2026/09/26 14:02:45.173, 22573
2026/09/26 14:02:45.674, 22573
2026/09/26 14:02:46.174, 22573
2026/09/26 14:02:46.674, 22573
2026/09/26 14:02:47.174, 22573
2026/09/26 14:02:47.674, 22573
2026/09/26 14:02:48.174, 22573
2026/09/26 14:02:48.675, 22573
2026/09/26 14:02:49.175, 22573
2026/09/26 14:02:49.675, 22573
2026/09/26 14:02:50.175, 22573
2026/09/26 14:02:50.675, 22573
2026/09/26 14:02:51.175, 22573
2026/09/26 14:02:51.675, 22573
2026/09/26 14:02:52.176, 22573
2026/09/26 14:02:52.676, 22573
2026/09/26 14:02:53.176, 22573
2026/09/26 14:02:53.676, 22573
2026/09/26 14:02:54.176, 22573
2026/09/26 14:02:54.676, 22573
2026/09/26 14:02:55.176, 22573
2026/09/26 14:02:55.677, 22573
2026/09/26 14:02:56.177, 22573
2026/09/26 14:02:56.677, 22573
2026/09/26 14:02:57.177, 22573
2026/09/26 14:02:57.677, 22573
2026/09/26 14:02:58.177, 22573
2026/09/26 14:02:58.677, 22573
2026/09/26 14:02:59.178, 22573
2026/09/26 14:02:59.678, 22573
2026/09/26 14:03:00.178, 22573
2026/09/26 14:03:00.678, 22573
2026/09/26 14:03:01.178, 22573
2026/09/26 14:03:01.678, 22573
2026/09/26 14:03:02.178, 22573
2026/09/26 14:03:02.679, 22573
2026/09/26 14:03:03.179, 22573
2026/09/26 14:03:03.679, 22573
2026/09/26 14:03:04.179, 22573
2026/09/26 14:03:04.679, 22573
2026/09/26 14:03:05.179, 22573
2026/09/26 14:03:05.679, 22573
2026/09/26 14:03:06.180, 22573
2026/09/26 14:03:06.680, 22573
2026/09/26 14:03:07.180, 22573
2026/09/26 14:03:07.680, 22573
2026/09/26 14:03:08.180, 22573
2026/09/26 14:03:08.680, 22573
2026/09/26 14:03:09.180, 22573
2026/09/26 14:03:09.681, 22573
2026/09/26 14:03:10.181, 22573
2026/09/26 14:03:10.681, 22573
2026/09/26 14:03:11.181, 22573
2026/09/26 14:03:11.681, 22573
2026/09/26 14:03:12.181, 22573
2026/09/26 14:03:12.681, 22573
2026/09/26 14:03:13.182, 22573
2026/09/26 14:03:13.682, 22573
2026/09/26 14:03:14.182, 22573
2026/09/26 14:03:14.682, 22573
2026/09/26 14:03:15.182, 22573
2026/09/26 14:03:15.682, 22573
2026/09/26 14:03:16.182, 22573
2026/09/26 14:03:16.683, 22573
2026/09/26 14:03:17.183, 22573
2026/09/26 14:03:17.683, 22573
2026/09/26 14:03:18.183, 22573
2026/09/26 14:03:18.683, 22573
2026/09/26 14:03:19.184, 22573
2026/09/26 14:03:19.684, 22573
2026/09/26 14:03:20.184, 22573
2026/09/26 14:03:20.685, 22573
2026/09/26 14:03:21.185, 22573
2026/09/26 14:03:21.685, 22573
2026/09/26 14:03:22.185, 22573
2026/09/26 14:03:22.685, 22573
2026/09/26 14:03:23.185, 22573
2026/09/26 14:03:23.685, 22573
2026/09/26 14:03:24.186, 22573
2026/09/26 14:03:24.686, 22573
2026/09/26 14:03:25.186, 22573
2026/09/26 14:03:25.686, 22573
2026/09/26 14:03:26.186, 22573
2026/09/26 14:03:26.687, 22573
2026/09/26 14:03:27.187, 22573
2026/09/26 14:03:27.687, 22573
2026/09/26 14:03:28.187, 22573
2026/09/26 14:03:28.687, 22573
2026/09/26 14:03:29.187, 22573
2026/09/26 14:03:29.687, 22573
2026/09/26 14:03:30.188, 22573
2026/09/26 14:03:30.688, 22573
2026/09/26 14:03:31.188, 22573
2026/09/26 14:03:31.688, 22573
2026/09/26 14:03:32.188, 22573
2026/09/26 14:03:32.688, 22573
2026/09/26 14:03:33.189, 22573
2026/09/26 14:03:33.689, 22573
2026/09/26 14:03:34.189, 22573
2026/09/26 14:03:34.689, 22573
2026/09/26 14:03:35.189, 22573
2026/09/26 14:03:35.689, 22573
2026/09/26 14:03:36.189, 22573
2026/09/26 14:03:36.690, 22573
2026/09/26 14:03:37.190, 22573
2026/09/26 14:03:37.690, 22573
2026/09/26 14:03:38.190, 22573
2026/09/26 14:03:38.690, 22573
2026/09/26 14:03:39.190, 22573
2026/09/26 14:03:39.690, 22573
2026/09/26 14:03:40.191, 22573
2026/09/26 14:03:40.691, 22573
2026/09/26 14:03:41.191, 22573
2026/09/26 14:03:41.691, 22573
2026/09/26 14:03:42.191, 22573
2026/09/26 14:03:42.691, 22573
2026/09/26 14:03:43.191, 22573
2026/09/26 14:03:43.691, 22573
2026/09/26 14:03:44.192, 22573
2026/09/26 14:03:44.692, 22573
2026/09/26 14:03:45.192, 22573
2026/09/26 14:03:45.692, 22573
2026/09/26 14:03:46.192, 22573
2026/09/26 14:03:46.693, 22573
2026/09/26 14:03:47.193, 22573
2026/09/26 14:03:47.693, 22573
2026/09/26 14:03:48.193, 22573
2026/09/26 14:03:48.693, 22573
2026/09/26 14:03:49.193, 22573
2026/09/26 14:03:49.694, 22573
2026/09/26 14:03:50.194, 22573
2026/09/26 14:03:50.694, 22573
2026/09/26 14:03:51.194, 22573
2026/09/26 14:03:51.694, 22573
2026/09/26 14:03:52.194, 22573
2026/09/26 14:03:52.695, 22573
2026/09/26 14:03:53.195, 22573
2026/09/26 14:03:53.695, 22573
2026/09/26 14:03:54.195, 22573
2026/09/26 14:03:54.695, 22573
2026/09/26 14:03:55.195, 22573
2026/09/26 14:03:55.695, 22573
2026/09/26 14:03:56.196, 22573
2026/09/26 14:03:56.696, 22573
2026/09/26 14:03:57.196, 22573
2026/09/26 14:03:57.696, 22573
2026/09/26 14:03:58.196, 22573
2026/09/26 14:03:58.696, 22573
2026/09/26 14:03:59.196, 22573
2026/09/26 14:03:59.696, 22573
2026/09/26 14:04:00.197, 22573
2026/09/26 14:04:00.697, 22573
2026/09/26 14:04:01.197, 22573
2026/09/26 14:04:01.697, 22573
2026/09/26 14:04:02.197, 22573
2026/09/26 14:04:02.697, 22573
2026/09/26 14:04:03.198, 22573
2026/09/26 14:04:03.698, 22573
2026/09/26 14:04:04.198, 22573
2026/09/26 14:04:04.698, 22573
2026/09/26 14:04:05.198, 22573
2026/09/26 14:04:05.698, 22573
2026/09/26 14:04:06.199, 22573
2026/09/26 14:04:06.699, 22573
2026/09/26 14:04:07.199, 22573
2026/09/26 14:04:07.699, 22573
2026/09/26 14:04:08.199, 22573
2026/09/26 14:04:08.699, 22573
2026/09/26 14:04:09.199, 22573
2026/09/26 14:04:09.700, 22573
2026/09/26 14:04:10.200, 22573
2026/09/26 14:04:10.700, 22573
2026/09/26 14:04:11.200, 22573
2026/09/26 14:04:11.700, 22573
2026/09/26 14:04:12.200, 22573
2026/09/26 14:04:12.700, 22573
2026/09/26 14:04:13.201, 22573
2026/09/26 14:04:13.701, 22573
2026/09/26 14:04:14.201, 22573
2026/09/26 14:04:14.701, 22573
2026/09/26 14:04:15.201, 22573
2026/09/26 14:04:15.701, 22573
2026/09/26 14:04:16.202, 22573
2026/09/26 14:04:16.702, 22573
2026/09/26 14:04:17.202, 22573
2026/09/26 14:04:17.702, 22573
2026/09/26 14:04:18.202, 22573
2026/09/26 14:04:18.702, 22573
2026/09/26 14:04:19.202, 22573
2026/09/26 14:04:19.703, 22573
2026/09/26 14:04:20.203, 22573
2026/09/26 14:04:20.703, 22573
2026/09/26 14:04:21.203, 22573
2026/09/26 14:04:21.703, 22573
2026/09/26 14:04:22.203, 22573
2026/09/26 14:04:22.703, 22573
2026/09/26 14:04:23.204, 22573
2026/09/26 14:04:23.704, 22573
2026/09/26 14:04:24.204, 22573
2026/09/26 14:04:24.704, 22573
2026/09/26 14:04:25.204, 22573
2026/09/26 14:04:25.704, 22573
2026/09/26 14:04:26.204, 22573
2026/09/26 14:04:26.705, 22573
2026/09/26 14:04:27.205, 22573
2026/09/26 14:04:27.705, 22573
2026/09/26 14:04:28.205, 22573
2026/09/26 14:04:28.705, 22573
2026/09/26 14:04:29.205, 22573
2026/09/26 14:04:29.705, 22573
2026/09/26 14:04:30.206, 22573
2026/09/26 14:04:30.706, 22573
2026/09/26 14:04:31.206, 22573
2026/09/26 14:04:31.706, 22573
2026/09/26 14:04:32.206, 22573
2026/09/26 14:04:32.706, 22573
2026/09/26 14:04:33.206, 22573
2026/09/26 14:04:33.707, 22573
2026/09/26 14:04:34.207, 22573
2026/09/26 14:04:34.707, 22573
2026/09/26 14:04:35.207, 22573
2026/09/26 14:04:35.707, 22573
2026/09/26 14:04:36.207, 22573
2026/09/26 14:04:36.707, 22573
2026/09/26 14:04:37.207, 22573
2026/09/26 14:04:37.708, 22573
2026/09/26 14:04:38.208, 22573
2026/09/26 14:04:38.708, 22573
2026/09/26 14:04:39.208, 22573
2026/09/26 14:04:39.708, 22573
2026/09/26 14:04:40.208, 22573
2026/09/26 14:04:40.708, 22573
2026/09/26 14:04:41.209, 22573
2026/09/26 14:04:41.709, 22573
2026/09/26 14:04:42.209, 22573
2026/09/26 14:04:42.709, 22573
2026/09/26 14:04:43.209, 22573
2026/09/26 14:04:43.709, 22573
2026/09/26 14:04:44.209, 22573
2026/09/26 14:04:44.709, 22573
2026/09/26 14:04:45.210, 22573
2026/09/26 14:04:45.710, 22573
2026/09/26 14:04:46.210, 22573
2026/09/26 14:04:46.710, 22573
2026/09/26 14:04:47.210, 22573
2026/09/26 14:04:47.710, 22573
2026/09/26 14:04:48.210, 22573
2026/09/26 14:04:48.711, 22573
2026/09/26 14:04:49.211, 22573
2026/09/26 14:04:49.711, 22573
2026/09/26 14:04:50.211, 22573
2026/09/26 14:04:50.711, 22573
2026/09/26 14:04:51.211, 22573
2026/09/26 14:04:51.711, 22573
2026/09/26 14:04:52.211, 22573
2026/09/26 14:04:52.712, 22573
2026/09/26 14:04:53.212, 22573
2026/09/26 14:04:53.712, 22573
2026/09/26 14:04:54.212, 22573
2026/09/26 14:04:54.712, 22573
2026/09/26 14:04:55.212, 22573
2026/09/26 14:04:55.712, 22573
2026/09/26 14:04:56.213, 22573
2026/09/26 14:04:56.713, 22573
2026/09/26 14:04:57.213, 22573
2026/09/26 14:04:57.713, 22573
2026/09/26 14:04:58.213, 22573
2026/09/26 14:04:58.713, 22573
2026/09/26 14:04:59.213, 22573
2026/09/26 14:04:59.713, 22573
2026/09/26 14:05:00.214, 22573
2026/09/26 14:05:00.714, 22573
2026/09/26 14:05:01.214, 22573
2026/09/26 14:05:01.714, 22573
2026/09/26 14:05:02.214, 22573
2026/09/26 14:05:02.714, 22573
2026/09/26 14:05:03.214, 22573
2026/09/26 14:05:03.714, 22573
2026/09/26 14:05:04.215, 22573
2026/09/26 14:05:04.715, 22573
2026/09/26 14:05:05.215, 22573
2026/09/26 14:05:05.715, 22573
2026/09/26 14:05:06.215, 22573
2026/09/26 14:05:06.715, 22573
2026/09/26 14:05:07.215, 22573
2026/09/26 14:05:07.715, 22573
2026/09/26 14:05:08.216, 22573
2026/09/26 14:05:08.716, 22573
2026/09/26 14:05:09.216, 22573
2026/09/26 14:05:09.716, 22573
2026/09/26 14:05:10.216, 22573
2026/09/26 14:05:10.716, 22573
2026/09/26 14:05:11.216, 22573
2026/09/26 14:05:11.717, 22573
2026/09/26 14:05:12.217, 22573
2026/09/26 14:05:12.717, 22573
2026/09/26 14:05:13.217, 22573
2026/09/26 14:05:13.717, 22573
2026/09/26 14:05:14.217, 22573
2026/09/26 14:05:14.717, 22573
2026/09/26 14:05:15.218, 22573
2026/09/26 14:05:15.718, 22573
2026/09/26 14:05:16.218, 22573
2026/09/26 14:05:16.718, 22573
2026/09/26 14:05:17.218, 22573
2026/09/26 14:05:17.718, 22573
2026/09/26 14:05:18.219, 22573
2026/09/26 14:05:18.719, 22573
2026/09/26 14:05:19.219, 22573
2026/09/26 14:05:19.719, 22573
2026/09/26 14:05:20.219, 22573
2026/09/26 14:05:20.719, 22573
2026/09/26 14:05:21.219, 22573
2026/09/26 14:05:21.720, 22573
2026/09/26 14:05:22.220, 22573
2026/09/26 14:05:22.720, 22573
2026/09/26 14:05:23.220, 22573
2026/09/26 14:05:23.720, 22573
2026/09/26 14:05:24.220, 22573
2026/09/26 14:05:24.721, 22573
2026/09/26 14:05:25.221, 22573
2026/09/26 14:05:25.721, 22573
2026/09/26 14:05:26.221, 22573
2026/09/26 14:05:26.721, 22573
2026/09/26 14:05:27.221, 22573
2026/09/26 14:05:27.721, 22573
2026/09/26 14:05:28.222, 22573
2026/09/26 14:05:28.722, 22573
2026/09/26 14:05:29.222, 22573
2026/09/26 14:05:29.722, 22573
2026/09/26 14:05:30.222, 22573
2026/09/26 14:05:30.722, 22573
2026/09/26 14:05:31.222, 22573
2026/09/26 14:05:31.722, 22573
2026/09/26 14:05:32.223, 22573
2026/09/26 14:05:32.723, 22573
2026/09/26 14:05:33.223, 22573
2026/09/26 14:05:33.723, 22573
2026/09/26 14:05:34.223, 22573
2026/09/26 14:05:34.723, 22573
2026/09/26 14:05:35.223, 22573
2026/09/26 14:05:35.724, 22573
2026/09/26 14:05:36.224, 22573
2026/09/26 14:05:36.724, 22573
2026/09/26 14:05:37.224, 22573
2026/09/26 14:05:37.724, 22573
2026/09/26 14:05:38.224, 22573
2026/09/26 14:05:38.724, 22573
2026/09/26 14:05:39.225, 22573
2026/09/26 14:05:39.725, 22573
2026/09/26 14:05:40.225, 22573
2026/09/26 14:05:40.725, 22573
2026/09/26 14:05:41.225, 22573
2026/09/26 14:05:41.725, 22573
2026/09/26 14:05:42.225, 22573
2026/09/26 14:05:42.726, 22573
2026/09/26 14:05:43.226, 22573
2026/09/26 14:05:43.726, 22573
2026/09/26 14:05:44.226, 22573
2026/09/26 14:05:44.726, 22573
2026/09/26 14:05:45.226, 22573
2026/09/26 14:05:45.727, 22573
2026/09/26 14:05:46.227, 22573
2026/09/26 14:05:46.727, 22573
2026/09/26 14:05:47.227, 22573
2026/09/26 14:05:47.727, 22573
2026/09/26 14:05:48.227, 22573
2026/09/26 14:05:48.727, 22573
2026/09/26 14:05:49.228, 22573
2026/09/26 14:05:49.728, 22573
2026/09/26 14:05:50.228, 22573
2026/09/26 14:05:50.728, 22573
2026/09/26 14:05:51.228, 22573
2026/09/26 14:05:51.728, 22573
2026/09/26 14:05:52.229, 22573
2026/09/26 14:05:52.729, 22573
2026/09/26 14:05:53.229, 22573
2026/09/26 14:05:53.729, 22573
2026/09/26 14:05:54.229, 22573
2026/09/26 14:05:54.729, 22573
2026/09/26 14:05:55.230, 22573
2026/09/26 14:05:55.730, 22573
2026/09/26 14:05:56.230, 22573
2026/09/26 14:05:56.730, 22573
2026/09/26 14:05:57.230, 22573
2026/09/26 14:05:57.730, 22573
2026/09/26 14:05:58.231, 22573
2026/09/26 14:05:58.731, 22573
2026/09/26 14:05:59.231, 22573
2026/09/26 14:05:59.731, 22573
2026/09/26 14:06:00.231, 22573
2026/09/26 14:06:00.731, 22573
2026/09/26 14:06:01.231, 22573
2026/09/26 14:06:01.732, 22573
2026/09/26 14:06:02.232, 22573
2026/09/26 14:06:02.732, 22573
2026/09/26 14:06:03.232, 22573
2026/09/26 14:06:03.732, 22573
2026/09/26 14:06:04.232, 22573
2026/09/26 14:06:04.733, 22573
2026/09/26 14:06:05.233, 22573
2026/09/26 14:06:05.733, 22573
2026/09/26 14:06:06.233, 22573
2026/09/26 14:06:06.733, 22573
2026/09/26 14:06:07.233, 22573
2026/09/26 14:06:07.733, 22573
2026/09/26 14:06:08.234, 22573
2026/09/26 14:06:08.734, 22573
2026/09/26 14:06:09.234, 22573
2026/09/26 14:06:09.734, 22573
2026/09/26 14:06:10.234, 22573
2026/09/26 14:06:10.734, 22573
2026/09/26 14:06:11.235, 22573
2026/09/26 14:06:11.735, 22573
2026/09/26 14:06:12.235, 22573
2026/09/26 14:06:12.735, 22573
2026/09/26 14:06:13.235, 22573
2026/09/26 14:06:13.735, 22573
2026/09/26 14:06:14.236, 22573
2026/09/26 14:06:14.736, 22573
2026/09/26 14:06:15.236, 22573
2026/09/26 14:06:15.736, 22573
2026/09/26 14:06:16.236, 22573
2026/09/26 14:06:16.736, 22573
2026/09/26 14:06:17.236, 22573
2026/09/26 14:06:17.736, 22573
2026/09/26 14:06:18.237, 22573
2026/09/26 14:06:18.737, 22573
2026/09/26 14:06:19.237, 22573
2026/09/26 14:06:19.737, 22573
2026/09/26 14:06:20.237, 22573
2026/09/26 14:06:20.737, 22573
2026/09/26 14:06:21.237, 22573
2026/09/26 14:06:21.737, 22573
2026/09/26 14:06:22.238, 22573
2026/09/26 14:06:22.738, 22573
2026/09/26 14:06:23.238, 22573
2026/09/26 14:06:23.738, 22573
2026/09/26 14:06:24.238, 22573
2026/09/26 14:06:24.738, 22573
2026/09/26 14:06:25.238, 22573
2026/09/26 14:06:25.739, 22573
2026/09/26 14:06:26.239, 22573
2026/09/26 14:06:26.739, 22573
2026/09/26 14:06:27.239, 22573
2026/09/26 14:06:27.739, 22573
2026/09/26 14:06:28.239, 22573
2026/09/26 14:06:28.739, 22573
2026/09/26 14:06:29.239, 22573
2026/09/26 14:06:29.740, 22573
2026/09/26 14:06:30.240, 22573
2026/09/26 14:06:30.740, 22573
2026/09/26 14:06:31.240, 22573
2026/09/26 14:06:31.740, 22573
2026/09/26 14:06:32.240, 22573
2026/09/26 14:06:32.740, 22573
2026/09/26 14:06:33.241, 22573
2026/09/26 14:06:33.741, 22573
2026/09/26 14:06:34.241, 22573
2026/09/26 14:06:34.741, 22573
2026/09/26 14:06:35.241, 22573
2026/09/26 14:06:35.741, 22573
2026/09/26 14:06:36.241, 22573
2026/09/26 14:06:36.741, 22573
2026/09/26 14:06:37.241, 22573
2026/09/26 14:06:37.742, 22573
2026/09/26 14:06:38.242, 22573
2026/09/26 14:06:38.742, 22573
2026/09/26 14:06:39.242, 22573
2026/09/26 14:06:39.742, 22573
2026/09/26 14:06:40.242, 22573
2026/09/26 14:06:40.742, 22573
2026/09/26 14:06:41.242, 22573
2026/09/26 14:06:41.743, 22573
2026/09/26 14:06:42.243, 22573
2026/09/26 14:06:42.743, 22573
2026/09/26 14:06:43.243, 22573
2026/09/26 14:06:43.743, 22573
2026/09/26 14:06:44.243, 22573
2026/09/26 14:06:44.743, 22573
2026/09/26 14:06:45.244, 22573
2026/09/26 14:06:45.744, 22573
2026/09/26 14:06:46.244, 22573
2026/09/26 14:06:46.744, 22573
2026/09/26 14:06:47.244, 22573
2026/09/26 14:06:47.744, 22573
2026/09/26 14:06:48.245, 22573
2026/09/26 14:06:48.745, 22573
2026/09/26 14:06:49.245, 22573
2026/09/26 14:06:49.745, 22573
2026/09/26 14:06:50.245, 22573
2026/09/26 14:06:50.745, 22573
2026/09/26 14:06:51.245, 22573
2026/09/26 14:06:51.746, 22573
2026/09/26 14:06:52.246, 22573
2026/09/26 14:06:52.746, 22573
2026/09/26 14:06:53.246, 22573
2026/09/26 14:06:53.746, 22573
2026/09/26 14:06:54.246, 22573
2026/09/26 14:06:54.747, 22573
2026/09/26 14:06:55.247, 22573
2026/09/26 14:06:55.747, 22573
2026/09/26 14:06:56.247, 22573
2026/09/26 14:06:56.747, 22573
2026/09/26 14:06:57.247, 22573
2026/09/26 14:06:57.747, 22573
2026/09/26 14:06:58.248, 22573
2026/09/26 14:06:58.748, 22573
2026/09/26 14:06:59.248, 22573
2026/09/26 14:06:59.748, 22573
2026/09/26 14:07:00.248, 22573
2026/09/26 14:07:00.748, 22573
2026/09/26 14:07:01.248, 22573
2026/09/26 14:07:01.749, 22573
2026/09/26 14:07:02.249, 22573
2026/09/26 14:07:02.749, 22573
2026/09/26 14:07:03.249, 22573
2026/09/26 14:07:03.749, 22573
2026/09/26 14:07:04.249, 22573
2026/09/26 14:07:04.750, 22573
2026/09/26 14:07:05.250, 22573
2026/09/26 14:07:05.750, 22573
2026/09/26 14:07:06.250, 22573
2026/09/26 14:07:06.750, 22573
2026/09/26 14:07:07.250, 22573
2026/09/26 14:07:07.751, 22573
2026/09/26 14:07:08.251, 22573
2026/09/26 14:07:08.751, 22573
2026/09/26 14:07:09.251, 22573
2026/09/26 14:07:09.751, 22573
2026/09/26 14:07:10.251, 22573
2026/09/26 14:07:10.752, 22573
2026/09/26 14:07:11.252, 22573
2026/09/26 14:07:11.752, 22573
2026/09/26 14:07:12.252, 22573
2026/09/26 14:07:12.752, 22573
2026/09/26 14:07:13.252, 22573
2026/09/26 14:07:13.753, 22573
2026/09/26 14:07:14.253, 22573
2026/09/26 14:07:14.753, 22573
2026/09/26 14:07:15.253, 22573
2026/09/26 14:07:15.753, 22573
2026/09/26 14:07:16.253, 22573
2026/09/26 14:07:16.754, 22573
2026/09/26 14:07:17.254, 22573
2026/09/26 14:07:17.754, 22573
2026/09/26 14:07:18.254, 22573
2026/09/26 14:07:18.754, 22573
2026/09/26 14:07:19.254, 22573
2026/09/26 14:07:19.755, 22573
2026/09/26 14:07:20.255, 22573
2026/09/26 14:07:20.755, 22573
2026/09/26 14:07:21.255, 22573
2026/09/26 14:07:21.755, 22573
2026/09/26 14:07:22.255, 22573
2026/09/26 14:07:22.756, 22573
2026/09/26 14:07:23.256, 22573
2026/09/26 14:07:23.756, 22573
2026/09/26 14:07:24.256, 22573
2026/09/26 14:07:24.756, 22573
2026/09/26 14:07:25.256, 22573
2026/09/26 14:07:25.756, 22573
2026/09/26 14:07:26.257, 22573
2026/09/26 14:07:26.757, 22573
2026/09/26 14:07:27.257, 22573
2026/09/26 14:07:27.757, 22573
2026/09/26 14:07:28.257, 22573
2026/09/26 14:07:28.757, 22573
2026/09/26 14:07:29.258, 22573
2026/09/26 14:07:29.758, 22573
2026/09/26 14:07:30.258, 22573
2026/09/26 14:07:30.758, 22573
2026/09/26 14:07:31.258, 22573
2026/09/26 14:07:31.758, 22573
2026/09/26 14:07:32.258, 22573
2026/09/26 14:07:32.759, 22573
2026/09/26 14:07:33.259, 22573
2026/09/26 14:07:33.759, 22573
2026/09/26 14:07:34.259, 22573
2026/09/26 14:07:34.759, 22573
2026/09/26 14:07:35.259, 22573
2026/09/26 14:07:35.760, 22573
2026/09/26 14:07:36.260, 22573
2026/09/26 14:07:36.760, 22573
2026/09/26 14:07:37.260, 22573
2026/09/26 14:07:37.760, 22573
2026/09/26 14:07:38.260, 22573
2026/09/26 14:07:38.761, 22573
2026/09/26 14:07:39.261, 22573
2026/09/26 14:07:39.761, 22573
2026/09/26 14:07:40.261, 22573
2026/09/26 14:07:40.761, 22573
2026/09/26 14:07:41.261, 22573
2026/09/26 14:07:41.762, 22573
2026/09/26 14:07:42.262, 22573
2026/09/26 14:07:42.762, 22573
2026/09/26 14:07:43.262, 22573
2026/09/26 14:07:43.762, 22573
2026/09/26 14:07:44.262, 22573
2026/09/26 14:07:44.762, 22573
2026/09/26 14:07:45.263, 22573
2026/09/26 14:07:45.763, 22573
2026/09/26 14:07:46.263, 22573
2026/09/26 14:07:46.763, 22573
2026/09/26 14:07:47.263, 22573
2026/09/26 14:07:47.763, 22573
2026/09/26 14:07:48.263, 22573
2026/09/26 14:07:48.764, 22573
2026/09/26 14:07:49.264, 22573
2026/09/26 14:07:49.764, 22573
2026/09/26 14:07:50.264, 22573
2026/09/26 14:07:50.764, 22573
2026/09/26 14:07:51.264, 22573
2026/09/26 14:07:51.765, 22573
2026/09/26 14:07:52.265, 22573
2026/09/26 14:07:52.765, 22573
2026/09/26 14:07:53.265, 22573
2026/09/26 14:07:53.765, 22573
2026/09/26 14:07:54.265, 22573
2026/09/26 14:07:54.765, 22573
2026/09/26 14:07:55.266, 22573
2026/09/26 14:07:55.766, 22573
2026/09/26 14:07:56.266, 22573
2026/09/26 14:07:56.766, 22573
2026/09/26 14:07:57.266, 22573
2026/09/26 14:07:57.767, 22573
2026/09/26 14:07:58.267, 22573
2026/09/26 14:07:58.767, 22573
2026/09/26 14:07:59.267, 22573
2026/09/26 14:07:59.767, 22573
2026/09/26 14:08:00.267, 22573
2026/09/26 14:08:00.767, 22573
2026/09/26 14:08:01.268, 22573
2026/09/26 14:08:01.768, 22573
2026/09/26 14:08:02.268, 22573
2026/09/26 14:08:02.768, 22573
2026/09/26 14:08:03.268, 22573
2026/09/26 14:08:03.768, 22573
2026/09/26 14:08:04.269, 22573
2026/09/26 14:08:04.769, 22573
2026/09/26 14:08:05.269, 22573
2026/09/26 14:08:05.770, 22573
2026/09/26 14:08:06.270, 22573
2026/09/26 14:08:06.770, 22573
2026/09/26 14:08:07.270, 22573
2026/09/26 14:08:07.770, 22573
2026/09/26 14:08:08.270, 22573
2026/09/26 14:08:08.771, 22573
2026/09/26 14:08:09.271, 22573
2026/09/26 14:08:09.771, 22573
2026/09/26 14:08:10.271, 22573
2026/09/26 14:08:10.771, 22573
2026/09/26 14:08:11.271, 22573
2026/09/26 14:08:11.772, 22573
2026/09/26 14:08:12.272, 22573
2026/09/26 14:08:12.772, 22573
2026/09/26 14:08:13.272, 22573
2026/09/26 14:08:13.772, 22573
2026/09/26 14:08:14.272, 22573
2026/09/26 14:08:14.773, 22573
2026/09/26 14:08:15.273, 22573
2026/09/26 14:08:15.773, 22573
2026/09/26 14:08:16.273, 22573
2026/09/26 14:08:16.773, 22573
2026/09/26 14:08:17.273, 22573
2026/09/26 14:08:17.774, 22573
2026/09/26 14:08:18.274, 22573
2026/09/26 14:08:18.774, 22573
2026/09/26 14:08:19.274, 22573
2026/09/26 14:08:19.774, 22573
2026/09/26 14:08:20.274, 22573
2026/09/26 14:08:20.775, 22573
2026/09/26 14:08:21.275, 22573
2026/09/26 14:08:21.775, 22573
2026/09/26 14:08:22.275, 22573
2026/09/26 14:08:22.775, 22573
2026/09/26 14:08:23.275, 22573
2026/09/26 14:08:23.776, 22573
2026/09/26 14:08:24.276, 22573
2026/09/26 14:08:24.776, 22573
2026/09/26 14:08:25.276, 22573
2026/09/26 14:08:25.776, 22573
2026/09/26 14:08:26.276, 22573
2026/09/26 14:08:26.776, 22573
2026/09/26 14:08:27.277, 22573
2026/09/26 14:08:27.777, 22573
2026/09/26 14:08:28.277, 22573
2026/09/26 14:08:28.777, 22573
2026/09/26 14:08:29.277, 22573
2026/09/26 14:08:29.777, 22573
2026/09/26 14:08:30.278, 22573
2026/09/26 14:08:30.778, 22573
2026/09/26 14:08:31.278, 22573
2026/09/26 14:08:31.778, 22573
2026/09/26 14:08:32.278, 22573
2026/09/26 14:08:32.778, 22573
2026/09/26 14:08:33.278, 22573
2026/09/26 14:08:33.779, 22573
2026/09/26 14:08:34.279, 22573
2026/09/26 14:08:34.779, 22573
2026/09/26 14:08:35.279, 22573
2026/09/26 14:08:35.779, 22573
2026/09/26 14:08:36.279, 22573
2026/09/26 14:08:36.780, 22573
2026/09/26 14:08:37.280, 22573
2026/09/26 14:08:37.780, 22573
2026/09/26 14:08:38.280, 22573
2026/09/26 14:08:38.780, 22573
2026/09/26 14:08:39.281, 22573
2026/09/26 14:08:39.781, 22573
2026/09/26 14:08:40.281, 22573
2026/09/26 14:08:40.781, 22573
2026/09/26 14:08:41.281, 22573
2026/09/26 14:08:41.781, 22573
2026/09/26 14:08:42.281, 22573
2026/09/26 14:08:42.782, 22573
2026/09/26 14:08:43.282, 22573
2026/09/26 14:08:43.782, 22573
2026/09/26 14:08:44.282, 22573
2026/09/26 14:08:44.782, 22573
2026/09/26 14:08:45.282, 22573
2026/09/26 14:08:45.782, 22573
2026/09/26 14:08:46.283, 22573
2026/09/26 14:08:46.783, 22573
2026/09/26 14:08:47.283, 22573
2026/09/26 14:08:47.783, 22573
2026/09/26 14:08:48.283, 22573
2026/09/26 14:08:48.783, 22573
2026/09/26 14:08:49.283, 22573
2026/09/26 14:08:49.784, 22573
2026/09/26 14:08:50.284, 22573
2026/09/26 14:08:50.784, 22573
2026/09/26 14:08:51.284, 22573
2026/09/26 14:08:51.784, 22573
2026/09/26 14:08:52.284, 22573
2026/09/26 14:08:52.785, 22573
2026/09/26 14:08:53.285, 22573
2026/09/26 14:08:53.785, 22573
2026/09/26 14:08:54.285, 22573
2026/09/26 14:08:54.785, 22573
2026/09/26 14:08:55.285, 22573
2026/09/26 14:08:55.785, 22573
2026/09/26 14:08:56.286, 22573
2026/09/26 14:08:56.786, 22573
2026/09/26 14:08:57.286, 22573
2026/09/26 14:08:57.786, 22573
2026/09/26 14:08:58.286, 22573
2026/09/26 14:08:58.786, 22573
2026/09/26 14:08:59.286, 22573
2026/09/26 14:08:59.787, 22573
2026/09/26 14:09:00.287, 22573
2026/09/26 14:09:00.787, 22573
2026/09/26 14:09:01.287, 22573
2026/09/26 14:09:01.787, 22573
2026/09/26 14:09:02.287, 22573
2026/09/26 14:09:02.787, 22573
2026/09/26 14:09:03.288, 22573
2026/09/26 14:09:03.788, 22573
2026/09/26 14:09:04.288, 22573
2026/09/26 14:09:04.788, 22573
2026/09/26 14:09:05.288, 22573
2026/09/26 14:09:05.788, 22573
2026/09/26 14:09:06.289, 22573
2026/09/26 14:09:06.789, 22573
2026/09/26 14:09:07.289, 22573
2026/09/26 14:09:07.789, 22573
2026/09/26 14:09:08.289, 22573
2026/09/26 14:09:08.789, 22573
2026/09/26 14:09:09.290, 22573
2026/09/26 14:09:09.790, 22573
2026/09/26 14:09:10.290, 22573
2026/09/26 14:09:10.790, 22573
2026/09/26 14:09:11.290, 22573
2026/09/26 14:09:11.790, 22573
2026/09/26 14:09:12.290, 22573
2026/09/26 14:09:12.791, 22573
2026/09/26 14:09:13.291, 22573
2026/09/26 14:09:13.791, 22573
2026/09/26 14:09:14.291, 22573
2026/09/26 14:09:14.792, 22573
2026/09/26 14:09:15.292, 22573
2026/09/26 14:09:15.792, 22573
2026/09/26 14:09:16.292, 22573
2026/09/26 14:09:16.792, 22573
2026/09/26 14:09:17.293, 22573
2026/09/26 14:09:17.793, 22573
2026/09/26 14:09:18.293, 22573
2026/09/26 14:09:18.793, 22573
2026/09/26 14:09:19.293, 22573
2026/09/26 14:09:19.793, 22573
2026/09/26 14:09:20.293, 22573
2026/09/26 14:09:20.794, 22573
2026/09/26 14:09:21.294, 22573
2026/09/26 14:09:21.794, 22573
2026/09/26 14:09:22.294, 22573
2026/09/26 14:09:22.794, 22573
2026/09/26 14:09:23.294, 22573
2026/09/26 14:09:23.795, 22573
2026/09/26 14:09:24.295, 22573
2026/09/26 14:09:24.795, 22573
2026/09/26 14:09:25.295, 22573
2026/09/26 14:09:25.795, 22573
2026/09/26 14:09:26.295, 22573
2026/09/26 14:09:26.795, 22573
2026/09/26 14:09:27.296, 22573
2026/09/26 14:09:27.796, 22573
2026/09/26 14:09:28.296, 22573
2026/09/26 14:09:28.796, 22573
2026/09/26 14:09:29.296, 22573
2026/09/26 14:09:29.796, 22573
2026/09/26 14:09:30.297, 22573
2026/09/26 14:09:30.797, 22573
2026/09/26 14:09:31.297, 22573
2026/09/26 14:09:31.797, 22573
2026/09/26 14:09:32.297, 22573
2026/09/26 14:09:32.797, 22573
2026/09/26 14:09:33.298, 22573
2026/09/26 14:09:33.798, 22573
2026/09/26 14:09:34.298, 22573
2026/09/26 14:09:34.798, 22573
2026/09/26 14:09:35.298, 22573
2026/09/26 14:09:35.798, 22573
2026/09/26 14:09:36.299, 22573
2026/09/26 14:09:36.799, 22573
2026/09/26 14:09:37.299, 22573
2026/09/26 14:09:37.799, 22573
2026/09/26 14:09:38.299, 22573
2026/09/26 14:09:38.799, 22573
2026/09/26 14:09:39.299, 22573
2026/09/26 14:09:39.800, 22573
2026/09/26 14:09:40.300, 22573
2026/09/26 14:09:40.800, 22573
2026/09/26 14:09:41.300, 22573
2026/09/26 14:09:41.800, 22573
2026/09/26 14:09:42.300, 22573
2026/09/26 14:09:42.801, 22573
2026/09/26 14:09:43.301, 22573
2026/09/26 14:09:43.801, 22573
2026/09/26 14:09:44.301, 22573
2026/09/26 14:09:44.801, 22573
2026/09/26 14:09:45.301, 22573
2026/09/26 14:09:45.802, 22573
2026/09/26 14:09:46.302, 22573
2026/09/26 14:09:46.802, 22573
2026/09/26 14:09:47.302, 22573
2026/09/26 14:09:47.802, 22573
2026/09/26 14:09:48.302, 22573
2026/09/26 14:09:48.803, 22573
2026/09/26 14:09:49.303, 22573
2026/09/26 14:09:49.803, 22573
2026/09/26 14:09:50.303, 22573
2026/09/26 14:09:50.803, 22573
2026/09/26 14:09:51.303, 22573
2026/09/26 14:09:51.804, 22573
2026/09/26 14:09:52.304, 22573
2026/09/26 14:09:52.804, 22573
2026/09/26 14:09:53.304, 22573
2026/09/26 14:09:53.804, 22573
2026/09/26 14:09:54.304, 22573
2026/09/26 14:09:54.804, 22573
2026/09/26 14:09:55.305, 22573
2026/09/26 14:09:55.805, 22573
2026/09/26 14:09:56.305, 22573
2026/09/26 14:09:56.805, 22573
2026/09/26 14:09:57.305, 22573
2026/09/26 14:09:57.806, 22573
2026/09/26 14:09:58.306, 22573
2026/09/26 14:09:58.806, 22573
2026/09/26 14:09:59.306, 22573
2026/09/26 14:09:59.806, 22573
2026/09/26 14:10:00.306, 22573
2026/09/26 14:10:00.807, 22573
2026/09/26 14:10:01.307, 22573
2026/09/26 14:10:01.807, 22573
2026/09/26 14:10:02.307, 22573
2026/09/26 14:10:02.807, 22573
2026/09/26 14:10:03.307, 22573
2026/09/26 14:10:03.808, 22573
2026/09/26 14:10:04.308, 22573
2026/09/26 14:10:04.808, 22573
2026/09/26 14:10:05.308, 22573
2026/09/26 14:10:05.808, 22573
2026/09/26 14:10:06.309, 22573
2026/09/26 14:10:06.809, 22573
2026/09/26 14:10:07.309, 22573
2026/09/26 14:10:07.809, 22573
2026/09/26 14:10:08.309, 22573
2026/09/26 14:10:08.809, 22573
2026/09/26 14:10:09.309, 22573
2026/09/26 14:10:09.810, 22573
2026/09/26 14:10:10.310, 22573
2026/09/26 14:10:10.810, 22573
2026/09/26 14:10:11.310, 22573
2026/09/26 14:10:11.810, 22573
2026/09/26 14:10:12.310, 22573
2026/09/26 14:10:12.811, 22573
2026/09/26 14:10:13.311, 22573
2026/09/26 14:10:13.811, 22573
2026/09/26 14:10:14.311, 22573
2026/09/26 14:10:14.811, 22573
2026/09/26 14:10:15.311, 22573
2026/09/26 14:10:15.811, 22573
2026/09/26 14:10:16.312, 22573
2026/09/26 14:10:16.812, 22573
2026/09/26 14:10:17.312, 22573
2026/09/26 14:10:17.812, 22573
2026/09/26 14:10:18.312, 22573
2026/09/26 14:10:18.812, 22573
2026/09/26 14:10:19.313, 22573
2026/09/26 14:10:19.813, 22573
2026/09/26 14:10:20.313, 22573
2026/09/26 14:10:20.813, 22573
2026/09/26 14:10:21.313, 22573
2026/09/26 14:10:21.813, 22573
2026/09/26 14:10:22.313, 22573
2026/09/26 14:10:22.814, 22573
2026/09/26 14:10:23.314, 22573
2026/09/26 14:10:23.814, 22573
2026/09/26 14:10:24.314, 22573
2026/09/26 14:10:24.814, 22573
2026/09/26 14:10:25.314, 22573
2026/09/26 14:10:25.814, 22573
2026/09/26 14:10:26.314, 22573
2026/09/26 14:10:26.815, 22573
2026/09/26 14:10:27.315, 22573
2026/09/26 14:10:27.815, 22573
2026/09/26 14:10:28.315, 22573
2026/09/26 14:10:28.815, 22573
2026/09/26 14:10:29.315, 22573
2026/09/26 14:10:29.815, 22573
2026/09/26 14:10:30.316, 22573
2026/09/26 14:10:30.816, 22573
2026/09/26 14:10:31.316, 22573
2026/09/26 14:10:31.816, 22573
2026/09/26 14:10:32.316, 22573
2026/09/26 14:10:32.816, 22573
2026/09/26 14:10:33.316, 22573
2026/09/26 14:10:33.817, 22573
2026/09/26 14:10:34.317, 22573
2026/09/26 14:10:34.817, 22573
2026/09/26 14:10:35.317, 22573
2026/09/26 14:10:35.817, 22573
2026/09/26 14:10:36.317, 22573
2026/09/26 14:10:36.817, 22573
2026/09/26 14:10:37.317, 22573
2026/09/26 14:10:37.818, 22573
2026/09/26 14:10:38.318, 22573
2026/09/26 14:10:38.818, 22573
2026/09/26 14:10:39.318, 22573
2026/09/26 14:10:39.818, 22573
2026/09/26 14:10:40.318, 22573
2026/09/26 14:10:40.818, 22573
2026/09/26 14:10:41.319, 22573
2026/09/26 14:10:41.819, 22573
2026/09/26 14:10:42.319, 22573
2026/09/26 14:10:42.819, 22573
2026/09/26 14:10:43.319, 22573
2026/09/26 14:10:43.819, 22573
2026/09/26 14:10:44.319, 22573
2026/09/26 14:10:44.819, 22573
2026/09/26 14:10:45.320, 22573
2026/09/26 14:10:45.820, 22573
2026/09/26 14:10:46.320, 22573
2026/09/26 14:10:46.820, 22573
2026/09/26 14:10:47.320, 22573
2026/09/26 14:10:47.820, 22573
2026/09/26 14:10:48.320, 22573
2026/09/26 14:10:48.821, 22573
2026/09/26 14:10:49.321, 22573
2026/09/26 14:10:49.821, 22573
2026/09/26 14:10:50.321, 22573
2026/09/26 14:10:50.821, 22573
2026/09/26 14:10:51.321, 22573
2026/09/26 14:10:51.821, 22573
2026/09/26 14:10:52.322, 22573
2026/09/26 14:10:52.822, 22573
2026/09/26 14:10:53.322, 22573
2026/09/26 14:10:53.822, 22573
2026/09/26 14:10:54.322, 22573
2026/09/26 14:10:54.822, 22573
2026/09/26 14:10:55.322, 22573
2026/09/26 14:10:55.823, 22573
2026/09/26 14:10:56.323, 22573
2026/09/26 14:10:56.823, 22573
2026/09/26 14:10:57.323, 22573
2026/09/26 14:10:57.823, 22573
2026/09/26 14:10:58.323, 22573
2026/09/26 14:10:58.823, 22573
2026/09/26 14:10:59.324, 22573
2026/09/26 14:10:59.824, 22573
2026/09/26 14:11:00.324, 22573
2026/09/26 14:11:00.824, 22573
2026/09/26 14:11:01.324, 22573
2026/09/26 14:11:01.824, 22573
2026/09/26 14:11:02.324, 22573
2026/09/26 14:11:02.825, 22573
2026/09/26 14:11:03.325, 22573
2026/09/26 14:11:03.825, 22573
2026/09/26 14:11:04.325, 22573
2026/09/26 14:11:04.825, 22573
2026/09/26 14:11:05.325, 22573
2026/09/26 14:11:05.826, 22573
2026/09/26 14:11:06.326, 22573
2026/09/26 14:11:06.826, 22573
2026/09/26 14:11:07.326, 22573
2026/09/26 14:11:07.826, 22573
2026/09/26 14:11:08.326, 22573
2026/09/26 14:11:08.826, 22573
2026/09/26 14:11:09.326, 22573
2026/09/26 14:11:09.827, 22573
2026/09/26 14:11:10.327, 22573
2026/09/26 14:11:10.827, 22573
2026/09/26 14:11:11.327, 22573
2026/09/26 14:11:11.827, 22573
2026/09/26 14:11:12.327, 22573
2026/09/26 14:11:12.827, 22573
2026/09/26 14:11:13.328, 22573
2026/09/26 14:11:13.828, 22573
2026/09/26 14:11:14.328, 22573
2026/09/26 14:11:14.828, 22573
2026/09/26 14:11:15.328, 22573
2026/09/26 14:11:15.828, 22573
2026/09/26 14:11:16.328, 22573
2026/09/26 14:11:16.829, 22573
2026/09/26 14:11:17.329, 22573
2026/09/26 14:11:17.829, 22573
2026/09/26 14:11:18.329, 22573
2026/09/26 14:11:18.829, 22573
2026/09/26 14:11:19.329, 22573
2026/09/26 14:11:19.829, 22573
2026/09/26 14:11:20.330, 22573
2026/09/26 14:11:20.830, 22573
2026/09/26 14:11:21.330, 22573
2026/09/26 14:11:21.835, 22573
2026/09/26 14:11:22.335, 22573
2026/09/26 14:11:22.835, 22573
2026/09/26 14:11:23.335, 22573
2026/09/26 14:11:23.835, 22573
2026/09/26 14:11:24.335, 22573
2026/09/26 14:11:24.835, 22573
2026/09/26 14:11:25.336, 22573
2026/09/26 14:11:25.836, 22573
2026/09/26 14:11:26.336, 22573
2026/09/26 14:11:26.836, 22573
2026/09/26 14:11:27.336, 22573
2026/09/26 14:11:27.836, 22573
2026/09/26 14:11:28.336, 22573
2026/09/26 14:11:28.837, 22573
2026/09/26 14:11:29.337, 22573
2026/09/26 14:11:29.837, 22573
2026/09/26 14:11:30.337, 22573
2026/09/26 14:11:30.837, 22573
2026/09/26 14:11:31.337, 22573
2026/09/26 14:11:31.837, 22573
2026/09/26 14:11:32.338, 22573
2026/09/26 14:11:32.838, 22573
2026/09/26 14:11:33.338, 22573
2026/09/26 14:11:33.838, 22573
2026/09/26 14:11:34.338, 22573
2026/09/26 14:11:34.838, 22573
2026/09/26 14:11:35.338, 22573
2026/09/26 14:11:35.839, 22573
2026/09/26 14:11:36.339, 22573
2026/09/26 14:11:36.839, 22573
2026/09/26 14:11:37.339, 22573
2026/09/26 14:11:37.839, 22573
2026/09/26 14:11:38.339, 22573
2026/09/26 14:11:38.840, 22573
2026/09/26 14:11:39.340, 22573
2026/09/26 14:11:39.840, 22573
2026/09/26 14:11:40.340, 22573
2026/09/26 14:11:40.840, 22573
2026/09/26 14:11:41.340, 22573
2026/09/26 14:11:41.840, 22573
2026/09/26 14:11:42.341, 22573
2026/09/26 14:11:42.841, 22573
2026/09/26 14:11:43.341, 22573
2026/09/26 14:11:43.841, 22573
2026/09/26 14:11:44.341, 22573
2026/09/26 14:11:44.841, 22573
2026/09/26 14:11:45.341, 22573
2026/09/26 14:11:45.842, 22573
2026/09/26 14:11:46.342, 22573
2026/09/26 14:11:46.842, 22573
2026/09/26 14:11:47.342, 22573
2026/09/26 14:11:47.842, 22573
2026/09/26 14:11:48.342, 22573
2026/09/26 14:11:48.843, 22573
2026/09/26 14:11:49.343, 22573
2026/09/26 14:11:49.843, 22573
2026/09/26 14:11:50.343, 22573
2026/09/26 14:11:50.843, 22573
2026/09/26 14:11:51.343, 22573
2026/09/26 14:11:51.843, 22573
2026/09/26 14:11:52.344, 22573
2026/09/26 14:11:52.844, 22573
2026/09/26 14:11:53.344, 22573
2026/09/26 14:11:53.844, 22573
2026/09/26 14:11:54.344, 22573
2026/09/26 14:11:54.844, 22573
2026/09/26 14:11:55.344, 22573
2026/09/26 14:11:55.845, 22573
2026/09/26 14:11:56.345, 22573
2026/09/26 14:11:56.845, 22573
2026/09/26 14:11:57.345, 22573
2026/09/26 14:11:57.845, 22573
2026/09/26 14:11:58.345, 22573
2026/09/26 14:11:58.845, 22573
2026/09/26 14:11:59.346, 22573
2026/09/26 14:11:59.846, 22573
2026/09/26 14:12:00.346, 22573
2026/09/26 14:12:00.846, 22573
2026/09/26 14:12:01.346, 22573
2026/09/26 14:12:01.846, 22573
2026/09/26 14:12:02.347, 22573
2026/09/26 14:12:02.847, 22573
2026/09/26 14:12:03.347, 22573
2026/09/26 14:12:03.847, 22573
2026/09/26 14:12:04.347, 22573
2026/09/26 14:12:04.848, 22573
2026/09/26 14:12:05.348, 22573
2026/09/26 14:12:05.848, 22573
2026/09/26 14:12:06.348, 22573
2026/09/26 14:12:06.848, 22573
2026/09/26 14:12:07.348, 22573
2026/09/26 14:12:07.848, 22573
2026/09/26 14:12:08.349, 22573
2026/09/26 14:12:08.849, 22573
2026/09/26 14:12:09.349, 22573
2026/09/26 14:12:09.849, 22573
2026/09/26 14:12:10.349, 22573
2026/09/26 14:12:10.849, 22573
2026/09/26 14:12:11.349, 22573
2026/09/26 14:12:11.850, 22573
2026/09/26 14:12:12.350, 22573
2026/09/26 14:12:12.850, 22573
2026/09/26 14:12:13.350, 22573
2026/09/26 14:12:13.850, 22573
2026/09/26 14:12:14.350, 22573
2026/09/26 14:12:14.850, 22573
2026/09/26 14:12:15.351, 22573
2026/09/26 14:12:15.851, 22573
2026/09/26 14:12:16.351, 22573
2026/09/26 14:12:16.851, 22573
2026/09/26 14:12:17.351, 22573
2026/09/26 14:12:17.851, 22573
2026/09/26 14:12:18.351, 22573
2026/09/26 14:12:18.852, 22573
2026/09/26 14:12:19.352, 22573
2026/09/26 14:12:19.852, 22573
2026/09/26 14:12:20.352, 22573
2026/09/26 14:12:20.852, 22573
2026/09/26 14:12:21.352, 22573
2026/09/26 14:12:21.853, 22573
2026/09/26 14:12:22.353, 22573
2026/09/26 14:12:22.853, 22573
2026/09/26 14:12:23.353, 22573
2026/09/26 14:12:23.853, 22573
2026/09/26 14:12:24.353, 22573
2026/09/26 14:12:24.854, 22573
2026/09/26 14:12:25.354, 22573
2026/09/26 14:12:25.854, 22573
2026/09/26 14:12:26.354, 22573
2026/09/26 14:12:26.854, 22573
2026/09/26 14:12:27.354, 22573
2026/09/26 14:12:27.854, 22573
2026/09/26 14:12:28.355, 22573
2026/09/26 14:12:28.855, 22573
2026/09/26 14:12:29.355, 22573
2026/09/26 14:12:29.855, 22573
2026/09/26 14:12:30.355, 22573
2026/09/26 14:12:30.855, 22573
2026/09/26 14:12:31.355, 22573
2026/09/26 14:12:31.856, 22573
2026/09/26 14:12:32.356, 22573
2026/09/26 14:12:32.856, 22573
2026/09/26 14:12:33.356, 22573
2026/09/26 14:12:33.856, 22573
2026/09/26 14:12:34.356, 22573
2026/09/26 14:12:34.856, 22573
2026/09/26 14:12:35.357, 22573
2026/09/26 14:12:35.857, 22573
2026/09/26 14:12:36.357, 22573
2026/09/26 14:12:36.857, 22573
2026/09/26 14:12:37.357, 22573
2026/09/26 14:12:37.857, 22573
2026/09/26 14:12:38.358, 22573
2026/09/26 14:12:38.858, 22573
2026/09/26 14:12:39.358, 22573
2026/09/26 14:12:39.858, 22573
2026/09/26 14:12:40.359, 22573
2026/09/26 14:12:40.859, 22573
2026/09/26 14:12:41.360, 22573
2026/09/26 14:12:41.860, 22573
2026/09/26 14:12:42.360, 22573
2026/09/26 14:12:42.860, 22573
2026/09/26 14:12:43.360, 22573
2026/09/26 14:12:43.860, 22573
2026/09/26 14:12:44.360, 22573
2026/09/26 14:12:44.861, 22573
2026/09/26 14:12:45.361, 22573
2026/09/26 14:12:45.861, 22573
2026/09/26 14:12:46.361, 22573
2026/09/26 14:12:46.861, 22573
2026/09/26 14:12:47.361, 22573
2026/09/26 14:12:47.862, 22573
2026/09/26 14:12:48.362, 22573
2026/09/26 14:12:48.862, 22573
2026/09/26 14:12:49.362, 22573
2026/09/26 14:12:49.862, 22573
2026/09/26 14:12:50.362, 22573
2026/09/26 14:12:50.862, 22573
2026/09/26 14:12:51.363, 22573
2026/09/26 14:12:51.863, 22573
2026/09/26 14:12:52.363, 22573
2026/09/26 14:12:52.863, 22573
2026/09/26 14:12:53.363, 22573
2026/09/26 14:12:53.863, 22573
2026/09/26 14:12:54.363, 22573
2026/09/26 14:12:54.864, 22573
2026/09/26 14:12:55.364, 22573
2026/09/26 14:12:55.864, 22573
2026/09/26 14:12:56.364, 22573
2026/09/26 14:12:56.865, 22573
2026/09/26 14:12:57.365, 22573
2026/09/26 14:12:57.865, 22573
2026/09/26 14:12:58.365, 22573
2026/09/26 14:12:58.865, 22573
2026/09/26 14:12:59.365, 22573
2026/09/26 14:12:59.865, 22573
2026/09/26 14:13:00.366, 22573
2026/09/26 14:13:00.866, 22573
2026/09/26 14:13:01.366, 22573
2026/09/26 14:13:01.866, 22573
2026/09/26 14:13:02.366, 22573
2026/09/26 14:13:02.866, 22573
2026/09/26 14:13:03.366, 22573
2026/09/26 14:13:03.867, 22573
2026/09/26 14:13:04.367, 22573
2026/09/26 14:13:04.867, 22573
2026/09/26 14:13:05.367, 22573
2026/09/26 14:13:05.867, 22573
2026/09/26 14:13:06.367, 22573
2026/09/26 14:13:06.868, 22573
2026/09/26 14:13:07.368, 22573
2026/09/26 14:13:07.868, 22573
2026/09/26 14:13:08.368, 22573
2026/09/26 14:13:08.868, 22573
2026/09/26 14:13:09.368, 22573
2026/09/26 14:13:09.868, 22573
2026/09/26 14:13:10.369, 22573
2026/09/26 14:13:10.869, 22573
2026/09/26 14:13:11.369, 22573
2026/09/26 14:13:11.869, 22573
2026/09/26 14:13:12.369, 22573
2026/09/26 14:13:12.869, 22573
2026/09/26 14:13:13.369, 22573
2026/09/26 14:13:13.870, 22573
2026/09/26 14:13:14.370, 22573
2026/09/26 14:13:14.870, 22573
2026/09/26 14:13:15.370, 22573
2026/09/26 14:13:15.870, 22573
2026/09/26 14:13:16.370, 22573
2026/09/26 14:13:16.870, 22573
2026/09/26 14:13:17.371, 22573
2026/09/26 14:13:17.871, 22573
2026/09/26 14:13:18.371, 22573
2026/09/26 14:13:18.871, 22573
2026/09/26 14:13:19.371, 22573
2026/09/26 14:13:19.871, 22573
2026/09/26 14:13:20.372, 22573
2026/09/26 14:13:20.872, 22573
2026/09/26 14:13:21.372, 22573
2026/09/26 14:13:21.872, 22573
2026/09/26 14:13:22.372, 22573
2026/09/26 14:13:22.872, 22573
2026/09/26 14:13:23.372, 22573
2026/09/26 14:13:23.873, 22573
2026/09/26 14:13:24.373, 22573
2026/09/26 14:13:24.873, 22573
2026/09/26 14:13:25.373, 22573
2026/09/26 14:13:25.873, 22573
2026/09/26 14:13:26.373, 22573
2026/09/26 14:13:26.873, 22573
2026/09/26 14:13:27.374, 22573
2026/09/26 14:13:27.874, 22573
2026/09/26 14:13:28.374, 22573
2026/09/26 14:13:28.874, 22573
2026/09/26 14:13:29.374, 22573
2026/09/26 14:13:29.874, 22573
2026/09/26 14:13:30.374, 22573
2026/09/26 14:13:30.875, 22573
2026/09/26 14:13:31.375, 22573
2026/09/26 14:13:31.875, 22573
2026/09/26 14:13:32.375, 22573
2026/09/26 14:13:32.875, 22573
2026/09/26 14:13:33.375, 22573
2026/09/26 14:13:33.875, 22573
2026/09/26 14:13:34.376, 22573
2026/09/26 14:13:34.876, 22573
2026/09/26 14:13:35.376, 22573
2026/09/26 14:13:35.876, 22573
2026/09/26 14:13:36.376, 22573
2026/09/26 14:13:36.876, 22573
2026/09/26 14:13:37.377, 22573
2026/09/26 14:13:37.877, 22573
2026/09/26 14:13:38.377, 22573
2026/09/26 14:13:38.877, 22573
2026/09/26 14:13:39.377, 22573
2026/09/26 14:13:39.877, 22573
2026/09/26 14:13:40.377, 22573
2026/09/26 14:13:40.878, 22573
2026/09/26 14:13:41.378, 22573
2026/09/26 14:13:41.878, 22573
2026/09/26 14:13:42.378, 22573
2026/09/26 14:13:42.878, 22573
2026/09/26 14:13:43.378, 22573
2026/09/26 14:13:43.878, 22573
2026/09/26 14:13:44.379, 22573
2026/09/26 14:13:44.879, 22573
2026/09/26 14:13:45.379, 22573
2026/09/26 14:13:45.879, 22573
2026/09/26 14:13:46.379, 22573
2026/09/26 14:13:46.879, 22573
2026/09/26 14:13:47.379, 22573
2026/09/26 14:13:47.880, 22573
2026/09/26 14:13:48.380, 22573
2026/09/26 14:13:48.880, 22573
2026/09/26 14:13:49.380, 22573
2026/09/26 14:13:49.880, 22573
2026/09/26 14:13:50.380, 22573
2026/09/26 14:13:50.881, 22573
2026/09/26 14:13:51.381, 22573
2026/09/26 14:13:51.881, 22573
2026/09/26 14:13:52.381, 22573
2026/09/26 14:13:52.881, 22573
2026/09/26 14:13:53.381, 22573
2026/09/26 14:13:53.881, 22573
2026/09/26 14:13:54.381, 22573
2026/09/26 14:13:54.882, 22573
2026/09/26 14:13:55.382, 22573
2026/09/26 14:13:55.882, 22573
2026/09/26 14:13:56.382, 22573
2026/09/26 14:13:56.882, 22573
2026/09/26 14:13:57.382, 22573
2026/09/26 14:13:57.882, 22573
2026/09/26 14:13:58.383, 22573
2026/09/26 14:13:58.883, 22573
2026/09/26 14:13:59.383, 22573
2026/09/26 14:13:59.883, 22573
2026/09/26 14:14:00.383, 22573
2026/09/26 14:14:00.883, 22573
2026/09/26 14:14:01.384, 22573
2026/09/26 14:14:01.884, 22573
2026/09/26 14:14:02.384, 22573
2026/09/26 14:14:02.884, 22573
2026/09/26 14:14:03.384, 22573
2026/09/26 14:14:03.884, 22573
2026/09/26 14:14:04.384, 22573
2026/09/26 14:14:04.885, 22573
2026/09/26 14:14:05.385, 22573
2026/09/26 14:14:05.885, 22573
2026/09/26 14:14:06.385, 22573
2026/09/26 14:14:06.885, 22573
2026/09/26 14:14:07.385, 22573
2026/09/26 14:14:07.885, 22573
2026/09/26 14:14:08.385, 22573
2026/09/26 14:14:08.886, 22573
2026/09/26 14:14:09.386, 22573
2026/09/26 14:14:09.886, 22573
2026/09/26 14:14:10.386, 22573
2026/09/26 14:14:10.886, 22573
2026/09/26 14:14:11.386, 22573
2026/09/26 14:14:11.886, 22573
2026/09/26 14:14:12.387, 22573
2026/09/26 14:14:12.887, 22573
2026/09/26 14:14:13.387, 22573
2026/09/26 14:14:13.887, 22573
2026/09/26 14:14:14.387, 22573
2026/09/26 14:14:14.887, 22573
2026/09/26 14:14:15.387, 22573
2026/09/26 14:14:15.887, 22573
2026/09/26 14:14:16.388, 22573
2026/09/26 14:14:16.888, 22573
2026/09/26 14:14:17.388, 22573
2026/09/26 14:14:17.888, 22573
2026/09/26 14:14:18.388, 22573
2026/09/26 14:14:18.888, 22573
2026/09/26 14:14:19.389, 22573
2026/09/26 14:14:19.889, 22573
2026/09/26 14:14:20.389, 22573
2026/09/26 14:14:20.889, 22573
2026/09/26 14:14:21.389, 22573
2026/09/26 14:14:21.889, 22573
2026/09/26 14:14:22.389, 22573
2026/09/26 14:14:22.890, 22573
2026/09/26 14:14:23.390, 22573
2026/09/26 14:14:23.890, 22573
2026/09/26 14:14:24.390, 22573
2026/09/26 14:14:24.890, 22573
2026/09/26 14:14:25.390, 22573
2026/09/26 14:14:25.890, 22573
2026/09/26 14:14:26.391, 22573
2026/09/26 14:14:26.891, 22573
2026/09/26 14:14:27.391, 22573
2026/09/26 14:14:27.891, 22573
2026/09/26 14:14:28.391, 22573
2026/09/26 14:14:28.891, 22573
2026/09/26 14:14:29.391, 22573
2026/09/26 14:14:29.891, 22573
2026/09/26 14:14:30.392, 22573
2026/09/26 14:14:30.892, 22573
2026/09/26 14:14:31.392, 22573
2026/09/26 14:14:31.892, 22573
2026/09/26 14:14:32.392, 22573
2026/09/26 14:14:32.892, 22573
2026/09/26 14:14:33.392, 22573
2026/09/26 14:14:33.893, 22573
2026/09/26 14:14:34.393, 22573
2026/09/26 14:14:34.893, 22573
2026/09/26 14:14:35.393, 22573
2026/09/26 14:14:35.893, 22573
2026/09/26 14:14:36.393, 22573
2026/09/26 14:14:36.893, 22573
2026/09/26 14:14:37.394, 22573
2026/09/26 14:14:37.894, 22573
2026/09/26 14:14:38.394, 22573
2026/09/26 14:14:38.894, 22573
2026/09/26 14:14:39.394, 22573
2026/09/26 14:14:39.894, 22573
2026/09/26 14:14:40.394, 22573
2026/09/26 14:14:40.895, 22573
2026/09/26 14:14:41.395, 22573
2026/09/26 14:14:41.895, 22573
2026/09/26 14:14:42.395, 22573
2026/09/26 14:14:42.895, 22573
2026/09/26 14:14:43.395, 22573
2026/09/26 14:14:43.895, 22573
2026/09/26 14:14:44.396, 22573
2026/09/26 14:14:44.896, 22573
2026/09/26 14:14:45.396, 22573
2026/09/26 14:14:45.896, 22573
2026/09/26 14:14:46.396, 22573
2026/09/26 14:14:46.896, 22573
2026/09/26 14:14:47.396, 22573
2026/09/26 14:14:47.897, 22573
2026/09/26 14:14:48.397, 22573
2026/09/26 14:14:48.897, 22573
2026/09/26 14:14:49.397, 22573
2026/09/26 14:14:49.897, 22573
2026/09/26 14:14:50.397, 22573
2026/09/26 14:14:50.897, 22573
2026/09/26 14:14:51.398, 22573
2026/09/26 14:14:51.898, 22573
2026/09/26 14:14:52.398, 22573
2026/09/26 14:14:52.898, 22573
2026/09/26 14:14:53.398, 22573
2026/09/26 14:14:53.898, 22573
2026/09/26 14:14:54.398, 22573
2026/09/26 14:14:54.899, 22573
2026/09/26 14:14:55.399, 22573
2026/09/26 14:14:55.899, 22573
2026/09/26 14:14:56.399, 22573
2026/09/26 14:14:56.899, 22573
2026/09/26 14:14:57.399, 22573
2026/09/26 14:14:57.899, 22573
2026/09/26 14:14:58.400, 22573
2026/09/26 14:14:58.900, 22573
2026/09/26 14:14:59.400, 22573
2026/09/26 14:14:59.900, 22573
2026/09/26 14:15:00.400, 22573
2026/09/26 14:15:00.900, 22573
2026/09/26 14:15:01.400, 22573
2026/09/26 14:15:01.901, 22573
2026/09/26 14:15:02.401, 22573
2026/09/26 14:15:02.901, 22573
2026/09/26 14:15:03.401, 22573
2026/09/26 14:15:03.901, 22573
2026/09/26 14:15:04.401, 22573
2026/09/26 14:15:04.901, 22573
2026/09/26 14:15:05.402, 22573
2026/09/26 14:15:05.902, 22573
2026/09/26 14:15:06.402, 22573
2026/09/26 14:15:06.902, 22573
2026/09/26 14:15:07.402, 22573
2026/09/26 14:15:07.902, 22573
2026/09/26 14:15:08.402, 22573
2026/09/26 14:15:08.903, 22573
2026/09/26 14:15:09.403, 22573
2026/09/26 14:15:09.903, 22573
2026/09/26 14:15:10.403, 22573
2026/09/26 14:15:10.903, 22573
2026/09/26 14:15:11.403, 22573
2026/09/26 14:15:11.903, 22573
2026/09/26 14:15:12.404, 22573
2026/09/26 14:15:12.904, 22573
2026/09/26 14:15:13.404, 22573
2026/09/26 14:15:13.904, 22573
2026/09/26 14:15:14.404, 22573
2026/09/26 14:15:14.904, 22573
2026/09/26 14:15:15.405, 22573
2026/09/26 14:15:15.905, 22573
2026/09/26 14:15:16.405, 22573
2026/09/26 14:15:16.905, 22573
2026/09/26 14:15:17.405, 22573
2026/09/26 14:15:17.905, 22573
2026/09/26 14:15:18.405, 22573
2026/09/26 14:15:18.906, 22573
2026/09/26 14:15:19.406, 22573
2026/09/26 14:15:19.906, 22573
2026/09/26 14:15:20.406, 22573
2026/09/26 14:15:20.906, 22573
2026/09/26 14:15:21.406, 22573
2026/09/26 14:15:21.906, 22573
2026/09/26 14:15:22.407, 22573
2026/09/26 14:15:22.907, 22573
2026/09/26 14:15:23.407, 22573
2026/09/26 14:15:23.907, 22573
2026/09/26 14:15:24.407, 22573
2026/09/26 14:15:24.907, 22573
2026/09/26 14:15:25.407, 22573
2026/09/26 14:15:25.908, 22573
2026/09/26 14:15:26.408, 22573
2026/09/26 14:15:26.908, 22573
2026/09/26 14:15:27.408, 22573
2026/09/26 14:15:27.908, 22573
2026/09/26 14:15:28.409, 22573
2026/09/26 14:15:28.909, 22573
2026/09/26 14:15:29.409, 22573
2026/09/26 14:15:29.909, 22573
2026/09/26 14:15:30.409, 22573
2026/09/26 14:15:30.909, 22573
2026/09/26 14:15:31.409, 22573
2026/09/26 14:15:31.910, 22573
2026/09/26 14:15:32.410, 22573
2026/09/26 14:15:32.910, 22573
2026/09/26 14:15:33.410, 22573
2026/09/26 14:15:33.910, 22573
2026/09/26 14:15:34.411, 22573
2026/09/26 14:15:34.911, 22573
2026/09/26 14:15:35.411, 22573
2026/09/26 14:15:35.911, 22573
2026/09/26 14:15:36.411, 22573
2026/09/26 14:15:36.911, 22573
2026/09/26 14:15:37.412, 22573
2026/09/26 14:15:37.912, 22573
2026/09/26 14:15:38.412, 22573
2026/09/26 14:15:38.912, 22573
2026/09/26 14:15:39.412, 22573
2026/09/26 14:15:39.912, 22573
2026/09/26 14:15:40.413, 22573
2026/09/26 14:15:40.913, 22573
2026/09/26 14:15:41.413, 22573
2026/09/26 14:15:41.913, 22573
2026/09/26 14:15:42.413, 22573
2026/09/26 14:15:42.913, 22573
2026/09/26 14:15:43.413, 22573
2026/09/26 14:15:43.914, 22573
2026/09/26 14:15:44.414, 22573
2026/09/26 14:15:44.914, 22573
2026/09/26 14:15:45.414, 22573
2026/09/26 14:15:45.914, 22573
2026/09/26 14:15:46.415, 22573
2026/09/26 14:15:46.915, 22573
2026/09/26 14:15:47.415, 22573
2026/09/26 14:15:47.915, 22573
2026/09/26 14:15:48.415, 22573
2026/09/26 14:15:48.915, 22573
2026/09/26 14:15:49.416, 22573
2026/09/26 14:15:49.916, 22573
2026/09/26 14:15:50.416, 22573
2026/09/26 14:15:50.916, 22573
2026/09/26 14:15:51.416, 22573
2026/09/26 14:15:51.916, 22573
2026/09/26 14:15:52.417, 22573
2026/09/26 14:15:52.917, 22573
2026/09/26 14:15:53.417, 22573
2026/09/26 14:15:53.917, 22573
2026/09/26 14:15:54.417, 22573
2026/09/26 14:15:54.917, 22573
2026/09/26 14:15:55.417, 22573
2026/09/26 14:15:55.918, 22573
2026/09/26 14:15:56.418, 22573
2026/09/26 14:15:56.918, 22573
2026/09/26 14:15:57.418, 22573
2026/09/26 14:15:57.918, 22573
2026/09/26 14:15:58.418, 22573
2026/09/26 14:15:58.919, 22573
2026/09/26 14:15:59.419, 22573
2026/09/26 14:15:59.919, 22573
2026/09/26 14:16:00.419, 22573
2026/09/26 14:16:00.919, 22573
2026/09/26 14:16:01.419, 22573
2026/09/26 14:16:01.920, 22573
2026/09/26 14:16:02.420, 22573
2026/09/26 14:16:02.920, 22573
2026/09/26 14:16:03.420, 22573
2026/09/26 14:16:03.920, 22573
2026/09/26 14:16:04.420, 22573
2026/09/26 14:16:04.921, 22573
2026/09/26 14:16:05.421, 22573
2026/09/26 14:16:05.921, 22573
2026/09/26 14:16:06.421, 22573
2026/09/26 14:16:06.921, 22573
2026/09/26 14:16:07.421, 22573
2026/09/26 14:16:07.922, 22573
2026/09/26 14:16:08.422, 22573
2026/09/26 14:16:08.922, 22573
2026/09/26 14:16:09.422, 22573
2026/09/26 14:16:09.922, 22573
2026/09/26 14:16:10.422, 22573
2026/09/26 14:16:10.923, 22573
2026/09/26 14:16:11.423, 22573
2026/09/26 14:16:11.923, 22573
2026/09/26 14:16:12.423, 22573
2026/09/26 14:16:12.923, 22573
2026/09/26 14:16:13.423, 22573
2026/09/26 14:16:13.923, 22573
2026/09/26 14:16:14.424, 22573
2026/09/26 14:16:14.924, 22573
2026/09/26 14:16:15.424, 22573
2026/09/26 14:16:15.924, 22573
2026/09/26 14:16:16.424, 22573
2026/09/26 14:16:16.924, 22573
2026/09/26 14:16:17.425, 22573
2026/09/26 14:16:17.925, 22573
2026/09/26 14:16:18.425, 22573
2026/09/26 14:16:18.925, 22573
2026/09/26 14:16:19.425, 22573
2026/09/26 14:16:19.925, 22573
2026/09/26 14:16:20.426, 22573
2026/09/26 14:16:20.926, 22573
2026/09/26 14:16:21.426, 22573
2026/09/26 14:16:21.926, 22573
2026/09/26 14:16:22.426, 22573
2026/09/26 14:16:22.926, 22573
2026/09/26 14:16:23.427, 22573
2026/09/26 14:16:23.927, 22573
2026/09/26 14:16:24.427, 22573
2026/09/26 14:16:24.927, 22573
2026/09/26 14:16:25.427, 22573
2026/09/26 14:16:25.927, 22573
2026/09/26 14:16:26.428, 22573
2026/09/26 14:16:26.928, 22573
2026/09/26 14:16:27.428, 22573
2026/09/26 14:16:27.928, 22573
2026/09/26 14:16:28.428, 22573
2026/09/26 14:16:28.929, 22573
2026/09/26 14:16:29.429, 22573
2026/09/26 14:16:29.929, 22573
2026/09/26 14:16:30.429, 22573
2026/09/26 14:16:30.929, 22573
2026/09/26 14:16:31.429, 22573
2026/09/26 14:16:31.929, 22573
2026/09/26 14:16:32.430, 22573
2026/09/26 14:16:32.930, 22573
2026/09/26 14:16:33.430, 22573
2026/09/26 14:16:33.930, 22573
2026/09/26 14:16:34.430, 22573
2026/09/26 14:16:34.930, 22573
2026/09/26 14:16:35.431, 22573
2026/09/26 14:16:35.931, 22573
2026/09/26 14:16:36.431, 22573
2026/09/26 14:16:36.931, 22573
2026/09/26 14:16:37.431, 22573
2026/09/26 14:16:37.931, 22573
2026/09/26 14:16:38.431, 22573
2026/09/26 14:16:38.932, 22573
2026/09/26 14:16:39.432, 22573
2026/09/26 14:16:39.932, 22573
2026/09/26 14:16:40.432, 22573
2026/09/26 14:16:40.932, 22573
2026/09/26 14:16:41.432, 22573
2026/09/26 14:16:41.932, 22573
2026/09/26 14:16:42.433, 22573
2026/09/26 14:16:42.933, 22573
2026/09/26 14:16:43.433, 22573
2026/09/26 14:16:43.933, 22573
2026/09/26 14:16:44.433, 22573
2026/09/26 14:16:44.933, 22573
2026/09/26 14:16:45.433, 22573
2026/09/26 14:16:45.934, 22573
2026/09/26 14:16:46.434, 22573
2026/09/26 14:16:46.934, 22573
2026/09/26 14:16:47.434, 22573
2026/09/26 14:16:47.934, 22573
2026/09/26 14:16:48.434, 22573
2026/09/26 14:16:48.934, 22573
2026/09/26 14:16:49.435, 22573
2026/09/26 14:16:49.935, 22573
2026/09/26 14:16:50.435, 22573
2026/09/26 14:16:50.935, 22573
2026/09/26 14:16:51.435, 22573
2026/09/26 14:16:51.935, 22573
2026/09/26 14:16:52.435, 22573
2026/09/26 14:16:52.936, 22573
2026/09/26 14:16:53.436, 22573
2026/09/26 14:16:53.936, 22573
2026/09/26 14:16:54.436, 22573
2026/09/26 14:16:54.936, 22573
2026/09/26 14:16:55.436, 22573
2026/09/26 14:16:55.936, 22573
2026/09/26 14:16:56.437, 22573
2026/09/26 14:16:56.937, 22573
2026/09/26 14:16:57.437, 22573
2026/09/26 14:16:57.937, 22573
2026/09/26 14:16:58.437, 22573
2026/09/26 14:16:58.937, 22573
2026/09/26 14:16:59.437, 22573
2026/09/26 14:16:59.938, 22573
2026/09/26 14:17:00.438, 22573
2026/09/26 14:17:00.938, 22573
2026/09/26 14:17:01.438, 22573
2026/09/26 14:17:01.938, 22573
2026/09/26 14:17:02.438, 22573
2026/09/26 14:17:02.938, 22573
2026/09/26 14:17:03.439, 22573
2026/09/26 14:17:03.939, 22573
2026/09/26 14:17:04.439, 22573
2026/09/26 14:17:04.939, 22573
2026/09/26 14:17:05.439, 22573
2026/09/26 14:17:05.939, 22573
2026/09/26 14:17:06.439, 22573
2026/09/26 14:17:06.940, 22573
2026/09/26 14:17:07.440, 22573
2026/09/26 14:17:07.940, 22573
2026/09/26 14:17:08.440, 22573
2026/09/26 14:17:08.940, 22573
2026/09/26 14:17:09.440, 22573
2026/09/26 14:17:09.940, 22573
2026/09/26 14:17:10.441, 22573
2026/09/26 14:17:10.941, 22573
2026/09/26 14:17:11.441, 22573
2026/09/26 14:17:11.941, 22573
2026/09/26 14:17:12.441, 22573
2026/09/26 14:17:12.941, 22573
2026/09/26 14:17:13.442, 22573
2026/09/26 14:17:13.942, 22573
2026/09/26 14:17:14.442, 22573
2026/09/26 14:17:14.942, 22573
2026/09/26 14:17:15.442, 22573
2026/09/26 14:17:15.942, 22573
2026/09/26 14:17:16.442, 22573
2026/09/26 14:17:16.943, 22573
2026/09/26 14:17:17.443, 22573
2026/09/26 14:17:17.943, 22573
2026/09/26 14:17:18.443, 22573
2026/09/26 14:17:18.943, 22573
2026/09/26 14:17:19.443, 22573
2026/09/26 14:17:19.943, 22573
2026/09/26 14:17:20.444, 22573
2026/09/26 14:17:20.944, 22573
2026/09/26 14:17:21.444, 22573
2026/09/26 14:17:21.944, 22573
2026/09/26 14:17:22.444, 22573
2026/09/26 14:17:22.944, 22573
2026/09/26 14:17:23.445, 22573
2026/09/26 14:17:23.945, 22573
2026/09/26 14:17:24.445, 22573
2026/09/26 14:17:24.945, 22573
2026/09/26 14:17:25.445, 22573
2026/09/26 14:17:25.945, 22573
2026/09/26 14:17:26.445, 22573
2026/09/26 14:17:26.946, 22573
2026/09/26 14:17:27.446, 22573
2026/09/26 14:17:27.946, 22573
2026/09/26 14:17:28.446, 22573
2026/09/26 14:17:28.946, 22573
2026/09/26 14:17:29.446, 22573
2026/09/26 14:17:29.947, 22573
2026/09/26 14:17:30.447, 22573
2026/09/26 14:17:30.947, 22573
2026/09/26 14:17:31.447, 22573
2026/09/26 14:17:31.947, 22573
2026/09/26 14:17:32.447, 22573
2026/09/26 14:17:32.947, 22573
2026/09/26 14:17:33.448, 22573
2026/09/26 14:17:33.948, 22573
2026/09/26 14:17:34.448, 22573
2026/09/26 14:17:34.948, 22573
2026/09/26 14:17:35.448, 22573
2026/09/26 14:17:35.948, 22573
2026/09/26 14:17:36.448, 22573
2026/09/26 14:17:36.949, 22573
2026/09/26 14:17:37.449, 22573
2026/09/26 14:17:37.949, 22573
2026/09/26 14:17:38.449, 22573
2026/09/26 14:17:38.949, 22573
2026/09/26 14:17:39.449, 22573
2026/09/26 14:17:39.949, 22573
2026/09/26 14:17:40.450, 22573
2026/09/26 14:17:40.950, 22573
2026/09/26 14:17:41.450, 22573
2026/09/26 14:17:41.950, 22573
2026/09/26 14:17:42.450, 22573
2026/09/26 14:17:42.950, 22573
2026/09/26 14:17:43.450, 22573
2026/09/26 14:17:43.951, 22573
2026/09/26 14:17:44.451, 22573
2026/09/26 14:17:44.951, 22573
2026/09/26 14:17:45.451, 22573
2026/09/26 14:17:45.951, 22573
2026/09/26 14:17:46.451, 22573
2026/09/26 14:17:46.951, 22573
2026/09/26 14:17:47.452, 22573
2026/09/26 14:17:47.952, 22573
2026/09/26 14:17:48.452, 22573
2026/09/26 14:17:48.952, 22573
2026/09/26 14:17:49.452, 22573
2026/09/26 14:17:49.952, 22573
2026/09/26 14:17:50.452, 22573
2026/09/26 14:17:50.953, 22573
2026/09/26 14:17:51.453, 22573
2026/09/26 14:17:51.953, 22573
2026/09/26 14:17:52.453, 22573
2026/09/26 14:17:52.953, 22573
2026/09/26 14:17:53.453, 22573
2026/09/26 14:17:53.953, 22573
2026/09/26 14:17:54.454, 22573
2026/09/26 14:17:54.954, 22573
2026/09/26 14:17:55.454, 22573
2026/09/26 14:17:55.954, 22573
2026/09/26 14:17:56.454, 22573
2026/09/26 14:17:56.954, 22573
2026/09/26 14:17:57.454, 22573
2026/09/26 14:17:57.955, 22573
2026/09/26 14:17:58.455, 22573
2026/09/26 14:17:58.955, 22573
2026/09/26 14:17:59.455, 22573
2026/09/26 14:17:59.955, 22573
2026/09/26 14:18:00.455, 22573
2026/09/26 14:18:00.955, 22573
2026/09/26 14:18:01.456, 22573
2026/09/26 14:18:01.956, 22573
2026/09/26 14:18:02.456, 22573
2026/09/26 14:18:02.956, 22573
2026/09/26 14:18:03.456, 22573
2026/09/26 14:18:03.956, 22573
2026/09/26 14:18:04.456, 22573
2026/09/26 14:18:04.957, 22573
2026/09/26 14:18:05.457, 22573
2026/09/26 14:18:05.957, 22573
2026/09/26 14:18:06.457, 22573
2026/09/26 14:18:06.957, 22573
2026/09/26 14:18:07.457, 22573
2026/09/26 14:18:07.957, 22573
2026/09/26 14:18:08.458, 22573
2026/09/26 14:18:08.958, 22573
2026/09/26 14:18:09.458, 22573
2026/09/26 14:18:09.958, 22573
2026/09/26 14:18:10.458, 22573
2026/09/26 14:18:10.958, 22573
2026/09/26 14:18:11.458, 22573
2026/09/26 14:18:11.959, 22573
2026/09/26 14:18:12.459, 22573
2026/09/26 14:18:12.959, 22573
2026/09/26 14:18:13.459, 22573
2026/09/26 14:18:13.959, 22573
2026/09/26 14:18:14.459, 22573
2026/09/26 14:18:14.959, 22573
2026/09/26 14:18:15.460, 22573
2026/09/26 14:18:15.960, 22573
2026/09/26 14:18:16.460, 22573
2026/09/26 14:18:16.960, 22573
2026/09/26 14:18:17.460, 22573
2026/09/26 14:18:17.960, 22573
2026/09/26 14:18:18.460, 22573
2026/09/26 14:18:18.961, 22573
2026/09/26 14:18:19.461, 22573
2026/09/26 14:18:19.961, 22573
2026/09/26 14:18:20.461, 22573
2026/09/26 14:18:20.961, 22573
2026/09/26 14:18:21.461, 22573
2026/09/26 14:18:21.961, 22573
2026/09/26 14:18:22.462, 22573
2026/09/26 14:18:22.962, 22573
2026/09/26 14:18:23.462, 22573
2026/09/26 14:18:23.962, 22573
2026/09/26 14:18:24.462, 22573
2026/09/26 14:18:24.962, 22573
2026/09/26 14:18:25.462, 22573
2026/09/26 14:18:25.963, 22573
2026/09/26 14:18:26.463, 22573
2026/09/26 14:18:26.963, 22573
2026/09/26 14:18:27.463, 22573
2026/09/26 14:18:27.963, 22573
2026/09/26 14:18:28.463, 22573
2026/09/26 14:18:28.963, 22573
2026/09/26 14:18:29.464, 22573
2026/09/26 14:18:29.964, 22573
2026/09/26 14:18:30.464, 22573
2026/09/26 14:18:30.964, 22573
2026/09/26 14:18:31.464, 22573
2026/09/26 14:18:31.964, 22573
2026/09/26 14:18:32.464, 22573
2026/09/26 14:18:32.965, 22573
2026/09/26 14:18:33.465, 22573
2026/09/26 14:18:33.965, 22573
2026/09/26 14:18:34.465, 22573
2026/09/26 14:18:34.965, 22573
2026/09/26 14:18:35.465, 22573
2026/09/26 14:18:35.965, 22573
2026/09/26 14:18:36.466, 22573
2026/09/26 14:18:36.966, 22573
2026/09/26 14:18:37.466, 22573
2026/09/26 14:18:37.966, 22573
2026/09/26 14:18:38.466, 22573
2026/09/26 14:18:38.966, 22573
2026/09/26 14:18:39.466, 22573
2026/09/26 14:18:39.967, 22573
2026/09/26 14:18:40.467, 22573
2026/09/26 14:18:40.967, 22573
2026/09/26 14:18:41.467, 22573
2026/09/26 14:18:41.967, 22573
2026/09/26 14:18:42.467, 22573
2026/09/26 14:18:42.967, 22573
2026/09/26 14:18:43.468, 22573
2026/09/26 14:18:43.968, 22573
2026/09/26 14:18:44.468, 22573
2026/09/26 14:18:44.968, 22573
2026/09/26 14:18:45.468, 22573
2026/09/26 14:18:45.968, 22573
2026/09/26 14:18:46.468, 22573
2026/09/26 14:18:46.968, 22573
2026/09/26 14:18:47.469, 22573
2026/09/26 14:18:47.969, 22573
2026/09/26 14:18:48.469, 22573
2026/09/26 14:18:48.969, 22573
2026/09/26 14:18:49.469, 22573
2026/09/26 14:18:49.969, 22573
2026/09/26 14:18:50.469, 22573
2026/09/26 14:18:50.970, 22573
2026/09/26 14:18:51.484, 22573
2026/09/26 14:18:51.984, 22573
2026/09/26 14:18:52.484, 22573
2026/09/26 14:18:52.984, 22573
2026/09/26 14:18:53.484, 22573
2026/09/26 14:18:53.984, 22573
2026/09/26 14:18:54.484, 22573
2026/09/26 14:18:54.984, 22573
2026/09/26 14:18:55.485, 22573
2026/09/26 14:18:55.985, 22573
2026/09/26 14:18:56.485, 22573
2026/09/26 14:18:56.985, 22573
2026/09/26 14:18:57.485, 22573
2026/09/26 14:18:57.985, 22573
2026/09/26 14:18:58.485, 22573
2026/09/26 14:18:58.986, 22573
2026/09/26 14:18:59.486, 22573
2026/09/26 14:18:59.986, 22573
2026/09/26 14:19:00.486, 22573
2026/09/26 14:19:00.986, 22573
2026/09/26 14:19:01.486, 22573
2026/09/26 14:19:01.986, 22573
2026/09/26 14:19:02.487, 22573
2026/09/26 14:19:02.987, 22573
2026/09/26 14:19:03.487, 22573
2026/09/26 14:19:03.987, 22573
2026/09/26 14:19:04.487, 22573
2026/09/26 14:19:04.987, 22573
2026/09/26 14:19:05.487, 22573
2026/09/26 14:19:05.987, 22573
2026/09/26 14:19:06.488, 22573
2026/09/26 14:19:06.988, 22573
2026/09/26 14:19:07.488, 22573
2026/09/26 14:19:07.988, 22573
2026/09/26 14:19:08.488, 22573
2026/09/26 14:19:08.988, 22573
2026/09/26 14:19:09.489, 22573
2026/09/26 14:19:09.989, 22573
2026/09/26 14:19:10.489, 22573
2026/09/26 14:19:10.989, 22573
2026/09/26 14:19:11.489, 22573
2026/09/26 14:19:11.989, 22573
2026/09/26 14:19:12.489, 22573
2026/09/26 14:19:12.990, 22573
2026/09/26 14:19:13.490, 22573
2026/09/26 14:19:13.990, 22573
2026/09/26 14:19:14.490, 22573
2026/09/26 14:19:14.990, 22573
2026/09/26 14:19:15.490, 22573
2026/09/26 14:19:15.990, 22573
2026/09/26 14:19:16.491, 22573
2026/09/26 14:19:16.991, 22573
2026/09/26 14:19:17.491, 22573
2026/09/26 14:19:17.991, 22573
2026/09/26 14:19:18.491, 22573
2026/09/26 14:19:18.991, 22573
2026/09/26 14:19:19.491, 22573
2026/09/26 14:19:19.992, 22573
2026/09/26 14:19:20.492, 22573
2026/09/26 14:19:20.992, 22573
2026/09/26 14:19:21.492, 22573
2026/09/26 14:19:21.992, 22573
2026/09/26 14:19:22.492, 22573
2026/09/26 14:19:22.992, 22573
2026/09/26 14:19:23.493, 22573
2026/09/26 14:19:23.993, 22573
2026/09/26 14:19:24.493, 22573
2026/09/26 14:19:24.993, 22573
2026/09/26 14:19:25.493, 22573
2026/09/26 14:19:25.993, 22573
2026/09/26 14:19:26.493, 22573
2026/09/26 14:19:26.993, 22573
2026/09/26 14:19:27.494, 22573
2026/09/26 14:19:27.994, 22573
2026/09/26 14:19:28.494, 22573
2026/09/26 14:19:28.994, 22573
2026/09/26 14:19:29.494, 22573
2026/09/26 14:19:29.994, 22573
2026/09/26 14:19:30.494, 22573
2026/09/26 14:19:30.995, 22573
2026/09/26 14:19:31.495, 22573
2026/09/26 14:19:31.995, 22573
2026/09/26 14:19:32.495, 22573
2026/09/26 14:19:32.995, 22573
2026/09/26 14:19:33.495, 22573
2026/09/26 14:19:33.995, 22573
2026/09/26 14:19:34.495, 22573
2026/09/26 14:19:34.996, 22573
2026/09/26 14:19:35.496, 22573
2026/09/26 14:19:35.996, 22573
2026/09/26 14:19:36.496, 22573
2026/09/26 14:19:36.996, 22573
2026/09/26 14:19:37.496, 22573
2026/09/26 14:19:37.996, 22573
2026/09/26 14:19:38.497, 22573
2026/09/26 14:19:38.997, 22573
2026/09/26 14:19:39.497, 22573
2026/09/26 14:19:39.997, 22573
2026/09/26 14:19:40.497, 22573
2026/09/26 14:19:40.997, 22573
2026/09/26 14:19:41.497, 22573
2026/09/26 14:19:41.997, 22573
2026/09/26 14:19:42.497, 22573
2026/09/26 14:19:42.998, 22573
2026/09/26 14:19:43.498, 22573
2026/09/26 14:19:43.998, 22573
2026/09/26 14:19:44.498, 22573
2026/09/26 14:19:44.998, 22573
2026/09/26 14:19:45.498, 22573
2026/09/26 14:19:45.998, 22573
2026/09/26 14:19:46.499, 22573
2026/09/26 14:19:46.999, 22573
2026/09/26 14:19:47.499, 22573
2026/09/26 14:19:47.999, 22573
2026/09/26 14:19:48.499, 22573
2026/09/26 14:19:48.999, 22573
2026/09/26 14:19:49.499, 22573
2026/09/26 14:19:49.999, 22573
2026/09/26 14:19:50.500, 22573
2026/09/26 14:19:51.000, 22573
2026/09/26 14:19:51.500, 22573
2026/09/26 14:19:52.000, 22573
2026/09/26 14:19:52.500, 22573
2026/09/26 14:19:53.000, 22573
2026/09/26 14:19:53.500, 22573
2026/09/26 14:19:54.001, 22573
2026/09/26 14:19:54.501, 22573
2026/09/26 14:19:55.001, 22573
2026/09/26 14:19:55.501, 22573
2026/09/26 14:19:56.001, 22573
2026/09/26 14:19:56.501, 22573
2026/09/26 14:19:57.001, 22573
2026/09/26 14:19:57.501, 22573
2026/09/26 14:19:58.002, 22573
2026/09/26 14:19:58.502, 22573
2026/09/26 14:19:59.002, 22573
2026/09/26 14:19:59.502, 22573
2026/09/26 14:20:00.002, 22573
2026/09/26 14:20:00.502, 22573
2026/09/26 14:20:01.002, 22573
2026/09/26 14:20:01.503, 22573
2026/09/26 14:20:02.003, 22573
2026/09/26 14:20:02.503, 22573
2026/09/26 14:20:03.003, 22573
2026/09/26 14:20:03.503, 22573
2026/09/26 14:20:04.003, 22573
2026/09/26 14:20:04.503, 22573
2026/09/26 14:20:05.004, 22573
2026/09/26 14:20:05.504, 22573
2026/09/26 14:20:06.004, 22573
2026/09/26 14:20:06.504, 22573
2026/09/26 14:20:07.004, 22573
2026/09/26 14:20:07.504, 22573
2026/09/26 14:20:08.004, 22573
2026/09/26 14:20:08.505, 22573
2026/09/26 14:20:09.005, 22573
2026/09/26 14:20:09.505, 22573
2026/09/26 14:20:10.005, 22573
2026/09/26 14:20:10.505, 22573
2026/09/26 14:20:11.005, 22573
2026/09/26 14:20:11.505, 22573
2026/09/26 14:20:12.006, 22573
2026/09/26 14:20:12.506, 22573
2026/09/26 14:20:13.006, 22573
2026/09/26 14:20:13.506, 22573
2026/09/26 14:20:14.006, 22573
2026/09/26 14:20:14.506, 22573
2026/09/26 14:20:15.007, 22573
2026/09/26 14:20:15.507, 22573
2026/09/26 14:20:16.007, 22573
2026/09/26 14:20:16.507, 22573
2026/09/26 14:20:17.007, 22573
2026/09/26 14:20:17.507, 22573
2026/09/26 14:20:18.007, 22573
2026/09/26 14:20:18.508, 22573
2026/09/26 14:20:19.008, 22573
2026/09/26 14:20:19.508, 22573
2026/09/26 14:20:20.008, 22573
2026/09/26 14:20:20.508, 22573
2026/09/26 14:20:21.008, 22573
2026/09/26 14:20:21.508, 22573
2026/09/26 14:20:22.009, 22573
2026/09/26 14:20:22.509, 22573
2026/09/26 14:20:23.009, 22573
2026/09/26 14:20:23.509, 22573
2026/09/26 14:20:24.009, 22573
2026/09/26 14:20:24.509, 22573
2026/09/26 14:20:25.009, 22573
2026/09/26 14:20:25.510, 22573
2026/09/26 14:20:26.010, 22573
2026/09/26 14:20:26.510, 22573
2026/09/26 14:20:27.010, 22573
2026/09/26 14:20:27.510, 22573
2026/09/26 14:20:28.010, 22573
2026/09/26 14:20:28.510, 22573
2026/09/26 14:20:29.011, 22573
2026/09/26 14:20:29.511, 22573
2026/09/26 14:20:30.011, 22573
2026/09/26 14:20:30.511, 22573
2026/09/26 14:20:31.011, 22573
2026/09/26 14:20:31.511, 22573
2026/09/26 14:20:32.011, 22573
2026/09/26 14:20:32.512, 22573
2026/09/26 14:20:33.012, 22573
2026/09/26 14:20:33.512, 22573
2026/09/26 14:20:34.012, 22573
2026/09/26 14:20:34.512, 22573
2026/09/26 14:20:35.012, 22573
2026/09/26 14:20:35.512, 22573
2026/09/26 14:20:36.013, 22573
2026/09/26 14:20:36.513, 22573
2026/09/26 14:20:37.013, 22573
2026/09/26 14:20:37.513, 22573
2026/09/26 14:20:38.013, 22573
2026/09/26 14:20:38.513, 22573
2026/09/26 14:20:39.013, 22573
2026/09/26 14:20:39.514, 22573
2026/09/26 14:20:40.014, 22573
2026/09/26 14:20:40.514, 22573
2026/09/26 14:20:41.014, 22573
2026/09/26 14:20:41.514, 22573
2026/09/26 14:20:42.014, 22573
2026/09/26 14:20:42.514, 22573
2026/09/26 14:20:43.015, 22573
2026/09/26 14:20:43.515, 22573
2026/09/26 14:20:44.015, 22573
2026/09/26 14:20:44.515, 22573
2026/09/26 14:20:45.015, 22573
2026/09/26 14:20:45.515, 22573
2026/09/26 14:20:46.015, 22573
2026/09/26 14:20:46.516, 22573
2026/09/26 14:20:47.016, 22573
2026/09/26 14:20:47.516, 22573
2026/09/26 14:20:48.016, 22573
2026/09/26 14:20:48.516, 22573
2026/09/26 14:20:49.016, 22573
2026/09/26 14:20:49.516, 22573
2026/09/26 14:20:50.017, 22573
2026/09/26 14:20:50.517, 22573
2026/09/26 14:20:51.017, 22573
2026/09/26 14:20:51.517, 22573
2026/09/26 14:20:52.017, 22573
2026/09/26 14:20:52.517, 22573
2026/09/26 14:20:53.017, 22573
2026/09/26 14:20:53.517, 22573
2026/09/26 14:20:54.018, 22573
2026/09/26 14:20:54.518, 22573
2026/09/26 14:20:55.018, 22573
2026/09/26 14:20:55.518, 22573
2026/09/26 14:20:56.018, 22573
2026/09/26 14:20:56.518, 22573
2026/09/26 14:20:57.018, 22573
2026/09/26 14:20:57.519, 22573
2026/09/26 14:20:58.019, 22573
2026/09/26 14:20:58.519, 22573
2026/09/26 14:20:59.019, 22573
2026/09/26 14:20:59.519, 22573
2026/09/26 14:21:00.019, 22573
2026/09/26 14:21:00.519, 22573
2026/09/26 14:21:01.020, 22573
2026/09/26 14:21:01.520, 22573
2026/09/26 14:21:02.020, 22573
2026/09/26 14:21:02.520, 22573
2026/09/26 14:21:03.020, 22573
2026/09/26 14:21:03.520, 22573
2026/09/26 14:21:04.021, 22573
2026/09/26 14:21:04.521, 22573
2026/09/26 14:21:05.021, 22573
2026/09/26 14:21:05.521, 22573
2026/09/26 14:21:06.021, 22573
2026/09/26 14:21:06.521, 22573
2026/09/26 14:21:07.021, 22573
2026/09/26 14:21:07.522, 22573
2026/09/26 14:21:08.022, 22573
2026/09/26 14:21:08.522, 22573
2026/09/26 14:21:09.022, 22573
2026/09/26 14:21:09.522, 22573
2026/09/26 14:21:10.022, 22573
2026/09/26 14:21:10.522, 22573
2026/09/26 14:21:11.022, 22573
2026/09/26 14:21:11.523, 22573
2026/09/26 14:21:12.023, 22573
2026/09/26 14:21:12.523, 22573
2026/09/26 14:21:13.023, 22573
2026/09/26 14:21:13.523, 22573
2026/09/26 14:21:14.023, 22573
2026/09/26 14:21:14.523, 22573
2026/09/26 14:21:15.024, 22573
2026/09/26 14:21:15.524, 22573
2026/09/26 14:21:16.024, 22573
2026/09/26 14:21:16.524, 22573
2026/09/26 14:21:17.024, 22573
2026/09/26 14:21:17.524, 22573
2026/09/26 14:21:18.024, 22573
2026/09/26 14:21:18.525, 22573
2026/09/26 14:21:19.025, 22573
2026/09/26 14:21:19.525, 22573
2026/09/26 14:21:20.025, 22573
2026/09/26 14:21:20.525, 22573
2026/09/26 14:21:21.025, 22573
2026/09/26 14:21:21.525, 22573
2026/09/26 14:21:22.026, 22573
2026/09/26 14:21:22.526, 22573
2026/09/26 14:21:23.026, 22573
2026/09/26 14:21:23.526, 22573
2026/09/26 14:21:24.026, 22573
2026/09/26 14:21:24.526, 22573
2026/09/26 14:21:25.026, 22573
2026/09/26 14:21:25.527, 22573
2026/09/26 14:21:26.027, 22573
2026/09/26 14:21:26.527, 22573
2026/09/26 14:21:27.027, 22573
2026/09/26 14:21:27.527, 22573
2026/09/26 14:21:28.027, 22573
2026/09/26 14:21:28.527, 22573
2026/09/26 14:21:29.028, 22573
2026/09/26 14:21:29.528, 22573
2026/09/26 14:21:30.028, 22573
2026/09/26 14:21:30.528, 22573
2026/09/26 14:21:31.028, 22573
2026/09/26 14:21:31.528, 22573
2026/09/26 14:21:32.028, 22573
2026/09/26 14:21:32.528, 22573
2026/09/26 14:21:33.029, 22573
2026/09/26 14:21:33.529, 22573
2026/09/26 14:21:34.029, 22573
2026/09/26 14:21:34.529, 22573
2026/09/26 14:21:35.029, 22573
2026/09/26 14:21:35.529, 22573
2026/09/26 14:21:36.029, 22573
2026/09/26 14:21:36.530, 22573
2026/09/26 14:21:37.030, 22573
2026/09/26 14:21:37.530, 22573
2026/09/26 14:21:38.030, 22573
2026/09/26 14:21:38.530, 22573
2026/09/26 14:21:39.030, 22573
2026/09/26 14:21:39.531, 22573
2026/09/26 14:21:40.031, 22573
2026/09/26 14:21:40.531, 22573
2026/09/26 14:21:41.031, 22573
2026/09/26 14:21:41.531, 22573
2026/09/26 14:21:42.031, 22573
2026/09/26 14:21:42.531, 22573
2026/09/26 14:21:43.031, 22573
2026/09/26 14:21:43.532, 22573
2026/09/26 14:21:44.032, 22573
2026/09/26 14:21:44.532, 22573
2026/09/26 14:21:45.032, 22573
2026/09/26 14:21:45.532, 22573
2026/09/26 14:21:46.032, 22573
2026/09/26 14:21:46.532, 22573
2026/09/26 14:21:47.032, 22573
2026/09/26 14:21:47.533, 22573
2026/09/26 14:21:48.033, 22573
2026/09/26 14:21:48.533, 22573
2026/09/26 14:21:49.033, 22573
2026/09/26 14:21:49.533, 22573
2026/09/26 14:21:50.033, 22573
2026/09/26 14:21:50.533, 22573
2026/09/26 14:21:51.033, 22573
2026/09/26 14:21:51.534, 22573
2026/09/26 14:21:52.034, 22573
2026/09/26 14:21:52.534, 22573
2026/09/26 14:21:53.034, 22573
2026/09/26 14:21:53.534, 22573
2026/09/26 14:21:54.034, 22573
2026/09/26 14:21:54.534, 22573
2026/09/26 14:21:55.034, 22573
2026/09/26 14:21:55.535, 22573
2026/09/26 14:21:56.035, 22573
2026/09/26 14:21:56.535, 22573
2026/09/26 14:21:57.035, 22573
2026/09/26 14:21:57.535, 22573
2026/09/26 14:21:58.035, 22573
2026/09/26 14:21:58.535, 22573
2026/09/26 14:21:59.036, 22573
2026/09/26 14:21:59.536, 22573
2026/09/26 14:22:00.036, 22573
2026/09/26 14:22:00.536, 22573
2026/09/26 14:22:01.036, 22573
2026/09/26 14:22:01.536, 22573
2026/09/26 14:22:02.036, 22573
2026/09/26 14:22:02.537, 22573
2026/09/26 14:22:03.037, 22573
2026/09/26 14:22:03.537, 22573
2026/09/26 14:22:04.037, 22573
2026/09/26 14:22:04.537, 22573
2026/09/26 14:22:05.037, 22573
2026/09/26 14:22:05.537, 22573
2026/09/26 14:22:06.038, 22573
2026/09/26 14:22:06.538, 22573
2026/09/26 14:22:07.038, 22573
2026/09/26 14:22:07.538, 22573
2026/09/26 14:22:08.038, 22573
2026/09/26 14:22:08.538, 22573
2026/09/26 14:22:09.039, 22573
2026/09/26 14:22:09.539, 22573
2026/09/26 14:22:10.039, 22573
2026/09/26 14:22:10.539, 22573
2026/09/26 14:22:11.039, 22573
2026/09/26 14:22:11.539, 22573
2026/09/26 14:22:12.039, 22573
2026/09/26 14:22:12.540, 22573
2026/09/26 14:22:13.040, 22573
2026/09/26 14:22:13.540, 22573
2026/09/26 14:22:14.040, 22573
2026/09/26 14:22:14.540, 22573
2026/09/26 14:22:15.040, 22573
2026/09/26 14:22:15.540, 22573
2026/09/26 14:22:16.041, 22573
2026/09/26 14:22:16.541, 22573
2026/09/26 14:22:17.041, 22573
2026/09/26 14:22:17.541, 22573
2026/09/26 14:22:18.041, 22573
2026/09/26 14:22:18.541, 22573
2026/09/26 14:22:19.042, 22573
2026/09/26 14:22:19.542, 22573
2026/09/26 14:22:20.042, 22573
2026/09/26 14:22:20.542, 22573
2026/09/26 14:22:21.042, 22573
2026/09/26 14:22:21.542, 22573
2026/09/26 14:22:22.042, 22573
2026/09/26 14:22:22.543, 22573
2026/09/26 14:22:23.043, 22573
2026/09/26 14:22:23.543, 22573
2026/09/26 14:22:24.043, 22573
2026/09/26 14:22:24.543, 22573
2026/09/26 14:22:25.043, 22573
2026/09/26 14:22:25.544, 22573
2026/09/26 14:22:26.044, 22573
2026/09/26 14:22:26.544, 22573
2026/09/26 14:22:27.044, 22573
2026/09/26 14:22:27.544, 22573
2026/09/26 14:22:28.044, 22573
2026/09/26 14:22:28.545, 22573
2026/09/26 14:22:29.045, 22573
2026/09/26 14:22:29.545, 22573
2026/09/26 14:22:30.045, 22573
2026/09/26 14:22:30.545, 22573
2026/09/26 14:22:31.045, 22573
2026/09/26 14:22:31.545, 22573
2026/09/26 14:22:32.046, 22573
2026/09/26 14:22:32.546, 22573
2026/09/26 14:22:33.046, 22573
2026/09/26 14:22:33.546, 22573
2026/09/26 14:22:34.046, 22573
2026/09/26 14:22:34.546, 22573
2026/09/26 14:22:35.047, 22573
2026/09/26 14:22:35.547, 22573
2026/09/26 14:22:36.047, 22573
2026/09/26 14:22:36.547, 22573
2026/09/26 14:22:37.047, 22573
2026/09/26 14:22:37.547, 22573
2026/09/26 14:22:38.047, 22573
2026/09/26 14:22:38.548, 22573
2026/09/26 14:22:39.048, 22573
2026/09/26 14:22:39.548, 22573
2026/09/26 14:22:40.048, 22573
2026/09/26 14:22:40.548, 22573
2026/09/26 14:22:41.049, 22573
2026/09/26 14:22:41.549, 22573
2026/09/26 14:22:42.049, 22573
2026/09/26 14:22:42.549, 22573
2026/09/26 14:22:43.049, 22573
2026/09/26 14:22:43.549, 22573
2026/09/26 14:22:44.049, 22573
2026/09/26 14:22:44.550, 22573
2026/09/26 14:22:45.050, 22573
2026/09/26 14:22:45.550, 22573
2026/09/26 14:22:46.050, 22573
2026/09/26 14:22:46.550, 22573
2026/09/26 14:22:47.050, 22573
2026/09/26 14:22:47.551, 22573
2026/09/26 14:22:48.051, 22573
2026/09/26 14:22:48.551, 22573
2026/09/26 14:22:49.051, 22573
2026/09/26 14:22:49.551, 22573
2026/09/26 14:22:50.051, 22573
2026/09/26 14:22:50.551, 22573
2026/09/26 14:22:51.052, 22573
2026/09/26 14:22:51.552, 22573
2026/09/26 14:22:52.052, 22573
2026/09/26 14:22:52.552, 22573
2026/09/26 14:22:53.052, 22573
2026/09/26 14:22:53.552, 22573
2026/09/26 14:22:54.052, 22573
2026/09/26 14:22:54.553, 22573
2026/09/26 14:22:55.053, 22573
2026/09/26 14:22:55.553, 22573
2026/09/26 14:22:56.053, 22573
2026/09/26 14:22:56.553, 22573
2026/09/26 14:22:57.053, 22573
2026/09/26 14:22:57.554, 22573
2026/09/26 14:22:58.054, 22573
2026/09/26 14:22:58.554, 22573
2026/09/26 14:22:59.054, 22573
2026/09/26 14:22:59.554, 22573
2026/09/26 14:23:00.054, 22573
2026/09/26 14:23:00.554, 22573
2026/09/26 14:23:01.055, 22573
2026/09/26 14:23:01.555, 22573
2026/09/26 14:23:02.055, 22573
2026/09/26 14:23:02.555, 22573
2026/09/26 14:23:03.055, 22573
2026/09/26 14:23:03.555, 22573
2026/09/26 14:23:04.056, 22573
2026/09/26 14:23:04.556, 22573
2026/09/26 14:23:05.056, 22573
2026/09/26 14:23:05.556, 22573
2026/09/26 14:23:06.056, 22573
2026/09/26 14:23:06.556, 22573
2026/09/26 14:23:07.057, 22573
2026/09/26 14:23:07.557, 22573
2026/09/26 14:23:08.057, 22573
2026/09/26 14:23:08.557, 22573
2026/09/26 14:23:09.057, 22573
2026/09/26 14:23:09.557, 22573
2026/09/26 14:23:10.057, 22573
2026/09/26 14:23:10.558, 22573
2026/09/26 14:23:11.058, 22573
2026/09/26 14:23:11.558, 22573
2026/09/26 14:23:12.058, 22573
2026/09/26 14:23:12.558, 22573
2026/09/26 14:23:13.058, 22573
2026/09/26 14:23:13.559, 22573
2026/09/26 14:23:14.059, 22573
2026/09/26 14:23:14.559, 22573
2026/09/26 14:23:15.059, 22573
2026/09/26 14:23:15.559, 22573
2026/09/26 14:23:16.059, 22573
2026/09/26 14:23:16.559, 22573
2026/09/26 14:23:17.060, 22573
2026/09/26 14:23:17.560, 22573
2026/09/26 14:23:18.060, 22573
2026/09/26 14:23:18.560, 22573
2026/09/26 14:23:19.060, 22573
2026/09/26 14:23:19.560, 22573
2026/09/26 14:23:20.060, 22573
2026/09/26 14:23:20.561, 22573
2026/09/26 14:23:21.061, 22573
2026/09/26 14:23:21.561, 22573
2026/09/26 14:23:22.061, 22573
2026/09/26 14:23:22.561, 22573
2026/09/26 14:23:23.061, 22573
2026/09/26 14:23:23.562, 22573
2026/09/26 14:23:24.062, 22573
2026/09/26 14:23:24.562, 22573
2026/09/26 14:23:25.062, 22573
2026/09/26 14:23:25.562, 22573
2026/09/26 14:23:26.062, 22573
2026/09/26 14:23:26.562, 22573
2026/09/26 14:23:27.063, 22573
2026/09/26 14:23:27.563, 22573
2026/09/26 14:23:28.063, 22573
2026/09/26 14:23:28.563, 22573
2026/09/26 14:23:29.063, 22573
2026/09/26 14:23:29.563, 22573
2026/09/26 14:23:30.064, 22573
2026/09/26 14:23:30.564, 22573
2026/09/26 14:23:31.064, 22573
2026/09/26 14:23:31.564, 22573
2026/09/26 14:23:32.064, 22573
2026/09/26 14:23:32.564, 22573
2026/09/26 14:23:33.064, 22573
2026/09/26 14:23:33.565, 22573
2026/09/26 14:23:34.065, 22573
2026/09/26 14:23:34.565, 22573
2026/09/26 14:23:35.065, 22573
2026/09/26 14:23:35.565, 22573
2026/09/26 14:23:36.065, 22573
2026/09/26 14:23:36.565, 22573
2026/09/26 14:23:37.066, 22573
2026/09/26 14:23:37.566, 22573
2026/09/26 14:23:38.066, 22573
2026/09/26 14:23:38.566, 22573
2026/09/26 14:23:39.066, 22573
2026/09/26 14:23:39.567, 22573
2026/09/26 14:23:40.067, 22573
2026/09/26 14:23:40.567, 22573
2026/09/26 14:23:41.067, 22573
2026/09/26 14:23:41.567, 22573
2026/09/26 14:23:42.067, 22573
2026/09/26 14:23:42.567, 22573
2026/09/26 14:23:43.068, 22573
2026/09/26 14:23:43.568, 22573
2026/09/26 14:23:44.068, 22573
2026/09/26 14:23:44.568, 22573
2026/09/26 14:23:45.068, 22573
2026/09/26 14:23:45.568, 22573
2026/09/26 14:23:46.068, 22573
2026/09/26 14:23:46.569, 22573
2026/09/26 14:23:47.069, 22573
2026/09/26 14:23:47.569, 22573
2026/09/26 14:23:48.069, 22573
2026/09/26 14:23:48.569, 22573
2026/09/26 14:23:49.069, 22573
2026/09/26 14:23:49.569, 22573
2026/09/26 14:23:50.070, 22573
2026/09/26 14:23:50.570, 22573
2026/09/26 14:23:51.070, 22573
2026/09/26 14:23:51.570, 22573
2026/09/26 14:23:52.070, 22573
2026/09/26 14:23:52.570, 22573
2026/09/26 14:23:53.070, 22573
2026/09/26 14:23:53.571, 22573
2026/09/26 14:23:54.071, 22573
2026/09/26 14:23:54.571, 22573
2026/09/26 14:23:55.071, 22573
2026/09/26 14:23:55.571, 22573
2026/09/26 14:23:56.071, 22573
2026/09/26 14:23:56.571, 22573
2026/09/26 14:23:57.071, 22573
2026/09/26 14:23:57.572, 22573
2026/09/26 14:23:58.072, 22573
2026/09/26 14:23:58.572, 22573
2026/09/26 14:23:59.072, 22573
2026/09/26 14:23:59.572, 22573
2026/09/26 14:24:00.073, 22573
2026/09/26 14:24:00.573, 22573
2026/09/26 14:24:01.073, 22573
2026/09/26 14:24:01.573, 22573
2026/09/26 14:24:02.073, 22573
2026/09/26 14:24:02.573, 22573
2026/09/26 14:24:03.073, 22573
2026/09/26 14:24:03.574, 22573
2026/09/26 14:24:04.074, 22573
2026/09/26 14:24:04.574, 22573
2026/09/26 14:24:05.074, 22573
2026/09/26 14:24:05.574, 22573
2026/09/26 14:24:06.074, 22573
2026/09/26 14:24:06.574, 22573
2026/09/26 14:24:07.075, 22573
2026/09/26 14:24:07.575, 22573
2026/09/26 14:24:08.075, 22573
2026/09/26 14:24:08.575, 22573
2026/09/26 14:24:09.075, 22573
2026/09/26 14:24:09.575, 22573
2026/09/26 14:24:10.076, 22573
2026/09/26 14:24:10.576, 22573
2026/09/26 14:24:11.076, 22573
2026/09/26 14:24:11.576, 22573
2026/09/26 14:24:12.076, 22573
2026/09/26 14:24:12.577, 22573
2026/09/26 14:24:13.077, 22573
2026/09/26 14:24:13.577, 22573
2026/09/26 14:24:14.077, 22573
2026/09/26 14:24:14.577, 22573
2026/09/26 14:24:15.077, 22573
2026/09/26 14:24:15.577, 22573
2026/09/26 14:24:16.078, 22573
2026/09/26 14:24:16.578, 22573
2026/09/26 14:24:17.078, 22573
2026/09/26 14:24:17.578, 22573
2026/09/26 14:24:18.078, 22573
2026/09/26 14:24:18.578, 22573
2026/09/26 14:24:19.078, 22573
2026/09/26 14:24:19.579, 22573
2026/09/26 14:24:20.079, 22573
2026/09/26 14:24:20.579, 22573
2026/09/26 14:24:21.079, 22573
2026/09/26 14:24:21.579, 22573
2026/09/26 14:24:22.079, 22573
2026/09/26 14:24:22.580, 22573
2026/09/26 14:24:23.080, 22573
2026/09/26 14:24:23.580, 22573
2026/09/26 14:24:24.080, 22573
2026/09/26 14:24:24.580, 22573
2026/09/26 14:24:25.080, 22573
2026/09/26 14:24:25.580, 22573
2026/09/26 14:24:26.081, 22573
2026/09/26 14:24:26.581, 22573
2026/09/26 14:24:27.081, 22573
2026/09/26 14:24:27.581, 22573
2026/09/26 14:24:28.081, 22573
2026/09/26 14:24:28.581, 22573
2026/09/26 14:24:29.081, 22573
2026/09/26 14:24:29.582, 22573
2026/09/26 14:24:30.082, 22573
2026/09/26 14:24:30.582, 22573
2026/09/26 14:24:31.082, 22573
2026/09/26 14:24:31.582, 22573
2026/09/26 14:24:32.082, 22573
2026/09/26 14:24:32.582, 22573
2026/09/26 14:24:33.082, 22573
2026/09/26 14:24:33.583, 22573
2026/09/26 14:24:34.083, 22573
2026/09/26 14:24:34.583, 22573
2026/09/26 14:24:35.083, 22573
2026/09/26 14:24:35.583, 22573
2026/09/26 14:24:36.084, 22573
2026/09/26 14:24:36.584, 22573
2026/09/26 14:24:37.084, 22573
2026/09/26 14:24:37.584, 22573
2026/09/26 14:24:38.084, 22573
2026/09/26 14:24:38.584, 22573
2026/09/26 14:24:39.084, 22573
2026/09/26 14:24:39.585, 22573
2026/09/26 14:24:40.085, 22573
2026/09/26 14:24:40.585, 22573
2026/09/26 14:24:41.085, 22573
2026/09/26 14:24:41.585, 22573
2026/09/26 14:24:42.085, 22573
2026/09/26 14:24:42.586, 22573
2026/09/26 14:24:43.086, 22573
2026/09/26 14:24:43.586, 22573
2026/09/26 14:24:44.086, 22573
2026/09/26 14:24:44.586, 22573
2026/09/26 14:24:45.086, 22573
2026/09/26 14:24:45.586, 22573
2026/09/26 14:24:46.087, 22573
2026/09/26 14:24:46.587, 22573
2026/09/26 14:24:47.087, 22573
2026/09/26 14:24:47.587, 22573
2026/09/26 14:24:48.087, 22573
2026/09/26 14:24:48.587, 22573
2026/09/26 14:24:49.088, 22573
2026/09/26 14:24:49.588, 22573
2026/09/26 14:24:50.088, 22573
2026/09/26 14:24:50.588, 22573
2026/09/26 14:24:51.088, 22573
2026/09/26 14:24:51.588, 22573
2026/09/26 14:24:52.089, 22573
2026/09/26 14:24:52.589, 22573
2026/09/26 14:24:53.089, 22573
2026/09/26 14:24:53.589, 22573
2026/09/26 14:24:54.089, 22573
2026/09/26 14:24:54.589, 22573
2026/09/26 14:24:55.089, 22573
2026/09/26 14:24:55.590, 22573
2026/09/26 14:24:56.090, 22573
2026/09/26 14:24:56.590, 22573
2026/09/26 14:24:57.090, 22573
2026/09/26 14:24:57.590, 22573
2026/09/26 14:24:58.090, 22573
2026/09/26 14:24:58.590, 22573
2026/09/26 14:24:59.091, 22573
2026/09/26 14:24:59.591, 22573
2026/09/26 14:25:00.091, 22573
2026/09/26 14:25:00.591, 22573
2026/09/26 14:25:01.091, 22573
2026/09/26 14:25:01.591, 22573
2026/09/26 14:25:02.091, 22573
2026/09/26 14:25:02.592, 22573
2026/09/26 14:25:03.092, 22573
2026/09/26 14:25:03.592, 22573
2026/09/26 14:25:04.092, 22573
2026/09/26 14:25:04.592, 22573
2026/09/26 14:25:05.092, 22573
2026/09/26 14:25:05.593, 22573
2026/09/26 14:25:06.093, 22573
2026/09/26 14:25:06.593, 22573
2026/09/26 14:25:07.093, 22573
2026/09/26 14:25:07.593, 22573
2026/09/26 14:25:08.093, 22573
2026/09/26 14:25:08.594, 22573
2026/09/26 14:25:09.094, 22573
2026/09/26 14:25:09.594, 22573
2026/09/26 14:25:10.094, 22573
2026/09/26 14:25:10.594, 22573
2026/09/26 14:25:11.094, 22573
2026/09/26 14:25:11.594, 22573
2026/09/26 14:25:12.095, 22573
2026/09/26 14:25:12.595, 22573
2026/09/26 14:25:13.095, 22573
2026/09/26 14:25:13.595, 22573
2026/09/26 14:25:14.095, 22573
2026/09/26 14:25:14.595, 22573
2026/09/26 14:25:15.096, 22573
2026/09/26 14:25:15.596, 22573
2026/09/26 14:25:16.096, 22573
2026/09/26 14:25:16.596, 22573
2026/09/26 14:25:17.096, 22573
2026/09/26 14:25:17.596, 22573
2026/09/26 14:25:18.097, 22573
2026/09/26 14:25:18.597, 22573
2026/09/26 14:25:19.097, 22573
2026/09/26 14:25:19.597, 22573
2026/09/26 14:25:20.097, 22573
2026/09/26 14:25:20.597, 22573
2026/09/26 14:25:21.097, 22573
2026/09/26 14:25:21.598, 22573
2026/09/26 14:25:22.098, 22573
2026/09/26 14:25:22.598, 22573
2026/09/26 14:25:23.098, 22573
2026/09/26 14:25:23.598, 22573
2026/09/26 14:25:24.098, 22573
2026/09/26 14:25:24.598, 22573
2026/09/26 14:25:25.099, 22573
2026/09/26 14:25:25.599, 22573
2026/09/26 14:25:26.099, 22573
2026/09/26 14:25:26.599, 22573
2026/09/26 14:25:27.099, 22573
2026/09/26 14:25:27.599, 22573
2026/09/26 14:25:28.100, 22573
2026/09/26 14:25:28.600, 22573
2026/09/26 14:25:29.100, 22573
2026/09/26 14:25:29.600, 22573
2026/09/26 14:25:30.100, 22573
2026/09/26 14:25:30.600, 22573
2026/09/26 14:25:31.100, 22573
2026/09/26 14:25:31.601, 22573
2026/09/26 14:25:32.101, 22573
2026/09/26 14:25:32.601, 22573
2026/09/26 14:25:33.101, 22573
2026/09/26 14:25:33.601, 22573
2026/09/26 14:25:34.101, 22573
2026/09/26 14:25:34.601, 22573
2026/09/26 14:25:35.102, 22573
2026/09/26 14:25:35.602, 22573
2026/09/26 14:25:36.102, 22573
2026/09/26 14:25:36.602, 22573
2026/09/26 14:25:37.102, 22573
2026/09/26 14:25:37.602, 22573
2026/09/26 14:25:38.103, 22573
2026/09/26 14:25:38.603, 22573
2026/09/26 14:25:39.103, 22573
2026/09/26 14:25:39.603, 22573
2026/09/26 14:25:40.103, 22573
2026/09/26 14:25:40.603, 22573
2026/09/26 14:25:41.103, 22573
2026/09/26 14:25:41.604, 22573
2026/09/26 14:25:42.104, 22573
2026/09/26 14:25:42.604, 22573
2026/09/26 14:25:43.105, 22573
2026/09/26 14:25:43.605, 22573
2026/09/26 14:25:44.105, 22573
2026/09/26 14:25:44.605, 22573
2026/09/26 14:25:45.105, 22573
2026/09/26 14:25:45.605, 22573
2026/09/26 14:25:46.106, 22573
2026/09/26 14:25:46.606, 22573
2026/09/26 14:25:47.106, 22573
2026/09/26 14:25:47.606, 22573
2026/09/26 14:25:48.106, 22573
2026/09/26 14:25:48.606, 22573
2026/09/26 14:25:49.106, 22573
2026/09/26 14:25:49.607, 22573
2026/09/26 14:25:50.107, 22573
2026/09/26 14:25:50.607, 22573
2026/09/26 14:25:51.107, 22573
2026/09/26 14:25:51.607, 22573
2026/09/26 14:25:52.107, 22573
2026/09/26 14:25:52.608, 22573
2026/09/26 14:25:53.108, 22573
2026/09/26 14:25:53.608, 22573
2026/09/26 14:25:54.108, 22573
2026/09/26 14:25:54.608, 22573
2026/09/26 14:25:55.108, 22573
2026/09/26 14:25:55.609, 22573
2026/09/26 14:25:56.109, 22573
2026/09/26 14:25:56.609, 22573
2026/09/26 14:25:57.109, 22573
2026/09/26 14:25:57.609, 22573
2026/09/26 14:25:58.109, 22573
2026/09/26 14:25:58.610, 22573
2026/09/26 14:25:59.110, 22573
2026/09/26 14:25:59.610, 22573
2026/09/26 14:26:00.110, 22573
2026/09/26 14:26:00.610, 22573
2026/09/26 14:26:01.110, 22573
2026/09/26 14:26:01.611, 22573
2026/09/26 14:26:02.111, 22573
2026/09/26 14:26:02.611, 22573
2026/09/26 14:26:03.111, 22573
2026/09/26 14:26:03.611, 22573
2026/09/26 14:26:04.111, 22573
2026/09/26 14:26:04.612, 22573
2026/09/26 14:26:05.112, 22573
2026/09/26 14:26:05.612, 22573
2026/09/26 14:26:06.112, 22573
2026/09/26 14:26:06.612, 22573
2026/09/26 14:26:07.112, 22573
2026/09/26 14:26:07.613, 22573
2026/09/26 14:26:08.113, 22573
2026/09/26 14:26:08.613, 22573
2026/09/26 14:26:09.113, 22573
2026/09/26 14:26:09.613, 22573
2026/09/26 14:26:10.113, 22573
2026/09/26 14:26:10.614, 22573
2026/09/26 14:26:11.114, 22573
2026/09/26 14:26:11.614, 22573
2026/09/26 14:26:12.114, 22573
2026/09/26 14:26:12.614, 22573
2026/09/26 14:26:13.115, 22573
2026/09/26 14:26:13.615, 22573
2026/09/26 14:26:14.115, 22573
2026/09/26 14:26:14.615, 22573
2026/09/26 14:26:15.115, 22573
2026/09/26 14:26:15.615, 22573
2026/09/26 14:26:16.116, 22573
2026/09/26 14:26:16.616, 22573
2026/09/26 14:26:17.116, 22573
2026/09/26 14:26:17.616, 22573
2026/09/26 14:26:18.116, 22573
2026/09/26 14:26:18.616, 22573
2026/09/26 14:26:19.116, 22573
2026/09/26 14:26:19.617, 22573
2026/09/26 14:26:20.117, 22573
2026/09/26 14:26:20.617, 22573
2026/09/26 14:26:21.117, 22573
2026/09/26 14:26:21.617, 22573
2026/09/26 14:26:22.117, 22573
2026/09/26 14:26:22.618, 22573
2026/09/26 14:26:23.118, 22573
2026/09/26 14:26:23.618, 22573
2026/09/26 14:26:24.118, 22573
2026/09/26 14:26:24.618, 22573
2026/09/26 14:26:25.118, 22573
2026/09/26 14:26:25.619, 22573
2026/09/26 14:26:26.119, 22573
2026/09/26 14:26:26.619, 22573
2026/09/26 14:26:27.119, 22573
2026/09/26 14:26:27.619, 22573
2026/09/26 14:26:28.119, 22573
2026/09/26 14:26:28.620, 22573
2026/09/26 14:26:29.120, 22573
2026/09/26 14:26:29.620, 22573
2026/09/26 14:26:30.120, 22573
2026/09/26 14:26:30.620, 22573
2026/09/26 14:26:31.120, 22573
2026/09/26 14:26:31.621, 22573
2026/09/26 14:26:32.121, 22573
2026/09/26 14:26:32.621, 22573
2026/09/26 14:26:33.121, 22573
2026/09/26 14:26:33.621, 22573
2026/09/26 14:26:34.121, 22573
2026/09/26 14:26:34.621, 22573
2026/09/26 14:26:35.122, 22573
2026/09/26 14:26:35.622, 22573
2026/09/26 14:26:36.122, 22573
2026/09/26 14:26:36.622, 22573
2026/09/26 14:26:37.122, 22573
2026/09/26 14:26:37.622, 22573
2026/09/26 14:26:38.122, 22573
2026/09/26 14:26:38.623, 22573
2026/09/26 14:26:39.123, 22573
2026/09/26 14:26:39.623, 22573
2026/09/26 14:26:40.124, 22573
2026/09/26 14:26:40.624, 22573
2026/09/26 14:26:41.124, 22573
2026/09/26 14:26:41.624, 22573
2026/09/26 14:26:42.124, 22573
2026/09/26 14:26:42.625, 22573
2026/09/26 14:26:43.125, 22573
2026/09/26 14:26:43.625, 22573
2026/09/26 14:26:44.126, 22573
2026/09/26 14:26:44.626, 22573
2026/09/26 14:26:45.126, 22573
2026/09/26 14:26:45.626, 22573
2026/09/26 14:26:46.126, 22573
2026/09/26 14:26:46.626, 22573
2026/09/26 14:26:47.127, 22573
2026/09/26 14:26:47.627, 22573
2026/09/26 14:26:48.127, 22573
2026/09/26 14:26:48.627, 22573
2026/09/26 14:26:49.127, 22573
2026/09/26 14:26:49.627, 22573
2026/09/26 14:26:50.127, 22573
2026/09/26 14:26:50.628, 22573
2026/09/26 14:26:51.128, 22573
2026/09/26 14:26:51.628, 22573
2026/09/26 14:26:52.128, 22573
2026/09/26 14:26:52.628, 22573
2026/09/26 14:26:53.128, 22573
2026/09/26 14:26:53.628, 22573
2026/09/26 14:26:54.129, 22573
2026/09/26 14:26:54.629, 22573
2026/09/26 14:26:55.129, 22573
2026/09/26 14:26:55.629, 22573
2026/09/26 14:26:56.129, 22573
2026/09/26 14:26:56.629, 22573
2026/09/26 14:26:57.130, 22573
2026/09/26 14:26:57.630, 22573
2026/09/26 14:26:58.130, 22573
2026/09/26 14:26:58.630, 22573
2026/09/26 14:26:59.130, 22573
2026/09/26 14:26:59.630, 22573
2026/09/26 14:27:00.130, 22573
2026/09/26 14:27:00.631, 22573
2026/09/26 14:27:01.131, 22573
2026/09/26 14:27:01.631, 22573
2026/09/26 14:27:02.131, 22573
2026/09/26 14:27:02.631, 22573
2026/09/26 14:27:03.131, 22573
2026/09/26 14:27:03.632, 22573
2026/09/26 14:27:04.132, 22573
2026/09/26 14:27:04.632, 22573
2026/09/26 14:27:05.132, 22573
2026/09/26 14:27:05.632, 22573
2026/09/26 14:27:06.132, 22573
2026/09/26 14:27:06.632, 22573
2026/09/26 14:27:07.133, 22573
2026/09/26 14:27:07.633, 22573
2026/09/26 14:27:08.133, 22573
2026/09/26 14:27:08.633, 22573
2026/09/26 14:27:09.133, 22573
2026/09/26 14:27:09.633, 22573
2026/09/26 14:27:10.134, 22573
2026/09/26 14:27:10.634, 22573
2026/09/26 14:27:11.134, 22573
2026/09/26 14:27:11.634, 22573
2026/09/26 14:27:12.134, 22573
2026/09/26 14:27:12.634, 22573
2026/09/26 14:27:13.134, 22573
2026/09/26 14:27:13.635, 22573
2026/09/26 14:27:14.135, 22573
2026/09/26 14:27:14.635, 22573
2026/09/26 14:27:15.135, 22573
2026/09/26 14:27:15.635, 22573
2026/09/26 14:27:16.135, 22573
2026/09/26 14:27:16.635, 22573
2026/09/26 14:27:17.136, 22573
2026/09/26 14:27:17.636, 22573
2026/09/26 14:27:18.136, 22573
2026/09/26 14:27:18.636, 22573
2026/09/26 14:27:19.136, 22573
2026/09/26 14:27:19.636, 22573
2026/09/26 14:27:20.137, 22573
2026/09/26 14:27:20.637, 22573
2026/09/26 14:27:21.137, 22573
2026/09/26 14:27:21.637, 22573
2026/09/26 14:27:22.137, 22573
2026/09/26 14:27:22.637, 22573
2026/09/26 14:27:23.138, 22573
2026/09/26 14:27:23.638, 22573
2026/09/26 14:27:24.138, 22573
2026/09/26 14:27:24.638, 22573
2026/09/26 14:27:25.138, 22573
2026/09/26 14:27:25.638, 22573
2026/09/26 14:27:26.139, 22573
2026/09/26 14:27:26.639, 22573
2026/09/26 14:27:27.139, 22573
2026/09/26 14:27:27.639, 22573
2026/09/26 14:27:28.139, 22573
2026/09/26 14:27:28.639, 22573
2026/09/26 14:27:29.140, 22573
2026/09/26 14:27:29.640, 22573
2026/09/26 14:27:30.140, 22573
2026/09/26 14:27:30.640, 22573
2026/09/26 14:27:31.140, 22573
2026/09/26 14:27:31.640, 22573
2026/09/26 14:27:32.141, 22573
2026/09/26 14:27:32.641, 22573
2026/09/26 14:27:33.141, 22573
2026/09/26 14:27:33.641, 22573
2026/09/26 14:27:34.141, 22573
2026/09/26 14:27:34.641, 22573
2026/09/26 14:27:35.144, 22573
2026/09/26 14:27:35.644, 22573
2026/09/26 14:27:36.145, 22573
2026/09/26 14:27:36.645, 22573
2026/09/26 14:27:37.145, 22573
2026/09/26 14:27:37.645, 22573
2026/09/26 14:27:38.145, 22573
2026/09/26 14:27:38.645, 22573
2026/09/26 14:27:39.145, 22573
2026/09/26 14:27:39.646, 22573
2026/09/26 14:27:40.146, 22573
2026/09/26 14:27:40.646, 22573
2026/09/26 14:27:41.146, 22573
2026/09/26 14:27:41.646, 22573
2026/09/26 14:27:42.146, 22573
2026/09/26 14:27:42.646, 22573
2026/09/26 14:27:43.147, 22573
2026/09/26 14:27:43.647, 22573
2026/09/26 14:27:44.147, 22573
2026/09/26 14:27:44.647, 22573
2026/09/26 14:27:45.147, 22573
2026/09/26 14:27:45.647, 22573
2026/09/26 14:27:46.147, 22573
2026/09/26 14:27:46.648, 22573
2026/09/26 14:27:47.148, 22573
2026/09/26 14:27:47.648, 22573
2026/09/26 14:27:48.148, 22573
2026/09/26 14:27:48.648, 22573
2026/09/26 14:27:49.148, 22573
2026/09/26 14:27:49.649, 22573
2026/09/26 14:27:50.149, 22573
2026/09/26 14:27:50.649, 22573
2026/09/26 14:27:51.149, 22573
2026/09/26 14:27:51.649, 22573
2026/09/26 14:27:52.149, 22573
2026/09/26 14:27:52.649, 22573
2026/09/26 14:27:53.150, 22573
2026/09/26 14:27:53.650, 22573
2026/09/26 14:27:54.150, 22573
2026/09/26 14:27:54.650, 22573
2026/09/26 14:27:55.150, 22573
2026/09/26 14:27:55.650, 22573
2026/09/26 14:27:56.151, 22573
2026/09/26 14:27:56.651, 22573
2026/09/26 14:27:57.151, 22573
2026/09/26 14:27:57.651, 22573
2026/09/26 14:27:58.151, 22573
2026/09/26 14:27:58.651, 22573
2026/09/26 14:27:59.151, 22573
2026/09/26 14:27:59.652, 22573
2026/09/26 14:28:00.152, 22573
2026/09/26 14:28:00.652, 22573
2026/09/26 14:28:01.152, 22573
2026/09/26 14:28:01.652, 22573
2026/09/26 14:28:02.152, 22573
2026/09/26 14:28:02.653, 22573
2026/09/26 14:28:03.153, 22573
2026/09/26 14:28:03.653, 22573
2026/09/26 14:28:04.153, 22573
2026/09/26 14:28:04.653, 22573
2026/09/26 14:28:05.153, 22573
2026/09/26 14:28:05.653, 22573
2026/09/26 14:28:06.154, 22573
2026/09/26 14:28:06.654, 22573
2026/09/26 14:28:07.154, 22573
2026/09/26 14:28:07.654, 22573
2026/09/26 14:28:08.154, 22573
2026/09/26 14:28:08.654, 22573
2026/09/26 14:28:09.154, 22573
2026/09/26 14:28:09.655, 22573
2026/09/26 14:28:10.155, 22573
2026/09/26 14:28:10.655, 22573
2026/09/26 14:28:11.155, 22573
2026/09/26 14:28:11.655, 22573
2026/09/26 14:28:12.155, 22573
2026/09/26 14:28:12.655, 22573
2026/09/26 14:28:13.155, 22573
2026/09/26 14:28:13.656, 22573
2026/09/26 14:28:14.156, 22573
2026/09/26 14:28:14.656, 22573
2026/09/26 14:28:15.156, 22573
2026/09/26 14:28:15.656, 22573
2026/09/26 14:28:16.156, 22573
2026/09/26 14:28:16.656, 22573
2026/09/26 14:28:17.157, 22573
2026/09/26 14:28:17.657, 22573
2026/09/26 14:28:18.157, 22573
2026/09/26 14:28:18.657, 22573
2026/09/26 14:28:19.157, 22573
2026/09/26 14:28:19.657, 22573
2026/09/26 14:28:20.157, 22573
2026/09/26 14:28:20.658, 22573
2026/09/26 14:28:21.158, 22573
2026/09/26 14:28:21.658, 22573
2026/09/26 14:28:22.158, 22573
2026/09/26 14:28:22.658, 22573
2026/09/26 14:28:23.158, 22573
2026/09/26 14:28:23.659, 22573
2026/09/26 14:28:24.159, 22573
2026/09/26 14:28:24.659, 22573
2026/09/26 14:28:25.159, 22573
2026/09/26 14:28:25.659, 22573
2026/09/26 14:28:26.159, 22573
2026/09/26 14:28:26.659, 22573
2026/09/26 14:28:27.160, 22573
2026/09/26 14:28:27.660, 22573
2026/09/26 14:28:28.160, 22573
2026/09/26 14:28:28.660, 22573
2026/09/26 14:28:29.160, 22573
2026/09/26 14:28:29.660, 22573
2026/09/26 14:28:30.160, 22573
2026/09/26 14:28:30.661, 22573
2026/09/26 14:28:31.166, 22573
2026/09/26 14:28:31.666, 22573
2026/09/26 14:28:32.166, 22573
2026/09/26 14:28:32.666, 22573
2026/09/26 14:28:33.166, 22573
2026/09/26 14:28:33.666, 22573
2026/09/26 14:28:34.166, 22573
2026/09/26 14:28:34.667, 22573
2026/09/26 14:28:35.167, 22573
2026/09/26 14:28:35.667, 22573
2026/09/26 14:28:36.167, 22573
2026/09/26 14:28:36.667, 22573
2026/09/26 14:28:37.167, 22573
2026/09/26 14:28:37.667, 22573
2026/09/26 14:28:38.168, 22573
2026/09/26 14:28:38.668, 22573
2026/09/26 14:28:39.168, 22573
2026/09/26 14:28:39.668, 22573
2026/09/26 14:28:40.168, 22573
2026/09/26 14:28:40.668, 22573
2026/09/26 14:28:41.168, 22573
2026/09/26 14:28:41.669, 22573
2026/09/26 14:28:42.169, 22573
2026/09/26 14:28:42.669, 22573
2026/09/26 14:28:43.169, 22573
2026/09/26 14:28:43.669, 22573
2026/09/26 14:28:44.169, 22573
2026/09/26 14:28:44.670, 22573
2026/09/26 14:28:45.170, 22573
2026/09/26 14:28:45.670, 22573
2026/09/26 14:28:46.170, 22573
2026/09/26 14:28:46.670, 22573
2026/09/26 14:28:47.170, 22573
2026/09/26 14:28:47.670, 22573
2026/09/26 14:28:48.171, 22573
2026/09/26 14:28:48.671, 22573
2026/09/26 14:28:49.171, 22573
2026/09/26 14:28:49.671, 22573
2026/09/26 14:28:50.171, 22573
2026/09/26 14:28:50.671, 22573
2026/09/26 14:28:51.171, 22573
2026/09/26 14:28:51.672, 22573
2026/09/26 14:28:52.172, 22573
2026/09/26 14:28:52.672, 22573
2026/09/26 14:28:53.172, 22573
2026/09/26 14:28:53.672, 22573
2026/09/26 14:28:54.173, 22573
2026/09/26 14:28:54.673, 22573
2026/09/26 14:28:55.173, 22573
2026/09/26 14:28:55.673, 22573
2026/09/26 14:28:56.173, 22573
2026/09/26 14:28:56.673, 22573
2026/09/26 14:28:57.173, 22573
2026/09/26 14:28:57.674, 22573
2026/09/26 14:28:58.174, 22573
2026/09/26 14:28:58.674, 22573
2026/09/26 14:28:59.174, 22573
2026/09/26 14:28:59.674, 22573
2026/09/26 14:29:00.174, 22573
2026/09/26 14:29:00.674, 22573
2026/09/26 14:29:01.175, 22573
2026/09/26 14:29:01.675, 22573
2026/09/26 14:29:02.175, 22573
2026/09/26 14:29:02.675, 22573
2026/09/26 14:29:03.175, 22573
2026/09/26 14:29:03.675, 22573
2026/09/26 14:29:04.176, 22573
2026/09/26 14:29:04.676, 22573
2026/09/26 14:29:05.176, 22573
2026/09/26 14:29:05.676, 22573
2026/09/26 14:29:06.176, 22573
2026/09/26 14:29:06.676, 22573
2026/09/26 14:29:07.176, 22573
2026/09/26 14:29:07.677, 22573
2026/09/26 14:29:08.177, 22573
2026/09/26 14:29:08.677, 22573
2026/09/26 14:29:09.177, 22573
2026/09/26 14:29:09.677, 22573
2026/09/26 14:29:10.177, 22573
2026/09/26 14:29:10.678, 22573
2026/09/26 14:29:11.178, 22573
2026/09/26 14:29:11.678, 22573
2026/09/26 14:29:12.178, 22573
2026/09/26 14:29:12.678, 22573
2026/09/26 14:29:13.179, 22573
2026/09/26 14:29:13.679, 22573
2026/09/26 14:29:14.179, 22573
2026/09/26 14:29:14.679, 22573
2026/09/26 14:29:15.179, 22573
2026/09/26 14:29:15.679, 22573
2026/09/26 14:29:16.180, 22573
2026/09/26 14:29:16.680, 22573
2026/09/26 14:29:17.180, 22573
2026/09/26 14:29:17.680, 22573
2026/09/26 14:29:18.180, 22573
2026/09/26 14:29:18.681, 22573
2026/09/26 14:29:19.181, 22573
2026/09/26 14:29:19.681, 22573
2026/09/26 14:29:20.181, 22573
2026/09/26 14:29:20.681, 22573
2026/09/26 14:29:21.181, 22573
2026/09/26 14:29:21.681, 22573
2026/09/26 14:29:22.182, 22573
2026/09/26 14:29:22.682, 22573
2026/09/26 14:29:23.182, 22573
2026/09/26 14:29:23.682, 22573
2026/09/26 14:29:24.182, 22573
2026/09/26 14:29:24.682, 22573
2026/09/26 14:29:25.183, 22573
2026/09/26 14:29:25.683, 22573
2026/09/26 14:29:26.183, 22573
2026/09/26 14:29:26.683, 22573
2026/09/26 14:29:27.183, 22573
2026/09/26 14:29:27.683, 22573
2026/09/26 14:29:28.184, 22573
2026/09/26 14:29:28.684, 22573
2026/09/26 14:29:29.184, 22573
2026/09/26 14:29:29.684, 22573
2026/09/26 14:29:30.184, 22573
2026/09/26 14:29:30.684, 22573
2026/09/26 14:29:31.184, 22573
2026/09/26 14:29:31.685, 22573
2026/09/26 14:29:32.185, 22573
2026/09/26 14:29:32.685, 22573
2026/09/26 14:29:33.185, 22573
2026/09/26 14:29:33.685, 22573
2026/09/26 14:29:34.185, 22573
2026/09/26 14:29:34.686, 22573
2026/09/26 14:29:35.186, 22573
2026/09/26 14:29:35.686, 22573
2026/09/26 14:29:36.186, 22573
2026/09/26 14:29:36.686, 22573
2026/09/26 14:29:37.186, 22573
2026/09/26 14:29:37.687, 22573
2026/09/26 14:29:38.187, 22573
2026/09/26 14:29:38.687, 22573
2026/09/26 14:29:39.187, 22573
2026/09/26 14:29:39.687, 22573
2026/09/26 14:29:40.187, 22573
2026/09/26 14:29:40.687, 22573
2026/09/26 14:29:41.188, 22573
2026/09/26 14:29:41.688, 22573
2026/09/26 14:29:42.188, 22573
2026/09/26 14:29:42.688, 22573
2026/09/26 14:29:43.188, 22573
2026/09/26 14:29:43.689, 22573
2026/09/26 14:29:44.189, 22573
2026/09/26 14:29:44.689, 22573
2026/09/26 14:29:45.189, 22573
2026/09/26 14:29:45.689, 22573
2026/09/26 14:29:46.189, 22573
2026/09/26 14:29:46.689, 22573
2026/09/26 14:29:47.190, 22573
2026/09/26 14:29:47.690, 22573
2026/09/26 14:29:48.190, 22573
2026/09/26 14:29:48.690, 22573
2026/09/26 14:29:49.190, 22573
2026/09/26 14:29:49.690, 22573
2026/09/26 14:29:50.190, 22573
2026/09/26 14:29:50.691, 22573
2026/09/26 14:29:51.191, 22573
2026/09/26 14:29:51.691, 22573
2026/09/26 14:29:52.191, 22573
2026/09/26 14:29:52.691, 22573
2026/09/26 14:29:53.191, 22573
2026/09/26 14:29:53.692, 22573
2026/09/26 14:29:54.192, 22573
2026/09/26 14:29:54.692, 22573
2026/09/26 14:29:55.192, 22573
2026/09/26 14:29:55.692, 22573
2026/09/26 14:29:56.192, 22573
2026/09/26 14:29:56.692, 22573
2026/09/26 14:29:57.193, 22573
2026/09/26 14:29:57.693, 22573
2026/09/26 14:29:58.193, 22573
2026/09/26 14:29:58.693, 22573
2026/09/26 14:29:59.193, 22573
2026/09/26 14:29:59.693, 22573
2026/09/26 14:30:00.193, 22573
2026/09/26 14:30:00.694, 22573
2026/09/26 14:30:01.194, 22573
2026/09/26 14:30:01.694, 22573
2026/09/26 14:30:02.194, 22573
2026/09/26 14:30:02.694, 22573
2026/09/26 14:30:03.194, 22573
2026/09/26 14:30:03.695, 22573
2026/09/26 14:30:04.195, 22573
2026/09/26 14:30:04.695, 22573
2026/09/26 14:30:05.195, 22573
2026/09/26 14:30:05.695, 22573
2026/09/26 14:30:06.195, 22573
2026/09/26 14:30:06.695, 22573
2026/09/26 14:30:07.196, 22573
2026/09/26 14:30:07.696, 22573
2026/09/26 14:30:08.196, 22573
2026/09/26 14:30:08.696, 22573
2026/09/26 14:30:09.196, 22573
2026/09/26 14:30:09.696, 22573
2026/09/26 14:30:10.196, 22573
2026/09/26 14:30:10.696, 22573
2026/09/26 14:30:11.197, 22573
2026/09/26 14:30:11.697, 22573
2026/09/26 14:30:12.197, 22573
2026/09/26 14:30:12.697, 22573
2026/09/26 14:30:13.197, 22573
2026/09/26 14:30:13.697, 22573
2026/09/26 14:30:14.198, 22573
2026/09/26 14:30:14.698, 22573
2026/09/26 14:30:15.198, 22573
2026/09/26 14:30:15.698, 22573
2026/09/26 14:30:16.198, 22573
2026/09/26 14:30:16.698, 22573
2026/09/26 14:30:17.198, 22573
2026/09/26 14:30:17.699, 22573
2026/09/26 14:30:18.199, 22573
2026/09/26 14:30:18.699, 22573
2026/09/26 14:30:19.199, 22573
2026/09/26 14:30:19.699, 22573
2026/09/26 14:30:20.199, 22573
2026/09/26 14:30:20.699, 22573
2026/09/26 14:30:21.200, 22573
2026/09/26 14:30:21.700, 22573
2026/09/26 14:30:22.200, 22573
2026/09/26 14:30:22.700, 22573
2026/09/26 14:30:23.200, 22573
2026/09/26 14:30:23.701, 22573
2026/09/26 14:30:24.201, 22573
2026/09/26 14:30:24.701, 22573
2026/09/26 14:30:25.201, 22573
2026/09/26 14:30:25.701, 22573
2026/09/26 14:30:26.201, 22573
2026/09/26 14:30:26.702, 22573
2026/09/26 14:30:27.202, 22573
2026/09/26 14:30:27.702, 22573
2026/09/26 14:30:28.202, 22573
2026/09/26 14:30:28.702, 22573
2026/09/26 14:30:29.202, 22573
2026/09/26 14:30:29.702, 22573
2026/09/26 14:30:30.203, 22573
2026/09/26 14:30:30.703, 22573
2026/09/26 14:30:31.203, 22573
2026/09/26 14:30:31.703, 22573
2026/09/26 14:30:32.203, 22573
2026/09/26 14:30:32.703, 22573
2026/09/26 14:30:33.203, 22573
2026/09/26 14:30:33.703, 22573
2026/09/26 14:30:34.204, 22573
2026/09/26 14:30:34.704, 22573
2026/09/26 14:30:35.204, 22573
2026/09/26 14:30:35.704, 22573
2026/09/26 14:30:36.204, 22573
2026/09/26 14:30:36.704, 22573
2026/09/26 14:30:37.205, 22573
2026/09/26 14:30:37.705, 22573
2026/09/26 14:30:38.205, 22573
2026/09/26 14:30:38.705, 22573
2026/09/26 14:30:39.205, 22573
2026/09/26 14:30:39.705, 22573
2026/09/26 14:30:40.205, 22573
2026/09/26 14:30:40.706, 22573
2026/09/26 14:30:41.206, 22573
2026/09/26 14:30:41.706, 22573
2026/09/26 14:30:42.207, 22573
2026/09/26 14:30:42.707, 22573
2026/09/26 14:30:43.207, 22573
2026/09/26 14:30:43.707, 22573
2026/09/26 14:30:44.207, 22573
2026/09/26 14:30:44.707, 22573
2026/09/26 14:30:45.208, 22573
2026/09/26 14:30:45.708, 22573
2026/09/26 14:30:46.208, 22573
2026/09/26 14:30:46.708, 22573
2026/09/26 14:30:47.208, 22573
2026/09/26 14:30:47.708, 22573
2026/09/26 14:30:48.208, 22573
2026/09/26 14:30:48.709, 22573
2026/09/26 14:30:49.209, 22573
2026/09/26 14:30:49.709, 22573
2026/09/26 14:30:50.209, 22573
2026/09/26 14:30:50.709, 22573
2026/09/26 14:30:51.209, 22573
2026/09/26 14:30:51.710, 22573
2026/09/26 14:30:52.210, 22573
2026/09/26 14:30:52.710, 22573
2026/09/26 14:30:53.210, 22573
2026/09/26 14:30:53.710, 22573
2026/09/26 14:30:54.210, 22573
2026/09/26 14:30:54.711, 22573
2026/09/26 14:30:55.211, 22573
2026/09/26 14:30:55.711, 22573
2026/09/26 14:30:56.211, 22573
2026/09/26 14:30:56.711, 22573
2026/09/26 14:30:57.211, 22573
2026/09/26 14:30:57.711, 22573
2026/09/26 14:30:58.212, 22573
2026/09/26 14:30:58.712, 22573
2026/09/26 14:30:59.212, 22573
2026/09/26 14:30:59.712, 22573
2026/09/26 14:31:00.212, 22573
2026/09/26 14:31:00.713, 22573
2026/09/26 14:31:01.213, 22573
2026/09/26 14:31:01.713, 22573
2026/09/26 14:31:02.213, 22573
2026/09/26 14:31:02.713, 22573
2026/09/26 14:31:03.213, 22573
2026/09/26 14:31:03.713, 22573
2026/09/26 14:31:04.214, 22573
2026/09/26 14:31:04.714, 22573
2026/09/26 14:31:05.214, 22573
2026/09/26 14:31:05.714, 22573
2026/09/26 14:31:06.214, 22573
2026/09/26 14:31:06.714, 22573
2026/09/26 14:31:07.215, 22573
2026/09/26 14:31:07.715, 22573
2026/09/26 14:31:08.215, 22573
2026/09/26 14:31:08.715, 22573
2026/09/26 14:31:09.215, 22573
2026/09/26 14:31:09.715, 22573
2026/09/26 14:31:10.215, 22573
2026/09/26 14:31:10.716, 22573
2026/09/26 14:31:11.216, 22573
2026/09/26 14:31:11.716, 22573
2026/09/26 14:31:12.216, 22573
2026/09/26 14:31:12.716, 22573
2026/09/26 14:31:13.216, 22573
2026/09/26 14:31:13.717, 22573
2026/09/26 14:31:14.217, 22573
2026/09/26 14:31:14.717, 22573
2026/09/26 14:31:15.217, 22573
2026/09/26 14:31:15.717, 22573
2026/09/26 14:31:16.217, 22573
2026/09/26 14:31:16.718, 22573
2026/09/26 14:31:17.218, 22573
2026/09/26 14:31:17.718, 22573
2026/09/26 14:31:18.218, 22573
2026/09/26 14:31:18.718, 22573
2026/09/26 14:31:19.218, 22573
2026/09/26 14:31:19.718, 22573
2026/09/26 14:31:20.219, 22573
2026/09/26 14:31:20.719, 22573
2026/09/26 14:31:21.219, 22573
2026/09/26 14:31:21.719, 22573
2026/09/26 14:31:22.219, 22573
2026/09/26 14:31:22.719, 22573
2026/09/26 14:31:23.220, 22573
2026/09/26 14:31:23.720, 22573
2026/09/26 14:31:24.220, 22573
2026/09/26 14:31:24.720, 22573
2026/09/26 14:31:25.220, 22573
2026/09/26 14:31:25.720, 22573
2026/09/26 14:31:26.221, 22573
2026/09/26 14:31:26.721, 22573
2026/09/26 14:31:27.221, 22573
2026/09/26 14:31:27.721, 22573
2026/09/26 14:31:28.221, 22573
2026/09/26 14:31:28.721, 22573
2026/09/26 14:31:29.222, 22573
2026/09/26 14:31:29.722, 22573
2026/09/26 14:31:30.222, 22573
2026/09/26 14:31:30.722, 22573
2026/09/26 14:31:31.223, 22573
2026/09/26 14:31:31.723, 22573
2026/09/26 14:31:32.223, 22573
2026/09/26 14:31:32.723, 22573
2026/09/26 14:31:33.223, 22573
2026/09/26 14:31:33.723, 22573
2026/09/26 14:31:34.224, 22573
2026/09/26 14:31:34.724, 22573
2026/09/26 14:31:35.224, 22573
2026/09/26 14:31:35.724, 22573
2026/09/26 14:31:36.224, 22573
2026/09/26 14:31:36.724, 22573
2026/09/26 14:31:37.225, 22573
2026/09/26 14:31:37.725, 22573
2026/09/26 14:31:38.225, 22573
2026/09/26 14:31:38.725, 22573
2026/09/26 14:31:39.225, 22573
2026/09/26 14:31:39.725, 22573
2026/09/26 14:31:40.226, 22573
2026/09/26 14:31:40.726, 22573
2026/09/26 14:31:41.226, 22573
2026/09/26 14:31:41.726, 22573
2026/09/26 14:31:42.226, 22573
2026/09/26 14:31:42.726, 22573
2026/09/26 14:31:43.227, 22573
2026/09/26 14:31:43.727, 22573
2026/09/26 14:31:44.227, 22573
2026/09/26 14:31:44.727, 22573
2026/09/26 14:31:45.227, 22573
2026/09/26 14:31:45.727, 22573
2026/09/26 14:31:46.228, 22573
2026/09/26 14:31:46.728, 22573
2026/09/26 14:31:47.228, 22573
2026/09/26 14:31:47.728, 22573
2026/09/26 14:31:48.228, 22573
2026/09/26 14:31:48.728, 22573
2026/09/26 14:31:49.229, 22573
2026/09/26 14:31:49.729, 22573
2026/09/26 14:31:50.229, 22573
2026/09/26 14:31:50.729, 22573
2026/09/26 14:31:51.229, 22573
2026/09/26 14:31:51.729, 22573
2026/09/26 14:31:52.230, 22573
2026/09/26 14:31:52.730, 22573
2026/09/26 14:31:53.230, 22573
2026/09/26 14:31:53.730, 22573
2026/09/26 14:31:54.230, 22573
2026/09/26 14:31:54.730, 22573
2026/09/26 14:31:55.230, 22573
2026/09/26 14:31:55.731, 22573
2026/09/26 14:31:56.231, 22573
2026/09/26 14:31:56.731, 22573
2026/09/26 14:31:57.231, 22573
2026/09/26 14:31:57.731, 22573
2026/09/26 14:31:58.231, 22573
2026/09/26 14:31:58.732, 22573
2026/09/26 14:31:59.232, 22573
2026/09/26 14:31:59.732, 22573
2026/09/26 14:32:00.232, 22573
2026/09/26 14:32:00.732, 22573
2026/09/26 14:32:01.232, 22573
2026/09/26 14:32:01.733, 22573
2026/09/26 14:32:02.233, 22573
2026/09/26 14:32:02.733, 22573
2026/09/26 14:32:03.233, 22573
2026/09/26 14:32:03.733, 22573
2026/09/26 14:32:04.233, 22573
2026/09/26 14:32:04.733, 22573
2026/09/26 14:32:05.234, 22573
2026/09/26 14:32:05.734, 22573
2026/09/26 14:32:06.234, 22573
2026/09/26 14:32:06.734, 22573
2026/09/26 14:32:07.234, 22573
2026/09/26 14:32:07.734, 22573
2026/09/26 14:32:08.235, 22573
2026/09/26 14:32:08.735, 22573
2026/09/26 14:32:09.235, 22573
2026/09/26 14:32:09.735, 22573
2026/09/26 14:32:10.235, 22573
2026/09/26 14:32:10.735, 22573
2026/09/26 14:32:11.235, 22573
2026/09/26 14:32:11.736, 22573
2026/09/26 14:32:12.236, 22573
2026/09/26 14:32:12.736, 22573
2026/09/26 14:32:13.236, 22573
2026/09/26 14:32:13.736, 22573
2026/09/26 14:32:14.236, 22573
2026/09/26 14:32:14.737, 22573
2026/09/26 14:32:15.237, 22573
2026/09/26 14:32:15.737, 22573
2026/09/26 14:32:16.237, 22573
2026/09/26 14:32:16.737, 22573
2026/09/26 14:32:17.237, 22573
2026/09/26 14:32:17.737, 22573
2026/09/26 14:32:18.238, 22573
2026/09/26 14:32:18.738, 22573
2026/09/26 14:32:19.238, 22573
2026/09/26 14:32:19.738, 22573
2026/09/26 14:32:20.238, 22573
2026/09/26 14:32:20.738, 22573
2026/09/26 14:32:21.238, 22573
2026/09/26 14:32:21.739, 22573
2026/09/26 14:32:22.239, 22573
2026/09/26 14:32:22.739, 22573
2026/09/26 14:32:23.239, 22573
2026/09/26 14:32:23.739, 22573
2026/09/26 14:32:24.239, 22573
2026/09/26 14:32:24.740, 22573
2026/09/26 14:32:25.240, 22573
2026/09/26 14:32:25.740, 22573
2026/09/26 14:32:26.240, 22573
2026/09/26 14:32:26.740, 22573
2026/09/26 14:32:27.240, 22573
2026/09/26 14:32:27.740, 22573
2026/09/26 14:32:28.241, 22573
2026/09/26 14:32:28.741, 22573
2026/09/26 14:32:29.241, 22573
2026/09/26 14:32:29.741, 22573
2026/09/26 14:32:30.241, 22573
2026/09/26 14:32:30.741, 22573
2026/09/26 14:32:31.242, 22573
2026/09/26 14:32:31.742, 22573
2026/09/26 14:32:32.242, 22573
2026/09/26 14:32:32.742, 22573
2026/09/26 14:32:33.242, 22573
2026/09/26 14:32:33.742, 22573
2026/09/26 14:32:34.243, 22573
2026/09/26 14:32:34.743, 22573
2026/09/26 14:32:35.243, 22573
2026/09/26 14:32:35.743, 22573
2026/09/26 14:32:36.243, 22573
2026/09/26 14:32:36.743, 22573
2026/09/26 14:32:37.244, 22573
2026/09/26 14:32:37.744, 22573
2026/09/26 14:32:38.244, 22573
2026/09/26 14:32:38.744, 22573
2026/09/26 14:32:39.244, 22573
2026/09/26 14:32:39.744, 22573
2026/09/26 14:32:40.244, 22573
2026/09/26 14:32:40.745, 22573
2026/09/26 14:32:41.245, 22573
2026/09/26 14:32:41.745, 22573
2026/09/26 14:32:42.245, 22573
2026/09/26 14:32:42.745, 22573
2026/09/26 14:32:43.245, 22573
2026/09/26 14:32:43.746, 22573
2026/09/26 14:32:44.246, 22573
2026/09/26 14:32:44.746, 22573
2026/09/26 14:32:45.246, 22573
2026/09/26 14:32:45.746, 22573
2026/09/26 14:32:46.246, 22573
2026/09/26 14:32:46.747, 22573
2026/09/26 14:32:47.247, 22573
2026/09/26 14:32:47.747, 22573
2026/09/26 14:32:48.247, 22573
2026/09/26 14:32:48.747, 22573
2026/09/26 14:32:49.247, 22573
2026/09/26 14:32:49.747, 22573
2026/09/26 14:32:50.248, 22573
2026/09/26 14:32:50.748, 22573
2026/09/26 14:32:51.248, 22573
2026/09/26 14:32:51.748, 22573
2026/09/26 14:32:52.248, 22573
2026/09/26 14:32:52.748, 22573
2026/09/26 14:32:53.249, 22573
2026/09/26 14:32:53.749, 22573
2026/09/26 14:32:54.249, 22573
2026/09/26 14:32:54.749, 22573
2026/09/26 14:32:55.249, 22573
2026/09/26 14:32:55.749, 22573
2026/09/26 14:32:56.250, 22573
2026/09/26 14:32:56.750, 22573
2026/09/26 14:32:57.250, 22573
2026/09/26 14:32:57.750, 22573
2026/09/26 14:32:58.250, 22573
2026/09/26 14:32:58.750, 22573
2026/09/26 14:32:59.251, 22573
2026/09/26 14:32:59.751, 22573
2026/09/26 14:33:00.251, 22573
2026/09/26 14:33:00.751, 22573
2026/09/26 14:33:01.251, 22573
2026/09/26 14:33:01.751, 22573
2026/09/26 14:33:02.252, 22573
2026/09/26 14:33:02.752, 22573
2026/09/26 14:33:03.252, 22573
2026/09/26 14:33:03.752, 22573
2026/09/26 14:33:04.252, 22573
2026/09/26 14:33:04.752, 22573
2026/09/26 14:33:05.253, 22573
2026/09/26 14:33:05.753, 22573
2026/09/26 14:33:06.253, 22573
2026/09/26 14:33:06.753, 22573
2026/09/26 14:33:07.253, 22573
2026/09/26 14:33:07.753, 22573
2026/09/26 14:33:08.253, 22573
2026/09/26 14:33:08.754, 22573
2026/09/26 14:33:09.254, 22573
2026/09/26 14:33:09.754, 22573
2026/09/26 14:33:10.254, 22573
2026/09/26 14:33:10.754, 22573
2026/09/26 14:33:11.254, 22573
2026/09/26 14:33:11.755, 22573
2026/09/26 14:33:12.255, 22573
2026/09/26 14:33:12.755, 22573
2026/09/26 14:33:13.255, 22573
2026/09/26 14:33:13.755, 22573
2026/09/26 14:33:14.255, 22573
2026/09/26 14:33:14.756, 22573
2026/09/26 14:33:15.256, 22573
2026/09/26 14:33:15.756, 22573
2026/09/26 14:33:16.256, 22573
2026/09/26 14:33:16.756, 22573
2026/09/26 14:33:17.256, 22573
2026/09/26 14:33:17.757, 22573
2026/09/26 14:33:18.257, 22573
2026/09/26 14:33:18.757, 22573
2026/09/26 14:33:19.257, 22573
2026/09/26 14:33:19.757, 22573
2026/09/26 14:33:20.257, 22573
2026/09/26 14:33:20.758, 22573
2026/09/26 14:33:21.258, 22573
2026/09/26 14:33:21.758, 22573
2026/09/26 14:33:22.258, 22573
2026/09/26 14:33:22.758, 22573
2026/09/26 14:33:23.258, 22573
2026/09/26 14:33:23.759, 22573
2026/09/26 14:33:24.259, 22573
2026/09/26 14:33:24.759, 22573
2026/09/26 14:33:25.259, 22573
2026/09/26 14:33:25.759, 22573
2026/09/26 14:33:26.259, 22573
2026/09/26 14:33:26.760, 22573
2026/09/26 14:33:27.260, 22573
2026/09/26 14:33:27.760, 22573
2026/09/26 14:33:28.260, 22573
2026/09/26 14:33:28.760, 22573
2026/09/26 14:33:29.261, 22573
2026/09/26 14:33:29.761, 22573
2026/09/26 14:33:30.261, 22573
2026/09/26 14:33:30.761, 22573
2026/09/26 14:33:31.261, 22573
2026/09/26 14:33:31.761, 22573
2026/09/26 14:33:32.262, 22573
2026/09/26 14:33:32.762, 22573
2026/09/26 14:33:33.262, 22573
2026/09/26 14:33:33.762, 22573
2026/09/26 14:33:34.262, 22573
2026/09/26 14:33:34.762, 22573
2026/09/26 14:33:35.262, 22573
2026/09/26 14:33:35.763, 22573
2026/09/26 14:33:36.263, 22573
2026/09/26 14:33:36.763, 22573
2026/09/26 14:33:37.263, 22573
2026/09/26 14:33:37.763, 22573
2026/09/26 14:33:38.263, 22573
2026/09/26 14:33:38.764, 22573
2026/09/26 14:33:39.264, 22573
2026/09/26 14:33:39.764, 22573
2026/09/26 14:33:40.264, 22573
2026/09/26 14:33:40.764, 22573
2026/09/26 14:33:41.264, 22573
2026/09/26 14:33:41.764, 22573
2026/09/26 14:33:42.265, 22573
2026/09/26 14:33:42.765, 22573
2026/09/26 14:33:43.265, 22573
2026/09/26 14:33:43.765, 22573
2026/09/26 14:33:44.265, 22573
2026/09/26 14:33:44.765, 22573
2026/09/26 14:33:45.265, 22573
2026/09/26 14:33:45.766, 22573
2026/09/26 14:33:46.266, 22573
2026/09/26 14:33:46.766, 22573
2026/09/26 14:33:47.266, 22573
2026/09/26 14:33:47.766, 22573
2026/09/26 14:33:48.266, 22573
2026/09/26 14:33:48.766, 22573
2026/09/26 14:33:49.267, 22573
2026/09/26 14:33:49.767, 22573
2026/09/26 14:33:50.267, 22573
2026/09/26 14:33:50.767, 22573
2026/09/26 14:33:51.267, 22573
2026/09/26 14:33:51.767, 22573
2026/09/26 14:33:52.268, 22573
2026/09/26 14:33:52.768, 22573
2026/09/26 14:33:53.268, 22573
2026/09/26 14:33:53.768, 22573
2026/09/26 14:33:54.268, 22573
2026/09/26 14:33:54.768, 22573
2026/09/26 14:33:55.269, 22573
2026/09/26 14:33:55.769, 22573
2026/09/26 14:33:56.269, 22573
2026/09/26 14:33:56.769, 22573
2026/09/26 14:33:57.269, 22573
2026/09/26 14:33:57.769, 22573
2026/09/26 14:33:58.269, 22573
2026/09/26 14:33:58.770, 22573
2026/09/26 14:33:59.270, 22573
2026/09/26 14:33:59.770, 22573
2026/09/26 14:34:00.270, 22573
2026/09/26 14:34:00.770, 22573
2026/09/26 14:34:01.270, 22573
2026/09/26 14:34:01.770, 22573
2026/09/26 14:34:02.271, 22573
2026/09/26 14:34:02.771, 22573
2026/09/26 14:34:03.271, 22573
2026/09/26 14:34:03.771, 22573
2026/09/26 14:34:04.271, 22573
2026/09/26 14:34:04.771, 22573
2026/09/26 14:34:05.272, 22573
2026/09/26 14:34:05.772, 22573
2026/09/26 14:34:06.272, 22573
2026/09/26 14:34:06.772, 22573
2026/09/26 14:34:07.272, 22573
2026/09/26 14:34:07.772, 22573
2026/09/26 14:34:08.272, 22573
2026/09/26 14:34:08.773, 22573
2026/09/26 14:34:09.273, 22573
2026/09/26 14:34:09.773, 22573
2026/09/26 14:34:10.273, 22573
2026/09/26 14:34:10.773, 22573
2026/09/26 14:34:11.273, 22573
2026/09/26 14:34:11.774, 22573
2026/09/26 14:34:12.274, 22573
2026/09/26 14:34:12.774, 22573
2026/09/26 14:34:13.274, 22573
2026/09/26 14:34:13.774, 22573
2026/09/26 14:34:14.274, 22573
2026/09/26 14:34:14.774, 22573
2026/09/26 14:34:15.275, 22573
2026/09/26 14:34:15.775, 22573
2026/09/26 14:34:16.275, 22573
2026/09/26 14:34:16.775, 22573
2026/09/26 14:34:17.275, 22573
2026/09/26 14:34:17.775, 22573
2026/09/26 14:34:18.276, 22573
2026/09/26 14:34:18.776, 22573
2026/09/26 14:34:19.276, 22573
2026/09/26 14:34:19.776, 22573
2026/09/26 14:34:20.276, 22573
2026/09/26 14:34:20.776, 22573
2026/09/26 14:34:21.276, 22573
2026/09/26 14:34:21.777, 22573
2026/09/26 14:34:22.277, 22573
2026/09/26 14:34:22.777, 22573
2026/09/26 14:34:23.277, 22573
2026/09/26 14:34:23.777, 22573
2026/09/26 14:34:24.277, 22573
2026/09/26 14:34:24.778, 22573
2026/09/26 14:34:25.278, 22573
2026/09/26 14:34:25.778, 22573
2026/09/26 14:34:26.278, 22573
2026/09/26 14:34:26.778, 22573
2026/09/26 14:34:27.278, 22573
2026/09/26 14:34:27.778, 22573
2026/09/26 14:34:28.279, 22573
2026/09/26 14:34:28.779, 22573
2026/09/26 14:34:29.279, 22573
2026/09/26 14:34:29.779, 22573
2026/09/26 14:34:30.279, 22573
2026/09/26 14:34:30.779, 22573
2026/09/26 14:34:31.280, 22573
2026/09/26 14:34:31.780, 22573
2026/09/26 14:34:32.280, 22573
2026/09/26 14:34:32.780, 22573
2026/09/26 14:34:33.280, 22573
2026/09/26 14:34:33.780, 22573
2026/09/26 14:34:34.281, 22573
2026/09/26 14:34:34.781, 22573
2026/09/26 14:34:35.281, 22573
2026/09/26 14:34:35.781, 22573
2026/09/26 14:34:36.281, 22573
2026/09/26 14:34:36.781, 22573
2026/09/26 14:34:37.282, 22573
2026/09/26 14:34:37.782, 22573
2026/09/26 14:34:38.282, 22573
2026/09/26 14:34:38.782, 22573
2026/09/26 14:34:39.282, 22573
2026/09/26 14:34:39.783, 22573
2026/09/26 14:34:40.283, 22573
2026/09/26 14:34:40.783, 22573
2026/09/26 14:34:41.283, 22573
2026/09/26 14:34:41.783, 22573
2026/09/26 14:34:42.283, 22573
2026/09/26 14:34:42.783, 22573
2026/09/26 14:34:43.284, 22573
2026/09/26 14:34:43.784, 22573
2026/09/26 14:34:44.284, 22573
2026/09/26 14:34:44.784, 22573
2026/09/26 14:34:45.284, 22573
2026/09/26 14:34:45.784, 22573
2026/09/26 14:34:46.284, 22573
2026/09/26 14:34:46.785, 22573
2026/09/26 14:34:47.285, 22573
2026/09/26 14:34:47.785, 22573
2026/09/26 14:34:48.285, 22573
2026/09/26 14:34:48.785, 22573
2026/09/26 14:34:49.285, 22573
2026/09/26 14:34:49.786, 22573
2026/09/26 14:34:50.286, 22573
2026/09/26 14:34:50.786, 22573
2026/09/26 14:34:51.286, 22573
2026/09/26 14:34:51.786, 22573
2026/09/26 14:34:52.286, 22573
2026/09/26 14:34:52.787, 22573
2026/09/26 14:34:53.287, 22573
2026/09/26 14:34:53.787, 22573
2026/09/26 14:34:54.287, 22573
2026/09/26 14:34:54.787, 22573
2026/09/26 14:34:55.287, 22573
2026/09/26 14:34:55.788, 22573
2026/09/26 14:34:56.288, 22573
2026/09/26 14:34:56.788, 22573
2026/09/26 14:34:57.288, 22573
2026/09/26 14:34:57.788, 22573
2026/09/26 14:34:58.288, 22573
2026/09/26 14:34:58.788, 22573
2026/09/26 14:34:59.289, 22573
2026/09/26 14:34:59.789, 22573
2026/09/26 14:35:00.289, 22573
2026/09/26 14:35:00.789, 22573
2026/09/26 14:35:01.289, 22573
2026/09/26 14:35:01.789, 22573
2026/09/26 14:35:02.289, 22573
2026/09/26 14:35:02.790, 22573
2026/09/26 14:35:03.290, 22573
2026/09/26 14:35:03.790, 22573
2026/09/26 14:35:04.290, 22573
2026/09/26 14:35:04.791, 22573
2026/09/26 14:35:05.291, 22573
2026/09/26 14:35:05.791, 22573
2026/09/26 14:35:06.291, 22573
2026/09/26 14:35:06.791, 22573
2026/09/26 14:35:07.291, 22573
2026/09/26 14:35:07.791, 22573
2026/09/26 14:35:08.291, 22573
2026/09/26 14:35:08.792, 22573
2026/09/26 14:35:09.292, 22573
2026/09/26 14:35:09.792, 22573
2026/09/26 14:35:10.292, 22573
2026/09/26 14:35:10.792, 22573
2026/09/26 14:35:11.292, 22573
2026/09/26 14:35:11.792, 22573
2026/09/26 14:35:12.293, 22573
2026/09/26 14:35:12.793, 22573
2026/09/26 14:35:13.293, 22573
2026/09/26 14:35:13.793, 22573
2026/09/26 14:35:14.293, 22573
2026/09/26 14:35:14.793, 22573
2026/09/26 14:35:15.293, 22573
2026/09/26 14:35:15.794, 22573
2026/09/26 14:35:16.294, 22573
2026/09/26 14:35:16.794, 22573
2026/09/26 14:35:17.294, 22573
2026/09/26 14:35:17.794, 22573
2026/09/26 14:35:18.294, 22573
2026/09/26 14:35:18.794, 22573
2026/09/26 14:35:19.295, 22573
2026/09/26 14:35:19.795, 22573
2026/09/26 14:35:20.295, 22573
2026/09/26 14:35:20.795, 22573
2026/09/26 14:35:21.295, 22573
2026/09/26 14:35:21.795, 22573
2026/09/26 14:35:22.296, 22573
2026/09/26 14:35:22.796, 22573
2026/09/26 14:35:23.296, 22573
2026/09/26 14:35:23.796, 22573
2026/09/26 14:35:24.296, 22573
2026/09/26 14:35:24.796, 22573
2026/09/26 14:35:25.296, 22573
2026/09/26 14:35:25.797, 22573
2026/09/26 14:35:26.297, 22573
2026/09/26 14:35:26.797, 22573
2026/09/26 14:35:27.297, 22573
2026/09/26 14:35:27.797, 22573
2026/09/26 14:35:28.297, 22573
2026/09/26 14:35:28.797, 22573
2026/09/26 14:35:29.297, 22573
2026/09/26 14:35:29.798, 22573
2026/09/26 14:35:30.298, 22573
2026/09/26 14:35:30.798, 22573
2026/09/26 14:35:31.298, 22573
2026/09/26 14:35:31.798, 22573
2026/09/26 14:35:32.298, 22573
2026/09/26 14:35:32.799, 22573
2026/09/26 14:35:33.299, 22573
2026/09/26 14:35:33.799, 22573
2026/09/26 14:35:34.299, 22573
2026/09/26 14:35:34.799, 22573
2026/09/26 14:35:35.299, 22573
2026/09/26 14:35:35.799, 22573
2026/09/26 14:35:36.300, 22573
2026/09/26 14:35:36.800, 22573
2026/09/26 14:35:37.300, 22573
2026/09/26 14:35:37.800, 22573
2026/09/26 14:35:38.300, 22573
2026/09/26 14:35:38.800, 22573
2026/09/26 14:35:39.301, 22573
2026/09/26 14:35:39.801, 22573
2026/09/26 14:35:40.301, 22573
2026/09/26 14:35:40.801, 22573
2026/09/26 14:35:41.301, 22573
2026/09/26 14:35:41.801, 22573
2026/09/26 14:35:42.301, 22573
2026/09/26 14:35:42.802, 22573
2026/09/26 14:35:43.302, 22573
2026/09/26 14:35:43.802, 22573
2026/09/26 14:35:44.302, 22573
2026/09/26 14:35:44.802, 22573
2026/09/26 14:35:45.302, 22573
2026/09/26 14:35:45.802, 22573
2026/09/26 14:35:46.303, 22573
2026/09/26 14:35:46.803, 22573
2026/09/26 14:35:47.303, 22573
2026/09/26 14:35:47.803, 22573
2026/09/26 14:35:48.303, 22573
2026/09/26 14:35:48.803, 22573
2026/09/26 14:35:49.303, 22573
2026/09/26 14:35:49.804, 22573
2026/09/26 14:35:50.304, 22573
2026/09/26 14:35:50.804, 22573
2026/09/26 14:35:51.304, 22573
2026/09/26 14:35:51.804, 22573
2026/09/26 14:35:52.304, 22573
2026/09/26 14:35:52.805, 22573
2026/09/26 14:35:53.305, 22573
2026/09/26 14:35:53.805, 22573
2026/09/26 14:35:54.305, 22573
2026/09/26 14:35:54.805, 22573
2026/09/26 14:35:55.305, 22573
2026/09/26 14:35:55.806, 22573
2026/09/26 14:35:56.306, 22573
2026/09/26 14:35:56.806, 22573
2026/09/26 14:35:57.306, 22573
2026/09/26 14:35:57.806, 22573
2026/09/26 14:35:58.306, 22573
2026/09/26 14:35:58.807, 22573
2026/09/26 14:35:59.307, 22573
2026/09/26 14:35:59.807, 22573
2026/09/26 14:36:00.307, 22573
2026/09/26 14:36:00.807, 22573
2026/09/26 14:36:01.307, 22573
2026/09/26 14:36:01.807, 22573
2026/09/26 14:36:02.308, 22573
2026/09/26 14:36:02.808, 22573
2026/09/26 14:36:03.308, 22573
2026/09/26 14:36:03.808, 22573
2026/09/26 14:36:04.308, 22573
2026/09/26 14:36:04.808, 22573
2026/09/26 14:36:05.309, 22573
2026/09/26 14:36:05.809, 22573
2026/09/26 14:36:06.309, 22573
2026/09/26 14:36:06.809, 22573
2026/09/26 14:36:07.309, 22573
2026/09/26 14:36:07.809, 22573
2026/09/26 14:36:08.309, 22573
2026/09/26 14:36:08.810, 22573
2026/09/26 14:36:09.310, 22573
2026/09/26 14:36:09.810, 22573
2026/09/26 14:36:10.310, 22573
2026/09/26 14:36:10.810, 22573
2026/09/26 14:36:11.311, 22573
2026/09/26 14:36:11.811, 22573
2026/09/26 14:36:12.311, 22573
2026/09/26 14:36:12.811, 22573
2026/09/26 14:36:13.311, 22573
2026/09/26 14:36:13.811, 22573
2026/09/26 14:36:14.311, 22573
2026/09/26 14:36:14.812, 22573
2026/09/26 14:36:15.312, 22573
2026/09/26 14:36:15.812, 22573
2026/09/26 14:36:16.312, 22573
2026/09/26 14:36:16.812, 22573
2026/09/26 14:36:17.312, 22573
2026/09/26 14:36:17.813, 22573
2026/09/26 14:36:18.313, 22573
2026/09/26 14:36:18.813, 22573
2026/09/26 14:36:19.313, 22573
2026/09/26 14:36:19.813, 22573
2026/09/26 14:36:20.313, 22573
2026/09/26 14:36:20.814, 22573
2026/09/26 14:36:21.314, 22573
2026/09/26 14:36:21.814, 22573
2026/09/26 14:36:22.314, 22573
2026/09/26 14:36:22.814, 22573
2026/09/26 14:36:23.314, 22573
2026/09/26 14:36:23.815, 22573
2026/09/26 14:36:24.315, 22573
2026/09/26 14:36:24.815, 22573
2026/09/26 14:36:25.315, 22573
2026/09/26 14:36:25.815, 22573
2026/09/26 14:36:26.315, 22573
2026/09/26 14:36:26.816, 22573
2026/09/26 14:36:27.316, 22573
2026/09/26 14:36:27.816, 22573
2026/09/26 14:36:28.316, 22573
2026/09/26 14:36:28.816, 22573
2026/09/26 14:36:29.316, 22573
2026/09/26 14:36:29.817, 22573
2026/09/26 14:36:30.317, 22573
2026/09/26 14:36:30.817, 22573
2026/09/26 14:36:31.317, 22573
2026/09/26 14:36:31.817, 22573
2026/09/26 14:36:32.317, 22573
2026/09/26 14:36:32.817, 22573
2026/09/26 14:36:33.318, 22573
2026/09/26 14:36:33.818, 22573
2026/09/26 14:36:34.318, 22573
2026/09/26 14:36:34.818, 22573
2026/09/26 14:36:35.318, 22573
2026/09/26 14:36:35.818, 22573
2026/09/26 14:36:36.319, 22573
2026/09/26 14:36:36.819, 22573
2026/09/26 14:36:37.319, 22573
2026/09/26 14:36:37.819, 22573
2026/09/26 14:36:38.319, 22573
2026/09/26 14:36:38.819, 22573
2026/09/26 14:36:39.320, 22573
2026/09/26 14:36:39.820, 22573
2026/09/26 14:36:40.320, 22573
2026/09/26 14:36:40.820, 22573
2026/09/26 14:36:41.320, 22573
2026/09/26 14:36:41.820, 22573
2026/09/26 14:36:42.320, 22573
2026/09/26 14:36:42.821, 22573
2026/09/26 14:36:43.321, 22573
2026/09/26 14:36:43.821, 22573
2026/09/26 14:36:44.321, 22573
2026/09/26 14:36:44.821, 22573
2026/09/26 14:36:45.321, 22573
2026/09/26 14:36:45.822, 22573
2026/09/26 14:36:46.322, 22573
2026/09/26 14:36:46.822, 22573
2026/09/26 14:36:47.322, 22573
2026/09/26 14:36:47.822, 22573
2026/09/26 14:36:48.322, 22573
2026/09/26 14:36:48.823, 22573
2026/09/26 14:36:49.323, 22573
2026/09/26 14:36:49.823, 22573
2026/09/26 14:36:50.323, 22573
2026/09/26 14:36:50.823, 22573
2026/09/26 14:36:51.323, 22573
2026/09/26 14:36:51.824, 22573
2026/09/26 14:36:52.324, 22573
2026/09/26 14:36:52.824, 22573
2026/09/26 14:36:53.324, 22573
2026/09/26 14:36:53.824, 22573
2026/09/26 14:36:54.324, 22573
2026/09/26 14:36:54.825, 22573
2026/09/26 14:36:55.325, 22573
2026/09/26 14:36:55.825, 22573
2026/09/26 14:36:56.325, 22573
2026/09/26 14:36:56.825, 22573
2026/09/26 14:36:57.325, 22573
2026/09/26 14:36:57.826, 22573
2026/09/26 14:36:58.326, 22573
2026/09/26 14:36:58.826, 22573
2026/09/26 14:36:59.326, 22573
2026/09/26 14:36:59.826, 22573
2026/09/26 14:37:00.326, 22573
2026/09/26 14:37:00.827, 22573
2026/09/26 14:37:01.327, 22573
2026/09/26 14:37:01.827, 22573
2026/09/26 14:37:02.327, 22573
2026/09/26 14:37:02.827, 22573
2026/09/26 14:37:03.327, 22573
2026/09/26 14:37:03.827, 22573
2026/09/26 14:37:04.328, 22573
2026/09/26 14:37:04.828, 22573
2026/09/26 14:37:05.328, 22573
2026/09/26 14:37:05.828, 22573
2026/09/26 14:37:06.328, 22573
2026/09/26 14:37:06.828, 22573
2026/09/26 14:37:07.329, 22573
2026/09/26 14:37:07.829, 22573
2026/09/26 14:37:08.329, 22573
2026/09/26 14:37:08.829, 22573
2026/09/26 14:37:09.329, 22573
2026/09/26 14:37:09.829, 22573
2026/09/26 14:37:10.330, 22573
2026/09/26 14:37:10.830, 22573
2026/09/26 14:37:11.330, 22573
2026/09/26 14:37:11.830, 22573
2026/09/26 14:37:12.330, 22573
2026/09/26 14:37:12.830, 22573
2026/09/26 14:37:13.330, 22573
2026/09/26 14:37:13.831, 22573
2026/09/26 14:37:14.331, 22573
2026/09/26 14:37:14.831, 22573
2026/09/26 14:37:15.331, 22573
2026/09/26 14:37:15.831, 22573
2026/09/26 14:37:16.331, 22573
2026/09/26 14:37:16.832, 22573
2026/09/26 14:37:17.332, 22573
2026/09/26 14:37:17.832, 22573
2026/09/26 14:37:18.332, 22573
2026/09/26 14:37:18.832, 22573
2026/09/26 14:37:19.332, 22573
2026/09/26 14:37:19.832, 22573
2026/09/26 14:37:20.333, 22573
2026/09/26 14:37:20.833, 22573
2026/09/26 14:37:21.333, 22573
2026/09/26 14:37:21.833, 22573
2026/09/26 14:37:22.333, 22573
2026/09/26 14:37:22.833, 22573
2026/09/26 14:37:23.334, 22573
2026/09/26 14:37:23.834, 22573
2026/09/26 14:37:24.334, 22573
2026/09/26 14:37:24.834, 22573
2026/09/26 14:37:25.334, 22573
2026/09/26 14:37:25.834, 22573
2026/09/26 14:37:26.335, 22573
2026/09/26 14:37:26.835, 22573
2026/09/26 14:37:27.335, 22573
2026/09/26 14:37:27.835, 22573
2026/09/26 14:37:28.335, 22573
2026/09/26 14:37:28.835, 22573
2026/09/26 14:37:29.335, 22573
2026/09/26 14:37:29.836, 22573
2026/09/26 14:37:30.336, 22573
2026/09/26 14:37:30.836, 22573
2026/09/26 14:37:31.336, 22573
2026/09/26 14:37:31.836, 22573
2026/09/26 14:37:32.336, 22573
2026/09/26 14:37:32.837, 22573
2026/09/26 14:37:33.337, 22573
2026/09/26 14:37:33.837, 22573
2026/09/26 14:37:34.337, 22573
2026/09/26 14:37:34.837, 22573
2026/09/26 14:37:35.337, 22573
2026/09/26 14:37:35.837, 22573
2026/09/26 14:37:36.338, 22573
2026/09/26 14:37:36.838, 22573
2026/09/26 14:37:37.338, 22573
2026/09/26 14:37:37.838, 22573
2026/09/26 14:37:38.338, 22573
2026/09/26 14:37:38.838, 22573
2026/09/26 14:37:39.338, 22573
2026/09/26 14:37:39.839, 22573
2026/09/26 14:37:40.339, 22573
2026/09/26 14:37:40.839, 22573
2026/09/26 14:37:41.339, 22573
2026/09/26 14:37:41.839, 22573
2026/09/26 14:37:42.339, 22573
2026/09/26 14:37:42.839, 22573
2026/09/26 14:37:43.340, 22573
2026/09/26 14:37:43.840, 22573
2026/09/26 14:37:44.340, 22573
2026/09/26 14:37:44.840, 22573
2026/09/26 14:37:45.340, 22573
2026/09/26 14:37:45.840, 22573
2026/09/26 14:37:46.341, 22573
2026/09/26 14:37:46.841, 22573
2026/09/26 14:37:47.341, 22573
2026/09/26 14:37:47.841, 22573
2026/09/26 14:37:48.341, 22573
2026/09/26 14:37:48.841, 22573
2026/09/26 14:37:49.341, 22573
2026/09/26 14:37:49.842, 22573
2026/09/26 14:37:50.342, 22573
2026/09/26 14:37:50.842, 22573
2026/09/26 14:37:51.342, 22573
2026/09/26 14:37:51.842, 22573
2026/09/26 14:37:52.342, 22573
2026/09/26 14:37:52.843, 22573
2026/09/26 14:37:53.343, 22573
2026/09/26 14:37:53.843, 22573
2026/09/26 14:37:54.343, 22573
2026/09/26 14:37:54.843, 22573
2026/09/26 14:37:55.343, 22573
2026/09/26 14:37:55.843, 22573
2026/09/26 14:37:56.344, 22573
2026/09/26 14:37:56.844, 22573
2026/09/26 14:37:57.344, 22573
2026/09/26 14:37:57.844, 22573
2026/09/26 14:37:58.344, 22573
2026/09/26 14:37:58.844, 22573
2026/09/26 14:37:59.345, 22573
2026/09/26 14:37:59.845, 22573
2026/09/26 14:38:00.345, 22573
2026/09/26 14:38:00.845, 22573
2026/09/26 14:38:01.345, 22573
2026/09/26 14:38:01.845, 22573
2026/09/26 14:38:02.345, 22573
2026/09/26 14:38:02.846, 22573
2026/09/26 14:38:03.346, 22573
2026/09/26 14:38:03.846, 22573
2026/09/26 14:38:04.346, 22573
2026/09/26 14:38:04.846, 22573
2026/09/26 14:38:05.346, 22573
2026/09/26 14:38:05.847, 22573
2026/09/26 14:38:06.347, 22573
2026/09/26 14:38:06.847, 22573
2026/09/26 14:38:07.347, 22573
2026/09/26 14:38:07.847, 22573
2026/09/26 14:38:08.347, 22573
2026/09/26 14:38:08.848, 22573
2026/09/26 14:38:09.348, 22573
2026/09/26 14:38:09.848, 22573
2026/09/26 14:38:10.348, 22573
2026/09/26 14:38:10.848, 22573
2026/09/26 14:38:11.349, 22573
2026/09/26 14:38:11.849, 22573
2026/09/26 14:38:12.349, 22573
2026/09/26 14:38:12.849, 22573
2026/09/26 14:38:13.349, 22573
2026/09/26 14:38:13.849, 22573
2026/09/26 14:38:14.349, 22573
2026/09/26 14:38:14.850, 22573
2026/09/26 14:38:15.350, 22573
2026/09/26 14:38:15.850, 22573
2026/09/26 14:38:16.350, 22573
2026/09/26 14:38:16.850, 22573
2026/09/26 14:38:17.350, 22573
2026/09/26 14:38:17.851, 22573
2026/09/26 14:38:18.351, 22573
2026/09/26 14:38:18.851, 22573
2026/09/26 14:38:19.351, 22573
2026/09/26 14:38:19.852, 22573
2026/09/26 14:38:20.352, 22573
2026/09/26 14:38:20.852, 22573
2026/09/26 14:38:21.352, 22573
2026/09/26 14:38:21.852, 22573
2026/09/26 14:38:22.353, 22573
2026/09/26 14:38:22.853, 22573
2026/09/26 14:38:23.353, 22573
2026/09/26 14:38:23.853, 22573
2026/09/26 14:38:24.353, 22573
2026/09/26 14:38:24.853, 22573
2026/09/26 14:38:25.353, 22573
2026/09/26 14:38:25.854, 22573
2026/09/26 14:38:26.354, 22573
2026/09/26 14:38:26.854, 22573
2026/09/26 14:38:27.354, 22573
2026/09/26 14:38:27.854, 22573
2026/09/26 14:38:28.354, 22573
2026/09/26 14:38:28.855, 22573
2026/09/26 14:38:29.355, 22573
2026/09/26 14:38:29.855, 22573
2026/09/26 14:38:30.355, 22573
2026/09/26 14:38:30.855, 22573
2026/09/26 14:38:31.355, 22573
2026/09/26 14:38:31.855, 22573
2026/09/26 14:38:32.356, 22573
2026/09/26 14:38:32.856, 22573
2026/09/26 14:38:33.356, 22573
2026/09/26 14:38:33.856, 22573
2026/09/26 14:38:34.356, 22573
2026/09/26 14:38:34.856, 22573
2026/09/26 14:38:35.356, 22573
2026/09/26 14:38:35.857, 22573
2026/09/26 14:38:36.357, 22573
2026/09/26 14:38:36.857, 22573
2026/09/26 14:38:37.357, 22573
2026/09/26 14:38:37.857, 22573
2026/09/26 14:38:38.357, 22573
2026/09/26 14:38:38.857, 22573
2026/09/26 14:38:39.358, 22573
2026/09/26 14:38:39.858, 22573
2026/09/26 14:38:40.358, 22573
2026/09/26 14:38:40.858, 22573
2026/09/26 14:38:41.358, 22573
2026/09/26 14:38:41.858, 22573
2026/09/26 14:38:42.359, 22573
2026/09/26 14:38:42.859, 22573
2026/09/26 14:38:43.359, 22573
2026/09/26 14:38:43.859, 22573
2026/09/26 14:38:44.359, 22573
2026/09/26 14:38:44.859, 22573
2026/09/26 14:38:45.360, 22573
2026/09/26 14:38:45.860, 22573
2026/09/26 14:38:46.360, 22573
2026/09/26 14:38:46.860, 22573
2026/09/26 14:38:47.360, 22573
2026/09/26 14:38:47.860, 22573
2026/09/26 14:38:48.360, 22573
2026/09/26 14:38:48.861, 22573
2026/09/26 14:38:49.361, 22573
2026/09/26 14:38:49.861, 22573
2026/09/26 14:38:50.361, 22573
2026/09/26 14:38:50.861, 22573
2026/09/26 14:38:51.361, 22573
2026/09/26 14:38:51.861, 22573
2026/09/26 14:38:52.362, 22573
2026/09/26 14:38:52.862, 22573
2026/09/26 14:38:53.362, 22573
2026/09/26 14:38:53.862, 22573
2026/09/26 14:38:54.362, 22573
2026/09/26 14:38:54.862, 22573
2026/09/26 14:38:55.362, 22573
2026/09/26 14:38:55.863, 22573
2026/09/26 14:38:56.363, 22573
2026/09/26 14:38:56.863, 22573
2026/09/26 14:38:57.364, 22573
2026/09/26 14:38:57.864, 22573
2026/09/26 14:38:58.364, 22573
2026/09/26 14:38:58.864, 22573
2026/09/26 14:38:59.364, 22573
2026/09/26 14:38:59.864, 22573
2026/09/26 14:39:00.364, 22573
2026/09/26 14:39:00.865, 22573
2026/09/26 14:39:01.365, 22573
2026/09/26 14:39:01.865, 22573
2026/09/26 14:39:02.365, 22573
2026/09/26 14:39:02.865, 22573
2026/09/26 14:39:03.365, 22573
2026/09/26 14:39:03.865, 22573
2026/09/26 14:39:04.366, 22573
2026/09/26 14:39:04.866, 22573
2026/09/26 14:39:05.366, 22573
2026/09/26 14:39:05.866, 22573
2026/09/26 14:39:06.366, 22573
2026/09/26 14:39:06.866, 22573
2026/09/26 14:39:07.367, 22573
2026/09/26 14:39:07.867, 22573
2026/09/26 14:39:08.367, 22573
2026/09/26 14:39:08.867, 22573
2026/09/26 14:39:09.367, 22573
2026/09/26 14:39:09.867, 22573
2026/09/26 14:39:10.367, 22573
2026/09/26 14:39:10.868, 22573
2026/09/26 14:39:11.368, 22573
2026/09/26 14:39:11.868, 22573
2026/09/26 14:39:12.368, 22573
2026/09/26 14:39:12.868, 22573
2026/09/26 14:39:13.368, 22573
2026/09/26 14:39:13.869, 22573
2026/09/26 14:39:14.369, 22573
2026/09/26 14:39:14.869, 22573
2026/09/26 14:39:15.369, 22573
2026/09/26 14:39:15.869, 22573
2026/09/26 14:39:16.369, 22573
2026/09/26 14:39:16.869, 22573
2026/09/26 14:39:17.370, 22573
2026/09/26 14:39:17.870, 22573
2026/09/26 14:39:18.370, 22573
2026/09/26 14:39:18.870, 22573
2026/09/26 14:39:19.370, 22573
2026/09/26 14:39:19.870, 22573
2026/09/26 14:39:20.371, 22573
2026/09/26 14:39:20.871, 22573
2026/09/26 14:39:21.371, 22573
2026/09/26 14:39:21.871, 22573
2026/09/26 14:39:22.371, 22573
2026/09/26 14:39:22.871, 22573
2026/09/26 14:39:23.372, 22573
2026/09/26 14:39:23.872, 22573
2026/09/26 14:39:24.372, 22573
2026/09/26 14:39:24.872, 22573
2026/09/26 14:39:25.372, 22573
2026/09/26 14:39:25.872, 22573
2026/09/26 14:39:26.372, 22573
2026/09/26 14:39:26.873, 22573
2026/09/26 14:39:27.373, 22573
2026/09/26 14:39:27.873, 22573
2026/09/26 14:39:28.373, 22573
2026/09/26 14:39:28.873, 22573
2026/09/26 14:39:29.373, 22573
2026/09/26 14:39:29.874, 22573
2026/09/26 14:39:30.374, 22573
2026/09/26 14:39:30.874, 22573
2026/09/26 14:39:31.374, 22573
2026/09/26 14:39:31.874, 22573
2026/09/26 14:39:32.374, 22573
2026/09/26 14:39:32.874, 22573
2026/09/26 14:39:33.375, 22573
2026/09/26 14:39:33.875, 22573
2026/09/26 14:39:34.375, 22573
2026/09/26 14:39:34.875, 22573
2026/09/26 14:39:35.375, 22573
2026/09/26 14:39:35.875, 22573
2026/09/26 14:39:36.376, 22573
2026/09/26 14:39:36.876, 22573
2026/09/26 14:39:37.376, 22573
2026/09/26 14:39:37.876, 22573
2026/09/26 14:39:38.376, 22573
2026/09/26 14:39:38.876, 22573
2026/09/26 14:39:39.376, 22573
2026/09/26 14:39:39.876, 22573
2026/09/26 14:39:40.377, 22573
2026/09/26 14:39:40.877, 22573
2026/09/26 14:39:41.377, 22573
2026/09/26 14:39:41.877, 22573
2026/09/26 14:39:42.377, 22573
2026/09/26 14:39:42.877, 22573
2026/09/26 14:39:43.377, 22573
2026/09/26 14:39:43.878, 22573
2026/09/26 14:39:44.378, 22573
2026/09/26 14:39:44.878, 22573
2026/09/26 14:39:45.378, 22573
2026/09/26 14:39:45.878, 22573
2026/09/26 14:39:46.378, 22573
2026/09/26 14:39:46.878, 22573
2026/09/26 14:39:47.379, 22573
2026/09/26 14:39:47.879, 22573
2026/09/26 14:39:48.379, 22573
2026/09/26 14:39:48.879, 22573
2026/09/26 14:39:49.379, 22573
2026/09/26 14:39:49.880, 22573
2026/09/26 14:39:50.380, 22573
2026/09/26 14:39:50.880, 22573
2026/09/26 14:39:51.380, 22573
2026/09/26 14:39:51.880, 22573
2026/09/26 14:39:52.380, 22573
2026/09/26 14:39:52.880, 22573
2026/09/26 14:39:53.381, 22573
2026/09/26 14:39:53.881, 22573
2026/09/26 14:39:54.381, 22573
2026/09/26 14:39:54.881, 22573
2026/09/26 14:39:55.381, 22573
2026/09/26 14:39:55.881, 22573
2026/09/26 14:39:56.382, 22573
2026/09/26 14:39:56.882, 22573
2026/09/26 14:39:57.382, 22573
2026/09/26 14:39:57.882, 22573
2026/09/26 14:39:58.382, 22573
2026/09/26 14:39:58.882, 22573
2026/09/26 14:39:59.382, 22573
2026/09/26 14:39:59.883, 22573
2026/09/26 14:40:00.383, 22573
2026/09/26 14:40:00.883, 22573
2026/09/26 14:40:01.383, 22573
2026/09/26 14:40:01.883, 22573
2026/09/26 14:40:02.383, 22573
2026/09/26 14:40:02.883, 22573
2026/09/26 14:40:03.384, 22573
2026/09/26 14:40:03.884, 22573
2026/09/26 14:40:04.384, 22573
2026/09/26 14:40:04.884, 22573
2026/09/26 14:40:05.384, 22573
2026/09/26 14:40:05.884, 22573
2026/09/26 14:40:06.385, 22573
2026/09/26 14:40:06.885, 22573
2026/09/26 14:40:07.385, 22573
2026/09/26 14:40:07.885, 22573
2026/09/26 14:40:08.385, 22573
2026/09/26 14:40:08.885, 22573
2026/09/26 14:40:09.385, 22573
2026/09/26 14:40:09.886, 22573
2026/09/26 14:40:10.386, 22573
2026/09/26 14:40:10.886, 22573
2026/09/26 14:40:11.386, 22573
2026/09/26 14:40:11.886, 22573
2026/09/26 14:40:12.386, 22573
2026/09/26 14:40:12.887, 22573
2026/09/26 14:40:13.387, 22573
2026/09/26 14:40:13.887, 22573
2026/09/26 14:40:14.387, 22573
2026/09/26 14:40:14.887, 22573
2026/09/26 14:40:15.387, 22573
2026/09/26 14:40:15.887, 22573
2026/09/26 14:40:16.388, 22573
2026/09/26 14:40:16.888, 22573
2026/09/26 14:40:17.388, 22573
2026/09/26 14:40:17.888, 22573
2026/09/26 14:40:18.388, 22573
2026/09/26 14:40:18.888, 22573
2026/09/26 14:40:19.389, 22573
2026/09/26 14:40:19.889, 22573
2026/09/26 14:40:20.389, 22573
2026/09/26 14:40:20.889, 22573
2026/09/26 14:40:21.389, 22573
2026/09/26 14:40:21.889, 22573
2026/09/26 14:40:22.389, 22573
2026/09/26 14:40:22.890, 22573
2026/09/26 14:40:23.390, 22573
2026/09/26 14:40:23.890, 22573
2026/09/26 14:40:24.390, 22573
2026/09/26 14:40:24.890, 22573
2026/09/26 14:40:25.390, 22573
2026/09/26 14:40:25.891, 22573
2026/09/26 14:40:26.391, 22573
2026/09/26 14:40:26.891, 22573
2026/09/26 14:40:27.391, 22573
2026/09/26 14:40:27.891, 22573
2026/09/26 14:40:28.391, 22573
2026/09/26 14:40:28.892, 22573
2026/09/26 14:40:29.392, 22573
2026/09/26 14:40:29.892, 22573
2026/09/26 14:40:30.392, 22573
2026/09/26 14:40:30.892, 22573
2026/09/26 14:40:31.392, 22573
2026/09/26 14:40:31.892, 22573
2026/09/26 14:40:32.393, 22573
2026/09/26 14:40:32.893, 22573
2026/09/26 14:40:33.393, 22573
2026/09/26 14:40:33.893, 22573
2026/09/26 14:40:34.393, 22573
2026/09/26 14:40:34.893, 22573
2026/09/26 14:40:35.394, 22573
2026/09/26 14:40:35.894, 22573
2026/09/26 14:40:36.394, 22573
2026/09/26 14:40:36.894, 22573
2026/09/26 14:40:37.394, 22573
2026/09/26 14:40:37.894, 22573
2026/09/26 14:40:38.395, 22573
2026/09/26 14:40:38.895, 22573
2026/09/26 14:40:39.395, 22573
2026/09/26 14:40:39.895, 22573
2026/09/26 14:40:40.395, 22573
2026/09/26 14:40:40.895, 22573
2026/09/26 14:40:41.396, 22573
2026/09/26 14:40:41.896, 22573
2026/09/26 14:40:42.396, 22573
2026/09/26 14:40:42.896, 22573
2026/09/26 14:40:43.396, 22573
2026/09/26 14:40:43.896, 22573
2026/09/26 14:40:44.396, 22573
2026/09/26 14:40:44.897, 22573
2026/09/26 14:40:45.397, 22573
2026/09/26 14:40:45.897, 22573
2026/09/26 14:40:46.397, 22573
2026/09/26 14:40:46.897, 22573
2026/09/26 14:40:47.397, 22573
2026/09/26 14:40:47.898, 22573
2026/09/26 14:40:48.398, 22573
2026/09/26 14:40:48.898, 22573
2026/09/26 14:40:49.398, 22573
2026/09/26 14:40:49.898, 22573
2026/09/26 14:40:50.398, 22573
2026/09/26 14:40:50.898, 22573
2026/09/26 14:40:51.399, 22573
2026/09/26 14:40:51.899, 22573
2026/09/26 14:40:52.399, 22573
2026/09/26 14:40:52.899, 22573
2026/09/26 14:40:53.399, 22573
2026/09/26 14:40:53.900, 22573
2026/09/26 14:40:54.400, 22573
2026/09/26 14:40:54.900, 22573
2026/09/26 14:40:55.400, 22573
2026/09/26 14:40:55.901, 22573
2026/09/26 14:40:56.401, 22573
2026/09/26 14:40:56.901, 22573
2026/09/26 14:40:57.401, 22573
2026/09/26 14:40:57.901, 22573
2026/09/26 14:40:58.401, 22573
2026/09/26 14:40:58.901, 22573
2026/09/26 14:40:59.402, 22573
2026/09/26 14:40:59.902, 22573
2026/09/26 14:41:00.402, 22573
2026/09/26 14:41:00.902, 22573
2026/09/26 14:41:01.402, 22573
2026/09/26 14:41:01.902, 22573
2026/09/26 14:41:02.402, 22573
2026/09/26 14:41:02.903, 22573
2026/09/26 14:41:03.403, 22573
2026/09/26 14:41:03.903, 22573
2026/09/26 14:41:04.403, 22573
2026/09/26 14:41:04.903, 22573
2026/09/26 14:41:05.404, 22573
2026/09/26 14:41:05.904, 22573
2026/09/26 14:41:06.404, 22573
2026/09/26 14:41:06.904, 22573
2026/09/26 14:41:07.404, 22573
2026/09/26 14:41:07.904, 22573
2026/09/26 14:41:08.405, 22573
2026/09/26 14:41:08.905, 22573
2026/09/26 14:41:09.405, 22573
2026/09/26 14:41:09.905, 22573
2026/09/26 14:41:10.405, 22573
2026/09/26 14:41:10.905, 22573
2026/09/26 14:41:11.405, 22573
2026/09/26 14:41:11.906, 22573
2026/09/26 14:41:12.406, 22573
2026/09/26 14:41:12.906, 22573
2026/09/26 14:41:13.406, 22573
2026/09/26 14:41:13.906, 22573
2026/09/26 14:41:14.406, 22573
2026/09/26 14:41:14.907, 22573
2026/09/26 14:41:15.407, 22573
2026/09/26 14:41:15.907, 22573
2026/09/26 14:41:16.407, 22573
2026/09/26 14:41:16.908, 22573
2026/09/26 14:41:17.408, 22573
2026/09/26 14:41:17.908, 22573
2026/09/26 14:41:18.409, 22573
2026/09/26 14:41:18.909, 22573
2026/09/26 14:41:19.409, 22573
2026/09/26 14:41:19.909, 22573
2026/09/26 14:41:20.409, 22573
2026/09/26 14:41:20.909, 22573
2026/09/26 14:41:21.409, 22573
2026/09/26 14:41:21.910, 22573
2026/09/26 14:41:22.410, 22573
2026/09/26 14:41:22.910, 22573
2026/09/26 14:41:23.410, 22573
2026/09/26 14:41:23.910, 22573
2026/09/26 14:41:24.410, 22573
2026/09/26 14:41:24.911, 22573
2026/09/26 14:41:25.411, 22573
2026/09/26 14:41:25.911, 22573
2026/09/26 14:41:26.411, 22573
2026/09/26 14:41:26.911, 22573
2026/09/26 14:41:27.411, 22573
2026/09/26 14:41:27.911, 22573
2026/09/26 14:41:28.412, 22573
2026/09/26 14:41:28.912, 22573
2026/09/26 14:41:29.412, 22573
2026/09/26 14:41:29.912, 22573
2026/09/26 14:41:30.412, 22573
2026/09/26 14:41:30.912, 22573
2026/09/26 14:41:31.412, 22573
2026/09/26 14:41:31.913, 22573
2026/09/26 14:41:32.413, 22573
2026/09/26 14:41:32.913, 22573
2026/09/26 14:41:33.413, 22573
2026/09/26 14:41:33.913, 22573
2026/09/26 14:41:34.413, 22573
2026/09/26 14:41:34.913, 22573
2026/09/26 14:41:35.414, 22573
2026/09/26 14:41:35.914, 22573
2026/09/26 14:41:36.414, 22573
2026/09/26 14:41:36.914, 22573
2026/09/26 14:41:37.414, 22573
2026/09/26 14:41:37.914, 22573
2026/09/26 14:41:38.415, 22573
2026/09/26 14:41:38.915, 22573
2026/09/26 14:41:39.415, 22573
2026/09/26 14:41:39.915, 22573
2026/09/26 14:41:40.415, 22573
2026/09/26 14:41:40.915, 22573
2026/09/26 14:41:41.415, 22573
2026/09/26 14:41:41.916, 22573
2026/09/26 14:41:42.416, 22573
2026/09/26 14:41:42.916, 22573
2026/09/26 14:41:43.416, 22573
2026/09/26 14:41:43.916, 22573
2026/09/26 14:41:44.416, 22573
2026/09/26 14:41:44.917, 22573
2026/09/26 14:41:45.417, 22573
2026/09/26 14:41:45.917, 22573
2026/09/26 14:41:46.417, 22573
2026/09/26 14:41:46.917, 22573
2026/09/26 14:41:47.417, 22573
2026/09/26 14:41:47.918, 22573
2026/09/26 14:41:48.418, 22573
2026/09/26 14:41:48.918, 22573
2026/09/26 14:41:49.418, 22573
2026/09/26 14:41:49.918, 22573
2026/09/26 14:41:50.418, 22573
2026/09/26 14:41:50.919, 22573
2026/09/26 14:41:51.419, 22573
2026/09/26 14:41:51.919, 22573
2026/09/26 14:41:52.419, 22573
2026/09/26 14:41:52.919, 22573
2026/09/26 14:41:53.419, 22573
2026/09/26 14:41:53.919, 22573
2026/09/26 14:41:54.420, 22573
2026/09/26 14:41:54.920, 22573
2026/09/26 14:41:55.420, 22573
2026/09/26 14:41:55.920, 22573
2026/09/26 14:41:56.420, 22573
2026/09/26 14:41:56.920, 22573
2026/09/26 14:41:57.421, 22573
2026/09/26 14:41:57.921, 22573
2026/09/26 14:41:58.421, 22573
2026/09/26 14:41:58.921, 22573
2026/09/26 14:41:59.421, 22573
2026/09/26 14:41:59.921, 22573
2026/09/26 14:42:00.422, 22573
2026/09/26 14:42:00.922, 22573
2026/09/26 14:42:01.422, 22573
2026/09/26 14:42:01.922, 22573
2026/09/26 14:42:02.422, 22573
2026/09/26 14:42:02.922, 22573
2026/09/26 14:42:03.422, 22573
2026/09/26 14:42:03.923, 22573
2026/09/26 14:42:04.423, 22573
2026/09/26 14:42:04.923, 22573
2026/09/26 14:42:05.423, 22573
2026/09/26 14:42:05.923, 22573
2026/09/26 14:42:06.423, 22573
2026/09/26 14:42:06.923, 22573
2026/09/26 14:42:07.424, 22573
2026/09/26 14:42:07.924, 22573
2026/09/26 14:42:08.424, 22573
2026/09/26 14:42:08.924, 22573
2026/09/26 14:42:09.424, 22573
2026/09/26 14:42:09.924, 22573
2026/09/26 14:42:10.424, 22573
2026/09/26 14:42:10.925, 22573
2026/09/26 14:42:11.425, 22573
2026/09/26 14:42:11.925, 22573
2026/09/26 14:42:12.425, 22573
2026/09/26 14:42:12.925, 22573
2026/09/26 14:42:13.425, 22573
2026/09/26 14:42:13.925, 22573
2026/09/26 14:42:14.426, 22573
2026/09/26 14:42:14.926, 22573
2026/09/26 14:42:15.426, 22573
2026/09/26 14:42:15.926, 22573
2026/09/26 14:42:16.426, 22573
2026/09/26 14:42:16.926, 22573
2026/09/26 14:42:17.427, 22573
2026/09/26 14:42:17.927, 22573
2026/09/26 14:42:18.427, 22573
2026/09/26 14:42:18.927, 22573
2026/09/26 14:42:19.427, 22573
2026/09/26 14:42:19.927, 22573
2026/09/26 14:42:20.427, 22573
2026/09/26 14:42:20.928, 22573
2026/09/26 14:42:21.428, 22573
2026/09/26 14:42:21.928, 22573
2026/09/26 14:42:22.428, 22573
2026/09/26 14:42:22.928, 22573
2026/09/26 14:42:23.428, 22573
2026/09/26 14:42:23.936, 22573
2026/09/26 14:42:24.436, 22573
2026/09/26 14:42:24.936, 22573
2026/09/26 14:42:25.436, 22573
2026/09/26 14:42:25.936, 22573
2026/09/26 14:42:26.436, 22573
2026/09/26 14:42:26.937, 22573
2026/09/26 14:42:27.437, 22573
2026/09/26 14:42:27.937, 22573
2026/09/26 14:42:28.437, 22573
2026/09/26 14:42:28.937, 22573
2026/09/26 14:42:29.437, 22573
2026/09/26 14:42:29.937, 22573
2026/09/26 14:42:30.437, 22573
2026/09/26 14:42:30.938, 22573
2026/09/26 14:42:31.438, 22573
2026/09/26 14:42:31.938, 22573
2026/09/26 14:42:32.438, 22573
2026/09/26 14:42:32.938, 22573
2026/09/26 14:42:33.438, 22573
2026/09/26 14:42:33.938, 22573
2026/09/26 14:42:34.439, 22573
2026/09/26 14:42:34.939, 22573
2026/09/26 14:42:35.439, 22573
2026/09/26 14:42:35.939, 22573
2026/09/26 14:42:36.439, 22573
2026/09/26 14:42:36.939, 22573
2026/09/26 14:42:37.439, 22573
2026/09/26 14:42:37.939, 22573
2026/09/26 14:42:38.440, 22573
2026/09/26 14:42:38.940, 22573
2026/09/26 14:42:39.440, 22573
2026/09/26 14:42:39.940, 22573
2026/09/26 14:42:40.441, 22573
2026/09/26 14:42:40.941, 22573
2026/09/26 14:42:41.441, 22573
2026/09/26 14:42:41.941, 22573
2026/09/26 14:42:42.441, 22573
2026/09/26 14:42:42.941, 22573
2026/09/26 14:42:43.441, 22573
2026/09/26 14:42:43.942, 22573
2026/09/26 14:42:44.442, 22573
2026/09/26 14:42:44.942, 22573
2026/09/26 14:42:45.442, 22573
2026/09/26 14:42:45.942, 22573
2026/09/26 14:42:46.442, 22573
2026/09/26 14:42:46.943, 22573
2026/09/26 14:42:47.443, 22573
2026/09/26 14:42:47.943, 22573
2026/09/26 14:42:48.443, 22573
2026/09/26 14:42:48.943, 22573
2026/09/26 14:42:49.443, 22573
2026/09/26 14:42:49.943, 22573
2026/09/26 14:42:50.443, 22573
2026/09/26 14:42:50.944, 22573
2026/09/26 14:42:51.444, 22573
2026/09/26 14:42:51.944, 22573
2026/09/26 14:42:52.444, 22573
2026/09/26 14:42:52.944, 22573
2026/09/26 14:42:53.444, 22573
2026/09/26 14:42:53.945, 22573
2026/09/26 14:42:54.445, 22573
2026/09/26 14:42:54.945, 22573
2026/09/26 14:42:55.445, 22573
2026/09/26 14:42:55.945, 22573
2026/09/26 14:42:56.445, 22573
2026/09/26 14:42:56.946, 22573
2026/09/26 14:42:57.446, 22573
2026/09/26 14:42:57.946, 22573
2026/09/26 14:42:58.446, 22573
2026/09/26 14:42:58.946, 22573
2026/09/26 14:42:59.446, 22573
2026/09/26 14:42:59.947, 22573
2026/09/26 14:43:00.447, 22573
2026/09/26 14:43:00.947, 22573
2026/09/26 14:43:01.447, 22573
2026/09/26 14:43:01.947, 22573
2026/09/26 14:43:02.447, 22573
2026/09/26 14:43:02.948, 22573
2026/09/26 14:43:03.448, 22573
2026/09/26 14:43:03.948, 22573
2026/09/26 14:43:04.448, 22573
2026/09/26 14:43:04.948, 22573
2026/09/26 14:43:05.448, 22573
2026/09/26 14:43:05.948, 22573
2026/09/26 14:43:06.449, 22573
2026/09/26 14:43:06.949, 22573
2026/09/26 14:43:07.449, 22573
2026/09/26 14:43:07.949, 22573
2026/09/26 14:43:08.449, 22573
2026/09/26 14:43:08.949, 22573
2026/09/26 14:43:09.450, 22573
2026/09/26 14:43:09.950, 22573
2026/09/26 14:43:10.450, 22573
2026/09/26 14:43:10.950, 22573
2026/09/26 14:43:11.450, 22573
2026/09/26 14:43:11.950, 22573
2026/09/26 14:43:12.451, 22573
2026/09/26 14:43:12.951, 22573
2026/09/26 14:43:13.451, 22573
2026/09/26 14:43:13.951, 22573
2026/09/26 14:43:14.451, 22573
2026/09/26 14:43:14.951, 22573
2026/09/26 14:43:15.452, 22573
2026/09/26 14:43:15.952, 22573
2026/09/26 14:43:16.452, 22573
2026/09/26 14:43:16.952, 22573
2026/09/26 14:43:17.452, 22573
2026/09/26 14:43:17.952, 22573
2026/09/26 14:43:18.452, 22573
2026/09/26 14:43:18.953, 22573
2026/09/26 14:43:19.453, 22573
2026/09/26 14:43:19.953, 22573
2026/09/26 14:43:20.453, 22573
2026/09/26 14:43:20.953, 22573
2026/09/26 14:43:21.453, 22573
2026/09/26 14:43:21.954, 22573
2026/09/26 14:43:22.454, 22573
2026/09/26 14:43:22.954, 22573
2026/09/26 14:43:23.454, 22573
2026/09/26 14:43:23.954, 22573
2026/09/26 14:43:24.454, 22573
2026/09/26 14:43:24.955, 22573
2026/09/26 14:43:25.455, 22573
2026/09/26 14:43:25.955, 22573
2026/09/26 14:43:26.455, 22573
2026/09/26 14:43:26.955, 22573
2026/09/26 14:43:27.455, 22573
2026/09/26 14:43:27.956, 22573
2026/09/26 14:43:28.456, 22573
2026/09/26 14:43:28.956, 22573
2026/09/26 14:43:29.456, 22573
2026/09/26 14:43:29.956, 22573
2026/09/26 14:43:30.456, 22573
2026/09/26 14:43:30.957, 22573
2026/09/26 14:43:31.457, 22573
2026/09/26 14:43:31.957, 22573
2026/09/26 14:43:32.457, 22573
2026/09/26 14:43:32.957, 22573
2026/09/26 14:43:33.457, 22573
2026/09/26 14:43:33.958, 22573
2026/09/26 14:43:34.458, 22573
2026/09/26 14:43:34.958, 22573
2026/09/26 14:43:35.458, 22573
2026/09/26 14:43:35.958, 22573
2026/09/26 14:43:36.458, 22573
2026/09/26 14:43:36.958, 22573
2026/09/26 14:43:37.459, 22573
2026/09/26 14:43:37.959, 22573
2026/09/26 14:43:38.459, 22573
2026/09/26 14:43:38.959, 22573
2026/09/26 14:43:39.459, 22573
2026/09/26 14:43:39.959, 22573
2026/09/26 14:43:40.460, 22573
2026/09/26 14:43:40.960, 22573
2026/09/26 14:43:41.460, 22573
2026/09/26 14:43:41.960, 22573
2026/09/26 14:43:42.460, 22573
2026/09/26 14:43:42.960, 22573
2026/09/26 14:43:43.461, 22573
2026/09/26 14:43:43.961, 22573
2026/09/26 14:43:44.461, 22573
2026/09/26 14:43:44.961, 22573
2026/09/26 14:43:45.461, 22573
2026/09/26 14:43:45.961, 22573
2026/09/26 14:43:46.461, 22573
2026/09/26 14:43:46.962, 22573
2026/09/26 14:43:47.462, 22573
2026/09/26 14:43:47.962, 22573
2026/09/26 14:43:48.462, 22573
2026/09/26 14:43:48.962, 22573
2026/09/26 14:43:49.462, 22573
2026/09/26 14:43:49.962, 22573
2026/09/26 14:43:50.463, 22573
2026/09/26 14:43:50.963, 22573
2026/09/26 14:43:51.463, 22573
2026/09/26 14:43:51.963, 22573
2026/09/26 14:43:52.463, 22573
2026/09/26 14:43:52.963, 22573
2026/09/26 14:43:53.463, 22573
2026/09/26 14:43:53.964, 22573
2026/09/26 14:43:54.464, 22573
2026/09/26 14:43:54.964, 22573
2026/09/26 14:43:55.464, 22573
2026/09/26 14:43:55.964, 22573
2026/09/26 14:43:56.464, 22573
2026/09/26 14:43:56.965, 22573
2026/09/26 14:43:57.465, 22573
2026/09/26 14:43:57.965, 22573
2026/09/26 14:43:58.465, 22573
2026/09/26 14:43:58.965, 22573
2026/09/26 14:43:59.465, 22573
2026/09/26 14:43:59.965, 22573
2026/09/26 14:44:00.466, 22573
2026/09/26 14:44:00.966, 22573
2026/09/26 14:44:01.466, 22573
2026/09/26 14:44:01.966, 22573
2026/09/26 14:44:02.466, 22573
2026/09/26 14:44:02.966, 22573
2026/09/26 14:44:03.466, 22573
2026/09/26 14:44:03.967, 22573
2026/09/26 14:44:04.467, 22573
2026/09/26 14:44:04.967, 22573
2026/09/26 14:44:05.467, 22573
2026/09/26 14:44:05.967, 22573
2026/09/26 14:44:06.467, 22573
2026/09/26 14:44:06.968, 22573
2026/09/26 14:44:07.468, 22573
2026/09/26 14:44:07.968, 22573
2026/09/26 14:44:08.468, 22573
2026/09/26 14:44:08.968, 22573
2026/09/26 14:44:09.468, 22573
2026/09/26 14:44:09.968, 22573
2026/09/26 14:44:10.469, 22573
2026/09/26 14:44:10.969, 22573
2026/09/26 14:44:11.469, 22573
2026/09/26 14:44:11.969, 22573
2026/09/26 14:44:12.469, 22573
2026/09/26 14:44:12.969, 22573
2026/09/26 14:44:13.469, 22573
2026/09/26 14:44:13.970, 22573
2026/09/26 14:44:14.470, 22573
2026/09/26 14:44:14.970, 22573
2026/09/26 14:44:15.470, 22573
2026/09/26 14:44:15.970, 22573
2026/09/26 14:44:16.470, 22573
2026/09/26 14:44:16.970, 22573
2026/09/26 14:44:17.471, 22573
2026/09/26 14:44:17.971, 22573
2026/09/26 14:44:18.471, 22573
2026/09/26 14:44:18.971, 22573
2026/09/26 14:44:19.471, 22573
2026/09/26 14:44:19.971, 22573
2026/09/26 14:44:20.472, 22573
2026/09/26 14:44:20.972, 22573
2026/09/26 14:44:21.472, 22573
2026/09/26 14:44:21.972, 22573
2026/09/26 14:44:22.472, 22573
2026/09/26 14:44:22.972, 22573
2026/09/26 14:44:23.472, 22573
2026/09/26 14:44:23.973, 22573
2026/09/26 14:44:24.473, 22573
2026/09/26 14:44:24.973, 22573
2026/09/26 14:44:25.473, 22573
2026/09/26 14:44:25.973, 22573
2026/09/26 14:44:26.473, 22573
2026/09/26 14:44:26.973, 22573
2026/09/26 14:44:27.474, 22573
2026/09/26 14:44:27.974, 22573
2026/09/26 14:44:28.474, 22573
2026/09/26 14:44:28.974, 22573
2026/09/26 14:44:29.474, 22573
2026/09/26 14:44:29.974, 22573
2026/09/26 14:44:30.474, 22573
2026/09/26 14:44:30.975, 22573
2026/09/26 14:44:31.475, 22573
2026/09/26 14:44:31.975, 22573
2026/09/26 14:44:32.475, 22573
2026/09/26 14:44:32.975, 22573
2026/09/26 14:44:33.475, 22573
2026/09/26 14:44:33.976, 22573
2026/09/26 14:44:34.476, 22573
2026/09/26 14:44:34.976, 22573
2026/09/26 14:44:35.476, 22573
2026/09/26 14:44:35.976, 22573
2026/09/26 14:44:36.476, 22573
2026/09/26 14:44:36.976, 22573
2026/09/26 14:44:37.477, 22573
2026/09/26 14:44:37.977, 22573
2026/09/26 14:44:38.477, 22573
2026/09/26 14:44:38.977, 22573
2026/09/26 14:44:39.477, 22573
2026/09/26 14:44:39.977, 22573
2026/09/26 14:44:40.478, 22573
2026/09/26 14:44:40.978, 22573
2026/09/26 14:44:41.478, 22573
2026/09/26 14:44:41.978, 22573
2026/09/26 14:44:42.478, 22573
2026/09/26 14:44:42.978, 22573
2026/09/26 14:44:43.479, 22573
2026/09/26 14:44:43.979, 22573
2026/09/26 14:44:44.479, 22573
2026/09/26 14:44:44.979, 22573
2026/09/26 14:44:45.479, 22573
2026/09/26 14:44:45.980, 22573
2026/09/26 14:44:46.480, 22573
2026/09/26 14:44:46.980, 22573
2026/09/26 14:44:47.480, 22573
2026/09/26 14:44:47.980, 22573
2026/09/26 14:44:48.480, 22573
2026/09/26 14:44:48.981, 22573
2026/09/26 14:44:49.481, 22573
2026/09/26 14:44:49.981, 22573
2026/09/26 14:44:50.481, 22573
2026/09/26 14:44:50.981, 22573
2026/09/26 14:44:51.481, 22573
2026/09/26 14:44:51.982, 22573
2026/09/26 14:44:52.482, 22573
2026/09/26 14:44:52.982, 22573
2026/09/26 14:44:53.482, 22573
2026/09/26 14:44:53.982, 22573
2026/09/26 14:44:54.482, 22573
2026/09/26 14:44:54.982, 22573
2026/09/26 14:44:55.483, 22573
2026/09/26 14:44:55.983, 22573
2026/09/26 14:44:56.483, 22573
2026/09/26 14:44:56.983, 22573
2026/09/26 14:44:57.483, 22573
2026/09/26 14:44:57.983, 22573
2026/09/26 14:44:58.484, 22573
2026/09/26 14:44:58.984, 22573
2026/09/26 14:44:59.484, 22573
2026/09/26 14:44:59.984, 22573
2026/09/26 14:45:00.484, 22573
2026/09/26 14:45:00.984, 22573
2026/09/26 14:45:01.484, 22573
2026/09/26 14:45:01.985, 22573
2026/09/26 14:45:02.485, 22573
2026/09/26 14:45:02.985, 22573
2026/09/26 14:45:03.485, 22573
2026/09/26 14:45:03.985, 22573
2026/09/26 14:45:04.485, 22573
2026/09/26 14:45:04.985, 22573
2026/09/26 14:45:05.486, 22573
2026/09/26 14:45:05.986, 22573
2026/09/26 14:45:06.486, 22573
2026/09/26 14:45:06.986, 22573
2026/09/26 14:45:07.486, 22573
2026/09/26 14:45:07.986, 22573
2026/09/26 14:45:08.486, 22573
2026/09/26 14:45:08.987, 22573
2026/09/26 14:45:09.487, 22573
2026/09/26 14:45:09.987, 22573
2026/09/26 14:45:10.487, 22573
2026/09/26 14:45:10.987, 22573
2026/09/26 14:45:11.487, 22573
2026/09/26 14:45:11.988, 22573
2026/09/26 14:45:12.488, 22573
2026/09/26 14:45:12.988, 22573
2026/09/26 14:45:13.488, 22573
2026/09/26 14:45:13.988, 22573
2026/09/26 14:45:14.488, 22573
2026/09/26 14:45:14.988, 22573
2026/09/26 14:45:15.489, 22573
2026/09/26 14:45:15.989, 22573
2026/09/26 14:45:16.489, 22573
2026/09/26 14:45:16.989, 22573
2026/09/26 14:45:17.489, 22573
2026/09/26 14:45:17.989, 22573
2026/09/26 14:45:18.489, 22573
2026/09/26 14:45:18.990, 22573
2026/09/26 14:45:19.490, 22573
2026/09/26 14:45:19.990, 22573
2026/09/26 14:45:20.490, 22573
2026/09/26 14:45:20.990, 22573
2026/09/26 14:45:21.490, 22573
2026/09/26 14:45:21.990, 22573
2026/09/26 14:45:22.491, 22573
2026/09/26 14:45:22.991, 22573
2026/09/26 14:45:23.491, 22573
2026/09/26 14:45:23.991, 22573
2026/09/26 14:45:24.491, 22573
2026/09/26 14:45:24.991, 22573
2026/09/26 14:45:25.491, 22573
2026/09/26 14:45:25.992, 22573
2026/09/26 14:45:26.492, 22573
2026/09/26 14:45:26.992, 22573
2026/09/26 14:45:27.492, 22573
2026/09/26 14:45:27.992, 22573
2026/09/26 14:45:28.492, 22573
2026/09/26 14:45:28.992, 22573
2026/09/26 14:45:29.493, 22573
2026/09/26 14:45:29.993, 22573
2026/09/26 14:45:30.493, 22573
2026/09/26 14:45:30.993, 22573
2026/09/26 14:45:31.493, 22573
2026/09/26 14:45:31.993, 22573
2026/09/26 14:45:32.493, 22573
2026/09/26 14:45:32.994, 22573
2026/09/26 14:45:33.494, 22573
2026/09/26 14:45:33.994, 22573
2026/09/26 14:45:34.494, 22573
2026/09/26 14:45:34.994, 22573
2026/09/26 14:45:35.495, 22573
2026/09/26 14:45:35.995, 22573
2026/09/26 14:45:36.495, 22573
2026/09/26 14:45:36.995, 22573
2026/09/26 14:45:37.495, 22573
2026/09/26 14:45:37.995, 22573
2026/09/26 14:45:38.495, 22573
2026/09/26 14:45:38.996, 22573
2026/09/26 14:45:39.496, 22573
2026/09/26 14:45:39.996, 22573
2026/09/26 14:45:40.496, 22573
2026/09/26 14:45:40.996, 22573
2026/09/26 14:45:41.496, 22573
2026/09/26 14:45:41.996, 22573
2026/09/26 14:45:42.497, 22573
2026/09/26 14:45:42.997, 22573
2026/09/26 14:45:43.497, 22573
2026/09/26 14:45:43.997, 22573
2026/09/26 14:45:44.497, 22573
2026/09/26 14:45:44.997, 22573
2026/09/26 14:45:45.497, 22573
2026/09/26 14:45:45.998, 22573
2026/09/26 14:45:46.498, 22573
2026/09/26 14:45:46.998, 22573
2026/09/26 14:45:47.498, 22573
2026/09/26 14:45:47.998, 22573
2026/09/26 14:45:48.499, 22573
2026/09/26 14:45:48.999, 22573
2026/09/26 14:45:49.499, 22573
2026/09/26 14:45:49.999, 22573
2026/09/26 14:45:50.499, 22573
2026/09/26 14:45:50.999, 22573
2026/09/26 14:45:51.499, 22573
2026/09/26 14:45:52.000, 22573
2026/09/26 14:45:52.500, 22573
2026/09/26 14:45:53.000, 22573
2026/09/26 14:45:53.500, 22573
2026/09/26 14:45:54.000, 22573
2026/09/26 14:45:54.501, 22573
2026/09/26 14:45:55.001, 22573
2026/09/26 14:45:55.501, 22573
2026/09/26 14:45:56.001, 22573
2026/09/26 14:45:56.501, 22573
2026/09/26 14:45:57.001, 22573
2026/09/26 14:45:57.502, 22573
2026/09/26 14:45:58.002, 22573
2026/09/26 14:45:58.502, 22573
2026/09/26 14:45:59.002, 22573
2026/09/26 14:45:59.502, 22573
2026/09/26 14:46:00.002, 22573
2026/09/26 14:46:00.503, 22573
2026/09/26 14:46:01.003, 22573
2026/09/26 14:46:01.503, 22573
2026/09/26 14:46:02.003, 22573
2026/09/26 14:46:02.503, 22573
2026/09/26 14:46:03.003, 22573
2026/09/26 14:46:03.504, 22573
2026/09/26 14:46:04.004, 22573
2026/09/26 14:46:04.504, 22573
2026/09/26 14:46:05.004, 22573
2026/09/26 14:46:05.504, 22573
2026/09/26 14:46:06.004, 22573
2026/09/26 14:46:06.505, 22573
2026/09/26 14:46:07.005, 22573
2026/09/26 14:46:07.505, 22573
2026/09/26 14:46:08.005, 22573
2026/09/26 14:46:08.505, 22573
2026/09/26 14:46:09.005, 22573
2026/09/26 14:46:09.505, 22573
2026/09/26 14:46:10.006, 22573
2026/09/26 14:46:10.506, 22573
2026/09/26 14:46:11.006, 22573
2026/09/26 14:46:11.506, 22573
2026/09/26 14:46:12.006, 22573
2026/09/26 14:46:12.506, 22573
2026/09/26 14:46:13.007, 22573
2026/09/26 14:46:13.507, 22573
2026/09/26 14:46:14.007, 22573
2026/09/26 14:46:14.507, 22573
2026/09/26 14:46:15.007, 22573
2026/09/26 14:46:15.507, 22573
2026/09/26 14:46:16.008, 22573
2026/09/26 14:46:16.508, 22573
2026/09/26 14:46:17.008, 22573
2026/09/26 14:46:17.508, 22573
2026/09/26 14:46:18.008, 22573
2026/09/26 14:46:18.508, 22573
2026/09/26 14:46:19.009, 22573
2026/09/26 14:46:19.509, 22573
2026/09/26 14:46:20.009, 22573
2026/09/26 14:46:20.509, 22573
2026/09/26 14:46:21.009, 22573
2026/09/26 14:46:21.509, 22573
2026/09/26 14:46:22.010, 22573
2026/09/26 14:46:22.510, 22573
2026/09/26 14:46:23.010, 22573
2026/09/26 14:46:23.510, 22573
2026/09/26 14:46:24.010, 22573
2026/09/26 14:46:24.510, 22573
2026/09/26 14:46:25.016, 22573
2026/09/26 14:46:25.516, 22573
2026/09/26 14:46:26.016, 22573
2026/09/26 14:46:26.516, 22573
2026/09/26 14:46:27.016, 22573
2026/09/26 14:46:27.516, 22573
2026/09/26 14:46:28.017, 22573
2026/09/26 14:46:28.517, 22573
2026/09/26 14:46:29.017, 22573
2026/09/26 14:46:29.517, 22573
2026/09/26 14:46:30.017, 22573
2026/09/26 14:46:30.517, 22573
2026/09/26 14:46:31.018, 22573
2026/09/26 14:46:31.518, 22573
2026/09/26 14:46:32.018, 22573
2026/09/26 14:46:32.518, 22573
2026/09/26 14:46:33.018, 22573
2026/09/26 14:46:33.518, 22573
2026/09/26 14:46:34.018, 22573
2026/09/26 14:46:34.519, 22573
2026/09/26 14:46:35.019, 22573
2026/09/26 14:46:35.519, 22573
2026/09/26 14:46:36.019, 22573
2026/09/26 14:46:36.519, 22573
2026/09/26 14:46:37.019, 22573
2026/09/26 14:46:37.520, 22573
2026/09/26 14:46:38.020, 22573
2026/09/26 14:46:38.520, 22573
2026/09/26 14:46:39.020, 22573
2026/09/26 14:46:39.520, 22573
2026/09/26 14:46:40.020, 22573
2026/09/26 14:46:40.520, 22573
2026/09/26 14:46:41.021, 22573
2026/09/26 14:46:41.521, 22573
2026/09/26 14:46:42.021, 22573
2026/09/26 14:46:42.521, 22573
2026/09/26 14:46:43.021, 22573
2026/09/26 14:46:43.521, 22573
2026/09/26 14:46:44.021, 22573
2026/09/26 14:46:44.522, 22573
2026/09/26 14:46:45.022, 22573
2026/09/26 14:46:45.522, 22573
2026/09/26 14:46:46.022, 22573
2026/09/26 14:46:46.522, 22573
2026/09/26 14:46:47.022, 22573
2026/09/26 14:46:47.523, 22573
2026/09/26 14:46:48.023, 22573
2026/09/26 14:46:48.523, 22573
2026/09/26 14:46:49.023, 22573
2026/09/26 14:46:49.523, 22573
2026/09/26 14:46:50.023, 22573
2026/09/26 14:46:50.523, 22573
2026/09/26 14:46:51.024, 22573
2026/09/26 14:46:51.524, 22573
2026/09/26 14:46:52.024, 22573
2026/09/26 14:46:52.524, 22573
2026/09/26 14:46:53.024, 22573
2026/09/26 14:46:53.524, 22573
2026/09/26 14:46:54.024, 22573
2026/09/26 14:46:54.525, 22573
2026/09/26 14:46:55.025, 22573
2026/09/26 14:46:55.525, 22573
2026/09/26 14:46:56.025, 22573
2026/09/26 14:46:56.525, 22573
2026/09/26 14:46:57.025, 22573
2026/09/26 14:46:57.526, 22573
2026/09/26 14:46:58.026, 22573
2026/09/26 14:46:58.526, 22573
2026/09/26 14:46:59.026, 22573
2026/09/26 14:46:59.526, 22573
2026/09/26 14:47:00.026, 22573
2026/09/26 14:47:00.527, 22573
2026/09/26 14:47:01.027, 22573
2026/09/26 14:47:01.527, 22573
2026/09/26 14:47:02.027, 22573
2026/09/26 14:47:02.527, 22573
2026/09/26 14:47:03.027, 22573
2026/09/26 14:47:03.527, 22573
2026/09/26 14:47:04.028, 22573
2026/09/26 14:47:04.528, 22573
2026/09/26 14:47:05.028, 22573
2026/09/26 14:47:05.528, 22573
2026/09/26 14:47:06.028, 22573
2026/09/26 14:47:06.528, 22573
2026/09/26 14:47:07.029, 22573
2026/09/26 14:47:07.529, 22573
2026/09/26 14:47:08.029, 22573
2026/09/26 14:47:08.529, 22573
2026/09/26 14:47:09.029, 22573
2026/09/26 14:47:09.529, 22573
2026/09/26 14:47:10.029, 22573
2026/09/26 14:47:10.530, 22573
2026/09/26 14:47:11.030, 22573
2026/09/26 14:47:11.530, 22573
2026/09/26 14:47:12.030, 22573
2026/09/26 14:47:12.530, 22573
2026/09/26 14:47:13.030, 22573
2026/09/26 14:47:13.530, 22573
2026/09/26 14:47:14.031, 22573
2026/09/26 14:47:14.531, 22573
2026/09/26 14:47:15.031, 22573
2026/09/26 14:47:15.531, 22573
2026/09/26 14:47:16.031, 22573
2026/09/26 14:47:16.531, 22573
2026/09/26 14:47:17.032, 22573
2026/09/26 14:47:17.532, 22573
2026/09/26 14:47:18.032, 22573
2026/09/26 14:47:18.532, 22573
2026/09/26 14:47:19.032, 22573
2026/09/26 14:47:19.532, 22573
2026/09/26 14:47:20.033, 22573
2026/09/26 14:47:20.533, 22573
2026/09/26 14:47:21.033, 22573
2026/09/26 14:47:21.533, 22573
2026/09/26 14:47:22.033, 22573
2026/09/26 14:47:22.533, 22573
2026/09/26 14:47:23.033, 22573
2026/09/26 14:47:23.534, 22573
2026/09/26 14:47:24.034, 22573
2026/09/26 14:47:24.534, 22573
2026/09/26 14:47:25.034, 22573
2026/09/26 14:47:25.534, 22573
2026/09/26 14:47:26.034, 22573
2026/09/26 14:47:26.534, 22573
2026/09/26 14:47:27.035, 22573
2026/09/26 14:47:27.535, 22573
2026/09/26 14:47:28.035, 22573
2026/09/26 14:47:28.535, 22573
2026/09/26 14:47:29.035, 22573
2026/09/26 14:47:29.535, 22573
2026/09/26 14:47:30.035, 22573
2026/09/26 14:47:30.536, 22573
2026/09/26 14:47:31.036, 22573
2026/09/26 14:47:31.536, 22573
2026/09/26 14:47:32.036, 22573
2026/09/26 14:47:32.536, 22573
2026/09/26 14:47:33.037, 22573
2026/09/26 14:47:33.537, 22573
2026/09/26 14:47:34.037, 22573
2026/09/26 14:47:34.537, 22573
2026/09/26 14:47:35.037, 22573
2026/09/26 14:47:35.537, 22573
2026/09/26 14:47:36.037, 22573
2026/09/26 14:47:36.538, 22573
2026/09/26 14:47:37.038, 22573
2026/09/26 14:47:37.538, 22573
2026/09/26 14:47:38.038, 22573
2026/09/26 14:47:38.538, 22573
2026/09/26 14:47:39.038, 22573
2026/09/26 14:47:39.538, 22573
2026/09/26 14:47:40.039, 22573
2026/09/26 14:47:40.539, 22573
2026/09/26 14:47:41.039, 22573
2026/09/26 14:47:41.539, 22573
2026/09/26 14:47:42.039, 22573
2026/09/26 14:47:42.539, 22573
2026/09/26 14:47:43.040, 22573
2026/09/26 14:47:43.540, 22573
2026/09/26 14:47:44.040, 22573
2026/09/26 14:47:44.540, 22573
2026/09/26 14:47:45.040, 22573
2026/09/26 14:47:45.540, 22573
2026/09/26 14:47:46.040, 22573
2026/09/26 14:47:46.541, 22573
2026/09/26 14:47:47.041, 22573
2026/09/26 14:47:47.541, 22573
2026/09/26 14:47:48.041, 22573
2026/09/26 14:47:48.541, 22573
2026/09/26 14:47:49.041, 22573
2026/09/26 14:47:49.541, 22573
2026/09/26 14:47:50.042, 22573
2026/09/26 14:47:50.542, 22573
2026/09/26 14:47:51.042, 22573
2026/09/26 14:47:51.542, 22573
2026/09/26 14:47:52.042, 22573
2026/09/26 14:47:52.542, 22573
2026/09/26 14:47:53.042, 22573
2026/09/26 14:47:53.543, 22573
2026/09/26 14:47:54.043, 22573
2026/09/26 14:47:54.543, 22573
2026/09/26 14:47:55.043, 22573
2026/09/26 14:47:55.543, 22573
2026/09/26 14:47:56.043, 22573
2026/09/26 14:47:56.544, 22573
2026/09/26 14:47:57.044, 22573
2026/09/26 14:47:57.544, 22573
2026/09/26 14:47:58.044, 22573
2026/09/26 14:47:58.544, 22573
2026/09/26 14:47:59.044, 22573
2026/09/26 14:47:59.544, 22573
2026/09/26 14:48:00.045, 22573
2026/09/26 14:48:00.545, 22573
2026/09/26 14:48:01.045, 22573
2026/09/26 14:48:01.545, 22573
2026/09/26 14:48:02.045, 22573
2026/09/26 14:48:02.545, 22573
2026/09/26 14:48:03.045, 22573
2026/09/26 14:48:03.546, 22573
2026/09/26 14:48:04.046, 22573
2026/09/26 14:48:04.546, 22573
2026/09/26 14:48:05.046, 22573
2026/09/26 14:48:05.546, 22573
2026/09/26 14:48:06.046, 22573
2026/09/26 14:48:06.546, 22573
2026/09/26 14:48:07.047, 22573
2026/09/26 14:48:07.547, 22573
2026/09/26 14:48:08.047, 22573
2026/09/26 14:48:08.547, 22573
2026/09/26 14:48:09.047, 22573
2026/09/26 14:48:09.547, 22573
2026/09/26 14:48:10.048, 22573
2026/09/26 14:48:10.548, 22573
2026/09/26 14:48:11.048, 22573
2026/09/26 14:48:11.548, 22573
2026/09/26 14:48:12.048, 22573
2026/09/26 14:48:12.548, 22573
2026/09/26 14:48:13.048, 22573
2026/09/26 14:48:13.551, 22573
2026/09/26 14:48:14.051, 22573
2026/09/26 14:48:14.551, 22573
2026/09/26 14:48:15.051, 22573
2026/09/26 14:48:15.552, 22573
2026/09/26 14:48:16.052, 22573
2026/09/26 14:48:16.552, 22573
2026/09/26 14:48:17.052, 22573
2026/09/26 14:48:17.552, 22573
2026/09/26 14:48:18.052, 22573
2026/09/26 14:48:18.553, 22573
2026/09/26 14:48:19.053, 22573
2026/09/26 14:48:19.553, 22573
2026/09/26 14:48:20.053, 22573
2026/09/26 14:48:20.553, 22573
2026/09/26 14:48:21.053, 22573
2026/09/26 14:48:21.554, 22573
2026/09/26 14:48:22.054, 22573
2026/09/26 14:48:22.554, 22573
2026/09/26 14:48:23.054, 22573
2026/09/26 14:48:23.554, 22573
2026/09/26 14:48:24.054, 22573
2026/09/26 14:48:24.555, 22573
2026/09/26 14:48:25.055, 22573
2026/09/26 14:48:25.555, 22573
2026/09/26 14:48:26.055, 22573
2026/09/26 14:48:26.555, 22573
2026/09/26 14:48:27.055, 22573
2026/09/26 14:48:27.555, 22573
2026/09/26 14:48:28.056, 22573
2026/09/26 14:48:28.556, 22573
2026/09/26 14:48:29.056, 22573
2026/09/26 14:48:29.556, 22573
2026/09/26 14:48:30.056, 22573
2026/09/26 14:48:30.556, 22573
2026/09/26 14:48:31.057, 22573
2026/09/26 14:48:31.557, 22573
2026/09/26 14:48:32.057, 22573
2026/09/26 14:48:32.557, 22573
2026/09/26 14:48:33.057, 22573
2026/09/26 14:48:33.557, 22573
2026/09/26 14:48:34.057, 22573
2026/09/26 14:48:34.558, 22573
2026/09/26 14:48:35.058, 22573
2026/09/26 14:48:35.567, 22573
2026/09/26 14:48:36.067, 22573
2026/09/26 14:48:36.567, 22573
2026/09/26 14:48:37.067, 22573
2026/09/26 14:48:37.567, 22573
2026/09/26 14:48:38.067, 22573
2026/09/26 14:48:38.568, 22573
2026/09/26 14:48:39.068, 22573
2026/09/26 14:48:39.568, 22573
2026/09/26 14:48:40.068, 22573
2026/09/26 14:48:40.568, 22573
2026/09/26 14:48:41.068, 22573
2026/09/26 14:48:41.569, 22573
2026/09/26 14:48:42.069, 22573
2026/09/26 14:48:42.569, 22573
2026/09/26 14:48:43.069, 22573
2026/09/26 14:48:43.569, 22573
2026/09/26 14:48:44.069, 22573
2026/09/26 14:48:44.569, 22573
2026/09/26 14:48:45.070, 22573
2026/09/26 14:48:45.570, 22573
2026/09/26 14:48:46.070, 22573
2026/09/26 14:48:46.570, 22573
2026/09/26 14:48:47.070, 22573
2026/09/26 14:48:47.570, 22573
2026/09/26 14:48:48.071, 22573
2026/09/26 14:48:48.571, 22573
2026/09/26 14:48:49.071, 22573
2026/09/26 14:48:49.571, 22573
2026/09/26 14:48:50.071, 22573
2026/09/26 14:48:50.571, 22573
2026/09/26 14:48:51.071, 22573
2026/09/26 14:48:51.571, 22573
2026/09/26 14:48:52.072, 22573
2026/09/26 14:48:52.572, 22573
2026/09/26 14:48:53.072, 22573
2026/09/26 14:48:53.572, 22573
2026/09/26 14:48:54.072, 22573
2026/09/26 14:48:54.572, 22573
2026/09/26 14:48:55.072, 22573
2026/09/26 14:48:55.573, 22573
2026/09/26 14:48:56.073, 22573
2026/09/26 14:48:56.573, 22573
2026/09/26 14:48:57.073, 22573
2026/09/26 14:48:57.573, 22573
2026/09/26 14:48:58.073, 22573
2026/09/26 14:48:58.574, 22573
2026/09/26 14:48:59.074, 22573
2026/09/26 14:48:59.574, 22573
2026/09/26 14:49:00.074, 22573
2026/09/26 14:49:00.574, 22573
2026/09/26 14:49:01.074, 22573
2026/09/26 14:49:01.574, 22573
2026/09/26 14:49:02.075, 22573
2026/09/26 14:49:02.575, 22573
2026/09/26 14:49:03.075, 22573
2026/09/26 14:49:03.575, 22573
2026/09/26 14:49:04.075, 22573
2026/09/26 14:49:04.576, 22573
2026/09/26 14:49:05.076, 22573
2026/09/26 14:49:05.576, 22573
2026/09/26 14:49:06.076, 22573
2026/09/26 14:49:06.576, 22573
2026/09/26 14:49:07.076, 22573
2026/09/26 14:49:07.576, 22573
2026/09/26 14:49:08.077, 22573
2026/09/26 14:49:08.577, 22573
2026/09/26 14:49:09.077, 22573
2026/09/26 14:49:09.577, 22573
2026/09/26 14:49:10.077, 22573
2026/09/26 14:49:10.577, 22573
2026/09/26 14:49:11.077, 22573
2026/09/26 14:49:11.578, 22573
2026/09/26 14:49:12.078, 22573
2026/09/26 14:49:12.578, 22573
2026/09/26 14:49:13.078, 22573
2026/09/26 14:49:13.578, 22573
2026/09/26 14:49:14.078, 22573
2026/09/26 14:49:14.578, 22573
2026/09/26 14:49:15.079, 22573
2026/09/26 14:49:15.579, 22573
2026/09/26 14:49:16.079, 22573
2026/09/26 14:49:16.579, 22573
2026/09/26 14:49:17.079, 22573
2026/09/26 14:49:17.579, 22573
2026/09/26 14:49:18.079, 22573
2026/09/26 14:49:18.580, 22573
2026/09/26 14:49:19.080, 22573
2026/09/26 14:49:19.580, 22573
2026/09/26 14:49:20.080, 22573
2026/09/26 14:49:20.580, 22573
2026/09/26 14:49:21.080, 22573
2026/09/26 14:49:21.580, 22573
2026/09/26 14:49:22.081, 22573
2026/09/26 14:49:22.581, 22573
2026/09/26 14:49:23.081, 22573
2026/09/26 14:49:23.581, 22573
2026/09/26 14:49:24.081, 22573
2026/09/26 14:49:24.581, 22573
2026/09/26 14:49:25.081, 22573
2026/09/26 14:49:25.582, 22573
2026/09/26 14:49:26.082, 22573
2026/09/26 14:49:26.582, 22573
2026/09/26 14:49:27.082, 22573
2026/09/26 14:49:27.582, 22573
2026/09/26 14:49:28.082, 22573
2026/09/26 14:49:28.582, 22573
2026/09/26 14:49:29.083, 22573
2026/09/26 14:49:29.583, 22573
2026/09/26 14:49:30.083, 22573
2026/09/26 14:49:30.583, 22573
2026/09/26 14:49:31.083, 22573
2026/09/26 14:49:31.583, 22573
2026/09/26 14:49:32.083, 22573
2026/09/26 14:49:32.583, 22573
2026/09/26 14:49:33.084, 22573
2026/09/26 14:49:33.584, 22573
2026/09/26 14:49:34.084, 22573
2026/09/26 14:49:34.584, 22573
2026/09/26 14:49:35.084, 22573
2026/09/26 14:49:35.584, 22573
2026/09/26 14:49:36.084, 22573
2026/09/26 14:49:36.585, 22573
2026/09/26 14:49:37.085, 22573
2026/09/26 14:49:37.585, 22573
2026/09/26 14:49:38.085, 22573
2026/09/26 14:49:38.585, 22573
2026/09/26 14:49:39.085, 22573
2026/09/26 14:49:39.585, 22573
2026/09/26 14:49:40.085, 22573
2026/09/26 14:49:40.586, 22573
2026/09/26 14:49:41.086, 22573
2026/09/26 14:49:41.586, 22573
2026/09/26 14:49:42.086, 22573
2026/09/26 14:49:42.586, 22573
2026/09/26 14:49:43.086, 22573
2026/09/26 14:49:43.586, 22573
2026/09/26 14:49:44.087, 22573
2026/09/26 14:49:44.587, 22573
2026/09/26 14:49:45.087, 22573
2026/09/26 14:49:45.587, 22573
2026/09/26 14:49:46.087, 22573
2026/09/26 14:49:46.587, 22573
2026/09/26 14:49:47.087, 22573
2026/09/26 14:49:47.588, 22573
2026/09/26 14:49:48.088, 22573
2026/09/26 14:49:48.588, 22573
2026/09/26 14:49:49.088, 22573
2026/09/26 14:49:49.588, 22573
2026/09/26 14:49:50.088, 22573
2026/09/26 14:49:50.588, 22573
2026/09/26 14:49:51.089, 22573
2026/09/26 14:49:51.589, 22573
2026/09/26 14:49:52.089, 22573
2026/09/26 14:49:52.589, 22573
2026/09/26 14:49:53.089, 22573
2026/09/26 14:49:53.589, 22573
2026/09/26 14:49:54.090, 22573
2026/09/26 14:49:54.590, 22573
2026/09/26 14:49:55.090, 22573
2026/09/26 14:49:55.590, 22573
2026/09/26 14:49:56.090, 22573
2026/09/26 14:49:56.590, 22573
2026/09/26 14:49:57.090, 22573
2026/09/26 14:49:57.591, 22573
2026/09/26 14:49:58.091, 22573
2026/09/26 14:49:58.591, 22573
2026/09/26 14:49:59.091, 22573
2026/09/26 14:49:59.591, 22573
2026/09/26 14:50:00.091, 22573
2026/09/26 14:50:00.592, 22573
2026/09/26 14:50:01.092, 22573
2026/09/26 14:50:01.592, 22573
2026/09/26 14:50:02.092, 22573
2026/09/26 14:50:02.592, 22573
2026/09/26 14:50:03.092, 22573
2026/09/26 14:50:03.593, 22573
2026/09/26 14:50:04.093, 22573
2026/09/26 14:50:04.593, 22573
2026/09/26 14:50:05.093, 22573
2026/09/26 14:50:05.593, 22573
2026/09/26 14:50:06.093, 22573
2026/09/26 14:50:06.594, 22573
2026/09/26 14:50:07.094, 22573
2026/09/26 14:50:07.594, 22573
2026/09/26 14:50:08.094, 22573
2026/09/26 14:50:08.594, 22573
2026/09/26 14:50:09.094, 22573
2026/09/26 14:50:09.595, 22573
2026/09/26 14:50:10.095, 22573
2026/09/26 14:50:10.595, 22573
2026/09/26 14:50:11.095, 22573
2026/09/26 14:50:11.595, 22573
2026/09/26 14:50:12.095, 22573
2026/09/26 14:50:12.596, 22573
2026/09/26 14:50:13.096, 22573
2026/09/26 14:50:13.596, 22573
2026/09/26 14:50:14.096, 22573
2026/09/26 14:50:14.596, 22573
2026/09/26 14:50:15.096, 22573
2026/09/26 14:50:15.597, 22573
2026/09/26 14:50:16.097, 22573
2026/09/26 14:50:16.597, 22573
2026/09/26 14:50:17.097, 22573
2026/09/26 14:50:17.597, 22573
2026/09/26 14:50:18.097, 22573
2026/09/26 14:50:18.598, 22573
2026/09/26 14:50:19.098, 22573
2026/09/26 14:50:19.598, 22573
2026/09/26 14:50:20.098, 22573
2026/09/26 14:50:20.598, 22573
2026/09/26 14:50:21.098, 22573
2026/09/26 14:50:21.598, 22573
2026/09/26 14:50:22.099, 22573
2026/09/26 14:50:22.599, 22573
2026/09/26 14:50:23.099, 22573
2026/09/26 14:50:23.599, 22573
2026/09/26 14:50:24.099, 22573
2026/09/26 14:50:24.599, 22573
2026/09/26 14:50:25.100, 22573
2026/09/26 14:50:25.600, 22573
2026/09/26 14:50:26.100, 22573
2026/09/26 14:50:26.600, 22573
2026/09/26 14:50:27.100, 22573
2026/09/26 14:50:27.601, 22573
2026/09/26 14:50:28.101, 22573
2026/09/26 14:50:28.601, 22573
2026/09/26 14:50:29.101, 22573
2026/09/26 14:50:29.601, 22573
2026/09/26 14:50:30.101, 22573
2026/09/26 14:50:30.602, 22573
2026/09/26 14:50:31.102, 22573
2026/09/26 14:50:31.602, 22573
2026/09/26 14:50:32.102, 22573
2026/09/26 14:50:32.602, 22573
2026/09/26 14:50:33.102, 22573
2026/09/26 14:50:33.602, 22573
2026/09/26 14:50:34.103, 22573
2026/09/26 14:50:34.603, 22573
2026/09/26 14:50:35.103, 22573
2026/09/26 14:50:35.603, 22573
2026/09/26 14:50:36.103, 22573
2026/09/26 14:50:36.603, 22573
2026/09/26 14:50:37.104, 22573
2026/09/26 14:50:37.604, 22573
2026/09/26 14:50:38.104, 22573
2026/09/26 14:50:38.604, 22573
2026/09/26 14:50:39.104, 22573
2026/09/26 14:50:39.604, 22573
2026/09/26 14:50:40.104, 22573
2026/09/26 14:50:40.605, 22573
2026/09/26 14:50:41.105, 22573
2026/09/26 14:50:41.605, 22573
2026/09/26 14:50:42.105, 22573
2026/09/26 14:50:42.605, 22573
2026/09/26 14:50:43.105, 22573
2026/09/26 14:50:43.606, 22573
2026/09/26 14:50:44.106, 22573
2026/09/26 14:50:44.606, 22573
2026/09/26 14:50:45.106, 22573
2026/09/26 14:50:45.606, 22573
2026/09/26 14:50:46.106, 22573
2026/09/26 14:50:46.607, 22573
2026/09/26 14:50:47.107, 22573
2026/09/26 14:50:47.607, 22573
2026/09/26 14:50:48.107, 22573
2026/09/26 14:50:48.607, 22573
2026/09/26 14:50:49.107, 22573
2026/09/26 14:50:49.607, 22573
2026/09/26 14:50:50.108, 22573
2026/09/26 14:50:50.608, 22573
2026/09/26 14:50:51.108, 22573
2026/09/26 14:50:51.608, 22573
2026/09/26 14:50:52.108, 22573
2026/09/26 14:50:52.608, 22573
2026/09/26 14:50:53.109, 22573
2026/09/26 14:50:53.609, 22573
2026/09/26 14:50:54.109, 22573
2026/09/26 14:50:54.609, 22573
2026/09/26 14:50:55.109, 22573
2026/09/26 14:50:55.609, 22573
2026/09/26 14:50:56.109, 22573
2026/09/26 14:50:56.610, 22573
2026/09/26 14:50:57.110, 22573
2026/09/26 14:50:57.610, 22573
2026/09/26 14:50:58.110, 22573
2026/09/26 14:50:58.610, 22573
2026/09/26 14:50:59.110, 22573
2026/09/26 14:50:59.610, 22573
2026/09/26 14:51:00.111, 22573
2026/09/26 14:51:00.611, 22573
2026/09/26 14:51:01.111, 22573
2026/09/26 14:51:01.611, 22573
2026/09/26 14:51:02.111, 22573
2026/09/26 14:51:02.611, 22573
2026/09/26 14:51:03.112, 22573
2026/09/26 14:51:03.612, 22573
2026/09/26 14:51:04.112, 22573
2026/09/26 14:51:04.612, 22573
2026/09/26 14:51:05.112, 22573
2026/09/26 14:51:05.612, 22573
2026/09/26 14:51:06.112, 22573
2026/09/26 14:51:06.613, 22573
2026/09/26 14:51:07.113, 22573
2026/09/26 14:51:07.613, 22573
2026/09/26 14:51:08.113, 22573
2026/09/26 14:51:08.613, 22573
2026/09/26 14:51:09.113, 22573
2026/09/26 14:51:09.614, 22573
2026/09/26 14:51:10.114, 22573
2026/09/26 14:51:10.614, 22573
2026/09/26 14:51:11.114, 22573
2026/09/26 14:51:11.614, 22573
2026/09/26 14:51:12.114, 22573
2026/09/26 14:51:12.614, 22573
2026/09/26 14:51:13.115, 22573
2026/09/26 14:51:13.615, 22573
2026/09/26 14:51:14.115, 22573
2026/09/26 14:51:14.615, 22573
2026/09/26 14:51:15.115, 22573
2026/09/26 14:51:15.615, 22573
2026/09/26 14:51:16.115, 22573
2026/09/26 14:51:16.616, 22573
2026/09/26 14:51:17.116, 22573
2026/09/26 14:51:17.616, 22573
2026/09/26 14:51:18.116, 22573
2026/09/26 14:51:18.616, 22573
2026/09/26 14:51:19.116, 22573
2026/09/26 14:51:19.617, 22573
2026/09/26 14:51:20.117, 22573
2026/09/26 14:51:20.617, 22573
2026/09/26 14:51:21.117, 22573
2026/09/26 14:51:21.617, 22573
2026/09/26 14:51:22.117, 22573
2026/09/26 14:51:22.618, 22573
2026/09/26 14:51:23.118, 22573
2026/09/26 14:51:23.618, 22573
2026/09/26 14:51:24.118, 22573
2026/09/26 14:51:24.618, 22573
2026/09/26 14:51:25.118, 22573
2026/09/26 14:51:25.619, 22573
2026/09/26 14:51:26.119, 22573
2026/09/26 14:51:26.619, 22573
2026/09/26 14:51:27.119, 22573
2026/09/26 14:51:27.619, 22573
2026/09/26 14:51:28.119, 22573
2026/09/26 14:51:28.620, 22573
2026/09/26 14:51:29.120, 22573
2026/09/26 14:51:29.620, 22573
2026/09/26 14:51:30.120, 22573
2026/09/26 14:51:30.620, 22573
2026/09/26 14:51:31.120, 22573
2026/09/26 14:51:31.621, 22573
2026/09/26 14:51:32.121, 22573
2026/09/26 14:51:32.621, 22573
2026/09/26 14:51:33.121, 22573
2026/09/26 14:51:33.621, 22573
2026/09/26 14:51:34.121, 22573
2026/09/26 14:51:34.622, 22573
2026/09/26 14:51:35.122, 22573
2026/09/26 14:51:35.622, 22573
2026/09/26 14:51:36.122, 22573
2026/09/26 14:51:36.622, 22573
2026/09/26 14:51:37.122, 22573
2026/09/26 14:51:37.622, 22573
2026/09/26 14:51:38.123, 22573
2026/09/26 14:51:38.623, 22573
2026/09/26 14:51:39.123, 22573
2026/09/26 14:51:39.623, 22573
2026/09/26 14:51:40.123, 22573
2026/09/26 14:51:40.623, 22573
2026/09/26 14:51:41.124, 22573
2026/09/26 14:51:41.624, 22573
2026/09/26 14:51:42.124, 22573
2026/09/26 14:51:42.624, 22573
2026/09/26 14:51:43.124, 22573
2026/09/26 14:51:43.624, 22573
2026/09/26 14:51:44.125, 22573
2026/09/26 14:51:44.625, 22573
2026/09/26 14:51:45.125, 22573
2026/09/26 14:51:45.625, 22573
2026/09/26 14:51:46.125, 22573
2026/09/26 14:51:46.625, 22573
2026/09/26 14:51:47.125, 22573
2026/09/26 14:51:47.626, 22573
2026/09/26 14:51:48.126, 22573
2026/09/26 14:51:48.626, 22573
2026/09/26 14:51:49.126, 22573
2026/09/26 14:51:49.626, 22573
2026/09/26 14:51:50.126, 22573
2026/09/26 14:51:50.626, 22573
2026/09/26 14:51:51.127, 22573
2026/09/26 14:51:51.627, 22573
2026/09/26 14:51:52.127, 22573
2026/09/26 14:51:52.627, 22573
2026/09/26 14:51:53.127, 22573
2026/09/26 14:51:53.627, 22573
2026/09/26 14:51:54.127, 22573
2026/09/26 14:51:54.628, 22573
2026/09/26 14:51:55.128, 22573
2026/09/26 14:51:55.628, 22573
2026/09/26 14:51:56.128, 22573
2026/09/26 14:51:56.628, 22573
2026/09/26 14:51:57.128, 22573
2026/09/26 14:51:57.628, 22573
2026/09/26 14:51:58.129, 22573
2026/09/26 14:51:58.629, 22573
2026/09/26 14:51:59.129, 22573
2026/09/26 14:51:59.629, 22573
2026/09/26 14:52:00.129, 22573
2026/09/26 14:52:00.629, 22573
2026/09/26 14:52:01.129, 22573
2026/09/26 14:52:01.630, 22573
2026/09/26 14:52:02.130, 22573
2026/09/26 14:52:02.630, 22573
2026/09/26 14:52:03.130, 22573
2026/09/26 14:52:03.630, 22573
2026/09/26 14:52:04.131, 22573
2026/09/26 14:52:04.631, 22573
2026/09/26 14:52:05.131, 22573
2026/09/26 14:52:05.631, 22573
2026/09/26 14:52:06.131, 22573
2026/09/26 14:52:06.631, 22573
2026/09/26 14:52:07.131, 22573
2026/09/26 14:52:07.632, 22573
2026/09/26 14:52:08.132, 22573
2026/09/26 14:52:08.632, 22573
2026/09/26 14:52:09.132, 22573
2026/09/26 14:52:09.632, 22573
2026/09/26 14:52:10.132, 22573
2026/09/26 14:52:10.632, 22573
2026/09/26 14:52:11.133, 22573
2026/09/26 14:52:11.633, 22573
2026/09/26 14:52:12.133, 22573
2026/09/26 14:52:12.633, 22573
2026/09/26 14:52:13.133, 22573
2026/09/26 14:52:13.633, 22573
2026/09/26 14:52:14.133, 22573
2026/09/26 14:52:14.634, 22573
2026/09/26 14:52:15.134, 22573
2026/09/26 14:52:15.634, 22573
2026/09/26 14:52:16.134, 22573
2026/09/26 14:52:16.634, 22573
2026/09/26 14:52:17.134, 22573
2026/09/26 14:52:17.634, 22573
2026/09/26 14:52:18.135, 22573
2026/09/26 14:52:18.635, 22573
2026/09/26 14:52:19.135, 22573
2026/09/26 14:52:19.635, 22573
2026/09/26 14:52:20.135, 22573
2026/09/26 14:52:20.635, 22573
2026/09/26 14:52:21.135, 22573
2026/09/26 14:52:21.636, 22573
2026/09/26 14:52:22.136, 22573
2026/09/26 14:52:22.636, 22573
2026/09/26 14:52:23.136, 22573
2026/09/26 14:52:23.636, 22573
2026/09/26 14:52:24.136, 22573
2026/09/26 14:52:24.636, 22573
2026/09/26 14:52:25.137, 22573
2026/09/26 14:52:25.637, 22573
2026/09/26 14:52:26.137, 22573
2026/09/26 14:52:26.637, 22573
2026/09/26 14:52:27.137, 22573
2026/09/26 14:52:27.637, 22573
2026/09/26 14:52:28.137, 22573
2026/09/26 14:52:28.638, 22573
2026/09/26 14:52:29.138, 22573
2026/09/26 14:52:29.638, 22573
2026/09/26 14:52:30.138, 22573
2026/09/26 14:52:30.638, 22573
2026/09/26 14:52:31.138, 22573
2026/09/26 14:52:31.638, 22573
2026/09/26 14:52:32.139, 22573
2026/09/26 14:52:32.639, 22573
2026/09/26 14:52:33.139, 22573
2026/09/26 14:52:33.639, 22573
2026/09/26 14:52:34.139, 22573
2026/09/26 14:52:34.639, 22573
2026/09/26 14:52:35.139, 22573
2026/09/26 14:52:35.640, 22573
2026/09/26 14:52:36.140, 22573
2026/09/26 14:52:36.640, 22573
2026/09/26 14:52:37.140, 22573
2026/09/26 14:52:37.640, 22573
2026/09/26 14:52:38.140, 22573
2026/09/26 14:52:38.640, 22573
2026/09/26 14:52:39.141, 22573
2026/09/26 14:52:39.641, 22573
2026/09/26 14:52:40.141, 22573
2026/09/26 14:52:40.641, 22573
2026/09/26 14:52:41.141, 22573
2026/09/26 14:52:41.641, 22573
2026/09/26 14:52:42.141, 22573
2026/09/26 14:52:42.642, 22573
2026/09/26 14:52:43.142, 22573
2026/09/26 14:52:43.642, 22573
2026/09/26 14:52:44.142, 22573
2026/09/26 14:52:44.642, 22573
2026/09/26 14:52:45.142, 22573
2026/09/26 14:52:45.643, 22573
2026/09/26 14:52:46.143, 22573
2026/09/26 14:52:46.643, 22573
2026/09/26 14:52:47.143, 22573
2026/09/26 14:52:47.643, 22573
2026/09/26 14:52:48.143, 22573
2026/09/26 14:52:48.644, 22573
2026/09/26 14:52:49.144, 22573
2026/09/26 14:52:49.644, 22573
2026/09/26 14:52:50.144, 22573
2026/09/26 14:52:50.644, 22573
2026/09/26 14:52:51.144, 22573
2026/09/26 14:52:51.644, 22573
2026/09/26 14:52:52.145, 22573
2026/09/26 14:52:52.645, 22573
2026/09/26 14:52:53.145, 22573
2026/09/26 14:52:53.645, 22573
2026/09/26 14:52:54.145, 22573
2026/09/26 14:52:54.646, 22573
2026/09/26 14:52:55.146, 22573
2026/09/26 14:52:55.646, 22573
2026/09/26 14:52:56.146, 22573
2026/09/26 14:52:56.646, 22573
2026/09/26 14:52:57.146, 22573
2026/09/26 14:52:57.647, 22573
2026/09/26 14:52:58.147, 22573
2026/09/26 14:52:58.647, 22573
2026/09/26 14:52:59.147, 22573
2026/09/26 14:52:59.647, 22573
2026/09/26 14:53:00.147, 22573
2026/09/26 14:53:00.647, 22573
2026/09/26 14:53:01.148, 22573
2026/09/26 14:53:01.648, 22573
2026/09/26 14:53:02.148, 22573
2026/09/26 14:53:02.648, 22573
2026/09/26 14:53:03.148, 22573
2026/09/26 14:53:03.649, 22573
2026/09/26 14:53:04.149, 22573
2026/09/26 14:53:04.649, 22573
2026/09/26 14:53:05.149, 22573
2026/09/26 14:53:05.649, 22573
2026/09/26 14:53:06.149, 22573
2026/09/26 14:53:06.650, 22573
2026/09/26 14:53:07.150, 22573
2026/09/26 14:53:07.650, 22573
2026/09/26 14:53:08.150, 22573
2026/09/26 14:53:08.650, 22573
2026/09/26 14:53:09.150, 22573
2026/09/26 14:53:09.651, 22573
2026/09/26 14:53:10.151, 22573
2026/09/26 14:53:10.651, 22573
2026/09/26 14:53:11.151, 22573
2026/09/26 14:53:11.651, 22573
2026/09/26 14:53:12.152, 22573
2026/09/26 14:53:12.652, 22573
2026/09/26 14:53:13.152, 22573
2026/09/26 14:53:13.652, 22573
2026/09/26 14:53:14.152, 22573
2026/09/26 14:53:14.652, 22573
2026/09/26 14:53:15.153, 22573
2026/09/26 14:53:15.653, 22573
2026/09/26 14:53:16.153, 22573
2026/09/26 14:53:16.653, 22573
2026/09/26 14:53:17.153, 22573
2026/09/26 14:53:17.653, 22573
2026/09/26 14:53:18.154, 22573
2026/09/26 14:53:18.654, 22573
2026/09/26 14:53:19.154, 22573
2026/09/26 14:53:19.654, 22573
2026/09/26 14:53:20.154, 22573
2026/09/26 14:53:20.654, 22573
2026/09/26 14:53:21.154, 22573
2026/09/26 14:53:21.655, 22573
2026/09/26 14:53:22.155, 22573
2026/09/26 14:53:22.655, 22573
2026/09/26 14:53:23.155, 22573
2026/09/26 14:53:23.655, 22573
2026/09/26 14:53:24.155, 22573
2026/09/26 14:53:24.656, 22573
2026/09/26 14:53:25.156, 22573
2026/09/26 14:53:25.656, 22573
2026/09/26 14:53:26.156, 22573
2026/09/26 14:53:26.656, 22573
2026/09/26 14:53:27.156, 22573
2026/09/26 14:53:27.656, 22573
2026/09/26 14:53:28.157, 22573
2026/09/26 14:53:28.657, 22573
2026/09/26 14:53:29.157, 22573
2026/09/26 14:53:29.657, 22573
2026/09/26 14:53:30.157, 22573
2026/09/26 14:53:30.657, 22573
2026/09/26 14:53:31.158, 22573
2026/09/26 14:53:31.658, 22573
2026/09/26 14:53:32.158, 22573
2026/09/26 14:53:32.658, 22573
2026/09/26 14:53:33.158, 22573
2026/09/26 14:53:33.658, 22573
2026/09/26 14:53:34.158, 22573
2026/09/26 14:53:34.659, 22573
2026/09/26 14:53:35.159, 22573
2026/09/26 14:53:35.659, 22573
2026/09/26 14:53:36.159, 22573
2026/09/26 14:53:36.659, 22573
2026/09/26 14:53:37.159, 22573
2026/09/26 14:53:37.659, 22573
2026/09/26 14:53:38.160, 22573
2026/09/26 14:53:38.660, 22573
2026/09/26 14:53:39.160, 22573
2026/09/26 14:53:39.660, 22573
2026/09/26 14:53:40.160, 22573
2026/09/26 14:53:40.660, 22573
2026/09/26 14:53:41.161, 22573
2026/09/26 14:53:41.661, 22573
2026/09/26 14:53:42.161, 22573
2026/09/26 14:53:42.661, 22573
2026/09/26 14:53:43.161, 22573
2026/09/26 14:53:43.661, 22573
2026/09/26 14:53:44.161, 22573
2026/09/26 14:53:44.662, 22573
2026/09/26 14:53:45.162, 22573
2026/09/26 14:53:45.662, 22573
2026/09/26 14:53:46.162, 22573
2026/09/26 14:53:46.662, 22573
2026/09/26 14:53:47.162, 22573
2026/09/26 14:53:47.662, 22573
2026/09/26 14:53:48.163, 22573
2026/09/26 14:53:48.663, 22573
2026/09/26 14:53:49.163, 22573
2026/09/26 14:53:49.663, 22573
2026/09/26 14:53:50.163, 22573
2026/09/26 14:53:50.663, 22573
2026/09/26 14:53:51.164, 22573
2026/09/26 14:53:51.664, 22573
2026/09/26 14:53:52.164, 22573
2026/09/26 14:53:52.664, 22573
2026/09/26 14:53:53.164, 22573
2026/09/26 14:53:53.664, 22573
2026/09/26 14:53:54.164, 22573
2026/09/26 14:53:54.665, 22573
2026/09/26 14:53:55.165, 22573
2026/09/26 14:53:55.665, 22573
2026/09/26 14:53:56.165, 22573
2026/09/26 14:53:56.665, 22573
2026/09/26 14:53:57.165, 22573
2026/09/26 14:53:57.666, 22573
2026/09/26 14:53:58.166, 22573
2026/09/26 14:53:58.666, 22573
2026/09/26 14:53:59.166, 22573
2026/09/26 14:53:59.666, 22573
2026/09/26 14:54:00.166, 22573
2026/09/26 14:54:00.666, 22573
2026/09/26 14:54:01.167, 22573
2026/09/26 14:54:01.667, 22573
2026/09/26 14:54:02.167, 22573
2026/09/26 14:54:02.667, 22573
2026/09/26 14:54:03.167, 22573
2026/09/26 14:54:03.667, 22573
2026/09/26 14:54:04.168, 22573
2026/09/26 14:54:04.668, 22573
2026/09/26 14:54:05.168, 22573
2026/09/26 14:54:05.668, 22573
2026/09/26 14:54:06.168, 22573
2026/09/26 14:54:06.668, 22573
2026/09/26 14:54:07.168, 22573
2026/09/26 14:54:07.669, 22573
2026/09/26 14:54:08.169, 22573
2026/09/26 14:54:08.669, 22573
2026/09/26 14:54:09.169, 22573
2026/09/26 14:54:09.669, 22573
2026/09/26 14:54:10.169, 22573
2026/09/26 14:54:10.670, 22573
2026/09/26 14:54:11.170, 22573
2026/09/26 14:54:11.670, 22573
2026/09/26 14:54:12.170, 22573
2026/09/26 14:54:12.670, 22573
2026/09/26 14:54:13.170, 22573
2026/09/26 14:54:13.671, 22573
2026/09/26 14:54:14.171, 22573
2026/09/26 14:54:14.671, 22573
2026/09/26 14:54:15.171, 22573
2026/09/26 14:54:15.671, 22573
2026/09/26 14:54:16.171, 22573
2026/09/26 14:54:16.671, 22573
2026/09/26 14:54:17.172, 22573
2026/09/26 14:54:17.672, 22573
2026/09/26 14:54:18.172, 22573
2026/09/26 14:54:18.672, 22573
2026/09/26 14:54:19.172, 22573
2026/09/26 14:54:19.672, 22573
2026/09/26 14:54:20.173, 22573
2026/09/26 14:54:20.673, 22573
2026/09/26 14:54:21.173, 22573
2026/09/26 14:54:21.673, 22573
2026/09/26 14:54:22.173, 22573
2026/09/26 14:54:22.673, 22573
2026/09/26 14:54:23.173, 22573
2026/09/26 14:54:23.674, 22573
2026/09/26 14:54:24.174, 22573
2026/09/26 14:54:24.674, 22573
2026/09/26 14:54:25.174, 22573
2026/09/26 14:54:25.674, 22573
2026/09/26 14:54:26.174, 22573
2026/09/26 14:54:26.674, 22573
2026/09/26 14:54:27.175, 22573
2026/09/26 14:54:27.675, 22573
2026/09/26 14:54:28.175, 22573
2026/09/26 14:54:28.675, 22573
2026/09/26 14:54:29.175, 22573
2026/09/26 14:54:29.675, 22573
2026/09/26 14:54:30.175, 22573
2026/09/26 14:54:30.676, 22573
2026/09/26 14:54:31.176, 22573
2026/09/26 14:54:31.676, 22573
2026/09/26 14:54:32.176, 22573
2026/09/26 14:54:32.676, 22573
2026/09/26 14:54:33.176, 22573
2026/09/26 14:54:33.676, 22573
2026/09/26 14:54:34.177, 22573
2026/09/26 14:54:34.677, 22573
2026/09/26 14:54:35.177, 22573
2026/09/26 14:54:35.677, 22573
2026/09/26 14:54:36.177, 22573
2026/09/26 14:54:36.677, 22573
2026/09/26 14:54:37.177, 22573
2026/09/26 14:54:37.678, 22573
2026/09/26 14:54:38.178, 22573
2026/09/26 14:54:38.678, 22573
2026/09/26 14:54:39.178, 22573
2026/09/26 14:54:39.678, 22573
2026/09/26 14:54:40.178, 22573
2026/09/26 14:54:40.679, 22573
2026/09/26 14:54:41.179, 22573
2026/09/26 14:54:41.679, 22573
2026/09/26 14:54:42.179, 22573
2026/09/26 14:54:42.679, 22573
2026/09/26 14:54:43.179, 22573
2026/09/26 14:54:43.679, 22573
2026/09/26 14:54:44.179, 22573
2026/09/26 14:54:44.680, 22573
2026/09/26 14:54:45.180, 22573
2026/09/26 14:54:45.680, 22573
2026/09/26 14:54:46.180, 22573
2026/09/26 14:54:46.680, 22573
2026/09/26 14:54:47.180, 22573
2026/09/26 14:54:47.680, 22573
2026/09/26 14:54:48.181, 22573
2026/09/26 14:54:48.681, 22573
2026/09/26 14:54:49.181, 22573
2026/09/26 14:54:49.681, 22573
2026/09/26 14:54:50.181, 22573
2026/09/26 14:54:50.681, 22573
2026/09/26 14:54:51.189, 22573
2026/09/26 14:54:51.689, 22573
2026/09/26 14:54:52.189, 22573
2026/09/26 14:54:52.689, 22573
2026/09/26 14:54:53.189, 22573
2026/09/26 14:54:53.689, 22573
2026/09/26 14:54:54.190, 22573
2026/09/26 14:54:54.690, 22573
2026/09/26 14:54:55.190, 22573
2026/09/26 14:54:55.690, 22573
2026/09/26 14:54:56.190, 22573
2026/09/26 14:54:56.690, 22573
2026/09/26 14:54:57.191, 22573
2026/09/26 14:54:57.691, 22573
2026/09/26 14:54:58.191, 22573
2026/09/26 14:54:58.691, 22573
2026/09/26 14:54:59.191, 22573
2026/09/26 14:54:59.691, 22573
2026/09/26 14:55:00.191, 22573
2026/09/26 14:55:00.692, 22573
2026/09/26 14:55:01.192, 22573
2026/09/26 14:55:01.692, 22573
2026/09/26 14:55:02.192, 22573
2026/09/26 14:55:02.692, 22573
2026/09/26 14:55:03.192, 22573
2026/09/26 14:55:03.692, 22573
2026/09/26 14:55:04.193, 22573
2026/09/26 14:55:04.693, 22573
2026/09/26 14:55:05.193, 22573
2026/09/26 14:55:05.693, 22573
2026/09/26 14:55:06.193, 22573
2026/09/26 14:55:06.694, 22573
2026/09/26 14:55:07.194, 22573
2026/09/26 14:55:07.694, 22573
2026/09/26 14:55:08.194, 22573
2026/09/26 14:55:08.695, 22573
2026/09/26 14:55:09.195, 22573
2026/09/26 14:55:09.695, 22573
2026/09/26 14:55:10.195, 22573
2026/09/26 14:55:10.695, 22573
2026/09/26 14:55:11.195, 22573
2026/09/26 14:55:11.695, 22573
2026/09/26 14:55:12.196, 22573
2026/09/26 14:55:12.696, 22573
2026/09/26 14:55:13.196, 22573
2026/09/26 14:55:13.696, 22573
2026/09/26 14:55:14.196, 22573
2026/09/26 14:55:14.696, 22573
2026/09/26 14:55:15.196, 22573
2026/09/26 14:55:15.697, 22573
2026/09/26 14:55:16.197, 22573
2026/09/26 14:55:16.697, 22573
2026/09/26 14:55:17.197, 22573
2026/09/26 14:55:17.697, 22573
2026/09/26 14:55:18.197, 22573
2026/09/26 14:55:18.697, 22573
2026/09/26 14:55:19.198, 22573
2026/09/26 14:55:19.698, 22573
2026/09/26 14:55:20.198, 22573
2026/09/26 14:55:20.698, 22573
2026/09/26 14:55:21.198, 22573
2026/09/26 14:55:21.699, 22573
2026/09/26 14:55:22.199, 22573
2026/09/26 14:55:22.699, 22573
2026/09/26 14:55:23.199, 22573
2026/09/26 14:55:23.700, 22573
2026/09/26 14:55:24.200, 22573
2026/09/26 14:55:24.700, 22573
2026/09/26 14:55:25.200, 22573
2026/09/26 14:55:25.700, 22573
2026/09/26 14:55:26.200, 22573
2026/09/26 14:55:26.700, 22573
2026/09/26 14:55:27.201, 22573
2026/09/26 14:55:27.701, 22573
2026/09/26 14:55:28.201, 22573
2026/09/26 14:55:28.701, 22573
2026/09/26 14:55:29.201, 22573
2026/09/26 14:55:29.701, 22573
2026/09/26 14:55:30.201, 22573
2026/09/26 14:55:30.701, 22573
2026/09/26 14:55:31.202, 22573
2026/09/26 14:55:31.702, 22573
2026/09/26 14:55:32.202, 22573
2026/09/26 14:55:32.702, 22573
2026/09/26 14:55:33.202, 22573
2026/09/26 14:55:33.702, 22573
2026/09/26 14:55:34.202, 22573
2026/09/26 14:55:34.703, 22573
2026/09/26 14:55:35.203, 22573
2026/09/26 14:55:35.703, 22573
2026/09/26 14:55:36.203, 22573
2026/09/26 14:55:36.703, 22573
2026/09/26 14:55:37.203, 22573
2026/09/26 14:55:37.703, 22573
2026/09/26 14:55:38.204, 22573
2026/09/26 14:55:38.704, 22573
2026/09/26 14:55:39.204, 22573
2026/09/26 14:55:39.704, 22573
2026/09/26 14:55:40.204, 22573
2026/09/26 14:55:40.704, 22573
2026/09/26 14:55:41.204, 22573
2026/09/26 14:55:41.705, 22573
2026/09/26 14:55:42.205, 22573
2026/09/26 14:55:42.705, 22573
2026/09/26 14:55:43.205, 22573
2026/09/26 14:55:43.705, 22573
2026/09/26 14:55:44.205, 22573
2026/09/26 14:55:44.705, 22573
2026/09/26 14:55:45.206, 22573
2026/09/26 14:55:45.706, 22573
2026/09/26 14:55:46.206, 22573
2026/09/26 14:55:46.706, 22573
2026/09/26 14:55:47.206, 22573
2026/09/26 14:55:47.706, 22573
2026/09/26 14:55:48.206, 22573
2026/09/26 14:55:48.707, 22573
2026/09/26 14:55:49.207, 22573
2026/09/26 14:55:49.707, 22573
2026/09/26 14:55:50.207, 22573
2026/09/26 14:55:50.707, 22573
2026/09/26 14:55:51.207, 22573
2026/09/26 14:55:51.707, 22573
2026/09/26 14:55:52.208, 22573
2026/09/26 14:55:52.708, 22573
2026/09/26 14:55:53.208, 22573
2026/09/26 14:55:53.708, 22573
2026/09/26 14:55:54.208, 22573
2026/09/26 14:55:54.708, 22573
2026/09/26 14:55:55.208, 22573
2026/09/26 14:55:55.709, 22573
2026/09/26 14:55:56.209, 22573
2026/09/26 14:55:56.709, 22573
2026/09/26 14:55:57.209, 22573
2026/09/26 14:55:57.709, 22573
2026/09/26 14:55:58.209, 22573
2026/09/26 14:55:58.709, 22573
2026/09/26 14:55:59.210, 22573
2026/09/26 14:55:59.710, 22573
2026/09/26 14:56:00.210, 22573
2026/09/26 14:56:00.710, 22573
2026/09/26 14:56:01.210, 22573
2026/09/26 14:56:01.710, 22573
2026/09/26 14:56:02.211, 22573
2026/09/26 14:56:02.711, 22573
2026/09/26 14:56:03.211, 22573
2026/09/26 14:56:03.711, 22573
2026/09/26 14:56:04.211, 22573
2026/09/26 14:56:04.712, 22573
2026/09/26 14:56:05.212, 22573
2026/09/26 14:56:05.712, 22573
2026/09/26 14:56:06.212, 22573
2026/09/26 14:56:06.712, 22573
2026/09/26 14:56:07.212, 22573
2026/09/26 14:56:07.713, 22573
2026/09/26 14:56:08.213, 22573
2026/09/26 14:56:08.713, 22573
2026/09/26 14:56:09.213, 22573
2026/09/26 14:56:09.713, 22573
2026/09/26 14:56:10.213, 22573
2026/09/26 14:56:10.714, 22573
2026/09/26 14:56:11.214, 22573
2026/09/26 14:56:11.714, 22573
2026/09/26 14:56:12.214, 22573
2026/09/26 14:56:12.714, 22573
2026/09/26 14:56:13.214, 22573
2026/09/26 14:56:13.714, 22573
2026/09/26 14:56:14.215, 22573
2026/09/26 14:56:14.715, 22573
2026/09/26 14:56:15.215, 22573
2026/09/26 14:56:15.715, 22573
2026/09/26 14:56:16.215, 22573
2026/09/26 14:56:16.716, 22573
2026/09/26 14:56:17.216, 22573
2026/09/26 14:56:17.716, 22573
2026/09/26 14:56:18.216, 22573
2026/09/26 14:56:18.716, 22573
2026/09/26 14:56:19.216, 22573
2026/09/26 14:56:19.717, 22573
2026/09/26 14:56:20.217, 22573
2026/09/26 14:56:20.717, 22573
2026/09/26 14:56:21.217, 22573
2026/09/26 14:56:21.717, 22573
2026/09/26 14:56:22.217, 22573
2026/09/26 14:56:22.718, 22573
2026/09/26 14:56:23.218, 22573
2026/09/26 14:56:23.718, 22573
2026/09/26 14:56:24.218, 22573
2026/09/26 14:56:24.718, 22573
2026/09/26 14:56:25.218, 22573
2026/09/26 14:56:25.719, 22573
2026/09/26 14:56:26.219, 22573
2026/09/26 14:56:26.719, 22573
2026/09/26 14:56:27.219, 22573
2026/09/26 14:56:27.719, 22573
2026/09/26 14:56:28.219, 22573
2026/09/26 14:56:28.720, 22573
2026/09/26 14:56:29.220, 22573
2026/09/26 14:56:29.720, 22573
2026/09/26 14:56:30.220, 22573
2026/09/26 14:56:30.720, 22573
2026/09/26 14:56:31.220, 22573
2026/09/26 14:56:31.720, 22573
2026/09/26 14:56:32.221, 22573
2026/09/26 14:56:32.721, 22573
2026/09/26 14:56:33.221, 22573
2026/09/26 14:56:33.721, 22573
2026/09/26 14:56:34.221, 22573
2026/09/26 14:56:34.721, 22573
2026/09/26 14:56:35.222, 22573
2026/09/26 14:56:35.722, 22573
2026/09/26 14:56:36.222, 22573
2026/09/26 14:56:36.722, 22573
2026/09/26 14:56:37.222, 22573
2026/09/26 14:56:37.722, 22573
2026/09/26 14:56:38.223, 22573
2026/09/26 14:56:38.723, 22573
2026/09/26 14:56:39.223, 22573
2026/09/26 14:56:39.723, 22573
2026/09/26 14:56:40.223, 22573
2026/09/26 14:56:40.723, 22573
2026/09/26 14:56:41.224, 22573
2026/09/26 14:56:41.724, 22573
2026/09/26 14:56:42.224, 22573
2026/09/26 14:56:42.724, 22573
2026/09/26 14:56:43.224, 22573
2026/09/26 14:56:43.724, 22573
2026/09/26 14:56:44.225, 22573
2026/09/26 14:56:44.725, 22573
2026/09/26 14:56:45.225, 22573
2026/09/26 14:56:45.725, 22573
2026/09/26 14:56:46.225, 22573
2026/09/26 14:56:46.725, 22573
2026/09/26 14:56:47.226, 22573
2026/09/26 14:56:47.726, 22573
2026/09/26 14:56:48.226, 22573
2026/09/26 14:56:48.726, 22573
2026/09/26 14:56:49.226, 22573
2026/09/26 14:56:49.726, 22573
2026/09/26 14:56:50.227, 22573
2026/09/26 14:56:50.727, 22573
2026/09/26 14:56:51.227, 22573
2026/09/26 14:56:51.727, 22573
2026/09/26 14:56:52.227, 22573
2026/09/26 14:56:52.727, 22573
2026/09/26 14:56:53.228, 22573
2026/09/26 14:56:53.728, 22573
2026/09/26 14:56:54.228, 22573
2026/09/26 14:56:54.728, 22573
2026/09/26 14:56:55.228, 22573
2026/09/26 14:56:55.728, 22573
2026/09/26 14:56:56.228, 22573
2026/09/26 14:56:56.729, 22573
2026/09/26 14:56:57.229, 22573
2026/09/26 14:56:57.729, 22573
2026/09/26 14:56:58.229, 22573
2026/09/26 14:56:58.729, 22573
2026/09/26 14:56:59.229, 22573
2026/09/26 14:56:59.730, 22573
2026/09/26 14:57:00.230, 22573
2026/09/26 14:57:00.730, 22573
2026/09/26 14:57:01.230, 22573
2026/09/26 14:57:01.730, 22573
2026/09/26 14:57:02.230, 22573
2026/09/26 14:57:02.731, 22573
2026/09/26 14:57:03.231, 22573
2026/09/26 14:57:03.731, 22573
2026/09/26 14:57:04.231, 22573
2026/09/26 14:57:04.731, 22573
2026/09/26 14:57:05.231, 22573
2026/09/26 14:57:05.732, 22573
2026/09/26 14:57:06.232, 22573
2026/09/26 14:57:06.732, 22573
2026/09/26 14:57:07.232, 22573
2026/09/26 14:57:07.732, 22573
2026/09/26 14:57:08.232, 22573
2026/09/26 14:57:08.732, 22573
2026/09/26 14:57:09.233, 22573
2026/09/26 14:57:09.733, 22573
2026/09/26 14:57:10.233, 22573
2026/09/26 14:57:10.733, 22573
2026/09/26 14:57:11.233, 22573
2026/09/26 14:57:11.733, 22573
2026/09/26 14:57:12.234, 22573
2026/09/26 14:57:12.734, 22573
2026/09/26 14:57:13.234, 22573
2026/09/26 14:57:13.734, 22573
2026/09/26 14:57:14.234, 22573
2026/09/26 14:57:14.734, 22573
2026/09/26 14:57:15.234, 22573
2026/09/26 14:57:15.735, 22573
2026/09/26 14:57:16.235, 22573
2026/09/26 14:57:16.735, 22573
2026/09/26 14:57:17.235, 22573
2026/09/26 14:57:17.735, 22573
2026/09/26 14:57:18.235, 22573
2026/09/26 14:57:18.736, 22573
2026/09/26 14:57:19.236, 22573
2026/09/26 14:57:19.736, 22573
2026/09/26 14:57:20.236, 22573
2026/09/26 14:57:20.736, 22573
2026/09/26 14:57:21.236, 22573
2026/09/26 14:57:21.736, 22573
2026/09/26 14:57:22.237, 22573
2026/09/26 14:57:22.737, 22573
2026/09/26 14:57:23.237, 22573
2026/09/26 14:57:23.737, 22573
2026/09/26 14:57:24.237, 22573
2026/09/26 14:57:24.737, 22573
2026/09/26 14:57:25.238, 22573
2026/09/26 14:57:25.738, 22573
2026/09/26 14:57:26.238, 22573
2026/09/26 14:57:26.738, 22573
2026/09/26 14:57:27.238, 22573
2026/09/26 14:57:27.738, 22573
2026/09/26 14:57:28.238, 22573
2026/09/26 14:57:28.739, 22573
2026/09/26 14:57:29.239, 22573
2026/09/26 14:57:29.739, 22573
2026/09/26 14:57:30.239, 22573
2026/09/26 14:57:30.739, 22573
2026/09/26 14:57:31.239, 22573
2026/09/26 14:57:31.739, 22573
2026/09/26 14:57:32.239, 22573
2026/09/26 14:57:32.740, 22573
2026/09/26 14:57:33.240, 22573
2026/09/26 14:57:33.740, 22573
2026/09/26 14:57:34.240, 22573
2026/09/26 14:57:34.740, 22573
2026/09/26 14:57:35.240, 22573
2026/09/26 14:57:35.740, 22573
2026/09/26 14:57:36.241, 22573
2026/09/26 14:57:36.741, 22573
2026/09/26 14:57:37.241, 22573
2026/09/26 14:57:37.741, 22573
2026/09/26 14:57:38.241, 22573
2026/09/26 14:57:38.741, 22573
2026/09/26 14:57:39.241, 22573
2026/09/26 14:57:39.742, 22573
2026/09/26 14:57:40.242, 22573
2026/09/26 14:57:40.742, 22573
2026/09/26 14:57:41.242, 22573
2026/09/26 14:57:41.742, 22573
2026/09/26 14:57:42.242, 22573
2026/09/26 14:57:42.742, 22573
2026/09/26 14:57:43.243, 22573
2026/09/26 14:57:43.743, 22573
2026/09/26 14:57:44.243, 22573
2026/09/26 14:57:44.743, 22573
2026/09/26 14:57:45.243, 22573
2026/09/26 14:57:45.743, 22573
2026/09/26 14:57:46.244, 22573
2026/09/26 14:57:46.744, 22573
2026/09/26 14:57:47.244, 22573
2026/09/26 14:57:47.744, 22573
2026/09/26 14:57:48.244, 22573
2026/09/26 14:57:48.744, 22573
2026/09/26 14:57:49.245, 22573
2026/09/26 14:57:49.745, 22573
2026/09/26 14:57:50.245, 22573
2026/09/26 14:57:50.745, 22573
2026/09/26 14:57:51.245, 22573
2026/09/26 14:57:51.745, 22573
2026/09/26 14:57:52.245, 22573
2026/09/26 14:57:52.746, 22573
2026/09/26 14:57:53.246, 22573
2026/09/26 14:57:53.746, 22573
2026/09/26 14:57:54.246, 22573
2026/09/26 14:57:54.746, 22573
2026/09/26 14:57:55.246, 22573
2026/09/26 14:57:55.747, 22573
2026/09/26 14:57:56.247, 22573
2026/09/26 14:57:56.747, 22573
2026/09/26 14:57:57.247, 22573
2026/09/26 14:57:57.747, 22573
2026/09/26 14:57:58.247, 22573
2026/09/26 14:57:58.748, 22573
2026/09/26 14:57:59.248, 22573
2026/09/26 14:57:59.748, 22573
2026/09/26 14:58:00.248, 22573
2026/09/26 14:58:00.748, 22573
2026/09/26 14:58:01.248, 22573
2026/09/26 14:58:01.748, 22573
2026/09/26 14:58:02.249, 22573
2026/09/26 14:58:02.749, 22573
2026/09/26 14:58:03.249, 22573
2026/09/26 14:58:03.749, 22573
2026/09/26 14:58:04.249, 22573
2026/09/26 14:58:04.749, 22573
2026/09/26 14:58:05.249, 22573
2026/09/26 14:58:05.750, 22573
2026/09/26 14:58:06.250, 22573
2026/09/26 14:58:06.750, 22573
2026/09/26 14:58:07.250, 22573
2026/09/26 14:58:07.750, 22573
2026/09/26 14:58:08.250, 22573
2026/09/26 14:58:08.750, 22573
2026/09/26 14:58:09.251, 22573
2026/09/26 14:58:09.751, 22573
2026/09/26 14:58:10.251, 22573
2026/09/26 14:58:10.751, 22573
2026/09/26 14:58:11.251, 22573
2026/09/26 14:58:11.751, 22573
2026/09/26 14:58:12.251, 22573
2026/09/26 14:58:12.751, 22573
2026/09/26 14:58:13.252, 22573
2026/09/26 14:58:13.752, 22573
2026/09/26 14:58:14.252, 22573
2026/09/26 14:58:14.752, 22573
2026/09/26 14:58:15.252, 22573
2026/09/26 14:58:15.752, 22963
2026/09/26 14:58:16.253, 22963
2026/09/26 14:58:16.753, 22573
2026/09/26 14:58:17.253, 22573
2026/09/26 14:58:17.753, 22573
2026/09/26 14:58:18.253, 22573
2026/09/26 14:58:18.753, 22573
2026/09/26 14:58:19.253, 22573
2026/09/26 14:58:19.754, 22573
2026/09/26 14:58:20.254, 22573
2026/09/26 14:58:20.754, 22573
2026/09/26 14:58:21.254, 22573
2026/09/26 14:58:21.754, 22573
2026/09/26 14:58:22.254, 22573
2026/09/26 14:58:22.754, 22573
2026/09/26 14:58:23.255, 22573
2026/09/26 14:58:23.755, 22573
2026/09/26 14:58:24.255, 22573
2026/09/26 14:58:24.755, 22573
2026/09/26 14:58:25.255, 22573
2026/09/26 14:58:25.755, 22573
2026/09/26 14:58:26.255, 22573
2026/09/26 14:58:26.756, 22573
2026/09/26 14:58:27.256, 22573
2026/09/26 14:58:27.756, 22573
2026/09/26 14:58:28.256, 22573
2026/09/26 14:58:28.756, 22573
2026/09/26 14:58:29.256, 22573
2026/09/26 14:58:29.756, 22573
2026/09/26 14:58:30.257, 22573
2026/09/26 14:58:30.757, 22573
2026/09/26 14:58:31.257, 22573
2026/09/26 14:58:31.757, 22573
2026/09/26 14:58:32.257, 22573
2026/09/26 14:58:32.757, 22573
2026/09/26 14:58:33.258, 22573
2026/09/26 14:58:33.758, 22573
2026/09/26 14:58:34.258, 22573
2026/09/26 14:58:34.758, 22573
2026/09/26 14:58:35.258, 22573
2026/09/26 14:58:35.758, 22573
2026/09/26 14:58:36.258, 22573
2026/09/26 14:58:36.759, 22573
2026/09/26 14:58:37.259, 22573
2026/09/26 14:58:37.759, 22573
2026/09/26 14:58:38.259, 22573
2026/09/26 14:58:38.759, 22573
2026/09/26 14:58:39.259, 22573
2026/09/26 14:58:39.759, 22573
2026/09/26 14:58:40.260, 22573
2026/09/26 14:58:40.760, 22573
2026/09/26 14:58:41.260, 22573
2026/09/26 14:58:41.760, 22573
2026/09/26 14:58:42.260, 22573
2026/09/26 14:58:42.760, 22573
2026/09/26 14:58:43.261, 22573
2026/09/26 14:58:43.761, 22573
2026/09/26 14:58:44.261, 22573
2026/09/26 14:58:44.761, 22573
2026/09/26 14:58:45.261, 22573
2026/09/26 14:58:45.761, 22573
2026/09/26 14:58:46.261, 22573
2026/09/26 14:58:46.762, 22573
2026/09/26 14:58:47.262, 22573
2026/09/26 14:58:47.762, 22573
2026/09/26 14:58:48.262, 22573
2026/09/26 14:58:48.762, 22573
2026/09/26 14:58:49.262, 22573
2026/09/26 14:58:49.762, 22573
2026/09/26 14:58:50.263, 22573
2026/09/26 14:58:50.763, 22573
2026/09/26 14:58:51.263, 22573
2026/09/26 14:58:51.763, 22573
2026/09/26 14:58:52.263, 22573
2026/09/26 14:58:52.763, 22573
2026/09/26 14:58:53.263, 22573
2026/09/26 14:58:53.764, 22573
2026/09/26 14:58:54.264, 22573
2026/09/26 14:58:54.764, 22573
2026/09/26 14:58:55.264, 22573
2026/09/26 14:58:55.764, 22573
2026/09/26 14:58:56.264, 22573
2026/09/26 14:58:56.764, 22573
2026/09/26 14:58:57.265, 22573
2026/09/26 14:58:57.765, 22573
2026/09/26 14:58:58.265, 22573
2026/09/26 14:58:58.765, 22573
2026/09/26 14:58:59.265, 22573
2026/09/26 14:58:59.766, 22573
2026/09/26 14:59:00.266, 22573
2026/09/26 14:59:00.766, 22573
2026/09/26 14:59:01.266, 22573
2026/09/26 14:59:01.766, 22573
2026/09/26 14:59:02.266, 22573
2026/09/26 14:59:02.766, 22573
2026/09/26 14:59:03.267, 22573
2026/09/26 14:59:03.767, 22573
2026/09/26 14:59:04.267, 22573
2026/09/26 14:59:04.767, 22573
2026/09/26 14:59:05.267, 22573
2026/09/26 14:59:05.767, 22573
2026/09/26 14:59:06.267, 22573
2026/09/26 14:59:06.768, 22573
2026/09/26 14:59:07.268, 22573
2026/09/26 14:59:07.768, 22573
2026/09/26 14:59:08.268, 22573
2026/09/26 14:59:08.768, 22573
2026/09/26 14:59:09.268, 22573
2026/09/26 14:59:09.769, 22573
2026/09/26 14:59:10.269, 22573
2026/09/26 14:59:10.769, 22573
2026/09/26 14:59:11.269, 22573
2026/09/26 14:59:11.769, 22573
2026/09/26 14:59:12.269, 22573
2026/09/26 14:59:12.770, 22573
2026/09/26 14:59:13.270, 22573
2026/09/26 14:59:13.770, 22573
2026/09/26 14:59:14.270, 22573
2026/09/26 14:59:14.770, 22573
2026/09/26 14:59:15.270, 22573
2026/09/26 14:59:15.771, 22573
2026/09/26 14:59:16.271, 22573
2026/09/26 14:59:16.771, 22573
2026/09/26 14:59:17.271, 22573
2026/09/26 14:59:17.772, 22573
2026/09/26 14:59:18.272, 22573
2026/09/26 14:59:18.772, 22573
2026/09/26 14:59:19.272, 22573
2026/09/26 14:59:19.772, 22573
2026/09/26 14:59:20.273, 22573
2026/09/26 14:59:20.773, 22573
2026/09/26 14:59:21.273, 22573
2026/09/26 14:59:21.773, 22573
2026/09/26 14:59:22.273, 22573
2026/09/26 14:59:22.773, 22573
2026/09/26 14:59:23.274, 22573
2026/09/26 14:59:23.774, 22573
2026/09/26 14:59:24.274, 22573
2026/09/26 14:59:24.774, 22573
2026/09/26 14:59:25.275, 22573
2026/09/26 14:59:25.775, 22573
2026/09/26 14:59:26.275, 22573
2026/09/26 14:59:26.775, 22573
2026/09/26 14:59:27.275, 22573
2026/09/26 14:59:27.775, 22573
2026/09/26 14:59:28.276, 22573
2026/09/26 14:59:28.776, 22573
2026/09/26 14:59:29.276, 22573
2026/09/26 14:59:29.776, 22573
2026/09/26 14:59:30.276, 22573
2026/09/26 14:59:30.777, 22573
2026/09/26 14:59:31.277, 22573
2026/09/26 14:59:31.777, 22573
2026/09/26 14:59:32.277, 22573
2026/09/26 14:59:32.777, 22573
2026/09/26 14:59:33.277, 22573
2026/09/26 14:59:33.778, 22573
2026/09/26 14:59:34.278, 22573
2026/09/26 14:59:34.778, 22573
2026/09/26 14:59:35.278, 22573
2026/09/26 14:59:35.778, 22573
2026/09/26 14:59:36.278, 22573
2026/09/26 14:59:36.778, 22573
2026/09/26 14:59:37.279, 22573
2026/09/26 14:59:37.779, 22573
2026/09/26 14:59:38.279, 22573
2026/09/26 14:59:38.779, 22573
2026/09/26 14:59:39.279, 22573
2026/09/26 14:59:39.779, 22573
2026/09/26 14:59:40.279, 22573
2026/09/26 14:59:40.780, 22573
2026/09/26 14:59:41.280, 22573
2026/09/26 14:59:41.780, 22573
2026/09/26 14:59:42.280, 22573
2026/09/26 14:59:42.780, 22573
2026/09/26 14:59:43.280, 22573
2026/09/26 14:59:43.781, 22573
2026/09/26 14:59:44.281, 22573
2026/09/26 14:59:44.781, 22573
2026/09/26 14:59:45.281, 22573
2026/09/26 14:59:45.781, 22573
2026/09/26 14:59:46.281, 22573
2026/09/26 14:59:46.781, 22573
2026/09/26 14:59:47.282, 22573
2026/09/26 14:59:47.782, 22573
2026/09/26 14:59:48.282, 22573
2026/09/26 14:59:48.782, 22573
2026/09/26 14:59:49.282, 22573
2026/09/26 14:59:49.782, 22573
2026/09/26 14:59:50.282, 22573
2026/09/26 14:59:50.783, 22573
2026/09/26 14:59:51.283, 22573
2026/09/26 14:59:51.783, 22573
2026/09/26 14:59:52.283, 22573
2026/09/26 14:59:52.783, 22573
2026/09/26 14:59:53.283, 22573
2026/09/26 14:59:53.784, 22573
2026/09/26 14:59:54.284, 22573
2026/09/26 14:59:54.784, 22573
2026/09/26 14:59:55.284, 22573
2026/09/26 14:59:55.784, 22573
2026/09/26 14:59:56.284, 22573
2026/09/26 14:59:56.784, 22573
2026/09/26 14:59:57.285, 22573
2026/09/26 14:59:57.785, 22573
2026/09/26 14:59:58.285, 22573
2026/09/26 14:59:58.785, 22573
2026/09/26 14:59:59.285, 22573
2026/09/26 14:59:59.785, 22573
2026/09/26 15:00:00.286, 22573
2026/09/26 15:00:00.786, 22573
2026/09/26 15:00:01.286, 22573
2026/09/26 15:00:01.786, 22573
2026/09/26 15:00:02.286, 22573
2026/09/26 15:00:02.787, 22573
2026/09/26 15:00:03.287, 22573
2026/09/26 15:00:03.787, 22573
2026/09/26 15:00:04.287, 22573
2026/09/26 15:00:04.787, 22573
2026/09/26 15:00:05.287, 22573
2026/09/26 15:00:05.788, 22573
2026/09/26 15:00:06.288, 22573
2026/09/26 15:00:06.788, 22573
2026/09/26 15:00:07.288, 22573
2026/09/26 15:00:07.788, 22573
2026/09/26 15:00:08.288, 22573
2026/09/26 15:00:08.789, 22573
2026/09/26 15:00:09.289, 22573
2026/09/26 15:00:09.789, 22573
2026/09/26 15:00:10.289, 22573
2026/09/26 15:00:10.789, 22573
2026/09/26 15:00:11.289, 22573
2026/09/26 15:00:11.790, 22573
2026/09/26 15:00:12.290, 22573
2026/09/26 15:00:12.790, 22573
2026/09/26 15:00:13.290, 22573
2026/09/26 15:00:13.790, 22573
2026/09/26 15:00:14.290, 22573
2026/09/26 15:00:14.791, 22573
2026/09/26 15:00:15.291, 22573
2026/09/26 15:00:15.791, 22573
2026/09/26 15:00:16.291, 22573
2026/09/26 15:00:16.791, 22573
2026/09/26 15:00:17.291, 22573
2026/09/26 15:00:17.792, 22573
2026/09/26 15:00:18.292, 22573
2026/09/26 15:00:18.792, 22573
2026/09/26 15:00:19.292, 22573
2026/09/26 15:00:19.792, 22573
2026/09/26 15:00:20.292, 22573
2026/09/26 15:00:20.792, 22573
2026/09/26 15:00:21.293, 22573
2026/09/26 15:00:21.793, 22573
2026/09/26 15:00:22.293, 22573
2026/09/26 15:00:22.793, 22573
2026/09/26 15:00:23.293, 22573
2026/09/26 15:00:23.793, 22573
2026/09/26 15:00:24.294, 22573
2026/09/26 15:00:24.794, 22573
2026/09/26 15:00:25.294, 22573
2026/09/26 15:00:25.794, 22573
2026/09/26 15:00:26.294, 22573
2026/09/26 15:00:26.794, 22573
2026/09/26 15:00:27.295, 22573
2026/09/26 15:00:27.795, 22573
2026/09/26 15:00:28.295, 22573
2026/09/26 15:00:28.795, 22573
2026/09/26 15:00:29.295, 22573
2026/09/26 15:00:29.795, 22573
2026/09/26 15:00:30.296, 22573
2026/09/26 15:00:30.796, 22573
2026/09/26 15:00:31.296, 22573
2026/09/26 15:00:31.796, 22573
2026/09/26 15:00:32.296, 22573
2026/09/26 15:00:32.796, 22573
2026/09/26 15:00:33.296, 22573
2026/09/26 15:00:33.797, 22573
2026/09/26 15:00:34.297, 22573
2026/09/26 15:00:34.797, 22573
2026/09/26 15:00:35.297, 22573
2026/09/26 15:00:35.797, 22573
2026/09/26 15:00:36.297, 22573
2026/09/26 15:00:36.797, 22573
2026/09/26 15:00:37.298, 22573
2026/09/26 15:00:37.798, 22573
2026/09/26 15:00:38.298, 22573
2026/09/26 15:00:38.798, 22573
2026/09/26 15:00:39.298, 22573
2026/09/26 15:00:39.798, 22573
2026/09/26 15:00:40.299, 22573
2026/09/26 15:00:40.799, 22573
2026/09/26 15:00:41.299, 22573
2026/09/26 15:00:41.799, 22573
2026/09/26 15:00:42.299, 22573
2026/09/26 15:00:42.799, 22573
2026/09/26 15:00:43.299, 22573
2026/09/26 15:00:43.800, 22573
2026/09/26 15:00:44.300, 22573
2026/09/26 15:00:44.800, 22573
2026/09/26 15:00:45.300, 22573
2026/09/26 15:00:45.800, 22573
2026/09/26 15:00:46.300, 22573
2026/09/26 15:00:46.800, 22573
2026/09/26 15:00:47.301, 22573
2026/09/26 15:00:47.801, 22573
2026/09/26 15:00:48.301, 22573
2026/09/26 15:00:48.801, 22573
2026/09/26 15:00:49.301, 22573
2026/09/26 15:00:49.801, 22573
2026/09/26 15:00:50.302, 22573
2026/09/26 15:00:50.802, 22573
2026/09/26 15:00:51.302, 22573
2026/09/26 15:00:51.802, 22573
2026/09/26 15:00:52.302, 22573
2026/09/26 15:00:52.802, 22573
2026/09/26 15:00:53.303, 22573
2026/09/26 15:00:53.803, 22573
2026/09/26 15:00:54.303, 22573
2026/09/26 15:00:54.803, 22573
2026/09/26 15:00:55.303, 22573
2026/09/26 15:00:55.803, 22573
2026/09/26 15:00:56.304, 22573
2026/09/26 15:00:56.804, 22573
2026/09/26 15:00:57.304, 22573
2026/09/26 15:00:57.804, 22573
2026/09/26 15:00:58.304, 22573
2026/09/26 15:00:58.804, 22573
2026/09/26 15:00:59.304, 22573
2026/09/26 15:00:59.805, 22573
2026/09/26 15:01:00.305, 22573
2026/09/26 15:01:00.805, 22573
2026/09/26 15:01:01.305, 22573
2026/09/26 15:01:01.805, 22573
2026/09/26 15:01:02.305, 22573
2026/09/26 15:01:02.806, 22573
2026/09/26 15:01:03.306, 22573
2026/09/26 15:01:03.806, 22573
2026/09/26 15:01:04.306, 22573
2026/09/26 15:01:04.806, 22573
2026/09/26 15:01:05.306, 22573
2026/09/26 15:01:05.807, 22573
2026/09/26 15:01:06.307, 22573
2026/09/26 15:01:06.807, 22573
2026/09/26 15:01:07.307, 22573
2026/09/26 15:01:07.807, 22573
2026/09/26 15:01:08.307, 22573
2026/09/26 15:01:08.808, 22573
2026/09/26 15:01:09.308, 22573
2026/09/26 15:01:09.808, 22573
2026/09/26 15:01:10.308, 22573
2026/09/26 15:01:10.808, 22573
2026/09/26 15:01:11.308, 22573
2026/09/26 15:01:11.808, 22573
2026/09/26 15:01:12.309, 22573
2026/09/26 15:01:12.809, 22573
2026/09/26 15:01:13.309, 22573
2026/09/26 15:01:13.809, 22573
2026/09/26 15:01:14.309, 22573
2026/09/26 15:01:14.809, 22573
2026/09/26 15:01:15.309, 22573
2026/09/26 15:01:15.810, 22573
2026/09/26 15:01:16.310, 22573
2026/09/26 15:01:16.810, 22573
2026/09/26 15:01:17.310, 22573
2026/09/26 15:01:17.810, 22573
2026/09/26 15:01:18.310, 22573
2026/09/26 15:01:18.810, 22573
2026/09/26 15:01:19.311, 22573
2026/09/26 15:01:19.811, 22573
2026/09/26 15:01:20.311, 22573
2026/09/26 15:01:20.811, 22573
2026/09/26 15:01:21.311, 22573
2026/09/26 15:01:21.811, 22573
2026/09/26 15:01:22.311, 22573
2026/09/26 15:01:22.812, 22573
2026/09/26 15:01:23.312, 22573
2026/09/26 15:01:23.812, 22573
2026/09/26 15:01:24.312, 22573
2026/09/26 15:01:24.812, 22573
2026/09/26 15:01:25.312, 22573
2026/09/26 15:01:25.812, 22573
2026/09/26 15:01:26.313, 22573
2026/09/26 15:01:26.813, 22573
2026/09/26 15:01:27.313, 22573
2026/09/26 15:01:27.813, 22573
2026/09/26 15:01:28.313, 22573
2026/09/26 15:01:28.813, 22573
2026/09/26 15:01:29.314, 22573
2026/09/26 15:01:29.814, 22573
2026/09/26 15:01:30.314, 22573
2026/09/26 15:01:30.814, 22573
2026/09/26 15:01:31.314, 22573
2026/09/26 15:01:31.814, 22573
2026/09/26 15:01:32.315, 22573
2026/09/26 15:01:32.815, 22573
2026/09/26 15:01:33.315, 22573
2026/09/26 15:01:33.815, 22573
2026/09/26 15:01:34.315, 22573
2026/09/26 15:01:34.815, 22573
2026/09/26 15:01:35.315, 22573
2026/09/26 15:01:35.815, 22573
2026/09/26 15:01:36.316, 22573
2026/09/26 15:01:36.816, 22573
2026/09/26 15:01:37.316, 22573
2026/09/26 15:01:37.816, 22573
2026/09/26 15:01:38.316, 22573
2026/09/26 15:01:38.816, 22573
2026/09/26 15:01:39.316, 22573
2026/09/26 15:01:39.817, 22573
2026/09/26 15:01:40.317, 22573
2026/09/26 15:01:40.817, 22573
2026/09/26 15:01:41.317, 22573
2026/09/26 15:01:41.817, 22573
2026/09/26 15:01:42.317, 22573
2026/09/26 15:01:42.817, 22573
2026/09/26 15:01:43.318, 22573
2026/09/26 15:01:43.818, 22573
2026/09/26 15:01:44.318, 22573
2026/09/26 15:01:44.818, 22573
2026/09/26 15:01:45.318, 22573
2026/09/26 15:01:45.818, 22573
2026/09/26 15:01:46.318, 22573
2026/09/26 15:01:46.819, 22573
2026/09/26 15:01:47.319, 22573
2026/09/26 15:01:47.819, 22573
2026/09/26 15:01:48.319, 22573
2026/09/26 15:01:48.819, 22573
2026/09/26 15:01:49.319, 22573
2026/09/26 15:01:49.819, 22573
2026/09/26 15:01:50.320, 22573
2026/09/26 15:01:50.820, 22573
2026/09/26 15:01:51.320, 22573
2026/09/26 15:01:51.820, 22573
2026/09/26 15:01:52.320, 22573
2026/09/26 15:01:52.820, 22573
2026/09/26 15:01:53.321, 22573
2026/09/26 15:01:53.821, 22573
2026/09/26 15:01:54.321, 22573
2026/09/26 15:01:54.821, 22573
2026/09/26 15:01:55.321, 22573
2026/09/26 15:01:55.821, 22573
2026/09/26 15:01:56.322, 22573
2026/09/26 15:01:56.822, 22573
2026/09/26 15:01:57.322, 22573
2026/09/26 15:01:57.822, 22573
2026/09/26 15:01:58.322, 22573
2026/09/26 15:01:58.822, 22573
2026/09/26 15:01:59.322, 22573
2026/09/26 15:01:59.823, 22573
2026/09/26 15:02:00.323, 22573
2026/09/26 15:02:00.823, 22573
2026/09/26 15:02:01.323, 22573
2026/09/26 15:02:01.823, 22573
2026/09/26 15:02:02.323, 22573
2026/09/26 15:02:02.824, 22573
2026/09/26 15:02:03.324, 22573
2026/09/26 15:02:03.824, 22573
2026/09/26 15:02:04.324, 22573
2026/09/26 15:02:04.824, 22573
2026/09/26 15:02:05.324, 22573
2026/09/26 15:02:05.824, 22573
2026/09/26 15:02:06.325, 22573
2026/09/26 15:02:06.825, 22573
2026/09/26 15:02:07.325, 22573
2026/09/26 15:02:07.825, 22573
2026/09/26 15:02:08.325, 22573
2026/09/26 15:02:08.825, 22573
2026/09/26 15:02:09.326, 22573
2026/09/26 15:02:09.826, 22573
2026/09/26 15:02:10.326, 22573
2026/09/26 15:02:10.826, 22573
2026/09/26 15:02:11.326, 22573
2026/09/26 15:02:11.826, 22573
2026/09/26 15:02:12.326, 22573
2026/09/26 15:02:12.827, 22573
2026/09/26 15:02:13.327, 22573
2026/09/26 15:02:13.827, 22573
2026/09/26 15:02:14.327, 22573
2026/09/26 15:02:14.827, 22573
2026/09/26 15:02:15.327, 22573
2026/09/26 15:02:15.827, 22573
2026/09/26 15:02:16.328, 22573
2026/09/26 15:02:16.828, 22573
2026/09/26 15:02:17.328, 22573
2026/09/26 15:02:17.828, 22573
2026/09/26 15:02:18.328, 22573
2026/09/26 15:02:18.828, 22573
2026/09/26 15:02:19.328, 22573
2026/09/26 15:02:19.829, 22573
2026/09/26 15:02:20.329, 22573
2026/09/26 15:02:20.829, 22573
2026/09/26 15:02:21.329, 22573
2026/09/26 15:02:21.829, 22573
2026/09/26 15:02:22.329, 22573
2026/09/26 15:02:22.829, 22573
2026/09/26 15:02:23.330, 22573
2026/09/26 15:02:23.830, 22573
2026/09/26 15:02:24.330, 22573
2026/09/26 15:02:24.830, 22573
2026/09/26 15:02:25.330, 22573
2026/09/26 15:02:25.830, 22573
2026/09/26 15:02:26.331, 22573
2026/09/26 15:02:26.831, 22573
2026/09/26 15:02:27.331, 22573
2026/09/26 15:02:27.831, 22573
2026/09/26 15:02:28.331, 22573
2026/09/26 15:02:28.831, 22573
2026/09/26 15:02:29.331, 22573
2026/09/26 15:02:29.832, 22573
2026/09/26 15:02:30.332, 22573
2026/09/26 15:02:30.832, 22573
2026/09/26 15:02:31.332, 22573
2026/09/26 15:02:31.832, 22573
2026/09/26 15:02:32.332, 22573
2026/09/26 15:02:32.832, 22573
2026/09/26 15:02:33.332, 22573
2026/09/26 15:02:33.833, 22573
2026/09/26 15:02:34.333, 22573
2026/09/26 15:02:34.833, 22573
2026/09/26 15:02:35.333, 22573
2026/09/26 15:02:35.833, 22573
2026/09/26 15:02:36.333, 22573
2026/09/26 15:02:36.834, 22573
2026/09/26 15:02:37.334, 22573
2026/09/26 15:02:37.834, 22573
2026/09/26 15:02:38.334, 22573
2026/09/26 15:02:38.834, 22573
2026/09/26 15:02:39.334, 22573
2026/09/26 15:02:39.834, 22573
2026/09/26 15:02:40.335, 22573
2026/09/26 15:02:40.835, 22573
2026/09/26 15:02:41.335, 22573
2026/09/26 15:02:41.835, 22573
2026/09/26 15:02:42.335, 22573
2026/09/26 15:02:42.835, 22573
2026/09/26 15:02:43.336, 22573
2026/09/26 15:02:43.836, 22573
2026/09/26 15:02:44.336, 22573
2026/09/26 15:02:44.836, 22573
2026/09/26 15:02:45.336, 22573
2026/09/26 15:02:45.836, 22573
2026/09/26 15:02:46.336, 22573
2026/09/26 15:02:46.837, 22573
2026/09/26 15:02:47.337, 22573
2026/09/26 15:02:47.837, 22573
2026/09/26 15:02:48.337, 22573
2026/09/26 15:02:48.837, 22573
2026/09/26 15:02:49.337, 22573
2026/09/26 15:02:49.837, 22573
2026/09/26 15:02:50.338, 22573
2026/09/26 15:02:50.838, 22573
2026/09/26 15:02:51.338, 22573
2026/09/26 15:02:51.838, 22573
2026/09/26 15:02:52.338, 22573
2026/09/26 15:02:52.838, 22573
2026/09/26 15:02:53.339, 22573
2026/09/26 15:02:53.839, 22573
2026/09/26 15:02:54.339, 22573
2026/09/26 15:02:54.839, 22573
2026/09/26 15:02:55.339, 22573
2026/09/26 15:02:55.839, 22573
2026/09/26 15:02:56.339, 22573
2026/09/26 15:02:56.840, 22573
2026/09/26 15:02:57.340, 22573
2026/09/26 15:02:57.840, 22573
2026/09/26 15:02:58.340, 22573
2026/09/26 15:02:58.840, 22573
2026/09/26 15:02:59.341, 22573
2026/09/26 15:02:59.841, 22573
2026/09/26 15:03:00.341, 22573
2026/09/26 15:03:00.841, 22573
2026/09/26 15:03:01.341, 22573
2026/09/26 15:03:01.841, 22573
2026/09/26 15:03:02.341, 22573
2026/09/26 15:03:02.842, 22573
2026/09/26 15:03:03.342, 22573
2026/09/26 15:03:03.842, 22573
2026/09/26 15:03:04.342, 22573
2026/09/26 15:03:04.842, 22573
2026/09/26 15:03:05.342, 22573
2026/09/26 15:03:05.842, 22573
2026/09/26 15:03:06.343, 22573
2026/09/26 15:03:06.843, 22573
2026/09/26 15:03:07.343, 22573
2026/09/26 15:03:07.843, 22573
2026/09/26 15:03:08.343, 22573
2026/09/26 15:03:08.843, 22573
2026/09/26 15:03:09.344, 22573
2026/09/26 15:03:09.844, 22573
2026/09/26 15:03:10.344, 22573
2026/09/26 15:03:10.844, 22573
2026/09/26 15:03:11.344, 22573
2026/09/26 15:03:11.844, 22573
2026/09/26 15:03:12.344, 22573
2026/09/26 15:03:12.845, 22573
2026/09/26 15:03:13.345, 22573
2026/09/26 15:03:13.845, 22573
2026/09/26 15:03:14.345, 22573
2026/09/26 15:03:14.845, 22573
2026/09/26 15:03:15.345, 22573
2026/09/26 15:03:15.845, 22573
2026/09/26 15:03:16.345, 22573
2026/09/26 15:03:16.846, 22573
2026/09/26 15:03:17.346, 22573
2026/09/26 15:03:17.846, 22573
2026/09/26 15:03:18.346, 22573
2026/09/26 15:03:18.846, 22573
2026/09/26 15:03:19.346, 22573
2026/09/26 15:03:19.847, 22573
2026/09/26 15:03:20.347, 22573
2026/09/26 15:03:20.847, 22573
2026/09/26 15:03:21.347, 22573
2026/09/26 15:03:21.847, 22573
2026/09/26 15:03:22.347, 22573
2026/09/26 15:03:22.847, 22573
2026/09/26 15:03:23.348, 22573
2026/09/26 15:03:23.848, 22573
2026/09/26 15:03:24.348, 22573
2026/09/26 15:03:24.848, 22573
2026/09/26 15:03:25.348, 22573
2026/09/26 15:03:25.848, 22573
2026/09/26 15:03:26.349, 22573
2026/09/26 15:03:26.849, 22573
2026/09/26 15:03:27.349, 22573
2026/09/26 15:03:27.849, 22573
2026/09/26 15:03:28.349, 22573
2026/09/26 15:03:28.849, 22573
2026/09/26 15:03:29.350, 22573
2026/09/26 15:03:29.850, 22573
2026/09/26 15:03:30.350, 22573
2026/09/26 15:03:30.850, 22573
2026/09/26 15:03:31.350, 22573
2026/09/26 15:03:31.850, 22573
2026/09/26 15:03:32.351, 22573
2026/09/26 15:03:32.851, 22573
2026/09/26 15:03:33.351, 22573
2026/09/26 15:03:33.851, 22573
2026/09/26 15:03:34.351, 22573
2026/09/26 15:03:34.851, 22573
2026/09/26 15:03:35.352, 22573
2026/09/26 15:03:35.852, 22573
2026/09/26 15:03:36.352, 22573
2026/09/26 15:03:36.852, 22573
2026/09/26 15:03:37.352, 22573
2026/09/26 15:03:37.852, 22573
2026/09/26 15:03:38.353, 22573
2026/09/26 15:03:38.853, 22573
2026/09/26 15:03:39.353, 22573
2026/09/26 15:03:39.853, 22573
2026/09/26 15:03:40.353, 22573
2026/09/26 15:03:40.853, 22573
2026/09/26 15:03:41.354, 22573
2026/09/26 15:03:41.854, 22573
2026/09/26 15:03:42.354, 22573
2026/09/26 15:03:42.854, 22573
2026/09/26 15:03:43.354, 22573
2026/09/26 15:03:43.854, 22573
2026/09/26 15:03:44.355, 22573
2026/09/26 15:03:44.855, 22573
2026/09/26 15:03:45.355, 22573
2026/09/26 15:03:45.855, 22573
2026/09/26 15:03:46.355, 22573
2026/09/26 15:03:46.855, 22573
2026/09/26 15:03:47.355, 22573
2026/09/26 15:03:47.856, 22573
2026/09/26 15:03:48.356, 22573
2026/09/26 15:03:48.856, 22573
2026/09/26 15:03:49.356, 22573
2026/09/26 15:03:49.856, 22573
2026/09/26 15:03:50.356, 22573
2026/09/26 15:03:50.857, 22573
2026/09/26 15:03:51.357, 22573
2026/09/26 15:03:51.857, 22573
2026/09/26 15:03:52.357, 22573
2026/09/26 15:03:52.857, 22573
2026/09/26 15:03:53.357, 22573
2026/09/26 15:03:53.858, 22573
2026/09/26 15:03:54.358, 22573
2026/09/26 15:03:54.858, 22573
2026/09/26 15:03:55.358, 22573
2026/09/26 15:03:55.858, 22573
2026/09/26 15:03:56.358, 22573
2026/09/26 15:03:56.859, 22573
2026/09/26 15:03:57.359, 22573
2026/09/26 15:03:57.859, 22573
2026/09/26 15:03:58.359, 22573
2026/09/26 15:03:58.859, 22573
2026/09/26 15:03:59.359, 22573
2026/09/26 15:03:59.859, 22573
2026/09/26 15:04:00.360, 22573
2026/09/26 15:04:00.860, 22573
2026/09/26 15:04:01.360, 22573
2026/09/26 15:04:01.860, 22573
2026/09/26 15:04:02.360, 22573
2026/09/26 15:04:02.860, 22573
2026/09/26 15:04:03.361, 22573
2026/09/26 15:04:03.861, 22573
2026/09/26 15:04:04.361, 22573
2026/09/26 15:04:04.861, 22573
2026/09/26 15:04:05.361, 22573
2026/09/26 15:04:05.861, 22573
2026/09/26 15:04:06.361, 22573
2026/09/26 15:04:06.862, 22573
2026/09/26 15:04:07.362, 22573
2026/09/26 15:04:07.862, 22573
2026/09/26 15:04:08.362, 22573
2026/09/26 15:04:08.862, 22573
2026/09/26 15:04:09.362, 22573
2026/09/26 15:04:09.862, 22573
2026/09/26 15:04:10.363, 22573
2026/09/26 15:04:10.863, 22573
2026/09/26 15:04:11.363, 22573
2026/09/26 15:04:11.863, 22573
2026/09/26 15:04:12.363, 22573
2026/09/26 15:04:12.863, 22573
2026/09/26 15:04:13.364, 22573
2026/09/26 15:04:13.864, 22573
2026/09/26 15:04:14.364, 22573
2026/09/26 15:04:14.864, 22573
2026/09/26 15:04:15.364, 22573
2026/09/26 15:04:15.864, 22573
2026/09/26 15:04:16.365, 22573
2026/09/26 15:04:16.865, 22573
2026/09/26 15:04:17.365, 22573
2026/09/26 15:04:17.865, 22573
2026/09/26 15:04:18.365, 22573
2026/09/26 15:04:18.865, 22573
2026/09/26 15:04:19.365, 22573
2026/09/26 15:04:19.866, 22573
2026/09/26 15:04:20.366, 22573
2026/09/26 15:04:20.866, 22573
2026/09/26 15:04:21.366, 22573
2026/09/26 15:04:21.866, 22573
2026/09/26 15:04:22.366, 22573
2026/09/26 15:04:22.866, 22573
2026/09/26 15:04:23.366, 22573
2026/09/26 15:04:23.867, 22573
2026/09/26 15:04:24.367, 22573
2026/09/26 15:04:24.867, 22573
2026/09/26 15:04:25.367, 22573
2026/09/26 15:04:25.867, 22573
2026/09/26 15:04:26.367, 22573
2026/09/26 15:04:26.868, 22573
2026/09/26 15:04:27.368, 22573
2026/09/26 15:04:27.868, 22573
2026/09/26 15:04:28.368, 22573
2026/09/26 15:04:28.868, 22573
2026/09/26 15:04:29.368, 22573
2026/09/26 15:04:29.868, 22573
2026/09/26 15:04:30.369, 22573
2026/09/26 15:04:30.869, 22573
2026/09/26 15:04:31.369, 22573
2026/09/26 15:04:31.869, 22573
2026/09/26 15:04:32.369, 22573
2026/09/26 15:04:32.869, 22573
2026/09/26 15:04:33.370, 22573
2026/09/26 15:04:33.870, 22573
2026/09/26 15:04:34.370, 22573
2026/09/26 15:04:34.870, 22573
2026/09/26 15:04:35.370, 22573
2026/09/26 15:04:35.870, 22573
2026/09/26 15:04:36.370, 22573
2026/09/26 15:04:36.871, 22573
2026/09/26 15:04:37.371, 22573
2026/09/26 15:04:37.871, 22573
2026/09/26 15:04:38.371, 22573
2026/09/26 15:04:38.871, 22573
2026/09/26 15:04:39.371, 22573
2026/09/26 15:04:39.872, 22573
2026/09/26 15:04:40.372, 22573
2026/09/26 15:04:40.872, 22573
2026/09/26 15:04:41.372, 22573
2026/09/26 15:04:41.872, 22573
2026/09/26 15:04:42.372, 22573
2026/09/26 15:04:42.872, 22573
2026/09/26 15:04:43.373, 22573
2026/09/26 15:04:43.873, 22573
2026/09/26 15:04:44.373, 22573
2026/09/26 15:04:44.873, 22573
2026/09/26 15:04:45.373, 22573
2026/09/26 15:04:45.873, 22573
2026/09/26 15:04:46.374, 22573
2026/09/26 15:04:46.874, 22573
2026/09/26 15:04:47.374, 22573
2026/09/26 15:04:47.874, 22573
2026/09/26 15:04:48.374, 22573
2026/09/26 15:04:48.874, 22573
2026/09/26 15:04:49.375, 22573
2026/09/26 15:04:49.875, 22573
2026/09/26 15:04:50.375, 22573
2026/09/26 15:04:50.875, 22573
2026/09/26 15:04:51.375, 22573
2026/09/26 15:04:51.875, 22573
2026/09/26 15:04:52.375, 22573
2026/09/26 15:04:52.876, 22573
2026/09/26 15:04:53.376, 22573
2026/09/26 15:04:53.876, 22573
2026/09/26 15:04:54.376, 22573
2026/09/26 15:04:54.876, 22573
2026/09/26 15:04:55.376, 22573
2026/09/26 15:04:55.877, 22573
2026/09/26 15:04:56.377, 22573
2026/09/26 15:04:56.877, 22573
2026/09/26 15:04:57.377, 22573
2026/09/26 15:04:57.877, 22573
2026/09/26 15:04:58.378, 22573
2026/09/26 15:04:58.878, 22573
2026/09/26 15:04:59.378, 22573
2026/09/26 15:04:59.878, 22573
2026/09/26 15:05:00.378, 22573
2026/09/26 15:05:00.878, 22573
2026/09/26 15:05:01.379, 22573
2026/09/26 15:05:01.879, 22573
2026/09/26 15:05:02.379, 22573
2026/09/26 15:05:02.915, 22573
2026/09/26 15:05:03.415, 22573
2026/09/26 15:05:03.916, 22573
2026/09/26 15:05:04.416, 22573
2026/09/26 15:05:04.916, 22573
2026/09/26 15:05:05.416, 22573
2026/09/26 15:05:05.916, 22573
2026/09/26 15:05:06.416, 22573
2026/09/26 15:05:06.917, 22573
2026/09/26 15:05:07.417, 22573
2026/09/26 15:05:07.917, 22573
2026/09/26 15:05:08.417, 22573
2026/09/26 15:05:08.917, 22573
2026/09/26 15:05:09.417, 22573
2026/09/26 15:05:09.917, 22573
2026/09/26 15:05:10.418, 22573
2026/09/26 15:05:10.918, 22573
2026/09/26 15:05:11.418, 22573
2026/09/26 15:05:11.918, 22573
2026/09/26 15:05:12.418, 22573
2026/09/26 15:05:12.918, 22573
2026/09/26 15:05:13.419, 22573
2026/09/26 15:05:13.919, 22573
2026/09/26 15:05:14.419, 22573
2026/09/26 15:05:14.919, 22573
2026/09/26 15:05:15.419, 22573
2026/09/26 15:05:15.919, 22573
2026/09/26 15:05:16.420, 22573
2026/09/26 15:05:16.920, 22573
2026/09/26 15:05:17.420, 22573
2026/09/26 15:05:17.920, 22573
2026/09/26 15:05:18.420, 22573
2026/09/26 15:05:18.921, 22573
2026/09/26 15:05:19.421, 22573
2026/09/26 15:05:19.921, 22573
2026/09/26 15:05:20.421, 22573
2026/09/26 15:05:20.921, 22573
2026/09/26 15:05:21.421, 22573
2026/09/26 15:05:21.922, 22573
2026/09/26 15:05:22.422, 22573
2026/09/26 15:05:22.922, 22573
2026/09/26 15:05:23.422, 22573
2026/09/26 15:05:23.922, 22573
2026/09/26 15:05:24.422, 22573
2026/09/26 15:05:24.923, 22573
2026/09/26 15:05:25.423, 22573
2026/09/26 15:05:25.923, 22573
2026/09/26 15:05:26.423, 22573
2026/09/26 15:05:26.923, 22573
2026/09/26 15:05:27.423, 22573
2026/09/26 15:05:27.923, 22573
2026/09/26 15:05:28.424, 22573
2026/09/26 15:05:28.924, 22573
2026/09/26 15:05:29.424, 22573
2026/09/26 15:05:29.924, 22573
2026/09/26 15:05:30.424, 22573
2026/09/26 15:05:30.924, 22573
2026/09/26 15:05:31.425, 22573
2026/09/26 15:05:31.925, 22573
2026/09/26 15:05:32.425, 22573
2026/09/26 15:05:32.925, 22573
2026/09/26 15:05:33.425, 22573
2026/09/26 15:05:33.925, 22573
2026/09/26 15:05:34.425, 22573
2026/09/26 15:05:34.925, 22573
2026/09/26 15:05:35.426, 22573
2026/09/26 15:05:35.926, 22573
2026/09/26 15:05:36.426, 22573
2026/09/26 15:05:36.926, 22573
2026/09/26 15:05:37.426, 22573
2026/09/26 15:05:37.926, 22573
2026/09/26 15:05:38.427, 22573
2026/09/26 15:05:38.927, 22573
2026/09/26 15:05:39.427, 22573
2026/09/26 15:05:39.927, 22573
2026/09/26 15:05:40.428, 22573
2026/09/26 15:05:40.928, 22573
2026/09/26 15:05:41.428, 22573
2026/09/26 15:05:41.929, 22573
2026/09/26 15:05:42.429, 22573
2026/09/26 15:05:42.929, 22573
2026/09/26 15:05:43.429, 22573
2026/09/26 15:05:43.929, 22573
2026/09/26 15:05:44.429, 22573
2026/09/26 15:05:44.930, 22573
2026/09/26 15:05:45.430, 22573
2026/09/26 15:05:45.930, 22573
2026/09/26 15:05:46.430, 22573
2026/09/26 15:05:46.930, 22573
2026/09/26 15:05:47.430, 22573
2026/09/26 15:05:47.930, 22573
2026/09/26 15:05:48.431, 22573
2026/09/26 15:05:48.931, 22573
2026/09/26 15:05:49.431, 22573
2026/09/26 15:05:49.931, 22573
2026/09/26 15:05:50.431, 22573
2026/09/26 15:05:50.931, 22573
2026/09/26 15:05:51.432, 22573
2026/09/26 15:05:51.932, 22573
2026/09/26 15:05:52.432, 22573
2026/09/26 15:05:52.932, 22573
2026/09/26 15:05:53.432, 22573
2026/09/26 15:05:53.932, 22573
2026/09/26 15:05:54.433, 22573
2026/09/26 15:05:54.933, 22573
2026/09/26 15:05:55.433, 22573
2026/09/26 15:05:55.933, 22573
2026/09/26 15:05:56.433, 22573
2026/09/26 15:05:56.933, 22573
2026/09/26 15:05:57.433, 22573
2026/09/26 15:05:57.934, 22573
2026/09/26 15:05:58.434, 22573
2026/09/26 15:05:58.934, 22573
2026/09/26 15:05:59.434, 22573
2026/09/26 15:05:59.934, 22573
2026/09/26 15:06:00.434, 22573
2026/09/26 15:06:00.935, 22573
2026/09/26 15:06:01.435, 22573
2026/09/26 15:06:01.935, 22573
2026/09/26 15:06:02.435, 22573
2026/09/26 15:06:02.935, 22573
2026/09/26 15:06:03.435, 22573
2026/09/26 15:06:03.936, 22573
2026/09/26 15:06:04.436, 22573
2026/09/26 15:06:04.936, 22573
2026/09/26 15:06:05.436, 22573
2026/09/26 15:06:05.936, 22573
2026/09/26 15:06:06.436, 22573
2026/09/26 15:06:06.936, 22573
2026/09/26 15:06:07.437, 22573
2026/09/26 15:06:07.937, 22573
2026/09/26 15:06:08.437, 22573
2026/09/26 15:06:08.937, 22573
2026/09/26 15:06:09.437, 22573
2026/09/26 15:06:09.937, 22573
2026/09/26 15:06:10.438, 22573
2026/09/26 15:06:10.938, 22573
2026/09/26 15:06:11.438, 22573
2026/09/26 15:06:11.938, 22573
2026/09/26 15:06:12.438, 22573
2026/09/26 15:06:12.938, 22573
2026/09/26 15:06:13.439, 22573
2026/09/26 15:06:13.939, 22573
2026/09/26 15:06:14.439, 22573
2026/09/26 15:06:14.939, 22573
2026/09/26 15:06:15.439, 22573
2026/09/26 15:06:15.939, 22573
2026/09/26 15:06:16.439, 22573
2026/09/26 15:06:16.940, 22573
2026/09/26 15:06:17.440, 22573
2026/09/26 15:06:17.940, 22573
2026/09/26 15:06:18.440, 22573
2026/09/26 15:06:18.941, 22573
2026/09/26 15:06:19.441, 22573
2026/09/26 15:06:19.941, 22573
2026/09/26 15:06:20.441, 22573
2026/09/26 15:06:20.941, 22573
2026/09/26 15:06:21.441, 22573
2026/09/26 15:06:21.941, 22573
2026/09/26 15:06:22.442, 22573
2026/09/26 15:06:22.942, 22573
2026/09/26 15:06:23.443, 22573
2026/09/26 15:06:23.943, 22573
2026/09/26 15:06:24.443, 22573
2026/09/26 15:06:24.943, 22573
2026/09/26 15:06:25.443, 22573
2026/09/26 15:06:25.943, 22573
2026/09/26 15:06:26.443, 22573
2026/09/26 15:06:26.944, 22573
2026/09/26 15:06:27.444, 22573
2026/09/26 15:06:27.944, 22573
2026/09/26 15:06:28.444, 22573
2026/09/26 15:06:28.944, 22573
2026/09/26 15:06:29.444, 22573
2026/09/26 15:06:29.945, 22573
2026/09/26 15:06:30.445, 22573
2026/09/26 15:06:30.945, 22573
2026/09/26 15:06:31.445, 22573
2026/09/26 15:06:31.945, 22573
2026/09/26 15:06:32.445, 22573
2026/09/26 15:06:32.945, 22573
2026/09/26 15:06:33.446, 22573
2026/09/26 15:06:33.946, 22573
2026/09/26 15:06:34.447, 22573
2026/09/26 15:06:34.947, 22573
2026/09/26 15:06:35.448, 22573
2026/09/26 15:06:35.948, 22573
2026/09/26 15:06:36.448, 22573
2026/09/26 15:06:36.948, 22573
2026/09/26 15:06:37.448, 22573
2026/09/26 15:06:37.948, 22573
2026/09/26 15:06:38.448, 22573
2026/09/26 15:06:38.948, 22573
2026/09/26 15:06:39.455, 22573
2026/09/26 15:06:39.955, 22573
2026/09/26 15:06:40.455, 22573
2026/09/26 15:06:40.955, 22573
2026/09/26 15:06:41.456, 22573
2026/09/26 15:06:41.956, 22573
2026/09/26 15:06:42.456, 22573
2026/09/26 15:06:42.956, 22573
2026/09/26 15:06:43.456, 22573
2026/09/26 15:06:43.956, 22573
2026/09/26 15:06:44.456, 22573
2026/09/26 15:06:44.957, 22573
2026/09/26 15:06:45.457, 22573
2026/09/26 15:06:45.957, 22573
2026/09/26 15:06:46.457, 22573
2026/09/26 15:06:46.957, 22573
2026/09/26 15:06:47.457, 22573
2026/09/26 15:06:47.958, 22573
2026/09/26 15:06:48.458, 22573
2026/09/26 15:06:48.958, 22573
2026/09/26 15:06:49.458, 22573
2026/09/26 15:06:49.958, 22573
2026/09/26 15:06:50.458, 22573
2026/09/26 15:06:50.958, 22573
2026/09/26 15:06:51.459, 22573
2026/09/26 15:06:51.959, 22573
2026/09/26 15:06:52.459, 22573
2026/09/26 15:06:52.959, 22573
2026/09/26 15:06:53.459, 22573
2026/09/26 15:06:53.959, 22573
2026/09/26 15:06:54.459, 22573
2026/09/26 15:06:54.960, 22573
2026/09/26 15:06:55.460, 22573
2026/09/26 15:06:55.960, 22573
2026/09/26 15:06:56.460, 22573
2026/09/26 15:06:56.960, 22573
2026/09/26 15:06:57.460, 22573
2026/09/26 15:06:57.960, 22573
2026/09/26 15:06:58.461, 22573
2026/09/26 15:06:58.961, 22573
2026/09/26 15:06:59.461, 22573
2026/09/26 15:06:59.961, 22573
2026/09/26 15:07:00.461, 22573
2026/09/26 15:07:00.961, 22573
2026/09/26 15:07:01.461, 22573
2026/09/26 15:07:01.961, 22573
2026/09/26 15:07:02.462, 22573
2026/09/26 15:07:02.962, 22573
2026/09/26 15:07:03.462, 22573
2026/09/26 15:07:03.962, 22573
2026/09/26 15:07:04.462, 22573
2026/09/26 15:07:04.962, 22573
2026/09/26 15:07:05.463, 22573
2026/09/26 15:07:05.963, 22573
2026/09/26 15:07:06.463, 22573
2026/09/26 15:07:06.963, 22573
2026/09/26 15:07:07.463, 22573
2026/09/26 15:07:07.963, 22573
2026/09/26 15:07:08.463, 22573
2026/09/26 15:07:08.963, 22573
2026/09/26 15:07:09.464, 22573
2026/09/26 15:07:09.964, 22573
2026/09/26 15:07:10.464, 22573
2026/09/26 15:07:10.964, 22573
2026/09/26 15:07:11.464, 22573
2026/09/26 15:07:11.964, 22573
2026/09/26 15:07:12.465, 22573
2026/09/26 15:07:12.965, 22573
2026/09/26 15:07:13.465, 22573
2026/09/26 15:07:13.965, 22573
2026/09/26 15:07:14.465, 22573
2026/09/26 15:07:14.965, 22573
2026/09/26 15:07:15.465, 22573
2026/09/26 15:07:15.966, 22573
2026/09/26 15:07:16.466, 22573
2026/09/26 15:07:16.966, 22573
2026/09/26 15:07:17.466, 22573
2026/09/26 15:07:17.966, 22573
2026/09/26 15:07:18.466, 22573
2026/09/26 15:07:18.966, 22573
2026/09/26 15:07:19.467, 22573
2026/09/26 15:07:19.967, 22573
2026/09/26 15:07:20.467, 22573
2026/09/26 15:07:20.967, 22573
2026/09/26 15:07:21.467, 22573
2026/09/26 15:07:21.967, 22573
2026/09/26 15:07:22.467, 22573
2026/09/26 15:07:22.968, 22573
2026/09/26 15:07:23.468, 22573
2026/09/26 15:07:23.968, 22573
2026/09/26 15:07:24.468, 22573
2026/09/26 15:07:24.968, 22573
2026/09/26 15:07:25.468, 22573
2026/09/26 15:07:25.968, 22573
2026/09/26 15:07:26.469, 22573
2026/09/26 15:07:26.969, 22573
2026/09/26 15:07:27.469, 22573
2026/09/26 15:07:27.969, 22573
2026/09/26 15:07:28.469, 22573
2026/09/26 15:07:28.969, 22573
2026/09/26 15:07:29.470, 22573
2026/09/26 15:07:29.970, 22573
2026/09/26 15:07:30.470, 22573
2026/09/26 15:07:30.970, 22573
2026/09/26 15:07:31.470, 22573
2026/09/26 15:07:31.970, 22573
2026/09/26 15:07:32.471, 22573
2026/09/26 15:07:32.971, 22573
2026/09/26 15:07:33.471, 22573
2026/09/26 15:07:33.971, 22573
2026/09/26 15:07:34.471, 22573
2026/09/26 15:07:34.971, 22573
2026/09/26 15:07:35.472, 22573
2026/09/26 15:07:35.972, 22573
2026/09/26 15:07:36.472, 22573
2026/09/26 15:07:36.972, 22573
2026/09/26 15:07:37.472, 22573
2026/09/26 15:07:37.972, 22573
2026/09/26 15:07:38.472, 22573
2026/09/26 15:07:38.973, 22573
2026/09/26 15:07:39.473, 22573
2026/09/26 15:07:39.973, 22573
2026/09/26 15:07:40.473, 22573
2026/09/26 15:07:40.973, 22573
2026/09/26 15:07:41.473, 22573
2026/09/26 15:07:41.974, 22573
2026/09/26 15:07:42.474, 22573
2026/09/26 15:07:42.974, 22573
2026/09/26 15:07:43.474, 22573
2026/09/26 15:07:43.974, 22573
2026/09/26 15:07:44.474, 22573
2026/09/26 15:07:44.975, 22573
2026/09/26 15:07:45.475, 22573
2026/09/26 15:07:45.975, 22573
2026/09/26 15:07:46.475, 22573
2026/09/26 15:07:46.975, 22573
2026/09/26 15:07:47.475, 22573
2026/09/26 15:07:47.976, 22573
2026/09/26 15:07:48.476, 22573
2026/09/26 15:07:48.976, 22573
2026/09/26 15:07:49.476, 22573
2026/09/26 15:07:49.976, 22573
2026/09/26 15:07:50.476, 22573
2026/09/26 15:07:50.976, 22573
2026/09/26 15:07:51.477, 22573
2026/09/26 15:07:51.977, 22573
2026/09/26 15:07:52.477, 22573
2026/09/26 15:07:52.977, 22573
2026/09/26 15:07:53.477, 22573
2026/09/26 15:07:53.977, 22573
2026/09/26 15:07:54.478, 22573
2026/09/26 15:07:54.978, 22573
2026/09/26 15:07:55.478, 22573
2026/09/26 15:07:55.978, 22573
2026/09/26 15:07:56.478, 22573
2026/09/26 15:07:56.978, 22573
2026/09/26 15:07:57.478, 22573
2026/09/26 15:07:57.979, 22573
2026/09/26 15:07:58.479, 22573
2026/09/26 15:07:58.979, 22573
2026/09/26 15:07:59.479, 22573
2026/09/26 15:07:59.979, 22573
2026/09/26 15:08:00.479, 22573
2026/09/26 15:08:00.980, 22573
2026/09/26 15:08:01.480, 22573
2026/09/26 15:08:01.980, 22573
2026/09/26 15:08:02.480, 22573
2026/09/26 15:08:02.980, 22573
2026/09/26 15:08:03.480, 22573
2026/09/26 15:08:03.981, 22573
2026/09/26 15:08:04.481, 22573
2026/09/26 15:08:04.981, 22573
2026/09/26 15:08:05.481, 22573
2026/09/26 15:08:05.981, 22573
2026/09/26 15:08:06.481, 22573
2026/09/26 15:08:06.981, 22573
2026/09/26 15:08:07.482, 22573
2026/09/26 15:08:07.982, 22573
2026/09/26 15:08:08.482, 22573
2026/09/26 15:08:08.982, 22573
2026/09/26 15:08:09.482, 22573
2026/09/26 15:08:09.982, 22573
2026/09/26 15:08:10.482, 22573
2026/09/26 15:08:10.983, 22573
2026/09/26 15:08:11.483, 22573
2026/09/26 15:08:11.983, 22573
2026/09/26 15:08:12.483, 22573
2026/09/26 15:08:12.983, 22573
2026/09/26 15:08:13.483, 22573
2026/09/26 15:08:13.983, 22573
2026/09/26 15:08:14.484, 22573
2026/09/26 15:08:14.984, 22573
2026/09/26 15:08:15.484, 22573
2026/09/26 15:08:15.984, 22573
2026/09/26 15:08:16.484, 22573
2026/09/26 15:08:16.984, 22573
2026/09/26 15:08:17.485, 22573
2026/09/26 15:08:17.985, 22573
2026/09/26 15:08:18.485, 22573
2026/09/26 15:08:18.985, 22573
2026/09/26 15:08:19.485, 22573
2026/09/26 15:08:19.985, 22573
2026/09/26 15:08:20.485, 22573
2026/09/26 15:08:20.986, 22573
2026/09/26 15:08:21.486, 22573
2026/09/26 15:08:21.986, 22573
2026/09/26 15:08:22.486, 22573
2026/09/26 15:08:22.986, 22573
2026/09/26 15:08:23.486, 22573
2026/09/26 15:08:23.986, 22573
2026/09/26 15:08:24.487, 22573
2026/09/26 15:08:24.987, 22573
2026/09/26 15:08:25.487, 22573
2026/09/26 15:08:25.987, 22573
2026/09/26 15:08:26.487, 22573
2026/09/26 15:08:26.987, 22573
2026/09/26 15:08:27.488, 22573
2026/09/26 15:08:27.988, 22573
2026/09/26 15:08:28.488, 22573
2026/09/26 15:08:28.988, 22573
2026/09/26 15:08:29.488, 22573
2026/09/26 15:08:29.988, 22573
2026/09/26 15:08:30.488, 22573
2026/09/26 15:08:30.991, 22573
2026/09/26 15:08:31.491, 22573
2026/09/26 15:08:31.992, 22573
2026/09/26 15:08:32.492, 22573
2026/09/26 15:08:32.992, 22573
2026/09/26 15:08:33.492, 22573
2026/09/26 15:08:33.992, 22573
2026/09/26 15:08:34.492, 22573
2026/09/26 15:08:34.992, 22573
2026/09/26 15:08:35.493, 22573
2026/09/26 15:08:35.993, 22573
2026/09/26 15:08:36.493, 22573
2026/09/26 15:08:36.993, 22573
2026/09/26 15:08:37.493, 22573
2026/09/26 15:08:37.993, 22573
2026/09/26 15:08:38.494, 22573
2026/09/26 15:08:38.994, 22573
2026/09/26 15:08:39.494, 22573
2026/09/26 15:08:39.994, 22573
2026/09/26 15:08:40.494, 22573
2026/09/26 15:08:40.994, 22573
2026/09/26 15:08:41.494, 22573
2026/09/26 15:08:41.995, 22573
2026/09/26 15:08:42.495, 22573
2026/09/26 15:08:42.995, 22573
2026/09/26 15:08:43.495, 22573
2026/09/26 15:08:43.995, 22573
2026/09/26 15:08:44.495, 22573
2026/09/26 15:08:44.996, 22573
2026/09/26 15:08:45.496, 22573
2026/09/26 15:08:45.996, 22573
2026/09/26 15:08:46.496, 22573
2026/09/26 15:08:46.996, 22573
2026/09/26 15:08:47.496, 22573
2026/09/26 15:08:47.997, 22573
2026/09/26 15:08:48.497, 22573
2026/09/26 15:08:48.997, 22573
2026/09/26 15:08:49.497, 22573
2026/09/26 15:08:49.997, 22573
2026/09/26 15:08:50.497, 22573
2026/09/26 15:08:50.997, 22573
2026/09/26 15:08:51.498, 22573
2026/09/26 15:08:51.998, 22573
2026/09/26 15:08:52.498, 22573
2026/09/26 15:08:52.998, 22573
2026/09/26 15:08:53.498, 22573
2026/09/26 15:08:53.998, 22573
2026/09/26 15:08:54.498, 22573
2026/09/26 15:08:54.999, 22573
2026/09/26 15:08:55.499, 22573
2026/09/26 15:08:55.999, 22573
2026/09/26 15:08:56.499, 22573
2026/09/26 15:08:56.999, 22573
2026/09/26 15:08:57.499, 22573
2026/09/26 15:08:58.000, 22573
2026/09/26 15:08:58.500, 22573
2026/09/26 15:08:59.000, 22573
2026/09/26 15:08:59.500, 22573
2026/09/26 15:09:00.000, 22573
2026/09/26 15:09:00.501, 22573
2026/09/26 15:09:01.001, 22573
2026/09/26 15:09:01.501, 22573
2026/09/26 15:09:02.001, 22573
2026/09/26 15:09:02.501, 22573
2026/09/26 15:09:03.001, 22573
2026/09/26 15:09:03.501, 22573
2026/09/26 15:09:04.002, 22573
2026/09/26 15:09:04.502, 22573
2026/09/26 15:09:05.002, 22573
2026/09/26 15:09:05.502, 22573
2026/09/26 15:09:06.002, 22573
2026/09/26 15:09:06.502, 22573
2026/09/26 15:09:07.002, 22573
2026/09/26 15:09:07.503, 22573
2026/09/26 15:09:08.003, 22573
2026/09/26 15:09:08.503, 22573
2026/09/26 15:09:09.003, 22573
2026/09/26 15:09:09.503, 22573
2026/09/26 15:09:10.003, 22573
2026/09/26 15:09:10.503, 22573
2026/09/26 15:09:11.004, 22573
2026/09/26 15:09:11.504, 22573
2026/09/26 15:09:12.004, 22573
2026/09/26 15:09:12.504, 22573
2026/09/26 15:09:13.004, 22573
2026/09/26 15:09:13.504, 22573
2026/09/26 15:09:14.004, 22573
2026/09/26 15:09:14.505, 22573
2026/09/26 15:09:15.005, 22573
2026/09/26 15:09:15.505, 22573
2026/09/26 15:09:16.005, 22573
2026/09/26 15:09:16.505, 22573
2026/09/26 15:09:17.005, 22573
2026/09/26 15:09:17.506, 22573
2026/09/26 15:09:18.006, 22573
2026/09/26 15:09:18.506, 22573
2026/09/26 15:09:19.006, 22573
2026/09/26 15:09:19.506, 22573
2026/09/26 15:09:20.006, 22573
2026/09/26 15:09:20.506, 22573
2026/09/26 15:09:21.007, 22573
2026/09/26 15:09:21.507, 22573
2026/09/26 15:09:22.007, 22573
2026/09/26 15:09:22.507, 22573
2026/09/26 15:09:23.007, 22573
2026/09/26 15:09:23.507, 22573
2026/09/26 15:09:24.007, 22573
2026/09/26 15:09:24.508, 22573
2026/09/26 15:09:25.008, 22573
2026/09/26 15:09:25.508, 22573
2026/09/26 15:09:26.008, 22573
2026/09/26 15:09:26.508, 22573
2026/09/26 15:09:27.008, 22573
2026/09/26 15:09:27.508, 22573
2026/09/26 15:09:28.009, 22573
2026/09/26 15:09:28.509, 22573
2026/09/26 15:09:29.009, 22573
2026/09/26 15:09:29.509, 22573
2026/09/26 15:09:30.009, 22573
2026/09/26 15:09:30.509, 22573
2026/09/26 15:09:31.009, 22573
2026/09/26 15:09:31.510, 22573
2026/09/26 15:09:32.010, 22573
2026/09/26 15:09:32.510, 22573
2026/09/26 15:09:33.010, 22573
2026/09/26 15:09:33.511, 22573
2026/09/26 15:09:34.011, 22573
2026/09/26 15:09:34.511, 22573
2026/09/26 15:09:35.011, 22573
2026/09/26 15:09:35.511, 22573
2026/09/26 15:09:36.011, 22573
2026/09/26 15:09:36.512, 22573
2026/09/26 15:09:37.012, 22573
2026/09/26 15:09:37.512, 22573
2026/09/26 15:09:38.012, 22573
2026/09/26 15:09:38.512, 22573
2026/09/26 15:09:39.012, 22573
2026/09/26 15:09:39.512, 22573
2026/09/26 15:09:40.013, 22573
2026/09/26 15:09:40.513, 22573
2026/09/26 15:09:41.013, 22573
2026/09/26 15:09:41.513, 22573
2026/09/26 15:09:42.013, 22573
2026/09/26 15:09:42.513, 22573
2026/09/26 15:09:43.013, 22573
2026/09/26 15:09:43.514, 22573
2026/09/26 15:09:44.014, 22573
2026/09/26 15:09:44.514, 22573
2026/09/26 15:09:45.014, 22573
2026/09/26 15:09:45.514, 22573
2026/09/26 15:09:46.014, 22573
2026/09/26 15:09:46.514, 22573
2026/09/26 15:09:47.015, 22573
2026/09/26 15:09:47.515, 22573
2026/09/26 15:09:48.015, 22573
2026/09/26 15:09:48.515, 22573
2026/09/26 15:09:49.015, 22573
2026/09/26 15:09:49.515, 22573
2026/09/26 15:09:50.021, 22573
2026/09/26 15:09:50.522, 22573
2026/09/26 15:09:51.022, 22573
2026/09/26 15:09:51.522, 22573
2026/09/26 15:09:52.022, 22573
2026/09/26 15:09:52.522, 22573
2026/09/26 15:09:53.022, 22573
2026/09/26 15:09:53.522, 22573
2026/09/26 15:09:54.023, 22573
2026/09/26 15:09:54.523, 22573
2026/09/26 15:09:55.023, 22573
2026/09/26 15:09:55.523, 22573
2026/09/26 15:09:56.023, 22573
2026/09/26 15:09:56.524, 22573
2026/09/26 15:09:57.024, 22573
2026/09/26 15:09:57.524, 22573
2026/09/26 15:09:58.024, 22573
2026/09/26 15:09:58.524, 22573
2026/09/26 15:09:59.024, 22573
2026/09/26 15:09:59.524, 22573
2026/09/26 15:10:00.025, 22573
2026/09/26 15:10:00.525, 22573
2026/09/26 15:10:01.025, 22573
2026/09/26 15:10:01.525, 22573
2026/09/26 15:10:02.025, 22573
2026/09/26 15:10:02.525, 22573
2026/09/26 15:10:03.026, 22573
2026/09/26 15:10:03.526, 22573
2026/09/26 15:10:04.026, 22573
2026/09/26 15:10:04.526, 22573
2026/09/26 15:10:05.026, 22573
2026/09/26 15:10:05.526, 22573
2026/09/26 15:10:06.026, 22573
2026/09/26 15:10:06.527, 22573
2026/09/26 15:10:07.027, 22573
2026/09/26 15:10:07.527, 22573
2026/09/26 15:10:08.027, 22573
2026/09/26 15:10:08.527, 22573
2026/09/26 15:10:09.027, 22573
2026/09/26 15:10:09.527, 22573
2026/09/26 15:10:10.028, 22573
2026/09/26 15:10:10.528, 22573
2026/09/26 15:10:11.028, 22573
2026/09/26 15:10:11.528, 22573
2026/09/26 15:10:12.028, 22573
2026/09/26 15:10:12.528, 22573
2026/09/26 15:10:13.028, 22573
2026/09/26 15:10:13.529, 22573
2026/09/26 15:10:14.029, 22573
2026/09/26 15:10:14.529, 22573
2026/09/26 15:10:15.029, 22573
2026/09/26 15:10:15.529, 22573
2026/09/26 15:10:16.029, 22573
2026/09/26 15:10:16.530, 22573
2026/09/26 15:10:17.030, 22573
2026/09/26 15:10:17.530, 22573
2026/09/26 15:10:18.030, 22573
2026/09/26 15:10:18.530, 22573
2026/09/26 15:10:19.030, 22573
2026/09/26 15:10:19.530, 22573
2026/09/26 15:10:20.031, 22573
2026/09/26 15:10:20.531, 22573
2026/09/26 15:10:21.031, 22573
2026/09/26 15:10:21.531, 22573
2026/09/26 15:10:22.031, 22573
2026/09/26 15:10:22.531, 22573
2026/09/26 15:10:23.031, 22573
2026/09/26 15:10:23.532, 22573
2026/09/26 15:10:24.032, 22573
2026/09/26 15:10:24.532, 22573
2026/09/26 15:10:25.032, 22573
2026/09/26 15:10:25.532, 22573
2026/09/26 15:10:26.032, 22573
2026/09/26 15:10:26.533, 22573
2026/09/26 15:10:27.033, 22573
2026/09/26 15:10:27.533, 22573
2026/09/26 15:10:28.033, 22573
2026/09/26 15:10:28.533, 22573
2026/09/26 15:10:29.033, 22573
2026/09/26 15:10:29.533, 22573
2026/09/26 15:10:30.034, 22573
2026/09/26 15:10:30.534, 22573
2026/09/26 15:10:31.034, 22573
2026/09/26 15:10:31.534, 22573
2026/09/26 15:10:32.034, 22573
2026/09/26 15:10:32.534, 22573
2026/09/26 15:10:33.035, 22573
2026/09/26 15:10:33.535, 22573
2026/09/26 15:10:34.035, 22573
2026/09/26 15:10:34.535, 22573
2026/09/26 15:10:35.035, 22573
2026/09/26 15:10:35.535, 22573
2026/09/26 15:10:36.036, 22573
2026/09/26 15:10:36.536, 22573
2026/09/26 15:10:37.036, 22573
2026/09/26 15:10:37.536, 22573
2026/09/26 15:10:38.036, 22573
2026/09/26 15:10:38.536, 22573
2026/09/26 15:10:39.037, 22573
2026/09/26 15:10:39.537, 22573
2026/09/26 15:10:40.037, 22573
2026/09/26 15:10:40.537, 22573
2026/09/26 15:10:41.037, 22573
2026/09/26 15:10:41.537, 22573
2026/09/26 15:10:42.038, 22573
2026/09/26 15:10:42.538, 22573
2026/09/26 15:10:43.038, 22573
2026/09/26 15:10:43.538, 22573
2026/09/26 15:10:44.038, 22573
2026/09/26 15:10:44.538, 22573
2026/09/26 15:10:45.038, 22573
2026/09/26 15:10:45.539, 22573
2026/09/26 15:10:46.039, 22573
2026/09/26 15:10:46.539, 22573
2026/09/26 15:10:47.039, 22573
2026/09/26 15:10:47.539, 22573
2026/09/26 15:10:48.039, 22573
2026/09/26 15:10:48.540, 22573
2026/09/26 15:10:49.040, 22573
2026/09/26 15:10:49.540, 22573
2026/09/26 15:10:50.040, 22573
2026/09/26 15:10:50.540, 22573
2026/09/26 15:10:51.040, 22573
2026/09/26 15:10:51.541, 22573
2026/09/26 15:10:52.041, 22573
2026/09/26 15:10:52.541, 22573
2026/09/26 15:10:53.041, 22573
2026/09/26 15:10:53.541, 22573
2026/09/26 15:10:54.041, 22573
2026/09/26 15:10:54.541, 22573
2026/09/26 15:10:55.042, 22573
2026/09/26 15:10:55.542, 22573
2026/09/26 15:10:56.042, 22573
2026/09/26 15:10:56.542, 22573
2026/09/26 15:10:57.042, 22573
2026/09/26 15:10:57.542, 22573
2026/09/26 15:10:58.043, 22573
2026/09/26 15:10:58.543, 22573
2026/09/26 15:10:59.043, 22573
2026/09/26 15:10:59.543, 22573
2026/09/26 15:11:00.043, 22573
2026/09/26 15:11:00.543, 22573
2026/09/26 15:11:01.043, 22573
2026/09/26 15:11:01.544, 22573
2026/09/26 15:11:02.044, 22573
2026/09/26 15:11:02.544, 22573
2026/09/26 15:11:03.044, 22573
2026/09/26 15:11:03.544, 22573
2026/09/26 15:11:04.044, 22573
2026/09/26 15:11:04.545, 22573
2026/09/26 15:11:05.045, 22573
2026/09/26 15:11:05.545, 22573
2026/09/26 15:11:06.045, 22573
2026/09/26 15:11:06.545, 22573
2026/09/26 15:11:07.045, 22573
2026/09/26 15:11:07.545, 22573
2026/09/26 15:11:08.046, 22573
2026/09/26 15:11:08.546, 22573
2026/09/26 15:11:09.046, 22573
2026/09/26 15:11:09.546, 22573
2026/09/26 15:11:10.046, 22573
2026/09/26 15:11:10.546, 22573
2026/09/26 15:11:11.046, 22573
2026/09/26 15:11:11.547, 22573
2026/09/26 15:11:12.047, 22573
2026/09/26 15:11:12.547, 22573
2026/09/26 15:11:13.047, 22573
2026/09/26 15:11:13.547, 22573
2026/09/26 15:11:14.047, 22573
2026/09/26 15:11:14.548, 22573
2026/09/26 15:11:15.048, 22573
2026/09/26 15:11:15.548, 22573
2026/09/26 15:11:16.048, 22573
2026/09/26 15:11:16.548, 22573
2026/09/26 15:11:17.048, 22573
2026/09/26 15:11:17.548, 22573
2026/09/26 15:11:18.049, 22573
2026/09/26 15:11:18.549, 22573
2026/09/26 15:11:19.049, 22573
2026/09/26 15:11:19.549, 22573
2026/09/26 15:11:20.049, 22573
2026/09/26 15:11:20.549, 22573
2026/09/26 15:11:21.049, 22573
2026/09/26 15:11:21.550, 22573
2026/09/26 15:11:22.050, 22573
2026/09/26 15:11:22.550, 22573
2026/09/26 15:11:23.050, 22573
2026/09/26 15:11:23.550, 22573
2026/09/26 15:11:24.050, 22573
2026/09/26 15:11:24.550, 22573
2026/09/26 15:11:25.051, 22573
2026/09/26 15:11:25.551, 22573
2026/09/26 15:11:26.051, 22573
2026/09/26 15:11:26.551, 22573
2026/09/26 15:11:27.051, 22573
2026/09/26 15:11:27.551, 22573
2026/09/26 15:11:28.051, 22573
2026/09/26 15:11:28.552, 22573
2026/09/26 15:11:29.052, 22573
2026/09/26 15:11:29.552, 22573
2026/09/26 15:11:30.052, 22573
2026/09/26 15:11:30.552, 22573
2026/09/26 15:11:31.052, 22573
2026/09/26 15:11:31.552, 22573
2026/09/26 15:11:32.053, 22573
2026/09/26 15:11:32.553, 22573
2026/09/26 15:11:33.053, 22573
2026/09/26 15:11:33.553, 22573
2026/09/26 15:11:34.053, 22573
2026/09/26 15:11:34.553, 22573
2026/09/26 15:11:35.054, 22573
2026/09/26 15:11:35.554, 22573
2026/09/26 15:11:36.054, 22573
2026/09/26 15:11:36.554, 22573
2026/09/26 15:11:37.054, 22573
2026/09/26 15:11:37.554, 22573
2026/09/26 15:11:38.054, 22573
2026/09/26 15:11:38.555, 22573
2026/09/26 15:11:39.055, 22573
2026/09/26 15:11:39.555, 22573
2026/09/26 15:11:40.055, 22573
2026/09/26 15:11:40.555, 22573
2026/09/26 15:11:41.055, 22573
2026/09/26 15:11:41.556, 22573
2026/09/26 15:11:42.056, 22573
2026/09/26 15:11:42.556, 22573
2026/09/26 15:11:43.056, 22573
2026/09/26 15:11:43.556, 22573
2026/09/26 15:11:44.056, 22573
2026/09/26 15:11:44.557, 22573
2026/09/26 15:11:45.057, 22573
2026/09/26 15:11:45.557, 22573
2026/09/26 15:11:46.057, 22573
2026/09/26 15:11:46.557, 22573
2026/09/26 15:11:47.057, 22573
2026/09/26 15:11:47.557, 22573
2026/09/26 15:11:48.058, 22573
2026/09/26 15:11:48.558, 22573
2026/09/26 15:11:49.058, 22573
2026/09/26 15:11:49.558, 22573
2026/09/26 15:11:50.058, 22573
2026/09/26 15:11:50.558, 22573
2026/09/26 15:11:51.059, 22573
2026/09/26 15:11:51.559, 22573
2026/09/26 15:11:52.059, 22573
2026/09/26 15:11:52.559, 22573
2026/09/26 15:11:53.059, 22573
2026/09/26 15:11:53.559, 22573
2026/09/26 15:11:54.059, 22573
2026/09/26 15:11:54.560, 22573
2026/09/26 15:11:55.060, 22573
2026/09/26 15:11:55.560, 22573
2026/09/26 15:11:56.060, 22573
2026/09/26 15:11:56.560, 22573
2026/09/26 15:11:57.060, 22573
2026/09/26 15:11:57.561, 22573
2026/09/26 15:11:58.061, 22573
2026/09/26 15:11:58.561, 22573
2026/09/26 15:11:59.061, 22573
2026/09/26 15:11:59.561, 22573
2026/09/26 15:12:00.061, 22573
2026/09/26 15:12:00.561, 22573
2026/09/26 15:12:01.062, 22573
2026/09/26 15:12:01.562, 22573
2026/09/26 15:12:02.062, 22573
2026/09/26 15:12:02.562, 22573
2026/09/26 15:12:03.062, 22573
2026/09/26 15:12:03.562, 22573
2026/09/26 15:12:04.063, 22573
2026/09/26 15:12:04.563, 22573
2026/09/26 15:12:05.063, 22573
2026/09/26 15:12:05.563, 22573
2026/09/26 15:12:06.063, 22573
2026/09/26 15:12:06.563, 22573
2026/09/26 15:12:07.063, 22573
2026/09/26 15:12:07.564, 22573
2026/09/26 15:12:08.064, 22573
2026/09/26 15:12:08.564, 22573
2026/09/26 15:12:09.064, 22573
2026/09/26 15:12:09.564, 22573
2026/09/26 15:12:10.064, 22573
2026/09/26 15:12:10.564, 22573
2026/09/26 15:12:11.065, 22573
2026/09/26 15:12:11.565, 22573
2026/09/26 15:12:12.065, 22573
2026/09/26 15:12:12.565, 22573
2026/09/26 15:12:13.065, 22573
2026/09/26 15:12:13.565, 22573
2026/09/26 15:12:14.065, 22573
2026/09/26 15:12:14.566, 22573
2026/09/26 15:12:15.066, 22573
2026/09/26 15:12:15.566, 22573
2026/09/26 15:12:16.066, 22573
2026/09/26 15:12:16.566, 22573
2026/09/26 15:12:17.066, 22573
2026/09/26 15:12:17.566, 22573
2026/09/26 15:12:18.067, 22573
2026/09/26 15:12:18.567, 22573
2026/09/26 15:12:19.067, 22573
2026/09/26 15:12:19.567, 22573
2026/09/26 15:12:20.067, 22573
2026/09/26 15:12:20.567, 22573
2026/09/26 15:12:21.068, 22573
2026/09/26 15:12:21.568, 22573
2026/09/26 15:12:22.068, 22573
2026/09/26 15:12:22.568, 22573
2026/09/26 15:12:23.068, 22573
2026/09/26 15:12:23.568, 22573
2026/09/26 15:12:24.069, 22573
2026/09/26 15:12:24.569, 22573
2026/09/26 15:12:25.069, 22573
2026/09/26 15:12:25.569, 22573
2026/09/26 15:12:26.069, 22573
2026/09/26 15:12:26.569, 22573
2026/09/26 15:12:27.070, 22573
2026/09/26 15:12:27.570, 22573
2026/09/26 15:12:28.070, 22573
2026/09/26 15:12:28.570, 22573
2026/09/26 15:12:29.070, 22573
2026/09/26 15:12:29.570, 22573
2026/09/26 15:12:30.070, 22573
2026/09/26 15:12:30.580, 22573
2026/09/26 15:12:31.081, 22573
2026/09/26 15:12:31.581, 22573
2026/09/26 15:12:32.081, 22573
2026/09/26 15:12:32.581, 22573
2026/09/26 15:12:33.081, 22573
2026/09/26 15:12:33.581, 22573
2026/09/26 15:12:34.081, 22573
2026/09/26 15:12:34.582, 22573
2026/09/26 15:12:35.082, 22573
2026/09/26 15:12:35.582, 22573
2026/09/26 15:12:36.082, 22573
2026/09/26 15:12:36.582, 22573
2026/09/26 15:12:37.082, 22573
2026/09/26 15:12:37.582, 22573
2026/09/26 15:12:38.083, 22573
2026/09/26 15:12:38.583, 22573
2026/09/26 15:12:39.083, 22573
2026/09/26 15:12:39.583, 22573
2026/09/26 15:12:40.083, 22573
2026/09/26 15:12:40.583, 22573
2026/09/26 15:12:41.083, 22573
2026/09/26 15:12:41.584, 22573
2026/09/26 15:12:42.084, 22573
2026/09/26 15:12:42.584, 22573
2026/09/26 15:12:43.084, 22573
2026/09/26 15:12:43.584, 22573
2026/09/26 15:12:44.084, 22573
2026/09/26 15:12:44.584, 22573
2026/09/26 15:12:45.084, 22573
2026/09/26 15:12:45.585, 22573
2026/09/26 15:12:46.085, 22573
2026/09/26 15:12:46.585, 22573
2026/09/26 15:12:47.085, 22573
2026/09/26 15:12:47.585, 22573
2026/09/26 15:12:48.085, 22573
2026/09/26 15:12:48.585, 22573
2026/09/26 15:12:49.086, 22573
2026/09/26 15:12:49.586, 22573
2026/09/26 15:12:50.086, 22573
2026/09/26 15:12:50.586, 22573
2026/09/26 15:12:51.086, 22573
2026/09/26 15:12:51.586, 22573
2026/09/26 15:12:52.086, 22573
2026/09/26 15:12:52.587, 22573
2026/09/26 15:12:53.087, 22573
2026/09/26 15:12:53.587, 22573
2026/09/26 15:12:54.087, 22573
2026/09/26 15:12:54.587, 22573
2026/09/26 15:12:55.087, 22573
2026/09/26 15:12:55.587, 22573
2026/09/26 15:12:56.088, 22573
2026/09/26 15:12:56.588, 22573
2026/09/26 15:12:57.088, 22573
2026/09/26 15:12:57.588, 22573
2026/09/26 15:12:58.088, 22573
2026/09/26 15:12:58.588, 22573
2026/09/26 15:12:59.088, 22573
2026/09/26 15:12:59.589, 22573
2026/09/26 15:13:00.089, 22573
2026/09/26 15:13:00.589, 22573
2026/09/26 15:13:01.089, 22573
2026/09/26 15:13:01.589, 22573
2026/09/26 15:13:02.089, 22573
2026/09/26 15:13:02.590, 22573
2026/09/26 15:13:03.090, 22573
2026/09/26 15:13:03.590, 22573
2026/09/26 15:13:04.090, 22573
2026/09/26 15:13:04.590, 22573
2026/09/26 15:13:05.090, 22573
2026/09/26 15:13:05.590, 22573
2026/09/26 15:13:06.091, 22573
2026/09/26 15:13:06.591, 22573
2026/09/26 15:13:07.091, 22573
2026/09/26 15:13:07.591, 22573
2026/09/26 15:13:08.091, 22573
2026/09/26 15:13:08.592, 22573
2026/09/26 15:13:09.092, 22573
2026/09/26 15:13:09.592, 22573
2026/09/26 15:13:10.092, 22573
2026/09/26 15:13:10.592, 22573
2026/09/26 15:13:11.092, 22573
2026/09/26 15:13:11.592, 22573
2026/09/26 15:13:12.093, 22573
2026/09/26 15:13:12.593, 22573
2026/09/26 15:13:13.093, 22573
2026/09/26 15:13:13.593, 22573
2026/09/26 15:13:14.093, 22573
2026/09/26 15:13:14.593, 22573
2026/09/26 15:13:15.094, 22573
2026/09/26 15:13:15.594, 22573
2026/09/26 15:13:16.094, 22573
2026/09/26 15:13:16.594, 22573
2026/09/26 15:13:17.094, 22573
2026/09/26 15:13:17.594, 22573
2026/09/26 15:13:18.095, 22573
2026/09/26 15:13:18.595, 22573
2026/09/26 15:13:19.095, 22573
2026/09/26 15:13:19.595, 22573
2026/09/26 15:13:20.095, 22573
2026/09/26 15:13:20.595, 22573
2026/09/26 15:13:21.097, 22573
2026/09/26 15:13:21.597, 22573
2026/09/26 15:13:22.098, 22573
2026/09/26 15:13:22.598, 22573
2026/09/26 15:13:23.098, 22573
2026/09/26 15:13:23.598, 22573
2026/09/26 15:13:24.098, 22573
2026/09/26 15:13:24.598, 22573
2026/09/26 15:13:25.099, 22573
2026/09/26 15:13:25.599, 22573
2026/09/26 15:13:26.099, 22573
2026/09/26 15:13:26.599, 22573
2026/09/26 15:13:27.099, 22573
2026/09/26 15:13:27.599, 22573
2026/09/26 15:13:28.100, 22573
2026/09/26 15:13:28.600, 22573
2026/09/26 15:13:29.100, 22573
2026/09/26 15:13:29.600, 22573
2026/09/26 15:13:30.100, 22573
2026/09/26 15:13:30.600, 22573
2026/09/26 15:13:31.101, 22573
2026/09/26 15:13:31.601, 22573
2026/09/26 15:13:32.101, 22573
2026/09/26 15:13:32.601, 22573
2026/09/26 15:13:33.101, 22573
2026/09/26 15:13:33.601, 22573
2026/09/26 15:13:34.101, 22573
2026/09/26 15:13:34.602, 22573
2026/09/26 15:13:35.102, 22573
2026/09/26 15:13:35.602, 22573
2026/09/26 15:13:36.102, 22573
2026/09/26 15:13:36.602, 22573
2026/09/26 15:13:37.102, 22573
2026/09/26 15:13:37.603, 22573
2026/09/26 15:13:38.103, 22573
2026/09/26 15:13:38.603, 22573
2026/09/26 15:13:39.103, 22573
2026/09/26 15:13:39.603, 22573
2026/09/26 15:13:40.103, 22573
2026/09/26 15:13:40.604, 22573
2026/09/26 15:13:41.104, 22573
2026/09/26 15:13:41.604, 22573
2026/09/26 15:13:42.104, 22573
2026/09/26 15:13:42.604, 22573
2026/09/26 15:13:43.104, 22573
2026/09/26 15:13:43.604, 22573
2026/09/26 15:13:44.105, 22573
2026/09/26 15:13:44.605, 22573
2026/09/26 15:13:45.105, 22573
2026/09/26 15:13:45.605, 22573
2026/09/26 15:13:46.105, 22573
2026/09/26 15:13:46.605, 22573
2026/09/26 15:13:47.106, 22573
2026/09/26 15:13:47.606, 22573
2026/09/26 15:13:48.106, 22573
2026/09/26 15:13:48.606, 22573
2026/09/26 15:13:49.106, 22573
2026/09/26 15:13:49.606, 22573
2026/09/26 15:13:50.106, 22573
2026/09/26 15:13:50.607, 22573
2026/09/26 15:13:51.107, 22573
2026/09/26 15:13:51.607, 22573
2026/09/26 15:13:52.107, 22573
2026/09/26 15:13:52.607, 22573
2026/09/26 15:13:53.108, 22573
2026/09/26 15:13:53.608, 22573
2026/09/26 15:13:54.108, 22573
2026/09/26 15:13:54.608, 22573
2026/09/26 15:13:55.108, 22573
2026/09/26 15:13:55.608, 22573
2026/09/26 15:13:56.108, 22573
2026/09/26 15:13:56.609, 22573
2026/09/26 15:13:57.109, 22573
2026/09/26 15:13:57.609, 22573
2026/09/26 15:13:58.109, 22573
2026/09/26 15:13:58.609, 22573
2026/09/26 15:13:59.109, 22573
2026/09/26 15:13:59.610, 22573
2026/09/26 15:14:00.110, 22573
2026/09/26 15:14:00.610, 22573
2026/09/26 15:14:01.110, 22573
2026/09/26 15:14:01.610, 22573
2026/09/26 15:14:02.110, 22573
2026/09/26 15:14:02.610, 22573
2026/09/26 15:14:03.111, 22573
2026/09/26 15:14:03.611, 22573
2026/09/26 15:14:04.111, 22573
2026/09/26 15:14:04.611, 22573
2026/09/26 15:14:05.111, 22573
2026/09/26 15:14:05.611, 22573
2026/09/26 15:14:06.112, 22573
2026/09/26 15:14:06.612, 22573
2026/09/26 15:14:07.112, 22573
2026/09/26 15:14:07.612, 22573
2026/09/26 15:14:08.112, 22573
2026/09/26 15:14:08.612, 22573
2026/09/26 15:14:09.112, 22573
2026/09/26 15:14:09.613, 22573
2026/09/26 15:14:10.113, 22573
2026/09/26 15:14:10.613, 22573
2026/09/26 15:14:11.113, 22573
2026/09/26 15:14:11.613, 22573
2026/09/26 15:14:12.113, 22573
2026/09/26 15:14:12.613, 22573
2026/09/26 15:14:13.114, 22573
2026/09/26 15:14:13.614, 22573
2026/09/26 15:14:14.114, 22573
2026/09/26 15:14:14.614, 22573
2026/09/26 15:14:15.114, 22573
2026/09/26 15:14:15.614, 22573
2026/09/26 15:14:16.114, 22573
2026/09/26 15:14:16.615, 22573
2026/09/26 15:14:17.115, 22573
2026/09/26 15:14:17.615, 22573
2026/09/26 15:14:18.115, 22573
2026/09/26 15:14:18.615, 22573
2026/09/26 15:14:19.115, 22573
2026/09/26 15:14:19.616, 22573
2026/09/26 15:14:20.116, 22573
2026/09/26 15:14:20.616, 22573
2026/09/26 15:14:21.116, 22573
2026/09/26 15:14:21.616, 22573
2026/09/26 15:14:22.116, 22573
2026/09/26 15:14:22.616, 22573
2026/09/26 15:14:23.117, 22573
2026/09/26 15:14:23.617, 22573
2026/09/26 15:14:24.117, 22573
2026/09/26 15:14:24.617, 22573
2026/09/26 15:14:25.117, 22573
2026/09/26 15:14:25.617, 22573
2026/09/26 15:14:26.118, 22573
2026/09/26 15:14:26.618, 22573
2026/09/26 15:14:27.118, 22573
2026/09/26 15:14:27.618, 22573
2026/09/26 15:14:28.118, 22573
2026/09/26 15:14:28.618, 22573
2026/09/26 15:14:29.118, 22573
2026/09/26 15:14:29.619, 22573
2026/09/26 15:14:30.119, 22573
2026/09/26 15:14:30.619, 22573
2026/09/26 15:14:31.119, 22573
2026/09/26 15:14:31.619, 22573
2026/09/26 15:14:32.119, 22573
2026/09/26 15:14:32.619, 22573
2026/09/26 15:14:33.120, 22573
2026/09/26 15:14:33.620, 22573
2026/09/26 15:14:34.120, 22573
2026/09/26 15:14:34.620, 22573
2026/09/26 15:14:35.120, 22573
2026/09/26 15:14:35.620, 22573
2026/09/26 15:14:36.121, 22573
2026/09/26 15:14:36.621, 22573
2026/09/26 15:14:37.121, 22573
2026/09/26 15:14:37.621, 22573
2026/09/26 15:14:38.121, 22573
2026/09/26 15:14:38.621, 22573
2026/09/26 15:14:39.122, 22573
2026/09/26 15:14:39.622, 22573
2026/09/26 15:14:40.122, 22573
2026/09/26 15:14:40.622, 22573
2026/09/26 15:14:41.122, 22573
2026/09/26 15:14:41.622, 22573
2026/09/26 15:14:42.123, 22573
2026/09/26 15:14:42.623, 22573
2026/09/26 15:14:43.123, 22573
2026/09/26 15:14:43.623, 22573
2026/09/26 15:14:44.123, 22573
2026/09/26 15:14:44.624, 22573
2026/09/26 15:14:45.124, 22573
2026/09/26 15:14:45.624, 22573
2026/09/26 15:14:46.124, 22573
2026/09/26 15:14:46.624, 22573
2026/09/26 15:14:47.125, 22573
2026/09/26 15:14:47.625, 22573
2026/09/26 15:14:48.125, 22573
2026/09/26 15:14:48.625, 22573
2026/09/26 15:14:49.125, 22573
2026/09/26 15:14:49.625, 22573
2026/09/26 15:14:50.125, 22573
2026/09/26 15:14:50.626, 22573
2026/09/26 15:14:51.126, 22573
2026/09/26 15:14:51.626, 22573
2026/09/26 15:14:52.126, 22573
2026/09/26 15:14:52.626, 22573
2026/09/26 15:14:53.126, 22573
2026/09/26 15:14:53.626, 22573
2026/09/26 15:14:54.127, 22573
2026/09/26 15:14:54.627, 22573
2026/09/26 15:14:55.127, 22573
2026/09/26 15:14:55.627, 22573
2026/09/26 15:14:56.128, 22573
2026/09/26 15:14:56.628, 22573
2026/09/26 15:14:57.128, 22573
2026/09/26 15:14:57.628, 22573
2026/09/26 15:14:58.128, 22573
2026/09/26 15:14:58.628, 22573
2026/09/26 15:14:59.129, 22573
2026/09/26 15:14:59.629, 22573
2026/09/26 15:15:00.129, 22573
2026/09/26 15:15:00.629, 22573
2026/09/26 15:15:01.129, 22573
2026/09/26 15:15:01.629, 22573
2026/09/26 15:15:02.129, 22573
2026/09/26 15:15:02.630, 22573
2026/09/26 15:15:03.130, 22573
2026/09/26 15:15:03.630, 22573
2026/09/26 15:15:04.130, 22573
2026/09/26 15:15:04.630, 22573
2026/09/26 15:15:05.130, 22573
2026/09/26 15:15:05.631, 22573
2026/09/26 15:15:06.131, 22573
2026/09/26 15:15:06.631, 22573
2026/09/26 15:15:07.131, 22573
2026/09/26 15:15:07.632, 22573
2026/09/26 15:15:08.132, 22573
2026/09/26 15:15:08.632, 22573
2026/09/26 15:15:09.132, 22573
2026/09/26 15:15:09.632, 22573
2026/09/26 15:15:10.132, 22573
2026/09/26 15:15:10.632, 22573
2026/09/26 15:15:11.133, 22573
2026/09/26 15:15:11.633, 22573
2026/09/26 15:15:12.133, 22573
2026/09/26 15:15:12.633, 22573
2026/09/26 15:15:13.133, 22573
2026/09/26 15:15:13.633, 22573
2026/09/26 15:15:14.134, 22573
2026/09/26 15:15:14.634, 22573
2026/09/26 15:15:15.134, 22573
2026/09/26 15:15:15.634, 22573
2026/09/26 15:15:16.134, 22573
2026/09/26 15:15:16.634, 22573
2026/09/26 15:15:17.135, 22573
2026/09/26 15:15:17.635, 22573
2026/09/26 15:15:18.135, 22573
2026/09/26 15:15:18.635, 22573
2026/09/26 15:15:19.135, 22573
2026/09/26 15:15:19.635, 22573
2026/09/26 15:15:20.136, 22573
2026/09/26 15:15:20.636, 22573
2026/09/26 15:15:21.136, 22573
2026/09/26 15:15:21.636, 22573
2026/09/26 15:15:22.136, 22573
2026/09/26 15:15:22.636, 22573
2026/09/26 15:15:23.137, 22573
2026/09/26 15:15:23.637, 22573
2026/09/26 15:15:24.137, 22573
2026/09/26 15:15:24.637, 22573
2026/09/26 15:15:25.137, 22573
2026/09/26 15:15:25.637, 22573
2026/09/26 15:15:26.137, 22573
2026/09/26 15:15:26.638, 22573
2026/09/26 15:15:27.138, 22573
2026/09/26 15:15:27.638, 22573
2026/09/26 15:15:28.138, 22573
2026/09/26 15:15:28.638, 22573
2026/09/26 15:15:29.138, 22573
2026/09/26 15:15:29.639, 22573
2026/09/26 15:15:30.139, 22573
2026/09/26 15:15:30.639, 22573
2026/09/26 15:15:31.139, 22573
2026/09/26 15:15:31.639, 22573
2026/09/26 15:15:32.139, 22573
2026/09/26 15:15:32.640, 22573
2026/09/26 15:15:33.140, 22573
2026/09/26 15:15:33.640, 22573
2026/09/26 15:15:34.140, 22573
2026/09/26 15:15:34.640, 22573
2026/09/26 15:15:35.140, 22573
2026/09/26 15:15:35.641, 22573
2026/09/26 15:15:36.141, 22573
2026/09/26 15:15:36.641, 22573
2026/09/26 15:15:37.141, 22573
2026/09/26 15:15:37.641, 22573
2026/09/26 15:15:38.141, 22573
2026/09/26 15:15:38.642, 22573
2026/09/26 15:15:39.142, 22573
2026/09/26 15:15:39.642, 22573
2026/09/26 15:15:40.142, 22573
2026/09/26 15:15:40.642, 22573
2026/09/26 15:15:41.142, 22573
2026/09/26 15:15:41.642, 22573
2026/09/26 15:15:42.143, 22573
2026/09/26 15:15:42.643, 22573
2026/09/26 15:15:43.143, 22573
2026/09/26 15:15:43.643, 22573
2026/09/26 15:15:44.143, 22573
2026/09/26 15:15:44.643, 22573
2026/09/26 15:15:45.144, 22573
2026/09/26 15:15:45.644, 22573
2026/09/26 15:15:46.144, 22573
2026/09/26 15:15:46.644, 22573
2026/09/26 15:15:47.144, 22573
2026/09/26 15:15:47.644, 22573
2026/09/26 15:15:48.144, 22573
2026/09/26 15:15:48.645, 22573
2026/09/26 15:15:49.145, 22573
2026/09/26 15:15:49.645, 22573
2026/09/26 15:15:50.145, 22573
2026/09/26 15:15:50.646, 22573
2026/09/26 15:15:51.148, 22573
2026/09/26 15:15:51.648, 22573
2026/09/26 15:15:52.148, 22573
2026/09/26 15:15:52.648, 22573
2026/09/26 15:15:53.149, 22573
2026/09/26 15:15:53.649, 22573
2026/09/26 15:15:54.149, 22573
2026/09/26 15:15:54.649, 22573
2026/09/26 15:15:55.149, 22573
2026/09/26 15:15:55.649, 22573
2026/09/26 15:15:56.150, 22573
2026/09/26 15:15:56.650, 22573
2026/09/26 15:15:57.150, 22573
2026/09/26 15:15:57.650, 22573
2026/09/26 15:15:58.150, 22573
2026/09/26 15:15:58.650, 22573
2026/09/26 15:15:59.150, 22573
2026/09/26 15:15:59.651, 22573
2026/09/26 15:16:00.151, 22573
2026/09/26 15:16:00.651, 22573
2026/09/26 15:16:01.151, 22573
2026/09/26 15:16:01.651, 22573
2026/09/26 15:16:02.151, 22573
2026/09/26 15:16:02.652, 22573
2026/09/26 15:16:03.152, 22573
2026/09/26 15:16:03.652, 22573
2026/09/26 15:16:04.152, 22573
2026/09/26 15:16:04.652, 22573
2026/09/26 15:16:05.152, 22573
2026/09/26 15:16:05.652, 22573
2026/09/26 15:16:06.153, 22573
2026/09/26 15:16:06.653, 22573
2026/09/26 15:16:07.153, 22573
2026/09/26 15:16:07.653, 22573
2026/09/26 15:16:08.153, 22573
2026/09/26 15:16:08.653, 22573
2026/09/26 15:16:09.154, 22573
2026/09/26 15:16:09.654, 22573
2026/09/26 15:16:10.154, 22573
2026/09/26 15:16:10.654, 22573
2026/09/26 15:16:11.154, 22573
2026/09/26 15:16:11.654, 22573
2026/09/26 15:16:12.155, 22573
2026/09/26 15:16:12.655, 22573
2026/09/26 15:16:13.155, 22573
2026/09/26 15:16:13.655, 22573
2026/09/26 15:16:14.155, 22573
2026/09/26 15:16:14.655, 22573
2026/09/26 15:16:15.156, 22573
2026/09/26 15:16:15.656, 22573
2026/09/26 15:16:16.156, 22573
2026/09/26 15:16:16.656, 22573
2026/09/26 15:16:17.156, 22573
2026/09/26 15:16:17.656, 22573
2026/09/26 15:16:18.157, 22573
2026/09/26 15:16:18.657, 22573
2026/09/26 15:16:19.157, 22573
2026/09/26 15:16:19.657, 22573
2026/09/26 15:16:20.157, 22573
2026/09/26 15:16:20.657, 22573
2026/09/26 15:16:21.158, 22573
2026/09/26 15:16:21.658, 22573
2026/09/26 15:16:22.158, 22573
2026/09/26 15:16:22.658, 22573
2026/09/26 15:16:23.158, 22573
2026/09/26 15:16:23.659, 22573
2026/09/26 15:16:24.159, 22573
2026/09/26 15:16:24.659, 22573
2026/09/26 15:16:25.159, 22573
2026/09/26 15:16:25.659, 22573
2026/09/26 15:16:26.159, 22573
2026/09/26 15:16:26.659, 22573
2026/09/26 15:16:27.160, 22573
2026/09/26 15:16:27.660, 22573
2026/09/26 15:16:28.160, 22573
2026/09/26 15:16:28.660, 22573
2026/09/26 15:16:29.160, 22573
2026/09/26 15:16:29.660, 22573
2026/09/26 15:16:30.161, 22573
2026/09/26 15:16:30.661, 22573
2026/09/26 15:16:31.161, 22573
2026/09/26 15:16:31.661, 22573
2026/09/26 15:16:32.161, 22573
2026/09/26 15:16:32.661, 22573
2026/09/26 15:16:33.162, 22573
2026/09/26 15:16:33.662, 22573
2026/09/26 15:16:34.162, 22573
2026/09/26 15:16:34.662, 22573
2026/09/26 15:16:35.162, 22573
2026/09/26 15:16:35.662, 22573
2026/09/26 15:16:36.162, 22573
2026/09/26 15:16:36.663, 22573
2026/09/26 15:16:37.163, 22573
2026/09/26 15:16:37.663, 22573
2026/09/26 15:16:38.163, 22573
2026/09/26 15:16:38.663, 22573
2026/09/26 15:16:39.163, 22573
2026/09/26 15:16:39.664, 22573
2026/09/26 15:16:40.164, 22573
2026/09/26 15:16:40.664, 22573
2026/09/26 15:16:41.164, 22573
2026/09/26 15:16:41.664, 22573
2026/09/26 15:16:42.164, 22573
2026/09/26 15:16:42.664, 22573
2026/09/26 15:16:43.165, 22573
2026/09/26 15:16:43.665, 22573
2026/09/26 15:16:44.165, 22573
2026/09/26 15:16:44.665, 22573
2026/09/26 15:16:45.165, 22573
2026/09/26 15:16:45.665, 22573
2026/09/26 15:16:46.165, 22573
2026/09/26 15:16:46.666, 22573
2026/09/26 15:16:47.166, 22573
2026/09/26 15:16:47.666, 22573
2026/09/26 15:16:48.166, 22573
2026/09/26 15:16:48.666, 22573
2026/09/26 15:16:49.166, 22573
2026/09/26 15:16:49.666, 22573
2026/09/26 15:16:50.167, 22573
2026/09/26 15:16:50.667, 22573
2026/09/26 15:16:51.167, 22573
2026/09/26 15:16:51.667, 22573
2026/09/26 15:16:52.167, 22573
2026/09/26 15:16:52.667, 22573
2026/09/26 15:16:53.167, 22573
2026/09/26 15:16:53.668, 22573
2026/09/26 15:16:54.168, 22573
2026/09/26 15:16:54.668, 22573
2026/09/26 15:16:55.168, 22573
2026/09/26 15:16:55.668, 22573
2026/09/26 15:16:56.168, 22573
2026/09/26 15:16:56.668, 22573
2026/09/26 15:16:57.169, 22573
2026/09/26 15:16:57.669, 22573
2026/09/26 15:16:58.169, 22573
2026/09/26 15:16:58.669, 22573
2026/09/26 15:16:59.169, 22573
2026/09/26 15:16:59.669, 22573
2026/09/26 15:17:00.169, 22573
2026/09/26 15:17:00.670, 22573
2026/09/26 15:17:01.170, 22573
2026/09/26 15:17:01.670, 22573
2026/09/26 15:17:02.170, 22573
2026/09/26 15:17:02.670, 22573
2026/09/26 15:17:03.170, 22573
2026/09/26 15:17:03.671, 22573
2026/09/26 15:17:04.171, 22573
2026/09/26 15:17:04.671, 22573
2026/09/26 15:17:05.171, 22573
2026/09/26 15:17:05.671, 22573
2026/09/26 15:17:06.171, 22573
2026/09/26 15:17:06.671, 22573
2026/09/26 15:17:07.172, 22573
2026/09/26 15:17:07.672, 22573
2026/09/26 15:17:08.172, 22573
2026/09/26 15:17:08.672, 22573
2026/09/26 15:17:09.172, 22573
2026/09/26 15:17:09.672, 22573
2026/09/26 15:17:10.172, 22573
2026/09/26 15:17:10.673, 22573
2026/09/26 15:17:11.173, 22573
2026/09/26 15:17:11.673, 22573
2026/09/26 15:17:12.173, 22573
2026/09/26 15:17:12.673, 22573
2026/09/26 15:17:13.173, 22573
2026/09/26 15:17:13.674, 22573
2026/09/26 15:17:14.174, 22573
2026/09/26 15:17:14.674, 22573
2026/09/26 15:17:15.174, 22573
2026/09/26 15:17:15.674, 22573
2026/09/26 15:17:16.174, 22573
2026/09/26 15:17:16.675, 22573
2026/09/26 15:17:17.175, 22573
2026/09/26 15:17:17.675, 22573
2026/09/26 15:17:18.175, 22573
2026/09/26 15:17:18.675, 22573
2026/09/26 15:17:19.175, 22573
2026/09/26 15:17:19.675, 22573
2026/09/26 15:17:20.176, 22573
2026/09/26 15:17:20.676, 22573
2026/09/26 15:17:21.176, 22573
2026/09/26 15:17:21.676, 22573
2026/09/26 15:17:22.176, 22573
2026/09/26 15:17:22.676, 22573
2026/09/26 15:17:23.177, 22573
2026/09/26 15:17:23.677, 22573
2026/09/26 15:17:24.177, 22573
2026/09/26 15:17:24.677, 22573
2026/09/26 15:17:25.177, 22573
2026/09/26 15:17:25.677, 22573
2026/09/26 15:17:26.177, 22573
2026/09/26 15:17:26.678, 22573
2026/09/26 15:17:27.178, 22573
2026/09/26 15:17:27.678, 22573
2026/09/26 15:17:28.178, 22573
2026/09/26 15:17:28.678, 22573
2026/09/26 15:17:29.178, 22573
2026/09/26 15:17:29.679, 22573
2026/09/26 15:17:30.179, 22573
2026/09/26 15:17:30.679, 22573
2026/09/26 15:17:31.179, 22573
2026/09/26 15:17:31.679, 22573
2026/09/26 15:17:32.179, 22573
2026/09/26 15:17:32.679, 22573
2026/09/26 15:17:33.180, 22573
2026/09/26 15:17:33.680, 22573
2026/09/26 15:17:34.180, 22573
2026/09/26 15:17:34.680, 22573
2026/09/26 15:17:35.180, 22573
2026/09/26 15:17:35.680, 22573
2026/09/26 15:17:36.181, 22573
2026/09/26 15:17:36.681, 22573
2026/09/26 15:17:37.181, 22573
2026/09/26 15:17:37.681, 22573
2026/09/26 15:17:38.181, 22573
2026/09/26 15:17:38.681, 22573
2026/09/26 15:17:39.181, 22573
2026/09/26 15:17:39.682, 22573
2026/09/26 15:17:40.182, 22573
2026/09/26 15:17:40.682, 22573
2026/09/26 15:17:41.182, 22573
2026/09/26 15:17:41.682, 22573
2026/09/26 15:17:42.182, 22573
2026/09/26 15:17:42.682, 22573
2026/09/26 15:17:43.183, 22573
2026/09/26 15:17:43.683, 22573
2026/09/26 15:17:44.183, 22573
2026/09/26 15:17:44.683, 22573
2026/09/26 15:17:45.183, 22573
2026/09/26 15:17:45.683, 22573
2026/09/26 15:17:46.184, 22573
2026/09/26 15:17:46.684, 22573
2026/09/26 15:17:47.184, 22573
2026/09/26 15:17:47.684, 22573
2026/09/26 15:17:48.184, 22573
2026/09/26 15:17:48.685, 22573
2026/09/26 15:17:49.185, 22573
2026/09/26 15:17:49.685, 22573
2026/09/26 15:17:50.185, 22573
2026/09/26 15:17:50.685, 22573
2026/09/26 15:17:51.185, 22573
2026/09/26 15:17:51.685, 22573
2026/09/26 15:17:52.186, 22573
2026/09/26 15:17:52.686, 22573
2026/09/26 15:17:53.186, 22573
2026/09/26 15:17:53.686, 22573
2026/09/26 15:17:54.186, 22573
2026/09/26 15:17:54.686, 22573
2026/09/26 15:17:55.187, 22573
2026/09/26 15:17:55.687, 22573
2026/09/26 15:17:56.187, 22573
2026/09/26 15:17:56.687, 22573
2026/09/26 15:17:57.187, 22573
2026/09/26 15:17:57.687, 22573
2026/09/26 15:17:58.188, 22573
2026/09/26 15:17:58.688, 22573
2026/09/26 15:17:59.188, 22573
2026/09/26 15:17:59.688, 22573
2026/09/26 15:18:00.188, 22573
2026/09/26 15:18:00.689, 22573
2026/09/26 15:18:01.189, 22573
2026/09/26 15:18:01.689, 22573
2026/09/26 15:18:02.189, 22573
2026/09/26 15:18:02.689, 22573
2026/09/26 15:18:03.189, 22573
2026/09/26 15:18:03.689, 22573
2026/09/26 15:18:04.190, 22573
2026/09/26 15:18:04.690, 22573
2026/09/26 15:18:05.190, 22573
2026/09/26 15:18:05.690, 22573
2026/09/26 15:18:06.190, 22573
2026/09/26 15:18:06.690, 22573
2026/09/26 15:18:07.190, 22573
2026/09/26 15:18:07.691, 22573
2026/09/26 15:18:08.191, 22573
2026/09/26 15:18:08.691, 22573
2026/09/26 15:18:09.191, 22573
2026/09/26 15:18:09.691, 22573
2026/09/26 15:18:10.191, 22573
2026/09/26 15:18:10.691, 22573
2026/09/26 15:18:11.192, 22573
2026/09/26 15:18:11.692, 22573
2026/09/26 15:18:12.192, 22573
2026/09/26 15:18:12.692, 22573
2026/09/26 15:18:13.192, 22573
2026/09/26 15:18:13.692, 22573
2026/09/26 15:18:14.193, 22573
2026/09/26 15:18:14.693, 22573
2026/09/26 15:18:15.193, 22573
2026/09/26 15:18:15.693, 22573
2026/09/26 15:18:16.193, 22573
2026/09/26 15:18:16.693, 22573
2026/09/26 15:18:17.193, 22573
2026/09/26 15:18:17.694, 22573
2026/09/26 15:18:18.194, 22573
2026/09/26 15:18:18.694, 22573
2026/09/26 15:18:19.194, 22573
2026/09/26 15:18:19.694, 22573
2026/09/26 15:18:20.194, 22573
2026/09/26 15:18:20.695, 22573
2026/09/26 15:18:21.195, 22573
2026/09/26 15:18:21.695, 22573
2026/09/26 15:18:22.195, 22573
2026/09/26 15:18:22.695, 22573
2026/09/26 15:18:23.195, 22573
2026/09/26 15:18:23.695, 22573
2026/09/26 15:18:24.196, 22573
2026/09/26 15:18:24.696, 22573
2026/09/26 15:18:25.196, 22573
2026/09/26 15:18:25.696, 22573
2026/09/26 15:18:26.196, 22573
2026/09/26 15:18:26.696, 22573
2026/09/26 15:18:27.196, 22573
2026/09/26 15:18:27.696, 22573
2026/09/26 15:18:28.197, 22573
2026/09/26 15:18:28.697, 22573
2026/09/26 15:18:29.197, 22573
2026/09/26 15:18:29.697, 22573
2026/09/26 15:18:30.197, 22573
2026/09/26 15:18:30.697, 22573
2026/09/26 15:18:31.197, 22573
2026/09/26 15:18:31.698, 22573
2026/09/26 15:18:32.198, 22573
2026/09/26 15:18:32.698, 22573
2026/09/26 15:18:33.198, 22573
2026/09/26 15:18:33.698, 22573
2026/09/26 15:18:34.198, 22573
2026/09/26 15:18:34.698, 22573
2026/09/26 15:18:35.198, 22573
2026/09/26 15:18:35.699, 22573
2026/09/26 15:18:36.199, 22573
2026/09/26 15:18:36.699, 22573
2026/09/26 15:18:37.199, 22573
2026/09/26 15:18:37.699, 22573
2026/09/26 15:18:38.199, 22573
2026/09/26 15:18:38.699, 22573
2026/09/26 15:18:39.199, 22573
2026/09/26 15:18:39.700, 22573
2026/09/26 15:18:40.200, 22573
2026/09/26 15:18:40.700, 22573
2026/09/26 15:18:41.200, 22573
2026/09/26 15:18:41.701, 22573
2026/09/26 15:18:42.201, 22573
2026/09/26 15:18:42.701, 22573
2026/09/26 15:18:43.201, 22573
2026/09/26 15:18:43.701, 22573
2026/09/26 15:18:44.201, 22573
2026/09/26 15:18:44.701, 22573
2026/09/26 15:18:45.201, 22573
2026/09/26 15:18:45.702, 22573
2026/09/26 15:18:46.202, 22573
2026/09/26 15:18:46.702, 22573
2026/09/26 15:18:47.202, 22573
2026/09/26 15:18:47.702, 22573
2026/09/26 15:18:48.202, 22573
2026/09/26 15:18:48.702, 22573
2026/09/26 15:18:49.203, 22573
2026/09/26 15:18:49.703, 22573
2026/09/26 15:18:50.203, 22573
2026/09/26 15:18:50.703, 22573
2026/09/26 15:18:51.203, 22573
2026/09/26 15:18:51.703, 22573
2026/09/26 15:18:52.204, 22573
2026/09/26 15:18:52.704, 22573
2026/09/26 15:18:53.204, 22573
2026/09/26 15:18:53.704, 22573
2026/09/26 15:18:54.204, 22573
2026/09/26 15:18:54.704, 22573
2026/09/26 15:18:55.204, 22573
2026/09/26 15:18:55.705, 22573
2026/09/26 15:18:56.205, 22573
2026/09/26 15:18:56.705, 22573
2026/09/26 15:18:57.205, 22573
2026/09/26 15:18:57.705, 22573
2026/09/26 15:18:58.205, 22573
2026/09/26 15:18:58.705, 22573
2026/09/26 15:18:59.206, 22573
2026/09/26 15:18:59.706, 22573
2026/09/26 15:19:00.206, 22573
2026/09/26 15:19:00.706, 22573
2026/09/26 15:19:01.206, 22573
2026/09/26 15:19:01.706, 22573
2026/09/26 15:19:02.206, 22573
2026/09/26 15:19:02.707, 22573
2026/09/26 15:19:03.207, 22573
2026/09/26 15:19:03.707, 22573
2026/09/26 15:19:04.207, 22573
2026/09/26 15:19:04.707, 22573
2026/09/26 15:19:05.207, 22573
2026/09/26 15:19:05.708, 22573
2026/09/26 15:19:06.208, 22573
2026/09/26 15:19:06.708, 22573
2026/09/26 15:19:07.208, 22573
2026/09/26 15:19:07.708, 22573
2026/09/26 15:19:08.208, 22573
2026/09/26 15:19:08.708, 22573
2026/09/26 15:19:09.209, 22573
2026/09/26 15:19:09.709, 22573
2026/09/26 15:19:10.209, 22573
2026/09/26 15:19:10.709, 22573
2026/09/26 15:19:11.209, 22573
2026/09/26 15:19:11.709, 22573
2026/09/26 15:19:12.209, 22573
2026/09/26 15:19:12.710, 22573
2026/09/26 15:19:13.210, 22573
2026/09/26 15:19:13.710, 22573
2026/09/26 15:19:14.210, 22573
2026/09/26 15:19:14.710, 22573
2026/09/26 15:19:15.210, 22573
2026/09/26 15:19:15.711, 22573
2026/09/26 15:19:16.211, 22573
2026/09/26 15:19:16.711, 22573
2026/09/26 15:19:17.211, 22573
2026/09/26 15:19:17.711, 22573
2026/09/26 15:19:18.211, 22573
2026/09/26 15:19:18.711, 22573
2026/09/26 15:19:19.211, 22573
2026/09/26 15:19:19.712, 22573
2026/09/26 15:19:20.212, 22573
2026/09/26 15:19:20.712, 22573
2026/09/26 15:19:21.212, 22573
2026/09/26 15:19:21.712, 22573
2026/09/26 15:19:22.212, 22573
2026/09/26 15:19:22.713, 22573
2026/09/26 15:19:23.213, 22573
2026/09/26 15:19:23.713, 22573
2026/09/26 15:19:24.213, 22573
2026/09/26 15:19:24.713, 22573
2026/09/26 15:19:25.213, 22573
2026/09/26 15:19:25.713, 22573
2026/09/26 15:19:26.214, 22573
2026/09/26 15:19:26.714, 22573
2026/09/26 15:19:27.214, 22573
2026/09/26 15:19:27.714, 22573
2026/09/26 15:19:28.214, 22573
2026/09/26 15:19:28.714, 22573
2026/09/26 15:19:29.215, 22573
2026/09/26 15:19:29.715, 22573
2026/09/26 15:19:30.215, 22573
2026/09/26 15:19:30.715, 22573
2026/09/26 15:19:31.215, 22573
2026/09/26 15:19:31.715, 22573
2026/09/26 15:19:32.215, 22573
2026/09/26 15:19:32.716, 22573
2026/09/26 15:19:33.216, 22573
2026/09/26 15:19:33.716, 22573
2026/09/26 15:19:34.216, 22573
2026/09/26 15:19:34.716, 22573
2026/09/26 15:19:35.216, 22573
2026/09/26 15:19:35.716, 22573
2026/09/26 15:19:36.217, 22573
2026/09/26 15:19:36.717, 22573
2026/09/26 15:19:37.217, 22573
2026/09/26 15:19:37.717, 22573
2026/09/26 15:19:38.217, 22573
2026/09/26 15:19:38.717, 22573
2026/09/26 15:19:39.217, 22573
2026/09/26 15:19:39.718, 22573
2026/09/26 15:19:40.218, 22573
2026/09/26 15:19:40.718, 22573
2026/09/26 15:19:41.218, 22573
2026/09/26 15:19:41.718, 22573
2026/09/26 15:19:42.218, 22573
2026/09/26 15:19:42.719, 22573
2026/09/26 15:19:43.219, 22573
2026/09/26 15:19:43.719, 22573
2026/09/26 15:19:44.219, 22573
2026/09/26 15:19:44.719, 22573
2026/09/26 15:19:45.219, 22573
2026/09/26 15:19:45.719, 22573
2026/09/26 15:19:46.220, 22573
2026/09/26 15:19:46.720, 22573
2026/09/26 15:19:47.220, 22573
2026/09/26 15:19:47.720, 22573
2026/09/26 15:19:48.220, 22573
2026/09/26 15:19:48.720, 22573
2026/09/26 15:19:49.221, 22573
2026/09/26 15:19:49.721, 22573
2026/09/26 15:19:50.221, 22573
2026/09/26 15:19:50.721, 22573
2026/09/26 15:19:51.221, 22573
2026/09/26 15:19:51.721, 22573
2026/09/26 15:19:52.221, 22573
2026/09/26 15:19:52.722, 22573
2026/09/26 15:19:53.222, 22573
2026/09/26 15:19:53.722, 22573
2026/09/26 15:19:54.222, 22573
2026/09/26 15:19:54.722, 22573
2026/09/26 15:19:55.222, 22573
2026/09/26 15:19:55.723, 22573
2026/09/26 15:19:56.223, 22573
2026/09/26 15:19:56.723, 22573
2026/09/26 15:19:57.223, 22573
2026/09/26 15:19:57.723, 22573
2026/09/26 15:19:58.223, 22573
2026/09/26 15:19:58.724, 22573
2026/09/26 15:19:59.224, 22573
2026/09/26 15:19:59.724, 22573
2026/09/26 15:20:00.224, 22573
2026/09/26 15:20:00.724, 22573
2026/09/26 15:20:01.224, 22573
2026/09/26 15:20:01.725, 22573
2026/09/26 15:20:02.225, 22573
2026/09/26 15:20:02.725, 22573
2026/09/26 15:20:03.225, 22573
2026/09/26 15:20:03.725, 22573
2026/09/26 15:20:04.225, 22573
2026/09/26 15:20:04.726, 22573
2026/09/26 15:20:05.226, 22573
2026/09/26 15:20:05.726, 22573
2026/09/26 15:20:06.226, 22573
2026/09/26 15:20:06.726, 22573
2026/09/26 15:20:07.226, 22573
2026/09/26 15:20:07.727, 22573
2026/09/26 15:20:08.227, 22573
2026/09/26 15:20:08.727, 22573
2026/09/26 15:20:09.227, 22573
2026/09/26 15:20:09.727, 22573
2026/09/26 15:20:10.227, 22573
2026/09/26 15:20:10.728, 22573
2026/09/26 15:20:11.228, 22573
2026/09/26 15:20:11.728, 22573
2026/09/26 15:20:12.228, 22573
2026/09/26 15:20:12.728, 22573
2026/09/26 15:20:13.229, 22573
2026/09/26 15:20:13.729, 22573
2026/09/26 15:20:14.229, 22573
2026/09/26 15:20:14.729, 22573
2026/09/26 15:20:15.229, 22573
2026/09/26 15:20:15.729, 22573
2026/09/26 15:20:16.229, 22573
2026/09/26 15:20:16.730, 22573
2026/09/26 15:20:17.230, 22573
2026/09/26 15:20:17.730, 22573
2026/09/26 15:20:18.230, 22573
2026/09/26 15:20:18.730, 22573
2026/09/26 15:20:19.230, 22573
2026/09/26 15:20:19.731, 22573
2026/09/26 15:20:20.231, 22573
2026/09/26 15:20:20.731, 22573
2026/09/26 15:20:21.231, 22573
2026/09/26 15:20:21.731, 22573
2026/09/26 15:20:22.231, 22573
2026/09/26 15:20:22.731, 22573
2026/09/26 15:20:23.232, 22573
2026/09/26 15:20:23.732, 22573
2026/09/26 15:20:24.232, 22573
2026/09/26 15:20:24.732, 22573
2026/09/26 15:20:25.232, 22573
2026/09/26 15:20:25.732, 22573
2026/09/26 15:20:26.233, 22573
2026/09/26 15:20:26.733, 22573
2026/09/26 15:20:27.233, 22573
2026/09/26 15:20:27.733, 22573
2026/09/26 15:20:28.233, 22573
2026/09/26 15:20:28.733, 22573
2026/09/26 15:20:29.233, 22573
2026/09/26 15:20:29.734, 22573
2026/09/26 15:20:30.234, 22573
2026/09/26 15:20:30.734, 22573
2026/09/26 15:20:31.234, 22573
2026/09/26 15:20:31.734, 22573
2026/09/26 15:20:32.234, 22573
2026/09/26 15:20:32.735, 22573
2026/09/26 15:20:33.235, 22573
2026/09/26 15:20:33.735, 22573
2026/09/26 15:20:34.235, 22573
2026/09/26 15:20:34.735, 22573
2026/09/26 15:20:35.235, 22573
2026/09/26 15:20:35.736, 22573
2026/09/26 15:20:36.236, 22573
2026/09/26 15:20:36.736, 22573
2026/09/26 15:20:37.236, 22573
2026/09/26 15:20:37.736, 22573
2026/09/26 15:20:38.236, 22573
2026/09/26 15:20:38.736, 22573
2026/09/26 15:20:39.237, 22573
2026/09/26 15:20:39.737, 22573
2026/09/26 15:20:40.237, 22573
2026/09/26 15:20:40.737, 22573
2026/09/26 15:20:41.237, 22573
2026/09/26 15:20:41.737, 22573
2026/09/26 15:20:42.237, 22573
2026/09/26 15:20:42.737, 22573
2026/09/26 15:20:43.238, 22573
2026/09/26 15:20:43.738, 22573
2026/09/26 15:20:44.238, 22573
2026/09/26 15:20:44.738, 22573
2026/09/26 15:20:45.238, 22573
2026/09/26 15:20:45.738, 22573
2026/09/26 15:20:46.238, 22573
2026/09/26 15:20:46.739, 22573
2026/09/26 15:20:47.239, 22573
2026/09/26 15:20:47.739, 22573
2026/09/26 15:20:48.239, 22573
2026/09/26 15:20:48.739, 22573
2026/09/26 15:20:49.239, 22573
2026/09/26 15:20:49.739, 22573
2026/09/26 15:20:50.239, 22573
2026/09/26 15:20:50.740, 22573
2026/09/26 15:20:51.240, 22573
2026/09/26 15:20:51.740, 22573
2026/09/26 15:20:52.240, 22573
2026/09/26 15:20:52.740, 22573
2026/09/26 15:20:53.241, 22573
2026/09/26 15:20:53.741, 22573
2026/09/26 15:20:54.241, 22573
2026/09/26 15:20:54.741, 22573
2026/09/26 15:20:55.241, 22573
2026/09/26 15:20:55.741, 22573
2026/09/26 15:20:56.242, 22573
2026/09/26 15:20:56.742, 22573
2026/09/26 15:20:57.242, 22573
2026/09/26 15:20:57.742, 22573
2026/09/26 15:20:58.242, 22573
2026/09/26 15:20:58.742, 22573
2026/09/26 15:20:59.242, 22573
2026/09/26 15:20:59.743, 22573
2026/09/26 15:21:00.243, 22573
2026/09/26 15:21:00.743, 22573
2026/09/26 15:21:01.243, 22573
2026/09/26 15:21:01.743, 22573
2026/09/26 15:21:02.243, 22573
2026/09/26 15:21:02.744, 22573
2026/09/26 15:21:03.244, 22573
2026/09/26 15:21:03.744, 22573
2026/09/26 15:21:04.244, 22573
2026/09/26 15:21:04.744, 22573
2026/09/26 15:21:05.245, 22573
2026/09/26 15:21:05.745, 22573
2026/09/26 15:21:06.245, 22573
2026/09/26 15:21:06.745, 22573
2026/09/26 15:21:07.245, 22573
2026/09/26 15:21:07.746, 22573
2026/09/26 15:21:08.246, 22573
2026/09/26 15:21:08.746, 22573
2026/09/26 15:21:09.246, 22573
2026/09/26 15:21:09.746, 22573
2026/09/26 15:21:10.246, 22573
2026/09/26 15:21:10.747, 22573
2026/09/26 15:21:11.247, 22573
2026/09/26 15:21:11.747, 22573
2026/09/26 15:21:12.247, 22573
2026/09/26 15:21:12.747, 22573
2026/09/26 15:21:13.247, 22573
2026/09/26 15:21:13.748, 22573
2026/09/26 15:21:14.248, 22573
2026/09/26 15:21:14.748, 22573
2026/09/26 15:21:15.248, 22573
2026/09/26 15:21:15.748, 22573
2026/09/26 15:21:16.249, 22573
2026/09/26 15:21:16.749, 22573
2026/09/26 15:21:17.249, 22573
2026/09/26 15:21:17.749, 22573
2026/09/26 15:21:18.249, 22573
2026/09/26 15:21:18.749, 22573
2026/09/26 15:21:19.250, 22573
2026/09/26 15:21:19.750, 22573
2026/09/26 15:21:20.250, 22573
2026/09/26 15:21:20.750, 22573
2026/09/26 15:21:21.250, 22573
2026/09/26 15:21:21.750, 22573
2026/09/26 15:21:22.251, 22573
2026/09/26 15:21:22.751, 22573
2026/09/26 15:21:23.251, 22573
2026/09/26 15:21:23.751, 22573
2026/09/26 15:21:24.251, 22573
2026/09/26 15:21:24.751, 22573
2026/09/26 15:21:25.251, 22573
2026/09/26 15:21:25.752, 22573
2026/09/26 15:21:26.252, 22573
2026/09/26 15:21:26.752, 22573
2026/09/26 15:21:27.252, 22573
2026/09/26 15:21:27.753, 22573
2026/09/26 15:21:28.253, 22573
2026/09/26 15:21:28.753, 22573
2026/09/26 15:21:29.253, 22573
2026/09/26 15:21:29.753, 22573
2026/09/26 15:21:30.253, 22573
2026/09/26 15:21:30.753, 22573
2026/09/26 15:21:31.253, 22573
2026/09/26 15:21:31.754, 22573
2026/09/26 15:21:32.254, 22573
2026/09/26 15:21:32.754, 22573
2026/09/26 15:21:33.254, 22573
2026/09/26 15:21:33.754, 22573
2026/09/26 15:21:34.255, 22573
2026/09/26 15:21:34.755, 22573
2026/09/26 15:21:35.255, 22573
2026/09/26 15:21:35.755, 22573
2026/09/26 15:21:36.255, 22573
2026/09/26 15:21:36.755, 22573
2026/09/26 15:21:37.255, 22573
2026/09/26 15:21:37.756, 22573
2026/09/26 15:21:38.256, 22573
2026/09/26 15:21:38.756, 22573
2026/09/26 15:21:39.256, 22573
2026/09/26 15:21:39.756, 22573
2026/09/26 15:21:40.256, 22573
2026/09/26 15:21:40.756, 22573
2026/09/26 15:21:41.257, 22573
2026/09/26 15:21:41.757, 22573
2026/09/26 15:21:42.257, 22573
2026/09/26 15:21:42.757, 22573
2026/09/26 15:21:43.257, 22573
2026/09/26 15:21:43.757, 22573
2026/09/26 15:21:44.258, 22573
2026/09/26 15:21:44.758, 22573
2026/09/26 15:21:45.258, 22573
2026/09/26 15:21:45.758, 22573
2026/09/26 15:21:46.258, 22573
2026/09/26 15:21:46.758, 22573
2026/09/26 15:21:47.258, 22573
2026/09/26 15:21:47.759, 22573
2026/09/26 15:21:48.259, 22573
2026/09/26 15:21:48.759, 22573
2026/09/26 15:21:49.259, 22573
2026/09/26 15:21:49.759, 22573
2026/09/26 15:21:50.259, 22573
2026/09/26 15:21:50.759, 22573
2026/09/26 15:21:51.260, 22573
2026/09/26 15:21:51.760, 22573
2026/09/26 15:21:52.260, 22573
2026/09/26 15:21:52.760, 22573
2026/09/26 15:21:53.260, 22573
2026/09/26 15:21:53.760, 22573
2026/09/26 15:21:54.261, 22573
2026/09/26 15:21:54.761, 22573
2026/09/26 15:21:55.261, 22573
2026/09/26 15:21:55.761, 22573
2026/09/26 15:21:56.261, 22573
2026/09/26 15:21:56.761, 22573
2026/09/26 15:21:57.270, 22573
2026/09/26 15:21:57.770, 22573
2026/09/26 15:21:58.270, 22573
2026/09/26 15:21:58.770, 22573
2026/09/26 15:21:59.271, 22573
2026/09/26 15:21:59.771, 22573
2026/09/26 15:22:00.271, 22573
2026/09/26 15:22:00.771, 22573
2026/09/26 15:22:01.271, 22573
2026/09/26 15:22:01.771, 22573
2026/09/26 15:22:02.271, 22573
2026/09/26 15:22:02.772, 22573
2026/09/26 15:22:03.272, 22573
2026/09/26 15:22:03.772, 22573
2026/09/26 15:22:04.272, 22573
2026/09/26 15:22:04.772, 22573
2026/09/26 15:22:05.272, 22573
2026/09/26 15:22:05.772, 22573
2026/09/26 15:22:06.273, 22573
2026/09/26 15:22:06.773, 22573
2026/09/26 15:22:07.273, 22573
2026/09/26 15:22:07.773, 22573
2026/09/26 15:22:08.273, 22573
2026/09/26 15:22:08.773, 22573
2026/09/26 15:22:09.274, 22573
2026/09/26 15:22:09.774, 22573
2026/09/26 15:22:10.274, 22573
2026/09/26 15:22:10.774, 22573
2026/09/26 15:22:11.274, 22573
2026/09/26 15:22:11.774, 22573
2026/09/26 15:22:12.274, 22573
2026/09/26 15:22:12.775, 22573
2026/09/26 15:22:13.275, 22573
2026/09/26 15:22:13.775, 22573
2026/09/26 15:22:14.275, 22573
2026/09/26 15:22:14.775, 22573
2026/09/26 15:22:15.275, 22573
2026/09/26 15:22:15.775, 22573
2026/09/26 15:22:16.276, 22573
2026/09/26 15:22:16.776, 22573
2026/09/26 15:22:17.276, 22573
2026/09/26 15:22:17.776, 22573
2026/09/26 15:22:18.276, 22573
2026/09/26 15:22:18.776, 22573
2026/09/26 15:22:19.276, 22573
2026/09/26 15:22:19.777, 22573
2026/09/26 15:22:20.277, 22573
2026/09/26 15:22:20.777, 22573
2026/09/26 15:22:21.277, 22573
2026/09/26 15:22:21.777, 22573
2026/09/26 15:22:22.277, 22573
2026/09/26 15:22:22.777, 22573
2026/09/26 15:22:23.278, 22573
2026/09/26 15:22:23.778, 22573
2026/09/26 15:22:24.278, 22573
2026/09/26 15:22:24.778, 22573
2026/09/26 15:22:25.278, 22573
2026/09/26 15:22:25.778, 22573
2026/09/26 15:22:26.278, 22573
2026/09/26 15:22:26.779, 22573
2026/09/26 15:22:27.279, 22573
2026/09/26 15:22:27.779, 22573
2026/09/26 15:22:28.279, 22573
2026/09/26 15:22:28.779, 22573
2026/09/26 15:22:29.279, 22573
2026/09/26 15:22:29.779, 22573
2026/09/26 15:22:30.280, 22573
2026/09/26 15:22:30.780, 22573
2026/09/26 15:22:31.280, 22573
2026/09/26 15:22:31.780, 22573
2026/09/26 15:22:32.280, 22573
2026/09/26 15:22:32.780, 22573
2026/09/26 15:22:33.281, 22573
2026/09/26 15:22:33.781, 22573
2026/09/26 15:22:34.281, 22573
2026/09/26 15:22:34.781, 22573
2026/09/26 15:22:35.281, 22573
2026/09/26 15:22:35.781, 22573
2026/09/26 15:22:36.281, 22573
2026/09/26 15:22:36.782, 22573
2026/09/26 15:22:37.282, 22573
2026/09/26 15:22:37.782, 22573
2026/09/26 15:22:38.282, 22573
2026/09/26 15:22:38.782, 22573
2026/09/26 15:22:39.282, 22573
2026/09/26 15:22:39.782, 22573
2026/09/26 15:22:40.283, 22573
2026/09/26 15:22:40.783, 22573
2026/09/26 15:22:41.283, 22573
2026/09/26 15:22:41.783, 22573
2026/09/26 15:22:42.283, 22573
2026/09/26 15:22:42.783, 22573
2026/09/26 15:22:43.283, 22573
2026/09/26 15:22:43.784, 22573
2026/09/26 15:22:44.284, 22573
2026/09/26 15:22:44.784, 22573
2026/09/26 15:22:45.284, 22573
2026/09/26 15:22:45.784, 22573
2026/09/26 15:22:46.284, 22573
2026/09/26 15:22:46.785, 22573
2026/09/26 15:22:47.285, 22573
2026/09/26 15:22:47.785, 22573
2026/09/26 15:22:48.285, 22573
2026/09/26 15:22:48.785, 22573
2026/09/26 15:22:49.285, 22573
2026/09/26 15:22:49.785, 22573
2026/09/26 15:22:50.286, 22573
2026/09/26 15:22:50.786, 22573
2026/09/26 15:22:51.286, 22573
2026/09/26 15:22:51.786, 22573
2026/09/26 15:22:52.286, 22573
2026/09/26 15:22:52.786, 22573
2026/09/26 15:22:53.286, 22573
2026/09/26 15:22:53.787, 22573
2026/09/26 15:22:54.287, 22573
2026/09/26 15:22:54.787, 22573
2026/09/26 15:22:55.287, 22573
2026/09/26 15:22:55.787, 22573
2026/09/26 15:22:56.287, 22573
2026/09/26 15:22:56.788, 22573
2026/09/26 15:22:57.288, 22573
2026/09/26 15:22:57.788, 22573
2026/09/26 15:22:58.288, 22573
2026/09/26 15:22:58.788, 22573
2026/09/26 15:22:59.288, 22573
2026/09/26 15:22:59.788, 22573
2026/09/26 15:23:00.289, 22573
2026/09/26 15:23:00.789, 22573
2026/09/26 15:23:01.289, 22573
2026/09/26 15:23:01.789, 22573
2026/09/26 15:23:02.289, 22573
2026/09/26 15:23:02.789, 22573
2026/09/26 15:23:03.289, 22573
2026/09/26 15:23:03.789, 22573
2026/09/26 15:23:04.290, 22573
2026/09/26 15:23:04.790, 22573
2026/09/26 15:23:05.290, 22573
2026/09/26 15:23:05.790, 22573
2026/09/26 15:23:06.290, 22573
2026/09/26 15:23:06.790, 22573
2026/09/26 15:23:07.290, 22573
2026/09/26 15:23:07.791, 22573
2026/09/26 15:23:08.291, 22573
2026/09/26 15:23:08.791, 22573
2026/09/26 15:23:09.291, 22573
2026/09/26 15:23:09.791, 22573
2026/09/26 15:23:10.291, 22573
2026/09/26 15:23:10.791, 22573
2026/09/26 15:23:11.292, 22573
2026/09/26 15:23:11.792, 22573
2026/09/26 15:23:12.292, 22573
2026/09/26 15:23:12.792, 22573
2026/09/26 15:23:13.292, 22573
2026/09/26 15:23:13.793, 22573
2026/09/26 15:23:14.293, 22573
2026/09/26 15:23:14.793, 22573
2026/09/26 15:23:15.293, 22573
2026/09/26 15:23:15.793, 22573
2026/09/26 15:23:16.293, 22573
2026/09/26 15:23:16.793, 22573
2026/09/26 15:23:17.294, 22573
2026/09/26 15:23:17.794, 22573
2026/09/26 15:23:18.294, 22573
2026/09/26 15:23:18.794, 22573
2026/09/26 15:23:19.294, 22573
2026/09/26 15:23:19.794, 22573
2026/09/26 15:23:20.295, 22573
2026/09/26 15:23:20.795, 22573
2026/09/26 15:23:21.295, 22573
2026/09/26 15:23:21.795, 22573
2026/09/26 15:23:22.295, 22573
2026/09/26 15:23:22.795, 22573
2026/09/26 15:23:23.295, 22573
2026/09/26 15:23:23.796, 22573
2026/09/26 15:23:24.296, 22573
2026/09/26 15:23:24.796, 22573
2026/09/26 15:23:25.296, 22573
2026/09/26 15:23:25.796, 22573
2026/09/26 15:23:26.296, 22573
2026/09/26 15:23:26.796, 22573
2026/09/26 15:23:27.297, 22573
2026/09/26 15:23:27.797, 22573
2026/09/26 15:23:28.297, 22573
2026/09/26 15:23:28.797, 22573
2026/09/26 15:23:29.297, 22573
2026/09/26 15:23:29.797, 22573
2026/09/26 15:23:30.297, 22573
2026/09/26 15:23:30.798, 22573
2026/09/26 15:23:31.298, 22573
2026/09/26 15:23:31.798, 22573
2026/09/26 15:23:32.298, 22573
2026/09/26 15:23:32.798, 22573
2026/09/26 15:23:33.298, 22573
2026/09/26 15:23:33.798, 22573
2026/09/26 15:23:34.299, 22573
2026/09/26 15:23:34.799, 22573
2026/09/26 15:23:35.299, 22573
2026/09/26 15:23:35.799, 22573
2026/09/26 15:23:36.299, 22573
2026/09/26 15:23:36.799, 22573
2026/09/26 15:23:37.299, 22573
2026/09/26 15:23:37.800, 22573
2026/09/26 15:23:38.300, 22573
2026/09/26 15:23:38.800, 22573
2026/09/26 15:23:39.300, 22573
2026/09/26 15:23:39.800, 22573
2026/09/26 15:23:40.300, 22573
2026/09/26 15:23:40.801, 22573
2026/09/26 15:23:41.301, 22573
2026/09/26 15:23:41.801, 22573
2026/09/26 15:23:42.301, 22573
2026/09/26 15:23:42.801, 22573
2026/09/26 15:23:43.301, 22573
2026/09/26 15:23:43.801, 22573
2026/09/26 15:23:44.302, 22573
2026/09/26 15:23:44.802, 22573
2026/09/26 15:23:45.302, 22573
2026/09/26 15:23:45.802, 22573
2026/09/26 15:23:46.302, 22573
2026/09/26 15:23:46.802, 22573
2026/09/26 15:23:47.303, 22573
2026/09/26 15:23:47.803, 22573
2026/09/26 15:23:48.303, 22573
2026/09/26 15:23:48.803, 22573
2026/09/26 15:23:49.303, 22573
2026/09/26 15:23:49.803, 22573
2026/09/26 15:23:50.303, 22573
2026/09/26 15:23:50.804, 22573
2026/09/26 15:23:51.304, 22573
2026/09/26 15:23:51.804, 22573
2026/09/26 15:23:52.304, 22573
2026/09/26 15:23:52.804, 22573
2026/09/26 15:23:53.304, 22573
2026/09/26 15:23:53.805, 22573
2026/09/26 15:23:54.305, 22573
2026/09/26 15:23:54.805, 22573
2026/09/26 15:23:55.305, 22573
2026/09/26 15:23:55.805, 22573
2026/09/26 15:23:56.305, 22573
2026/09/26 15:23:56.806, 22573
2026/09/26 15:23:57.306, 22573
2026/09/26 15:23:57.806, 22573
2026/09/26 15:23:58.306, 22573
2026/09/26 15:23:58.806, 22573
2026/09/26 15:23:59.306, 22573
2026/09/26 15:23:59.807, 22573
2026/09/26 15:24:00.307, 22573
2026/09/26 15:24:00.807, 22573
2026/09/26 15:24:01.307, 22573
2026/09/26 15:24:01.807, 22573
2026/09/26 15:24:02.307, 22573
2026/09/26 15:24:02.808, 22573
2026/09/26 15:24:03.308, 22573
2026/09/26 15:24:03.808, 22573
2026/09/26 15:24:04.308, 22573
2026/09/26 15:24:04.808, 22573
2026/09/26 15:24:05.308, 22573
2026/09/26 15:24:05.808, 22573
2026/09/26 15:24:06.309, 22573
2026/09/26 15:24:06.809, 22573
2026/09/26 15:24:07.310, 22573
2026/09/26 15:24:07.810, 22573
2026/09/26 15:24:08.310, 22573
2026/09/26 15:24:08.810, 22573
2026/09/26 15:24:09.311, 22573
2026/09/26 15:24:09.811, 22573
2026/09/26 15:24:10.311, 22573
2026/09/26 15:24:10.811, 22573
2026/09/26 15:24:11.311, 22573
2026/09/26 15:24:11.811, 22573
2026/09/26 15:24:12.312, 22573
2026/09/26 15:24:12.812, 22573
2026/09/26 15:24:13.312, 22573
2026/09/26 15:24:13.812, 22573
2026/09/26 15:24:14.312, 22573
2026/09/26 15:24:14.813, 22573
2026/09/26 15:24:15.313, 22573
2026/09/26 15:24:15.813, 22573
2026/09/26 15:24:16.313, 22573
2026/09/26 15:24:16.813, 22573
2026/09/26 15:24:17.313, 22573
2026/09/26 15:24:17.814, 22573
2026/09/26 15:24:18.314, 22573
2026/09/26 15:24:18.814, 22573
2026/09/26 15:24:19.314, 22573
2026/09/26 15:24:19.814, 22573
2026/09/26 15:24:20.314, 22573
2026/09/26 15:24:20.815, 22573
2026/09/26 15:24:21.315, 22573
2026/09/26 15:24:21.815, 22573
2026/09/26 15:24:22.315, 22573
2026/09/26 15:24:22.815, 22573
2026/09/26 15:24:23.315, 22573
2026/09/26 15:24:23.815, 22573
2026/09/26 15:24:24.316, 22573
2026/09/26 15:24:24.816, 22573
2026/09/26 15:24:25.316, 22573
2026/09/26 15:24:25.816, 22573
2026/09/26 15:24:26.316, 22573
2026/09/26 15:24:26.816, 22573
2026/09/26 15:24:27.317, 22573
2026/09/26 15:24:27.817, 22573
2026/09/26 15:24:28.317, 22573
2026/09/26 15:24:28.817, 22573
2026/09/26 15:24:29.317, 22573
2026/09/26 15:24:29.817, 22573
2026/09/26 15:24:30.317, 22573
2026/09/26 15:24:30.818, 22573
2026/09/26 15:24:31.318, 22573
2026/09/26 15:24:31.818, 22573
2026/09/26 15:24:32.318, 22573
2026/09/26 15:24:32.818, 22573
2026/09/26 15:24:33.318, 22573
2026/09/26 15:24:33.819, 22573
2026/09/26 15:24:34.319, 22573
2026/09/26 15:24:34.819, 22573
2026/09/26 15:24:35.319, 22573
2026/09/26 15:24:35.819, 22573
2026/09/26 15:24:36.319, 22573
2026/09/26 15:24:36.819, 22573
2026/09/26 15:24:37.320, 22573
2026/09/26 15:24:37.820, 22573
2026/09/26 15:24:38.320, 22573
2026/09/26 15:24:38.820, 22573
2026/09/26 15:24:39.320, 22573
2026/09/26 15:24:39.820, 22573
2026/09/26 15:24:40.320, 22573
2026/09/26 15:24:40.821, 22573
2026/09/26 15:24:41.321, 22573
2026/09/26 15:24:41.821, 22573
2026/09/26 15:24:42.321, 22573
2026/09/26 15:24:42.821, 22573
2026/09/26 15:24:43.321, 22573
2026/09/26 15:24:43.822, 22573
2026/09/26 15:24:44.322, 22573
2026/09/26 15:24:44.822, 22573
2026/09/26 15:24:45.322, 22573
2026/09/26 15:24:45.822, 22573
2026/09/26 15:24:46.322, 22573
2026/09/26 15:24:46.823, 22573
2026/09/26 15:24:47.323, 22573
2026/09/26 15:24:47.823, 22573
2026/09/26 15:24:48.323, 22573
2026/09/26 15:24:48.823, 22573
2026/09/26 15:24:49.323, 22573
2026/09/26 15:24:49.824, 22573
2026/09/26 15:24:50.324, 22573
2026/09/26 15:24:50.824, 22573
2026/09/26 15:24:51.324, 22573
2026/09/26 15:24:51.824, 22573
2026/09/26 15:24:52.324, 22573
2026/09/26 15:24:52.824, 22573
2026/09/26 15:24:53.325, 22573
2026/09/26 15:24:53.825, 22573
2026/09/26 15:24:54.325, 22573
2026/09/26 15:24:54.825, 22573
2026/09/26 15:24:55.325, 22573
2026/09/26 15:24:55.825, 22573
2026/09/26 15:24:56.325, 22573
2026/09/26 15:24:56.826, 22573
2026/09/26 15:24:57.326, 22573
2026/09/26 15:24:57.826, 22573
2026/09/26 15:24:58.326, 22573
2026/09/26 15:24:58.826, 22573
2026/09/26 15:24:59.326, 22573
2026/09/26 15:24:59.827, 22573
2026/09/26 15:25:00.327, 22573
2026/09/26 15:25:00.827, 22573
2026/09/26 15:25:01.327, 22573
2026/09/26 15:25:01.827, 22573
2026/09/26 15:25:02.327, 22573
2026/09/26 15:25:02.828, 22573
2026/09/26 15:25:03.328, 22573
2026/09/26 15:25:03.828, 22573
2026/09/26 15:25:04.328, 22573
2026/09/26 15:25:04.828, 22573
2026/09/26 15:25:05.328, 22573
2026/09/26 15:25:05.829, 22573
2026/09/26 15:25:06.329, 22573
2026/09/26 15:25:06.829, 22573
2026/09/26 15:25:07.329, 22573
2026/09/26 15:25:07.829, 22573
2026/09/26 15:25:08.329, 22573
2026/09/26 15:25:08.829, 22573
2026/09/26 15:25:09.330, 22573
2026/09/26 15:25:09.830, 22573
2026/09/26 15:25:10.330, 22573
2026/09/26 15:25:10.830, 22573
2026/09/26 15:25:11.330, 22573
2026/09/26 15:25:11.830, 22573
2026/09/26 15:25:12.331, 22573
2026/09/26 15:25:12.831, 22573
2026/09/26 15:25:13.331, 22573
2026/09/26 15:25:13.831, 22573
2026/09/26 15:25:14.331, 22573
2026/09/26 15:25:14.831, 22573
2026/09/26 15:25:15.332, 22573
2026/09/26 15:25:15.832, 22573
2026/09/26 15:25:16.332, 22573
2026/09/26 15:25:16.832, 22573
2026/09/26 15:25:17.332, 22573
2026/09/26 15:25:17.832, 22573
2026/09/26 15:25:18.332, 22573
2026/09/26 15:25:18.833, 22573
2026/09/26 15:25:19.333, 22573
2026/09/26 15:25:19.833, 22573
2026/09/26 15:25:20.333, 22573
2026/09/26 15:25:20.833, 22573
2026/09/26 15:25:21.333, 22573
2026/09/26 15:25:21.833, 22573
2026/09/26 15:25:22.334, 22573
2026/09/26 15:25:22.834, 22573
2026/09/26 15:25:23.334, 22573
2026/09/26 15:25:23.834, 22573
2026/09/26 15:25:24.334, 22573
2026/09/26 15:25:24.834, 22573
2026/09/26 15:25:25.334, 22573
2026/09/26 15:25:25.835, 22573
2026/09/26 15:25:26.335, 22573
2026/09/26 15:25:26.835, 22573
2026/09/26 15:25:27.335, 22573
2026/09/26 15:25:27.835, 22573
2026/09/26 15:25:28.335, 22573
2026/09/26 15:25:28.836, 22573
2026/09/26 15:25:29.336, 22573
2026/09/26 15:25:29.836, 22573
2026/09/26 15:25:30.336, 22573
2026/09/26 15:25:30.836, 22573
2026/09/26 15:25:31.336, 22573
2026/09/26 15:25:31.836, 22573
2026/09/26 15:25:32.337, 22573
2026/09/26 15:25:32.837, 22573
2026/09/26 15:25:33.337, 22573
2026/09/26 15:25:33.837, 22573
2026/09/26 15:25:34.337, 22573
2026/09/26 15:25:34.837, 22573
2026/09/26 15:25:35.337, 22573
2026/09/26 15:25:35.838, 22573
2026/09/26 15:25:36.338, 22573
2026/09/26 15:25:36.838, 22573
2026/09/26 15:25:37.338, 22573
2026/09/26 15:25:37.838, 22573
2026/09/26 15:25:38.338, 22573
2026/09/26 15:25:38.838, 22573
2026/09/26 15:25:39.339, 22573
2026/09/26 15:25:39.839, 22573
2026/09/26 15:25:40.339, 22573
2026/09/26 15:25:40.839, 22573
2026/09/26 15:25:41.339, 22573
2026/09/26 15:25:41.839, 22573
2026/09/26 15:25:42.340, 22573
2026/09/26 15:25:42.840, 22573
2026/09/26 15:25:43.340, 22573
2026/09/26 15:25:43.840, 22573
2026/09/26 15:25:44.340, 22573
2026/09/26 15:25:44.840, 22573
2026/09/26 15:25:45.340, 22573
2026/09/26 15:25:45.841, 22573
2026/09/26 15:25:46.341, 22573
2026/09/26 15:25:46.841, 22573
2026/09/26 15:25:47.341, 22573
2026/09/26 15:25:47.841, 22573
2026/09/26 15:25:48.341, 22573
2026/09/26 15:25:48.841, 22573
2026/09/26 15:25:49.342, 22573
2026/09/26 15:25:49.842, 22573
2026/09/26 15:25:50.342, 22573
2026/09/26 15:25:50.842, 22573
2026/09/26 15:25:51.342, 22573
2026/09/26 15:25:51.842, 22573
2026/09/26 15:25:52.343, 22573
2026/09/26 15:25:52.843, 22573
2026/09/26 15:25:53.343, 22573
2026/09/26 15:25:53.843, 22573
2026/09/26 15:25:54.343, 22573
2026/09/26 15:25:54.843, 22573
2026/09/26 15:25:55.343, 22573
2026/09/26 15:25:55.844, 22573
2026/09/26 15:25:56.344, 22573
2026/09/26 15:25:56.844, 22573
2026/09/26 15:25:57.344, 22573
2026/09/26 15:25:57.844, 22573
2026/09/26 15:25:58.344, 22573
2026/09/26 15:25:58.844, 22573
2026/09/26 15:25:59.345, 22573
2026/09/26 15:25:59.845, 22573
2026/09/26 15:26:00.345, 22573
2026/09/26 15:26:00.845, 22573
2026/09/26 15:26:01.345, 22573
2026/09/26 15:26:01.845, 22573
2026/09/26 15:26:02.346, 22573
2026/09/26 15:26:02.846, 22573
2026/09/26 15:26:03.346, 22573
2026/09/26 15:26:03.846, 22573
2026/09/26 15:26:04.346, 22573
2026/09/26 15:26:04.846, 22573
2026/09/26 15:26:05.346, 22573
2026/09/26 15:26:05.847, 22573
2026/09/26 15:26:06.347, 22573
2026/09/26 15:26:06.847, 22573
2026/09/26 15:26:07.347, 22573
2026/09/26 15:26:07.847, 22573
2026/09/26 15:26:08.347, 22573
2026/09/26 15:26:08.848, 22573
2026/09/26 15:26:09.348, 22573
2026/09/26 15:26:09.848, 22573
2026/09/26 15:26:10.348, 22573
2026/09/26 15:26:10.848, 22573
2026/09/26 15:26:11.348, 22573
2026/09/26 15:26:11.848, 22573
2026/09/26 15:26:12.349, 22573
2026/09/26 15:26:12.849, 22573
2026/09/26 15:26:13.349, 22573
2026/09/26 15:26:13.849, 22573
2026/09/26 15:26:14.349, 22573
2026/09/26 15:26:14.849, 22573
2026/09/26 15:26:15.350, 22573
2026/09/26 15:26:15.850, 22573
2026/09/26 15:26:16.350, 22573
2026/09/26 15:26:16.850, 22573
2026/09/26 15:26:17.350, 22573
2026/09/26 15:26:17.850, 22573
2026/09/26 15:26:18.350, 22573
2026/09/26 15:26:18.851, 22573
2026/09/26 15:26:19.351, 22573
2026/09/26 15:26:19.851, 22573
2026/09/26 15:26:20.351, 22573
2026/09/26 15:26:20.851, 22573
2026/09/26 15:26:21.351, 22573
2026/09/26 15:26:21.852, 22573
2026/09/26 15:26:22.352, 22573
2026/09/26 15:26:22.852, 22573
2026/09/26 15:26:23.352, 22573
2026/09/26 15:26:23.852, 22573
2026/09/26 15:26:24.352, 22573
2026/09/26 15:26:24.853, 22573
2026/09/26 15:26:25.353, 22573
2026/09/26 15:26:25.853, 22573
2026/09/26 15:26:26.353, 22573
2026/09/26 15:26:26.853, 22573
2026/09/26 15:26:27.353, 22573
2026/09/26 15:26:27.854, 22573
2026/09/26 15:26:28.354, 22573
2026/09/26 15:26:28.854, 22573
2026/09/26 15:26:29.354, 22573
2026/09/26 15:26:29.854, 22573
2026/09/26 15:26:30.354, 22573
2026/09/26 15:26:30.854, 22573
2026/09/26 15:26:31.355, 22573
2026/09/26 15:26:31.855, 22573
2026/09/26 15:26:32.355, 22573
2026/09/26 15:26:32.855, 22573
2026/09/26 15:26:33.355, 22573
2026/09/26 15:26:33.855, 22573
2026/09/26 15:26:34.356, 22573
2026/09/26 15:26:34.856, 22573
2026/09/26 15:26:35.356, 22573
2026/09/26 15:26:35.856, 22573
2026/09/26 15:26:36.356, 22573
2026/09/26 15:26:36.857, 22573
2026/09/26 15:26:37.357, 22573
2026/09/26 15:26:37.857, 22573
2026/09/26 15:26:38.357, 22573
2026/09/26 15:26:38.857, 22573
2026/09/26 15:26:39.357, 22573
2026/09/26 15:26:39.857, 22573
2026/09/26 15:26:40.358, 22573
2026/09/26 15:26:40.858, 22573
2026/09/26 15:26:41.358, 22573
2026/09/26 15:26:41.858, 22573
2026/09/26 15:26:42.358, 22573
2026/09/26 15:26:42.858, 22573
2026/09/26 15:26:43.359, 22573
2026/09/26 15:26:43.859, 22573
2026/09/26 15:26:44.359, 22573
2026/09/26 15:26:44.859, 22573
2026/09/26 15:26:45.359, 22573
2026/09/26 15:26:45.859, 22573
2026/09/26 15:26:46.359, 22573
2026/09/26 15:26:46.860, 22573
2026/09/26 15:26:47.360, 22573
2026/09/26 15:26:47.860, 22573
2026/09/26 15:26:48.360, 22573
2026/09/26 15:26:48.860, 22573
2026/09/26 15:26:49.360, 22573
2026/09/26 15:26:49.860, 22573
2026/09/26 15:26:50.361, 22573
2026/09/26 15:26:50.861, 22573
2026/09/26 15:26:51.361, 22573
2026/09/26 15:26:51.861, 22573
2026/09/26 15:26:52.361, 22573
2026/09/26 15:26:52.861, 22573
2026/09/26 15:26:53.362, 22573
2026/09/26 15:26:53.862, 22573
2026/09/26 15:26:54.362, 22573
2026/09/26 15:26:54.862, 22573
2026/09/26 15:26:55.362, 22573
2026/09/26 15:26:55.862, 22573
2026/09/26 15:26:56.363, 22573
2026/09/26 15:26:56.863, 22573
2026/09/26 15:26:57.363, 22573
2026/09/26 15:26:57.863, 22573
2026/09/26 15:26:58.363, 22573
2026/09/26 15:26:58.863, 22573
2026/09/26 15:26:59.364, 22573
2026/09/26 15:26:59.864, 22573
2026/09/26 15:27:00.364, 22573
2026/09/26 15:27:00.864, 22573
2026/09/26 15:27:01.364, 22573
2026/09/26 15:27:01.864, 22573
2026/09/26 15:27:02.365, 22573
2026/09/26 15:27:02.865, 22573
2026/09/26 15:27:03.365, 22573
2026/09/26 15:27:03.865, 22573
2026/09/26 15:27:04.365, 22573
2026/09/26 15:27:04.865, 22573
2026/09/26 15:27:05.366, 22573
2026/09/26 15:27:05.866, 22573
2026/09/26 15:27:06.366, 22573
2026/09/26 15:27:06.866, 22573
2026/09/26 15:27:07.366, 22573
2026/09/26 15:27:07.866, 22573
2026/09/26 15:27:08.367, 22573
2026/09/26 15:27:08.867, 22573
2026/09/26 15:27:09.367, 22573
2026/09/26 15:27:09.867, 22573
2026/09/26 15:27:10.367, 22573
2026/09/26 15:27:10.867, 22573
2026/09/26 15:27:11.368, 22573
2026/09/26 15:27:11.868, 22573
2026/09/26 15:27:12.368, 22573
2026/09/26 15:27:12.868, 22573
2026/09/26 15:27:13.368, 22573
2026/09/26 15:27:13.868, 22573
2026/09/26 15:27:14.368, 22573
2026/09/26 15:27:14.869, 22573
2026/09/26 15:27:15.369, 22573
2026/09/26 15:27:15.869, 22573
2026/09/26 15:27:16.369, 22573
2026/09/26 15:27:16.869, 22573
2026/09/26 15:27:17.369, 22573
2026/09/26 15:27:17.870, 22573
2026/09/26 15:27:18.370, 22573
2026/09/26 15:27:18.870, 22573
2026/09/26 15:27:19.370, 22573
2026/09/26 15:27:19.870, 22573
2026/09/26 15:27:20.370, 22573
2026/09/26 15:27:20.871, 22573
2026/09/26 15:27:21.371, 22573
2026/09/26 15:27:21.871, 22573
2026/09/26 15:27:22.371, 22573
2026/09/26 15:27:22.871, 22573
2026/09/26 15:27:23.371, 22573
2026/09/26 15:27:23.872, 22573
2026/09/26 15:27:24.372, 22573
2026/09/26 15:27:24.872, 22573
2026/09/26 15:27:25.372, 22573
2026/09/26 15:27:25.872, 22573
2026/09/26 15:27:26.372, 22573
2026/09/26 15:27:26.873, 22573
2026/09/26 15:27:27.373, 22573
2026/09/26 15:27:27.873, 22573
2026/09/26 15:27:28.373, 22573
2026/09/26 15:27:28.873, 22573
2026/09/26 15:27:29.373, 22573
2026/09/26 15:27:29.874, 22573
2026/09/26 15:27:30.374, 22573
2026/09/26 15:27:30.874, 22573
2026/09/26 15:27:31.374, 22573
2026/09/26 15:27:31.874, 22573
2026/09/26 15:27:32.374, 22573
2026/09/26 15:27:32.875, 22573
2026/09/26 15:27:33.375, 22573
2026/09/26 15:27:33.875, 22573
2026/09/26 15:27:34.375, 22573
2026/09/26 15:27:34.875, 22573
2026/09/26 15:27:35.375, 22573
2026/09/26 15:27:35.876, 22573
2026/09/26 15:27:36.376, 22573
2026/09/26 15:27:36.876, 22573
2026/09/26 15:27:37.376, 22573
2026/09/26 15:27:37.876, 22573
2026/09/26 15:27:38.376, 22573
2026/09/26 15:27:38.876, 22573
2026/09/26 15:27:39.377, 22573
2026/09/26 15:27:39.877, 22573
2026/09/26 15:27:40.377, 22573
2026/09/26 15:27:40.877, 22573
2026/09/26 15:27:41.377, 22573
2026/09/26 15:27:41.877, 22573
2026/09/26 15:27:42.378, 22573
2026/09/26 15:27:42.878, 22573
2026/09/26 15:27:43.378, 22573
2026/09/26 15:27:43.878, 22573
2026/09/26 15:27:44.378, 22573
2026/09/26 15:27:44.878, 22573
2026/09/26 15:27:45.379, 22573
2026/09/26 15:27:45.879, 22573
2026/09/26 15:27:46.379, 22573
2026/09/26 15:27:46.879, 22573
2026/09/26 15:27:47.379, 22573
2026/09/26 15:27:47.879, 22573
2026/09/26 15:27:48.379, 22573
2026/09/26 15:27:48.880, 22573
2026/09/26 15:27:49.380, 22573
2026/09/26 15:27:49.880, 22573
2026/09/26 15:27:50.380, 22573
2026/09/26 15:27:50.880, 22573
2026/09/26 15:27:51.380, 22573
2026/09/26 15:27:51.881, 22573
2026/09/26 15:27:52.381, 22573
2026/09/26 15:27:52.881, 22573
2026/09/26 15:27:53.381, 22573
2026/09/26 15:27:53.881, 22573
2026/09/26 15:27:54.381, 22573
2026/09/26 15:27:54.882, 22573
2026/09/26 15:27:55.382, 22573
2026/09/26 15:27:55.882, 22573
2026/09/26 15:27:56.382, 22573
2026/09/26 15:27:56.882, 22573
2026/09/26 15:27:57.382, 22573
2026/09/26 15:27:57.882, 22573
2026/09/26 15:27:58.383, 22573
2026/09/26 15:27:58.883, 22573
2026/09/26 15:27:59.383, 22573
2026/09/26 15:27:59.883, 22573
2026/09/26 15:28:00.383, 22573
2026/09/26 15:28:00.883, 22573
2026/09/26 15:28:01.383, 22573
2026/09/26 15:28:01.884, 22573
2026/09/26 15:28:02.384, 22573
2026/09/26 15:28:02.884, 22573
2026/09/26 15:28:03.384, 22573
2026/09/26 15:28:03.884, 22573
2026/09/26 15:28:04.384, 22573
2026/09/26 15:28:04.884, 22573
2026/09/26 15:28:05.385, 22573
2026/09/26 15:28:05.885, 22573
2026/09/26 15:28:06.385, 22573
2026/09/26 15:28:06.885, 22573
2026/09/26 15:28:07.385, 22573
2026/09/26 15:28:07.885, 22573
2026/09/26 15:28:08.385, 22573
2026/09/26 15:28:08.886, 22573
2026/09/26 15:28:09.386, 22573
2026/09/26 15:28:09.886, 22573
2026/09/26 15:28:10.386, 22573
2026/09/26 15:28:10.886, 22573
2026/09/26 15:28:11.386, 22573
2026/09/26 15:28:11.886, 22573
2026/09/26 15:28:12.387, 22573
2026/09/26 15:28:12.887, 22573
2026/09/26 15:28:13.395, 22573
2026/09/26 15:28:13.895, 22573
2026/09/26 15:28:14.396, 22573
2026/09/26 15:28:14.896, 22573
2026/09/26 15:28:15.396, 22573
2026/09/26 15:28:15.896, 22573
2026/09/26 15:28:16.396, 22573
2026/09/26 15:28:16.896, 22573
2026/09/26 15:28:17.396, 22573
2026/09/26 15:28:17.897, 22573
2026/09/26 15:28:18.397, 22573
2026/09/26 15:28:18.897, 22573
2026/09/26 15:28:19.397, 22573
2026/09/26 15:28:19.897, 22573
2026/09/26 15:28:20.397, 22573
2026/09/26 15:28:20.897, 22573
2026/09/26 15:28:21.397, 22573
2026/09/26 15:28:21.898, 22573
2026/09/26 15:28:22.398, 22573
2026/09/26 15:28:22.898, 22573
2026/09/26 15:28:23.398, 22573
2026/09/26 15:28:23.898, 22573
2026/09/26 15:28:24.398, 22573
2026/09/26 15:28:24.898, 22573
2026/09/26 15:28:25.399, 22573
2026/09/26 15:28:25.899, 22573
2026/09/26 15:28:26.399, 22573
2026/09/26 15:28:26.899, 22573
2026/09/26 15:28:27.399, 22573
2026/09/26 15:28:27.899, 22573
2026/09/26 15:28:28.399, 22573
2026/09/26 15:28:28.900, 22573
2026/09/26 15:28:29.400, 22573
2026/09/26 15:28:29.900, 22573
2026/09/26 15:28:30.400, 22573
2026/09/26 15:28:30.900, 22573
2026/09/26 15:28:31.400, 22573
2026/09/26 15:28:31.900, 22573
2026/09/26 15:28:32.401, 22573
2026/09/26 15:28:32.901, 22573
2026/09/26 15:28:33.401, 22573
2026/09/26 15:28:33.901, 22573
2026/09/26 15:28:34.401, 22573
2026/09/26 15:28:34.901, 22573
2026/09/26 15:28:35.401, 22573
2026/09/26 15:28:35.901, 22573
2026/09/26 15:28:36.402, 22573
2026/09/26 15:28:36.902, 22573
2026/09/26 15:28:37.402, 22573
2026/09/26 15:28:37.902, 22573
2026/09/26 15:28:38.402, 22573
2026/09/26 15:28:38.902, 22573
2026/09/26 15:28:39.402, 22573
2026/09/26 15:28:39.902, 22573
2026/09/26 15:28:40.403, 22573
2026/09/26 15:28:40.903, 22573
2026/09/26 15:28:41.403, 22573
2026/09/26 15:28:41.903, 22573
2026/09/26 15:28:42.403, 22573
2026/09/26 15:28:42.903, 22573
2026/09/26 15:28:43.403, 22573
2026/09/26 15:28:43.903, 22573
2026/09/26 15:28:44.404, 22573
2026/09/26 15:28:44.904, 22573
2026/09/26 15:28:45.404, 22573
2026/09/26 15:28:45.904, 22573
2026/09/26 15:28:46.404, 22573
2026/09/26 15:28:46.904, 22573
2026/09/26 15:28:47.404, 22573
2026/09/26 15:28:47.904, 22573
2026/09/26 15:28:48.405, 22573
2026/09/26 15:28:48.905, 22573
2026/09/26 15:28:49.405, 22573
2026/09/26 15:28:49.905, 22573
2026/09/26 15:28:50.405, 22573
2026/09/26 15:28:50.905, 22573
2026/09/26 15:28:51.405, 22573
2026/09/26 15:28:51.906, 22573
2026/09/26 15:28:52.406, 22573
2026/09/26 15:28:52.906, 22573
2026/09/26 15:28:53.406, 22573
2026/09/26 15:28:53.906, 22573
2026/09/26 15:28:54.406, 22573
2026/09/26 15:28:54.906, 22573
2026/09/26 15:28:55.407, 22573
2026/09/26 15:28:55.907, 22573
2026/09/26 15:28:56.407, 22573
2026/09/26 15:28:56.908, 22573
2026/09/26 15:28:57.408, 22573
2026/09/26 15:28:57.908, 22573
2026/09/26 15:28:58.408, 22573
2026/09/26 15:28:58.908, 22573
2026/09/26 15:28:59.408, 22573
2026/09/26 15:28:59.908, 22573
2026/09/26 15:29:00.409, 22573
2026/09/26 15:29:00.909, 22573
2026/09/26 15:29:01.409, 22573
2026/09/26 15:29:01.909, 22573
2026/09/26 15:29:02.409, 22573
2026/09/26 15:29:02.909, 22573
2026/09/26 15:29:03.409, 22573
2026/09/26 15:29:03.909, 22573
2026/09/26 15:29:04.410, 22573
2026/09/26 15:29:04.910, 22573
2026/09/26 15:29:05.410, 22573
2026/09/26 15:29:05.910, 22573
2026/09/26 15:29:06.410, 22573
2026/09/26 15:29:06.910, 22573
2026/09/26 15:29:07.410, 22573
2026/09/26 15:29:07.911, 22573
2026/09/26 15:29:08.411, 22573
2026/09/26 15:29:08.911, 22573
2026/09/26 15:29:09.411, 22573
2026/09/26 15:29:09.911, 22573
2026/09/26 15:29:10.411, 22573
2026/09/26 15:29:10.911, 22573
2026/09/26 15:29:11.411, 22573
2026/09/26 15:29:11.912, 22573
2026/09/26 15:29:12.412, 22573
2026/09/26 15:29:12.912, 22573
2026/09/26 15:29:13.412, 22573
2026/09/26 15:29:13.912, 22573
2026/09/26 15:29:14.413, 22573
2026/09/26 15:29:14.913, 22573
2026/09/26 15:29:15.413, 22573
2026/09/26 15:29:15.913, 22573
2026/09/26 15:29:16.413, 22573
2026/09/26 15:29:16.913, 22573
2026/09/26 15:29:17.413, 22573
2026/09/26 15:29:17.914, 22573
2026/09/26 15:29:18.414, 22573
2026/09/26 15:29:18.914, 22573
2026/09/26 15:29:19.414, 22573
2026/09/26 15:29:19.914, 22573
2026/09/26 15:29:20.414, 22573
2026/09/26 15:29:20.914, 22573
2026/09/26 15:29:21.415, 22573
2026/09/26 15:29:21.915, 22573
2026/09/26 15:29:22.415, 22573
2026/09/26 15:29:22.915, 22573
2026/09/26 15:29:23.415, 22573
2026/09/26 15:29:23.915, 22573
2026/09/26 15:29:24.415, 22573
2026/09/26 15:29:24.915, 22573
2026/09/26 15:29:25.416, 22573
2026/09/26 15:29:25.916, 22573
2026/09/26 15:29:26.416, 22573
2026/09/26 15:29:26.916, 22573
2026/09/26 15:29:27.416, 22573
2026/09/26 15:29:27.916, 22573
2026/09/26 15:29:28.416, 22573
2026/09/26 15:29:28.917, 22573
2026/09/26 15:29:29.417, 22573
2026/09/26 15:29:29.917, 22573
2026/09/26 15:29:30.417, 22573
2026/09/26 15:29:30.917, 22573
2026/09/26 15:29:31.417, 22573
2026/09/26 15:29:31.917, 22573
2026/09/26 15:29:32.417, 22573
2026/09/26 15:29:32.918, 22573
2026/09/26 15:29:33.418, 22573
2026/09/26 15:29:33.918, 22573
2026/09/26 15:29:34.418, 22573
2026/09/26 15:29:34.918, 22573
2026/09/26 15:29:35.418, 22573
2026/09/26 15:29:35.918, 22573
2026/09/26 15:29:36.418, 22573
2026/09/26 15:29:36.919, 22573
2026/09/26 15:29:37.419, 22573
2026/09/26 15:29:37.919, 22573
2026/09/26 15:29:38.419, 22573
2026/09/26 15:29:38.919, 22573
2026/09/26 15:29:39.419, 22573
2026/09/26 15:29:39.919, 22573
2026/09/26 15:29:40.420, 22573
2026/09/26 15:29:40.920, 22573
2026/09/26 15:29:41.420, 22573
2026/09/26 15:29:41.920, 22573
2026/09/26 15:29:42.420, 22573
2026/09/26 15:29:42.920, 22573
2026/09/26 15:29:43.420, 22573
2026/09/26 15:29:43.920, 22573
2026/09/26 15:29:44.421, 22573
2026/09/26 15:29:44.921, 22573
2026/09/26 15:29:45.421, 22573
2026/09/26 15:29:45.921, 22573
2026/09/26 15:29:46.421, 22573
2026/09/26 15:29:46.921, 22573
2026/09/26 15:29:47.421, 22573
2026/09/26 15:29:47.922, 22573
2026/09/26 15:29:48.422, 22573
2026/09/26 15:29:48.922, 22573
2026/09/26 15:29:49.422, 22573
2026/09/26 15:29:49.922, 22573
2026/09/26 15:29:50.422, 22573
2026/09/26 15:29:50.922, 22573
2026/09/26 15:29:51.423, 22573
2026/09/26 15:29:51.923, 22573
2026/09/26 15:29:52.423, 22573
2026/09/26 15:29:52.923, 22573
2026/09/26 15:29:53.423, 22573
2026/09/26 15:29:53.924, 22573
2026/09/26 15:29:54.424, 22573
2026/09/26 15:29:54.924, 22573
2026/09/26 15:29:55.424, 22573
2026/09/26 15:29:55.924, 22573
2026/09/26 15:29:56.425, 22573
2026/09/26 15:29:56.925, 22573
2026/09/26 15:29:57.425, 22573
2026/09/26 15:29:57.925, 22573
2026/09/26 15:29:58.425, 22573
2026/09/26 15:29:58.925, 22573
2026/09/26 15:29:59.426, 22573
2026/09/26 15:29:59.926, 22573
2026/09/26 15:30:00.426, 22573
2026/09/26 15:30:00.926, 22573
2026/09/26 15:30:01.426, 22573
2026/09/26 15:30:01.926, 22573
2026/09/26 15:30:02.426, 22573
2026/09/26 15:30:02.927, 22573
2026/09/26 15:30:03.427, 22573
2026/09/26 15:30:03.927, 22573
2026/09/26 15:30:04.427, 22573
2026/09/26 15:30:04.927, 22573
2026/09/26 15:30:05.427, 22573
2026/09/26 15:30:05.927, 22573
2026/09/26 15:30:06.428, 22573
2026/09/26 15:30:06.928, 22573
2026/09/26 15:30:07.428, 22573
2026/09/26 15:30:07.928, 22573
2026/09/26 15:30:08.428, 22573
2026/09/26 15:30:08.928, 22573
2026/09/26 15:30:09.428, 22573
2026/09/26 15:30:09.929, 22573
2026/09/26 15:30:10.429, 22573
2026/09/26 15:30:10.929, 22573
2026/09/26 15:30:11.429, 22573
2026/09/26 15:30:11.929, 22573
2026/09/26 15:30:12.429, 22573
2026/09/26 15:30:12.929, 22573
2026/09/26 15:30:13.429, 22573
2026/09/26 15:30:13.930, 22573
2026/09/26 15:30:14.430, 22573
2026/09/26 15:30:14.930, 22573
2026/09/26 15:30:15.430, 22573
2026/09/26 15:30:15.930, 22573
2026/09/26 15:30:16.430, 22573
2026/09/26 15:30:16.930, 22573
2026/09/26 15:30:17.431, 22573
2026/09/26 15:30:17.931, 22573
2026/09/26 15:30:18.431, 22573
2026/09/26 15:30:18.931, 22573
2026/09/26 15:30:19.431, 22573
2026/09/26 15:30:19.931, 22573
2026/09/26 15:30:20.432, 22573
2026/09/26 15:30:20.932, 22573
2026/09/26 15:30:21.432, 22573
2026/09/26 15:30:21.932, 22573
2026/09/26 15:30:22.432, 22573
2026/09/26 15:30:22.932, 22573
2026/09/26 15:30:23.432, 22573
2026/09/26 15:30:23.933, 22573
2026/09/26 15:30:24.433, 22573
2026/09/26 15:30:24.933, 22573
2026/09/26 15:30:25.433, 22573
2026/09/26 15:30:25.933, 22573
2026/09/26 15:30:26.433, 22573
2026/09/26 15:30:26.933, 22573
2026/09/26 15:30:27.434, 22573
2026/09/26 15:30:27.934, 22573
2026/09/26 15:30:28.434, 22573
2026/09/26 15:30:28.934, 22573
2026/09/26 15:30:29.434, 22573
2026/09/26 15:30:29.934, 22573
2026/09/26 15:30:30.435, 22573
2026/09/26 15:30:30.935, 22573
2026/09/26 15:30:31.435, 22573
2026/09/26 15:30:31.935, 22573
2026/09/26 15:30:32.435, 22573
2026/09/26 15:30:32.935, 22573
2026/09/26 15:30:33.436, 22573
2026/09/26 15:30:33.936, 22573
2026/09/26 15:30:34.436, 22573
2026/09/26 15:30:34.936, 22573
2026/09/26 15:30:35.436, 22573
2026/09/26 15:30:35.937, 22573
2026/09/26 15:30:36.437, 22573
2026/09/26 15:30:36.937, 22573
2026/09/26 15:30:37.437, 22573
2026/09/26 15:30:37.937, 22573
2026/09/26 15:30:38.437, 22573
2026/09/26 15:30:38.938, 22573
2026/09/26 15:30:39.438, 22573
2026/09/26 15:30:39.938, 22573
2026/09/26 15:30:40.438, 22573
2026/09/26 15:30:40.938, 22573
2026/09/26 15:30:41.438, 22573
2026/09/26 15:30:41.938, 22573
2026/09/26 15:30:42.439, 22573
2026/09/26 15:30:42.939, 22573
2026/09/26 15:30:43.439, 22573
2026/09/26 15:30:43.939, 22573
2026/09/26 15:30:44.439, 22573
2026/09/26 15:30:44.939, 22573
2026/09/26 15:30:45.440, 22573
2026/09/26 15:30:45.940, 22573
2026/09/26 15:30:46.440, 22573
2026/09/26 15:30:46.940, 22573
2026/09/26 15:30:47.440, 22573
2026/09/26 15:30:47.940, 22573
2026/09/26 15:30:48.441, 22573
2026/09/26 15:30:48.941, 22573
2026/09/26 15:30:49.441, 22573
2026/09/26 15:30:49.941, 22573
2026/09/26 15:30:50.441, 22573
2026/09/26 15:30:50.941, 22573
2026/09/26 15:30:51.442, 22573
2026/09/26 15:30:51.942, 22573
2026/09/26 15:30:52.442, 22573
2026/09/26 15:30:52.942, 22573
2026/09/26 15:30:53.442, 22573
2026/09/26 15:30:53.942, 22573
2026/09/26 15:30:54.442, 22573
2026/09/26 15:30:54.943, 22573
2026/09/26 15:30:55.443, 22573
2026/09/26 15:30:55.943, 22573
2026/09/26 15:30:56.443, 22573
2026/09/26 15:30:56.943, 22573
2026/09/26 15:30:57.443, 22573
2026/09/26 15:30:57.943, 22573
2026/09/26 15:30:58.444, 22573
2026/09/26 15:30:58.944, 22573
2026/09/26 15:30:59.444, 22573
2026/09/26 15:30:59.944, 22573
2026/09/26 15:31:00.444, 22573
2026/09/26 15:31:00.944, 22573
2026/09/26 15:31:01.445, 22573
2026/09/26 15:31:01.945, 22573
2026/09/26 15:31:02.445, 22573
2026/09/26 15:31:02.945, 22573
2026/09/26 15:31:03.445, 22573
2026/09/26 15:31:03.945, 22573
2026/09/26 15:31:04.445, 22573
2026/09/26 15:31:04.946, 22573
2026/09/26 15:31:05.446, 22573
2026/09/26 15:31:05.946, 22573
2026/09/26 15:31:06.446, 22573
2026/09/26 15:31:06.946, 22573
2026/09/26 15:31:07.446, 22573
2026/09/26 15:31:07.947, 22573
2026/09/26 15:31:08.447, 22573
2026/09/26 15:31:08.947, 22573
2026/09/26 15:31:09.447, 22573
2026/09/26 15:31:09.947, 22573
2026/09/26 15:31:10.447, 22573
2026/09/26 15:31:10.948, 22573
2026/09/26 15:31:11.448, 22573
2026/09/26 15:31:11.948, 22573
2026/09/26 15:31:12.448, 22573
2026/09/26 15:31:12.948, 22573
2026/09/26 15:31:13.448, 22573
2026/09/26 15:31:13.949, 22573
2026/09/26 15:31:14.449, 22573
2026/09/26 15:31:14.949, 22573
2026/09/26 15:31:15.449, 22573
2026/09/26 15:31:15.949, 22573
2026/09/26 15:31:16.449, 22573
2026/09/26 15:31:16.949, 22573
2026/09/26 15:31:17.450, 22573
2026/09/26 15:31:17.950, 22573
2026/09/26 15:31:18.450, 22573
2026/09/26 15:31:18.950, 22573
2026/09/26 15:31:19.450, 22573
2026/09/26 15:31:19.950, 22573
2026/09/26 15:31:20.450, 22573
2026/09/26 15:31:20.951, 22573
2026/09/26 15:31:21.451, 22573
2026/09/26 15:31:21.951, 22573
2026/09/26 15:31:22.451, 22573
2026/09/26 15:31:22.951, 22573
2026/09/26 15:31:23.451, 22573
2026/09/26 15:31:23.952, 22573
2026/09/26 15:31:24.452, 22573
2026/09/26 15:31:24.952, 22573
2026/09/26 15:31:25.452, 22573
2026/09/26 15:31:25.952, 22573
2026/09/26 15:31:26.452, 22573
2026/09/26 15:31:26.952, 22573
2026/09/26 15:31:27.453, 22573
2026/09/26 15:31:27.953, 22573
2026/09/26 15:31:28.453, 22573
2026/09/26 15:31:28.953, 22573
2026/09/26 15:31:29.453, 22573
2026/09/26 15:31:29.953, 22573
2026/09/26 15:31:30.454, 22573
2026/09/26 15:31:30.954, 22573
2026/09/26 15:31:31.454, 22573
2026/09/26 15:31:31.954, 22573
2026/09/26 15:31:32.454, 22573
2026/09/26 15:31:32.954, 22573
2026/09/26 15:31:33.454, 22573
2026/09/26 15:31:33.955, 22573
2026/09/26 15:31:34.455, 22573
2026/09/26 15:31:34.955, 22573
2026/09/26 15:31:35.455, 22573
2026/09/26 15:31:35.955, 22573
2026/09/26 15:31:36.455, 22573
2026/09/26 15:31:36.955, 22573
2026/09/26 15:31:37.456, 22573
2026/09/26 15:31:37.956, 22573
2026/09/26 15:31:38.456, 22573
2026/09/26 15:31:38.956, 22573
2026/09/26 15:31:39.456, 22573
2026/09/26 15:31:39.956, 22573
2026/09/26 15:31:40.457, 22573
2026/09/26 15:31:40.957, 22573
2026/09/26 15:31:41.457, 22573
2026/09/26 15:31:41.957, 22573
2026/09/26 15:31:42.457, 22573
2026/09/26 15:31:42.957, 22573
2026/09/26 15:31:43.458, 22573
2026/09/26 15:31:43.958, 22573
2026/09/26 15:31:44.458, 22573
2026/09/26 15:31:44.958, 22573
2026/09/26 15:31:45.458, 22573
2026/09/26 15:31:45.958, 22573
2026/09/26 15:31:46.458, 22573
2026/09/26 15:31:46.959, 22573
2026/09/26 15:31:47.459, 22573
2026/09/26 15:31:47.959, 22573
2026/09/26 15:31:48.459, 22573
2026/09/26 15:31:48.959, 22573
2026/09/26 15:31:49.459, 22573
2026/09/26 15:31:49.959, 22573
2026/09/26 15:31:50.459, 22573
2026/09/26 15:31:50.960, 22573
2026/09/26 15:31:51.460, 22573
2026/09/26 15:31:51.960, 22573
2026/09/26 15:31:52.460, 22573
2026/09/26 15:31:52.960, 22573
2026/09/26 15:31:53.460, 22573
2026/09/26 15:31:53.960, 22573
2026/09/26 15:31:54.460, 22573
2026/09/26 15:31:54.961, 22573
2026/09/26 15:31:55.461, 22573
2026/09/26 15:31:55.961, 22573
2026/09/26 15:31:56.461, 22573
2026/09/26 15:31:56.961, 22573
2026/09/26 15:31:57.461, 22573
2026/09/26 15:31:57.961, 22573
2026/09/26 15:31:58.461, 22573
2026/09/26 15:31:58.962, 22573
2026/09/26 15:31:59.462, 22573
2026/09/26 15:31:59.962, 22573
2026/09/26 15:32:00.462, 22573
2026/09/26 15:32:00.962, 22573
2026/09/26 15:32:01.462, 22573
2026/09/26 15:32:01.963, 22573
2026/09/26 15:32:02.463, 22573
2026/09/26 15:32:02.963, 22573
2026/09/26 15:32:03.463, 22573
2026/09/26 15:32:03.963, 22573
2026/09/26 15:32:04.463, 22573
2026/09/26 15:32:04.963, 22573
2026/09/26 15:32:05.464, 22573
2026/09/26 15:32:05.964, 22573
2026/09/26 15:32:06.464, 22573
2026/09/26 15:32:06.964, 22573
2026/09/26 15:32:07.464, 22573
2026/09/26 15:32:07.964, 22573
2026/09/26 15:32:08.464, 22573
2026/09/26 15:32:08.964, 22573
2026/09/26 15:32:09.465, 22573
2026/09/26 15:32:09.965, 22573
2026/09/26 15:32:10.465, 22573
2026/09/26 15:32:10.965, 22573
2026/09/26 15:32:11.465, 22573
2026/09/26 15:32:11.965, 22573
2026/09/26 15:32:12.465, 22573
2026/09/26 15:32:12.966, 22573
2026/09/26 15:32:13.466, 22573
2026/09/26 15:32:13.966, 22573
2026/09/26 15:32:14.466, 22573
2026/09/26 15:32:14.966, 22573
2026/09/26 15:32:15.467, 22573
2026/09/26 15:32:15.967, 22573
2026/09/26 15:32:16.467, 22573
2026/09/26 15:32:16.967, 22573
2026/09/26 15:32:17.467, 22573
2026/09/26 15:32:17.967, 22573
2026/09/26 15:32:18.468, 22573
2026/09/26 15:32:18.968, 22573
2026/09/26 15:32:19.468, 22573
2026/09/26 15:32:19.968, 22573
2026/09/26 15:32:20.468, 22573
2026/09/26 15:32:20.968, 22573
2026/09/26 15:32:21.468, 22573
2026/09/26 15:32:21.969, 22573
2026/09/26 15:32:22.469, 22573
2026/09/26 15:32:22.969, 22573
2026/09/26 15:32:23.469, 22573
2026/09/26 15:32:23.969, 22573
2026/09/26 15:32:24.469, 22573
2026/09/26 15:32:24.969, 22573
2026/09/26 15:32:25.470, 22573
2026/09/26 15:32:25.970, 22573
2026/09/26 15:32:26.470, 22573
2026/09/26 15:32:26.970, 22573
2026/09/26 15:32:27.470, 22573
2026/09/26 15:32:27.970, 22573
2026/09/26 15:32:28.470, 22573
2026/09/26 15:32:28.970, 22573
2026/09/26 15:32:29.471, 22573
2026/09/26 15:32:29.971, 22573
2026/09/26 15:32:30.471, 22573
2026/09/26 15:32:30.971, 22573
2026/09/26 15:32:31.471, 22573
2026/09/26 15:32:31.971, 22573
2026/09/26 15:32:32.471, 22573
2026/09/26 15:32:32.972, 22573
2026/09/26 15:32:33.472, 22573
2026/09/26 15:32:33.972, 22573
2026/09/26 15:32:34.472, 22573
2026/09/26 15:32:34.972, 22573
2026/09/26 15:32:35.472, 22573
2026/09/26 15:32:35.972, 22573
2026/09/26 15:32:36.473, 22573
2026/09/26 15:32:36.973, 22573
2026/09/26 15:32:37.473, 22573
2026/09/26 15:32:37.973, 22573
2026/09/26 15:32:38.473, 22573
2026/09/26 15:32:38.973, 22573
2026/09/26 15:32:39.473, 22573
2026/09/26 15:32:39.974, 22573
2026/09/26 15:32:40.474, 22573
2026/09/26 15:32:40.974, 22573
2026/09/26 15:32:41.474, 22573
2026/09/26 15:32:41.974, 22573
2026/09/26 15:32:42.474, 22573
2026/09/26 15:32:42.974, 22573
2026/09/26 15:32:43.474, 22573
2026/09/26 15:32:43.975, 22573
2026/09/26 15:32:44.475, 22573
2026/09/26 15:32:44.975, 22573
2026/09/26 15:32:45.475, 22573
2026/09/26 15:32:45.975, 22573
2026/09/26 15:32:46.475, 22573
2026/09/26 15:32:46.975, 22573
2026/09/26 15:32:47.476, 22573
2026/09/26 15:32:47.976, 22573
2026/09/26 15:32:48.476, 22573
2026/09/26 15:32:48.976, 22573
2026/09/26 15:32:49.476, 22573
2026/09/26 15:32:49.976, 22573
2026/09/26 15:32:50.476, 22573
2026/09/26 15:32:50.977, 22573
2026/09/26 15:32:51.477, 22573
2026/09/26 15:32:51.977, 22573
2026/09/26 15:32:52.477, 22573
2026/09/26 15:32:52.977, 22573
2026/09/26 15:32:53.477, 22573
2026/09/26 15:32:53.977, 22573
2026/09/26 15:32:54.478, 22573
2026/09/26 15:32:54.978, 22573
2026/09/26 15:32:55.478, 22573
2026/09/26 15:32:55.978, 22573
2026/09/26 15:32:56.478, 22573
2026/09/26 15:32:56.979, 22573
2026/09/26 15:32:57.479, 22573
2026/09/26 15:32:57.979, 22573
2026/09/26 15:32:58.479, 22573
2026/09/26 15:32:58.979, 22573
2026/09/26 15:32:59.479, 22573
2026/09/26 15:32:59.979, 22573
2026/09/26 15:33:00.479, 22573
2026/09/26 15:33:00.980, 22573
2026/09/26 15:33:01.480, 22573
2026/09/26 15:33:01.980, 22573
2026/09/26 15:33:02.480, 22573
2026/09/26 15:33:02.980, 22573
2026/09/26 15:33:03.480, 22573
2026/09/26 15:33:03.981, 22573
2026/09/26 15:33:04.481, 22573
2026/09/26 15:33:04.981, 22573
2026/09/26 15:33:05.481, 22573
2026/09/26 15:33:05.981, 22573
2026/09/26 15:33:06.481, 22573
2026/09/26 15:33:06.981, 22573
2026/09/26 15:33:07.481, 22573
2026/09/26 15:33:07.982, 22573
2026/09/26 15:33:08.482, 22573
2026/09/26 15:33:08.982, 22573
2026/09/26 15:33:09.482, 22573
2026/09/26 15:33:09.982, 22573
2026/09/26 15:33:10.482, 22573
2026/09/26 15:33:10.982, 22573
2026/09/26 15:33:11.483, 22573
2026/09/26 15:33:11.983, 22573
2026/09/26 15:33:12.483, 22573
2026/09/26 15:33:12.983, 22573
2026/09/26 15:33:13.483, 22573
2026/09/26 15:33:13.983, 22573
2026/09/26 15:33:14.484, 22573
2026/09/26 15:33:14.984, 22573
2026/09/26 15:33:15.484, 22573
2026/09/26 15:33:15.984, 22573
2026/09/26 15:33:16.485, 22573
2026/09/26 15:33:16.985, 22573
2026/09/26 15:33:17.485, 22573
2026/09/26 15:33:17.985, 22573
2026/09/26 15:33:18.485, 22573
2026/09/26 15:33:18.985, 22573
2026/09/26 15:33:19.486, 22573
2026/09/26 15:33:19.986, 22573
2026/09/26 15:33:20.486, 22573
2026/09/26 15:33:20.986, 22573
2026/09/26 15:33:21.486, 22573
2026/09/26 15:33:21.986, 22573
2026/09/26 15:33:22.487, 22573
2026/09/26 15:33:22.987, 22573
2026/09/26 15:33:23.487, 22573
2026/09/26 15:33:23.987, 22573
2026/09/26 15:33:24.487, 22573
2026/09/26 15:33:24.987, 22573
2026/09/26 15:33:25.488, 22573
2026/09/26 15:33:25.988, 22573
2026/09/26 15:33:26.488, 22573
2026/09/26 15:33:26.988, 22573
2026/09/26 15:33:27.488, 22573
2026/09/26 15:33:27.989, 22573
2026/09/26 15:33:28.489, 22573
2026/09/26 15:33:28.989, 22573
2026/09/26 15:33:29.489, 22573
2026/09/26 15:33:29.989, 22573
2026/09/26 15:33:30.489, 22573
2026/09/26 15:33:30.990, 22573
2026/09/26 15:33:31.490, 22573
2026/09/26 15:33:31.990, 22573
2026/09/26 15:33:32.490, 22573
2026/09/26 15:33:32.990, 22573
2026/09/26 15:33:33.490, 22573
2026/09/26 15:33:33.991, 22573
2026/09/26 15:33:34.491, 22573
2026/09/26 15:33:34.991, 22573
2026/09/26 15:33:35.491, 22573
2026/09/26 15:33:35.991, 22573
2026/09/26 15:33:36.491, 22573
2026/09/26 15:33:36.992, 22573
2026/09/26 15:33:37.492, 22573
2026/09/26 15:33:37.992, 22573
2026/09/26 15:33:38.492, 22573
2026/09/26 15:33:38.992, 22573
2026/09/26 15:33:39.492, 22573
2026/09/26 15:33:39.993, 22573
2026/09/26 15:33:40.493, 22573
2026/09/26 15:33:40.993, 22573
2026/09/26 15:33:41.493, 22573
2026/09/26 15:33:41.993, 22573
2026/09/26 15:33:42.493, 22573
2026/09/26 15:33:42.993, 22573
2026/09/26 15:33:43.494, 22573
2026/09/26 15:33:43.994, 22573
2026/09/26 15:33:44.494, 22573
2026/09/26 15:33:44.994, 22573
2026/09/26 15:33:45.494, 22573
2026/09/26 15:33:45.994, 22573
2026/09/26 15:33:46.494, 22573
2026/09/26 15:33:46.995, 22573
2026/09/26 15:33:47.495, 22573
2026/09/26 15:33:47.995, 22573
2026/09/26 15:33:48.495, 22573
2026/09/26 15:33:48.995, 22573
2026/09/26 15:33:49.495, 22573
2026/09/26 15:33:49.996, 22573
2026/09/26 15:33:50.496, 22573
2026/09/26 15:33:50.996, 22573
2026/09/26 15:33:51.496, 22573
2026/09/26 15:33:51.996, 22573
2026/09/26 15:33:52.496, 22573
2026/09/26 15:33:52.996, 22573
2026/09/26 15:33:53.497, 22573
2026/09/26 15:33:53.997, 22573
2026/09/26 15:33:54.497, 22573
2026/09/26 15:33:54.997, 22573
2026/09/26 15:33:55.497, 22573
2026/09/26 15:33:55.997, 22573
2026/09/26 15:33:56.498, 22573
2026/09/26 15:33:56.998, 22573
2026/09/26 15:33:57.498, 22573
2026/09/26 15:33:57.998, 22573
2026/09/26 15:33:58.498, 22573
2026/09/26 15:33:58.998, 22573
2026/09/26 15:33:59.499, 22573
2026/09/26 15:33:59.999, 22573
2026/09/26 15:34:00.499, 22573
2026/09/26 15:34:00.999, 22573
2026/09/26 15:34:01.499, 22573
2026/09/26 15:34:01.999, 22573
2026/09/26 15:34:02.499, 22573
2026/09/26 15:34:03.000, 22573
2026/09/26 15:34:03.500, 22573
2026/09/26 15:34:04.000, 22573
2026/09/26 15:34:04.500, 22573
2026/09/26 15:34:05.000, 22573
2026/09/26 15:34:05.500, 22573
2026/09/26 15:34:06.001, 22573
2026/09/26 15:34:06.501, 22573
2026/09/26 15:34:07.001, 22573
2026/09/26 15:34:07.501, 22573
2026/09/26 15:34:08.001, 22573
2026/09/26 15:34:08.501, 22573
2026/09/26 15:34:09.002, 22573
2026/09/26 15:34:09.502, 22573
2026/09/26 15:34:10.002, 22573
2026/09/26 15:34:10.502, 22573
2026/09/26 15:34:11.002, 22573
2026/09/26 15:34:11.502, 22573
2026/09/26 15:34:12.003, 22573
2026/09/26 15:34:12.503, 22573
2026/09/26 15:34:13.003, 22573
2026/09/26 15:34:13.503, 22573
2026/09/26 15:34:14.003, 22573
2026/09/26 15:34:14.503, 22573
2026/09/26 15:34:15.003, 22573
2026/09/26 15:34:15.504, 22573
2026/09/26 15:34:16.004, 22573
2026/09/26 15:34:16.504, 22573
2026/09/26 15:34:17.004, 22573
2026/09/26 15:34:17.504, 22573
2026/09/26 15:34:18.004, 22573
2026/09/26 15:34:18.505, 22573
2026/09/26 15:34:19.005, 22573
2026/09/26 15:34:19.505, 22573
2026/09/26 15:34:20.005, 22573
2026/09/26 15:34:20.505, 22573
2026/09/26 15:34:21.005, 22573
2026/09/26 15:34:21.506, 22573
2026/09/26 15:34:22.006, 22573
2026/09/26 15:34:22.506, 22573
2026/09/26 15:34:23.006, 22573
2026/09/26 15:34:23.506, 22573
2026/09/26 15:34:24.006, 22573
2026/09/26 15:34:24.507, 22573
2026/09/26 15:34:25.007, 22573
2026/09/26 15:34:25.507, 22573
2026/09/26 15:34:26.007, 22573
2026/09/26 15:34:26.507, 22573
2026/09/26 15:34:27.007, 22573
2026/09/26 15:34:27.508, 22573
2026/09/26 15:34:28.008, 22573
2026/09/26 15:34:28.508, 22573
2026/09/26 15:34:29.008, 22573
2026/09/26 15:34:29.508, 22573
2026/09/26 15:34:30.008, 22573
2026/09/26 15:34:30.509, 22573
2026/09/26 15:34:31.009, 22573
2026/09/26 15:34:31.509, 22573
2026/09/26 15:34:32.009, 22573
2026/09/26 15:34:32.509, 22573
2026/09/26 15:34:33.009, 22573
2026/09/26 15:34:33.510, 22573
2026/09/26 15:34:34.010, 22573
2026/09/26 15:34:34.510, 22573
2026/09/26 15:34:35.010, 22573
2026/09/26 15:34:35.510, 22573
2026/09/26 15:34:36.010, 22573
2026/09/26 15:34:36.510, 22573
2026/09/26 15:34:37.011, 22573
2026/09/26 15:34:37.511, 22573
2026/09/26 15:34:38.011, 22573
2026/09/26 15:34:38.511, 22573
2026/09/26 15:34:39.011, 22573
2026/09/26 15:34:39.511, 22573
2026/09/26 15:34:40.011, 22573
2026/09/26 15:34:40.512, 22573
2026/09/26 15:34:41.012, 22573
2026/09/26 15:34:41.512, 22573
2026/09/26 15:34:42.012, 22573
2026/09/26 15:34:42.512, 22573
2026/09/26 15:34:43.012, 22573
2026/09/26 15:34:43.512, 22573
2026/09/26 15:34:44.013, 22573
2026/09/26 15:34:44.513, 22573
2026/09/26 15:34:45.013, 22573
2026/09/26 15:34:45.513, 22573
2026/09/26 15:34:46.013, 22573
2026/09/26 15:34:46.513, 22573
2026/09/26 15:34:47.013, 22573
2026/09/26 15:34:47.513, 22573
2026/09/26 15:34:48.013, 22573
2026/09/26 15:34:48.514, 22573
2026/09/26 15:34:49.014, 22573
2026/09/26 15:34:49.514, 22573
2026/09/26 15:34:50.014, 22573
2026/09/26 15:34:50.514, 22573
2026/09/26 15:34:51.014, 22573
2026/09/26 15:34:51.514, 22573
2026/09/26 15:34:52.014, 22573
2026/09/26 15:34:52.515, 22573
2026/09/26 15:34:53.015, 22573
2026/09/26 15:34:53.515, 22573
2026/09/26 15:34:54.015, 22573
2026/09/26 15:34:54.515, 22573
2026/09/26 15:34:55.015, 22573
2026/09/26 15:34:55.515, 22573
2026/09/26 15:34:56.015, 22573
2026/09/26 15:34:56.516, 22573
2026/09/26 15:34:57.016, 22573
2026/09/26 15:34:57.516, 22573
2026/09/26 15:34:58.016, 22573
2026/09/26 15:34:58.516, 22573
2026/09/26 15:34:59.016, 22573
2026/09/26 15:34:59.516, 22573
2026/09/26 15:35:00.016, 22573
2026/09/26 15:35:00.517, 22573
2026/09/26 15:35:01.017, 22573
2026/09/26 15:35:01.517, 22573
2026/09/26 15:35:02.017, 22573
2026/09/26 15:35:02.517, 22573
2026/09/26 15:35:03.017, 22573
2026/09/26 15:35:03.517, 22573
2026/09/26 15:35:04.018, 22573
2026/09/26 15:35:04.518, 22573
2026/09/26 15:35:05.018, 22573
2026/09/26 15:35:05.518, 22573
2026/09/26 15:35:06.018, 22573
2026/09/26 15:35:06.518, 22573
2026/09/26 15:35:07.019, 22573
2026/09/26 15:35:07.519, 22573
2026/09/26 15:35:08.019, 22573
2026/09/26 15:35:08.519, 22573
2026/09/26 15:35:09.019, 22573
2026/09/26 15:35:09.527, 22573
2026/09/26 15:35:10.027, 22573
2026/09/26 15:35:10.527, 22573
2026/09/26 15:35:11.027, 22573
2026/09/26 15:35:11.527, 22573
2026/09/26 15:35:12.027, 22573
2026/09/26 15:35:12.528, 22573
2026/09/26 15:35:13.028, 22573
2026/09/26 15:35:13.528, 22573
2026/09/26 15:35:14.028, 22573
2026/09/26 15:35:14.528, 22573
2026/09/26 15:35:15.028, 22573
2026/09/26 15:35:15.529, 22573
2026/09/26 15:35:16.029, 22573
2026/09/26 15:35:16.529, 22573
2026/09/26 15:35:17.029, 22573
2026/09/26 15:35:17.529, 22573
2026/09/26 15:35:18.029, 22573
2026/09/26 15:35:18.529, 22573
2026/09/26 15:35:19.030, 22573
2026/09/26 15:35:19.530, 22573
2026/09/26 15:35:20.030, 22573
2026/09/26 15:35:20.530, 22573
2026/09/26 15:35:21.030, 22573
2026/09/26 15:35:21.530, 22573
2026/09/26 15:35:22.030, 22573
2026/09/26 15:35:22.531, 22573
2026/09/26 15:35:23.031, 22573
2026/09/26 15:35:23.531, 22573
2026/09/26 15:35:24.031, 22573
2026/09/26 15:35:24.531, 22573
2026/09/26 15:35:25.031, 22573
2026/09/26 15:35:25.532, 22573
2026/09/26 15:35:26.032, 22573
2026/09/26 15:35:26.532, 22573
2026/09/26 15:35:27.032, 22573
2026/09/26 15:35:27.532, 22573
2026/09/26 15:35:28.032, 22573
2026/09/26 15:35:28.532, 22573
2026/09/26 15:35:29.033, 22573
2026/09/26 15:35:29.533, 22573
2026/09/26 15:35:30.033, 22573
2026/09/26 15:35:30.533, 22573
2026/09/26 15:35:31.033, 22573
2026/09/26 15:35:31.533, 22573
2026/09/26 15:35:32.034, 22573
2026/09/26 15:35:32.534, 22573
2026/09/26 15:35:33.034, 22573
2026/09/26 15:35:33.534, 22573
2026/09/26 15:35:34.034, 22573
2026/09/26 15:35:34.534, 22573
2026/09/26 15:35:35.034, 22573
2026/09/26 15:35:35.535, 22573
2026/09/26 15:35:36.035, 22573
2026/09/26 15:35:36.535, 22573
2026/09/26 15:35:37.035, 22573
2026/09/26 15:35:37.535, 22573
2026/09/26 15:35:38.035, 22573
2026/09/26 15:35:38.535, 22573
2026/09/26 15:35:39.036, 22573
2026/09/26 15:35:39.536, 22573
2026/09/26 15:35:40.036, 22573
2026/09/26 15:35:40.536, 22573
2026/09/26 15:35:41.036, 22573
2026/09/26 15:35:41.536, 22573
2026/09/26 15:35:42.036, 22573
2026/09/26 15:35:42.537, 22573
2026/09/26 15:35:43.037, 22573
2026/09/26 15:35:43.537, 22573
2026/09/26 15:35:44.037, 22573
2026/09/26 15:35:44.537, 22573
2026/09/26 15:35:45.037, 22573
2026/09/26 15:35:45.537, 22573
2026/09/26 15:35:46.038, 22573
2026/09/26 15:35:46.538, 22573
2026/09/26 15:35:47.038, 22573
2026/09/26 15:35:47.538, 22573
2026/09/26 15:35:48.038, 22573
2026/09/26 15:35:48.538, 22573
2026/09/26 15:35:49.038, 22573
2026/09/26 15:35:49.539, 22573
2026/09/26 15:35:50.039, 22573
2026/09/26 15:35:50.539, 22573
2026/09/26 15:35:51.039, 22573
2026/09/26 15:35:51.539, 22573
2026/09/26 15:35:52.039, 22573
2026/09/26 15:35:52.539, 22573
2026/09/26 15:35:53.040, 22573
2026/09/26 15:35:53.540, 22573
2026/09/26 15:35:54.040, 22573
2026/09/26 15:35:54.540, 22573
2026/09/26 15:35:55.040, 22573
2026/09/26 15:35:55.540, 22573
2026/09/26 15:35:56.041, 22573
2026/09/26 15:35:56.541, 22573
2026/09/26 15:35:57.041, 22573
2026/09/26 15:35:57.541, 22573
2026/09/26 15:35:58.041, 22573
2026/09/26 15:35:58.541, 22573
2026/09/26 15:35:59.041, 22573
2026/09/26 15:35:59.542, 22573
2026/09/26 15:36:00.042, 22573
2026/09/26 15:36:00.542, 22573
2026/09/26 15:36:01.042, 22573
2026/09/26 15:36:01.542, 22573
2026/09/26 15:36:02.042, 22573
2026/09/26 15:36:02.543, 22573
2026/09/26 15:36:03.043, 22573
2026/09/26 15:36:03.543, 22573
2026/09/26 15:36:04.043, 22573
2026/09/26 15:36:04.543, 22573
2026/09/26 15:36:05.043, 22573
2026/09/26 15:36:05.543, 22573
2026/09/26 15:36:06.044, 22573
2026/09/26 15:36:06.544, 22573
2026/09/26 15:36:07.044, 22573
2026/09/26 15:36:07.544, 22573
2026/09/26 15:36:08.044, 22573
2026/09/26 15:36:08.544, 22573
2026/09/26 15:36:09.044, 22573
2026/09/26 15:36:09.545, 22573
2026/09/26 15:36:10.045, 22573
2026/09/26 15:36:10.545, 22573
2026/09/26 15:36:11.045, 22573
2026/09/26 15:36:11.545, 22573
2026/09/26 15:36:12.045, 22573
2026/09/26 15:36:12.546, 22573
2026/09/26 15:36:13.046, 22573
2026/09/26 15:36:13.546, 22573
2026/09/26 15:36:14.046, 22573
2026/09/26 15:36:14.546, 22573
2026/09/26 15:36:15.046, 22573
2026/09/26 15:36:15.546, 22573
2026/09/26 15:36:16.047, 22573
2026/09/26 15:36:16.547, 22573
2026/09/26 15:36:17.047, 22573
2026/09/26 15:36:17.547, 22573
2026/09/26 15:36:18.047, 22573
2026/09/26 15:36:18.547, 22573
2026/09/26 15:36:19.047, 22573
2026/09/26 15:36:19.548, 22573
2026/09/26 15:36:20.048, 22573
2026/09/26 15:36:20.548, 22573
2026/09/26 15:36:21.048, 22573
2026/09/26 15:36:21.548, 22573
2026/09/26 15:36:22.048, 22573
2026/09/26 15:36:22.548, 22573
2026/09/26 15:36:23.049, 22573
2026/09/26 15:36:23.549, 22573
2026/09/26 15:36:24.049, 22573
2026/09/26 15:36:24.549, 22573
2026/09/26 15:36:25.049, 22573
2026/09/26 15:36:25.549, 22573
2026/09/26 15:36:26.050, 22573
2026/09/26 15:36:26.550, 22573
2026/09/26 15:36:27.050, 22573
2026/09/26 15:36:27.550, 22573
2026/09/26 15:36:28.050, 22573
2026/09/26 15:36:28.550, 22573
2026/09/26 15:36:29.051, 22573
2026/09/26 15:36:29.551, 22573
2026/09/26 15:36:30.051, 22573
2026/09/26 15:36:30.551, 22573
2026/09/26 15:36:31.051, 22573
2026/09/26 15:36:31.551, 22573
2026/09/26 15:36:32.051, 22573
2026/09/26 15:36:32.552, 22573
2026/09/26 15:36:33.052, 22573
2026/09/26 15:36:33.552, 22573
2026/09/26 15:36:34.052, 22573
2026/09/26 15:36:34.552, 22573
2026/09/26 15:36:35.052, 22573
2026/09/26 15:36:35.552, 22573
2026/09/26 15:36:36.052, 22573
2026/09/26 15:36:36.553, 22573
2026/09/26 15:36:37.053, 22573
2026/09/26 15:36:37.553, 22573
2026/09/26 15:36:38.053, 22573
2026/09/26 15:36:38.553, 22573
2026/09/26 15:36:39.054, 22573
2026/09/26 15:36:39.554, 22573
2026/09/26 15:36:40.054, 22573
2026/09/26 15:36:40.554, 22573
2026/09/26 15:36:41.054, 22573
2026/09/26 15:36:41.554, 22573
2026/09/26 15:36:42.054, 22573
2026/09/26 15:36:42.555, 22573
2026/09/26 15:36:43.055, 22573
2026/09/26 15:36:43.555, 22573
2026/09/26 15:36:44.055, 22573
2026/09/26 15:36:44.555, 22573
2026/09/26 15:36:45.055, 22573
2026/09/26 15:36:45.555, 22573
2026/09/26 15:36:46.056, 22573
2026/09/26 15:36:46.556, 22573
2026/09/26 15:36:47.056, 22573
2026/09/26 15:36:47.556, 22573
2026/09/26 15:36:48.056, 22573
2026/09/26 15:36:48.556, 22573
2026/09/26 15:36:49.056, 22573
2026/09/26 15:36:49.557, 22573
2026/09/26 15:36:50.057, 22573
2026/09/26 15:36:50.557, 22573
2026/09/26 15:36:51.057, 22573
2026/09/26 15:36:51.557, 22573
2026/09/26 15:36:52.057, 22573
2026/09/26 15:36:52.558, 22573
2026/09/26 15:36:53.058, 22573
2026/09/26 15:36:53.558, 22573
2026/09/26 15:36:54.058, 22573
2026/09/26 15:36:54.558, 22573
2026/09/26 15:36:55.058, 22573
2026/09/26 15:36:55.559, 22573
2026/09/26 15:36:56.059, 22573
2026/09/26 15:36:56.559, 22573
2026/09/26 15:36:57.059, 22573
2026/09/26 15:36:57.559, 22573
2026/09/26 15:36:58.059, 22573
2026/09/26 15:36:58.559, 22573
2026/09/26 15:36:59.060, 22573
2026/09/26 15:36:59.560, 22573
2026/09/26 15:37:00.060, 22573
2026/09/26 15:37:00.560, 22573
2026/09/26 15:37:01.060, 22573
2026/09/26 15:37:01.560, 22573
2026/09/26 15:37:02.061, 22573
2026/09/26 15:37:02.561, 22573
2026/09/26 15:37:03.061, 22573
2026/09/26 15:37:03.561, 22573
2026/09/26 15:37:04.061, 22573
2026/09/26 15:37:04.561, 22573
2026/09/26 15:37:05.062, 22573
2026/09/26 15:37:05.562, 22573
2026/09/26 15:37:06.062, 22573
2026/09/26 15:37:06.562, 22573
2026/09/26 15:37:07.062, 22573
2026/09/26 15:37:07.562, 22573
2026/09/26 15:37:08.062, 22573
2026/09/26 15:37:08.563, 22573
2026/09/26 15:37:09.063, 22573
2026/09/26 15:37:09.563, 22573
2026/09/26 15:37:10.063, 22573
2026/09/26 15:37:10.563, 22573
2026/09/26 15:37:11.063, 22573
2026/09/26 15:37:11.564, 22573
2026/09/26 15:37:12.064, 22573
2026/09/26 15:37:12.564, 22573
2026/09/26 15:37:13.064, 22573
2026/09/26 15:37:13.564, 22573
2026/09/26 15:37:14.064, 22573
2026/09/26 15:37:14.565, 22573
2026/09/26 15:37:15.065, 22573
2026/09/26 15:37:15.565, 22573
2026/09/26 15:37:16.065, 22573
2026/09/26 15:37:16.565, 22573
2026/09/26 15:37:17.065, 22573
2026/09/26 15:37:17.565, 22573
2026/09/26 15:37:18.066, 22573
2026/09/26 15:37:18.566, 22573
2026/09/26 15:37:19.066, 22573
2026/09/26 15:37:19.566, 22573
2026/09/26 15:37:20.066, 22573
2026/09/26 15:37:20.566, 22573
2026/09/26 15:37:21.066, 22573
2026/09/26 15:37:21.567, 22573
2026/09/26 15:37:22.067, 22573
2026/09/26 15:37:22.567, 22573
2026/09/26 15:37:23.067, 22573
2026/09/26 15:37:23.567, 22573
2026/09/26 15:37:24.067, 22573
2026/09/26 15:37:24.568, 22573
2026/09/26 15:37:25.068, 22573
2026/09/26 15:37:25.568, 22573
2026/09/26 15:37:26.068, 22573
2026/09/26 15:37:26.568, 22573
2026/09/26 15:37:27.068, 22573
2026/09/26 15:37:27.569, 22573
2026/09/26 15:37:28.069, 22573
2026/09/26 15:37:28.569, 22573
2026/09/26 15:37:29.069, 22573
2026/09/26 15:37:29.569, 22573
2026/09/26 15:37:30.069, 22573
2026/09/26 15:37:30.569, 22573
2026/09/26 15:37:31.070, 22573
2026/09/26 15:37:31.570, 22573
2026/09/26 15:37:32.070, 22573
2026/09/26 15:37:32.570, 22573
2026/09/26 15:37:33.070, 22573
2026/09/26 15:37:33.570, 22573
2026/09/26 15:37:34.071, 22573
2026/09/26 15:37:34.571, 22573
2026/09/26 15:37:35.071, 22573
2026/09/26 15:37:35.571, 22573
2026/09/26 15:37:36.071, 22573
2026/09/26 15:37:36.571, 22573
2026/09/26 15:37:37.071, 22573
2026/09/26 15:37:37.572, 22573
2026/09/26 15:37:38.072, 22573
2026/09/26 15:37:38.572, 22573
2026/09/26 15:37:39.072, 22573
2026/09/26 15:37:39.572, 22573
2026/09/26 15:37:40.072, 22573
2026/09/26 15:37:40.573, 22573
2026/09/26 15:37:41.073, 22573
2026/09/26 15:37:41.573, 22573
2026/09/26 15:37:42.073, 22573
2026/09/26 15:37:42.573, 22573
2026/09/26 15:37:43.073, 22573
2026/09/26 15:37:43.574, 22573
2026/09/26 15:37:44.074, 22573
2026/09/26 15:37:44.574, 22573
2026/09/26 15:37:45.074, 22573
2026/09/26 15:37:45.574, 22573
2026/09/26 15:37:46.074, 22573
2026/09/26 15:37:46.575, 22573
2026/09/26 15:37:47.075, 22573
2026/09/26 15:37:47.575, 22573
2026/09/26 15:37:48.075, 22573
2026/09/26 15:37:48.575, 22573
2026/09/26 15:37:49.075, 22573
2026/09/26 15:37:49.575, 22573
2026/09/26 15:37:50.076, 22573
2026/09/26 15:37:50.576, 22573
2026/09/26 15:37:51.076, 22573
2026/09/26 15:37:51.576, 22573
2026/09/26 15:37:52.076, 22573
2026/09/26 15:37:52.576, 22573
2026/09/26 15:37:53.077, 22573
2026/09/26 15:37:53.577, 22573
2026/09/26 15:37:54.077, 22573
2026/09/26 15:37:54.577, 22573
2026/09/26 15:37:55.077, 22573
2026/09/26 15:37:55.577, 22573
2026/09/26 15:37:56.078, 22573
2026/09/26 15:37:56.578, 22573
2026/09/26 15:37:57.078, 22573
2026/09/26 15:37:57.578, 22573
2026/09/26 15:37:58.078, 22573
2026/09/26 15:37:58.578, 22573
2026/09/26 15:37:59.078, 22573
2026/09/26 15:37:59.579, 22573
2026/09/26 15:38:00.079, 22573
2026/09/26 15:38:00.579, 22573
2026/09/26 15:38:01.079, 22573
2026/09/26 15:38:01.579, 22573
2026/09/26 15:38:02.079, 22573
2026/09/26 15:38:02.580, 22573
2026/09/26 15:38:03.080, 22573
2026/09/26 15:38:03.580, 22573
2026/09/26 15:38:04.080, 22573
2026/09/26 15:38:04.580, 22573
2026/09/26 15:38:05.081, 22573
2026/09/26 15:38:05.581, 22573
2026/09/26 15:38:06.081, 22573
2026/09/26 15:38:06.581, 22573
2026/09/26 15:38:07.081, 22573
2026/09/26 15:38:07.582, 22573
2026/09/26 15:38:08.082, 22573
2026/09/26 15:38:08.582, 22573
2026/09/26 15:38:09.082, 22573
2026/09/26 15:38:09.582, 22573
2026/09/26 15:38:10.082, 22573
2026/09/26 15:38:10.582, 22573
2026/09/26 15:38:11.083, 22573
2026/09/26 15:38:11.583, 22573
2026/09/26 15:38:12.083, 22573
2026/09/26 15:38:12.583, 22573
2026/09/26 15:38:13.083, 22573
2026/09/26 15:38:13.584, 22573
2026/09/26 15:38:14.084, 22573
2026/09/26 15:38:14.584, 22573
2026/09/26 15:38:15.084, 22573
2026/09/26 15:38:15.584, 22573
2026/09/26 15:38:16.085, 22573
2026/09/26 15:38:16.585, 22573
2026/09/26 15:38:17.085, 22573
2026/09/26 15:38:17.585, 22573
2026/09/26 15:38:18.085, 22573
2026/09/26 15:38:18.585, 22573
2026/09/26 15:38:19.085, 22573
2026/09/26 15:38:19.586, 22573
2026/09/26 15:38:20.086, 22573
2026/09/26 15:38:20.586, 22573
2026/09/26 15:38:21.086, 22573
2026/09/26 15:38:21.586, 22573
2026/09/26 15:38:22.086, 22573
2026/09/26 15:38:22.586, 22573
2026/09/26 15:38:23.087, 22573
2026/09/26 15:38:23.587, 22573
2026/09/26 15:38:24.087, 22573
2026/09/26 15:38:24.587, 22573
2026/09/26 15:38:25.088, 22573
2026/09/26 15:38:25.588, 22573
2026/09/26 15:38:26.088, 22573
2026/09/26 15:38:26.588, 22573
2026/09/26 15:38:27.088, 22573
2026/09/26 15:38:27.589, 22573
2026/09/26 15:38:28.089, 22573
2026/09/26 15:38:28.589, 22573
2026/09/26 15:38:29.089, 22573
2026/09/26 15:38:29.589, 22573
2026/09/26 15:38:30.089, 22573
2026/09/26 15:38:30.589, 22573
2026/09/26 15:38:31.090, 22573
2026/09/26 15:38:31.590, 22573
2026/09/26 15:38:32.090, 22573
2026/09/26 15:38:32.590, 22573
2026/09/26 15:38:33.090, 22573
2026/09/26 15:38:33.591, 22573
2026/09/26 15:38:34.091, 22573
2026/09/26 15:38:34.591, 22573
2026/09/26 15:38:35.091, 22573
2026/09/26 15:38:35.591, 22573
2026/09/26 15:38:36.092, 22573
2026/09/26 15:38:36.592, 22573
2026/09/26 15:38:37.092, 22573
2026/09/26 15:38:37.592, 22573
2026/09/26 15:38:38.092, 22573
2026/09/26 15:38:38.592, 22573
2026/09/26 15:38:39.092, 22573
2026/09/26 15:38:39.593, 22573
2026/09/26 15:38:40.093, 22573
2026/09/26 15:38:40.593, 22573
2026/09/26 15:38:41.093, 22573
2026/09/26 15:38:41.593, 22573
2026/09/26 15:38:42.093, 22573
2026/09/26 15:38:42.594, 22573
2026/09/26 15:38:43.094, 22573
2026/09/26 15:38:43.594, 22573
2026/09/26 15:38:44.094, 22573
2026/09/26 15:38:44.594, 22573
2026/09/26 15:38:45.094, 22573
2026/09/26 15:38:45.594, 22573
2026/09/26 15:38:46.095, 22573
2026/09/26 15:38:46.595, 22573
2026/09/26 15:38:47.095, 22573
2026/09/26 15:38:47.595, 22573
2026/09/26 15:38:48.095, 22573
2026/09/26 15:38:48.595, 22573
2026/09/26 15:38:49.095, 22573
2026/09/26 15:38:49.596, 22573
2026/09/26 15:38:50.096, 22573
2026/09/26 15:38:50.596, 22573
2026/09/26 15:38:51.096, 22573
2026/09/26 15:38:51.596, 22573
2026/09/26 15:38:52.096, 22573
2026/09/26 15:38:52.596, 22573
2026/09/26 15:38:53.097, 22573
2026/09/26 15:38:53.597, 22573
2026/09/26 15:38:54.097, 22573
2026/09/26 15:38:54.597, 22573
2026/09/26 15:38:55.097, 22573
2026/09/26 15:38:55.597, 22573
2026/09/26 15:38:56.097, 22573
2026/09/26 15:38:56.598, 22573
2026/09/26 15:38:57.098, 22573
2026/09/26 15:38:57.598, 22573
2026/09/26 15:38:58.098, 22573
2026/09/26 15:38:58.598, 22573
2026/09/26 15:38:59.098, 22573
2026/09/26 15:38:59.598, 22573
2026/09/26 15:39:00.099, 22573
2026/09/26 15:39:00.599, 22573
2026/09/26 15:39:01.099, 22573
2026/09/26 15:39:01.599, 22573
2026/09/26 15:39:02.099, 22573
2026/09/26 15:39:02.599, 22573
2026/09/26 15:39:03.099, 22573
2026/09/26 15:39:03.600, 22573
2026/09/26 15:39:04.100, 22573
2026/09/26 15:39:04.600, 22573
2026/09/26 15:39:05.100, 22573
2026/09/26 15:39:05.600, 22573
2026/09/26 15:39:06.100, 22573
2026/09/26 15:39:06.600, 22573
2026/09/26 15:39:07.100, 22573
2026/09/26 15:39:07.601, 22573
2026/09/26 15:39:08.101, 22573
2026/09/26 15:39:08.601, 22573
2026/09/26 15:39:09.101, 22573
2026/09/26 15:39:09.601, 22573
2026/09/26 15:39:10.101, 22573
2026/09/26 15:39:10.601, 22573
2026/09/26 15:39:11.102, 22573
2026/09/26 15:39:11.602, 22573
2026/09/26 15:39:12.102, 22573
2026/09/26 15:39:12.602, 22573
2026/09/26 15:39:13.102, 22573
2026/09/26 15:39:13.602, 22573
2026/09/26 15:39:14.102, 22573
2026/09/26 15:39:14.603, 22573
2026/09/26 15:39:15.103, 22573
2026/09/26 15:39:15.603, 22573
2026/09/26 15:39:16.103, 22573
2026/09/26 15:39:16.603, 22573
2026/09/26 15:39:17.103, 22573
2026/09/26 15:39:17.603, 22573
2026/09/26 15:39:18.104, 22573
2026/09/26 15:39:18.604, 22573
2026/09/26 15:39:19.104, 22573
2026/09/26 15:39:19.604, 22573
2026/09/26 15:39:20.104, 22573
2026/09/26 15:39:20.604, 22573
2026/09/26 15:39:21.104, 22573
2026/09/26 15:39:21.605, 22573
2026/09/26 15:39:22.105, 22573
2026/09/26 15:39:22.605, 22573
2026/09/26 15:39:23.105, 22573
2026/09/26 15:39:23.605, 22573
2026/09/26 15:39:24.105, 22573
2026/09/26 15:39:24.606, 22573
2026/09/26 15:39:25.106, 22573
2026/09/26 15:39:25.606, 22573
2026/09/26 15:39:26.106, 22573
2026/09/26 15:39:26.606, 22573
2026/09/26 15:39:27.106, 22573
2026/09/26 15:39:27.606, 22573
2026/09/26 15:39:28.107, 22573
2026/09/26 15:39:28.607, 22573
2026/09/26 15:39:29.107, 22573
2026/09/26 15:39:29.607, 22573
2026/09/26 15:39:30.107, 22573
2026/09/26 15:39:30.607, 22573
2026/09/26 15:39:31.107, 22573
2026/09/26 15:39:31.608, 22573
2026/09/26 15:39:32.108, 22573
2026/09/26 15:39:32.608, 22573
2026/09/26 15:39:33.108, 22573
2026/09/26 15:39:33.608, 22573
2026/09/26 15:39:34.108, 22573
2026/09/26 15:39:34.609, 22573
2026/09/26 15:39:35.109, 22573
2026/09/26 15:39:35.609, 22573
2026/09/26 15:39:36.109, 22573
2026/09/26 15:39:36.609, 22573
2026/09/26 15:39:37.109, 22573
2026/09/26 15:39:37.609, 22573
2026/09/26 15:39:38.110, 22573
2026/09/26 15:39:38.610, 22573
2026/09/26 15:39:39.110, 22573
2026/09/26 15:39:39.610, 22573
2026/09/26 15:39:40.110, 22573
2026/09/26 15:39:40.610, 22573
2026/09/26 15:39:41.110, 22573
2026/09/26 15:39:41.611, 22573
2026/09/26 15:39:42.111, 22573
2026/09/26 15:39:42.611, 22573
2026/09/26 15:39:43.111, 22573
2026/09/26 15:39:43.611, 22573
2026/09/26 15:39:44.111, 22573
2026/09/26 15:39:44.612, 22573
2026/09/26 15:39:45.112, 22573
2026/09/26 15:39:45.612, 22573
2026/09/26 15:39:46.112, 22573
2026/09/26 15:39:46.612, 22573
2026/09/26 15:39:47.112, 22573
2026/09/26 15:39:47.612, 22573
2026/09/26 15:39:48.113, 22573
2026/09/26 15:39:48.613, 22573
2026/09/26 15:39:49.113, 22573
2026/09/26 15:39:49.613, 22573
2026/09/26 15:39:50.113, 22573
2026/09/26 15:39:50.613, 22573
2026/09/26 15:39:51.114, 22573
2026/09/26 15:39:51.614, 22573
2026/09/26 15:39:52.114, 22573
2026/09/26 15:39:52.614, 22573
2026/09/26 15:39:53.114, 22573
2026/09/26 15:39:53.614, 22573
2026/09/26 15:39:54.114, 22573
2026/09/26 15:39:54.615, 22573
2026/09/26 15:39:55.115, 22573
2026/09/26 15:39:55.615, 22573
2026/09/26 15:39:56.115, 22573
2026/09/26 15:39:56.615, 22573
2026/09/26 15:39:57.115, 22573
2026/09/26 15:39:57.616, 22573
2026/09/26 15:39:58.116, 22573
2026/09/26 15:39:58.617, 22573
2026/09/26 15:39:59.117, 22573
2026/09/26 15:39:59.617, 22573
2026/09/26 15:40:00.117, 22573
2026/09/26 15:40:00.617, 22573
2026/09/26 15:40:01.117, 22573
2026/09/26 15:40:01.618, 22573
2026/09/26 15:40:02.118, 22573
2026/09/26 15:40:02.618, 22573
2026/09/26 15:40:03.118, 22573
2026/09/26 15:40:03.618, 22573
2026/09/26 15:40:04.119, 22573
2026/09/26 15:40:04.619, 22573
2026/09/26 15:40:05.119, 22573
2026/09/26 15:40:05.619, 22573
2026/09/26 15:40:06.119, 22573
2026/09/26 15:40:06.619, 22573
2026/09/26 15:40:07.120, 22573
2026/09/26 15:40:07.620, 22573
2026/09/26 15:40:08.120, 22573
2026/09/26 15:40:08.620, 22573
2026/09/26 15:40:09.120, 22573
2026/09/26 15:40:09.620, 22573
2026/09/26 15:40:10.121, 22573
2026/09/26 15:40:10.621, 22573
2026/09/26 15:40:11.121, 22573
2026/09/26 15:40:11.621, 22573
2026/09/26 15:40:12.121, 22573
2026/09/26 15:40:12.621, 22573
2026/09/26 15:40:13.121, 22573
2026/09/26 15:40:13.622, 22573
2026/09/26 15:40:14.122, 22573
2026/09/26 15:40:14.622, 22573
2026/09/26 15:40:15.122, 22573
2026/09/26 15:40:15.622, 22573
2026/09/26 15:40:16.122, 22573
2026/09/26 15:40:16.623, 22573
2026/09/26 15:40:17.123, 22573
2026/09/26 15:40:17.623, 22573
2026/09/26 15:40:18.123, 22573
2026/09/26 15:40:18.623, 22573
2026/09/26 15:40:19.124, 22573
2026/09/26 15:40:19.624, 22573
2026/09/26 15:40:20.124, 22573
2026/09/26 15:40:20.624, 22573
2026/09/26 15:40:21.124, 22573
2026/09/26 15:40:21.624, 22573
2026/09/26 15:40:22.124, 22573
2026/09/26 15:40:22.625, 22573
2026/09/26 15:40:23.125, 22573
2026/09/26 15:40:23.625, 22573
2026/09/26 15:40:24.125, 22573
2026/09/26 15:40:24.625, 22573
2026/09/26 15:40:25.125, 22573
2026/09/26 15:40:25.626, 22573
2026/09/26 15:40:26.126, 22573
2026/09/26 15:40:26.626, 22573
2026/09/26 15:40:27.126, 22573
2026/09/26 15:40:27.626, 22573
2026/09/26 15:40:28.126, 22573
2026/09/26 15:40:28.627, 22573
2026/09/26 15:40:29.127, 22573
2026/09/26 15:40:29.627, 22573
2026/09/26 15:40:30.127, 22573
2026/09/26 15:40:30.627, 22573
2026/09/26 15:40:31.127, 22573
2026/09/26 15:40:31.627, 22573
2026/09/26 15:40:32.128, 22573
2026/09/26 15:40:32.628, 22573
2026/09/26 15:40:33.128, 22573
2026/09/26 15:40:33.628, 22573
2026/09/26 15:40:34.128, 22573
2026/09/26 15:40:34.628, 22573
2026/09/26 15:40:35.129, 22573
2026/09/26 15:40:35.629, 22573
2026/09/26 15:40:36.129, 22573
2026/09/26 15:40:36.629, 22573
2026/09/26 15:40:37.129, 22573
2026/09/26 15:40:37.629, 22573
2026/09/26 15:40:38.129, 22573
2026/09/26 15:40:38.630, 22573
2026/09/26 15:40:39.130, 22573
2026/09/26 15:40:39.630, 22573
2026/09/26 15:40:40.130, 22573
2026/09/26 15:40:40.630, 22573
2026/09/26 15:40:41.130, 22573
2026/09/26 15:40:41.630, 22573
2026/09/26 15:40:42.131, 22573
2026/09/26 15:40:42.631, 22573
2026/09/26 15:40:43.131, 22573
2026/09/26 15:40:43.631, 22573
2026/09/26 15:40:44.131, 22573
2026/09/26 15:40:44.631, 22573
2026/09/26 15:40:45.132, 22573
2026/09/26 15:40:45.632, 22573
2026/09/26 15:40:46.132, 22573
2026/09/26 15:40:46.632, 22573
2026/09/26 15:40:47.132, 22573
2026/09/26 15:40:47.632, 22573
2026/09/26 15:40:48.132, 22573
2026/09/26 15:40:48.633, 22573
2026/09/26 15:40:49.133, 22573
2026/09/26 15:40:49.633, 22573
2026/09/26 15:40:50.133, 22573
2026/09/26 15:40:50.633, 22573
2026/09/26 15:40:51.133, 22573
2026/09/26 15:40:51.633, 22573
2026/09/26 15:40:52.134, 22573
2026/09/26 15:40:52.634, 22573
2026/09/26 15:40:53.134, 22573
2026/09/26 15:40:53.634, 22573
2026/09/26 15:40:54.134, 22573
2026/09/26 15:40:54.634, 22573
2026/09/26 15:40:55.135, 22573
2026/09/26 15:40:55.635, 22573
2026/09/26 15:40:56.135, 22573
2026/09/26 15:40:56.635, 22573
2026/09/26 15:40:57.135, 22573
2026/09/26 15:40:57.635, 22573
2026/09/26 15:40:58.135, 22573
2026/09/26 15:40:58.636, 22573
2026/09/26 15:40:59.136, 22573
2026/09/26 15:40:59.636, 22573
2026/09/26 15:41:00.136, 22573
2026/09/26 15:41:00.636, 22573
2026/09/26 15:41:01.136, 22573
2026/09/26 15:41:01.636, 22573
2026/09/26 15:41:02.137, 22573
2026/09/26 15:41:02.637, 22573
2026/09/26 15:41:03.137, 22573
2026/09/26 15:41:03.637, 22573
2026/09/26 15:41:04.137, 22573
2026/09/26 15:41:04.637, 22573
2026/09/26 15:41:05.137, 22573
2026/09/26 15:41:05.637, 22573
2026/09/26 15:41:06.137, 22573
2026/09/26 15:41:06.638, 22573
2026/09/26 15:41:07.138, 22573
2026/09/26 15:41:07.638, 22573
2026/09/26 15:41:08.138, 22573
2026/09/26 15:41:08.638, 22573
2026/09/26 15:41:09.138, 22573
2026/09/26 15:41:09.638, 22573
2026/09/26 15:41:10.138, 22573
2026/09/26 15:41:10.639, 22573
2026/09/26 15:41:11.139, 22573
2026/09/26 15:41:11.639, 22573
2026/09/26 15:41:12.139, 22573
2026/09/26 15:41:12.639, 22573
2026/09/26 15:41:13.139, 22573
2026/09/26 15:41:13.640, 22573
2026/09/26 15:41:14.140, 22573
2026/09/26 15:41:14.640, 22573
2026/09/26 15:41:15.140, 22573
2026/09/26 15:41:15.640, 22573
2026/09/26 15:41:16.140, 22573
2026/09/26 15:41:16.640, 22573
2026/09/26 15:41:17.141, 22573
2026/09/26 15:41:17.641, 22573
2026/09/26 15:41:18.141, 22573
2026/09/26 15:41:18.641, 22573
2026/09/26 15:41:19.141, 22573
2026/09/26 15:41:19.641, 22573
2026/09/26 15:41:20.142, 22573
2026/09/26 15:41:20.642, 22573
2026/09/26 15:41:21.142, 22573
2026/09/26 15:41:21.642, 22573
2026/09/26 15:41:22.142, 22573
2026/09/26 15:41:22.642, 22573
2026/09/26 15:41:23.143, 22573
2026/09/26 15:41:23.643, 22573
2026/09/26 15:41:24.143, 22573
2026/09/26 15:41:24.643, 22573
2026/09/26 15:41:25.143, 22573
2026/09/26 15:41:25.644, 22573
2026/09/26 15:41:26.144, 22573
2026/09/26 15:41:26.644, 22573
2026/09/26 15:41:27.144, 22573
2026/09/26 15:41:27.644, 22573
2026/09/26 15:41:28.144, 22573
2026/09/26 15:41:28.644, 22573
2026/09/26 15:41:29.145, 22573
2026/09/26 15:41:29.645, 22573
2026/09/26 15:41:30.145, 22573
2026/09/26 15:41:30.645, 22573
2026/09/26 15:41:31.145, 22573
2026/09/26 15:41:31.645, 22573
2026/09/26 15:41:32.145, 22573
2026/09/26 15:41:32.646, 22573
2026/09/26 15:41:33.146, 22573
2026/09/26 15:41:33.646, 22573
2026/09/26 15:41:34.146, 22573
2026/09/26 15:41:34.646, 22573
2026/09/26 15:41:35.146, 22573
2026/09/26 15:41:35.647, 22573
2026/09/26 15:41:36.147, 22573
2026/09/26 15:41:36.647, 22573
2026/09/26 15:41:37.147, 22573
2026/09/26 15:41:37.647, 22573
2026/09/26 15:41:38.147, 22573
2026/09/26 15:41:38.647, 22573
2026/09/26 15:41:39.148, 22573
2026/09/26 15:41:39.648, 22573
2026/09/26 15:41:40.148, 22573
2026/09/26 15:41:40.648, 22573
2026/09/26 15:41:41.148, 22573
2026/09/26 15:41:41.648, 22573
2026/09/26 15:41:42.149, 22573
2026/09/26 15:41:42.649, 22573
2026/09/26 15:41:43.149, 22573
2026/09/26 15:41:43.649, 22573
2026/09/26 15:41:44.149, 22573
2026/09/26 15:41:44.649, 22573
2026/09/26 15:41:45.149, 22573
2026/09/26 15:41:45.649, 22573
2026/09/26 15:41:46.150, 22573
2026/09/26 15:41:46.650, 22573
2026/09/26 15:41:47.150, 22573
2026/09/26 15:41:47.650, 22573
2026/09/26 15:41:48.150, 22573
2026/09/26 15:41:48.650, 22573
2026/09/26 15:41:49.150, 22573
2026/09/26 15:41:49.651, 22573
2026/09/26 15:41:50.151, 22573
2026/09/26 15:41:50.660, 22573
2026/09/26 15:41:51.160, 22573
2026/09/26 15:41:51.660, 22573
2026/09/26 15:41:52.160, 22573
2026/09/26 15:41:52.660, 22573
2026/09/26 15:41:53.160, 22573
2026/09/26 15:41:53.661, 22573
2026/09/26 15:41:54.161, 22573
2026/09/26 15:41:54.661, 22573
2026/09/26 15:41:55.161, 22573
2026/09/26 15:41:55.661, 22573
2026/09/26 15:41:56.161, 22573
2026/09/26 15:41:56.661, 22573
2026/09/26 15:41:57.162, 22573
2026/09/26 15:41:57.662, 22573
2026/09/26 15:41:58.162, 22573
2026/09/26 15:41:58.662, 22573
2026/09/26 15:41:59.162, 22573
2026/09/26 15:41:59.662, 22573
2026/09/26 15:42:00.162, 22573
2026/09/26 15:42:00.663, 22573
2026/09/26 15:42:01.163, 22573
2026/09/26 15:42:01.663, 22573
2026/09/26 15:42:02.163, 22573
2026/09/26 15:42:02.663, 22573
2026/09/26 15:42:03.163, 22573
2026/09/26 15:42:03.664, 22573
2026/09/26 15:42:04.164, 22573
2026/09/26 15:42:04.664, 22573
2026/09/26 15:42:05.164, 22573
2026/09/26 15:42:05.664, 22573
2026/09/26 15:42:06.164, 22573
2026/09/26 15:42:06.664, 22573
2026/09/26 15:42:07.165, 22573
2026/09/26 15:42:07.665, 22573
2026/09/26 15:42:08.165, 22573
2026/09/26 15:42:08.665, 22573
2026/09/26 15:42:09.165, 22573
2026/09/26 15:42:09.665, 22573
2026/09/26 15:42:10.165, 22573
2026/09/26 15:42:10.665, 22573
2026/09/26 15:42:11.166, 22573
2026/09/26 15:42:11.666, 22573
2026/09/26 15:42:12.166, 22573
2026/09/26 15:42:12.666, 22573
2026/09/26 15:42:13.166, 22573
2026/09/26 15:42:13.666, 22573
2026/09/26 15:42:14.166, 22573
2026/09/26 15:42:14.666, 22573
2026/09/26 15:42:15.167, 22573
2026/09/26 15:42:15.667, 22573
2026/09/26 15:42:16.167, 22573
2026/09/26 15:42:16.667, 22573
2026/09/26 15:42:17.167, 22573
2026/09/26 15:42:17.667, 22573
2026/09/26 15:42:18.167, 22573
2026/09/26 15:42:18.668, 22573
2026/09/26 15:42:19.168, 22573
2026/09/26 15:42:19.668, 22573
2026/09/26 15:42:20.168, 22573
2026/09/26 15:42:20.668, 22573
2026/09/26 15:42:21.168, 22573
2026/09/26 15:42:21.669, 22573
2026/09/26 15:42:22.169, 22573
2026/09/26 15:42:22.669, 22573
2026/09/26 15:42:23.169, 22573
2026/09/26 15:42:23.669, 22573
2026/09/26 15:42:24.169, 22573
2026/09/26 15:42:24.669, 22573
2026/09/26 15:42:25.170, 22573
2026/09/26 15:42:25.670, 22573
2026/09/26 15:42:26.170, 22573
2026/09/26 15:42:26.670, 22573
2026/09/26 15:42:27.170, 22573
2026/09/26 15:42:27.670, 22573
2026/09/26 15:42:28.171, 22573
2026/09/26 15:42:28.671, 22573
2026/09/26 15:42:29.171, 22573
2026/09/26 15:42:29.671, 22573
2026/09/26 15:42:30.171, 22573
2026/09/26 15:42:30.671, 22573
2026/09/26 15:42:31.172, 22573
2026/09/26 15:42:31.672, 22573
2026/09/26 15:42:32.172, 22573
2026/09/26 15:42:32.672, 22573
2026/09/26 15:42:33.172, 22573
2026/09/26 15:42:33.672, 22573
2026/09/26 15:42:34.172, 22573
2026/09/26 15:42:34.673, 22573
2026/09/26 15:42:35.173, 22573
2026/09/26 15:42:35.673, 22573
2026/09/26 15:42:36.173, 22573
2026/09/26 15:42:36.673, 22573
2026/09/26 15:42:37.173, 22573
2026/09/26 15:42:37.674, 22573
2026/09/26 15:42:38.174, 22573
2026/09/26 15:42:38.674, 22573
2026/09/26 15:42:39.174, 22573
2026/09/26 15:42:39.674, 22573
2026/09/26 15:42:40.174, 22573
2026/09/26 15:42:40.674, 22573
2026/09/26 15:42:41.175, 22573
2026/09/26 15:42:41.675, 22573
2026/09/26 15:42:42.175, 22573
2026/09/26 15:42:42.675, 22573
2026/09/26 15:42:43.175, 22573
2026/09/26 15:42:43.675, 22573
2026/09/26 15:42:44.176, 22573
2026/09/26 15:42:44.676, 22573
2026/09/26 15:42:45.176, 22573
2026/09/26 15:42:45.676, 22573
2026/09/26 15:42:46.176, 22573
2026/09/26 15:42:46.676, 22573
2026/09/26 15:42:47.177, 22573
2026/09/26 15:42:47.677, 22573
2026/09/26 15:42:48.177, 22573
2026/09/26 15:42:48.677, 22573
2026/09/26 15:42:49.177, 22573
2026/09/26 15:42:49.677, 22573
2026/09/26 15:42:50.177, 22573
2026/09/26 15:42:50.678, 22573
2026/09/26 15:42:51.178, 22573
2026/09/26 15:42:51.678, 22573
2026/09/26 15:42:52.178, 22573
2026/09/26 15:42:52.678, 22573
2026/09/26 15:42:53.178, 22573
2026/09/26 15:42:53.678, 22573
2026/09/26 15:42:54.179, 22573
2026/09/26 15:42:54.679, 22573
2026/09/26 15:42:55.179, 22573
2026/09/26 15:42:55.679, 22573
2026/09/26 15:42:56.179, 22573
2026/09/26 15:42:56.679, 22573
2026/09/26 15:42:57.179, 22573
2026/09/26 15:42:57.680, 22573
2026/09/26 15:42:58.180, 22573
2026/09/26 15:42:58.681, 22573
2026/09/26 15:42:59.181, 22573
2026/09/26 15:42:59.681, 22573
2026/09/26 15:43:00.181, 22573
2026/09/26 15:43:00.681, 22573
2026/09/26 15:43:01.181, 22573
2026/09/26 15:43:01.681, 22573
2026/09/26 15:43:02.182, 22573
2026/09/26 15:43:02.682, 22573
2026/09/26 15:43:03.182, 22573
2026/09/26 15:43:03.682, 22573
2026/09/26 15:43:04.182, 22573
2026/09/26 15:43:04.682, 22573
2026/09/26 15:43:05.182, 22573
2026/09/26 15:43:05.683, 22573
2026/09/26 15:43:06.183, 22573
2026/09/26 15:43:06.683, 22573
2026/09/26 15:43:07.183, 22573
2026/09/26 15:43:07.683, 22573
2026/09/26 15:43:08.183, 22573
2026/09/26 15:43:08.683, 22573
2026/09/26 15:43:09.184, 22573
2026/09/26 15:43:09.684, 22573
2026/09/26 15:43:10.184, 22573
2026/09/26 15:43:10.684, 22573
2026/09/26 15:43:11.184, 22573
2026/09/26 15:43:11.684, 22573
2026/09/26 15:43:12.184, 22573
2026/09/26 15:43:12.685, 22573
2026/09/26 15:43:13.185, 22573
2026/09/26 15:43:13.685, 22573
2026/09/26 15:43:14.185, 22573
2026/09/26 15:43:14.685, 22573
2026/09/26 15:43:15.185, 22573
2026/09/26 15:43:15.685, 22573
2026/09/26 15:43:16.186, 22573
2026/09/26 15:43:16.686, 22573
2026/09/26 15:43:17.186, 22573
2026/09/26 15:43:17.686, 22573
2026/09/26 15:43:18.186, 22573
2026/09/26 15:43:18.686, 22573
2026/09/26 15:43:19.187, 22573
2026/09/26 15:43:19.687, 22573
2026/09/26 15:43:20.187, 22573
2026/09/26 15:43:20.687, 22573
2026/09/26 15:43:21.187, 22573
2026/09/26 15:43:21.687, 22573
2026/09/26 15:43:22.187, 22573
2026/09/26 15:43:22.688, 22573
2026/09/26 15:43:23.188, 22573
2026/09/26 15:43:23.688, 22573
2026/09/26 15:43:24.188, 22573
2026/09/26 15:43:24.688, 22573
2026/09/26 15:43:25.188, 22573
2026/09/26 15:43:25.689, 22573
2026/09/26 15:43:26.189, 22573
2026/09/26 15:43:26.689, 22573
2026/09/26 15:43:27.189, 22573
2026/09/26 15:43:27.689, 22573
2026/09/26 15:43:28.189, 22573
2026/09/26 15:43:28.690, 22573
2026/09/26 15:43:29.190, 22573
2026/09/26 15:43:29.690, 22573
2026/09/26 15:43:30.190, 22573
2026/09/26 15:43:30.690, 22573
2026/09/26 15:43:31.190, 22573
2026/09/26 15:43:31.691, 22573
2026/09/26 15:43:32.191, 22573
2026/09/26 15:43:32.691, 22573
2026/09/26 15:43:33.191, 22573
2026/09/26 15:43:33.691, 22573
2026/09/26 15:43:34.191, 22573
2026/09/26 15:43:34.691, 22573
2026/09/26 15:43:35.192, 22573
2026/09/26 15:43:35.692, 22573
2026/09/26 15:43:36.192, 22573
2026/09/26 15:43:36.692, 22573
2026/09/26 15:43:37.192, 22573
2026/09/26 15:43:37.693, 22573
2026/09/26 15:43:38.193, 22573
2026/09/26 15:43:38.693, 22573
2026/09/26 15:43:39.193, 22573
2026/09/26 15:43:39.693, 22573
2026/09/26 15:43:40.193, 22573
2026/09/26 15:43:40.693, 22573
2026/09/26 15:43:41.194, 22573
2026/09/26 15:43:41.694, 22573
2026/09/26 15:43:42.194, 22573
2026/09/26 15:43:42.694, 22573
2026/09/26 15:43:43.194, 22573
2026/09/26 15:43:43.694, 22573
2026/09/26 15:43:44.195, 22573
2026/09/26 15:43:44.695, 22573
2026/09/26 15:43:45.195, 22573
2026/09/26 15:43:45.695, 22573
2026/09/26 15:43:46.195, 22573
2026/09/26 15:43:46.696, 22573
2026/09/26 15:43:47.196, 22573
2026/09/26 15:43:47.696, 22573
2026/09/26 15:43:48.196, 22573
2026/09/26 15:43:48.696, 22573
2026/09/26 15:43:49.196, 22573
2026/09/26 15:43:49.697, 22573
2026/09/26 15:43:50.197, 22573
2026/09/26 15:43:50.697, 22573
2026/09/26 15:43:51.197, 22573
2026/09/26 15:43:51.697, 22573
2026/09/26 15:43:52.197, 22573
2026/09/26 15:43:52.697, 22573
2026/09/26 15:43:53.198, 22573
2026/09/26 15:43:53.698, 22573
2026/09/26 15:43:54.198, 22573
2026/09/26 15:43:54.698, 22573
2026/09/26 15:43:55.198, 22573
2026/09/26 15:43:55.698, 22573
2026/09/26 15:43:56.198, 22573
2026/09/26 15:43:56.699, 22573
2026/09/26 15:43:57.199, 22573
2026/09/26 15:43:57.699, 22573
2026/09/26 15:43:58.199, 22573
2026/09/26 15:43:58.699, 22573
2026/09/26 15:43:59.199, 22573
2026/09/26 15:43:59.700, 22573
2026/09/26 15:44:00.200, 22573
2026/09/26 15:44:00.700, 22573
2026/09/26 15:44:01.200, 22573
2026/09/26 15:44:01.700, 22573
2026/09/26 15:44:02.200, 22573
2026/09/26 15:44:02.700, 22573
2026/09/26 15:44:03.201, 22573
2026/09/26 15:44:03.701, 22573
2026/09/26 15:44:04.201, 22573
2026/09/26 15:44:04.701, 22573
2026/09/26 15:44:05.201, 22573
2026/09/26 15:44:05.701, 22573
2026/09/26 15:44:06.202, 22573
2026/09/26 15:44:06.702, 22573
2026/09/26 15:44:07.202, 22573
2026/09/26 15:44:07.702, 22573
2026/09/26 15:44:08.202, 22573
2026/09/26 15:44:08.702, 22573
2026/09/26 15:44:09.203, 22573
2026/09/26 15:44:09.703, 22573
2026/09/26 15:44:10.203, 22573
2026/09/26 15:44:10.703, 22573
2026/09/26 15:44:11.203, 22573
2026/09/26 15:44:11.703, 22573
2026/09/26 15:44:12.204, 22573
2026/09/26 15:44:12.704, 22573
2026/09/26 15:44:13.204, 22573
2026/09/26 15:44:13.704, 22573
2026/09/26 15:44:14.204, 22573
2026/09/26 15:44:14.704, 22573
2026/09/26 15:44:15.204, 22573
2026/09/26 15:44:15.705, 22573
2026/09/26 15:44:16.205, 22573
2026/09/26 15:44:16.705, 22573
2026/09/26 15:44:17.205, 22573
2026/09/26 15:44:17.705, 22573
2026/09/26 15:44:18.205, 22573
2026/09/26 15:44:18.705, 22573
2026/09/26 15:44:19.206, 22573
2026/09/26 15:44:19.706, 22573
2026/09/26 15:44:20.206, 22573
2026/09/26 15:44:20.706, 22573
2026/09/26 15:44:21.206, 22573
2026/09/26 15:44:21.706, 22573
2026/09/26 15:44:22.207, 22573
2026/09/26 15:44:22.707, 22573
2026/09/26 15:44:23.207, 22573
2026/09/26 15:44:23.707, 22573
2026/09/26 15:44:24.207, 22573
2026/09/26 15:44:24.707, 22573
2026/09/26 15:44:25.207, 22573
2026/09/26 15:44:25.708, 22573
2026/09/26 15:44:26.208, 22573
2026/09/26 15:44:26.708, 22573
2026/09/26 15:44:27.208, 22573
2026/09/26 15:44:27.708, 22573
2026/09/26 15:44:28.208, 22573
2026/09/26 15:44:28.708, 22573
2026/09/26 15:44:29.209, 22573
2026/09/26 15:44:29.709, 22573
2026/09/26 15:44:30.209, 22573
2026/09/26 15:44:30.709, 22573
2026/09/26 15:44:31.209, 22573
2026/09/26 15:44:31.709, 22573
2026/09/26 15:44:32.210, 22573
2026/09/26 15:44:32.710, 22573
2026/09/26 15:44:33.210, 22573
2026/09/26 15:44:33.710, 22573
2026/09/26 15:44:34.210, 22573
2026/09/26 15:44:34.710, 22573
2026/09/26 15:44:35.210, 22573
2026/09/26 15:44:35.711, 22573
2026/09/26 15:44:36.211, 22573
2026/09/26 15:44:36.711, 22573
2026/09/26 15:44:37.211, 22573
2026/09/26 15:44:37.711, 22573
2026/09/26 15:44:38.211, 22573
2026/09/26 15:44:38.711, 22573
2026/09/26 15:44:39.212, 22573
2026/09/26 15:44:39.712, 22573
2026/09/26 15:44:40.212, 22573
2026/09/26 15:44:40.712, 22573
2026/09/26 15:44:41.212, 22573
2026/09/26 15:44:41.712, 22573
2026/09/26 15:44:42.213, 22573
2026/09/26 15:44:42.713, 22573
2026/09/26 15:44:43.213, 22573
2026/09/26 15:44:43.713, 22573
2026/09/26 15:44:44.213, 22573
2026/09/26 15:44:44.713, 22573
2026/09/26 15:44:45.213, 22573
2026/09/26 15:44:45.714, 22573
2026/09/26 15:44:46.214, 22573
2026/09/26 15:44:46.714, 22573
2026/09/26 15:44:47.214, 22573
2026/09/26 15:44:47.714, 22573
2026/09/26 15:44:48.214, 22573
2026/09/26 15:44:48.715, 22573
2026/09/26 15:44:49.215, 22573
2026/09/26 15:44:49.715, 22573
2026/09/26 15:44:50.215, 22573
2026/09/26 15:44:50.715, 22573
2026/09/26 15:44:51.215, 22573
2026/09/26 15:44:51.716, 22573
2026/09/26 15:44:52.216, 22573
2026/09/26 15:44:52.716, 22573
2026/09/26 15:44:53.216, 22573
2026/09/26 15:44:53.716, 22573
2026/09/26 15:44:54.216, 22573
2026/09/26 15:44:54.717, 22573
2026/09/26 15:44:55.217, 22573
2026/09/26 15:44:55.717, 22573
2026/09/26 15:44:56.217, 22573
2026/09/26 15:44:56.717, 22573
2026/09/26 15:44:57.217, 22573
2026/09/26 15:44:57.717, 22573
2026/09/26 15:44:58.218, 22573
2026/09/26 15:44:58.718, 22573
2026/09/26 15:44:59.218, 22573
2026/09/26 15:44:59.718, 22573
2026/09/26 15:45:00.218, 22573
2026/09/26 15:45:00.718, 22573
2026/09/26 15:45:01.218, 22573
2026/09/26 15:45:01.719, 22573
2026/09/26 15:45:02.219, 22573
2026/09/26 15:45:02.719, 22573
2026/09/26 15:45:03.219, 22573
2026/09/26 15:45:03.719, 22573
2026/09/26 15:45:04.220, 22573
2026/09/26 15:45:04.720, 22573
2026/09/26 15:45:05.220, 22573
2026/09/26 15:45:05.720, 22573
2026/09/26 15:45:06.228, 22573
2026/09/26 15:45:06.728, 22573
2026/09/26 15:45:07.228, 22573
2026/09/26 15:45:07.728, 22573
2026/09/26 15:45:08.228, 22573
2026/09/26 15:45:08.728, 22573
2026/09/26 15:45:09.228, 22573
2026/09/26 15:45:09.729, 22573
2026/09/26 15:45:10.229, 22573
2026/09/26 15:45:10.729, 22573
2026/09/26 15:45:11.229, 22573
2026/09/26 15:45:11.729, 22573
2026/09/26 15:45:12.229, 22573
2026/09/26 15:45:12.729, 22573
2026/09/26 15:45:13.230, 22573
2026/09/26 15:45:13.730, 22573
2026/09/26 15:45:14.230, 22573
2026/09/26 15:45:14.730, 22573
2026/09/26 15:45:15.230, 22573
2026/09/26 15:45:15.730, 22573
2026/09/26 15:45:16.231, 22573
2026/09/26 15:45:16.731, 22573
2026/09/26 15:45:17.231, 22573
2026/09/26 15:45:17.731, 22573
2026/09/26 15:45:18.231, 22573
2026/09/26 15:45:18.731, 22573
2026/09/26 15:45:19.231, 22573
2026/09/26 15:45:19.732, 22573
2026/09/26 15:45:20.232, 22573
2026/09/26 15:45:20.732, 22573
2026/09/26 15:45:21.232, 22573
2026/09/26 15:45:21.732, 22573
2026/09/26 15:45:22.232, 22573
2026/09/26 15:45:22.733, 22573
2026/09/26 15:45:23.233, 22573
2026/09/26 15:45:23.733, 22573
2026/09/26 15:45:24.233, 22573
2026/09/26 15:45:24.733, 22573
2026/09/26 15:45:25.233, 22573
2026/09/26 15:45:25.733, 22573
2026/09/26 15:45:26.234, 22573
2026/09/26 15:45:26.734, 22573
2026/09/26 15:45:27.234, 22573
2026/09/26 15:45:27.734, 22573
2026/09/26 15:45:28.234, 22573
2026/09/26 15:45:28.734, 22573
2026/09/26 15:45:29.234, 22573
2026/09/26 15:45:29.735, 22573
2026/09/26 15:45:30.235, 22573
2026/09/26 15:45:30.735, 22573
2026/09/26 15:45:31.235, 22573
2026/09/26 15:45:31.735, 22573
2026/09/26 15:45:32.235, 22573
2026/09/26 15:45:32.735, 22573
2026/09/26 15:45:33.236, 22573
2026/09/26 15:45:33.736, 22573
2026/09/26 15:45:34.236, 22573
2026/09/26 15:45:34.736, 22573
2026/09/26 15:45:35.236, 22573
2026/09/26 15:45:35.736, 22573
2026/09/26 15:45:36.236, 22573
2026/09/26 15:45:36.737, 22573
2026/09/26 15:45:37.237, 22573
2026/09/26 15:45:37.737, 22573
2026/09/26 15:45:38.237, 22573
2026/09/26 15:45:38.737, 22573
2026/09/26 15:45:39.237, 22573
2026/09/26 15:45:39.737, 22573
2026/09/26 15:45:40.238, 22573
2026/09/26 15:45:40.738, 22573
2026/09/26 15:45:41.238, 22573
2026/09/26 15:45:41.738, 22573
2026/09/26 15:45:42.238, 22573
2026/09/26 15:45:42.738, 22573
2026/09/26 15:45:43.238, 22573
2026/09/26 15:45:43.739, 22573
2026/09/26 15:45:44.239, 22573
2026/09/26 15:45:44.739, 22573
2026/09/26 15:45:45.239, 22573
2026/09/26 15:45:45.739, 22573
2026/09/26 15:45:46.239, 22573
2026/09/26 15:45:46.739, 22573
2026/09/26 15:45:47.240, 22573
2026/09/26 15:45:47.740, 22573
2026/09/26 15:45:48.240, 22573
2026/09/26 15:45:48.740, 22573
2026/09/26 15:45:49.240, 22573
2026/09/26 15:45:49.740, 22573
2026/09/26 15:45:50.240, 22573
2026/09/26 15:45:50.741, 22573
2026/09/26 15:45:51.241, 22573
2026/09/26 15:45:51.741, 22573
2026/09/26 15:45:52.241, 22573
2026/09/26 15:45:52.741, 22573
2026/09/26 15:45:53.241, 22573
2026/09/26 15:45:53.741, 22573
2026/09/26 15:45:54.242, 22573
2026/09/26 15:45:54.742, 22573
2026/09/26 15:45:55.242, 22573
2026/09/26 15:45:55.742, 22573
2026/09/26 15:45:56.242, 22573
2026/09/26 15:45:56.742, 22573
2026/09/26 15:45:57.243, 22573
2026/09/26 15:45:57.743, 22573
2026/09/26 15:45:58.243, 22573
2026/09/26 15:45:58.743, 22573
2026/09/26 15:45:59.243, 22573
2026/09/26 15:45:59.743, 22573
2026/09/26 15:46:00.243, 22573
2026/09/26 15:46:00.744, 22573
2026/09/26 15:46:01.244, 22573
2026/09/26 15:46:01.744, 22573
2026/09/26 15:46:02.244, 22573
2026/09/26 15:46:02.744, 22573
2026/09/26 15:46:03.244, 22573
2026/09/26 15:46:03.744, 22573
2026/09/26 15:46:04.245, 22573
2026/09/26 15:46:04.745, 22573
2026/09/26 15:46:05.245, 22573
2026/09/26 15:46:05.745, 22573
2026/09/26 15:46:06.245, 22573
2026/09/26 15:46:06.745, 22573
2026/09/26 15:46:07.245, 22573
2026/09/26 15:46:07.746, 22573
2026/09/26 15:46:08.246, 22573
2026/09/26 15:46:08.746, 22573
2026/09/26 15:46:09.246, 22573
2026/09/26 15:46:09.746, 22573
2026/09/26 15:46:10.246, 22573
2026/09/26 15:46:10.746, 22573
2026/09/26 15:46:11.247, 22573
2026/09/26 15:46:11.747, 22573
2026/09/26 15:46:12.247, 22573
2026/09/26 15:46:12.747, 22573
2026/09/26 15:46:13.247, 22573
2026/09/26 15:46:13.747, 22573
2026/09/26 15:46:14.247, 22573
2026/09/26 15:46:14.748, 22573
2026/09/26 15:46:15.248, 22573
2026/09/26 15:46:15.748, 22573
2026/09/26 15:46:16.248, 22573
2026/09/26 15:46:16.748, 22573
2026/09/26 15:46:17.248, 22573
2026/09/26 15:46:17.749, 22573
2026/09/26 15:46:18.249, 22573
2026/09/26 15:46:18.749, 22573
2026/09/26 15:46:19.249, 22573
2026/09/26 15:46:19.749, 22573
2026/09/26 15:46:20.249, 22573
2026/09/26 15:46:20.749, 22573
2026/09/26 15:46:21.250, 22573
2026/09/26 15:46:21.750, 22573
2026/09/26 15:46:22.250, 22573
2026/09/26 15:46:22.750, 22573
2026/09/26 15:46:23.250, 22573
2026/09/26 15:46:23.750, 22573
2026/09/26 15:46:24.251, 22573
2026/09/26 15:46:24.751, 22573
2026/09/26 15:46:25.251, 22573
2026/09/26 15:46:25.751, 22573
2026/09/26 15:46:26.251, 22573
2026/09/26 15:46:26.752, 22573
2026/09/26 15:46:27.252, 22573
2026/09/26 15:46:27.752, 22573
2026/09/26 15:46:28.252, 22573
2026/09/26 15:46:28.752, 22573
2026/09/26 15:46:29.252, 22573
2026/09/26 15:46:29.753, 22573
2026/09/26 15:46:30.253, 22573
2026/09/26 15:46:30.753, 22573
2026/09/26 15:46:31.253, 22573
2026/09/26 15:46:31.753, 22573
2026/09/26 15:46:32.253, 22573
2026/09/26 15:46:32.754, 22573
2026/09/26 15:46:33.254, 22573
2026/09/26 15:46:33.754, 22573
2026/09/26 15:46:34.254, 22573
2026/09/26 15:46:34.754, 22573
2026/09/26 15:46:35.254, 22573
2026/09/26 15:46:35.755, 22573
2026/09/26 15:46:36.255, 22573
2026/09/26 15:46:36.755, 22573
2026/09/26 15:46:37.255, 22573
2026/09/26 15:46:37.755, 22573
2026/09/26 15:46:38.255, 22573
2026/09/26 15:46:38.755, 22573
2026/09/26 15:46:39.256, 22573
2026/09/26 15:46:39.756, 22573
2026/09/26 15:46:40.256, 22573
2026/09/26 15:46:40.756, 22573
2026/09/26 15:46:41.256, 22573
2026/09/26 15:46:41.756, 22573
2026/09/26 15:46:42.257, 22573
2026/09/26 15:46:42.757, 22573
2026/09/26 15:46:43.257, 22573
2026/09/26 15:46:43.757, 22573
2026/09/26 15:46:44.257, 22573
2026/09/26 15:46:44.757, 22573
2026/09/26 15:46:45.258, 22573
2026/09/26 15:46:45.758, 22573
2026/09/26 15:46:46.258, 22573
2026/09/26 15:46:46.758, 22573
2026/09/26 15:46:47.258, 22573
2026/09/26 15:46:47.758, 22573
2026/09/26 15:46:48.258, 22573
2026/09/26 15:46:48.759, 22573
2026/09/26 15:46:49.259, 22573
2026/09/26 15:46:49.759, 22573
2026/09/26 15:46:50.259, 22573
2026/09/26 15:46:50.759, 22573
2026/09/26 15:46:51.259, 22573
2026/09/26 15:46:51.760, 22573
2026/09/26 15:46:52.260, 22573
2026/09/26 15:46:52.760, 22573
2026/09/26 15:46:53.260, 22573
2026/09/26 15:46:53.760, 22573
2026/09/26 15:46:54.260, 22573
2026/09/26 15:46:54.760, 22573
2026/09/26 15:46:55.261, 22573
2026/09/26 15:46:55.761, 22573
2026/09/26 15:46:56.261, 22573
2026/09/26 15:46:56.761, 22573
2026/09/26 15:46:57.261, 22573
2026/09/26 15:46:57.761, 22573
2026/09/26 15:46:58.261, 22573
2026/09/26 15:46:58.762, 22573
2026/09/26 15:46:59.262, 22573
2026/09/26 15:46:59.762, 22573
2026/09/26 15:47:00.262, 22573
2026/09/26 15:47:00.762, 22573
2026/09/26 15:47:01.262, 22573
2026/09/26 15:47:01.762, 22573
2026/09/26 15:47:02.262, 22573
2026/09/26 15:47:02.763, 22573
2026/09/26 15:47:03.263, 22573
2026/09/26 15:47:03.763, 22573
2026/09/26 15:47:04.263, 22573
2026/09/26 15:47:04.763, 22573
2026/09/26 15:47:05.263, 22573
2026/09/26 15:47:05.763, 22573
2026/09/26 15:47:06.264, 22573
2026/09/26 15:47:06.764, 22573
2026/09/26 15:47:07.264, 22573
2026/09/26 15:47:07.764, 22573
2026/09/26 15:47:08.264, 22573
2026/09/26 15:47:08.764, 22573
2026/09/26 15:47:09.264, 22573
2026/09/26 15:47:09.765, 22573
2026/09/26 15:47:10.265, 22573
2026/09/26 15:47:10.765, 22573
2026/09/26 15:47:11.265, 22573
2026/09/26 15:47:11.765, 22573
2026/09/26 15:47:12.265, 22573
2026/09/26 15:47:12.765, 22573
2026/09/26 15:47:13.265, 22573
2026/09/26 15:47:13.766, 22573
2026/09/26 15:47:14.266, 22573
2026/09/26 15:47:14.766, 22573
2026/09/26 15:47:15.266, 22573
2026/09/26 15:47:15.766, 22573
2026/09/26 15:47:16.266, 22573
2026/09/26 15:47:16.766, 22573
2026/09/26 15:47:17.266, 22573
2026/09/26 15:47:17.766, 22573
2026/09/26 15:47:18.267, 22573
2026/09/26 15:47:18.767, 22573
2026/09/26 15:47:19.267, 22573
2026/09/26 15:47:19.767, 22573
2026/09/26 15:47:20.267, 22573
2026/09/26 15:47:20.767, 22573
2026/09/26 15:47:21.267, 22573
2026/09/26 15:47:21.768, 22573
2026/09/26 15:47:22.268, 22573
2026/09/26 15:47:22.768, 22573
2026/09/26 15:47:23.268, 22573
2026/09/26 15:47:23.768, 22573
2026/09/26 15:47:24.268, 22573
2026/09/26 15:47:24.768, 22573
2026/09/26 15:47:25.268, 22573
2026/09/26 15:47:25.769, 22573
2026/09/26 15:47:26.269, 22573
2026/09/26 15:47:26.769, 22573
2026/09/26 15:47:27.269, 22573
2026/09/26 15:47:27.769, 22573
2026/09/26 15:47:28.269, 22573
2026/09/26 15:47:28.769, 22573
2026/09/26 15:47:29.269, 22573
2026/09/26 15:47:29.770, 22573
2026/09/26 15:47:30.270, 22573
2026/09/26 15:47:30.770, 22573
2026/09/26 15:47:31.270, 22573
2026/09/26 15:47:31.770, 22573
2026/09/26 15:47:32.270, 22573
2026/09/26 15:47:32.770, 22573
2026/09/26 15:47:33.271, 22573
2026/09/26 15:47:33.771, 22573
2026/09/26 15:47:34.271, 22573
2026/09/26 15:47:34.771, 22573
2026/09/26 15:47:35.271, 22573
2026/09/26 15:47:35.771, 22573
2026/09/26 15:47:36.271, 22573
2026/09/26 15:47:36.771, 22573
2026/09/26 15:47:37.272, 22573
2026/09/26 15:47:37.772, 22573
2026/09/26 15:47:38.272, 22573
2026/09/26 15:47:38.772, 22573
2026/09/26 15:47:39.272, 22573
2026/09/26 15:47:39.772, 22573
2026/09/26 15:47:40.272, 22573
2026/09/26 15:47:40.772, 22573
2026/09/26 15:47:41.273, 22573
2026/09/26 15:47:41.773, 22573
2026/09/26 15:47:42.273, 22573
2026/09/26 15:47:42.773, 22573
2026/09/26 15:47:43.273, 22573
2026/09/26 15:47:43.773, 22573
2026/09/26 15:47:44.273, 22573
2026/09/26 15:47:44.774, 22573
2026/09/26 15:47:45.274, 22573
2026/09/26 15:47:45.774, 22573
2026/09/26 15:47:46.274, 22573
2026/09/26 15:47:46.774, 22573
2026/09/26 15:47:47.274, 22573
2026/09/26 15:47:47.774, 22573
2026/09/26 15:47:48.274, 22573
2026/09/26 15:47:48.775, 22573
2026/09/26 15:47:49.275, 22573
2026/09/26 15:47:49.775, 22573
2026/09/26 15:47:50.275, 22573
2026/09/26 15:47:50.775, 22573
2026/09/26 15:47:51.275, 22573
2026/09/26 15:47:51.775, 22573
2026/09/26 15:47:52.276, 22573
2026/09/26 15:47:52.776, 22573
2026/09/26 15:47:53.276, 22573
2026/09/26 15:47:53.776, 22573
2026/09/26 15:47:54.276, 22573
2026/09/26 15:47:54.776, 22573
2026/09/26 15:47:55.276, 22573
2026/09/26 15:47:55.776, 22573
2026/09/26 15:47:56.277, 22573
2026/09/26 15:47:56.777, 22573
2026/09/26 15:47:57.277, 22573
2026/09/26 15:47:57.777, 22573
2026/09/26 15:47:58.277, 22573
2026/09/26 15:47:58.777, 22573
2026/09/26 15:47:59.277, 22573
2026/09/26 15:47:59.778, 22573
2026/09/26 15:48:00.278, 22573
2026/09/26 15:48:00.778, 22573
2026/09/26 15:48:01.278, 22573
2026/09/26 15:48:01.778, 22573
2026/09/26 15:48:02.278, 22573
2026/09/26 15:48:02.778, 22573
2026/09/26 15:48:03.279, 22573
2026/09/26 15:48:03.779, 22573
2026/09/26 15:48:04.279, 22573
2026/09/26 15:48:04.779, 22573
2026/09/26 15:48:05.279, 22573
2026/09/26 15:48:05.779, 22573
2026/09/26 15:48:06.279, 22573
2026/09/26 15:48:06.780, 22573
2026/09/26 15:48:07.280, 22573
2026/09/26 15:48:07.780, 22573
2026/09/26 15:48:08.280, 22573
2026/09/26 15:48:08.780, 22573
2026/09/26 15:48:09.280, 22573
2026/09/26 15:48:09.781, 22573
2026/09/26 15:48:10.281, 22573
2026/09/26 15:48:10.781, 22573
2026/09/26 15:48:11.281, 22573
2026/09/26 15:48:11.781, 22573
2026/09/26 15:48:12.281, 22573
2026/09/26 15:48:12.781, 22573
2026/09/26 15:48:13.282, 22573
2026/09/26 15:48:13.782, 22573
2026/09/26 15:48:14.282, 22573
2026/09/26 15:48:14.782, 22573
2026/09/26 15:48:15.282, 22573
2026/09/26 15:48:15.782, 22573
2026/09/26 15:48:16.283, 22573
2026/09/26 15:48:16.783, 22573
2026/09/26 15:48:17.283, 22573
2026/09/26 15:48:17.783, 22573
2026/09/26 15:48:18.283, 22573
2026/09/26 15:48:18.783, 22573
2026/09/26 15:48:19.284, 22573
2026/09/26 15:48:19.784, 22573
2026/09/26 15:48:20.284, 22573
2026/09/26 15:48:20.784, 22573
2026/09/26 15:48:21.284, 22573
2026/09/26 15:48:21.784, 22573
2026/09/26 15:48:22.284, 22573
2026/09/26 15:48:22.785, 22573
2026/09/26 15:48:23.285, 22573
2026/09/26 15:48:23.785, 22573
2026/09/26 15:48:24.285, 22573
2026/09/26 15:48:24.785, 22573
2026/09/26 15:48:25.285, 22573
2026/09/26 15:48:25.786, 22573
2026/09/26 15:48:26.286, 22573
2026/09/26 15:48:26.786, 22573
2026/09/26 15:48:27.286, 22573
2026/09/26 15:48:27.786, 22573
2026/09/26 15:48:28.286, 22573
2026/09/26 15:48:28.787, 22573
2026/09/26 15:48:29.287, 22573
2026/09/26 15:48:29.787, 22573
2026/09/26 15:48:30.287, 22573
2026/09/26 15:48:30.787, 22573
2026/09/26 15:48:31.287, 22573
2026/09/26 15:48:31.788, 22573
2026/09/26 15:48:32.288, 22573
2026/09/26 15:48:32.788, 22573
2026/09/26 15:48:33.288, 22573
2026/09/26 15:48:33.788, 22573
2026/09/26 15:48:34.288, 22573
2026/09/26 15:48:34.788, 22573
2026/09/26 15:48:35.289, 22573
2026/09/26 15:48:35.789, 22573
2026/09/26 15:48:36.289, 22573
2026/09/26 15:48:36.794, 22573
2026/09/26 15:48:37.294, 22573
2026/09/26 15:48:37.794, 22573
2026/09/26 15:48:38.295, 22573
2026/09/26 15:48:38.795, 22573
2026/09/26 15:48:39.295, 22573
2026/09/26 15:48:39.795, 22573
2026/09/26 15:48:40.295, 22573
2026/09/26 15:48:40.795, 22573
2026/09/26 15:48:41.295, 22573
2026/09/26 15:48:41.804, 22573
2026/09/26 15:48:42.304, 22573
2026/09/26 15:48:42.805, 22573
2026/09/26 15:48:43.305, 22573
2026/09/26 15:48:43.805, 22573
2026/09/26 15:48:44.305, 22573
2026/09/26 15:48:44.805, 22573
2026/09/26 15:48:45.305, 22573
2026/09/26 15:48:45.805, 22573
2026/09/26 15:48:46.306, 22573
2026/09/26 15:48:46.806, 22573
2026/09/26 15:48:47.306, 22573
2026/09/26 15:48:47.806, 22573
2026/09/26 15:48:48.306, 22573
2026/09/26 15:48:48.806, 22573
2026/09/26 15:48:49.306, 22573
2026/09/26 15:48:49.807, 22573
2026/09/26 15:48:50.307, 22573
2026/09/26 15:48:50.807, 22573
2026/09/26 15:48:51.307, 22573
2026/09/26 15:48:51.807, 22573
2026/09/26 15:48:52.307, 22573
2026/09/26 15:48:52.808, 22573
2026/09/26 15:48:53.308, 22573
2026/09/26 15:48:53.808, 22573
2026/09/26 15:48:54.308, 22573
2026/09/26 15:48:54.808, 22573
2026/09/26 15:48:55.308, 22573
2026/09/26 15:48:55.808, 22573
2026/09/26 15:48:56.309, 22573
2026/09/26 15:48:56.809, 22573
2026/09/26 15:48:57.309, 22573
2026/09/26 15:48:57.809, 22573
2026/09/26 15:48:58.309, 22573
2026/09/26 15:48:58.809, 22573
2026/09/26 15:48:59.309, 22573
2026/09/26 15:48:59.810, 22573
2026/09/26 15:49:00.310, 22573
2026/09/26 15:49:00.810, 22573
2026/09/26 15:49:01.310, 22573
2026/09/26 15:49:01.810, 22573
2026/09/26 15:49:02.310, 22573
2026/09/26 15:49:02.811, 22573
2026/09/26 15:49:03.311, 22573
2026/09/26 15:49:03.811, 22573
2026/09/26 15:49:04.311, 22573
2026/09/26 15:49:04.811, 22573
2026/09/26 15:49:05.311, 22573
2026/09/26 15:49:05.811, 22573
2026/09/26 15:49:06.312, 22573
2026/09/26 15:49:06.812, 22573
2026/09/26 15:49:07.312, 22573
2026/09/26 15:49:07.812, 22573
2026/09/26 15:49:08.312, 22573
2026/09/26 15:49:08.812, 22573
2026/09/26 15:49:09.312, 22573
2026/09/26 15:49:09.813, 22573
2026/09/26 15:49:10.313, 22573
2026/09/26 15:49:10.813, 22573
2026/09/26 15:49:11.313, 22573
2026/09/26 15:49:11.813, 22573
2026/09/26 15:49:12.313, 22573
2026/09/26 15:49:12.814, 22573
2026/09/26 15:49:13.314, 22573
2026/09/26 15:49:13.814, 22573
2026/09/26 15:49:14.314, 22573
2026/09/26 15:49:14.814, 22573
2026/09/26 15:49:15.314, 22573
2026/09/26 15:49:15.814, 22573
2026/09/26 15:49:16.315, 22573
2026/09/26 15:49:16.815, 22573
2026/09/26 15:49:17.315, 22573
2026/09/26 15:49:17.815, 22573
2026/09/26 15:49:18.315, 22573
2026/09/26 15:49:18.815, 22573
2026/09/26 15:49:19.315, 22573
2026/09/26 15:49:19.816, 22573
2026/09/26 15:49:20.316, 22573
2026/09/26 15:49:20.816, 22573
2026/09/26 15:49:21.316, 22573
2026/09/26 15:49:21.816, 22573
2026/09/26 15:49:22.316, 22573
2026/09/26 15:49:22.817, 22573
2026/09/26 15:49:23.317, 22573
2026/09/26 15:49:23.817, 22573
2026/09/26 15:49:24.317, 22573
2026/09/26 15:49:24.817, 22573
2026/09/26 15:49:25.317, 22573
2026/09/26 15:49:25.817, 22573
2026/09/26 15:49:26.318, 22573
2026/09/26 15:49:26.818, 22573
2026/09/26 15:49:27.318, 22573
2026/09/26 15:49:27.818, 22573
2026/09/26 15:49:28.318, 22573
2026/09/26 15:49:28.818, 22573
2026/09/26 15:49:29.319, 22573
2026/09/26 15:49:29.819, 22573
2026/09/26 15:49:30.319, 22573
2026/09/26 15:49:30.819, 22573
2026/09/26 15:49:31.320, 22573
2026/09/26 15:49:31.820, 22573
2026/09/26 15:49:32.320, 22573
2026/09/26 15:49:32.820, 22573
2026/09/26 15:49:33.320, 22573
2026/09/26 15:49:33.821, 22573
2026/09/26 15:49:34.321, 22573
2026/09/26 15:49:34.821, 22573
2026/09/26 15:49:35.321, 22573
2026/09/26 15:49:35.821, 22573
2026/09/26 15:49:36.321, 22573
2026/09/26 15:49:36.821, 22573
2026/09/26 15:49:37.322, 22573
2026/09/26 15:49:37.822, 22573
2026/09/26 15:49:38.322, 22573
2026/09/26 15:49:38.822, 22573
2026/09/26 15:49:39.322, 22573
2026/09/26 15:49:39.822, 22573
2026/09/26 15:49:40.323, 22573
2026/09/26 15:49:40.823, 22573
2026/09/26 15:49:41.323, 22573
2026/09/26 15:49:41.823, 22573
2026/09/26 15:49:42.323, 22573
2026/09/26 15:49:42.823, 22573
2026/09/26 15:49:43.323, 22573
2026/09/26 15:49:43.824, 22573
2026/09/26 15:49:44.324, 22573
2026/09/26 15:49:44.824, 22573
2026/09/26 15:49:45.324, 22573
2026/09/26 15:49:45.824, 22573
2026/09/26 15:49:46.324, 22573
2026/09/26 15:49:46.825, 22573
2026/09/26 15:49:47.325, 22573
2026/09/26 15:49:47.825, 22573
2026/09/26 15:49:48.325, 22573
2026/09/26 15:49:48.849, 22573
2026/09/26 15:49:49.349, 22573
2026/09/26 15:49:49.850, 22573
2026/09/26 15:49:50.350, 22573
2026/09/26 15:49:50.850, 22573
2026/09/26 15:49:51.350, 22573
2026/09/26 15:49:51.850, 22573
2026/09/26 15:49:52.350, 22573
2026/09/26 15:49:52.850, 22573
2026/09/26 15:49:53.351, 22573
2026/09/26 15:49:53.851, 22573
2026/09/26 15:49:54.351, 22573
2026/09/26 15:49:54.851, 22573
2026/09/26 15:49:55.351, 22573
2026/09/26 15:49:55.851, 22573
2026/09/26 15:49:56.351, 22573
2026/09/26 15:49:56.852, 22573
2026/09/26 15:49:57.352, 22573
2026/09/26 15:49:57.852, 22573
2026/09/26 15:49:58.352, 22573
2026/09/26 15:49:58.852, 22573
2026/09/26 15:49:59.352, 22573
2026/09/26 15:49:59.852, 22573
2026/09/26 15:50:00.353, 22573
2026/09/26 15:50:00.853, 22573
2026/09/26 15:50:01.353, 22573
2026/09/26 15:50:01.853, 22573
2026/09/26 15:50:02.353, 22573
2026/09/26 15:50:02.853, 22573
2026/09/26 15:50:03.353, 22573
2026/09/26 15:50:03.853, 22573
2026/09/26 15:50:04.354, 22573
2026/09/26 15:50:04.854, 22573
2026/09/26 15:50:05.354, 22573
2026/09/26 15:50:05.854, 22573
2026/09/26 15:50:06.354, 22573
2026/09/26 15:50:06.855, 22573
2026/09/26 15:50:07.355, 22573
2026/09/26 15:50:07.855, 22573
2026/09/26 15:50:08.355, 22573
2026/09/26 15:50:08.855, 22573
2026/09/26 15:50:09.355, 22573
2026/09/26 15:50:09.855, 22573
2026/09/26 15:50:10.356, 22573
2026/09/26 15:50:10.856, 22573
2026/09/26 15:50:11.356, 22573
2026/09/26 15:50:11.856, 22573
2026/09/26 15:50:12.356, 22573
2026/09/26 15:50:12.856, 22573
2026/09/26 15:50:13.357, 22573
2026/09/26 15:50:13.857, 22573
2026/09/26 15:50:14.357, 22573
2026/09/26 15:50:14.857, 22573
2026/09/26 15:50:15.357, 22573
2026/09/26 15:50:15.857, 22573
2026/09/26 15:50:16.357, 22573
2026/09/26 15:50:16.858, 22573
2026/09/26 15:50:17.358, 22573
2026/09/26 15:50:17.858, 22573
2026/09/26 15:50:18.358, 22573
2026/09/26 15:50:18.858, 22573
2026/09/26 15:50:19.358, 22573
2026/09/26 15:50:19.859, 22573
2026/09/26 15:50:20.359, 22573
2026/09/26 15:50:20.859, 22573
2026/09/26 15:50:21.359, 22573
2026/09/26 15:50:21.859, 22573
2026/09/26 15:50:22.359, 22573
2026/09/26 15:50:22.859, 22573
2026/09/26 15:50:23.360, 22573
2026/09/26 15:50:23.860, 22573
2026/09/26 15:50:24.360, 22573
2026/09/26 15:50:24.860, 22573
2026/09/26 15:50:25.360, 22573
2026/09/26 15:50:25.860, 22573
2026/09/26 15:50:26.361, 22573
2026/09/26 15:50:26.861, 22573
2026/09/26 15:50:27.361, 22573
2026/09/26 15:50:27.861, 22573
2026/09/26 15:50:28.361, 22573
2026/09/26 15:50:28.861, 22573
2026/09/26 15:50:29.362, 22573
2026/09/26 15:50:29.862, 22573
2026/09/26 15:50:30.362, 22573
2026/09/26 15:50:30.862, 22573
2026/09/26 15:50:31.362, 22573
2026/09/26 15:50:31.862, 22573
2026/09/26 15:50:32.362, 22573
2026/09/26 15:50:32.863, 22573
2026/09/26 15:50:33.363, 22573
2026/09/26 15:50:33.863, 22573
2026/09/26 15:50:34.363, 22573
2026/09/26 15:50:34.863, 22573
2026/09/26 15:50:35.363, 22573
2026/09/26 15:50:35.863, 22573
2026/09/26 15:50:36.364, 22573
2026/09/26 15:50:36.864, 22573
2026/09/26 15:50:37.364, 22573
2026/09/26 15:50:37.864, 22573
2026/09/26 15:50:38.364, 22573
2026/09/26 15:50:38.864, 22573
2026/09/26 15:50:39.365, 22573
2026/09/26 15:50:39.865, 22573
2026/09/26 15:50:40.365, 22573
2026/09/26 15:50:40.865, 22573
2026/09/26 15:50:41.365, 22573
2026/09/26 15:50:41.865, 22573
2026/09/26 15:50:42.366, 22573
2026/09/26 15:50:42.866, 22573
2026/09/26 15:50:43.366, 22573
2026/09/26 15:50:43.866, 22573
2026/09/26 15:50:44.366, 22573
2026/09/26 15:50:44.866, 22573
2026/09/26 15:50:45.367, 22573
2026/09/26 15:50:45.867, 22573
2026/09/26 15:50:46.367, 22573
2026/09/26 15:50:46.867, 22573
2026/09/26 15:50:47.367, 22573
2026/09/26 15:50:47.867, 22573
2026/09/26 15:50:48.367, 22573
2026/09/26 15:50:48.868, 22573
2026/09/26 15:50:49.368, 22573
2026/09/26 15:50:49.868, 22573
2026/09/26 15:50:50.368, 22573
2026/09/26 15:50:50.868, 22573
2026/09/26 15:50:51.368, 22573
2026/09/26 15:50:51.868, 22573
2026/09/26 15:50:52.369, 22573
2026/09/26 15:50:52.869, 22573
2026/09/26 15:50:53.369, 22573
2026/09/26 15:50:53.869, 22573
2026/09/26 15:50:54.369, 22573
2026/09/26 15:50:54.869, 22573
2026/09/26 15:50:55.370, 22573
2026/09/26 15:50:55.870, 22573
2026/09/26 15:50:56.370, 22573
2026/09/26 15:50:56.870, 22573
2026/09/26 15:50:57.370, 22573
2026/09/26 15:50:57.870, 22573
2026/09/26 15:50:58.370, 22573
2026/09/26 15:50:58.871, 22573
2026/09/26 15:50:59.371, 22573
2026/09/26 15:50:59.871, 22573
2026/09/26 15:51:00.371, 22573
2026/09/26 15:51:00.871, 22573
2026/09/26 15:51:01.371, 22573
2026/09/26 15:51:01.872, 22573
2026/09/26 15:51:02.372, 22573
2026/09/26 15:51:02.872, 22573
2026/09/26 15:51:03.372, 22573
2026/09/26 15:51:03.872, 22573
2026/09/26 15:51:04.372, 22573
2026/09/26 15:51:04.873, 22573
2026/09/26 15:51:05.373, 22573
2026/09/26 15:51:05.873, 22573
2026/09/26 15:51:06.373, 22573
2026/09/26 15:51:06.873, 22573
2026/09/26 15:51:07.373, 22573
2026/09/26 15:51:07.873, 22573
2026/09/26 15:51:08.374, 22573
2026/09/26 15:51:08.874, 22573
2026/09/26 15:51:09.374, 22573
2026/09/26 15:51:09.874, 22573
2026/09/26 15:51:10.374, 22573
2026/09/26 15:51:10.874, 22573
2026/09/26 15:51:11.374, 22573
2026/09/26 15:51:11.875, 22573
2026/09/26 15:51:12.375, 22573
2026/09/26 15:51:12.875, 22573
2026/09/26 15:51:13.375, 22573
2026/09/26 15:51:13.875, 22573
2026/09/26 15:51:14.375, 22573
2026/09/26 15:51:14.876, 22573
2026/09/26 15:51:15.376, 22573
2026/09/26 15:51:15.876, 22573
2026/09/26 15:51:16.376, 22573
2026/09/26 15:51:16.876, 22573
2026/09/26 15:51:17.376, 22573
2026/09/26 15:51:17.876, 22573
2026/09/26 15:51:18.377, 22573
2026/09/26 15:51:18.877, 22573
2026/09/26 15:51:19.377, 22573
2026/09/26 15:51:19.877, 22573
2026/09/26 15:51:20.377, 22573
2026/09/26 15:51:20.877, 22573
2026/09/26 15:51:21.377, 22573
2026/09/26 15:51:21.878, 22573
2026/09/26 15:51:22.378, 22573
2026/09/26 15:51:22.878, 22573
2026/09/26 15:51:23.378, 22573
2026/09/26 15:51:23.878, 22573
2026/09/26 15:51:24.378, 22573
2026/09/26 15:51:24.878, 22573
2026/09/26 15:51:25.379, 22573
2026/09/26 15:51:25.879, 22573
2026/09/26 15:51:26.379, 22573
2026/09/26 15:51:26.879, 22573
2026/09/26 15:51:27.379, 22573
2026/09/26 15:51:27.879, 22573
2026/09/26 15:51:28.380, 22573
2026/09/26 15:51:28.880, 22573
2026/09/26 15:51:29.380, 22573
2026/09/26 15:51:29.880, 22573
2026/09/26 15:51:30.380, 22573
2026/09/26 15:51:30.880, 22573
2026/09/26 15:51:31.380, 22573
2026/09/26 15:51:31.881, 22573
2026/09/26 15:51:32.381, 22573
2026/09/26 15:51:32.881, 22573
2026/09/26 15:51:33.381, 22573
2026/09/26 15:51:33.881, 22573
2026/09/26 15:51:34.381, 22573
2026/09/26 15:51:34.882, 22573
2026/09/26 15:51:35.382, 22573
2026/09/26 15:51:35.882, 22573
2026/09/26 15:51:36.382, 22573
2026/09/26 15:51:36.882, 22573
2026/09/26 15:51:37.382, 22573
2026/09/26 15:51:37.883, 22573
2026/09/26 15:51:38.383, 22573
2026/09/26 15:51:38.883, 22573
2026/09/26 15:51:39.383, 22573
2026/09/26 15:51:39.883, 22573
2026/09/26 15:51:40.383, 22573
2026/09/26 15:51:40.884, 22573
2026/09/26 15:51:41.384, 22573
2026/09/26 15:51:41.884, 22573
2026/09/26 15:51:42.384, 22573
2026/09/26 15:51:42.884, 22573
2026/09/26 15:51:43.384, 22573
2026/09/26 15:51:43.885, 22573
2026/09/26 15:51:44.385, 22573
2026/09/26 15:51:44.885, 22573
2026/09/26 15:51:45.385, 22573
2026/09/26 15:51:45.885, 22573
2026/09/26 15:51:46.385, 22573
2026/09/26 15:51:46.885, 22573
2026/09/26 15:51:47.386, 22573
2026/09/26 15:51:47.886, 22573
2026/09/26 15:51:48.386, 22573
2026/09/26 15:51:48.886, 22573
2026/09/26 15:51:49.386, 22573
2026/09/26 15:51:49.886, 22573
2026/09/26 15:51:50.387, 22573
2026/09/26 15:51:50.887, 22573
2026/09/26 15:51:51.387, 22573
2026/09/26 15:51:51.887, 22573
2026/09/26 15:51:52.387, 22573
2026/09/26 15:51:52.887, 22573
2026/09/26 15:51:53.387, 22573
2026/09/26 15:51:53.888, 22573
2026/09/26 15:51:54.388, 22573
2026/09/26 15:51:54.888, 22573
2026/09/26 15:51:55.388, 22573
2026/09/26 15:51:55.888, 22573
2026/09/26 15:51:56.388, 22573
2026/09/26 15:51:56.889, 22573
2026/09/26 15:51:57.389, 22573
2026/09/26 15:51:57.889, 22573
2026/09/26 15:51:58.389, 22573
2026/09/26 15:51:58.889, 22573
2026/09/26 15:51:59.389, 22573
2026/09/26 15:51:59.889, 22573
2026/09/26 15:52:00.390, 22573
2026/09/26 15:52:00.890, 22573
2026/09/26 15:52:01.390, 22573
2026/09/26 15:52:01.890, 22573
2026/09/26 15:52:02.390, 22573
2026/09/26 15:52:02.890, 22573
2026/09/26 15:52:03.391, 22573
2026/09/26 15:52:03.891, 22573
2026/09/26 15:52:04.391, 22573
2026/09/26 15:52:04.891, 22573
2026/09/26 15:52:05.391, 22573
2026/09/26 15:52:05.892, 22573
2026/09/26 15:52:06.392, 22573
2026/09/26 15:52:06.892, 22573
2026/09/26 15:52:07.392, 22573
2026/09/26 15:52:07.892, 22573
2026/09/26 15:52:08.392, 22573
2026/09/26 15:52:08.892, 22573
2026/09/26 15:52:09.393, 22573
2026/09/26 15:52:09.893, 22573
2026/09/26 15:52:10.393, 22573
2026/09/26 15:52:10.893, 22573
2026/09/26 15:52:11.393, 22573
2026/09/26 15:52:11.893, 22573
2026/09/26 15:52:12.394, 22573
2026/09/26 15:52:12.894, 22573
2026/09/26 15:52:13.394, 22573
2026/09/26 15:52:13.894, 22573
2026/09/26 15:52:14.394, 22573
2026/09/26 15:52:14.894, 22573
2026/09/26 15:52:15.394, 22573
2026/09/26 15:52:15.895, 22573
2026/09/26 15:52:16.395, 22573
2026/09/26 15:52:16.895, 22573
2026/09/26 15:52:17.395, 22573
2026/09/26 15:52:17.895, 22573
2026/09/26 15:52:18.395, 22573
2026/09/26 15:52:18.895, 22573
2026/09/26 15:52:19.396, 22573
2026/09/26 15:52:19.896, 22573
2026/09/26 15:52:20.396, 22573
2026/09/26 15:52:20.896, 22573
2026/09/26 15:52:21.396, 22573
2026/09/26 15:52:21.896, 22573
2026/09/26 15:52:22.396, 22573
2026/09/26 15:52:22.897, 22573
2026/09/26 15:52:23.397, 22573
2026/09/26 15:52:23.897, 22573
2026/09/26 15:52:24.397, 22573
2026/09/26 15:52:24.897, 22573
2026/09/26 15:52:25.397, 22573
2026/09/26 15:52:25.898, 22573
2026/09/26 15:52:26.398, 22573
2026/09/26 15:52:26.898, 22573
2026/09/26 15:52:27.398, 22573
2026/09/26 15:52:27.898, 22573
2026/09/26 15:52:28.398, 22573
2026/09/26 15:52:28.898, 22573
2026/09/26 15:52:29.399, 22573
2026/09/26 15:52:29.899, 22573
2026/09/26 15:52:30.399, 22573
2026/09/26 15:52:30.899, 22573
2026/09/26 15:52:31.399, 22573
2026/09/26 15:52:31.899, 22573
2026/09/26 15:52:32.399, 22573
2026/09/26 15:52:32.900, 22573
2026/09/26 15:52:33.400, 22573
2026/09/26 15:52:33.900, 22573
2026/09/26 15:52:34.400, 22573
2026/09/26 15:52:34.900, 22573
2026/09/26 15:52:35.400, 22573
2026/09/26 15:52:35.901, 22573
2026/09/26 15:52:36.401, 22573
2026/09/26 15:52:36.901, 22573
2026/09/26 15:52:37.401, 22573
2026/09/26 15:52:37.901, 22573
2026/09/26 15:52:38.401, 22573
2026/09/26 15:52:38.902, 22573
2026/09/26 15:52:39.402, 22573
2026/09/26 15:52:39.902, 22573
2026/09/26 15:52:40.402, 22573
2026/09/26 15:52:40.902, 22573
2026/09/26 15:52:41.402, 22573
2026/09/26 15:52:41.903, 22573
2026/09/26 15:52:42.403, 22573
2026/09/26 15:52:42.903, 22573
2026/09/26 15:52:43.403, 22573
2026/09/26 15:52:43.903, 22573
2026/09/26 15:52:44.403, 22573
2026/09/26 15:52:44.904, 22573
2026/09/26 15:52:45.405, 22573
2026/09/26 15:52:45.905, 22573
2026/09/26 15:52:46.405, 22573
2026/09/26 15:52:46.905, 22573
2026/09/26 15:52:47.405, 22573
2026/09/26 15:52:47.905, 22573
2026/09/26 15:52:48.406, 22573
2026/09/26 15:52:48.906, 22573
2026/09/26 15:52:49.406, 22573
2026/09/26 15:52:49.906, 22573
2026/09/26 15:52:50.406, 22573
2026/09/26 15:52:50.906, 22573
2026/09/26 15:52:51.406, 22573
2026/09/26 15:52:51.906, 22573
2026/09/26 15:52:52.407, 22573
2026/09/26 15:52:52.907, 22573
2026/09/26 15:52:53.407, 22573
2026/09/26 15:52:53.907, 22573
2026/09/26 15:52:54.407, 22573
2026/09/26 15:52:54.907, 22573
2026/09/26 15:52:55.407, 22573
2026/09/26 15:52:55.907, 22573
2026/09/26 15:52:56.408, 22573
2026/09/26 15:52:56.908, 22573
2026/09/26 15:52:57.408, 22573
2026/09/26 15:52:57.908, 22573
2026/09/26 15:52:58.408, 22573
2026/09/26 15:52:58.908, 22573
2026/09/26 15:52:59.408, 22573
2026/09/26 15:52:59.908, 22573
2026/09/26 15:53:00.409, 22573
2026/09/26 15:53:00.909, 22573
2026/09/26 15:53:01.409, 22573
2026/09/26 15:53:01.909, 22573
2026/09/26 15:53:02.409, 22573
2026/09/26 15:53:02.909, 22573
2026/09/26 15:53:03.409, 22573
2026/09/26 15:53:03.909, 22573
2026/09/26 15:53:04.409, 22573
2026/09/26 15:53:04.910, 22573
2026/09/26 15:53:05.410, 22573
2026/09/26 15:53:05.910, 22573
2026/09/26 15:53:06.410, 22573
2026/09/26 15:53:06.910, 22573
2026/09/26 15:53:07.410, 22573
2026/09/26 15:53:07.910, 22573
2026/09/26 15:53:08.410, 22573
2026/09/26 15:53:08.911, 22573
2026/09/26 15:53:09.411, 22573
2026/09/26 15:53:09.911, 22573
2026/09/26 15:53:10.411, 22573
2026/09/26 15:53:10.911, 22573
2026/09/26 15:53:11.411, 22573
2026/09/26 15:53:11.911, 22573
2026/09/26 15:53:12.411, 22573
2026/09/26 15:53:12.911, 22573
2026/09/26 15:53:13.411, 22573
2026/09/26 15:53:13.912, 22573
2026/09/26 15:53:14.412, 22573
2026/09/26 15:53:14.912, 22573
2026/09/26 15:53:15.412, 22573
2026/09/26 15:53:15.912, 22573
2026/09/26 15:53:16.412, 22573
2026/09/26 15:53:16.912, 22573
2026/09/26 15:53:17.412, 22573
2026/09/26 15:53:17.912, 22573
2026/09/26 15:53:18.413, 22573
2026/09/26 15:53:18.913, 22573
2026/09/26 15:53:19.413, 22573
2026/09/26 15:53:19.913, 22573
2026/09/26 15:53:20.413, 22573
2026/09/26 15:53:20.913, 22573
2026/09/26 15:53:21.413, 22573
2026/09/26 15:53:21.913, 22573
2026/09/26 15:53:22.413, 22573
2026/09/26 15:53:22.913, 22573
2026/09/26 15:53:23.414, 22573
2026/09/26 15:53:23.914, 22573
2026/09/26 15:53:24.414, 22573
2026/09/26 15:53:24.914, 22573
2026/09/26 15:53:25.414, 22573
2026/09/26 15:53:25.914, 22573
2026/09/26 15:53:26.414, 22573
2026/09/26 15:53:26.914, 22573
2026/09/26 15:53:27.414, 22573
2026/09/26 15:53:27.915, 22573
2026/09/26 15:53:28.415, 22573
2026/09/26 15:53:28.915, 22573
2026/09/26 15:53:29.415, 22573
2026/09/26 15:53:29.915, 22573
2026/09/26 15:53:30.415, 22573
2026/09/26 15:53:30.915, 22573
2026/09/26 15:53:31.415, 22573
2026/09/26 15:53:31.915, 22573
2026/09/26 15:53:32.416, 22573
2026/09/26 15:53:32.916, 22573
2026/09/26 15:53:33.416, 22573
2026/09/26 15:53:33.916, 22573
2026/09/26 15:53:34.416, 22573
2026/09/26 15:53:34.916, 22573
2026/09/26 15:53:35.417, 22573
2026/09/26 15:53:35.917, 22573
2026/09/26 15:53:36.417, 22573
2026/09/26 15:53:36.917, 22573
2026/09/26 15:53:37.417, 22573
2026/09/26 15:53:37.917, 22573
2026/09/26 15:53:38.417, 22573
2026/09/26 15:53:38.917, 22573
2026/09/26 15:53:39.417, 22573
2026/09/26 15:53:39.918, 22573
2026/09/26 15:53:40.418, 22573
2026/09/26 15:53:40.918, 22573
2026/09/26 15:53:41.418, 22573
2026/09/26 15:53:41.919, 22573
2026/09/26 15:53:42.419, 22573
2026/09/26 15:53:42.919, 22573
2026/09/26 15:53:43.419, 22573
2026/09/26 15:53:43.919, 22573
2026/09/26 15:53:44.419, 22573
2026/09/26 15:53:44.920, 22573
2026/09/26 15:53:45.420, 22573
2026/09/26 15:53:45.920, 22573
2026/09/26 15:53:46.420, 22573
2026/09/26 15:53:46.920, 22573
2026/09/26 15:53:47.420, 22573
2026/09/26 15:53:47.920, 22573
2026/09/26 15:53:48.421, 22573
2026/09/26 15:53:48.921, 22573
2026/09/26 15:53:49.421, 22573
2026/09/26 15:53:49.921, 22573
2026/09/26 15:53:50.421, 22573
2026/09/26 15:53:50.921, 22573
2026/09/26 15:53:51.422, 22573
2026/09/26 15:53:51.922, 22573
2026/09/26 15:53:52.422, 22573
2026/09/26 15:53:52.922, 22573
2026/09/26 15:53:53.422, 22573
2026/09/26 15:53:53.922, 22573
2026/09/26 15:53:54.423, 22573
2026/09/26 15:53:54.923, 22573
2026/09/26 15:53:55.423, 22573
2026/09/26 15:53:55.923, 22573
2026/09/26 15:53:56.423, 22573
2026/09/26 15:53:56.923, 22573
2026/09/26 15:53:57.423, 22573
2026/09/26 15:53:57.924, 22573
2026/09/26 15:53:58.424, 22573
2026/09/26 15:53:58.924, 22573
2026/09/26 15:53:59.424, 22573
2026/09/26 15:53:59.924, 22573
2026/09/26 15:54:00.424, 22573
2026/09/26 15:54:00.925, 22573
2026/09/26 15:54:01.425, 22573
2026/09/26 15:54:01.925, 22573
2026/09/26 15:54:02.425, 22573
2026/09/26 15:54:02.925, 22573
2026/09/26 15:54:03.425, 22573
2026/09/26 15:54:03.926, 22573
2026/09/26 15:54:04.426, 22573
2026/09/26 15:54:04.926, 22573
2026/09/26 15:54:05.426, 22573
2026/09/26 15:54:05.926, 22573
2026/09/26 15:54:06.426, 22573
2026/09/26 15:54:06.926, 22573
2026/09/26 15:54:07.427, 22573
2026/09/26 15:54:07.927, 22573
2026/09/26 15:54:08.427, 22573
2026/09/26 15:54:08.927, 22573
2026/09/26 15:54:09.427, 22573
2026/09/26 15:54:09.927, 22573
2026/09/26 15:54:10.428, 22573
2026/09/26 15:54:10.928, 22573
2026/09/26 15:54:11.428, 22573
2026/09/26 15:54:11.928, 22573
2026/09/26 15:54:12.428, 22573
2026/09/26 15:54:12.928, 22573
2026/09/26 15:54:13.429, 22573
2026/09/26 15:54:13.929, 22573
2026/09/26 15:54:14.429, 22573
2026/09/26 15:54:14.929, 22573
2026/09/26 15:54:15.429, 22573
2026/09/26 15:54:15.929, 22573
2026/09/26 15:54:16.430, 22573
2026/09/26 15:54:16.930, 22573
2026/09/26 15:54:17.430, 22573
2026/09/26 15:54:17.930, 22573
2026/09/26 15:54:18.430, 22573
2026/09/26 15:54:18.930, 22573
2026/09/26 15:54:19.431, 22573
2026/09/26 15:54:19.931, 22573
2026/09/26 15:54:20.431, 22573
2026/09/26 15:54:20.931, 22573
2026/09/26 15:54:21.431, 22573
2026/09/26 15:54:21.931, 22573
2026/09/26 15:54:22.432, 22573
2026/09/26 15:54:22.932, 22573
2026/09/26 15:54:23.432, 22573
2026/09/26 15:54:23.932, 22573
2026/09/26 15:54:24.432, 22573
2026/09/26 15:54:24.932, 22573
2026/09/26 15:54:25.433, 22573
2026/09/26 15:54:25.933, 22573
2026/09/26 15:54:26.433, 22573
2026/09/26 15:54:26.933, 22573
2026/09/26 15:54:27.433, 22573
2026/09/26 15:54:27.933, 22573
2026/09/26 15:54:28.434, 22573
2026/09/26 15:54:28.934, 22573
2026/09/26 15:54:29.434, 22573
2026/09/26 15:54:29.934, 22573
2026/09/26 15:54:30.434, 22573
2026/09/26 15:54:30.934, 22573
2026/09/26 15:54:31.435, 22573
2026/09/26 15:54:31.935, 22573
2026/09/26 15:54:32.435, 22573
2026/09/26 15:54:32.935, 22573
2026/09/26 15:54:33.435, 22573
2026/09/26 15:54:33.935, 22573
2026/09/26 15:54:34.436, 22573
2026/09/26 15:54:34.936, 22573
2026/09/26 15:54:35.436, 22573
2026/09/26 15:54:35.936, 22573
2026/09/26 15:54:36.436, 22573
2026/09/26 15:54:36.936, 22573
2026/09/26 15:54:37.436, 22573
2026/09/26 15:54:37.937, 22573
2026/09/26 15:54:38.437, 22573
2026/09/26 15:54:38.937, 22573
2026/09/26 15:54:39.437, 22573
2026/09/26 15:54:39.937, 22573
2026/09/26 15:54:40.438, 22573
2026/09/26 15:54:40.938, 22573
2026/09/26 15:54:41.438, 22573
2026/09/26 15:54:41.938, 22573
2026/09/26 15:54:42.438, 22573
2026/09/26 15:54:42.938, 22573
2026/09/26 15:54:43.438, 22573
2026/09/26 15:54:43.939, 22573
2026/09/26 15:54:44.439, 22573
2026/09/26 15:54:44.939, 22573
2026/09/26 15:54:45.439, 22573
2026/09/26 15:54:45.939, 22573
2026/09/26 15:54:46.439, 22573
2026/09/26 15:54:46.940, 22573
2026/09/26 15:54:47.440, 22573
2026/09/26 15:54:47.940, 22573
2026/09/26 15:54:48.440, 22573
2026/09/26 15:54:48.940, 22573
2026/09/26 15:54:49.441, 22573
2026/09/26 15:54:49.941, 22573
2026/09/26 15:54:50.441, 22573
2026/09/26 15:54:50.941, 22573
2026/09/26 15:54:51.441, 22573
2026/09/26 15:54:51.941, 22573
2026/09/26 15:54:52.441, 22573
2026/09/26 15:54:52.941, 22573
2026/09/26 15:54:53.442, 22573
2026/09/26 15:54:53.942, 22573
2026/09/26 15:54:54.442, 22573
2026/09/26 15:54:54.942, 22573
2026/09/26 15:54:55.442, 22573
2026/09/26 15:54:55.942, 22573
2026/09/26 15:54:56.442, 22573
2026/09/26 15:54:56.942, 22573
2026/09/26 15:54:57.443, 22573
2026/09/26 15:54:57.943, 22573
2026/09/26 15:54:58.443, 22573
2026/09/26 15:54:58.943, 22573
2026/09/26 15:54:59.443, 22573
2026/09/26 15:54:59.943, 22573
2026/09/26 15:55:00.443, 22573
2026/09/26 15:55:00.943, 22573
2026/09/26 15:55:01.444, 22573
2026/09/26 15:55:01.944, 22573
2026/09/26 15:55:02.444, 22573
2026/09/26 15:55:02.944, 22573
2026/09/26 15:55:03.444, 22573
2026/09/26 15:55:03.944, 22573
2026/09/26 15:55:04.444, 22573
2026/09/26 15:55:04.944, 22573
2026/09/26 15:55:05.445, 22573
2026/09/26 15:55:05.945, 22573
2026/09/26 15:55:06.445, 22573
2026/09/26 15:55:06.945, 22573
2026/09/26 15:55:07.445, 22573
2026/09/26 15:55:07.945, 22573
2026/09/26 15:55:08.445, 22573
2026/09/26 15:55:08.945, 22573
2026/09/26 15:55:09.446, 22573
2026/09/26 15:55:09.946, 22573
2026/09/26 15:55:10.446, 22573
2026/09/26 15:55:10.946, 22573
2026/09/26 15:55:11.446, 22573
2026/09/26 15:55:11.946, 22573
2026/09/26 15:55:12.446, 22573
2026/09/26 15:55:12.946, 22573
2026/09/26 15:55:13.447, 22573
2026/09/26 15:55:13.947, 22573
2026/09/26 15:55:14.447, 22573
2026/09/26 15:55:14.947, 22573
2026/09/26 15:55:15.447, 22573
2026/09/26 15:55:15.947, 22573
2026/09/26 15:55:16.447, 22573
2026/09/26 15:55:16.947, 22573
2026/09/26 15:55:17.448, 22573
2026/09/26 15:55:17.948, 22573
2026/09/26 15:55:18.448, 22573
2026/09/26 15:55:18.948, 22573
2026/09/26 15:55:19.448, 22573
2026/09/26 15:55:19.948, 22573
2026/09/26 15:55:20.448, 22573
2026/09/26 15:55:20.949, 22573
2026/09/26 15:55:21.449, 22573
2026/09/26 15:55:21.949, 22573
2026/09/26 15:55:22.449, 22573
2026/09/26 15:55:22.949, 22573
2026/09/26 15:55:23.449, 22573
2026/09/26 15:55:23.949, 22573
2026/09/26 15:55:24.450, 22573
2026/09/26 15:55:24.950, 22573
2026/09/26 15:55:25.450, 22573
2026/09/26 15:55:25.950, 22573
2026/09/26 15:55:26.450, 22573
2026/09/26 15:55:26.950, 22573
2026/09/26 15:55:27.450, 22573
2026/09/26 15:55:27.951, 22573
2026/09/26 15:55:28.451, 22573
2026/09/26 15:55:28.951, 22573
2026/09/26 15:55:29.451, 22573
2026/09/26 15:55:29.951, 22573
2026/09/26 15:55:30.451, 22573
2026/09/26 15:55:30.951, 22573
2026/09/26 15:55:31.451, 22573
2026/09/26 15:55:31.952, 22573
2026/09/26 15:55:32.452, 22573
2026/09/26 15:55:32.952, 22573
2026/09/26 15:55:33.452, 22573
2026/09/26 15:55:33.952, 22573
2026/09/26 15:55:34.452, 22573
2026/09/26 15:55:34.952, 22573
2026/09/26 15:55:35.453, 22573
2026/09/26 15:55:35.953, 22573
2026/09/26 15:55:36.453, 22573
2026/09/26 15:55:36.953, 22573
2026/09/26 15:55:37.453, 22573
2026/09/26 15:55:37.953, 22573
2026/09/26 15:55:38.453, 22573
2026/09/26 15:55:38.954, 22573
2026/09/26 15:55:39.454, 22573
2026/09/26 15:55:39.954, 22573
2026/09/26 15:55:40.454, 22573
2026/09/26 15:55:40.954, 22573
2026/09/26 15:55:41.455, 22573
2026/09/26 15:55:41.955, 22573
2026/09/26 15:55:42.455, 22573
2026/09/26 15:55:42.955, 22573
2026/09/26 15:55:43.455, 22573
2026/09/26 15:55:43.955, 22573
2026/09/26 15:55:44.456, 22573
2026/09/26 15:55:44.956, 22573
2026/09/26 15:55:45.456, 22573
2026/09/26 15:55:45.956, 22573
2026/09/26 15:55:46.456, 22573
2026/09/26 15:55:46.956, 22573
2026/09/26 15:55:47.456, 22573
2026/09/26 15:55:47.957, 22573
2026/09/26 15:55:48.457, 22573
2026/09/26 15:55:48.957, 22573
2026/09/26 15:55:49.457, 22573
2026/09/26 15:55:49.957, 22573
2026/09/26 15:55:50.457, 22573
2026/09/26 15:55:50.958, 22573
2026/09/26 15:55:51.458, 22573
2026/09/26 15:55:51.958, 22573
2026/09/26 15:55:52.458, 22573
2026/09/26 15:55:52.958, 22573
2026/09/26 15:55:53.458, 22573
2026/09/26 15:55:53.958, 22573
2026/09/26 15:55:54.459, 22573
2026/09/26 15:55:54.959, 22573
2026/09/26 15:55:55.459, 22573
2026/09/26 15:55:55.959, 22573
2026/09/26 15:55:56.459, 22573
2026/09/26 15:55:56.959, 22573
2026/09/26 15:55:57.460, 22573
2026/09/26 15:55:57.960, 22573
2026/09/26 15:55:58.460, 22573
2026/09/26 15:55:58.960, 22573
2026/09/26 15:55:59.460, 22573
2026/09/26 15:55:59.960, 22573
2026/09/26 15:56:00.460, 22573
2026/09/26 15:56:00.961, 22573
2026/09/26 15:56:01.461, 22573
2026/09/26 15:56:01.961, 22573
2026/09/26 15:56:02.461, 22573
2026/09/26 15:56:02.961, 22573
2026/09/26 15:56:03.461, 22573
2026/09/26 15:56:03.961, 22573
2026/09/26 15:56:04.462, 22573
2026/09/26 15:56:04.962, 22573
2026/09/26 15:56:05.462, 22573
2026/09/26 15:56:05.962, 22573
2026/09/26 15:56:06.462, 22573
2026/09/26 15:56:06.962, 22573
2026/09/26 15:56:07.462, 22573
2026/09/26 15:56:07.962, 22573
2026/09/26 15:56:08.463, 22573
2026/09/26 15:56:08.963, 22573
2026/09/26 15:56:09.463, 22573
2026/09/26 15:56:09.963, 22573
2026/09/26 15:56:10.463, 22573
2026/09/26 15:56:10.963, 22573
2026/09/26 15:56:11.463, 22573
2026/09/26 15:56:11.963, 22573
2026/09/26 15:56:12.464, 22573
2026/09/26 15:56:12.964, 22573
2026/09/26 15:56:13.464, 22573
2026/09/26 15:56:13.964, 22573
2026/09/26 15:56:14.464, 22573
2026/09/26 15:56:14.964, 22573
2026/09/26 15:56:15.464, 22573
2026/09/26 15:56:15.965, 22573
2026/09/26 15:56:16.465, 22573
2026/09/26 15:56:16.965, 22573
2026/09/26 15:56:17.465, 22573
2026/09/26 15:56:17.965, 22573
2026/09/26 15:56:18.465, 22573
2026/09/26 15:56:18.965, 22573
2026/09/26 15:56:19.466, 22573
2026/09/26 15:56:19.966, 22573
2026/09/26 15:56:20.466, 22573
2026/09/26 15:56:20.966, 22573
2026/09/26 15:56:21.466, 22573
2026/09/26 15:56:21.966, 22573
2026/09/26 15:56:22.466, 22573
2026/09/26 15:56:22.967, 22573
2026/09/26 15:56:23.468, 22573
2026/09/26 15:56:23.968, 22573
2026/09/26 15:56:24.468, 22573
2026/09/26 15:56:24.968, 22573
2026/09/26 15:56:25.468, 22573
2026/09/26 15:56:25.968, 22573
2026/09/26 15:56:26.469, 22573
2026/09/26 15:56:26.969, 22573
2026/09/26 15:56:27.469, 22573
2026/09/26 15:56:27.969, 22573
2026/09/26 15:56:28.469, 22573
2026/09/26 15:56:28.970, 22573
2026/09/26 15:56:29.470, 22573
2026/09/26 15:56:29.970, 22573
2026/09/26 15:56:30.470, 22573
2026/09/26 15:56:30.970, 22573
2026/09/26 15:56:31.470, 22573
2026/09/26 15:56:31.970, 22573
2026/09/26 15:56:32.471, 22573
2026/09/26 15:56:32.971, 22573
2026/09/26 15:56:33.471, 22573
2026/09/26 15:56:33.971, 22573
2026/09/26 15:56:34.471, 22573
2026/09/26 15:56:34.971, 22573
2026/09/26 15:56:35.472, 22573
2026/09/26 15:56:35.972, 22573
2026/09/26 15:56:36.472, 22573
2026/09/26 15:56:36.972, 22573
2026/09/26 15:56:37.472, 22573
2026/09/26 15:56:37.972, 22573
2026/09/26 15:56:38.472, 22573
2026/09/26 15:56:38.973, 22573
2026/09/26 15:56:39.473, 22573
2026/09/26 15:56:39.973, 22573
2026/09/26 15:56:40.473, 22573
2026/09/26 15:56:40.973, 22573
2026/09/26 15:56:41.473, 22573
2026/09/26 15:56:41.973, 22573
2026/09/26 15:56:42.474, 22573
2026/09/26 15:56:42.974, 22573
2026/09/26 15:56:43.474, 22573
2026/09/26 15:56:43.974, 22573
2026/09/26 15:56:44.474, 22573
2026/09/26 15:56:44.974, 22573
2026/09/26 15:56:45.474, 22573
2026/09/26 15:56:45.975, 22573
2026/09/26 15:56:46.475, 22573
2026/09/26 15:56:46.975, 22573
2026/09/26 15:56:47.475, 22573
2026/09/26 15:56:47.975, 22573
2026/09/26 15:56:48.475, 22573
2026/09/26 15:56:48.975, 22573
2026/09/26 15:56:49.476, 22573
2026/09/26 15:56:49.976, 22573
2026/09/26 15:56:50.476, 22573
2026/09/26 15:56:50.976, 22573
2026/09/26 15:56:51.476, 22573
2026/09/26 15:56:51.977, 22573
2026/09/26 15:56:52.477, 22573
2026/09/26 15:56:52.977, 22573
2026/09/26 15:56:53.477, 22573
2026/09/26 15:56:53.977, 22573
2026/09/26 15:56:54.477, 22573
2026/09/26 15:56:54.978, 22573
2026/09/26 15:56:55.480, 22573
2026/09/26 15:56:55.980, 22573
2026/09/26 15:56:56.481, 22573
2026/09/26 15:56:56.981, 22573
2026/09/26 15:56:57.481, 22573
2026/09/26 15:56:57.981, 22573
2026/09/26 15:56:58.481, 22573
2026/09/26 15:56:58.981, 22573
2026/09/26 15:56:59.482, 22573
2026/09/26 15:56:59.982, 22573
2026/09/26 15:57:00.482, 22573
2026/09/26 15:57:00.982, 22573
2026/09/26 15:57:01.482, 22573
2026/09/26 15:57:01.982, 22573
2026/09/26 15:57:02.482, 22573
2026/09/26 15:57:02.983, 22573
2026/09/26 15:57:03.483, 22573
2026/09/26 15:57:03.983, 22573
2026/09/26 15:57:04.483, 22573
2026/09/26 15:57:04.983, 22573
2026/09/26 15:57:05.483, 22573
2026/09/26 15:57:05.983, 22573
2026/09/26 15:57:06.484, 22573
2026/09/26 15:57:06.984, 22573
2026/09/26 15:57:07.484, 22573
2026/09/26 15:57:07.984, 22573
2026/09/26 15:57:08.484, 22573
2026/09/26 15:57:08.984, 22573
2026/09/26 15:57:09.484, 22573
2026/09/26 15:57:09.985, 22573
2026/09/26 15:57:10.485, 22573
2026/09/26 15:57:10.985, 22573
2026/09/26 15:57:11.485, 22573
2026/09/26 15:57:11.985, 22573
2026/09/26 15:57:12.485, 22573
2026/09/26 15:57:12.986, 22573
2026/09/26 15:57:13.486, 22573
2026/09/26 15:57:13.986, 22573
2026/09/26 15:57:14.486, 22573
2026/09/26 15:57:14.986, 22573
2026/09/26 15:57:15.486, 22573
2026/09/26 15:57:15.986, 22573
2026/09/26 15:57:16.487, 22573
2026/09/26 15:57:16.987, 22573
2026/09/26 15:57:17.487, 22573
2026/09/26 15:57:17.987, 22573
2026/09/26 15:57:18.487, 22573
2026/09/26 15:57:18.987, 22573
2026/09/26 15:57:19.488, 22573
2026/09/26 15:57:19.988, 22573
2026/09/26 15:57:20.488, 22573
2026/09/26 15:57:20.988, 22573
2026/09/26 15:57:21.488, 22573
2026/09/26 15:57:21.988, 22573
2026/09/26 15:57:22.489, 22573
2026/09/26 15:57:22.989, 22573
2026/09/26 15:57:23.489, 22573
2026/09/26 15:57:23.989, 22573
2026/09/26 15:57:24.489, 22573
2026/09/26 15:57:24.989, 22573
2026/09/26 15:57:25.490, 22573
2026/09/26 15:57:25.990, 22573
2026/09/26 15:57:26.490, 22573
2026/09/26 15:57:26.990, 22573
2026/09/26 15:57:27.490, 22573
2026/09/26 15:57:27.990, 22573
2026/09/26 15:57:28.491, 22573
2026/09/26 15:57:28.991, 22573
2026/09/26 15:57:29.491, 22573
2026/09/26 15:57:29.991, 22573
2026/09/26 15:57:30.491, 22573
2026/09/26 15:57:30.991, 22573
2026/09/26 15:57:31.492, 22573
2026/09/26 15:57:31.992, 22573
2026/09/26 15:57:32.492, 22573
2026/09/26 15:57:32.992, 22573
2026/09/26 15:57:33.492, 22573
2026/09/26 15:57:33.992, 22573
2026/09/26 15:57:34.493, 22573
2026/09/26 15:57:34.993, 22573
2026/09/26 15:57:35.493, 22573
2026/09/26 15:57:35.993, 22573
2026/09/26 15:57:36.493, 22573
2026/09/26 15:57:36.993, 22573
2026/09/26 15:57:37.493, 22573
2026/09/26 15:57:37.994, 22573
2026/09/26 15:57:38.494, 22573
2026/09/26 15:57:38.994, 22573
2026/09/26 15:57:39.494, 22573
2026/09/26 15:57:39.994, 22573
2026/09/26 15:57:40.494, 22573
2026/09/26 15:57:40.995, 22573
2026/09/26 15:57:41.495, 22573
2026/09/26 15:57:41.995, 22573
2026/09/26 15:57:42.495, 22573
2026/09/26 15:57:42.995, 22573
2026/09/26 15:57:43.495, 22573
2026/09/26 15:57:43.996, 22573
2026/09/26 15:57:44.496, 22573
2026/09/26 15:57:44.996, 22573
2026/09/26 15:57:45.496, 22573
2026/09/26 15:57:45.996, 22573
2026/09/26 15:57:46.496, 22573
2026/09/26 15:57:46.997, 22573
2026/09/26 15:57:47.497, 22573
2026/09/26 15:57:47.997, 22573
2026/09/26 15:57:48.497, 22573
2026/09/26 15:57:48.997, 22573
2026/09/26 15:57:49.497, 22573
2026/09/26 15:57:49.997, 22573
2026/09/26 15:57:50.498, 22573
2026/09/26 15:57:50.998, 22573
2026/09/26 15:57:51.498, 22573
2026/09/26 15:57:51.998, 22573
2026/09/26 15:57:52.498, 22573
2026/09/26 15:57:52.998, 22573
2026/09/26 15:57:53.499, 22573
2026/09/26 15:57:53.999, 22573
2026/09/26 15:57:54.499, 22573
2026/09/26 15:57:54.999, 22573
2026/09/26 15:57:55.499, 22573
2026/09/26 15:57:55.999, 22573
2026/09/26 15:57:56.499, 22573
2026/09/26 15:57:57.000, 22573
2026/09/26 15:57:57.500, 22573
2026/09/26 15:57:58.000, 22573
2026/09/26 15:57:58.500, 22573
2026/09/26 15:57:59.000, 22573
2026/09/26 15:57:59.500, 22573
2026/09/26 15:58:00.000, 22573
2026/09/26 15:58:00.501, 22573
2026/09/26 15:58:01.001, 22573
2026/09/26 15:58:01.501, 22573
2026/09/26 15:58:02.001, 22573
2026/09/26 15:58:02.501, 22573
2026/09/26 15:58:03.001, 22573
2026/09/26 15:58:03.501, 22573
2026/09/26 15:58:04.002, 22573
2026/09/26 15:58:04.502, 22573
2026/09/26 15:58:05.002, 22573
2026/09/26 15:58:05.502, 22573
2026/09/26 15:58:06.002, 22573
2026/09/26 15:58:06.502, 22573
2026/09/26 15:58:07.003, 22573
2026/09/26 15:58:07.503, 22573
2026/09/26 15:58:08.003, 22573
2026/09/26 15:58:08.503, 22573
2026/09/26 15:58:09.003, 22573
2026/09/26 15:58:09.503, 22573
2026/09/26 15:58:10.003, 22573
2026/09/26 15:58:10.504, 22573
2026/09/26 15:58:11.004, 22573
2026/09/26 15:58:11.504, 22573
2026/09/26 15:58:12.004, 22573
2026/09/26 15:58:12.504, 22573
2026/09/26 15:58:13.004, 22573
2026/09/26 15:58:13.504, 22573
2026/09/26 15:58:14.005, 22573
2026/09/26 15:58:14.505, 22573
2026/09/26 15:58:15.005, 22573
2026/09/26 15:58:15.505, 22573
2026/09/26 15:58:16.005, 22573
2026/09/26 15:58:16.505, 22573
2026/09/26 15:58:17.006, 23353
2026/09/26 15:58:17.506, 22963
2026/09/26 15:58:18.006, 22573
2026/09/26 15:58:18.506, 22573
2026/09/26 15:58:19.006, 22573
2026/09/26 15:58:19.506, 22573
2026/09/26 15:58:20.006, 22573
2026/09/26 15:58:20.507, 22573
2026/09/26 15:58:21.007, 22573
2026/09/26 15:58:21.507, 22573
2026/09/26 15:58:22.007, 22573
2026/09/26 15:58:22.507, 22573
2026/09/26 15:58:23.007, 22573
2026/09/26 15:58:23.507, 22573
2026/09/26 15:58:24.008, 22573
2026/09/26 15:58:24.508, 22573
2026/09/26 15:58:25.008, 22573
2026/09/26 15:58:25.508, 22573
2026/09/26 15:58:26.008, 22573
2026/09/26 15:58:26.508, 22573
2026/09/26 15:58:27.009, 22573
2026/09/26 15:58:27.509, 22573
2026/09/26 15:58:28.009, 22573
2026/09/26 15:58:28.509, 22573
2026/09/26 15:58:29.009, 22573
2026/09/26 15:58:29.509, 22573
2026/09/26 15:58:30.009, 22573
2026/09/26 15:58:30.510, 22573
2026/09/26 15:58:31.010, 22573
2026/09/26 15:58:31.510, 22573
2026/09/26 15:58:32.010, 22573
2026/09/26 15:58:32.510, 22573
2026/09/26 15:58:33.010, 22573
2026/09/26 15:58:33.511, 22573
2026/09/26 15:58:34.011, 22573
2026/09/26 15:58:34.511, 22573
2026/09/26 15:58:35.011, 22573
2026/09/26 15:58:35.511, 22573
2026/09/26 15:58:36.011, 22573
2026/09/26 15:58:36.512, 22573
2026/09/26 15:58:37.012, 22573
2026/09/26 15:58:37.512, 22573
2026/09/26 15:58:38.012, 22573
2026/09/26 15:58:38.512, 22573
2026/09/26 15:58:39.012, 22573
2026/09/26 15:58:39.513, 22573
2026/09/26 15:58:40.013, 22573
2026/09/26 15:58:40.513, 22573
2026/09/26 15:58:41.013, 22573
2026/09/26 15:58:41.513, 22573
2026/09/26 15:58:42.013, 22573
2026/09/26 15:58:42.513, 22573
2026/09/26 15:58:43.014, 22573
2026/09/26 15:58:43.514, 22573
2026/09/26 15:58:44.014, 22573
2026/09/26 15:58:44.514, 22573
2026/09/26 15:58:45.014, 22573
2026/09/26 15:58:45.514, 22573
2026/09/26 15:58:46.015, 22573
2026/09/26 15:58:46.515, 22573
2026/09/26 15:58:47.015, 22573
2026/09/26 15:58:47.515, 22573
2026/09/26 15:58:48.015, 22573
2026/09/26 15:58:48.515, 22573
2026/09/26 15:58:49.015, 22573
2026/09/26 15:58:49.516, 22573
2026/09/26 15:58:50.016, 22573
2026/09/26 15:58:50.516, 22573
2026/09/26 15:58:51.016, 22573
2026/09/26 15:58:51.516, 22573
2026/09/26 15:58:52.016, 22573
2026/09/26 15:58:52.516, 22573
2026/09/26 15:58:53.017, 22573
2026/09/26 15:58:53.517, 22573
2026/09/26 15:58:54.017, 22573
2026/09/26 15:58:54.517, 22573
2026/09/26 15:58:55.017, 22573
2026/09/26 15:58:55.517, 22573
2026/09/26 15:58:56.018, 22573
2026/09/26 15:58:56.518, 22573
2026/09/26 15:58:57.018, 22573
2026/09/26 15:58:57.518, 22573
2026/09/26 15:58:58.018, 22573
2026/09/26 15:58:58.518, 22573
2026/09/26 15:58:59.018, 22573
2026/09/26 15:58:59.519, 22573
2026/09/26 15:59:00.019, 22573
2026/09/26 15:59:00.519, 22573
2026/09/26 15:59:01.019, 22573
2026/09/26 15:59:01.519, 22573
2026/09/26 15:59:02.019, 22573
2026/09/26 15:59:02.519, 22573
2026/09/26 15:59:03.020, 22573
2026/09/26 15:59:03.520, 22573
2026/09/26 15:59:04.020, 22573
2026/09/26 15:59:04.520, 22573
2026/09/26 15:59:05.020, 22573
2026/09/26 15:59:05.520, 22573
2026/09/26 15:59:06.020, 22573
2026/09/26 15:59:06.521, 22573
2026/09/26 15:59:07.021, 22573
2026/09/26 15:59:07.521, 22573
2026/09/26 15:59:08.021, 22573
2026/09/26 15:59:08.521, 22573
2026/09/26 15:59:09.021, 22573
2026/09/26 15:59:09.522, 22573
2026/09/26 15:59:10.022, 22573
2026/09/26 15:59:10.522, 22573
2026/09/26 15:59:11.022, 22573
2026/09/26 15:59:11.522, 22573
2026/09/26 15:59:12.022, 22573
2026/09/26 15:59:12.522, 22573
2026/09/26 15:59:13.023, 22573
2026/09/26 15:59:13.523, 22573
2026/09/26 15:59:14.023, 22573
2026/09/26 15:59:14.523, 22573
2026/09/26 15:59:15.023, 22573
2026/09/26 15:59:15.523, 22573
2026/09/26 15:59:16.023, 22573
2026/09/26 15:59:16.524, 22573
2026/09/26 15:59:17.024, 22573
2026/09/26 15:59:17.524, 22573
2026/09/26 15:59:18.024, 22573
2026/09/26 15:59:18.524, 22573
2026/09/26 15:59:19.024, 22573
2026/09/26 15:59:19.524, 22573
2026/09/26 15:59:20.025, 22573
2026/09/26 15:59:20.525, 22573
2026/09/26 15:59:21.025, 22573
2026/09/26 15:59:21.525, 22573
2026/09/26 15:59:22.025, 22573
2026/09/26 15:59:22.525, 22573
2026/09/26 15:59:23.025, 22573
2026/09/26 15:59:23.526, 22573
2026/09/26 15:59:24.026, 22573
2026/09/26 15:59:24.526, 22573
2026/09/26 15:59:25.026, 22573
2026/09/26 15:59:25.526, 22573
2026/09/26 15:59:26.026, 22573
2026/09/26 15:59:26.527, 22573
2026/09/26 15:59:27.027, 22573
2026/09/26 15:59:27.527, 22573
2026/09/26 15:59:28.027, 22573
2026/09/26 15:59:28.527, 22573
2026/09/26 15:59:29.027, 22573
2026/09/26 15:59:29.527, 22573
2026/09/26 15:59:30.028, 22573
2026/09/26 15:59:30.528, 22573
2026/09/26 15:59:31.028, 22573
2026/09/26 15:59:31.528, 22573
2026/09/26 15:59:32.028, 22573
2026/09/26 15:59:32.528, 22573
2026/09/26 15:59:33.028, 22573
2026/09/26 15:59:33.529, 22573
2026/09/26 15:59:34.029, 22573
2026/09/26 15:59:34.529, 22573
2026/09/26 15:59:35.029, 22573
2026/09/26 15:59:35.529, 22573
2026/09/26 15:59:36.029, 22573
2026/09/26 15:59:36.529, 22573
2026/09/26 15:59:37.030, 22573
2026/09/26 15:59:37.530, 22573
2026/09/26 15:59:38.030, 22573
2026/09/26 15:59:38.530, 22573
2026/09/26 15:59:39.030, 22573
2026/09/26 15:59:39.530, 22573
2026/09/26 15:59:40.030, 22573
2026/09/26 15:59:40.531, 22573
2026/09/26 15:59:41.031, 22573
2026/09/26 15:59:41.531, 22573
2026/09/26 15:59:42.031, 22573
2026/09/26 15:59:42.531, 22573
2026/09/26 15:59:43.031, 22573
2026/09/26 15:59:43.532, 22573
2026/09/26 15:59:44.032, 22573
2026/09/26 15:59:44.532, 22573
2026/09/26 15:59:45.032, 22573
2026/09/26 15:59:45.532, 22573
2026/09/26 15:59:46.032, 22573
2026/09/26 15:59:46.532, 22573
2026/09/26 15:59:47.033, 22573
2026/09/26 15:59:47.533, 22573
2026/09/26 15:59:48.033, 22573
2026/09/26 15:59:48.533, 22573
2026/09/26 15:59:49.033, 22573
2026/09/26 15:59:49.533, 22573
2026/09/26 15:59:50.033, 22573
2026/09/26 15:59:50.534, 22573
2026/09/26 15:59:51.034, 22573
2026/09/26 15:59:51.534, 22573
2026/09/26 15:59:52.034, 22573
2026/09/26 15:59:52.534, 22573
2026/09/26 15:59:53.035, 22573
2026/09/26 15:59:53.535, 22573
2026/09/26 15:59:54.035, 22573
2026/09/26 15:59:54.535, 22573
2026/09/26 15:59:55.035, 22573
2026/09/26 15:59:55.536, 22573
2026/09/26 15:59:56.036, 22573
2026/09/26 15:59:56.536, 22573
2026/09/26 15:59:57.036, 22573
2026/09/26 15:59:57.536, 22573
2026/09/26 15:59:58.036, 22573
2026/09/26 15:59:58.536, 22573
2026/09/26 15:59:59.037, 22573
2026/09/26 15:59:59.537, 22573
2026/09/26 16:00:00.037, 22573
2026/09/26 16:00:00.537, 22573
2026/09/26 16:00:01.037, 22573
2026/09/26 16:00:01.537, 22573
2026/09/26 16:00:02.037, 22573
2026/09/26 16:00:02.538, 22573
2026/09/26 16:00:03.038, 22573
2026/09/26 16:00:03.538, 22573
2026/09/26 16:00:04.038, 22573
2026/09/26 16:00:04.538, 22573
2026/09/26 16:00:05.038, 22573
2026/09/26 16:00:05.539, 22573
2026/09/26 16:00:06.039, 22573
2026/09/26 16:00:06.539, 22573
2026/09/26 16:00:07.039, 22573
2026/09/26 16:00:07.539, 22573
2026/09/26 16:00:08.039, 22573
2026/09/26 16:00:08.540, 22573
2026/09/26 16:00:09.040, 22573
2026/09/26 16:00:09.540, 22573
2026/09/26 16:00:10.040, 22573
2026/09/26 16:00:10.540, 22573
2026/09/26 16:00:11.040, 22573
2026/09/26 16:00:11.541, 22573
2026/09/26 16:00:12.041, 22573
2026/09/26 16:00:12.541, 22573
2026/09/26 16:00:13.041, 22573
2026/09/26 16:00:13.541, 22573
2026/09/26 16:00:14.041, 22573
2026/09/26 16:00:14.541, 22573
2026/09/26 16:00:15.042, 22573
2026/09/26 16:00:15.542, 22573
2026/09/26 16:00:16.042, 22573
2026/09/26 16:00:16.543, 22573
2026/09/26 16:00:17.043, 22573
2026/09/26 16:00:17.543, 22573
2026/09/26 16:00:18.043, 22573
2026/09/26 16:00:18.543, 22573
2026/09/26 16:00:19.043, 22573
2026/09/26 16:00:19.544, 22573
2026/09/26 16:00:20.044, 22573
2026/09/26 16:00:20.544, 22573
2026/09/26 16:00:21.044, 22573
2026/09/26 16:00:21.545, 22573
2026/09/26 16:00:22.045, 22573
2026/09/26 16:00:22.545, 22573
2026/09/26 16:00:23.045, 22573
2026/09/26 16:00:23.545, 22573
2026/09/26 16:00:24.045, 22573
2026/09/26 16:00:24.546, 22573
2026/09/26 16:00:25.046, 22573
2026/09/26 16:00:25.546, 22573
2026/09/26 16:00:26.046, 22573
2026/09/26 16:00:26.546, 22573
2026/09/26 16:00:27.046, 22573
2026/09/26 16:00:27.547, 22573
2026/09/26 16:00:28.047, 22573
2026/09/26 16:00:28.547, 22573
2026/09/26 16:00:29.047, 22573
2026/09/26 16:00:29.547, 22573
2026/09/26 16:00:30.047, 22573
2026/09/26 16:00:30.548, 22573
2026/09/26 16:00:31.048, 22573
2026/09/26 16:00:31.548, 22573
2026/09/26 16:00:32.048, 22573
2026/09/26 16:00:32.548, 22573
2026/09/26 16:00:33.049, 22573
2026/09/26 16:00:33.549, 22573
2026/09/26 16:00:34.049, 22573
2026/09/26 16:00:34.549, 22573
2026/09/26 16:00:35.049, 22573
2026/09/26 16:00:35.549, 22573
2026/09/26 16:00:36.049, 22573
2026/09/26 16:00:36.550, 22573
2026/09/26 16:00:37.050, 22573
2026/09/26 16:00:37.550, 22573
2026/09/26 16:00:38.050, 22573
2026/09/26 16:00:38.550, 22573
2026/09/26 16:00:39.050, 22573
2026/09/26 16:00:39.551, 22573
2026/09/26 16:00:40.051, 22573
2026/09/26 16:00:40.551, 22573
2026/09/26 16:00:41.051, 22573
2026/09/26 16:00:41.551, 22573
2026/09/26 16:00:42.051, 22573
2026/09/26 16:00:42.552, 22573
2026/09/26 16:00:43.052, 22573
2026/09/26 16:00:43.552, 22573
2026/09/26 16:00:44.052, 22573
2026/09/26 16:00:44.552, 22573
2026/09/26 16:00:45.052, 22573
2026/09/26 16:00:45.553, 22573
2026/09/26 16:00:46.053, 22573
2026/09/26 16:00:46.553, 22573
2026/09/26 16:00:47.053, 22573
2026/09/26 16:00:47.553, 22573
2026/09/26 16:00:48.053, 22573
2026/09/26 16:00:48.554, 22573
2026/09/26 16:00:49.054, 22573
2026/09/26 16:00:49.554, 22573
2026/09/26 16:00:50.054, 22573
2026/09/26 16:00:50.554, 22573
2026/09/26 16:00:51.054, 22573
2026/09/26 16:00:51.555, 22573
2026/09/26 16:00:52.055, 22573
2026/09/26 16:00:52.555, 22573
2026/09/26 16:00:53.055, 22573
2026/09/26 16:00:53.555, 22573
2026/09/26 16:00:54.055, 22573
2026/09/26 16:00:54.555, 22573
2026/09/26 16:00:55.056, 22573
2026/09/26 16:00:55.556, 22573
2026/09/26 16:00:56.056, 22573
2026/09/26 16:00:56.556, 22573
2026/09/26 16:00:57.056, 22573
2026/09/26 16:00:57.556, 22573
2026/09/26 16:00:58.056, 22573
2026/09/26 16:00:58.557, 22573
2026/09/26 16:00:59.057, 22573
2026/09/26 16:00:59.557, 22573
2026/09/26 16:01:00.057, 22573
2026/09/26 16:01:00.557, 22573
2026/09/26 16:01:01.057, 22573
2026/09/26 16:01:01.558, 22573
2026/09/26 16:01:02.058, 22573
2026/09/26 16:01:02.558, 22573
2026/09/26 16:01:03.058, 22573
2026/09/26 16:01:03.558, 22573
2026/09/26 16:01:04.058, 22573
2026/09/26 16:01:04.559, 22573
2026/09/26 16:01:05.059, 22573
2026/09/26 16:01:05.559, 22573
2026/09/26 16:01:06.059, 22573
2026/09/26 16:01:06.559, 22573
2026/09/26 16:01:07.059, 22573
2026/09/26 16:01:07.559, 22573
2026/09/26 16:01:08.060, 22573
2026/09/26 16:01:08.560, 22573
2026/09/26 16:01:09.060, 22573
2026/09/26 16:01:09.560, 22573
2026/09/26 16:01:10.060, 22573
2026/09/26 16:01:10.560, 22573
2026/09/26 16:01:11.061, 22573
2026/09/26 16:01:11.561, 22573
2026/09/26 16:01:12.061, 22573
2026/09/26 16:01:12.561, 22573
2026/09/26 16:01:13.061, 22573
2026/09/26 16:01:13.561, 22573
2026/09/26 16:01:14.062, 22573
2026/09/26 16:01:14.562, 22573
2026/09/26 16:01:15.062, 22573
2026/09/26 16:01:15.562, 22573
2026/09/26 16:01:16.062, 22573
2026/09/26 16:01:16.562, 22573
2026/09/26 16:01:17.063, 22573
2026/09/26 16:01:17.563, 22573
2026/09/26 16:01:18.063, 22573
2026/09/26 16:01:18.563, 22573
2026/09/26 16:01:19.063, 22573
2026/09/26 16:01:19.563, 22573
2026/09/26 16:01:20.064, 22573
2026/09/26 16:01:20.564, 22573
2026/09/26 16:01:21.064, 22573
2026/09/26 16:01:21.564, 22573
2026/09/26 16:01:22.064, 22573
2026/09/26 16:01:22.564, 22573
2026/09/26 16:01:23.065, 22573
2026/09/26 16:01:23.565, 22573
2026/09/26 16:01:24.065, 22573
2026/09/26 16:01:24.565, 22573
2026/09/26 16:01:25.065, 22573
2026/09/26 16:01:25.565, 22573
2026/09/26 16:01:26.066, 22573
2026/09/26 16:01:26.566, 22573
2026/09/26 16:01:27.066, 22573
2026/09/26 16:01:27.566, 22573
2026/09/26 16:01:28.066, 22573
2026/09/26 16:01:28.566, 22573
2026/09/26 16:01:29.066, 22573
2026/09/26 16:01:29.567, 22573
2026/09/26 16:01:30.067, 22573
2026/09/26 16:01:30.567, 22573
2026/09/26 16:01:31.067, 22573
2026/09/26 16:01:31.567, 22573
2026/09/26 16:01:32.067, 22573
2026/09/26 16:01:32.568, 22573
2026/09/26 16:01:33.068, 22573
2026/09/26 16:01:33.568, 22573
2026/09/26 16:01:34.068, 22573
2026/09/26 16:01:34.568, 22573
2026/09/26 16:01:35.068, 22573
2026/09/26 16:01:35.568, 22573
2026/09/26 16:01:36.069, 22573
2026/09/26 16:01:36.569, 22573
2026/09/26 16:01:37.069, 22573
2026/09/26 16:01:37.569, 22573
2026/09/26 16:01:38.069, 22573
2026/09/26 16:01:38.569, 22573
2026/09/26 16:01:39.070, 22573
2026/09/26 16:01:39.570, 22573
2026/09/26 16:01:40.070, 22573
2026/09/26 16:01:40.570, 22573
2026/09/26 16:01:41.070, 22573
2026/09/26 16:01:41.570, 22573
2026/09/26 16:01:42.070, 22573
2026/09/26 16:01:42.571, 22573
2026/09/26 16:01:43.071, 22573
2026/09/26 16:01:43.571, 22573
2026/09/26 16:01:44.071, 22573
2026/09/26 16:01:44.571, 22573
2026/09/26 16:01:45.071, 22573
2026/09/26 16:01:45.571, 22573
2026/09/26 16:01:46.071, 22573
2026/09/26 16:01:46.572, 22573
2026/09/26 16:01:47.072, 22573
2026/09/26 16:01:47.572, 22573
2026/09/26 16:01:48.072, 22573
2026/09/26 16:01:48.572, 22573
2026/09/26 16:01:49.072, 22573
2026/09/26 16:01:49.572, 22573
2026/09/26 16:01:50.073, 22573
2026/09/26 16:01:50.573, 22573
2026/09/26 16:01:51.073, 22573
2026/09/26 16:01:51.573, 22573
2026/09/26 16:01:52.073, 22573
2026/09/26 16:01:52.573, 22573
2026/09/26 16:01:53.074, 22573
2026/09/26 16:01:53.574, 22573
2026/09/26 16:01:54.074, 22573
2026/09/26 16:01:54.574, 22573
2026/09/26 16:01:55.074, 22573
2026/09/26 16:01:55.574, 22573
2026/09/26 16:01:56.074, 22573
2026/09/26 16:01:56.575, 22573
2026/09/26 16:01:57.075, 22573
2026/09/26 16:01:57.575, 22573
2026/09/26 16:01:58.075, 22573
2026/09/26 16:01:58.575, 22573
2026/09/26 16:01:59.075, 22573
2026/09/26 16:01:59.575, 22573
2026/09/26 16:02:00.076, 22573
2026/09/26 16:02:00.576, 22573
2026/09/26 16:02:01.076, 22573
2026/09/26 16:02:01.576, 22573
2026/09/26 16:02:02.076, 22573
2026/09/26 16:02:02.576, 22573
2026/09/26 16:02:03.076, 22573
2026/09/26 16:02:03.577, 22573
2026/09/26 16:02:04.077, 22573
2026/09/26 16:02:04.577, 22573
2026/09/26 16:02:05.077, 22573
2026/09/26 16:02:05.577, 22573
2026/09/26 16:02:06.077, 22573
2026/09/26 16:02:06.577, 22573
2026/09/26 16:02:07.078, 22573
2026/09/26 16:02:07.578, 22573
2026/09/26 16:02:08.078, 22573
2026/09/26 16:02:08.578, 22573
2026/09/26 16:02:09.078, 22573
2026/09/26 16:02:09.578, 22573
2026/09/26 16:02:10.078, 22573
2026/09/26 16:02:10.579, 22573
2026/09/26 16:02:11.079, 22573
2026/09/26 16:02:11.579, 22573
2026/09/26 16:02:12.079, 22573
2026/09/26 16:02:12.579, 22573
2026/09/26 16:02:13.079, 22573
2026/09/26 16:02:13.579, 22573
2026/09/26 16:02:14.080, 22573
2026/09/26 16:02:14.580, 22573
2026/09/26 16:02:15.080, 22573
2026/09/26 16:02:15.580, 22573
2026/09/26 16:02:16.080, 22573
2026/09/26 16:02:16.580, 22573
2026/09/26 16:02:17.080, 22573
2026/09/26 16:02:17.581, 22573
2026/09/26 16:02:18.081, 22573
2026/09/26 16:02:18.581, 22573
2026/09/26 16:02:19.081, 22573
2026/09/26 16:02:19.581, 22573
2026/09/26 16:02:20.081, 22573
2026/09/26 16:02:20.582, 22573
2026/09/26 16:02:21.082, 22573
2026/09/26 16:02:21.582, 22573
2026/09/26 16:02:22.082, 22573
2026/09/26 16:02:22.582, 22573
2026/09/26 16:02:23.082, 22573
2026/09/26 16:02:23.582, 22573
2026/09/26 16:02:24.083, 22573
2026/09/26 16:02:24.583, 22573
2026/09/26 16:02:25.083, 22573
2026/09/26 16:02:25.583, 22573
2026/09/26 16:02:26.083, 22573
2026/09/26 16:02:26.583, 22573
2026/09/26 16:02:27.084, 22573
2026/09/26 16:02:27.584, 22573
2026/09/26 16:02:28.084, 22573
2026/09/26 16:02:28.584, 22573
2026/09/26 16:02:29.084, 22573
2026/09/26 16:02:29.585, 22573
2026/09/26 16:02:30.085, 22573
2026/09/26 16:02:30.585, 22573
2026/09/26 16:02:31.085, 22573
2026/09/26 16:02:31.585, 22573
2026/09/26 16:02:32.085, 22573
2026/09/26 16:02:32.586, 22573
2026/09/26 16:02:33.086, 22573
2026/09/26 16:02:33.586, 22573
2026/09/26 16:02:34.086, 22573
2026/09/26 16:02:34.586, 22573
2026/09/26 16:02:35.086, 22573
2026/09/26 16:02:35.586, 22573
2026/09/26 16:02:36.087, 22573
2026/09/26 16:02:36.587, 22573
2026/09/26 16:02:37.087, 22573
2026/09/26 16:02:37.587, 22573
2026/09/26 16:02:38.087, 22573
2026/09/26 16:02:38.587, 22573
2026/09/26 16:02:39.088, 22573
2026/09/26 16:02:39.588, 22573
2026/09/26 16:02:40.088, 22573
2026/09/26 16:02:40.588, 22573
2026/09/26 16:02:41.088, 22573
2026/09/26 16:02:41.588, 22573
2026/09/26 16:02:42.089, 22573
2026/09/26 16:02:42.589, 22573
2026/09/26 16:02:43.089, 22573
2026/09/26 16:02:43.589, 22573
2026/09/26 16:02:44.089, 22573
2026/09/26 16:02:44.589, 22573
2026/09/26 16:02:45.089, 22573
2026/09/26 16:02:45.590, 22573
2026/09/26 16:02:46.090, 22573
2026/09/26 16:02:46.590, 22573
2026/09/26 16:02:47.090, 22573
2026/09/26 16:02:47.590, 22573
2026/09/26 16:02:48.090, 22573
2026/09/26 16:02:48.590, 22573
2026/09/26 16:02:49.091, 22573
2026/09/26 16:02:49.591, 22573
2026/09/26 16:02:50.091, 22573
2026/09/26 16:02:50.591, 22573
2026/09/26 16:02:51.091, 22573
2026/09/26 16:02:51.591, 22573
2026/09/26 16:02:52.092, 22573
2026/09/26 16:02:52.592, 22573
2026/09/26 16:02:53.092, 22573
2026/09/26 16:02:53.592, 22573
2026/09/26 16:02:54.092, 22573
2026/09/26 16:02:54.592, 22573
2026/09/26 16:02:55.092, 22573
2026/09/26 16:02:55.593, 22573
2026/09/26 16:02:56.093, 22573
2026/09/26 16:02:56.593, 22573
2026/09/26 16:02:57.093, 22573
2026/09/26 16:02:57.593, 22573
2026/09/26 16:02:58.093, 22573
2026/09/26 16:02:58.594, 22573
2026/09/26 16:02:59.094, 22573
2026/09/26 16:02:59.594, 22573
2026/09/26 16:03:00.094, 22573
2026/09/26 16:03:00.594, 22573
2026/09/26 16:03:01.094, 22573
2026/09/26 16:03:01.594, 22573
2026/09/26 16:03:02.095, 22573
2026/09/26 16:03:02.595, 22573
2026/09/26 16:03:03.095, 22573
2026/09/26 16:03:03.595, 22573
2026/09/26 16:03:04.095, 22573
2026/09/26 16:03:04.595, 22573
2026/09/26 16:03:05.095, 22573
2026/09/26 16:03:05.596, 22573
2026/09/26 16:03:06.096, 22573
2026/09/26 16:03:06.596, 22573
2026/09/26 16:03:07.096, 22573
2026/09/26 16:03:07.596, 22573
2026/09/26 16:03:08.096, 22573
2026/09/26 16:03:08.596, 22573
2026/09/26 16:03:09.097, 22573
2026/09/26 16:03:09.597, 22573
2026/09/26 16:03:10.097, 22573
2026/09/26 16:03:10.597, 22573
2026/09/26 16:03:11.097, 22573
2026/09/26 16:03:11.597, 22573
2026/09/26 16:03:12.098, 22573
2026/09/26 16:03:12.598, 22573
2026/09/26 16:03:13.098, 22573
2026/09/26 16:03:13.598, 22573
2026/09/26 16:03:14.098, 22573
2026/09/26 16:03:14.598, 22573
2026/09/26 16:03:15.098, 22573
2026/09/26 16:03:15.599, 22573
2026/09/26 16:03:16.099, 22573
2026/09/26 16:03:16.599, 22573
2026/09/26 16:03:17.099, 22573
2026/09/26 16:03:17.599, 22573
2026/09/26 16:03:18.099, 22573
2026/09/26 16:03:18.600, 22573
2026/09/26 16:03:19.100, 22573
2026/09/26 16:03:19.600, 22573
2026/09/26 16:03:20.100, 22573
2026/09/26 16:03:20.600, 22573
2026/09/26 16:03:21.100, 22573
2026/09/26 16:03:21.601, 22573
2026/09/26 16:03:22.101, 22573
2026/09/26 16:03:22.601, 22573
2026/09/26 16:03:23.101, 22573
2026/09/26 16:03:23.601, 22573
2026/09/26 16:03:24.101, 22573
2026/09/26 16:03:24.602, 22573
2026/09/26 16:03:25.102, 22573
2026/09/26 16:03:25.602, 22573
2026/09/26 16:03:26.102, 22573
2026/09/26 16:03:26.602, 22573
2026/09/26 16:03:27.102, 22573
2026/09/26 16:03:27.602, 22573
2026/09/26 16:03:28.103, 22573
2026/09/26 16:03:28.603, 22573
2026/09/26 16:03:29.103, 22573
2026/09/26 16:03:29.603, 22573
2026/09/26 16:03:30.103, 22573
2026/09/26 16:03:30.603, 22573
2026/09/26 16:03:31.104, 22573
2026/09/26 16:03:31.604, 22573
2026/09/26 16:03:32.104, 22573
2026/09/26 16:03:32.604, 22573
2026/09/26 16:03:33.104, 22573
2026/09/26 16:03:33.604, 22573
2026/09/26 16:03:34.104, 22573
2026/09/26 16:03:34.605, 22573
2026/09/26 16:03:35.105, 22573
2026/09/26 16:03:35.605, 22573
2026/09/26 16:03:36.105, 22573
2026/09/26 16:03:36.605, 22573
2026/09/26 16:03:37.105, 22573
2026/09/26 16:03:37.606, 22573
2026/09/26 16:03:38.106, 22573
2026/09/26 16:03:38.606, 22573
2026/09/26 16:03:39.106, 22573
2026/09/26 16:03:39.607, 22573
2026/09/26 16:03:40.107, 22573
2026/09/26 16:03:40.607, 22573
2026/09/26 16:03:41.107, 22573
2026/09/26 16:03:41.607, 22573
2026/09/26 16:03:42.107, 22573
2026/09/26 16:03:42.608, 22573
2026/09/26 16:03:43.108, 22573
2026/09/26 16:03:43.608, 22573
2026/09/26 16:03:44.108, 22573
2026/09/26 16:03:44.608, 22573
2026/09/26 16:03:45.108, 22573
2026/09/26 16:03:45.609, 22573
2026/09/26 16:03:46.109, 22573
2026/09/26 16:03:46.609, 22573
2026/09/26 16:03:47.109, 22573
2026/09/26 16:03:47.609, 22573
2026/09/26 16:03:48.109, 22573
2026/09/26 16:03:48.610, 22573
2026/09/26 16:03:49.110, 22573
2026/09/26 16:03:49.610, 22573
2026/09/26 16:03:50.110, 22573
2026/09/26 16:03:50.610, 22573
2026/09/26 16:03:51.110, 22573
2026/09/26 16:03:51.611, 22573
2026/09/26 16:03:52.111, 22573
2026/09/26 16:03:52.611, 22573
2026/09/26 16:03:53.111, 22573
2026/09/26 16:03:53.611, 22573
2026/09/26 16:03:54.111, 22573
2026/09/26 16:03:54.612, 22573
2026/09/26 16:03:55.112, 22573
2026/09/26 16:03:55.612, 22573
2026/09/26 16:03:56.112, 22573
2026/09/26 16:03:56.612, 22573
2026/09/26 16:03:57.113, 22573
2026/09/26 16:03:57.613, 22573
2026/09/26 16:03:58.113, 22573
2026/09/26 16:03:58.613, 22573
2026/09/26 16:03:59.113, 22573
2026/09/26 16:03:59.613, 22573
2026/09/26 16:04:00.113, 22573
2026/09/26 16:04:00.614, 22573
2026/09/26 16:04:01.114, 22573
2026/09/26 16:04:01.614, 22573
2026/09/26 16:04:02.114, 22573
2026/09/26 16:04:02.614, 22573
2026/09/26 16:04:03.114, 22573
2026/09/26 16:04:03.615, 22573
2026/09/26 16:04:04.115, 22573
2026/09/26 16:04:04.615, 22573
2026/09/26 16:04:05.115, 22573
2026/09/26 16:04:05.615, 22573
2026/09/26 16:04:06.115, 22573
2026/09/26 16:04:06.616, 22573
2026/09/26 16:04:07.116, 22573
2026/09/26 16:04:07.616, 22573
2026/09/26 16:04:08.116, 22573
2026/09/26 16:04:08.616, 22573
2026/09/26 16:04:09.117, 22573
2026/09/26 16:04:09.617, 22573
2026/09/26 16:04:10.117, 22573
2026/09/26 16:04:10.617, 22573
2026/09/26 16:04:11.117, 22573
2026/09/26 16:04:11.618, 22573
2026/09/26 16:04:12.118, 22573
2026/09/26 16:04:12.618, 22573
2026/09/26 16:04:13.118, 22573
2026/09/26 16:04:13.618, 22573
2026/09/26 16:04:14.118, 22573
2026/09/26 16:04:14.618, 22573
2026/09/26 16:04:15.119, 22573
2026/09/26 16:04:15.619, 22573
2026/09/26 16:04:16.119, 22573
2026/09/26 16:04:16.619, 22573
2026/09/26 16:04:17.119, 22573
2026/09/26 16:04:17.619, 22573
2026/09/26 16:04:18.120, 22573
2026/09/26 16:04:18.620, 22573
2026/09/26 16:04:19.120, 22573
2026/09/26 16:04:19.620, 22573
2026/09/26 16:04:20.120, 22573
2026/09/26 16:04:20.620, 22573
2026/09/26 16:04:21.121, 22573
2026/09/26 16:04:21.621, 22573
2026/09/26 16:04:22.121, 22573
2026/09/26 16:04:22.621, 22573
2026/09/26 16:04:23.121, 22573
2026/09/26 16:04:23.621, 22573
2026/09/26 16:04:24.121, 22573
2026/09/26 16:04:24.622, 22573
2026/09/26 16:04:25.122, 22573
2026/09/26 16:04:25.622, 22573
2026/09/26 16:04:26.122, 22573
2026/09/26 16:04:26.622, 22573
2026/09/26 16:04:27.122, 22573
2026/09/26 16:04:27.623, 22573
2026/09/26 16:04:28.123, 22573
2026/09/26 16:04:28.623, 22573
2026/09/26 16:04:29.123, 22573
2026/09/26 16:04:29.623, 22573
2026/09/26 16:04:30.124, 22573
2026/09/26 16:04:30.624, 22573
2026/09/26 16:04:31.124, 22573
2026/09/26 16:04:31.624, 22573
2026/09/26 16:04:32.124, 22573
2026/09/26 16:04:32.624, 22573
2026/09/26 16:04:33.125, 22573
2026/09/26 16:04:33.625, 22573
2026/09/26 16:04:34.125, 22573
2026/09/26 16:04:34.625, 22573
2026/09/26 16:04:35.125, 22573
2026/09/26 16:04:35.625, 22573
2026/09/26 16:04:36.126, 22573
2026/09/26 16:04:36.626, 22573
2026/09/26 16:04:37.126, 22573
2026/09/26 16:04:37.626, 22573
2026/09/26 16:04:38.126, 22573
2026/09/26 16:04:38.626, 22573
2026/09/26 16:04:39.127, 22573
2026/09/26 16:04:39.627, 22573
2026/09/26 16:04:40.127, 22573
2026/09/26 16:04:40.627, 22573
2026/09/26 16:04:41.127, 22573
2026/09/26 16:04:41.627, 22573
2026/09/26 16:04:42.128, 22573
2026/09/26 16:04:42.628, 22573
2026/09/26 16:04:43.128, 22573
2026/09/26 16:04:43.628, 22573
2026/09/26 16:04:44.128, 22573
2026/09/26 16:04:44.628, 22573
2026/09/26 16:04:45.129, 22573
2026/09/26 16:04:45.629, 22573
2026/09/26 16:04:46.129, 22573
2026/09/26 16:04:46.629, 22573
2026/09/26 16:04:47.129, 22573
2026/09/26 16:04:47.629, 22573
2026/09/26 16:04:48.130, 22573
2026/09/26 16:04:48.630, 22573
2026/09/26 16:04:49.130, 22573
2026/09/26 16:04:49.630, 22573
2026/09/26 16:04:50.130, 22573
2026/09/26 16:04:50.630, 22573
2026/09/26 16:04:51.131, 22573
2026/09/26 16:04:51.631, 22573
2026/09/26 16:04:52.131, 22573
2026/09/26 16:04:52.631, 22573
2026/09/26 16:04:53.131, 22573
2026/09/26 16:04:53.631, 22573
2026/09/26 16:04:54.132, 22573
2026/09/26 16:04:54.632, 22573
2026/09/26 16:04:55.132, 22573
2026/09/26 16:04:55.632, 22573
2026/09/26 16:04:56.132, 22573
2026/09/26 16:04:56.632, 22573
2026/09/26 16:04:57.133, 22573
2026/09/26 16:04:57.633, 22573
2026/09/26 16:04:58.133, 22573
2026/09/26 16:04:58.633, 22573
2026/09/26 16:04:59.133, 22573
2026/09/26 16:04:59.633, 22573
2026/09/26 16:05:00.134, 22573
2026/09/26 16:05:00.634, 22573
2026/09/26 16:05:01.134, 22573
2026/09/26 16:05:01.634, 22573
2026/09/26 16:05:02.134, 22573
2026/09/26 16:05:02.634, 22573
2026/09/26 16:05:03.134, 22573
2026/09/26 16:05:03.635, 22573
2026/09/26 16:05:04.135, 22573
2026/09/26 16:05:04.635, 22573
2026/09/26 16:05:05.135, 22573
2026/09/26 16:05:05.635, 22573
2026/09/26 16:05:06.135, 22573
2026/09/26 16:05:06.636, 22573
2026/09/26 16:05:07.136, 22573
2026/09/26 16:05:07.636, 22573
2026/09/26 16:05:08.136, 22573
2026/09/26 16:05:08.636, 22573
2026/09/26 16:05:09.136, 22573
2026/09/26 16:05:09.637, 22573
2026/09/26 16:05:10.137, 22573
2026/09/26 16:05:10.637, 22573
2026/09/26 16:05:11.137, 22573
2026/09/26 16:05:11.637, 22573
2026/09/26 16:05:12.137, 22573
2026/09/26 16:05:12.637, 22573
2026/09/26 16:05:13.138, 22573
2026/09/26 16:05:13.638, 22573
2026/09/26 16:05:14.138, 22573
2026/09/26 16:05:14.638, 22573
2026/09/26 16:05:15.138, 22573
2026/09/26 16:05:15.638, 22573
2026/09/26 16:05:16.139, 22573
2026/09/26 16:05:16.639, 22573
2026/09/26 16:05:17.139, 22573
2026/09/26 16:05:17.639, 22573
2026/09/26 16:05:18.139, 22573
2026/09/26 16:05:18.639, 22573
2026/09/26 16:05:19.139, 22573
2026/09/26 16:05:19.640, 22573
2026/09/26 16:05:20.140, 22573
2026/09/26 16:05:20.640, 22573
2026/09/26 16:05:21.140, 22573
2026/09/26 16:05:21.640, 22573
2026/09/26 16:05:22.140, 22573
2026/09/26 16:05:22.640, 22573
2026/09/26 16:05:23.141, 22573
2026/09/26 16:05:23.641, 22573
2026/09/26 16:05:24.141, 22573
2026/09/26 16:05:24.641, 22573
2026/09/26 16:05:25.141, 22573
2026/09/26 16:05:25.641, 22573
2026/09/26 16:05:26.141, 22573
2026/09/26 16:05:26.642, 22573
2026/09/26 16:05:27.142, 22573
2026/09/26 16:05:27.642, 22573
2026/09/26 16:05:28.142, 22573
2026/09/26 16:05:28.642, 22573
2026/09/26 16:05:29.142, 22573
2026/09/26 16:05:29.642, 22573
2026/09/26 16:05:30.143, 22573
2026/09/26 16:05:30.643, 22573
2026/09/26 16:05:31.143, 22573
2026/09/26 16:05:31.643, 22573
2026/09/26 16:05:32.143, 22573
2026/09/26 16:05:32.643, 22573
2026/09/26 16:05:33.143, 22573
2026/09/26 16:05:33.644, 22573
2026/09/26 16:05:34.144, 22573
2026/09/26 16:05:34.644, 22573
2026/09/26 16:05:35.144, 22573
2026/09/26 16:05:35.644, 22573
2026/09/26 16:05:36.144, 22573
2026/09/26 16:05:36.644, 22573
2026/09/26 16:05:37.145, 22573
2026/09/26 16:05:37.645, 22573
2026/09/26 16:05:38.145, 22573
2026/09/26 16:05:38.645, 22573
2026/09/26 16:05:39.145, 22573
2026/09/26 16:05:39.645, 22573
2026/09/26 16:05:40.146, 22573
2026/09/26 16:05:40.646, 22573
2026/09/26 16:05:41.146, 22573
2026/09/26 16:05:41.646, 22573
2026/09/26 16:05:42.146, 22573
2026/09/26 16:05:42.647, 22573
2026/09/26 16:05:43.147, 22573
2026/09/26 16:05:43.647, 22573
2026/09/26 16:05:44.147, 22573
2026/09/26 16:05:44.647, 22573
2026/09/26 16:05:45.147, 22573
2026/09/26 16:05:45.647, 22573
2026/09/26 16:05:46.148, 22573
2026/09/26 16:05:46.648, 22573
2026/09/26 16:05:47.148, 22573
2026/09/26 16:05:47.648, 22573
2026/09/26 16:05:48.148, 22573
2026/09/26 16:05:48.648, 22573
2026/09/26 16:05:49.148, 22573
2026/09/26 16:05:49.648, 22573
2026/09/26 16:05:50.149, 22573
2026/09/26 16:05:50.649, 22573
2026/09/26 16:05:51.149, 22573
2026/09/26 16:05:51.649, 22573
2026/09/26 16:05:52.149, 22573
2026/09/26 16:05:52.649, 22573
2026/09/26 16:05:53.149, 22573
2026/09/26 16:05:53.650, 22573
2026/09/26 16:05:54.150, 22573
2026/09/26 16:05:54.650, 22573
2026/09/26 16:05:55.150, 22573
2026/09/26 16:05:55.650, 22573
2026/09/26 16:05:56.150, 22573
2026/09/26 16:05:56.650, 22573
2026/09/26 16:05:57.151, 22573
2026/09/26 16:05:57.651, 22573
2026/09/26 16:05:58.151, 22573
2026/09/26 16:05:58.651, 22573
2026/09/26 16:05:59.151, 22573
2026/09/26 16:05:59.651, 22573
2026/09/26 16:06:00.151, 22573
2026/09/26 16:06:00.652, 22573
2026/09/26 16:06:01.152, 22573
2026/09/26 16:06:01.652, 22573
2026/09/26 16:06:02.152, 22573
2026/09/26 16:06:02.652, 22573
2026/09/26 16:06:03.153, 22573
2026/09/26 16:06:03.653, 22573
2026/09/26 16:06:04.153, 22573
2026/09/26 16:06:04.653, 22573
2026/09/26 16:06:05.153, 22573
2026/09/26 16:06:05.653, 22573
2026/09/26 16:06:06.153, 22573
2026/09/26 16:06:06.654, 22573
2026/09/26 16:06:07.154, 22573
2026/09/26 16:06:07.654, 22573
2026/09/26 16:06:08.154, 22573
2026/09/26 16:06:08.654, 22573
2026/09/26 16:06:09.154, 22573
2026/09/26 16:06:09.654, 22573
2026/09/26 16:06:10.155, 22573
2026/09/26 16:06:10.655, 22573
2026/09/26 16:06:11.155, 22573
2026/09/26 16:06:11.655, 22573
2026/09/26 16:06:12.155, 22573
2026/09/26 16:06:12.655, 22573
2026/09/26 16:06:13.155, 22573
2026/09/26 16:06:13.656, 22573
2026/09/26 16:06:14.156, 22573
2026/09/26 16:06:14.656, 22573
2026/09/26 16:06:15.156, 22573
2026/09/26 16:06:15.656, 22573
2026/09/26 16:06:16.156, 22573
2026/09/26 16:06:16.657, 22573
2026/09/26 16:06:17.157, 22573
2026/09/26 16:06:17.657, 22573
2026/09/26 16:06:18.157, 22573
2026/09/26 16:06:18.657, 22573
2026/09/26 16:06:19.157, 22573
2026/09/26 16:06:19.657, 22573
2026/09/26 16:06:20.158, 22573
2026/09/26 16:06:20.658, 22573
2026/09/26 16:06:21.158, 22573
2026/09/26 16:06:21.658, 22573
2026/09/26 16:06:22.158, 22573
2026/09/26 16:06:22.658, 22573
2026/09/26 16:06:23.158, 22573
2026/09/26 16:06:23.658, 22573
2026/09/26 16:06:24.159, 22573
2026/09/26 16:06:24.659, 22573
2026/09/26 16:06:25.159, 22573
2026/09/26 16:06:25.659, 22573
2026/09/26 16:06:26.159, 22573
2026/09/26 16:06:26.659, 22573
2026/09/26 16:06:27.159, 22573
2026/09/26 16:06:27.660, 22573
2026/09/26 16:06:28.160, 22573
2026/09/26 16:06:28.660, 22573
2026/09/26 16:06:29.160, 22573
2026/09/26 16:06:29.660, 22573
2026/09/26 16:06:30.160, 22573
2026/09/26 16:06:30.660, 22573
2026/09/26 16:06:31.161, 22573
2026/09/26 16:06:31.661, 22573
2026/09/26 16:06:32.161, 22573
2026/09/26 16:06:32.661, 22573
2026/09/26 16:06:33.162, 22573
2026/09/26 16:06:33.662, 22573
2026/09/26 16:06:34.162, 22573
2026/09/26 16:06:34.662, 22573
2026/09/26 16:06:35.162, 22573
2026/09/26 16:06:35.662, 22573
2026/09/26 16:06:36.163, 22573
2026/09/26 16:06:36.663, 22573
2026/09/26 16:06:37.163, 22573
2026/09/26 16:06:37.663, 22573
2026/09/26 16:06:38.163, 22573
2026/09/26 16:06:38.663, 22573
2026/09/26 16:06:39.163, 22573
2026/09/26 16:06:39.663, 22573
2026/09/26 16:06:40.164, 22573
2026/09/26 16:06:40.664, 22573
2026/09/26 16:06:41.164, 22573
2026/09/26 16:06:41.664, 22573
2026/09/26 16:06:42.164, 22573
2026/09/26 16:06:42.664, 22573
2026/09/26 16:06:43.164, 22573
2026/09/26 16:06:43.664, 22573
2026/09/26 16:06:44.165, 22573
2026/09/26 16:06:44.665, 22573
2026/09/26 16:06:45.165, 22573
2026/09/26 16:06:45.665, 22573
2026/09/26 16:06:46.165, 22573
2026/09/26 16:06:46.665, 22573
2026/09/26 16:06:47.165, 22573
2026/09/26 16:06:47.666, 22573
2026/09/26 16:06:48.166, 22573
2026/09/26 16:06:48.666, 22573
2026/09/26 16:06:49.166, 22573
2026/09/26 16:06:49.666, 22573
2026/09/26 16:06:50.167, 22573
2026/09/26 16:06:50.667, 22573
2026/09/26 16:06:51.167, 22573
2026/09/26 16:06:51.667, 22573
2026/09/26 16:06:52.167, 22573
2026/09/26 16:06:52.667, 22573
2026/09/26 16:06:53.167, 22573
2026/09/26 16:06:53.668, 22573
2026/09/26 16:06:54.168, 22573
2026/09/26 16:06:54.668, 22573
2026/09/26 16:06:55.168, 22573
2026/09/26 16:06:55.668, 22573
2026/09/26 16:06:56.168, 22573
2026/09/26 16:06:56.669, 22573
2026/09/26 16:06:57.169, 22573
2026/09/26 16:06:57.669, 22573
2026/09/26 16:06:58.169, 22573
2026/09/26 16:06:58.669, 22573
2026/09/26 16:06:59.169, 22573
2026/09/26 16:06:59.670, 22573
2026/09/26 16:07:00.170, 22573
2026/09/26 16:07:00.670, 22573
2026/09/26 16:07:01.170, 22573
2026/09/26 16:07:01.670, 22573
2026/09/26 16:07:02.170, 22573
2026/09/26 16:07:02.671, 22573
2026/09/26 16:07:03.171, 22573
2026/09/26 16:07:03.671, 22573
2026/09/26 16:07:04.171, 22573
2026/09/26 16:07:04.671, 22573
2026/09/26 16:07:05.171, 22573
2026/09/26 16:07:05.672, 22573
2026/09/26 16:07:06.172, 22573
2026/09/26 16:07:06.672, 22573
2026/09/26 16:07:07.172, 22573
2026/09/26 16:07:07.672, 22573
2026/09/26 16:07:08.172, 22573
2026/09/26 16:07:08.673, 22573
2026/09/26 16:07:09.173, 22573
2026/09/26 16:07:09.673, 22573
2026/09/26 16:07:10.173, 22573
2026/09/26 16:07:10.673, 22573
2026/09/26 16:07:11.173, 22573
2026/09/26 16:07:11.674, 22573
2026/09/26 16:07:12.174, 22573
2026/09/26 16:07:12.674, 22573
2026/09/26 16:07:13.174, 22573
2026/09/26 16:07:13.674, 22573
2026/09/26 16:07:14.174, 22573
2026/09/26 16:07:14.675, 22573
2026/09/26 16:07:15.175, 22573
2026/09/26 16:07:15.675, 22573
2026/09/26 16:07:16.175, 22573
2026/09/26 16:07:16.675, 22573
2026/09/26 16:07:17.175, 22573
2026/09/26 16:07:17.676, 22573
2026/09/26 16:07:18.176, 22573
2026/09/26 16:07:18.676, 22573
2026/09/26 16:07:19.176, 22573
2026/09/26 16:07:19.676, 22573
2026/09/26 16:07:20.176, 22573
2026/09/26 16:07:20.677, 22573
2026/09/26 16:07:21.177, 22573
2026/09/26 16:07:21.677, 22573
2026/09/26 16:07:22.177, 22573
2026/09/26 16:07:22.677, 22573
2026/09/26 16:07:23.177, 22573
2026/09/26 16:07:23.678, 22573
2026/09/26 16:07:24.178, 22573
2026/09/26 16:07:24.678, 22573
2026/09/26 16:07:25.178, 22573
2026/09/26 16:07:25.678, 22573
2026/09/26 16:07:26.178, 22573
2026/09/26 16:07:26.679, 22573
2026/09/26 16:07:27.179, 22573
2026/09/26 16:07:27.679, 22573
2026/09/26 16:07:28.179, 4
2026/09/26 16:07:28.679, 4
2026/09/26 16:07:29.179, 4
