2026/09/25 23:17:25.737, 1
2026/09/25 23:17:26.237, 1
2026/09/25 23:17:26.738, 1
2026/09/25 23:17:27.238, 1
2026/09/25 23:17:27.738, 1
2026/09/25 23:17:28.238, 1
2026/09/25 23:17:28.738, 1
2026/09/25 23:17:29.238, 4
2026/09/25 23:17:29.739, 4
2026/09/25 23:17:30.239, 4
2026/09/25 23:17:30.739, 4
2026/09/25 23:17:31.239, 4
2026/09/25 23:17:31.739, 4
2026/09/25 23:17:32.240, 4
2026/09/25 23:17:32.740, 4
2026/09/25 23:17:33.240, 4
2026/09/25 23:17:33.740, 4
2026/09/25 23:17:34.240, 4
2026/09/25 23:17:34.741, 4
2026/09/25 23:17:35.241, 4
2026/09/25 23:17:35.741, 4
2026/09/25 23:17:36.241, 4
2026/09/25 23:17:36.741, 4
2026/09/25 23:17:37.241, 4
2026/09/25 23:17:37.742, 4
2026/09/25 23:17:38.242, 4
2026/09/25 23:17:38.742, 535
2026/09/25 23:17:39.242, 535
2026/09/25 23:17:39.742, 535
2026/09/25 23:17:40.243, 535
2026/09/25 23:17:40.743, 9479
2026/09/25 23:17:41.243, 9479
2026/09/25 23:17:41.743, 9479
2026/09/25 23:17:42.243, 9479
2026/09/25 23:17:42.743, 9479
2026/09/25 23:17:43.244, 9479
2026/09/25 23:17:43.744, 9479
2026/09/25 23:17:44.244, 9479
2026/09/25 23:17:44.744, 9479
2026/09/25 23:17:45.244, 9479
2026/09/25 23:17:45.745, 9479
2026/09/25 23:17:46.245, 10565
2026/09/25 23:17:46.745, 15197
2026/09/25 23:17:47.245, 15197
2026/09/25 23:17:47.745, 15197
2026/09/25 23:17:48.246, 15197
2026/09/25 23:17:48.746, 15197
2026/09/25 23:17:49.246, 15197
2026/09/25 23:17:49.746, 15197
2026/09/25 23:17:50.246, 15197
2026/09/25 23:17:50.746, 15197
2026/09/25 23:17:51.247, 15199
2026/09/25 23:17:51.747, 15199
2026/09/25 23:17:52.247, 15645
2026/09/25 23:17:52.747, 9499
2026/09/25 23:17:53.247, 16339
2026/09/25 23:17:53.747, 16583
2026/09/25 23:17:54.248, 16703
2026/09/25 23:17:54.748, 16815
2026/09/25 23:17:55.248, 17001
2026/09/25 23:17:55.748, 17115
2026/09/25 23:17:56.248, 17243
2026/09/25 23:17:56.748, 18661
2026/09/25 23:17:57.249, 18661
2026/09/25 23:17:57.749, 18661
2026/09/25 23:17:58.249, 18661
2026/09/25 23:17:58.749, 18661
2026/09/25 23:17:59.249, 18661
2026/09/25 23:17:59.750, 18661
2026/09/25 23:18:00.250, 18661
2026/09/25 23:18:00.750, 18661
2026/09/25 23:18:01.250, 18661
2026/09/25 23:18:01.750, 18661
2026/09/25 23:18:02.250, 18661
2026/09/25 23:18:02.751, 18661
2026/09/25 23:18:03.251, 18661
2026/09/25 23:18:03.751, 18661
2026/09/25 23:18:04.251, 18661
2026/09/25 23:18:04.751, 18661
2026/09/25 23:18:05.251, 18661
2026/09/25 23:18:05.752, 18661
2026/09/25 23:18:06.252, 18661
2026/09/25 23:18:06.752, 18661
2026/09/25 23:18:07.252, 18661
2026/09/25 23:18:07.752, 18661
2026/09/25 23:18:08.253, 18661
2026/09/25 23:18:08.753, 18661
2026/09/25 23:18:09.253, 18661
2026/09/25 23:18:09.753, 18661
2026/09/25 23:18:10.253, 18661
2026/09/25 23:18:10.753, 18661
2026/09/25 23:18:11.254, 18661
2026/09/25 23:18:11.754, 18661
2026/09/25 23:18:12.254, 18661
2026/09/25 23:18:12.754, 18661
2026/09/25 23:18:13.254, 18661
2026/09/25 23:18:13.754, 18661
2026/09/25 23:18:14.255, 18661
2026/09/25 23:18:14.755, 18661
2026/09/25 23:18:15.255, 18661
2026/09/25 23:18:15.755, 18661
2026/09/25 23:18:16.255, 18665
2026/09/25 23:18:16.755, 18683
2026/09/25 23:18:17.256, 19639
2026/09/25 23:18:17.756, 19639
2026/09/25 23:18:18.256, 19639
2026/09/25 23:18:18.756, 19639
2026/09/25 23:18:19.256, 20135
2026/09/25 23:18:19.757, 20135
2026/09/25 23:18:20.257, 20135
2026/09/25 23:18:20.757, 20439
2026/09/25 23:18:21.257, 20439
2026/09/25 23:18:21.757, 20439
2026/09/25 23:18:22.257, 20439
2026/09/25 23:18:22.758, 20439
2026/09/25 23:18:23.258, 20439
2026/09/25 23:18:23.758, 20439
2026/09/25 23:18:24.258, 20439
2026/09/25 23:18:24.758, 20439
2026/09/25 23:18:25.259, 20439
2026/09/25 23:18:25.759, 20439
2026/09/25 23:18:26.259, 20439
2026/09/25 23:18:26.759, 20439
2026/09/25 23:18:27.259, 20439
2026/09/25 23:18:27.759, 20439
2026/09/25 23:18:28.260, 20439
2026/09/25 23:18:28.760, 20439
2026/09/25 23:18:29.260, 20439
2026/09/25 23:18:29.760, 20439
2026/09/25 23:18:30.260, 20439
2026/09/25 23:18:30.760, 20439
2026/09/25 23:18:31.261, 20439
2026/09/25 23:18:31.761, 20439
2026/09/25 23:18:32.261, 20439
2026/09/25 23:18:32.761, 20439
2026/09/25 23:18:33.261, 20439
2026/09/25 23:18:33.761, 20439
2026/09/25 23:18:34.262, 20439
2026/09/25 23:18:34.762, 20439
2026/09/25 23:18:35.262, 20439
2026/09/25 23:18:35.762, 20439
2026/09/25 23:18:36.262, 20439
2026/09/25 23:18:36.762, 20439
2026/09/25 23:18:37.263, 20439
2026/09/25 23:18:37.763, 20439
2026/09/25 23:18:38.263, 20439
2026/09/25 23:18:38.763, 20439
2026/09/25 23:18:39.263, 20439
2026/09/25 23:18:39.763, 20439
2026/09/25 23:18:40.264, 20439
2026/09/25 23:18:40.764, 20439
2026/09/25 23:18:41.264, 20439
2026/09/25 23:18:41.791, 20439
2026/09/25 23:18:42.291, 20439
2026/09/25 23:18:42.791, 20439
2026/09/25 23:18:43.291, 20439
2026/09/25 23:18:43.791, 20439
2026/09/25 23:18:44.292, 20439
2026/09/25 23:18:44.792, 20439
2026/09/25 23:18:45.292, 20439
2026/09/25 23:18:45.792, 20439
2026/09/25 23:18:46.292, 20439
2026/09/25 23:18:46.793, 20439
2026/09/25 23:18:47.293, 20439
2026/09/25 23:18:47.793, 20439
2026/09/25 23:18:48.293, 20439
2026/09/25 23:18:48.793, 20439
2026/09/25 23:18:49.293, 20439
2026/09/25 23:18:49.794, 20439
2026/09/25 23:18:50.294, 20439
2026/09/25 23:18:50.794, 20439
2026/09/25 23:18:51.294, 20439
2026/09/25 23:18:51.794, 20439
2026/09/25 23:18:52.294, 20439
2026/09/25 23:18:52.795, 20439
2026/09/25 23:18:53.295, 20439
2026/09/25 23:18:53.795, 20439
2026/09/25 23:18:54.295, 20439
2026/09/25 23:18:54.795, 20439
2026/09/25 23:18:55.295, 20439
2026/09/25 23:18:55.796, 20439
2026/09/25 23:18:56.296, 20439
2026/09/25 23:18:56.796, 20439
2026/09/25 23:18:57.296, 20439
2026/09/25 23:18:57.796, 20439
2026/09/25 23:18:58.296, 20439
2026/09/25 23:18:58.796, 20439
2026/09/25 23:18:59.297, 20439
2026/09/25 23:18:59.797, 20439
2026/09/25 23:19:00.297, 20439
2026/09/25 23:19:00.797, 20439
2026/09/25 23:19:01.297, 20439
2026/09/25 23:19:01.797, 20439
2026/09/25 23:19:02.298, 20439
2026/09/25 23:19:02.798, 20439
2026/09/25 23:19:03.298, 20439
2026/09/25 23:19:03.798, 20439
2026/09/25 23:19:04.298, 20439
2026/09/25 23:19:04.798, 20439
2026/09/25 23:19:05.298, 20439
2026/09/25 23:19:05.799, 20439
2026/09/25 23:19:06.299, 20439
2026/09/25 23:19:06.799, 20439
2026/09/25 23:19:07.299, 20439
2026/09/25 23:19:07.799, 20439
2026/09/25 23:19:08.299, 20439
2026/09/25 23:19:08.800, 20439
2026/09/25 23:19:09.300, 20439
2026/09/25 23:19:09.800, 20439
2026/09/25 23:19:10.300, 20439
2026/09/25 23:19:10.800, 20439
2026/09/25 23:19:11.300, 20439
2026/09/25 23:19:11.801, 20439
2026/09/25 23:19:12.301, 20439
2026/09/25 23:19:12.801, 20439
2026/09/25 23:19:13.301, 20439
2026/09/25 23:19:13.801, 20439
2026/09/25 23:19:14.301, 20439
2026/09/25 23:19:14.802, 20439
2026/09/25 23:19:15.302, 20439
2026/09/25 23:19:15.802, 20439
2026/09/25 23:19:16.302, 20439
2026/09/25 23:19:16.802, 20439
2026/09/25 23:19:17.302, 20439
2026/09/25 23:19:17.803, 20439
2026/09/25 23:19:18.303, 20439
2026/09/25 23:19:18.803, 20439
2026/09/25 23:19:19.303, 20439
2026/09/25 23:19:19.803, 20439
2026/09/25 23:19:20.303, 20439
2026/09/25 23:19:20.804, 20439
2026/09/25 23:19:21.304, 20439
2026/09/25 23:19:21.804, 20439
2026/09/25 23:19:22.304, 20439
2026/09/25 23:19:22.804, 20439
2026/09/25 23:19:23.304, 20439
2026/09/25 23:19:23.804, 20439
2026/09/25 23:19:24.305, 20439
2026/09/25 23:19:24.805, 20439
2026/09/25 23:19:25.305, 20439
2026/09/25 23:19:25.805, 20439
2026/09/25 23:19:26.305, 20439
2026/09/25 23:19:26.805, 20439
2026/09/25 23:19:27.305, 20439
2026/09/25 23:19:27.806, 20439
2026/09/25 23:19:28.306, 20439
2026/09/25 23:19:28.806, 20439
2026/09/25 23:19:29.306, 20439
2026/09/25 23:19:29.806, 20439
2026/09/25 23:19:30.306, 20439
2026/09/25 23:19:30.807, 20439
2026/09/25 23:19:31.307, 20439
2026/09/25 23:19:31.807, 20439
2026/09/25 23:19:32.307, 20439
2026/09/25 23:19:32.807, 20439
2026/09/25 23:19:33.307, 20439
2026/09/25 23:19:33.807, 20439
2026/09/25 23:19:34.308, 20439
2026/09/25 23:19:34.808, 20439
2026/09/25 23:19:35.308, 20439
2026/09/25 23:19:35.808, 20439
2026/09/25 23:19:36.308, 20439
2026/09/25 23:19:36.808, 20439
2026/09/25 23:19:37.309, 20439
2026/09/25 23:19:37.809, 20439
2026/09/25 23:19:38.309, 20439
2026/09/25 23:19:38.809, 20439
2026/09/25 23:19:39.309, 20439
2026/09/25 23:19:39.809, 20439
2026/09/25 23:19:40.309, 20439
2026/09/25 23:19:40.810, 20439
2026/09/25 23:19:41.310, 20439
2026/09/25 23:19:41.810, 20439
2026/09/25 23:19:42.310, 20439
2026/09/25 23:19:42.810, 20439
2026/09/25 23:19:43.310, 20439
2026/09/25 23:19:43.810, 20439
2026/09/25 23:19:44.310, 20439
2026/09/25 23:19:44.811, 20439
2026/09/25 23:19:45.311, 20439
2026/09/25 23:19:45.811, 20439
2026/09/25 23:19:46.311, 20439
2026/09/25 23:19:46.811, 20439
2026/09/25 23:19:47.311, 20439
2026/09/25 23:19:47.811, 20439
2026/09/25 23:19:48.312, 20439
2026/09/25 23:19:48.812, 20439
2026/09/25 23:19:49.312, 20439
2026/09/25 23:19:49.812, 20439
2026/09/25 23:19:50.312, 20439
2026/09/25 23:19:50.812, 20439
2026/09/25 23:19:51.312, 20439
2026/09/25 23:19:51.813, 20439
2026/09/25 23:19:52.332, 20439
2026/09/25 23:19:52.832, 20439
2026/09/25 23:19:53.332, 20439
2026/09/25 23:19:53.832, 20439
2026/09/25 23:19:54.332, 20439
2026/09/25 23:19:54.833, 20439
2026/09/25 23:19:55.333, 20439
2026/09/25 23:19:55.833, 20439
2026/09/25 23:19:56.333, 20439
2026/09/25 23:19:56.833, 20439
2026/09/25 23:19:57.333, 20439
2026/09/25 23:19:57.834, 20439
2026/09/25 23:19:58.334, 20439
2026/09/25 23:19:58.834, 20439
2026/09/25 23:19:59.334, 20439
2026/09/25 23:19:59.834, 20439
2026/09/25 23:20:00.334, 20439
2026/09/25 23:20:00.834, 20439
2026/09/25 23:20:01.335, 20439
2026/09/25 23:20:01.835, 20439
2026/09/25 23:20:02.335, 20439
2026/09/25 23:20:02.835, 20439
2026/09/25 23:20:03.335, 20439
2026/09/25 23:20:03.835, 20439
2026/09/25 23:20:04.335, 20439
2026/09/25 23:20:04.836, 20439
2026/09/25 23:20:05.336, 20439
2026/09/25 23:20:05.836, 20439
2026/09/25 23:20:06.336, 20439
2026/09/25 23:20:06.836, 20439
2026/09/25 23:20:07.337, 20439
2026/09/25 23:20:07.837, 20439
2026/09/25 23:20:08.337, 20439
2026/09/25 23:20:08.837, 20439
2026/09/25 23:20:09.337, 20439
2026/09/25 23:20:09.837, 20439
2026/09/25 23:20:10.337, 20439
2026/09/25 23:20:10.838, 20439
2026/09/25 23:20:11.338, 20439
2026/09/25 23:20:11.838, 20439
2026/09/25 23:20:12.338, 20439
2026/09/25 23:20:12.838, 20439
2026/09/25 23:20:13.338, 20439
2026/09/25 23:20:13.838, 20439
2026/09/25 23:20:14.339, 20439
2026/09/25 23:20:14.839, 20439
2026/09/25 23:20:15.339, 20439
2026/09/25 23:20:15.839, 20439
2026/09/25 23:20:16.339, 20439
2026/09/25 23:20:16.839, 20439
2026/09/25 23:20:17.340, 20439
2026/09/25 23:20:17.840, 20439
2026/09/25 23:20:18.340, 20439
2026/09/25 23:20:18.840, 20439
2026/09/25 23:20:19.340, 20439
2026/09/25 23:20:19.840, 20439
2026/09/25 23:20:20.340, 20439
2026/09/25 23:20:20.841, 20439
2026/09/25 23:20:21.341, 20439
2026/09/25 23:20:21.841, 20439
2026/09/25 23:20:22.341, 20439
2026/09/25 23:20:22.841, 20439
2026/09/25 23:20:23.341, 20439
2026/09/25 23:20:23.842, 20439
2026/09/25 23:20:24.342, 20439
2026/09/25 23:20:24.842, 20439
2026/09/25 23:20:25.342, 20439
2026/09/25 23:20:25.842, 20439
2026/09/25 23:20:26.343, 20439
2026/09/25 23:20:26.843, 20439
2026/09/25 23:20:27.343, 20439
2026/09/25 23:20:27.843, 20439
2026/09/25 23:20:28.343, 20439
2026/09/25 23:20:28.843, 20439
2026/09/25 23:20:29.343, 20439
2026/09/25 23:20:29.844, 20439
2026/09/25 23:20:30.344, 20439
2026/09/25 23:20:30.844, 20439
2026/09/25 23:20:31.344, 20439
2026/09/25 23:20:31.844, 20439
2026/09/25 23:20:32.344, 20439
2026/09/25 23:20:32.845, 20439
2026/09/25 23:20:33.345, 20439
2026/09/25 23:20:33.845, 20439
2026/09/25 23:20:34.345, 20439
2026/09/25 23:20:34.845, 20439
2026/09/25 23:20:35.345, 20439
2026/09/25 23:20:35.846, 20439
2026/09/25 23:20:36.346, 20439
2026/09/25 23:20:36.846, 20439
2026/09/25 23:20:37.346, 20439
2026/09/25 23:20:37.846, 20439
2026/09/25 23:20:38.346, 20439
2026/09/25 23:20:38.846, 20439
2026/09/25 23:20:39.347, 20439
2026/09/25 23:20:39.847, 20439
2026/09/25 23:20:40.347, 20439
2026/09/25 23:20:40.847, 20439
2026/09/25 23:20:41.347, 20439
2026/09/25 23:20:41.847, 20439
2026/09/25 23:20:42.347, 20439
2026/09/25 23:20:42.848, 20439
2026/09/25 23:20:43.348, 20439
2026/09/25 23:20:43.848, 20439
2026/09/25 23:20:44.348, 20439
2026/09/25 23:20:44.848, 20439
2026/09/25 23:20:45.348, 20439
2026/09/25 23:20:45.848, 20439
2026/09/25 23:20:46.349, 20439
2026/09/25 23:20:46.849, 20439
2026/09/25 23:20:47.349, 20439
2026/09/25 23:20:47.849, 20439
2026/09/25 23:20:48.349, 20439
2026/09/25 23:20:48.849, 20439
2026/09/25 23:20:49.350, 20439
2026/09/25 23:20:49.850, 20439
2026/09/25 23:20:50.350, 20439
2026/09/25 23:20:50.850, 20439
2026/09/25 23:20:51.350, 20439
2026/09/25 23:20:51.850, 20439
2026/09/25 23:20:52.351, 20439
2026/09/25 23:20:52.851, 20439
2026/09/25 23:20:53.351, 20439
2026/09/25 23:20:53.851, 20439
2026/09/25 23:20:54.351, 20439
2026/09/25 23:20:54.851, 20439
2026/09/25 23:20:55.351, 20439
2026/09/25 23:20:55.852, 20439
2026/09/25 23:20:56.352, 20439
2026/09/25 23:20:56.852, 20439
2026/09/25 23:20:57.352, 20439
2026/09/25 23:20:57.852, 20439
2026/09/25 23:20:58.353, 20439
2026/09/25 23:20:58.853, 20439
2026/09/25 23:20:59.353, 20439
2026/09/25 23:20:59.853, 20439
2026/09/25 23:21:00.353, 20439
2026/09/25 23:21:00.853, 20439
2026/09/25 23:21:01.354, 20439
2026/09/25 23:21:01.854, 20439
2026/09/25 23:21:02.354, 20439
2026/09/25 23:21:02.854, 20439
2026/09/25 23:21:03.354, 20439
2026/09/25 23:21:03.854, 20439
2026/09/25 23:21:04.355, 20439
2026/09/25 23:21:04.855, 20439
2026/09/25 23:21:05.355, 20439
2026/09/25 23:21:05.855, 20439
2026/09/25 23:21:06.355, 20439
2026/09/25 23:21:06.855, 20439
2026/09/25 23:21:07.356, 20439
2026/09/25 23:21:07.856, 20439
2026/09/25 23:21:08.356, 20439
2026/09/25 23:21:08.856, 20439
2026/09/25 23:21:09.356, 20439
2026/09/25 23:21:09.856, 20439
2026/09/25 23:21:10.357, 20439
2026/09/25 23:21:10.857, 20439
2026/09/25 23:21:11.357, 20439
2026/09/25 23:21:11.857, 20439
2026/09/25 23:21:12.357, 20439
2026/09/25 23:21:12.857, 20439
2026/09/25 23:21:13.357, 20439
2026/09/25 23:21:13.858, 20439
2026/09/25 23:21:14.358, 20439
2026/09/25 23:21:14.858, 20439
2026/09/25 23:21:15.358, 20439
2026/09/25 23:21:15.858, 20439
2026/09/25 23:21:16.358, 20439
2026/09/25 23:21:16.859, 20439
2026/09/25 23:21:17.359, 20439
2026/09/25 23:21:17.859, 20439
2026/09/25 23:21:18.359, 20439
2026/09/25 23:21:18.859, 20439
2026/09/25 23:21:19.359, 20439
2026/09/25 23:21:19.860, 20439
2026/09/25 23:21:20.360, 20439
2026/09/25 23:21:20.860, 20439
2026/09/25 23:21:21.360, 20439
2026/09/25 23:21:21.860, 20439
2026/09/25 23:21:22.361, 20439
2026/09/25 23:21:22.861, 20439
2026/09/25 23:21:23.361, 20439
2026/09/25 23:21:23.861, 20439
2026/09/25 23:21:24.361, 20439
2026/09/25 23:21:24.861, 20439
2026/09/25 23:21:25.362, 20439
2026/09/25 23:21:25.862, 20439
2026/09/25 23:21:26.362, 20439
2026/09/25 23:21:26.862, 20439
2026/09/25 23:21:27.362, 20439
2026/09/25 23:21:27.862, 20439
2026/09/25 23:21:28.362, 20439
2026/09/25 23:21:28.863, 20439
2026/09/25 23:21:29.363, 20439
2026/09/25 23:21:29.863, 20439
2026/09/25 23:21:30.363, 20439
2026/09/25 23:21:30.863, 20439
2026/09/25 23:21:31.363, 20439
2026/09/25 23:21:31.863, 20439
2026/09/25 23:21:32.364, 20439
2026/09/25 23:21:32.864, 20439
2026/09/25 23:21:33.364, 20439
2026/09/25 23:21:33.864, 20439
2026/09/25 23:21:34.364, 20439
2026/09/25 23:21:34.864, 20439
2026/09/25 23:21:35.364, 20439
2026/09/25 23:21:35.865, 20439
2026/09/25 23:21:36.365, 20439
2026/09/25 23:21:36.865, 20439
2026/09/25 23:21:37.365, 20439
2026/09/25 23:21:37.865, 20439
2026/09/25 23:21:38.365, 20439
2026/09/25 23:21:38.866, 20439
2026/09/25 23:21:39.366, 20439
2026/09/25 23:21:39.866, 20439
2026/09/25 23:21:40.366, 20439
2026/09/25 23:21:40.866, 20439
2026/09/25 23:21:41.366, 20439
2026/09/25 23:21:41.866, 20439
2026/09/25 23:21:42.367, 20439
2026/09/25 23:21:42.867, 20439
2026/09/25 23:21:43.367, 20439
2026/09/25 23:21:43.867, 20439
2026/09/25 23:21:44.367, 20439
2026/09/25 23:21:44.867, 20439
2026/09/25 23:21:45.368, 20439
2026/09/25 23:21:45.868, 20439
2026/09/25 23:21:46.368, 20439
2026/09/25 23:21:46.868, 20439
2026/09/25 23:21:47.368, 20439
2026/09/25 23:21:47.868, 20439
2026/09/25 23:21:48.369, 20439
2026/09/25 23:21:48.869, 20439
2026/09/25 23:21:49.369, 20439
2026/09/25 23:21:49.869, 20439
2026/09/25 23:21:50.369, 20439
2026/09/25 23:21:50.870, 20439
2026/09/25 23:21:51.370, 20439
2026/09/25 23:21:51.870, 20439
2026/09/25 23:21:52.370, 20439
2026/09/25 23:21:52.870, 20439
2026/09/25 23:21:53.370, 20439
2026/09/25 23:21:53.871, 20439
2026/09/25 23:21:54.371, 20439
2026/09/25 23:21:54.871, 20439
2026/09/25 23:21:55.371, 20439
2026/09/25 23:21:55.871, 20439
2026/09/25 23:21:56.371, 20439
2026/09/25 23:21:56.872, 20439
2026/09/25 23:21:57.372, 20439
2026/09/25 23:21:57.872, 20439
2026/09/25 23:21:58.372, 20439
2026/09/25 23:21:58.872, 20439
2026/09/25 23:21:59.373, 20439
2026/09/25 23:21:59.873, 20439
2026/09/25 23:22:00.373, 20439
2026/09/25 23:22:00.873, 20439
2026/09/25 23:22:01.373, 20439
2026/09/25 23:22:01.873, 20439
2026/09/25 23:22:02.374, 20439
2026/09/25 23:22:02.874, 20439
2026/09/25 23:22:03.374, 20439
2026/09/25 23:22:03.874, 20439
2026/09/25 23:22:04.374, 20439
2026/09/25 23:22:04.874, 20439
2026/09/25 23:22:05.375, 20439
2026/09/25 23:22:05.875, 20439
2026/09/25 23:22:06.375, 20439
2026/09/25 23:22:06.875, 20439
2026/09/25 23:22:07.375, 20439
2026/09/25 23:22:07.876, 20439
2026/09/25 23:22:08.376, 20439
2026/09/25 23:22:08.876, 20439
2026/09/25 23:22:09.376, 20439
2026/09/25 23:22:09.876, 20439
2026/09/25 23:22:10.376, 20439
2026/09/25 23:22:10.877, 20439
2026/09/25 23:22:11.377, 20439
2026/09/25 23:22:11.877, 20439
2026/09/25 23:22:12.377, 20439
2026/09/25 23:22:12.877, 20439
2026/09/25 23:22:13.377, 20439
2026/09/25 23:22:13.878, 20439
2026/09/25 23:22:14.378, 20439
2026/09/25 23:22:14.878, 20439
2026/09/25 23:22:15.378, 20439
2026/09/25 23:22:15.878, 20439
2026/09/25 23:22:16.378, 20439
2026/09/25 23:22:16.879, 20439
2026/09/25 23:22:17.379, 20439
2026/09/25 23:22:17.879, 20439
2026/09/25 23:22:18.379, 20439
2026/09/25 23:22:18.879, 20439
2026/09/25 23:22:19.379, 20439
2026/09/25 23:22:19.880, 20439
2026/09/25 23:22:20.380, 20439
2026/09/25 23:22:20.880, 20439
2026/09/25 23:22:21.380, 20439
2026/09/25 23:22:21.880, 20439
2026/09/25 23:22:22.380, 20439
2026/09/25 23:22:22.881, 20439
2026/09/25 23:22:23.381, 20439
2026/09/25 23:22:23.881, 20439
2026/09/25 23:22:24.381, 20439
2026/09/25 23:22:24.881, 20439
2026/09/25 23:22:25.381, 20439
2026/09/25 23:22:25.882, 20439
2026/09/25 23:22:26.382, 20439
2026/09/25 23:22:26.882, 20439
2026/09/25 23:22:27.382, 20439
2026/09/25 23:22:27.882, 20439
2026/09/25 23:22:28.382, 20439
2026/09/25 23:22:28.883, 20439
2026/09/25 23:22:29.383, 20439
2026/09/25 23:22:29.883, 20439
2026/09/25 23:22:30.383, 20439
2026/09/25 23:22:30.883, 20439
2026/09/25 23:22:31.383, 20439
2026/09/25 23:22:31.884, 20439
2026/09/25 23:22:32.384, 20439
2026/09/25 23:22:32.884, 20439
2026/09/25 23:22:33.384, 20439
2026/09/25 23:22:33.884, 20439
2026/09/25 23:22:34.385, 20439
2026/09/25 23:22:34.885, 20439
2026/09/25 23:22:35.385, 20439
2026/09/25 23:22:35.885, 20439
2026/09/25 23:22:36.385, 20439
2026/09/25 23:22:36.885, 20439
2026/09/25 23:22:37.386, 20439
2026/09/25 23:22:37.886, 20439
2026/09/25 23:22:38.386, 20439
2026/09/25 23:22:38.886, 20439
2026/09/25 23:22:39.386, 20439
2026/09/25 23:22:39.886, 20439
2026/09/25 23:22:40.386, 20439
2026/09/25 23:22:40.887, 20439
2026/09/25 23:22:41.387, 20439
2026/09/25 23:22:41.887, 20439
2026/09/25 23:22:42.387, 20439
2026/09/25 23:22:42.888, 20439
2026/09/25 23:22:43.388, 20439
2026/09/25 23:22:43.888, 20439
2026/09/25 23:22:44.388, 20439
2026/09/25 23:22:44.888, 20439
2026/09/25 23:22:45.388, 20439
2026/09/25 23:22:45.888, 20439
2026/09/25 23:22:46.389, 20439
2026/09/25 23:22:46.889, 20439
2026/09/25 23:22:47.389, 20439
2026/09/25 23:22:47.889, 20439
2026/09/25 23:22:48.389, 20439
2026/09/25 23:22:48.889, 20439
2026/09/25 23:22:49.390, 20439
2026/09/25 23:22:49.890, 20439
2026/09/25 23:22:50.390, 20439
2026/09/25 23:22:50.890, 20439
2026/09/25 23:22:51.390, 20439
2026/09/25 23:22:51.890, 20439
2026/09/25 23:22:52.391, 20439
2026/09/25 23:22:52.891, 20439
2026/09/25 23:22:53.391, 20439
2026/09/25 23:22:53.891, 20439
2026/09/25 23:22:54.391, 20439
2026/09/25 23:22:54.891, 20439
2026/09/25 23:22:55.391, 20439
2026/09/25 23:22:55.892, 20439
2026/09/25 23:22:56.392, 20439
2026/09/25 23:22:56.892, 20439
2026/09/25 23:22:57.392, 20439
2026/09/25 23:22:57.892, 20439
2026/09/25 23:22:58.392, 20439
2026/09/25 23:22:58.893, 20439
2026/09/25 23:22:59.393, 20439
2026/09/25 23:22:59.893, 20439
2026/09/25 23:23:00.396, 20439
2026/09/25 23:23:00.896, 20439
2026/09/25 23:23:01.396, 20439
2026/09/25 23:23:01.896, 20439
2026/09/25 23:23:02.397, 20439
2026/09/25 23:23:02.897, 20439
2026/09/25 23:23:03.397, 20439
2026/09/25 23:23:03.897, 20439
2026/09/25 23:23:04.397, 20439
2026/09/25 23:23:04.897, 20439
2026/09/25 23:23:05.398, 20439
2026/09/25 23:23:05.898, 20439
2026/09/25 23:23:06.398, 20439
2026/09/25 23:23:06.898, 20439
2026/09/25 23:23:07.398, 20439
2026/09/25 23:23:07.898, 20439
2026/09/25 23:23:08.398, 20439
2026/09/25 23:23:08.899, 20439
2026/09/25 23:23:09.399, 20439
2026/09/25 23:23:09.899, 20439
2026/09/25 23:23:10.399, 20439
2026/09/25 23:23:10.899, 20439
2026/09/25 23:23:11.399, 20439
2026/09/25 23:23:11.900, 20439
2026/09/25 23:23:12.400, 20439
2026/09/25 23:23:12.900, 20439
2026/09/25 23:23:13.400, 20439
2026/09/25 23:23:13.900, 20439
2026/09/25 23:23:14.400, 20439
2026/09/25 23:23:14.900, 20439
2026/09/25 23:23:15.401, 20439
2026/09/25 23:23:15.901, 20439
2026/09/25 23:23:16.401, 20439
2026/09/25 23:23:16.901, 20439
2026/09/25 23:23:17.401, 20439
2026/09/25 23:23:17.901, 20439
2026/09/25 23:23:18.402, 20439
2026/09/25 23:23:18.902, 20439
2026/09/25 23:23:19.402, 20439
2026/09/25 23:23:19.902, 20439
2026/09/25 23:23:20.402, 20439
2026/09/25 23:23:20.902, 20439
2026/09/25 23:23:21.403, 20439
2026/09/25 23:23:21.903, 20439
2026/09/25 23:23:22.403, 20439
2026/09/25 23:23:22.903, 20439
2026/09/25 23:23:23.403, 20439
2026/09/25 23:23:23.903, 20439
2026/09/25 23:23:24.403, 20439
2026/09/25 23:23:24.904, 20439
2026/09/25 23:23:25.404, 20439
2026/09/25 23:23:25.904, 20439
2026/09/25 23:23:26.404, 20439
2026/09/25 23:23:26.904, 20439
2026/09/25 23:23:27.405, 20439
2026/09/25 23:23:27.905, 20439
2026/09/25 23:23:28.405, 20439
2026/09/25 23:23:28.905, 20439
2026/09/25 23:23:29.405, 20439
2026/09/25 23:23:29.905, 20439
2026/09/25 23:23:30.405, 20439
2026/09/25 23:23:30.905, 20439
2026/09/25 23:23:31.406, 20439
2026/09/25 23:23:31.906, 20439
2026/09/25 23:23:32.406, 20439
2026/09/25 23:23:32.906, 20439
2026/09/25 23:23:33.406, 20439
2026/09/25 23:23:33.906, 20439
2026/09/25 23:23:34.406, 20439
2026/09/25 23:23:34.907, 20439
2026/09/25 23:23:35.407, 20439
2026/09/25 23:23:35.907, 20439
2026/09/25 23:23:36.407, 20439
2026/09/25 23:23:36.907, 20439
2026/09/25 23:23:37.407, 20439
2026/09/25 23:23:37.916, 20439
2026/09/25 23:23:38.416, 20439
2026/09/25 23:23:38.917, 20439
2026/09/25 23:23:39.417, 20439
2026/09/25 23:23:39.917, 20439
2026/09/25 23:23:40.417, 20439
2026/09/25 23:23:40.917, 20439
2026/09/25 23:23:41.417, 20439
2026/09/25 23:23:41.918, 20439
2026/09/25 23:23:42.418, 20439
2026/09/25 23:23:42.918, 20439
2026/09/25 23:23:43.418, 20439
2026/09/25 23:23:43.918, 20439
2026/09/25 23:23:44.418, 20439
2026/09/25 23:23:44.918, 20439
2026/09/25 23:23:45.419, 20439
2026/09/25 23:23:45.919, 20439
2026/09/25 23:23:46.419, 20439
2026/09/25 23:23:46.919, 20439
2026/09/25 23:23:47.419, 20439
2026/09/25 23:23:47.919, 20439
2026/09/25 23:23:48.420, 20439
2026/09/25 23:23:48.920, 20439
2026/09/25 23:23:49.420, 20439
2026/09/25 23:23:49.921, 20439
2026/09/25 23:23:50.421, 20439
2026/09/25 23:23:50.921, 20439
2026/09/25 23:23:51.421, 20439
2026/09/25 23:23:51.921, 20439
2026/09/25 23:23:52.421, 20439
2026/09/25 23:23:52.922, 20439
2026/09/25 23:23:53.422, 20439
2026/09/25 23:23:53.922, 20439
2026/09/25 23:23:54.422, 20439
2026/09/25 23:23:54.922, 20439
2026/09/25 23:23:55.422, 20439
2026/09/25 23:23:55.923, 20439
2026/09/25 23:23:56.423, 20439
2026/09/25 23:23:56.923, 20439
2026/09/25 23:23:57.423, 20439
2026/09/25 23:23:57.923, 20439
2026/09/25 23:23:58.423, 20439
2026/09/25 23:23:58.924, 20439
2026/09/25 23:23:59.424, 20439
2026/09/25 23:23:59.924, 20439
2026/09/25 23:24:00.424, 20439
2026/09/25 23:24:00.924, 20439
2026/09/25 23:24:01.424, 20439
2026/09/25 23:24:01.925, 20439
2026/09/25 23:24:02.425, 20439
2026/09/25 23:24:02.925, 20439
2026/09/25 23:24:03.425, 20439
2026/09/25 23:24:03.925, 20439
2026/09/25 23:24:04.426, 20439
2026/09/25 23:24:04.926, 20439
2026/09/25 23:24:05.426, 20439
2026/09/25 23:24:05.926, 20439
2026/09/25 23:24:06.426, 20439
2026/09/25 23:24:06.926, 20439
2026/09/25 23:24:07.427, 20439
2026/09/25 23:24:07.927, 20439
2026/09/25 23:24:08.427, 20439
2026/09/25 23:24:08.927, 20439
2026/09/25 23:24:09.427, 20439
2026/09/25 23:24:09.927, 20439
2026/09/25 23:24:10.428, 20439
2026/09/25 23:24:10.928, 20439
2026/09/25 23:24:11.428, 20439
2026/09/25 23:24:11.928, 20439
2026/09/25 23:24:12.428, 20439
2026/09/25 23:24:12.929, 20439
2026/09/25 23:24:13.429, 20439
2026/09/25 23:24:13.929, 20439
2026/09/25 23:24:14.429, 20439
2026/09/25 23:24:14.929, 20439
2026/09/25 23:24:15.429, 20439
2026/09/25 23:24:15.930, 20439
2026/09/25 23:24:16.430, 20439
2026/09/25 23:24:16.930, 20439
2026/09/25 23:24:17.430, 20439
2026/09/25 23:24:17.930, 20439
2026/09/25 23:24:18.430, 20439
2026/09/25 23:24:18.930, 20439
2026/09/25 23:24:19.431, 20439
2026/09/25 23:24:19.931, 20439
2026/09/25 23:24:20.431, 20439
2026/09/25 23:24:20.931, 20439
2026/09/25 23:24:21.431, 20439
2026/09/25 23:24:21.931, 20439
2026/09/25 23:24:22.431, 20439
2026/09/25 23:24:22.932, 20439
2026/09/25 23:24:23.432, 20439
2026/09/25 23:24:23.932, 20439
2026/09/25 23:24:24.432, 20439
2026/09/25 23:24:24.932, 20439
2026/09/25 23:24:25.432, 20439
2026/09/25 23:24:25.933, 20439
2026/09/25 23:24:26.433, 20439
2026/09/25 23:24:26.933, 20439
2026/09/25 23:24:27.433, 20439
2026/09/25 23:24:27.933, 20439
2026/09/25 23:24:28.433, 20439
2026/09/25 23:24:28.934, 20439
2026/09/25 23:24:29.434, 20439
2026/09/25 23:24:29.934, 20439
2026/09/25 23:24:30.434, 20439
2026/09/25 23:24:30.934, 20439
2026/09/25 23:24:31.434, 20439
2026/09/25 23:24:31.934, 20439
2026/09/25 23:24:32.435, 20439
2026/09/25 23:24:32.935, 20439
2026/09/25 23:24:33.435, 20439
2026/09/25 23:24:33.935, 20439
2026/09/25 23:24:34.435, 20439
2026/09/25 23:24:34.935, 20439
2026/09/25 23:24:35.436, 20439
2026/09/25 23:24:35.936, 20439
2026/09/25 23:24:36.436, 20439
2026/09/25 23:24:36.936, 20439
2026/09/25 23:24:37.436, 20439
2026/09/25 23:24:37.937, 20439
2026/09/25 23:24:38.437, 20439
2026/09/25 23:24:38.937, 20439
2026/09/25 23:24:39.437, 20439
2026/09/25 23:24:39.937, 20439
2026/09/25 23:24:40.437, 20439
2026/09/25 23:24:40.938, 20439
2026/09/25 23:24:41.438, 20439
2026/09/25 23:24:41.938, 20439
2026/09/25 23:24:42.438, 20439
2026/09/25 23:24:42.938, 20439
2026/09/25 23:24:43.438, 20439
2026/09/25 23:24:43.939, 20439
2026/09/25 23:24:44.439, 20439
2026/09/25 23:24:44.939, 20439
2026/09/25 23:24:45.439, 20439
2026/09/25 23:24:45.940, 20439
2026/09/25 23:24:46.440, 20439
2026/09/25 23:24:46.940, 20439
2026/09/25 23:24:47.440, 20439
2026/09/25 23:24:47.940, 20439
2026/09/25 23:24:48.440, 20439
2026/09/25 23:24:48.941, 20439
2026/09/25 23:24:49.441, 20439
2026/09/25 23:24:49.941, 20439
2026/09/25 23:24:50.441, 20439
2026/09/25 23:24:50.941, 20439
2026/09/25 23:24:51.441, 20439
2026/09/25 23:24:51.941, 20439
2026/09/25 23:24:52.442, 20439
2026/09/25 23:24:52.942, 20439
2026/09/25 23:24:53.442, 20439
2026/09/25 23:24:53.942, 20439
2026/09/25 23:24:54.442, 20439
2026/09/25 23:24:54.942, 20439
2026/09/25 23:24:55.443, 20439
2026/09/25 23:24:55.943, 20439
2026/09/25 23:24:56.443, 20439
2026/09/25 23:24:56.943, 20439
2026/09/25 23:24:57.443, 20439
2026/09/25 23:24:57.943, 20439
2026/09/25 23:24:58.444, 20439
2026/09/25 23:24:58.944, 20439
2026/09/25 23:24:59.444, 20439
2026/09/25 23:24:59.944, 20439
2026/09/25 23:25:00.444, 20439
2026/09/25 23:25:00.944, 20439
2026/09/25 23:25:01.445, 20439
2026/09/25 23:25:01.945, 20439
2026/09/25 23:25:02.445, 20439
2026/09/25 23:25:02.945, 20439
2026/09/25 23:25:03.445, 20439
2026/09/25 23:25:03.945, 20439
2026/09/25 23:25:04.446, 20439
2026/09/25 23:25:04.946, 20439
2026/09/25 23:25:05.446, 20439
2026/09/25 23:25:05.946, 20439
2026/09/25 23:25:06.446, 20439
2026/09/25 23:25:06.946, 20439
2026/09/25 23:25:07.446, 20439
2026/09/25 23:25:07.947, 20439
2026/09/25 23:25:08.447, 20439
2026/09/25 23:25:08.947, 20439
2026/09/25 23:25:09.447, 20439
2026/09/25 23:25:09.947, 20439
2026/09/25 23:25:10.447, 20439
2026/09/25 23:25:10.948, 20439
2026/09/25 23:25:11.448, 20439
2026/09/25 23:25:11.948, 20439
2026/09/25 23:25:12.448, 20439
2026/09/25 23:25:12.948, 20439
2026/09/25 23:25:13.448, 20439
2026/09/25 23:25:13.948, 20439
2026/09/25 23:25:14.449, 20439
2026/09/25 23:25:14.949, 20439
2026/09/25 23:25:15.449, 20439
2026/09/25 23:25:15.949, 20439
2026/09/25 23:25:16.449, 20439
2026/09/25 23:25:16.949, 20439
2026/09/25 23:25:17.450, 20439
2026/09/25 23:25:17.950, 20439
2026/09/25 23:25:18.450, 20439
2026/09/25 23:25:18.950, 20439
2026/09/25 23:25:19.450, 20439
2026/09/25 23:25:19.950, 20439
2026/09/25 23:25:20.450, 20439
2026/09/25 23:25:20.951, 20439
2026/09/25 23:25:21.451, 20439
2026/09/25 23:25:21.951, 20439
2026/09/25 23:25:22.451, 20439
2026/09/25 23:25:22.951, 20439
2026/09/25 23:25:23.451, 20439
2026/09/25 23:25:23.952, 20439
2026/09/25 23:25:24.452, 20439
2026/09/25 23:25:24.952, 20439
2026/09/25 23:25:25.452, 20439
2026/09/25 23:25:25.952, 20439
2026/09/25 23:25:26.452, 20439
2026/09/25 23:25:26.952, 20439
2026/09/25 23:25:27.453, 20439
2026/09/25 23:25:27.953, 20439
2026/09/25 23:25:28.453, 20439
2026/09/25 23:25:28.953, 20439
2026/09/25 23:25:29.453, 20439
2026/09/25 23:25:29.953, 20439
2026/09/25 23:25:30.453, 20439
2026/09/25 23:25:30.954, 20439
2026/09/25 23:25:31.454, 20439
2026/09/25 23:25:31.954, 20439
2026/09/25 23:25:32.454, 20439
2026/09/25 23:25:32.954, 20439
2026/09/25 23:25:33.454, 20439
2026/09/25 23:25:33.955, 20439
2026/09/25 23:25:34.455, 20439
2026/09/25 23:25:34.955, 20439
2026/09/25 23:25:35.455, 20439
2026/09/25 23:25:35.955, 20439
2026/09/25 23:25:36.455, 20439
2026/09/25 23:25:36.955, 20439
2026/09/25 23:25:37.456, 20439
2026/09/25 23:25:37.956, 20439
2026/09/25 23:25:38.456, 20439
2026/09/25 23:25:38.956, 20439
2026/09/25 23:25:39.456, 20439
2026/09/25 23:25:39.956, 20439
2026/09/25 23:25:40.457, 20439
2026/09/25 23:25:40.957, 20439
2026/09/25 23:25:41.457, 20439
2026/09/25 23:25:41.957, 20439
2026/09/25 23:25:42.457, 20439
2026/09/25 23:25:42.957, 20439
2026/09/25 23:25:43.458, 20439
2026/09/25 23:25:43.958, 20439
2026/09/25 23:25:44.458, 20439
2026/09/25 23:25:44.958, 20439
2026/09/25 23:25:45.458, 20439
2026/09/25 23:25:45.958, 20439
2026/09/25 23:25:46.459, 20439
2026/09/25 23:25:46.959, 20439
2026/09/25 23:25:47.459, 20439
2026/09/25 23:25:47.959, 20439
2026/09/25 23:25:48.459, 20439
2026/09/25 23:25:48.959, 20439
2026/09/25 23:25:49.459, 20439
2026/09/25 23:25:49.960, 20439
2026/09/25 23:25:50.460, 20439
2026/09/25 23:25:50.960, 20439
2026/09/25 23:25:51.460, 20439
2026/09/25 23:25:51.960, 20439
2026/09/25 23:25:52.460, 20439
2026/09/25 23:25:52.961, 20439
2026/09/25 23:25:53.461, 20439
2026/09/25 23:25:53.961, 20439
2026/09/25 23:25:54.461, 20439
2026/09/25 23:25:54.961, 20439
2026/09/25 23:25:55.461, 20439
2026/09/25 23:25:55.962, 20439
2026/09/25 23:25:56.462, 20439
2026/09/25 23:25:56.962, 20439
2026/09/25 23:25:57.462, 20439
2026/09/25 23:25:57.962, 20439
2026/09/25 23:25:58.462, 20439
2026/09/25 23:25:58.962, 20439
2026/09/25 23:25:59.463, 20439
2026/09/25 23:25:59.963, 20439
2026/09/25 23:26:00.463, 20439
2026/09/25 23:26:00.963, 20439
2026/09/25 23:26:01.463, 20439
2026/09/25 23:26:01.963, 20439
2026/09/25 23:26:02.464, 20439
2026/09/25 23:26:02.964, 20439
2026/09/25 23:26:03.465, 20439
2026/09/25 23:26:03.965, 20439
2026/09/25 23:26:04.465, 20439
2026/09/25 23:26:04.966, 20439
2026/09/25 23:26:05.466, 20439
2026/09/25 23:26:05.966, 20439
2026/09/25 23:26:06.466, 20439
2026/09/25 23:26:06.966, 20439
2026/09/25 23:26:07.466, 20439
2026/09/25 23:26:07.967, 20439
2026/09/25 23:26:08.467, 20439
2026/09/25 23:26:08.967, 20439
2026/09/25 23:26:09.467, 20439
2026/09/25 23:26:09.967, 20439
2026/09/25 23:26:10.468, 20439
2026/09/25 23:26:10.968, 20439
2026/09/25 23:26:11.468, 20439
2026/09/25 23:26:11.968, 20439
2026/09/25 23:26:12.468, 20439
2026/09/25 23:26:12.968, 20439
2026/09/25 23:26:13.468, 20439
2026/09/25 23:26:13.969, 20439
2026/09/25 23:26:14.469, 20439
2026/09/25 23:26:14.969, 20439
2026/09/25 23:26:15.469, 20439
2026/09/25 23:26:15.969, 20439
2026/09/25 23:26:16.469, 20439
2026/09/25 23:26:16.970, 20439
2026/09/25 23:26:17.470, 20439
2026/09/25 23:26:17.970, 20439
2026/09/25 23:26:18.470, 20439
2026/09/25 23:26:18.970, 20439
2026/09/25 23:26:19.470, 20439
2026/09/25 23:26:19.971, 20439
2026/09/25 23:26:20.471, 20439
2026/09/25 23:26:20.971, 20439
2026/09/25 23:26:21.471, 20439
2026/09/25 23:26:21.971, 20439
2026/09/25 23:26:22.471, 20439
2026/09/25 23:26:22.971, 20439
2026/09/25 23:26:23.472, 20439
2026/09/25 23:26:23.972, 20439
2026/09/25 23:26:24.472, 20439
2026/09/25 23:26:24.972, 20439
2026/09/25 23:26:25.472, 20439
2026/09/25 23:26:25.972, 20439
2026/09/25 23:26:26.473, 20439
2026/09/25 23:26:26.973, 20439
2026/09/25 23:26:27.473, 20439
2026/09/25 23:26:27.973, 20439
2026/09/25 23:26:28.473, 20439
2026/09/25 23:26:28.973, 20439
2026/09/25 23:26:29.474, 20439
2026/09/25 23:26:29.974, 20439
2026/09/25 23:26:30.474, 20439
2026/09/25 23:26:30.974, 20439
2026/09/25 23:26:31.474, 20439
2026/09/25 23:26:31.974, 20439
2026/09/25 23:26:32.475, 20439
2026/09/25 23:26:32.975, 20439
2026/09/25 23:26:33.475, 20439
2026/09/25 23:26:33.975, 20439
2026/09/25 23:26:34.475, 20439
2026/09/25 23:26:34.975, 20439
2026/09/25 23:26:35.475, 20439
2026/09/25 23:26:35.976, 20439
2026/09/25 23:26:36.476, 20439
2026/09/25 23:26:36.976, 20439
2026/09/25 23:26:37.476, 20439
2026/09/25 23:26:37.976, 20439
2026/09/25 23:26:38.477, 20439
2026/09/25 23:26:38.977, 20439
2026/09/25 23:26:39.477, 20439
2026/09/25 23:26:39.977, 20439
2026/09/25 23:26:40.477, 20439
2026/09/25 23:26:40.977, 20439
2026/09/25 23:26:41.477, 20439
2026/09/25 23:26:41.978, 20439
2026/09/25 23:26:42.478, 20439
2026/09/25 23:26:42.978, 20439
2026/09/25 23:26:43.478, 20439
2026/09/25 23:26:43.978, 20439
2026/09/25 23:26:44.478, 20439
2026/09/25 23:26:44.978, 20439
2026/09/25 23:26:45.479, 20439
2026/09/25 23:26:45.979, 20439
2026/09/25 23:26:46.479, 20439
2026/09/25 23:26:46.979, 20439
2026/09/25 23:26:47.479, 20439
2026/09/25 23:26:47.979, 20439
2026/09/25 23:26:48.479, 20439
2026/09/25 23:26:48.980, 20439
2026/09/25 23:26:49.480, 20439
2026/09/25 23:26:49.980, 20439
2026/09/25 23:26:50.480, 20439
2026/09/25 23:26:50.980, 20439
2026/09/25 23:26:51.480, 20439
2026/09/25 23:26:51.981, 20439
2026/09/25 23:26:52.481, 20439
2026/09/25 23:26:52.981, 20439
2026/09/25 23:26:53.481, 20439
2026/09/25 23:26:53.981, 20439
2026/09/25 23:26:54.481, 20439
2026/09/25 23:26:54.981, 20439
2026/09/25 23:26:55.482, 20439
2026/09/25 23:26:55.982, 20439
2026/09/25 23:26:56.482, 20439
2026/09/25 23:26:56.982, 20439
2026/09/25 23:26:57.482, 20439
2026/09/25 23:26:57.982, 20439
2026/09/25 23:26:58.482, 20439
2026/09/25 23:26:58.983, 20439
2026/09/25 23:26:59.483, 20439
2026/09/25 23:26:59.983, 20439
2026/09/25 23:27:00.483, 20439
2026/09/25 23:27:00.983, 20439
2026/09/25 23:27:01.483, 20439
2026/09/25 23:27:01.983, 20439
2026/09/25 23:27:02.484, 20439
2026/09/25 23:27:02.984, 20439
2026/09/25 23:27:03.484, 20439
2026/09/25 23:27:03.984, 20439
2026/09/25 23:27:04.484, 20439
2026/09/25 23:27:04.984, 20439
2026/09/25 23:27:05.485, 20439
2026/09/25 23:27:05.985, 20439
2026/09/25 23:27:06.485, 20439
2026/09/25 23:27:06.985, 20439
2026/09/25 23:27:07.485, 20439
2026/09/25 23:27:07.985, 20439
2026/09/25 23:27:08.485, 20439
2026/09/25 23:27:08.986, 20439
2026/09/25 23:27:09.486, 20439
2026/09/25 23:27:09.986, 20439
2026/09/25 23:27:10.486, 20439
2026/09/25 23:27:10.986, 20439
2026/09/25 23:27:11.486, 20439
2026/09/25 23:27:11.986, 20439
2026/09/25 23:27:12.487, 20439
2026/09/25 23:27:12.987, 20439
2026/09/25 23:27:13.487, 20439
2026/09/25 23:27:13.987, 20439
2026/09/25 23:27:14.487, 20439
2026/09/25 23:27:14.987, 20439
2026/09/25 23:27:15.488, 20439
2026/09/25 23:27:15.988, 20439
2026/09/25 23:27:16.488, 20439
2026/09/25 23:27:16.988, 20439
2026/09/25 23:27:17.488, 20439
2026/09/25 23:27:17.988, 20439
2026/09/25 23:27:18.488, 20439
2026/09/25 23:27:18.989, 20439
2026/09/25 23:27:19.489, 20439
2026/09/25 23:27:19.989, 20439
2026/09/25 23:27:20.489, 20439
2026/09/25 23:27:20.989, 20439
2026/09/25 23:27:21.489, 20439
2026/09/25 23:27:21.989, 20439
2026/09/25 23:27:22.490, 20439
2026/09/25 23:27:22.990, 20439
2026/09/25 23:27:23.490, 20439
2026/09/25 23:27:23.990, 20439
2026/09/25 23:27:24.490, 20439
2026/09/25 23:27:24.990, 20439
2026/09/25 23:27:25.491, 20439
2026/09/25 23:27:25.991, 20439
2026/09/25 23:27:26.491, 20439
2026/09/25 23:27:26.991, 20439
2026/09/25 23:27:27.491, 20439
2026/09/25 23:27:27.991, 20439
2026/09/25 23:27:28.492, 20439
2026/09/25 23:27:28.992, 20439
2026/09/25 23:27:29.492, 20439
2026/09/25 23:27:29.992, 20439
2026/09/25 23:27:30.492, 20439
2026/09/25 23:27:30.992, 20439
2026/09/25 23:27:31.492, 20439
2026/09/25 23:27:31.993, 20439
2026/09/25 23:27:32.493, 20439
2026/09/25 23:27:32.993, 20439
2026/09/25 23:27:33.493, 20439
2026/09/25 23:27:33.993, 20439
2026/09/25 23:27:34.493, 20439
2026/09/25 23:27:34.994, 20439
2026/09/25 23:27:35.494, 20439
2026/09/25 23:27:35.994, 20439
2026/09/25 23:27:36.494, 20439
2026/09/25 23:27:36.994, 20439
2026/09/25 23:27:37.494, 20439
2026/09/25 23:27:37.994, 20439
2026/09/25 23:27:38.495, 20439
2026/09/25 23:27:38.995, 20439
2026/09/25 23:27:39.495, 20439
2026/09/25 23:27:39.995, 20439
2026/09/25 23:27:40.495, 20439
2026/09/25 23:27:40.995, 20439
2026/09/25 23:27:41.496, 20439
2026/09/25 23:27:41.996, 20439
2026/09/25 23:27:42.496, 20439
2026/09/25 23:27:42.996, 20439
2026/09/25 23:27:43.496, 20439
2026/09/25 23:27:43.996, 20439
2026/09/25 23:27:44.496, 20439
2026/09/25 23:27:44.997, 20439
2026/09/25 23:27:45.497, 20439
2026/09/25 23:27:45.997, 20439
2026/09/25 23:27:46.497, 20439
2026/09/25 23:27:46.997, 20439
2026/09/25 23:27:47.497, 20439
2026/09/25 23:27:47.997, 20439
2026/09/25 23:27:48.498, 20439
2026/09/25 23:27:48.998, 20439
2026/09/25 23:27:49.498, 20439
2026/09/25 23:27:49.998, 20439
2026/09/25 23:27:50.498, 20439
2026/09/25 23:27:50.998, 20439
2026/09/25 23:27:51.499, 20439
2026/09/25 23:27:51.999, 20439
2026/09/25 23:27:52.499, 20439
2026/09/25 23:27:52.999, 20439
2026/09/25 23:27:53.499, 20439
2026/09/25 23:27:53.999, 20439
2026/09/25 23:27:54.499, 20439
2026/09/25 23:27:55.000, 20439
2026/09/25 23:27:55.500, 20439
2026/09/25 23:27:56.000, 20439
2026/09/25 23:27:56.500, 20439
2026/09/25 23:27:57.000, 20439
2026/09/25 23:27:57.500, 20439
2026/09/25 23:27:58.000, 20439
2026/09/25 23:27:58.501, 20439
2026/09/25 23:27:59.001, 20439
2026/09/25 23:27:59.501, 20439
2026/09/25 23:28:00.001, 20439
2026/09/25 23:28:00.501, 20439
2026/09/25 23:28:01.001, 20439
2026/09/25 23:28:01.502, 20439
2026/09/25 23:28:02.002, 20439
2026/09/25 23:28:02.502, 20439
2026/09/25 23:28:03.002, 20439
2026/09/25 23:28:03.502, 20439
2026/09/25 23:28:04.002, 20439
2026/09/25 23:28:04.503, 20439
2026/09/25 23:28:05.003, 20439
2026/09/25 23:28:05.503, 20439
2026/09/25 23:28:06.003, 20439
2026/09/25 23:28:06.503, 20439
2026/09/25 23:28:07.003, 20439
2026/09/25 23:28:07.503, 20439
2026/09/25 23:28:08.004, 20439
2026/09/25 23:28:08.504, 20439
2026/09/25 23:28:09.004, 20439
2026/09/25 23:28:09.504, 20439
2026/09/25 23:28:10.004, 20439
2026/09/25 23:28:10.504, 20439
2026/09/25 23:28:11.005, 20439
2026/09/25 23:28:11.505, 20439
2026/09/25 23:28:12.005, 20439
2026/09/25 23:28:12.505, 20439
2026/09/25 23:28:13.005, 20439
2026/09/25 23:28:13.505, 20439
2026/09/25 23:28:14.006, 20439
2026/09/25 23:28:14.506, 20439
2026/09/25 23:28:15.006, 20439
2026/09/25 23:28:15.506, 20439
2026/09/25 23:28:16.006, 20439
2026/09/25 23:28:16.506, 20439
2026/09/25 23:28:17.007, 20439
2026/09/25 23:28:17.507, 20439
2026/09/25 23:28:18.007, 20439
2026/09/25 23:28:18.507, 20439
2026/09/25 23:28:19.007, 20439
2026/09/25 23:28:19.507, 20439
2026/09/25 23:28:20.008, 20439
2026/09/25 23:28:20.508, 20439
2026/09/25 23:28:21.008, 20439
2026/09/25 23:28:21.508, 20439
2026/09/25 23:28:22.008, 20439
2026/09/25 23:28:22.509, 20439
2026/09/25 23:28:23.009, 20439
2026/09/25 23:28:23.509, 20439
2026/09/25 23:28:24.009, 20439
2026/09/25 23:28:24.509, 20439
2026/09/25 23:28:25.009, 20439
2026/09/25 23:28:25.510, 20439
2026/09/25 23:28:26.010, 20439
2026/09/25 23:28:26.510, 20439
2026/09/25 23:28:27.010, 20439
2026/09/25 23:28:27.510, 20439
2026/09/25 23:28:28.011, 20439
2026/09/25 23:28:28.511, 20439
2026/09/25 23:28:29.011, 20439
2026/09/25 23:28:29.511, 20439
2026/09/25 23:28:30.011, 20439
2026/09/25 23:28:30.511, 20439
2026/09/25 23:28:31.012, 20439
2026/09/25 23:28:31.512, 20439
2026/09/25 23:28:32.012, 20439
2026/09/25 23:28:32.512, 20439
2026/09/25 23:28:33.012, 20439
2026/09/25 23:28:33.512, 20439
2026/09/25 23:28:34.012, 20439
2026/09/25 23:28:34.513, 20439
2026/09/25 23:28:35.013, 20439
2026/09/25 23:28:35.513, 20439
2026/09/25 23:28:36.013, 20439
2026/09/25 23:28:36.513, 20439
2026/09/25 23:28:37.013, 20439
2026/09/25 23:28:37.514, 20439
2026/09/25 23:28:38.014, 20439
2026/09/25 23:28:38.514, 20439
2026/09/25 23:28:39.014, 20439
2026/09/25 23:28:39.514, 20439
2026/09/25 23:28:40.014, 20439
2026/09/25 23:28:40.515, 20439
2026/09/25 23:28:41.015, 20439
2026/09/25 23:28:41.515, 20439
2026/09/25 23:28:42.015, 20439
2026/09/25 23:28:42.515, 20439
2026/09/25 23:28:43.015, 20439
2026/09/25 23:28:43.516, 20439
2026/09/25 23:28:44.016, 20439
2026/09/25 23:28:44.516, 20439
2026/09/25 23:28:45.016, 20439
2026/09/25 23:28:45.516, 20439
2026/09/25 23:28:46.016, 20439
2026/09/25 23:28:46.517, 20439
2026/09/25 23:28:47.017, 20439
2026/09/25 23:28:47.517, 20439
2026/09/25 23:28:48.017, 20439
2026/09/25 23:28:48.517, 20439
2026/09/25 23:28:49.017, 20439
2026/09/25 23:28:49.518, 20439
2026/09/25 23:28:50.018, 20439
2026/09/25 23:28:50.518, 20439
2026/09/25 23:28:51.018, 20439
2026/09/25 23:28:51.518, 20439
2026/09/25 23:28:52.018, 20439
2026/09/25 23:28:52.518, 20439
2026/09/25 23:28:53.019, 20439
2026/09/25 23:28:53.519, 20439
2026/09/25 23:28:54.019, 20439
2026/09/25 23:28:54.519, 20439
2026/09/25 23:28:55.019, 20439
2026/09/25 23:28:55.519, 20439
2026/09/25 23:28:56.020, 20439
2026/09/25 23:28:56.520, 20439
2026/09/25 23:28:57.020, 20439
2026/09/25 23:28:57.520, 20439
2026/09/25 23:28:58.020, 20439
2026/09/25 23:28:58.520, 20439
2026/09/25 23:28:59.021, 20439
2026/09/25 23:28:59.521, 20439
2026/09/25 23:29:00.021, 20439
2026/09/25 23:29:00.521, 20439
2026/09/25 23:29:01.021, 20439
2026/09/25 23:29:01.521, 20439
2026/09/25 23:29:02.021, 20439
2026/09/25 23:29:02.522, 20439
2026/09/25 23:29:03.022, 20439
2026/09/25 23:29:03.522, 20439
2026/09/25 23:29:04.022, 20439
2026/09/25 23:29:04.522, 20439
2026/09/25 23:29:05.022, 20439
2026/09/25 23:29:05.523, 20439
2026/09/25 23:29:06.023, 20439
2026/09/25 23:29:06.523, 20439
2026/09/25 23:29:07.023, 20439
2026/09/25 23:29:07.523, 20439
2026/09/25 23:29:08.023, 20439
2026/09/25 23:29:08.523, 20439
2026/09/25 23:29:09.024, 20439
2026/09/25 23:29:09.524, 20439
2026/09/25 23:29:10.024, 20439
2026/09/25 23:29:10.524, 20439
2026/09/25 23:29:11.024, 20439
2026/09/25 23:29:11.524, 20439
2026/09/25 23:29:12.025, 20439
2026/09/25 23:29:12.525, 20439
2026/09/25 23:29:13.025, 20439
2026/09/25 23:29:13.525, 20439
2026/09/25 23:29:14.025, 20439
2026/09/25 23:29:14.525, 20439
2026/09/25 23:29:15.026, 20439
2026/09/25 23:29:15.526, 20439
2026/09/25 23:29:16.026, 20439
2026/09/25 23:29:16.526, 20439
2026/09/25 23:29:17.026, 20439
2026/09/25 23:29:17.526, 20439
2026/09/25 23:29:18.027, 20439
2026/09/25 23:29:18.527, 20439
2026/09/25 23:29:19.027, 20439
2026/09/25 23:29:19.527, 20439
2026/09/25 23:29:20.027, 20439
2026/09/25 23:29:20.527, 20439
2026/09/25 23:29:21.027, 20439
2026/09/25 23:29:21.528, 20439
2026/09/25 23:29:22.028, 20439
2026/09/25 23:29:22.528, 20439
2026/09/25 23:29:23.028, 20439
2026/09/25 23:29:23.528, 20439
2026/09/25 23:29:24.029, 20439
2026/09/25 23:29:24.529, 20439
2026/09/25 23:29:25.029, 20439
2026/09/25 23:29:25.529, 20439
2026/09/25 23:29:26.029, 20439
2026/09/25 23:29:26.529, 20439
2026/09/25 23:29:27.030, 20439
2026/09/25 23:29:27.530, 20439
2026/09/25 23:29:28.030, 20439
2026/09/25 23:29:28.530, 20439
2026/09/25 23:29:29.030, 20439
2026/09/25 23:29:29.531, 20439
2026/09/25 23:29:30.031, 20439
2026/09/25 23:29:30.531, 20439
2026/09/25 23:29:31.031, 20439
2026/09/25 23:29:31.531, 20439
2026/09/25 23:29:32.031, 20439
2026/09/25 23:29:32.532, 20439
2026/09/25 23:29:33.032, 20439
2026/09/25 23:29:33.532, 20439
2026/09/25 23:29:34.032, 20439
2026/09/25 23:29:34.532, 20439
2026/09/25 23:29:35.032, 20439
2026/09/25 23:29:35.533, 20439
2026/09/25 23:29:36.033, 20439
2026/09/25 23:29:36.533, 20439
2026/09/25 23:29:37.033, 20439
2026/09/25 23:29:37.533, 20439
2026/09/25 23:29:38.033, 20439
2026/09/25 23:29:38.533, 20439
2026/09/25 23:29:39.034, 20439
2026/09/25 23:29:39.534, 20439
2026/09/25 23:29:40.034, 20439
2026/09/25 23:29:40.534, 20439
2026/09/25 23:29:41.034, 20439
2026/09/25 23:29:41.534, 20439
2026/09/25 23:29:42.035, 20439
2026/09/25 23:29:42.535, 20439
2026/09/25 23:29:43.035, 20439
2026/09/25 23:29:43.535, 20439
2026/09/25 23:29:44.035, 20439
2026/09/25 23:29:44.535, 20439
2026/09/25 23:29:45.036, 20439
2026/09/25 23:29:45.536, 20439
2026/09/25 23:29:46.036, 20439
2026/09/25 23:29:46.536, 20439
2026/09/25 23:29:47.036, 20439
2026/09/25 23:29:47.536, 20439
2026/09/25 23:29:48.037, 20439
2026/09/25 23:29:48.537, 20439
2026/09/25 23:29:49.037, 20439
2026/09/25 23:29:49.537, 20439
2026/09/25 23:29:50.037, 20439
2026/09/25 23:29:50.538, 20439
2026/09/25 23:29:51.038, 20439
2026/09/25 23:29:51.538, 20439
2026/09/25 23:29:52.038, 20439
2026/09/25 23:29:52.538, 20439
2026/09/25 23:29:53.038, 20439
2026/09/25 23:29:53.539, 20439
2026/09/25 23:29:54.039, 20439
2026/09/25 23:29:54.539, 20439
2026/09/25 23:29:55.039, 20439
2026/09/25 23:29:55.539, 20439
2026/09/25 23:29:56.039, 20439
2026/09/25 23:29:56.540, 20439
2026/09/25 23:29:57.040, 20439
2026/09/25 23:29:57.540, 20439
2026/09/25 23:29:58.040, 20439
2026/09/25 23:29:58.540, 20439
2026/09/25 23:29:59.040, 20439
2026/09/25 23:29:59.541, 20439
2026/09/25 23:30:00.041, 20439
2026/09/25 23:30:00.541, 20439
2026/09/25 23:30:01.041, 20439
2026/09/25 23:30:01.541, 20439
2026/09/25 23:30:02.041, 20439
2026/09/25 23:30:02.542, 20439
2026/09/25 23:30:03.042, 20439
2026/09/25 23:30:03.542, 20439
2026/09/25 23:30:04.042, 20439
2026/09/25 23:30:04.542, 20439
2026/09/25 23:30:05.043, 20439
2026/09/25 23:30:05.543, 20439
2026/09/25 23:30:06.043, 20439
2026/09/25 23:30:06.543, 20439
2026/09/25 23:30:07.043, 20439
2026/09/25 23:30:07.543, 20439
2026/09/25 23:30:08.044, 20439
2026/09/25 23:30:08.544, 20439
2026/09/25 23:30:09.044, 20439
2026/09/25 23:30:09.544, 20439
2026/09/25 23:30:10.044, 20439
2026/09/25 23:30:10.544, 20439
2026/09/25 23:30:11.045, 20439
2026/09/25 23:30:11.545, 20439
2026/09/25 23:30:12.045, 20439
2026/09/25 23:30:12.545, 20439
2026/09/25 23:30:13.045, 20439
2026/09/25 23:30:13.545, 20439
2026/09/25 23:30:14.045, 20439
2026/09/25 23:30:14.546, 20439
2026/09/25 23:30:15.046, 20439
2026/09/25 23:30:15.546, 20439
2026/09/25 23:30:16.046, 20439
2026/09/25 23:30:16.546, 20439
2026/09/25 23:30:17.047, 20439
2026/09/25 23:30:17.547, 20439
2026/09/25 23:30:18.047, 20439
2026/09/25 23:30:18.547, 20439
2026/09/25 23:30:19.047, 20439
2026/09/25 23:30:19.547, 20439
2026/09/25 23:30:20.048, 20439
2026/09/25 23:30:20.548, 20439
2026/09/25 23:30:21.048, 20439
2026/09/25 23:30:21.548, 20439
2026/09/25 23:30:22.048, 20439
2026/09/25 23:30:22.548, 20439
2026/09/25 23:30:23.049, 20439
2026/09/25 23:30:23.549, 20439
2026/09/25 23:30:24.049, 20439
2026/09/25 23:30:24.549, 20439
2026/09/25 23:30:25.050, 20439
2026/09/25 23:30:25.550, 20439
2026/09/25 23:30:26.050, 20439
2026/09/25 23:30:26.550, 20439
2026/09/25 23:30:27.050, 20439
2026/09/25 23:30:27.550, 20439
2026/09/25 23:30:28.051, 20439
2026/09/25 23:30:28.551, 20439
2026/09/25 23:30:29.051, 20439
2026/09/25 23:30:29.551, 20439
2026/09/25 23:30:30.051, 20439
2026/09/25 23:30:30.552, 20439
2026/09/25 23:30:31.052, 20439
2026/09/25 23:30:31.552, 20439
2026/09/25 23:30:32.052, 20439
2026/09/25 23:30:32.552, 20439
2026/09/25 23:30:33.053, 20439
2026/09/25 23:30:33.553, 20439
2026/09/25 23:30:34.053, 20439
2026/09/25 23:30:34.553, 20439
2026/09/25 23:30:35.053, 20439
2026/09/25 23:30:35.553, 20439
2026/09/25 23:30:36.054, 20439
2026/09/25 23:30:36.554, 20439
2026/09/25 23:30:37.054, 20439
2026/09/25 23:30:37.554, 20439
2026/09/25 23:30:38.054, 20439
2026/09/25 23:30:38.554, 20439
2026/09/25 23:30:39.057, 20439
2026/09/25 23:30:39.558, 20439
2026/09/25 23:30:40.058, 20439
2026/09/25 23:30:40.558, 20439
2026/09/25 23:30:41.058, 20439
2026/09/25 23:30:41.558, 20439
2026/09/25 23:30:42.059, 20439
2026/09/25 23:30:42.559, 20439
2026/09/25 23:30:43.059, 20439
2026/09/25 23:30:43.559, 20439
2026/09/25 23:30:44.059, 20439
2026/09/25 23:30:44.559, 20439
2026/09/25 23:30:45.060, 20439
2026/09/25 23:30:45.560, 20439
2026/09/25 23:30:46.060, 20439
2026/09/25 23:30:46.560, 20439
2026/09/25 23:30:47.060, 20439
2026/09/25 23:30:47.560, 20439
2026/09/25 23:30:48.061, 20439
2026/09/25 23:30:48.561, 20439
2026/09/25 23:30:49.061, 20439
2026/09/25 23:30:49.561, 20439
2026/09/25 23:30:50.061, 20439
2026/09/25 23:30:50.561, 20439
2026/09/25 23:30:51.062, 20439
2026/09/25 23:30:51.562, 20439
2026/09/25 23:30:52.062, 20439
2026/09/25 23:30:52.562, 20439
2026/09/25 23:30:53.063, 20439
2026/09/25 23:30:53.563, 20439
2026/09/25 23:30:54.063, 20439
2026/09/25 23:30:54.563, 20439
2026/09/25 23:30:55.063, 20439
2026/09/25 23:30:55.563, 20439
2026/09/25 23:30:56.064, 20439
2026/09/25 23:30:56.564, 20439
2026/09/25 23:30:57.064, 20439
2026/09/25 23:30:57.564, 20439
2026/09/25 23:30:58.064, 20439
2026/09/25 23:30:58.564, 20439
2026/09/25 23:30:59.065, 20439
2026/09/25 23:30:59.565, 20439
2026/09/25 23:31:00.065, 20439
2026/09/25 23:31:00.565, 20439
2026/09/25 23:31:01.065, 20439
2026/09/25 23:31:01.565, 20439
2026/09/25 23:31:02.066, 20439
2026/09/25 23:31:02.566, 20439
2026/09/25 23:31:03.066, 20439
2026/09/25 23:31:03.566, 20439
2026/09/25 23:31:04.066, 20439
2026/09/25 23:31:04.566, 20439
2026/09/25 23:31:05.067, 20439
2026/09/25 23:31:05.567, 20439
2026/09/25 23:31:06.067, 20439
2026/09/25 23:31:06.567, 20439
2026/09/25 23:31:07.067, 20439
2026/09/25 23:31:07.567, 20439
2026/09/25 23:31:08.068, 20439
2026/09/25 23:31:08.568, 20439
2026/09/25 23:31:09.068, 20439
2026/09/25 23:31:09.568, 20439
2026/09/25 23:31:10.068, 20439
2026/09/25 23:31:10.568, 20439
2026/09/25 23:31:11.069, 20439
2026/09/25 23:31:11.569, 20439
2026/09/25 23:31:12.069, 20439
2026/09/25 23:31:12.569, 20439
2026/09/25 23:31:13.069, 20439
2026/09/25 23:31:13.570, 20439
2026/09/25 23:31:14.070, 20439
2026/09/25 23:31:14.570, 20439
2026/09/25 23:31:15.070, 20439
2026/09/25 23:31:15.570, 20439
2026/09/25 23:31:16.070, 20439
2026/09/25 23:31:16.571, 20439
2026/09/25 23:31:17.071, 20439
2026/09/25 23:31:17.571, 20439
2026/09/25 23:31:18.071, 20439
2026/09/25 23:31:18.571, 20439
2026/09/25 23:31:19.071, 20439
2026/09/25 23:31:19.572, 20439
2026/09/25 23:31:20.072, 20439
2026/09/25 23:31:20.572, 20439
2026/09/25 23:31:21.072, 20439
2026/09/25 23:31:21.572, 20439
2026/09/25 23:31:22.072, 20439
2026/09/25 23:31:22.572, 20439
2026/09/25 23:31:23.073, 20439
2026/09/25 23:31:23.573, 20439
2026/09/25 23:31:24.073, 20439
2026/09/25 23:31:24.573, 20439
2026/09/25 23:31:25.073, 20439
2026/09/25 23:31:25.573, 20439
2026/09/25 23:31:26.074, 20439
2026/09/25 23:31:26.574, 20439
2026/09/25 23:31:27.074, 20439
2026/09/25 23:31:27.574, 20439
2026/09/25 23:31:28.074, 20439
2026/09/25 23:31:28.574, 20439
2026/09/25 23:31:29.075, 20439
2026/09/25 23:31:29.575, 20439
2026/09/25 23:31:30.075, 20439
2026/09/25 23:31:30.575, 20439
2026/09/25 23:31:31.075, 20439
2026/09/25 23:31:31.575, 20439
2026/09/25 23:31:32.076, 20439
2026/09/25 23:31:32.576, 20439
2026/09/25 23:31:33.076, 20439
2026/09/25 23:31:33.576, 20439
2026/09/25 23:31:34.076, 20439
2026/09/25 23:31:34.577, 20439
2026/09/25 23:31:35.077, 20439
2026/09/25 23:31:35.577, 20439
2026/09/25 23:31:36.077, 20439
2026/09/25 23:31:36.577, 20439
2026/09/25 23:31:37.077, 20439
2026/09/25 23:31:37.578, 20439
2026/09/25 23:31:38.078, 20439
2026/09/25 23:31:38.578, 20439
2026/09/25 23:31:39.078, 20439
2026/09/25 23:31:39.578, 20439
2026/09/25 23:31:40.078, 20439
2026/09/25 23:31:40.579, 20439
2026/09/25 23:31:41.079, 20439
2026/09/25 23:31:41.579, 20439
2026/09/25 23:31:42.079, 20439
2026/09/25 23:31:42.579, 20439
2026/09/25 23:31:43.079, 20439
2026/09/25 23:31:43.579, 20439
2026/09/25 23:31:44.080, 20439
2026/09/25 23:31:44.580, 20439
2026/09/25 23:31:45.080, 20439
2026/09/25 23:31:45.580, 20439
2026/09/25 23:31:46.080, 20439
2026/09/25 23:31:46.581, 20439
2026/09/25 23:31:47.081, 20439
2026/09/25 23:31:47.581, 20439
2026/09/25 23:31:48.081, 20439
2026/09/25 23:31:48.581, 20439
2026/09/25 23:31:49.081, 20439
2026/09/25 23:31:49.582, 20439
2026/09/25 23:31:50.082, 20439
2026/09/25 23:31:50.582, 20439
2026/09/25 23:31:51.082, 20439
2026/09/25 23:31:51.582, 20439
2026/09/25 23:31:52.083, 20439
2026/09/25 23:31:52.583, 20439
2026/09/25 23:31:53.083, 20439
2026/09/25 23:31:53.583, 20439
2026/09/25 23:31:54.083, 20439
2026/09/25 23:31:54.583, 20439
2026/09/25 23:31:55.084, 20439
2026/09/25 23:31:55.584, 20439
2026/09/25 23:31:56.084, 20439
2026/09/25 23:31:56.584, 20439
2026/09/25 23:31:57.084, 20439
2026/09/25 23:31:57.585, 20439
2026/09/25 23:31:58.085, 20439
2026/09/25 23:31:58.585, 20439
2026/09/25 23:31:59.085, 20439
2026/09/25 23:31:59.585, 20439
2026/09/25 23:32:00.085, 20439
2026/09/25 23:32:00.586, 20439
2026/09/25 23:32:01.086, 20439
2026/09/25 23:32:01.586, 20439
2026/09/25 23:32:02.086, 20439
2026/09/25 23:32:02.586, 20439
2026/09/25 23:32:03.086, 20439
2026/09/25 23:32:03.586, 20439
2026/09/25 23:32:04.087, 20439
2026/09/25 23:32:04.587, 20439
2026/09/25 23:32:05.087, 20439
2026/09/25 23:32:05.587, 20439
2026/09/25 23:32:06.087, 20439
2026/09/25 23:32:06.587, 20439
2026/09/25 23:32:07.088, 20439
2026/09/25 23:32:07.588, 20439
2026/09/25 23:32:08.088, 20439
2026/09/25 23:32:08.588, 20439
2026/09/25 23:32:09.088, 20439
2026/09/25 23:32:09.588, 20439
2026/09/25 23:32:10.088, 20439
2026/09/25 23:32:10.589, 20439
2026/09/25 23:32:11.089, 20439
2026/09/25 23:32:11.589, 20439
2026/09/25 23:32:12.089, 20439
2026/09/25 23:32:12.589, 20439
2026/09/25 23:32:13.089, 20439
2026/09/25 23:32:13.590, 20439
2026/09/25 23:32:14.090, 20439
2026/09/25 23:32:14.590, 20439
2026/09/25 23:32:15.090, 20439
2026/09/25 23:32:15.590, 20439
2026/09/25 23:32:16.090, 20439
2026/09/25 23:32:16.591, 20439
2026/09/25 23:32:17.091, 20439
2026/09/25 23:32:17.591, 20439
2026/09/25 23:32:18.091, 20439
2026/09/25 23:32:18.591, 20439
2026/09/25 23:32:19.091, 20439
2026/09/25 23:32:19.591, 20439
2026/09/25 23:32:20.092, 20439
2026/09/25 23:32:20.592, 20439
2026/09/25 23:32:21.092, 20439
2026/09/25 23:32:21.592, 20439
2026/09/25 23:32:22.092, 20439
2026/09/25 23:32:22.592, 20439
2026/09/25 23:32:23.092, 20439
2026/09/25 23:32:23.592, 20439
2026/09/25 23:32:24.093, 20439
2026/09/25 23:32:24.593, 20439
2026/09/25 23:32:25.093, 20439
2026/09/25 23:32:25.593, 20439
2026/09/25 23:32:26.093, 20439
2026/09/25 23:32:26.593, 20439
2026/09/25 23:32:27.094, 20439
2026/09/25 23:32:27.594, 20439
2026/09/25 23:32:28.094, 20439
2026/09/25 23:32:28.594, 20439
2026/09/25 23:32:29.094, 20439
2026/09/25 23:32:29.594, 20439
2026/09/25 23:32:30.095, 20439
2026/09/25 23:32:30.595, 20439
2026/09/25 23:32:31.095, 20439
2026/09/25 23:32:31.595, 20439
2026/09/25 23:32:32.095, 20439
2026/09/25 23:32:32.595, 20439
2026/09/25 23:32:33.096, 20439
2026/09/25 23:32:33.596, 20439
2026/09/25 23:32:34.096, 20439
2026/09/25 23:32:34.596, 20439
2026/09/25 23:32:35.096, 20439
2026/09/25 23:32:35.596, 20439
2026/09/25 23:32:36.096, 20439
2026/09/25 23:32:36.597, 20439
2026/09/25 23:32:37.097, 20439
2026/09/25 23:32:37.597, 20439
2026/09/25 23:32:38.097, 20439
2026/09/25 23:32:38.597, 20439
2026/09/25 23:32:39.097, 20439
2026/09/25 23:32:39.597, 20439
2026/09/25 23:32:40.098, 20439
2026/09/25 23:32:40.598, 20439
2026/09/25 23:32:41.098, 20439
2026/09/25 23:32:41.598, 20439
2026/09/25 23:32:42.098, 20439
2026/09/25 23:32:42.598, 20439
2026/09/25 23:32:43.098, 20439
2026/09/25 23:32:43.599, 20439
2026/09/25 23:32:44.099, 20439
2026/09/25 23:32:44.599, 20439
2026/09/25 23:32:45.099, 20439
2026/09/25 23:32:45.599, 20439
2026/09/25 23:32:46.099, 20439
2026/09/25 23:32:46.600, 20439
2026/09/25 23:32:47.100, 20439
2026/09/25 23:32:47.600, 20439
2026/09/25 23:32:48.100, 20439
2026/09/25 23:32:48.600, 20439
2026/09/25 23:32:49.100, 20439
2026/09/25 23:32:49.601, 20439
2026/09/25 23:32:50.101, 20439
2026/09/25 23:32:50.601, 20439
2026/09/25 23:32:51.101, 20439
2026/09/25 23:32:51.601, 20439
2026/09/25 23:32:52.101, 20439
2026/09/25 23:32:52.601, 20439
2026/09/25 23:32:53.102, 20439
2026/09/25 23:32:53.602, 20439
2026/09/25 23:32:54.102, 20439
2026/09/25 23:32:54.602, 20439
2026/09/25 23:32:55.102, 20439
2026/09/25 23:32:55.602, 20439
2026/09/25 23:32:56.102, 20439
2026/09/25 23:32:56.603, 20439
2026/09/25 23:32:57.103, 20439
2026/09/25 23:32:57.603, 20439
2026/09/25 23:32:58.103, 20439
2026/09/25 23:32:58.603, 20439
2026/09/25 23:32:59.103, 20439
2026/09/25 23:32:59.603, 20439
2026/09/25 23:33:00.104, 20439
2026/09/25 23:33:00.604, 20439
2026/09/25 23:33:01.104, 20439
2026/09/25 23:33:01.604, 20439
2026/09/25 23:33:02.104, 20439
2026/09/25 23:33:02.605, 20439
2026/09/25 23:33:03.105, 20439
2026/09/25 23:33:03.605, 20439
2026/09/25 23:33:04.105, 20439
2026/09/25 23:33:04.605, 20439
2026/09/25 23:33:05.105, 20439
2026/09/25 23:33:05.605, 20439
2026/09/25 23:33:06.106, 20439
2026/09/25 23:33:06.606, 20439
2026/09/25 23:33:07.106, 20439
2026/09/25 23:33:07.606, 20439
2026/09/25 23:33:08.106, 20439
2026/09/25 23:33:08.606, 20439
2026/09/25 23:33:09.106, 20439
2026/09/25 23:33:09.607, 20439
2026/09/25 23:33:10.107, 20439
2026/09/25 23:33:10.607, 20439
2026/09/25 23:33:11.107, 20439
2026/09/25 23:33:11.607, 20439
2026/09/25 23:33:12.107, 20439
2026/09/25 23:33:12.607, 20439
2026/09/25 23:33:13.108, 20439
2026/09/25 23:33:13.608, 20439
2026/09/25 23:33:14.108, 20439
2026/09/25 23:33:14.608, 20439
2026/09/25 23:33:15.108, 20439
2026/09/25 23:33:15.608, 20439
2026/09/25 23:33:16.109, 20439
2026/09/25 23:33:16.609, 20439
2026/09/25 23:33:17.109, 20439
2026/09/25 23:33:17.609, 20439
2026/09/25 23:33:18.109, 20439
2026/09/25 23:33:18.609, 20439
2026/09/25 23:33:19.110, 20439
2026/09/25 23:33:19.610, 20439
2026/09/25 23:33:20.110, 20439
2026/09/25 23:33:20.610, 20439
2026/09/25 23:33:21.110, 20439
2026/09/25 23:33:21.610, 20439
2026/09/25 23:33:22.110, 20439
2026/09/25 23:33:22.611, 20439
2026/09/25 23:33:23.111, 20439
2026/09/25 23:33:23.611, 20439
2026/09/25 23:33:24.111, 20439
2026/09/25 23:33:24.611, 20439
2026/09/25 23:33:25.111, 20439
2026/09/25 23:33:25.612, 20439
2026/09/25 23:33:26.112, 20439
2026/09/25 23:33:26.612, 20439
2026/09/25 23:33:27.112, 20439
2026/09/25 23:33:27.612, 20439
2026/09/25 23:33:28.112, 20439
2026/09/25 23:33:28.612, 20439
2026/09/25 23:33:29.113, 20439
2026/09/25 23:33:29.613, 20439
2026/09/25 23:33:30.113, 20439
2026/09/25 23:33:30.613, 20439
2026/09/25 23:33:31.113, 20439
2026/09/25 23:33:31.613, 20439
2026/09/25 23:33:32.114, 20439
2026/09/25 23:33:32.614, 20439
2026/09/25 23:33:33.114, 20439
2026/09/25 23:33:33.614, 20439
2026/09/25 23:33:34.114, 20439
2026/09/25 23:33:34.614, 20439
2026/09/25 23:33:35.114, 20439
2026/09/25 23:33:35.615, 20439
2026/09/25 23:33:36.115, 20439
2026/09/25 23:33:36.615, 20439
2026/09/25 23:33:37.115, 20439
2026/09/25 23:33:37.615, 20439
2026/09/25 23:33:38.116, 20439
2026/09/25 23:33:38.616, 20439
2026/09/25 23:33:39.116, 20439
2026/09/25 23:33:39.616, 20439
2026/09/25 23:33:40.116, 20439
2026/09/25 23:33:40.616, 20439
2026/09/25 23:33:41.116, 20439
2026/09/25 23:33:41.617, 20439
2026/09/25 23:33:42.117, 20439
2026/09/25 23:33:42.617, 20439
2026/09/25 23:33:43.117, 20439
2026/09/25 23:33:43.617, 20439
2026/09/25 23:33:44.117, 20439
2026/09/25 23:33:44.618, 20439
2026/09/25 23:33:45.118, 20439
2026/09/25 23:33:45.618, 20439
2026/09/25 23:33:46.118, 20439
2026/09/25 23:33:46.618, 20439
2026/09/25 23:33:47.118, 20439
2026/09/25 23:33:47.619, 20439
2026/09/25 23:33:48.119, 20439
2026/09/25 23:33:48.619, 20439
2026/09/25 23:33:49.119, 20439
2026/09/25 23:33:49.619, 20439
2026/09/25 23:33:50.119, 20439
2026/09/25 23:33:50.619, 20439
2026/09/25 23:33:51.120, 20439
2026/09/25 23:33:51.620, 20439
2026/09/25 23:33:52.120, 20439
2026/09/25 23:33:52.620, 20439
2026/09/25 23:33:53.120, 20439
2026/09/25 23:33:53.621, 20439
2026/09/25 23:33:54.121, 20439
2026/09/25 23:33:54.621, 20439
2026/09/25 23:33:55.121, 20439
2026/09/25 23:33:55.621, 20439
2026/09/25 23:33:56.121, 20439
2026/09/25 23:33:56.621, 20439
2026/09/25 23:33:57.122, 20439
2026/09/25 23:33:57.622, 20439
2026/09/25 23:33:58.122, 20439
2026/09/25 23:33:58.622, 20439
2026/09/25 23:33:59.122, 20439
2026/09/25 23:33:59.622, 20439
2026/09/25 23:34:00.123, 20439
2026/09/25 23:34:00.623, 20439
2026/09/25 23:34:01.123, 20439
2026/09/25 23:34:01.623, 20439
2026/09/25 23:34:02.123, 20439
2026/09/25 23:34:02.623, 20439
2026/09/25 23:34:03.124, 20439
2026/09/25 23:34:03.624, 20439
2026/09/25 23:34:04.124, 20439
2026/09/25 23:34:04.624, 20439
2026/09/25 23:34:05.124, 20439
2026/09/25 23:34:05.624, 20439
2026/09/25 23:34:06.124, 20439
2026/09/25 23:34:06.625, 20439
2026/09/25 23:34:07.125, 20439
2026/09/25 23:34:07.625, 20439
2026/09/25 23:34:08.125, 20439
2026/09/25 23:34:08.625, 20439
2026/09/25 23:34:09.125, 20439
2026/09/25 23:34:09.626, 20439
2026/09/25 23:34:10.126, 20439
2026/09/25 23:34:10.626, 20439
2026/09/25 23:34:11.126, 20439
2026/09/25 23:34:11.626, 20439
2026/09/25 23:34:12.126, 20439
2026/09/25 23:34:12.627, 20439
2026/09/25 23:34:13.127, 20439
2026/09/25 23:34:13.627, 20439
2026/09/25 23:34:14.127, 20439
2026/09/25 23:34:14.627, 20439
2026/09/25 23:34:15.127, 20439
2026/09/25 23:34:15.628, 20439
2026/09/25 23:34:16.128, 20439
2026/09/25 23:34:16.628, 20439
2026/09/25 23:34:17.128, 20439
2026/09/25 23:34:17.628, 20439
2026/09/25 23:34:18.128, 20439
2026/09/25 23:34:18.629, 20439
2026/09/25 23:34:19.129, 20439
2026/09/25 23:34:19.629, 20439
2026/09/25 23:34:20.129, 20439
2026/09/25 23:34:20.629, 20439
2026/09/25 23:34:21.129, 20439
2026/09/25 23:34:21.630, 20439
2026/09/25 23:34:22.130, 20439
2026/09/25 23:34:22.630, 20439
2026/09/25 23:34:23.130, 20439
2026/09/25 23:34:23.630, 20439
2026/09/25 23:34:24.130, 20439
2026/09/25 23:34:24.631, 20439
2026/09/25 23:34:25.131, 20439
2026/09/25 23:34:25.631, 20439
2026/09/25 23:34:26.131, 20439
2026/09/25 23:34:26.631, 20439
2026/09/25 23:34:27.131, 20439
2026/09/25 23:34:27.632, 20439
2026/09/25 23:34:28.132, 20439
2026/09/25 23:34:28.632, 20439
2026/09/25 23:34:29.132, 20439
2026/09/25 23:34:29.632, 20439
2026/09/25 23:34:30.133, 20439
2026/09/25 23:34:30.633, 20439
2026/09/25 23:34:31.133, 20439
2026/09/25 23:34:31.633, 20439
2026/09/25 23:34:32.133, 20439
2026/09/25 23:34:32.633, 20439
2026/09/25 23:34:33.134, 20439
2026/09/25 23:34:33.634, 20439
2026/09/25 23:34:34.134, 20439
2026/09/25 23:34:34.634, 20439
2026/09/25 23:34:35.134, 20439
2026/09/25 23:34:35.634, 20439
2026/09/25 23:34:36.135, 20439
2026/09/25 23:34:36.635, 20439
2026/09/25 23:34:37.135, 20439
2026/09/25 23:34:37.635, 20439
2026/09/25 23:34:38.135, 20439
2026/09/25 23:34:38.635, 20439
2026/09/25 23:34:39.136, 20439
2026/09/25 23:34:39.636, 20439
2026/09/25 23:34:40.136, 20439
2026/09/25 23:34:40.636, 20439
2026/09/25 23:34:41.136, 20439
2026/09/25 23:34:41.636, 20439
2026/09/25 23:34:42.137, 20439
2026/09/25 23:34:42.637, 20439
2026/09/25 23:34:43.137, 20439
2026/09/25 23:34:43.637, 20439
2026/09/25 23:34:44.137, 20439
2026/09/25 23:34:44.637, 20439
2026/09/25 23:34:45.137, 20439
2026/09/25 23:34:45.638, 20439
2026/09/25 23:34:46.138, 20439
2026/09/25 23:34:46.638, 20439
2026/09/25 23:34:47.138, 20439
2026/09/25 23:34:47.638, 20439
2026/09/25 23:34:48.138, 20439
2026/09/25 23:34:48.639, 20439
2026/09/25 23:34:49.139, 20439
2026/09/25 23:34:49.639, 20439
2026/09/25 23:34:50.139, 20439
2026/09/25 23:34:50.639, 20439
2026/09/25 23:34:51.139, 20439
2026/09/25 23:34:51.640, 20439
2026/09/25 23:34:52.140, 20439
2026/09/25 23:34:52.640, 20439
2026/09/25 23:34:53.140, 20439
2026/09/25 23:34:53.640, 20439
2026/09/25 23:34:54.140, 20439
2026/09/25 23:34:54.641, 20439
2026/09/25 23:34:55.141, 20439
2026/09/25 23:34:55.641, 20439
2026/09/25 23:34:56.141, 20439
2026/09/25 23:34:56.641, 20439
2026/09/25 23:34:57.141, 20439
2026/09/25 23:34:57.641, 20439
2026/09/25 23:34:58.142, 20439
2026/09/25 23:34:58.642, 20439
2026/09/25 23:34:59.142, 20439
2026/09/25 23:34:59.642, 20439
2026/09/25 23:35:00.142, 20439
2026/09/25 23:35:00.643, 20439
2026/09/25 23:35:01.143, 20439
2026/09/25 23:35:01.643, 20439
2026/09/25 23:35:02.143, 20439
2026/09/25 23:35:02.643, 20439
2026/09/25 23:35:03.143, 20439
2026/09/25 23:35:03.644, 20439
2026/09/25 23:35:04.144, 20439
2026/09/25 23:35:04.644, 20439
2026/09/25 23:35:05.144, 20439
2026/09/25 23:35:05.644, 20439
2026/09/25 23:35:06.144, 20439
2026/09/25 23:35:06.644, 20439
2026/09/25 23:35:07.145, 20439
2026/09/25 23:35:07.645, 20439
2026/09/25 23:35:08.145, 20439
2026/09/25 23:35:08.645, 20439
2026/09/25 23:35:09.145, 20439
2026/09/25 23:35:09.645, 20439
2026/09/25 23:35:10.146, 20439
2026/09/25 23:35:10.646, 20439
2026/09/25 23:35:11.146, 20439
2026/09/25 23:35:11.646, 20439
2026/09/25 23:35:12.146, 20439
2026/09/25 23:35:12.646, 20439
2026/09/25 23:35:13.147, 20439
2026/09/25 23:35:13.647, 20439
2026/09/25 23:35:14.147, 20439
2026/09/25 23:35:14.647, 20439
2026/09/25 23:35:15.147, 20439
2026/09/25 23:35:15.647, 20439
2026/09/25 23:35:16.148, 20439
2026/09/25 23:35:16.648, 20439
2026/09/25 23:35:17.148, 20439
2026/09/25 23:35:17.648, 20439
2026/09/25 23:35:18.148, 20439
2026/09/25 23:35:18.648, 20439
2026/09/25 23:35:19.149, 20439
2026/09/25 23:35:19.649, 20439
2026/09/25 23:35:20.149, 20439
2026/09/25 23:35:20.649, 20439
2026/09/25 23:35:21.149, 20439
2026/09/25 23:35:21.649, 20439
2026/09/25 23:35:22.150, 20439
2026/09/25 23:35:22.650, 20439
2026/09/25 23:35:23.150, 20439
2026/09/25 23:35:23.650, 20439
2026/09/25 23:35:24.150, 20439
2026/09/25 23:35:24.650, 20439
2026/09/25 23:35:25.151, 20439
2026/09/25 23:35:25.651, 20439
2026/09/25 23:35:26.151, 20439
2026/09/25 23:35:26.651, 20439
2026/09/25 23:35:27.151, 20439
2026/09/25 23:35:27.651, 20439
2026/09/25 23:35:28.152, 20439
2026/09/25 23:35:28.652, 20439
2026/09/25 23:35:29.152, 20439
2026/09/25 23:35:29.652, 20439
2026/09/25 23:35:30.152, 20439
2026/09/25 23:35:30.652, 20439
2026/09/25 23:35:31.152, 20439
2026/09/25 23:35:31.653, 20439
2026/09/25 23:35:32.153, 20439
2026/09/25 23:35:32.653, 20439
2026/09/25 23:35:33.153, 20439
2026/09/25 23:35:33.653, 20439
2026/09/25 23:35:34.153, 20439
2026/09/25 23:35:34.654, 20439
2026/09/25 23:35:35.154, 20439
2026/09/25 23:35:35.654, 20439
2026/09/25 23:35:36.154, 20439
2026/09/25 23:35:36.654, 20439
2026/09/25 23:35:37.154, 20439
2026/09/25 23:35:37.654, 20439
2026/09/25 23:35:38.155, 20439
2026/09/25 23:35:38.655, 20439
2026/09/25 23:35:39.155, 20439
2026/09/25 23:35:39.655, 20439
2026/09/25 23:35:40.155, 20439
2026/09/25 23:35:40.655, 20439
2026/09/25 23:35:41.155, 20439
2026/09/25 23:35:41.656, 20439
2026/09/25 23:35:42.156, 20439
2026/09/25 23:35:42.656, 20439
2026/09/25 23:35:43.156, 20439
2026/09/25 23:35:43.656, 20439
2026/09/25 23:35:44.156, 20439
2026/09/25 23:35:44.657, 20439
2026/09/25 23:35:45.157, 20439
2026/09/25 23:35:45.657, 20439
2026/09/25 23:35:46.157, 20439
2026/09/25 23:35:46.657, 20439
2026/09/25 23:35:47.157, 20439
2026/09/25 23:35:47.657, 20439
2026/09/25 23:35:48.158, 20439
2026/09/25 23:35:48.658, 20439
2026/09/25 23:35:49.158, 20439
2026/09/25 23:35:49.658, 20439
2026/09/25 23:35:50.158, 20439
2026/09/25 23:35:50.658, 20439
2026/09/25 23:35:51.159, 20439
2026/09/25 23:35:51.659, 20439
2026/09/25 23:35:52.159, 20439
2026/09/25 23:35:52.659, 20439
2026/09/25 23:35:53.159, 20439
2026/09/25 23:35:53.659, 20439
2026/09/25 23:35:54.159, 20439
2026/09/25 23:35:54.660, 20439
2026/09/25 23:35:55.160, 20439
2026/09/25 23:35:55.660, 20439
2026/09/25 23:35:56.160, 20439
2026/09/25 23:35:56.660, 20439
2026/09/25 23:35:57.160, 20439
2026/09/25 23:35:57.661, 20439
2026/09/25 23:35:58.161, 20439
2026/09/25 23:35:58.661, 20439
2026/09/25 23:35:59.161, 20439
2026/09/25 23:35:59.661, 20439
2026/09/25 23:36:00.161, 20439
2026/09/25 23:36:00.661, 20439
2026/09/25 23:36:01.162, 20439
2026/09/25 23:36:01.662, 20439
2026/09/25 23:36:02.162, 20439
2026/09/25 23:36:02.662, 20439
2026/09/25 23:36:03.162, 20439
2026/09/25 23:36:03.662, 20439
2026/09/25 23:36:04.162, 20439
2026/09/25 23:36:04.663, 20439
2026/09/25 23:36:05.163, 20439
2026/09/25 23:36:05.663, 20439
2026/09/25 23:36:06.163, 20439
2026/09/25 23:36:06.663, 20439
2026/09/25 23:36:07.163, 20439
2026/09/25 23:36:07.663, 20439
2026/09/25 23:36:08.164, 20439
2026/09/25 23:36:08.664, 20439
2026/09/25 23:36:09.164, 20439
2026/09/25 23:36:09.664, 20439
2026/09/25 23:36:10.164, 20439
2026/09/25 23:36:10.664, 20439
2026/09/25 23:36:11.165, 20439
2026/09/25 23:36:11.665, 20439
2026/09/25 23:36:12.165, 20439
2026/09/25 23:36:12.665, 20439
2026/09/25 23:36:13.165, 20439
2026/09/25 23:36:13.665, 20439
2026/09/25 23:36:14.165, 20439
2026/09/25 23:36:14.666, 20439
2026/09/25 23:36:15.166, 20439
2026/09/25 23:36:15.666, 20439
2026/09/25 23:36:16.166, 20439
2026/09/25 23:36:16.666, 20439
2026/09/25 23:36:17.166, 20439
2026/09/25 23:36:17.666, 20439
2026/09/25 23:36:18.166, 20439
2026/09/25 23:36:18.667, 20439
2026/09/25 23:36:19.167, 20439
2026/09/25 23:36:19.667, 20439
2026/09/25 23:36:20.167, 20439
2026/09/25 23:36:20.667, 20439
2026/09/25 23:36:21.168, 20439
2026/09/25 23:36:21.668, 20439
2026/09/25 23:36:22.168, 20439
2026/09/25 23:36:22.668, 20439
2026/09/25 23:36:23.168, 20439
2026/09/25 23:36:23.669, 20439
2026/09/25 23:36:24.169, 20439
2026/09/25 23:36:24.669, 20439
2026/09/25 23:36:25.169, 20439
2026/09/25 23:36:25.669, 20439
2026/09/25 23:36:26.169, 20439
2026/09/25 23:36:26.670, 20439
2026/09/25 23:36:27.170, 20439
2026/09/25 23:36:27.670, 20439
2026/09/25 23:36:28.170, 20439
2026/09/25 23:36:28.670, 20439
2026/09/25 23:36:29.170, 20439
2026/09/25 23:36:29.670, 20439
2026/09/25 23:36:30.171, 20439
2026/09/25 23:36:30.671, 20439
2026/09/25 23:36:31.171, 20439
2026/09/25 23:36:31.671, 20439
2026/09/25 23:36:32.171, 20439
2026/09/25 23:36:32.671, 20439
2026/09/25 23:36:33.172, 20439
2026/09/25 23:36:33.672, 20439
2026/09/25 23:36:34.172, 20439
2026/09/25 23:36:34.672, 20439
2026/09/25 23:36:35.172, 20439
2026/09/25 23:36:35.672, 20439
2026/09/25 23:36:36.172, 20439
2026/09/25 23:36:36.673, 20439
2026/09/25 23:36:37.173, 20439
2026/09/25 23:36:37.673, 20439
2026/09/25 23:36:38.173, 20439
2026/09/25 23:36:38.673, 20439
2026/09/25 23:36:39.173, 20439
2026/09/25 23:36:39.674, 20439
2026/09/25 23:36:40.174, 20439
2026/09/25 23:36:40.674, 20439
2026/09/25 23:36:41.174, 20439
2026/09/25 23:36:41.674, 20439
2026/09/25 23:36:42.174, 20439
2026/09/25 23:36:42.675, 20439
2026/09/25 23:36:43.175, 20439
2026/09/25 23:36:43.675, 20439
2026/09/25 23:36:44.175, 20439
2026/09/25 23:36:44.675, 20439
2026/09/25 23:36:45.175, 20439
2026/09/25 23:36:45.676, 20439
2026/09/25 23:36:46.176, 20439
2026/09/25 23:36:46.676, 20439
2026/09/25 23:36:47.176, 20439
2026/09/25 23:36:47.676, 20439
2026/09/25 23:36:48.176, 20439
2026/09/25 23:36:48.677, 20439
2026/09/25 23:36:49.177, 20439
2026/09/25 23:36:49.677, 20439
2026/09/25 23:36:50.177, 20439
2026/09/25 23:36:50.677, 20439
2026/09/25 23:36:51.177, 20439
2026/09/25 23:36:51.678, 20439
2026/09/25 23:36:52.178, 20439
2026/09/25 23:36:52.678, 20439
2026/09/25 23:36:53.178, 20439
2026/09/25 23:36:53.678, 20439
2026/09/25 23:36:54.178, 20439
2026/09/25 23:36:54.679, 20439
2026/09/25 23:36:55.179, 20439
2026/09/25 23:36:55.679, 20439
2026/09/25 23:36:56.179, 20439
2026/09/25 23:36:56.679, 20439
2026/09/25 23:36:57.180, 20439
2026/09/25 23:36:57.680, 20439
2026/09/25 23:36:58.180, 20439
2026/09/25 23:36:58.680, 20439
2026/09/25 23:36:59.180, 20439
2026/09/25 23:36:59.680, 20439
2026/09/25 23:37:00.181, 20439
2026/09/25 23:37:00.681, 20439
2026/09/25 23:37:01.181, 20439
2026/09/25 23:37:01.681, 20439
2026/09/25 23:37:02.181, 20439
2026/09/25 23:37:02.681, 20439
2026/09/25 23:37:03.181, 20439
2026/09/25 23:37:03.682, 20439
2026/09/25 23:37:04.182, 20439
2026/09/25 23:37:04.682, 20439
2026/09/25 23:37:05.182, 20439
2026/09/25 23:37:05.682, 20439
2026/09/25 23:37:06.183, 20439
2026/09/25 23:37:06.683, 20439
2026/09/25 23:37:07.183, 20439
2026/09/25 23:37:07.683, 20439
2026/09/25 23:37:08.183, 20439
2026/09/25 23:37:08.683, 20439
2026/09/25 23:37:09.184, 20439
2026/09/25 23:37:09.684, 20439
2026/09/25 23:37:10.184, 20439
2026/09/25 23:37:10.684, 20439
2026/09/25 23:37:11.184, 20439
2026/09/25 23:37:11.685, 20439
2026/09/25 23:37:12.185, 20439
2026/09/25 23:37:12.685, 20439
2026/09/25 23:37:13.185, 20439
2026/09/25 23:37:13.685, 20439
2026/09/25 23:37:14.185, 20439
2026/09/25 23:37:14.686, 20439
2026/09/25 23:37:15.186, 20439
2026/09/25 23:37:15.686, 20439
2026/09/25 23:37:16.186, 20439
2026/09/25 23:37:16.686, 20439
2026/09/25 23:37:17.186, 20439
2026/09/25 23:37:17.687, 20439
2026/09/25 23:37:18.187, 20439
2026/09/25 23:37:18.687, 20439
2026/09/25 23:37:19.187, 20439
2026/09/25 23:37:19.687, 20439
2026/09/25 23:37:20.187, 20439
2026/09/25 23:37:20.688, 20439
2026/09/25 23:37:21.188, 20439
2026/09/25 23:37:21.688, 20439
2026/09/25 23:37:22.188, 20439
2026/09/25 23:37:22.688, 20439
2026/09/25 23:37:23.189, 20439
2026/09/25 23:37:23.689, 20439
2026/09/25 23:37:24.189, 20439
2026/09/25 23:37:24.689, 20439
2026/09/25 23:37:25.189, 20439
2026/09/25 23:37:25.689, 20439
2026/09/25 23:37:26.190, 20439
2026/09/25 23:37:26.690, 20439
2026/09/25 23:37:27.190, 20439
2026/09/25 23:37:27.690, 20439
2026/09/25 23:37:28.190, 20439
2026/09/25 23:37:28.690, 20439
2026/09/25 23:37:29.191, 20439
2026/09/25 23:37:29.691, 20439
2026/09/25 23:37:30.191, 20439
2026/09/25 23:37:30.691, 20439
2026/09/25 23:37:31.191, 20439
2026/09/25 23:37:31.691, 20439
2026/09/25 23:37:32.192, 20871
2026/09/25 23:37:32.692, 20871
2026/09/25 23:37:33.192, 20871
2026/09/25 23:37:33.692, 20871
2026/09/25 23:37:34.192, 20871
2026/09/25 23:37:34.692, 20871
2026/09/25 23:37:35.200, 20871
2026/09/25 23:37:35.700, 20871
2026/09/25 23:37:36.200, 20871
2026/09/25 23:37:36.701, 20871
2026/09/25 23:37:37.201, 20871
2026/09/25 23:37:37.701, 20871
2026/09/25 23:37:38.201, 20871
2026/09/25 23:37:38.701, 20871
2026/09/25 23:37:39.201, 20871
2026/09/25 23:37:39.701, 20871
2026/09/25 23:37:40.202, 20871
2026/09/25 23:37:40.702, 20871
2026/09/25 23:37:41.202, 20871
2026/09/25 23:37:41.702, 20871
2026/09/25 23:37:42.202, 20871
2026/09/25 23:37:42.702, 20871
2026/09/25 23:37:43.203, 20871
2026/09/25 23:37:43.703, 20871
2026/09/25 23:37:44.203, 20871
2026/09/25 23:37:44.703, 20871
2026/09/25 23:37:45.203, 20871
2026/09/25 23:37:45.703, 20871
2026/09/25 23:37:46.203, 20871
2026/09/25 23:37:46.704, 20871
2026/09/25 23:37:47.204, 20871
2026/09/25 23:37:47.704, 20871
2026/09/25 23:37:48.204, 20871
2026/09/25 23:37:48.705, 20871
2026/09/25 23:37:49.205, 20871
2026/09/25 23:37:49.705, 20871
2026/09/25 23:37:50.205, 20871
2026/09/25 23:37:50.705, 20871
2026/09/25 23:37:51.205, 20871
2026/09/25 23:37:51.705, 20871
2026/09/25 23:37:52.206, 20871
2026/09/25 23:37:52.706, 20871
2026/09/25 23:37:53.206, 20871
2026/09/25 23:37:53.706, 20871
2026/09/25 23:37:54.206, 20871
2026/09/25 23:37:54.706, 20871
2026/09/25 23:37:55.207, 20871
2026/09/25 23:37:55.707, 20871
2026/09/25 23:37:56.207, 20871
2026/09/25 23:37:56.707, 20871
2026/09/25 23:37:57.207, 20871
2026/09/25 23:37:57.707, 20871
2026/09/25 23:37:58.208, 20871
2026/09/25 23:37:58.708, 20871
2026/09/25 23:37:59.208, 20871
2026/09/25 23:37:59.708, 20871
2026/09/25 23:38:00.208, 20871
2026/09/25 23:38:00.708, 20871
2026/09/25 23:38:01.209, 20871
2026/09/25 23:38:01.709, 20871
2026/09/25 23:38:02.209, 20871
2026/09/25 23:38:02.709, 20871
2026/09/25 23:38:03.209, 20871
2026/09/25 23:38:03.709, 20871
2026/09/25 23:38:04.210, 20871
2026/09/25 23:38:04.710, 20871
2026/09/25 23:38:05.210, 20871
2026/09/25 23:38:05.710, 20871
2026/09/25 23:38:06.210, 20871
2026/09/25 23:38:06.710, 20871
2026/09/25 23:38:07.210, 20871
2026/09/25 23:38:07.711, 20871
2026/09/25 23:38:08.211, 20871
2026/09/25 23:38:08.711, 20871
2026/09/25 23:38:09.211, 20871
2026/09/25 23:38:09.711, 20871
2026/09/25 23:38:10.211, 20871
2026/09/25 23:38:10.712, 20871
2026/09/25 23:38:11.212, 20871
2026/09/25 23:38:11.712, 21351
2026/09/25 23:38:12.212, 21351
2026/09/25 23:38:12.712, 21351
2026/09/25 23:38:13.212, 21351
2026/09/25 23:38:13.713, 21351
2026/09/25 23:38:14.213, 21351
2026/09/25 23:38:14.713, 21351
2026/09/25 23:38:15.213, 21351
2026/09/25 23:38:15.713, 21351
2026/09/25 23:38:16.213, 21351
2026/09/25 23:38:16.714, 21351
2026/09/25 23:38:17.214, 21351
2026/09/25 23:38:17.714, 21351
2026/09/25 23:38:18.214, 21351
2026/09/25 23:38:18.714, 21351
2026/09/25 23:38:19.214, 21351
2026/09/25 23:38:19.715, 21351
2026/09/25 23:38:20.215, 21351
2026/09/25 23:38:20.715, 21351
2026/09/25 23:38:21.215, 21351
2026/09/25 23:38:21.715, 21351
2026/09/25 23:38:22.215, 21351
2026/09/25 23:38:22.716, 21351
2026/09/25 23:38:23.216, 21351
2026/09/25 23:38:23.716, 21351
2026/09/25 23:38:24.216, 21351
2026/09/25 23:38:24.716, 21351
2026/09/25 23:38:25.217, 21351
2026/09/25 23:38:25.717, 21351
2026/09/25 23:38:26.217, 21351
2026/09/25 23:38:26.717, 21351
2026/09/25 23:38:27.217, 21351
2026/09/25 23:38:27.717, 21351
2026/09/25 23:38:28.218, 21351
2026/09/25 23:38:28.718, 21351
2026/09/25 23:38:29.218, 21351
2026/09/25 23:38:29.718, 21351
2026/09/25 23:38:30.218, 21351
2026/09/25 23:38:30.718, 21351
2026/09/25 23:38:31.219, 21351
2026/09/25 23:38:31.719, 21351
2026/09/25 23:38:32.219, 21351
2026/09/25 23:38:32.719, 21351
2026/09/25 23:38:33.219, 21351
2026/09/25 23:38:33.719, 21351
2026/09/25 23:38:34.220, 21351
2026/09/25 23:38:34.720, 21351
2026/09/25 23:38:35.220, 21351
2026/09/25 23:38:35.720, 21351
2026/09/25 23:38:36.220, 21351
2026/09/25 23:38:36.721, 21351
2026/09/25 23:38:37.221, 21351
2026/09/25 23:38:37.721, 21351
2026/09/25 23:38:38.221, 21351
2026/09/25 23:38:38.721, 21351
2026/09/25 23:38:39.221, 21351
2026/09/25 23:38:39.721, 21351
2026/09/25 23:38:40.222, 21351
2026/09/25 23:38:40.722, 21351
2026/09/25 23:38:41.222, 21351
2026/09/25 23:38:41.722, 21351
2026/09/25 23:38:42.222, 21351
2026/09/25 23:38:42.722, 21351
2026/09/25 23:38:43.223, 21351
2026/09/25 23:38:43.723, 21351
2026/09/25 23:38:44.223, 21351
2026/09/25 23:38:44.723, 21351
2026/09/25 23:38:45.223, 21351
2026/09/25 23:38:45.723, 21351
2026/09/25 23:38:46.224, 21351
2026/09/25 23:38:46.724, 21351
2026/09/25 23:38:47.224, 21351
2026/09/25 23:38:47.724, 21351
2026/09/25 23:38:48.224, 21351
2026/09/25 23:38:48.724, 21351
2026/09/25 23:38:49.225, 21351
2026/09/25 23:38:49.725, 21351
2026/09/25 23:38:50.225, 21351
2026/09/25 23:38:50.725, 21351
2026/09/25 23:38:51.225, 21351
2026/09/25 23:38:51.725, 21351
2026/09/25 23:38:52.226, 21351
2026/09/25 23:38:52.726, 21351
2026/09/25 23:38:53.226, 21351
2026/09/25 23:38:53.726, 21351
2026/09/25 23:38:54.226, 21351
2026/09/25 23:38:54.726, 21351
2026/09/25 23:38:55.226, 21351
2026/09/25 23:38:55.727, 21351
2026/09/25 23:38:56.227, 21351
2026/09/25 23:38:56.727, 21351
2026/09/25 23:38:57.227, 21351
2026/09/25 23:38:57.727, 21351
2026/09/25 23:38:58.227, 21351
2026/09/25 23:38:58.728, 21351
2026/09/25 23:38:59.228, 21351
2026/09/25 23:38:59.728, 21351
2026/09/25 23:39:00.228, 21351
2026/09/25 23:39:00.728, 21351
2026/09/25 23:39:01.228, 21351
2026/09/25 23:39:01.728, 21351
2026/09/25 23:39:02.229, 21351
2026/09/25 23:39:02.729, 21351
2026/09/25 23:39:03.229, 21351
2026/09/25 23:39:03.729, 21351
2026/09/25 23:39:04.229, 21351
2026/09/25 23:39:04.729, 21351
2026/09/25 23:39:05.230, 21351
2026/09/25 23:39:05.730, 21351
2026/09/25 23:39:06.230, 21351
2026/09/25 23:39:06.730, 21351
2026/09/25 23:39:07.230, 21351
2026/09/25 23:39:07.730, 21351
2026/09/25 23:39:08.230, 21351
2026/09/25 23:39:08.731, 21351
2026/09/25 23:39:09.231, 21351
2026/09/25 23:39:09.731, 21351
2026/09/25 23:39:10.231, 21351
2026/09/25 23:39:10.731, 21351
2026/09/25 23:39:11.231, 21351
2026/09/25 23:39:11.731, 21351
2026/09/25 23:39:12.232, 21351
2026/09/25 23:39:12.732, 21351
2026/09/25 23:39:13.232, 21351
2026/09/25 23:39:13.732, 21351
2026/09/25 23:39:14.232, 21351
2026/09/25 23:39:14.732, 21351
2026/09/25 23:39:15.232, 21351
2026/09/25 23:39:15.733, 21351
2026/09/25 23:39:16.233, 21351
2026/09/25 23:39:16.733, 21351
2026/09/25 23:39:17.233, 21351
2026/09/25 23:39:17.733, 21351
2026/09/25 23:39:18.233, 21351
2026/09/25 23:39:18.734, 21351
2026/09/25 23:39:19.234, 21351
2026/09/25 23:39:19.734, 21351
2026/09/25 23:39:20.234, 21351
2026/09/25 23:39:20.734, 21351
2026/09/25 23:39:21.234, 21351
2026/09/25 23:39:21.735, 21351
2026/09/25 23:39:22.235, 21351
2026/09/25 23:39:22.735, 21351
2026/09/25 23:39:23.235, 21351
2026/09/25 23:39:23.735, 21351
2026/09/25 23:39:24.235, 21351
2026/09/25 23:39:24.736, 21351
2026/09/25 23:39:25.236, 21351
2026/09/25 23:39:25.736, 21351
2026/09/25 23:39:26.236, 21351
2026/09/25 23:39:26.736, 21351
2026/09/25 23:39:27.236, 21351
2026/09/25 23:39:27.737, 21351
2026/09/25 23:39:28.237, 21351
2026/09/25 23:39:28.737, 21351
2026/09/25 23:39:29.237, 21351
2026/09/25 23:39:29.737, 21351
2026/09/25 23:39:30.237, 21351
2026/09/25 23:39:30.738, 21351
2026/09/25 23:39:31.238, 21351
2026/09/25 23:39:31.738, 21351
2026/09/25 23:39:32.238, 21351
2026/09/25 23:39:32.738, 21351
2026/09/25 23:39:33.238, 21351
2026/09/25 23:39:33.739, 21351
2026/09/25 23:39:34.239, 21351
2026/09/25 23:39:34.739, 21351
2026/09/25 23:39:35.239, 21351
2026/09/25 23:39:35.739, 21351
2026/09/25 23:39:36.239, 21351
2026/09/25 23:39:36.740, 21351
2026/09/25 23:39:37.240, 21351
2026/09/25 23:39:37.740, 21351
2026/09/25 23:39:38.240, 21351
2026/09/25 23:39:38.740, 21351
2026/09/25 23:39:39.240, 21351
2026/09/25 23:39:39.741, 21351
2026/09/25 23:39:40.241, 21351
2026/09/25 23:39:40.741, 21351
2026/09/25 23:39:41.241, 21351
2026/09/25 23:39:41.741, 21351
2026/09/25 23:39:42.242, 21351
2026/09/25 23:39:42.742, 21351
2026/09/25 23:39:43.242, 21351
2026/09/25 23:39:43.742, 21351
2026/09/25 23:39:44.242, 21351
2026/09/25 23:39:44.742, 21351
2026/09/25 23:39:45.243, 21351
2026/09/25 23:39:45.743, 21351
2026/09/25 23:39:46.243, 21351
2026/09/25 23:39:46.743, 21351
2026/09/25 23:39:47.243, 21351
2026/09/25 23:39:47.743, 21351
2026/09/25 23:39:48.244, 21351
2026/09/25 23:39:48.744, 21351
2026/09/25 23:39:49.244, 21351
2026/09/25 23:39:49.744, 21351
2026/09/25 23:39:50.244, 21351
2026/09/25 23:39:50.744, 21351
2026/09/25 23:39:51.245, 21351
2026/09/25 23:39:51.745, 21351
2026/09/25 23:39:52.245, 21351
2026/09/25 23:39:52.745, 21351
2026/09/25 23:39:53.245, 21351
2026/09/25 23:39:53.745, 21351
2026/09/25 23:39:54.246, 21351
2026/09/25 23:39:54.746, 21351
2026/09/25 23:39:55.246, 21351
2026/09/25 23:39:55.746, 21351
2026/09/25 23:39:56.246, 21351
2026/09/25 23:39:56.747, 21351
2026/09/25 23:39:57.247, 21351
2026/09/25 23:39:57.747, 21351
2026/09/25 23:39:58.247, 21351
2026/09/25 23:39:58.747, 21351
2026/09/25 23:39:59.247, 21351
2026/09/25 23:39:59.748, 21351
2026/09/25 23:40:00.248, 21351
2026/09/25 23:40:00.748, 21351
2026/09/25 23:40:01.248, 21351
2026/09/25 23:40:01.748, 21351
2026/09/25 23:40:02.248, 21351
2026/09/25 23:40:02.749, 21351
2026/09/25 23:40:03.249, 21351
2026/09/25 23:40:03.749, 21351
2026/09/25 23:40:04.249, 21351
2026/09/25 23:40:04.749, 21351
2026/09/25 23:40:05.249, 21351
2026/09/25 23:40:05.750, 21351
2026/09/25 23:40:06.250, 21351
2026/09/25 23:40:06.750, 21351
2026/09/25 23:40:07.250, 21351
2026/09/25 23:40:07.750, 21351
2026/09/25 23:40:08.250, 21351
2026/09/25 23:40:08.751, 21351
2026/09/25 23:40:09.251, 21351
2026/09/25 23:40:09.751, 21351
2026/09/25 23:40:10.251, 21351
2026/09/25 23:40:10.751, 21351
2026/09/25 23:40:11.251, 21351
2026/09/25 23:40:11.751, 21351
2026/09/25 23:40:12.252, 21351
2026/09/25 23:40:12.752, 21351
2026/09/25 23:40:13.252, 21351
2026/09/25 23:40:13.752, 21351
2026/09/25 23:40:14.252, 21351
2026/09/25 23:40:14.752, 21351
2026/09/25 23:40:15.253, 21351
2026/09/25 23:40:15.753, 21351
2026/09/25 23:40:16.253, 21351
2026/09/25 23:40:16.753, 21351
2026/09/25 23:40:17.253, 21351
2026/09/25 23:40:17.753, 21351
2026/09/25 23:40:18.254, 21351
2026/09/25 23:40:18.754, 21351
2026/09/25 23:40:19.254, 21351
2026/09/25 23:40:19.754, 21351
2026/09/25 23:40:20.254, 21351
2026/09/25 23:40:20.754, 21351
2026/09/25 23:40:21.255, 21351
2026/09/25 23:40:21.755, 21351
2026/09/25 23:40:22.255, 21351
2026/09/25 23:40:22.755, 21351
2026/09/25 23:40:23.255, 21351
2026/09/25 23:40:23.755, 21351
2026/09/25 23:40:24.255, 21351
2026/09/25 23:40:24.756, 21351
2026/09/25 23:40:25.256, 21351
2026/09/25 23:40:25.756, 21351
2026/09/25 23:40:26.256, 21351
2026/09/25 23:40:26.756, 21351
2026/09/25 23:40:27.257, 21351
2026/09/25 23:40:27.757, 21351
2026/09/25 23:40:28.257, 21351
2026/09/25 23:40:28.757, 21351
2026/09/25 23:40:29.257, 21351
2026/09/25 23:40:29.757, 21351
2026/09/25 23:40:30.257, 21351
2026/09/25 23:40:30.758, 21351
2026/09/25 23:40:31.258, 21351
2026/09/25 23:40:31.758, 21351
2026/09/25 23:40:32.258, 21351
2026/09/25 23:40:32.758, 21351
2026/09/25 23:40:33.258, 21351
2026/09/25 23:40:33.758, 21351
2026/09/25 23:40:34.259, 21351
2026/09/25 23:40:34.759, 21351
2026/09/25 23:40:35.259, 21351
2026/09/25 23:40:35.759, 21351
2026/09/25 23:40:36.259, 21351
2026/09/25 23:40:36.759, 21351
2026/09/25 23:40:37.259, 21351
2026/09/25 23:40:37.760, 21351
2026/09/25 23:40:38.260, 21351
2026/09/25 23:40:38.760, 21351
2026/09/25 23:40:39.260, 21351
2026/09/25 23:40:39.760, 21351
2026/09/25 23:40:40.260, 21351
2026/09/25 23:40:40.761, 21351
2026/09/25 23:40:41.261, 21351
2026/09/25 23:40:41.761, 21351
2026/09/25 23:40:42.261, 21351
2026/09/25 23:40:42.761, 21351
2026/09/25 23:40:43.261, 21351
2026/09/25 23:40:43.761, 21351
2026/09/25 23:40:44.262, 21351
2026/09/25 23:40:44.762, 21351
2026/09/25 23:40:45.262, 21351
2026/09/25 23:40:45.762, 21351
2026/09/25 23:40:46.262, 21351
2026/09/25 23:40:46.762, 21351
2026/09/25 23:40:47.263, 21351
2026/09/25 23:40:47.763, 21351
2026/09/25 23:40:48.263, 21351
2026/09/25 23:40:48.763, 21351
2026/09/25 23:40:49.263, 21351
2026/09/25 23:40:49.763, 21351
2026/09/25 23:40:50.264, 21351
2026/09/25 23:40:50.764, 21351
2026/09/25 23:40:51.264, 21351
2026/09/25 23:40:51.764, 21351
2026/09/25 23:40:52.264, 21351
2026/09/25 23:40:52.765, 21351
2026/09/25 23:40:53.265, 21351
2026/09/25 23:40:53.765, 21351
2026/09/25 23:40:54.265, 21351
2026/09/25 23:40:54.765, 21351
2026/09/25 23:40:55.265, 21351
2026/09/25 23:40:55.766, 21351
2026/09/25 23:40:56.266, 21351
2026/09/25 23:40:56.766, 21351
2026/09/25 23:40:57.266, 21351
2026/09/25 23:40:57.766, 21351
2026/09/25 23:40:58.266, 21351
2026/09/25 23:40:58.766, 21351
2026/09/25 23:40:59.267, 21351
2026/09/25 23:40:59.767, 21351
2026/09/25 23:41:00.267, 21351
2026/09/25 23:41:00.767, 21351
2026/09/25 23:41:01.267, 21351
2026/09/25 23:41:01.767, 21351
2026/09/25 23:41:02.268, 21351
2026/09/25 23:41:02.768, 21351
2026/09/25 23:41:03.268, 21351
2026/09/25 23:41:03.768, 21351
2026/09/25 23:41:04.268, 21351
2026/09/25 23:41:04.768, 21351
2026/09/25 23:41:05.268, 21351
2026/09/25 23:41:05.769, 21351
2026/09/25 23:41:06.269, 21351
2026/09/25 23:41:06.769, 21351
2026/09/25 23:41:07.269, 21351
2026/09/25 23:41:07.769, 21351
2026/09/25 23:41:08.269, 21351
2026/09/25 23:41:08.770, 21351
2026/09/25 23:41:09.270, 21351
2026/09/25 23:41:09.770, 21351
2026/09/25 23:41:10.270, 21351
2026/09/25 23:41:10.770, 21351
2026/09/25 23:41:11.270, 21351
2026/09/25 23:41:11.770, 21351
2026/09/25 23:41:12.271, 21351
2026/09/25 23:41:12.771, 21351
2026/09/25 23:41:13.271, 21351
2026/09/25 23:41:13.771, 21351
2026/09/25 23:41:14.271, 21351
2026/09/25 23:41:14.771, 21351
2026/09/25 23:41:15.271, 21351
2026/09/25 23:41:15.772, 21351
2026/09/25 23:41:16.272, 21351
2026/09/25 23:41:16.772, 21351
2026/09/25 23:41:17.272, 21351
2026/09/25 23:41:17.773, 21803
2026/09/25 23:41:18.273, 21803
2026/09/25 23:41:18.773, 21803
2026/09/25 23:41:19.273, 21803
2026/09/25 23:41:19.773, 21803
2026/09/25 23:41:20.273, 21803
2026/09/25 23:41:20.774, 21803
2026/09/25 23:41:21.274, 21803
2026/09/25 23:41:21.774, 21803
2026/09/25 23:41:22.274, 21803
2026/09/25 23:41:22.774, 21803
2026/09/25 23:41:23.274, 21803
2026/09/25 23:41:23.775, 21803
2026/09/25 23:41:24.275, 21803
2026/09/25 23:41:24.775, 21803
2026/09/25 23:41:25.275, 21803
2026/09/25 23:41:25.775, 21803
2026/09/25 23:41:26.275, 21803
2026/09/25 23:41:26.776, 21803
2026/09/25 23:41:27.276, 21803
2026/09/25 23:41:27.776, 21803
2026/09/25 23:41:28.276, 21803
2026/09/25 23:41:28.776, 21803
2026/09/25 23:41:29.277, 21803
2026/09/25 23:41:29.777, 21803
2026/09/25 23:41:30.277, 21803
2026/09/25 23:41:30.777, 21803
2026/09/25 23:41:31.277, 21803
2026/09/25 23:41:31.777, 21803
2026/09/25 23:41:32.278, 21803
2026/09/25 23:41:32.778, 21803
2026/09/25 23:41:33.278, 21803
2026/09/25 23:41:33.778, 21803
2026/09/25 23:41:34.278, 21803
2026/09/25 23:41:34.778, 21803
2026/09/25 23:41:35.279, 21803
2026/09/25 23:41:35.779, 21803
2026/09/25 23:41:36.279, 21803
2026/09/25 23:41:36.779, 21803
2026/09/25 23:41:37.279, 21803
2026/09/25 23:41:37.779, 21803
2026/09/25 23:41:38.280, 21803
2026/09/25 23:41:38.780, 21803
2026/09/25 23:41:39.280, 21803
2026/09/25 23:41:39.780, 21803
2026/09/25 23:41:40.280, 21803
2026/09/25 23:41:40.780, 21803
2026/09/25 23:41:41.281, 21803
2026/09/25 23:41:41.781, 21803
2026/09/25 23:41:42.281, 21803
2026/09/25 23:41:42.781, 21803
2026/09/25 23:41:43.281, 21803
2026/09/25 23:41:43.781, 21803
2026/09/25 23:41:44.282, 21803
2026/09/25 23:41:44.782, 21803
2026/09/25 23:41:45.282, 21803
2026/09/25 23:41:45.782, 21803
2026/09/25 23:41:46.282, 21803
2026/09/25 23:41:46.783, 21803
2026/09/25 23:41:47.283, 21803
2026/09/25 23:41:47.783, 21803
2026/09/25 23:41:48.283, 21803
2026/09/25 23:41:48.783, 21803
2026/09/25 23:41:49.283, 21803
2026/09/25 23:41:49.783, 21803
2026/09/25 23:41:50.284, 21803
2026/09/25 23:41:50.784, 21803
2026/09/25 23:41:51.284, 21803
2026/09/25 23:41:51.784, 21803
2026/09/25 23:41:52.285, 21803
2026/09/25 23:41:52.785, 21803
2026/09/25 23:41:53.285, 21803
2026/09/25 23:41:53.785, 21803
2026/09/25 23:41:54.285, 21803
2026/09/25 23:41:54.785, 21803
2026/09/25 23:41:55.285, 21803
2026/09/25 23:41:55.786, 21803
2026/09/25 23:41:56.286, 21803
2026/09/25 23:41:56.786, 21803
2026/09/25 23:41:57.286, 21803
2026/09/25 23:41:57.786, 21803
2026/09/25 23:41:58.287, 21803
2026/09/25 23:41:58.787, 21803
2026/09/25 23:41:59.287, 21803
2026/09/25 23:41:59.787, 21803
2026/09/25 23:42:00.287, 21803
2026/09/25 23:42:00.787, 21803
2026/09/25 23:42:01.288, 21803
2026/09/25 23:42:01.788, 21803
2026/09/25 23:42:02.288, 21803
2026/09/25 23:42:02.788, 21803
2026/09/25 23:42:03.288, 21803
2026/09/25 23:42:03.788, 21803
2026/09/25 23:42:04.288, 21803
2026/09/25 23:42:04.789, 21803
2026/09/25 23:42:05.289, 21803
2026/09/25 23:42:05.789, 21803
2026/09/25 23:42:06.289, 21803
2026/09/25 23:42:06.789, 21803
2026/09/25 23:42:07.289, 21803
2026/09/25 23:42:07.790, 21803
2026/09/25 23:42:08.290, 21803
2026/09/25 23:42:08.790, 21803
2026/09/25 23:42:09.290, 21803
2026/09/25 23:42:09.790, 21803
2026/09/25 23:42:10.290, 21803
2026/09/25 23:42:10.791, 21803
2026/09/25 23:42:11.291, 21803
2026/09/25 23:42:11.791, 21803
2026/09/25 23:42:12.291, 21803
2026/09/25 23:42:12.791, 21803
2026/09/25 23:42:13.291, 21803
2026/09/25 23:42:13.792, 21803
2026/09/25 23:42:14.292, 21803
2026/09/25 23:42:14.792, 21803
2026/09/25 23:42:15.292, 21803
2026/09/25 23:42:15.792, 21803
2026/09/25 23:42:16.292, 21803
2026/09/25 23:42:16.793, 21803
2026/09/25 23:42:17.293, 21803
2026/09/25 23:42:17.793, 21803
2026/09/25 23:42:18.293, 21803
2026/09/25 23:42:18.793, 21803
2026/09/25 23:42:19.293, 21803
2026/09/25 23:42:19.794, 21803
2026/09/25 23:42:20.294, 21803
2026/09/25 23:42:20.794, 21803
2026/09/25 23:42:21.294, 21803
2026/09/25 23:42:21.794, 21803
2026/09/25 23:42:22.294, 21803
2026/09/25 23:42:22.795, 21803
2026/09/25 23:42:23.295, 21803
2026/09/25 23:42:23.795, 21803
2026/09/25 23:42:24.295, 21803
2026/09/25 23:42:24.795, 21803
2026/09/25 23:42:25.295, 21803
2026/09/25 23:42:25.796, 21803
2026/09/25 23:42:26.296, 21803
2026/09/25 23:42:26.796, 21803
2026/09/25 23:42:27.296, 21803
2026/09/25 23:42:27.796, 21803
2026/09/25 23:42:28.296, 21803
2026/09/25 23:42:28.796, 21803
2026/09/25 23:42:29.297, 21803
2026/09/25 23:42:29.797, 21803
2026/09/25 23:42:30.297, 21803
2026/09/25 23:42:30.797, 21803
2026/09/25 23:42:31.297, 21803
2026/09/25 23:42:31.797, 21803
2026/09/25 23:42:32.298, 21803
2026/09/25 23:42:32.798, 21803
2026/09/25 23:42:33.298, 21803
2026/09/25 23:42:33.798, 21803
2026/09/25 23:42:34.298, 21803
2026/09/25 23:42:34.798, 21803
2026/09/25 23:42:35.298, 21803
2026/09/25 23:42:35.799, 21803
2026/09/25 23:42:36.299, 21803
2026/09/25 23:42:36.799, 21803
2026/09/25 23:42:37.299, 21803
2026/09/25 23:42:37.799, 21803
2026/09/25 23:42:38.299, 21803
2026/09/25 23:42:38.800, 21803
2026/09/25 23:42:39.300, 21803
2026/09/25 23:42:39.800, 21803
2026/09/25 23:42:40.300, 21803
2026/09/25 23:42:40.800, 21803
2026/09/25 23:42:41.300, 21803
2026/09/25 23:42:41.800, 21803
2026/09/25 23:42:42.301, 21803
2026/09/25 23:42:42.801, 21803
2026/09/25 23:42:43.301, 21803
2026/09/25 23:42:43.801, 21803
2026/09/25 23:42:44.301, 21803
2026/09/25 23:42:44.801, 21803
2026/09/25 23:42:45.302, 21803
2026/09/25 23:42:45.802, 21803
2026/09/25 23:42:46.302, 21803
2026/09/25 23:42:46.802, 21803
2026/09/25 23:42:47.302, 21803
2026/09/25 23:42:47.802, 21803
2026/09/25 23:42:48.302, 21803
2026/09/25 23:42:48.803, 21803
2026/09/25 23:42:49.303, 21803
2026/09/25 23:42:49.803, 21803
2026/09/25 23:42:50.303, 21803
2026/09/25 23:42:50.803, 21803
2026/09/25 23:42:51.303, 21803
2026/09/25 23:42:51.804, 21803
2026/09/25 23:42:52.304, 21803
2026/09/25 23:42:52.804, 21803
2026/09/25 23:42:53.304, 21803
2026/09/25 23:42:53.804, 21803
2026/09/25 23:42:54.304, 21803
2026/09/25 23:42:54.804, 21803
2026/09/25 23:42:55.305, 21803
2026/09/25 23:42:55.805, 21803
2026/09/25 23:42:56.305, 21803
2026/09/25 23:42:56.805, 21803
2026/09/25 23:42:57.305, 21803
2026/09/25 23:42:57.805, 21803
2026/09/25 23:42:58.306, 21803
2026/09/25 23:42:58.806, 21803
2026/09/25 23:42:59.306, 21803
2026/09/25 23:42:59.806, 21803
2026/09/25 23:43:00.306, 21803
2026/09/25 23:43:00.806, 21803
2026/09/25 23:43:01.307, 21803
2026/09/25 23:43:01.807, 21803
2026/09/25 23:43:02.307, 21803
2026/09/25 23:43:02.807, 21803
2026/09/25 23:43:03.307, 21803
2026/09/25 23:43:03.808, 21803
2026/09/25 23:43:04.308, 21803
2026/09/25 23:43:04.808, 21803
2026/09/25 23:43:05.308, 21803
2026/09/25 23:43:05.808, 21803
2026/09/25 23:43:06.309, 21803
2026/09/25 23:43:06.809, 21803
2026/09/25 23:43:07.309, 21803
2026/09/25 23:43:07.809, 21803
2026/09/25 23:43:08.309, 21803
2026/09/25 23:43:08.809, 21803
2026/09/25 23:43:09.310, 21803
2026/09/25 23:43:09.810, 21803
2026/09/25 23:43:10.310, 21803
2026/09/25 23:43:10.810, 21803
2026/09/25 23:43:11.310, 21803
2026/09/25 23:43:11.810, 21803
2026/09/25 23:43:12.311, 21803
2026/09/25 23:43:12.811, 21803
2026/09/25 23:43:13.311, 21803
2026/09/25 23:43:13.811, 21803
2026/09/25 23:43:14.311, 21803
2026/09/25 23:43:14.811, 21803
2026/09/25 23:43:15.312, 21803
2026/09/25 23:43:15.812, 21803
2026/09/25 23:43:16.312, 21803
2026/09/25 23:43:16.812, 21803
2026/09/25 23:43:17.312, 21803
2026/09/25 23:43:17.812, 21803
2026/09/25 23:43:18.313, 21803
2026/09/25 23:43:18.813, 21803
2026/09/25 23:43:19.313, 21803
2026/09/25 23:43:19.813, 21803
2026/09/25 23:43:20.313, 21803
2026/09/25 23:43:20.813, 21803
2026/09/25 23:43:21.314, 21803
2026/09/25 23:43:21.814, 21803
2026/09/25 23:43:22.314, 21803
2026/09/25 23:43:22.814, 21803
2026/09/25 23:43:23.314, 21803
2026/09/25 23:43:23.814, 21803
2026/09/25 23:43:24.315, 21803
2026/09/25 23:43:24.815, 21803
2026/09/25 23:43:25.315, 21803
2026/09/25 23:43:25.815, 21803
2026/09/25 23:43:26.315, 21803
2026/09/25 23:43:26.816, 21803
2026/09/25 23:43:27.316, 21803
2026/09/25 23:43:27.816, 21803
2026/09/25 23:43:28.316, 21803
2026/09/25 23:43:28.816, 21803
2026/09/25 23:43:29.316, 21803
2026/09/25 23:43:29.816, 21803
2026/09/25 23:43:30.317, 21803
2026/09/25 23:43:30.817, 21803
2026/09/25 23:43:31.317, 21803
2026/09/25 23:43:31.817, 21803
2026/09/25 23:43:32.317, 21803
2026/09/25 23:43:32.817, 21803
2026/09/25 23:43:33.318, 21803
2026/09/25 23:43:33.818, 21803
2026/09/25 23:43:34.318, 21803
2026/09/25 23:43:34.818, 21803
2026/09/25 23:43:35.318, 21803
2026/09/25 23:43:35.818, 21803
2026/09/25 23:43:36.323, 21803
2026/09/25 23:43:36.823, 21803
2026/09/25 23:43:37.323, 21803
2026/09/25 23:43:37.823, 21803
2026/09/25 23:43:38.323, 21803
2026/09/25 23:43:38.823, 21803
2026/09/25 23:43:39.324, 21803
2026/09/25 23:43:39.824, 21803
2026/09/25 23:43:40.324, 21803
2026/09/25 23:43:40.824, 21803
2026/09/25 23:43:41.333, 21803
2026/09/25 23:43:41.833, 21803
2026/09/25 23:43:42.333, 21803
2026/09/25 23:43:42.833, 21803
2026/09/25 23:43:43.334, 21803
2026/09/25 23:43:43.834, 21803
2026/09/25 23:43:44.334, 21803
2026/09/25 23:43:44.834, 21803
2026/09/25 23:43:45.334, 21803
2026/09/25 23:43:45.834, 21803
2026/09/25 23:43:46.334, 21803
2026/09/25 23:43:46.835, 21803
2026/09/25 23:43:47.335, 21803
2026/09/25 23:43:47.835, 21803
2026/09/25 23:43:48.335, 21803
2026/09/25 23:43:48.835, 21803
2026/09/25 23:43:49.335, 21803
2026/09/25 23:43:49.835, 21803
2026/09/25 23:43:50.335, 21803
2026/09/25 23:43:50.835, 21803
2026/09/25 23:43:51.336, 21803
2026/09/25 23:43:51.836, 21803
2026/09/25 23:43:52.336, 21803
2026/09/25 23:43:52.836, 21803
2026/09/25 23:43:53.336, 21803
2026/09/25 23:43:53.836, 21803
2026/09/25 23:43:54.336, 21803
2026/09/25 23:43:54.836, 21803
2026/09/25 23:43:55.336, 21803
2026/09/25 23:43:55.837, 21803
2026/09/25 23:43:56.337, 21803
2026/09/25 23:43:56.837, 21803
2026/09/25 23:43:57.337, 21803
2026/09/25 23:43:57.837, 21803
2026/09/25 23:43:58.337, 21803
2026/09/25 23:43:58.837, 21803
2026/09/25 23:43:59.337, 21803
2026/09/25 23:43:59.838, 21803
2026/09/25 23:44:00.338, 21803
2026/09/25 23:44:00.838, 21803
2026/09/25 23:44:01.338, 21803
2026/09/25 23:44:01.838, 21803
2026/09/25 23:44:02.338, 21803
2026/09/25 23:44:02.839, 21803
2026/09/25 23:44:03.339, 21803
2026/09/25 23:44:03.839, 21803
2026/09/25 23:44:04.339, 21803
2026/09/25 23:44:04.839, 21803
2026/09/25 23:44:05.339, 21803
2026/09/25 23:44:05.840, 21803
2026/09/25 23:44:06.340, 21803
2026/09/25 23:44:06.840, 21803
2026/09/25 23:44:07.340, 21803
2026/09/25 23:44:07.840, 21803
2026/09/25 23:44:08.340, 21803
2026/09/25 23:44:08.841, 21803
2026/09/25 23:44:09.341, 21803
2026/09/25 23:44:09.841, 21803
2026/09/25 23:44:10.341, 21803
2026/09/25 23:44:10.841, 21803
2026/09/25 23:44:11.341, 21803
2026/09/25 23:44:11.842, 21803
2026/09/25 23:44:12.342, 21803
2026/09/25 23:44:12.842, 21803
2026/09/25 23:44:13.342, 21803
2026/09/25 23:44:13.842, 21803
2026/09/25 23:44:14.342, 21803
2026/09/25 23:44:14.843, 21803
2026/09/25 23:44:15.343, 21803
2026/09/25 23:44:15.843, 21803
2026/09/25 23:44:16.343, 21803
2026/09/25 23:44:16.843, 21803
2026/09/25 23:44:17.343, 21803
2026/09/25 23:44:17.844, 21803
2026/09/25 23:44:18.344, 21803
2026/09/25 23:44:18.844, 21803
2026/09/25 23:44:19.344, 21803
2026/09/25 23:44:19.844, 21803
2026/09/25 23:44:20.344, 21803
2026/09/25 23:44:20.845, 21803
2026/09/25 23:44:21.345, 21803
2026/09/25 23:44:21.845, 21803
2026/09/25 23:44:22.345, 21803
2026/09/25 23:44:22.845, 21803
2026/09/25 23:44:23.345, 21803
2026/09/25 23:44:23.846, 21803
2026/09/25 23:44:24.346, 21803
2026/09/25 23:44:24.846, 21803
2026/09/25 23:44:25.346, 21803
2026/09/25 23:44:25.846, 21803
2026/09/25 23:44:26.346, 21803
2026/09/25 23:44:26.847, 21803
2026/09/25 23:44:27.347, 21803
2026/09/25 23:44:27.847, 21803
2026/09/25 23:44:28.347, 21803
2026/09/25 23:44:28.847, 21803
2026/09/25 23:44:29.347, 21803
2026/09/25 23:44:29.848, 21803
2026/09/25 23:44:30.348, 21803
2026/09/25 23:44:30.848, 21803
2026/09/25 23:44:31.348, 21803
2026/09/25 23:44:31.848, 21803
2026/09/25 23:44:32.349, 21803
2026/09/25 23:44:32.849, 21803
2026/09/25 23:44:33.349, 21803
2026/09/25 23:44:33.849, 21803
2026/09/25 23:44:34.349, 21803
2026/09/25 23:44:34.849, 21803
2026/09/25 23:44:35.350, 21803
2026/09/25 23:44:35.850, 21803
2026/09/25 23:44:36.350, 21803
2026/09/25 23:44:36.850, 21803
2026/09/25 23:44:37.350, 21803
2026/09/25 23:44:37.851, 21803
2026/09/25 23:44:38.351, 21803
2026/09/25 23:44:38.851, 21803
2026/09/25 23:44:39.351, 21803
2026/09/25 23:44:39.851, 21803
2026/09/25 23:44:40.351, 21803
2026/09/25 23:44:40.852, 21803
2026/09/25 23:44:41.352, 21803
2026/09/25 23:44:41.852, 21803
2026/09/25 23:44:42.352, 21803
2026/09/25 23:44:42.852, 21803
2026/09/25 23:44:43.352, 21803
2026/09/25 23:44:43.852, 21803
2026/09/25 23:44:44.353, 21803
2026/09/25 23:44:44.853, 21803
2026/09/25 23:44:45.353, 21803
2026/09/25 23:44:45.853, 21803
2026/09/25 23:44:46.353, 21803
2026/09/25 23:44:46.853, 21803
2026/09/25 23:44:47.354, 21803
2026/09/25 23:44:47.854, 21803
2026/09/25 23:44:48.354, 21803
2026/09/25 23:44:48.854, 21803
2026/09/25 23:44:49.354, 21803
2026/09/25 23:44:49.854, 21803
2026/09/25 23:44:50.355, 21803
2026/09/25 23:44:50.855, 21803
2026/09/25 23:44:51.355, 21803
2026/09/25 23:44:51.855, 21803
2026/09/25 23:44:52.355, 21803
2026/09/25 23:44:52.855, 21803
2026/09/25 23:44:53.356, 21803
2026/09/25 23:44:53.856, 21803
2026/09/25 23:44:54.356, 21803
2026/09/25 23:44:54.856, 21803
2026/09/25 23:44:55.356, 21803
2026/09/25 23:44:55.856, 21803
2026/09/25 23:44:56.357, 21803
2026/09/25 23:44:56.857, 21803
2026/09/25 23:44:57.357, 21803
2026/09/25 23:44:57.857, 21803
2026/09/25 23:44:58.357, 21803
2026/09/25 23:44:58.857, 21803
2026/09/25 23:44:59.357, 21803
2026/09/25 23:44:59.858, 21803
2026/09/25 23:45:00.358, 21803
2026/09/25 23:45:00.858, 21803
2026/09/25 23:45:01.358, 21803
2026/09/25 23:45:01.858, 21803
2026/09/25 23:45:02.358, 21803
2026/09/25 23:45:02.859, 21803
2026/09/25 23:45:03.359, 21803
2026/09/25 23:45:03.859, 21803
2026/09/25 23:45:04.359, 21803
2026/09/25 23:45:04.859, 21803
2026/09/25 23:45:05.359, 21803
2026/09/25 23:45:05.860, 21803
2026/09/25 23:45:06.360, 21803
2026/09/25 23:45:06.860, 21803
2026/09/25 23:45:07.360, 21803
2026/09/25 23:45:07.860, 21803
2026/09/25 23:45:08.360, 21803
2026/09/25 23:45:08.861, 21803
2026/09/25 23:45:09.361, 21803
2026/09/25 23:45:09.861, 21803
2026/09/25 23:45:10.361, 21803
2026/09/25 23:45:10.861, 21803
2026/09/25 23:45:11.361, 21803
2026/09/25 23:45:11.861, 21803
2026/09/25 23:45:12.362, 21803
2026/09/25 23:45:12.862, 21803
2026/09/25 23:45:13.362, 21803
2026/09/25 23:45:13.862, 21803
2026/09/25 23:45:14.362, 21803
2026/09/25 23:45:14.863, 21803
2026/09/25 23:45:15.363, 21803
2026/09/25 23:45:15.863, 21803
2026/09/25 23:45:16.363, 21803
2026/09/25 23:45:16.863, 21803
2026/09/25 23:45:17.364, 21803
2026/09/25 23:45:17.864, 21803
2026/09/25 23:45:18.364, 21803
2026/09/25 23:45:18.864, 21803
2026/09/25 23:45:19.364, 21803
2026/09/25 23:45:19.864, 21803
2026/09/25 23:45:20.365, 21803
2026/09/25 23:45:20.865, 21803
2026/09/25 23:45:21.365, 21803
2026/09/25 23:45:21.865, 21803
2026/09/25 23:45:22.365, 21803
2026/09/25 23:45:22.865, 21803
2026/09/25 23:45:23.365, 21803
2026/09/25 23:45:23.866, 21803
2026/09/25 23:45:24.366, 21803
2026/09/25 23:45:24.866, 21803
2026/09/25 23:45:25.366, 21803
2026/09/25 23:45:25.866, 21803
2026/09/25 23:45:26.366, 21803
2026/09/25 23:45:26.867, 21803
2026/09/25 23:45:27.367, 21803
2026/09/25 23:45:27.867, 21803
2026/09/25 23:45:28.367, 21803
2026/09/25 23:45:28.867, 21803
2026/09/25 23:45:29.367, 21803
2026/09/25 23:45:29.868, 21803
2026/09/25 23:45:30.368, 21803
2026/09/25 23:45:30.868, 21803
2026/09/25 23:45:31.368, 21803
2026/09/25 23:45:31.868, 21803
2026/09/25 23:45:32.368, 21803
2026/09/25 23:45:32.868, 21803
2026/09/25 23:45:33.369, 21803
2026/09/25 23:45:33.869, 21803
2026/09/25 23:45:34.369, 21803
2026/09/25 23:45:34.869, 21803
2026/09/25 23:45:35.369, 21803
2026/09/25 23:45:35.869, 21803
2026/09/25 23:45:36.369, 21803
2026/09/25 23:45:36.870, 21803
2026/09/25 23:45:37.370, 21803
2026/09/25 23:45:37.870, 21803
2026/09/25 23:45:38.370, 21803
2026/09/25 23:45:38.870, 21803
2026/09/25 23:45:39.370, 21803
2026/09/25 23:45:39.871, 21803
2026/09/25 23:45:40.371, 21803
2026/09/25 23:45:40.871, 21803
2026/09/25 23:45:41.371, 21803
2026/09/25 23:45:41.871, 21803
2026/09/25 23:45:42.371, 21803
2026/09/25 23:45:42.871, 21803
2026/09/25 23:45:43.372, 21803
2026/09/25 23:45:43.872, 21803
2026/09/25 23:45:44.372, 21803
2026/09/25 23:45:44.872, 21803
2026/09/25 23:45:45.372, 21803
2026/09/25 23:45:45.872, 21803
2026/09/25 23:45:46.373, 21803
2026/09/25 23:45:46.873, 21803
2026/09/25 23:45:47.373, 21803
2026/09/25 23:45:47.873, 21803
2026/09/25 23:45:48.373, 21803
2026/09/25 23:45:48.873, 21803
2026/09/25 23:45:49.373, 21803
2026/09/25 23:45:49.874, 21803
2026/09/25 23:45:50.374, 21803
2026/09/25 23:45:50.874, 21803
2026/09/25 23:45:51.374, 21803
2026/09/25 23:45:51.874, 21803
2026/09/25 23:45:52.374, 21803
2026/09/25 23:45:52.875, 21803
2026/09/25 23:45:53.375, 21803
2026/09/25 23:45:53.875, 21803
2026/09/25 23:45:54.375, 21803
2026/09/25 23:45:54.875, 21803
2026/09/25 23:45:55.375, 21803
2026/09/25 23:45:55.875, 21803
2026/09/25 23:45:56.376, 21803
2026/09/25 23:45:56.876, 21803
2026/09/25 23:45:57.376, 21803
2026/09/25 23:45:57.876, 21803
2026/09/25 23:45:58.376, 21803
2026/09/25 23:45:58.876, 21803
2026/09/25 23:45:59.377, 21803
2026/09/25 23:45:59.877, 21803
2026/09/25 23:46:00.377, 21803
2026/09/25 23:46:00.877, 21803
2026/09/25 23:46:01.377, 21803
2026/09/25 23:46:01.877, 21803
2026/09/25 23:46:02.377, 21803
2026/09/25 23:46:02.878, 21803
2026/09/25 23:46:03.378, 21803
2026/09/25 23:46:03.878, 21803
2026/09/25 23:46:04.378, 21803
2026/09/25 23:46:04.878, 21803
2026/09/25 23:46:05.378, 21803
2026/09/25 23:46:05.879, 21803
2026/09/25 23:46:06.379, 21803
2026/09/25 23:46:06.879, 21803
2026/09/25 23:46:07.379, 21803
2026/09/25 23:46:07.879, 21803
2026/09/25 23:46:08.379, 21803
2026/09/25 23:46:08.879, 21803
2026/09/25 23:46:09.380, 21803
2026/09/25 23:46:09.880, 21803
2026/09/25 23:46:10.380, 21803
2026/09/25 23:46:10.880, 21803
2026/09/25 23:46:11.380, 21803
2026/09/25 23:46:11.880, 21803
2026/09/25 23:46:12.381, 21803
2026/09/25 23:46:12.881, 21803
2026/09/25 23:46:13.381, 21803
2026/09/25 23:46:13.881, 21803
2026/09/25 23:46:14.381, 21803
2026/09/25 23:46:14.881, 21803
2026/09/25 23:46:15.381, 21803
2026/09/25 23:46:15.882, 21803
2026/09/25 23:46:16.382, 21803
2026/09/25 23:46:16.882, 21803
2026/09/25 23:46:17.382, 21803
2026/09/25 23:46:17.882, 21803
2026/09/25 23:46:18.382, 21803
2026/09/25 23:46:18.883, 21803
2026/09/25 23:46:19.383, 21803
2026/09/25 23:46:19.883, 21803
2026/09/25 23:46:20.383, 21803
2026/09/25 23:46:20.883, 21803
2026/09/25 23:46:21.383, 21803
2026/09/25 23:46:21.883, 21803
2026/09/25 23:46:22.384, 21803
2026/09/25 23:46:22.884, 21803
2026/09/25 23:46:23.384, 21803
2026/09/25 23:46:23.884, 21803
2026/09/25 23:46:24.384, 21803
2026/09/25 23:46:24.884, 21803
2026/09/25 23:46:25.384, 21803
2026/09/25 23:46:25.885, 21803
2026/09/25 23:46:26.385, 21803
2026/09/25 23:46:26.885, 21803
2026/09/25 23:46:27.385, 21803
2026/09/25 23:46:27.885, 21803
2026/09/25 23:46:28.385, 21803
2026/09/25 23:46:28.886, 21803
2026/09/25 23:46:29.386, 21803
2026/09/25 23:46:29.886, 21803
2026/09/25 23:46:30.386, 21803
2026/09/25 23:46:30.886, 21803
2026/09/25 23:46:31.386, 21803
2026/09/25 23:46:31.886, 21803
2026/09/25 23:46:32.387, 21803
2026/09/25 23:46:32.887, 21803
2026/09/25 23:46:33.387, 21803
2026/09/25 23:46:33.887, 21803
2026/09/25 23:46:34.387, 21803
2026/09/25 23:46:34.887, 21803
2026/09/25 23:46:35.388, 21803
2026/09/25 23:46:35.888, 21803
2026/09/25 23:46:36.388, 21803
2026/09/25 23:46:36.888, 21803
2026/09/25 23:46:37.388, 21803
2026/09/25 23:46:37.888, 21803
2026/09/25 23:46:38.388, 21803
2026/09/25 23:46:38.889, 21803
2026/09/25 23:46:39.389, 21803
2026/09/25 23:46:39.889, 21803
2026/09/25 23:46:40.389, 21803
2026/09/25 23:46:40.889, 21803
2026/09/25 23:46:41.389, 21803
2026/09/25 23:46:41.890, 21803
2026/09/25 23:46:42.390, 21803
2026/09/25 23:46:42.890, 21803
2026/09/25 23:46:43.390, 21803
2026/09/25 23:46:43.890, 21803
2026/09/25 23:46:44.390, 21803
2026/09/25 23:46:44.891, 21803
2026/09/25 23:46:45.391, 21803
2026/09/25 23:46:45.891, 21803
2026/09/25 23:46:46.391, 21803
2026/09/25 23:46:46.891, 21803
2026/09/25 23:46:47.391, 21803
2026/09/25 23:46:47.892, 21803
2026/09/25 23:46:48.392, 21803
2026/09/25 23:46:48.892, 21803
2026/09/25 23:46:49.392, 21803
2026/09/25 23:46:49.892, 21803
2026/09/25 23:46:50.392, 21803
2026/09/25 23:46:50.893, 21803
2026/09/25 23:46:51.393, 21803
2026/09/25 23:46:51.893, 21803
2026/09/25 23:46:52.393, 21803
2026/09/25 23:46:52.893, 21803
2026/09/25 23:46:53.393, 21803
2026/09/25 23:46:53.894, 21803
2026/09/25 23:46:54.394, 21803
2026/09/25 23:46:54.894, 21803
2026/09/25 23:46:55.394, 21803
2026/09/25 23:46:55.894, 21803
2026/09/25 23:46:56.394, 21803
2026/09/25 23:46:56.894, 21803
2026/09/25 23:46:57.395, 21803
2026/09/25 23:46:57.895, 21803
2026/09/25 23:46:58.395, 21803
2026/09/25 23:46:58.895, 21803
2026/09/25 23:46:59.395, 21803
2026/09/25 23:46:59.895, 21803
2026/09/25 23:47:00.396, 21803
2026/09/25 23:47:00.896, 21803
2026/09/25 23:47:01.396, 21803
2026/09/25 23:47:01.896, 21803
2026/09/25 23:47:02.396, 21803
2026/09/25 23:47:02.896, 21803
2026/09/25 23:47:03.397, 21803
2026/09/25 23:47:03.897, 21803
2026/09/25 23:47:04.397, 21803
2026/09/25 23:47:04.897, 21803
2026/09/25 23:47:05.397, 21803
2026/09/25 23:47:05.897, 21803
2026/09/25 23:47:06.397, 21803
2026/09/25 23:47:06.898, 21803
2026/09/25 23:47:07.398, 21803
2026/09/25 23:47:07.898, 21803
2026/09/25 23:47:08.398, 21803
2026/09/25 23:47:08.898, 21803
2026/09/25 23:47:09.398, 21803
2026/09/25 23:47:09.899, 21803
2026/09/25 23:47:10.399, 21803
2026/09/25 23:47:10.899, 21803
2026/09/25 23:47:11.399, 21803
2026/09/25 23:47:11.899, 21803
2026/09/25 23:47:12.399, 21803
2026/09/25 23:47:12.900, 21803
2026/09/25 23:47:13.400, 21803
2026/09/25 23:47:13.900, 21803
2026/09/25 23:47:14.400, 21803
2026/09/25 23:47:14.900, 21803
2026/09/25 23:47:15.401, 21803
2026/09/25 23:47:15.901, 21803
2026/09/25 23:47:16.401, 21803
2026/09/25 23:47:16.901, 21803
2026/09/25 23:47:17.401, 21803
2026/09/25 23:47:17.901, 21803
2026/09/25 23:47:18.401, 21803
2026/09/25 23:47:18.902, 21803
2026/09/25 23:47:19.402, 21803
2026/09/25 23:47:19.902, 21803
2026/09/25 23:47:20.402, 21803
2026/09/25 23:47:20.902, 21803
2026/09/25 23:47:21.402, 21803
2026/09/25 23:47:21.902, 21803
2026/09/25 23:47:22.403, 21803
2026/09/25 23:47:22.903, 21803
2026/09/25 23:47:23.403, 21803
2026/09/25 23:47:23.903, 21803
2026/09/25 23:47:24.404, 21803
2026/09/25 23:47:24.904, 21803
2026/09/25 23:47:25.404, 21803
2026/09/25 23:47:25.904, 21803
2026/09/25 23:47:26.404, 21803
2026/09/25 23:47:26.905, 21803
2026/09/25 23:47:27.405, 21803
2026/09/25 23:47:27.905, 21803
2026/09/25 23:47:28.405, 21803
2026/09/25 23:47:28.905, 21803
2026/09/25 23:47:29.405, 21803
2026/09/25 23:47:29.905, 21803
2026/09/25 23:47:30.406, 21803
2026/09/25 23:47:30.906, 21803
2026/09/25 23:47:31.406, 21803
2026/09/25 23:47:31.906, 21803
2026/09/25 23:47:32.406, 21803
2026/09/25 23:47:32.906, 21803
2026/09/25 23:47:33.407, 21803
2026/09/25 23:47:33.907, 21803
2026/09/25 23:47:34.407, 21803
2026/09/25 23:47:34.907, 21803
2026/09/25 23:47:35.407, 21803
2026/09/25 23:47:35.907, 21803
2026/09/25 23:47:36.407, 21803
2026/09/25 23:47:36.908, 21803
2026/09/25 23:47:37.408, 21803
2026/09/25 23:47:37.908, 21803
2026/09/25 23:47:38.408, 21803
2026/09/25 23:47:38.908, 21803
2026/09/25 23:47:39.408, 21803
2026/09/25 23:47:39.908, 21803
2026/09/25 23:47:40.409, 21803
2026/09/25 23:47:40.909, 21803
2026/09/25 23:47:41.409, 21803
2026/09/25 23:47:41.909, 21803
2026/09/25 23:47:42.409, 21803
2026/09/25 23:47:42.909, 21803
2026/09/25 23:47:43.409, 21803
2026/09/25 23:47:43.910, 21803
2026/09/25 23:47:44.410, 21803
2026/09/25 23:47:44.910, 21803
2026/09/25 23:47:45.410, 21803
2026/09/25 23:47:45.910, 21803
2026/09/25 23:47:46.410, 21803
2026/09/25 23:47:46.910, 21803
2026/09/25 23:47:47.411, 21803
2026/09/25 23:47:47.911, 21803
2026/09/25 23:47:48.411, 21803
2026/09/25 23:47:48.911, 21803
2026/09/25 23:47:49.411, 21803
2026/09/25 23:47:49.911, 21803
2026/09/25 23:47:50.412, 21803
2026/09/25 23:47:50.912, 21803
2026/09/25 23:47:51.412, 21803
2026/09/25 23:47:51.912, 21803
2026/09/25 23:47:52.412, 21803
2026/09/25 23:47:52.912, 21803
2026/09/25 23:47:53.412, 21803
2026/09/25 23:47:53.913, 21803
2026/09/25 23:47:54.413, 21803
2026/09/25 23:47:54.913, 21803
2026/09/25 23:47:55.413, 21803
2026/09/25 23:47:55.913, 21803
2026/09/25 23:47:56.413, 21803
2026/09/25 23:47:56.913, 21803
2026/09/25 23:47:57.414, 21803
2026/09/25 23:47:57.914, 21803
2026/09/25 23:47:58.414, 21803
2026/09/25 23:47:58.914, 21803
2026/09/25 23:47:59.414, 21803
2026/09/25 23:47:59.914, 21803
2026/09/25 23:48:00.414, 21803
2026/09/25 23:48:00.915, 21803
2026/09/25 23:48:01.415, 21803
2026/09/25 23:48:01.915, 21803
2026/09/25 23:48:02.415, 21803
2026/09/25 23:48:02.915, 21803
2026/09/25 23:48:03.415, 21803
2026/09/25 23:48:03.916, 21803
2026/09/25 23:48:04.416, 21803
2026/09/25 23:48:04.916, 21803
2026/09/25 23:48:05.416, 21803
2026/09/25 23:48:05.916, 21803
2026/09/25 23:48:06.416, 21803
2026/09/25 23:48:06.917, 21803
2026/09/25 23:48:07.417, 21803
2026/09/25 23:48:07.917, 21803
2026/09/25 23:48:08.417, 21803
2026/09/25 23:48:08.917, 21803
2026/09/25 23:48:09.417, 21803
2026/09/25 23:48:09.917, 21803
2026/09/25 23:48:10.418, 21803
2026/09/25 23:48:10.918, 21803
2026/09/25 23:48:11.418, 21803
2026/09/25 23:48:11.918, 21803
2026/09/25 23:48:12.418, 21803
2026/09/25 23:48:12.918, 21803
2026/09/25 23:48:13.419, 21803
2026/09/25 23:48:13.919, 21803
2026/09/25 23:48:14.419, 21803
2026/09/25 23:48:14.919, 21803
2026/09/25 23:48:15.419, 21803
2026/09/25 23:48:15.919, 21803
2026/09/25 23:48:16.420, 21803
2026/09/25 23:48:16.920, 21803
2026/09/25 23:48:17.420, 21803
2026/09/25 23:48:17.920, 21803
2026/09/25 23:48:18.420, 21803
2026/09/25 23:48:18.920, 21803
2026/09/25 23:48:19.421, 21803
2026/09/25 23:48:19.921, 21803
2026/09/25 23:48:20.421, 21803
2026/09/25 23:48:20.921, 21803
2026/09/25 23:48:21.421, 21803
2026/09/25 23:48:21.921, 21803
2026/09/25 23:48:22.421, 21803
2026/09/25 23:48:22.922, 21803
2026/09/25 23:48:23.422, 21803
2026/09/25 23:48:23.922, 21803
2026/09/25 23:48:24.422, 21803
2026/09/25 23:48:24.922, 21803
2026/09/25 23:48:25.422, 21803
2026/09/25 23:48:25.923, 21803
2026/09/25 23:48:26.423, 21803
2026/09/25 23:48:26.923, 21803
2026/09/25 23:48:27.423, 21803
2026/09/25 23:48:27.923, 21803
2026/09/25 23:48:28.423, 21803
2026/09/25 23:48:28.924, 21803
2026/09/25 23:48:29.424, 21803
2026/09/25 23:48:29.924, 21803
2026/09/25 23:48:30.424, 21803
2026/09/25 23:48:30.924, 21803
2026/09/25 23:48:31.424, 21803
2026/09/25 23:48:31.925, 21803
2026/09/25 23:48:32.425, 21803
2026/09/25 23:48:32.925, 21803
2026/09/25 23:48:33.425, 21803
2026/09/25 23:48:33.925, 21803
2026/09/25 23:48:34.425, 21803
2026/09/25 23:48:34.926, 21803
2026/09/25 23:48:35.426, 21803
2026/09/25 23:48:35.926, 21803
2026/09/25 23:48:36.426, 21803
2026/09/25 23:48:36.926, 21803
2026/09/25 23:48:37.426, 21803
2026/09/25 23:48:37.927, 21803
2026/09/25 23:48:38.427, 21803
2026/09/25 23:48:38.927, 21803
2026/09/25 23:48:39.427, 21803
2026/09/25 23:48:39.927, 21803
2026/09/25 23:48:40.427, 21803
2026/09/25 23:48:40.928, 21803
2026/09/25 23:48:41.428, 21803
2026/09/25 23:48:41.928, 21803
2026/09/25 23:48:42.428, 21803
2026/09/25 23:48:42.928, 21803
2026/09/25 23:48:43.428, 21803
2026/09/25 23:48:43.928, 21803
2026/09/25 23:48:44.429, 21803
2026/09/25 23:48:44.929, 21803
2026/09/25 23:48:45.430, 21803
2026/09/25 23:48:45.930, 21803
2026/09/25 23:48:46.430, 21803
2026/09/25 23:48:46.931, 21803
2026/09/25 23:48:47.431, 21803
2026/09/25 23:48:47.931, 21803
2026/09/25 23:48:48.431, 21803
2026/09/25 23:48:48.931, 21803
2026/09/25 23:48:49.431, 21803
2026/09/25 23:48:49.931, 21803
2026/09/25 23:48:50.432, 21803
2026/09/25 23:48:50.932, 21803
2026/09/25 23:48:51.432, 21803
2026/09/25 23:48:51.932, 21803
2026/09/25 23:48:52.432, 21803
2026/09/25 23:48:52.932, 21803
2026/09/25 23:48:53.433, 21803
2026/09/25 23:48:53.933, 21803
2026/09/25 23:48:54.433, 21803
2026/09/25 23:48:54.933, 21803
2026/09/25 23:48:55.433, 21803
2026/09/25 23:48:55.933, 21803
2026/09/25 23:48:56.433, 21803
2026/09/25 23:48:56.934, 21803
2026/09/25 23:48:57.434, 21803
2026/09/25 23:48:57.934, 21803
2026/09/25 23:48:58.434, 21803
2026/09/25 23:48:58.934, 21803
2026/09/25 23:48:59.434, 21803
2026/09/25 23:48:59.935, 21803
2026/09/25 23:49:00.435, 21803
2026/09/25 23:49:00.935, 21803
2026/09/25 23:49:01.435, 21803
2026/09/25 23:49:01.935, 21803
2026/09/25 23:49:02.435, 21803
2026/09/25 23:49:02.935, 21803
2026/09/25 23:49:03.436, 21803
2026/09/25 23:49:03.936, 21803
2026/09/25 23:49:04.436, 21803
2026/09/25 23:49:04.936, 21803
2026/09/25 23:49:05.436, 21803
2026/09/25 23:49:05.936, 21803
2026/09/25 23:49:06.436, 21803
2026/09/25 23:49:06.937, 21803
2026/09/25 23:49:07.437, 21803
2026/09/25 23:49:07.937, 21803
2026/09/25 23:49:08.437, 21803
2026/09/25 23:49:08.937, 21803
2026/09/25 23:49:09.437, 21803
2026/09/25 23:49:09.938, 21803
2026/09/25 23:49:10.438, 21803
2026/09/25 23:49:10.938, 21803
2026/09/25 23:49:11.438, 21803
2026/09/25 23:49:11.938, 21803
2026/09/25 23:49:12.438, 21803
2026/09/25 23:49:12.939, 21803
2026/09/25 23:49:13.439, 21803
2026/09/25 23:49:13.939, 21803
2026/09/25 23:49:14.439, 21803
2026/09/25 23:49:14.939, 21803
2026/09/25 23:49:15.439, 21803
2026/09/25 23:49:15.940, 21803
2026/09/25 23:49:16.440, 21803
2026/09/25 23:49:16.940, 21803
2026/09/25 23:49:17.440, 21803
2026/09/25 23:49:17.940, 21803
2026/09/25 23:49:18.440, 21803
2026/09/25 23:49:18.940, 21803
2026/09/25 23:49:19.441, 21803
2026/09/25 23:49:19.941, 21803
2026/09/25 23:49:20.441, 21803
2026/09/25 23:49:20.942, 21803
2026/09/25 23:49:21.442, 21803
2026/09/25 23:49:21.942, 21803
2026/09/25 23:49:22.442, 21803
2026/09/25 23:49:22.942, 21803
2026/09/25 23:49:23.442, 21803
2026/09/25 23:49:23.942, 21803
2026/09/25 23:49:24.443, 21803
2026/09/25 23:49:24.943, 21803
2026/09/25 23:49:25.443, 21803
2026/09/25 23:49:25.943, 21803
2026/09/25 23:49:26.443, 21803
2026/09/25 23:49:26.943, 21803
2026/09/25 23:49:27.444, 21803
2026/09/25 23:49:27.944, 21803
2026/09/25 23:49:28.444, 21803
2026/09/25 23:49:28.944, 21803
2026/09/25 23:49:29.444, 21803
2026/09/25 23:49:29.945, 21803
2026/09/25 23:49:30.445, 21803
2026/09/25 23:49:30.945, 21803
2026/09/25 23:49:31.445, 21803
2026/09/25 23:49:31.945, 21803
2026/09/25 23:49:32.445, 21803
2026/09/25 23:49:32.945, 21803
2026/09/25 23:49:33.446, 21803
2026/09/25 23:49:33.946, 21803
2026/09/25 23:49:34.446, 21803
2026/09/25 23:49:34.946, 21803
2026/09/25 23:49:35.446, 21803
2026/09/25 23:49:35.946, 21803
2026/09/25 23:49:36.447, 21803
2026/09/25 23:49:36.947, 21803
2026/09/25 23:49:37.447, 21803
2026/09/25 23:49:37.947, 21803
2026/09/25 23:49:38.447, 21803
2026/09/25 23:49:38.948, 21803
2026/09/25 23:49:39.448, 21803
2026/09/25 23:49:39.948, 21803
2026/09/25 23:49:40.448, 21803
2026/09/25 23:49:40.948, 21803
2026/09/25 23:49:41.448, 21803
2026/09/25 23:49:41.948, 21803
2026/09/25 23:49:42.449, 21803
2026/09/25 23:49:42.949, 21803
2026/09/25 23:49:43.449, 21803
2026/09/25 23:49:43.949, 21803
2026/09/25 23:49:44.449, 21803
2026/09/25 23:49:44.949, 21803
2026/09/25 23:49:45.450, 21803
2026/09/25 23:49:45.950, 21803
2026/09/25 23:49:46.450, 21803
2026/09/25 23:49:46.950, 21803
2026/09/25 23:49:47.450, 21803
2026/09/25 23:49:47.950, 21803
2026/09/25 23:49:48.451, 21803
2026/09/25 23:49:48.951, 21803
2026/09/25 23:49:49.451, 21803
2026/09/25 23:49:49.951, 21803
2026/09/25 23:49:50.451, 21803
2026/09/25 23:49:50.952, 21803
2026/09/25 23:49:51.452, 21803
2026/09/25 23:49:51.952, 21803
2026/09/25 23:49:52.452, 21803
2026/09/25 23:49:52.952, 21803
2026/09/25 23:49:53.452, 21803
2026/09/25 23:49:53.953, 21803
2026/09/25 23:49:54.453, 21803
2026/09/25 23:49:54.953, 21803
2026/09/25 23:49:55.453, 21803
2026/09/25 23:49:55.953, 21803
2026/09/25 23:49:56.453, 21803
2026/09/25 23:49:56.954, 21803
2026/09/25 23:49:57.454, 21803
2026/09/25 23:49:57.954, 21803
2026/09/25 23:49:58.454, 21803
2026/09/25 23:49:58.954, 21803
2026/09/25 23:49:59.454, 21803
2026/09/25 23:49:59.955, 21803
2026/09/25 23:50:00.455, 21803
2026/09/25 23:50:00.955, 21803
2026/09/25 23:50:01.455, 21803
2026/09/25 23:50:01.955, 21803
2026/09/25 23:50:02.455, 21803
2026/09/25 23:50:02.956, 22175
2026/09/25 23:50:03.456, 22175
2026/09/25 23:50:03.956, 22175
2026/09/25 23:50:04.456, 22175
2026/09/25 23:50:04.956, 22175
2026/09/25 23:50:05.456, 22175
2026/09/25 23:50:05.957, 22175
2026/09/25 23:50:06.457, 22175
2026/09/25 23:50:06.957, 22175
2026/09/25 23:50:07.457, 22175
2026/09/25 23:50:07.957, 22175
2026/09/25 23:50:08.457, 22175
2026/09/25 23:50:08.958, 22175
2026/09/25 23:50:09.458, 22175
2026/09/25 23:50:09.958, 22175
2026/09/25 23:50:10.458, 22175
2026/09/25 23:50:10.958, 22175
2026/09/25 23:50:11.458, 22175
2026/09/25 23:50:11.959, 22175
2026/09/25 23:50:12.459, 22175
2026/09/25 23:50:12.959, 22175
2026/09/25 23:50:13.459, 22175
2026/09/25 23:50:13.959, 22175
2026/09/25 23:50:14.459, 22175
2026/09/25 23:50:14.959, 22175
2026/09/25 23:50:15.460, 22175
2026/09/25 23:50:15.960, 22175
2026/09/25 23:50:16.460, 22175
2026/09/25 23:50:16.960, 22175
2026/09/25 23:50:17.460, 22175
2026/09/25 23:50:17.961, 22175
2026/09/25 23:50:18.461, 22175
2026/09/25 23:50:18.961, 22175
2026/09/25 23:50:19.461, 22175
2026/09/25 23:50:19.961, 22175
2026/09/25 23:50:20.461, 22175
2026/09/25 23:50:20.961, 22175
2026/09/25 23:50:21.462, 22175
2026/09/25 23:50:21.962, 22175
2026/09/25 23:50:22.462, 22175
2026/09/25 23:50:22.962, 22175
2026/09/25 23:50:23.462, 22175
2026/09/25 23:50:23.963, 22175
2026/09/25 23:50:24.463, 22175
2026/09/25 23:50:24.963, 22175
2026/09/25 23:50:25.463, 22175
2026/09/25 23:50:25.963, 22175
2026/09/25 23:50:26.490, 22175
2026/09/25 23:50:26.991, 22175
2026/09/25 23:50:27.491, 22175
2026/09/25 23:50:27.991, 22175
2026/09/25 23:50:28.491, 22175
2026/09/25 23:50:28.991, 22175
2026/09/25 23:50:29.491, 22175
2026/09/25 23:50:29.991, 22175
2026/09/25 23:50:30.492, 22175
2026/09/25 23:50:30.992, 22175
2026/09/25 23:50:31.492, 22175
2026/09/25 23:50:31.992, 22175
2026/09/25 23:50:32.492, 22175
2026/09/25 23:50:32.992, 22175
2026/09/25 23:50:33.493, 22175
2026/09/25 23:50:33.993, 22175
2026/09/25 23:50:34.493, 22175
2026/09/25 23:50:34.993, 22175
2026/09/25 23:50:35.493, 22175
2026/09/25 23:50:35.993, 22175
2026/09/25 23:50:36.493, 22175
2026/09/25 23:50:36.994, 22175
2026/09/25 23:50:37.494, 22175
2026/09/25 23:50:37.994, 22175
2026/09/25 23:50:38.494, 22175
2026/09/25 23:50:38.994, 22175
2026/09/25 23:50:39.495, 22175
2026/09/25 23:50:39.995, 22175
2026/09/25 23:50:40.495, 22175
2026/09/25 23:50:40.995, 22175
2026/09/25 23:50:41.496, 22175
2026/09/25 23:50:41.996, 22175
2026/09/25 23:50:42.496, 22175
2026/09/25 23:50:42.996, 22175
2026/09/25 23:50:43.496, 22175
2026/09/25 23:50:43.996, 22175
2026/09/25 23:50:44.497, 22175
2026/09/25 23:50:44.997, 22175
2026/09/25 23:50:45.497, 22175
2026/09/25 23:50:45.997, 22175
2026/09/25 23:50:46.497, 22175
2026/09/25 23:50:46.997, 22175
2026/09/25 23:50:47.498, 22175
2026/09/25 23:50:47.998, 22175
2026/09/25 23:50:48.498, 22175
2026/09/25 23:50:48.998, 22175
2026/09/25 23:50:49.499, 22175
2026/09/25 23:50:49.999, 22175
2026/09/25 23:50:50.499, 22175
2026/09/25 23:50:50.999, 22175
2026/09/25 23:50:51.499, 22175
2026/09/25 23:50:51.999, 22175
2026/09/25 23:50:52.500, 22175
2026/09/25 23:50:53.000, 22175
2026/09/25 23:50:53.500, 22175
2026/09/25 23:50:54.000, 22175
2026/09/25 23:50:54.500, 22175
2026/09/25 23:50:55.000, 22175
2026/09/25 23:50:55.501, 22175
2026/09/25 23:50:56.001, 22175
2026/09/25 23:50:56.501, 22175
2026/09/25 23:50:57.001, 22181
2026/09/25 23:50:57.501, 22181
2026/09/25 23:50:58.001, 22181
2026/09/25 23:50:58.502, 22181
2026/09/25 23:50:59.002, 22181
2026/09/25 23:50:59.502, 22181
2026/09/25 23:51:00.002, 22181
2026/09/25 23:51:00.502, 22181
2026/09/25 23:51:01.002, 22181
2026/09/25 23:51:01.503, 22181
2026/09/25 23:51:02.003, 22181
2026/09/25 23:51:02.503, 22181
2026/09/25 23:51:03.003, 22181
2026/09/25 23:51:03.503, 22181
2026/09/25 23:51:04.003, 22181
2026/09/25 23:51:04.503, 22181
2026/09/25 23:51:05.004, 22181
2026/09/25 23:51:05.504, 22181
2026/09/25 23:51:06.004, 22181
2026/09/25 23:51:06.504, 22181
2026/09/25 23:51:07.004, 22181
2026/09/25 23:51:07.504, 22181
2026/09/25 23:51:08.005, 22181
2026/09/25 23:51:08.505, 22181
2026/09/25 23:51:09.005, 22181
2026/09/25 23:51:09.505, 22181
2026/09/25 23:51:10.005, 22181
2026/09/25 23:51:10.505, 22181
2026/09/25 23:51:11.006, 22181
2026/09/25 23:51:11.506, 22181
2026/09/25 23:51:12.006, 22181
2026/09/25 23:51:12.506, 22181
2026/09/25 23:51:13.006, 22181
2026/09/25 23:51:13.506, 22181
2026/09/25 23:51:14.007, 22181
2026/09/25 23:51:14.507, 22181
2026/09/25 23:51:15.007, 22181
2026/09/25 23:51:15.507, 22181
2026/09/25 23:51:16.007, 22181
2026/09/25 23:51:16.507, 22181
2026/09/25 23:51:17.008, 22181
2026/09/25 23:51:17.508, 22181
2026/09/25 23:51:18.008, 22181
2026/09/25 23:51:18.508, 22181
2026/09/25 23:51:19.008, 22181
2026/09/25 23:51:19.508, 22181
2026/09/25 23:51:20.009, 22181
2026/09/25 23:51:20.509, 22181
2026/09/25 23:51:21.009, 22181
2026/09/25 23:51:21.509, 22181
2026/09/25 23:51:22.009, 22181
2026/09/25 23:51:22.509, 22181
2026/09/25 23:51:23.009, 22181
2026/09/25 23:51:23.510, 22181
2026/09/25 23:51:24.010, 22181
2026/09/25 23:51:24.510, 22181
2026/09/25 23:51:25.010, 22181
2026/09/25 23:51:25.510, 22181
2026/09/25 23:51:26.010, 22181
2026/09/25 23:51:26.511, 22181
2026/09/25 23:51:27.011, 22181
2026/09/25 23:51:27.511, 22181
2026/09/25 23:51:28.011, 22181
2026/09/25 23:51:28.511, 22181
2026/09/25 23:51:29.011, 22181
2026/09/25 23:51:29.512, 22181
2026/09/25 23:51:30.012, 22181
2026/09/25 23:51:30.512, 22181
2026/09/25 23:51:31.012, 22181
2026/09/25 23:51:31.512, 22181
2026/09/25 23:51:32.012, 22181
2026/09/25 23:51:32.512, 22181
2026/09/25 23:51:33.013, 22181
2026/09/25 23:51:33.513, 22181
2026/09/25 23:51:34.013, 22181
2026/09/25 23:51:34.513, 22181
2026/09/25 23:51:35.013, 22181
2026/09/25 23:51:35.513, 22181
2026/09/25 23:51:36.014, 22181
2026/09/25 23:51:36.514, 22181
2026/09/25 23:51:37.014, 22181
2026/09/25 23:51:37.514, 22181
2026/09/25 23:51:38.014, 22181
2026/09/25 23:51:38.514, 22181
2026/09/25 23:51:39.014, 22181
2026/09/25 23:51:39.515, 22181
2026/09/25 23:51:40.015, 22181
2026/09/25 23:51:40.515, 22181
2026/09/25 23:51:41.015, 22181
2026/09/25 23:51:41.516, 22181
2026/09/25 23:51:42.016, 22181
2026/09/25 23:51:42.516, 22181
2026/09/25 23:51:43.016, 22181
2026/09/25 23:51:43.516, 22181
2026/09/25 23:51:44.016, 22181
2026/09/25 23:51:44.516, 22181
2026/09/25 23:51:45.017, 22181
2026/09/25 23:51:45.517, 22181
2026/09/25 23:51:46.017, 22181
2026/09/25 23:51:46.517, 22181
2026/09/25 23:51:47.017, 22181
2026/09/25 23:51:47.517, 22181
2026/09/25 23:51:48.018, 22181
2026/09/25 23:51:48.518, 22181
2026/09/25 23:51:49.018, 22181
2026/09/25 23:51:49.518, 22181
2026/09/25 23:51:50.018, 22181
2026/09/25 23:51:50.518, 22181
2026/09/25 23:51:51.018, 22181
2026/09/25 23:51:51.519, 22181
2026/09/25 23:51:52.019, 22181
2026/09/25 23:51:52.519, 22181
2026/09/25 23:51:53.019, 22181
2026/09/25 23:51:53.519, 22181
2026/09/25 23:51:54.019, 22181
2026/09/25 23:51:54.519, 22181
2026/09/25 23:51:55.020, 22181
2026/09/25 23:51:55.520, 22181
2026/09/25 23:51:56.020, 22181
2026/09/25 23:51:56.520, 22181
2026/09/25 23:51:57.020, 22181
2026/09/25 23:51:57.520, 22181
2026/09/25 23:51:58.020, 22181
2026/09/25 23:51:58.521, 22181
2026/09/25 23:51:59.021, 22181
2026/09/25 23:51:59.521, 22181
2026/09/25 23:52:00.021, 22181
2026/09/25 23:52:00.521, 22181
2026/09/25 23:52:01.021, 22181
2026/09/25 23:52:01.522, 22181
2026/09/25 23:52:02.022, 22181
2026/09/25 23:52:02.522, 22181
2026/09/25 23:52:03.022, 22181
2026/09/25 23:52:03.522, 22181
2026/09/25 23:52:04.022, 22181
2026/09/25 23:52:04.522, 22181
2026/09/25 23:52:05.023, 22181
2026/09/25 23:52:05.523, 22181
2026/09/25 23:52:06.023, 22181
2026/09/25 23:52:06.523, 22181
2026/09/25 23:52:07.023, 22181
2026/09/25 23:52:07.524, 22181
2026/09/25 23:52:08.024, 22181
2026/09/25 23:52:08.524, 22181
2026/09/25 23:52:09.024, 22181
2026/09/25 23:52:09.524, 22181
2026/09/25 23:52:10.025, 22181
2026/09/25 23:52:10.525, 22181
2026/09/25 23:52:11.025, 22181
2026/09/25 23:52:11.525, 22181
2026/09/25 23:52:12.025, 22181
2026/09/25 23:52:12.525, 22181
2026/09/25 23:52:13.025, 22181
2026/09/25 23:52:13.526, 22181
2026/09/25 23:52:14.026, 22181
2026/09/25 23:52:14.526, 22181
2026/09/25 23:52:15.026, 22181
2026/09/25 23:52:15.526, 22181
2026/09/25 23:52:16.026, 22181
2026/09/25 23:52:16.527, 22181
2026/09/25 23:52:17.027, 22181
2026/09/25 23:52:17.527, 22181
2026/09/25 23:52:18.027, 22181
2026/09/25 23:52:18.527, 22181
2026/09/25 23:52:19.027, 22181
2026/09/25 23:52:19.528, 22181
2026/09/25 23:52:20.028, 22181
2026/09/25 23:52:20.528, 22181
2026/09/25 23:52:21.028, 22181
2026/09/25 23:52:21.528, 22181
2026/09/25 23:52:22.028, 22181
2026/09/25 23:52:22.529, 22181
2026/09/25 23:52:23.029, 22181
2026/09/25 23:52:23.529, 22181
2026/09/25 23:52:24.029, 22181
2026/09/25 23:52:24.529, 22181
2026/09/25 23:52:25.029, 22181
2026/09/25 23:52:25.530, 22181
2026/09/25 23:52:26.030, 22181
2026/09/25 23:52:26.530, 22181
2026/09/25 23:52:27.030, 22181
2026/09/25 23:52:27.530, 22181
2026/09/25 23:52:28.030, 22181
2026/09/25 23:52:28.531, 22181
2026/09/25 23:52:29.031, 22181
2026/09/25 23:52:29.531, 22181
2026/09/25 23:52:30.031, 22181
2026/09/25 23:52:30.531, 22181
2026/09/25 23:52:31.031, 22181
2026/09/25 23:52:31.532, 22181
2026/09/25 23:52:32.032, 22181
2026/09/25 23:52:32.532, 22181
2026/09/25 23:52:33.032, 22181
2026/09/25 23:52:33.532, 22181
2026/09/25 23:52:34.032, 22181
2026/09/25 23:52:34.533, 22181
2026/09/25 23:52:35.033, 22181
2026/09/25 23:52:35.533, 22181
2026/09/25 23:52:36.033, 22181
2026/09/25 23:52:36.533, 22181
2026/09/25 23:52:37.033, 22181
2026/09/25 23:52:37.533, 22181
2026/09/25 23:52:38.034, 22181
2026/09/25 23:52:38.534, 22181
2026/09/25 23:52:39.034, 22181
2026/09/25 23:52:39.534, 22181
2026/09/25 23:52:40.034, 22181
2026/09/25 23:52:40.534, 22181
2026/09/25 23:52:41.035, 22181
2026/09/25 23:52:41.535, 22181
2026/09/25 23:52:42.035, 22181
2026/09/25 23:52:42.535, 22181
2026/09/25 23:52:43.035, 22181
2026/09/25 23:52:43.535, 22181
2026/09/25 23:52:44.036, 22181
2026/09/25 23:52:44.536, 22181
2026/09/25 23:52:45.036, 22181
2026/09/25 23:52:45.536, 22181
2026/09/25 23:52:46.036, 22181
2026/09/25 23:52:46.536, 22181
2026/09/25 23:52:47.037, 22181
2026/09/25 23:52:47.537, 22181
2026/09/25 23:52:48.037, 22181
2026/09/25 23:52:48.537, 22181
2026/09/25 23:52:49.037, 22181
2026/09/25 23:52:49.537, 22181
2026/09/25 23:52:50.038, 22181
2026/09/25 23:52:50.538, 22181
2026/09/25 23:52:51.038, 22181
2026/09/25 23:52:51.538, 22181
2026/09/25 23:52:52.038, 22181
2026/09/25 23:52:52.538, 22181
2026/09/25 23:52:53.039, 22181
2026/09/25 23:52:53.539, 22181
2026/09/25 23:52:54.039, 22181
2026/09/25 23:52:54.539, 22181
2026/09/25 23:52:55.039, 22181
2026/09/25 23:52:55.540, 22181
2026/09/25 23:52:56.040, 22181
2026/09/25 23:52:56.540, 22181
2026/09/25 23:52:57.040, 22181
2026/09/25 23:52:57.540, 22181
2026/09/25 23:52:58.040, 22181
2026/09/25 23:52:58.541, 22181
2026/09/25 23:52:59.041, 22181
2026/09/25 23:52:59.541, 22181
2026/09/25 23:53:00.041, 22181
2026/09/25 23:53:00.541, 22181
2026/09/25 23:53:01.041, 22181
2026/09/25 23:53:01.542, 22181
2026/09/25 23:53:02.042, 22181
2026/09/25 23:53:02.542, 22181
2026/09/25 23:53:03.042, 22181
2026/09/25 23:53:03.542, 22181
2026/09/25 23:53:04.042, 22181
2026/09/25 23:53:04.543, 22181
2026/09/25 23:53:05.043, 22181
2026/09/25 23:53:05.543, 22181
2026/09/25 23:53:06.043, 22181
2026/09/25 23:53:06.543, 22181
2026/09/25 23:53:07.043, 22181
2026/09/25 23:53:07.544, 22181
2026/09/25 23:53:08.044, 22181
2026/09/25 23:53:08.544, 22181
2026/09/25 23:53:09.044, 22181
2026/09/25 23:53:09.544, 22181
2026/09/25 23:53:10.045, 22181
2026/09/25 23:53:10.545, 22181
2026/09/25 23:53:11.045, 22181
2026/09/25 23:53:11.545, 22181
2026/09/25 23:53:12.045, 22181
2026/09/25 23:53:12.545, 22181
2026/09/25 23:53:13.046, 22181
2026/09/25 23:53:13.546, 22181
2026/09/25 23:53:14.046, 22181
2026/09/25 23:53:14.546, 22181
2026/09/25 23:53:15.046, 22181
2026/09/25 23:53:15.546, 22181
2026/09/25 23:53:16.047, 22181
2026/09/25 23:53:16.547, 22181
2026/09/25 23:53:17.047, 22181
2026/09/25 23:53:17.547, 22181
2026/09/25 23:53:18.047, 22181
2026/09/25 23:53:18.547, 22181
2026/09/25 23:53:19.048, 22181
2026/09/25 23:53:19.548, 22181
2026/09/25 23:53:20.048, 22181
2026/09/25 23:53:20.548, 22181
2026/09/25 23:53:21.048, 22181
2026/09/25 23:53:21.548, 22181
2026/09/25 23:53:22.048, 22181
2026/09/25 23:53:22.549, 22181
2026/09/25 23:53:23.049, 22181
2026/09/25 23:53:23.549, 22181
2026/09/25 23:53:24.049, 22181
2026/09/25 23:53:24.550, 22181
2026/09/25 23:53:25.050, 22181
2026/09/25 23:53:25.550, 22181
2026/09/25 23:53:26.050, 22181
2026/09/25 23:53:26.550, 22181
2026/09/25 23:53:27.051, 22181
2026/09/25 23:53:27.551, 22181
2026/09/25 23:53:28.051, 22181
2026/09/25 23:53:28.551, 22181
2026/09/25 23:53:29.051, 22181
2026/09/25 23:53:29.551, 22181
2026/09/25 23:53:30.052, 22181
2026/09/25 23:53:30.552, 22181
2026/09/25 23:53:31.052, 22181
2026/09/25 23:53:31.552, 22181
2026/09/25 23:53:32.052, 22181
2026/09/25 23:53:32.552, 22181
2026/09/25 23:53:33.053, 22181
2026/09/25 23:53:33.553, 22181
2026/09/25 23:53:34.053, 22181
2026/09/25 23:53:34.553, 22181
2026/09/25 23:53:35.053, 22181
2026/09/25 23:53:35.553, 22181
2026/09/25 23:53:36.054, 22181
2026/09/25 23:53:36.554, 22181
2026/09/25 23:53:37.054, 22181
2026/09/25 23:53:37.554, 22181
2026/09/25 23:53:38.054, 22181
2026/09/25 23:53:38.554, 22181
2026/09/25 23:53:39.055, 22181
2026/09/25 23:53:39.555, 22181
2026/09/25 23:53:40.055, 22181
2026/09/25 23:53:40.555, 22181
2026/09/25 23:53:41.055, 22181
2026/09/25 23:53:41.555, 22181
2026/09/25 23:53:42.056, 22181
2026/09/25 23:53:42.556, 22181
2026/09/25 23:53:43.065, 22181
2026/09/25 23:53:43.565, 22181
2026/09/25 23:53:44.065, 22181
2026/09/25 23:53:44.565, 22181
2026/09/25 23:53:45.066, 22181
2026/09/25 23:53:45.566, 22181
2026/09/25 23:53:46.066, 22181
2026/09/25 23:53:46.567, 22181
2026/09/25 23:53:47.067, 22181
2026/09/25 23:53:47.567, 22181
2026/09/25 23:53:48.067, 22181
2026/09/25 23:53:48.567, 22181
2026/09/25 23:53:49.067, 22181
2026/09/25 23:53:49.567, 22181
2026/09/25 23:53:50.068, 22181
2026/09/25 23:53:50.568, 22181
2026/09/25 23:53:51.068, 22181
2026/09/25 23:53:51.568, 22181
2026/09/25 23:53:52.068, 22181
2026/09/25 23:53:52.569, 22181
2026/09/25 23:53:53.069, 22181
2026/09/25 23:53:53.569, 22181
2026/09/25 23:53:54.069, 22181
2026/09/25 23:53:54.569, 22181
2026/09/25 23:53:55.069, 22181
2026/09/25 23:53:55.570, 22181
2026/09/25 23:53:56.070, 22181
2026/09/25 23:53:56.570, 22181
2026/09/25 23:53:57.070, 22181
2026/09/25 23:53:57.571, 22181
2026/09/25 23:53:58.071, 22181
2026/09/25 23:53:58.571, 22181
2026/09/25 23:53:59.071, 22181
2026/09/25 23:53:59.571, 22181
2026/09/25 23:54:00.071, 22181
2026/09/25 23:54:00.572, 22181
2026/09/25 23:54:01.072, 22181
2026/09/25 23:54:01.572, 22181
2026/09/25 23:54:02.072, 22181
2026/09/25 23:54:02.572, 22181
2026/09/25 23:54:03.073, 22181
2026/09/25 23:54:03.573, 22181
2026/09/25 23:54:04.073, 22181
2026/09/25 23:54:04.573, 22181
2026/09/25 23:54:05.073, 22181
2026/09/25 23:54:05.573, 22181
2026/09/25 23:54:06.073, 22181
2026/09/25 23:54:06.574, 22181
2026/09/25 23:54:07.074, 22181
2026/09/25 23:54:07.574, 22181
2026/09/25 23:54:08.074, 22181
2026/09/25 23:54:08.574, 22181
2026/09/25 23:54:09.074, 22181
2026/09/25 23:54:09.575, 22181
2026/09/25 23:54:10.075, 22181
2026/09/25 23:54:10.575, 22181
2026/09/25 23:54:11.075, 22181
2026/09/25 23:54:11.575, 22181
2026/09/25 23:54:12.075, 22181
2026/09/25 23:54:12.576, 22181
2026/09/25 23:54:13.076, 22181
2026/09/25 23:54:13.576, 22181
2026/09/25 23:54:14.076, 22181
2026/09/25 23:54:14.576, 22181
2026/09/25 23:54:15.076, 22181
2026/09/25 23:54:15.577, 22181
2026/09/25 23:54:16.077, 22181
2026/09/25 23:54:16.577, 22181
2026/09/25 23:54:17.077, 22181
2026/09/25 23:54:17.577, 22181
2026/09/25 23:54:18.077, 22181
2026/09/25 23:54:18.577, 22181
2026/09/25 23:54:19.078, 22181
2026/09/25 23:54:19.578, 22181
2026/09/25 23:54:20.078, 22181
2026/09/25 23:54:20.578, 22181
2026/09/25 23:54:21.078, 22181
2026/09/25 23:54:21.578, 22181
2026/09/25 23:54:22.079, 22181
2026/09/25 23:54:22.579, 22181
2026/09/25 23:54:23.079, 22181
2026/09/25 23:54:23.580, 22181
2026/09/25 23:54:24.080, 22181
2026/09/25 23:54:24.580, 22181
2026/09/25 23:54:25.080, 22181
2026/09/25 23:54:25.580, 22181
2026/09/25 23:54:26.080, 22181
2026/09/25 23:54:26.581, 22181
2026/09/25 23:54:27.081, 22181
2026/09/25 23:54:27.581, 22181
2026/09/25 23:54:28.081, 22181
2026/09/25 23:54:28.581, 22181
2026/09/25 23:54:29.081, 22181
2026/09/25 23:54:29.582, 22181
2026/09/25 23:54:30.082, 22181
2026/09/25 23:54:30.582, 22181
2026/09/25 23:54:31.082, 22181
2026/09/25 23:54:31.582, 22181
2026/09/25 23:54:32.082, 22181
2026/09/25 23:54:32.582, 22181
2026/09/25 23:54:33.083, 22181
2026/09/25 23:54:33.583, 22181
2026/09/25 23:54:34.083, 22181
2026/09/25 23:54:34.583, 22181
2026/09/25 23:54:35.083, 22181
2026/09/25 23:54:35.583, 22181
2026/09/25 23:54:36.084, 22181
2026/09/25 23:54:36.584, 22181
2026/09/25 23:54:37.084, 22181
2026/09/25 23:54:37.584, 22181
2026/09/25 23:54:38.084, 22181
2026/09/25 23:54:38.584, 22181
2026/09/25 23:54:39.084, 22181
2026/09/25 23:54:39.585, 22181
2026/09/25 23:54:40.085, 22181
2026/09/25 23:54:40.585, 22181
2026/09/25 23:54:41.085, 22181
2026/09/25 23:54:41.585, 22181
2026/09/25 23:54:42.085, 22181
2026/09/25 23:54:42.586, 22181
2026/09/25 23:54:43.086, 22181
2026/09/25 23:54:43.586, 22181
2026/09/25 23:54:44.086, 22181
2026/09/25 23:54:44.586, 22181
2026/09/25 23:54:45.086, 22181
2026/09/25 23:54:45.587, 22181
2026/09/25 23:54:46.087, 22181
2026/09/25 23:54:46.587, 22181
2026/09/25 23:54:47.087, 22181
2026/09/25 23:54:47.587, 22181
2026/09/25 23:54:48.087, 22181
2026/09/25 23:54:48.588, 22181
2026/09/25 23:54:49.088, 22181
2026/09/25 23:54:49.588, 22181
2026/09/25 23:54:50.088, 22181
2026/09/25 23:54:50.588, 22181
2026/09/25 23:54:51.088, 22181
2026/09/25 23:54:51.589, 22181
2026/09/25 23:54:52.089, 22181
2026/09/25 23:54:52.589, 22181
2026/09/25 23:54:53.089, 22181
2026/09/25 23:54:53.589, 22181
2026/09/25 23:54:54.089, 22181
2026/09/25 23:54:54.590, 22181
2026/09/25 23:54:55.090, 22181
2026/09/25 23:54:55.590, 22181
2026/09/25 23:54:56.090, 22181
2026/09/25 23:54:56.590, 22181
2026/09/25 23:54:57.090, 22181
2026/09/25 23:54:57.590, 22181
2026/09/25 23:54:58.091, 22181
2026/09/25 23:54:58.591, 22181
2026/09/25 23:54:59.091, 22181
2026/09/25 23:54:59.591, 22181
2026/09/25 23:55:00.091, 22181
2026/09/25 23:55:00.591, 22181
2026/09/25 23:55:01.092, 22181
2026/09/25 23:55:01.592, 22181
2026/09/25 23:55:02.092, 22181
2026/09/25 23:55:02.592, 22181
2026/09/25 23:55:03.092, 22181
2026/09/25 23:55:03.592, 22181
2026/09/25 23:55:04.093, 22181
2026/09/25 23:55:04.593, 22181
2026/09/25 23:55:05.093, 22181
2026/09/25 23:55:05.593, 22181
2026/09/25 23:55:06.093, 22181
2026/09/25 23:55:06.593, 22181
2026/09/25 23:55:07.094, 22181
2026/09/25 23:55:07.594, 22181
2026/09/25 23:55:08.094, 22181
2026/09/25 23:55:08.594, 22181
2026/09/25 23:55:09.094, 22181
2026/09/25 23:55:09.594, 22181
2026/09/25 23:55:10.094, 22181
2026/09/25 23:55:10.595, 22181
2026/09/25 23:55:11.095, 22181
2026/09/25 23:55:11.595, 22181
2026/09/25 23:55:12.095, 22181
2026/09/25 23:55:12.595, 22181
2026/09/25 23:55:13.095, 22181
2026/09/25 23:55:13.596, 22181
2026/09/25 23:55:14.096, 22181
2026/09/25 23:55:14.596, 22181
2026/09/25 23:55:15.096, 22181
2026/09/25 23:55:15.596, 22181
2026/09/25 23:55:16.096, 22181
2026/09/25 23:55:16.597, 22181
2026/09/25 23:55:17.097, 22181
2026/09/25 23:55:17.597, 22181
2026/09/25 23:55:18.097, 22181
2026/09/25 23:55:18.597, 22181
2026/09/25 23:55:19.097, 22181
2026/09/25 23:55:19.598, 22181
2026/09/25 23:55:20.098, 22181
2026/09/25 23:55:20.598, 22181
2026/09/25 23:55:21.098, 22181
2026/09/25 23:55:21.598, 22181
2026/09/25 23:55:22.098, 22181
2026/09/25 23:55:22.599, 22181
2026/09/25 23:55:23.099, 22181
2026/09/25 23:55:23.599, 22181
2026/09/25 23:55:24.099, 22181
2026/09/25 23:55:24.599, 22181
2026/09/25 23:55:25.100, 22181
2026/09/25 23:55:25.600, 22181
2026/09/25 23:55:26.100, 22181
2026/09/25 23:55:26.600, 22181
2026/09/25 23:55:27.100, 22181
2026/09/25 23:55:27.601, 22181
2026/09/25 23:55:28.101, 22181
2026/09/25 23:55:28.601, 22181
2026/09/25 23:55:29.101, 22181
2026/09/25 23:55:29.601, 22181
2026/09/25 23:55:30.101, 22181
2026/09/25 23:55:30.601, 22181
2026/09/25 23:55:31.102, 22181
2026/09/25 23:55:31.602, 22181
2026/09/25 23:55:32.102, 22181
2026/09/25 23:55:32.602, 22181
2026/09/25 23:55:33.102, 22181
2026/09/25 23:55:33.602, 22181
2026/09/25 23:55:34.103, 22181
2026/09/25 23:55:34.603, 22181
2026/09/25 23:55:35.103, 22181
2026/09/25 23:55:35.603, 22181
2026/09/25 23:55:36.103, 22181
2026/09/25 23:55:36.603, 22181
2026/09/25 23:55:37.103, 22181
2026/09/25 23:55:37.604, 22181
2026/09/25 23:55:38.104, 22181
2026/09/25 23:55:38.604, 22181
2026/09/25 23:55:39.104, 22181
2026/09/25 23:55:39.604, 22181
2026/09/25 23:55:40.104, 22181
2026/09/25 23:55:40.604, 22181
2026/09/25 23:55:41.105, 22181
2026/09/25 23:55:41.605, 22181
2026/09/25 23:55:42.105, 22181
2026/09/25 23:55:42.605, 22181
2026/09/25 23:55:43.105, 22181
2026/09/25 23:55:43.605, 22181
2026/09/25 23:55:44.106, 22181
2026/09/25 23:55:44.606, 22181
2026/09/25 23:55:45.106, 22181
2026/09/25 23:55:45.606, 22181
2026/09/25 23:55:46.106, 22181
2026/09/25 23:55:46.606, 22181
2026/09/25 23:55:47.107, 22181
2026/09/25 23:55:47.607, 22181
2026/09/25 23:55:48.107, 22181
2026/09/25 23:55:48.607, 22181
2026/09/25 23:55:49.107, 22181
2026/09/25 23:55:49.607, 22181
2026/09/25 23:55:50.107, 22181
2026/09/25 23:55:50.608, 22181
2026/09/25 23:55:51.108, 22181
2026/09/25 23:55:51.608, 22181
2026/09/25 23:55:52.108, 22181
2026/09/25 23:55:52.608, 22181
2026/09/25 23:55:53.108, 22181
2026/09/25 23:55:53.608, 22181
2026/09/25 23:55:54.109, 22181
2026/09/25 23:55:54.609, 22181
2026/09/25 23:55:55.109, 22181
2026/09/25 23:55:55.609, 22181
2026/09/25 23:55:56.109, 22181
2026/09/25 23:55:56.609, 22181
2026/09/25 23:55:57.110, 22181
2026/09/25 23:55:57.610, 22181
2026/09/25 23:55:58.110, 22181
2026/09/25 23:55:58.610, 22181
2026/09/25 23:55:59.110, 22181
2026/09/25 23:55:59.610, 22181
2026/09/25 23:56:00.110, 22181
2026/09/25 23:56:00.611, 22181
2026/09/25 23:56:01.111, 22181
2026/09/25 23:56:01.611, 22181
2026/09/25 23:56:02.111, 22181
2026/09/25 23:56:02.611, 22181
2026/09/25 23:56:03.111, 22181
2026/09/25 23:56:03.612, 22181
2026/09/25 23:56:04.112, 22181
2026/09/25 23:56:04.612, 22181
2026/09/25 23:56:05.112, 22181
2026/09/25 23:56:05.612, 22181
2026/09/25 23:56:06.112, 22181
2026/09/25 23:56:06.612, 22181
2026/09/25 23:56:07.113, 22181
2026/09/25 23:56:07.613, 22181
2026/09/25 23:56:08.113, 22181
2026/09/25 23:56:08.613, 22181
2026/09/25 23:56:09.113, 22181
2026/09/25 23:56:09.613, 22181
2026/09/25 23:56:10.114, 22181
2026/09/25 23:56:10.614, 22181
2026/09/25 23:56:11.114, 22181
2026/09/25 23:56:11.614, 22181
2026/09/25 23:56:12.114, 22181
2026/09/25 23:56:12.614, 22181
2026/09/25 23:56:13.114, 22181
2026/09/25 23:56:13.615, 22181
2026/09/25 23:56:14.115, 22181
2026/09/25 23:56:14.615, 22181
2026/09/25 23:56:15.115, 22181
2026/09/25 23:56:15.615, 22181
2026/09/25 23:56:16.115, 22181
2026/09/25 23:56:16.615, 22181
2026/09/25 23:56:17.116, 22181
2026/09/25 23:56:17.616, 22181
2026/09/25 23:56:18.116, 22181
2026/09/25 23:56:18.616, 22181
2026/09/25 23:56:19.116, 22181
2026/09/25 23:56:19.616, 22181
2026/09/25 23:56:20.116, 22181
2026/09/25 23:56:20.617, 22181
2026/09/25 23:56:21.117, 22181
2026/09/25 23:56:21.617, 22181
2026/09/25 23:56:22.117, 22181
2026/09/25 23:56:22.617, 22181
2026/09/25 23:56:23.117, 22181
2026/09/25 23:56:23.617, 22181
2026/09/25 23:56:24.118, 22181
2026/09/25 23:56:24.618, 22181
2026/09/25 23:56:25.118, 22181
2026/09/25 23:56:25.618, 22181
2026/09/25 23:56:26.118, 22181
2026/09/25 23:56:26.618, 22181
2026/09/25 23:56:27.118, 22181
2026/09/25 23:56:27.619, 22181
2026/09/25 23:56:28.119, 22181
2026/09/25 23:56:28.619, 22181
2026/09/25 23:56:29.119, 22181
2026/09/25 23:56:29.619, 22181
2026/09/25 23:56:30.119, 22181
2026/09/25 23:56:30.619, 22181
2026/09/25 23:56:31.120, 22181
2026/09/25 23:56:31.620, 22181
2026/09/25 23:56:32.120, 22181
2026/09/25 23:56:32.620, 22181
2026/09/25 23:56:33.120, 22181
2026/09/25 23:56:33.621, 22181
2026/09/25 23:56:34.121, 22181
2026/09/25 23:56:34.621, 22181
2026/09/25 23:56:35.121, 22181
2026/09/25 23:56:35.621, 22181
2026/09/25 23:56:36.121, 22181
2026/09/25 23:56:36.622, 22181
2026/09/25 23:56:37.122, 22181
2026/09/25 23:56:37.622, 22181
2026/09/25 23:56:38.122, 22181
2026/09/25 23:56:38.623, 22181
2026/09/25 23:56:39.123, 22181
2026/09/25 23:56:39.623, 22181
2026/09/25 23:56:40.123, 22181
2026/09/25 23:56:40.624, 22181
2026/09/25 23:56:41.124, 22181
2026/09/25 23:56:41.624, 22181
2026/09/25 23:56:42.124, 22181
2026/09/25 23:56:42.624, 22181
2026/09/25 23:56:43.124, 22181
2026/09/25 23:56:43.625, 22181
2026/09/25 23:56:44.125, 22181
2026/09/25 23:56:44.625, 22181
2026/09/25 23:56:45.125, 22181
2026/09/25 23:56:45.625, 22181
2026/09/25 23:56:46.125, 22181
2026/09/25 23:56:46.625, 22181
2026/09/25 23:56:47.126, 22181
2026/09/25 23:56:47.626, 22181
2026/09/25 23:56:48.126, 22181
2026/09/25 23:56:48.626, 22181
2026/09/25 23:56:49.126, 22181
2026/09/25 23:56:49.626, 22181
2026/09/25 23:56:50.126, 22181
2026/09/25 23:56:50.627, 22181
2026/09/25 23:56:51.127, 22181
2026/09/25 23:56:51.627, 22181
2026/09/25 23:56:52.127, 22181
2026/09/25 23:56:52.627, 22181
2026/09/25 23:56:53.127, 22181
2026/09/25 23:56:53.627, 22181
2026/09/25 23:56:54.128, 22181
2026/09/25 23:56:54.628, 22181
2026/09/25 23:56:55.128, 22181
2026/09/25 23:56:55.628, 22181
2026/09/25 23:56:56.128, 22181
2026/09/25 23:56:56.629, 22181
2026/09/25 23:56:57.129, 22181
2026/09/25 23:56:57.629, 22181
2026/09/25 23:56:58.129, 22181
2026/09/25 23:56:58.629, 22181
2026/09/25 23:56:59.129, 22181
2026/09/25 23:56:59.629, 22181
2026/09/25 23:57:00.130, 22181
2026/09/25 23:57:00.630, 22181
2026/09/25 23:57:01.130, 22181
2026/09/25 23:57:01.630, 22181
2026/09/25 23:57:02.130, 22181
2026/09/25 23:57:02.630, 22181
2026/09/25 23:57:03.130, 22181
2026/09/25 23:57:03.631, 22181
2026/09/25 23:57:04.131, 22181
2026/09/25 23:57:04.631, 22181
2026/09/25 23:57:05.131, 22181
2026/09/25 23:57:05.631, 22181
2026/09/25 23:57:06.131, 22181
2026/09/25 23:57:06.632, 22181
2026/09/25 23:57:07.132, 22181
2026/09/25 23:57:07.632, 22181
2026/09/25 23:57:08.132, 22181
2026/09/25 23:57:08.632, 22181
2026/09/25 23:57:09.132, 22181
2026/09/25 23:57:09.632, 22181
2026/09/25 23:57:10.133, 22181
2026/09/25 23:57:10.633, 22181
2026/09/25 23:57:11.133, 22181
2026/09/25 23:57:11.633, 22181
2026/09/25 23:57:12.133, 22181
2026/09/25 23:57:12.633, 22181
2026/09/25 23:57:13.134, 22181
2026/09/25 23:57:13.634, 22181
2026/09/25 23:57:14.134, 22181
2026/09/25 23:57:14.634, 22181
2026/09/25 23:57:15.134, 22181
2026/09/25 23:57:15.634, 22181
2026/09/25 23:57:16.135, 22181
2026/09/25 23:57:16.635, 22181
2026/09/25 23:57:17.135, 22181
2026/09/25 23:57:17.635, 22181
2026/09/25 23:57:18.135, 22181
2026/09/25 23:57:18.636, 22181
2026/09/25 23:57:19.136, 22181
2026/09/25 23:57:19.636, 22181
2026/09/25 23:57:20.136, 22181
2026/09/25 23:57:20.636, 22181
2026/09/25 23:57:21.136, 22181
2026/09/25 23:57:21.636, 22181
2026/09/25 23:57:22.137, 22181
2026/09/25 23:57:22.637, 22181
2026/09/25 23:57:23.137, 22181
2026/09/25 23:57:23.637, 22181
2026/09/25 23:57:24.137, 22181
2026/09/25 23:57:24.637, 22181
2026/09/25 23:57:25.137, 22181
2026/09/25 23:57:25.638, 22181
2026/09/25 23:57:26.138, 22181
2026/09/25 23:57:26.638, 22181
2026/09/25 23:57:27.138, 22181
2026/09/25 23:57:27.639, 22181
2026/09/25 23:57:28.139, 22181
2026/09/25 23:57:28.639, 22181
2026/09/25 23:57:29.139, 22181
2026/09/25 23:57:29.639, 22181
2026/09/25 23:57:30.139, 22181
2026/09/25 23:57:30.640, 22181
2026/09/25 23:57:31.140, 22181
2026/09/25 23:57:31.640, 22181
2026/09/25 23:57:32.140, 22181
2026/09/25 23:57:32.640, 22181
2026/09/25 23:57:33.140, 22181
2026/09/25 23:57:33.640, 22181
2026/09/25 23:57:34.141, 22181
2026/09/25 23:57:34.641, 22181
2026/09/25 23:57:35.141, 22181
2026/09/25 23:57:35.642, 22181
2026/09/25 23:57:36.142, 22181
2026/09/25 23:57:36.642, 22181
2026/09/25 23:57:37.142, 22181
2026/09/25 23:57:37.642, 22181
2026/09/25 23:57:38.142, 22181
2026/09/25 23:57:38.642, 22181
2026/09/25 23:57:39.143, 22181
2026/09/25 23:57:39.643, 22181
2026/09/25 23:57:40.143, 22181
2026/09/25 23:57:40.643, 22181
2026/09/25 23:57:41.143, 22181
2026/09/25 23:57:41.643, 22181
2026/09/25 23:57:42.144, 22181
2026/09/25 23:57:42.644, 22181
2026/09/25 23:57:43.144, 22181
2026/09/25 23:57:43.644, 22181
2026/09/25 23:57:44.144, 22181
2026/09/25 23:57:44.644, 22181
2026/09/25 23:57:45.145, 22181
2026/09/25 23:57:45.645, 22181
2026/09/25 23:57:46.145, 22181
2026/09/25 23:57:46.645, 22181
2026/09/25 23:57:47.145, 22181
2026/09/25 23:57:47.645, 22181
2026/09/25 23:57:48.146, 22181
2026/09/25 23:57:48.646, 22181
2026/09/25 23:57:49.146, 22181
2026/09/25 23:57:49.646, 22181
2026/09/25 23:57:50.146, 22181
2026/09/25 23:57:50.646, 22181
2026/09/25 23:57:51.147, 22181
2026/09/25 23:57:51.647, 22181
2026/09/25 23:57:52.147, 22181
2026/09/25 23:57:52.647, 22181
2026/09/25 23:57:53.147, 22181
2026/09/25 23:57:53.647, 22181
2026/09/25 23:57:54.148, 22181
2026/09/25 23:57:54.648, 22181
2026/09/25 23:57:55.148, 22181
2026/09/25 23:57:55.648, 22961
2026/09/25 23:57:56.148, 23013
2026/09/25 23:57:56.648, 22181
2026/09/25 23:57:57.149, 22181
2026/09/25 23:57:57.649, 22181
2026/09/25 23:57:58.149, 22181
2026/09/25 23:57:58.649, 22181
2026/09/25 23:57:59.149, 22181
2026/09/25 23:57:59.649, 22181
2026/09/25 23:58:00.150, 22181
2026/09/25 23:58:00.650, 22181
2026/09/25 23:58:01.150, 22181
2026/09/25 23:58:01.650, 22181
2026/09/25 23:58:02.150, 22181
2026/09/25 23:58:02.650, 22181
2026/09/25 23:58:03.150, 22181
2026/09/25 23:58:03.651, 22181
2026/09/25 23:58:04.151, 22181
2026/09/25 23:58:04.651, 22181
2026/09/25 23:58:05.151, 22181
2026/09/25 23:58:05.651, 22181
2026/09/25 23:58:06.151, 22181
2026/09/25 23:58:06.652, 22181
2026/09/25 23:58:07.152, 22181
2026/09/25 23:58:07.652, 22181
2026/09/25 23:58:08.152, 22181
2026/09/25 23:58:08.652, 22181
2026/09/25 23:58:09.152, 22181
2026/09/25 23:58:09.653, 22181
2026/09/25 23:58:10.153, 22181
2026/09/25 23:58:10.653, 22181
2026/09/25 23:58:11.153, 22181
2026/09/25 23:58:11.653, 22181
2026/09/25 23:58:12.153, 22181
2026/09/25 23:58:12.654, 22181
2026/09/25 23:58:13.154, 22181
2026/09/25 23:58:13.654, 22181
2026/09/25 23:58:14.154, 22181
2026/09/25 23:58:14.654, 22181
2026/09/25 23:58:15.154, 22181
2026/09/25 23:58:15.655, 22181
2026/09/25 23:58:16.155, 22181
2026/09/25 23:58:16.655, 22181
2026/09/25 23:58:17.155, 22181
2026/09/25 23:58:17.655, 22181
2026/09/25 23:58:18.155, 22181
2026/09/25 23:58:18.655, 22181
2026/09/25 23:58:19.156, 22181
2026/09/25 23:58:19.656, 22181
2026/09/25 23:58:20.156, 22181
2026/09/25 23:58:20.656, 22181
2026/09/25 23:58:21.156, 22181
2026/09/25 23:58:21.656, 22181
2026/09/25 23:58:22.156, 22181
2026/09/25 23:58:22.657, 22181
2026/09/25 23:58:23.157, 22181
2026/09/25 23:58:23.657, 22181
2026/09/25 23:58:24.157, 22181
2026/09/25 23:58:24.657, 22181
2026/09/25 23:58:25.157, 22181
2026/09/25 23:58:25.658, 22181
2026/09/25 23:58:26.158, 22181
2026/09/25 23:58:26.658, 22181
2026/09/25 23:58:27.158, 22181
2026/09/25 23:58:27.658, 22181
2026/09/25 23:58:28.158, 22181
2026/09/25 23:58:28.658, 22181
2026/09/25 23:58:29.159, 22181
2026/09/25 23:58:29.659, 22181
2026/09/25 23:58:30.159, 22181
2026/09/25 23:58:30.659, 22181
2026/09/25 23:58:31.159, 22181
2026/09/25 23:58:31.659, 22181
2026/09/25 23:58:32.160, 22181
2026/09/25 23:58:32.660, 22181
2026/09/25 23:58:33.160, 22181
2026/09/25 23:58:33.660, 22181
2026/09/25 23:58:34.160, 22181
2026/09/25 23:58:34.660, 22181
2026/09/25 23:58:35.161, 22181
2026/09/25 23:58:35.661, 22181
2026/09/25 23:58:36.161, 22181
2026/09/25 23:58:36.661, 22181
2026/09/25 23:58:37.161, 22181
2026/09/25 23:58:37.661, 22181
2026/09/25 23:58:38.161, 22181
2026/09/25 23:58:38.662, 22181
2026/09/25 23:58:39.162, 22181
2026/09/25 23:58:39.662, 22181
2026/09/25 23:58:40.162, 22181
2026/09/25 23:58:40.662, 22181
2026/09/25 23:58:41.162, 22181
2026/09/25 23:58:41.662, 22181
2026/09/25 23:58:42.163, 22181
2026/09/25 23:58:42.663, 22181
2026/09/25 23:58:43.163, 22181
2026/09/25 23:58:43.663, 22181
2026/09/25 23:58:44.163, 22181
2026/09/25 23:58:44.663, 22181
2026/09/25 23:58:45.164, 22181
2026/09/25 23:58:45.664, 22181
2026/09/25 23:58:46.164, 22181
2026/09/25 23:58:46.664, 22181
2026/09/25 23:58:47.164, 22181
2026/09/25 23:58:47.664, 22181
2026/09/25 23:58:48.165, 22181
2026/09/25 23:58:48.665, 22181
2026/09/25 23:58:49.165, 22181
2026/09/25 23:58:49.665, 22181
2026/09/25 23:58:50.165, 22181
2026/09/25 23:58:50.665, 22181
2026/09/25 23:58:51.165, 22181
2026/09/25 23:58:51.666, 22181
2026/09/25 23:58:52.166, 22181
2026/09/25 23:58:52.666, 22181
2026/09/25 23:58:53.166, 22181
2026/09/25 23:58:53.666, 22181
2026/09/25 23:58:54.166, 22181
2026/09/25 23:58:54.667, 22181
2026/09/25 23:58:55.167, 22181
2026/09/25 23:58:55.667, 22181
2026/09/25 23:58:56.167, 22181
2026/09/25 23:58:56.667, 22181
2026/09/25 23:58:57.167, 22181
2026/09/25 23:58:57.667, 22181
2026/09/25 23:58:58.168, 22181
2026/09/25 23:58:58.668, 22181
2026/09/25 23:58:59.168, 22181
2026/09/25 23:58:59.668, 22181
2026/09/25 23:59:00.168, 22181
2026/09/25 23:59:00.668, 22181
2026/09/25 23:59:01.168, 22181
2026/09/25 23:59:01.669, 22181
2026/09/25 23:59:02.169, 22181
2026/09/25 23:59:02.669, 22181
2026/09/25 23:59:03.169, 22181
2026/09/25 23:59:03.669, 22181
2026/09/25 23:59:04.169, 22181
2026/09/25 23:59:04.670, 22181
2026/09/25 23:59:05.170, 22181
2026/09/25 23:59:05.670, 22181
2026/09/25 23:59:06.170, 22181
2026/09/25 23:59:06.670, 22181
2026/09/25 23:59:07.170, 22181
2026/09/25 23:59:07.671, 22181
2026/09/25 23:59:08.171, 22181
2026/09/25 23:59:08.671, 22181
2026/09/25 23:59:09.171, 22181
2026/09/25 23:59:09.671, 22181
2026/09/25 23:59:10.171, 22181
2026/09/25 23:59:10.671, 22181
2026/09/25 23:59:11.172, 22181
2026/09/25 23:59:11.672, 22181
2026/09/25 23:59:12.172, 22181
2026/09/25 23:59:12.672, 22181
2026/09/25 23:59:13.172, 22181
2026/09/25 23:59:13.672, 22181
2026/09/25 23:59:14.173, 22181
2026/09/25 23:59:14.673, 22181
2026/09/25 23:59:15.173, 22181
2026/09/25 23:59:15.673, 22181
2026/09/25 23:59:16.173, 22181
2026/09/25 23:59:16.673, 22181
2026/09/25 23:59:17.173, 22181
2026/09/25 23:59:17.674, 22181
2026/09/25 23:59:18.174, 22181
2026/09/25 23:59:18.674, 22181
2026/09/25 23:59:19.174, 22181
2026/09/25 23:59:19.674, 22181
2026/09/25 23:59:20.174, 22181
2026/09/25 23:59:20.675, 22181
2026/09/25 23:59:21.175, 22181
2026/09/25 23:59:21.675, 22181
2026/09/25 23:59:22.175, 22181
2026/09/25 23:59:22.675, 22181
2026/09/25 23:59:23.175, 22181
2026/09/25 23:59:23.676, 22181
2026/09/25 23:59:24.176, 22181
2026/09/25 23:59:24.676, 22181
2026/09/25 23:59:25.176, 22181
2026/09/25 23:59:25.676, 22181
2026/09/25 23:59:26.176, 22181
2026/09/25 23:59:26.676, 22181
2026/09/25 23:59:27.177, 22181
2026/09/25 23:59:27.677, 22181
2026/09/25 23:59:28.177, 22181
2026/09/25 23:59:28.677, 22181
2026/09/25 23:59:29.177, 22181
2026/09/25 23:59:29.677, 22181
2026/09/25 23:59:30.178, 22181
2026/09/25 23:59:30.678, 22181
2026/09/25 23:59:31.178, 22181
2026/09/25 23:59:31.679, 22181
2026/09/25 23:59:32.179, 22181
2026/09/25 23:59:32.679, 22181
2026/09/25 23:59:33.179, 22181
2026/09/25 23:59:33.679, 22181
2026/09/25 23:59:34.179, 22181
2026/09/25 23:59:34.680, 22181
2026/09/25 23:59:35.180, 22181
2026/09/25 23:59:35.680, 22181
2026/09/25 23:59:36.180, 22181
2026/09/25 23:59:36.680, 22181
2026/09/25 23:59:37.180, 22181
2026/09/25 23:59:37.681, 22181
2026/09/25 23:59:38.181, 22181
2026/09/25 23:59:38.681, 22181
2026/09/25 23:59:39.181, 22181
2026/09/25 23:59:39.681, 22181
2026/09/25 23:59:40.181, 22181
2026/09/25 23:59:40.682, 22181
2026/09/25 23:59:41.182, 22181
2026/09/25 23:59:41.682, 22181
2026/09/25 23:59:42.182, 22181
2026/09/25 23:59:42.682, 22181
2026/09/25 23:59:43.182, 22181
2026/09/25 23:59:43.682, 22181
2026/09/25 23:59:44.183, 22181
2026/09/25 23:59:44.683, 22181
2026/09/25 23:59:45.183, 22181
2026/09/25 23:59:45.683, 22181
2026/09/25 23:59:46.183, 22181
2026/09/25 23:59:46.683, 22181
2026/09/25 23:59:47.184, 22181
2026/09/25 23:59:47.684, 22181
2026/09/25 23:59:48.184, 22181
2026/09/25 23:59:48.684, 22181
2026/09/25 23:59:49.184, 22181
2026/09/25 23:59:49.684, 22181
2026/09/25 23:59:50.185, 22181
2026/09/25 23:59:50.685, 22181
2026/09/25 23:59:51.185, 22181
2026/09/25 23:59:51.685, 22181
2026/09/25 23:59:52.185, 22181
2026/09/25 23:59:52.685, 22181
2026/09/25 23:59:53.186, 22181
2026/09/25 23:59:53.686, 22181
2026/09/25 23:59:54.186, 22181
2026/09/25 23:59:54.686, 22181
2026/09/25 23:59:55.186, 22181
2026/09/25 23:59:55.686, 22181
2026/09/25 23:59:56.187, 22181
2026/09/25 23:59:56.687, 22181
2026/09/25 23:59:57.187, 22181
2026/09/25 23:59:57.687, 22181
2026/09/25 23:59:58.187, 22181
2026/09/25 23:59:58.687, 22181
2026/09/25 23:59:59.187, 22181
2026/09/25 23:59:59.688, 22181
2026/09/26 00:00:00.188, 22181
2026/09/26 00:00:00.688, 22181
2026/09/26 00:00:01.188, 22181
2026/09/26 00:00:01.688, 22181
2026/09/26 00:00:02.188, 22181
2026/09/26 00:00:02.689, 22181
2026/09/26 00:00:03.189, 22181
2026/09/26 00:00:03.689, 22181
2026/09/26 00:00:04.189, 22181
2026/09/26 00:00:04.689, 22181
2026/09/26 00:00:05.190, 22181
2026/09/26 00:00:05.690, 22181
2026/09/26 00:00:06.190, 22181
2026/09/26 00:00:06.690, 22181
2026/09/26 00:00:07.190, 22181
2026/09/26 00:00:07.690, 22181
2026/09/26 00:00:08.190, 22181
2026/09/26 00:00:08.691, 22181
2026/09/26 00:00:09.191, 22181
2026/09/26 00:00:09.691, 22181
2026/09/26 00:00:10.191, 22181
2026/09/26 00:00:10.691, 22181
2026/09/26 00:00:11.191, 22181
2026/09/26 00:00:11.692, 22181
2026/09/26 00:00:12.192, 22181
2026/09/26 00:00:12.692, 22181
2026/09/26 00:00:13.192, 22181
2026/09/26 00:00:13.692, 22181
2026/09/26 00:00:14.192, 22181
2026/09/26 00:00:14.693, 22181
2026/09/26 00:00:15.193, 22181
2026/09/26 00:00:15.693, 22181
2026/09/26 00:00:16.193, 22181
2026/09/26 00:00:16.693, 22181
2026/09/26 00:00:17.193, 22181
2026/09/26 00:00:17.694, 22181
2026/09/26 00:00:18.194, 22181
2026/09/26 00:00:18.694, 22181
2026/09/26 00:00:19.194, 22181
2026/09/26 00:00:19.694, 22181
2026/09/26 00:00:20.194, 22181
2026/09/26 00:00:20.694, 22181
2026/09/26 00:00:21.195, 22181
2026/09/26 00:00:21.695, 22181
2026/09/26 00:00:22.195, 22181
2026/09/26 00:00:22.695, 22181
2026/09/26 00:00:23.195, 22181
2026/09/26 00:00:23.695, 22181
2026/09/26 00:00:24.196, 22181
2026/09/26 00:00:24.696, 22181
2026/09/26 00:00:25.196, 22181
2026/09/26 00:00:25.696, 22181
2026/09/26 00:00:26.196, 22181
2026/09/26 00:00:26.696, 22181
2026/09/26 00:00:27.196, 22181
2026/09/26 00:00:27.697, 22181
2026/09/26 00:00:28.197, 22181
2026/09/26 00:00:28.697, 22181
2026/09/26 00:00:29.197, 22181
2026/09/26 00:00:29.697, 22181
2026/09/26 00:00:30.197, 22181
2026/09/26 00:00:30.697, 22181
2026/09/26 00:00:31.198, 22181
2026/09/26 00:00:31.698, 22181
2026/09/26 00:00:32.198, 22181
2026/09/26 00:00:32.698, 22181
2026/09/26 00:00:33.198, 22181
2026/09/26 00:00:33.698, 22181
2026/09/26 00:00:34.198, 22181
2026/09/26 00:00:34.699, 22181
2026/09/26 00:00:35.199, 22181
2026/09/26 00:00:35.699, 22181
2026/09/26 00:00:36.199, 22181
2026/09/26 00:00:36.699, 22181
2026/09/26 00:00:37.199, 22181
2026/09/26 00:00:37.700, 22181
2026/09/26 00:00:38.200, 22181
2026/09/26 00:00:38.700, 22181
2026/09/26 00:00:39.200, 22181
2026/09/26 00:00:39.700, 22181
2026/09/26 00:00:40.200, 22181
2026/09/26 00:00:40.700, 22181
2026/09/26 00:00:41.201, 22181
2026/09/26 00:00:41.701, 22181
2026/09/26 00:00:42.201, 22181
2026/09/26 00:00:42.701, 22181
2026/09/26 00:00:43.201, 22181
2026/09/26 00:00:43.702, 22181
2026/09/26 00:00:44.202, 22181
2026/09/26 00:00:44.702, 22181
2026/09/26 00:00:45.202, 22181
2026/09/26 00:00:45.702, 22181
2026/09/26 00:00:46.202, 22181
2026/09/26 00:00:46.703, 22181
2026/09/26 00:00:47.203, 22181
2026/09/26 00:00:47.703, 22181
2026/09/26 00:00:48.203, 22181
2026/09/26 00:00:48.703, 22181
2026/09/26 00:00:49.203, 22181
2026/09/26 00:00:49.704, 22181
2026/09/26 00:00:50.204, 22181
2026/09/26 00:00:50.704, 22181
2026/09/26 00:00:51.204, 22181
2026/09/26 00:00:51.704, 22181
2026/09/26 00:00:52.204, 22181
2026/09/26 00:00:52.705, 22181
2026/09/26 00:00:53.205, 22181
2026/09/26 00:00:53.705, 22181
2026/09/26 00:00:54.205, 22181
2026/09/26 00:00:54.706, 22181
2026/09/26 00:00:55.206, 22181
2026/09/26 00:00:55.706, 22181
2026/09/26 00:00:56.206, 22181
2026/09/26 00:00:56.706, 22181
2026/09/26 00:00:57.206, 22181
2026/09/26 00:00:57.707, 22181
2026/09/26 00:00:58.207, 22181
2026/09/26 00:00:58.707, 22181
2026/09/26 00:00:59.207, 22181
2026/09/26 00:00:59.707, 22181
2026/09/26 00:01:00.207, 22181
2026/09/26 00:01:00.708, 22181
2026/09/26 00:01:01.208, 22181
2026/09/26 00:01:01.708, 22181
2026/09/26 00:01:02.208, 22181
2026/09/26 00:01:02.709, 22181
2026/09/26 00:01:03.209, 22181
2026/09/26 00:01:03.709, 22181
2026/09/26 00:01:04.209, 22181
2026/09/26 00:01:04.709, 22181
2026/09/26 00:01:05.210, 22181
2026/09/26 00:01:05.710, 22181
2026/09/26 00:01:06.210, 22181
2026/09/26 00:01:06.710, 22181
2026/09/26 00:01:07.210, 22181
2026/09/26 00:01:07.710, 22181
2026/09/26 00:01:08.210, 22181
2026/09/26 00:01:08.711, 22181
2026/09/26 00:01:09.211, 22181
2026/09/26 00:01:09.711, 22181
2026/09/26 00:01:10.211, 22181
2026/09/26 00:01:10.711, 22181
2026/09/26 00:01:11.212, 22181
2026/09/26 00:01:11.712, 22181
2026/09/26 00:01:12.212, 22181
2026/09/26 00:01:12.713, 22181
2026/09/26 00:01:13.213, 22181
2026/09/26 00:01:13.713, 22181
2026/09/26 00:01:14.213, 22181
2026/09/26 00:01:14.713, 22181
2026/09/26 00:01:15.213, 22181
2026/09/26 00:01:15.714, 22181
2026/09/26 00:01:16.214, 22181
2026/09/26 00:01:16.714, 22181
2026/09/26 00:01:17.214, 22181
2026/09/26 00:01:17.714, 22181
2026/09/26 00:01:18.214, 22181
2026/09/26 00:01:18.715, 22181
2026/09/26 00:01:19.215, 22181
2026/09/26 00:01:19.715, 22181
2026/09/26 00:01:20.215, 22181
2026/09/26 00:01:20.715, 22181
2026/09/26 00:01:21.215, 22181
2026/09/26 00:01:21.716, 22181
2026/09/26 00:01:22.216, 22181
2026/09/26 00:01:22.716, 22181
2026/09/26 00:01:23.216, 22181
2026/09/26 00:01:23.716, 22181
2026/09/26 00:01:24.217, 22181
2026/09/26 00:01:24.717, 22181
2026/09/26 00:01:25.217, 22181
2026/09/26 00:01:25.717, 22181
2026/09/26 00:01:26.217, 22181
2026/09/26 00:01:26.717, 22181
2026/09/26 00:01:27.218, 22181
2026/09/26 00:01:27.718, 22181
2026/09/26 00:01:28.218, 22181
2026/09/26 00:01:28.718, 22181
2026/09/26 00:01:29.218, 22181
2026/09/26 00:01:29.718, 22181
2026/09/26 00:01:30.219, 22181
2026/09/26 00:01:30.719, 22181
2026/09/26 00:01:31.219, 22181
2026/09/26 00:01:31.719, 22181
2026/09/26 00:01:32.219, 22181
2026/09/26 00:01:32.719, 22181
2026/09/26 00:01:33.220, 22181
2026/09/26 00:01:33.720, 22181
2026/09/26 00:01:34.220, 22181
2026/09/26 00:01:34.720, 22181
2026/09/26 00:01:35.220, 22181
2026/09/26 00:01:35.720, 22181
2026/09/26 00:01:36.220, 22181
2026/09/26 00:01:36.721, 22181
2026/09/26 00:01:37.221, 22181
2026/09/26 00:01:37.721, 22181
2026/09/26 00:01:38.221, 22181
2026/09/26 00:01:38.721, 22181
2026/09/26 00:01:39.221, 22181
2026/09/26 00:01:39.722, 22181
2026/09/26 00:01:40.222, 22181
2026/09/26 00:01:40.722, 22181
2026/09/26 00:01:41.222, 22181
2026/09/26 00:01:41.722, 22181
2026/09/26 00:01:42.223, 22181
2026/09/26 00:01:42.723, 22181
2026/09/26 00:01:43.223, 22181
2026/09/26 00:01:43.723, 22181
2026/09/26 00:01:44.223, 22181
2026/09/26 00:01:44.723, 22181
2026/09/26 00:01:45.223, 22181
2026/09/26 00:01:45.724, 22181
2026/09/26 00:01:46.224, 22181
2026/09/26 00:01:46.724, 22181
2026/09/26 00:01:47.224, 22181
2026/09/26 00:01:47.724, 22181
2026/09/26 00:01:48.225, 22181
2026/09/26 00:01:48.725, 22181
2026/09/26 00:01:49.225, 22181
2026/09/26 00:01:49.725, 22181
2026/09/26 00:01:50.225, 22181
2026/09/26 00:01:50.725, 22181
2026/09/26 00:01:51.226, 22181
2026/09/26 00:01:51.726, 22181
2026/09/26 00:01:52.226, 22181
2026/09/26 00:01:52.726, 22181
2026/09/26 00:01:53.226, 22181
2026/09/26 00:01:53.726, 22181
2026/09/26 00:01:54.227, 22181
2026/09/26 00:01:54.727, 22181
2026/09/26 00:01:55.227, 22181
2026/09/26 00:01:55.727, 22181
2026/09/26 00:01:56.227, 22181
2026/09/26 00:01:56.727, 22181
2026/09/26 00:01:57.227, 22181
2026/09/26 00:01:57.728, 22181
2026/09/26 00:01:58.228, 22181
2026/09/26 00:01:58.728, 22181
2026/09/26 00:01:59.228, 22181
2026/09/26 00:01:59.728, 22181
2026/09/26 00:02:00.228, 22181
2026/09/26 00:02:00.729, 22181
2026/09/26 00:02:01.229, 22181
2026/09/26 00:02:01.729, 22181
2026/09/26 00:02:02.229, 22181
2026/09/26 00:02:02.729, 22181
2026/09/26 00:02:03.229, 22181
2026/09/26 00:02:03.730, 22181
2026/09/26 00:02:04.230, 22181
2026/09/26 00:02:04.730, 22181
2026/09/26 00:02:05.230, 22181
2026/09/26 00:02:05.730, 22181
2026/09/26 00:02:06.230, 22181
2026/09/26 00:02:06.731, 22181
2026/09/26 00:02:07.231, 22181
2026/09/26 00:02:07.731, 22181
2026/09/26 00:02:08.231, 22181
2026/09/26 00:02:08.731, 22181
2026/09/26 00:02:09.231, 22181
2026/09/26 00:02:09.737, 22181
2026/09/26 00:02:10.237, 22181
2026/09/26 00:02:10.738, 22181
2026/09/26 00:02:11.238, 22181
2026/09/26 00:02:11.738, 22181
2026/09/26 00:02:12.238, 22181
2026/09/26 00:02:12.738, 22181
2026/09/26 00:02:13.238, 22181
2026/09/26 00:02:13.739, 22181
2026/09/26 00:02:14.239, 22181
2026/09/26 00:02:14.739, 22181
2026/09/26 00:02:15.239, 22181
2026/09/26 00:02:15.739, 22181
2026/09/26 00:02:16.239, 22181
2026/09/26 00:02:16.740, 22181
2026/09/26 00:02:17.240, 22181
2026/09/26 00:02:17.740, 22181
2026/09/26 00:02:18.240, 22181
2026/09/26 00:02:18.740, 22181
2026/09/26 00:02:19.240, 22181
2026/09/26 00:02:19.741, 22181
2026/09/26 00:02:20.241, 22181
2026/09/26 00:02:20.741, 22181
2026/09/26 00:02:21.241, 22181
2026/09/26 00:02:21.741, 22181
2026/09/26 00:02:22.241, 22181
2026/09/26 00:02:22.742, 22181
2026/09/26 00:02:23.242, 22181
2026/09/26 00:02:23.742, 22181
2026/09/26 00:02:24.242, 22181
2026/09/26 00:02:24.742, 22181
2026/09/26 00:02:25.242, 22181
2026/09/26 00:02:25.743, 22181
2026/09/26 00:02:26.243, 22181
2026/09/26 00:02:26.743, 22181
2026/09/26 00:02:27.243, 22181
2026/09/26 00:02:27.743, 22181
2026/09/26 00:02:28.243, 22181
2026/09/26 00:02:28.744, 22181
2026/09/26 00:02:29.244, 22181
2026/09/26 00:02:29.744, 22181
2026/09/26 00:02:30.244, 22181
2026/09/26 00:02:30.744, 22181
2026/09/26 00:02:31.245, 22181
2026/09/26 00:02:31.745, 22181
2026/09/26 00:02:32.245, 22181
2026/09/26 00:02:32.745, 22181
2026/09/26 00:02:33.245, 22181
2026/09/26 00:02:33.745, 22181
2026/09/26 00:02:34.246, 22181
2026/09/26 00:02:34.746, 22181
2026/09/26 00:02:35.246, 22181
2026/09/26 00:02:35.746, 22181
2026/09/26 00:02:36.246, 22181
2026/09/26 00:02:36.746, 22181
2026/09/26 00:02:37.247, 22181
2026/09/26 00:02:37.747, 22181
2026/09/26 00:02:38.247, 22181
2026/09/26 00:02:38.747, 22181
2026/09/26 00:02:39.247, 22181
2026/09/26 00:02:39.747, 22181
2026/09/26 00:02:40.248, 22181
2026/09/26 00:02:40.748, 22181
2026/09/26 00:02:41.248, 22181
2026/09/26 00:02:41.748, 22181
2026/09/26 00:02:42.248, 22181
2026/09/26 00:02:42.748, 22181
2026/09/26 00:02:43.249, 22181
2026/09/26 00:02:43.749, 22181
2026/09/26 00:02:44.249, 22181
2026/09/26 00:02:44.749, 22181
2026/09/26 00:02:45.249, 22181
2026/09/26 00:02:45.749, 22181
2026/09/26 00:02:46.249, 22181
2026/09/26 00:02:46.750, 22181
2026/09/26 00:02:47.250, 22181
2026/09/26 00:02:47.750, 22181
2026/09/26 00:02:48.250, 22181
2026/09/26 00:02:48.750, 22181
2026/09/26 00:02:49.250, 22181
2026/09/26 00:02:49.750, 22181
2026/09/26 00:02:50.250, 22181
2026/09/26 00:02:50.751, 22181
2026/09/26 00:02:51.251, 22181
2026/09/26 00:02:51.751, 22181
2026/09/26 00:02:52.251, 22181
2026/09/26 00:02:52.751, 22181
2026/09/26 00:02:53.251, 22181
2026/09/26 00:02:53.752, 22181
2026/09/26 00:02:54.252, 22181
2026/09/26 00:02:54.752, 22181
2026/09/26 00:02:55.252, 22181
2026/09/26 00:02:55.752, 22181
2026/09/26 00:02:56.252, 22181
2026/09/26 00:02:56.753, 22181
2026/09/26 00:02:57.253, 22181
2026/09/26 00:02:57.753, 22181
2026/09/26 00:02:58.253, 22181
2026/09/26 00:02:58.753, 22181
2026/09/26 00:02:59.253, 22181
2026/09/26 00:02:59.753, 22181
2026/09/26 00:03:00.254, 22181
2026/09/26 00:03:00.754, 22181
2026/09/26 00:03:01.254, 22181
2026/09/26 00:03:01.754, 22181
2026/09/26 00:03:02.254, 22181
2026/09/26 00:03:02.755, 22181
2026/09/26 00:03:03.255, 22181
2026/09/26 00:03:03.755, 22181
2026/09/26 00:03:04.255, 22181
2026/09/26 00:03:04.755, 22181
2026/09/26 00:03:05.255, 22181
2026/09/26 00:03:05.756, 22181
2026/09/26 00:03:06.256, 22181
2026/09/26 00:03:06.756, 22181
2026/09/26 00:03:07.256, 22181
2026/09/26 00:03:07.756, 22181
2026/09/26 00:03:08.256, 22181
2026/09/26 00:03:08.757, 22181
2026/09/26 00:03:09.257, 22181
2026/09/26 00:03:09.757, 22181
2026/09/26 00:03:10.257, 22181
2026/09/26 00:03:10.757, 22181
2026/09/26 00:03:11.257, 22181
2026/09/26 00:03:11.758, 22181
2026/09/26 00:03:12.258, 22181
2026/09/26 00:03:12.758, 22181
2026/09/26 00:03:13.258, 22181
2026/09/26 00:03:13.758, 22181
2026/09/26 00:03:14.258, 22181
2026/09/26 00:03:14.758, 22181
2026/09/26 00:03:15.259, 22181
2026/09/26 00:03:15.759, 22181
2026/09/26 00:03:16.259, 22181
2026/09/26 00:03:16.759, 22181
2026/09/26 00:03:17.259, 22181
2026/09/26 00:03:17.759, 22181
2026/09/26 00:03:18.260, 22181
2026/09/26 00:03:18.760, 22181
2026/09/26 00:03:19.260, 22181
2026/09/26 00:03:19.766, 22181
2026/09/26 00:03:20.266, 22181
2026/09/26 00:03:20.766, 22181
2026/09/26 00:03:21.266, 22181
2026/09/26 00:03:21.767, 22181
2026/09/26 00:03:22.267, 22181
2026/09/26 00:03:22.767, 22181
2026/09/26 00:03:23.267, 22181
2026/09/26 00:03:23.767, 22181
2026/09/26 00:03:24.267, 22181
2026/09/26 00:03:24.767, 22181
2026/09/26 00:03:25.268, 22181
2026/09/26 00:03:25.768, 22181
2026/09/26 00:03:26.268, 22181
2026/09/26 00:03:26.768, 22181
2026/09/26 00:03:27.268, 22181
2026/09/26 00:03:27.768, 22181
2026/09/26 00:03:28.269, 22181
2026/09/26 00:03:28.769, 22181
2026/09/26 00:03:29.269, 22181
2026/09/26 00:03:29.769, 22181
2026/09/26 00:03:30.269, 22181
2026/09/26 00:03:30.769, 22181
2026/09/26 00:03:31.269, 22181
2026/09/26 00:03:31.770, 22181
2026/09/26 00:03:32.270, 22181
2026/09/26 00:03:32.770, 22181
2026/09/26 00:03:33.270, 22181
2026/09/26 00:03:33.770, 22181
2026/09/26 00:03:34.270, 22181
2026/09/26 00:03:34.771, 22181
2026/09/26 00:03:35.271, 22181
2026/09/26 00:03:35.771, 22181
2026/09/26 00:03:36.271, 22181
2026/09/26 00:03:36.771, 22181
2026/09/26 00:03:37.271, 22181
2026/09/26 00:03:37.771, 22181
2026/09/26 00:03:38.272, 22181
2026/09/26 00:03:38.772, 22181
2026/09/26 00:03:39.272, 22181
2026/09/26 00:03:39.772, 22181
2026/09/26 00:03:40.272, 22181
2026/09/26 00:03:40.772, 22181
2026/09/26 00:03:41.273, 22181
2026/09/26 00:03:41.773, 22181
2026/09/26 00:03:42.273, 22181
2026/09/26 00:03:42.773, 22181
2026/09/26 00:03:43.274, 22181
2026/09/26 00:03:43.774, 22181
2026/09/26 00:03:44.274, 22181
2026/09/26 00:03:44.774, 22181
2026/09/26 00:03:45.275, 22181
2026/09/26 00:03:45.775, 22181
2026/09/26 00:03:46.275, 22181
2026/09/26 00:03:46.775, 22181
2026/09/26 00:03:47.275, 22181
2026/09/26 00:03:47.775, 22181
2026/09/26 00:03:48.275, 22181
2026/09/26 00:03:48.776, 22181
2026/09/26 00:03:49.276, 22181
2026/09/26 00:03:49.776, 22181
2026/09/26 00:03:50.276, 22181
2026/09/26 00:03:50.776, 22181
2026/09/26 00:03:51.276, 22181
2026/09/26 00:03:51.777, 22181
2026/09/26 00:03:52.277, 22181
2026/09/26 00:03:52.777, 22181
2026/09/26 00:03:53.277, 22181
2026/09/26 00:03:53.777, 22181
2026/09/26 00:03:54.277, 22181
2026/09/26 00:03:54.778, 22181
2026/09/26 00:03:55.278, 22181
2026/09/26 00:03:55.778, 22181
2026/09/26 00:03:56.278, 22181
2026/09/26 00:03:56.778, 22181
2026/09/26 00:03:57.278, 22181
2026/09/26 00:03:57.778, 22181
2026/09/26 00:03:58.279, 22181
2026/09/26 00:03:58.779, 22181
2026/09/26 00:03:59.279, 22181
2026/09/26 00:03:59.779, 22181
2026/09/26 00:04:00.280, 22181
2026/09/26 00:04:00.780, 22181
2026/09/26 00:04:01.280, 22181
2026/09/26 00:04:01.780, 22181
2026/09/26 00:04:02.280, 22181
2026/09/26 00:04:02.780, 22181
2026/09/26 00:04:03.281, 22181
2026/09/26 00:04:03.781, 22181
2026/09/26 00:04:04.281, 22181
2026/09/26 00:04:04.781, 22181
2026/09/26 00:04:05.281, 22181
2026/09/26 00:04:05.781, 22181
2026/09/26 00:04:06.282, 22181
2026/09/26 00:04:06.782, 22181
2026/09/26 00:04:07.282, 22181
2026/09/26 00:04:07.782, 22181
2026/09/26 00:04:08.282, 22181
2026/09/26 00:04:08.782, 22181
2026/09/26 00:04:09.282, 22181
2026/09/26 00:04:09.783, 22181
2026/09/26 00:04:10.283, 22181
2026/09/26 00:04:10.783, 22181
2026/09/26 00:04:11.283, 22181
2026/09/26 00:04:11.783, 22181
2026/09/26 00:04:12.283, 22181
2026/09/26 00:04:12.784, 22181
2026/09/26 00:04:13.284, 22181
2026/09/26 00:04:13.784, 22181
2026/09/26 00:04:14.284, 22181
2026/09/26 00:04:14.784, 22181
2026/09/26 00:04:15.284, 22181
2026/09/26 00:04:15.785, 22181
2026/09/26 00:04:16.285, 22181
2026/09/26 00:04:16.785, 22181
2026/09/26 00:04:17.285, 22181
2026/09/26 00:04:17.785, 22181
2026/09/26 00:04:18.286, 22181
2026/09/26 00:04:18.786, 22181
2026/09/26 00:04:19.286, 22181
2026/09/26 00:04:19.786, 22181
2026/09/26 00:04:20.286, 22181
2026/09/26 00:04:20.786, 22181
2026/09/26 00:04:21.287, 22181
2026/09/26 00:04:21.787, 22181
2026/09/26 00:04:22.287, 22181
2026/09/26 00:04:22.787, 22181
2026/09/26 00:04:23.287, 22181
2026/09/26 00:04:23.787, 22181
2026/09/26 00:04:24.288, 22181
2026/09/26 00:04:24.788, 22181
2026/09/26 00:04:25.288, 22181
2026/09/26 00:04:25.788, 22181
2026/09/26 00:04:26.288, 22181
2026/09/26 00:04:26.789, 22181
2026/09/26 00:04:27.289, 22181
2026/09/26 00:04:27.789, 22181
2026/09/26 00:04:28.289, 22181
2026/09/26 00:04:28.789, 22181
2026/09/26 00:04:29.289, 22181
2026/09/26 00:04:29.790, 22181
2026/09/26 00:04:30.290, 22181
2026/09/26 00:04:30.790, 22181
2026/09/26 00:04:31.290, 22181
2026/09/26 00:04:31.790, 22181
2026/09/26 00:04:32.290, 22181
2026/09/26 00:04:32.791, 22181
2026/09/26 00:04:33.291, 22181
2026/09/26 00:04:33.791, 22181
2026/09/26 00:04:34.291, 22181
2026/09/26 00:04:34.791, 22181
2026/09/26 00:04:35.291, 22181
2026/09/26 00:04:35.791, 22181
2026/09/26 00:04:36.292, 22181
2026/09/26 00:04:36.792, 22181
2026/09/26 00:04:37.292, 22181
2026/09/26 00:04:37.792, 22181
2026/09/26 00:04:38.292, 22181
2026/09/26 00:04:38.792, 22181
2026/09/26 00:04:39.293, 22181
2026/09/26 00:04:39.793, 22181
2026/09/26 00:04:40.293, 22181
2026/09/26 00:04:40.793, 22181
2026/09/26 00:04:41.293, 22181
2026/09/26 00:04:41.793, 22181
2026/09/26 00:04:42.294, 22181
2026/09/26 00:04:42.794, 22181
2026/09/26 00:04:43.294, 22181
2026/09/26 00:04:43.794, 22181
2026/09/26 00:04:44.294, 22181
2026/09/26 00:04:44.794, 22181
2026/09/26 00:04:45.295, 22181
2026/09/26 00:04:45.795, 22181
2026/09/26 00:04:46.295, 22181
2026/09/26 00:04:46.795, 22181
2026/09/26 00:04:47.295, 22181
2026/09/26 00:04:47.795, 22181
2026/09/26 00:04:48.295, 22181
2026/09/26 00:04:48.796, 22181
2026/09/26 00:04:49.296, 22181
2026/09/26 00:04:49.796, 22181
2026/09/26 00:04:50.296, 22181
2026/09/26 00:04:50.796, 22181
2026/09/26 00:04:51.296, 22181
2026/09/26 00:04:51.796, 22181
2026/09/26 00:04:52.297, 22181
2026/09/26 00:04:52.797, 22181
2026/09/26 00:04:53.297, 22181
2026/09/26 00:04:53.797, 22181
2026/09/26 00:04:54.297, 22181
2026/09/26 00:04:54.797, 22181
2026/09/26 00:04:55.298, 22181
2026/09/26 00:04:55.798, 22181
2026/09/26 00:04:56.298, 22181
2026/09/26 00:04:56.798, 22181
2026/09/26 00:04:57.298, 22181
2026/09/26 00:04:57.798, 22181
2026/09/26 00:04:58.299, 22181
2026/09/26 00:04:58.799, 22181
2026/09/26 00:04:59.299, 22181
2026/09/26 00:04:59.799, 22181
2026/09/26 00:05:00.299, 22181
2026/09/26 00:05:00.799, 22181
2026/09/26 00:05:01.300, 22181
2026/09/26 00:05:01.800, 22181
2026/09/26 00:05:02.300, 22181
2026/09/26 00:05:02.800, 22181
2026/09/26 00:05:03.300, 22181
2026/09/26 00:05:03.800, 22181
2026/09/26 00:05:04.300, 22181
2026/09/26 00:05:04.801, 22181
2026/09/26 00:05:05.301, 22181
2026/09/26 00:05:05.801, 22181
2026/09/26 00:05:06.301, 22181
2026/09/26 00:05:06.801, 22181
2026/09/26 00:05:07.301, 22181
2026/09/26 00:05:07.802, 22181
2026/09/26 00:05:08.302, 22181
2026/09/26 00:05:08.802, 22181
2026/09/26 00:05:09.302, 22181
2026/09/26 00:05:09.802, 22181
2026/09/26 00:05:10.302, 22181
2026/09/26 00:05:10.803, 22181
2026/09/26 00:05:11.303, 22181
2026/09/26 00:05:11.803, 22181
2026/09/26 00:05:12.303, 22181
2026/09/26 00:05:12.804, 22181
2026/09/26 00:05:13.304, 22181
2026/09/26 00:05:13.804, 22181
2026/09/26 00:05:14.304, 22181
2026/09/26 00:05:14.804, 22181
2026/09/26 00:05:15.304, 22181
2026/09/26 00:05:15.804, 22181
2026/09/26 00:05:16.305, 22181
2026/09/26 00:05:16.805, 22181
2026/09/26 00:05:17.305, 22181
2026/09/26 00:05:17.805, 22181
2026/09/26 00:05:18.305, 22181
2026/09/26 00:05:18.806, 22181
2026/09/26 00:05:19.306, 22181
2026/09/26 00:05:19.806, 22181
2026/09/26 00:05:20.306, 22181
2026/09/26 00:05:20.806, 22181
2026/09/26 00:05:21.306, 22181
2026/09/26 00:05:21.807, 22181
2026/09/26 00:05:22.307, 22181
2026/09/26 00:05:22.807, 22181
2026/09/26 00:05:23.307, 22181
2026/09/26 00:05:23.807, 22181
2026/09/26 00:05:24.307, 22181
2026/09/26 00:05:24.808, 22181
2026/09/26 00:05:25.308, 22181
2026/09/26 00:05:25.808, 22181
2026/09/26 00:05:26.308, 22181
2026/09/26 00:05:26.809, 22181
2026/09/26 00:05:27.309, 22181
2026/09/26 00:05:27.809, 22181
2026/09/26 00:05:28.309, 22181
2026/09/26 00:05:28.809, 22181
2026/09/26 00:05:29.309, 22181
2026/09/26 00:05:29.810, 22181
2026/09/26 00:05:30.310, 22181
2026/09/26 00:05:30.810, 22181
2026/09/26 00:05:31.310, 22181
2026/09/26 00:05:31.810, 22181
2026/09/26 00:05:32.310, 22181
2026/09/26 00:05:32.811, 22181
2026/09/26 00:05:33.311, 22181
2026/09/26 00:05:33.811, 22181
2026/09/26 00:05:34.311, 22181
2026/09/26 00:05:34.811, 22181
2026/09/26 00:05:35.311, 22181
2026/09/26 00:05:35.812, 22181
2026/09/26 00:05:36.312, 22181
2026/09/26 00:05:36.812, 22181
2026/09/26 00:05:37.312, 22181
2026/09/26 00:05:37.812, 22181
2026/09/26 00:05:38.312, 22181
2026/09/26 00:05:38.813, 22181
2026/09/26 00:05:39.313, 22181
2026/09/26 00:05:39.813, 22181
2026/09/26 00:05:40.313, 22181
2026/09/26 00:05:40.813, 22181
2026/09/26 00:05:41.313, 22181
2026/09/26 00:05:41.814, 22181
2026/09/26 00:05:42.314, 22181
2026/09/26 00:05:42.814, 22181
2026/09/26 00:05:43.314, 22181
2026/09/26 00:05:43.814, 22181
2026/09/26 00:05:44.314, 22181
2026/09/26 00:05:44.815, 22181
2026/09/26 00:05:45.315, 22181
2026/09/26 00:05:45.815, 22181
2026/09/26 00:05:46.315, 22181
2026/09/26 00:05:46.815, 22181
2026/09/26 00:05:47.315, 22181
2026/09/26 00:05:47.816, 22181
2026/09/26 00:05:48.316, 22181
2026/09/26 00:05:48.816, 22181
2026/09/26 00:05:49.316, 22181
2026/09/26 00:05:49.816, 22181
2026/09/26 00:05:50.316, 22181
2026/09/26 00:05:50.816, 22181
2026/09/26 00:05:51.317, 22181
2026/09/26 00:05:51.817, 22181
2026/09/26 00:05:52.317, 22181
2026/09/26 00:05:52.817, 22181
2026/09/26 00:05:53.317, 22181
2026/09/26 00:05:53.817, 22181
2026/09/26 00:05:54.318, 22181
2026/09/26 00:05:54.818, 22181
2026/09/26 00:05:55.318, 22181
2026/09/26 00:05:55.818, 22181
2026/09/26 00:05:56.318, 22181
2026/09/26 00:05:56.818, 22181
2026/09/26 00:05:57.319, 22181
2026/09/26 00:05:57.819, 22181
2026/09/26 00:05:58.319, 22181
2026/09/26 00:05:58.819, 22181
2026/09/26 00:05:59.319, 22181
2026/09/26 00:05:59.819, 22181
2026/09/26 00:06:00.319, 22181
2026/09/26 00:06:00.820, 22181
2026/09/26 00:06:01.320, 22181
2026/09/26 00:06:01.820, 22181
2026/09/26 00:06:02.320, 22181
2026/09/26 00:06:02.820, 22181
2026/09/26 00:06:03.320, 22181
2026/09/26 00:06:03.821, 22181
2026/09/26 00:06:04.321, 22181
2026/09/26 00:06:04.821, 22181
2026/09/26 00:06:05.321, 22181
2026/09/26 00:06:05.821, 22181
2026/09/26 00:06:06.321, 22181
2026/09/26 00:06:06.821, 22181
2026/09/26 00:06:07.322, 22181
2026/09/26 00:06:07.822, 22181
2026/09/26 00:06:08.322, 22181
2026/09/26 00:06:08.822, 22181
2026/09/26 00:06:09.322, 22181
2026/09/26 00:06:09.822, 22181
2026/09/26 00:06:10.322, 22181
2026/09/26 00:06:10.823, 22181
2026/09/26 00:06:11.323, 22181
2026/09/26 00:06:11.823, 22181
2026/09/26 00:06:12.323, 22181
2026/09/26 00:06:12.823, 22181
2026/09/26 00:06:13.323, 22181
2026/09/26 00:06:13.824, 22181
2026/09/26 00:06:14.324, 22181
2026/09/26 00:06:14.824, 22181
2026/09/26 00:06:15.324, 22181
2026/09/26 00:06:15.824, 22181
2026/09/26 00:06:16.325, 22181
2026/09/26 00:06:16.825, 22181
2026/09/26 00:06:17.325, 22181
2026/09/26 00:06:17.825, 22181
2026/09/26 00:06:18.325, 22181
2026/09/26 00:06:18.825, 22181
2026/09/26 00:06:19.325, 22181
2026/09/26 00:06:19.826, 22181
2026/09/26 00:06:20.326, 22181
2026/09/26 00:06:20.826, 22181
2026/09/26 00:06:21.326, 22181
2026/09/26 00:06:21.826, 22181
2026/09/26 00:06:22.326, 22181
2026/09/26 00:06:22.827, 22181
2026/09/26 00:06:23.327, 22181
2026/09/26 00:06:23.827, 22181
2026/09/26 00:06:24.327, 22181
2026/09/26 00:06:24.827, 22181
2026/09/26 00:06:25.327, 22181
2026/09/26 00:06:25.828, 22181
2026/09/26 00:06:26.328, 22181
2026/09/26 00:06:26.828, 22181
2026/09/26 00:06:27.328, 22181
2026/09/26 00:06:27.828, 22181
2026/09/26 00:06:28.328, 22181
2026/09/26 00:06:28.828, 22181
2026/09/26 00:06:29.328, 22181
2026/09/26 00:06:29.829, 22181
2026/09/26 00:06:30.329, 22181
2026/09/26 00:06:30.829, 22181
2026/09/26 00:06:31.329, 22181
2026/09/26 00:06:31.829, 22181
2026/09/26 00:06:32.329, 22181
2026/09/26 00:06:32.830, 22181
2026/09/26 00:06:33.330, 22181
2026/09/26 00:06:33.830, 22181
2026/09/26 00:06:34.330, 22181
2026/09/26 00:06:34.830, 22181
2026/09/26 00:06:35.330, 22181
2026/09/26 00:06:35.831, 22181
2026/09/26 00:06:36.331, 22181
2026/09/26 00:06:36.831, 22181
2026/09/26 00:06:37.331, 22181
2026/09/26 00:06:37.831, 22181
2026/09/26 00:06:38.331, 22181
2026/09/26 00:06:38.832, 22181
2026/09/26 00:06:39.332, 22181
2026/09/26 00:06:39.832, 22181
2026/09/26 00:06:40.332, 22181
2026/09/26 00:06:40.832, 22181
2026/09/26 00:06:41.332, 22181
2026/09/26 00:06:41.832, 22181
2026/09/26 00:06:42.333, 22181
2026/09/26 00:06:42.833, 22181
2026/09/26 00:06:43.333, 22181
2026/09/26 00:06:43.833, 22181
2026/09/26 00:06:44.333, 22181
2026/09/26 00:06:44.833, 22181
2026/09/26 00:06:45.334, 22181
2026/09/26 00:06:45.834, 22181
2026/09/26 00:06:46.334, 22181
2026/09/26 00:06:46.834, 22181
2026/09/26 00:06:47.334, 22181
2026/09/26 00:06:47.834, 22181
2026/09/26 00:06:48.334, 22181
2026/09/26 00:06:48.835, 22181
2026/09/26 00:06:49.335, 22181
2026/09/26 00:06:49.835, 22181
2026/09/26 00:06:50.335, 22181
2026/09/26 00:06:50.835, 22181
2026/09/26 00:06:51.335, 22181
2026/09/26 00:06:51.836, 22181
2026/09/26 00:06:52.336, 22181
2026/09/26 00:06:52.836, 22181
2026/09/26 00:06:53.336, 22181
2026/09/26 00:06:53.836, 22181
2026/09/26 00:06:54.336, 22181
2026/09/26 00:06:54.837, 22181
2026/09/26 00:06:55.337, 22181
2026/09/26 00:06:55.837, 22181
2026/09/26 00:06:56.337, 22181
2026/09/26 00:06:56.837, 22181
2026/09/26 00:06:57.337, 22181
2026/09/26 00:06:57.838, 22181
2026/09/26 00:06:58.338, 22181
2026/09/26 00:06:58.838, 22181
2026/09/26 00:06:59.338, 22181
2026/09/26 00:06:59.838, 22181
2026/09/26 00:07:00.338, 22181
2026/09/26 00:07:00.839, 22181
2026/09/26 00:07:01.339, 22181
2026/09/26 00:07:01.839, 22181
2026/09/26 00:07:02.339, 22181
2026/09/26 00:07:02.839, 22181
2026/09/26 00:07:03.339, 22181
2026/09/26 00:07:03.840, 22181
2026/09/26 00:07:04.340, 22181
2026/09/26 00:07:04.840, 22181
2026/09/26 00:07:05.340, 22181
2026/09/26 00:07:05.840, 22181
2026/09/26 00:07:06.340, 22181
2026/09/26 00:07:06.841, 22181
2026/09/26 00:07:07.341, 22181
2026/09/26 00:07:07.841, 22181
2026/09/26 00:07:08.341, 22181
2026/09/26 00:07:08.841, 22181
2026/09/26 00:07:09.341, 22181
2026/09/26 00:07:09.841, 22181
2026/09/26 00:07:10.342, 22181
2026/09/26 00:07:10.842, 22181
2026/09/26 00:07:11.342, 22181
2026/09/26 00:07:11.842, 22181
2026/09/26 00:07:12.342, 22181
2026/09/26 00:07:12.843, 22181
2026/09/26 00:07:13.343, 22181
2026/09/26 00:07:13.843, 22181
2026/09/26 00:07:14.343, 22181
2026/09/26 00:07:14.843, 22181
2026/09/26 00:07:15.343, 22181
2026/09/26 00:07:15.844, 22181
2026/09/26 00:07:16.344, 22181
2026/09/26 00:07:16.844, 22181
2026/09/26 00:07:17.344, 22181
2026/09/26 00:07:17.844, 22181
2026/09/26 00:07:18.344, 22181
2026/09/26 00:07:18.845, 22181
2026/09/26 00:07:19.345, 22181
2026/09/26 00:07:19.845, 22181
2026/09/26 00:07:20.345, 22181
2026/09/26 00:07:20.845, 22181
2026/09/26 00:07:21.345, 22181
2026/09/26 00:07:21.845, 22181
2026/09/26 00:07:22.346, 22181
2026/09/26 00:07:22.846, 22181
2026/09/26 00:07:23.346, 22181
2026/09/26 00:07:23.846, 22181
2026/09/26 00:07:24.346, 22181
2026/09/26 00:07:24.846, 22181
2026/09/26 00:07:25.346, 22181
2026/09/26 00:07:25.847, 22181
2026/09/26 00:07:26.347, 22181
2026/09/26 00:07:26.847, 22181
2026/09/26 00:07:27.347, 22181
2026/09/26 00:07:27.847, 22181
2026/09/26 00:07:28.347, 22181
2026/09/26 00:07:28.847, 22181
2026/09/26 00:07:29.348, 22181
2026/09/26 00:07:29.848, 22181
2026/09/26 00:07:30.348, 22181
2026/09/26 00:07:30.848, 22181
2026/09/26 00:07:31.348, 22181
2026/09/26 00:07:31.848, 22181
2026/09/26 00:07:32.349, 22181
2026/09/26 00:07:32.849, 22181
2026/09/26 00:07:33.349, 22181
2026/09/26 00:07:33.849, 22181
2026/09/26 00:07:34.349, 22181
2026/09/26 00:07:34.849, 22181
2026/09/26 00:07:35.349, 22181
2026/09/26 00:07:35.850, 22181
2026/09/26 00:07:36.350, 22181
2026/09/26 00:07:36.850, 22181
2026/09/26 00:07:37.350, 22181
2026/09/26 00:07:37.850, 22181
2026/09/26 00:07:38.350, 22181
2026/09/26 00:07:38.850, 22181
2026/09/26 00:07:39.351, 22181
2026/09/26 00:07:39.851, 22181
2026/09/26 00:07:40.351, 22181
2026/09/26 00:07:40.851, 22181
2026/09/26 00:07:41.351, 22181
2026/09/26 00:07:41.851, 22181
2026/09/26 00:07:42.351, 22181
2026/09/26 00:07:42.852, 22181
2026/09/26 00:07:43.352, 22181
2026/09/26 00:07:43.852, 22181
2026/09/26 00:07:44.352, 22181
2026/09/26 00:07:44.852, 22181
2026/09/26 00:07:45.352, 22181
2026/09/26 00:07:45.853, 22181
2026/09/26 00:07:46.353, 22181
2026/09/26 00:07:46.853, 22181
2026/09/26 00:07:47.353, 22181
2026/09/26 00:07:47.853, 22181
2026/09/26 00:07:48.353, 22181
2026/09/26 00:07:48.853, 22181
2026/09/26 00:07:49.354, 22181
2026/09/26 00:07:49.854, 22181
2026/09/26 00:07:50.354, 22181
2026/09/26 00:07:50.854, 22181
2026/09/26 00:07:51.354, 22181
2026/09/26 00:07:51.854, 22181
2026/09/26 00:07:52.354, 22181
2026/09/26 00:07:52.855, 22181
2026/09/26 00:07:53.355, 22181
2026/09/26 00:07:53.855, 22181
2026/09/26 00:07:54.355, 22181
2026/09/26 00:07:54.855, 22181
2026/09/26 00:07:55.355, 22181
2026/09/26 00:07:55.856, 22181
2026/09/26 00:07:56.356, 22181
2026/09/26 00:07:56.856, 22181
2026/09/26 00:07:57.356, 22181
2026/09/26 00:07:57.856, 22181
2026/09/26 00:07:58.356, 22181
2026/09/26 00:07:58.856, 22181
2026/09/26 00:07:59.357, 22181
2026/09/26 00:07:59.857, 22181
2026/09/26 00:08:00.357, 22181
2026/09/26 00:08:00.857, 22181
2026/09/26 00:08:01.357, 22181
2026/09/26 00:08:01.857, 22181
2026/09/26 00:08:02.358, 22181
2026/09/26 00:08:02.858, 22181
2026/09/26 00:08:03.358, 22181
2026/09/26 00:08:03.858, 22181
2026/09/26 00:08:04.358, 22181
2026/09/26 00:08:04.858, 22181
2026/09/26 00:08:05.359, 22181
2026/09/26 00:08:05.859, 22181
2026/09/26 00:08:06.359, 22181
2026/09/26 00:08:06.859, 22181
2026/09/26 00:08:07.359, 22181
2026/09/26 00:08:07.859, 22181
2026/09/26 00:08:08.360, 22181
2026/09/26 00:08:08.860, 22181
2026/09/26 00:08:09.360, 22181
2026/09/26 00:08:09.860, 22181
2026/09/26 00:08:10.360, 22181
2026/09/26 00:08:10.860, 22181
2026/09/26 00:08:11.360, 22181
2026/09/26 00:08:11.861, 22181
2026/09/26 00:08:12.361, 22181
2026/09/26 00:08:12.861, 22181
2026/09/26 00:08:13.361, 22181
2026/09/26 00:08:13.861, 22181
2026/09/26 00:08:14.361, 22181
2026/09/26 00:08:14.862, 22181
2026/09/26 00:08:15.362, 22181
2026/09/26 00:08:15.862, 22181
2026/09/26 00:08:16.362, 22181
2026/09/26 00:08:16.862, 22181
2026/09/26 00:08:17.363, 22181
2026/09/26 00:08:17.863, 22181
2026/09/26 00:08:18.363, 22181
2026/09/26 00:08:18.863, 22181
2026/09/26 00:08:19.363, 22181
2026/09/26 00:08:19.863, 22181
2026/09/26 00:08:20.364, 22181
2026/09/26 00:08:20.864, 22181
2026/09/26 00:08:21.364, 22181
2026/09/26 00:08:21.864, 22181
2026/09/26 00:08:22.364, 22181
2026/09/26 00:08:22.865, 22181
2026/09/26 00:08:23.365, 22181
2026/09/26 00:08:23.865, 22181
2026/09/26 00:08:24.365, 22181
2026/09/26 00:08:24.865, 22181
2026/09/26 00:08:25.366, 22181
2026/09/26 00:08:25.866, 22181
2026/09/26 00:08:26.366, 22181
2026/09/26 00:08:26.866, 22181
2026/09/26 00:08:27.366, 22181
2026/09/26 00:08:27.866, 22181
2026/09/26 00:08:28.367, 22181
2026/09/26 00:08:28.867, 22181
2026/09/26 00:08:29.367, 22181
2026/09/26 00:08:29.867, 22181
2026/09/26 00:08:30.367, 22181
2026/09/26 00:08:30.867, 22181
2026/09/26 00:08:31.368, 22181
2026/09/26 00:08:31.868, 22181
2026/09/26 00:08:32.368, 22181
2026/09/26 00:08:32.868, 22181
2026/09/26 00:08:33.368, 22181
2026/09/26 00:08:33.869, 22181
2026/09/26 00:08:34.369, 22181
2026/09/26 00:08:34.869, 22181
2026/09/26 00:08:35.369, 22181
2026/09/26 00:08:35.869, 22181
2026/09/26 00:08:36.369, 22181
2026/09/26 00:08:36.870, 22181
2026/09/26 00:08:37.370, 22181
2026/09/26 00:08:37.870, 22181
2026/09/26 00:08:38.370, 22181
2026/09/26 00:08:38.870, 22181
2026/09/26 00:08:39.370, 22181
2026/09/26 00:08:39.870, 22181
2026/09/26 00:08:40.371, 22181
2026/09/26 00:08:40.871, 22181
2026/09/26 00:08:41.371, 22181
2026/09/26 00:08:41.871, 22181
2026/09/26 00:08:42.371, 22181
2026/09/26 00:08:42.871, 22181
2026/09/26 00:08:43.371, 22181
2026/09/26 00:08:43.872, 22181
2026/09/26 00:08:44.372, 22181
2026/09/26 00:08:44.872, 22181
2026/09/26 00:08:45.372, 22181
2026/09/26 00:08:45.872, 22181
2026/09/26 00:08:46.372, 22181
2026/09/26 00:08:46.873, 22181
2026/09/26 00:08:47.373, 22181
2026/09/26 00:08:47.873, 22181
2026/09/26 00:08:48.373, 22181
2026/09/26 00:08:48.873, 22181
2026/09/26 00:08:49.373, 22181
2026/09/26 00:08:49.873, 22181
2026/09/26 00:08:50.373, 22181
2026/09/26 00:08:50.874, 22181
2026/09/26 00:08:51.374, 22181
2026/09/26 00:08:51.874, 22181
2026/09/26 00:08:52.374, 22181
2026/09/26 00:08:52.874, 22181
2026/09/26 00:08:53.375, 22181
2026/09/26 00:08:53.875, 22181
2026/09/26 00:08:54.375, 22181
2026/09/26 00:08:54.875, 22181
2026/09/26 00:08:55.375, 22181
2026/09/26 00:08:55.875, 22181
2026/09/26 00:08:56.375, 22181
2026/09/26 00:08:56.875, 22181
2026/09/26 00:08:57.376, 22181
2026/09/26 00:08:57.876, 22181
2026/09/26 00:08:58.376, 22181
2026/09/26 00:08:58.876, 22181
2026/09/26 00:08:59.376, 22181
2026/09/26 00:08:59.877, 22181
2026/09/26 00:09:00.377, 22181
2026/09/26 00:09:00.877, 22181
2026/09/26 00:09:01.377, 22181
2026/09/26 00:09:01.877, 22181
2026/09/26 00:09:02.377, 22181
2026/09/26 00:09:02.877, 22181
2026/09/26 00:09:03.378, 22181
2026/09/26 00:09:03.878, 22181
2026/09/26 00:09:04.378, 22181
2026/09/26 00:09:04.878, 22181
2026/09/26 00:09:05.378, 22181
2026/09/26 00:09:05.878, 22181
2026/09/26 00:09:06.379, 22181
2026/09/26 00:09:06.879, 22181
2026/09/26 00:09:07.379, 22181
2026/09/26 00:09:07.879, 22181
2026/09/26 00:09:08.379, 22181
2026/09/26 00:09:08.880, 22181
2026/09/26 00:09:09.380, 22181
2026/09/26 00:09:09.880, 22181
2026/09/26 00:09:10.380, 22181
2026/09/26 00:09:10.880, 22181
2026/09/26 00:09:11.380, 22181
2026/09/26 00:09:11.881, 22181
2026/09/26 00:09:12.381, 22181
2026/09/26 00:09:12.881, 22181
2026/09/26 00:09:13.381, 22181
2026/09/26 00:09:13.881, 22181
2026/09/26 00:09:14.381, 22181
2026/09/26 00:09:14.881, 22181
2026/09/26 00:09:15.382, 22181
2026/09/26 00:09:15.882, 22181
2026/09/26 00:09:16.382, 22181
2026/09/26 00:09:16.882, 22181
2026/09/26 00:09:17.382, 22181
2026/09/26 00:09:17.882, 22181
2026/09/26 00:09:18.382, 22181
2026/09/26 00:09:18.883, 22181
2026/09/26 00:09:19.383, 22181
2026/09/26 00:09:19.883, 22181
2026/09/26 00:09:20.383, 22181
2026/09/26 00:09:20.883, 22181
2026/09/26 00:09:21.383, 22181
2026/09/26 00:09:21.883, 22181
2026/09/26 00:09:22.384, 22181
2026/09/26 00:09:22.884, 22181
2026/09/26 00:09:23.384, 22181
2026/09/26 00:09:23.884, 22181
2026/09/26 00:09:24.384, 22181
2026/09/26 00:09:24.884, 22181
2026/09/26 00:09:25.384, 22181
2026/09/26 00:09:25.885, 22181
2026/09/26 00:09:26.385, 22181
2026/09/26 00:09:26.885, 22181
2026/09/26 00:09:27.385, 22181
2026/09/26 00:09:27.885, 22181
2026/09/26 00:09:28.385, 22181
2026/09/26 00:09:28.885, 22181
2026/09/26 00:09:29.386, 22181
2026/09/26 00:09:29.886, 22181
2026/09/26 00:09:30.386, 22181
2026/09/26 00:09:30.886, 22181
2026/09/26 00:09:31.386, 22181
2026/09/26 00:09:31.886, 22181
2026/09/26 00:09:32.386, 22181
2026/09/26 00:09:32.887, 22181
2026/09/26 00:09:33.387, 22181
2026/09/26 00:09:33.887, 22181
2026/09/26 00:09:34.387, 22181
2026/09/26 00:09:34.887, 22181
2026/09/26 00:09:35.387, 22181
2026/09/26 00:09:35.887, 22181
2026/09/26 00:09:36.388, 22181
2026/09/26 00:09:36.888, 22181
2026/09/26 00:09:37.388, 22181
2026/09/26 00:09:37.888, 22181
2026/09/26 00:09:38.388, 22181
2026/09/26 00:09:38.888, 22181
2026/09/26 00:09:39.388, 22181
2026/09/26 00:09:39.889, 22181
2026/09/26 00:09:40.389, 22181
2026/09/26 00:09:40.889, 22181
2026/09/26 00:09:41.389, 22181
2026/09/26 00:09:41.889, 22181
2026/09/26 00:09:42.389, 22181
2026/09/26 00:09:42.890, 22181
2026/09/26 00:09:43.390, 22181
2026/09/26 00:09:43.890, 22181
2026/09/26 00:09:44.390, 22181
2026/09/26 00:09:44.890, 22181
2026/09/26 00:09:45.390, 22181
2026/09/26 00:09:45.890, 22181
2026/09/26 00:09:46.391, 22181
2026/09/26 00:09:46.891, 22181
2026/09/26 00:09:47.391, 22181
2026/09/26 00:09:47.891, 22181
2026/09/26 00:09:48.391, 22181
2026/09/26 00:09:48.891, 22181
2026/09/26 00:09:49.392, 22181
2026/09/26 00:09:49.892, 22181
2026/09/26 00:09:50.392, 22181
2026/09/26 00:09:50.892, 22181
2026/09/26 00:09:51.392, 22181
2026/09/26 00:09:51.892, 22181
2026/09/26 00:09:52.393, 22181
2026/09/26 00:09:52.893, 22181
2026/09/26 00:09:53.393, 22181
2026/09/26 00:09:53.893, 22181
2026/09/26 00:09:54.393, 22181
2026/09/26 00:09:54.893, 22181
2026/09/26 00:09:55.393, 22181
2026/09/26 00:09:55.894, 22181
2026/09/26 00:09:56.394, 22181
2026/09/26 00:09:56.894, 22181
2026/09/26 00:09:57.394, 22181
2026/09/26 00:09:57.894, 22181
2026/09/26 00:09:58.394, 22181
2026/09/26 00:09:58.895, 22181
2026/09/26 00:09:59.395, 22181
2026/09/26 00:09:59.895, 22181
2026/09/26 00:10:00.395, 22181
2026/09/26 00:10:00.895, 22181
2026/09/26 00:10:01.395, 22181
2026/09/26 00:10:01.896, 22181
2026/09/26 00:10:02.396, 22181
2026/09/26 00:10:02.896, 22181
2026/09/26 00:10:03.396, 22181
2026/09/26 00:10:03.896, 22181
2026/09/26 00:10:04.396, 22181
2026/09/26 00:10:04.896, 22181
2026/09/26 00:10:05.397, 22181
2026/09/26 00:10:05.897, 22181
2026/09/26 00:10:06.397, 22181
2026/09/26 00:10:06.897, 22181
2026/09/26 00:10:07.397, 22181
2026/09/26 00:10:07.897, 22181
2026/09/26 00:10:08.398, 22181
2026/09/26 00:10:08.898, 22181
2026/09/26 00:10:09.398, 22181
2026/09/26 00:10:09.898, 22181
2026/09/26 00:10:10.398, 22181
2026/09/26 00:10:10.898, 22181
2026/09/26 00:10:11.399, 22181
2026/09/26 00:10:11.899, 22181
2026/09/26 00:10:12.399, 22181
2026/09/26 00:10:12.899, 22181
2026/09/26 00:10:13.399, 22181
2026/09/26 00:10:13.899, 22181
2026/09/26 00:10:14.400, 22181
2026/09/26 00:10:14.900, 22181
2026/09/26 00:10:15.400, 22181
2026/09/26 00:10:15.900, 22181
2026/09/26 00:10:16.400, 22181
2026/09/26 00:10:16.900, 22181
2026/09/26 00:10:17.401, 22181
2026/09/26 00:10:17.901, 22181
2026/09/26 00:10:18.401, 22181
2026/09/26 00:10:18.901, 22181
2026/09/26 00:10:19.401, 22181
2026/09/26 00:10:19.901, 22181
2026/09/26 00:10:20.402, 22181
2026/09/26 00:10:20.902, 22181
2026/09/26 00:10:21.402, 22181
2026/09/26 00:10:21.902, 22181
2026/09/26 00:10:22.402, 22181
2026/09/26 00:10:22.903, 22181
2026/09/26 00:10:23.403, 22181
2026/09/26 00:10:23.903, 22181
2026/09/26 00:10:24.403, 22181
2026/09/26 00:10:24.903, 22181
2026/09/26 00:10:25.403, 22181
2026/09/26 00:10:25.904, 22181
2026/09/26 00:10:26.404, 22181
2026/09/26 00:10:26.904, 22181
2026/09/26 00:10:27.404, 22181
2026/09/26 00:10:27.904, 22181
2026/09/26 00:10:28.404, 22181
2026/09/26 00:10:28.905, 22181
2026/09/26 00:10:29.405, 22181
2026/09/26 00:10:29.905, 22181
2026/09/26 00:10:30.405, 22181
2026/09/26 00:10:30.905, 22181
2026/09/26 00:10:31.405, 22181
2026/09/26 00:10:31.906, 22181
2026/09/26 00:10:32.406, 22181
2026/09/26 00:10:32.906, 22181
2026/09/26 00:10:33.406, 22181
2026/09/26 00:10:33.906, 22181
2026/09/26 00:10:34.406, 22181
2026/09/26 00:10:34.907, 22181
2026/09/26 00:10:35.407, 22181
2026/09/26 00:10:35.907, 22181
2026/09/26 00:10:36.407, 22181
2026/09/26 00:10:36.907, 22181
2026/09/26 00:10:37.408, 22181
2026/09/26 00:10:37.908, 22181
2026/09/26 00:10:38.408, 22181
2026/09/26 00:10:38.908, 22181
2026/09/26 00:10:39.408, 22181
2026/09/26 00:10:39.908, 22181
2026/09/26 00:10:40.409, 22181
2026/09/26 00:10:40.909, 22181
2026/09/26 00:10:41.409, 22181
2026/09/26 00:10:41.909, 22181
2026/09/26 00:10:42.409, 22181
2026/09/26 00:10:42.909, 22181
2026/09/26 00:10:43.410, 22181
2026/09/26 00:10:43.910, 22181
2026/09/26 00:10:44.410, 22181
2026/09/26 00:10:44.910, 22181
2026/09/26 00:10:45.410, 22181
2026/09/26 00:10:45.910, 22181
2026/09/26 00:10:46.411, 22181
2026/09/26 00:10:46.911, 22181
2026/09/26 00:10:47.411, 22181
2026/09/26 00:10:47.911, 22181
2026/09/26 00:10:48.411, 22181
2026/09/26 00:10:48.911, 22181
2026/09/26 00:10:49.412, 22181
2026/09/26 00:10:49.912, 22181
2026/09/26 00:10:50.412, 22181
2026/09/26 00:10:50.912, 22181
2026/09/26 00:10:51.412, 22181
2026/09/26 00:10:51.912, 22181
2026/09/26 00:10:52.413, 22181
2026/09/26 00:10:52.913, 22181
2026/09/26 00:10:53.413, 22181
2026/09/26 00:10:53.913, 22181
2026/09/26 00:10:54.413, 22181
2026/09/26 00:10:54.913, 22181
2026/09/26 00:10:55.413, 22181
2026/09/26 00:10:55.914, 22181
2026/09/26 00:10:56.414, 22181
2026/09/26 00:10:56.914, 22181
2026/09/26 00:10:57.414, 22181
2026/09/26 00:10:57.914, 22181
2026/09/26 00:10:58.414, 22181
2026/09/26 00:10:58.915, 22181
2026/09/26 00:10:59.415, 22181
2026/09/26 00:10:59.915, 22181
2026/09/26 00:11:00.415, 22181
2026/09/26 00:11:00.915, 22181
2026/09/26 00:11:01.415, 22181
2026/09/26 00:11:01.916, 22181
2026/09/26 00:11:02.416, 22181
2026/09/26 00:11:02.916, 22181
2026/09/26 00:11:03.416, 22181
2026/09/26 00:11:03.916, 22181
2026/09/26 00:11:04.416, 22181
2026/09/26 00:11:04.916, 22181
2026/09/26 00:11:05.417, 22181
2026/09/26 00:11:05.917, 22181
2026/09/26 00:11:06.417, 22181
2026/09/26 00:11:06.917, 22181
2026/09/26 00:11:07.417, 22181
2026/09/26 00:11:07.917, 22181
2026/09/26 00:11:08.417, 22181
2026/09/26 00:11:08.918, 22181
2026/09/26 00:11:09.418, 22181
2026/09/26 00:11:09.918, 22181
2026/09/26 00:11:10.418, 22181
2026/09/26 00:11:10.918, 22181
2026/09/26 00:11:11.418, 22181
2026/09/26 00:11:11.919, 22181
2026/09/26 00:11:12.419, 22181
2026/09/26 00:11:12.919, 22181
2026/09/26 00:11:13.419, 22181
2026/09/26 00:11:13.919, 22181
2026/09/26 00:11:14.419, 22181
2026/09/26 00:11:14.920, 22181
2026/09/26 00:11:15.420, 22181
2026/09/26 00:11:15.920, 22181
2026/09/26 00:11:16.420, 22181
2026/09/26 00:11:16.920, 22181
2026/09/26 00:11:17.420, 22181
2026/09/26 00:11:17.920, 22181
2026/09/26 00:11:18.421, 22181
2026/09/26 00:11:18.921, 22181
2026/09/26 00:11:19.421, 22181
2026/09/26 00:11:19.921, 22181
2026/09/26 00:11:20.421, 22181
2026/09/26 00:11:20.921, 22181
2026/09/26 00:11:21.422, 22181
2026/09/26 00:11:21.922, 22181
2026/09/26 00:11:22.422, 22181
2026/09/26 00:11:22.922, 22181
2026/09/26 00:11:23.422, 22181
2026/09/26 00:11:23.922, 22181
2026/09/26 00:11:24.422, 22181
2026/09/26 00:11:24.923, 22181
2026/09/26 00:11:25.423, 22181
2026/09/26 00:11:25.923, 22181
2026/09/26 00:11:26.423, 22181
2026/09/26 00:11:26.924, 22181
2026/09/26 00:11:27.424, 22181
2026/09/26 00:11:27.924, 22181
2026/09/26 00:11:28.424, 22181
2026/09/26 00:11:28.924, 22181
2026/09/26 00:11:29.424, 22181
2026/09/26 00:11:29.924, 22181
2026/09/26 00:11:30.425, 22181
2026/09/26 00:11:30.925, 22181
2026/09/26 00:11:31.425, 22181
2026/09/26 00:11:31.925, 22181
2026/09/26 00:11:32.425, 22181
2026/09/26 00:11:32.925, 22181
2026/09/26 00:11:33.426, 22181
2026/09/26 00:11:33.926, 22181
2026/09/26 00:11:34.426, 22181
2026/09/26 00:11:34.926, 22181
2026/09/26 00:11:35.426, 22181
2026/09/26 00:11:35.926, 22181
2026/09/26 00:11:36.426, 22181
2026/09/26 00:11:36.927, 22181
2026/09/26 00:11:37.427, 22181
2026/09/26 00:11:37.927, 22181
2026/09/26 00:11:38.427, 22181
2026/09/26 00:11:38.927, 22181
2026/09/26 00:11:39.427, 22181
2026/09/26 00:11:39.928, 22181
2026/09/26 00:11:40.428, 22181
2026/09/26 00:11:40.928, 22181
2026/09/26 00:11:41.428, 22181
2026/09/26 00:11:41.928, 22181
2026/09/26 00:11:42.428, 22181
2026/09/26 00:11:42.928, 22181
2026/09/26 00:11:43.429, 22181
2026/09/26 00:11:43.929, 22181
2026/09/26 00:11:44.429, 22181
2026/09/26 00:11:44.929, 22181
2026/09/26 00:11:45.429, 22181
2026/09/26 00:11:45.929, 22181
2026/09/26 00:11:46.429, 22181
2026/09/26 00:11:46.930, 22181
2026/09/26 00:11:47.430, 22181
2026/09/26 00:11:47.930, 22181
2026/09/26 00:11:48.430, 22181
2026/09/26 00:11:48.930, 22181
2026/09/26 00:11:49.430, 22181
2026/09/26 00:11:49.930, 22181
2026/09/26 00:11:50.431, 22181
2026/09/26 00:11:50.931, 22181
2026/09/26 00:11:51.431, 22181
2026/09/26 00:11:51.931, 22181
2026/09/26 00:11:52.431, 22181
2026/09/26 00:11:52.931, 22181
2026/09/26 00:11:53.431, 22181
2026/09/26 00:11:53.931, 22181
2026/09/26 00:11:54.432, 22181
2026/09/26 00:11:54.932, 22181
2026/09/26 00:11:55.432, 22181
2026/09/26 00:11:55.932, 22181
2026/09/26 00:11:56.432, 22181
2026/09/26 00:11:56.932, 22181
2026/09/26 00:11:57.432, 22181
2026/09/26 00:11:57.933, 22181
2026/09/26 00:11:58.433, 22181
2026/09/26 00:11:58.933, 22181
2026/09/26 00:11:59.433, 22181
2026/09/26 00:11:59.933, 22181
2026/09/26 00:12:00.433, 22181
2026/09/26 00:12:00.933, 22181
2026/09/26 00:12:01.434, 22181
2026/09/26 00:12:01.934, 22181
2026/09/26 00:12:02.434, 22181
2026/09/26 00:12:02.934, 22181
2026/09/26 00:12:03.434, 22181
2026/09/26 00:12:03.934, 22181
2026/09/26 00:12:04.434, 22181
2026/09/26 00:12:04.935, 22181
2026/09/26 00:12:05.435, 22181
2026/09/26 00:12:05.935, 22181
2026/09/26 00:12:06.435, 22181
2026/09/26 00:12:06.935, 22181
2026/09/26 00:12:07.435, 22181
2026/09/26 00:12:07.936, 22181
2026/09/26 00:12:08.436, 22181
2026/09/26 00:12:08.936, 22181
2026/09/26 00:12:09.436, 22181
2026/09/26 00:12:09.936, 22181
2026/09/26 00:12:10.436, 22181
2026/09/26 00:12:10.937, 22181
2026/09/26 00:12:11.437, 22181
2026/09/26 00:12:11.937, 22181
2026/09/26 00:12:12.437, 22181
2026/09/26 00:12:12.937, 22181
2026/09/26 00:12:13.437, 22181
2026/09/26 00:12:13.938, 22181
2026/09/26 00:12:14.438, 22181
2026/09/26 00:12:14.938, 22181
2026/09/26 00:12:15.438, 22181
2026/09/26 00:12:15.938, 22181
2026/09/26 00:12:16.438, 22181
2026/09/26 00:12:16.939, 22181
2026/09/26 00:12:17.439, 22181
2026/09/26 00:12:17.939, 22181
2026/09/26 00:12:18.439, 22181
2026/09/26 00:12:18.939, 22181
2026/09/26 00:12:19.439, 22181
2026/09/26 00:12:19.939, 22181
2026/09/26 00:12:20.440, 22181
2026/09/26 00:12:20.940, 22181
2026/09/26 00:12:21.440, 22181
2026/09/26 00:12:21.940, 22181
2026/09/26 00:12:22.441, 22181
2026/09/26 00:12:22.941, 22181
2026/09/26 00:12:23.441, 22181
2026/09/26 00:12:23.941, 22181
2026/09/26 00:12:24.441, 22181
2026/09/26 00:12:24.941, 22181
2026/09/26 00:12:25.441, 22181
2026/09/26 00:12:25.942, 22181
2026/09/26 00:12:26.442, 22181
2026/09/26 00:12:26.942, 22181
2026/09/26 00:12:27.442, 22181
2026/09/26 00:12:27.942, 22181
2026/09/26 00:12:28.442, 22181
2026/09/26 00:12:28.943, 22181
2026/09/26 00:12:29.443, 22181
2026/09/26 00:12:29.943, 22181
2026/09/26 00:12:30.443, 22181
2026/09/26 00:12:30.943, 22181
2026/09/26 00:12:31.444, 22181
2026/09/26 00:12:31.944, 22181
2026/09/26 00:12:32.444, 22181
2026/09/26 00:12:32.944, 22181
2026/09/26 00:12:33.444, 22181
2026/09/26 00:12:33.944, 22181
2026/09/26 00:12:34.445, 22181
2026/09/26 00:12:34.945, 22181
2026/09/26 00:12:35.445, 22181
2026/09/26 00:12:35.945, 22181
2026/09/26 00:12:36.445, 22181
2026/09/26 00:12:36.945, 22181
2026/09/26 00:12:37.446, 22181
2026/09/26 00:12:37.946, 22181
2026/09/26 00:12:38.446, 22181
2026/09/26 00:12:38.946, 22181
2026/09/26 00:12:39.446, 22181
2026/09/26 00:12:39.947, 22181
2026/09/26 00:12:40.447, 22181
2026/09/26 00:12:40.947, 22181
2026/09/26 00:12:41.447, 22181
2026/09/26 00:12:41.947, 22181
2026/09/26 00:12:42.447, 22181
2026/09/26 00:12:42.948, 22181
2026/09/26 00:12:43.448, 22181
2026/09/26 00:12:43.948, 22181
2026/09/26 00:12:44.448, 22181
2026/09/26 00:12:44.948, 22181
2026/09/26 00:12:45.448, 22181
2026/09/26 00:12:45.949, 22181
2026/09/26 00:12:46.449, 22181
2026/09/26 00:12:46.949, 22181
2026/09/26 00:12:47.449, 22181
2026/09/26 00:12:47.949, 22181
2026/09/26 00:12:48.449, 22181
2026/09/26 00:12:48.949, 22181
2026/09/26 00:12:49.450, 22181
2026/09/26 00:12:49.950, 22181
2026/09/26 00:12:50.450, 22181
2026/09/26 00:12:50.950, 22181
2026/09/26 00:12:51.450, 22181
2026/09/26 00:12:51.950, 22181
2026/09/26 00:12:52.451, 22181
2026/09/26 00:12:52.951, 22181
2026/09/26 00:12:53.451, 22181
2026/09/26 00:12:53.951, 22181
2026/09/26 00:12:54.451, 22181
2026/09/26 00:12:54.951, 22181
2026/09/26 00:12:55.451, 22181
2026/09/26 00:12:55.952, 22181
2026/09/26 00:12:56.452, 22181
2026/09/26 00:12:56.952, 22181
2026/09/26 00:12:57.452, 22181
2026/09/26 00:12:57.952, 22181
2026/09/26 00:12:58.452, 22181
2026/09/26 00:12:58.953, 22181
2026/09/26 00:12:59.453, 22181
2026/09/26 00:12:59.953, 22181
2026/09/26 00:13:00.453, 22181
2026/09/26 00:13:00.953, 22181
2026/09/26 00:13:01.453, 22181
2026/09/26 00:13:01.953, 22181
2026/09/26 00:13:02.454, 22181
2026/09/26 00:13:02.954, 22181
2026/09/26 00:13:03.454, 22181
2026/09/26 00:13:03.955, 22181
2026/09/26 00:13:04.455, 22181
2026/09/26 00:13:04.955, 22181
2026/09/26 00:13:05.455, 22181
2026/09/26 00:13:05.955, 22181
2026/09/26 00:13:06.462, 22181
2026/09/26 00:13:06.962, 22181
2026/09/26 00:13:07.462, 22181
2026/09/26 00:13:07.962, 22181
2026/09/26 00:13:08.463, 22181
2026/09/26 00:13:08.963, 22181
2026/09/26 00:13:09.463, 22181
2026/09/26 00:13:09.963, 22181
2026/09/26 00:13:10.463, 22181
2026/09/26 00:13:10.963, 22181
2026/09/26 00:13:11.472, 22181
2026/09/26 00:13:11.972, 22181
2026/09/26 00:13:12.472, 22181
2026/09/26 00:13:12.973, 22181
2026/09/26 00:13:13.473, 22181
2026/09/26 00:13:13.973, 22181
2026/09/26 00:13:14.473, 22181
2026/09/26 00:13:14.973, 22181
2026/09/26 00:13:15.473, 22181
2026/09/26 00:13:15.974, 22181
2026/09/26 00:13:16.474, 22181
2026/09/26 00:13:16.974, 22181
2026/09/26 00:13:17.474, 22181
2026/09/26 00:13:17.974, 22181
2026/09/26 00:13:18.474, 22181
2026/09/26 00:13:18.975, 22181
2026/09/26 00:13:19.475, 22181
2026/09/26 00:13:19.975, 22181
2026/09/26 00:13:20.475, 22181
2026/09/26 00:13:20.975, 22181
2026/09/26 00:13:21.475, 22181
2026/09/26 00:13:21.975, 22181
2026/09/26 00:13:22.476, 22181
2026/09/26 00:13:22.976, 22181
2026/09/26 00:13:23.476, 22181
2026/09/26 00:13:23.976, 22181
2026/09/26 00:13:24.476, 22181
2026/09/26 00:13:24.976, 22181
2026/09/26 00:13:25.477, 22181
2026/09/26 00:13:25.977, 22181
2026/09/26 00:13:26.477, 22181
2026/09/26 00:13:26.977, 22181
2026/09/26 00:13:27.477, 22181
2026/09/26 00:13:27.977, 22181
2026/09/26 00:13:28.478, 22181
2026/09/26 00:13:28.978, 22181
2026/09/26 00:13:29.478, 22181
2026/09/26 00:13:29.978, 22181
2026/09/26 00:13:30.478, 22181
2026/09/26 00:13:30.978, 22181
2026/09/26 00:13:31.479, 22181
2026/09/26 00:13:31.979, 22181
2026/09/26 00:13:32.479, 22181
2026/09/26 00:13:32.979, 22181
2026/09/26 00:13:33.479, 22181
2026/09/26 00:13:33.979, 22181
2026/09/26 00:13:34.479, 22181
2026/09/26 00:13:34.980, 22181
2026/09/26 00:13:35.480, 22181
2026/09/26 00:13:35.980, 22181
2026/09/26 00:13:36.480, 22181
2026/09/26 00:13:36.980, 22181
2026/09/26 00:13:37.480, 22181
2026/09/26 00:13:37.980, 22181
2026/09/26 00:13:38.481, 22181
2026/09/26 00:13:38.981, 22181
2026/09/26 00:13:39.481, 22181
2026/09/26 00:13:39.981, 22181
2026/09/26 00:13:40.481, 22181
2026/09/26 00:13:40.981, 22181
2026/09/26 00:13:41.481, 22181
2026/09/26 00:13:41.982, 22181
2026/09/26 00:13:42.482, 22181
2026/09/26 00:13:42.982, 22181
2026/09/26 00:13:43.482, 22181
2026/09/26 00:13:43.982, 22181
2026/09/26 00:13:44.483, 22181
2026/09/26 00:13:44.983, 22181
2026/09/26 00:13:45.483, 22181
2026/09/26 00:13:45.983, 22181
2026/09/26 00:13:46.483, 22181
2026/09/26 00:13:46.983, 22181
2026/09/26 00:13:47.483, 22181
2026/09/26 00:13:47.984, 22181
2026/09/26 00:13:48.484, 22181
2026/09/26 00:13:48.984, 22181
2026/09/26 00:13:49.484, 22181
2026/09/26 00:13:49.984, 22181
2026/09/26 00:13:50.484, 22181
2026/09/26 00:13:50.985, 22181
2026/09/26 00:13:51.485, 22181
2026/09/26 00:13:51.985, 22181
2026/09/26 00:13:52.485, 22181
2026/09/26 00:13:52.985, 22181
2026/09/26 00:13:53.485, 22181
2026/09/26 00:13:53.985, 22181
2026/09/26 00:13:54.486, 22181
2026/09/26 00:13:54.986, 22181
2026/09/26 00:13:55.486, 22181
2026/09/26 00:13:55.986, 22181
2026/09/26 00:13:56.486, 22181
2026/09/26 00:13:56.986, 22181
2026/09/26 00:13:57.487, 22181
2026/09/26 00:13:57.987, 22181
2026/09/26 00:13:58.487, 22181
2026/09/26 00:13:58.987, 22181
2026/09/26 00:13:59.487, 22181
2026/09/26 00:13:59.987, 22181
2026/09/26 00:14:00.487, 22181
2026/09/26 00:14:00.988, 22181
2026/09/26 00:14:01.488, 22181
2026/09/26 00:14:01.988, 22181
2026/09/26 00:14:02.488, 22181
2026/09/26 00:14:02.988, 22181
2026/09/26 00:14:03.488, 22181
2026/09/26 00:14:03.988, 22181
2026/09/26 00:14:04.489, 22181
2026/09/26 00:14:04.989, 22181
2026/09/26 00:14:05.489, 22181
2026/09/26 00:14:05.989, 22181
2026/09/26 00:14:06.489, 22181
2026/09/26 00:14:06.989, 22181
2026/09/26 00:14:07.489, 22181
2026/09/26 00:14:07.990, 22181
2026/09/26 00:14:08.490, 22181
2026/09/26 00:14:08.990, 22181
2026/09/26 00:14:09.490, 22181
2026/09/26 00:14:09.990, 22181
2026/09/26 00:14:10.490, 22181
2026/09/26 00:14:10.990, 22181
2026/09/26 00:14:11.491, 22181
2026/09/26 00:14:11.991, 22181
2026/09/26 00:14:12.491, 22181
2026/09/26 00:14:12.991, 22181
2026/09/26 00:14:13.491, 22181
2026/09/26 00:14:13.991, 22181
2026/09/26 00:14:14.492, 22181
2026/09/26 00:14:14.992, 22181
2026/09/26 00:14:15.492, 22181
2026/09/26 00:14:15.992, 22181
2026/09/26 00:14:16.492, 22181
2026/09/26 00:14:16.992, 22181
2026/09/26 00:14:17.493, 22181
2026/09/26 00:14:17.993, 22181
2026/09/26 00:14:18.493, 22181
2026/09/26 00:14:18.993, 22181
2026/09/26 00:14:19.493, 22181
2026/09/26 00:14:19.993, 22181
2026/09/26 00:14:20.494, 22181
2026/09/26 00:14:20.994, 22181
2026/09/26 00:14:21.494, 22181
2026/09/26 00:14:21.994, 22181
2026/09/26 00:14:22.495, 22181
2026/09/26 00:14:22.995, 22181
2026/09/26 00:14:23.495, 22181
2026/09/26 00:14:23.995, 22181
2026/09/26 00:14:24.495, 22181
2026/09/26 00:14:24.995, 22181
2026/09/26 00:14:25.496, 22181
2026/09/26 00:14:25.996, 22181
2026/09/26 00:14:26.496, 22181
2026/09/26 00:14:26.996, 22181
2026/09/26 00:14:27.496, 22181
2026/09/26 00:14:27.997, 22181
2026/09/26 00:14:28.497, 22181
2026/09/26 00:14:28.997, 22181
2026/09/26 00:14:29.497, 22181
2026/09/26 00:14:29.997, 22181
2026/09/26 00:14:30.497, 22181
2026/09/26 00:14:30.998, 22181
2026/09/26 00:14:31.498, 22181
2026/09/26 00:14:31.998, 22181
2026/09/26 00:14:32.498, 22181
2026/09/26 00:14:32.998, 22181
2026/09/26 00:14:33.498, 22181
2026/09/26 00:14:33.999, 22181
2026/09/26 00:14:34.499, 22181
2026/09/26 00:14:34.999, 22181
2026/09/26 00:14:35.499, 22181
2026/09/26 00:14:35.999, 22181
2026/09/26 00:14:36.499, 22181
2026/09/26 00:14:36.999, 22181
2026/09/26 00:14:37.500, 22181
2026/09/26 00:14:38.000, 22181
2026/09/26 00:14:38.500, 22181
2026/09/26 00:14:39.000, 22181
2026/09/26 00:14:39.500, 22181
2026/09/26 00:14:40.000, 22181
2026/09/26 00:14:40.501, 22181
2026/09/26 00:14:41.001, 22181
2026/09/26 00:14:41.501, 22181
2026/09/26 00:14:42.001, 22181
2026/09/26 00:14:42.501, 22181
2026/09/26 00:14:43.001, 22181
2026/09/26 00:14:43.502, 22181
2026/09/26 00:14:44.002, 22181
2026/09/26 00:14:44.502, 22181
2026/09/26 00:14:45.002, 22181
2026/09/26 00:14:45.502, 22181
2026/09/26 00:14:46.002, 22181
2026/09/26 00:14:46.503, 22181
2026/09/26 00:14:47.003, 22181
2026/09/26 00:14:47.503, 22181
2026/09/26 00:14:48.003, 22181
2026/09/26 00:14:48.503, 22181
2026/09/26 00:14:49.003, 22181
2026/09/26 00:14:49.503, 22181
2026/09/26 00:14:50.004, 22181
2026/09/26 00:14:50.504, 22181
2026/09/26 00:14:51.004, 22181
2026/09/26 00:14:51.504, 22181
2026/09/26 00:14:52.004, 22181
2026/09/26 00:14:52.504, 22181
2026/09/26 00:14:53.005, 22181
2026/09/26 00:14:53.505, 22181
2026/09/26 00:14:54.005, 22181
2026/09/26 00:14:54.505, 22181
2026/09/26 00:14:55.005, 22181
2026/09/26 00:14:55.505, 22181
2026/09/26 00:14:56.006, 22181
2026/09/26 00:14:56.506, 22181
2026/09/26 00:14:57.006, 22181
2026/09/26 00:14:57.506, 22181
2026/09/26 00:14:58.006, 22181
2026/09/26 00:14:58.506, 22181
2026/09/26 00:14:59.006, 22181
2026/09/26 00:14:59.507, 22181
2026/09/26 00:15:00.007, 22181
2026/09/26 00:15:00.507, 22181
2026/09/26 00:15:01.007, 22181
2026/09/26 00:15:01.507, 22181
2026/09/26 00:15:02.007, 22181
2026/09/26 00:15:02.507, 22181
2026/09/26 00:15:03.008, 22181
2026/09/26 00:15:03.508, 22181
2026/09/26 00:15:04.008, 22181
2026/09/26 00:15:04.508, 22181
2026/09/26 00:15:05.008, 22181
2026/09/26 00:15:05.508, 22181
2026/09/26 00:15:06.008, 22181
2026/09/26 00:15:06.509, 22181
2026/09/26 00:15:07.009, 22181
2026/09/26 00:15:07.509, 22181
2026/09/26 00:15:08.009, 22181
2026/09/26 00:15:08.509, 22181
2026/09/26 00:15:09.009, 22181
2026/09/26 00:15:09.510, 22181
2026/09/26 00:15:10.010, 22181
2026/09/26 00:15:10.510, 22181
2026/09/26 00:15:11.010, 22181
2026/09/26 00:15:11.510, 22181
2026/09/26 00:15:12.010, 22181
2026/09/26 00:15:12.510, 22181
2026/09/26 00:15:13.011, 22181
2026/09/26 00:15:13.511, 22181
2026/09/26 00:15:14.011, 22181
2026/09/26 00:15:14.511, 22181
2026/09/26 00:15:15.011, 22181
2026/09/26 00:15:15.511, 22181
2026/09/26 00:15:16.012, 22181
2026/09/26 00:15:16.512, 22181
2026/09/26 00:15:17.012, 22181
2026/09/26 00:15:17.512, 22181
2026/09/26 00:15:18.012, 22181
2026/09/26 00:15:18.512, 22181
2026/09/26 00:15:19.013, 22181
2026/09/26 00:15:19.513, 22181
2026/09/26 00:15:20.013, 22181
2026/09/26 00:15:20.513, 22181
2026/09/26 00:15:21.013, 22181
2026/09/26 00:15:21.513, 22181
2026/09/26 00:15:22.013, 22181
2026/09/26 00:15:22.514, 22181
2026/09/26 00:15:23.014, 22181
2026/09/26 00:15:23.514, 22181
2026/09/26 00:15:24.014, 22181
2026/09/26 00:15:24.514, 22181
2026/09/26 00:15:25.014, 22181
2026/09/26 00:15:25.515, 22181
2026/09/26 00:15:26.015, 22181
2026/09/26 00:15:26.515, 22181
2026/09/26 00:15:27.015, 22181
2026/09/26 00:15:27.515, 22181
2026/09/26 00:15:28.015, 22181
2026/09/26 00:15:28.516, 22181
2026/09/26 00:15:29.016, 22181
2026/09/26 00:15:29.516, 22181
2026/09/26 00:15:30.016, 22181
2026/09/26 00:15:30.516, 22181
2026/09/26 00:15:31.016, 22181
2026/09/26 00:15:31.517, 22181
2026/09/26 00:15:32.017, 22181
2026/09/26 00:15:32.517, 22181
2026/09/26 00:15:33.017, 22181
2026/09/26 00:15:33.517, 22181
2026/09/26 00:15:34.017, 22181
2026/09/26 00:15:34.518, 22181
2026/09/26 00:15:35.018, 22181
2026/09/26 00:15:35.518, 22181
2026/09/26 00:15:36.018, 22181
2026/09/26 00:15:36.518, 22181
2026/09/26 00:15:37.018, 22181
2026/09/26 00:15:37.519, 22181
2026/09/26 00:15:38.019, 22181
2026/09/26 00:15:38.519, 22181
2026/09/26 00:15:39.019, 22181
2026/09/26 00:15:39.519, 22181
2026/09/26 00:15:40.019, 22181
2026/09/26 00:15:40.520, 22181
2026/09/26 00:15:41.020, 22181
2026/09/26 00:15:41.520, 22181
2026/09/26 00:15:42.020, 22181
2026/09/26 00:15:42.520, 22181
2026/09/26 00:15:43.020, 22181
2026/09/26 00:15:43.521, 22181
2026/09/26 00:15:44.021, 22181
2026/09/26 00:15:44.521, 22181
2026/09/26 00:15:45.021, 22181
2026/09/26 00:15:45.521, 22181
2026/09/26 00:15:46.022, 22181
2026/09/26 00:15:46.522, 22181
2026/09/26 00:15:47.022, 22181
2026/09/26 00:15:47.522, 22181
2026/09/26 00:15:48.022, 22181
2026/09/26 00:15:48.522, 22181
2026/09/26 00:15:49.023, 22181
2026/09/26 00:15:49.523, 22181
2026/09/26 00:15:50.023, 22181
2026/09/26 00:15:50.523, 22181
2026/09/26 00:15:51.023, 22181
2026/09/26 00:15:51.523, 22181
2026/09/26 00:15:52.024, 22181
2026/09/26 00:15:52.524, 22181
2026/09/26 00:15:53.024, 22181
2026/09/26 00:15:53.524, 22181
2026/09/26 00:15:54.024, 22181
2026/09/26 00:15:54.524, 22181
2026/09/26 00:15:55.024, 22181
2026/09/26 00:15:55.525, 22181
2026/09/26 00:15:56.025, 22181
2026/09/26 00:15:56.525, 22181
2026/09/26 00:15:57.025, 22181
2026/09/26 00:15:57.525, 22181
2026/09/26 00:15:58.025, 22181
2026/09/26 00:15:58.526, 22181
2026/09/26 00:15:59.026, 22181
2026/09/26 00:15:59.526, 22181
2026/09/26 00:16:00.026, 22181
2026/09/26 00:16:00.526, 22181
2026/09/26 00:16:01.026, 22181
2026/09/26 00:16:01.527, 22181
2026/09/26 00:16:02.027, 22181
2026/09/26 00:16:02.527, 22181
2026/09/26 00:16:03.027, 22181
2026/09/26 00:16:03.527, 22181
2026/09/26 00:16:04.027, 22181
2026/09/26 00:16:04.527, 22181
2026/09/26 00:16:05.028, 22181
2026/09/26 00:16:05.528, 22181
2026/09/26 00:16:06.028, 22181
2026/09/26 00:16:06.528, 22181
2026/09/26 00:16:07.028, 22181
2026/09/26 00:16:07.528, 22181
2026/09/26 00:16:08.029, 22181
2026/09/26 00:16:08.529, 22181
2026/09/26 00:16:09.029, 22181
2026/09/26 00:16:09.529, 22181
2026/09/26 00:16:10.029, 22181
2026/09/26 00:16:10.529, 22181
2026/09/26 00:16:11.029, 22181
2026/09/26 00:16:11.530, 22181
2026/09/26 00:16:12.030, 22181
2026/09/26 00:16:12.530, 22181
2026/09/26 00:16:13.030, 22181
2026/09/26 00:16:13.530, 22181
2026/09/26 00:16:14.030, 22181
2026/09/26 00:16:14.531, 22181
2026/09/26 00:16:15.031, 22181
2026/09/26 00:16:15.531, 22181
2026/09/26 00:16:16.031, 22181
2026/09/26 00:16:16.532, 22181
2026/09/26 00:16:17.032, 22181
2026/09/26 00:16:17.532, 22181
2026/09/26 00:16:18.032, 22181
2026/09/26 00:16:18.532, 22181
2026/09/26 00:16:19.032, 22181
2026/09/26 00:16:19.532, 22181
2026/09/26 00:16:20.033, 22181
2026/09/26 00:16:20.533, 22181
2026/09/26 00:16:21.033, 22181
2026/09/26 00:16:21.533, 22181
2026/09/26 00:16:22.033, 22181
2026/09/26 00:16:22.533, 22181
2026/09/26 00:16:23.034, 22181
2026/09/26 00:16:23.534, 22181
2026/09/26 00:16:24.034, 22181
2026/09/26 00:16:24.534, 22181
2026/09/26 00:16:25.034, 22181
2026/09/26 00:16:25.534, 22181
2026/09/26 00:16:26.034, 22181
2026/09/26 00:16:26.535, 22181
2026/09/26 00:16:27.035, 22181
2026/09/26 00:16:27.535, 22181
2026/09/26 00:16:28.035, 22181
2026/09/26 00:16:28.535, 22181
2026/09/26 00:16:29.035, 22181
2026/09/26 00:16:29.535, 22181
2026/09/26 00:16:30.036, 22181
2026/09/26 00:16:30.536, 22181
2026/09/26 00:16:31.036, 22181
2026/09/26 00:16:31.536, 22181
2026/09/26 00:16:32.041, 22181
2026/09/26 00:16:32.541, 22181
2026/09/26 00:16:33.042, 22181
2026/09/26 00:16:33.542, 22181
2026/09/26 00:16:34.042, 22181
2026/09/26 00:16:34.542, 22181
2026/09/26 00:16:35.042, 22181
2026/09/26 00:16:35.542, 22181
2026/09/26 00:16:36.042, 22181
2026/09/26 00:16:36.542, 22181
2026/09/26 00:16:37.043, 22181
2026/09/26 00:16:37.543, 22181
2026/09/26 00:16:38.043, 22181
2026/09/26 00:16:38.543, 22181
2026/09/26 00:16:39.043, 22181
2026/09/26 00:16:39.543, 22181
2026/09/26 00:16:40.044, 22181
2026/09/26 00:16:40.544, 22181
2026/09/26 00:16:41.044, 22181
2026/09/26 00:16:41.544, 22181
2026/09/26 00:16:42.044, 22181
2026/09/26 00:16:42.544, 22181
2026/09/26 00:16:43.044, 22181
2026/09/26 00:16:43.545, 22181
2026/09/26 00:16:44.045, 22181
2026/09/26 00:16:44.545, 22181
2026/09/26 00:16:45.045, 22181
2026/09/26 00:16:45.545, 22181
2026/09/26 00:16:46.045, 22181
2026/09/26 00:16:46.546, 22181
2026/09/26 00:16:47.046, 22181
2026/09/26 00:16:47.546, 22181
2026/09/26 00:16:48.046, 22181
2026/09/26 00:16:48.546, 22181
2026/09/26 00:16:49.046, 22181
2026/09/26 00:16:49.546, 22181
2026/09/26 00:16:50.047, 22181
2026/09/26 00:16:50.547, 22181
2026/09/26 00:16:51.047, 22181
2026/09/26 00:16:51.547, 22181
2026/09/26 00:16:52.047, 22181
2026/09/26 00:16:52.547, 22181
2026/09/26 00:16:53.048, 22181
2026/09/26 00:16:53.548, 22181
2026/09/26 00:16:54.048, 22181
2026/09/26 00:16:54.548, 22181
2026/09/26 00:16:55.048, 22181
2026/09/26 00:16:55.548, 22181
2026/09/26 00:16:56.048, 22181
2026/09/26 00:16:56.549, 22181
2026/09/26 00:16:57.049, 22181
2026/09/26 00:16:57.549, 22181
2026/09/26 00:16:58.049, 22181
2026/09/26 00:16:58.549, 22181
2026/09/26 00:16:59.050, 22181
2026/09/26 00:16:59.550, 22181
2026/09/26 00:17:00.050, 22181
2026/09/26 00:17:00.550, 22181
2026/09/26 00:17:01.050, 22181
2026/09/26 00:17:01.550, 22181
2026/09/26 00:17:02.050, 22181
2026/09/26 00:17:02.551, 22181
2026/09/26 00:17:03.051, 22181
2026/09/26 00:17:03.551, 22181
2026/09/26 00:17:04.051, 22181
2026/09/26 00:17:04.551, 22181
2026/09/26 00:17:05.051, 22181
2026/09/26 00:17:05.552, 22181
2026/09/26 00:17:06.052, 22181
2026/09/26 00:17:06.552, 22181
2026/09/26 00:17:07.052, 22181
2026/09/26 00:17:07.552, 22181
2026/09/26 00:17:08.052, 22181
2026/09/26 00:17:08.553, 22181
2026/09/26 00:17:09.053, 22181
2026/09/26 00:17:09.553, 22181
2026/09/26 00:17:10.053, 22181
2026/09/26 00:17:10.553, 22181
2026/09/26 00:17:11.053, 22181
2026/09/26 00:17:11.553, 22181
2026/09/26 00:17:12.054, 22181
2026/09/26 00:17:12.554, 22181
2026/09/26 00:17:13.054, 22181
2026/09/26 00:17:13.554, 22181
2026/09/26 00:17:14.054, 22181
2026/09/26 00:17:14.554, 22181
2026/09/26 00:17:15.055, 22181
2026/09/26 00:17:15.555, 22181
2026/09/26 00:17:16.055, 22181
2026/09/26 00:17:16.555, 22181
2026/09/26 00:17:17.055, 22181
2026/09/26 00:17:17.555, 22181
2026/09/26 00:17:18.056, 22181
2026/09/26 00:17:18.556, 22181
2026/09/26 00:17:19.056, 22181
2026/09/26 00:17:19.556, 22181
2026/09/26 00:17:20.056, 22181
2026/09/26 00:17:20.556, 22181
2026/09/26 00:17:21.057, 22181
2026/09/26 00:17:21.557, 22181
2026/09/26 00:17:22.057, 22181
2026/09/26 00:17:22.557, 22181
2026/09/26 00:17:23.057, 22181
2026/09/26 00:17:23.557, 22181
2026/09/26 00:17:24.058, 22181
2026/09/26 00:17:24.558, 22181
2026/09/26 00:17:25.058, 22181
2026/09/26 00:17:25.558, 22181
2026/09/26 00:17:26.058, 22181
2026/09/26 00:17:26.558, 22181
2026/09/26 00:17:27.058, 22181
2026/09/26 00:17:27.559, 22181
2026/09/26 00:17:28.059, 22181
2026/09/26 00:17:28.559, 22181
2026/09/26 00:17:29.059, 22181
2026/09/26 00:17:29.559, 22181
2026/09/26 00:17:30.059, 22181
2026/09/26 00:17:30.560, 22181
2026/09/26 00:17:31.060, 22181
2026/09/26 00:17:31.560, 22181
2026/09/26 00:17:32.060, 22181
2026/09/26 00:17:32.560, 22181
2026/09/26 00:17:33.060, 22181
2026/09/26 00:17:33.560, 22181
2026/09/26 00:17:34.061, 22181
2026/09/26 00:17:34.561, 22181
2026/09/26 00:17:35.061, 22181
2026/09/26 00:17:35.561, 22181
2026/09/26 00:17:36.061, 22181
2026/09/26 00:17:36.562, 22181
2026/09/26 00:17:37.062, 22181
2026/09/26 00:17:37.562, 22181
2026/09/26 00:17:38.062, 22181
2026/09/26 00:17:38.562, 22181
2026/09/26 00:17:39.062, 22181
2026/09/26 00:17:39.563, 22181
2026/09/26 00:17:40.063, 22181
2026/09/26 00:17:40.563, 22181
2026/09/26 00:17:41.063, 22181
2026/09/26 00:17:41.563, 22181
2026/09/26 00:17:42.063, 22181
2026/09/26 00:17:42.564, 22181
2026/09/26 00:17:43.064, 22181
2026/09/26 00:17:43.564, 22181
2026/09/26 00:17:44.064, 22181
2026/09/26 00:17:44.564, 22181
2026/09/26 00:17:45.064, 22181
2026/09/26 00:17:45.565, 22181
2026/09/26 00:17:46.065, 22181
2026/09/26 00:17:46.565, 22181
2026/09/26 00:17:47.065, 22181
2026/09/26 00:17:47.565, 22181
2026/09/26 00:17:48.065, 22181
2026/09/26 00:17:48.566, 22181
2026/09/26 00:17:49.066, 22181
2026/09/26 00:17:49.566, 22181
2026/09/26 00:17:50.066, 22181
2026/09/26 00:17:50.566, 22181
2026/09/26 00:17:51.066, 22181
2026/09/26 00:17:51.566, 22181
2026/09/26 00:17:52.067, 22181
2026/09/26 00:17:52.567, 22181
2026/09/26 00:17:53.067, 22181
2026/09/26 00:17:53.567, 22181
2026/09/26 00:17:54.067, 22181
2026/09/26 00:17:54.567, 22181
2026/09/26 00:17:55.068, 22181
2026/09/26 00:17:55.568, 22181
2026/09/26 00:17:56.068, 22181
2026/09/26 00:17:56.568, 22181
2026/09/26 00:17:57.068, 22181
2026/09/26 00:17:57.568, 22181
2026/09/26 00:17:58.069, 22181
2026/09/26 00:17:58.569, 22181
2026/09/26 00:17:59.069, 22181
2026/09/26 00:17:59.569, 22181
2026/09/26 00:18:00.069, 22181
2026/09/26 00:18:00.569, 22181
2026/09/26 00:18:01.070, 22181
2026/09/26 00:18:01.570, 22181
2026/09/26 00:18:02.070, 22181
2026/09/26 00:18:02.570, 22181
2026/09/26 00:18:03.070, 22181
2026/09/26 00:18:03.570, 22181
2026/09/26 00:18:04.071, 22181
2026/09/26 00:18:04.571, 22181
2026/09/26 00:18:05.071, 22181
2026/09/26 00:18:05.571, 22181
2026/09/26 00:18:06.071, 22181
2026/09/26 00:18:06.571, 22181
2026/09/26 00:18:07.071, 22181
2026/09/26 00:18:07.572, 22181
2026/09/26 00:18:08.072, 22181
2026/09/26 00:18:08.572, 22181
2026/09/26 00:18:09.072, 22181
2026/09/26 00:18:09.572, 22181
2026/09/26 00:18:10.072, 22181
2026/09/26 00:18:10.573, 22181
2026/09/26 00:18:11.073, 22181
2026/09/26 00:18:11.573, 22181
2026/09/26 00:18:12.073, 22181
2026/09/26 00:18:12.573, 22181
2026/09/26 00:18:13.073, 22181
2026/09/26 00:18:13.574, 22181
2026/09/26 00:18:14.074, 22181
2026/09/26 00:18:14.574, 22181
2026/09/26 00:18:15.074, 22181
2026/09/26 00:18:15.574, 22181
2026/09/26 00:18:16.074, 22181
2026/09/26 00:18:16.575, 22181
2026/09/26 00:18:17.075, 22181
2026/09/26 00:18:17.575, 22181
2026/09/26 00:18:18.075, 22181
2026/09/26 00:18:18.575, 22181
2026/09/26 00:18:19.075, 22181
2026/09/26 00:18:19.576, 22181
2026/09/26 00:18:20.076, 22181
2026/09/26 00:18:20.576, 22181
2026/09/26 00:18:21.076, 22181
2026/09/26 00:18:21.576, 22181
2026/09/26 00:18:22.077, 22181
2026/09/26 00:18:22.577, 22181
2026/09/26 00:18:23.077, 22181
2026/09/26 00:18:23.577, 22181
2026/09/26 00:18:24.077, 22181
2026/09/26 00:18:24.577, 22181
2026/09/26 00:18:25.078, 22181
2026/09/26 00:18:25.578, 22181
2026/09/26 00:18:26.078, 22181
2026/09/26 00:18:26.578, 22181
2026/09/26 00:18:27.078, 22181
2026/09/26 00:18:27.578, 22181
2026/09/26 00:18:28.078, 22181
2026/09/26 00:18:28.579, 22181
2026/09/26 00:18:29.079, 22181
2026/09/26 00:18:29.579, 22181
2026/09/26 00:18:30.079, 22181
2026/09/26 00:18:30.580, 22181
2026/09/26 00:18:31.080, 22181
2026/09/26 00:18:31.580, 22181
2026/09/26 00:18:32.080, 22181
2026/09/26 00:18:32.580, 22181
2026/09/26 00:18:33.080, 22181
2026/09/26 00:18:33.580, 22181
2026/09/26 00:18:34.081, 22181
2026/09/26 00:18:34.581, 22181
2026/09/26 00:18:35.081, 22181
2026/09/26 00:18:35.581, 22181
2026/09/26 00:18:36.081, 22181
2026/09/26 00:18:36.581, 22181
2026/09/26 00:18:37.082, 22181
2026/09/26 00:18:37.582, 22181
2026/09/26 00:18:38.082, 22181
2026/09/26 00:18:38.582, 22181
2026/09/26 00:18:39.082, 22181
2026/09/26 00:18:39.582, 22181
2026/09/26 00:18:40.083, 22181
2026/09/26 00:18:40.583, 22181
2026/09/26 00:18:41.083, 22181
2026/09/26 00:18:41.583, 22181
2026/09/26 00:18:42.083, 22181
2026/09/26 00:18:42.583, 22181
2026/09/26 00:18:43.083, 22181
2026/09/26 00:18:43.584, 22181
2026/09/26 00:18:44.084, 22181
2026/09/26 00:18:44.584, 22181
2026/09/26 00:18:45.084, 22181
2026/09/26 00:18:45.584, 22181
2026/09/26 00:18:46.084, 22181
2026/09/26 00:18:46.585, 22181
2026/09/26 00:18:47.085, 22181
2026/09/26 00:18:47.585, 22181
2026/09/26 00:18:48.085, 22181
2026/09/26 00:18:48.585, 22181
2026/09/26 00:18:49.085, 22181
2026/09/26 00:18:49.586, 22181
2026/09/26 00:18:50.086, 22181
2026/09/26 00:18:50.586, 22181
2026/09/26 00:18:51.086, 22181
2026/09/26 00:18:51.586, 22181
2026/09/26 00:18:52.086, 22181
2026/09/26 00:18:52.587, 22181
2026/09/26 00:18:53.087, 22181
2026/09/26 00:18:53.587, 22181
2026/09/26 00:18:54.087, 22181
2026/09/26 00:18:54.587, 22181
2026/09/26 00:18:55.087, 22181
2026/09/26 00:18:55.588, 22181
2026/09/26 00:18:56.088, 22181
2026/09/26 00:18:56.588, 22181
2026/09/26 00:18:57.088, 22181
2026/09/26 00:18:57.588, 22181
2026/09/26 00:18:58.088, 22181
2026/09/26 00:18:58.589, 22181
2026/09/26 00:18:59.089, 22181
2026/09/26 00:18:59.589, 22181
2026/09/26 00:19:00.089, 22181
2026/09/26 00:19:00.589, 22181
2026/09/26 00:19:01.089, 22181
2026/09/26 00:19:01.590, 22181
2026/09/26 00:19:02.090, 22181
2026/09/26 00:19:02.590, 22181
2026/09/26 00:19:03.090, 22181
2026/09/26 00:19:03.590, 22181
2026/09/26 00:19:04.090, 22181
2026/09/26 00:19:04.591, 22181
2026/09/26 00:19:05.091, 22181
2026/09/26 00:19:05.591, 22181
2026/09/26 00:19:06.091, 22181
2026/09/26 00:19:06.591, 22181
2026/09/26 00:19:07.091, 22181
2026/09/26 00:19:07.592, 22181
2026/09/26 00:19:08.092, 22181
2026/09/26 00:19:08.592, 22181
2026/09/26 00:19:09.092, 22181
2026/09/26 00:19:09.592, 22181
2026/09/26 00:19:10.093, 22181
2026/09/26 00:19:10.593, 22181
2026/09/26 00:19:11.093, 22181
2026/09/26 00:19:11.593, 22181
2026/09/26 00:19:12.093, 22181
2026/09/26 00:19:12.593, 22181
2026/09/26 00:19:13.094, 22181
2026/09/26 00:19:13.594, 22181
2026/09/26 00:19:14.094, 22181
2026/09/26 00:19:14.594, 22181
2026/09/26 00:19:15.094, 22181
2026/09/26 00:19:15.594, 22181
2026/09/26 00:19:16.095, 22181
2026/09/26 00:19:16.595, 22181
2026/09/26 00:19:17.095, 22181
2026/09/26 00:19:17.595, 22181
2026/09/26 00:19:18.095, 22181
2026/09/26 00:19:18.595, 22181
2026/09/26 00:19:19.096, 22181
2026/09/26 00:19:19.596, 22181
2026/09/26 00:19:20.096, 22181
2026/09/26 00:19:20.596, 22181
2026/09/26 00:19:21.096, 22181
2026/09/26 00:19:21.596, 22181
2026/09/26 00:19:22.097, 22181
2026/09/26 00:19:22.597, 22181
2026/09/26 00:19:23.097, 22181
2026/09/26 00:19:23.597, 22181
2026/09/26 00:19:24.097, 22181
2026/09/26 00:19:24.597, 22181
2026/09/26 00:19:25.098, 22181
2026/09/26 00:19:25.598, 22181
2026/09/26 00:19:26.098, 22181
2026/09/26 00:19:26.598, 22181
2026/09/26 00:19:27.098, 22181
2026/09/26 00:19:27.598, 22181
2026/09/26 00:19:28.099, 22181
2026/09/26 00:19:28.599, 22181
2026/09/26 00:19:29.099, 22181
2026/09/26 00:19:29.599, 22181
2026/09/26 00:19:30.099, 22181
2026/09/26 00:19:30.599, 22181
2026/09/26 00:19:31.100, 22181
2026/09/26 00:19:31.600, 22181
2026/09/26 00:19:32.100, 22181
2026/09/26 00:19:32.600, 22181
2026/09/26 00:19:33.100, 22181
2026/09/26 00:19:33.601, 22181
2026/09/26 00:19:34.101, 22181
2026/09/26 00:19:34.601, 22181
2026/09/26 00:19:35.101, 22181
2026/09/26 00:19:35.601, 22181
2026/09/26 00:19:36.101, 22181
2026/09/26 00:19:36.601, 22181
2026/09/26 00:19:37.102, 22181
2026/09/26 00:19:37.602, 22181
2026/09/26 00:19:38.102, 22181
2026/09/26 00:19:38.602, 22181
2026/09/26 00:19:39.102, 22181
2026/09/26 00:19:39.602, 22181
2026/09/26 00:19:40.103, 22181
2026/09/26 00:19:40.603, 22181
2026/09/26 00:19:41.103, 22181
2026/09/26 00:19:41.603, 22181
2026/09/26 00:19:42.103, 22181
2026/09/26 00:19:42.611, 22181
2026/09/26 00:19:43.111, 22181
2026/09/26 00:19:43.611, 22181
2026/09/26 00:19:44.111, 22181
2026/09/26 00:19:44.611, 22181
2026/09/26 00:19:45.112, 22181
2026/09/26 00:19:45.612, 22181
2026/09/26 00:19:46.112, 22181
2026/09/26 00:19:46.612, 22181
2026/09/26 00:19:47.112, 22181
2026/09/26 00:19:47.612, 22181
2026/09/26 00:19:48.113, 22181
2026/09/26 00:19:48.613, 22181
2026/09/26 00:19:49.113, 22181
2026/09/26 00:19:49.613, 22181
2026/09/26 00:19:50.113, 22181
2026/09/26 00:19:50.613, 22181
2026/09/26 00:19:51.114, 22181
2026/09/26 00:19:51.614, 22181
2026/09/26 00:19:52.114, 22181
2026/09/26 00:19:52.614, 22181
2026/09/26 00:19:53.114, 22181
2026/09/26 00:19:53.614, 22181
2026/09/26 00:19:54.114, 22181
2026/09/26 00:19:54.615, 22181
2026/09/26 00:19:55.115, 22181
2026/09/26 00:19:55.615, 22181
2026/09/26 00:19:56.115, 22181
2026/09/26 00:19:56.615, 22181
2026/09/26 00:19:57.115, 22181
2026/09/26 00:19:57.616, 22181
2026/09/26 00:19:58.116, 22181
2026/09/26 00:19:58.616, 22181
2026/09/26 00:19:59.116, 22181
2026/09/26 00:19:59.616, 22181
2026/09/26 00:20:00.117, 22181
2026/09/26 00:20:00.617, 22181
2026/09/26 00:20:01.117, 22181
2026/09/26 00:20:01.617, 22181
2026/09/26 00:20:02.117, 22181
2026/09/26 00:20:02.617, 22181
2026/09/26 00:20:03.118, 22181
2026/09/26 00:20:03.618, 22181
2026/09/26 00:20:04.118, 22181
2026/09/26 00:20:04.618, 22181
2026/09/26 00:20:05.119, 22181
2026/09/26 00:20:05.619, 22181
2026/09/26 00:20:06.119, 22181
2026/09/26 00:20:06.619, 22181
2026/09/26 00:20:07.120, 22181
2026/09/26 00:20:07.620, 22181
2026/09/26 00:20:08.120, 22181
2026/09/26 00:20:08.620, 22181
2026/09/26 00:20:09.120, 22181
2026/09/26 00:20:09.621, 22181
2026/09/26 00:20:10.121, 22181
2026/09/26 00:20:10.621, 22181
2026/09/26 00:20:11.121, 22181
2026/09/26 00:20:11.621, 22181
2026/09/26 00:20:12.121, 22181
2026/09/26 00:20:12.622, 22181
2026/09/26 00:20:13.122, 22181
2026/09/26 00:20:13.622, 22181
2026/09/26 00:20:14.122, 22181
2026/09/26 00:20:14.622, 22181
2026/09/26 00:20:15.122, 22181
2026/09/26 00:20:15.623, 22181
2026/09/26 00:20:16.123, 22181
2026/09/26 00:20:16.623, 22181
2026/09/26 00:20:17.123, 22181
2026/09/26 00:20:17.624, 22181
2026/09/26 00:20:18.124, 22181
2026/09/26 00:20:18.624, 22181
2026/09/26 00:20:19.124, 22181
2026/09/26 00:20:19.624, 22181
2026/09/26 00:20:20.124, 22181
2026/09/26 00:20:20.625, 22181
2026/09/26 00:20:21.125, 22181
2026/09/26 00:20:21.625, 22181
2026/09/26 00:20:22.125, 22181
2026/09/26 00:20:22.625, 22181
2026/09/26 00:20:23.125, 22181
2026/09/26 00:20:23.626, 22181
2026/09/26 00:20:24.126, 22181
2026/09/26 00:20:24.626, 22181
2026/09/26 00:20:25.126, 22181
2026/09/26 00:20:25.626, 22181
2026/09/26 00:20:26.126, 22181
2026/09/26 00:20:26.627, 22181
2026/09/26 00:20:27.127, 22181
2026/09/26 00:20:27.627, 22181
2026/09/26 00:20:28.127, 22181
2026/09/26 00:20:28.627, 22181
2026/09/26 00:20:29.128, 22181
2026/09/26 00:20:29.628, 22181
2026/09/26 00:20:30.128, 22181
2026/09/26 00:20:30.628, 22181
2026/09/26 00:20:31.128, 22181
2026/09/26 00:20:31.629, 22181
2026/09/26 00:20:32.129, 22181
2026/09/26 00:20:32.629, 22181
2026/09/26 00:20:33.129, 22181
2026/09/26 00:20:33.629, 22181
2026/09/26 00:20:34.129, 22181
2026/09/26 00:20:34.630, 22181
2026/09/26 00:20:35.130, 22181
2026/09/26 00:20:35.630, 22181
2026/09/26 00:20:36.130, 22181
2026/09/26 00:20:36.630, 22181
2026/09/26 00:20:37.130, 22181
2026/09/26 00:20:37.631, 22181
2026/09/26 00:20:38.131, 22181
2026/09/26 00:20:38.631, 22181
2026/09/26 00:20:39.131, 22181
2026/09/26 00:20:39.631, 22181
2026/09/26 00:20:40.131, 22181
2026/09/26 00:20:40.632, 22181
2026/09/26 00:20:41.132, 22181
2026/09/26 00:20:41.632, 22181
2026/09/26 00:20:42.132, 22181
2026/09/26 00:20:42.632, 22181
2026/09/26 00:20:43.132, 22181
2026/09/26 00:20:43.633, 22181
2026/09/26 00:20:44.133, 22181
2026/09/26 00:20:44.633, 22181
2026/09/26 00:20:45.133, 22181
2026/09/26 00:20:45.633, 22181
2026/09/26 00:20:46.133, 22181
2026/09/26 00:20:46.634, 22181
2026/09/26 00:20:47.134, 22181
2026/09/26 00:20:47.634, 22181
2026/09/26 00:20:48.134, 22181
2026/09/26 00:20:48.634, 22181
2026/09/26 00:20:49.134, 22181
2026/09/26 00:20:49.635, 22181
2026/09/26 00:20:50.135, 22181
2026/09/26 00:20:50.635, 22181
2026/09/26 00:20:51.135, 22181
2026/09/26 00:20:51.635, 22181
2026/09/26 00:20:52.135, 22181
2026/09/26 00:20:52.636, 22181
2026/09/26 00:20:53.136, 22181
2026/09/26 00:20:53.636, 22181
2026/09/26 00:20:54.136, 22181
2026/09/26 00:20:54.636, 22181
2026/09/26 00:20:55.136, 22181
2026/09/26 00:20:55.637, 22181
2026/09/26 00:20:56.137, 22181
2026/09/26 00:20:56.637, 22181
2026/09/26 00:20:57.137, 22181
2026/09/26 00:20:57.637, 22181
2026/09/26 00:20:58.138, 22181
2026/09/26 00:20:58.638, 22181
2026/09/26 00:20:59.138, 22181
2026/09/26 00:20:59.638, 22181
2026/09/26 00:21:00.138, 22181
2026/09/26 00:21:00.638, 22181
2026/09/26 00:21:01.139, 22181
2026/09/26 00:21:01.639, 22181
2026/09/26 00:21:02.139, 22181
2026/09/26 00:21:02.639, 22181
2026/09/26 00:21:03.139, 22181
2026/09/26 00:21:03.639, 22181
2026/09/26 00:21:04.140, 22181
2026/09/26 00:21:04.640, 22181
2026/09/26 00:21:05.140, 22181
2026/09/26 00:21:05.640, 22181
2026/09/26 00:21:06.140, 22181
2026/09/26 00:21:06.640, 22181
2026/09/26 00:21:07.141, 22181
2026/09/26 00:21:07.641, 22181
2026/09/26 00:21:08.141, 22181
2026/09/26 00:21:08.641, 22181
2026/09/26 00:21:09.141, 22181
2026/09/26 00:21:09.641, 22181
2026/09/26 00:21:10.142, 22181
2026/09/26 00:21:10.642, 22181
2026/09/26 00:21:11.142, 22181
2026/09/26 00:21:11.642, 22181
2026/09/26 00:21:12.142, 22181
2026/09/26 00:21:12.642, 22181
2026/09/26 00:21:13.143, 22181
2026/09/26 00:21:13.643, 22181
2026/09/26 00:21:14.143, 22181
2026/09/26 00:21:14.643, 22181
2026/09/26 00:21:15.143, 22181
2026/09/26 00:21:15.644, 22181
2026/09/26 00:21:16.144, 22181
2026/09/26 00:21:16.644, 22181
2026/09/26 00:21:17.144, 22181
2026/09/26 00:21:17.644, 22181
2026/09/26 00:21:18.144, 22181
2026/09/26 00:21:18.644, 22181
2026/09/26 00:21:19.145, 22181
2026/09/26 00:21:19.645, 22181
2026/09/26 00:21:20.145, 22181
2026/09/26 00:21:20.645, 22181
2026/09/26 00:21:21.145, 22181
2026/09/26 00:21:21.645, 22181
2026/09/26 00:21:22.146, 22181
2026/09/26 00:21:22.646, 22181
2026/09/26 00:21:23.146, 22181
2026/09/26 00:21:23.646, 22181
2026/09/26 00:21:24.146, 22181
2026/09/26 00:21:24.646, 22181
2026/09/26 00:21:25.146, 22181
2026/09/26 00:21:25.647, 22181
2026/09/26 00:21:26.147, 22181
2026/09/26 00:21:26.647, 22181
2026/09/26 00:21:27.147, 22181
2026/09/26 00:21:27.647, 22181
2026/09/26 00:21:28.147, 22181
2026/09/26 00:21:28.648, 22181
2026/09/26 00:21:29.148, 22181
2026/09/26 00:21:29.648, 22181
2026/09/26 00:21:30.148, 22181
2026/09/26 00:21:30.648, 22181
2026/09/26 00:21:31.148, 22181
2026/09/26 00:21:31.649, 22181
2026/09/26 00:21:32.149, 22181
2026/09/26 00:21:32.649, 22181
2026/09/26 00:21:33.149, 22181
2026/09/26 00:21:33.649, 22181
2026/09/26 00:21:34.149, 22181
2026/09/26 00:21:34.650, 22181
2026/09/26 00:21:35.150, 22181
2026/09/26 00:21:35.650, 22181
2026/09/26 00:21:36.150, 22181
2026/09/26 00:21:36.650, 22181
2026/09/26 00:21:37.150, 22181
2026/09/26 00:21:37.651, 22181
2026/09/26 00:21:38.151, 22181
2026/09/26 00:21:38.651, 22181
2026/09/26 00:21:39.151, 22181
2026/09/26 00:21:39.651, 22181
2026/09/26 00:21:40.151, 22181
2026/09/26 00:21:40.652, 22181
2026/09/26 00:21:41.152, 22181
2026/09/26 00:21:41.652, 22181
2026/09/26 00:21:42.152, 22181
2026/09/26 00:21:42.652, 22181
2026/09/26 00:21:43.152, 22181
2026/09/26 00:21:43.653, 22181
2026/09/26 00:21:44.153, 22181
2026/09/26 00:21:44.653, 22181
2026/09/26 00:21:45.153, 22181
2026/09/26 00:21:45.653, 22181
2026/09/26 00:21:46.154, 22181
2026/09/26 00:21:46.654, 22181
2026/09/26 00:21:47.154, 22181
2026/09/26 00:21:47.654, 22181
2026/09/26 00:21:48.154, 22181
2026/09/26 00:21:48.654, 22181
2026/09/26 00:21:49.154, 22181
2026/09/26 00:21:49.655, 22181
2026/09/26 00:21:50.155, 22181
2026/09/26 00:21:50.655, 22181
2026/09/26 00:21:51.155, 22181
2026/09/26 00:21:51.655, 22181
2026/09/26 00:21:52.155, 22181
2026/09/26 00:21:52.655, 22181
2026/09/26 00:21:53.156, 22181
2026/09/26 00:21:53.656, 22181
2026/09/26 00:21:54.156, 22181
2026/09/26 00:21:54.656, 22181
2026/09/26 00:21:55.156, 22181
2026/09/26 00:21:55.656, 22181
2026/09/26 00:21:56.157, 22181
2026/09/26 00:21:56.657, 22181
2026/09/26 00:21:57.157, 22181
2026/09/26 00:21:57.657, 22181
2026/09/26 00:21:58.157, 22181
2026/09/26 00:21:58.657, 22181
2026/09/26 00:21:59.158, 22181
2026/09/26 00:21:59.658, 22181
2026/09/26 00:22:00.158, 22181
2026/09/26 00:22:00.658, 22181
2026/09/26 00:22:01.158, 22181
2026/09/26 00:22:01.658, 22181
2026/09/26 00:22:02.158, 22181
2026/09/26 00:22:02.659, 22181
2026/09/26 00:22:03.159, 22181
2026/09/26 00:22:03.659, 22181
2026/09/26 00:22:04.159, 22181
2026/09/26 00:22:04.659, 22181
2026/09/26 00:22:05.159, 22181
2026/09/26 00:22:05.660, 22181
2026/09/26 00:22:06.160, 22181
2026/09/26 00:22:06.660, 22181
2026/09/26 00:22:07.160, 22181
2026/09/26 00:22:07.660, 22181
2026/09/26 00:22:08.160, 22181
2026/09/26 00:22:08.660, 22181
2026/09/26 00:22:09.161, 22181
2026/09/26 00:22:09.661, 22181
2026/09/26 00:22:10.161, 22181
2026/09/26 00:22:10.661, 22181
2026/09/26 00:22:11.161, 22181
2026/09/26 00:22:11.661, 22181
2026/09/26 00:22:12.162, 22181
2026/09/26 00:22:12.662, 22181
2026/09/26 00:22:13.162, 22181
2026/09/26 00:22:13.662, 22181
2026/09/26 00:22:14.162, 22181
2026/09/26 00:22:14.662, 22181
2026/09/26 00:22:15.162, 22181
2026/09/26 00:22:15.663, 22181
2026/09/26 00:22:16.163, 22181
2026/09/26 00:22:16.663, 22181
2026/09/26 00:22:17.163, 22181
2026/09/26 00:22:17.663, 22181
2026/09/26 00:22:18.163, 22181
2026/09/26 00:22:18.664, 22181
2026/09/26 00:22:19.164, 22181
2026/09/26 00:22:19.664, 22181
2026/09/26 00:22:20.164, 22181
2026/09/26 00:22:20.664, 22181
2026/09/26 00:22:21.164, 22181
2026/09/26 00:22:21.665, 22181
2026/09/26 00:22:22.165, 22181
2026/09/26 00:22:22.665, 22181
2026/09/26 00:22:23.165, 22181
2026/09/26 00:22:23.665, 22181
2026/09/26 00:22:24.165, 22181
2026/09/26 00:22:24.666, 22181
2026/09/26 00:22:25.166, 22181
2026/09/26 00:22:25.666, 22181
2026/09/26 00:22:26.166, 22181
2026/09/26 00:22:26.666, 22181
2026/09/26 00:22:27.166, 22181
2026/09/26 00:22:27.666, 22181
2026/09/26 00:22:28.167, 22181
2026/09/26 00:22:28.667, 22181
2026/09/26 00:22:29.167, 22181
2026/09/26 00:22:29.667, 22181
2026/09/26 00:22:30.167, 22181
2026/09/26 00:22:30.667, 22181
2026/09/26 00:22:31.168, 22181
2026/09/26 00:22:31.668, 22181
2026/09/26 00:22:32.168, 22181
2026/09/26 00:22:32.668, 22181
2026/09/26 00:22:33.168, 22181
2026/09/26 00:22:33.669, 22181
2026/09/26 00:22:34.169, 22181
2026/09/26 00:22:34.669, 22181
2026/09/26 00:22:35.169, 22181
2026/09/26 00:22:35.669, 22181
2026/09/26 00:22:36.169, 22181
2026/09/26 00:22:36.669, 22181
2026/09/26 00:22:37.170, 22181
2026/09/26 00:22:37.670, 22181
2026/09/26 00:22:38.170, 22181
2026/09/26 00:22:38.670, 22181
2026/09/26 00:22:39.170, 22181
2026/09/26 00:22:39.670, 22181
2026/09/26 00:22:40.171, 22181
2026/09/26 00:22:40.671, 22181
2026/09/26 00:22:41.171, 22181
2026/09/26 00:22:41.671, 22181
2026/09/26 00:22:42.171, 22181
2026/09/26 00:22:42.671, 22181
2026/09/26 00:22:43.171, 22181
2026/09/26 00:22:43.672, 22181
2026/09/26 00:22:44.172, 22181
2026/09/26 00:22:44.672, 22181
2026/09/26 00:22:45.172, 22181
2026/09/26 00:22:45.672, 22181
2026/09/26 00:22:46.172, 22181
2026/09/26 00:22:46.672, 22181
2026/09/26 00:22:47.173, 22181
2026/09/26 00:22:47.673, 22181
2026/09/26 00:22:48.173, 22181
2026/09/26 00:22:48.673, 22181
2026/09/26 00:22:49.173, 22181
2026/09/26 00:22:49.673, 22181
2026/09/26 00:22:50.174, 22181
2026/09/26 00:22:50.674, 22181
2026/09/26 00:22:51.174, 22181
2026/09/26 00:22:51.674, 22181
2026/09/26 00:22:52.174, 22181
2026/09/26 00:22:52.674, 22181
2026/09/26 00:22:53.175, 22181
2026/09/26 00:22:53.675, 22181
2026/09/26 00:22:54.175, 22181
2026/09/26 00:22:54.676, 22181
2026/09/26 00:22:55.176, 22181
2026/09/26 00:22:55.676, 22181
2026/09/26 00:22:56.176, 22181
2026/09/26 00:22:56.676, 22181
2026/09/26 00:22:57.176, 22181
2026/09/26 00:22:57.676, 22181
2026/09/26 00:22:58.185, 22181
2026/09/26 00:22:58.685, 22181
2026/09/26 00:22:59.186, 22181
2026/09/26 00:22:59.686, 22181
2026/09/26 00:23:00.186, 22181
2026/09/26 00:23:00.686, 22181
2026/09/26 00:23:01.186, 22181
2026/09/26 00:23:01.686, 22181
2026/09/26 00:23:02.187, 22181
2026/09/26 00:23:02.687, 22181
2026/09/26 00:23:03.187, 22181
2026/09/26 00:23:03.687, 22181
2026/09/26 00:23:04.187, 22181
2026/09/26 00:23:04.687, 22181
2026/09/26 00:23:05.187, 22181
2026/09/26 00:23:05.688, 22181
2026/09/26 00:23:06.188, 22181
2026/09/26 00:23:06.688, 22181
2026/09/26 00:23:07.188, 22181
2026/09/26 00:23:07.688, 22181
2026/09/26 00:23:08.188, 22181
2026/09/26 00:23:08.688, 22181
2026/09/26 00:23:09.189, 22181
2026/09/26 00:23:09.689, 22181
2026/09/26 00:23:10.189, 22181
2026/09/26 00:23:10.689, 22181
2026/09/26 00:23:11.189, 22181
2026/09/26 00:23:11.689, 22181
2026/09/26 00:23:12.189, 22181
2026/09/26 00:23:12.690, 22181
2026/09/26 00:23:13.190, 22181
2026/09/26 00:23:13.690, 22181
2026/09/26 00:23:14.190, 22181
2026/09/26 00:23:14.690, 22181
2026/09/26 00:23:15.190, 22181
2026/09/26 00:23:15.691, 22181
2026/09/26 00:23:16.191, 22181
2026/09/26 00:23:16.691, 22181
2026/09/26 00:23:17.191, 22181
2026/09/26 00:23:17.691, 22181
2026/09/26 00:23:18.191, 22181
2026/09/26 00:23:18.692, 22181
2026/09/26 00:23:19.192, 22181
2026/09/26 00:23:19.692, 22181
2026/09/26 00:23:20.192, 22181
2026/09/26 00:23:20.692, 22181
2026/09/26 00:23:21.192, 22181
2026/09/26 00:23:21.692, 22181
2026/09/26 00:23:22.193, 22181
2026/09/26 00:23:22.693, 22181
2026/09/26 00:23:23.193, 22181
2026/09/26 00:23:23.693, 22181
2026/09/26 00:23:24.193, 22181
2026/09/26 00:23:24.693, 22181
2026/09/26 00:23:25.194, 22181
2026/09/26 00:23:25.694, 22181
2026/09/26 00:23:26.194, 22181
2026/09/26 00:23:26.694, 22181
2026/09/26 00:23:27.194, 22181
2026/09/26 00:23:27.694, 22181
2026/09/26 00:23:28.194, 22181
2026/09/26 00:23:28.695, 22181
2026/09/26 00:23:29.195, 22181
2026/09/26 00:23:29.695, 22181
2026/09/26 00:23:30.195, 22181
2026/09/26 00:23:30.695, 22181
2026/09/26 00:23:31.195, 22181
2026/09/26 00:23:31.696, 22181
2026/09/26 00:23:32.196, 22181
2026/09/26 00:23:32.696, 22181
2026/09/26 00:23:33.196, 22181
2026/09/26 00:23:33.696, 22181
2026/09/26 00:23:34.196, 22181
2026/09/26 00:23:34.696, 22181
2026/09/26 00:23:35.197, 22181
2026/09/26 00:23:35.697, 22181
2026/09/26 00:23:36.197, 22181
2026/09/26 00:23:36.697, 22181
2026/09/26 00:23:37.198, 22181
2026/09/26 00:23:37.698, 22181
2026/09/26 00:23:38.198, 22181
2026/09/26 00:23:38.698, 22181
2026/09/26 00:23:39.198, 22181
2026/09/26 00:23:39.698, 22181
2026/09/26 00:23:40.198, 22181
2026/09/26 00:23:40.699, 22181
2026/09/26 00:23:41.199, 22181
2026/09/26 00:23:41.699, 22181
2026/09/26 00:23:42.199, 22181
2026/09/26 00:23:42.699, 22181
2026/09/26 00:23:43.199, 22181
2026/09/26 00:23:43.699, 22181
2026/09/26 00:23:44.200, 22181
2026/09/26 00:23:44.700, 22181
2026/09/26 00:23:45.200, 22181
2026/09/26 00:23:45.700, 22181
2026/09/26 00:23:46.200, 22181
2026/09/26 00:23:46.700, 22181
2026/09/26 00:23:47.200, 22181
2026/09/26 00:23:47.701, 22181
2026/09/26 00:23:48.201, 22181
2026/09/26 00:23:48.701, 22181
2026/09/26 00:23:49.201, 22181
2026/09/26 00:23:49.701, 22181
2026/09/26 00:23:50.201, 22181
2026/09/26 00:23:50.701, 22181
2026/09/26 00:23:51.202, 22181
2026/09/26 00:23:51.702, 22181
2026/09/26 00:23:52.202, 22181
2026/09/26 00:23:52.702, 22181
2026/09/26 00:23:53.202, 22181
2026/09/26 00:23:53.702, 22181
2026/09/26 00:23:54.203, 22181
2026/09/26 00:23:54.703, 22181
2026/09/26 00:23:55.203, 22181
2026/09/26 00:23:55.703, 22181
2026/09/26 00:23:56.203, 22181
2026/09/26 00:23:56.703, 22181
2026/09/26 00:23:57.203, 22181
2026/09/26 00:23:57.703, 22181
2026/09/26 00:23:58.204, 22181
2026/09/26 00:23:58.704, 22181
2026/09/26 00:23:59.204, 22181
2026/09/26 00:23:59.704, 22181
2026/09/26 00:24:00.204, 22181
2026/09/26 00:24:00.704, 22181
2026/09/26 00:24:01.205, 22181
2026/09/26 00:24:01.705, 22181
2026/09/26 00:24:02.205, 22181
2026/09/26 00:24:02.705, 22181
2026/09/26 00:24:03.205, 22181
2026/09/26 00:24:03.705, 22181
2026/09/26 00:24:04.205, 22181
2026/09/26 00:24:04.706, 22181
2026/09/26 00:24:05.206, 22181
2026/09/26 00:24:05.706, 22181
2026/09/26 00:24:06.206, 22181
2026/09/26 00:24:06.706, 22181
2026/09/26 00:24:07.206, 22181
2026/09/26 00:24:07.706, 22181
2026/09/26 00:24:08.207, 22181
2026/09/26 00:24:08.707, 22181
2026/09/26 00:24:09.207, 22181
2026/09/26 00:24:09.707, 22181
2026/09/26 00:24:10.207, 22181
2026/09/26 00:24:10.707, 22181
2026/09/26 00:24:11.207, 22181
2026/09/26 00:24:11.708, 22181
2026/09/26 00:24:12.208, 22181
2026/09/26 00:24:12.708, 22181
2026/09/26 00:24:13.208, 22181
2026/09/26 00:24:13.708, 22181
2026/09/26 00:24:14.208, 22181
2026/09/26 00:24:14.709, 22181
2026/09/26 00:24:15.209, 22181
2026/09/26 00:24:15.709, 22181
2026/09/26 00:24:16.209, 22181
2026/09/26 00:24:16.709, 22181
2026/09/26 00:24:17.209, 22181
2026/09/26 00:24:17.709, 22181
2026/09/26 00:24:18.210, 22181
2026/09/26 00:24:18.710, 22181
2026/09/26 00:24:19.210, 22181
2026/09/26 00:24:19.710, 22181
2026/09/26 00:24:20.210, 22181
2026/09/26 00:24:20.710, 22181
2026/09/26 00:24:21.210, 22181
2026/09/26 00:24:21.711, 22181
2026/09/26 00:24:22.211, 22181
2026/09/26 00:24:22.711, 22181
2026/09/26 00:24:23.211, 22181
2026/09/26 00:24:23.711, 22181
2026/09/26 00:24:24.211, 22181
2026/09/26 00:24:24.712, 22181
2026/09/26 00:24:25.212, 22181
2026/09/26 00:24:25.712, 22181
2026/09/26 00:24:26.212, 22181
2026/09/26 00:24:26.712, 22181
2026/09/26 00:24:27.212, 22181
2026/09/26 00:24:27.712, 22181
2026/09/26 00:24:28.213, 22181
2026/09/26 00:24:28.713, 22181
2026/09/26 00:24:29.213, 22181
2026/09/26 00:24:29.713, 22181
2026/09/26 00:24:30.213, 22181
2026/09/26 00:24:30.713, 22181
2026/09/26 00:24:31.213, 22181
2026/09/26 00:24:31.714, 22181
2026/09/26 00:24:32.214, 22181
2026/09/26 00:24:32.714, 22181
2026/09/26 00:24:33.214, 22181
2026/09/26 00:24:33.714, 22181
2026/09/26 00:24:34.214, 22181
2026/09/26 00:24:34.714, 22181
2026/09/26 00:24:35.215, 22181
2026/09/26 00:24:35.715, 22181
2026/09/26 00:24:36.215, 22181
2026/09/26 00:24:36.715, 22181
2026/09/26 00:24:37.215, 22181
2026/09/26 00:24:37.715, 22181
2026/09/26 00:24:38.216, 22181
2026/09/26 00:24:38.716, 22181
2026/09/26 00:24:39.216, 22181
2026/09/26 00:24:39.716, 22181
2026/09/26 00:24:40.216, 22181
2026/09/26 00:24:40.716, 22181
2026/09/26 00:24:41.216, 22181
2026/09/26 00:24:41.717, 22181
2026/09/26 00:24:42.217, 22181
2026/09/26 00:24:42.717, 22181
2026/09/26 00:24:43.217, 22181
2026/09/26 00:24:43.717, 22181
2026/09/26 00:24:44.217, 22181
2026/09/26 00:24:44.718, 22181
2026/09/26 00:24:45.218, 22181
2026/09/26 00:24:45.718, 22181
2026/09/26 00:24:46.218, 22181
2026/09/26 00:24:46.718, 22181
2026/09/26 00:24:47.218, 22181
2026/09/26 00:24:47.718, 22181
2026/09/26 00:24:48.219, 22181
2026/09/26 00:24:48.719, 22181
2026/09/26 00:24:49.219, 22181
2026/09/26 00:24:49.719, 22181
2026/09/26 00:24:50.219, 22181
2026/09/26 00:24:50.719, 22181
2026/09/26 00:24:51.219, 22181
2026/09/26 00:24:51.720, 22181
2026/09/26 00:24:52.220, 22181
2026/09/26 00:24:52.720, 22181
2026/09/26 00:24:53.220, 22181
2026/09/26 00:24:53.720, 22181
2026/09/26 00:24:54.220, 22181
2026/09/26 00:24:54.721, 22181
2026/09/26 00:24:55.221, 22181
2026/09/26 00:24:55.721, 22181
2026/09/26 00:24:56.221, 22181
2026/09/26 00:24:56.721, 22181
2026/09/26 00:24:57.221, 22181
2026/09/26 00:24:57.722, 22181
2026/09/26 00:24:58.222, 22181
2026/09/26 00:24:58.722, 22181
2026/09/26 00:24:59.222, 22181
2026/09/26 00:24:59.722, 22181
2026/09/26 00:25:00.222, 22181
2026/09/26 00:25:00.723, 22181
2026/09/26 00:25:01.223, 22181
2026/09/26 00:25:01.723, 22181
2026/09/26 00:25:02.223, 22181
2026/09/26 00:25:02.723, 22181
2026/09/26 00:25:03.223, 22181
2026/09/26 00:25:03.724, 22181
2026/09/26 00:25:04.224, 22181
2026/09/26 00:25:04.724, 22181
2026/09/26 00:25:05.224, 22181
2026/09/26 00:25:05.724, 22181
2026/09/26 00:25:06.224, 22181
2026/09/26 00:25:06.724, 22181
2026/09/26 00:25:07.225, 22181
2026/09/26 00:25:07.725, 22181
2026/09/26 00:25:08.225, 22181
2026/09/26 00:25:08.725, 22181
2026/09/26 00:25:09.225, 22181
2026/09/26 00:25:09.725, 22181
2026/09/26 00:25:10.226, 22181
2026/09/26 00:25:10.726, 22181
2026/09/26 00:25:11.226, 22181
2026/09/26 00:25:11.726, 22181
2026/09/26 00:25:12.226, 22181
2026/09/26 00:25:12.726, 22181
2026/09/26 00:25:13.226, 22181
2026/09/26 00:25:13.727, 22181
2026/09/26 00:25:14.227, 22181
2026/09/26 00:25:14.727, 22181
2026/09/26 00:25:15.227, 22181
2026/09/26 00:25:15.727, 22181
2026/09/26 00:25:16.227, 22181
2026/09/26 00:25:16.728, 22181
2026/09/26 00:25:17.228, 22181
2026/09/26 00:25:17.728, 22181
2026/09/26 00:25:18.228, 22181
2026/09/26 00:25:18.728, 22181
2026/09/26 00:25:19.229, 22181
2026/09/26 00:25:19.729, 22181
2026/09/26 00:25:20.229, 22181
2026/09/26 00:25:20.729, 22181
2026/09/26 00:25:21.229, 22181
2026/09/26 00:25:21.729, 22181
2026/09/26 00:25:22.230, 22181
2026/09/26 00:25:22.730, 22181
2026/09/26 00:25:23.230, 22181
2026/09/26 00:25:23.730, 22181
2026/09/26 00:25:24.230, 22181
2026/09/26 00:25:24.730, 22181
2026/09/26 00:25:25.231, 22181
2026/09/26 00:25:25.731, 22181
2026/09/26 00:25:26.231, 22181
2026/09/26 00:25:26.731, 22181
2026/09/26 00:25:27.231, 22181
2026/09/26 00:25:27.731, 22181
2026/09/26 00:25:28.232, 22181
2026/09/26 00:25:28.732, 22181
2026/09/26 00:25:29.232, 22181
2026/09/26 00:25:29.732, 22181
2026/09/26 00:25:30.232, 22181
2026/09/26 00:25:30.732, 22181
2026/09/26 00:25:31.233, 22181
2026/09/26 00:25:31.733, 22181
2026/09/26 00:25:32.233, 22181
2026/09/26 00:25:32.733, 22181
2026/09/26 00:25:33.233, 22181
2026/09/26 00:25:33.733, 22181
2026/09/26 00:25:34.234, 22181
2026/09/26 00:25:34.734, 22181
2026/09/26 00:25:35.234, 22181
2026/09/26 00:25:35.734, 22181
2026/09/26 00:25:36.234, 22181
2026/09/26 00:25:36.734, 22181
2026/09/26 00:25:37.235, 22181
2026/09/26 00:25:37.735, 22181
2026/09/26 00:25:38.235, 22181
2026/09/26 00:25:38.735, 22181
2026/09/26 00:25:39.235, 22181
2026/09/26 00:25:39.735, 22181
2026/09/26 00:25:40.236, 22181
2026/09/26 00:25:40.736, 22181
2026/09/26 00:25:41.236, 22181
2026/09/26 00:25:41.736, 22181
2026/09/26 00:25:42.236, 22181
2026/09/26 00:25:42.736, 22181
2026/09/26 00:25:43.237, 22181
2026/09/26 00:25:43.737, 22181
2026/09/26 00:25:44.237, 22181
2026/09/26 00:25:44.737, 22181
2026/09/26 00:25:45.237, 22181
2026/09/26 00:25:45.737, 22181
2026/09/26 00:25:46.238, 22181
2026/09/26 00:25:46.738, 22181
2026/09/26 00:25:47.238, 22181
2026/09/26 00:25:47.738, 22181
2026/09/26 00:25:48.238, 22181
2026/09/26 00:25:48.738, 22181
2026/09/26 00:25:49.238, 22181
2026/09/26 00:25:49.739, 22181
2026/09/26 00:25:50.239, 22181
2026/09/26 00:25:50.739, 22181
2026/09/26 00:25:51.239, 22181
2026/09/26 00:25:51.739, 22181
2026/09/26 00:25:52.239, 22181
2026/09/26 00:25:52.740, 22181
2026/09/26 00:25:53.240, 22181
2026/09/26 00:25:53.740, 22181
2026/09/26 00:25:54.240, 22181
2026/09/26 00:25:54.740, 22181
2026/09/26 00:25:55.240, 22181
2026/09/26 00:25:55.741, 22181
2026/09/26 00:25:56.241, 22181
2026/09/26 00:25:56.741, 22181
2026/09/26 00:25:57.241, 22181
2026/09/26 00:25:57.741, 22181
2026/09/26 00:25:58.241, 22181
2026/09/26 00:25:58.742, 22181
2026/09/26 00:25:59.242, 22181
2026/09/26 00:25:59.742, 22181
2026/09/26 00:26:00.242, 22181
2026/09/26 00:26:00.742, 22181
2026/09/26 00:26:01.242, 22181
2026/09/26 00:26:01.743, 22181
2026/09/26 00:26:02.243, 22181
2026/09/26 00:26:02.743, 22181
2026/09/26 00:26:03.243, 22181
2026/09/26 00:26:03.743, 22181
2026/09/26 00:26:04.243, 22181
2026/09/26 00:26:04.743, 22181
2026/09/26 00:26:05.243, 22181
2026/09/26 00:26:05.744, 22181
2026/09/26 00:26:06.244, 22181
2026/09/26 00:26:06.744, 22181
2026/09/26 00:26:07.244, 22181
2026/09/26 00:26:07.744, 22181
2026/09/26 00:26:08.244, 22181
2026/09/26 00:26:08.745, 22181
2026/09/26 00:26:09.245, 22181
2026/09/26 00:26:09.745, 22181
2026/09/26 00:26:10.245, 22181
2026/09/26 00:26:10.745, 22181
2026/09/26 00:26:11.245, 22181
2026/09/26 00:26:11.745, 22181
2026/09/26 00:26:12.246, 22181
2026/09/26 00:26:12.746, 22181
2026/09/26 00:26:13.246, 22181
2026/09/26 00:26:13.746, 22181
2026/09/26 00:26:14.246, 22181
2026/09/26 00:26:14.746, 22181
2026/09/26 00:26:15.247, 22181
2026/09/26 00:26:15.747, 22181
2026/09/26 00:26:16.247, 22181
2026/09/26 00:26:16.747, 22181
2026/09/26 00:26:17.247, 22181
2026/09/26 00:26:17.747, 22181
2026/09/26 00:26:18.247, 22181
2026/09/26 00:26:18.747, 22181
2026/09/26 00:26:19.247, 22181
2026/09/26 00:26:19.748, 22181
2026/09/26 00:26:20.248, 22181
2026/09/26 00:26:20.748, 22181
2026/09/26 00:26:21.248, 22181
2026/09/26 00:26:21.748, 22181
2026/09/26 00:26:22.248, 22181
2026/09/26 00:26:22.749, 22181
2026/09/26 00:26:23.249, 22181
2026/09/26 00:26:23.749, 22181
2026/09/26 00:26:24.249, 22181
2026/09/26 00:26:24.749, 22181
2026/09/26 00:26:25.249, 22181
2026/09/26 00:26:25.749, 22181
2026/09/26 00:26:26.250, 22181
2026/09/26 00:26:26.750, 22181
2026/09/26 00:26:27.250, 22181
2026/09/26 00:26:27.750, 22181
2026/09/26 00:26:28.250, 22181
2026/09/26 00:26:28.750, 22181
2026/09/26 00:26:29.250, 22181
2026/09/26 00:26:29.751, 22181
2026/09/26 00:26:30.251, 22181
2026/09/26 00:26:30.751, 22181
2026/09/26 00:26:31.251, 22181
2026/09/26 00:26:31.751, 22181
2026/09/26 00:26:32.252, 22181
2026/09/26 00:26:32.752, 22181
2026/09/26 00:26:33.252, 22181
2026/09/26 00:26:33.752, 22181
2026/09/26 00:26:34.252, 22181
2026/09/26 00:26:34.752, 22181
2026/09/26 00:26:35.253, 22181
2026/09/26 00:26:35.753, 22181
2026/09/26 00:26:36.253, 22181
2026/09/26 00:26:36.753, 22181
2026/09/26 00:26:37.253, 22181
2026/09/26 00:26:37.753, 22181
2026/09/26 00:26:38.253, 22181
2026/09/26 00:26:38.753, 22181
2026/09/26 00:26:39.254, 22181
2026/09/26 00:26:39.754, 22181
2026/09/26 00:26:40.254, 22181
2026/09/26 00:26:40.754, 22181
2026/09/26 00:26:41.254, 22181
2026/09/26 00:26:41.755, 22181
2026/09/26 00:26:42.255, 22181
2026/09/26 00:26:42.755, 22181
2026/09/26 00:26:43.255, 22181
2026/09/26 00:26:43.755, 22181
2026/09/26 00:26:44.255, 22181
2026/09/26 00:26:44.755, 22181
2026/09/26 00:26:45.256, 22181
2026/09/26 00:26:45.756, 22181
2026/09/26 00:26:46.256, 22181
2026/09/26 00:26:46.756, 22181
2026/09/26 00:26:47.256, 22181
2026/09/26 00:26:47.756, 22181
2026/09/26 00:26:48.257, 22181
2026/09/26 00:26:48.757, 22181
2026/09/26 00:26:49.257, 22181
2026/09/26 00:26:49.757, 22181
2026/09/26 00:26:50.257, 22181
2026/09/26 00:26:50.757, 22181
2026/09/26 00:26:51.257, 22181
2026/09/26 00:26:51.758, 22181
2026/09/26 00:26:52.258, 22181
2026/09/26 00:26:52.758, 22181
2026/09/26 00:26:53.258, 22181
2026/09/26 00:26:53.758, 22181
2026/09/26 00:26:54.258, 22181
2026/09/26 00:26:54.759, 22181
2026/09/26 00:26:55.259, 22181
2026/09/26 00:26:55.759, 22181
2026/09/26 00:26:56.259, 22181
2026/09/26 00:26:56.759, 22181
2026/09/26 00:26:57.259, 22181
2026/09/26 00:26:57.760, 22181
2026/09/26 00:26:58.260, 22181
2026/09/26 00:26:58.760, 22181
2026/09/26 00:26:59.260, 22181
2026/09/26 00:26:59.760, 22181
2026/09/26 00:27:00.260, 22181
2026/09/26 00:27:00.760, 22181
2026/09/26 00:27:01.261, 22181
2026/09/26 00:27:01.761, 22181
2026/09/26 00:27:02.261, 22181
2026/09/26 00:27:02.761, 22181
2026/09/26 00:27:03.261, 22181
2026/09/26 00:27:03.761, 22181
2026/09/26 00:27:04.262, 22181
2026/09/26 00:27:04.762, 22181
2026/09/26 00:27:05.262, 22181
2026/09/26 00:27:05.762, 22181
2026/09/26 00:27:06.262, 22181
2026/09/26 00:27:06.762, 22181
2026/09/26 00:27:07.263, 22181
2026/09/26 00:27:07.763, 22181
2026/09/26 00:27:08.263, 22181
2026/09/26 00:27:08.763, 22181
2026/09/26 00:27:09.263, 22181
2026/09/26 00:27:09.763, 22181
2026/09/26 00:27:10.264, 22181
2026/09/26 00:27:10.764, 22181
2026/09/26 00:27:11.264, 22181
2026/09/26 00:27:11.764, 22181
2026/09/26 00:27:12.264, 22181
2026/09/26 00:27:12.764, 22181
2026/09/26 00:27:13.265, 22181
2026/09/26 00:27:13.765, 22181
2026/09/26 00:27:14.265, 22181
2026/09/26 00:27:14.765, 22181
2026/09/26 00:27:15.265, 22181
2026/09/26 00:27:15.765, 22181
2026/09/26 00:27:16.266, 22181
2026/09/26 00:27:16.766, 22181
2026/09/26 00:27:17.266, 22181
2026/09/26 00:27:17.766, 22181
2026/09/26 00:27:18.266, 22181
2026/09/26 00:27:18.766, 22181
2026/09/26 00:27:19.266, 22181
2026/09/26 00:27:19.767, 22181
2026/09/26 00:27:20.267, 22181
2026/09/26 00:27:20.767, 22181
2026/09/26 00:27:21.267, 22181
2026/09/26 00:27:21.767, 22181
2026/09/26 00:27:22.267, 22181
2026/09/26 00:27:22.768, 22181
2026/09/26 00:27:23.268, 22181
2026/09/26 00:27:23.768, 22181
2026/09/26 00:27:24.268, 22181
2026/09/26 00:27:24.768, 22181
2026/09/26 00:27:25.268, 22181
2026/09/26 00:27:25.768, 22181
2026/09/26 00:27:26.269, 22181
2026/09/26 00:27:26.769, 22181
2026/09/26 00:27:27.269, 22181
2026/09/26 00:27:27.769, 22181
2026/09/26 00:27:28.269, 22181
2026/09/26 00:27:28.769, 22181
2026/09/26 00:27:29.270, 22181
2026/09/26 00:27:29.770, 22181
2026/09/26 00:27:30.270, 22181
2026/09/26 00:27:30.770, 22181
2026/09/26 00:27:31.270, 22181
2026/09/26 00:27:31.770, 22181
2026/09/26 00:27:32.270, 22181
2026/09/26 00:27:32.771, 22181
2026/09/26 00:27:33.271, 22181
2026/09/26 00:27:33.771, 22181
2026/09/26 00:27:34.271, 22181
2026/09/26 00:27:34.771, 22181
2026/09/26 00:27:35.272, 22181
2026/09/26 00:27:35.772, 22181
2026/09/26 00:27:36.272, 22181
2026/09/26 00:27:36.772, 22181
2026/09/26 00:27:37.272, 22181
2026/09/26 00:27:37.772, 22181
2026/09/26 00:27:38.273, 22181
2026/09/26 00:27:38.773, 22181
2026/09/26 00:27:39.273, 22181
2026/09/26 00:27:39.773, 22181
2026/09/26 00:27:40.273, 22181
2026/09/26 00:27:40.773, 22181
2026/09/26 00:27:41.273, 22181
2026/09/26 00:27:41.774, 22181
2026/09/26 00:27:42.274, 22181
2026/09/26 00:27:42.774, 22181
2026/09/26 00:27:43.274, 22181
2026/09/26 00:27:43.774, 22181
2026/09/26 00:27:44.274, 22181
2026/09/26 00:27:44.774, 22181
2026/09/26 00:27:45.275, 22181
2026/09/26 00:27:45.775, 22181
2026/09/26 00:27:46.275, 22181
2026/09/26 00:27:46.775, 22181
2026/09/26 00:27:47.275, 22181
2026/09/26 00:27:47.775, 22181
2026/09/26 00:27:48.275, 22181
2026/09/26 00:27:48.776, 22181
2026/09/26 00:27:49.276, 22181
2026/09/26 00:27:49.776, 22181
2026/09/26 00:27:50.276, 22181
2026/09/26 00:27:50.776, 22181
2026/09/26 00:27:51.276, 22181
2026/09/26 00:27:51.777, 22181
2026/09/26 00:27:52.277, 22181
2026/09/26 00:27:52.777, 22181
2026/09/26 00:27:53.277, 22181
2026/09/26 00:27:53.777, 22181
2026/09/26 00:27:54.277, 22181
2026/09/26 00:27:54.778, 22181
2026/09/26 00:27:55.278, 22181
2026/09/26 00:27:55.778, 22181
2026/09/26 00:27:56.278, 22181
2026/09/26 00:27:56.778, 22181
2026/09/26 00:27:57.278, 22181
2026/09/26 00:27:57.778, 22181
2026/09/26 00:27:58.279, 22181
2026/09/26 00:27:58.779, 22181
2026/09/26 00:27:59.279, 22181
2026/09/26 00:27:59.779, 22181
2026/09/26 00:28:00.279, 22181
2026/09/26 00:28:00.779, 22181
2026/09/26 00:28:01.280, 22181
2026/09/26 00:28:01.780, 22181
2026/09/26 00:28:02.280, 22181
2026/09/26 00:28:02.780, 22181
2026/09/26 00:28:03.280, 22181
2026/09/26 00:28:03.780, 22181
2026/09/26 00:28:04.281, 22181
2026/09/26 00:28:04.781, 22181
2026/09/26 00:28:05.281, 22181
2026/09/26 00:28:05.781, 22181
2026/09/26 00:28:06.281, 22181
2026/09/26 00:28:06.781, 22181
2026/09/26 00:28:07.282, 22181
2026/09/26 00:28:07.782, 22181
2026/09/26 00:28:08.282, 22181
2026/09/26 00:28:08.782, 22181
2026/09/26 00:28:09.282, 22181
2026/09/26 00:28:09.782, 22181
2026/09/26 00:28:10.283, 22181
2026/09/26 00:28:10.783, 22181
2026/09/26 00:28:11.283, 22181
2026/09/26 00:28:11.783, 22181
2026/09/26 00:28:12.284, 22181
2026/09/26 00:28:12.784, 22181
2026/09/26 00:28:13.284, 22181
2026/09/26 00:28:13.784, 22181
2026/09/26 00:28:14.284, 22181
2026/09/26 00:28:14.784, 22181
2026/09/26 00:28:15.284, 22181
2026/09/26 00:28:15.785, 22181
2026/09/26 00:28:16.285, 22181
2026/09/26 00:28:16.785, 22181
2026/09/26 00:28:17.285, 22181
2026/09/26 00:28:17.785, 22181
2026/09/26 00:28:18.285, 22181
2026/09/26 00:28:18.786, 22181
2026/09/26 00:28:19.286, 22181
2026/09/26 00:28:19.786, 22181
2026/09/26 00:28:20.286, 22181
2026/09/26 00:28:20.786, 22181
2026/09/26 00:28:21.286, 22181
2026/09/26 00:28:21.787, 22181
2026/09/26 00:28:22.287, 22181
2026/09/26 00:28:22.787, 22181
2026/09/26 00:28:23.287, 22181
2026/09/26 00:28:23.787, 22181
2026/09/26 00:28:24.287, 22181
2026/09/26 00:28:24.787, 22181
2026/09/26 00:28:25.288, 22181
2026/09/26 00:28:25.788, 22181
2026/09/26 00:28:26.288, 22181
2026/09/26 00:28:26.788, 22181
2026/09/26 00:28:27.288, 22181
2026/09/26 00:28:27.788, 22181
2026/09/26 00:28:28.289, 22181
2026/09/26 00:28:28.789, 22181
2026/09/26 00:28:29.289, 22181
2026/09/26 00:28:29.789, 22181
2026/09/26 00:28:30.289, 22181
2026/09/26 00:28:30.789, 22181
2026/09/26 00:28:31.289, 22181
2026/09/26 00:28:31.790, 22181
2026/09/26 00:28:32.290, 22181
2026/09/26 00:28:32.790, 22181
2026/09/26 00:28:33.290, 22181
2026/09/26 00:28:33.790, 22181
2026/09/26 00:28:34.290, 22181
2026/09/26 00:28:34.790, 22181
2026/09/26 00:28:35.291, 22181
2026/09/26 00:28:35.791, 22181
2026/09/26 00:28:36.291, 22181
2026/09/26 00:28:36.791, 22181
2026/09/26 00:28:37.291, 22181
2026/09/26 00:28:37.791, 22181
2026/09/26 00:28:38.291, 22181
2026/09/26 00:28:38.792, 22181
2026/09/26 00:28:39.292, 22181
2026/09/26 00:28:39.792, 22181
2026/09/26 00:28:40.292, 22181
2026/09/26 00:28:40.792, 22181
2026/09/26 00:28:41.292, 22181
2026/09/26 00:28:41.792, 22181
2026/09/26 00:28:42.293, 22181
2026/09/26 00:28:42.793, 22181
2026/09/26 00:28:43.293, 22181
2026/09/26 00:28:43.793, 22181
2026/09/26 00:28:44.293, 22181
2026/09/26 00:28:44.793, 22181
2026/09/26 00:28:45.294, 22181
2026/09/26 00:28:45.794, 22181
2026/09/26 00:28:46.294, 22181
2026/09/26 00:28:46.794, 22181
2026/09/26 00:28:47.294, 22181
2026/09/26 00:28:47.794, 22181
2026/09/26 00:28:48.294, 22181
2026/09/26 00:28:48.795, 22181
2026/09/26 00:28:49.295, 22181
2026/09/26 00:28:49.795, 22181
2026/09/26 00:28:50.295, 22181
2026/09/26 00:28:50.795, 22181
2026/09/26 00:28:51.295, 22181
2026/09/26 00:28:51.796, 22181
2026/09/26 00:28:52.296, 22181
2026/09/26 00:28:52.796, 22181
2026/09/26 00:28:53.296, 22181
2026/09/26 00:28:53.796, 22181
2026/09/26 00:28:54.296, 22181
2026/09/26 00:28:54.796, 22181
2026/09/26 00:28:55.297, 22181
2026/09/26 00:28:55.797, 22181
2026/09/26 00:28:56.297, 22181
2026/09/26 00:28:56.797, 22181
2026/09/26 00:28:57.297, 22181
2026/09/26 00:28:57.797, 22181
2026/09/26 00:28:58.297, 22181
2026/09/26 00:28:58.798, 22181
2026/09/26 00:28:59.298, 22181
2026/09/26 00:28:59.798, 22181
2026/09/26 00:29:00.298, 22181
2026/09/26 00:29:00.798, 22181
2026/09/26 00:29:01.298, 22181
2026/09/26 00:29:01.798, 22181
2026/09/26 00:29:02.299, 22181
2026/09/26 00:29:02.799, 22181
2026/09/26 00:29:03.299, 22181
2026/09/26 00:29:03.799, 22181
2026/09/26 00:29:04.299, 22181
2026/09/26 00:29:04.799, 22181
2026/09/26 00:29:05.299, 22181
2026/09/26 00:29:05.800, 22181
2026/09/26 00:29:06.300, 22181
2026/09/26 00:29:06.800, 22181
2026/09/26 00:29:07.300, 22181
2026/09/26 00:29:07.800, 22181
2026/09/26 00:29:08.300, 22181
2026/09/26 00:29:08.801, 22181
2026/09/26 00:29:09.301, 22181
2026/09/26 00:29:09.801, 22181
2026/09/26 00:29:10.301, 22181
2026/09/26 00:29:10.801, 22181
2026/09/26 00:29:11.301, 22181
2026/09/26 00:29:11.801, 22181
2026/09/26 00:29:12.302, 22181
2026/09/26 00:29:12.802, 22181
2026/09/26 00:29:13.302, 22181
2026/09/26 00:29:13.802, 22181
2026/09/26 00:29:14.302, 22181
2026/09/26 00:29:14.802, 22181
2026/09/26 00:29:15.302, 22181
2026/09/26 00:29:15.803, 22181
2026/09/26 00:29:16.303, 22181
2026/09/26 00:29:16.803, 22181
2026/09/26 00:29:17.303, 22181
2026/09/26 00:29:17.803, 22181
2026/09/26 00:29:18.303, 22181
2026/09/26 00:29:18.803, 22181
2026/09/26 00:29:19.304, 22181
2026/09/26 00:29:19.804, 22181
2026/09/26 00:29:20.304, 22181
2026/09/26 00:29:20.804, 22181
2026/09/26 00:29:21.304, 22181
2026/09/26 00:29:21.804, 22181
2026/09/26 00:29:22.304, 22181
2026/09/26 00:29:22.805, 22181
2026/09/26 00:29:23.305, 22181
2026/09/26 00:29:23.805, 22181
2026/09/26 00:29:24.305, 22181
2026/09/26 00:29:24.805, 22181
2026/09/26 00:29:25.305, 22181
2026/09/26 00:29:25.805, 22181
2026/09/26 00:29:26.306, 22181
2026/09/26 00:29:26.806, 22181
2026/09/26 00:29:27.306, 22181
2026/09/26 00:29:27.806, 22181
2026/09/26 00:29:28.306, 22181
2026/09/26 00:29:28.806, 22181
2026/09/26 00:29:29.308, 22181
2026/09/26 00:29:29.808, 22181
2026/09/26 00:29:30.308, 22181
2026/09/26 00:29:30.808, 22181
2026/09/26 00:29:31.308, 22181
2026/09/26 00:29:31.809, 22181
2026/09/26 00:29:32.309, 22181
2026/09/26 00:29:32.809, 22181
2026/09/26 00:29:33.309, 22181
2026/09/26 00:29:33.809, 22181
2026/09/26 00:29:34.318, 22181
2026/09/26 00:29:34.818, 22181
2026/09/26 00:29:35.318, 22181
2026/09/26 00:29:35.818, 22181
2026/09/26 00:29:36.319, 22181
2026/09/26 00:29:36.819, 22181
2026/09/26 00:29:37.319, 22181
2026/09/26 00:29:37.819, 22181
2026/09/26 00:29:38.319, 22181
2026/09/26 00:29:38.819, 22181
2026/09/26 00:29:39.320, 22181
2026/09/26 00:29:39.820, 22181
2026/09/26 00:29:40.320, 22181
2026/09/26 00:29:40.820, 22181
2026/09/26 00:29:41.320, 22181
2026/09/26 00:29:41.820, 22181
2026/09/26 00:29:42.321, 22181
2026/09/26 00:29:42.821, 22181
2026/09/26 00:29:43.321, 22181
2026/09/26 00:29:43.821, 22181
2026/09/26 00:29:44.321, 22181
2026/09/26 00:29:44.821, 22181
2026/09/26 00:29:45.322, 22181
2026/09/26 00:29:45.822, 22181
2026/09/26 00:29:46.322, 22181
2026/09/26 00:29:46.822, 22181
2026/09/26 00:29:47.322, 22181
2026/09/26 00:29:47.822, 22181
2026/09/26 00:29:48.323, 22181
2026/09/26 00:29:48.823, 22181
2026/09/26 00:29:49.323, 22181
2026/09/26 00:29:49.823, 22181
2026/09/26 00:29:50.323, 22181
2026/09/26 00:29:50.823, 22181
2026/09/26 00:29:51.324, 22181
2026/09/26 00:29:51.824, 22181
2026/09/26 00:29:52.324, 22181
2026/09/26 00:29:52.824, 22181
2026/09/26 00:29:53.324, 22181
2026/09/26 00:29:53.824, 22181
2026/09/26 00:29:54.324, 22181
2026/09/26 00:29:54.825, 22181
2026/09/26 00:29:55.325, 22181
2026/09/26 00:29:55.825, 22181
2026/09/26 00:29:56.325, 22181
2026/09/26 00:29:56.825, 22181
2026/09/26 00:29:57.325, 22181
2026/09/26 00:29:57.826, 22181
2026/09/26 00:29:58.326, 22181
2026/09/26 00:29:58.826, 22181
2026/09/26 00:29:59.326, 22181
2026/09/26 00:29:59.826, 22181
2026/09/26 00:30:00.326, 22181
2026/09/26 00:30:00.827, 22181
2026/09/26 00:30:01.327, 22181
2026/09/26 00:30:01.827, 22181
2026/09/26 00:30:02.327, 22181
2026/09/26 00:30:02.827, 22181
2026/09/26 00:30:03.328, 22181
2026/09/26 00:30:03.828, 22181
2026/09/26 00:30:04.328, 22181
2026/09/26 00:30:04.828, 22181
2026/09/26 00:30:05.328, 22181
2026/09/26 00:30:05.828, 22181
2026/09/26 00:30:06.329, 22181
2026/09/26 00:30:06.829, 22181
2026/09/26 00:30:07.329, 22181
2026/09/26 00:30:07.829, 22181
2026/09/26 00:30:08.329, 22181
2026/09/26 00:30:08.829, 22181
2026/09/26 00:30:09.330, 22181
2026/09/26 00:30:09.830, 22181
2026/09/26 00:30:10.330, 22181
2026/09/26 00:30:10.830, 22181
2026/09/26 00:30:11.330, 22181
2026/09/26 00:30:11.830, 22181
2026/09/26 00:30:12.331, 22181
2026/09/26 00:30:12.831, 22181
2026/09/26 00:30:13.331, 22181
2026/09/26 00:30:13.831, 22181
2026/09/26 00:30:14.331, 22181
2026/09/26 00:30:14.831, 22181
2026/09/26 00:30:15.332, 22181
2026/09/26 00:30:15.832, 22181
2026/09/26 00:30:16.332, 22181
2026/09/26 00:30:16.832, 22181
2026/09/26 00:30:17.332, 22181
2026/09/26 00:30:17.832, 22181
2026/09/26 00:30:18.332, 22181
2026/09/26 00:30:18.833, 22181
2026/09/26 00:30:19.333, 22181
2026/09/26 00:30:19.833, 22181
2026/09/26 00:30:20.333, 22181
2026/09/26 00:30:20.833, 22181
2026/09/26 00:30:21.333, 22181
2026/09/26 00:30:21.834, 22181
2026/09/26 00:30:22.334, 22181
2026/09/26 00:30:22.834, 22181
2026/09/26 00:30:23.334, 22181
2026/09/26 00:30:23.834, 22181
2026/09/26 00:30:24.334, 22181
2026/09/26 00:30:24.834, 22181
2026/09/26 00:30:25.335, 22181
2026/09/26 00:30:25.835, 22181
2026/09/26 00:30:26.335, 22181
2026/09/26 00:30:26.835, 22181
2026/09/26 00:30:27.335, 22181
2026/09/26 00:30:27.835, 22181
2026/09/26 00:30:28.336, 22181
2026/09/26 00:30:28.836, 22181
2026/09/26 00:30:29.336, 22181
2026/09/26 00:30:29.836, 22181
2026/09/26 00:30:30.336, 22181
2026/09/26 00:30:30.837, 22181
2026/09/26 00:30:31.337, 22181
2026/09/26 00:30:31.837, 22181
2026/09/26 00:30:32.337, 22181
2026/09/26 00:30:32.837, 22181
2026/09/26 00:30:33.337, 22181
2026/09/26 00:30:33.838, 22181
2026/09/26 00:30:34.338, 22181
2026/09/26 00:30:34.838, 22181
2026/09/26 00:30:35.338, 22181
2026/09/26 00:30:35.838, 22181
2026/09/26 00:30:36.339, 22181
2026/09/26 00:30:36.839, 22181
2026/09/26 00:30:37.339, 22181
2026/09/26 00:30:37.839, 22181
2026/09/26 00:30:38.339, 22181
2026/09/26 00:30:38.839, 22181
2026/09/26 00:30:39.340, 22181
2026/09/26 00:30:39.840, 22181
2026/09/26 00:30:40.340, 22181
2026/09/26 00:30:40.840, 22181
2026/09/26 00:30:41.340, 22181
2026/09/26 00:30:41.840, 22181
2026/09/26 00:30:42.340, 22181
2026/09/26 00:30:42.841, 22181
2026/09/26 00:30:43.341, 22181
2026/09/26 00:30:43.841, 22181
2026/09/26 00:30:44.341, 22181
2026/09/26 00:30:44.841, 22181
2026/09/26 00:30:45.341, 22181
2026/09/26 00:30:45.842, 22181
2026/09/26 00:30:46.342, 22181
2026/09/26 00:30:46.842, 22181
2026/09/26 00:30:47.342, 22181
2026/09/26 00:30:47.842, 22181
2026/09/26 00:30:48.342, 22181
2026/09/26 00:30:48.843, 22181
2026/09/26 00:30:49.343, 22181
2026/09/26 00:30:49.843, 22181
2026/09/26 00:30:50.343, 22181
2026/09/26 00:30:50.843, 22181
2026/09/26 00:30:51.343, 22181
2026/09/26 00:30:51.844, 22181
2026/09/26 00:30:52.344, 22181
2026/09/26 00:30:52.844, 22181
2026/09/26 00:30:53.344, 22181
2026/09/26 00:30:53.844, 22181
2026/09/26 00:30:54.344, 22181
2026/09/26 00:30:54.844, 22181
2026/09/26 00:30:55.345, 22181
2026/09/26 00:30:55.845, 22181
2026/09/26 00:30:56.345, 22181
2026/09/26 00:30:56.845, 22181
2026/09/26 00:30:57.345, 22181
2026/09/26 00:30:57.845, 22181
2026/09/26 00:30:58.346, 22181
2026/09/26 00:30:58.846, 22181
2026/09/26 00:30:59.346, 22181
2026/09/26 00:30:59.846, 22181
2026/09/26 00:31:00.346, 22181
2026/09/26 00:31:00.846, 22181
2026/09/26 00:31:01.347, 22181
2026/09/26 00:31:01.847, 22181
2026/09/26 00:31:02.347, 22181
2026/09/26 00:31:02.847, 22181
2026/09/26 00:31:03.347, 22181
2026/09/26 00:31:03.847, 22181
2026/09/26 00:31:04.348, 22181
2026/09/26 00:31:04.848, 22181
2026/09/26 00:31:05.348, 22181
2026/09/26 00:31:05.848, 22181
2026/09/26 00:31:06.348, 22181
2026/09/26 00:31:06.848, 22181
2026/09/26 00:31:07.349, 22181
2026/09/26 00:31:07.849, 22181
2026/09/26 00:31:08.349, 22181
2026/09/26 00:31:08.849, 22181
2026/09/26 00:31:09.349, 22181
2026/09/26 00:31:09.850, 22181
2026/09/26 00:31:10.350, 22181
2026/09/26 00:31:10.850, 22181
2026/09/26 00:31:11.350, 22181
2026/09/26 00:31:11.850, 22181
2026/09/26 00:31:12.350, 22181
2026/09/26 00:31:12.851, 22181
2026/09/26 00:31:13.351, 22181
2026/09/26 00:31:13.851, 22181
2026/09/26 00:31:14.351, 22181
2026/09/26 00:31:14.851, 22181
2026/09/26 00:31:15.351, 22181
2026/09/26 00:31:15.852, 22181
2026/09/26 00:31:16.352, 22181
2026/09/26 00:31:16.852, 22181
2026/09/26 00:31:17.352, 22181
2026/09/26 00:31:17.852, 22181
2026/09/26 00:31:18.352, 22181
2026/09/26 00:31:18.853, 22181
2026/09/26 00:31:19.353, 22181
2026/09/26 00:31:19.853, 22181
2026/09/26 00:31:20.353, 22181
2026/09/26 00:31:20.853, 22181
2026/09/26 00:31:21.353, 22181
2026/09/26 00:31:21.854, 22181
2026/09/26 00:31:22.354, 22181
2026/09/26 00:31:22.854, 22181
2026/09/26 00:31:23.354, 22181
2026/09/26 00:31:23.854, 22181
2026/09/26 00:31:24.354, 22181
2026/09/26 00:31:24.855, 22181
2026/09/26 00:31:25.355, 22181
2026/09/26 00:31:25.855, 22181
2026/09/26 00:31:26.355, 22181
2026/09/26 00:31:26.855, 22181
2026/09/26 00:31:27.355, 22181
2026/09/26 00:31:27.856, 22181
2026/09/26 00:31:28.356, 22181
2026/09/26 00:31:28.856, 22181
2026/09/26 00:31:29.356, 22181
2026/09/26 00:31:29.856, 22181
2026/09/26 00:31:30.356, 22181
2026/09/26 00:31:30.857, 22181
2026/09/26 00:31:31.357, 22181
2026/09/26 00:31:31.857, 22181
2026/09/26 00:31:32.357, 22181
2026/09/26 00:31:32.857, 22181
2026/09/26 00:31:33.358, 22181
2026/09/26 00:31:33.858, 22181
2026/09/26 00:31:34.358, 22181
2026/09/26 00:31:34.858, 22181
2026/09/26 00:31:35.358, 22181
2026/09/26 00:31:35.858, 22181
2026/09/26 00:31:36.358, 22181
2026/09/26 00:31:36.859, 22181
2026/09/26 00:31:37.359, 22181
2026/09/26 00:31:37.859, 22181
2026/09/26 00:31:38.359, 22181
2026/09/26 00:31:38.859, 22181
2026/09/26 00:31:39.359, 22181
2026/09/26 00:31:39.860, 22181
2026/09/26 00:31:40.360, 22181
2026/09/26 00:31:40.860, 22181
2026/09/26 00:31:41.360, 22181
2026/09/26 00:31:41.860, 22181
2026/09/26 00:31:42.360, 22181
2026/09/26 00:31:42.861, 22181
2026/09/26 00:31:43.361, 22181
2026/09/26 00:31:43.861, 22181
2026/09/26 00:31:44.361, 22181
2026/09/26 00:31:44.861, 22181
2026/09/26 00:31:45.361, 22181
2026/09/26 00:31:45.862, 22181
2026/09/26 00:31:46.362, 22181
2026/09/26 00:31:46.862, 22181
2026/09/26 00:31:47.362, 22181
2026/09/26 00:31:47.862, 22181
2026/09/26 00:31:48.362, 22181
2026/09/26 00:31:48.863, 22181
2026/09/26 00:31:49.363, 22181
2026/09/26 00:31:49.863, 22181
2026/09/26 00:31:50.363, 22181
2026/09/26 00:31:50.863, 22181
2026/09/26 00:31:51.363, 22181
2026/09/26 00:31:51.863, 22181
2026/09/26 00:31:52.364, 22181
2026/09/26 00:31:52.864, 22181
2026/09/26 00:31:53.364, 22181
2026/09/26 00:31:53.864, 22181
2026/09/26 00:31:54.364, 22181
2026/09/26 00:31:54.864, 22181
2026/09/26 00:31:55.365, 22181
2026/09/26 00:31:55.865, 22181
2026/09/26 00:31:56.365, 22181
2026/09/26 00:31:56.865, 22181
2026/09/26 00:31:57.365, 22181
2026/09/26 00:31:57.865, 22181
2026/09/26 00:31:58.365, 22181
2026/09/26 00:31:58.866, 22181
2026/09/26 00:31:59.366, 22181
2026/09/26 00:31:59.866, 22181
2026/09/26 00:32:00.366, 22181
2026/09/26 00:32:00.866, 22181
2026/09/26 00:32:01.366, 22181
2026/09/26 00:32:01.867, 22181
2026/09/26 00:32:02.367, 22181
2026/09/26 00:32:02.867, 22181
2026/09/26 00:32:03.367, 22181
2026/09/26 00:32:03.867, 22181
2026/09/26 00:32:04.368, 22181
2026/09/26 00:32:04.868, 22181
2026/09/26 00:32:05.368, 22181
2026/09/26 00:32:05.868, 22181
2026/09/26 00:32:06.368, 22181
2026/09/26 00:32:06.868, 22181
2026/09/26 00:32:07.368, 22181
2026/09/26 00:32:07.869, 22181
2026/09/26 00:32:08.369, 22181
2026/09/26 00:32:08.869, 22181
2026/09/26 00:32:09.369, 22181
2026/09/26 00:32:09.869, 22181
2026/09/26 00:32:10.370, 22181
2026/09/26 00:32:10.870, 22181
2026/09/26 00:32:11.370, 22181
2026/09/26 00:32:11.870, 22181
2026/09/26 00:32:12.370, 22181
2026/09/26 00:32:12.870, 22181
2026/09/26 00:32:13.371, 22181
2026/09/26 00:32:13.871, 22181
2026/09/26 00:32:14.371, 22181
2026/09/26 00:32:14.871, 22181
2026/09/26 00:32:15.371, 22181
2026/09/26 00:32:15.871, 22181
2026/09/26 00:32:16.372, 22181
2026/09/26 00:32:16.872, 22181
2026/09/26 00:32:17.372, 22181
2026/09/26 00:32:17.872, 22181
2026/09/26 00:32:18.372, 22181
2026/09/26 00:32:18.872, 22181
2026/09/26 00:32:19.373, 22181
2026/09/26 00:32:19.873, 22181
2026/09/26 00:32:20.373, 22181
2026/09/26 00:32:20.873, 22181
2026/09/26 00:32:21.373, 22181
2026/09/26 00:32:21.873, 22181
2026/09/26 00:32:22.374, 22181
2026/09/26 00:32:22.874, 22181
2026/09/26 00:32:23.374, 22181
2026/09/26 00:32:23.874, 22181
2026/09/26 00:32:24.374, 22181
2026/09/26 00:32:24.874, 22181
2026/09/26 00:32:25.375, 22181
2026/09/26 00:32:25.875, 22181
2026/09/26 00:32:26.375, 22181
2026/09/26 00:32:26.875, 22181
2026/09/26 00:32:27.375, 22181
2026/09/26 00:32:27.875, 22181
2026/09/26 00:32:28.376, 22181
2026/09/26 00:32:28.876, 22181
2026/09/26 00:32:29.376, 22181
2026/09/26 00:32:29.876, 22181
2026/09/26 00:32:30.376, 22181
2026/09/26 00:32:30.876, 22181
2026/09/26 00:32:31.377, 22181
2026/09/26 00:32:31.877, 22181
2026/09/26 00:32:32.377, 22181
2026/09/26 00:32:32.877, 22181
2026/09/26 00:32:33.377, 22181
2026/09/26 00:32:33.877, 22181
2026/09/26 00:32:34.378, 22181
2026/09/26 00:32:34.878, 22181
2026/09/26 00:32:35.378, 22181
2026/09/26 00:32:35.878, 22181
2026/09/26 00:32:36.378, 22181
2026/09/26 00:32:36.878, 22181
2026/09/26 00:32:37.379, 22181
2026/09/26 00:32:37.879, 22181
2026/09/26 00:32:38.379, 22181
2026/09/26 00:32:38.879, 22181
2026/09/26 00:32:39.379, 22181
2026/09/26 00:32:39.880, 22181
2026/09/26 00:32:40.380, 22181
2026/09/26 00:32:40.880, 22181
2026/09/26 00:32:41.380, 22181
2026/09/26 00:32:41.880, 22181
2026/09/26 00:32:42.380, 22181
2026/09/26 00:32:42.881, 22181
2026/09/26 00:32:43.381, 22181
2026/09/26 00:32:43.881, 22181
2026/09/26 00:32:44.381, 22181
2026/09/26 00:32:44.881, 22181
2026/09/26 00:32:45.381, 22181
2026/09/26 00:32:45.882, 22181
2026/09/26 00:32:46.382, 22181
2026/09/26 00:32:46.882, 22181
2026/09/26 00:32:47.382, 22181
2026/09/26 00:32:47.882, 22181
2026/09/26 00:32:48.382, 22181
2026/09/26 00:32:48.883, 22181
2026/09/26 00:32:49.383, 22181
2026/09/26 00:32:49.883, 22181
2026/09/26 00:32:50.383, 22181
2026/09/26 00:32:50.883, 22181
2026/09/26 00:32:51.383, 22181
2026/09/26 00:32:51.884, 22181
2026/09/26 00:32:52.384, 22181
2026/09/26 00:32:52.884, 22181
2026/09/26 00:32:53.384, 22181
2026/09/26 00:32:53.884, 22181
2026/09/26 00:32:54.384, 22181
2026/09/26 00:32:54.885, 22181
2026/09/26 00:32:55.385, 22181
2026/09/26 00:32:55.885, 22181
2026/09/26 00:32:56.385, 22181
2026/09/26 00:32:56.885, 22181
2026/09/26 00:32:57.385, 22181
2026/09/26 00:32:57.886, 22181
2026/09/26 00:32:58.386, 22181
2026/09/26 00:32:58.886, 22181
2026/09/26 00:32:59.386, 22181
2026/09/26 00:32:59.886, 22181
2026/09/26 00:33:00.386, 22181
2026/09/26 00:33:00.887, 22181
2026/09/26 00:33:01.387, 22181
2026/09/26 00:33:01.887, 22181
2026/09/26 00:33:02.387, 22181
2026/09/26 00:33:02.887, 22181
2026/09/26 00:33:03.387, 22181
2026/09/26 00:33:03.887, 22181
2026/09/26 00:33:04.388, 22181
2026/09/26 00:33:04.888, 22181
2026/09/26 00:33:05.388, 22181
2026/09/26 00:33:05.888, 22181
2026/09/26 00:33:06.388, 22181
2026/09/26 00:33:06.890, 22181
2026/09/26 00:33:07.390, 22181
2026/09/26 00:33:07.890, 22181
2026/09/26 00:33:08.390, 22181
2026/09/26 00:33:08.891, 22181
2026/09/26 00:33:09.391, 22181
2026/09/26 00:33:09.891, 22181
2026/09/26 00:33:10.391, 22181
2026/09/26 00:33:10.891, 22181
2026/09/26 00:33:11.391, 22181
2026/09/26 00:33:11.892, 22181
2026/09/26 00:33:12.392, 22181
2026/09/26 00:33:12.892, 22181
2026/09/26 00:33:13.392, 22181
2026/09/26 00:33:13.892, 22181
2026/09/26 00:33:14.392, 22181
2026/09/26 00:33:14.893, 22181
2026/09/26 00:33:15.393, 22181
2026/09/26 00:33:15.893, 22181
2026/09/26 00:33:16.393, 22181
2026/09/26 00:33:16.893, 22181
2026/09/26 00:33:17.393, 22181
2026/09/26 00:33:17.894, 22181
2026/09/26 00:33:18.394, 22181
2026/09/26 00:33:18.894, 22181
2026/09/26 00:33:19.394, 22181
2026/09/26 00:33:19.894, 22181
2026/09/26 00:33:20.394, 22181
2026/09/26 00:33:20.895, 22181
2026/09/26 00:33:21.395, 22181
2026/09/26 00:33:21.895, 22181
2026/09/26 00:33:22.395, 22181
2026/09/26 00:33:22.895, 22181
2026/09/26 00:33:23.395, 22181
2026/09/26 00:33:23.896, 22181
2026/09/26 00:33:24.396, 22181
2026/09/26 00:33:24.896, 22181
2026/09/26 00:33:25.396, 22181
2026/09/26 00:33:25.896, 22181
2026/09/26 00:33:26.396, 22181
2026/09/26 00:33:26.896, 22181
2026/09/26 00:33:27.397, 22181
2026/09/26 00:33:27.897, 22181
2026/09/26 00:33:28.397, 22181
2026/09/26 00:33:28.897, 22181
2026/09/26 00:33:29.397, 22181
2026/09/26 00:33:29.897, 22181
2026/09/26 00:33:30.398, 22181
2026/09/26 00:33:30.898, 22181
2026/09/26 00:33:31.398, 22181
2026/09/26 00:33:31.898, 22181
2026/09/26 00:33:32.398, 22181
2026/09/26 00:33:32.898, 22181
2026/09/26 00:33:33.398, 22181
2026/09/26 00:33:33.899, 22181
2026/09/26 00:33:34.399, 22181
2026/09/26 00:33:34.899, 22181
2026/09/26 00:33:35.399, 22181
2026/09/26 00:33:35.899, 22181
2026/09/26 00:33:36.399, 22181
2026/09/26 00:33:36.900, 22181
2026/09/26 00:33:37.400, 22181
2026/09/26 00:33:37.928, 22181
2026/09/26 00:33:38.429, 22181
2026/09/26 00:33:38.929, 22181
2026/09/26 00:33:39.429, 22181
2026/09/26 00:33:39.929, 22181
2026/09/26 00:33:40.429, 22181
2026/09/26 00:33:40.929, 22181
2026/09/26 00:33:41.430, 22181
2026/09/26 00:33:41.930, 22181
2026/09/26 00:33:42.430, 22181
2026/09/26 00:33:42.930, 22181
2026/09/26 00:33:43.430, 22181
2026/09/26 00:33:43.930, 22181
2026/09/26 00:33:44.431, 22181
2026/09/26 00:33:44.931, 22181
2026/09/26 00:33:45.431, 22181
2026/09/26 00:33:45.931, 22181
2026/09/26 00:33:46.431, 22181
2026/09/26 00:33:46.931, 22181
2026/09/26 00:33:47.431, 22181
2026/09/26 00:33:47.932, 22181
2026/09/26 00:33:48.432, 22181
2026/09/26 00:33:48.932, 22181
2026/09/26 00:33:49.432, 22181
2026/09/26 00:33:49.932, 22181
2026/09/26 00:33:50.432, 22181
2026/09/26 00:33:50.933, 22181
2026/09/26 00:33:51.433, 22181
2026/09/26 00:33:51.933, 22181
2026/09/26 00:33:52.433, 22181
2026/09/26 00:33:52.933, 22181
2026/09/26 00:33:53.433, 22181
2026/09/26 00:33:53.934, 22181
2026/09/26 00:33:54.434, 22181
2026/09/26 00:33:54.934, 22181
2026/09/26 00:33:55.434, 22181
2026/09/26 00:33:55.934, 22181
2026/09/26 00:33:56.434, 22181
2026/09/26 00:33:56.935, 22181
2026/09/26 00:33:57.435, 22181
2026/09/26 00:33:57.935, 22181
2026/09/26 00:33:58.435, 22181
2026/09/26 00:33:58.935, 22181
2026/09/26 00:33:59.435, 22181
2026/09/26 00:33:59.936, 22181
2026/09/26 00:34:00.436, 22181
2026/09/26 00:34:00.936, 22181
2026/09/26 00:34:01.436, 22181
2026/09/26 00:34:01.936, 22181
2026/09/26 00:34:02.436, 22181
2026/09/26 00:34:02.937, 22181
2026/09/26 00:34:03.437, 22181
2026/09/26 00:34:03.937, 22181
2026/09/26 00:34:04.437, 22181
2026/09/26 00:34:04.937, 22181
2026/09/26 00:34:05.437, 22181
2026/09/26 00:34:05.938, 22181
2026/09/26 00:34:06.438, 22181
2026/09/26 00:34:06.938, 22181
2026/09/26 00:34:07.438, 22181
2026/09/26 00:34:07.938, 22181
2026/09/26 00:34:08.439, 22181
2026/09/26 00:34:08.939, 22181
2026/09/26 00:34:09.439, 22181
2026/09/26 00:34:09.939, 22181
2026/09/26 00:34:10.439, 22181
2026/09/26 00:34:10.939, 22181
2026/09/26 00:34:11.439, 22181
2026/09/26 00:34:11.940, 22181
2026/09/26 00:34:12.440, 22181
2026/09/26 00:34:12.940, 22181
2026/09/26 00:34:13.440, 22181
2026/09/26 00:34:13.940, 22181
2026/09/26 00:34:14.440, 22181
2026/09/26 00:34:14.941, 22181
2026/09/26 00:34:15.441, 22181
2026/09/26 00:34:15.941, 22181
2026/09/26 00:34:16.441, 22181
2026/09/26 00:34:16.941, 22181
2026/09/26 00:34:17.441, 22181
2026/09/26 00:34:17.941, 22181
2026/09/26 00:34:18.441, 22181
2026/09/26 00:34:18.942, 22181
2026/09/26 00:34:19.442, 22181
2026/09/26 00:34:19.942, 22181
2026/09/26 00:34:20.442, 22181
2026/09/26 00:34:20.942, 22181
2026/09/26 00:34:21.442, 22181
2026/09/26 00:34:21.942, 22181
2026/09/26 00:34:22.443, 22181
2026/09/26 00:34:22.943, 22181
2026/09/26 00:34:23.443, 22181
2026/09/26 00:34:23.943, 22181
2026/09/26 00:34:24.443, 22181
2026/09/26 00:34:24.943, 22181
2026/09/26 00:34:25.444, 22181
2026/09/26 00:34:25.944, 22181
2026/09/26 00:34:26.444, 22181
2026/09/26 00:34:26.944, 22181
2026/09/26 00:34:27.444, 22181
2026/09/26 00:34:27.944, 22181
2026/09/26 00:34:28.444, 22181
2026/09/26 00:34:28.945, 22181
2026/09/26 00:34:29.445, 22181
2026/09/26 00:34:29.945, 22181
2026/09/26 00:34:30.445, 22181
2026/09/26 00:34:30.945, 22181
2026/09/26 00:34:31.445, 22181
2026/09/26 00:34:31.945, 22181
2026/09/26 00:34:32.446, 22181
2026/09/26 00:34:32.946, 22181
2026/09/26 00:34:33.446, 22181
2026/09/26 00:34:33.946, 22181
2026/09/26 00:34:34.446, 22181
2026/09/26 00:34:34.946, 22181
2026/09/26 00:34:35.447, 22181
2026/09/26 00:34:35.947, 22181
2026/09/26 00:34:36.447, 22181
2026/09/26 00:34:36.947, 22181
2026/09/26 00:34:37.447, 22181
2026/09/26 00:34:37.947, 22181
2026/09/26 00:34:38.447, 22181
2026/09/26 00:34:38.948, 22181
2026/09/26 00:34:39.448, 22181
2026/09/26 00:34:39.948, 22181
2026/09/26 00:34:40.448, 22181
2026/09/26 00:34:40.948, 22181
2026/09/26 00:34:41.448, 22181
2026/09/26 00:34:41.949, 22181
2026/09/26 00:34:42.449, 22181
2026/09/26 00:34:42.949, 22181
2026/09/26 00:34:43.449, 22181
2026/09/26 00:34:43.949, 22181
2026/09/26 00:34:44.450, 22181
2026/09/26 00:34:44.950, 22181
2026/09/26 00:34:45.450, 22181
2026/09/26 00:34:45.950, 22181
2026/09/26 00:34:46.450, 22181
2026/09/26 00:34:46.950, 22181
2026/09/26 00:34:47.451, 22181
2026/09/26 00:34:47.951, 22181
2026/09/26 00:34:48.451, 22181
2026/09/26 00:34:48.951, 22181
2026/09/26 00:34:49.451, 22181
2026/09/26 00:34:49.951, 22181
2026/09/26 00:34:50.452, 22181
2026/09/26 00:34:50.952, 22181
2026/09/26 00:34:51.452, 22181
2026/09/26 00:34:51.952, 22181
2026/09/26 00:34:52.452, 22181
2026/09/26 00:34:52.952, 22181
2026/09/26 00:34:53.453, 22181
2026/09/26 00:34:53.953, 22181
2026/09/26 00:34:54.453, 22181
2026/09/26 00:34:54.953, 22181
2026/09/26 00:34:55.453, 22181
2026/09/26 00:34:55.953, 22181
2026/09/26 00:34:56.454, 22181
2026/09/26 00:34:56.954, 22181
2026/09/26 00:34:57.454, 22181
2026/09/26 00:34:57.954, 22181
2026/09/26 00:34:58.454, 22181
2026/09/26 00:34:58.954, 22181
2026/09/26 00:34:59.455, 22181
2026/09/26 00:34:59.955, 22181
2026/09/26 00:35:00.455, 22181
2026/09/26 00:35:00.955, 22181
2026/09/26 00:35:01.455, 22181
2026/09/26 00:35:01.955, 22181
2026/09/26 00:35:02.456, 22181
2026/09/26 00:35:02.956, 22181
2026/09/26 00:35:03.456, 22181
2026/09/26 00:35:03.956, 22181
2026/09/26 00:35:04.456, 22181
2026/09/26 00:35:04.956, 22181
2026/09/26 00:35:05.457, 22181
2026/09/26 00:35:05.957, 22181
2026/09/26 00:35:06.457, 22181
2026/09/26 00:35:06.957, 22181
2026/09/26 00:35:07.457, 22181
2026/09/26 00:35:07.957, 22181
2026/09/26 00:35:08.458, 22181
2026/09/26 00:35:08.958, 22181
2026/09/26 00:35:09.458, 22181
2026/09/26 00:35:09.958, 22181
2026/09/26 00:35:10.458, 22181
2026/09/26 00:35:10.958, 22181
2026/09/26 00:35:11.459, 22181
2026/09/26 00:35:11.959, 22181
2026/09/26 00:35:12.459, 22181
2026/09/26 00:35:12.959, 22181
2026/09/26 00:35:13.459, 22181
2026/09/26 00:35:13.960, 22181
2026/09/26 00:35:14.460, 22181
2026/09/26 00:35:14.960, 22181
2026/09/26 00:35:15.460, 22181
2026/09/26 00:35:15.960, 22181
2026/09/26 00:35:16.460, 22181
2026/09/26 00:35:16.961, 22181
2026/09/26 00:35:17.461, 22181
2026/09/26 00:35:17.961, 22181
2026/09/26 00:35:18.461, 22181
2026/09/26 00:35:18.961, 22181
2026/09/26 00:35:19.461, 22181
2026/09/26 00:35:19.962, 22181
2026/09/26 00:35:20.462, 22181
2026/09/26 00:35:20.962, 22181
2026/09/26 00:35:21.462, 22181
2026/09/26 00:35:21.962, 22181
2026/09/26 00:35:22.463, 22181
2026/09/26 00:35:22.963, 22181
2026/09/26 00:35:23.463, 22181
2026/09/26 00:35:23.963, 22181
2026/09/26 00:35:24.463, 22181
2026/09/26 00:35:24.963, 22181
2026/09/26 00:35:25.463, 22181
2026/09/26 00:35:25.964, 22181
2026/09/26 00:35:26.464, 22181
2026/09/26 00:35:26.964, 22181
2026/09/26 00:35:27.464, 22181
2026/09/26 00:35:27.964, 22181
2026/09/26 00:35:28.465, 22181
2026/09/26 00:35:28.965, 22181
2026/09/26 00:35:29.465, 22181
2026/09/26 00:35:29.965, 22181
2026/09/26 00:35:30.465, 22181
2026/09/26 00:35:30.965, 22181
2026/09/26 00:35:31.466, 22181
2026/09/26 00:35:31.966, 22181
2026/09/26 00:35:32.466, 22181
2026/09/26 00:35:32.966, 22181
2026/09/26 00:35:33.466, 22181
2026/09/26 00:35:33.966, 22181
2026/09/26 00:35:34.467, 22181
2026/09/26 00:35:34.967, 22181
2026/09/26 00:35:35.467, 22181
2026/09/26 00:35:35.967, 22181
2026/09/26 00:35:36.467, 22181
2026/09/26 00:35:36.968, 22181
2026/09/26 00:35:37.468, 22181
2026/09/26 00:35:37.968, 22181
2026/09/26 00:35:38.468, 22181
2026/09/26 00:35:38.968, 22181
2026/09/26 00:35:39.468, 22181
2026/09/26 00:35:39.969, 22181
2026/09/26 00:35:40.469, 22181
2026/09/26 00:35:40.969, 22181
2026/09/26 00:35:41.469, 22181
2026/09/26 00:35:41.969, 22181
2026/09/26 00:35:42.469, 22181
2026/09/26 00:35:42.970, 22181
2026/09/26 00:35:43.470, 22181
2026/09/26 00:35:43.970, 22181
2026/09/26 00:35:44.470, 22181
2026/09/26 00:35:44.970, 22181
2026/09/26 00:35:45.470, 22181
2026/09/26 00:35:45.971, 22181
2026/09/26 00:35:46.471, 22181
2026/09/26 00:35:46.971, 22181
2026/09/26 00:35:47.471, 22181
2026/09/26 00:35:47.971, 22181
2026/09/26 00:35:48.471, 22181
2026/09/26 00:35:48.971, 22181
2026/09/26 00:35:49.472, 22181
2026/09/26 00:35:49.972, 22181
2026/09/26 00:35:50.472, 22181
2026/09/26 00:35:50.972, 22181
2026/09/26 00:35:51.472, 22181
2026/09/26 00:35:51.972, 22181
2026/09/26 00:35:52.473, 22181
2026/09/26 00:35:52.973, 22181
2026/09/26 00:35:53.473, 22181
2026/09/26 00:35:53.973, 22181
2026/09/26 00:35:54.473, 22181
2026/09/26 00:35:54.973, 22181
2026/09/26 00:35:55.474, 22181
2026/09/26 00:35:55.974, 22181
2026/09/26 00:35:56.474, 22181
2026/09/26 00:35:56.974, 22181
2026/09/26 00:35:57.474, 22181
2026/09/26 00:35:57.974, 22181
2026/09/26 00:35:58.475, 22181
2026/09/26 00:35:58.975, 22181
2026/09/26 00:35:59.475, 22181
2026/09/26 00:35:59.975, 22181
2026/09/26 00:36:00.475, 22181
2026/09/26 00:36:00.975, 22181
2026/09/26 00:36:01.476, 22181
2026/09/26 00:36:01.976, 22181
2026/09/26 00:36:02.476, 22181
2026/09/26 00:36:02.976, 22181
2026/09/26 00:36:03.476, 22181
2026/09/26 00:36:03.976, 22181
2026/09/26 00:36:04.477, 22181
2026/09/26 00:36:04.977, 22181
2026/09/26 00:36:05.477, 22181
2026/09/26 00:36:05.977, 22181
2026/09/26 00:36:06.477, 22181
2026/09/26 00:36:06.977, 22181
2026/09/26 00:36:07.477, 22181
2026/09/26 00:36:07.978, 22181
2026/09/26 00:36:08.478, 22181
2026/09/26 00:36:08.978, 22181
2026/09/26 00:36:09.478, 22181
2026/09/26 00:36:09.978, 22181
2026/09/26 00:36:10.478, 22181
2026/09/26 00:36:10.978, 22181
2026/09/26 00:36:11.479, 22181
2026/09/26 00:36:11.979, 22181
2026/09/26 00:36:12.479, 22181
2026/09/26 00:36:12.979, 22181
2026/09/26 00:36:13.479, 22181
2026/09/26 00:36:13.979, 22181
2026/09/26 00:36:14.480, 22181
2026/09/26 00:36:14.980, 22181
2026/09/26 00:36:15.480, 22181
2026/09/26 00:36:15.980, 22181
2026/09/26 00:36:16.480, 22181
2026/09/26 00:36:16.981, 22181
2026/09/26 00:36:17.481, 22181
2026/09/26 00:36:17.981, 22181
2026/09/26 00:36:18.481, 22181
2026/09/26 00:36:18.981, 22181
2026/09/26 00:36:19.481, 22181
2026/09/26 00:36:19.981, 22181
2026/09/26 00:36:20.482, 22181
2026/09/26 00:36:20.982, 22181
2026/09/26 00:36:21.482, 22181
2026/09/26 00:36:21.982, 22181
2026/09/26 00:36:22.482, 22181
2026/09/26 00:36:22.982, 22181
2026/09/26 00:36:23.483, 22181
2026/09/26 00:36:23.983, 22181
2026/09/26 00:36:24.483, 22181
2026/09/26 00:36:24.983, 22181
2026/09/26 00:36:25.483, 22181
2026/09/26 00:36:25.983, 22181
2026/09/26 00:36:26.484, 22181
2026/09/26 00:36:26.984, 22181
2026/09/26 00:36:27.484, 22181
2026/09/26 00:36:27.984, 22181
2026/09/26 00:36:28.484, 22181
2026/09/26 00:36:28.984, 22181
2026/09/26 00:36:29.485, 22181
2026/09/26 00:36:29.985, 22181
2026/09/26 00:36:30.485, 22181
2026/09/26 00:36:30.985, 22181
2026/09/26 00:36:31.485, 22181
2026/09/26 00:36:31.985, 22181
2026/09/26 00:36:32.485, 22181
2026/09/26 00:36:32.986, 22181
2026/09/26 00:36:33.486, 22181
2026/09/26 00:36:33.986, 22181
2026/09/26 00:36:34.486, 22181
2026/09/26 00:36:34.986, 22181
2026/09/26 00:36:35.486, 22181
2026/09/26 00:36:35.987, 22181
2026/09/26 00:36:36.487, 22181
2026/09/26 00:36:36.987, 22181
2026/09/26 00:36:37.487, 22181
2026/09/26 00:36:37.987, 22181
2026/09/26 00:36:38.487, 22181
2026/09/26 00:36:38.988, 22181
2026/09/26 00:36:39.488, 22181
2026/09/26 00:36:39.988, 22181
2026/09/26 00:36:40.488, 22181
2026/09/26 00:36:40.988, 22181
2026/09/26 00:36:41.488, 22181
2026/09/26 00:36:41.988, 22181
2026/09/26 00:36:42.489, 22181
2026/09/26 00:36:42.989, 22181
2026/09/26 00:36:43.489, 22181
2026/09/26 00:36:43.989, 22181
2026/09/26 00:36:44.489, 22181
2026/09/26 00:36:44.989, 22181
2026/09/26 00:36:45.490, 22181
2026/09/26 00:36:45.990, 22181
2026/09/26 00:36:46.490, 22181
2026/09/26 00:36:46.990, 22181
2026/09/26 00:36:47.490, 22181
2026/09/26 00:36:47.990, 22181
2026/09/26 00:36:48.490, 22181
2026/09/26 00:36:48.991, 22181
2026/09/26 00:36:49.491, 22181
2026/09/26 00:36:49.991, 22181
2026/09/26 00:36:50.491, 22181
2026/09/26 00:36:50.991, 22181
2026/09/26 00:36:51.491, 22181
2026/09/26 00:36:51.991, 22181
2026/09/26 00:36:52.492, 22181
2026/09/26 00:36:52.992, 22181
2026/09/26 00:36:53.492, 22181
2026/09/26 00:36:53.992, 22181
2026/09/26 00:36:54.493, 22181
2026/09/26 00:36:54.993, 22181
2026/09/26 00:36:55.493, 22181
2026/09/26 00:36:55.993, 22181
2026/09/26 00:36:56.493, 22181
2026/09/26 00:36:56.993, 22181
2026/09/26 00:36:57.494, 22181
2026/09/26 00:36:57.994, 22181
2026/09/26 00:36:58.494, 22181
2026/09/26 00:36:58.994, 22181
2026/09/26 00:36:59.494, 22181
2026/09/26 00:36:59.995, 22181
2026/09/26 00:37:00.495, 22181
2026/09/26 00:37:00.995, 22181
2026/09/26 00:37:01.495, 22181
2026/09/26 00:37:01.995, 22181
2026/09/26 00:37:02.495, 22181
2026/09/26 00:37:02.995, 22181
2026/09/26 00:37:03.496, 22181
2026/09/26 00:37:03.996, 22181
2026/09/26 00:37:04.496, 22181
2026/09/26 00:37:04.996, 22181
2026/09/26 00:37:05.496, 22181
2026/09/26 00:37:05.997, 22181
2026/09/26 00:37:06.497, 22181
2026/09/26 00:37:06.997, 22181
2026/09/26 00:37:07.497, 22181
2026/09/26 00:37:07.997, 22181
2026/09/26 00:37:08.497, 22181
2026/09/26 00:37:08.998, 22181
2026/09/26 00:37:09.498, 22181
2026/09/26 00:37:09.998, 22181
2026/09/26 00:37:10.498, 22181
2026/09/26 00:37:10.998, 22181
2026/09/26 00:37:11.498, 22181
2026/09/26 00:37:11.999, 22181
2026/09/26 00:37:12.499, 22181
2026/09/26 00:37:12.999, 22181
2026/09/26 00:37:13.499, 22181
2026/09/26 00:37:13.999, 22181
2026/09/26 00:37:14.499, 22181
2026/09/26 00:37:15.000, 22181
2026/09/26 00:37:15.500, 22181
2026/09/26 00:37:16.000, 22181
2026/09/26 00:37:16.500, 22181
2026/09/26 00:37:17.000, 22181
2026/09/26 00:37:17.500, 22181
2026/09/26 00:37:18.001, 22181
2026/09/26 00:37:18.501, 22181
2026/09/26 00:37:19.001, 22181
2026/09/26 00:37:19.501, 22181
2026/09/26 00:37:20.001, 22181
2026/09/26 00:37:20.501, 22181
2026/09/26 00:37:21.002, 22181
2026/09/26 00:37:21.502, 22181
2026/09/26 00:37:22.002, 22181
2026/09/26 00:37:22.502, 22181
2026/09/26 00:37:23.002, 22181
2026/09/26 00:37:23.503, 22181
2026/09/26 00:37:24.003, 22181
2026/09/26 00:37:24.503, 22181
2026/09/26 00:37:25.003, 22181
2026/09/26 00:37:25.503, 22181
2026/09/26 00:37:26.003, 22181
2026/09/26 00:37:26.504, 22181
2026/09/26 00:37:27.004, 22181
2026/09/26 00:37:27.504, 22181
2026/09/26 00:37:28.004, 22181
2026/09/26 00:37:28.504, 22181
2026/09/26 00:37:29.004, 22181
2026/09/26 00:37:29.505, 22181
2026/09/26 00:37:30.005, 22181
2026/09/26 00:37:30.505, 22181
2026/09/26 00:37:31.005, 22181
2026/09/26 00:37:31.505, 22181
2026/09/26 00:37:32.005, 22181
2026/09/26 00:37:32.505, 22181
2026/09/26 00:37:33.006, 22181
2026/09/26 00:37:33.506, 22181
2026/09/26 00:37:34.006, 22181
2026/09/26 00:37:34.506, 22181
2026/09/26 00:37:35.006, 22181
2026/09/26 00:37:35.507, 22181
2026/09/26 00:37:36.007, 22181
2026/09/26 00:37:36.507, 22181
2026/09/26 00:37:37.007, 22181
2026/09/26 00:37:37.507, 22181
2026/09/26 00:37:38.008, 22181
2026/09/26 00:37:38.508, 22181
2026/09/26 00:37:39.008, 22181
2026/09/26 00:37:39.508, 22181
2026/09/26 00:37:40.008, 22181
2026/09/26 00:37:40.508, 22181
2026/09/26 00:37:41.009, 22181
2026/09/26 00:37:41.509, 22181
2026/09/26 00:37:42.009, 22181
2026/09/26 00:37:42.509, 22181
2026/09/26 00:37:43.009, 22181
2026/09/26 00:37:43.509, 22181
2026/09/26 00:37:44.010, 22181
2026/09/26 00:37:44.510, 22181
2026/09/26 00:37:45.010, 22181
2026/09/26 00:37:45.510, 22181
2026/09/26 00:37:46.010, 22181
2026/09/26 00:37:46.510, 22181
2026/09/26 00:37:47.011, 22181
2026/09/26 00:37:47.511, 22181
2026/09/26 00:37:48.011, 22181
2026/09/26 00:37:48.511, 22181
2026/09/26 00:37:49.011, 22181
2026/09/26 00:37:49.511, 22181
2026/09/26 00:37:50.011, 22181
2026/09/26 00:37:50.512, 22181
2026/09/26 00:37:51.012, 22181
2026/09/26 00:37:51.512, 22181
2026/09/26 00:37:52.012, 22181
2026/09/26 00:37:52.512, 22181
2026/09/26 00:37:53.013, 22181
2026/09/26 00:37:53.513, 22181
2026/09/26 00:37:54.013, 22181
2026/09/26 00:37:54.513, 22181
2026/09/26 00:37:55.013, 22181
2026/09/26 00:37:55.513, 22181
2026/09/26 00:37:56.014, 22181
2026/09/26 00:37:56.514, 22181
2026/09/26 00:37:57.014, 22181
2026/09/26 00:37:57.514, 22181
2026/09/26 00:37:58.014, 22181
2026/09/26 00:37:58.514, 22181
2026/09/26 00:37:59.015, 22181
2026/09/26 00:37:59.515, 22181
2026/09/26 00:38:00.015, 22181
2026/09/26 00:38:00.515, 22181
2026/09/26 00:38:01.015, 22181
2026/09/26 00:38:01.515, 22181
2026/09/26 00:38:02.016, 22181
2026/09/26 00:38:02.516, 22181
2026/09/26 00:38:03.016, 22181
2026/09/26 00:38:03.516, 22181
2026/09/26 00:38:04.016, 22181
2026/09/26 00:38:04.516, 22181
2026/09/26 00:38:05.017, 22181
2026/09/26 00:38:05.517, 22181
2026/09/26 00:38:06.017, 22181
2026/09/26 00:38:06.517, 22181
2026/09/26 00:38:07.017, 22181
2026/09/26 00:38:07.517, 22181
2026/09/26 00:38:08.018, 22181
2026/09/26 00:38:08.518, 22181
2026/09/26 00:38:09.018, 22181
2026/09/26 00:38:09.518, 22181
2026/09/26 00:38:10.018, 22181
2026/09/26 00:38:10.518, 22181
2026/09/26 00:38:11.018, 22181
2026/09/26 00:38:11.519, 22181
2026/09/26 00:38:12.019, 22181
2026/09/26 00:38:12.519, 22181
2026/09/26 00:38:13.019, 22181
2026/09/26 00:38:13.519, 22181
2026/09/26 00:38:14.020, 22181
2026/09/26 00:38:14.520, 22181
2026/09/26 00:38:15.020, 22181
2026/09/26 00:38:15.520, 22181
2026/09/26 00:38:16.020, 22181
2026/09/26 00:38:16.520, 22181
2026/09/26 00:38:17.021, 22181
2026/09/26 00:38:17.521, 22181
2026/09/26 00:38:18.021, 22181
2026/09/26 00:38:18.521, 22181
2026/09/26 00:38:19.021, 22181
2026/09/26 00:38:19.521, 22181
2026/09/26 00:38:20.022, 22181
2026/09/26 00:38:20.522, 22181
2026/09/26 00:38:21.022, 22181
2026/09/26 00:38:21.522, 22181
2026/09/26 00:38:22.022, 22181
2026/09/26 00:38:22.522, 22181
2026/09/26 00:38:23.023, 22181
2026/09/26 00:38:23.523, 22181
2026/09/26 00:38:24.023, 22181
2026/09/26 00:38:24.523, 22181
2026/09/26 00:38:25.023, 22181
2026/09/26 00:38:25.523, 22181
2026/09/26 00:38:26.024, 22181
2026/09/26 00:38:26.524, 22181
2026/09/26 00:38:27.024, 22181
2026/09/26 00:38:27.524, 22181
2026/09/26 00:38:28.025, 22181
2026/09/26 00:38:28.525, 22181
2026/09/26 00:38:29.025, 22181
2026/09/26 00:38:29.525, 22181
2026/09/26 00:38:30.025, 22181
2026/09/26 00:38:30.525, 22181
2026/09/26 00:38:31.026, 22181
2026/09/26 00:38:31.526, 22181
2026/09/26 00:38:32.026, 22181
2026/09/26 00:38:32.526, 22181
2026/09/26 00:38:33.026, 22181
2026/09/26 00:38:33.526, 22181
2026/09/26 00:38:34.026, 22181
2026/09/26 00:38:34.527, 22181
2026/09/26 00:38:35.027, 22181
2026/09/26 00:38:35.527, 22181
2026/09/26 00:38:36.027, 22181
2026/09/26 00:38:36.527, 22181
2026/09/26 00:38:37.027, 22181
2026/09/26 00:38:37.528, 22181
2026/09/26 00:38:38.028, 22181
2026/09/26 00:38:38.528, 22181
2026/09/26 00:38:39.028, 22181
2026/09/26 00:38:39.528, 22181
2026/09/26 00:38:40.028, 22181
2026/09/26 00:38:40.528, 22181
2026/09/26 00:38:41.029, 22181
2026/09/26 00:38:41.529, 22181
2026/09/26 00:38:42.029, 22181
2026/09/26 00:38:42.529, 22181
2026/09/26 00:38:43.029, 22181
2026/09/26 00:38:43.529, 22181
2026/09/26 00:38:44.030, 22181
2026/09/26 00:38:44.530, 22181
2026/09/26 00:38:45.030, 22181
2026/09/26 00:38:45.530, 22181
2026/09/26 00:38:46.030, 22181
2026/09/26 00:38:46.530, 22181
2026/09/26 00:38:47.031, 22181
2026/09/26 00:38:47.531, 22181
2026/09/26 00:38:48.031, 22181
2026/09/26 00:38:48.531, 22181
2026/09/26 00:38:49.031, 22181
2026/09/26 00:38:49.531, 22181
2026/09/26 00:38:50.032, 22181
2026/09/26 00:38:50.532, 22181
2026/09/26 00:38:51.032, 22181
2026/09/26 00:38:51.532, 22181
2026/09/26 00:38:52.032, 22181
2026/09/26 00:38:52.532, 22181
2026/09/26 00:38:53.033, 22181
2026/09/26 00:38:53.533, 22181
2026/09/26 00:38:54.033, 22181
2026/09/26 00:38:54.533, 22181
2026/09/26 00:38:55.033, 22181
2026/09/26 00:38:55.533, 22181
2026/09/26 00:38:56.034, 22181
2026/09/26 00:38:56.534, 22181
2026/09/26 00:38:57.034, 22181
2026/09/26 00:38:57.534, 22181
2026/09/26 00:38:58.034, 22181
2026/09/26 00:38:58.534, 22181
2026/09/26 00:38:59.035, 22181
2026/09/26 00:38:59.535, 22181
2026/09/26 00:39:00.035, 22181
2026/09/26 00:39:00.535, 22181
2026/09/26 00:39:01.035, 22181
2026/09/26 00:39:01.535, 22181
2026/09/26 00:39:02.036, 22181
2026/09/26 00:39:02.536, 22181
2026/09/26 00:39:03.036, 22181
2026/09/26 00:39:03.536, 22181
2026/09/26 00:39:04.036, 22181
2026/09/26 00:39:04.536, 22181
2026/09/26 00:39:05.036, 22181
2026/09/26 00:39:05.537, 22181
2026/09/26 00:39:06.037, 22181
2026/09/26 00:39:06.537, 22181
2026/09/26 00:39:07.037, 22181
2026/09/26 00:39:07.537, 22181
2026/09/26 00:39:08.037, 22181
2026/09/26 00:39:08.538, 22181
2026/09/26 00:39:09.038, 22181
2026/09/26 00:39:09.538, 22181
2026/09/26 00:39:10.038, 22181
2026/09/26 00:39:10.538, 22181
2026/09/26 00:39:11.038, 22181
2026/09/26 00:39:11.539, 22181
2026/09/26 00:39:12.039, 22181
2026/09/26 00:39:12.539, 22181
2026/09/26 00:39:13.039, 22181
2026/09/26 00:39:13.539, 22181
2026/09/26 00:39:14.039, 22181
2026/09/26 00:39:14.540, 22181
2026/09/26 00:39:15.040, 22181
2026/09/26 00:39:15.540, 22181
2026/09/26 00:39:16.040, 22181
2026/09/26 00:39:16.540, 22181
2026/09/26 00:39:17.040, 22181
2026/09/26 00:39:17.540, 22181
2026/09/26 00:39:18.041, 22181
2026/09/26 00:39:18.541, 22181
2026/09/26 00:39:19.041, 22181
2026/09/26 00:39:19.541, 22181
2026/09/26 00:39:20.041, 22181
2026/09/26 00:39:20.542, 22181
2026/09/26 00:39:21.042, 22181
2026/09/26 00:39:21.542, 22181
2026/09/26 00:39:22.042, 22181
2026/09/26 00:39:22.542, 22181
2026/09/26 00:39:23.042, 22181
2026/09/26 00:39:23.543, 22181
2026/09/26 00:39:24.043, 22181
2026/09/26 00:39:24.543, 22181
2026/09/26 00:39:25.043, 22181
2026/09/26 00:39:25.543, 22181
2026/09/26 00:39:26.043, 22181
2026/09/26 00:39:26.544, 22181
2026/09/26 00:39:27.044, 22181
2026/09/26 00:39:27.544, 22181
2026/09/26 00:39:28.044, 22181
2026/09/26 00:39:28.544, 22181
2026/09/26 00:39:29.045, 22181
2026/09/26 00:39:29.545, 22181
2026/09/26 00:39:30.045, 22181
2026/09/26 00:39:30.545, 22181
2026/09/26 00:39:31.045, 22181
2026/09/26 00:39:31.545, 22181
2026/09/26 00:39:32.046, 22181
2026/09/26 00:39:32.546, 22181
2026/09/26 00:39:33.046, 22181
2026/09/26 00:39:33.546, 22181
2026/09/26 00:39:34.046, 22181
2026/09/26 00:39:34.546, 22181
2026/09/26 00:39:35.046, 22181
2026/09/26 00:39:35.547, 22181
2026/09/26 00:39:36.047, 22181
2026/09/26 00:39:36.547, 22181
2026/09/26 00:39:37.047, 22181
2026/09/26 00:39:37.547, 22181
2026/09/26 00:39:38.048, 22181
2026/09/26 00:39:38.548, 22181
2026/09/26 00:39:39.048, 22181
2026/09/26 00:39:39.548, 22181
2026/09/26 00:39:40.048, 22181
2026/09/26 00:39:40.548, 22181
2026/09/26 00:39:41.049, 22181
2026/09/26 00:39:41.549, 22181
2026/09/26 00:39:42.049, 22181
2026/09/26 00:39:42.549, 22181
2026/09/26 00:39:43.049, 22181
2026/09/26 00:39:43.549, 22181
2026/09/26 00:39:44.050, 22181
2026/09/26 00:39:44.550, 22181
2026/09/26 00:39:45.050, 22181
2026/09/26 00:39:45.550, 22181
2026/09/26 00:39:46.050, 22181
2026/09/26 00:39:46.550, 22181
2026/09/26 00:39:47.051, 22181
2026/09/26 00:39:47.551, 22181
2026/09/26 00:39:48.051, 22181
2026/09/26 00:39:48.551, 22181
2026/09/26 00:39:49.051, 22181
2026/09/26 00:39:49.551, 22181
2026/09/26 00:39:50.051, 22181
2026/09/26 00:39:50.552, 22181
2026/09/26 00:39:51.052, 22181
2026/09/26 00:39:51.552, 22181
2026/09/26 00:39:52.052, 22181
2026/09/26 00:39:52.552, 22181
2026/09/26 00:39:53.052, 22181
2026/09/26 00:39:53.552, 22181
2026/09/26 00:39:54.053, 22181
2026/09/26 00:39:54.553, 22181
2026/09/26 00:39:55.053, 22181
2026/09/26 00:39:55.553, 22181
2026/09/26 00:39:56.053, 22181
2026/09/26 00:39:56.553, 22181
2026/09/26 00:39:57.053, 22181
2026/09/26 00:39:57.554, 22181
2026/09/26 00:39:58.054, 22181
2026/09/26 00:39:58.554, 22181
2026/09/26 00:39:59.054, 22181
2026/09/26 00:39:59.554, 22181
2026/09/26 00:40:00.054, 22181
2026/09/26 00:40:00.555, 22181
2026/09/26 00:40:01.055, 22181
2026/09/26 00:40:01.555, 22181
2026/09/26 00:40:02.055, 22181
2026/09/26 00:40:02.555, 22181
2026/09/26 00:40:03.055, 22181
2026/09/26 00:40:03.555, 22181
2026/09/26 00:40:04.056, 22181
2026/09/26 00:40:04.556, 22181
2026/09/26 00:40:05.056, 22181
2026/09/26 00:40:05.556, 22181
2026/09/26 00:40:06.056, 22181
2026/09/26 00:40:06.556, 22181
2026/09/26 00:40:07.057, 22181
2026/09/26 00:40:07.557, 22181
2026/09/26 00:40:08.057, 22181
2026/09/26 00:40:08.557, 22181
2026/09/26 00:40:09.073, 22181
2026/09/26 00:40:09.574, 22181
2026/09/26 00:40:10.074, 22181
2026/09/26 00:40:10.574, 22181
2026/09/26 00:40:11.074, 22181
2026/09/26 00:40:11.574, 22181
2026/09/26 00:40:12.074, 22181
2026/09/26 00:40:12.575, 22181
2026/09/26 00:40:13.075, 22181
2026/09/26 00:40:13.575, 22181
2026/09/26 00:40:14.075, 22181
2026/09/26 00:40:14.575, 22181
2026/09/26 00:40:15.075, 22181
2026/09/26 00:40:15.576, 22181
2026/09/26 00:40:16.076, 22181
2026/09/26 00:40:16.576, 22181
2026/09/26 00:40:17.076, 22181
2026/09/26 00:40:17.576, 22181
2026/09/26 00:40:18.076, 22181
2026/09/26 00:40:18.576, 22181
2026/09/26 00:40:19.077, 22181
2026/09/26 00:40:19.577, 22181
2026/09/26 00:40:20.077, 22181
2026/09/26 00:40:20.577, 22181
2026/09/26 00:40:21.077, 22181
2026/09/26 00:40:21.577, 22181
2026/09/26 00:40:22.078, 22181
2026/09/26 00:40:22.578, 22181
2026/09/26 00:40:23.078, 22181
2026/09/26 00:40:23.578, 22181
2026/09/26 00:40:24.078, 22181
2026/09/26 00:40:24.579, 22181
2026/09/26 00:40:25.079, 22181
2026/09/26 00:40:25.579, 22181
2026/09/26 00:40:26.079, 22181
2026/09/26 00:40:26.579, 22181
2026/09/26 00:40:27.079, 22181
2026/09/26 00:40:27.580, 22181
2026/09/26 00:40:28.080, 22181
2026/09/26 00:40:28.580, 22181
2026/09/26 00:40:29.080, 22181
2026/09/26 00:40:29.580, 22181
2026/09/26 00:40:30.080, 22181
2026/09/26 00:40:30.580, 22181
2026/09/26 00:40:31.081, 22181
2026/09/26 00:40:31.581, 22181
2026/09/26 00:40:32.081, 22181
2026/09/26 00:40:32.581, 22181
2026/09/26 00:40:33.081, 22181
2026/09/26 00:40:33.581, 22181
2026/09/26 00:40:34.082, 22181
2026/09/26 00:40:34.582, 22181
2026/09/26 00:40:35.082, 22181
2026/09/26 00:40:35.582, 22181
2026/09/26 00:40:36.082, 22181
2026/09/26 00:40:36.582, 22181
2026/09/26 00:40:37.083, 22181
2026/09/26 00:40:37.583, 22181
2026/09/26 00:40:38.083, 22181
2026/09/26 00:40:38.583, 22181
2026/09/26 00:40:39.083, 22181
2026/09/26 00:40:39.583, 22181
2026/09/26 00:40:40.083, 22181
2026/09/26 00:40:40.584, 22181
2026/09/26 00:40:41.084, 22181
2026/09/26 00:40:41.584, 22181
2026/09/26 00:40:42.084, 22181
2026/09/26 00:40:42.584, 22181
2026/09/26 00:40:43.084, 22181
2026/09/26 00:40:43.584, 22181
2026/09/26 00:40:44.085, 22181
2026/09/26 00:40:44.585, 22181
2026/09/26 00:40:45.085, 22181
2026/09/26 00:40:45.585, 22181
2026/09/26 00:40:46.085, 22181
2026/09/26 00:40:46.585, 22181
2026/09/26 00:40:47.085, 22181
2026/09/26 00:40:47.585, 22181
2026/09/26 00:40:48.086, 22181
2026/09/26 00:40:48.586, 22181
2026/09/26 00:40:49.086, 22181
2026/09/26 00:40:49.586, 22181
2026/09/26 00:40:50.086, 22181
2026/09/26 00:40:50.586, 22181
2026/09/26 00:40:51.086, 22181
2026/09/26 00:40:51.586, 22181
2026/09/26 00:40:52.087, 22181
2026/09/26 00:40:52.587, 22181
2026/09/26 00:40:53.087, 22181
2026/09/26 00:40:53.587, 22181
2026/09/26 00:40:54.087, 22181
2026/09/26 00:40:54.587, 22181
2026/09/26 00:40:55.087, 22181
2026/09/26 00:40:55.587, 22181
2026/09/26 00:40:56.088, 22181
2026/09/26 00:40:56.588, 22181
2026/09/26 00:40:57.088, 22181
2026/09/26 00:40:57.588, 22181
2026/09/26 00:40:58.088, 22181
2026/09/26 00:40:58.588, 22181
2026/09/26 00:40:59.088, 22181
2026/09/26 00:40:59.588, 22181
2026/09/26 00:41:00.089, 22181
2026/09/26 00:41:00.589, 22181
2026/09/26 00:41:01.089, 22181
2026/09/26 00:41:01.589, 22181
2026/09/26 00:41:02.089, 22181
2026/09/26 00:41:02.589, 22181
2026/09/26 00:41:03.089, 22181
2026/09/26 00:41:03.590, 22181
2026/09/26 00:41:04.090, 22181
2026/09/26 00:41:04.590, 22181
2026/09/26 00:41:05.090, 22181
2026/09/26 00:41:05.590, 22181
2026/09/26 00:41:06.090, 22181
2026/09/26 00:41:06.591, 22181
2026/09/26 00:41:07.091, 22181
2026/09/26 00:41:07.591, 22181
2026/09/26 00:41:08.091, 22181
2026/09/26 00:41:08.591, 22181
2026/09/26 00:41:09.091, 22181
2026/09/26 00:41:09.591, 22181
2026/09/26 00:41:10.092, 22181
2026/09/26 00:41:10.592, 22181
2026/09/26 00:41:11.092, 22181
2026/09/26 00:41:11.592, 22181
2026/09/26 00:41:12.092, 22181
2026/09/26 00:41:12.592, 22181
2026/09/26 00:41:13.092, 22181
2026/09/26 00:41:13.593, 22181
2026/09/26 00:41:14.093, 22181
2026/09/26 00:41:14.593, 22181
2026/09/26 00:41:15.093, 22181
2026/09/26 00:41:15.593, 22181
2026/09/26 00:41:16.093, 22181
2026/09/26 00:41:16.594, 22181
2026/09/26 00:41:17.094, 22181
2026/09/26 00:41:17.594, 22181
2026/09/26 00:41:18.094, 22181
2026/09/26 00:41:18.594, 22181
2026/09/26 00:41:19.094, 22181
2026/09/26 00:41:19.594, 22181
2026/09/26 00:41:20.095, 22181
2026/09/26 00:41:20.595, 22181
2026/09/26 00:41:21.095, 22181
2026/09/26 00:41:21.595, 22181
2026/09/26 00:41:22.095, 22181
2026/09/26 00:41:22.595, 22181
2026/09/26 00:41:23.095, 22181
2026/09/26 00:41:23.596, 22181
2026/09/26 00:41:24.096, 22181
2026/09/26 00:41:24.596, 22181
2026/09/26 00:41:25.096, 22181
2026/09/26 00:41:25.596, 22181
2026/09/26 00:41:26.096, 22181
2026/09/26 00:41:26.597, 22181
2026/09/26 00:41:27.097, 22181
2026/09/26 00:41:27.597, 22181
2026/09/26 00:41:28.097, 22181
2026/09/26 00:41:28.597, 22181
2026/09/26 00:41:29.097, 22181
2026/09/26 00:41:29.598, 22181
2026/09/26 00:41:30.098, 22181
2026/09/26 00:41:30.598, 22181
2026/09/26 00:41:31.098, 22181
2026/09/26 00:41:31.598, 22181
2026/09/26 00:41:32.098, 22181
2026/09/26 00:41:32.599, 22181
2026/09/26 00:41:33.099, 22181
2026/09/26 00:41:33.599, 22181
2026/09/26 00:41:34.099, 22181
2026/09/26 00:41:34.599, 22181
2026/09/26 00:41:35.099, 22181
2026/09/26 00:41:35.600, 22181
2026/09/26 00:41:36.100, 22181
2026/09/26 00:41:36.600, 22181
2026/09/26 00:41:37.100, 22181
2026/09/26 00:41:37.600, 22181
2026/09/26 00:41:38.100, 22181
2026/09/26 00:41:38.600, 22181
2026/09/26 00:41:39.101, 22181
2026/09/26 00:41:39.601, 22181
2026/09/26 00:41:40.101, 22181
2026/09/26 00:41:40.601, 22181
2026/09/26 00:41:41.101, 22181
2026/09/26 00:41:41.601, 22181
2026/09/26 00:41:42.102, 22181
2026/09/26 00:41:42.602, 22181
2026/09/26 00:41:43.102, 22181
2026/09/26 00:41:43.602, 22181
2026/09/26 00:41:44.102, 22181
2026/09/26 00:41:44.602, 22181
2026/09/26 00:41:45.103, 22181
2026/09/26 00:41:45.603, 22181
2026/09/26 00:41:46.103, 22181
2026/09/26 00:41:46.603, 22181
2026/09/26 00:41:47.103, 22181
2026/09/26 00:41:47.603, 22181
2026/09/26 00:41:48.104, 22181
2026/09/26 00:41:48.604, 22181
2026/09/26 00:41:49.104, 22181
2026/09/26 00:41:49.604, 22181
2026/09/26 00:41:50.104, 22181
2026/09/26 00:41:50.604, 22181
2026/09/26 00:41:51.105, 22181
2026/09/26 00:41:51.605, 22181
2026/09/26 00:41:52.105, 22181
2026/09/26 00:41:52.605, 22181
2026/09/26 00:41:53.105, 22181
2026/09/26 00:41:53.605, 22181
2026/09/26 00:41:54.106, 22181
2026/09/26 00:41:54.606, 22181
2026/09/26 00:41:55.106, 22181
2026/09/26 00:41:55.606, 22181
2026/09/26 00:41:56.106, 22181
2026/09/26 00:41:56.606, 22181
2026/09/26 00:41:57.107, 22181
2026/09/26 00:41:57.607, 22181
2026/09/26 00:41:58.107, 22181
2026/09/26 00:41:58.607, 22181
2026/09/26 00:41:59.107, 22181
2026/09/26 00:41:59.607, 22181
2026/09/26 00:42:00.108, 22181
2026/09/26 00:42:00.608, 22181
2026/09/26 00:42:01.108, 22181
2026/09/26 00:42:01.608, 22181
2026/09/26 00:42:02.108, 22181
2026/09/26 00:42:02.608, 22181
2026/09/26 00:42:03.109, 22181
2026/09/26 00:42:03.609, 22181
2026/09/26 00:42:04.109, 22181
2026/09/26 00:42:04.609, 22181
2026/09/26 00:42:05.109, 22181
2026/09/26 00:42:05.609, 22181
2026/09/26 00:42:06.109, 22181
2026/09/26 00:42:06.610, 22181
2026/09/26 00:42:07.110, 22181
2026/09/26 00:42:07.610, 22181
2026/09/26 00:42:08.110, 22181
2026/09/26 00:42:08.610, 22181
2026/09/26 00:42:09.110, 22181
2026/09/26 00:42:09.610, 22181
2026/09/26 00:42:10.111, 22181
2026/09/26 00:42:10.611, 22181
2026/09/26 00:42:11.111, 22181
2026/09/26 00:42:11.611, 22181
2026/09/26 00:42:12.111, 22181
2026/09/26 00:42:12.611, 22181
2026/09/26 00:42:13.112, 22181
2026/09/26 00:42:13.612, 22181
2026/09/26 00:42:14.112, 22181
2026/09/26 00:42:14.612, 22181
2026/09/26 00:42:15.112, 22181
2026/09/26 00:42:15.612, 22181
2026/09/26 00:42:16.112, 22181
2026/09/26 00:42:16.613, 22181
2026/09/26 00:42:17.113, 22181
2026/09/26 00:42:17.613, 22181
2026/09/26 00:42:18.113, 22181
2026/09/26 00:42:18.613, 22181
2026/09/26 00:42:19.113, 22181
2026/09/26 00:42:19.614, 22181
2026/09/26 00:42:20.114, 22181
2026/09/26 00:42:20.614, 22181
2026/09/26 00:42:21.114, 22181
2026/09/26 00:42:21.614, 22181
2026/09/26 00:42:22.114, 22181
2026/09/26 00:42:22.614, 22181
2026/09/26 00:42:23.115, 22181
2026/09/26 00:42:23.615, 22181
2026/09/26 00:42:24.115, 22181
2026/09/26 00:42:24.615, 22181
2026/09/26 00:42:25.115, 22181
2026/09/26 00:42:25.615, 22181
2026/09/26 00:42:26.115, 22181
2026/09/26 00:42:26.616, 22181
2026/09/26 00:42:27.116, 22181
2026/09/26 00:42:27.616, 22181
2026/09/26 00:42:28.116, 22181
2026/09/26 00:42:28.616, 22181
2026/09/26 00:42:29.116, 22181
2026/09/26 00:42:29.616, 22181
2026/09/26 00:42:30.117, 22181
2026/09/26 00:42:30.617, 22181
2026/09/26 00:42:31.117, 22181
2026/09/26 00:42:31.617, 22181
2026/09/26 00:42:32.117, 22181
2026/09/26 00:42:32.617, 22181
2026/09/26 00:42:33.117, 22181
2026/09/26 00:42:33.618, 22181
2026/09/26 00:42:34.118, 22181
2026/09/26 00:42:34.618, 22181
2026/09/26 00:42:35.118, 22181
2026/09/26 00:42:35.618, 22181
2026/09/26 00:42:36.118, 22181
2026/09/26 00:42:36.618, 22181
2026/09/26 00:42:37.119, 22181
2026/09/26 00:42:37.619, 22181
2026/09/26 00:42:38.119, 22181
2026/09/26 00:42:38.619, 22181
2026/09/26 00:42:39.119, 22181
2026/09/26 00:42:39.619, 22181
2026/09/26 00:42:40.119, 22181
2026/09/26 00:42:40.620, 22181
2026/09/26 00:42:41.120, 22181
2026/09/26 00:42:41.620, 22181
2026/09/26 00:42:42.120, 22181
2026/09/26 00:42:42.620, 22181
2026/09/26 00:42:43.120, 22181
2026/09/26 00:42:43.621, 22181
2026/09/26 00:42:44.121, 22181
2026/09/26 00:42:44.621, 22181
2026/09/26 00:42:45.121, 22181
2026/09/26 00:42:45.621, 22181
2026/09/26 00:42:46.121, 22181
2026/09/26 00:42:46.621, 22181
2026/09/26 00:42:47.122, 22181
2026/09/26 00:42:47.622, 22181
2026/09/26 00:42:48.122, 22181
2026/09/26 00:42:48.622, 22181
2026/09/26 00:42:49.122, 22181
2026/09/26 00:42:49.622, 22181
2026/09/26 00:42:50.123, 22181
2026/09/26 00:42:50.623, 22181
2026/09/26 00:42:51.123, 22181
2026/09/26 00:42:51.623, 22181
2026/09/26 00:42:52.123, 22181
2026/09/26 00:42:52.623, 22181
2026/09/26 00:42:53.124, 22181
2026/09/26 00:42:53.624, 22181
2026/09/26 00:42:54.124, 22181
2026/09/26 00:42:54.624, 22181
2026/09/26 00:42:55.124, 22181
2026/09/26 00:42:55.624, 22181
2026/09/26 00:42:56.125, 22181
2026/09/26 00:42:56.625, 22181
2026/09/26 00:42:57.125, 22181
2026/09/26 00:42:57.625, 22181
2026/09/26 00:42:58.125, 22181
2026/09/26 00:42:58.626, 22181
2026/09/26 00:42:59.126, 22181
2026/09/26 00:42:59.626, 22181
2026/09/26 00:43:00.126, 22181
2026/09/26 00:43:00.626, 22181
2026/09/26 00:43:01.126, 22181
2026/09/26 00:43:01.627, 22181
2026/09/26 00:43:02.127, 22181
2026/09/26 00:43:02.627, 22181
2026/09/26 00:43:03.127, 22181
2026/09/26 00:43:03.627, 22181
2026/09/26 00:43:04.127, 22181
2026/09/26 00:43:04.628, 22181
2026/09/26 00:43:05.128, 22181
2026/09/26 00:43:05.628, 22181
2026/09/26 00:43:06.128, 22181
2026/09/26 00:43:06.628, 22181
2026/09/26 00:43:07.129, 22181
2026/09/26 00:43:07.629, 22181
2026/09/26 00:43:08.129, 22181
2026/09/26 00:43:08.629, 22181
2026/09/26 00:43:09.129, 22181
2026/09/26 00:43:09.629, 22181
2026/09/26 00:43:10.130, 22181
2026/09/26 00:43:10.630, 22181
2026/09/26 00:43:11.130, 22181
2026/09/26 00:43:11.630, 22181
2026/09/26 00:43:12.130, 22181
2026/09/26 00:43:12.630, 22181
2026/09/26 00:43:13.130, 22181
2026/09/26 00:43:13.631, 22181
2026/09/26 00:43:14.131, 22181
2026/09/26 00:43:14.631, 22181
2026/09/26 00:43:15.131, 22181
2026/09/26 00:43:15.631, 22181
2026/09/26 00:43:16.131, 22181
2026/09/26 00:43:16.632, 22181
2026/09/26 00:43:17.132, 22181
2026/09/26 00:43:17.632, 22181
2026/09/26 00:43:18.132, 22181
2026/09/26 00:43:18.632, 22181
2026/09/26 00:43:19.132, 22181
2026/09/26 00:43:19.633, 22181
2026/09/26 00:43:20.133, 22181
2026/09/26 00:43:20.633, 22181
2026/09/26 00:43:21.133, 22181
2026/09/26 00:43:21.633, 22181
2026/09/26 00:43:22.133, 22181
2026/09/26 00:43:22.634, 22181
2026/09/26 00:43:23.134, 22181
2026/09/26 00:43:23.634, 22181
2026/09/26 00:43:24.134, 22181
2026/09/26 00:43:24.634, 22181
2026/09/26 00:43:25.134, 22181
2026/09/26 00:43:25.635, 22181
2026/09/26 00:43:26.135, 22181
2026/09/26 00:43:26.635, 22181
2026/09/26 00:43:27.135, 22181
2026/09/26 00:43:27.635, 22181
2026/09/26 00:43:28.135, 22181
2026/09/26 00:43:28.636, 22181
2026/09/26 00:43:29.136, 22181
2026/09/26 00:43:29.636, 22181
2026/09/26 00:43:30.136, 22181
2026/09/26 00:43:30.636, 22181
2026/09/26 00:43:31.137, 22181
2026/09/26 00:43:31.637, 22181
2026/09/26 00:43:32.137, 22181
2026/09/26 00:43:32.637, 22181
2026/09/26 00:43:33.137, 22181
2026/09/26 00:43:33.637, 22181
2026/09/26 00:43:34.138, 22181
2026/09/26 00:43:34.638, 22181
2026/09/26 00:43:35.138, 22181
2026/09/26 00:43:35.638, 22181
2026/09/26 00:43:36.138, 22181
2026/09/26 00:43:36.638, 22181
2026/09/26 00:43:37.138, 22181
2026/09/26 00:43:37.639, 22181
2026/09/26 00:43:38.139, 22181
2026/09/26 00:43:38.639, 22181
2026/09/26 00:43:39.139, 22181
2026/09/26 00:43:39.639, 22181
2026/09/26 00:43:40.139, 22181
2026/09/26 00:43:40.640, 22181
2026/09/26 00:43:41.140, 22181
2026/09/26 00:43:41.640, 22181
2026/09/26 00:43:42.140, 22181
2026/09/26 00:43:42.640, 22181
2026/09/26 00:43:43.141, 22181
2026/09/26 00:43:43.641, 22181
2026/09/26 00:43:44.141, 22181
2026/09/26 00:43:44.641, 22181
2026/09/26 00:43:45.141, 22181
2026/09/26 00:43:45.641, 22181
2026/09/26 00:43:46.142, 22181
2026/09/26 00:43:46.642, 22181
2026/09/26 00:43:47.142, 22181
2026/09/26 00:43:47.642, 22181
2026/09/26 00:43:48.142, 22181
2026/09/26 00:43:48.642, 22181
2026/09/26 00:43:49.142, 22181
2026/09/26 00:43:49.643, 22181
2026/09/26 00:43:50.143, 22181
2026/09/26 00:43:50.643, 22181
2026/09/26 00:43:51.143, 22181
2026/09/26 00:43:51.643, 22181
2026/09/26 00:43:52.143, 22181
2026/09/26 00:43:52.644, 22181
2026/09/26 00:43:53.144, 22181
2026/09/26 00:43:53.644, 22181
2026/09/26 00:43:54.144, 22181
2026/09/26 00:43:54.644, 22181
2026/09/26 00:43:55.144, 22181
2026/09/26 00:43:55.644, 22181
2026/09/26 00:43:56.145, 22181
2026/09/26 00:43:56.645, 22181
2026/09/26 00:43:57.145, 22181
2026/09/26 00:43:57.645, 22181
2026/09/26 00:43:58.145, 22181
2026/09/26 00:43:58.645, 22181
2026/09/26 00:43:59.145, 22181
2026/09/26 00:43:59.646, 22181
2026/09/26 00:44:00.146, 22181
2026/09/26 00:44:00.646, 22181
2026/09/26 00:44:01.146, 22181
2026/09/26 00:44:01.646, 22181
2026/09/26 00:44:02.146, 22181
2026/09/26 00:44:02.647, 22181
2026/09/26 00:44:03.147, 22181
2026/09/26 00:44:03.647, 22181
2026/09/26 00:44:04.147, 22181
2026/09/26 00:44:04.647, 22181
2026/09/26 00:44:05.147, 22181
2026/09/26 00:44:05.647, 22181
2026/09/26 00:44:06.148, 22181
2026/09/26 00:44:06.648, 22181
2026/09/26 00:44:07.148, 22181
2026/09/26 00:44:07.648, 22181
2026/09/26 00:44:08.148, 22181
2026/09/26 00:44:08.648, 22181
2026/09/26 00:44:09.148, 22181
2026/09/26 00:44:09.649, 22181
2026/09/26 00:44:10.149, 22181
2026/09/26 00:44:10.649, 22181
2026/09/26 00:44:11.149, 22181
2026/09/26 00:44:11.649, 22181
2026/09/26 00:44:12.149, 22181
2026/09/26 00:44:12.650, 22181
2026/09/26 00:44:13.150, 22181
2026/09/26 00:44:13.650, 22181
2026/09/26 00:44:14.150, 22181
2026/09/26 00:44:14.650, 22181
2026/09/26 00:44:15.150, 22181
2026/09/26 00:44:15.651, 22181
2026/09/26 00:44:16.151, 22181
2026/09/26 00:44:16.651, 22181
2026/09/26 00:44:17.151, 22181
2026/09/26 00:44:17.651, 22181
2026/09/26 00:44:18.151, 22181
2026/09/26 00:44:18.652, 22181
2026/09/26 00:44:19.152, 22181
2026/09/26 00:44:19.652, 22181
2026/09/26 00:44:20.152, 22181
2026/09/26 00:44:20.652, 22181
2026/09/26 00:44:21.153, 22181
2026/09/26 00:44:21.653, 22181
2026/09/26 00:44:22.153, 22181
2026/09/26 00:44:22.653, 22181
2026/09/26 00:44:23.153, 22181
2026/09/26 00:44:23.653, 22181
2026/09/26 00:44:24.154, 22181
2026/09/26 00:44:24.654, 22181
2026/09/26 00:44:25.154, 22181
2026/09/26 00:44:25.654, 22181
2026/09/26 00:44:26.154, 22181
2026/09/26 00:44:26.654, 22181
2026/09/26 00:44:27.155, 22181
2026/09/26 00:44:27.655, 22181
2026/09/26 00:44:28.155, 22181
2026/09/26 00:44:28.655, 22181
2026/09/26 00:44:29.155, 22181
2026/09/26 00:44:29.655, 22181
2026/09/26 00:44:30.156, 22181
2026/09/26 00:44:30.656, 22181
2026/09/26 00:44:31.156, 22181
2026/09/26 00:44:31.656, 22181
2026/09/26 00:44:32.156, 22181
2026/09/26 00:44:32.657, 22181
2026/09/26 00:44:33.157, 22181
2026/09/26 00:44:33.657, 22181
2026/09/26 00:44:34.157, 22181
2026/09/26 00:44:34.657, 22181
2026/09/26 00:44:35.157, 22181
2026/09/26 00:44:35.658, 22181
2026/09/26 00:44:36.158, 22181
2026/09/26 00:44:36.658, 22181
2026/09/26 00:44:37.158, 22181
2026/09/26 00:44:37.658, 22181
2026/09/26 00:44:38.158, 22181
2026/09/26 00:44:38.659, 22181
2026/09/26 00:44:39.159, 22181
2026/09/26 00:44:39.659, 22181
2026/09/26 00:44:40.159, 22181
2026/09/26 00:44:40.659, 22181
2026/09/26 00:44:41.159, 22181
2026/09/26 00:44:41.660, 22181
2026/09/26 00:44:42.160, 22181
2026/09/26 00:44:42.660, 22181
2026/09/26 00:44:43.160, 22181
2026/09/26 00:44:43.660, 22181
2026/09/26 00:44:44.160, 22181
2026/09/26 00:44:44.661, 22181
2026/09/26 00:44:45.161, 22181
2026/09/26 00:44:45.661, 22181
2026/09/26 00:44:46.161, 22181
2026/09/26 00:44:46.661, 22181
2026/09/26 00:44:47.162, 22181
2026/09/26 00:44:47.662, 22181
2026/09/26 00:44:48.162, 22181
2026/09/26 00:44:48.662, 22181
2026/09/26 00:44:49.162, 22181
2026/09/26 00:44:49.662, 22181
2026/09/26 00:44:50.163, 22181
2026/09/26 00:44:50.663, 22181
2026/09/26 00:44:51.163, 22181
2026/09/26 00:44:51.663, 22181
2026/09/26 00:44:52.163, 22181
2026/09/26 00:44:52.663, 22181
2026/09/26 00:44:53.164, 22181
2026/09/26 00:44:53.664, 22181
2026/09/26 00:44:54.164, 22181
2026/09/26 00:44:54.664, 22181
2026/09/26 00:44:55.164, 22181
2026/09/26 00:44:55.665, 22181
2026/09/26 00:44:56.165, 22181
2026/09/26 00:44:56.665, 22181
2026/09/26 00:44:57.165, 22181
2026/09/26 00:44:57.665, 22181
2026/09/26 00:44:58.165, 22181
2026/09/26 00:44:58.666, 22181
2026/09/26 00:44:59.166, 22181
2026/09/26 00:44:59.666, 22181
2026/09/26 00:45:00.166, 22181
2026/09/26 00:45:00.666, 22181
2026/09/26 00:45:01.166, 22181
2026/09/26 00:45:01.667, 22181
2026/09/26 00:45:02.167, 22181
2026/09/26 00:45:02.667, 22181
2026/09/26 00:45:03.167, 22181
2026/09/26 00:45:03.667, 22181
2026/09/26 00:45:04.167, 22181
2026/09/26 00:45:04.668, 22181
2026/09/26 00:45:05.168, 22181
2026/09/26 00:45:05.668, 22181
2026/09/26 00:45:06.168, 22181
2026/09/26 00:45:06.668, 22181
2026/09/26 00:45:07.169, 22181
2026/09/26 00:45:07.669, 22181
2026/09/26 00:45:08.169, 22181
2026/09/26 00:45:08.669, 22181
2026/09/26 00:45:09.169, 22181
2026/09/26 00:45:09.669, 22181
2026/09/26 00:45:10.169, 22181
2026/09/26 00:45:10.670, 22181
2026/09/26 00:45:11.170, 22181
2026/09/26 00:45:11.670, 22181
2026/09/26 00:45:12.170, 22181
2026/09/26 00:45:12.670, 22181
2026/09/26 00:45:13.170, 22181
2026/09/26 00:45:13.670, 22181
2026/09/26 00:45:14.171, 22181
2026/09/26 00:45:14.671, 22181
2026/09/26 00:45:15.171, 22181
2026/09/26 00:45:15.671, 22181
2026/09/26 00:45:16.171, 22181
2026/09/26 00:45:16.671, 22181
2026/09/26 00:45:17.171, 22181
2026/09/26 00:45:17.672, 22181
2026/09/26 00:45:18.172, 22181
2026/09/26 00:45:18.672, 22181
2026/09/26 00:45:19.172, 22181
2026/09/26 00:45:19.672, 22181
2026/09/26 00:45:20.172, 22181
2026/09/26 00:45:20.672, 22181
2026/09/26 00:45:21.173, 22181
2026/09/26 00:45:21.673, 22181
2026/09/26 00:45:22.173, 22181
2026/09/26 00:45:22.673, 22181
2026/09/26 00:45:23.173, 22181
2026/09/26 00:45:23.673, 22181
2026/09/26 00:45:24.174, 22181
2026/09/26 00:45:24.674, 22181
2026/09/26 00:45:25.174, 22181
2026/09/26 00:45:25.674, 22181
2026/09/26 00:45:26.174, 22181
2026/09/26 00:45:26.674, 22181
2026/09/26 00:45:27.174, 22181
2026/09/26 00:45:27.675, 22181
2026/09/26 00:45:28.175, 22181
2026/09/26 00:45:28.675, 22181
2026/09/26 00:45:29.175, 22181
2026/09/26 00:45:29.675, 22181
2026/09/26 00:45:30.175, 22181
2026/09/26 00:45:30.675, 22181
2026/09/26 00:45:31.176, 22181
2026/09/26 00:45:31.676, 22181
2026/09/26 00:45:32.176, 22181
2026/09/26 00:45:32.676, 22181
2026/09/26 00:45:33.176, 22181
2026/09/26 00:45:33.676, 22181
2026/09/26 00:45:34.177, 22181
2026/09/26 00:45:34.677, 22181
2026/09/26 00:45:35.177, 22181
2026/09/26 00:45:35.677, 22181
2026/09/26 00:45:36.177, 22181
2026/09/26 00:45:36.677, 22181
2026/09/26 00:45:37.177, 22181
2026/09/26 00:45:37.678, 22181
2026/09/26 00:45:38.178, 22181
2026/09/26 00:45:38.678, 22181
2026/09/26 00:45:39.178, 22181
2026/09/26 00:45:39.678, 22181
2026/09/26 00:45:40.178, 22181
2026/09/26 00:45:40.679, 22181
2026/09/26 00:45:41.179, 22181
2026/09/26 00:45:41.679, 22181
2026/09/26 00:45:42.179, 22181
2026/09/26 00:45:42.679, 22181
2026/09/26 00:45:43.179, 22181
2026/09/26 00:45:43.679, 22181
2026/09/26 00:45:44.179, 22181
2026/09/26 00:45:44.680, 22181
2026/09/26 00:45:45.180, 22181
2026/09/26 00:45:45.680, 22181
2026/09/26 00:45:46.180, 22181
2026/09/26 00:45:46.680, 22181
2026/09/26 00:45:47.180, 22181
2026/09/26 00:45:47.680, 22181
2026/09/26 00:45:48.180, 22181
2026/09/26 00:45:48.681, 22181
2026/09/26 00:45:49.181, 22181
2026/09/26 00:45:49.681, 22181
2026/09/26 00:45:50.181, 22181
2026/09/26 00:45:50.681, 22181
2026/09/26 00:45:51.181, 22181
2026/09/26 00:45:51.682, 22181
2026/09/26 00:45:52.182, 22181
2026/09/26 00:45:52.682, 22181
2026/09/26 00:45:53.182, 22181
2026/09/26 00:45:53.682, 22181
2026/09/26 00:45:54.182, 22181
2026/09/26 00:45:54.682, 22181
2026/09/26 00:45:55.183, 22181
2026/09/26 00:45:55.683, 22181
2026/09/26 00:45:56.183, 22181
2026/09/26 00:45:56.683, 22181
2026/09/26 00:45:57.183, 22181
2026/09/26 00:45:57.683, 22181
2026/09/26 00:45:58.183, 22181
2026/09/26 00:45:58.684, 22181
2026/09/26 00:45:59.184, 22181
2026/09/26 00:45:59.684, 22181
2026/09/26 00:46:00.184, 22181
2026/09/26 00:46:00.684, 22181
2026/09/26 00:46:01.184, 22181
2026/09/26 00:46:01.684, 22181
2026/09/26 00:46:02.184, 22181
2026/09/26 00:46:02.684, 22181
2026/09/26 00:46:03.185, 22181
2026/09/26 00:46:03.685, 22181
2026/09/26 00:46:04.185, 22181
2026/09/26 00:46:04.685, 22181
2026/09/26 00:46:05.185, 22181
2026/09/26 00:46:05.685, 22181
2026/09/26 00:46:06.186, 22181
2026/09/26 00:46:06.686, 22181
2026/09/26 00:46:07.186, 22181
2026/09/26 00:46:07.686, 22181
2026/09/26 00:46:08.186, 22181
2026/09/26 00:46:08.686, 22181
2026/09/26 00:46:09.186, 22181
2026/09/26 00:46:09.687, 22181
2026/09/26 00:46:10.187, 22181
2026/09/26 00:46:10.687, 22181
2026/09/26 00:46:11.187, 22181
2026/09/26 00:46:11.687, 22181
2026/09/26 00:46:12.187, 22181
2026/09/26 00:46:12.688, 22181
2026/09/26 00:46:13.188, 22181
2026/09/26 00:46:13.688, 22181
2026/09/26 00:46:14.188, 22181
2026/09/26 00:46:14.688, 22181
2026/09/26 00:46:15.188, 22181
2026/09/26 00:46:15.689, 22181
2026/09/26 00:46:16.189, 22181
2026/09/26 00:46:16.689, 22181
2026/09/26 00:46:17.189, 22181
2026/09/26 00:46:17.689, 22181
2026/09/26 00:46:18.189, 22181
2026/09/26 00:46:18.690, 22181
2026/09/26 00:46:19.190, 22181
2026/09/26 00:46:19.690, 22181
2026/09/26 00:46:20.190, 22181
2026/09/26 00:46:20.690, 22181
2026/09/26 00:46:21.190, 22181
2026/09/26 00:46:21.690, 22181
2026/09/26 00:46:22.191, 22181
2026/09/26 00:46:22.691, 22181
2026/09/26 00:46:23.191, 22181
2026/09/26 00:46:23.691, 22181
2026/09/26 00:46:24.191, 22181
2026/09/26 00:46:24.691, 22181
2026/09/26 00:46:25.192, 22181
2026/09/26 00:46:25.692, 22181
2026/09/26 00:46:26.192, 22181
2026/09/26 00:46:26.692, 22181
2026/09/26 00:46:27.192, 22181
2026/09/26 00:46:27.692, 22181
2026/09/26 00:46:28.193, 22181
2026/09/26 00:46:28.693, 22181
2026/09/26 00:46:29.193, 22181
2026/09/26 00:46:29.693, 22181
2026/09/26 00:46:30.193, 22181
2026/09/26 00:46:30.693, 22181
2026/09/26 00:46:31.194, 22181
2026/09/26 00:46:31.694, 22181
2026/09/26 00:46:32.194, 22181
2026/09/26 00:46:32.694, 22181
2026/09/26 00:46:33.194, 22181
2026/09/26 00:46:33.694, 22181
2026/09/26 00:46:34.195, 22181
2026/09/26 00:46:34.695, 22181
2026/09/26 00:46:35.195, 22181
2026/09/26 00:46:35.695, 22181
2026/09/26 00:46:36.195, 22181
2026/09/26 00:46:36.695, 22181
2026/09/26 00:46:37.196, 22181
2026/09/26 00:46:37.696, 22181
2026/09/26 00:46:38.196, 22181
2026/09/26 00:46:38.696, 22181
2026/09/26 00:46:39.196, 22181
2026/09/26 00:46:39.696, 22181
2026/09/26 00:46:40.197, 22181
2026/09/26 00:46:40.697, 22181
2026/09/26 00:46:41.197, 22181
2026/09/26 00:46:41.697, 22181
2026/09/26 00:46:42.197, 22181
2026/09/26 00:46:42.697, 22181
2026/09/26 00:46:43.198, 22181
2026/09/26 00:46:43.698, 22181
2026/09/26 00:46:44.198, 22181
2026/09/26 00:46:44.698, 22181
2026/09/26 00:46:45.198, 22181
2026/09/26 00:46:45.698, 22181
2026/09/26 00:46:46.199, 22181
2026/09/26 00:46:46.699, 22181
2026/09/26 00:46:47.199, 22181
2026/09/26 00:46:47.699, 22181
2026/09/26 00:46:48.199, 22181
2026/09/26 00:46:48.699, 22181
2026/09/26 00:46:49.200, 22181
2026/09/26 00:46:49.700, 22181
2026/09/26 00:46:50.200, 22181
2026/09/26 00:46:50.700, 22181
2026/09/26 00:46:51.200, 22181
2026/09/26 00:46:51.700, 22181
2026/09/26 00:46:52.201, 22181
2026/09/26 00:46:52.701, 22181
2026/09/26 00:46:53.201, 22181
2026/09/26 00:46:53.701, 22181
2026/09/26 00:46:54.201, 22181
2026/09/26 00:46:54.701, 22181
2026/09/26 00:46:55.201, 22181
2026/09/26 00:46:55.702, 22181
2026/09/26 00:46:56.202, 22181
2026/09/26 00:46:56.702, 22181
2026/09/26 00:46:57.202, 22181
2026/09/26 00:46:57.702, 22181
2026/09/26 00:46:58.202, 22181
2026/09/26 00:46:58.703, 22181
2026/09/26 00:46:59.203, 22181
2026/09/26 00:46:59.703, 22181
2026/09/26 00:47:00.203, 22181
2026/09/26 00:47:00.703, 22181
2026/09/26 00:47:01.203, 22181
2026/09/26 00:47:01.704, 22181
2026/09/26 00:47:02.204, 22181
2026/09/26 00:47:02.704, 22181
2026/09/26 00:47:03.204, 22181
2026/09/26 00:47:03.704, 22181
2026/09/26 00:47:04.204, 22181
2026/09/26 00:47:04.705, 22181
2026/09/26 00:47:05.205, 22181
2026/09/26 00:47:05.705, 22181
2026/09/26 00:47:06.205, 22181
2026/09/26 00:47:06.705, 22181
2026/09/26 00:47:07.205, 22181
2026/09/26 00:47:07.706, 22181
2026/09/26 00:47:08.206, 22181
2026/09/26 00:47:08.706, 22181
2026/09/26 00:47:09.206, 22181
2026/09/26 00:47:09.706, 22181
2026/09/26 00:47:10.206, 22181
2026/09/26 00:47:10.709, 22181
2026/09/26 00:47:11.209, 22181
2026/09/26 00:47:11.710, 22181
2026/09/26 00:47:12.210, 22181
2026/09/26 00:47:12.710, 22181
2026/09/26 00:47:13.210, 22181
2026/09/26 00:47:13.710, 22181
2026/09/26 00:47:14.210, 22181
2026/09/26 00:47:14.710, 22181
2026/09/26 00:47:15.211, 22181
2026/09/26 00:47:15.711, 22181
2026/09/26 00:47:16.211, 22181
2026/09/26 00:47:16.711, 22181
2026/09/26 00:47:17.211, 22181
2026/09/26 00:47:17.711, 22181
2026/09/26 00:47:18.211, 22181
2026/09/26 00:47:18.712, 22181
2026/09/26 00:47:19.212, 22181
2026/09/26 00:47:19.712, 22181
2026/09/26 00:47:20.212, 22181
2026/09/26 00:47:20.712, 22181
2026/09/26 00:47:21.212, 22181
2026/09/26 00:47:21.713, 22181
2026/09/26 00:47:22.213, 22181
2026/09/26 00:47:22.713, 22181
2026/09/26 00:47:23.213, 22181
2026/09/26 00:47:23.713, 22181
2026/09/26 00:47:24.213, 22181
2026/09/26 00:47:24.713, 22181
2026/09/26 00:47:25.214, 22181
2026/09/26 00:47:25.714, 22181
2026/09/26 00:47:26.214, 22181
2026/09/26 00:47:26.714, 22181
2026/09/26 00:47:27.214, 22181
2026/09/26 00:47:27.714, 22181
2026/09/26 00:47:28.214, 22181
2026/09/26 00:47:28.715, 22181
2026/09/26 00:47:29.215, 22181
2026/09/26 00:47:29.715, 22181
2026/09/26 00:47:30.215, 22181
2026/09/26 00:47:30.715, 22181
2026/09/26 00:47:31.215, 22181
2026/09/26 00:47:31.715, 22181
2026/09/26 00:47:32.216, 22181
2026/09/26 00:47:32.716, 22181
2026/09/26 00:47:33.216, 22181
2026/09/26 00:47:33.716, 22181
2026/09/26 00:47:34.216, 22181
2026/09/26 00:47:34.716, 22181
2026/09/26 00:47:35.216, 22181
2026/09/26 00:47:35.717, 22181
2026/09/26 00:47:36.217, 22181
2026/09/26 00:47:36.717, 22181
2026/09/26 00:47:37.217, 22181
2026/09/26 00:47:37.717, 22181
2026/09/26 00:47:38.217, 22181
2026/09/26 00:47:38.718, 22181
2026/09/26 00:47:39.218, 22181
2026/09/26 00:47:39.718, 22181
2026/09/26 00:47:40.218, 22181
2026/09/26 00:47:40.718, 22181
2026/09/26 00:47:41.218, 22181
2026/09/26 00:47:41.719, 22181
2026/09/26 00:47:42.219, 22181
2026/09/26 00:47:42.719, 22181
2026/09/26 00:47:43.219, 22181
2026/09/26 00:47:43.719, 22181
2026/09/26 00:47:44.219, 22181
2026/09/26 00:47:44.720, 22181
2026/09/26 00:47:45.220, 22181
2026/09/26 00:47:45.720, 22181
2026/09/26 00:47:46.220, 22181
2026/09/26 00:47:46.720, 22181
2026/09/26 00:47:47.220, 22181
2026/09/26 00:47:47.721, 22181
2026/09/26 00:47:48.221, 22181
2026/09/26 00:47:48.721, 22181
2026/09/26 00:47:49.221, 22181
2026/09/26 00:47:49.721, 22181
2026/09/26 00:47:50.221, 22181
2026/09/26 00:47:50.722, 22181
2026/09/26 00:47:51.222, 22181
2026/09/26 00:47:51.722, 22181
2026/09/26 00:47:52.222, 22181
2026/09/26 00:47:52.722, 22181
2026/09/26 00:47:53.222, 22181
2026/09/26 00:47:53.723, 22181
2026/09/26 00:47:54.223, 22181
2026/09/26 00:47:54.723, 22181
2026/09/26 00:47:55.223, 22181
2026/09/26 00:47:55.723, 22181
2026/09/26 00:47:56.223, 22181
2026/09/26 00:47:56.724, 22181
2026/09/26 00:47:57.224, 22181
2026/09/26 00:47:57.724, 22181
2026/09/26 00:47:58.224, 22181
2026/09/26 00:47:58.724, 22181
2026/09/26 00:47:59.224, 22181
2026/09/26 00:47:59.725, 22181
2026/09/26 00:48:00.225, 22181
2026/09/26 00:48:00.725, 22181
2026/09/26 00:48:01.225, 22181
2026/09/26 00:48:01.725, 22181
2026/09/26 00:48:02.225, 22181
2026/09/26 00:48:02.726, 22181
2026/09/26 00:48:03.226, 22181
2026/09/26 00:48:03.726, 22181
2026/09/26 00:48:04.226, 22181
2026/09/26 00:48:04.726, 22181
2026/09/26 00:48:05.226, 22181
2026/09/26 00:48:05.726, 22181
2026/09/26 00:48:06.227, 22181
2026/09/26 00:48:06.727, 22181
2026/09/26 00:48:07.227, 22181
2026/09/26 00:48:07.727, 22181
2026/09/26 00:48:08.227, 22181
2026/09/26 00:48:08.727, 22181
2026/09/26 00:48:09.228, 22181
2026/09/26 00:48:09.728, 22181
2026/09/26 00:48:10.228, 22181
2026/09/26 00:48:10.728, 22181
2026/09/26 00:48:11.228, 22181
2026/09/26 00:48:11.728, 22181
2026/09/26 00:48:12.229, 22181
2026/09/26 00:48:12.729, 22181
2026/09/26 00:48:13.229, 22181
2026/09/26 00:48:13.729, 22181
2026/09/26 00:48:14.229, 22181
2026/09/26 00:48:14.729, 22181
2026/09/26 00:48:15.229, 22181
2026/09/26 00:48:15.730, 22181
2026/09/26 00:48:16.230, 22181
2026/09/26 00:48:16.730, 22181
2026/09/26 00:48:17.230, 22181
2026/09/26 00:48:17.730, 22181
2026/09/26 00:48:18.230, 22181
2026/09/26 00:48:18.731, 22181
2026/09/26 00:48:19.231, 22181
2026/09/26 00:48:19.731, 22181
2026/09/26 00:48:20.231, 22181
2026/09/26 00:48:20.731, 22181
2026/09/26 00:48:21.231, 22181
2026/09/26 00:48:21.731, 22181
2026/09/26 00:48:22.232, 22181
2026/09/26 00:48:22.732, 22181
2026/09/26 00:48:23.232, 22181
2026/09/26 00:48:23.732, 22181
2026/09/26 00:48:24.232, 22181
2026/09/26 00:48:24.732, 22181
2026/09/26 00:48:25.233, 22181
2026/09/26 00:48:25.733, 22181
2026/09/26 00:48:26.233, 22181
2026/09/26 00:48:26.733, 22181
2026/09/26 00:48:27.233, 22181
2026/09/26 00:48:27.733, 22181
2026/09/26 00:48:28.233, 22181
2026/09/26 00:48:28.734, 22181
2026/09/26 00:48:29.234, 22181
2026/09/26 00:48:29.734, 22181
2026/09/26 00:48:30.234, 22181
2026/09/26 00:48:30.734, 22181
2026/09/26 00:48:31.234, 22181
2026/09/26 00:48:31.735, 22181
2026/09/26 00:48:32.235, 22181
2026/09/26 00:48:32.735, 22181
2026/09/26 00:48:33.235, 22181
2026/09/26 00:48:33.735, 22181
2026/09/26 00:48:34.235, 22181
2026/09/26 00:48:34.735, 22181
2026/09/26 00:48:35.236, 22181
2026/09/26 00:48:35.736, 22181
2026/09/26 00:48:36.236, 22181
2026/09/26 00:48:36.736, 22181
2026/09/26 00:48:37.236, 22181
2026/09/26 00:48:37.736, 22181
2026/09/26 00:48:38.237, 22181
2026/09/26 00:48:38.737, 22181
2026/09/26 00:48:39.237, 22181
2026/09/26 00:48:39.737, 22181
2026/09/26 00:48:40.237, 22181
2026/09/26 00:48:40.737, 22181
2026/09/26 00:48:41.238, 22181
2026/09/26 00:48:41.738, 22181
2026/09/26 00:48:42.238, 22181
2026/09/26 00:48:42.738, 22181
2026/09/26 00:48:43.238, 22181
2026/09/26 00:48:43.738, 22181
2026/09/26 00:48:44.239, 22181
2026/09/26 00:48:44.739, 22181
2026/09/26 00:48:45.239, 22181
2026/09/26 00:48:45.739, 22181
2026/09/26 00:48:46.239, 22181
2026/09/26 00:48:46.739, 22181
2026/09/26 00:48:47.240, 22181
2026/09/26 00:48:47.740, 22181
2026/09/26 00:48:48.246, 22181
2026/09/26 00:48:48.746, 22181
2026/09/26 00:48:49.246, 22181
2026/09/26 00:48:49.746, 22181
2026/09/26 00:48:50.247, 22181
2026/09/26 00:48:50.747, 22181
2026/09/26 00:48:51.247, 22181
2026/09/26 00:48:51.747, 22181
2026/09/26 00:48:52.247, 22181
2026/09/26 00:48:52.747, 22181
2026/09/26 00:48:53.247, 22181
2026/09/26 00:48:53.748, 22181
2026/09/26 00:48:54.248, 22181
2026/09/26 00:48:54.748, 22181
2026/09/26 00:48:55.248, 22181
2026/09/26 00:48:55.748, 22181
2026/09/26 00:48:56.248, 22181
2026/09/26 00:48:56.748, 22181
2026/09/26 00:48:57.249, 22181
2026/09/26 00:48:57.749, 22181
2026/09/26 00:48:58.249, 22181
2026/09/26 00:48:58.749, 22181
2026/09/26 00:48:59.249, 22181
2026/09/26 00:48:59.749, 22181
2026/09/26 00:49:00.249, 22181
2026/09/26 00:49:00.750, 22181
2026/09/26 00:49:01.250, 22181
2026/09/26 00:49:01.750, 22181
2026/09/26 00:49:02.250, 22181
2026/09/26 00:49:02.750, 22181
2026/09/26 00:49:03.250, 22181
2026/09/26 00:49:03.750, 22181
2026/09/26 00:49:04.251, 22181
2026/09/26 00:49:04.751, 22181
2026/09/26 00:49:05.251, 22181
2026/09/26 00:49:05.751, 22181
2026/09/26 00:49:06.251, 22181
2026/09/26 00:49:06.751, 22181
2026/09/26 00:49:07.251, 22181
2026/09/26 00:49:07.752, 22181
2026/09/26 00:49:08.252, 22181
2026/09/26 00:49:08.752, 22181
2026/09/26 00:49:09.252, 22181
2026/09/26 00:49:09.752, 22181
2026/09/26 00:49:10.253, 22181
2026/09/26 00:49:10.753, 22181
2026/09/26 00:49:11.253, 22181
2026/09/26 00:49:11.753, 22181
2026/09/26 00:49:12.253, 22181
2026/09/26 00:49:12.753, 22181
2026/09/26 00:49:13.254, 22181
2026/09/26 00:49:13.754, 22181
2026/09/26 00:49:14.254, 22181
2026/09/26 00:49:14.754, 22181
2026/09/26 00:49:15.254, 22181
2026/09/26 00:49:15.754, 22181
2026/09/26 00:49:16.254, 22181
2026/09/26 00:49:16.755, 22181
2026/09/26 00:49:17.255, 22181
2026/09/26 00:49:17.755, 22181
2026/09/26 00:49:18.255, 22181
2026/09/26 00:49:18.755, 22181
2026/09/26 00:49:19.255, 22181
2026/09/26 00:49:19.755, 22181
2026/09/26 00:49:20.256, 22181
2026/09/26 00:49:20.756, 22181
2026/09/26 00:49:21.256, 22181
2026/09/26 00:49:21.756, 22181
2026/09/26 00:49:22.256, 22181
2026/09/26 00:49:22.756, 22181
2026/09/26 00:49:23.256, 22181
2026/09/26 00:49:23.757, 22181
2026/09/26 00:49:24.257, 22181
2026/09/26 00:49:24.757, 22181
2026/09/26 00:49:25.257, 22181
2026/09/26 00:49:25.757, 22181
2026/09/26 00:49:26.257, 22181
2026/09/26 00:49:26.757, 22181
2026/09/26 00:49:27.258, 22181
2026/09/26 00:49:27.758, 22181
2026/09/26 00:49:28.258, 22181
2026/09/26 00:49:28.758, 22181
2026/09/26 00:49:29.258, 22181
2026/09/26 00:49:29.758, 22181
2026/09/26 00:49:30.258, 22181
2026/09/26 00:49:30.758, 22181
2026/09/26 00:49:31.259, 22181
2026/09/26 00:49:31.759, 22181
2026/09/26 00:49:32.259, 22181
2026/09/26 00:49:32.759, 22181
2026/09/26 00:49:33.259, 22181
2026/09/26 00:49:33.759, 22181
2026/09/26 00:49:34.259, 22181
2026/09/26 00:49:34.760, 22181
2026/09/26 00:49:35.260, 22181
2026/09/26 00:49:35.760, 22181
2026/09/26 00:49:36.260, 22181
2026/09/26 00:49:36.760, 22181
2026/09/26 00:49:37.260, 22181
2026/09/26 00:49:37.761, 22181
2026/09/26 00:49:38.261, 22181
2026/09/26 00:49:38.761, 22181
2026/09/26 00:49:39.261, 22181
2026/09/26 00:49:39.761, 22181
2026/09/26 00:49:40.261, 22181
2026/09/26 00:49:40.761, 22181
2026/09/26 00:49:41.262, 22181
2026/09/26 00:49:41.762, 22181
2026/09/26 00:49:42.262, 22181
2026/09/26 00:49:42.762, 22181
2026/09/26 00:49:43.262, 22181
2026/09/26 00:49:43.762, 22181
2026/09/26 00:49:44.263, 22181
2026/09/26 00:49:44.763, 22181
2026/09/26 00:49:45.263, 22181
2026/09/26 00:49:45.763, 22181
2026/09/26 00:49:46.263, 22181
2026/09/26 00:49:46.763, 22181
2026/09/26 00:49:47.263, 22181
2026/09/26 00:49:47.764, 22181
2026/09/26 00:49:48.264, 22181
2026/09/26 00:49:48.764, 22181
2026/09/26 00:49:49.264, 22181
2026/09/26 00:49:49.764, 22181
2026/09/26 00:49:50.264, 22181
2026/09/26 00:49:50.765, 22181
2026/09/26 00:49:51.265, 22181
2026/09/26 00:49:51.765, 22181
2026/09/26 00:49:52.265, 22181
2026/09/26 00:49:52.765, 22181
2026/09/26 00:49:53.265, 22181
2026/09/26 00:49:53.766, 22181
2026/09/26 00:49:54.266, 22181
2026/09/26 00:49:54.766, 22181
2026/09/26 00:49:55.266, 22181
2026/09/26 00:49:55.766, 22181
2026/09/26 00:49:56.267, 22181
2026/09/26 00:49:56.767, 22181
2026/09/26 00:49:57.267, 22181
2026/09/26 00:49:57.767, 22181
2026/09/26 00:49:58.267, 22181
2026/09/26 00:49:58.767, 22181
2026/09/26 00:49:59.267, 22181
2026/09/26 00:49:59.768, 22181
2026/09/26 00:50:00.268, 22181
2026/09/26 00:50:00.768, 22181
2026/09/26 00:50:01.268, 22181
2026/09/26 00:50:01.768, 22181
2026/09/26 00:50:02.268, 22181
2026/09/26 00:50:02.769, 22181
2026/09/26 00:50:03.269, 22181
2026/09/26 00:50:03.769, 22181
2026/09/26 00:50:04.269, 22181
2026/09/26 00:50:04.769, 22181
2026/09/26 00:50:05.269, 22181
2026/09/26 00:50:05.770, 22181
2026/09/26 00:50:06.270, 22181
2026/09/26 00:50:06.770, 22181
2026/09/26 00:50:07.270, 22181
2026/09/26 00:50:07.770, 22181
2026/09/26 00:50:08.270, 22181
2026/09/26 00:50:08.771, 22181
2026/09/26 00:50:09.271, 22181
2026/09/26 00:50:09.771, 22181
2026/09/26 00:50:10.271, 22181
2026/09/26 00:50:10.771, 22181
2026/09/26 00:50:11.271, 22181
2026/09/26 00:50:11.772, 22181
2026/09/26 00:50:12.272, 22181
2026/09/26 00:50:12.772, 22181
2026/09/26 00:50:13.272, 22181
2026/09/26 00:50:13.772, 22181
2026/09/26 00:50:14.272, 22181
2026/09/26 00:50:14.773, 22181
2026/09/26 00:50:15.273, 22181
2026/09/26 00:50:15.773, 22181
2026/09/26 00:50:16.273, 22181
2026/09/26 00:50:16.773, 22181
2026/09/26 00:50:17.273, 22181
2026/09/26 00:50:17.773, 22181
2026/09/26 00:50:18.274, 22181
2026/09/26 00:50:18.774, 22181
2026/09/26 00:50:19.274, 22181
2026/09/26 00:50:19.774, 22181
2026/09/26 00:50:20.274, 22181
2026/09/26 00:50:20.774, 22181
2026/09/26 00:50:21.275, 22181
2026/09/26 00:50:21.775, 22181
2026/09/26 00:50:22.275, 22181
2026/09/26 00:50:22.775, 22181
2026/09/26 00:50:23.275, 22181
2026/09/26 00:50:23.775, 22181
2026/09/26 00:50:24.275, 22181
2026/09/26 00:50:24.776, 22181
2026/09/26 00:50:25.276, 22181
2026/09/26 00:50:25.776, 22181
2026/09/26 00:50:26.276, 22181
2026/09/26 00:50:26.776, 22181
2026/09/26 00:50:27.276, 22181
2026/09/26 00:50:27.777, 22181
2026/09/26 00:50:28.277, 22181
2026/09/26 00:50:28.777, 22181
2026/09/26 00:50:29.277, 22181
2026/09/26 00:50:29.777, 22181
2026/09/26 00:50:30.277, 22181
2026/09/26 00:50:30.778, 22181
2026/09/26 00:50:31.278, 22181
2026/09/26 00:50:31.778, 22181
2026/09/26 00:50:32.278, 22181
2026/09/26 00:50:32.778, 22181
2026/09/26 00:50:33.278, 22181
2026/09/26 00:50:33.778, 22181
2026/09/26 00:50:34.279, 22181
2026/09/26 00:50:34.779, 22181
2026/09/26 00:50:35.279, 22181
2026/09/26 00:50:35.779, 22181
2026/09/26 00:50:36.279, 22181
2026/09/26 00:50:36.779, 22181
2026/09/26 00:50:37.280, 22181
2026/09/26 00:50:37.780, 22181
2026/09/26 00:50:38.280, 22181
2026/09/26 00:50:38.780, 22181
2026/09/26 00:50:39.280, 22181
2026/09/26 00:50:39.780, 22181
2026/09/26 00:50:40.281, 22181
2026/09/26 00:50:40.781, 22181
2026/09/26 00:50:41.281, 22181
2026/09/26 00:50:41.781, 22181
2026/09/26 00:50:42.281, 22181
2026/09/26 00:50:42.781, 22181
2026/09/26 00:50:43.282, 22181
2026/09/26 00:50:43.782, 22181
2026/09/26 00:50:44.282, 22181
2026/09/26 00:50:44.782, 22181
2026/09/26 00:50:45.282, 22181
2026/09/26 00:50:45.782, 22181
2026/09/26 00:50:46.283, 22181
2026/09/26 00:50:46.783, 22181
2026/09/26 00:50:47.283, 22181
2026/09/26 00:50:47.783, 22181
2026/09/26 00:50:48.283, 22181
2026/09/26 00:50:48.783, 22181
2026/09/26 00:50:49.283, 22181
2026/09/26 00:50:49.784, 22181
2026/09/26 00:50:50.284, 22181
2026/09/26 00:50:50.784, 22181
2026/09/26 00:50:51.284, 22181
2026/09/26 00:50:51.784, 22181
2026/09/26 00:50:52.284, 22181
2026/09/26 00:50:52.785, 22181
2026/09/26 00:50:53.285, 22181
2026/09/26 00:50:53.785, 22181
2026/09/26 00:50:54.285, 22181
2026/09/26 00:50:54.785, 22181
2026/09/26 00:50:55.285, 22181
2026/09/26 00:50:55.786, 22181
2026/09/26 00:50:56.286, 22181
2026/09/26 00:50:56.786, 22181
2026/09/26 00:50:57.286, 22181
2026/09/26 00:50:57.786, 22181
2026/09/26 00:50:58.286, 22181
2026/09/26 00:50:58.787, 22181
2026/09/26 00:50:59.287, 22181
2026/09/26 00:50:59.787, 22181
2026/09/26 00:51:00.287, 22181
2026/09/26 00:51:00.787, 22181
2026/09/26 00:51:01.287, 22181
2026/09/26 00:51:01.788, 22181
2026/09/26 00:51:02.288, 22181
2026/09/26 00:51:02.788, 22181
2026/09/26 00:51:03.288, 22181
2026/09/26 00:51:03.788, 22181
2026/09/26 00:51:04.288, 22181
2026/09/26 00:51:04.789, 22181
2026/09/26 00:51:05.289, 22181
2026/09/26 00:51:05.789, 22181
2026/09/26 00:51:06.289, 22181
2026/09/26 00:51:06.789, 22181
2026/09/26 00:51:07.289, 22181
2026/09/26 00:51:07.790, 22181
2026/09/26 00:51:08.290, 22181
2026/09/26 00:51:08.790, 22181
2026/09/26 00:51:09.290, 22181
2026/09/26 00:51:09.790, 22181
2026/09/26 00:51:10.290, 22181
2026/09/26 00:51:10.791, 22181
2026/09/26 00:51:11.291, 22181
2026/09/26 00:51:11.791, 22181
2026/09/26 00:51:12.291, 22181
2026/09/26 00:51:12.791, 22181
2026/09/26 00:51:13.291, 22181
2026/09/26 00:51:13.792, 22181
2026/09/26 00:51:14.292, 22181
2026/09/26 00:51:14.792, 22181
2026/09/26 00:51:15.292, 22181
2026/09/26 00:51:15.792, 22181
2026/09/26 00:51:16.292, 22181
2026/09/26 00:51:16.793, 22181
2026/09/26 00:51:17.293, 22181
2026/09/26 00:51:17.793, 22181
2026/09/26 00:51:18.293, 22181
2026/09/26 00:51:18.793, 22181
2026/09/26 00:51:19.294, 22181
2026/09/26 00:51:19.794, 22181
2026/09/26 00:51:20.294, 22181
2026/09/26 00:51:20.794, 22181
2026/09/26 00:51:21.294, 22181
2026/09/26 00:51:21.795, 22181
2026/09/26 00:51:22.295, 22181
2026/09/26 00:51:22.795, 22181
2026/09/26 00:51:23.295, 22181
2026/09/26 00:51:23.795, 22181
2026/09/26 00:51:24.295, 22181
2026/09/26 00:51:24.795, 22181
2026/09/26 00:51:25.296, 22181
2026/09/26 00:51:25.796, 22181
2026/09/26 00:51:26.296, 22181
2026/09/26 00:51:26.796, 22181
2026/09/26 00:51:27.296, 22181
2026/09/26 00:51:27.797, 22181
2026/09/26 00:51:28.297, 22181
2026/09/26 00:51:28.797, 22181
2026/09/26 00:51:29.297, 22181
2026/09/26 00:51:29.797, 22181
2026/09/26 00:51:30.297, 22181
2026/09/26 00:51:30.797, 22181
2026/09/26 00:51:31.298, 22181
2026/09/26 00:51:31.798, 22181
2026/09/26 00:51:32.298, 22181
2026/09/26 00:51:32.798, 22181
2026/09/26 00:51:33.298, 22181
2026/09/26 00:51:33.798, 22181
2026/09/26 00:51:34.299, 22181
2026/09/26 00:51:34.799, 22181
2026/09/26 00:51:35.299, 22181
2026/09/26 00:51:35.799, 22181
2026/09/26 00:51:36.299, 22181
2026/09/26 00:51:36.799, 22181
2026/09/26 00:51:37.300, 22181
2026/09/26 00:51:37.800, 22181
2026/09/26 00:51:38.300, 22181
2026/09/26 00:51:38.800, 22181
2026/09/26 00:51:39.300, 22181
2026/09/26 00:51:39.800, 22181
2026/09/26 00:51:40.301, 22181
2026/09/26 00:51:40.801, 22181
2026/09/26 00:51:41.301, 22181
2026/09/26 00:51:41.801, 22181
2026/09/26 00:51:42.301, 22181
2026/09/26 00:51:42.801, 22181
2026/09/26 00:51:43.301, 22181
2026/09/26 00:51:43.802, 22181
2026/09/26 00:51:44.302, 22181
2026/09/26 00:51:44.802, 22181
2026/09/26 00:51:45.302, 22181
2026/09/26 00:51:45.802, 22181
2026/09/26 00:51:46.302, 22181
2026/09/26 00:51:46.803, 22181
2026/09/26 00:51:47.303, 22181
2026/09/26 00:51:47.803, 22181
2026/09/26 00:51:48.303, 22181
2026/09/26 00:51:48.803, 22181
2026/09/26 00:51:49.303, 22181
2026/09/26 00:51:49.803, 22181
2026/09/26 00:51:50.304, 22181
2026/09/26 00:51:50.804, 22181
2026/09/26 00:51:51.304, 22181
2026/09/26 00:51:51.804, 22181
2026/09/26 00:51:52.304, 22181
2026/09/26 00:51:52.804, 22181
2026/09/26 00:51:53.304, 22181
2026/09/26 00:51:53.805, 22181
2026/09/26 00:51:54.305, 22181
2026/09/26 00:51:54.805, 22181
2026/09/26 00:51:55.305, 22181
2026/09/26 00:51:55.805, 22181
2026/09/26 00:51:56.305, 22181
2026/09/26 00:51:56.806, 22181
2026/09/26 00:51:57.306, 22181
2026/09/26 00:51:57.806, 22181
2026/09/26 00:51:58.306, 22181
2026/09/26 00:51:58.806, 22181
2026/09/26 00:51:59.306, 22181
2026/09/26 00:51:59.806, 22181
2026/09/26 00:52:00.307, 22181
2026/09/26 00:52:00.807, 22181
2026/09/26 00:52:01.307, 22181
2026/09/26 00:52:01.807, 22181
2026/09/26 00:52:02.307, 22181
2026/09/26 00:52:02.807, 22181
2026/09/26 00:52:03.308, 22181
2026/09/26 00:52:03.808, 22181
2026/09/26 00:52:04.308, 22181
2026/09/26 00:52:04.808, 22181
2026/09/26 00:52:05.308, 22181
2026/09/26 00:52:05.808, 22181
2026/09/26 00:52:06.308, 22181
2026/09/26 00:52:06.809, 22181
2026/09/26 00:52:07.309, 22181
2026/09/26 00:52:07.809, 22181
2026/09/26 00:52:08.309, 22181
2026/09/26 00:52:08.809, 22181
2026/09/26 00:52:09.309, 22181
2026/09/26 00:52:09.810, 22181
2026/09/26 00:52:10.310, 22181
2026/09/26 00:52:10.810, 22181
2026/09/26 00:52:11.310, 22181
2026/09/26 00:52:11.810, 22181
2026/09/26 00:52:12.310, 22181
2026/09/26 00:52:12.811, 22181
2026/09/26 00:52:13.311, 22181
2026/09/26 00:52:13.811, 22181
2026/09/26 00:52:14.311, 22181
2026/09/26 00:52:14.811, 22181
2026/09/26 00:52:15.311, 22181
2026/09/26 00:52:15.812, 22181
2026/09/26 00:52:16.312, 22181
2026/09/26 00:52:16.813, 22181
2026/09/26 00:52:17.313, 22181
2026/09/26 00:52:17.813, 22181
2026/09/26 00:52:18.313, 22181
2026/09/26 00:52:18.813, 22181
2026/09/26 00:52:19.313, 22181
2026/09/26 00:52:19.814, 22181
2026/09/26 00:52:20.314, 22181
2026/09/26 00:52:20.814, 22181
2026/09/26 00:52:21.314, 22181
2026/09/26 00:52:21.814, 22181
2026/09/26 00:52:22.314, 22181
2026/09/26 00:52:22.815, 22181
2026/09/26 00:52:23.315, 22181
2026/09/26 00:52:23.815, 22181
2026/09/26 00:52:24.315, 22181
2026/09/26 00:52:24.815, 22181
2026/09/26 00:52:25.315, 22181
2026/09/26 00:52:25.815, 22181
2026/09/26 00:52:26.316, 22181
2026/09/26 00:52:26.816, 22181
2026/09/26 00:52:27.316, 22181
2026/09/26 00:52:27.816, 22181
2026/09/26 00:52:28.316, 22181
2026/09/26 00:52:28.816, 22181
2026/09/26 00:52:29.317, 22181
2026/09/26 00:52:29.817, 22181
2026/09/26 00:52:30.317, 22181
2026/09/26 00:52:30.817, 22181
2026/09/26 00:52:31.317, 22181
2026/09/26 00:52:31.817, 22181
2026/09/26 00:52:32.318, 22181
2026/09/26 00:52:32.818, 22181
2026/09/26 00:52:33.318, 22181
2026/09/26 00:52:33.818, 22181
2026/09/26 00:52:34.318, 22181
2026/09/26 00:52:34.818, 22181
2026/09/26 00:52:35.318, 22181
2026/09/26 00:52:35.819, 22181
2026/09/26 00:52:36.319, 22181
2026/09/26 00:52:36.819, 22181
2026/09/26 00:52:37.319, 22181
2026/09/26 00:52:37.819, 22181
2026/09/26 00:52:38.319, 22181
2026/09/26 00:52:38.820, 22181
2026/09/26 00:52:39.320, 22181
2026/09/26 00:52:39.820, 22181
2026/09/26 00:52:40.320, 22181
2026/09/26 00:52:40.821, 22181
2026/09/26 00:52:41.321, 22181
2026/09/26 00:52:41.821, 22181
2026/09/26 00:52:42.321, 22181
2026/09/26 00:52:42.821, 22181
2026/09/26 00:52:43.321, 22181
2026/09/26 00:52:43.822, 22181
2026/09/26 00:52:44.322, 22181
2026/09/26 00:52:44.822, 22181
2026/09/26 00:52:45.322, 22181
2026/09/26 00:52:45.822, 22181
2026/09/26 00:52:46.322, 22181
2026/09/26 00:52:46.823, 22181
2026/09/26 00:52:47.323, 22181
2026/09/26 00:52:47.823, 22181
2026/09/26 00:52:48.323, 22181
2026/09/26 00:52:48.823, 22181
2026/09/26 00:52:49.323, 22181
2026/09/26 00:52:49.824, 22181
2026/09/26 00:52:50.324, 22181
2026/09/26 00:52:50.824, 22181
2026/09/26 00:52:51.324, 22181
2026/09/26 00:52:51.824, 22181
2026/09/26 00:52:52.324, 22181
2026/09/26 00:52:52.825, 22181
2026/09/26 00:52:53.325, 22181
2026/09/26 00:52:53.825, 22181
2026/09/26 00:52:54.325, 22181
2026/09/26 00:52:54.825, 22181
2026/09/26 00:52:55.325, 22181
2026/09/26 00:52:55.826, 22181
2026/09/26 00:52:56.326, 22181
2026/09/26 00:52:56.826, 22181
2026/09/26 00:52:57.326, 22181
2026/09/26 00:52:57.826, 22181
2026/09/26 00:52:58.326, 22181
2026/09/26 00:52:58.827, 22181
2026/09/26 00:52:59.327, 22181
2026/09/26 00:52:59.827, 22181
2026/09/26 00:53:00.327, 22181
2026/09/26 00:53:00.827, 22181
2026/09/26 00:53:01.327, 22181
2026/09/26 00:53:01.828, 22181
2026/09/26 00:53:02.328, 22181
2026/09/26 00:53:02.828, 22181
2026/09/26 00:53:03.328, 22181
2026/09/26 00:53:03.828, 22181
2026/09/26 00:53:04.328, 22181
2026/09/26 00:53:04.829, 22181
2026/09/26 00:53:05.329, 22181
2026/09/26 00:53:05.829, 22181
2026/09/26 00:53:06.329, 22181
2026/09/26 00:53:06.829, 22181
2026/09/26 00:53:07.329, 22181
2026/09/26 00:53:07.830, 22181
2026/09/26 00:53:08.330, 22181
2026/09/26 00:53:08.830, 22181
2026/09/26 00:53:09.330, 22181
2026/09/26 00:53:09.830, 22181
2026/09/26 00:53:10.330, 22181
2026/09/26 00:53:10.831, 22181
2026/09/26 00:53:11.331, 22181
2026/09/26 00:53:11.831, 22181
2026/09/26 00:53:12.331, 22181
2026/09/26 00:53:12.831, 22181
2026/09/26 00:53:13.331, 22181
2026/09/26 00:53:13.831, 22181
2026/09/26 00:53:14.332, 22181
2026/09/26 00:53:14.832, 22181
2026/09/26 00:53:15.332, 22181
2026/09/26 00:53:15.832, 22181
2026/09/26 00:53:16.332, 22181
2026/09/26 00:53:16.832, 22181
2026/09/26 00:53:17.333, 22181
2026/09/26 00:53:17.833, 22181
2026/09/26 00:53:18.333, 22181
2026/09/26 00:53:18.833, 22181
2026/09/26 00:53:19.333, 22181
2026/09/26 00:53:19.833, 22181
2026/09/26 00:53:20.334, 22181
2026/09/26 00:53:20.834, 22181
2026/09/26 00:53:21.334, 22181
2026/09/26 00:53:21.834, 22181
2026/09/26 00:53:22.334, 22181
2026/09/26 00:53:22.834, 22181
2026/09/26 00:53:23.334, 22181
2026/09/26 00:53:23.835, 22181
2026/09/26 00:53:24.335, 22181
2026/09/26 00:53:24.835, 22181
2026/09/26 00:53:25.335, 22181
2026/09/26 00:53:25.835, 22181
2026/09/26 00:53:26.335, 22181
2026/09/26 00:53:26.836, 22181
2026/09/26 00:53:27.336, 22181
2026/09/26 00:53:27.836, 22181
2026/09/26 00:53:28.336, 22181
2026/09/26 00:53:28.836, 22181
2026/09/26 00:53:29.336, 22181
2026/09/26 00:53:29.837, 22181
2026/09/26 00:53:30.337, 22181
2026/09/26 00:53:30.837, 22181
2026/09/26 00:53:31.337, 22181
2026/09/26 00:53:31.837, 22181
2026/09/26 00:53:32.337, 22181
2026/09/26 00:53:32.838, 22181
2026/09/26 00:53:33.338, 22181
2026/09/26 00:53:33.838, 22181
2026/09/26 00:53:34.338, 22181
2026/09/26 00:53:34.838, 22181
2026/09/26 00:53:35.338, 22181
2026/09/26 00:53:35.838, 22181
2026/09/26 00:53:36.339, 22181
2026/09/26 00:53:36.839, 22181
2026/09/26 00:53:37.339, 22181
2026/09/26 00:53:37.839, 22181
2026/09/26 00:53:38.339, 22181
2026/09/26 00:53:38.839, 22181
2026/09/26 00:53:39.340, 22181
2026/09/26 00:53:39.840, 22181
2026/09/26 00:53:40.340, 22181
2026/09/26 00:53:40.840, 22181
2026/09/26 00:53:41.340, 22181
2026/09/26 00:53:41.840, 22181
2026/09/26 00:53:42.341, 22181
2026/09/26 00:53:42.841, 22181
2026/09/26 00:53:43.341, 22181
2026/09/26 00:53:43.841, 22181
2026/09/26 00:53:44.341, 22181
2026/09/26 00:53:44.841, 22181
2026/09/26 00:53:45.342, 22181
2026/09/26 00:53:45.842, 22181
2026/09/26 00:53:46.342, 22181
2026/09/26 00:53:46.842, 22181
2026/09/26 00:53:47.342, 22181
2026/09/26 00:53:47.842, 22181
2026/09/26 00:53:48.342, 22181
2026/09/26 00:53:48.843, 22181
2026/09/26 00:53:49.343, 22181
2026/09/26 00:53:49.843, 22181
2026/09/26 00:53:50.343, 22181
2026/09/26 00:53:50.843, 22181
2026/09/26 00:53:51.343, 22181
2026/09/26 00:53:51.844, 22181
2026/09/26 00:53:52.344, 22181
2026/09/26 00:53:52.844, 22181
2026/09/26 00:53:53.344, 22181
2026/09/26 00:53:53.844, 22181
2026/09/26 00:53:54.344, 22181
2026/09/26 00:53:54.844, 22181
2026/09/26 00:53:55.345, 22181
2026/09/26 00:53:55.845, 22181
2026/09/26 00:53:56.345, 22181
2026/09/26 00:53:56.845, 22181
2026/09/26 00:53:57.345, 22181
2026/09/26 00:53:57.845, 22181
2026/09/26 00:53:58.346, 22181
2026/09/26 00:53:58.846, 22181
2026/09/26 00:53:59.346, 22181
2026/09/26 00:53:59.846, 22181
2026/09/26 00:54:00.346, 22181
2026/09/26 00:54:00.846, 22181
2026/09/26 00:54:01.346, 22181
2026/09/26 00:54:01.847, 22181
2026/09/26 00:54:02.347, 22181
2026/09/26 00:54:02.847, 22181
2026/09/26 00:54:03.347, 22181
2026/09/26 00:54:03.847, 22181
2026/09/26 00:54:04.347, 22181
2026/09/26 00:54:04.848, 22181
2026/09/26 00:54:05.348, 22181
2026/09/26 00:54:05.848, 22181
2026/09/26 00:54:06.348, 22181
2026/09/26 00:54:06.848, 22181
2026/09/26 00:54:07.348, 22181
2026/09/26 00:54:07.848, 22181
2026/09/26 00:54:08.349, 22181
2026/09/26 00:54:08.849, 22181
2026/09/26 00:54:09.349, 22181
2026/09/26 00:54:09.849, 22181
2026/09/26 00:54:10.349, 22181
2026/09/26 00:54:10.849, 22181
2026/09/26 00:54:11.350, 22181
2026/09/26 00:54:11.850, 22181
2026/09/26 00:54:12.350, 22181
2026/09/26 00:54:12.850, 22181
2026/09/26 00:54:13.350, 22181
2026/09/26 00:54:13.850, 22181
2026/09/26 00:54:14.351, 22181
2026/09/26 00:54:14.851, 22181
2026/09/26 00:54:15.351, 22181
2026/09/26 00:54:15.851, 22181
2026/09/26 00:54:16.351, 22181
2026/09/26 00:54:16.851, 22181
2026/09/26 00:54:17.351, 22181
2026/09/26 00:54:17.852, 22181
2026/09/26 00:54:18.352, 22181
2026/09/26 00:54:18.852, 22181
2026/09/26 00:54:19.352, 22181
2026/09/26 00:54:19.852, 22181
2026/09/26 00:54:20.352, 22181
2026/09/26 00:54:20.853, 22181
2026/09/26 00:54:21.353, 22181
2026/09/26 00:54:21.853, 22181
2026/09/26 00:54:22.353, 22181
2026/09/26 00:54:22.853, 22181
2026/09/26 00:54:23.353, 22181
2026/09/26 00:54:23.854, 22181
2026/09/26 00:54:24.354, 22181
2026/09/26 00:54:24.854, 22181
2026/09/26 00:54:25.354, 22181
2026/09/26 00:54:25.854, 22181
2026/09/26 00:54:26.354, 22181
2026/09/26 00:54:26.855, 22181
2026/09/26 00:54:27.355, 22181
2026/09/26 00:54:27.855, 22181
2026/09/26 00:54:28.355, 22181
2026/09/26 00:54:28.855, 22181
2026/09/26 00:54:29.355, 22181
2026/09/26 00:54:29.855, 22181
2026/09/26 00:54:30.356, 22181
2026/09/26 00:54:30.856, 22181
2026/09/26 00:54:31.356, 22181
2026/09/26 00:54:31.856, 22181
2026/09/26 00:54:32.356, 22181
2026/09/26 00:54:32.856, 22181
2026/09/26 00:54:33.357, 22181
2026/09/26 00:54:33.857, 22181
2026/09/26 00:54:34.357, 22181
2026/09/26 00:54:34.857, 22181
2026/09/26 00:54:35.357, 22181
2026/09/26 00:54:35.857, 22181
2026/09/26 00:54:36.358, 22181
2026/09/26 00:54:36.858, 22181
2026/09/26 00:54:37.358, 22181
2026/09/26 00:54:37.858, 22181
2026/09/26 00:54:38.358, 22181
2026/09/26 00:54:38.858, 22181
2026/09/26 00:54:39.359, 22181
2026/09/26 00:54:39.859, 22181
2026/09/26 00:54:40.359, 22181
2026/09/26 00:54:40.859, 22181
2026/09/26 00:54:41.359, 22181
2026/09/26 00:54:41.859, 22181
2026/09/26 00:54:42.360, 22181
2026/09/26 00:54:42.860, 22181
2026/09/26 00:54:43.360, 22181
2026/09/26 00:54:43.860, 22181
2026/09/26 00:54:44.360, 22181
2026/09/26 00:54:44.860, 22181
2026/09/26 00:54:45.361, 22181
2026/09/26 00:54:45.861, 22181
2026/09/26 00:54:46.361, 22181
2026/09/26 00:54:46.861, 22181
2026/09/26 00:54:47.361, 22181
2026/09/26 00:54:47.861, 22181
2026/09/26 00:54:48.361, 22181
2026/09/26 00:54:48.862, 22181
2026/09/26 00:54:49.362, 22181
2026/09/26 00:54:49.862, 22181
2026/09/26 00:54:50.362, 22181
2026/09/26 00:54:50.862, 22181
2026/09/26 00:54:51.362, 22181
2026/09/26 00:54:51.863, 22181
2026/09/26 00:54:52.363, 22181
2026/09/26 00:54:52.863, 22181
2026/09/26 00:54:53.363, 22181
2026/09/26 00:54:53.863, 22181
2026/09/26 00:54:54.363, 22181
2026/09/26 00:54:54.863, 22181
2026/09/26 00:54:55.364, 22181
2026/09/26 00:54:55.864, 22181
2026/09/26 00:54:56.364, 22181
2026/09/26 00:54:56.864, 22181
2026/09/26 00:54:57.364, 22181
2026/09/26 00:54:57.864, 22181
2026/09/26 00:54:58.365, 22181
2026/09/26 00:54:58.865, 22181
2026/09/26 00:54:59.365, 22181
2026/09/26 00:54:59.865, 22181
2026/09/26 00:55:00.365, 22181
2026/09/26 00:55:00.865, 22181
2026/09/26 00:55:01.366, 22181
2026/09/26 00:55:01.866, 22181
2026/09/26 00:55:02.366, 22181
2026/09/26 00:55:02.866, 22181
2026/09/26 00:55:03.366, 22181
2026/09/26 00:55:03.866, 22181
2026/09/26 00:55:04.367, 22181
2026/09/26 00:55:04.867, 22181
2026/09/26 00:55:05.367, 22181
2026/09/26 00:55:05.867, 22181
2026/09/26 00:55:06.367, 22181
2026/09/26 00:55:06.867, 22181
2026/09/26 00:55:07.368, 22181
2026/09/26 00:55:07.868, 22181
2026/09/26 00:55:08.368, 22181
2026/09/26 00:55:08.868, 22181
2026/09/26 00:55:09.368, 22181
2026/09/26 00:55:09.868, 22181
2026/09/26 00:55:10.368, 22181
2026/09/26 00:55:10.869, 22181
2026/09/26 00:55:11.369, 22181
2026/09/26 00:55:11.869, 22181
2026/09/26 00:55:12.369, 22181
2026/09/26 00:55:12.869, 22181
2026/09/26 00:55:13.369, 22181
2026/09/26 00:55:13.869, 22181
2026/09/26 00:55:14.370, 22181
2026/09/26 00:55:14.870, 22181
2026/09/26 00:55:15.370, 22181
2026/09/26 00:55:15.870, 22181
2026/09/26 00:55:16.370, 22181
2026/09/26 00:55:16.870, 22181
2026/09/26 00:55:17.370, 22181
2026/09/26 00:55:17.871, 22181
2026/09/26 00:55:18.371, 22181
2026/09/26 00:55:18.871, 22181
2026/09/26 00:55:19.371, 22181
2026/09/26 00:55:19.871, 22181
2026/09/26 00:55:20.371, 22181
2026/09/26 00:55:20.871, 22181
2026/09/26 00:55:21.372, 22181
2026/09/26 00:55:21.872, 22181
2026/09/26 00:55:22.372, 22181
2026/09/26 00:55:22.872, 22181
2026/09/26 00:55:23.372, 22181
2026/09/26 00:55:23.872, 22181
2026/09/26 00:55:24.373, 22181
2026/09/26 00:55:24.873, 22181
2026/09/26 00:55:25.373, 22181
2026/09/26 00:55:25.873, 22181
2026/09/26 00:55:26.373, 22181
2026/09/26 00:55:26.873, 22181
2026/09/26 00:55:27.373, 22181
2026/09/26 00:55:27.874, 22181
2026/09/26 00:55:28.374, 22181
2026/09/26 00:55:28.874, 22181
2026/09/26 00:55:29.374, 22181
2026/09/26 00:55:29.874, 22181
2026/09/26 00:55:30.374, 22181
2026/09/26 00:55:30.875, 22181
2026/09/26 00:55:31.375, 22181
2026/09/26 00:55:31.875, 22181
2026/09/26 00:55:32.375, 22181
2026/09/26 00:55:32.875, 22181
2026/09/26 00:55:33.375, 22181
2026/09/26 00:55:33.875, 22181
2026/09/26 00:55:34.376, 22181
2026/09/26 00:55:34.876, 22181
2026/09/26 00:55:35.376, 22181
2026/09/26 00:55:35.876, 22181
2026/09/26 00:55:36.376, 22181
2026/09/26 00:55:36.876, 22181
2026/09/26 00:55:37.377, 22181
2026/09/26 00:55:37.877, 22181
2026/09/26 00:55:38.377, 22181
2026/09/26 00:55:38.877, 22181
2026/09/26 00:55:39.377, 22181
2026/09/26 00:55:39.877, 22181
2026/09/26 00:55:40.378, 22181
2026/09/26 00:55:40.878, 22181
2026/09/26 00:55:41.378, 22181
2026/09/26 00:55:41.878, 22181
2026/09/26 00:55:42.378, 22181
2026/09/26 00:55:42.878, 22181
2026/09/26 00:55:43.378, 22181
2026/09/26 00:55:43.879, 22181
2026/09/26 00:55:44.379, 22181
2026/09/26 00:55:44.879, 22181
2026/09/26 00:55:45.379, 22181
2026/09/26 00:55:45.879, 22181
2026/09/26 00:55:46.379, 22181
2026/09/26 00:55:46.880, 22181
2026/09/26 00:55:47.380, 22181
2026/09/26 00:55:47.880, 22181
2026/09/26 00:55:48.380, 22181
2026/09/26 00:55:48.880, 22181
2026/09/26 00:55:49.380, 22181
2026/09/26 00:55:49.880, 22181
2026/09/26 00:55:50.381, 22181
2026/09/26 00:55:50.881, 22181
2026/09/26 00:55:51.381, 22181
2026/09/26 00:55:51.881, 22181
2026/09/26 00:55:52.381, 22181
2026/09/26 00:55:52.881, 22181
2026/09/26 00:55:53.381, 22181
2026/09/26 00:55:53.882, 22181
2026/09/26 00:55:54.382, 22181
2026/09/26 00:55:54.882, 22181
2026/09/26 00:55:55.382, 22181
2026/09/26 00:55:55.882, 22181
2026/09/26 00:55:56.382, 22181
2026/09/26 00:55:56.883, 22181
2026/09/26 00:55:57.383, 22181
2026/09/26 00:55:57.883, 22181
2026/09/26 00:55:58.383, 22181
2026/09/26 00:55:58.883, 22181
2026/09/26 00:55:59.383, 22181
2026/09/26 00:55:59.883, 22181
2026/09/26 00:56:00.384, 22181
2026/09/26 00:56:00.884, 22181
2026/09/26 00:56:01.384, 22181
2026/09/26 00:56:01.884, 22181
2026/09/26 00:56:02.384, 22181
2026/09/26 00:56:02.884, 22181
2026/09/26 00:56:03.385, 22181
2026/09/26 00:56:03.885, 22181
2026/09/26 00:56:04.385, 22181
2026/09/26 00:56:04.885, 22181
2026/09/26 00:56:05.385, 22181
2026/09/26 00:56:05.885, 22181
2026/09/26 00:56:06.386, 22181
2026/09/26 00:56:06.886, 22181
2026/09/26 00:56:07.386, 22181
2026/09/26 00:56:07.886, 22181
2026/09/26 00:56:08.386, 22181
2026/09/26 00:56:08.886, 22181
2026/09/26 00:56:09.386, 22181
2026/09/26 00:56:09.887, 22181
2026/09/26 00:56:10.387, 22181
2026/09/26 00:56:10.887, 22181
2026/09/26 00:56:11.387, 22181
2026/09/26 00:56:11.887, 22181
2026/09/26 00:56:12.387, 22181
2026/09/26 00:56:12.888, 22181
2026/09/26 00:56:13.388, 22181
2026/09/26 00:56:13.888, 22181
2026/09/26 00:56:14.388, 22181
2026/09/26 00:56:14.888, 22181
2026/09/26 00:56:15.388, 22181
2026/09/26 00:56:15.888, 22181
2026/09/26 00:56:16.389, 22181
2026/09/26 00:56:16.889, 22181
2026/09/26 00:56:17.389, 22181
2026/09/26 00:56:17.889, 22181
2026/09/26 00:56:18.389, 22181
2026/09/26 00:56:18.889, 22181
2026/09/26 00:56:19.390, 22181
2026/09/26 00:56:19.890, 22181
2026/09/26 00:56:20.390, 22181
2026/09/26 00:56:20.890, 22181
2026/09/26 00:56:21.390, 22181
2026/09/26 00:56:21.890, 22181
2026/09/26 00:56:22.391, 22181
2026/09/26 00:56:22.891, 22181
2026/09/26 00:56:23.391, 22181
2026/09/26 00:56:23.891, 22181
2026/09/26 00:56:24.391, 22181
2026/09/26 00:56:24.891, 22181
2026/09/26 00:56:25.391, 22181
2026/09/26 00:56:25.892, 22181
2026/09/26 00:56:26.392, 22181
2026/09/26 00:56:26.892, 22181
2026/09/26 00:56:27.392, 22181
2026/09/26 00:56:27.892, 22181
2026/09/26 00:56:28.392, 22181
2026/09/26 00:56:28.893, 22181
2026/09/26 00:56:29.393, 22181
2026/09/26 00:56:29.893, 22181
2026/09/26 00:56:30.402, 22181
2026/09/26 00:56:30.902, 22181
2026/09/26 00:56:31.402, 22181
2026/09/26 00:56:31.902, 22181
2026/09/26 00:56:32.402, 22181
2026/09/26 00:56:32.903, 22181
2026/09/26 00:56:33.403, 22181
2026/09/26 00:56:33.903, 22181
2026/09/26 00:56:34.403, 22181
2026/09/26 00:56:34.903, 22181
2026/09/26 00:56:35.404, 22181
2026/09/26 00:56:35.904, 22181
2026/09/26 00:56:36.404, 22181
2026/09/26 00:56:36.904, 22181
2026/09/26 00:56:37.404, 22181
2026/09/26 00:56:37.904, 22181
2026/09/26 00:56:38.404, 22181
2026/09/26 00:56:38.905, 22181
2026/09/26 00:56:39.405, 22181
2026/09/26 00:56:39.905, 22181
2026/09/26 00:56:40.405, 22181
2026/09/26 00:56:40.905, 22181
2026/09/26 00:56:41.405, 22181
2026/09/26 00:56:41.906, 22181
2026/09/26 00:56:42.406, 22181
2026/09/26 00:56:42.906, 22181
2026/09/26 00:56:43.406, 22181
2026/09/26 00:56:43.906, 22181
2026/09/26 00:56:44.406, 22181
2026/09/26 00:56:44.906, 22181
2026/09/26 00:56:45.407, 22181
2026/09/26 00:56:45.907, 22181
2026/09/26 00:56:46.407, 22181
2026/09/26 00:56:46.907, 22181
2026/09/26 00:56:47.407, 22181
2026/09/26 00:56:47.907, 22181
2026/09/26 00:56:48.408, 22181
2026/09/26 00:56:48.908, 22181
2026/09/26 00:56:49.408, 22181
2026/09/26 00:56:49.908, 22181
2026/09/26 00:56:50.408, 22181
2026/09/26 00:56:50.908, 22181
2026/09/26 00:56:51.408, 22181
2026/09/26 00:56:51.909, 22181
2026/09/26 00:56:52.409, 22181
2026/09/26 00:56:52.909, 22181
2026/09/26 00:56:53.409, 22181
2026/09/26 00:56:53.909, 22181
2026/09/26 00:56:54.409, 22181
2026/09/26 00:56:54.910, 22181
2026/09/26 00:56:55.410, 22181
2026/09/26 00:56:55.910, 22181
2026/09/26 00:56:56.410, 22181
2026/09/26 00:56:56.910, 22181
2026/09/26 00:56:57.410, 22181
2026/09/26 00:56:57.910, 22181
2026/09/26 00:56:58.411, 22181
2026/09/26 00:56:58.911, 22181
2026/09/26 00:56:59.411, 22181
2026/09/26 00:56:59.911, 22181
2026/09/26 00:57:00.411, 22181
2026/09/26 00:57:00.911, 22181
2026/09/26 00:57:01.412, 22181
2026/09/26 00:57:01.912, 22181
2026/09/26 00:57:02.412, 22181
2026/09/26 00:57:02.912, 22181
2026/09/26 00:57:03.412, 22181
2026/09/26 00:57:03.912, 22181
2026/09/26 00:57:04.412, 22181
2026/09/26 00:57:04.913, 22181
2026/09/26 00:57:05.413, 22181
2026/09/26 00:57:05.913, 22181
2026/09/26 00:57:06.413, 22181
2026/09/26 00:57:06.913, 22181
2026/09/26 00:57:07.413, 22181
2026/09/26 00:57:07.914, 22181
2026/09/26 00:57:08.414, 22181
2026/09/26 00:57:08.914, 22181
2026/09/26 00:57:09.414, 22181
2026/09/26 00:57:09.914, 22181
2026/09/26 00:57:10.414, 22181
2026/09/26 00:57:10.914, 22181
2026/09/26 00:57:11.415, 22181
2026/09/26 00:57:11.915, 22181
2026/09/26 00:57:12.415, 22181
2026/09/26 00:57:12.915, 22181
2026/09/26 00:57:13.415, 22181
2026/09/26 00:57:13.915, 22181
2026/09/26 00:57:14.416, 22181
2026/09/26 00:57:14.916, 22181
2026/09/26 00:57:15.416, 22181
2026/09/26 00:57:15.916, 22181
2026/09/26 00:57:16.416, 22181
2026/09/26 00:57:16.916, 22181
2026/09/26 00:57:17.417, 22181
2026/09/26 00:57:17.917, 22181
2026/09/26 00:57:18.417, 22181
2026/09/26 00:57:18.917, 22181
2026/09/26 00:57:19.417, 22181
2026/09/26 00:57:19.917, 22181
2026/09/26 00:57:20.418, 22181
2026/09/26 00:57:20.918, 22181
2026/09/26 00:57:21.418, 22181
2026/09/26 00:57:21.918, 22181
2026/09/26 00:57:22.418, 22181
2026/09/26 00:57:22.918, 22181
2026/09/26 00:57:23.418, 22181
2026/09/26 00:57:23.919, 22181
2026/09/26 00:57:24.419, 22181
2026/09/26 00:57:24.919, 22181
2026/09/26 00:57:25.419, 22181
2026/09/26 00:57:25.919, 22181
2026/09/26 00:57:26.419, 22181
2026/09/26 00:57:26.920, 22181
2026/09/26 00:57:27.420, 22181
2026/09/26 00:57:27.920, 22181
2026/09/26 00:57:28.420, 22181
2026/09/26 00:57:28.920, 22181
2026/09/26 00:57:29.421, 22181
2026/09/26 00:57:29.921, 22181
2026/09/26 00:57:30.421, 22181
2026/09/26 00:57:30.921, 22181
2026/09/26 00:57:31.421, 22181
2026/09/26 00:57:31.921, 22181
2026/09/26 00:57:32.421, 22181
2026/09/26 00:57:32.922, 22181
2026/09/26 00:57:33.422, 22181
2026/09/26 00:57:33.922, 22181
2026/09/26 00:57:34.422, 22181
2026/09/26 00:57:34.922, 22181
2026/09/26 00:57:35.422, 22181
2026/09/26 00:57:35.923, 22181
2026/09/26 00:57:36.423, 22181
2026/09/26 00:57:36.923, 22181
2026/09/26 00:57:37.423, 22181
2026/09/26 00:57:37.923, 22181
2026/09/26 00:57:38.423, 22181
2026/09/26 00:57:38.924, 22181
2026/09/26 00:57:39.424, 22181
2026/09/26 00:57:39.924, 22181
2026/09/26 00:57:40.424, 22181
2026/09/26 00:57:40.924, 22181
2026/09/26 00:57:41.424, 22181
2026/09/26 00:57:41.924, 22181
2026/09/26 00:57:42.425, 22181
2026/09/26 00:57:42.925, 22181
2026/09/26 00:57:43.425, 22181
2026/09/26 00:57:43.925, 22181
2026/09/26 00:57:44.425, 22181
2026/09/26 00:57:44.925, 22181
2026/09/26 00:57:45.426, 22181
2026/09/26 00:57:45.926, 22181
2026/09/26 00:57:46.426, 22181
2026/09/26 00:57:46.926, 22181
2026/09/26 00:57:47.426, 22181
2026/09/26 00:57:47.926, 22181
2026/09/26 00:57:48.427, 22181
2026/09/26 00:57:48.927, 22181
2026/09/26 00:57:49.427, 22181
2026/09/26 00:57:49.927, 22181
2026/09/26 00:57:50.427, 22181
2026/09/26 00:57:50.927, 22181
2026/09/26 00:57:51.428, 22181
2026/09/26 00:57:51.928, 22181
2026/09/26 00:57:52.428, 22181
2026/09/26 00:57:52.928, 22181
2026/09/26 00:57:53.428, 22181
2026/09/26 00:57:53.928, 22181
2026/09/26 00:57:54.429, 22181
2026/09/26 00:57:54.929, 22181
2026/09/26 00:57:55.429, 22181
2026/09/26 00:57:55.929, 22181
2026/09/26 00:57:56.429, 22181
2026/09/26 00:57:56.929, 22613
2026/09/26 00:57:57.430, 22212
2026/09/26 00:57:57.930, 22181
2026/09/26 00:57:58.430, 22181
2026/09/26 00:57:58.930, 22181
2026/09/26 00:57:59.430, 22181
2026/09/26 00:57:59.930, 22181
2026/09/26 00:58:00.430, 22181
2026/09/26 00:58:00.931, 22181
2026/09/26 00:58:01.431, 22181
2026/09/26 00:58:01.931, 22181
2026/09/26 00:58:02.431, 22181
2026/09/26 00:58:02.931, 22181
2026/09/26 00:58:03.431, 22181
2026/09/26 00:58:03.932, 22181
2026/09/26 00:58:04.432, 22181
2026/09/26 00:58:04.932, 22181
2026/09/26 00:58:05.432, 22181
2026/09/26 00:58:05.932, 22181
2026/09/26 00:58:06.433, 22181
2026/09/26 00:58:06.933, 22181
2026/09/26 00:58:07.433, 22181
2026/09/26 00:58:07.933, 22181
2026/09/26 00:58:08.433, 22181
2026/09/26 00:58:08.933, 22181
2026/09/26 00:58:09.434, 22181
2026/09/26 00:58:09.934, 22181
2026/09/26 00:58:10.434, 22181
2026/09/26 00:58:10.934, 22181
2026/09/26 00:58:11.434, 22181
2026/09/26 00:58:11.934, 22181
2026/09/26 00:58:12.435, 22181
2026/09/26 00:58:12.935, 22181
2026/09/26 00:58:13.435, 22181
2026/09/26 00:58:13.935, 22181
2026/09/26 00:58:14.435, 22181
2026/09/26 00:58:14.935, 22181
2026/09/26 00:58:15.436, 22181
2026/09/26 00:58:15.936, 22181
2026/09/26 00:58:16.436, 22181
2026/09/26 00:58:16.936, 22181
2026/09/26 00:58:17.436, 22181
2026/09/26 00:58:17.937, 22181
2026/09/26 00:58:18.437, 22181
2026/09/26 00:58:18.937, 22181
2026/09/26 00:58:19.437, 22181
2026/09/26 00:58:19.937, 22181
2026/09/26 00:58:20.437, 22181
2026/09/26 00:58:20.937, 22181
2026/09/26 00:58:21.438, 22181
2026/09/26 00:58:21.938, 22181
2026/09/26 00:58:22.438, 22181
2026/09/26 00:58:22.938, 22181
2026/09/26 00:58:23.438, 22181
2026/09/26 00:58:23.938, 22181
2026/09/26 00:58:24.439, 22181
2026/09/26 00:58:24.939, 22181
2026/09/26 00:58:25.439, 22181
2026/09/26 00:58:25.939, 22181
2026/09/26 00:58:26.439, 22181
2026/09/26 00:58:26.939, 22181
2026/09/26 00:58:27.439, 22181
2026/09/26 00:58:27.940, 22181
2026/09/26 00:58:28.440, 22181
2026/09/26 00:58:28.940, 22181
2026/09/26 00:58:29.440, 22181
2026/09/26 00:58:29.940, 22181
2026/09/26 00:58:30.440, 22181
2026/09/26 00:58:30.941, 22181
2026/09/26 00:58:31.441, 22181
2026/09/26 00:58:31.941, 22181
2026/09/26 00:58:32.441, 22181
2026/09/26 00:58:32.941, 22181
2026/09/26 00:58:33.441, 22181
2026/09/26 00:58:33.942, 22181
2026/09/26 00:58:34.442, 22181
2026/09/26 00:58:34.942, 22181
2026/09/26 00:58:35.442, 22181
2026/09/26 00:58:35.942, 22181
2026/09/26 00:58:36.442, 22181
2026/09/26 00:58:36.943, 22181
2026/09/26 00:58:37.443, 22181
2026/09/26 00:58:37.943, 22181
2026/09/26 00:58:38.443, 22181
2026/09/26 00:58:38.943, 22181
2026/09/26 00:58:39.443, 22181
2026/09/26 00:58:39.944, 22181
2026/09/26 00:58:40.444, 22181
2026/09/26 00:58:40.944, 22181
2026/09/26 00:58:41.444, 22181
2026/09/26 00:58:41.944, 22181
2026/09/26 00:58:42.444, 22181
2026/09/26 00:58:42.945, 22181
2026/09/26 00:58:43.445, 22181
2026/09/26 00:58:43.945, 22181
2026/09/26 00:58:44.445, 22181
2026/09/26 00:58:44.945, 22181
2026/09/26 00:58:45.445, 22181
2026/09/26 00:58:45.946, 22181
2026/09/26 00:58:46.446, 22181
2026/09/26 00:58:46.946, 22181
2026/09/26 00:58:47.446, 22181
2026/09/26 00:58:47.946, 22181
2026/09/26 00:58:48.446, 22181
2026/09/26 00:58:48.947, 22181
2026/09/26 00:58:49.447, 22181
2026/09/26 00:58:49.947, 22181
2026/09/26 00:58:50.447, 22181
2026/09/26 00:58:50.947, 22181
2026/09/26 00:58:51.447, 22181
2026/09/26 00:58:51.948, 22181
2026/09/26 00:58:52.448, 22181
2026/09/26 00:58:52.948, 22181
2026/09/26 00:58:53.448, 22181
2026/09/26 00:58:53.948, 22181
2026/09/26 00:58:54.448, 22181
2026/09/26 00:58:54.949, 22181
2026/09/26 00:58:55.449, 22181
2026/09/26 00:58:55.949, 22181
2026/09/26 00:58:56.449, 22181
2026/09/26 00:58:56.949, 22181
2026/09/26 00:58:57.450, 22181
2026/09/26 00:58:57.950, 22181
2026/09/26 00:58:58.450, 22181
2026/09/26 00:58:58.950, 22181
2026/09/26 00:58:59.450, 22181
2026/09/26 00:58:59.950, 22181
2026/09/26 00:59:00.451, 22181
2026/09/26 00:59:00.951, 22181
2026/09/26 00:59:01.451, 22181
2026/09/26 00:59:01.951, 22181
2026/09/26 00:59:02.451, 22181
2026/09/26 00:59:02.951, 22181
2026/09/26 00:59:03.452, 22181
2026/09/26 00:59:03.952, 22181
2026/09/26 00:59:04.452, 22181
2026/09/26 00:59:04.952, 22181
2026/09/26 00:59:05.452, 22181
2026/09/26 00:59:05.952, 22181
2026/09/26 00:59:06.452, 22181
2026/09/26 00:59:06.953, 22181
2026/09/26 00:59:07.453, 22181
2026/09/26 00:59:07.953, 22181
2026/09/26 00:59:08.453, 22181
2026/09/26 00:59:08.953, 22181
2026/09/26 00:59:09.453, 22181
2026/09/26 00:59:09.954, 22181
2026/09/26 00:59:10.454, 22181
2026/09/26 00:59:10.954, 22181
2026/09/26 00:59:11.454, 22181
2026/09/26 00:59:11.954, 22181
2026/09/26 00:59:12.454, 22181
2026/09/26 00:59:12.954, 22181
2026/09/26 00:59:13.455, 22181
2026/09/26 00:59:13.955, 22181
2026/09/26 00:59:14.455, 22181
2026/09/26 00:59:14.955, 22181
2026/09/26 00:59:15.455, 22181
2026/09/26 00:59:15.955, 22181
2026/09/26 00:59:16.456, 22181
2026/09/26 00:59:16.956, 22181
2026/09/26 00:59:17.456, 22181
2026/09/26 00:59:17.956, 22181
2026/09/26 00:59:18.456, 22181
2026/09/26 00:59:18.956, 22181
2026/09/26 00:59:19.456, 22181
2026/09/26 00:59:19.957, 22181
2026/09/26 00:59:20.457, 22181
2026/09/26 00:59:20.957, 22181
2026/09/26 00:59:21.457, 22181
2026/09/26 00:59:21.957, 22181
2026/09/26 00:59:22.457, 22181
2026/09/26 00:59:22.957, 22181
2026/09/26 00:59:23.458, 22181
2026/09/26 00:59:23.958, 22181
2026/09/26 00:59:24.458, 22181
2026/09/26 00:59:24.958, 22181
2026/09/26 00:59:25.458, 22181
2026/09/26 00:59:25.958, 22181
2026/09/26 00:59:26.459, 22181
2026/09/26 00:59:26.959, 22181
2026/09/26 00:59:27.459, 22181
2026/09/26 00:59:27.959, 22181
2026/09/26 00:59:28.459, 22181
2026/09/26 00:59:28.959, 22181
2026/09/26 00:59:29.460, 22181
2026/09/26 00:59:29.960, 22181
2026/09/26 00:59:30.460, 22181
2026/09/26 00:59:30.960, 22181
2026/09/26 00:59:31.460, 22181
2026/09/26 00:59:31.961, 22181
2026/09/26 00:59:32.461, 22181
2026/09/26 00:59:32.961, 22181
2026/09/26 00:59:33.461, 22181
2026/09/26 00:59:33.961, 22181
2026/09/26 00:59:34.461, 22181
2026/09/26 00:59:34.962, 22181
2026/09/26 00:59:35.462, 22181
2026/09/26 00:59:35.962, 22181
2026/09/26 00:59:36.462, 22181
2026/09/26 00:59:36.962, 22181
2026/09/26 00:59:37.462, 22181
2026/09/26 00:59:37.962, 22181
2026/09/26 00:59:38.463, 22181
2026/09/26 00:59:38.963, 22181
2026/09/26 00:59:39.463, 22181
2026/09/26 00:59:39.963, 22181
2026/09/26 00:59:40.463, 22181
2026/09/26 00:59:40.963, 22181
2026/09/26 00:59:41.464, 22181
2026/09/26 00:59:41.964, 22181
2026/09/26 00:59:42.464, 22181
2026/09/26 00:59:42.964, 22181
2026/09/26 00:59:43.464, 22181
2026/09/26 00:59:43.964, 22181
2026/09/26 00:59:44.464, 22181
2026/09/26 00:59:44.965, 22181
2026/09/26 00:59:45.465, 22181
2026/09/26 00:59:45.965, 22181
2026/09/26 00:59:46.465, 22181
2026/09/26 00:59:46.965, 22181
2026/09/26 00:59:47.465, 22181
2026/09/26 00:59:47.966, 22181
2026/09/26 00:59:48.466, 22181
2026/09/26 00:59:48.966, 22181
2026/09/26 00:59:49.466, 22181
2026/09/26 00:59:49.966, 22181
2026/09/26 00:59:50.466, 22181
2026/09/26 00:59:50.967, 22181
2026/09/26 00:59:51.467, 22181
2026/09/26 00:59:51.967, 22181
2026/09/26 00:59:52.467, 22181
2026/09/26 00:59:52.967, 22181
2026/09/26 00:59:53.467, 22181
2026/09/26 00:59:53.968, 22181
2026/09/26 00:59:54.468, 22181
2026/09/26 00:59:54.968, 22181
2026/09/26 00:59:55.468, 22181
2026/09/26 00:59:55.968, 22181
2026/09/26 00:59:56.468, 22181
2026/09/26 00:59:56.969, 22181
2026/09/26 00:59:57.469, 22181
2026/09/26 00:59:57.969, 22181
2026/09/26 00:59:58.469, 22181
2026/09/26 00:59:58.969, 22181
2026/09/26 00:59:59.469, 22181
2026/09/26 00:59:59.969, 22181
2026/09/26 01:00:00.470, 22181
2026/09/26 01:00:00.970, 22181
2026/09/26 01:00:01.470, 22181
2026/09/26 01:00:01.970, 22181
2026/09/26 01:00:02.470, 22181
2026/09/26 01:00:02.970, 22181
2026/09/26 01:00:03.471, 22181
2026/09/26 01:00:03.971, 22181
2026/09/26 01:00:04.471, 22181
2026/09/26 01:00:04.971, 22181
2026/09/26 01:00:05.471, 22181
2026/09/26 01:00:05.971, 22181
2026/09/26 01:00:06.472, 22181
2026/09/26 01:00:06.972, 22181
2026/09/26 01:00:07.472, 22181
2026/09/26 01:00:07.972, 22181
2026/09/26 01:00:08.472, 22181
2026/09/26 01:00:08.972, 22181
2026/09/26 01:00:09.472, 22181
2026/09/26 01:00:09.973, 22181
2026/09/26 01:00:10.473, 22181
2026/09/26 01:00:10.973, 22181
2026/09/26 01:00:11.473, 22181
2026/09/26 01:00:11.973, 22181
2026/09/26 01:00:12.473, 22181
2026/09/26 01:00:12.974, 22181
2026/09/26 01:00:13.474, 22181
2026/09/26 01:00:13.974, 22181
2026/09/26 01:00:14.474, 22181
2026/09/26 01:00:14.974, 22181
2026/09/26 01:00:15.474, 22181
2026/09/26 01:00:15.974, 22181
2026/09/26 01:00:16.475, 22181
2026/09/26 01:00:16.975, 22181
2026/09/26 01:00:17.475, 22181
2026/09/26 01:00:17.975, 22181
2026/09/26 01:00:18.475, 22181
2026/09/26 01:00:18.975, 22181
2026/09/26 01:00:19.476, 22181
2026/09/26 01:00:19.976, 22181
2026/09/26 01:00:20.476, 22181
2026/09/26 01:00:20.976, 22181
2026/09/26 01:00:21.485, 22181
2026/09/26 01:00:21.985, 22181
2026/09/26 01:00:22.485, 22181
2026/09/26 01:00:22.985, 22181
2026/09/26 01:00:23.485, 22181
2026/09/26 01:00:23.986, 22181
2026/09/26 01:00:24.486, 22181
2026/09/26 01:00:24.986, 22181
2026/09/26 01:00:25.486, 22181
2026/09/26 01:00:25.986, 22181
2026/09/26 01:00:26.486, 22181
2026/09/26 01:00:26.987, 22181
2026/09/26 01:00:27.487, 22181
2026/09/26 01:00:27.987, 22181
2026/09/26 01:00:28.487, 22181
2026/09/26 01:00:28.987, 22181
2026/09/26 01:00:29.487, 22181
2026/09/26 01:00:29.988, 22181
2026/09/26 01:00:30.488, 22181
2026/09/26 01:00:30.988, 22181
2026/09/26 01:00:31.488, 22181
2026/09/26 01:00:31.988, 22181
2026/09/26 01:00:32.488, 22181
2026/09/26 01:00:32.988, 22181
2026/09/26 01:00:33.489, 22181
2026/09/26 01:00:33.989, 22181
2026/09/26 01:00:34.489, 22181
2026/09/26 01:00:34.989, 22181
2026/09/26 01:00:35.489, 22181
2026/09/26 01:00:35.989, 22181
2026/09/26 01:00:36.490, 22181
2026/09/26 01:00:36.990, 22181
2026/09/26 01:00:37.490, 22181
2026/09/26 01:00:37.990, 22181
2026/09/26 01:00:38.490, 22181
2026/09/26 01:00:38.990, 22181
2026/09/26 01:00:39.490, 22181
2026/09/26 01:00:39.991, 22181
2026/09/26 01:00:40.491, 22181
2026/09/26 01:00:40.991, 22181
2026/09/26 01:00:41.491, 22181
2026/09/26 01:00:41.991, 22181
2026/09/26 01:00:42.492, 22181
2026/09/26 01:00:42.992, 22181
2026/09/26 01:00:43.492, 22181
2026/09/26 01:00:43.992, 22181
2026/09/26 01:00:44.492, 22181
2026/09/26 01:00:44.992, 22181
2026/09/26 01:00:45.493, 22181
2026/09/26 01:00:45.993, 22181
2026/09/26 01:00:46.493, 22181
2026/09/26 01:00:46.993, 22181
2026/09/26 01:00:47.493, 22181
2026/09/26 01:00:47.993, 22181
2026/09/26 01:00:48.493, 22181
2026/09/26 01:00:48.994, 22181
2026/09/26 01:00:49.494, 22181
2026/09/26 01:00:49.994, 22181
2026/09/26 01:00:50.494, 22181
2026/09/26 01:00:50.994, 22181
2026/09/26 01:00:51.494, 22181
2026/09/26 01:00:51.995, 22181
2026/09/26 01:00:52.495, 22181
2026/09/26 01:00:52.995, 22181
2026/09/26 01:00:53.495, 22181
2026/09/26 01:00:53.995, 22181
2026/09/26 01:00:54.495, 22181
2026/09/26 01:00:54.995, 22181
2026/09/26 01:00:55.496, 22181
2026/09/26 01:00:55.996, 22181
2026/09/26 01:00:56.496, 22181
2026/09/26 01:00:56.996, 22181
2026/09/26 01:00:57.496, 22181
2026/09/26 01:00:57.996, 22181
2026/09/26 01:00:58.497, 22181
2026/09/26 01:00:58.997, 22181
2026/09/26 01:00:59.497, 22181
2026/09/26 01:00:59.997, 22181
2026/09/26 01:01:00.497, 22181
2026/09/26 01:01:00.997, 22181
2026/09/26 01:01:01.498, 22181
2026/09/26 01:01:01.998, 22181
2026/09/26 01:01:02.498, 22181
2026/09/26 01:01:02.998, 22181
2026/09/26 01:01:03.498, 22181
2026/09/26 01:01:03.998, 22181
2026/09/26 01:01:04.499, 22181
2026/09/26 01:01:04.999, 22181
2026/09/26 01:01:05.499, 22181
2026/09/26 01:01:05.999, 22181
2026/09/26 01:01:06.499, 22181
2026/09/26 01:01:07.000, 22181
2026/09/26 01:01:07.500, 22181
2026/09/26 01:01:08.000, 22181
2026/09/26 01:01:08.500, 22181
2026/09/26 01:01:09.000, 22181
2026/09/26 01:01:09.500, 22181
2026/09/26 01:01:10.001, 22181
2026/09/26 01:01:10.501, 22181
2026/09/26 01:01:11.001, 22181
2026/09/26 01:01:11.501, 22181
2026/09/26 01:01:12.001, 22181
2026/09/26 01:01:12.501, 22181
2026/09/26 01:01:13.001, 22181
2026/09/26 01:01:13.502, 22181
2026/09/26 01:01:14.002, 22181
2026/09/26 01:01:14.502, 22181
2026/09/26 01:01:15.002, 22181
2026/09/26 01:01:15.502, 22181
2026/09/26 01:01:16.002, 22181
2026/09/26 01:01:16.503, 22181
2026/09/26 01:01:17.003, 22181
2026/09/26 01:01:17.503, 22181
2026/09/26 01:01:18.003, 22181
2026/09/26 01:01:18.503, 22181
2026/09/26 01:01:19.003, 22181
2026/09/26 01:01:19.503, 22181
2026/09/26 01:01:20.004, 22181
2026/09/26 01:01:20.504, 22181
2026/09/26 01:01:21.004, 22181
2026/09/26 01:01:21.504, 22181
2026/09/26 01:01:22.005, 22181
2026/09/26 01:01:22.505, 22181
2026/09/26 01:01:23.005, 22181
2026/09/26 01:01:23.505, 22181
2026/09/26 01:01:24.005, 22181
2026/09/26 01:01:24.505, 22181
2026/09/26 01:01:25.006, 22181
2026/09/26 01:01:25.506, 22181
2026/09/26 01:01:26.006, 22181
2026/09/26 01:01:26.506, 22181
2026/09/26 01:01:27.006, 22181
2026/09/26 01:01:27.506, 22181
2026/09/26 01:01:28.006, 22181
2026/09/26 01:01:28.507, 22181
2026/09/26 01:01:29.007, 22181
2026/09/26 01:01:29.507, 22181
2026/09/26 01:01:30.007, 22181
2026/09/26 01:01:30.507, 22181
2026/09/26 01:01:31.007, 22181
2026/09/26 01:01:31.508, 22181
2026/09/26 01:01:32.008, 22181
2026/09/26 01:01:32.508, 22181
2026/09/26 01:01:33.008, 22181
2026/09/26 01:01:33.508, 22181
2026/09/26 01:01:34.009, 22181
2026/09/26 01:01:34.509, 22181
2026/09/26 01:01:35.009, 22181
2026/09/26 01:01:35.509, 22181
2026/09/26 01:01:36.009, 22181
2026/09/26 01:01:36.509, 22181
2026/09/26 01:01:37.010, 22181
2026/09/26 01:01:37.510, 22181
2026/09/26 01:01:38.010, 22181
2026/09/26 01:01:38.510, 22181
2026/09/26 01:01:39.010, 22181
2026/09/26 01:01:39.510, 22181
2026/09/26 01:01:40.011, 22181
2026/09/26 01:01:40.511, 22181
2026/09/26 01:01:41.011, 22181
2026/09/26 01:01:41.511, 22181
2026/09/26 01:01:42.011, 22181
2026/09/26 01:01:42.511, 22181
2026/09/26 01:01:43.011, 22181
2026/09/26 01:01:43.512, 22181
2026/09/26 01:01:44.012, 22181
2026/09/26 01:01:44.512, 22181
2026/09/26 01:01:45.012, 22181
2026/09/26 01:01:45.512, 22181
2026/09/26 01:01:46.012, 22181
2026/09/26 01:01:46.513, 22181
2026/09/26 01:01:47.013, 22181
2026/09/26 01:01:47.513, 22181
2026/09/26 01:01:48.013, 22181
2026/09/26 01:01:48.513, 22181
2026/09/26 01:01:49.013, 22181
2026/09/26 01:01:49.514, 22181
2026/09/26 01:01:50.014, 22181
2026/09/26 01:01:50.514, 22181
2026/09/26 01:01:51.014, 22181
2026/09/26 01:01:51.514, 22181
2026/09/26 01:01:52.014, 22181
2026/09/26 01:01:52.514, 22181
2026/09/26 01:01:53.014, 22181
2026/09/26 01:01:53.515, 22181
2026/09/26 01:01:54.015, 22181
2026/09/26 01:01:54.515, 22181
2026/09/26 01:01:55.015, 22181
2026/09/26 01:01:55.515, 22181
2026/09/26 01:01:56.015, 22181
2026/09/26 01:01:56.516, 22181
2026/09/26 01:01:57.016, 22181
2026/09/26 01:01:57.516, 22181
2026/09/26 01:01:58.016, 22181
2026/09/26 01:01:58.516, 22181
2026/09/26 01:01:59.016, 22181
2026/09/26 01:01:59.516, 22181
2026/09/26 01:02:00.017, 22181
2026/09/26 01:02:00.517, 22181
2026/09/26 01:02:01.018, 22181
2026/09/26 01:02:01.518, 22181
2026/09/26 01:02:02.018, 22181
2026/09/26 01:02:02.518, 22181
2026/09/26 01:02:03.019, 22181
2026/09/26 01:02:03.519, 22181
2026/09/26 01:02:04.019, 22181
2026/09/26 01:02:04.519, 22181
2026/09/26 01:02:05.019, 22181
2026/09/26 01:02:05.519, 22181
2026/09/26 01:02:06.019, 22181
2026/09/26 01:02:06.520, 22181
2026/09/26 01:02:07.020, 22181
2026/09/26 01:02:07.520, 22181
2026/09/26 01:02:08.020, 22181
2026/09/26 01:02:08.520, 22181
2026/09/26 01:02:09.020, 22181
2026/09/26 01:02:09.520, 22181
2026/09/26 01:02:10.021, 22181
2026/09/26 01:02:10.521, 22181
2026/09/26 01:02:11.021, 22181
2026/09/26 01:02:11.521, 22181
2026/09/26 01:02:12.021, 22181
2026/09/26 01:02:12.521, 22181
2026/09/26 01:02:13.021, 22181
2026/09/26 01:02:13.522, 22181
2026/09/26 01:02:14.022, 22181
2026/09/26 01:02:14.522, 22181
2026/09/26 01:02:15.022, 22181
2026/09/26 01:02:15.522, 22181
2026/09/26 01:02:16.022, 22181
2026/09/26 01:02:16.523, 22181
2026/09/26 01:02:17.023, 22181
2026/09/26 01:02:17.523, 22181
2026/09/26 01:02:18.023, 22181
2026/09/26 01:02:18.523, 22181
2026/09/26 01:02:19.023, 22181
2026/09/26 01:02:19.523, 22181
2026/09/26 01:02:20.024, 22181
2026/09/26 01:02:20.524, 22181
2026/09/26 01:02:21.024, 22181
2026/09/26 01:02:21.524, 22181
2026/09/26 01:02:22.024, 22181
2026/09/26 01:02:22.524, 22181
2026/09/26 01:02:23.025, 22181
2026/09/26 01:02:23.525, 22181
2026/09/26 01:02:24.025, 22181
2026/09/26 01:02:24.525, 22181
2026/09/26 01:02:25.025, 22181
2026/09/26 01:02:25.525, 22181
2026/09/26 01:02:26.025, 22181
2026/09/26 01:02:26.526, 22181
2026/09/26 01:02:27.026, 22181
2026/09/26 01:02:27.526, 22181
2026/09/26 01:02:28.026, 22181
2026/09/26 01:02:28.526, 22181
2026/09/26 01:02:29.026, 22181
2026/09/26 01:02:29.527, 22181
2026/09/26 01:02:30.027, 22181
2026/09/26 01:02:30.527, 22181
2026/09/26 01:02:31.027, 22181
2026/09/26 01:02:31.527, 22181
2026/09/26 01:02:32.027, 22181
2026/09/26 01:02:32.528, 22181
2026/09/26 01:02:33.028, 22181
2026/09/26 01:02:33.528, 22181
2026/09/26 01:02:34.028, 22181
2026/09/26 01:02:34.528, 22181
2026/09/26 01:02:35.028, 22181
2026/09/26 01:02:35.529, 22181
2026/09/26 01:02:36.029, 22181
2026/09/26 01:02:36.529, 22181
2026/09/26 01:02:37.038, 22181
2026/09/26 01:02:37.538, 22181
2026/09/26 01:02:38.038, 22181
2026/09/26 01:02:38.538, 22181
2026/09/26 01:02:39.038, 22181
2026/09/26 01:02:39.538, 22181
2026/09/26 01:02:40.039, 22181
2026/09/26 01:02:40.539, 22181
2026/09/26 01:02:41.039, 22181
2026/09/26 01:02:41.539, 22181
2026/09/26 01:02:42.039, 22181
2026/09/26 01:02:42.539, 22181
2026/09/26 01:02:43.040, 22181
2026/09/26 01:02:43.540, 22181
2026/09/26 01:02:44.040, 22181
2026/09/26 01:02:44.540, 22181
2026/09/26 01:02:45.040, 22181
2026/09/26 01:02:45.540, 22181
2026/09/26 01:02:46.040, 22181
2026/09/26 01:02:46.541, 22181
2026/09/26 01:02:47.041, 22181
2026/09/26 01:02:47.541, 22181
2026/09/26 01:02:48.041, 22181
2026/09/26 01:02:48.541, 22181
2026/09/26 01:02:49.041, 22181
2026/09/26 01:02:49.542, 22181
2026/09/26 01:02:50.042, 22181
2026/09/26 01:02:50.542, 22181
2026/09/26 01:02:51.042, 22181
2026/09/26 01:02:51.542, 22181
2026/09/26 01:02:52.042, 22181
2026/09/26 01:02:52.543, 22181
2026/09/26 01:02:53.043, 22181
2026/09/26 01:02:53.543, 22181
2026/09/26 01:02:54.043, 22181
2026/09/26 01:02:54.543, 22181
2026/09/26 01:02:55.043, 22181
2026/09/26 01:02:55.543, 22181
2026/09/26 01:02:56.044, 22181
2026/09/26 01:02:56.544, 22181
2026/09/26 01:02:57.044, 22181
2026/09/26 01:02:57.544, 22181
2026/09/26 01:02:58.044, 22181
2026/09/26 01:02:58.544, 22181
2026/09/26 01:02:59.045, 22181
2026/09/26 01:02:59.545, 22181
2026/09/26 01:03:00.045, 22181
2026/09/26 01:03:00.545, 22181
2026/09/26 01:03:01.045, 22181
2026/09/26 01:03:01.545, 22181
2026/09/26 01:03:02.046, 22181
2026/09/26 01:03:02.546, 22181
2026/09/26 01:03:03.046, 22181
2026/09/26 01:03:03.546, 22181
2026/09/26 01:03:04.046, 22181
2026/09/26 01:03:04.546, 22181
2026/09/26 01:03:05.047, 22181
2026/09/26 01:03:05.547, 22181
2026/09/26 01:03:06.047, 22181
2026/09/26 01:03:06.547, 22181
2026/09/26 01:03:07.047, 22181
2026/09/26 01:03:07.547, 22181
2026/09/26 01:03:08.048, 22181
2026/09/26 01:03:08.548, 22181
2026/09/26 01:03:09.048, 22181
2026/09/26 01:03:09.548, 22181
2026/09/26 01:03:10.048, 22181
2026/09/26 01:03:10.548, 22181
2026/09/26 01:03:11.048, 22181
2026/09/26 01:03:11.549, 22181
2026/09/26 01:03:12.049, 22181
2026/09/26 01:03:12.549, 22181
2026/09/26 01:03:13.049, 22181
2026/09/26 01:03:13.549, 22181
2026/09/26 01:03:14.049, 22181
2026/09/26 01:03:14.550, 22181
2026/09/26 01:03:15.050, 22181
2026/09/26 01:03:15.550, 22181
2026/09/26 01:03:16.050, 22181
2026/09/26 01:03:16.550, 22181
2026/09/26 01:03:17.050, 22181
2026/09/26 01:03:17.550, 22181
2026/09/26 01:03:18.051, 22181
2026/09/26 01:03:18.551, 22181
2026/09/26 01:03:19.051, 22181
2026/09/26 01:03:19.551, 22181
2026/09/26 01:03:20.051, 22181
2026/09/26 01:03:20.551, 22181
2026/09/26 01:03:21.052, 22181
2026/09/26 01:03:21.552, 22181
2026/09/26 01:03:22.052, 22181
2026/09/26 01:03:22.552, 22181
2026/09/26 01:03:23.052, 22181
2026/09/26 01:03:23.552, 22181
2026/09/26 01:03:24.052, 22181
2026/09/26 01:03:24.553, 22181
2026/09/26 01:03:25.053, 22181
2026/09/26 01:03:25.553, 22181
2026/09/26 01:03:26.053, 22181
2026/09/26 01:03:26.553, 22181
2026/09/26 01:03:27.053, 22181
2026/09/26 01:03:27.554, 22181
2026/09/26 01:03:28.054, 22181
2026/09/26 01:03:28.554, 22181
2026/09/26 01:03:29.054, 22181
2026/09/26 01:03:29.554, 22181
2026/09/26 01:03:30.054, 22181
2026/09/26 01:03:30.554, 22181
2026/09/26 01:03:31.055, 22181
2026/09/26 01:03:31.555, 22181
2026/09/26 01:03:32.055, 22181
2026/09/26 01:03:32.555, 22181
2026/09/26 01:03:33.055, 22181
2026/09/26 01:03:33.555, 22181
2026/09/26 01:03:34.056, 22181
2026/09/26 01:03:34.556, 22181
2026/09/26 01:03:35.056, 22181
2026/09/26 01:03:35.556, 22181
2026/09/26 01:03:36.056, 22181
2026/09/26 01:03:36.556, 22181
2026/09/26 01:03:37.057, 22181
2026/09/26 01:03:37.557, 22181
2026/09/26 01:03:38.057, 22181
2026/09/26 01:03:38.557, 22181
2026/09/26 01:03:39.057, 22181
2026/09/26 01:03:39.557, 22181
2026/09/26 01:03:40.058, 22181
2026/09/26 01:03:40.558, 22181
2026/09/26 01:03:41.058, 22181
2026/09/26 01:03:41.558, 22181
2026/09/26 01:03:42.058, 22181
2026/09/26 01:03:42.558, 22181
2026/09/26 01:03:43.058, 22181
2026/09/26 01:03:43.559, 22181
2026/09/26 01:03:44.059, 22181
2026/09/26 01:03:44.559, 22181
2026/09/26 01:03:45.059, 22181
2026/09/26 01:03:45.559, 22181
2026/09/26 01:03:46.059, 22181
2026/09/26 01:03:46.560, 22181
2026/09/26 01:03:47.060, 22181
2026/09/26 01:03:47.560, 22181
2026/09/26 01:03:48.060, 22181
2026/09/26 01:03:48.560, 22181
2026/09/26 01:03:49.060, 22181
2026/09/26 01:03:49.561, 22181
2026/09/26 01:03:50.061, 22181
2026/09/26 01:03:50.561, 22181
2026/09/26 01:03:51.061, 22181
2026/09/26 01:03:51.561, 22181
2026/09/26 01:03:52.061, 22181
2026/09/26 01:03:52.562, 22181
2026/09/26 01:03:53.062, 22181
2026/09/26 01:03:53.562, 22181
2026/09/26 01:03:54.062, 22181
2026/09/26 01:03:54.562, 22181
2026/09/26 01:03:55.062, 22181
2026/09/26 01:03:55.563, 22181
2026/09/26 01:03:56.063, 22181
2026/09/26 01:03:56.563, 22181
2026/09/26 01:03:57.063, 22181
2026/09/26 01:03:57.563, 22181
2026/09/26 01:03:58.063, 22181
2026/09/26 01:03:58.564, 22181
2026/09/26 01:03:59.064, 22181
2026/09/26 01:03:59.564, 22181
2026/09/26 01:04:00.064, 22181
2026/09/26 01:04:00.564, 22181
2026/09/26 01:04:01.065, 22181
2026/09/26 01:04:01.565, 22181
2026/09/26 01:04:02.065, 22181
2026/09/26 01:04:02.565, 22181
2026/09/26 01:04:03.065, 22181
2026/09/26 01:04:03.565, 22181
2026/09/26 01:04:04.066, 22181
2026/09/26 01:04:04.566, 22181
2026/09/26 01:04:05.066, 22181
2026/09/26 01:04:05.566, 22181
2026/09/26 01:04:06.066, 22181
2026/09/26 01:04:06.566, 22181
2026/09/26 01:04:07.067, 22181
2026/09/26 01:04:07.567, 22181
2026/09/26 01:04:08.067, 22181
2026/09/26 01:04:08.567, 22181
2026/09/26 01:04:09.067, 22181
2026/09/26 01:04:09.568, 22181
2026/09/26 01:04:10.068, 22181
2026/09/26 01:04:10.568, 22181
2026/09/26 01:04:11.068, 22181
2026/09/26 01:04:11.568, 22181
2026/09/26 01:04:12.068, 22181
2026/09/26 01:04:12.568, 22181
2026/09/26 01:04:13.069, 22181
2026/09/26 01:04:13.569, 22181
2026/09/26 01:04:14.069, 22181
2026/09/26 01:04:14.569, 22181
2026/09/26 01:04:15.069, 22181
2026/09/26 01:04:15.569, 22181
2026/09/26 01:04:16.070, 22181
2026/09/26 01:04:16.570, 22181
2026/09/26 01:04:17.070, 22181
2026/09/26 01:04:17.570, 22181
2026/09/26 01:04:18.070, 22181
2026/09/26 01:04:18.571, 22181
2026/09/26 01:04:19.071, 22181
2026/09/26 01:04:19.571, 22181
2026/09/26 01:04:20.071, 22181
2026/09/26 01:04:20.571, 22181
2026/09/26 01:04:21.071, 22181
2026/09/26 01:04:21.572, 22181
2026/09/26 01:04:22.072, 22181
2026/09/26 01:04:22.572, 22181
2026/09/26 01:04:23.072, 22181
2026/09/26 01:04:23.572, 22181
2026/09/26 01:04:24.072, 22181
2026/09/26 01:04:24.572, 22181
2026/09/26 01:04:25.073, 22181
2026/09/26 01:04:25.573, 22181
2026/09/26 01:04:26.073, 22181
2026/09/26 01:04:26.573, 22181
2026/09/26 01:04:27.073, 22181
2026/09/26 01:04:27.573, 22181
2026/09/26 01:04:28.074, 22181
2026/09/26 01:04:28.574, 22181
2026/09/26 01:04:29.074, 22181
2026/09/26 01:04:29.574, 22181
2026/09/26 01:04:30.074, 22181
2026/09/26 01:04:30.574, 22181
2026/09/26 01:04:31.074, 22181
2026/09/26 01:04:31.575, 22181
2026/09/26 01:04:32.075, 22181
2026/09/26 01:04:32.575, 22181
2026/09/26 01:04:33.075, 22181
2026/09/26 01:04:33.575, 22181
2026/09/26 01:04:34.075, 22181
2026/09/26 01:04:34.576, 22181
2026/09/26 01:04:35.076, 22181
2026/09/26 01:04:35.576, 22181
2026/09/26 01:04:36.076, 22181
2026/09/26 01:04:36.576, 22181
2026/09/26 01:04:37.076, 22181
2026/09/26 01:04:37.577, 22181
2026/09/26 01:04:38.077, 22181
2026/09/26 01:04:38.577, 22181
2026/09/26 01:04:39.077, 22181
2026/09/26 01:04:39.577, 22181
2026/09/26 01:04:40.078, 22181
2026/09/26 01:04:40.578, 22181
2026/09/26 01:04:41.078, 22181
2026/09/26 01:04:41.578, 22181
2026/09/26 01:04:42.078, 22181
2026/09/26 01:04:42.578, 22181
2026/09/26 01:04:43.079, 22181
2026/09/26 01:04:43.579, 22181
2026/09/26 01:04:44.079, 22181
2026/09/26 01:04:44.579, 22181
2026/09/26 01:04:45.080, 22181
2026/09/26 01:04:45.580, 22181
2026/09/26 01:04:46.080, 22181
2026/09/26 01:04:46.580, 22181
2026/09/26 01:04:47.080, 22181
2026/09/26 01:04:47.580, 22181
2026/09/26 01:04:48.081, 22181
2026/09/26 01:04:48.581, 22181
2026/09/26 01:04:49.081, 22181
2026/09/26 01:04:49.581, 22181
2026/09/26 01:04:50.081, 22181
2026/09/26 01:04:50.582, 22181
2026/09/26 01:04:51.082, 22181
2026/09/26 01:04:51.582, 22181
2026/09/26 01:04:52.082, 22181
2026/09/26 01:04:52.582, 22181
2026/09/26 01:04:53.082, 22181
2026/09/26 01:04:53.583, 22181
2026/09/26 01:04:54.083, 22181
2026/09/26 01:04:54.583, 22181
2026/09/26 01:04:55.083, 22181
2026/09/26 01:04:55.583, 22181
2026/09/26 01:04:56.083, 22181
2026/09/26 01:04:56.584, 22181
2026/09/26 01:04:57.084, 22181
2026/09/26 01:04:57.584, 22181
2026/09/26 01:04:58.084, 22181
2026/09/26 01:04:58.584, 22181
2026/09/26 01:04:59.084, 22181
2026/09/26 01:04:59.585, 22181
2026/09/26 01:05:00.085, 22181
2026/09/26 01:05:00.585, 22181
2026/09/26 01:05:01.085, 22181
2026/09/26 01:05:01.585, 22181
2026/09/26 01:05:02.086, 22181
2026/09/26 01:05:02.586, 22181
2026/09/26 01:05:03.086, 22181
2026/09/26 01:05:03.586, 22181
2026/09/26 01:05:04.086, 22181
2026/09/26 01:05:04.586, 22181
2026/09/26 01:05:05.087, 22181
2026/09/26 01:05:05.587, 22181
2026/09/26 01:05:06.087, 22181
2026/09/26 01:05:06.587, 22181
2026/09/26 01:05:07.087, 22181
2026/09/26 01:05:07.587, 22181
2026/09/26 01:05:08.088, 22181
2026/09/26 01:05:08.588, 22181
2026/09/26 01:05:09.088, 22181
2026/09/26 01:05:09.588, 22181
2026/09/26 01:05:10.088, 22181
2026/09/26 01:05:10.588, 22181
2026/09/26 01:05:11.089, 22181
2026/09/26 01:05:11.589, 22181
2026/09/26 01:05:12.089, 22181
2026/09/26 01:05:12.589, 22181
2026/09/26 01:05:13.089, 22181
2026/09/26 01:05:13.589, 22181
2026/09/26 01:05:14.090, 22181
2026/09/26 01:05:14.590, 22181
2026/09/26 01:05:15.090, 22181
2026/09/26 01:05:15.590, 22181
2026/09/26 01:05:16.090, 22181
2026/09/26 01:05:16.591, 22181
2026/09/26 01:05:17.091, 22181
2026/09/26 01:05:17.591, 22181
2026/09/26 01:05:18.091, 22181
2026/09/26 01:05:18.591, 22181
2026/09/26 01:05:19.091, 22181
2026/09/26 01:05:19.592, 22181
2026/09/26 01:05:20.092, 22181
2026/09/26 01:05:20.592, 22181
2026/09/26 01:05:21.092, 22181
2026/09/26 01:05:21.592, 22181
2026/09/26 01:05:22.093, 22181
2026/09/26 01:05:22.593, 22181
2026/09/26 01:05:23.093, 22181
2026/09/26 01:05:23.593, 22181
2026/09/26 01:05:24.093, 22181
2026/09/26 01:05:24.593, 22181
2026/09/26 01:05:25.094, 22181
2026/09/26 01:05:25.594, 22181
2026/09/26 01:05:26.094, 22181
2026/09/26 01:05:26.594, 22181
2026/09/26 01:05:27.094, 22181
2026/09/26 01:05:27.594, 22181
2026/09/26 01:05:28.095, 22181
2026/09/26 01:05:28.595, 22181
2026/09/26 01:05:29.095, 22181
2026/09/26 01:05:29.595, 22181
2026/09/26 01:05:30.096, 22181
2026/09/26 01:05:30.596, 22181
2026/09/26 01:05:31.096, 22181
2026/09/26 01:05:31.596, 22181
2026/09/26 01:05:32.096, 22181
2026/09/26 01:05:32.597, 22181
2026/09/26 01:05:33.097, 22181
2026/09/26 01:05:33.597, 22181
2026/09/26 01:05:34.097, 22181
2026/09/26 01:05:34.597, 22181
2026/09/26 01:05:35.097, 22181
2026/09/26 01:05:35.598, 22181
2026/09/26 01:05:36.098, 22181
2026/09/26 01:05:36.598, 22181
2026/09/26 01:05:37.098, 22181
2026/09/26 01:05:37.598, 22181
2026/09/26 01:05:38.098, 22181
2026/09/26 01:05:38.599, 22181
2026/09/26 01:05:39.099, 22181
2026/09/26 01:05:39.599, 22181
2026/09/26 01:05:40.099, 22181
2026/09/26 01:05:40.599, 22181
2026/09/26 01:05:41.100, 22181
2026/09/26 01:05:41.600, 22181
2026/09/26 01:05:42.100, 22181
2026/09/26 01:05:42.600, 22181
2026/09/26 01:05:43.100, 22181
2026/09/26 01:05:43.600, 22181
2026/09/26 01:05:44.101, 22181
2026/09/26 01:05:44.601, 22181
2026/09/26 01:05:45.101, 22181
2026/09/26 01:05:45.601, 22181
2026/09/26 01:05:46.101, 22181
2026/09/26 01:05:46.601, 22181
2026/09/26 01:05:47.101, 22181
2026/09/26 01:05:47.602, 22181
2026/09/26 01:05:48.102, 22181
2026/09/26 01:05:48.602, 22181
2026/09/26 01:05:49.102, 22181
2026/09/26 01:05:49.602, 22181
2026/09/26 01:05:50.102, 22181
2026/09/26 01:05:50.603, 22181
2026/09/26 01:05:51.103, 22181
2026/09/26 01:05:51.603, 22181
2026/09/26 01:05:52.103, 22181
2026/09/26 01:05:52.603, 22181
2026/09/26 01:05:53.103, 22181
2026/09/26 01:05:53.603, 22181
2026/09/26 01:05:54.104, 22181
2026/09/26 01:05:54.604, 22181
2026/09/26 01:05:55.104, 22181
2026/09/26 01:05:55.604, 22181
2026/09/26 01:05:56.104, 22181
2026/09/26 01:05:56.604, 22181
2026/09/26 01:05:57.105, 22181
2026/09/26 01:05:57.605, 22181
2026/09/26 01:05:58.105, 22181
2026/09/26 01:05:58.605, 22181
2026/09/26 01:05:59.105, 22181
2026/09/26 01:05:59.605, 22181
2026/09/26 01:06:00.105, 22181
2026/09/26 01:06:00.606, 22181
2026/09/26 01:06:01.106, 22181
2026/09/26 01:06:01.606, 22181
2026/09/26 01:06:02.106, 22181
2026/09/26 01:06:02.606, 22181
2026/09/26 01:06:03.106, 22181
2026/09/26 01:06:03.607, 22181
2026/09/26 01:06:04.107, 22181
2026/09/26 01:06:04.607, 22181
2026/09/26 01:06:05.107, 22181
2026/09/26 01:06:05.607, 22181
2026/09/26 01:06:06.107, 22181
2026/09/26 01:06:06.608, 22181
2026/09/26 01:06:07.108, 22181
2026/09/26 01:06:07.608, 22181
2026/09/26 01:06:08.108, 22181
2026/09/26 01:06:08.608, 22181
2026/09/26 01:06:09.108, 22181
2026/09/26 01:06:09.609, 22181
2026/09/26 01:06:10.109, 22181
2026/09/26 01:06:10.609, 22181
2026/09/26 01:06:11.109, 22181
2026/09/26 01:06:11.609, 22181
2026/09/26 01:06:12.109, 22181
2026/09/26 01:06:12.610, 22181
2026/09/26 01:06:13.110, 22181
2026/09/26 01:06:13.610, 22181
2026/09/26 01:06:14.110, 22181
2026/09/26 01:06:14.610, 22181
2026/09/26 01:06:15.110, 22181
2026/09/26 01:06:15.611, 22181
2026/09/26 01:06:16.111, 22181
2026/09/26 01:06:16.611, 22181
2026/09/26 01:06:17.111, 22181
2026/09/26 01:06:17.611, 22181
2026/09/26 01:06:18.111, 22181
2026/09/26 01:06:18.612, 22181
2026/09/26 01:06:19.112, 22181
2026/09/26 01:06:19.612, 22181
2026/09/26 01:06:20.112, 22181
2026/09/26 01:06:20.612, 22181
2026/09/26 01:06:21.112, 22181
2026/09/26 01:06:21.613, 22181
2026/09/26 01:06:22.113, 22181
2026/09/26 01:06:22.613, 22181
2026/09/26 01:06:23.113, 22181
2026/09/26 01:06:23.613, 22181
2026/09/26 01:06:24.114, 22181
2026/09/26 01:06:24.614, 22181
2026/09/26 01:06:25.114, 22181
2026/09/26 01:06:25.614, 22181
2026/09/26 01:06:26.114, 22181
2026/09/26 01:06:26.614, 22181
2026/09/26 01:06:27.115, 22181
2026/09/26 01:06:27.615, 22181
2026/09/26 01:06:28.115, 22181
2026/09/26 01:06:28.615, 22181
2026/09/26 01:06:29.115, 22181
2026/09/26 01:06:29.615, 22181
2026/09/26 01:06:30.116, 22181
2026/09/26 01:06:30.616, 22181
2026/09/26 01:06:31.116, 22181
2026/09/26 01:06:31.616, 22181
2026/09/26 01:06:32.116, 22181
2026/09/26 01:06:32.616, 22181
2026/09/26 01:06:33.117, 22181
2026/09/26 01:06:33.617, 22181
2026/09/26 01:06:34.117, 22181
2026/09/26 01:06:34.617, 22181
2026/09/26 01:06:35.117, 22181
2026/09/26 01:06:35.617, 22181
2026/09/26 01:06:36.118, 22181
2026/09/26 01:06:36.618, 22181
2026/09/26 01:06:37.118, 22181
2026/09/26 01:06:37.618, 22181
2026/09/26 01:06:38.118, 22181
2026/09/26 01:06:38.618, 22181
2026/09/26 01:06:39.119, 22181
2026/09/26 01:06:39.619, 22181
2026/09/26 01:06:40.119, 22181
2026/09/26 01:06:40.619, 22181
2026/09/26 01:06:41.119, 22181
2026/09/26 01:06:41.619, 22181
2026/09/26 01:06:42.119, 22181
2026/09/26 01:06:42.620, 22181
2026/09/26 01:06:43.120, 22181
2026/09/26 01:06:43.620, 22181
2026/09/26 01:06:44.120, 22181
2026/09/26 01:06:44.620, 22181
2026/09/26 01:06:45.120, 22181
2026/09/26 01:06:45.620, 22181
2026/09/26 01:06:46.121, 22181
2026/09/26 01:06:46.621, 22181
2026/09/26 01:06:47.121, 22181
2026/09/26 01:06:47.621, 22181
2026/09/26 01:06:48.121, 22181
2026/09/26 01:06:48.621, 22181
2026/09/26 01:06:49.122, 22181
2026/09/26 01:06:49.622, 22181
2026/09/26 01:06:50.122, 22181
2026/09/26 01:06:50.622, 22181
2026/09/26 01:06:51.122, 22181
2026/09/26 01:06:51.622, 22181
2026/09/26 01:06:52.122, 22181
2026/09/26 01:06:52.623, 22181
2026/09/26 01:06:53.123, 22181
2026/09/26 01:06:53.623, 22181
2026/09/26 01:06:54.123, 22181
2026/09/26 01:06:54.623, 22181
2026/09/26 01:06:55.123, 22181
2026/09/26 01:06:55.624, 22181
2026/09/26 01:06:56.124, 22181
2026/09/26 01:06:56.624, 22181
2026/09/26 01:06:57.124, 22181
2026/09/26 01:06:57.624, 22181
2026/09/26 01:06:58.124, 22181
2026/09/26 01:06:58.625, 22181
2026/09/26 01:06:59.125, 22181
2026/09/26 01:06:59.625, 22181
2026/09/26 01:07:00.125, 22181
2026/09/26 01:07:00.626, 22181
2026/09/26 01:07:01.126, 22181
2026/09/26 01:07:01.626, 22181
2026/09/26 01:07:02.126, 22181
2026/09/26 01:07:02.626, 22181
2026/09/26 01:07:03.126, 22181
2026/09/26 01:07:03.627, 22181
2026/09/26 01:07:04.127, 22181
2026/09/26 01:07:04.627, 22181
2026/09/26 01:07:05.127, 22181
2026/09/26 01:07:05.627, 22181
2026/09/26 01:07:06.127, 22181
2026/09/26 01:07:06.628, 22181
2026/09/26 01:07:07.128, 22181
2026/09/26 01:07:07.628, 22181
2026/09/26 01:07:08.128, 22181
2026/09/26 01:07:08.628, 22181
2026/09/26 01:07:09.128, 22181
2026/09/26 01:07:09.629, 22181
2026/09/26 01:07:10.129, 22181
2026/09/26 01:07:10.629, 22181
2026/09/26 01:07:11.129, 22181
2026/09/26 01:07:11.629, 22181
2026/09/26 01:07:12.129, 22181
2026/09/26 01:07:12.629, 22181
2026/09/26 01:07:13.130, 22181
2026/09/26 01:07:13.630, 22181
2026/09/26 01:07:14.130, 22181
2026/09/26 01:07:14.630, 22181
2026/09/26 01:07:15.130, 22181
2026/09/26 01:07:15.630, 22181
2026/09/26 01:07:16.131, 22181
2026/09/26 01:07:16.631, 22181
2026/09/26 01:07:17.131, 22181
2026/09/26 01:07:17.631, 22181
2026/09/26 01:07:18.131, 22181
2026/09/26 01:07:18.631, 22181
2026/09/26 01:07:19.132, 22181
2026/09/26 01:07:19.632, 22181
2026/09/26 01:07:20.132, 22181
2026/09/26 01:07:20.632, 22181
2026/09/26 01:07:21.132, 22181
2026/09/26 01:07:21.632, 22181
2026/09/26 01:07:22.133, 22181
2026/09/26 01:07:22.633, 22181
2026/09/26 01:07:23.133, 22181
2026/09/26 01:07:23.633, 22181
2026/09/26 01:07:24.133, 22181
2026/09/26 01:07:24.633, 22181
2026/09/26 01:07:25.134, 22181
2026/09/26 01:07:25.634, 22181
2026/09/26 01:07:26.134, 22181
2026/09/26 01:07:26.634, 22181
2026/09/26 01:07:27.134, 22181
2026/09/26 01:07:27.634, 22181
2026/09/26 01:07:28.134, 22181
2026/09/26 01:07:28.635, 22181
2026/09/26 01:07:29.135, 22181
2026/09/26 01:07:29.635, 22181
2026/09/26 01:07:30.135, 22181
2026/09/26 01:07:30.635, 22181
2026/09/26 01:07:31.135, 22181
2026/09/26 01:07:31.636, 22181
2026/09/26 01:07:32.136, 22181
2026/09/26 01:07:32.636, 22181
2026/09/26 01:07:33.136, 22181
2026/09/26 01:07:33.636, 22181
2026/09/26 01:07:34.136, 22181
2026/09/26 01:07:34.636, 22181
2026/09/26 01:07:35.137, 22181
2026/09/26 01:07:35.637, 22181
2026/09/26 01:07:36.137, 22181
2026/09/26 01:07:36.637, 22181
2026/09/26 01:07:37.137, 22181
2026/09/26 01:07:37.638, 22181
2026/09/26 01:07:38.138, 22181
2026/09/26 01:07:38.638, 22181
2026/09/26 01:07:39.138, 22181
2026/09/26 01:07:39.638, 22181
2026/09/26 01:07:40.138, 22181
2026/09/26 01:07:40.638, 22181
2026/09/26 01:07:41.139, 22181
2026/09/26 01:07:41.639, 22181
2026/09/26 01:07:42.139, 22181
2026/09/26 01:07:42.639, 22181
2026/09/26 01:07:43.139, 22181
2026/09/26 01:07:43.639, 22181
2026/09/26 01:07:44.139, 22181
2026/09/26 01:07:44.640, 22181
2026/09/26 01:07:45.140, 22181
2026/09/26 01:07:45.640, 22181
2026/09/26 01:07:46.140, 22181
2026/09/26 01:07:46.640, 22181
2026/09/26 01:07:47.140, 22181
2026/09/26 01:07:47.641, 22181
2026/09/26 01:07:48.141, 22181
2026/09/26 01:07:48.641, 22181
2026/09/26 01:07:49.141, 22181
2026/09/26 01:07:49.642, 22181
2026/09/26 01:07:50.142, 22181
2026/09/26 01:07:50.642, 22181
2026/09/26 01:07:51.142, 22181
2026/09/26 01:07:51.642, 22181
2026/09/26 01:07:52.142, 22181
2026/09/26 01:07:52.643, 22181
2026/09/26 01:07:53.143, 22181
2026/09/26 01:07:53.643, 22181
2026/09/26 01:07:54.143, 22181
2026/09/26 01:07:54.643, 22181
2026/09/26 01:07:55.143, 22181
2026/09/26 01:07:55.643, 22181
2026/09/26 01:07:56.144, 22181
2026/09/26 01:07:56.644, 22181
2026/09/26 01:07:57.144, 22181
2026/09/26 01:07:57.644, 22181
2026/09/26 01:07:58.144, 22181
2026/09/26 01:07:58.644, 22181
2026/09/26 01:07:59.145, 22181
2026/09/26 01:07:59.645, 22181
2026/09/26 01:08:00.145, 22181
2026/09/26 01:08:00.645, 22181
2026/09/26 01:08:01.145, 22181
2026/09/26 01:08:01.646, 22181
2026/09/26 01:08:02.146, 22181
2026/09/26 01:08:02.646, 22181
2026/09/26 01:08:03.146, 22181
2026/09/26 01:08:03.646, 22181
2026/09/26 01:08:04.146, 22181
2026/09/26 01:08:04.647, 22181
2026/09/26 01:08:05.147, 22181
2026/09/26 01:08:05.647, 22181
2026/09/26 01:08:06.147, 22181
2026/09/26 01:08:06.647, 22181
2026/09/26 01:08:07.147, 22181
2026/09/26 01:08:07.648, 22181
2026/09/26 01:08:08.148, 22181
2026/09/26 01:08:08.648, 22181
2026/09/26 01:08:09.148, 22181
2026/09/26 01:08:09.648, 22181
2026/09/26 01:08:10.148, 22181
2026/09/26 01:08:10.648, 22181
2026/09/26 01:08:11.149, 22181
2026/09/26 01:08:11.649, 22181
2026/09/26 01:08:12.149, 22181
2026/09/26 01:08:12.649, 22181
2026/09/26 01:08:13.149, 22181
2026/09/26 01:08:13.650, 22181
2026/09/26 01:08:14.150, 22181
2026/09/26 01:08:14.650, 22181
2026/09/26 01:08:15.150, 22181
2026/09/26 01:08:15.650, 22181
2026/09/26 01:08:16.150, 22181
2026/09/26 01:08:16.651, 22181
2026/09/26 01:08:17.151, 22181
2026/09/26 01:08:17.651, 22181
2026/09/26 01:08:18.151, 22181
2026/09/26 01:08:18.651, 22181
2026/09/26 01:08:19.151, 22181
2026/09/26 01:08:19.652, 22181
2026/09/26 01:08:20.152, 22181
2026/09/26 01:08:20.652, 22181
2026/09/26 01:08:21.152, 22181
2026/09/26 01:08:21.652, 22181
2026/09/26 01:08:22.152, 22181
2026/09/26 01:08:22.653, 22181
2026/09/26 01:08:23.153, 22181
2026/09/26 01:08:23.653, 22181
2026/09/26 01:08:24.153, 22181
2026/09/26 01:08:24.653, 22181
2026/09/26 01:08:25.154, 22181
2026/09/26 01:08:25.654, 22181
2026/09/26 01:08:26.154, 22181
2026/09/26 01:08:26.654, 22181
2026/09/26 01:08:27.154, 22181
2026/09/26 01:08:27.654, 22181
2026/09/26 01:08:28.155, 22181
2026/09/26 01:08:28.655, 22181
2026/09/26 01:08:29.155, 22181
2026/09/26 01:08:29.655, 22181
2026/09/26 01:08:30.155, 22181
2026/09/26 01:08:30.655, 22181
2026/09/26 01:08:31.156, 22181
2026/09/26 01:08:31.656, 22181
2026/09/26 01:08:32.156, 22181
2026/09/26 01:08:32.656, 22181
2026/09/26 01:08:33.156, 22181
2026/09/26 01:08:33.657, 22181
2026/09/26 01:08:34.157, 22181
2026/09/26 01:08:34.657, 22181
2026/09/26 01:08:35.157, 22181
2026/09/26 01:08:35.657, 22181
2026/09/26 01:08:36.157, 22181
2026/09/26 01:08:36.658, 22181
2026/09/26 01:08:37.158, 22181
2026/09/26 01:08:37.658, 22181
2026/09/26 01:08:38.158, 22181
2026/09/26 01:08:38.658, 22181
2026/09/26 01:08:39.158, 22181
2026/09/26 01:08:39.659, 22181
2026/09/26 01:08:40.159, 22181
2026/09/26 01:08:40.659, 22181
2026/09/26 01:08:41.159, 22181
2026/09/26 01:08:41.659, 22181
2026/09/26 01:08:42.159, 22181
2026/09/26 01:08:42.659, 22181
2026/09/26 01:08:43.160, 22181
2026/09/26 01:08:43.660, 22181
2026/09/26 01:08:44.160, 22181
2026/09/26 01:08:44.660, 22181
2026/09/26 01:08:45.160, 22181
2026/09/26 01:08:45.660, 22181
2026/09/26 01:08:46.161, 22181
2026/09/26 01:08:46.661, 22181
2026/09/26 01:08:47.161, 22181
2026/09/26 01:08:47.661, 22181
2026/09/26 01:08:48.161, 22181
2026/09/26 01:08:48.661, 22181
2026/09/26 01:08:49.161, 22181
2026/09/26 01:08:49.662, 22181
2026/09/26 01:08:50.162, 22181
2026/09/26 01:08:50.662, 22181
2026/09/26 01:08:51.162, 22181
2026/09/26 01:08:51.662, 22181
2026/09/26 01:08:52.162, 22181
2026/09/26 01:08:52.663, 22181
2026/09/26 01:08:53.163, 22181
2026/09/26 01:08:53.663, 22181
2026/09/26 01:08:54.163, 22181
2026/09/26 01:08:54.663, 22181
2026/09/26 01:08:55.163, 22181
2026/09/26 01:08:55.663, 22181
2026/09/26 01:08:56.164, 22181
2026/09/26 01:08:56.664, 22181
2026/09/26 01:08:57.164, 22181
2026/09/26 01:08:57.664, 22181
2026/09/26 01:08:58.164, 22181
2026/09/26 01:08:58.664, 22181
2026/09/26 01:08:59.165, 22181
2026/09/26 01:08:59.665, 22181
2026/09/26 01:09:00.165, 22181
2026/09/26 01:09:00.665, 22181
2026/09/26 01:09:01.165, 22181
2026/09/26 01:09:01.665, 22181
2026/09/26 01:09:02.165, 22181
2026/09/26 01:09:02.666, 22181
2026/09/26 01:09:03.166, 22181
2026/09/26 01:09:03.666, 22181
2026/09/26 01:09:04.166, 22181
2026/09/26 01:09:04.666, 22181
2026/09/26 01:09:05.166, 22181
2026/09/26 01:09:05.667, 22181
2026/09/26 01:09:06.167, 22181
2026/09/26 01:09:06.667, 22181
2026/09/26 01:09:07.167, 22181
2026/09/26 01:09:07.667, 22181
2026/09/26 01:09:08.167, 22181
2026/09/26 01:09:08.667, 22181
2026/09/26 01:09:09.168, 22181
2026/09/26 01:09:09.668, 22181
2026/09/26 01:09:10.168, 22181
2026/09/26 01:09:10.668, 22181
2026/09/26 01:09:11.168, 22181
2026/09/26 01:09:11.668, 22181
2026/09/26 01:09:12.169, 22181
2026/09/26 01:09:12.669, 22181
2026/09/26 01:09:13.169, 22181
2026/09/26 01:09:13.669, 22181
2026/09/26 01:09:14.169, 22181
2026/09/26 01:09:14.669, 22181
2026/09/26 01:09:15.169, 22181
2026/09/26 01:09:15.670, 22181
2026/09/26 01:09:16.170, 22181
2026/09/26 01:09:16.670, 22181
2026/09/26 01:09:17.170, 22181
2026/09/26 01:09:17.670, 22181
2026/09/26 01:09:18.170, 22181
2026/09/26 01:09:18.670, 22181
2026/09/26 01:09:19.171, 22181
2026/09/26 01:09:19.671, 22181
2026/09/26 01:09:20.171, 22181
2026/09/26 01:09:20.671, 22181
2026/09/26 01:09:21.171, 22181
2026/09/26 01:09:21.671, 22181
2026/09/26 01:09:22.171, 22181
2026/09/26 01:09:22.672, 22181
2026/09/26 01:09:23.172, 22181
2026/09/26 01:09:23.672, 22181
2026/09/26 01:09:24.172, 22181
2026/09/26 01:09:24.672, 22181
2026/09/26 01:09:25.172, 22181
2026/09/26 01:09:25.673, 22181
2026/09/26 01:09:26.173, 22181
2026/09/26 01:09:26.673, 22181
2026/09/26 01:09:27.173, 22181
2026/09/26 01:09:27.673, 22181
2026/09/26 01:09:28.173, 22181
2026/09/26 01:09:28.674, 22181
2026/09/26 01:09:29.174, 22181
2026/09/26 01:09:29.674, 22181
2026/09/26 01:09:30.174, 22181
2026/09/26 01:09:30.674, 22181
2026/09/26 01:09:31.174, 22181
2026/09/26 01:09:31.674, 22181
2026/09/26 01:09:32.175, 22181
2026/09/26 01:09:32.675, 22181
2026/09/26 01:09:33.175, 22181
2026/09/26 01:09:33.675, 22181
2026/09/26 01:09:34.175, 22181
2026/09/26 01:09:34.675, 22181
2026/09/26 01:09:35.176, 22181
2026/09/26 01:09:35.676, 22181
2026/09/26 01:09:36.176, 22181
2026/09/26 01:09:36.676, 22181
2026/09/26 01:09:37.176, 22181
2026/09/26 01:09:37.676, 22181
2026/09/26 01:09:38.176, 22181
2026/09/26 01:09:38.677, 22181
2026/09/26 01:09:39.177, 22181
2026/09/26 01:09:39.677, 22181
2026/09/26 01:09:40.177, 22181
2026/09/26 01:09:40.677, 22181
2026/09/26 01:09:41.177, 22181
2026/09/26 01:09:41.678, 22181
2026/09/26 01:09:42.178, 22181
2026/09/26 01:09:42.678, 22181
2026/09/26 01:09:43.178, 22181
2026/09/26 01:09:43.678, 22181
2026/09/26 01:09:44.178, 22181
2026/09/26 01:09:44.679, 22181
2026/09/26 01:09:45.179, 22181
2026/09/26 01:09:45.679, 22181
2026/09/26 01:09:46.179, 22181
2026/09/26 01:09:46.679, 22181
2026/09/26 01:09:47.179, 22181
2026/09/26 01:09:47.680, 22181
2026/09/26 01:09:48.180, 22181
2026/09/26 01:09:48.680, 22181
2026/09/26 01:09:49.180, 22181
2026/09/26 01:09:49.680, 22181
2026/09/26 01:09:50.180, 22181
2026/09/26 01:09:50.681, 22181
2026/09/26 01:09:51.181, 22181
2026/09/26 01:09:51.681, 22181
2026/09/26 01:09:52.181, 22181
2026/09/26 01:09:52.681, 22181
2026/09/26 01:09:53.181, 22181
2026/09/26 01:09:53.681, 22181
2026/09/26 01:09:54.182, 22181
2026/09/26 01:09:54.682, 22181
2026/09/26 01:09:55.182, 22181
2026/09/26 01:09:55.682, 22181
2026/09/26 01:09:56.182, 22181
2026/09/26 01:09:56.682, 22181
2026/09/26 01:09:57.183, 22181
2026/09/26 01:09:57.683, 22181
2026/09/26 01:09:58.183, 22181
2026/09/26 01:09:58.683, 22181
2026/09/26 01:09:59.183, 22181
2026/09/26 01:09:59.683, 22181
2026/09/26 01:10:00.183, 22181
2026/09/26 01:10:00.684, 22181
2026/09/26 01:10:01.184, 22181
2026/09/26 01:10:01.684, 22181
2026/09/26 01:10:02.184, 22181
2026/09/26 01:10:02.684, 22181
2026/09/26 01:10:03.184, 22181
2026/09/26 01:10:03.685, 22181
2026/09/26 01:10:04.185, 22181
2026/09/26 01:10:04.685, 22181
2026/09/26 01:10:05.185, 22181
2026/09/26 01:10:05.685, 22181
2026/09/26 01:10:06.185, 22181
2026/09/26 01:10:06.686, 22181
2026/09/26 01:10:07.186, 22181
2026/09/26 01:10:07.686, 22181
2026/09/26 01:10:08.186, 22181
2026/09/26 01:10:08.686, 22181
2026/09/26 01:10:09.186, 22181
2026/09/26 01:10:09.687, 22181
2026/09/26 01:10:10.187, 22181
2026/09/26 01:10:10.687, 22181
2026/09/26 01:10:11.187, 22181
2026/09/26 01:10:11.687, 22181
2026/09/26 01:10:12.187, 22181
2026/09/26 01:10:12.687, 22181
2026/09/26 01:10:13.188, 22181
2026/09/26 01:10:13.688, 22181
2026/09/26 01:10:14.188, 22181
2026/09/26 01:10:14.688, 22181
2026/09/26 01:10:15.188, 22181
2026/09/26 01:10:15.688, 22181
2026/09/26 01:10:16.189, 22181
2026/09/26 01:10:16.689, 22181
2026/09/26 01:10:17.189, 22181
2026/09/26 01:10:17.689, 22181
2026/09/26 01:10:18.189, 22181
2026/09/26 01:10:18.689, 22181
2026/09/26 01:10:19.189, 22181
2026/09/26 01:10:19.690, 22181
2026/09/26 01:10:20.190, 22181
2026/09/26 01:10:20.690, 22181
2026/09/26 01:10:21.190, 22181
2026/09/26 01:10:21.690, 22181
2026/09/26 01:10:22.190, 22181
2026/09/26 01:10:22.690, 22181
2026/09/26 01:10:23.191, 22181
2026/09/26 01:10:23.691, 22181
2026/09/26 01:10:24.191, 22181
2026/09/26 01:10:24.691, 22181
2026/09/26 01:10:25.191, 22181
2026/09/26 01:10:25.691, 22181
2026/09/26 01:10:26.191, 22181
2026/09/26 01:10:26.692, 22181
2026/09/26 01:10:27.192, 22181
2026/09/26 01:10:27.692, 22181
2026/09/26 01:10:28.192, 22181
2026/09/26 01:10:28.692, 22181
2026/09/26 01:10:29.193, 22181
2026/09/26 01:10:29.693, 22181
2026/09/26 01:10:30.193, 22181
2026/09/26 01:10:30.693, 22181
2026/09/26 01:10:31.193, 22181
2026/09/26 01:10:31.693, 22181
2026/09/26 01:10:32.194, 22181
2026/09/26 01:10:32.694, 22181
2026/09/26 01:10:33.194, 22181
2026/09/26 01:10:33.694, 22181
2026/09/26 01:10:34.194, 22181
2026/09/26 01:10:34.694, 22181
2026/09/26 01:10:35.195, 22181
2026/09/26 01:10:35.695, 22181
2026/09/26 01:10:36.195, 22181
2026/09/26 01:10:36.695, 22181
2026/09/26 01:10:37.195, 22181
2026/09/26 01:10:37.695, 22181
2026/09/26 01:10:38.195, 22181
2026/09/26 01:10:38.696, 22181
2026/09/26 01:10:39.196, 22181
2026/09/26 01:10:39.696, 22181
2026/09/26 01:10:40.196, 22181
2026/09/26 01:10:40.696, 22181
2026/09/26 01:10:41.196, 22181
2026/09/26 01:10:41.697, 22181
2026/09/26 01:10:42.197, 22181
2026/09/26 01:10:42.697, 22181
2026/09/26 01:10:43.197, 22181
2026/09/26 01:10:43.697, 22181
2026/09/26 01:10:44.197, 22181
2026/09/26 01:10:44.698, 22181
2026/09/26 01:10:45.198, 22181
2026/09/26 01:10:45.698, 22181
2026/09/26 01:10:46.198, 22181
2026/09/26 01:10:46.698, 22181
2026/09/26 01:10:47.198, 22181
2026/09/26 01:10:47.698, 22181
2026/09/26 01:10:48.199, 22181
2026/09/26 01:10:48.699, 22181
2026/09/26 01:10:49.199, 22181
2026/09/26 01:10:49.699, 22181
2026/09/26 01:10:50.199, 22181
2026/09/26 01:10:50.699, 22181
2026/09/26 01:10:51.200, 22181
2026/09/26 01:10:51.700, 22181
2026/09/26 01:10:52.200, 22181
2026/09/26 01:10:52.700, 22181
2026/09/26 01:10:53.201, 22181
2026/09/26 01:10:53.701, 22181
2026/09/26 01:10:54.201, 22181
2026/09/26 01:10:54.701, 22181
2026/09/26 01:10:55.201, 22181
2026/09/26 01:10:55.702, 22181
2026/09/26 01:10:56.202, 22181
2026/09/26 01:10:56.702, 22181
2026/09/26 01:10:57.202, 22181
2026/09/26 01:10:57.702, 22181
2026/09/26 01:10:58.202, 22181
2026/09/26 01:10:58.702, 22181
2026/09/26 01:10:59.203, 22181
2026/09/26 01:10:59.703, 22181
2026/09/26 01:11:00.203, 22181
2026/09/26 01:11:00.703, 22181
2026/09/26 01:11:01.203, 22181
2026/09/26 01:11:01.703, 22181
2026/09/26 01:11:02.204, 22181
2026/09/26 01:11:02.704, 22181
2026/09/26 01:11:03.204, 22181
2026/09/26 01:11:03.704, 22181
2026/09/26 01:11:04.204, 22181
2026/09/26 01:11:04.704, 22181
2026/09/26 01:11:05.205, 22181
2026/09/26 01:11:05.705, 22181
2026/09/26 01:11:06.205, 22181
2026/09/26 01:11:06.705, 22181
2026/09/26 01:11:07.205, 22181
2026/09/26 01:11:07.705, 22181
2026/09/26 01:11:08.206, 22181
2026/09/26 01:11:08.706, 22181
2026/09/26 01:11:09.206, 22181
2026/09/26 01:11:09.706, 22181
2026/09/26 01:11:10.206, 22181
2026/09/26 01:11:10.706, 22181
2026/09/26 01:11:11.207, 22181
2026/09/26 01:11:11.707, 22181
2026/09/26 01:11:12.207, 22181
2026/09/26 01:11:12.708, 22181
2026/09/26 01:11:13.208, 22181
2026/09/26 01:11:13.708, 22181
2026/09/26 01:11:14.208, 22181
2026/09/26 01:11:14.708, 22181
2026/09/26 01:11:15.208, 22181
2026/09/26 01:11:15.709, 22181
2026/09/26 01:11:16.209, 22181
2026/09/26 01:11:16.709, 22181
2026/09/26 01:11:17.209, 22181
2026/09/26 01:11:17.710, 22181
2026/09/26 01:11:18.210, 22181
2026/09/26 01:11:18.710, 22181
2026/09/26 01:11:19.210, 22181
2026/09/26 01:11:19.710, 22181
2026/09/26 01:11:20.210, 22181
2026/09/26 01:11:20.711, 22181
2026/09/26 01:11:21.211, 22181
2026/09/26 01:11:21.711, 22181
2026/09/26 01:11:22.211, 22181
2026/09/26 01:11:22.711, 22181
2026/09/26 01:11:23.211, 22181
2026/09/26 01:11:23.712, 22181
2026/09/26 01:11:24.212, 22181
2026/09/26 01:11:24.712, 22181
2026/09/26 01:11:25.212, 22181
2026/09/26 01:11:25.712, 22181
2026/09/26 01:11:26.212, 22181
2026/09/26 01:11:26.713, 22181
2026/09/26 01:11:27.213, 22181
2026/09/26 01:11:27.713, 22181
2026/09/26 01:11:28.213, 22181
2026/09/26 01:11:28.713, 22181
2026/09/26 01:11:29.214, 22181
2026/09/26 01:11:29.714, 22181
2026/09/26 01:11:30.214, 22181
2026/09/26 01:11:30.714, 22181
2026/09/26 01:11:31.214, 22181
2026/09/26 01:11:31.714, 22181
2026/09/26 01:11:32.215, 22181
2026/09/26 01:11:32.715, 22181
2026/09/26 01:11:33.215, 22181
2026/09/26 01:11:33.715, 22181
2026/09/26 01:11:34.215, 22181
2026/09/26 01:11:34.715, 22181
2026/09/26 01:11:35.216, 22181
2026/09/26 01:11:35.716, 22181
2026/09/26 01:11:36.216, 22181
2026/09/26 01:11:36.716, 22181
2026/09/26 01:11:37.216, 22181
2026/09/26 01:11:37.716, 22181
2026/09/26 01:11:38.217, 22181
2026/09/26 01:11:38.717, 22181
2026/09/26 01:11:39.217, 22181
2026/09/26 01:11:39.717, 22181
2026/09/26 01:11:40.217, 22181
2026/09/26 01:11:40.717, 22181
2026/09/26 01:11:41.218, 22181
2026/09/26 01:11:41.718, 22181
2026/09/26 01:11:42.218, 22181
2026/09/26 01:11:42.718, 22181
2026/09/26 01:11:43.218, 22181
2026/09/26 01:11:43.718, 22181
2026/09/26 01:11:44.218, 22181
2026/09/26 01:11:44.719, 22181
2026/09/26 01:11:45.219, 22181
2026/09/26 01:11:45.719, 22181
2026/09/26 01:11:46.219, 22181
2026/09/26 01:11:46.719, 22181
2026/09/26 01:11:47.219, 22181
2026/09/26 01:11:47.720, 22181
2026/09/26 01:11:48.220, 22181
2026/09/26 01:11:48.720, 22181
2026/09/26 01:11:49.220, 22181
2026/09/26 01:11:49.720, 22181
2026/09/26 01:11:50.220, 22181
2026/09/26 01:11:50.721, 22181
2026/09/26 01:11:51.221, 22181
2026/09/26 01:11:51.721, 22181
2026/09/26 01:11:52.221, 22181
2026/09/26 01:11:52.721, 22181
2026/09/26 01:11:53.221, 22181
2026/09/26 01:11:53.722, 22181
2026/09/26 01:11:54.222, 22181
2026/09/26 01:11:54.722, 22181
2026/09/26 01:11:55.222, 22181
2026/09/26 01:11:55.722, 22181
2026/09/26 01:11:56.222, 22181
2026/09/26 01:11:56.723, 22181
2026/09/26 01:11:57.223, 22181
2026/09/26 01:11:57.723, 22181
2026/09/26 01:11:58.223, 22181
2026/09/26 01:11:58.723, 22181
2026/09/26 01:11:59.223, 22181
2026/09/26 01:11:59.724, 22181
2026/09/26 01:12:00.224, 22181
2026/09/26 01:12:00.724, 22181
2026/09/26 01:12:01.224, 22181
2026/09/26 01:12:01.724, 22181
2026/09/26 01:12:02.224, 22181
2026/09/26 01:12:02.725, 22181
2026/09/26 01:12:03.225, 22181
2026/09/26 01:12:03.725, 22181
2026/09/26 01:12:04.225, 22181
2026/09/26 01:12:04.725, 22181
2026/09/26 01:12:05.225, 22181
2026/09/26 01:12:05.726, 22181
2026/09/26 01:12:06.226, 22181
2026/09/26 01:12:06.726, 22181
2026/09/26 01:12:07.226, 22181
2026/09/26 01:12:07.726, 22181
2026/09/26 01:12:08.226, 22181
2026/09/26 01:12:08.726, 22181
2026/09/26 01:12:09.227, 22181
2026/09/26 01:12:09.727, 22181
2026/09/26 01:12:10.227, 22181
2026/09/26 01:12:10.727, 22181
2026/09/26 01:12:11.227, 22181
2026/09/26 01:12:11.727, 22181
2026/09/26 01:12:12.228, 22181
2026/09/26 01:12:12.728, 22181
2026/09/26 01:12:13.228, 22181
2026/09/26 01:12:13.728, 22181
2026/09/26 01:12:14.228, 22181
2026/09/26 01:12:14.728, 22181
2026/09/26 01:12:15.229, 22181
2026/09/26 01:12:15.729, 22181
2026/09/26 01:12:16.229, 22181
2026/09/26 01:12:16.729, 22181
2026/09/26 01:12:17.229, 22181
2026/09/26 01:12:17.729, 22181
2026/09/26 01:12:18.230, 22181
2026/09/26 01:12:18.730, 22181
2026/09/26 01:12:19.230, 22181
2026/09/26 01:12:19.730, 22181
2026/09/26 01:12:20.230, 22181
2026/09/26 01:12:20.730, 22181
2026/09/26 01:12:21.231, 22181
2026/09/26 01:12:21.731, 22181
2026/09/26 01:12:22.231, 22181
2026/09/26 01:12:22.731, 22181
2026/09/26 01:12:23.231, 22181
2026/09/26 01:12:23.731, 22181
2026/09/26 01:12:24.232, 22181
2026/09/26 01:12:24.732, 22181
2026/09/26 01:12:25.232, 22181
2026/09/26 01:12:25.732, 22181
2026/09/26 01:12:26.232, 22181
2026/09/26 01:12:26.733, 22181
2026/09/26 01:12:27.233, 22181
2026/09/26 01:12:27.733, 22181
2026/09/26 01:12:28.233, 22181
2026/09/26 01:12:28.733, 22181
2026/09/26 01:12:29.233, 22181
2026/09/26 01:12:29.734, 22181
2026/09/26 01:12:30.234, 22181
2026/09/26 01:12:30.734, 22181
2026/09/26 01:12:31.234, 22181
2026/09/26 01:12:31.734, 22181
2026/09/26 01:12:32.234, 22181
2026/09/26 01:12:32.735, 22181
2026/09/26 01:12:33.235, 22181
2026/09/26 01:12:33.735, 22181
2026/09/26 01:12:34.235, 22181
2026/09/26 01:12:34.735, 22181
2026/09/26 01:12:35.236, 22181
2026/09/26 01:12:35.736, 22181
2026/09/26 01:12:36.236, 22181
2026/09/26 01:12:36.736, 22181
2026/09/26 01:12:37.236, 22181
2026/09/26 01:12:37.736, 22181
2026/09/26 01:12:38.237, 22181
2026/09/26 01:12:38.737, 22181
2026/09/26 01:12:39.237, 22181
2026/09/26 01:12:39.737, 22181
2026/09/26 01:12:40.237, 22181
2026/09/26 01:12:40.737, 22181
2026/09/26 01:12:41.237, 22181
2026/09/26 01:12:41.738, 22181
2026/09/26 01:12:42.238, 22181
2026/09/26 01:12:42.738, 22181
2026/09/26 01:12:43.238, 22181
2026/09/26 01:12:43.738, 22181
2026/09/26 01:12:44.238, 22181
2026/09/26 01:12:44.739, 22181
2026/09/26 01:12:45.239, 22181
2026/09/26 01:12:45.739, 22181
2026/09/26 01:12:46.239, 22181
2026/09/26 01:12:46.739, 22181
2026/09/26 01:12:47.239, 22181
2026/09/26 01:12:47.740, 22181
2026/09/26 01:12:48.240, 22181
2026/09/26 01:12:48.740, 22181
2026/09/26 01:12:49.240, 22181
2026/09/26 01:12:49.740, 22181
2026/09/26 01:12:50.240, 22181
2026/09/26 01:12:50.741, 22181
2026/09/26 01:12:51.241, 22181
2026/09/26 01:12:51.741, 22181
2026/09/26 01:12:52.241, 22181
2026/09/26 01:12:52.741, 22181
2026/09/26 01:12:53.241, 22181
2026/09/26 01:12:53.742, 22181
2026/09/26 01:12:54.242, 22181
2026/09/26 01:12:54.742, 22181
2026/09/26 01:12:55.242, 22181
2026/09/26 01:12:55.742, 22181
2026/09/26 01:12:56.242, 22181
2026/09/26 01:12:56.743, 22181
2026/09/26 01:12:57.243, 22181
2026/09/26 01:12:57.743, 22181
2026/09/26 01:12:58.243, 22181
2026/09/26 01:12:58.743, 22181
2026/09/26 01:12:59.243, 22181
2026/09/26 01:12:59.744, 22181
2026/09/26 01:13:00.244, 22181
2026/09/26 01:13:00.744, 22181
2026/09/26 01:13:01.244, 22181
2026/09/26 01:13:01.744, 22181
2026/09/26 01:13:02.244, 22181
2026/09/26 01:13:02.745, 22181
2026/09/26 01:13:03.245, 22181
2026/09/26 01:13:03.745, 22181
2026/09/26 01:13:04.245, 22181
2026/09/26 01:13:04.745, 22181
2026/09/26 01:13:05.245, 22181
2026/09/26 01:13:05.746, 22181
2026/09/26 01:13:06.246, 22181
2026/09/26 01:13:06.746, 22181
2026/09/26 01:13:07.246, 22181
2026/09/26 01:13:07.746, 22181
2026/09/26 01:13:08.246, 22181
2026/09/26 01:13:08.747, 22181
2026/09/26 01:13:09.247, 22181
2026/09/26 01:13:09.747, 22181
2026/09/26 01:13:10.247, 22181
2026/09/26 01:13:10.747, 22181
2026/09/26 01:13:11.247, 22181
2026/09/26 01:13:11.748, 22181
2026/09/26 01:13:12.248, 22181
2026/09/26 01:13:12.748, 22181
2026/09/26 01:13:13.248, 22181
2026/09/26 01:13:13.748, 22181
2026/09/26 01:13:14.248, 22181
2026/09/26 01:13:14.748, 22181
2026/09/26 01:13:15.249, 22181
2026/09/26 01:13:15.749, 22181
2026/09/26 01:13:16.249, 22181
2026/09/26 01:13:16.749, 22181
2026/09/26 01:13:17.249, 22181
2026/09/26 01:13:17.749, 22181
2026/09/26 01:13:18.250, 22181
2026/09/26 01:13:18.750, 22181
2026/09/26 01:13:19.250, 22181
2026/09/26 01:13:19.750, 22181
2026/09/26 01:13:20.250, 22181
2026/09/26 01:13:20.750, 22181
2026/09/26 01:13:21.251, 22181
2026/09/26 01:13:21.751, 22181
2026/09/26 01:13:22.251, 22181
2026/09/26 01:13:22.751, 22181
2026/09/26 01:13:23.251, 22181
2026/09/26 01:13:23.751, 22181
2026/09/26 01:13:24.252, 22181
2026/09/26 01:13:24.752, 22181
2026/09/26 01:13:25.252, 22181
2026/09/26 01:13:25.752, 22181
2026/09/26 01:13:26.253, 22181
2026/09/26 01:13:26.753, 22181
2026/09/26 01:13:27.253, 22181
2026/09/26 01:13:27.753, 22181
2026/09/26 01:13:28.253, 22181
2026/09/26 01:13:28.753, 22181
2026/09/26 01:13:29.254, 22181
2026/09/26 01:13:29.754, 22181
2026/09/26 01:13:30.254, 22181
2026/09/26 01:13:30.754, 22181
2026/09/26 01:13:31.254, 22181
2026/09/26 01:13:31.754, 22181
2026/09/26 01:13:32.255, 22181
2026/09/26 01:13:32.755, 22181
2026/09/26 01:13:33.255, 22181
2026/09/26 01:13:33.755, 22181
2026/09/26 01:13:34.255, 22181
2026/09/26 01:13:34.755, 22181
2026/09/26 01:13:35.256, 22181
2026/09/26 01:13:35.756, 22181
2026/09/26 01:13:36.256, 22181
2026/09/26 01:13:36.756, 22181
2026/09/26 01:13:37.256, 22181
2026/09/26 01:13:37.756, 22181
2026/09/26 01:13:38.257, 22181
2026/09/26 01:13:38.757, 22181
2026/09/26 01:13:39.257, 22181
2026/09/26 01:13:39.757, 22181
2026/09/26 01:13:40.257, 22181
2026/09/26 01:13:40.757, 22181
2026/09/26 01:13:41.258, 22181
2026/09/26 01:13:41.758, 22181
2026/09/26 01:13:42.258, 22181
2026/09/26 01:13:42.758, 22181
2026/09/26 01:13:43.258, 22181
2026/09/26 01:13:43.758, 22181
2026/09/26 01:13:44.258, 22181
2026/09/26 01:13:44.759, 22181
2026/09/26 01:13:45.259, 22181
2026/09/26 01:13:45.759, 22181
2026/09/26 01:13:46.259, 22181
2026/09/26 01:13:46.759, 22181
2026/09/26 01:13:47.260, 22181
2026/09/26 01:13:47.760, 22181
2026/09/26 01:13:48.260, 22181
2026/09/26 01:13:48.760, 22181
2026/09/26 01:13:49.260, 22181
2026/09/26 01:13:49.760, 22181
2026/09/26 01:13:50.261, 22181
2026/09/26 01:13:50.761, 22181
2026/09/26 01:13:51.261, 22181
2026/09/26 01:13:51.761, 22181
2026/09/26 01:13:52.261, 22181
2026/09/26 01:13:52.761, 22181
2026/09/26 01:13:53.262, 22181
2026/09/26 01:13:53.762, 22181
2026/09/26 01:13:54.262, 22181
2026/09/26 01:13:54.762, 22181
2026/09/26 01:13:55.262, 22181
2026/09/26 01:13:55.762, 22181
2026/09/26 01:13:56.263, 22181
2026/09/26 01:13:56.763, 22181
2026/09/26 01:13:57.263, 22181
2026/09/26 01:13:57.763, 22181
2026/09/26 01:13:58.263, 22181
2026/09/26 01:13:58.763, 22181
2026/09/26 01:13:59.264, 22181
2026/09/26 01:13:59.764, 22181
2026/09/26 01:14:00.264, 22181
2026/09/26 01:14:00.764, 22181
2026/09/26 01:14:01.264, 22181
2026/09/26 01:14:01.764, 22181
2026/09/26 01:14:02.265, 22181
2026/09/26 01:14:02.765, 22181
2026/09/26 01:14:03.265, 22181
2026/09/26 01:14:03.765, 22181
2026/09/26 01:14:04.265, 22181
2026/09/26 01:14:04.765, 22181
2026/09/26 01:14:05.266, 22181
2026/09/26 01:14:05.766, 22181
2026/09/26 01:14:06.266, 22181
2026/09/26 01:14:06.766, 22181
2026/09/26 01:14:07.266, 22181
2026/09/26 01:14:07.767, 22181
2026/09/26 01:14:08.267, 22181
2026/09/26 01:14:08.767, 22181
2026/09/26 01:14:09.267, 22181
2026/09/26 01:14:09.767, 22181
2026/09/26 01:14:10.267, 22181
2026/09/26 01:14:10.768, 22181
2026/09/26 01:14:11.268, 22181
2026/09/26 01:14:11.768, 22181
2026/09/26 01:14:12.268, 22181
2026/09/26 01:14:12.768, 22181
2026/09/26 01:14:13.268, 22181
2026/09/26 01:14:13.768, 22181
2026/09/26 01:14:14.269, 22181
2026/09/26 01:14:14.769, 22181
2026/09/26 01:14:15.269, 22181
2026/09/26 01:14:15.769, 22181
2026/09/26 01:14:16.269, 22181
2026/09/26 01:14:16.769, 22181
2026/09/26 01:14:17.270, 22181
2026/09/26 01:14:17.770, 22181
2026/09/26 01:14:18.270, 22181
2026/09/26 01:14:18.770, 22181
2026/09/26 01:14:19.273, 22181
2026/09/26 01:14:19.773, 22181
2026/09/26 01:14:20.273, 22181
2026/09/26 01:14:20.773, 22181
2026/09/26 01:14:21.273, 22181
2026/09/26 01:14:21.774, 22181
2026/09/26 01:14:22.274, 22181
2026/09/26 01:14:22.774, 22181
2026/09/26 01:14:23.274, 22181
2026/09/26 01:14:23.774, 22181
2026/09/26 01:14:24.274, 22181
2026/09/26 01:14:24.775, 22181
2026/09/26 01:14:25.275, 22181
2026/09/26 01:14:25.775, 22181
2026/09/26 01:14:26.275, 22181
2026/09/26 01:14:26.775, 22181
2026/09/26 01:14:27.275, 22181
2026/09/26 01:14:27.776, 22181
2026/09/26 01:14:28.276, 22181
2026/09/26 01:14:28.776, 22181
2026/09/26 01:14:29.276, 22181
2026/09/26 01:14:29.776, 22181
2026/09/26 01:14:30.276, 22181
2026/09/26 01:14:30.777, 22181
2026/09/26 01:14:31.277, 22181
2026/09/26 01:14:31.777, 22181
2026/09/26 01:14:32.277, 22181
2026/09/26 01:14:32.777, 22181
2026/09/26 01:14:33.278, 22181
2026/09/26 01:14:33.778, 22181
2026/09/26 01:14:34.278, 22181
2026/09/26 01:14:34.778, 22181
2026/09/26 01:14:35.278, 22181
2026/09/26 01:14:35.778, 22181
2026/09/26 01:14:36.279, 22181
2026/09/26 01:14:36.779, 22181
2026/09/26 01:14:37.279, 22181
2026/09/26 01:14:37.779, 22181
2026/09/26 01:14:38.279, 22181
2026/09/26 01:14:38.779, 22181
2026/09/26 01:14:39.279, 22181
2026/09/26 01:14:39.780, 22181
2026/09/26 01:14:40.280, 22181
2026/09/26 01:14:40.780, 22181
2026/09/26 01:14:41.280, 22181
2026/09/26 01:14:41.780, 22181
2026/09/26 01:14:42.281, 22181
2026/09/26 01:14:42.781, 22181
2026/09/26 01:14:43.281, 22181
2026/09/26 01:14:43.781, 22181
2026/09/26 01:14:44.281, 22181
2026/09/26 01:14:44.781, 22181
2026/09/26 01:14:45.281, 22181
2026/09/26 01:14:45.782, 22181
2026/09/26 01:14:46.282, 22181
2026/09/26 01:14:46.782, 22181
2026/09/26 01:14:47.282, 22181
2026/09/26 01:14:47.782, 22181
2026/09/26 01:14:48.282, 22181
2026/09/26 01:14:48.783, 22181
2026/09/26 01:14:49.283, 22181
2026/09/26 01:14:49.783, 22181
2026/09/26 01:14:50.283, 22181
2026/09/26 01:14:50.783, 22181
2026/09/26 01:14:51.283, 22181
2026/09/26 01:14:51.784, 22181
2026/09/26 01:14:52.284, 22181
2026/09/26 01:14:52.784, 22181
2026/09/26 01:14:53.284, 22181
2026/09/26 01:14:53.784, 22181
2026/09/26 01:14:54.284, 22181
2026/09/26 01:14:54.784, 22181
2026/09/26 01:14:55.285, 22181
2026/09/26 01:14:55.785, 22181
2026/09/26 01:14:56.285, 22181
2026/09/26 01:14:56.785, 22181
2026/09/26 01:14:57.285, 22181
2026/09/26 01:14:57.785, 22181
2026/09/26 01:14:58.286, 22181
2026/09/26 01:14:58.786, 22181
2026/09/26 01:14:59.286, 22181
2026/09/26 01:14:59.786, 22181
2026/09/26 01:15:00.286, 22181
2026/09/26 01:15:00.786, 22181
2026/09/26 01:15:01.287, 22181
2026/09/26 01:15:01.787, 22181
2026/09/26 01:15:02.287, 22181
2026/09/26 01:15:02.787, 22181
2026/09/26 01:15:03.287, 22181
2026/09/26 01:15:03.787, 22181
2026/09/26 01:15:04.288, 22181
2026/09/26 01:15:04.788, 22181
2026/09/26 01:15:05.288, 22181
2026/09/26 01:15:05.788, 22181
2026/09/26 01:15:06.288, 22181
2026/09/26 01:15:06.788, 22181
2026/09/26 01:15:07.289, 22181
2026/09/26 01:15:07.789, 22181
2026/09/26 01:15:08.289, 22181
2026/09/26 01:15:08.789, 22181
2026/09/26 01:15:09.289, 22181
2026/09/26 01:15:09.789, 22181
2026/09/26 01:15:10.289, 22181
2026/09/26 01:15:10.790, 22181
2026/09/26 01:15:11.290, 22181
2026/09/26 01:15:11.790, 22181
2026/09/26 01:15:12.290, 22181
2026/09/26 01:15:12.790, 22181
2026/09/26 01:15:13.290, 22181
2026/09/26 01:15:13.791, 22181
2026/09/26 01:15:14.291, 22181
2026/09/26 01:15:14.791, 22181
2026/09/26 01:15:15.291, 22181
2026/09/26 01:15:15.791, 22181
2026/09/26 01:15:16.291, 22181
2026/09/26 01:15:16.792, 22181
2026/09/26 01:15:17.292, 22181
2026/09/26 01:15:17.792, 22181
2026/09/26 01:15:18.292, 22181
2026/09/26 01:15:18.792, 22181
2026/09/26 01:15:19.292, 22181
2026/09/26 01:15:19.793, 22181
2026/09/26 01:15:20.293, 22181
2026/09/26 01:15:20.793, 22181
2026/09/26 01:15:21.293, 22181
2026/09/26 01:15:21.793, 22181
2026/09/26 01:15:22.293, 22181
2026/09/26 01:15:22.793, 22181
2026/09/26 01:15:23.294, 22181
2026/09/26 01:15:23.794, 22181
2026/09/26 01:15:24.294, 22181
2026/09/26 01:15:24.794, 22181
2026/09/26 01:15:25.294, 22181
2026/09/26 01:15:25.794, 22181
2026/09/26 01:15:26.294, 22181
2026/09/26 01:15:26.795, 22181
2026/09/26 01:15:27.295, 22181
2026/09/26 01:15:27.795, 22181
2026/09/26 01:15:28.295, 22181
2026/09/26 01:15:28.795, 22181
2026/09/26 01:15:29.295, 22181
2026/09/26 01:15:29.796, 22181
2026/09/26 01:15:30.296, 22181
2026/09/26 01:15:30.796, 22181
2026/09/26 01:15:31.296, 22181
2026/09/26 01:15:31.796, 22181
2026/09/26 01:15:32.296, 22181
2026/09/26 01:15:32.797, 22181
2026/09/26 01:15:33.297, 22181
2026/09/26 01:15:33.797, 22181
2026/09/26 01:15:34.297, 22181
2026/09/26 01:15:34.797, 22181
2026/09/26 01:15:35.297, 22181
2026/09/26 01:15:35.797, 22181
2026/09/26 01:15:36.298, 22181
2026/09/26 01:15:36.798, 22181
2026/09/26 01:15:37.298, 22181
2026/09/26 01:15:37.798, 22181
2026/09/26 01:15:38.298, 22181
2026/09/26 01:15:38.798, 22181
2026/09/26 01:15:39.298, 22181
2026/09/26 01:15:39.799, 22181
2026/09/26 01:15:40.299, 22181
2026/09/26 01:15:40.799, 22181
2026/09/26 01:15:41.299, 22181
2026/09/26 01:15:41.799, 22181
2026/09/26 01:15:42.299, 22181
2026/09/26 01:15:42.800, 22181
2026/09/26 01:15:43.300, 22181
2026/09/26 01:15:43.800, 22181
2026/09/26 01:15:44.300, 22181
2026/09/26 01:15:44.800, 22181
2026/09/26 01:15:45.300, 22181
2026/09/26 01:15:45.800, 22181
2026/09/26 01:15:46.301, 22181
2026/09/26 01:15:46.801, 22181
2026/09/26 01:15:47.301, 22181
2026/09/26 01:15:47.801, 22181
2026/09/26 01:15:48.301, 22181
2026/09/26 01:15:48.801, 22181
2026/09/26 01:15:49.302, 22181
2026/09/26 01:15:49.802, 22181
2026/09/26 01:15:50.302, 22181
2026/09/26 01:15:50.802, 22181
2026/09/26 01:15:51.302, 22181
2026/09/26 01:15:51.802, 22181
2026/09/26 01:15:52.302, 22181
2026/09/26 01:15:52.803, 22181
2026/09/26 01:15:53.303, 22181
2026/09/26 01:15:53.803, 22181
2026/09/26 01:15:54.303, 22181
2026/09/26 01:15:54.803, 22181
2026/09/26 01:15:55.303, 22181
2026/09/26 01:15:55.804, 22181
2026/09/26 01:15:56.304, 22181
2026/09/26 01:15:56.804, 22181
2026/09/26 01:15:57.304, 22181
2026/09/26 01:15:57.804, 22181
2026/09/26 01:15:58.304, 22181
2026/09/26 01:15:58.804, 22181
2026/09/26 01:15:59.305, 22181
2026/09/26 01:15:59.805, 22181
2026/09/26 01:16:00.305, 22181
2026/09/26 01:16:00.805, 22181
2026/09/26 01:16:01.305, 22181
2026/09/26 01:16:01.805, 22181
2026/09/26 01:16:02.307, 22181
2026/09/26 01:16:02.807, 22181
2026/09/26 01:16:03.307, 22181
2026/09/26 01:16:03.807, 22181
2026/09/26 01:16:04.307, 22181
2026/09/26 01:16:04.808, 22181
2026/09/26 01:16:05.308, 22181
2026/09/26 01:16:05.808, 22181
2026/09/26 01:16:06.308, 22181
2026/09/26 01:16:06.808, 22181
2026/09/26 01:16:07.308, 22181
2026/09/26 01:16:07.808, 22181
2026/09/26 01:16:08.309, 22181
2026/09/26 01:16:08.809, 22181
2026/09/26 01:16:09.309, 22181
2026/09/26 01:16:09.809, 22181
2026/09/26 01:16:10.309, 22181
2026/09/26 01:16:10.809, 22181
2026/09/26 01:16:11.309, 22181
2026/09/26 01:16:11.810, 22181
2026/09/26 01:16:12.310, 22181
2026/09/26 01:16:12.810, 22181
2026/09/26 01:16:13.310, 22181
2026/09/26 01:16:13.810, 22181
2026/09/26 01:16:14.310, 22181
2026/09/26 01:16:14.811, 22181
2026/09/26 01:16:15.311, 22181
2026/09/26 01:16:15.811, 22181
2026/09/26 01:16:16.311, 22181
2026/09/26 01:16:16.811, 22181
2026/09/26 01:16:17.311, 22181
2026/09/26 01:16:17.811, 22181
2026/09/26 01:16:18.312, 22181
2026/09/26 01:16:18.812, 22181
2026/09/26 01:16:19.312, 22181
2026/09/26 01:16:19.812, 22181
2026/09/26 01:16:20.312, 22181
2026/09/26 01:16:20.812, 22181
2026/09/26 01:16:21.313, 22181
2026/09/26 01:16:21.813, 22181
2026/09/26 01:16:22.313, 22181
2026/09/26 01:16:22.813, 22181
2026/09/26 01:16:23.313, 22181
2026/09/26 01:16:23.813, 22181
2026/09/26 01:16:24.314, 22181
2026/09/26 01:16:24.814, 22181
2026/09/26 01:16:25.314, 22181
2026/09/26 01:16:25.814, 22181
2026/09/26 01:16:26.314, 22181
2026/09/26 01:16:26.814, 22181
2026/09/26 01:16:27.314, 22181
2026/09/26 01:16:27.815, 22181
2026/09/26 01:16:28.315, 22181
2026/09/26 01:16:28.815, 22181
2026/09/26 01:16:29.315, 22181
2026/09/26 01:16:29.815, 22181
2026/09/26 01:16:30.315, 22181
2026/09/26 01:16:30.816, 22181
2026/09/26 01:16:31.316, 22181
2026/09/26 01:16:31.816, 22181
2026/09/26 01:16:32.316, 22181
2026/09/26 01:16:32.816, 22181
2026/09/26 01:16:33.316, 22181
2026/09/26 01:16:33.817, 22181
2026/09/26 01:16:34.317, 22181
2026/09/26 01:16:34.817, 22181
2026/09/26 01:16:35.317, 22181
2026/09/26 01:16:35.817, 22181
2026/09/26 01:16:36.317, 22181
2026/09/26 01:16:36.818, 22181
2026/09/26 01:16:37.318, 22181
2026/09/26 01:16:37.818, 22181
2026/09/26 01:16:38.318, 22181
2026/09/26 01:16:38.818, 22181
2026/09/26 01:16:39.318, 22181
2026/09/26 01:16:39.819, 22181
2026/09/26 01:16:40.319, 22181
2026/09/26 01:16:40.819, 22181
2026/09/26 01:16:41.319, 22181
2026/09/26 01:16:41.819, 22181
2026/09/26 01:16:42.319, 22181
2026/09/26 01:16:42.820, 22181
2026/09/26 01:16:43.320, 22181
2026/09/26 01:16:43.820, 22181
2026/09/26 01:16:44.320, 22181
2026/09/26 01:16:44.820, 22181
2026/09/26 01:16:45.320, 22181
2026/09/26 01:16:45.821, 22181
2026/09/26 01:16:46.321, 22181
2026/09/26 01:16:46.821, 22181
2026/09/26 01:16:47.321, 22181
2026/09/26 01:16:47.821, 22181
2026/09/26 01:16:48.321, 22181
2026/09/26 01:16:48.822, 22181
2026/09/26 01:16:49.322, 22181
2026/09/26 01:16:49.822, 22181
2026/09/26 01:16:50.322, 22181
2026/09/26 01:16:50.822, 22181
2026/09/26 01:16:51.322, 22181
2026/09/26 01:16:51.823, 22181
2026/09/26 01:16:52.323, 22181
2026/09/26 01:16:52.823, 22181
2026/09/26 01:16:53.323, 22181
2026/09/26 01:16:53.823, 22181
2026/09/26 01:16:54.323, 22181
2026/09/26 01:16:54.824, 22181
2026/09/26 01:16:55.324, 22181
2026/09/26 01:16:55.824, 22181
2026/09/26 01:16:56.324, 22181
2026/09/26 01:16:56.824, 22181
2026/09/26 01:16:57.324, 22181
2026/09/26 01:16:57.825, 22181
2026/09/26 01:16:58.325, 22181
2026/09/26 01:16:58.825, 22181
2026/09/26 01:16:59.325, 22181
2026/09/26 01:16:59.825, 22181
2026/09/26 01:17:00.325, 22181
2026/09/26 01:17:00.826, 22181
2026/09/26 01:17:01.326, 22181
2026/09/26 01:17:01.826, 22181
2026/09/26 01:17:02.326, 22181
2026/09/26 01:17:02.826, 22181
2026/09/26 01:17:03.326, 22181
2026/09/26 01:17:03.827, 22181
2026/09/26 01:17:04.327, 22181
2026/09/26 01:17:04.827, 22181
2026/09/26 01:17:05.327, 22181
2026/09/26 01:17:05.827, 22181
2026/09/26 01:17:06.328, 22181
2026/09/26 01:17:06.828, 22181
2026/09/26 01:17:07.328, 22181
2026/09/26 01:17:07.828, 22181
2026/09/26 01:17:08.328, 22181
2026/09/26 01:17:08.828, 22181
2026/09/26 01:17:09.329, 22181
2026/09/26 01:17:09.829, 22181
2026/09/26 01:17:10.329, 22181
2026/09/26 01:17:10.829, 22181
2026/09/26 01:17:11.329, 22181
2026/09/26 01:17:11.829, 22181
2026/09/26 01:17:12.329, 22181
2026/09/26 01:17:12.830, 22181
2026/09/26 01:17:13.330, 22181
2026/09/26 01:17:13.830, 22181
2026/09/26 01:17:14.330, 22181
2026/09/26 01:17:14.830, 22181
2026/09/26 01:17:15.330, 22181
2026/09/26 01:17:15.831, 22181
2026/09/26 01:17:16.331, 22181
2026/09/26 01:17:16.831, 22181
2026/09/26 01:17:17.331, 22181
2026/09/26 01:17:17.832, 22181
2026/09/26 01:17:18.332, 22181
2026/09/26 01:17:18.832, 22181
2026/09/26 01:17:19.332, 22181
2026/09/26 01:17:19.832, 22181
2026/09/26 01:17:20.332, 22181
2026/09/26 01:17:20.833, 22181
2026/09/26 01:17:21.333, 22181
2026/09/26 01:17:21.833, 22181
2026/09/26 01:17:22.333, 22181
2026/09/26 01:17:22.833, 22181
2026/09/26 01:17:23.333, 22181
2026/09/26 01:17:23.834, 22181
2026/09/26 01:17:24.334, 22181
2026/09/26 01:17:24.834, 22181
2026/09/26 01:17:25.334, 22181
2026/09/26 01:17:25.834, 22181
2026/09/26 01:17:26.334, 22181
2026/09/26 01:17:26.835, 22181
2026/09/26 01:17:27.335, 22181
2026/09/26 01:17:27.835, 22181
2026/09/26 01:17:28.335, 22181
2026/09/26 01:17:28.835, 22181
2026/09/26 01:17:29.335, 22181
2026/09/26 01:17:29.835, 22181
2026/09/26 01:17:30.336, 22181
2026/09/26 01:17:30.836, 22181
2026/09/26 01:17:31.336, 22181
2026/09/26 01:17:31.836, 22181
2026/09/26 01:17:32.336, 22181
2026/09/26 01:17:32.836, 22181
2026/09/26 01:17:33.337, 22181
2026/09/26 01:17:33.837, 22181
2026/09/26 01:17:34.337, 22181
2026/09/26 01:17:34.837, 22181
2026/09/26 01:17:35.337, 22181
2026/09/26 01:17:35.837, 22181
2026/09/26 01:17:36.337, 22181
2026/09/26 01:17:36.838, 22181
2026/09/26 01:17:37.338, 22181
2026/09/26 01:17:37.838, 22181
2026/09/26 01:17:38.338, 22181
2026/09/26 01:17:38.838, 22181
2026/09/26 01:17:39.338, 22181
2026/09/26 01:17:39.838, 22181
2026/09/26 01:17:40.339, 22181
2026/09/26 01:17:40.839, 22181
2026/09/26 01:17:41.339, 22181
2026/09/26 01:17:41.839, 22181
2026/09/26 01:17:42.339, 22181
2026/09/26 01:17:42.839, 22181
2026/09/26 01:17:43.339, 22181
2026/09/26 01:17:43.839, 22181
2026/09/26 01:17:44.340, 22181
2026/09/26 01:17:44.840, 22181
2026/09/26 01:17:45.340, 22181
2026/09/26 01:17:45.840, 22181
2026/09/26 01:17:46.340, 22181
2026/09/26 01:17:46.840, 22181
2026/09/26 01:17:47.340, 22181
2026/09/26 01:17:47.841, 22181
2026/09/26 01:17:48.341, 22181
2026/09/26 01:17:48.841, 22181
2026/09/26 01:17:49.341, 22181
2026/09/26 01:17:49.841, 22181
2026/09/26 01:17:50.341, 22181
2026/09/26 01:17:50.850, 22181
2026/09/26 01:17:51.350, 22181
2026/09/26 01:17:51.851, 22181
2026/09/26 01:17:52.351, 22181
2026/09/26 01:17:52.851, 22181
2026/09/26 01:17:53.351, 22181
2026/09/26 01:17:53.851, 22181
2026/09/26 01:17:54.351, 22181
2026/09/26 01:17:54.851, 22181
2026/09/26 01:17:55.352, 22181
2026/09/26 01:17:55.852, 22181
2026/09/26 01:17:56.352, 22181
2026/09/26 01:17:56.852, 22181
2026/09/26 01:17:57.352, 22181
2026/09/26 01:17:57.853, 22181
2026/09/26 01:17:58.353, 22181
2026/09/26 01:17:58.853, 22181
2026/09/26 01:17:59.353, 22181
2026/09/26 01:17:59.853, 22181
2026/09/26 01:18:00.353, 22181
2026/09/26 01:18:00.854, 22181
2026/09/26 01:18:01.354, 22181
2026/09/26 01:18:01.854, 22181
2026/09/26 01:18:02.354, 22181
2026/09/26 01:18:02.854, 22181
2026/09/26 01:18:03.354, 22181
2026/09/26 01:18:03.854, 22181
2026/09/26 01:18:04.355, 22181
2026/09/26 01:18:04.855, 22181
2026/09/26 01:18:05.355, 22181
2026/09/26 01:18:05.855, 22181
2026/09/26 01:18:06.355, 22181
2026/09/26 01:18:06.855, 22181
2026/09/26 01:18:07.355, 22181
2026/09/26 01:18:07.856, 22181
2026/09/26 01:18:08.356, 22181
2026/09/26 01:18:08.856, 22181
2026/09/26 01:18:09.356, 22181
2026/09/26 01:18:09.856, 22181
2026/09/26 01:18:10.356, 22181
2026/09/26 01:18:10.857, 22181
2026/09/26 01:18:11.357, 22181
2026/09/26 01:18:11.857, 22181
2026/09/26 01:18:12.357, 22181
2026/09/26 01:18:12.857, 22181
2026/09/26 01:18:13.357, 22181
2026/09/26 01:18:13.857, 22181
2026/09/26 01:18:14.358, 22181
2026/09/26 01:18:14.858, 22181
2026/09/26 01:18:15.358, 22181
2026/09/26 01:18:15.858, 22181
2026/09/26 01:18:16.358, 22181
2026/09/26 01:18:16.858, 22181
2026/09/26 01:18:17.358, 22181
2026/09/26 01:18:17.859, 22181
2026/09/26 01:18:18.359, 22181
2026/09/26 01:18:18.859, 22181
2026/09/26 01:18:19.359, 22181
2026/09/26 01:18:19.859, 22181
2026/09/26 01:18:20.359, 22181
2026/09/26 01:18:20.859, 22181
2026/09/26 01:18:21.360, 22181
2026/09/26 01:18:21.860, 22181
2026/09/26 01:18:22.360, 22181
2026/09/26 01:18:22.860, 22181
2026/09/26 01:18:23.361, 22181
2026/09/26 01:18:23.861, 22181
2026/09/26 01:18:24.361, 22181
2026/09/26 01:18:24.861, 22181
2026/09/26 01:18:25.361, 22181
2026/09/26 01:18:25.861, 22181
2026/09/26 01:18:26.362, 22181
2026/09/26 01:18:26.862, 22181
2026/09/26 01:18:27.362, 22181
2026/09/26 01:18:27.862, 22181
2026/09/26 01:18:28.362, 22181
2026/09/26 01:18:28.862, 22181
2026/09/26 01:18:29.363, 22181
2026/09/26 01:18:29.863, 22181
2026/09/26 01:18:30.363, 22181
2026/09/26 01:18:30.863, 22181
2026/09/26 01:18:31.363, 22181
2026/09/26 01:18:31.864, 22181
2026/09/26 01:18:32.364, 22181
2026/09/26 01:18:32.864, 22181
2026/09/26 01:18:33.364, 22181
2026/09/26 01:18:33.864, 22181
2026/09/26 01:18:34.365, 22181
2026/09/26 01:18:34.865, 22181
2026/09/26 01:18:35.365, 22181
2026/09/26 01:18:35.865, 22181
2026/09/26 01:18:36.365, 22181
2026/09/26 01:18:36.865, 22181
2026/09/26 01:18:37.366, 22181
2026/09/26 01:18:37.866, 22181
2026/09/26 01:18:38.366, 22181
2026/09/26 01:18:38.866, 22181
2026/09/26 01:18:39.366, 22181
2026/09/26 01:18:39.866, 22181
2026/09/26 01:18:40.367, 22181
2026/09/26 01:18:40.867, 22181
2026/09/26 01:18:41.367, 22181
2026/09/26 01:18:41.867, 22181
2026/09/26 01:18:42.367, 22181
2026/09/26 01:18:42.867, 22181
2026/09/26 01:18:43.368, 22181
2026/09/26 01:18:43.868, 22181
2026/09/26 01:18:44.368, 22181
2026/09/26 01:18:44.868, 22181
2026/09/26 01:18:45.368, 22181
2026/09/26 01:18:45.868, 22181
2026/09/26 01:18:46.369, 22181
2026/09/26 01:18:46.869, 22181
2026/09/26 01:18:47.369, 22181
2026/09/26 01:18:47.869, 22181
2026/09/26 01:18:48.369, 22181
2026/09/26 01:18:48.869, 22181
2026/09/26 01:18:49.370, 22181
2026/09/26 01:18:49.870, 22181
2026/09/26 01:18:50.370, 22181
2026/09/26 01:18:50.870, 22181
2026/09/26 01:18:51.370, 22181
2026/09/26 01:18:51.870, 22181
2026/09/26 01:18:52.371, 22181
2026/09/26 01:18:52.871, 22181
2026/09/26 01:18:53.371, 22181
2026/09/26 01:18:53.871, 22181
2026/09/26 01:18:54.371, 22181
2026/09/26 01:18:54.871, 22181
2026/09/26 01:18:55.372, 22181
2026/09/26 01:18:55.872, 22181
2026/09/26 01:18:56.372, 22181
2026/09/26 01:18:56.872, 22181
2026/09/26 01:18:57.372, 22181
2026/09/26 01:18:57.873, 22181
2026/09/26 01:18:58.373, 22181
2026/09/26 01:18:58.873, 22181
2026/09/26 01:18:59.373, 22181
2026/09/26 01:18:59.873, 22181
2026/09/26 01:19:00.373, 22181
2026/09/26 01:19:00.874, 22181
2026/09/26 01:19:01.374, 22181
2026/09/26 01:19:01.874, 22181
2026/09/26 01:19:02.374, 22181
2026/09/26 01:19:02.874, 22181
2026/09/26 01:19:03.374, 22181
2026/09/26 01:19:03.874, 22181
2026/09/26 01:19:04.375, 22181
2026/09/26 01:19:04.875, 22181
2026/09/26 01:19:05.375, 22181
2026/09/26 01:19:05.875, 22181
2026/09/26 01:19:06.375, 22181
2026/09/26 01:19:06.875, 22181
2026/09/26 01:19:07.376, 22181
2026/09/26 01:19:07.876, 22181
2026/09/26 01:19:08.376, 22181
2026/09/26 01:19:08.876, 22181
2026/09/26 01:19:09.376, 22181
2026/09/26 01:19:09.876, 22181
2026/09/26 01:19:10.376, 22181
2026/09/26 01:19:10.877, 22181
2026/09/26 01:19:11.377, 22181
2026/09/26 01:19:11.877, 22181
2026/09/26 01:19:12.377, 22181
2026/09/26 01:19:12.877, 22181
2026/09/26 01:19:13.377, 22181
2026/09/26 01:19:13.878, 22181
2026/09/26 01:19:14.378, 22181
2026/09/26 01:19:14.878, 22181
2026/09/26 01:19:15.378, 22181
2026/09/26 01:19:15.878, 22181
2026/09/26 01:19:16.378, 22181
2026/09/26 01:19:16.878, 22181
2026/09/26 01:19:17.379, 22181
2026/09/26 01:19:17.879, 22181
2026/09/26 01:19:18.379, 22181
2026/09/26 01:19:18.879, 22181
2026/09/26 01:19:19.379, 22181
2026/09/26 01:19:19.879, 22181
2026/09/26 01:19:20.380, 22181
2026/09/26 01:19:20.880, 22181
2026/09/26 01:19:21.380, 22181
2026/09/26 01:19:21.880, 22181
2026/09/26 01:19:22.380, 22181
2026/09/26 01:19:22.880, 22181
2026/09/26 01:19:23.380, 22181
2026/09/26 01:19:23.881, 22181
2026/09/26 01:19:24.381, 22181
2026/09/26 01:19:24.881, 22181
2026/09/26 01:19:25.381, 22181
2026/09/26 01:19:25.881, 22181
2026/09/26 01:19:26.381, 22181
2026/09/26 01:19:26.881, 22181
2026/09/26 01:19:27.382, 22181
2026/09/26 01:19:27.882, 22181
2026/09/26 01:19:28.382, 22181
2026/09/26 01:19:28.882, 22181
2026/09/26 01:19:29.382, 22181
2026/09/26 01:19:29.882, 22181
2026/09/26 01:19:30.382, 22181
2026/09/26 01:19:30.882, 22181
2026/09/26 01:19:31.382, 22181
2026/09/26 01:19:31.883, 22181
2026/09/26 01:19:32.383, 22181
2026/09/26 01:19:32.883, 22181
2026/09/26 01:19:33.383, 22181
2026/09/26 01:19:33.883, 22181
2026/09/26 01:19:34.383, 22181
2026/09/26 01:19:34.883, 22181
2026/09/26 01:19:35.383, 22181
2026/09/26 01:19:35.883, 22181
2026/09/26 01:19:36.384, 22181
2026/09/26 01:19:36.884, 22181
2026/09/26 01:19:37.384, 22181
2026/09/26 01:19:37.884, 22181
2026/09/26 01:19:38.384, 22181
2026/09/26 01:19:38.884, 22181
2026/09/26 01:19:39.384, 22181
2026/09/26 01:19:39.885, 22181
2026/09/26 01:19:40.385, 22181
2026/09/26 01:19:40.885, 22181
2026/09/26 01:19:41.385, 22181
2026/09/26 01:19:41.885, 22181
2026/09/26 01:19:42.385, 22181
2026/09/26 01:19:42.885, 22181
2026/09/26 01:19:43.386, 22181
2026/09/26 01:19:43.886, 22181
2026/09/26 01:19:44.386, 22181
2026/09/26 01:19:44.886, 22181
2026/09/26 01:19:45.386, 22181
2026/09/26 01:19:45.886, 22181
2026/09/26 01:19:46.387, 22181
2026/09/26 01:19:46.887, 22181
2026/09/26 01:19:47.387, 22181
2026/09/26 01:19:47.887, 22181
2026/09/26 01:19:48.387, 22181
2026/09/26 01:19:48.887, 22181
2026/09/26 01:19:49.388, 22181
2026/09/26 01:19:49.888, 22181
2026/09/26 01:19:50.388, 22181
2026/09/26 01:19:50.888, 22181
2026/09/26 01:19:51.388, 22181
2026/09/26 01:19:51.888, 22181
2026/09/26 01:19:52.389, 22181
2026/09/26 01:19:52.889, 22181
2026/09/26 01:19:53.389, 22181
2026/09/26 01:19:53.889, 22181
2026/09/26 01:19:54.389, 22181
2026/09/26 01:19:54.889, 22181
2026/09/26 01:19:55.390, 22181
2026/09/26 01:19:55.890, 22181
2026/09/26 01:19:56.390, 22181
2026/09/26 01:19:56.890, 22181
2026/09/26 01:19:57.390, 22181
2026/09/26 01:19:57.890, 22181
2026/09/26 01:19:58.390, 22181
2026/09/26 01:19:58.890, 22181
2026/09/26 01:19:59.391, 22181
2026/09/26 01:19:59.891, 22181
2026/09/26 01:20:00.391, 22181
2026/09/26 01:20:00.891, 22181
2026/09/26 01:20:01.391, 22181
2026/09/26 01:20:01.891, 22181
2026/09/26 01:20:02.392, 22181
2026/09/26 01:20:02.892, 22181
2026/09/26 01:20:03.392, 22181
2026/09/26 01:20:03.892, 22181
2026/09/26 01:20:04.392, 22181
2026/09/26 01:20:04.892, 22181
2026/09/26 01:20:05.392, 22181
2026/09/26 01:20:05.893, 22181
2026/09/26 01:20:06.393, 22181
2026/09/26 01:20:06.893, 22181
2026/09/26 01:20:07.393, 22181
2026/09/26 01:20:07.893, 22181
2026/09/26 01:20:08.393, 22181
2026/09/26 01:20:08.894, 22181
2026/09/26 01:20:09.394, 22181
2026/09/26 01:20:09.894, 22181
2026/09/26 01:20:10.394, 22181
2026/09/26 01:20:10.894, 22181
2026/09/26 01:20:11.403, 22181
2026/09/26 01:20:11.903, 22181
2026/09/26 01:20:12.403, 22181
2026/09/26 01:20:12.903, 22181
2026/09/26 01:20:13.403, 22181
2026/09/26 01:20:13.904, 22181
2026/09/26 01:20:14.404, 22181
2026/09/26 01:20:14.904, 22181
2026/09/26 01:20:15.404, 22181
2026/09/26 01:20:15.904, 22181
2026/09/26 01:20:16.404, 22181
2026/09/26 01:20:16.904, 22181
2026/09/26 01:20:17.405, 22181
2026/09/26 01:20:17.905, 22181
2026/09/26 01:20:18.405, 22181
2026/09/26 01:20:18.905, 22181
2026/09/26 01:20:19.405, 22181
2026/09/26 01:20:19.905, 22181
2026/09/26 01:20:20.405, 22181
2026/09/26 01:20:20.906, 22181
2026/09/26 01:20:21.406, 22181
2026/09/26 01:20:21.906, 22181
2026/09/26 01:20:22.406, 22181
2026/09/26 01:20:22.906, 22181
2026/09/26 01:20:23.406, 22181
2026/09/26 01:20:23.906, 22181
2026/09/26 01:20:24.407, 22181
2026/09/26 01:20:24.907, 22181
2026/09/26 01:20:25.407, 22181
2026/09/26 01:20:25.907, 22181
2026/09/26 01:20:26.407, 22181
2026/09/26 01:20:26.907, 22181
2026/09/26 01:20:27.407, 22181
2026/09/26 01:20:27.908, 22181
2026/09/26 01:20:28.408, 22181
2026/09/26 01:20:28.908, 22181
2026/09/26 01:20:29.408, 22181
2026/09/26 01:20:29.908, 22181
2026/09/26 01:20:30.409, 22181
2026/09/26 01:20:30.909, 22181
2026/09/26 01:20:31.409, 22181
2026/09/26 01:20:31.909, 22181
2026/09/26 01:20:32.409, 22181
2026/09/26 01:20:32.909, 22181
2026/09/26 01:20:33.409, 22181
2026/09/26 01:20:33.910, 22181
2026/09/26 01:20:34.410, 22181
2026/09/26 01:20:34.910, 22181
2026/09/26 01:20:35.410, 22181
2026/09/26 01:20:35.910, 22181
2026/09/26 01:20:36.410, 22181
2026/09/26 01:20:36.911, 22181
2026/09/26 01:20:37.411, 22181
2026/09/26 01:20:37.911, 22181
2026/09/26 01:20:38.411, 22181
2026/09/26 01:20:38.911, 22181
2026/09/26 01:20:39.411, 22181
2026/09/26 01:20:39.911, 22181
2026/09/26 01:20:40.412, 22181
2026/09/26 01:20:40.912, 22181
2026/09/26 01:20:41.412, 22181
2026/09/26 01:20:41.912, 22181
2026/09/26 01:20:42.412, 22181
2026/09/26 01:20:42.913, 22181
2026/09/26 01:20:43.413, 22181
2026/09/26 01:20:43.913, 22181
2026/09/26 01:20:44.413, 22181
2026/09/26 01:20:44.913, 22181
2026/09/26 01:20:45.413, 22181
2026/09/26 01:20:45.914, 22181
2026/09/26 01:20:46.414, 22181
2026/09/26 01:20:46.914, 22181
2026/09/26 01:20:47.414, 22181
2026/09/26 01:20:47.914, 22181
2026/09/26 01:20:48.414, 22181
2026/09/26 01:20:48.914, 22181
2026/09/26 01:20:49.415, 22181
2026/09/26 01:20:49.915, 22181
2026/09/26 01:20:50.415, 22181
2026/09/26 01:20:50.915, 22181
2026/09/26 01:20:51.415, 22181
2026/09/26 01:20:51.915, 22181
2026/09/26 01:20:52.415, 22181
2026/09/26 01:20:52.916, 22181
2026/09/26 01:20:53.416, 22181
2026/09/26 01:20:53.916, 22181
2026/09/26 01:20:54.416, 22181
2026/09/26 01:20:54.916, 22181
2026/09/26 01:20:55.416, 22181
2026/09/26 01:20:55.917, 22181
2026/09/26 01:20:56.417, 22181
2026/09/26 01:20:56.917, 22181
2026/09/26 01:20:57.418, 22181
2026/09/26 01:20:57.918, 22181
2026/09/26 01:20:58.418, 22181
2026/09/26 01:20:58.918, 22181
2026/09/26 01:20:59.418, 22181
2026/09/26 01:20:59.918, 22181
2026/09/26 01:21:00.418, 22181
2026/09/26 01:21:00.919, 22181
2026/09/26 01:21:01.419, 22181
2026/09/26 01:21:01.919, 22181
2026/09/26 01:21:02.419, 22181
2026/09/26 01:21:02.919, 22181
2026/09/26 01:21:03.419, 22181
2026/09/26 01:21:03.919, 22181
2026/09/26 01:21:04.420, 22181
2026/09/26 01:21:04.920, 22181
2026/09/26 01:21:05.420, 22181
2026/09/26 01:21:05.920, 22181
2026/09/26 01:21:06.420, 22181
2026/09/26 01:21:06.920, 22181
2026/09/26 01:21:07.420, 22181
2026/09/26 01:21:07.921, 22181
2026/09/26 01:21:08.421, 22181
2026/09/26 01:21:08.921, 22181
2026/09/26 01:21:09.421, 22181
2026/09/26 01:21:09.921, 22181
2026/09/26 01:21:10.421, 22181
2026/09/26 01:21:10.921, 22181
2026/09/26 01:21:11.422, 22181
2026/09/26 01:21:11.922, 22181
2026/09/26 01:21:12.422, 22181
2026/09/26 01:21:12.922, 22181
2026/09/26 01:21:13.422, 22181
2026/09/26 01:21:13.922, 22181
2026/09/26 01:21:14.423, 22181
2026/09/26 01:21:14.923, 22181
2026/09/26 01:21:15.423, 22181
2026/09/26 01:21:15.923, 22181
2026/09/26 01:21:16.423, 22181
2026/09/26 01:21:16.923, 22181
2026/09/26 01:21:17.424, 22181
2026/09/26 01:21:17.924, 22181
2026/09/26 01:21:18.424, 22181
2026/09/26 01:21:18.924, 22181
2026/09/26 01:21:19.424, 22181
2026/09/26 01:21:19.924, 22181
2026/09/26 01:21:20.425, 22181
2026/09/26 01:21:20.925, 22181
2026/09/26 01:21:21.425, 22181
2026/09/26 01:21:21.925, 22181
2026/09/26 01:21:22.425, 22181
2026/09/26 01:21:22.925, 22181
2026/09/26 01:21:23.426, 22181
2026/09/26 01:21:23.926, 22181
2026/09/26 01:21:24.426, 22181
2026/09/26 01:21:24.926, 22181
2026/09/26 01:21:25.426, 22181
2026/09/26 01:21:25.926, 22181
2026/09/26 01:21:26.427, 22181
2026/09/26 01:21:26.927, 22181
2026/09/26 01:21:27.427, 22181
2026/09/26 01:21:27.927, 22181
2026/09/26 01:21:28.427, 22181
2026/09/26 01:21:28.927, 22181
2026/09/26 01:21:29.428, 22181
2026/09/26 01:21:29.928, 22181
2026/09/26 01:21:30.428, 22181
2026/09/26 01:21:30.928, 22181
2026/09/26 01:21:31.428, 22181
2026/09/26 01:21:31.928, 22181
2026/09/26 01:21:32.429, 22181
2026/09/26 01:21:32.929, 22181
2026/09/26 01:21:33.429, 22181
2026/09/26 01:21:33.929, 22181
2026/09/26 01:21:34.429, 22181
2026/09/26 01:21:34.929, 22181
2026/09/26 01:21:35.430, 22181
2026/09/26 01:21:35.930, 22181
2026/09/26 01:21:36.430, 22181
2026/09/26 01:21:36.930, 22181
2026/09/26 01:21:37.430, 22181
2026/09/26 01:21:37.930, 22181
2026/09/26 01:21:38.431, 22181
2026/09/26 01:21:38.931, 22181
2026/09/26 01:21:39.431, 22181
2026/09/26 01:21:39.931, 22181
2026/09/26 01:21:40.431, 22181
2026/09/26 01:21:40.931, 22181
2026/09/26 01:21:41.432, 22181
2026/09/26 01:21:41.932, 22181
2026/09/26 01:21:42.432, 22181
2026/09/26 01:21:42.932, 22181
2026/09/26 01:21:43.432, 22181
2026/09/26 01:21:43.932, 22181
2026/09/26 01:21:44.432, 22181
2026/09/26 01:21:44.933, 22181
2026/09/26 01:21:45.433, 22181
2026/09/26 01:21:45.933, 22181
2026/09/26 01:21:46.433, 22181
2026/09/26 01:21:46.933, 22181
2026/09/26 01:21:47.433, 22181
2026/09/26 01:21:47.934, 22181
2026/09/26 01:21:48.434, 22181
2026/09/26 01:21:48.934, 22181
2026/09/26 01:21:49.434, 22181
2026/09/26 01:21:49.934, 22181
2026/09/26 01:21:50.434, 22181
2026/09/26 01:21:50.935, 22181
2026/09/26 01:21:51.435, 22181
2026/09/26 01:21:51.935, 22181
2026/09/26 01:21:52.435, 22181
2026/09/26 01:21:52.935, 22181
2026/09/26 01:21:53.435, 22181
2026/09/26 01:21:53.936, 22181
2026/09/26 01:21:54.436, 22181
2026/09/26 01:21:54.936, 22181
2026/09/26 01:21:55.436, 22181
2026/09/26 01:21:55.936, 22181
2026/09/26 01:21:56.436, 22181
2026/09/26 01:21:56.936, 22181
2026/09/26 01:21:57.437, 22181
2026/09/26 01:21:57.937, 22181
2026/09/26 01:21:58.437, 22181
2026/09/26 01:21:58.937, 22181
2026/09/26 01:21:59.437, 22181
2026/09/26 01:21:59.937, 22181
2026/09/26 01:22:00.438, 22181
2026/09/26 01:22:00.938, 22181
2026/09/26 01:22:01.438, 22181
2026/09/26 01:22:01.938, 22181
2026/09/26 01:22:02.438, 22181
2026/09/26 01:22:02.938, 22181
2026/09/26 01:22:03.439, 22181
2026/09/26 01:22:03.939, 22181
2026/09/26 01:22:04.439, 22181
2026/09/26 01:22:04.939, 22181
2026/09/26 01:22:05.439, 22181
2026/09/26 01:22:05.939, 22181
2026/09/26 01:22:06.439, 22181
2026/09/26 01:22:06.940, 22181
2026/09/26 01:22:07.440, 22181
2026/09/26 01:22:07.940, 22181
2026/09/26 01:22:08.440, 22181
2026/09/26 01:22:08.940, 22181
2026/09/26 01:22:09.440, 22181
2026/09/26 01:22:09.940, 22181
2026/09/26 01:22:10.441, 22181
2026/09/26 01:22:10.941, 22181
2026/09/26 01:22:11.441, 22181
2026/09/26 01:22:11.941, 22181
2026/09/26 01:22:12.441, 22181
2026/09/26 01:22:12.941, 22181
2026/09/26 01:22:13.441, 22181
2026/09/26 01:22:13.942, 22181
2026/09/26 01:22:14.442, 22181
2026/09/26 01:22:14.942, 22181
2026/09/26 01:22:15.442, 22181
2026/09/26 01:22:15.942, 22181
2026/09/26 01:22:16.443, 22181
2026/09/26 01:22:16.943, 22181
2026/09/26 01:22:17.443, 22181
2026/09/26 01:22:17.943, 22181
2026/09/26 01:22:18.443, 22181
2026/09/26 01:22:18.943, 22181
2026/09/26 01:22:19.443, 22181
2026/09/26 01:22:19.944, 22181
2026/09/26 01:22:20.444, 22181
2026/09/26 01:22:20.944, 22181
2026/09/26 01:22:21.444, 22181
2026/09/26 01:22:21.944, 22181
2026/09/26 01:22:22.444, 22181
2026/09/26 01:22:22.945, 22181
2026/09/26 01:22:23.445, 22181
2026/09/26 01:22:23.945, 22181
2026/09/26 01:22:24.445, 22181
2026/09/26 01:22:24.945, 22181
2026/09/26 01:22:25.445, 22181
2026/09/26 01:22:25.946, 22181
2026/09/26 01:22:26.446, 22181
2026/09/26 01:22:26.946, 22181
2026/09/26 01:22:27.446, 22181
2026/09/26 01:22:27.946, 22181
2026/09/26 01:22:28.446, 22181
2026/09/26 01:22:28.947, 22181
2026/09/26 01:22:29.447, 22181
2026/09/26 01:22:29.947, 22181
2026/09/26 01:22:30.447, 22181
2026/09/26 01:22:30.947, 22181
2026/09/26 01:22:31.447, 22181
2026/09/26 01:22:31.948, 22181
2026/09/26 01:22:32.448, 22181
2026/09/26 01:22:32.948, 22181
2026/09/26 01:22:33.448, 22181
2026/09/26 01:22:33.948, 22181
2026/09/26 01:22:34.448, 22181
2026/09/26 01:22:34.948, 22181
2026/09/26 01:22:35.449, 22181
2026/09/26 01:22:35.949, 22181
2026/09/26 01:22:36.449, 22181
2026/09/26 01:22:36.949, 22181
2026/09/26 01:22:37.449, 22181
2026/09/26 01:22:37.950, 22181
2026/09/26 01:22:38.450, 22181
2026/09/26 01:22:38.950, 22181
2026/09/26 01:22:39.450, 22181
2026/09/26 01:22:39.950, 22181
2026/09/26 01:22:40.450, 22181
2026/09/26 01:22:40.951, 22181
2026/09/26 01:22:41.451, 22181
2026/09/26 01:22:41.951, 22181
2026/09/26 01:22:42.451, 22181
2026/09/26 01:22:42.951, 22181
2026/09/26 01:22:43.451, 22181
2026/09/26 01:22:43.951, 22181
2026/09/26 01:22:44.452, 22181
2026/09/26 01:22:44.952, 22181
2026/09/26 01:22:45.452, 22181
2026/09/26 01:22:45.952, 22181
2026/09/26 01:22:46.453, 22181
2026/09/26 01:22:46.953, 22181
2026/09/26 01:22:47.453, 22181
2026/09/26 01:22:47.953, 22181
2026/09/26 01:22:48.453, 22181
2026/09/26 01:22:48.953, 22181
2026/09/26 01:22:49.453, 22181
2026/09/26 01:22:49.954, 22181
2026/09/26 01:22:50.454, 22181
2026/09/26 01:22:50.954, 22181
2026/09/26 01:22:51.454, 22181
2026/09/26 01:22:51.954, 22181
2026/09/26 01:22:52.454, 22181
2026/09/26 01:22:52.954, 22181
2026/09/26 01:22:53.455, 22181
2026/09/26 01:22:53.955, 22181
2026/09/26 01:22:54.455, 22181
2026/09/26 01:22:54.955, 22181
2026/09/26 01:22:55.455, 22181
2026/09/26 01:22:55.955, 22181
2026/09/26 01:22:56.455, 22181
2026/09/26 01:22:56.956, 22181
2026/09/26 01:22:57.456, 22181
2026/09/26 01:22:57.956, 22181
2026/09/26 01:22:58.456, 22181
2026/09/26 01:22:58.956, 22181
2026/09/26 01:22:59.456, 22181
2026/09/26 01:22:59.957, 22181
2026/09/26 01:23:00.457, 22181
2026/09/26 01:23:00.957, 22181
2026/09/26 01:23:01.457, 22181
2026/09/26 01:23:01.957, 22181
2026/09/26 01:23:02.457, 22181
2026/09/26 01:23:02.957, 22181
2026/09/26 01:23:03.458, 22181
2026/09/26 01:23:03.958, 22181
2026/09/26 01:23:04.458, 22181
2026/09/26 01:23:04.958, 22181
2026/09/26 01:23:05.458, 22181
2026/09/26 01:23:05.958, 22181
2026/09/26 01:23:06.459, 22181
2026/09/26 01:23:06.959, 22181
2026/09/26 01:23:07.459, 22181
2026/09/26 01:23:07.959, 22181
2026/09/26 01:23:08.459, 22181
2026/09/26 01:23:08.959, 22181
2026/09/26 01:23:09.460, 22181
2026/09/26 01:23:09.960, 22181
2026/09/26 01:23:10.460, 22181
2026/09/26 01:23:10.960, 22181
2026/09/26 01:23:11.460, 22181
2026/09/26 01:23:11.960, 22181
2026/09/26 01:23:12.461, 22181
2026/09/26 01:23:12.961, 22181
2026/09/26 01:23:13.461, 22181
2026/09/26 01:23:13.961, 22181
2026/09/26 01:23:14.461, 22181
2026/09/26 01:23:14.961, 22181
2026/09/26 01:23:15.461, 22181
2026/09/26 01:23:15.962, 22181
2026/09/26 01:23:16.462, 22181
2026/09/26 01:23:16.962, 22181
2026/09/26 01:23:17.462, 22181
2026/09/26 01:23:17.962, 22181
2026/09/26 01:23:18.462, 22181
2026/09/26 01:23:18.963, 22181
2026/09/26 01:23:19.463, 22181
2026/09/26 01:23:19.963, 22181
2026/09/26 01:23:20.463, 22181
2026/09/26 01:23:20.963, 22181
2026/09/26 01:23:21.463, 22181
2026/09/26 01:23:21.963, 22181
2026/09/26 01:23:22.463, 22181
2026/09/26 01:23:22.964, 22181
2026/09/26 01:23:23.464, 22181
2026/09/26 01:23:23.964, 22181
2026/09/26 01:23:24.464, 22181
2026/09/26 01:23:24.964, 22181
2026/09/26 01:23:25.464, 22181
2026/09/26 01:23:25.965, 22181
2026/09/26 01:23:26.465, 22181
2026/09/26 01:23:26.965, 22181
2026/09/26 01:23:27.465, 22181
2026/09/26 01:23:27.965, 22181
2026/09/26 01:23:28.465, 22181
2026/09/26 01:23:28.965, 22181
2026/09/26 01:23:29.466, 22181
2026/09/26 01:23:29.966, 22181
2026/09/26 01:23:30.466, 22181
2026/09/26 01:23:30.966, 22181
2026/09/26 01:23:31.466, 4
2026/09/26 01:23:31.967, 4
2026/09/26 01:23:32.467, 4
