2026/09/26 18:34:18.044, 1
2026/09/26 18:34:18.544, 1
2026/09/26 18:34:19.045, 1
2026/09/26 18:34:19.545, 1
2026/09/26 18:34:20.045, 1
2026/09/26 18:34:20.545, 1
2026/09/26 18:34:21.045, 1
2026/09/26 18:34:21.545, 4
2026/09/26 18:34:22.046, 4
2026/09/26 18:34:22.546, 4
2026/09/26 18:34:23.046, 4
2026/09/26 18:34:23.546, 4
2026/09/26 18:34:24.046, 4
2026/09/26 18:34:24.546, 4
2026/09/26 18:34:25.047, 4
2026/09/26 18:34:25.547, 4
2026/09/26 18:34:26.047, 4
2026/09/26 18:34:26.547, 4
2026/09/26 18:34:27.047, 4
2026/09/26 18:34:27.547, 4
2026/09/26 18:34:28.047, 4
2026/09/26 18:34:28.548, 4
2026/09/26 18:34:29.048, 4
2026/09/26 18:34:29.548, 4
2026/09/26 18:34:30.048, 4
2026/09/26 18:34:30.548, 4
2026/09/26 18:34:31.048, 535
2026/09/26 18:34:31.549, 535
2026/09/26 18:34:32.049, 535
2026/09/26 18:34:32.549, 535
2026/09/26 18:34:33.049, 9479
2026/09/26 18:34:33.549, 9479
2026/09/26 18:34:34.050, 9479
2026/09/26 18:34:34.550, 9479
2026/09/26 18:34:35.050, 9479
2026/09/26 18:34:35.550, 9479
2026/09/26 18:34:36.050, 9479
2026/09/26 18:34:36.550, 9479
2026/09/26 18:34:37.051, 9479
2026/09/26 18:34:37.551, 9479
2026/09/26 18:34:38.051, 9479
2026/09/26 18:34:38.551, 10261
2026/09/26 18:34:39.051, 15197
2026/09/26 18:34:39.551, 15197
2026/09/26 18:34:40.052, 15197
2026/09/26 18:34:40.552, 15197
2026/09/26 18:34:41.052, 15197
2026/09/26 18:34:41.552, 15197
2026/09/26 18:34:42.052, 15197
2026/09/26 18:34:42.552, 15197
2026/09/26 18:34:43.053, 15197
2026/09/26 18:34:43.553, 15199
2026/09/26 18:34:44.053, 15199
2026/09/26 18:34:44.553, 15645
2026/09/26 18:34:45.053, 15309
2026/09/26 18:34:45.554, 16339
2026/09/26 18:34:46.054, 16569
2026/09/26 18:34:46.554, 16649
2026/09/26 18:34:47.054, 16793
2026/09/26 18:34:47.554, 16967
2026/09/26 18:34:48.054, 17097
2026/09/26 18:34:48.555, 17243
2026/09/26 18:34:49.055, 18661
2026/09/26 18:34:49.555, 18661
2026/09/26 18:34:50.055, 18661
2026/09/26 18:34:50.555, 18661
2026/09/26 18:34:51.056, 18661
2026/09/26 18:34:51.556, 18661
2026/09/26 18:34:52.056, 18661
2026/09/26 18:34:52.556, 18661
2026/09/26 18:34:53.057, 18661
2026/09/26 18:34:53.557, 18661
2026/09/26 18:34:54.057, 18661
2026/09/26 18:34:54.557, 18661
2026/09/26 18:34:55.057, 18661
2026/09/26 18:34:55.557, 18661
2026/09/26 18:34:56.058, 18661
2026/09/26 18:34:56.558, 18661
2026/09/26 18:34:57.058, 18661
2026/09/26 18:34:57.558, 18661
2026/09/26 18:34:58.058, 18661
2026/09/26 18:34:58.559, 18667
2026/09/26 18:34:59.059, 19147
2026/09/26 18:34:59.559, 19147
2026/09/26 18:35:00.059, 19147
2026/09/26 18:35:00.559, 19147
2026/09/26 18:35:01.060, 19147
2026/09/26 18:35:01.560, 19249
2026/09/26 18:35:02.087, 19249
2026/09/26 18:35:02.587, 19249
2026/09/26 18:35:03.087, 19249
2026/09/26 18:35:03.587, 19249
2026/09/26 18:35:04.088, 19249
2026/09/26 18:35:04.588, 19249
2026/09/26 18:35:05.088, 19249
2026/09/26 18:35:05.588, 19249
2026/09/26 18:35:06.088, 19249
2026/09/26 18:35:06.588, 19249
2026/09/26 18:35:07.089, 19249
2026/09/26 18:35:07.589, 19249
2026/09/26 18:35:08.089, 19249
2026/09/26 18:35:08.589, 19249
2026/09/26 18:35:09.089, 19249
2026/09/26 18:35:09.589, 19249
2026/09/26 18:35:10.090, 19249
2026/09/26 18:35:10.590, 19249
2026/09/26 18:35:11.090, 19249
2026/09/26 18:35:11.590, 19249
2026/09/26 18:35:12.090, 19249
2026/09/26 18:35:12.590, 19249
2026/09/26 18:35:13.090, 19249
2026/09/26 18:35:13.591, 19249
2026/09/26 18:35:14.091, 19249
2026/09/26 18:35:14.591, 19249
2026/09/26 18:35:15.091, 19249
2026/09/26 18:35:15.591, 19249
2026/09/26 18:35:16.091, 19249
2026/09/26 18:35:16.592, 19249
2026/09/26 18:35:17.092, 19249
2026/09/26 18:35:17.592, 19249
2026/09/26 18:35:18.101, 19249
2026/09/26 18:35:18.601, 19249
2026/09/26 18:35:19.101, 19249
2026/09/26 18:35:19.601, 19249
2026/09/26 18:35:20.101, 19249
2026/09/26 18:35:20.602, 19249
2026/09/26 18:35:21.102, 19249
2026/09/26 18:35:21.602, 19249
2026/09/26 18:35:22.102, 19249
2026/09/26 18:35:22.602, 19249
2026/09/26 18:35:23.102, 19249
2026/09/26 18:35:23.603, 19249
2026/09/26 18:35:24.103, 19249
2026/09/26 18:35:24.603, 19249
2026/09/26 18:35:25.103, 19249
2026/09/26 18:35:25.603, 19249
2026/09/26 18:35:26.103, 19249
2026/09/26 18:35:26.603, 19249
2026/09/26 18:35:27.104, 19249
2026/09/26 18:35:27.604, 19249
2026/09/26 18:35:28.104, 19249
2026/09/26 18:35:28.604, 19249
2026/09/26 18:35:29.104, 19249
2026/09/26 18:35:29.604, 19249
2026/09/26 18:35:30.105, 19249
2026/09/26 18:35:30.605, 19249
2026/09/26 18:35:31.105, 19249
2026/09/26 18:35:31.605, 19249
2026/09/26 18:35:32.105, 19249
2026/09/26 18:35:32.605, 19249
2026/09/26 18:35:33.105, 19249
2026/09/26 18:35:33.606, 19249
2026/09/26 18:35:34.106, 19249
2026/09/26 18:35:34.606, 19249
2026/09/26 18:35:35.106, 19249
2026/09/26 18:35:35.606, 19249
2026/09/26 18:35:36.106, 19249
2026/09/26 18:35:36.607, 19249
2026/09/26 18:35:37.107, 19249
2026/09/26 18:35:37.607, 19249
2026/09/26 18:35:38.107, 19249
2026/09/26 18:35:38.607, 19249
2026/09/26 18:35:39.107, 19249
2026/09/26 18:35:39.608, 19249
2026/09/26 18:35:40.108, 19249
2026/09/26 18:35:40.608, 19249
2026/09/26 18:35:41.109, 19249
2026/09/26 18:35:41.609, 19249
2026/09/26 18:35:42.109, 19249
2026/09/26 18:35:42.609, 19249
2026/09/26 18:35:43.109, 19249
2026/09/26 18:35:43.609, 19249
2026/09/26 18:35:44.110, 19249
2026/09/26 18:35:44.610, 19249
2026/09/26 18:35:45.110, 19249
2026/09/26 18:35:45.610, 19249
2026/09/26 18:35:46.110, 19249
2026/09/26 18:35:46.610, 19249
2026/09/26 18:35:47.110, 19249
2026/09/26 18:35:47.611, 19249
2026/09/26 18:35:48.111, 19249
2026/09/26 18:35:48.611, 19249
2026/09/26 18:35:49.111, 19249
2026/09/26 18:35:49.611, 19249
2026/09/26 18:35:50.111, 19249
2026/09/26 18:35:50.612, 19249
2026/09/26 18:35:51.112, 19249
2026/09/26 18:35:51.612, 19249
2026/09/26 18:35:52.112, 19249
2026/09/26 18:35:52.612, 19249
2026/09/26 18:35:53.112, 19249
2026/09/26 18:35:53.612, 19249
2026/09/26 18:35:54.113, 19249
2026/09/26 18:35:54.613, 19249
2026/09/26 18:35:55.113, 19249
2026/09/26 18:35:55.613, 19249
2026/09/26 18:35:56.113, 19249
2026/09/26 18:35:56.613, 19249
2026/09/26 18:35:57.114, 19249
2026/09/26 18:35:57.614, 19249
2026/09/26 18:35:58.114, 19249
2026/09/26 18:35:58.614, 19249
2026/09/26 18:35:59.114, 19249
2026/09/26 18:35:59.614, 19249
2026/09/26 18:36:00.115, 19249
2026/09/26 18:36:00.615, 19249
2026/09/26 18:36:01.115, 19249
2026/09/26 18:36:01.615, 19249
2026/09/26 18:36:02.115, 19249
2026/09/26 18:36:02.615, 19249
2026/09/26 18:36:03.116, 19249
2026/09/26 18:36:03.616, 19249
2026/09/26 18:36:04.116, 19249
2026/09/26 18:36:04.616, 19249
2026/09/26 18:36:05.116, 19249
2026/09/26 18:36:05.616, 19249
2026/09/26 18:36:06.116, 19249
2026/09/26 18:36:06.616, 19249
2026/09/26 18:36:07.117, 19249
2026/09/26 18:36:07.617, 19249
2026/09/26 18:36:08.117, 19249
2026/09/26 18:36:08.617, 19249
2026/09/26 18:36:09.117, 19249
2026/09/26 18:36:09.617, 19249
2026/09/26 18:36:10.118, 19249
2026/09/26 18:36:10.618, 19249
2026/09/26 18:36:11.118, 19249
2026/09/26 18:36:11.618, 19249
2026/09/26 18:36:12.118, 19249
2026/09/26 18:36:12.618, 19249
2026/09/26 18:36:13.119, 19249
2026/09/26 18:36:13.619, 19249
2026/09/26 18:36:14.119, 19249
2026/09/26 18:36:14.619, 19249
2026/09/26 18:36:15.119, 19249
2026/09/26 18:36:15.619, 19249
2026/09/26 18:36:16.120, 19249
2026/09/26 18:36:16.620, 19249
2026/09/26 18:36:17.120, 19249
2026/09/26 18:36:17.620, 19249
2026/09/26 18:36:18.120, 19249
2026/09/26 18:36:18.621, 19249
2026/09/26 18:36:19.121, 19249
2026/09/26 18:36:19.621, 19249
2026/09/26 18:36:20.121, 19249
2026/09/26 18:36:20.621, 19249
2026/09/26 18:36:21.121, 19249
2026/09/26 18:36:21.622, 19249
2026/09/26 18:36:22.122, 19249
2026/09/26 18:36:22.622, 19249
2026/09/26 18:36:23.122, 19249
2026/09/26 18:36:23.622, 19249
2026/09/26 18:36:24.122, 19249
2026/09/26 18:36:24.622, 19249
2026/09/26 18:36:25.123, 19249
2026/09/26 18:36:25.623, 19249
2026/09/26 18:36:26.123, 19249
2026/09/26 18:36:26.623, 19249
2026/09/26 18:36:27.123, 19249
2026/09/26 18:36:27.623, 19249
2026/09/26 18:36:28.123, 19249
2026/09/26 18:36:28.624, 19249
2026/09/26 18:36:29.124, 19249
2026/09/26 18:36:29.624, 19249
2026/09/26 18:36:30.124, 19249
2026/09/26 18:36:30.624, 19249
2026/09/26 18:36:31.124, 19249
2026/09/26 18:36:31.625, 19249
2026/09/26 18:36:32.125, 19249
2026/09/26 18:36:32.625, 19249
2026/09/26 18:36:33.125, 19249
2026/09/26 18:36:33.625, 19249
2026/09/26 18:36:34.125, 19249
2026/09/26 18:36:34.626, 19249
2026/09/26 18:36:35.126, 19249
2026/09/26 18:36:35.626, 19249
2026/09/26 18:36:36.126, 19249
2026/09/26 18:36:36.626, 19249
2026/09/26 18:36:37.126, 19249
2026/09/26 18:36:37.626, 19249
2026/09/26 18:36:38.127, 19249
2026/09/26 18:36:38.627, 19249
2026/09/26 18:36:39.127, 19249
2026/09/26 18:36:39.627, 19249
2026/09/26 18:36:40.127, 19249
2026/09/26 18:36:40.627, 19249
2026/09/26 18:36:41.128, 19249
2026/09/26 18:36:41.628, 19249
2026/09/26 18:36:42.128, 19249
2026/09/26 18:36:42.628, 19249
2026/09/26 18:36:43.128, 19249
2026/09/26 18:36:43.629, 19249
2026/09/26 18:36:44.129, 19249
2026/09/26 18:36:44.629, 19249
2026/09/26 18:36:45.129, 19249
2026/09/26 18:36:45.629, 19249
2026/09/26 18:36:46.129, 19249
2026/09/26 18:36:46.629, 19249
2026/09/26 18:36:47.130, 19249
2026/09/26 18:36:47.630, 19249
2026/09/26 18:36:48.130, 19249
2026/09/26 18:36:48.630, 19249
2026/09/26 18:36:49.130, 19249
2026/09/26 18:36:49.631, 19249
2026/09/26 18:36:50.131, 19249
2026/09/26 18:36:50.631, 19249
2026/09/26 18:36:51.131, 19249
2026/09/26 18:36:51.631, 19249
2026/09/26 18:36:52.132, 19249
2026/09/26 18:36:52.632, 19249
2026/09/26 18:36:53.132, 19249
2026/09/26 18:36:53.632, 19249
2026/09/26 18:36:54.132, 19249
2026/09/26 18:36:54.633, 19249
2026/09/26 18:36:55.133, 19249
2026/09/26 18:36:55.633, 19249
2026/09/26 18:36:56.133, 19249
2026/09/26 18:36:56.633, 19249
2026/09/26 18:36:57.133, 19249
2026/09/26 18:36:57.634, 19249
2026/09/26 18:36:58.134, 19249
2026/09/26 18:36:58.634, 19249
2026/09/26 18:36:59.134, 19249
2026/09/26 18:36:59.634, 19249
2026/09/26 18:37:00.134, 19249
2026/09/26 18:37:00.635, 19249
2026/09/26 18:37:01.135, 19249
2026/09/26 18:37:01.635, 19249
2026/09/26 18:37:02.135, 19249
2026/09/26 18:37:02.635, 19249
2026/09/26 18:37:03.135, 19249
2026/09/26 18:37:03.636, 19249
2026/09/26 18:37:04.136, 19249
2026/09/26 18:37:04.636, 19249
2026/09/26 18:37:05.136, 19249
2026/09/26 18:37:05.636, 19249
2026/09/26 18:37:06.136, 19249
2026/09/26 18:37:06.636, 19249
2026/09/26 18:37:07.137, 19249
2026/09/26 18:37:07.637, 19249
2026/09/26 18:37:08.137, 19249
2026/09/26 18:37:08.637, 19249
2026/09/26 18:37:09.137, 19249
2026/09/26 18:37:09.637, 19249
2026/09/26 18:37:10.138, 19249
2026/09/26 18:37:10.638, 19249
2026/09/26 18:37:11.138, 19249
2026/09/26 18:37:11.638, 19249
2026/09/26 18:37:12.138, 19249
2026/09/26 18:37:12.638, 19249
2026/09/26 18:37:13.139, 19249
2026/09/26 18:37:13.639, 19249
2026/09/26 18:37:14.139, 19249
2026/09/26 18:37:14.639, 19249
2026/09/26 18:37:15.139, 19249
2026/09/26 18:37:15.639, 19249
2026/09/26 18:37:16.139, 19249
2026/09/26 18:37:16.640, 19249
2026/09/26 18:37:17.140, 19249
2026/09/26 18:37:17.640, 19249
2026/09/26 18:37:18.140, 19249
2026/09/26 18:37:18.649, 19249
2026/09/26 18:37:19.149, 19249
2026/09/26 18:37:19.649, 19249
2026/09/26 18:37:20.149, 19249
2026/09/26 18:37:20.650, 19249
2026/09/26 18:37:21.150, 19249
2026/09/26 18:37:21.650, 19249
2026/09/26 18:37:22.150, 19249
2026/09/26 18:37:22.650, 19249
2026/09/26 18:37:23.150, 19249
2026/09/26 18:37:23.651, 19249
2026/09/26 18:37:24.151, 19249
2026/09/26 18:37:24.651, 19249
2026/09/26 18:37:25.151, 19249
2026/09/26 18:37:25.651, 19249
2026/09/26 18:37:26.151, 19249
2026/09/26 18:37:26.652, 19249
2026/09/26 18:37:27.152, 19249
2026/09/26 18:37:27.652, 19249
2026/09/26 18:37:28.152, 19249
2026/09/26 18:37:28.652, 19249
2026/09/26 18:37:29.152, 19249
2026/09/26 18:37:29.653, 19249
2026/09/26 18:37:30.153, 19249
2026/09/26 18:37:30.653, 19249
2026/09/26 18:37:31.153, 19249
2026/09/26 18:37:31.653, 19249
2026/09/26 18:37:32.153, 19249
2026/09/26 18:37:32.654, 19249
2026/09/26 18:37:33.154, 19249
2026/09/26 18:37:33.654, 19249
2026/09/26 18:37:34.154, 19249
2026/09/26 18:37:34.654, 19249
2026/09/26 18:37:35.154, 19249
2026/09/26 18:37:35.655, 19249
2026/09/26 18:37:36.155, 19249
2026/09/26 18:37:36.655, 19249
2026/09/26 18:37:37.155, 19249
2026/09/26 18:37:37.655, 19249
2026/09/26 18:37:38.155, 19249
2026/09/26 18:37:38.656, 19249
2026/09/26 18:37:39.156, 19249
2026/09/26 18:37:39.656, 19249
2026/09/26 18:37:40.156, 19249
2026/09/26 18:37:40.656, 19249
2026/09/26 18:37:41.156, 19249
2026/09/26 18:37:41.657, 19249
2026/09/26 18:37:42.157, 19249
2026/09/26 18:37:42.657, 19249
2026/09/26 18:37:43.157, 19249
2026/09/26 18:37:43.657, 19249
2026/09/26 18:37:44.157, 19249
2026/09/26 18:37:44.658, 19249
2026/09/26 18:37:45.158, 19249
2026/09/26 18:37:45.658, 19249
2026/09/26 18:37:46.158, 19249
2026/09/26 18:37:46.658, 19249
2026/09/26 18:37:47.159, 19249
2026/09/26 18:37:47.659, 19249
2026/09/26 18:37:48.159, 19249
2026/09/26 18:37:48.659, 19249
2026/09/26 18:37:49.159, 19249
2026/09/26 18:37:49.659, 19249
2026/09/26 18:37:50.160, 19249
2026/09/26 18:37:50.660, 19249
2026/09/26 18:37:51.160, 19249
2026/09/26 18:37:51.660, 19249
2026/09/26 18:37:52.160, 19249
2026/09/26 18:37:52.661, 19249
2026/09/26 18:37:53.161, 19249
2026/09/26 18:37:53.661, 19249
2026/09/26 18:37:54.161, 19249
2026/09/26 18:37:54.661, 19249
2026/09/26 18:37:55.161, 19249
2026/09/26 18:37:55.662, 19249
2026/09/26 18:37:56.162, 19249
2026/09/26 18:37:56.662, 19249
2026/09/26 18:37:57.162, 19249
2026/09/26 18:37:57.662, 19249
2026/09/26 18:37:58.162, 19249
2026/09/26 18:37:58.663, 19249
2026/09/26 18:37:59.163, 19249
2026/09/26 18:37:59.663, 19249
2026/09/26 18:38:00.163, 19249
2026/09/26 18:38:00.663, 19249
2026/09/26 18:38:01.163, 19249
2026/09/26 18:38:01.664, 19249
2026/09/26 18:38:02.164, 19249
2026/09/26 18:38:02.664, 19249
2026/09/26 18:38:03.164, 19249
2026/09/26 18:38:03.664, 19249
2026/09/26 18:38:04.164, 19249
2026/09/26 18:38:04.665, 19249
2026/09/26 18:38:05.165, 19249
2026/09/26 18:38:05.665, 19249
2026/09/26 18:38:06.165, 19249
2026/09/26 18:38:06.665, 19249
2026/09/26 18:38:07.165, 19249
2026/09/26 18:38:07.666, 19249
2026/09/26 18:38:08.166, 19249
2026/09/26 18:38:08.666, 19249
2026/09/26 18:38:09.166, 19249
2026/09/26 18:38:09.666, 19249
2026/09/26 18:38:10.167, 19249
2026/09/26 18:38:10.667, 19249
2026/09/26 18:38:11.167, 19249
2026/09/26 18:38:11.667, 19249
2026/09/26 18:38:12.167, 19249
2026/09/26 18:38:12.667, 19249
2026/09/26 18:38:13.167, 19249
2026/09/26 18:38:13.668, 19249
2026/09/26 18:38:14.168, 19249
2026/09/26 18:38:14.668, 19249
2026/09/26 18:38:15.168, 19249
2026/09/26 18:38:15.668, 19249
2026/09/26 18:38:16.168, 19249
2026/09/26 18:38:16.669, 19249
2026/09/26 18:38:17.169, 19249
2026/09/26 18:38:17.669, 19249
2026/09/26 18:38:18.169, 19249
2026/09/26 18:38:18.669, 19249
2026/09/26 18:38:19.169, 19249
2026/09/26 18:38:19.669, 19249
2026/09/26 18:38:20.170, 19249
2026/09/26 18:38:20.670, 19249
2026/09/26 18:38:21.170, 19249
2026/09/26 18:38:21.670, 19249
2026/09/26 18:38:22.170, 19249
2026/09/26 18:38:22.670, 19249
2026/09/26 18:38:23.171, 19249
2026/09/26 18:38:23.671, 19249
2026/09/26 18:38:24.171, 19249
2026/09/26 18:38:24.671, 19249
2026/09/26 18:38:25.171, 19249
2026/09/26 18:38:25.671, 19249
2026/09/26 18:38:26.172, 19249
2026/09/26 18:38:26.672, 19249
2026/09/26 18:38:27.172, 19249
2026/09/26 18:38:27.672, 19249
2026/09/26 18:38:28.172, 19249
2026/09/26 18:38:28.672, 19249
2026/09/26 18:38:29.172, 19249
2026/09/26 18:38:29.673, 19249
2026/09/26 18:38:30.173, 19249
2026/09/26 18:38:30.673, 19249
2026/09/26 18:38:31.173, 19249
2026/09/26 18:38:31.673, 19249
2026/09/26 18:38:32.174, 19249
2026/09/26 18:38:32.674, 19249
2026/09/26 18:38:33.174, 19249
2026/09/26 18:38:33.674, 19249
2026/09/26 18:38:34.174, 19249
2026/09/26 18:38:34.675, 19249
2026/09/26 18:38:35.175, 19249
2026/09/26 18:38:35.675, 19249
2026/09/26 18:38:36.175, 19249
2026/09/26 18:38:36.675, 19249
2026/09/26 18:38:37.175, 19249
2026/09/26 18:38:37.676, 19249
2026/09/26 18:38:38.176, 19249
2026/09/26 18:38:38.676, 19249
2026/09/26 18:38:39.176, 19249
2026/09/26 18:38:39.676, 19249
2026/09/26 18:38:40.176, 19249
2026/09/26 18:38:40.677, 19249
2026/09/26 18:38:41.177, 19249
2026/09/26 18:38:41.677, 19249
2026/09/26 18:38:42.177, 19249
2026/09/26 18:38:42.677, 19249
2026/09/26 18:38:43.177, 19249
2026/09/26 18:38:43.678, 19249
2026/09/26 18:38:44.178, 19249
2026/09/26 18:38:44.678, 19249
2026/09/26 18:38:45.178, 19249
2026/09/26 18:38:45.678, 19249
2026/09/26 18:38:46.178, 19249
2026/09/26 18:38:46.679, 19249
2026/09/26 18:38:47.179, 19249
2026/09/26 18:38:47.679, 19249
2026/09/26 18:38:48.179, 19249
2026/09/26 18:38:48.679, 19249
2026/09/26 18:38:49.179, 19249
2026/09/26 18:38:49.680, 19249
2026/09/26 18:38:50.180, 19249
2026/09/26 18:38:50.680, 19249
2026/09/26 18:38:51.180, 19249
2026/09/26 18:38:51.680, 19249
2026/09/26 18:38:52.180, 19249
2026/09/26 18:38:52.681, 19249
2026/09/26 18:38:53.181, 19249
2026/09/26 18:38:53.685, 19249
2026/09/26 18:38:54.185, 19249
2026/09/26 18:38:54.685, 19249
2026/09/26 18:38:55.186, 19249
2026/09/26 18:38:55.686, 19249
2026/09/26 18:38:56.186, 19249
2026/09/26 18:38:56.686, 19249
2026/09/26 18:38:57.186, 19249
2026/09/26 18:38:57.686, 19249
2026/09/26 18:38:58.187, 19249
2026/09/26 18:38:58.687, 19249
2026/09/26 18:38:59.187, 19249
2026/09/26 18:38:59.687, 19249
2026/09/26 18:39:00.187, 19249
2026/09/26 18:39:00.687, 19249
2026/09/26 18:39:01.188, 19249
2026/09/26 18:39:01.688, 19249
2026/09/26 18:39:02.188, 19249
2026/09/26 18:39:02.688, 19249
2026/09/26 18:39:03.188, 19249
2026/09/26 18:39:03.688, 19249
2026/09/26 18:39:04.189, 19249
2026/09/26 18:39:04.689, 19249
2026/09/26 18:39:05.189, 19249
2026/09/26 18:39:05.689, 19249
2026/09/26 18:39:06.189, 19249
2026/09/26 18:39:06.689, 19249
2026/09/26 18:39:07.190, 19249
2026/09/26 18:39:07.690, 19249
2026/09/26 18:39:08.190, 19249
2026/09/26 18:39:08.690, 19249
2026/09/26 18:39:09.190, 19249
2026/09/26 18:39:09.690, 19249
2026/09/26 18:39:10.191, 19249
2026/09/26 18:39:10.691, 19249
2026/09/26 18:39:11.191, 19249
2026/09/26 18:39:11.691, 19249
2026/09/26 18:39:12.191, 19249
2026/09/26 18:39:12.691, 19249
2026/09/26 18:39:13.192, 19249
2026/09/26 18:39:13.692, 19249
2026/09/26 18:39:14.192, 19249
2026/09/26 18:39:14.692, 19249
2026/09/26 18:39:15.192, 19249
2026/09/26 18:39:15.692, 19249
2026/09/26 18:39:16.193, 19249
2026/09/26 18:39:16.693, 19249
2026/09/26 18:39:17.193, 19249
2026/09/26 18:39:17.693, 19249
2026/09/26 18:39:18.193, 19249
2026/09/26 18:39:18.693, 19249
2026/09/26 18:39:19.194, 19249
2026/09/26 18:39:19.694, 19249
2026/09/26 18:39:20.194, 19249
2026/09/26 18:39:20.694, 19249
2026/09/26 18:39:21.195, 19249
2026/09/26 18:39:21.695, 19249
2026/09/26 18:39:22.195, 19249
2026/09/26 18:39:22.695, 19249
2026/09/26 18:39:23.196, 19249
2026/09/26 18:39:23.696, 19249
2026/09/26 18:39:24.196, 19249
2026/09/26 18:39:24.696, 19249
2026/09/26 18:39:25.196, 19249
2026/09/26 18:39:25.696, 19249
2026/09/26 18:39:26.197, 19249
2026/09/26 18:39:26.697, 19249
2026/09/26 18:39:27.197, 19249
2026/09/26 18:39:27.697, 19249
2026/09/26 18:39:28.197, 19249
2026/09/26 18:39:28.697, 19249
2026/09/26 18:39:29.198, 19249
2026/09/26 18:39:29.698, 19249
2026/09/26 18:39:30.198, 19249
2026/09/26 18:39:30.698, 19249
2026/09/26 18:39:31.198, 19249
2026/09/26 18:39:31.698, 19249
2026/09/26 18:39:32.199, 19249
2026/09/26 18:39:32.699, 19249
2026/09/26 18:39:33.199, 19249
2026/09/26 18:39:33.699, 19249
2026/09/26 18:39:34.199, 19249
2026/09/26 18:39:34.700, 19249
2026/09/26 18:39:35.200, 19249
2026/09/26 18:39:35.700, 19249
2026/09/26 18:39:36.200, 19249
2026/09/26 18:39:36.700, 19249
2026/09/26 18:39:37.200, 19249
2026/09/26 18:39:37.701, 19249
2026/09/26 18:39:38.201, 19249
2026/09/26 18:39:38.701, 19249
2026/09/26 18:39:39.201, 19249
2026/09/26 18:39:39.701, 19249
2026/09/26 18:39:40.201, 19249
2026/09/26 18:39:40.702, 19249
2026/09/26 18:39:41.202, 19249
2026/09/26 18:39:41.702, 19249
2026/09/26 18:39:42.202, 19249
2026/09/26 18:39:42.702, 19249
2026/09/26 18:39:43.202, 19249
2026/09/26 18:39:43.702, 19249
2026/09/26 18:39:44.203, 19249
2026/09/26 18:39:44.703, 19249
2026/09/26 18:39:45.203, 19249
2026/09/26 18:39:45.703, 19249
2026/09/26 18:39:46.203, 19249
2026/09/26 18:39:46.703, 19249
2026/09/26 18:39:47.204, 19249
2026/09/26 18:39:47.704, 19249
2026/09/26 18:39:48.204, 19249
2026/09/26 18:39:48.704, 19249
2026/09/26 18:39:49.204, 19249
2026/09/26 18:39:49.704, 19249
2026/09/26 18:39:50.205, 19249
2026/09/26 18:39:50.705, 19249
2026/09/26 18:39:51.205, 19249
2026/09/26 18:39:51.705, 19249
2026/09/26 18:39:52.205, 19249
2026/09/26 18:39:52.705, 19249
2026/09/26 18:39:53.206, 19249
2026/09/26 18:39:53.706, 19249
2026/09/26 18:39:54.215, 19249
2026/09/26 18:39:54.715, 19249
2026/09/26 18:39:55.215, 19249
2026/09/26 18:39:55.715, 19249
2026/09/26 18:39:56.215, 19249
2026/09/26 18:39:56.715, 19249
2026/09/26 18:39:57.216, 19249
2026/09/26 18:39:57.716, 19249
2026/09/26 18:39:58.216, 19249
2026/09/26 18:39:58.716, 19249
2026/09/26 18:39:59.216, 19249
2026/09/26 18:39:59.716, 19249
2026/09/26 18:40:00.217, 19249
2026/09/26 18:40:00.717, 19249
2026/09/26 18:40:01.217, 19249
2026/09/26 18:40:01.717, 19249
2026/09/26 18:40:02.217, 19249
2026/09/26 18:40:02.717, 19249
2026/09/26 18:40:03.218, 19249
2026/09/26 18:40:03.718, 19249
2026/09/26 18:40:04.218, 19249
2026/09/26 18:40:04.718, 19249
2026/09/26 18:40:05.218, 19249
2026/09/26 18:40:05.718, 19249
2026/09/26 18:40:06.219, 19249
2026/09/26 18:40:06.719, 19249
2026/09/26 18:40:07.219, 19249
2026/09/26 18:40:07.719, 19249
2026/09/26 18:40:08.219, 19249
2026/09/26 18:40:08.719, 19249
2026/09/26 18:40:09.220, 19249
2026/09/26 18:40:09.720, 19249
2026/09/26 18:40:10.220, 19249
2026/09/26 18:40:10.720, 19249
2026/09/26 18:40:11.220, 19249
2026/09/26 18:40:11.720, 19249
2026/09/26 18:40:12.221, 19249
2026/09/26 18:40:12.721, 19249
2026/09/26 18:40:13.221, 19249
2026/09/26 18:40:13.721, 19249
2026/09/26 18:40:14.221, 19249
2026/09/26 18:40:14.721, 19249
2026/09/26 18:40:15.222, 19249
2026/09/26 18:40:15.722, 19249
2026/09/26 18:40:16.222, 19249
2026/09/26 18:40:16.722, 19249
2026/09/26 18:40:17.222, 19249
2026/09/26 18:40:17.722, 19249
2026/09/26 18:40:18.223, 19249
2026/09/26 18:40:18.723, 19249
2026/09/26 18:40:19.223, 19249
2026/09/26 18:40:19.723, 19249
2026/09/26 18:40:20.223, 19249
2026/09/26 18:40:20.724, 19249
2026/09/26 18:40:21.224, 19249
2026/09/26 18:40:21.724, 19249
2026/09/26 18:40:22.224, 19249
2026/09/26 18:40:22.724, 19249
2026/09/26 18:40:23.224, 19249
2026/09/26 18:40:23.725, 19249
2026/09/26 18:40:24.225, 19249
2026/09/26 18:40:24.725, 19249
2026/09/26 18:40:25.225, 19249
2026/09/26 18:40:25.725, 19249
2026/09/26 18:40:26.226, 19249
2026/09/26 18:40:26.726, 19249
2026/09/26 18:40:27.226, 19249
2026/09/26 18:40:27.726, 19249
2026/09/26 18:40:28.226, 19249
2026/09/26 18:40:28.726, 19249
2026/09/26 18:40:29.227, 19249
2026/09/26 18:40:29.727, 19249
2026/09/26 18:40:30.227, 19249
2026/09/26 18:40:30.727, 19249
2026/09/26 18:40:31.227, 19249
2026/09/26 18:40:31.727, 19249
2026/09/26 18:40:32.228, 19249
2026/09/26 18:40:32.728, 19249
2026/09/26 18:40:33.228, 19249
2026/09/26 18:40:33.728, 19249
2026/09/26 18:40:34.228, 19249
2026/09/26 18:40:34.728, 19249
2026/09/26 18:40:35.229, 19249
2026/09/26 18:40:35.729, 19249
2026/09/26 18:40:36.229, 19249
2026/09/26 18:40:36.729, 19249
2026/09/26 18:40:37.229, 19249
2026/09/26 18:40:37.730, 19249
2026/09/26 18:40:38.230, 19249
2026/09/26 18:40:38.730, 19249
2026/09/26 18:40:39.230, 19249
2026/09/26 18:40:39.730, 19249
2026/09/26 18:40:40.230, 19249
2026/09/26 18:40:40.731, 19249
2026/09/26 18:40:41.231, 19249
2026/09/26 18:40:41.731, 19249
2026/09/26 18:40:42.231, 19249
2026/09/26 18:40:42.731, 19249
2026/09/26 18:40:43.231, 19249
2026/09/26 18:40:43.732, 19249
2026/09/26 18:40:44.232, 19249
2026/09/26 18:40:44.732, 19249
2026/09/26 18:40:45.232, 19249
2026/09/26 18:40:45.732, 19249
2026/09/26 18:40:46.232, 19249
2026/09/26 18:40:46.733, 19249
2026/09/26 18:40:47.233, 19249
2026/09/26 18:40:47.733, 19249
2026/09/26 18:40:48.233, 19249
2026/09/26 18:40:48.733, 19249
2026/09/26 18:40:49.233, 19249
2026/09/26 18:40:49.734, 19249
2026/09/26 18:40:50.234, 19249
2026/09/26 18:40:50.734, 19249
2026/09/26 18:40:51.234, 19249
2026/09/26 18:40:51.734, 19249
2026/09/26 18:40:52.234, 19249
2026/09/26 18:40:52.735, 19249
2026/09/26 18:40:53.235, 19249
2026/09/26 18:40:53.735, 19249
2026/09/26 18:40:54.235, 19249
2026/09/26 18:40:54.735, 19249
2026/09/26 18:40:55.235, 19249
2026/09/26 18:40:55.735, 19249
2026/09/26 18:40:56.236, 19249
2026/09/26 18:40:56.736, 19249
2026/09/26 18:40:57.236, 19249
2026/09/26 18:40:57.736, 19249
2026/09/26 18:40:58.236, 19249
2026/09/26 18:40:58.736, 19249
2026/09/26 18:40:59.237, 19249
2026/09/26 18:40:59.737, 19249
2026/09/26 18:41:00.237, 19249
2026/09/26 18:41:00.737, 19249
2026/09/26 18:41:01.237, 19249
2026/09/26 18:41:01.737, 19249
2026/09/26 18:41:02.238, 19249
2026/09/26 18:41:02.738, 19249
2026/09/26 18:41:03.238, 19249
2026/09/26 18:41:03.738, 19249
2026/09/26 18:41:04.238, 19249
2026/09/26 18:41:04.738, 19249
2026/09/26 18:41:05.239, 19249
2026/09/26 18:41:05.739, 19249
2026/09/26 18:41:06.239, 19249
2026/09/26 18:41:06.739, 19249
2026/09/26 18:41:07.239, 19249
2026/09/26 18:41:07.739, 19249
2026/09/26 18:41:08.240, 19249
2026/09/26 18:41:08.740, 19249
2026/09/26 18:41:09.240, 19249
2026/09/26 18:41:09.740, 19249
2026/09/26 18:41:10.240, 19249
2026/09/26 18:41:10.740, 19249
2026/09/26 18:41:11.240, 19249
2026/09/26 18:41:11.741, 19249
2026/09/26 18:41:12.241, 19249
2026/09/26 18:41:12.741, 19249
2026/09/26 18:41:13.241, 19249
2026/09/26 18:41:13.741, 19249
2026/09/26 18:41:14.241, 19249
2026/09/26 18:41:14.742, 19249
2026/09/26 18:41:15.242, 19249
2026/09/26 18:41:15.742, 19249
2026/09/26 18:41:16.242, 19249
2026/09/26 18:41:16.742, 19249
2026/09/26 18:41:17.242, 19249
2026/09/26 18:41:17.743, 19249
2026/09/26 18:41:18.243, 19249
2026/09/26 18:41:18.743, 19249
2026/09/26 18:41:19.243, 19249
2026/09/26 18:41:19.743, 19249
2026/09/26 18:41:20.243, 19249
2026/09/26 18:41:20.743, 19249
2026/09/26 18:41:21.244, 19249
2026/09/26 18:41:21.744, 19249
2026/09/26 18:41:22.244, 19249
2026/09/26 18:41:22.744, 19249
2026/09/26 18:41:23.244, 19249
2026/09/26 18:41:23.744, 19249
2026/09/26 18:41:24.245, 19249
2026/09/26 18:41:24.745, 19249
2026/09/26 18:41:25.245, 19249
2026/09/26 18:41:25.745, 19249
2026/09/26 18:41:26.245, 19249
2026/09/26 18:41:26.745, 19249
2026/09/26 18:41:27.246, 19249
2026/09/26 18:41:27.746, 19249
2026/09/26 18:41:28.246, 19249
2026/09/26 18:41:28.746, 19249
2026/09/26 18:41:29.246, 19249
2026/09/26 18:41:29.746, 19249
2026/09/26 18:41:30.247, 19249
2026/09/26 18:41:30.747, 19249
2026/09/26 18:41:31.247, 19249
2026/09/26 18:41:31.747, 19249
2026/09/26 18:41:32.247, 19249
2026/09/26 18:41:32.747, 19249
2026/09/26 18:41:33.248, 19249
2026/09/26 18:41:33.748, 19249
2026/09/26 18:41:34.248, 19249
2026/09/26 18:41:34.748, 19249
2026/09/26 18:41:35.248, 19249
2026/09/26 18:41:35.749, 19249
2026/09/26 18:41:36.249, 19249
2026/09/26 18:41:36.749, 19249
2026/09/26 18:41:37.249, 19249
2026/09/26 18:41:37.749, 19249
2026/09/26 18:41:38.249, 19249
2026/09/26 18:41:38.750, 19249
2026/09/26 18:41:39.250, 19249
2026/09/26 18:41:39.750, 19249
2026/09/26 18:41:40.250, 19249
2026/09/26 18:41:40.750, 19249
2026/09/26 18:41:41.250, 19249
2026/09/26 18:41:41.751, 19249
2026/09/26 18:41:42.251, 19249
2026/09/26 18:41:42.751, 19249
2026/09/26 18:41:43.251, 19249
2026/09/26 18:41:43.751, 19249
2026/09/26 18:41:44.251, 19249
2026/09/26 18:41:44.752, 19249
2026/09/26 18:41:45.252, 19249
2026/09/26 18:41:45.752, 19249
2026/09/26 18:41:46.252, 19249
2026/09/26 18:41:46.752, 19249
2026/09/26 18:41:47.252, 19249
2026/09/26 18:41:47.752, 19249
2026/09/26 18:41:48.253, 19249
2026/09/26 18:41:48.753, 19249
2026/09/26 18:41:49.253, 19249
2026/09/26 18:41:49.753, 19249
2026/09/26 18:41:50.253, 19249
2026/09/26 18:41:50.753, 19249
2026/09/26 18:41:51.254, 19249
2026/09/26 18:41:51.754, 19249
2026/09/26 18:41:52.254, 19249
2026/09/26 18:41:52.754, 19249
2026/09/26 18:41:53.254, 19249
2026/09/26 18:41:53.754, 19249
2026/09/26 18:41:54.255, 19249
2026/09/26 18:41:54.755, 19249
2026/09/26 18:41:55.255, 19249
2026/09/26 18:41:55.755, 19249
2026/09/26 18:41:56.255, 19249
2026/09/26 18:41:56.756, 19249
2026/09/26 18:41:57.256, 19249
2026/09/26 18:41:57.756, 19249
2026/09/26 18:41:58.256, 19249
2026/09/26 18:41:58.756, 19249
2026/09/26 18:41:59.256, 19249
2026/09/26 18:41:59.757, 19249
2026/09/26 18:42:00.257, 19249
2026/09/26 18:42:00.757, 19249
2026/09/26 18:42:01.257, 19249
2026/09/26 18:42:01.757, 19249
2026/09/26 18:42:02.257, 19249
2026/09/26 18:42:02.758, 19249
2026/09/26 18:42:03.258, 19249
2026/09/26 18:42:03.758, 19249
2026/09/26 18:42:04.258, 19249
2026/09/26 18:42:04.758, 19249
2026/09/26 18:42:05.258, 19249
2026/09/26 18:42:05.759, 19249
2026/09/26 18:42:06.259, 19249
2026/09/26 18:42:06.759, 19249
2026/09/26 18:42:07.259, 19249
2026/09/26 18:42:07.759, 19249
2026/09/26 18:42:08.259, 19249
2026/09/26 18:42:08.760, 19249
2026/09/26 18:42:09.260, 19249
2026/09/26 18:42:09.767, 19249
2026/09/26 18:42:10.267, 19249
2026/09/26 18:42:10.767, 19249
2026/09/26 18:42:11.267, 19249
2026/09/26 18:42:11.767, 19249
2026/09/26 18:42:12.267, 19249
2026/09/26 18:42:12.768, 19249
2026/09/26 18:42:13.268, 19249
2026/09/26 18:42:13.768, 19249
2026/09/26 18:42:14.268, 19249
2026/09/26 18:42:14.777, 19249
2026/09/26 18:42:15.277, 19249
2026/09/26 18:42:15.778, 19249
2026/09/26 18:42:16.278, 19249
2026/09/26 18:42:16.778, 19249
2026/09/26 18:42:17.278, 19249
2026/09/26 18:42:17.778, 19249
2026/09/26 18:42:18.278, 19249
2026/09/26 18:42:18.778, 19249
2026/09/26 18:42:19.279, 19249
2026/09/26 18:42:19.779, 19249
2026/09/26 18:42:20.279, 19249
2026/09/26 18:42:20.779, 19249
2026/09/26 18:42:21.279, 19249
2026/09/26 18:42:21.779, 19249
2026/09/26 18:42:22.280, 19249
2026/09/26 18:42:22.780, 19249
2026/09/26 18:42:23.280, 19249
2026/09/26 18:42:23.780, 19249
2026/09/26 18:42:24.280, 19249
2026/09/26 18:42:24.780, 19249
2026/09/26 18:42:25.281, 19249
2026/09/26 18:42:25.781, 19249
2026/09/26 18:42:26.281, 19249
2026/09/26 18:42:26.781, 19249
2026/09/26 18:42:27.281, 19249
2026/09/26 18:42:27.781, 19249
2026/09/26 18:42:28.282, 19249
2026/09/26 18:42:28.782, 19249
2026/09/26 18:42:29.282, 19249
2026/09/26 18:42:29.782, 19249
2026/09/26 18:42:30.282, 19249
2026/09/26 18:42:30.782, 19249
2026/09/26 18:42:31.282, 19249
2026/09/26 18:42:31.783, 19249
2026/09/26 18:42:32.283, 19249
2026/09/26 18:42:32.783, 19249
2026/09/26 18:42:33.283, 19249
2026/09/26 18:42:33.783, 19249
2026/09/26 18:42:34.283, 19249
2026/09/26 18:42:34.784, 19249
2026/09/26 18:42:35.284, 19249
2026/09/26 18:42:35.784, 19249
2026/09/26 18:42:36.284, 19249
2026/09/26 18:42:36.784, 19249
2026/09/26 18:42:37.284, 19249
2026/09/26 18:42:37.785, 19249
2026/09/26 18:42:38.285, 19249
2026/09/26 18:42:38.785, 19249
2026/09/26 18:42:39.285, 19249
2026/09/26 18:42:39.785, 19249
2026/09/26 18:42:40.285, 19249
2026/09/26 18:42:40.786, 19249
2026/09/26 18:42:41.286, 19249
2026/09/26 18:42:41.786, 19249
2026/09/26 18:42:42.286, 19249
2026/09/26 18:42:42.786, 19249
2026/09/26 18:42:43.287, 19249
2026/09/26 18:42:43.787, 19249
2026/09/26 18:42:44.287, 19249
2026/09/26 18:42:44.787, 19249
2026/09/26 18:42:45.287, 19249
2026/09/26 18:42:45.787, 19249
2026/09/26 18:42:46.288, 19249
2026/09/26 18:42:46.788, 19249
2026/09/26 18:42:47.288, 19249
2026/09/26 18:42:47.788, 19249
2026/09/26 18:42:48.288, 19249
2026/09/26 18:42:48.789, 19249
2026/09/26 18:42:49.289, 19249
2026/09/26 18:42:49.789, 19249
2026/09/26 18:42:50.289, 19249
2026/09/26 18:42:50.789, 19249
2026/09/26 18:42:51.289, 19249
2026/09/26 18:42:51.790, 19249
2026/09/26 18:42:52.290, 19249
2026/09/26 18:42:52.790, 19249
2026/09/26 18:42:53.291, 19249
2026/09/26 18:42:53.791, 19249
2026/09/26 18:42:54.291, 19249
2026/09/26 18:42:54.791, 19249
2026/09/26 18:42:55.291, 19249
2026/09/26 18:42:55.791, 19249
2026/09/26 18:42:56.292, 19249
2026/09/26 18:42:56.792, 19249
2026/09/26 18:42:57.292, 19249
2026/09/26 18:42:57.792, 19249
2026/09/26 18:42:58.292, 19249
2026/09/26 18:42:58.793, 19249
2026/09/26 18:42:59.293, 19249
2026/09/26 18:42:59.793, 19249
2026/09/26 18:43:00.293, 19249
2026/09/26 18:43:00.793, 19249
2026/09/26 18:43:01.293, 19249
2026/09/26 18:43:01.794, 19249
2026/09/26 18:43:02.294, 19249
2026/09/26 18:43:02.794, 19249
2026/09/26 18:43:03.294, 19249
2026/09/26 18:43:03.794, 19249
2026/09/26 18:43:04.294, 19249
2026/09/26 18:43:04.794, 19249
2026/09/26 18:43:05.295, 19249
2026/09/26 18:43:05.795, 19249
2026/09/26 18:43:06.295, 19249
2026/09/26 18:43:06.795, 19249
2026/09/26 18:43:07.295, 19249
2026/09/26 18:43:07.795, 19249
2026/09/26 18:43:08.295, 19249
2026/09/26 18:43:08.796, 19249
2026/09/26 18:43:09.296, 19249
2026/09/26 18:43:09.796, 19249
2026/09/26 18:43:10.296, 19249
2026/09/26 18:43:10.796, 19249
2026/09/26 18:43:11.296, 19249
2026/09/26 18:43:11.797, 19249
2026/09/26 18:43:12.297, 19249
2026/09/26 18:43:12.797, 19249
2026/09/26 18:43:13.297, 19249
2026/09/26 18:43:13.797, 19249
2026/09/26 18:43:14.297, 19249
2026/09/26 18:43:14.797, 19249
2026/09/26 18:43:15.297, 19249
2026/09/26 18:43:15.798, 19249
2026/09/26 18:43:16.298, 19249
2026/09/26 18:43:16.798, 19249
2026/09/26 18:43:17.298, 19249
2026/09/26 18:43:17.798, 19249
2026/09/26 18:43:18.298, 19249
2026/09/26 18:43:18.799, 19249
2026/09/26 18:43:19.299, 19249
2026/09/26 18:43:19.799, 19249
2026/09/26 18:43:20.299, 19249
2026/09/26 18:43:20.799, 19249
2026/09/26 18:43:21.299, 19249
2026/09/26 18:43:21.800, 19249
2026/09/26 18:43:22.300, 19249
2026/09/26 18:43:22.800, 19249
2026/09/26 18:43:23.300, 19249
2026/09/26 18:43:23.800, 19249
2026/09/26 18:43:24.300, 19249
2026/09/26 18:43:24.801, 19249
2026/09/26 18:43:25.301, 19249
2026/09/26 18:43:25.801, 19249
2026/09/26 18:43:26.301, 19249
2026/09/26 18:43:26.801, 19249
2026/09/26 18:43:27.301, 19249
2026/09/26 18:43:27.802, 19249
2026/09/26 18:43:28.302, 19249
2026/09/26 18:43:28.802, 19249
2026/09/26 18:43:29.302, 19249
2026/09/26 18:43:29.802, 19249
2026/09/26 18:43:30.303, 19249
2026/09/26 18:43:30.803, 19249
2026/09/26 18:43:31.303, 19249
2026/09/26 18:43:31.803, 19249
2026/09/26 18:43:32.303, 19249
2026/09/26 18:43:32.803, 19249
2026/09/26 18:43:33.304, 19249
2026/09/26 18:43:33.804, 19249
2026/09/26 18:43:34.304, 19249
2026/09/26 18:43:34.804, 19249
2026/09/26 18:43:35.304, 19249
2026/09/26 18:43:35.804, 19249
2026/09/26 18:43:36.305, 19249
2026/09/26 18:43:36.805, 19249
2026/09/26 18:43:37.305, 19249
2026/09/26 18:43:37.805, 19249
2026/09/26 18:43:38.305, 19249
2026/09/26 18:43:38.806, 19249
2026/09/26 18:43:39.306, 19249
2026/09/26 18:43:39.806, 19249
2026/09/26 18:43:40.306, 19249
2026/09/26 18:43:40.806, 19249
2026/09/26 18:43:41.307, 19249
2026/09/26 18:43:41.807, 19249
2026/09/26 18:43:42.307, 19249
2026/09/26 18:43:42.807, 19249
2026/09/26 18:43:43.307, 19249
2026/09/26 18:43:43.807, 19249
2026/09/26 18:43:44.308, 19249
2026/09/26 18:43:44.808, 19249
2026/09/26 18:43:45.308, 19249
2026/09/26 18:43:45.808, 19249
2026/09/26 18:43:46.308, 19249
2026/09/26 18:43:46.808, 19249
2026/09/26 18:43:47.309, 19249
2026/09/26 18:43:47.809, 19249
2026/09/26 18:43:48.309, 19249
2026/09/26 18:43:48.809, 19249
2026/09/26 18:43:49.309, 19249
2026/09/26 18:43:49.809, 19249
2026/09/26 18:43:50.310, 19249
2026/09/26 18:43:50.810, 19249
2026/09/26 18:43:51.310, 19249
2026/09/26 18:43:51.810, 19249
2026/09/26 18:43:52.310, 19249
2026/09/26 18:43:52.810, 19249
2026/09/26 18:43:53.310, 19249
2026/09/26 18:43:53.811, 19249
2026/09/26 18:43:54.311, 19249
2026/09/26 18:43:54.811, 19249
2026/09/26 18:43:55.311, 19249
2026/09/26 18:43:55.811, 19249
2026/09/26 18:43:56.311, 19249
2026/09/26 18:43:56.812, 19249
2026/09/26 18:43:57.312, 19249
2026/09/26 18:43:57.812, 19249
2026/09/26 18:43:58.312, 19249
2026/09/26 18:43:58.812, 19249
2026/09/26 18:43:59.312, 19249
2026/09/26 18:43:59.812, 19249
2026/09/26 18:44:00.313, 19249
2026/09/26 18:44:00.813, 19249
2026/09/26 18:44:01.313, 19249
2026/09/26 18:44:01.813, 19249
2026/09/26 18:44:02.313, 19249
2026/09/26 18:44:02.813, 19249
2026/09/26 18:44:03.314, 19249
2026/09/26 18:44:03.814, 19249
2026/09/26 18:44:04.314, 19249
2026/09/26 18:44:04.814, 19249
2026/09/26 18:44:05.314, 19249
2026/09/26 18:44:05.814, 19249
2026/09/26 18:44:06.315, 19249
2026/09/26 18:44:06.815, 19249
2026/09/26 18:44:07.315, 19249
2026/09/26 18:44:07.815, 19249
2026/09/26 18:44:08.315, 19249
2026/09/26 18:44:08.815, 19249
2026/09/26 18:44:09.316, 19249
2026/09/26 18:44:09.816, 19249
2026/09/26 18:44:10.316, 19249
2026/09/26 18:44:10.816, 19249
2026/09/26 18:44:11.316, 19249
2026/09/26 18:44:11.816, 19249
2026/09/26 18:44:12.316, 19249
2026/09/26 18:44:12.817, 19249
2026/09/26 18:44:13.317, 19249
2026/09/26 18:44:13.817, 19249
2026/09/26 18:44:14.317, 19249
2026/09/26 18:44:14.817, 19249
2026/09/26 18:44:15.317, 19249
2026/09/26 18:44:15.818, 19249
2026/09/26 18:44:16.318, 19249
2026/09/26 18:44:16.818, 19249
2026/09/26 18:44:17.318, 19249
2026/09/26 18:44:17.818, 19249
2026/09/26 18:44:18.318, 19249
2026/09/26 18:44:18.818, 19249
2026/09/26 18:44:19.319, 19249
2026/09/26 18:44:19.819, 19249
2026/09/26 18:44:20.319, 19249
2026/09/26 18:44:20.819, 19249
2026/09/26 18:44:21.319, 19249
2026/09/26 18:44:21.819, 19249
2026/09/26 18:44:22.320, 19249
2026/09/26 18:44:22.820, 19249
2026/09/26 18:44:23.320, 19249
2026/09/26 18:44:23.820, 19249
2026/09/26 18:44:24.320, 19249
2026/09/26 18:44:24.820, 19249
2026/09/26 18:44:25.321, 19249
2026/09/26 18:44:25.821, 19249
2026/09/26 18:44:26.321, 19249
2026/09/26 18:44:26.821, 19249
2026/09/26 18:44:27.321, 19249
2026/09/26 18:44:27.821, 19249
2026/09/26 18:44:28.321, 19249
2026/09/26 18:44:28.822, 19249
2026/09/26 18:44:29.322, 19249
2026/09/26 18:44:29.822, 19249
2026/09/26 18:44:30.322, 19249
2026/09/26 18:44:30.822, 19249
2026/09/26 18:44:31.322, 19249
2026/09/26 18:44:31.823, 19249
2026/09/26 18:44:32.323, 19249
2026/09/26 18:44:32.823, 19249
2026/09/26 18:44:33.323, 19249
2026/09/26 18:44:33.823, 19249
2026/09/26 18:44:34.323, 19249
2026/09/26 18:44:34.823, 19249
2026/09/26 18:44:35.324, 19249
2026/09/26 18:44:35.824, 19249
2026/09/26 18:44:36.324, 19249
2026/09/26 18:44:36.824, 19249
2026/09/26 18:44:37.324, 19249
2026/09/26 18:44:37.824, 19249
2026/09/26 18:44:38.325, 19249
2026/09/26 18:44:38.825, 19249
2026/09/26 18:44:39.325, 19249
2026/09/26 18:44:39.825, 19249
2026/09/26 18:44:40.325, 19249
2026/09/26 18:44:40.825, 19249
2026/09/26 18:44:41.326, 19249
2026/09/26 18:44:41.826, 19249
2026/09/26 18:44:42.326, 19249
2026/09/26 18:44:42.826, 19249
2026/09/26 18:44:43.326, 19249
2026/09/26 18:44:43.826, 19249
2026/09/26 18:44:44.327, 19249
2026/09/26 18:44:44.827, 19249
2026/09/26 18:44:45.327, 19249
2026/09/26 18:44:45.827, 19249
2026/09/26 18:44:46.327, 19249
2026/09/26 18:44:46.827, 19249
2026/09/26 18:44:47.328, 19249
2026/09/26 18:44:47.828, 19249
2026/09/26 18:44:48.328, 19249
2026/09/26 18:44:48.828, 19249
2026/09/26 18:44:49.328, 19249
2026/09/26 18:44:49.828, 19249
2026/09/26 18:44:50.328, 19249
2026/09/26 18:44:50.829, 19249
2026/09/26 18:44:51.329, 19249
2026/09/26 18:44:51.829, 19249
2026/09/26 18:44:52.329, 19249
2026/09/26 18:44:52.829, 19249
2026/09/26 18:44:53.329, 19249
2026/09/26 18:44:53.830, 19249
2026/09/26 18:44:54.330, 19249
2026/09/26 18:44:54.830, 19249
2026/09/26 18:44:55.330, 19249
2026/09/26 18:44:55.830, 19249
2026/09/26 18:44:56.330, 19249
2026/09/26 18:44:56.830, 19249
2026/09/26 18:44:57.331, 19249
2026/09/26 18:44:57.831, 19249
2026/09/26 18:44:58.331, 19249
2026/09/26 18:44:58.831, 19249
2026/09/26 18:44:59.331, 19249
2026/09/26 18:44:59.831, 19249
2026/09/26 18:45:00.332, 19249
2026/09/26 18:45:00.832, 19249
2026/09/26 18:45:01.332, 19249
2026/09/26 18:45:01.832, 19249
2026/09/26 18:45:02.332, 19249
2026/09/26 18:45:02.833, 19249
2026/09/26 18:45:03.333, 19249
2026/09/26 18:45:03.833, 19249
2026/09/26 18:45:04.333, 19249
2026/09/26 18:45:04.833, 19249
2026/09/26 18:45:05.333, 19249
2026/09/26 18:45:05.834, 19249
2026/09/26 18:45:06.334, 19249
2026/09/26 18:45:06.834, 19249
2026/09/26 18:45:07.334, 19249
2026/09/26 18:45:07.834, 19249
2026/09/26 18:45:08.334, 19249
2026/09/26 18:45:08.835, 19249
2026/09/26 18:45:09.335, 19249
2026/09/26 18:45:09.835, 19249
2026/09/26 18:45:10.335, 19249
2026/09/26 18:45:10.835, 19249
2026/09/26 18:45:11.335, 19249
2026/09/26 18:45:11.835, 19249
2026/09/26 18:45:12.336, 19249
2026/09/26 18:45:12.836, 19249
2026/09/26 18:45:13.336, 19249
2026/09/26 18:45:13.836, 19249
2026/09/26 18:45:14.336, 19249
2026/09/26 18:45:14.836, 19249
2026/09/26 18:45:15.337, 19249
2026/09/26 18:45:15.837, 19249
2026/09/26 18:45:16.337, 19249
2026/09/26 18:45:16.837, 19249
2026/09/26 18:45:17.337, 19249
2026/09/26 18:45:17.837, 19249
2026/09/26 18:45:18.338, 19249
2026/09/26 18:45:18.838, 19249
2026/09/26 18:45:19.338, 19249
2026/09/26 18:45:19.838, 19249
2026/09/26 18:45:20.338, 19249
2026/09/26 18:45:20.839, 19249
2026/09/26 18:45:21.339, 19249
2026/09/26 18:45:21.839, 19249
2026/09/26 18:45:22.339, 19249
2026/09/26 18:45:22.839, 19249
2026/09/26 18:45:23.339, 19249
2026/09/26 18:45:23.840, 19249
2026/09/26 18:45:24.340, 19249
2026/09/26 18:45:24.840, 19249
2026/09/26 18:45:25.340, 19249
2026/09/26 18:45:25.840, 19249
2026/09/26 18:45:26.340, 19249
2026/09/26 18:45:26.841, 19249
2026/09/26 18:45:27.341, 19249
2026/09/26 18:45:27.841, 19249
2026/09/26 18:45:28.341, 19249
2026/09/26 18:45:28.841, 19249
2026/09/26 18:45:29.341, 19249
2026/09/26 18:45:29.842, 19249
2026/09/26 18:45:30.342, 19249
2026/09/26 18:45:30.842, 19249
2026/09/26 18:45:31.342, 19249
2026/09/26 18:45:31.842, 19249
2026/09/26 18:45:32.342, 19249
2026/09/26 18:45:32.843, 19249
2026/09/26 18:45:33.343, 19249
2026/09/26 18:45:33.843, 19249
2026/09/26 18:45:34.343, 19249
2026/09/26 18:45:34.843, 19249
2026/09/26 18:45:35.343, 19249
2026/09/26 18:45:35.844, 19249
2026/09/26 18:45:36.344, 19249
2026/09/26 18:45:36.844, 19249
2026/09/26 18:45:37.344, 19249
2026/09/26 18:45:37.844, 19249
2026/09/26 18:45:38.344, 19249
2026/09/26 18:45:38.845, 19249
2026/09/26 18:45:39.345, 19249
2026/09/26 18:45:39.845, 19249
2026/09/26 18:45:40.345, 19249
2026/09/26 18:45:40.845, 19249
2026/09/26 18:45:41.345, 19249
2026/09/26 18:45:41.846, 19249
2026/09/26 18:45:42.346, 19249
2026/09/26 18:45:42.846, 19249
2026/09/26 18:45:43.346, 19249
2026/09/26 18:45:43.846, 19249
2026/09/26 18:45:44.346, 19249
2026/09/26 18:45:44.847, 19249
2026/09/26 18:45:45.347, 19249
2026/09/26 18:45:45.847, 19249
2026/09/26 18:45:46.347, 19249
2026/09/26 18:45:46.847, 19249
2026/09/26 18:45:47.347, 19249
2026/09/26 18:45:47.848, 19249
2026/09/26 18:45:48.348, 19249
2026/09/26 18:45:48.848, 19249
2026/09/26 18:45:49.348, 19249
2026/09/26 18:45:49.848, 19249
2026/09/26 18:45:50.348, 19249
2026/09/26 18:45:50.849, 19249
2026/09/26 18:45:51.349, 19249
2026/09/26 18:45:51.849, 19249
2026/09/26 18:45:52.349, 19249
2026/09/26 18:45:52.849, 19249
2026/09/26 18:45:53.349, 19249
2026/09/26 18:45:53.849, 19249
2026/09/26 18:45:54.350, 19249
2026/09/26 18:45:54.850, 19249
2026/09/26 18:45:55.350, 19249
2026/09/26 18:45:55.850, 19249
2026/09/26 18:45:56.350, 19249
2026/09/26 18:45:56.850, 19249
2026/09/26 18:45:57.351, 19249
2026/09/26 18:45:57.851, 19249
2026/09/26 18:45:58.351, 19249
2026/09/26 18:45:58.851, 19249
2026/09/26 18:45:59.351, 19249
2026/09/26 18:45:59.851, 19249
2026/09/26 18:46:00.352, 19249
2026/09/26 18:46:00.852, 19249
2026/09/26 18:46:01.352, 19249
2026/09/26 18:46:01.852, 19249
2026/09/26 18:46:02.352, 19249
2026/09/26 18:46:02.852, 19249
2026/09/26 18:46:03.353, 19249
2026/09/26 18:46:03.853, 19249
2026/09/26 18:46:04.353, 19249
2026/09/26 18:46:04.853, 19249
2026/09/26 18:46:05.353, 19249
2026/09/26 18:46:05.853, 19249
2026/09/26 18:46:06.354, 19249
2026/09/26 18:46:06.854, 19249
2026/09/26 18:46:07.354, 19249
2026/09/26 18:46:07.854, 19249
2026/09/26 18:46:08.354, 19249
2026/09/26 18:46:08.854, 19249
2026/09/26 18:46:09.355, 19249
2026/09/26 18:46:09.855, 19249
2026/09/26 18:46:10.355, 19249
2026/09/26 18:46:10.855, 19249
2026/09/26 18:46:11.356, 19249
2026/09/26 18:46:11.856, 19249
2026/09/26 18:46:12.356, 19249
2026/09/26 18:46:12.856, 19249
2026/09/26 18:46:13.356, 19249
2026/09/26 18:46:13.856, 19249
2026/09/26 18:46:14.357, 19249
2026/09/26 18:46:14.857, 19249
2026/09/26 18:46:15.357, 19249
2026/09/26 18:46:15.866, 19249
2026/09/26 18:46:16.366, 19249
2026/09/26 18:46:16.866, 19249
2026/09/26 18:46:17.366, 19249
2026/09/26 18:46:17.867, 19249
2026/09/26 18:46:18.367, 19249
2026/09/26 18:46:18.867, 19249
2026/09/26 18:46:19.367, 19249
2026/09/26 18:46:19.867, 19249
2026/09/26 18:46:20.367, 19249
2026/09/26 18:46:20.868, 19249
2026/09/26 18:46:21.368, 19249
2026/09/26 18:46:21.868, 19249
2026/09/26 18:46:22.368, 19249
2026/09/26 18:46:22.868, 19249
2026/09/26 18:46:23.369, 19249
2026/09/26 18:46:23.869, 19249
2026/09/26 18:46:24.369, 19249
2026/09/26 18:46:24.869, 19249
2026/09/26 18:46:25.369, 19249
2026/09/26 18:46:25.869, 19249
2026/09/26 18:46:26.370, 19249
2026/09/26 18:46:26.870, 19249
2026/09/26 18:46:27.370, 19249
2026/09/26 18:46:27.870, 19249
2026/09/26 18:46:28.370, 19249
2026/09/26 18:46:28.870, 19249
2026/09/26 18:46:29.371, 19249
2026/09/26 18:46:29.871, 19249
2026/09/26 18:46:30.371, 19249
2026/09/26 18:46:30.871, 19249
2026/09/26 18:46:31.371, 19249
2026/09/26 18:46:31.871, 19249
2026/09/26 18:46:32.372, 19249
2026/09/26 18:46:32.872, 19249
2026/09/26 18:46:33.372, 19249
2026/09/26 18:46:33.872, 19249
2026/09/26 18:46:34.372, 19249
2026/09/26 18:46:34.872, 19249
2026/09/26 18:46:35.373, 19249
2026/09/26 18:46:35.873, 19249
2026/09/26 18:46:36.373, 19249
2026/09/26 18:46:36.873, 19249
2026/09/26 18:46:37.373, 19249
2026/09/26 18:46:37.873, 19249
2026/09/26 18:46:38.374, 19249
2026/09/26 18:46:38.874, 19249
2026/09/26 18:46:39.374, 19249
2026/09/26 18:46:39.874, 19249
2026/09/26 18:46:40.374, 19249
2026/09/26 18:46:40.874, 19249
2026/09/26 18:46:41.375, 19249
2026/09/26 18:46:41.875, 19249
2026/09/26 18:46:42.375, 19249
2026/09/26 18:46:42.875, 19249
2026/09/26 18:46:43.375, 19249
2026/09/26 18:46:43.875, 19249
2026/09/26 18:46:44.375, 19249
2026/09/26 18:46:44.876, 19249
2026/09/26 18:46:45.376, 19249
2026/09/26 18:46:45.876, 19249
2026/09/26 18:46:46.376, 19249
2026/09/26 18:46:46.876, 19249
2026/09/26 18:46:47.376, 19249
2026/09/26 18:46:47.877, 19249
2026/09/26 18:46:48.377, 19249
2026/09/26 18:46:48.877, 19249
2026/09/26 18:46:49.377, 19249
2026/09/26 18:46:49.877, 19249
2026/09/26 18:46:50.377, 19249
2026/09/26 18:46:50.877, 19249
2026/09/26 18:46:51.378, 19249
2026/09/26 18:46:51.878, 19249
2026/09/26 18:46:52.378, 19249
2026/09/26 18:46:52.878, 19249
2026/09/26 18:46:53.378, 19249
2026/09/26 18:46:53.879, 19249
2026/09/26 18:46:54.379, 19249
2026/09/26 18:46:54.879, 19249
2026/09/26 18:46:55.379, 19249
2026/09/26 18:46:55.879, 19249
2026/09/26 18:46:56.379, 19249
2026/09/26 18:46:56.879, 19249
2026/09/26 18:46:57.380, 19249
2026/09/26 18:46:57.880, 19249
2026/09/26 18:46:58.380, 19249
2026/09/26 18:46:58.880, 19249
2026/09/26 18:46:59.380, 19249
2026/09/26 18:46:59.880, 19249
2026/09/26 18:47:00.381, 19249
2026/09/26 18:47:00.881, 19249
2026/09/26 18:47:01.381, 19249
2026/09/26 18:47:01.881, 19249
2026/09/26 18:47:02.381, 19249
2026/09/26 18:47:02.881, 19249
2026/09/26 18:47:03.381, 19249
2026/09/26 18:47:03.882, 19249
2026/09/26 18:47:04.382, 19249
2026/09/26 18:47:04.882, 19249
2026/09/26 18:47:05.382, 19249
2026/09/26 18:47:05.883, 19249
2026/09/26 18:47:06.383, 19249
2026/09/26 18:47:06.883, 19249
2026/09/26 18:47:07.383, 19249
2026/09/26 18:47:07.883, 19249
2026/09/26 18:47:08.383, 19249
2026/09/26 18:47:08.883, 19249
2026/09/26 18:47:09.384, 19249
2026/09/26 18:47:09.884, 19249
2026/09/26 18:47:10.384, 19249
2026/09/26 18:47:10.884, 19249
2026/09/26 18:47:11.384, 19249
2026/09/26 18:47:11.885, 19249
2026/09/26 18:47:12.385, 19249
2026/09/26 18:47:12.885, 19249
2026/09/26 18:47:13.385, 19249
2026/09/26 18:47:13.885, 19249
2026/09/26 18:47:14.385, 19249
2026/09/26 18:47:14.885, 19249
2026/09/26 18:47:15.386, 19249
2026/09/26 18:47:15.886, 19249
2026/09/26 18:47:16.386, 19249
2026/09/26 18:47:16.886, 19249
2026/09/26 18:47:17.386, 19249
2026/09/26 18:47:17.886, 19249
2026/09/26 18:47:18.387, 19249
2026/09/26 18:47:18.887, 19249
2026/09/26 18:47:19.387, 19249
2026/09/26 18:47:19.887, 19249
2026/09/26 18:47:20.387, 19249
2026/09/26 18:47:20.887, 19249
2026/09/26 18:47:21.387, 19249
2026/09/26 18:47:21.888, 19249
2026/09/26 18:47:22.388, 19249
2026/09/26 18:47:22.888, 19249
2026/09/26 18:47:23.388, 19249
2026/09/26 18:47:23.888, 19249
2026/09/26 18:47:24.388, 19249
2026/09/26 18:47:24.888, 19249
2026/09/26 18:47:25.389, 19249
2026/09/26 18:47:25.889, 19249
2026/09/26 18:47:26.389, 19249
2026/09/26 18:47:26.889, 19249
2026/09/26 18:47:27.389, 19249
2026/09/26 18:47:27.889, 19249
2026/09/26 18:47:28.390, 19249
2026/09/26 18:47:28.890, 19249
2026/09/26 18:47:29.390, 19249
2026/09/26 18:47:29.890, 19249
2026/09/26 18:47:30.390, 19249
2026/09/26 18:47:30.891, 19249
2026/09/26 18:47:31.391, 19249
2026/09/26 18:47:31.891, 19249
2026/09/26 18:47:32.391, 19249
2026/09/26 18:47:32.891, 19249
2026/09/26 18:47:33.391, 19249
2026/09/26 18:47:33.892, 19249
2026/09/26 18:47:34.392, 19249
2026/09/26 18:47:34.892, 19249
2026/09/26 18:47:35.392, 19249
2026/09/26 18:47:35.892, 19249
2026/09/26 18:47:36.393, 19249
2026/09/26 18:47:36.893, 19249
2026/09/26 18:47:37.393, 19249
2026/09/26 18:47:37.893, 19249
2026/09/26 18:47:38.393, 19249
2026/09/26 18:47:38.893, 19249
2026/09/26 18:47:39.394, 19249
2026/09/26 18:47:39.894, 19249
2026/09/26 18:47:40.394, 19249
2026/09/26 18:47:40.894, 19249
2026/09/26 18:47:41.394, 19249
2026/09/26 18:47:41.894, 19249
2026/09/26 18:47:42.395, 19249
2026/09/26 18:47:42.895, 19249
2026/09/26 18:47:43.395, 19249
2026/09/26 18:47:43.895, 19249
2026/09/26 18:47:44.395, 19249
2026/09/26 18:47:44.895, 19249
2026/09/26 18:47:45.396, 19249
2026/09/26 18:47:45.896, 19249
2026/09/26 18:47:46.396, 19249
2026/09/26 18:47:46.896, 19249
2026/09/26 18:47:47.396, 19249
2026/09/26 18:47:47.897, 19249
2026/09/26 18:47:48.397, 19249
2026/09/26 18:47:48.897, 19249
2026/09/26 18:47:49.397, 19249
2026/09/26 18:47:49.897, 19249
2026/09/26 18:47:50.397, 19249
2026/09/26 18:47:50.898, 19249
2026/09/26 18:47:51.398, 19249
2026/09/26 18:47:51.898, 19249
2026/09/26 18:47:52.398, 19249
2026/09/26 18:47:52.898, 19249
2026/09/26 18:47:53.398, 19249
2026/09/26 18:47:53.899, 19249
2026/09/26 18:47:54.399, 19249
2026/09/26 18:47:54.899, 19249
2026/09/26 18:47:55.399, 19249
2026/09/26 18:47:55.899, 19249
2026/09/26 18:47:56.400, 19249
2026/09/26 18:47:56.900, 19249
2026/09/26 18:47:57.400, 19249
2026/09/26 18:47:57.900, 19249
2026/09/26 18:47:58.400, 19249
2026/09/26 18:47:58.900, 19249
2026/09/26 18:47:59.401, 19249
2026/09/26 18:47:59.901, 19249
2026/09/26 18:48:00.401, 19249
2026/09/26 18:48:00.901, 19249
2026/09/26 18:48:01.401, 19249
2026/09/26 18:48:01.901, 19249
2026/09/26 18:48:02.402, 19249
2026/09/26 18:48:02.902, 19249
2026/09/26 18:48:03.402, 19249
2026/09/26 18:48:03.902, 19249
2026/09/26 18:48:04.402, 19249
2026/09/26 18:48:04.902, 19249
2026/09/26 18:48:05.403, 19249
2026/09/26 18:48:05.903, 19249
2026/09/26 18:48:06.403, 19249
2026/09/26 18:48:06.903, 19249
2026/09/26 18:48:07.403, 19249
2026/09/26 18:48:07.903, 19249
2026/09/26 18:48:08.404, 19249
2026/09/26 18:48:08.904, 19249
2026/09/26 18:48:09.404, 19249
2026/09/26 18:48:09.904, 19249
2026/09/26 18:48:10.404, 19249
2026/09/26 18:48:10.905, 19249
2026/09/26 18:48:11.405, 19249
2026/09/26 18:48:11.905, 19249
2026/09/26 18:48:12.405, 19249
2026/09/26 18:48:12.905, 19249
2026/09/26 18:48:13.405, 19249
2026/09/26 18:48:13.905, 19249
2026/09/26 18:48:14.406, 19249
2026/09/26 18:48:14.906, 19249
2026/09/26 18:48:15.406, 19249
2026/09/26 18:48:15.906, 19249
2026/09/26 18:48:16.406, 19249
2026/09/26 18:48:16.906, 19249
2026/09/26 18:48:17.407, 19249
2026/09/26 18:48:17.907, 19249
2026/09/26 18:48:18.407, 19249
2026/09/26 18:48:18.907, 19249
2026/09/26 18:48:19.407, 19249
2026/09/26 18:48:19.907, 19249
2026/09/26 18:48:20.408, 19249
2026/09/26 18:48:20.908, 19249
2026/09/26 18:48:21.408, 19249
2026/09/26 18:48:21.908, 19249
2026/09/26 18:48:22.409, 19249
2026/09/26 18:48:22.909, 19249
2026/09/26 18:48:23.409, 19249
2026/09/26 18:48:23.909, 19249
2026/09/26 18:48:24.409, 19249
2026/09/26 18:48:24.909, 19249
2026/09/26 18:48:25.410, 19249
2026/09/26 18:48:25.910, 19249
2026/09/26 18:48:26.419, 19249
2026/09/26 18:48:26.919, 19249
2026/09/26 18:48:27.419, 19249
2026/09/26 18:48:27.919, 19249
2026/09/26 18:48:28.419, 19249
2026/09/26 18:48:28.919, 19249
2026/09/26 18:48:29.420, 19249
2026/09/26 18:48:29.920, 19249
2026/09/26 18:48:30.420, 19249
2026/09/26 18:48:30.920, 19249
2026/09/26 18:48:31.420, 19249
2026/09/26 18:48:31.920, 19249
2026/09/26 18:48:32.421, 19249
2026/09/26 18:48:32.921, 19249
2026/09/26 18:48:33.421, 19249
2026/09/26 18:48:33.921, 19249
2026/09/26 18:48:34.421, 19249
2026/09/26 18:48:34.921, 19249
2026/09/26 18:48:35.422, 19249
2026/09/26 18:48:35.922, 19249
2026/09/26 18:48:36.422, 19249
2026/09/26 18:48:36.922, 19249
2026/09/26 18:48:37.422, 19249
2026/09/26 18:48:37.922, 19249
2026/09/26 18:48:38.423, 19249
2026/09/26 18:48:38.923, 19249
2026/09/26 18:48:39.423, 19249
2026/09/26 18:48:39.923, 19249
2026/09/26 18:48:40.423, 19249
2026/09/26 18:48:40.923, 19249
2026/09/26 18:48:41.423, 19249
2026/09/26 18:48:41.924, 19249
2026/09/26 18:48:42.424, 19249
2026/09/26 18:48:42.924, 19249
2026/09/26 18:48:43.424, 19249
2026/09/26 18:48:43.924, 19249
2026/09/26 18:48:44.425, 19249
2026/09/26 18:48:44.925, 19249
2026/09/26 18:48:45.425, 19249
2026/09/26 18:48:45.925, 19249
2026/09/26 18:48:46.425, 19249
2026/09/26 18:48:46.925, 19249
2026/09/26 18:48:47.426, 19249
2026/09/26 18:48:47.926, 19249
2026/09/26 18:48:48.426, 19249
2026/09/26 18:48:48.926, 19249
2026/09/26 18:48:49.426, 19249
2026/09/26 18:48:49.926, 19249
2026/09/26 18:48:50.427, 19249
2026/09/26 18:48:50.927, 19249
2026/09/26 18:48:51.427, 19249
2026/09/26 18:48:51.927, 19249
2026/09/26 18:48:52.427, 19249
2026/09/26 18:48:52.927, 19249
2026/09/26 18:48:53.428, 19249
2026/09/26 18:48:53.928, 19249
2026/09/26 18:48:54.428, 19249
2026/09/26 18:48:54.928, 19249
2026/09/26 18:48:55.428, 19249
2026/09/26 18:48:55.928, 19249
2026/09/26 18:48:56.429, 19249
2026/09/26 18:48:56.929, 19249
2026/09/26 18:48:57.429, 19249
2026/09/26 18:48:57.929, 19249
2026/09/26 18:48:58.429, 19249
2026/09/26 18:48:58.929, 19249
2026/09/26 18:48:59.430, 19249
2026/09/26 18:48:59.930, 19249
2026/09/26 18:49:00.430, 19249
2026/09/26 18:49:00.930, 19249
2026/09/26 18:49:01.430, 19249
2026/09/26 18:49:01.930, 19249
2026/09/26 18:49:02.431, 19249
2026/09/26 18:49:02.931, 19249
2026/09/26 18:49:03.431, 19249
2026/09/26 18:49:03.931, 19249
2026/09/26 18:49:04.431, 19249
2026/09/26 18:49:04.931, 19249
2026/09/26 18:49:05.432, 19249
2026/09/26 18:49:05.932, 19249
2026/09/26 18:49:06.432, 19249
2026/09/26 18:49:06.932, 19249
2026/09/26 18:49:07.432, 19249
2026/09/26 18:49:07.932, 19249
2026/09/26 18:49:08.433, 19249
2026/09/26 18:49:08.933, 19249
2026/09/26 18:49:09.433, 19249
2026/09/26 18:49:09.933, 19249
2026/09/26 18:49:10.433, 19249
2026/09/26 18:49:10.933, 19249
2026/09/26 18:49:11.434, 19249
2026/09/26 18:49:11.934, 19249
2026/09/26 18:49:12.434, 19249
2026/09/26 18:49:12.934, 19249
2026/09/26 18:49:13.434, 19249
2026/09/26 18:49:13.934, 19249
2026/09/26 18:49:14.435, 19249
2026/09/26 18:49:14.935, 19249
2026/09/26 18:49:15.435, 19249
2026/09/26 18:49:15.935, 19249
2026/09/26 18:49:16.435, 19249
2026/09/26 18:49:16.935, 19249
2026/09/26 18:49:17.436, 19249
2026/09/26 18:49:17.936, 19249
2026/09/26 18:49:18.436, 19249
2026/09/26 18:49:18.936, 19249
2026/09/26 18:49:19.436, 19249
2026/09/26 18:49:19.936, 19249
2026/09/26 18:49:20.437, 19249
2026/09/26 18:49:20.937, 19249
2026/09/26 18:49:21.437, 19249
2026/09/26 18:49:21.937, 19249
2026/09/26 18:49:22.437, 19249
2026/09/26 18:49:22.937, 19249
2026/09/26 18:49:23.438, 19249
2026/09/26 18:49:23.938, 19249
2026/09/26 18:49:24.438, 19249
2026/09/26 18:49:24.938, 19249
2026/09/26 18:49:25.438, 19249
2026/09/26 18:49:25.938, 19249
2026/09/26 18:49:26.439, 19249
2026/09/26 18:49:26.939, 19249
2026/09/26 18:49:27.439, 19249
2026/09/26 18:49:27.939, 19249
2026/09/26 18:49:28.439, 19249
2026/09/26 18:49:28.939, 19249
2026/09/26 18:49:29.440, 19249
2026/09/26 18:49:29.940, 19249
2026/09/26 18:49:30.440, 19249
2026/09/26 18:49:30.940, 19249
2026/09/26 18:49:31.440, 19249
2026/09/26 18:49:31.940, 19249
2026/09/26 18:49:32.441, 19249
2026/09/26 18:49:32.941, 19249
2026/09/26 18:49:33.441, 19249
2026/09/26 18:49:33.941, 19249
2026/09/26 18:49:34.441, 19249
2026/09/26 18:49:34.941, 19249
2026/09/26 18:49:35.442, 19249
2026/09/26 18:49:35.942, 19249
2026/09/26 18:49:36.442, 19249
2026/09/26 18:49:36.943, 19249
2026/09/26 18:49:37.443, 19249
2026/09/26 18:49:37.943, 19249
2026/09/26 18:49:38.443, 19249
2026/09/26 18:49:38.943, 19249
2026/09/26 18:49:39.443, 19249
2026/09/26 18:49:39.944, 19249
2026/09/26 18:49:40.444, 19249
2026/09/26 18:49:40.944, 19249
2026/09/26 18:49:41.444, 19249
2026/09/26 18:49:41.944, 19249
2026/09/26 18:49:42.445, 19249
2026/09/26 18:49:42.945, 19249
2026/09/26 18:49:43.445, 19249
2026/09/26 18:49:43.945, 19249
2026/09/26 18:49:44.445, 19249
2026/09/26 18:49:44.945, 19249
2026/09/26 18:49:45.446, 19249
2026/09/26 18:49:45.946, 19249
2026/09/26 18:49:46.446, 19249
2026/09/26 18:49:46.946, 19249
2026/09/26 18:49:47.446, 19249
2026/09/26 18:49:47.946, 19249
2026/09/26 18:49:48.447, 19249
2026/09/26 18:49:48.947, 19249
2026/09/26 18:49:49.447, 19249
2026/09/26 18:49:49.947, 19249
2026/09/26 18:49:50.447, 19249
2026/09/26 18:49:50.947, 19249
2026/09/26 18:49:51.448, 19249
2026/09/26 18:49:51.948, 19249
2026/09/26 18:49:52.448, 19249
2026/09/26 18:49:52.948, 19249
2026/09/26 18:49:53.448, 19249
2026/09/26 18:49:53.948, 19249
2026/09/26 18:49:54.448, 19249
2026/09/26 18:49:54.949, 19249
2026/09/26 18:49:55.449, 19249
2026/09/26 18:49:55.949, 19249
2026/09/26 18:49:56.449, 19249
2026/09/26 18:49:56.949, 19249
2026/09/26 18:49:57.449, 19249
2026/09/26 18:49:57.950, 19249
2026/09/26 18:49:58.450, 19249
2026/09/26 18:49:58.950, 19249
2026/09/26 18:49:59.450, 19249
2026/09/26 18:49:59.950, 19249
2026/09/26 18:50:00.450, 19249
2026/09/26 18:50:00.951, 19249
2026/09/26 18:50:01.451, 19249
2026/09/26 18:50:01.951, 19249
2026/09/26 18:50:02.451, 19249
2026/09/26 18:50:02.951, 19249
2026/09/26 18:50:03.451, 19249
2026/09/26 18:50:03.952, 19249
2026/09/26 18:50:04.452, 19249
2026/09/26 18:50:04.952, 19249
2026/09/26 18:50:05.452, 19249
2026/09/26 18:50:05.952, 19249
2026/09/26 18:50:06.452, 19249
2026/09/26 18:50:06.952, 19249
2026/09/26 18:50:07.453, 19249
2026/09/26 18:50:07.953, 19249
2026/09/26 18:50:08.453, 19249
2026/09/26 18:50:08.953, 19249
2026/09/26 18:50:09.453, 19249
2026/09/26 18:50:09.953, 19249
2026/09/26 18:50:10.454, 19249
2026/09/26 18:50:10.954, 19249
2026/09/26 18:50:11.454, 19249
2026/09/26 18:50:11.954, 19249
2026/09/26 18:50:12.454, 19249
2026/09/26 18:50:12.954, 19249
2026/09/26 18:50:13.455, 19249
2026/09/26 18:50:13.955, 19249
2026/09/26 18:50:14.455, 19249
2026/09/26 18:50:14.955, 19249
2026/09/26 18:50:15.455, 19249
2026/09/26 18:50:15.955, 19249
2026/09/26 18:50:16.456, 19249
2026/09/26 18:50:16.956, 19249
2026/09/26 18:50:17.456, 19249
2026/09/26 18:50:17.956, 19249
2026/09/26 18:50:18.456, 19249
2026/09/26 18:50:18.956, 19249
2026/09/26 18:50:19.457, 19249
2026/09/26 18:50:19.957, 19249
2026/09/26 18:50:20.457, 19249
2026/09/26 18:50:20.957, 19249
2026/09/26 18:50:21.457, 19249
2026/09/26 18:50:21.957, 19249
2026/09/26 18:50:22.458, 19249
2026/09/26 18:50:22.958, 19249
2026/09/26 18:50:23.458, 19249
2026/09/26 18:50:23.958, 19249
2026/09/26 18:50:24.458, 19249
2026/09/26 18:50:24.958, 19249
2026/09/26 18:50:25.459, 19249
2026/09/26 18:50:25.959, 19249
2026/09/26 18:50:26.459, 19249
2026/09/26 18:50:26.959, 19249
2026/09/26 18:50:27.459, 19249
2026/09/26 18:50:27.959, 19249
2026/09/26 18:50:28.460, 19249
2026/09/26 18:50:28.960, 19249
2026/09/26 18:50:29.460, 19249
2026/09/26 18:50:29.960, 19249
2026/09/26 18:50:30.460, 19249
2026/09/26 18:50:30.961, 19249
2026/09/26 18:50:31.461, 19249
2026/09/26 18:50:31.961, 19249
2026/09/26 18:50:32.461, 19249
2026/09/26 18:50:32.962, 19249
2026/09/26 18:50:33.462, 19249
2026/09/26 18:50:33.962, 19249
2026/09/26 18:50:34.462, 19249
2026/09/26 18:50:34.962, 19249
2026/09/26 18:50:35.462, 19249
2026/09/26 18:50:35.962, 19249
2026/09/26 18:50:36.463, 19249
2026/09/26 18:50:36.963, 19249
2026/09/26 18:50:37.463, 19249
2026/09/26 18:50:37.963, 19249
2026/09/26 18:50:38.463, 19249
2026/09/26 18:50:38.963, 19249
2026/09/26 18:50:39.464, 19249
2026/09/26 18:50:39.964, 19249
2026/09/26 18:50:40.464, 19249
2026/09/26 18:50:40.964, 19249
2026/09/26 18:50:41.464, 19249
2026/09/26 18:50:41.964, 19249
2026/09/26 18:50:42.465, 19249
2026/09/26 18:50:42.965, 19249
2026/09/26 18:50:43.465, 19249
2026/09/26 18:50:43.965, 19249
2026/09/26 18:50:44.465, 19249
2026/09/26 18:50:44.965, 19249
2026/09/26 18:50:45.465, 19249
2026/09/26 18:50:45.966, 19249
2026/09/26 18:50:46.466, 19249
2026/09/26 18:50:46.966, 19249
2026/09/26 18:50:47.466, 19249
2026/09/26 18:50:47.966, 19249
2026/09/26 18:50:48.466, 19249
2026/09/26 18:50:48.966, 19249
2026/09/26 18:50:49.467, 19249
2026/09/26 18:50:49.967, 19249
2026/09/26 18:50:50.467, 19249
2026/09/26 18:50:50.967, 19249
2026/09/26 18:50:51.467, 19249
2026/09/26 18:50:51.967, 19249
2026/09/26 18:50:52.467, 19249
2026/09/26 18:50:52.968, 19249
2026/09/26 18:50:53.468, 19249
2026/09/26 18:50:53.968, 19249
2026/09/26 18:50:54.468, 19249
2026/09/26 18:50:54.968, 19249
2026/09/26 18:50:55.469, 19249
2026/09/26 18:50:55.969, 19249
2026/09/26 18:50:56.469, 19249
2026/09/26 18:50:56.969, 19249
2026/09/26 18:50:57.469, 19249
2026/09/26 18:50:57.969, 19249
2026/09/26 18:50:58.469, 19249
2026/09/26 18:50:58.970, 19249
2026/09/26 18:50:59.470, 19249
2026/09/26 18:50:59.970, 19249
2026/09/26 18:51:00.470, 19249
2026/09/26 18:51:00.970, 19249
2026/09/26 18:51:01.470, 19249
2026/09/26 18:51:01.971, 19249
2026/09/26 18:51:02.471, 19249
2026/09/26 18:51:02.971, 19249
2026/09/26 18:51:03.471, 19249
2026/09/26 18:51:03.971, 19249
2026/09/26 18:51:04.471, 19249
2026/09/26 18:51:04.971, 19249
2026/09/26 18:51:05.472, 19249
2026/09/26 18:51:05.972, 19249
2026/09/26 18:51:06.472, 19249
2026/09/26 18:51:06.972, 19249
2026/09/26 18:51:07.472, 19249
2026/09/26 18:51:07.972, 19249
2026/09/26 18:51:08.472, 19249
2026/09/26 18:51:08.973, 19249
2026/09/26 18:51:09.473, 19249
2026/09/26 18:51:09.973, 19249
2026/09/26 18:51:10.473, 19249
2026/09/26 18:51:10.973, 19249
2026/09/26 18:51:11.473, 19249
2026/09/26 18:51:11.974, 19249
2026/09/26 18:51:12.474, 19249
2026/09/26 18:51:12.974, 19249
2026/09/26 18:51:13.474, 19249
2026/09/26 18:51:13.974, 19249
2026/09/26 18:51:14.475, 19249
2026/09/26 18:51:14.975, 19249
2026/09/26 18:51:15.475, 19249
2026/09/26 18:51:15.975, 19249
2026/09/26 18:51:16.475, 19249
2026/09/26 18:51:16.975, 19249
2026/09/26 18:51:17.476, 19249
2026/09/26 18:51:17.976, 19249
2026/09/26 18:51:18.476, 19249
2026/09/26 18:51:18.976, 19249
2026/09/26 18:51:19.476, 19249
2026/09/26 18:51:19.976, 19249
2026/09/26 18:51:20.477, 19249
2026/09/26 18:51:20.977, 19249
2026/09/26 18:51:21.477, 19249
2026/09/26 18:51:21.977, 19249
2026/09/26 18:51:22.477, 19249
2026/09/26 18:51:22.977, 19249
2026/09/26 18:51:23.477, 19249
2026/09/26 18:51:23.978, 19249
2026/09/26 18:51:24.478, 19249
2026/09/26 18:51:24.978, 19249
2026/09/26 18:51:25.478, 19249
2026/09/26 18:51:25.978, 19249
2026/09/26 18:51:26.478, 19249
2026/09/26 18:51:26.979, 19249
2026/09/26 18:51:27.479, 19249
2026/09/26 18:51:27.979, 19249
2026/09/26 18:51:28.479, 19249
2026/09/26 18:51:28.979, 19249
2026/09/26 18:51:29.479, 19249
2026/09/26 18:51:29.979, 19249
2026/09/26 18:51:30.480, 19249
2026/09/26 18:51:30.980, 19249
2026/09/26 18:51:31.480, 19249
2026/09/26 18:51:31.980, 19249
2026/09/26 18:51:32.480, 19249
2026/09/26 18:51:32.980, 19249
2026/09/26 18:51:33.480, 19249
2026/09/26 18:51:33.981, 19249
2026/09/26 18:51:34.481, 19249
2026/09/26 18:51:34.981, 19249
2026/09/26 18:51:35.481, 19249
2026/09/26 18:51:35.981, 19249
2026/09/26 18:51:36.481, 19249
2026/09/26 18:51:36.982, 19249
2026/09/26 18:51:37.482, 19249
2026/09/26 18:51:37.982, 19249
2026/09/26 18:51:38.482, 19249
2026/09/26 18:51:38.982, 19249
2026/09/26 18:51:39.482, 19249
2026/09/26 18:51:39.982, 19249
2026/09/26 18:51:40.483, 19249
2026/09/26 18:51:40.983, 19249
2026/09/26 18:51:41.483, 19249
2026/09/26 18:51:41.983, 19249
2026/09/26 18:51:42.483, 19249
2026/09/26 18:51:42.983, 19249
2026/09/26 18:51:43.483, 19249
2026/09/26 18:51:43.984, 19249
2026/09/26 18:51:44.484, 19249
2026/09/26 18:51:44.984, 19249
2026/09/26 18:51:45.484, 19249
2026/09/26 18:51:45.984, 19249
2026/09/26 18:51:46.484, 19249
2026/09/26 18:51:46.984, 19249
2026/09/26 18:51:47.485, 19249
2026/09/26 18:51:47.985, 19249
2026/09/26 18:51:48.485, 19249
2026/09/26 18:51:48.985, 19249
2026/09/26 18:51:49.485, 19249
2026/09/26 18:51:49.985, 19249
2026/09/26 18:51:50.485, 19249
2026/09/26 18:51:50.986, 19249
2026/09/26 18:51:51.486, 19249
2026/09/26 18:51:51.986, 19249
2026/09/26 18:51:52.486, 19249
2026/09/26 18:51:52.986, 19249
2026/09/26 18:51:53.486, 19249
2026/09/26 18:51:53.986, 19249
2026/09/26 18:51:54.487, 19249
2026/09/26 18:51:54.987, 19249
2026/09/26 18:51:55.487, 19249
2026/09/26 18:51:55.987, 19249
2026/09/26 18:51:56.487, 19249
2026/09/26 18:51:56.987, 19249
2026/09/26 18:51:57.487, 19249
2026/09/26 18:51:57.988, 19249
2026/09/26 18:51:58.488, 19249
2026/09/26 18:51:58.988, 19249
2026/09/26 18:51:59.488, 19249
2026/09/26 18:51:59.988, 19249
2026/09/26 18:52:00.488, 19249
2026/09/26 18:52:00.988, 19249
2026/09/26 18:52:01.489, 19249
2026/09/26 18:52:01.989, 19249
2026/09/26 18:52:02.489, 19249
2026/09/26 18:52:02.989, 19249
2026/09/26 18:52:03.489, 19249
2026/09/26 18:52:03.989, 19249
2026/09/26 18:52:04.490, 19249
2026/09/26 18:52:04.990, 19249
2026/09/26 18:52:05.490, 19249
2026/09/26 18:52:05.990, 19249
2026/09/26 18:52:06.490, 19249
2026/09/26 18:52:06.990, 19249
2026/09/26 18:52:07.490, 19249
2026/09/26 18:52:07.991, 19249
2026/09/26 18:52:08.491, 19249
2026/09/26 18:52:08.991, 19249
2026/09/26 18:52:09.491, 19249
2026/09/26 18:52:09.991, 19249
2026/09/26 18:52:10.491, 19249
2026/09/26 18:52:10.991, 19249
2026/09/26 18:52:11.492, 19249
2026/09/26 18:52:11.992, 19249
2026/09/26 18:52:12.492, 19249
2026/09/26 18:52:12.992, 19249
2026/09/26 18:52:13.492, 19249
2026/09/26 18:52:13.992, 19249
2026/09/26 18:52:14.493, 19249
2026/09/26 18:52:14.993, 19249
2026/09/26 18:52:15.493, 19249
2026/09/26 18:52:15.993, 19249
2026/09/26 18:52:16.493, 19249
2026/09/26 18:52:16.993, 19249
2026/09/26 18:52:17.493, 19249
2026/09/26 18:52:17.994, 19249
2026/09/26 18:52:18.494, 19249
2026/09/26 18:52:18.994, 19249
2026/09/26 18:52:19.494, 19249
2026/09/26 18:52:19.994, 19249
2026/09/26 18:52:20.495, 19249
2026/09/26 18:52:20.995, 19249
2026/09/26 18:52:21.495, 19249
2026/09/26 18:52:21.995, 19249
2026/09/26 18:52:22.495, 19249
2026/09/26 18:52:22.995, 19249
2026/09/26 18:52:23.495, 19249
2026/09/26 18:52:23.996, 19249
2026/09/26 18:52:24.496, 19249
2026/09/26 18:52:24.996, 19249
2026/09/26 18:52:25.496, 19249
2026/09/26 18:52:25.996, 19249
2026/09/26 18:52:26.496, 19249
2026/09/26 18:52:26.997, 19249
2026/09/26 18:52:27.497, 19249
2026/09/26 18:52:27.997, 19249
2026/09/26 18:52:28.497, 19249
2026/09/26 18:52:28.997, 19249
2026/09/26 18:52:29.497, 19249
2026/09/26 18:52:29.998, 19249
2026/09/26 18:52:30.498, 19249
2026/09/26 18:52:30.998, 19249
2026/09/26 18:52:31.498, 19249
2026/09/26 18:52:31.998, 19249
2026/09/26 18:52:32.498, 19249
2026/09/26 18:52:32.999, 19249
2026/09/26 18:52:33.499, 19249
2026/09/26 18:52:33.999, 19249
2026/09/26 18:52:34.499, 19249
2026/09/26 18:52:34.999, 19249
2026/09/26 18:52:35.499, 19249
2026/09/26 18:52:36.000, 19249
2026/09/26 18:52:36.500, 19249
2026/09/26 18:52:37.000, 19249
2026/09/26 18:52:37.500, 19249
2026/09/26 18:52:38.000, 19249
2026/09/26 18:52:38.500, 19249
2026/09/26 18:52:39.001, 19249
2026/09/26 18:52:39.501, 19249
2026/09/26 18:52:40.001, 19249
2026/09/26 18:52:40.501, 19249
2026/09/26 18:52:41.001, 19249
2026/09/26 18:52:41.502, 19249
2026/09/26 18:52:42.002, 19249
2026/09/26 18:52:42.502, 19249
2026/09/26 18:52:43.002, 19249
2026/09/26 18:52:43.502, 19249
2026/09/26 18:52:44.002, 19249
2026/09/26 18:52:44.502, 19249
2026/09/26 18:52:45.003, 19249
2026/09/26 18:52:45.503, 19249
2026/09/26 18:52:46.003, 19249
2026/09/26 18:52:46.503, 19249
2026/09/26 18:52:47.003, 19249
2026/09/26 18:52:47.504, 19249
2026/09/26 18:52:48.004, 19249
2026/09/26 18:52:48.504, 19249
2026/09/26 18:52:49.004, 19249
2026/09/26 18:52:49.504, 19249
2026/09/26 18:52:50.004, 19249
2026/09/26 18:52:50.505, 19249
2026/09/26 18:52:51.005, 19249
2026/09/26 18:52:51.505, 19249
2026/09/26 18:52:52.005, 19249
2026/09/26 18:52:52.505, 19249
2026/09/26 18:52:53.005, 19249
2026/09/26 18:52:53.506, 19249
2026/09/26 18:52:54.006, 19249
2026/09/26 18:52:54.506, 19249
2026/09/26 18:52:55.006, 19249
2026/09/26 18:52:55.506, 19249
2026/09/26 18:52:56.006, 19249
2026/09/26 18:52:56.507, 19249
2026/09/26 18:52:57.007, 19249
2026/09/26 18:52:57.507, 19249
2026/09/26 18:52:58.007, 19249
2026/09/26 18:52:58.508, 19249
2026/09/26 18:52:59.008, 19249
2026/09/26 18:52:59.508, 19249
2026/09/26 18:53:00.008, 19249
2026/09/26 18:53:00.508, 19249
2026/09/26 18:53:01.008, 19249
2026/09/26 18:53:01.508, 19249
2026/09/26 18:53:02.009, 19249
2026/09/26 18:53:02.509, 19249
2026/09/26 18:53:03.009, 19249
2026/09/26 18:53:03.509, 19249
2026/09/26 18:53:04.009, 19249
2026/09/26 18:53:04.510, 19249
2026/09/26 18:53:05.010, 19249
2026/09/26 18:53:05.510, 19249
2026/09/26 18:53:06.010, 19249
2026/09/26 18:53:06.510, 19249
2026/09/26 18:53:07.010, 19249
2026/09/26 18:53:07.511, 19249
2026/09/26 18:53:08.011, 19249
2026/09/26 18:53:08.511, 19249
2026/09/26 18:53:09.011, 19249
2026/09/26 18:53:09.511, 19249
2026/09/26 18:53:10.011, 19249
2026/09/26 18:53:10.512, 19249
2026/09/26 18:53:11.012, 19249
2026/09/26 18:53:11.512, 19249
2026/09/26 18:53:12.012, 19249
2026/09/26 18:53:12.512, 19249
2026/09/26 18:53:13.012, 19249
2026/09/26 18:53:13.513, 19249
2026/09/26 18:53:14.013, 19249
2026/09/26 18:53:14.513, 19249
2026/09/26 18:53:15.013, 19249
2026/09/26 18:53:15.513, 19249
2026/09/26 18:53:16.013, 19249
2026/09/26 18:53:16.514, 19249
2026/09/26 18:53:17.014, 19249
2026/09/26 18:53:17.514, 19249
2026/09/26 18:53:18.014, 19249
2026/09/26 18:53:18.514, 19249
2026/09/26 18:53:19.014, 19249
2026/09/26 18:53:19.514, 19249
2026/09/26 18:53:20.015, 19249
2026/09/26 18:53:20.515, 19249
2026/09/26 18:53:21.015, 19249
2026/09/26 18:53:21.515, 19249
2026/09/26 18:53:22.016, 19249
2026/09/26 18:53:22.516, 19249
2026/09/26 18:53:23.016, 19249
2026/09/26 18:53:23.516, 19249
2026/09/26 18:53:24.016, 19249
2026/09/26 18:53:24.516, 19249
2026/09/26 18:53:25.016, 19249
2026/09/26 18:53:25.517, 19249
2026/09/26 18:53:26.017, 19249
2026/09/26 18:53:26.517, 19249
2026/09/26 18:53:27.017, 19249
2026/09/26 18:53:27.517, 19249
2026/09/26 18:53:28.017, 19249
2026/09/26 18:53:28.518, 19249
2026/09/26 18:53:29.018, 19249
2026/09/26 18:53:29.518, 19249
2026/09/26 18:53:30.018, 19249
2026/09/26 18:53:30.518, 19249
2026/09/26 18:53:31.018, 19249
2026/09/26 18:53:31.519, 19249
2026/09/26 18:53:32.019, 19249
2026/09/26 18:53:32.519, 19249
2026/09/26 18:53:33.019, 19249
2026/09/26 18:53:33.519, 19249
2026/09/26 18:53:34.019, 19249
2026/09/26 18:53:34.520, 19249
2026/09/26 18:53:35.020, 19249
2026/09/26 18:53:35.520, 19249
2026/09/26 18:53:36.020, 19249
2026/09/26 18:53:36.520, 19249
2026/09/26 18:53:37.020, 19249
2026/09/26 18:53:37.521, 19249
2026/09/26 18:53:38.021, 19249
2026/09/26 18:53:38.521, 19249
2026/09/26 18:53:39.021, 19249
2026/09/26 18:53:39.521, 19249
2026/09/26 18:53:40.021, 19249
2026/09/26 18:53:40.522, 19249
2026/09/26 18:53:41.022, 19249
2026/09/26 18:53:41.522, 19249
2026/09/26 18:53:42.022, 19249
2026/09/26 18:53:42.522, 19249
2026/09/26 18:53:43.022, 19249
2026/09/26 18:53:43.523, 19249
2026/09/26 18:53:44.023, 19249
2026/09/26 18:53:44.523, 19249
2026/09/26 18:53:45.023, 19249
2026/09/26 18:53:45.523, 19249
2026/09/26 18:53:46.023, 19249
2026/09/26 18:53:46.524, 19249
2026/09/26 18:53:47.024, 19249
2026/09/26 18:53:47.524, 19249
2026/09/26 18:53:48.024, 19249
2026/09/26 18:53:48.525, 19249
2026/09/26 18:53:49.025, 19249
2026/09/26 18:53:49.525, 19249
2026/09/26 18:53:50.025, 19249
2026/09/26 18:53:50.525, 19249
2026/09/26 18:53:51.025, 19249
2026/09/26 18:53:51.526, 19249
2026/09/26 18:53:52.026, 19249
2026/09/26 18:53:52.526, 19249
2026/09/26 18:53:53.026, 19249
2026/09/26 18:53:53.526, 19249
2026/09/26 18:53:54.027, 19249
2026/09/26 18:53:54.527, 19249
2026/09/26 18:53:55.027, 19249
2026/09/26 18:53:55.527, 19249
2026/09/26 18:53:56.027, 19249
2026/09/26 18:53:56.527, 19249
2026/09/26 18:53:57.027, 19249
2026/09/26 18:53:57.528, 19249
2026/09/26 18:53:58.028, 19249
2026/09/26 18:53:58.528, 19249
2026/09/26 18:53:59.028, 19249
2026/09/26 18:53:59.528, 19249
2026/09/26 18:54:00.028, 19249
2026/09/26 18:54:00.528, 19249
2026/09/26 18:54:01.029, 19249
2026/09/26 18:54:01.529, 19249
2026/09/26 18:54:02.029, 19249
2026/09/26 18:54:02.529, 19249
2026/09/26 18:54:03.029, 19249
2026/09/26 18:54:03.529, 19249
2026/09/26 18:54:04.029, 19249
2026/09/26 18:54:04.529, 19249
2026/09/26 18:54:05.030, 19249
2026/09/26 18:54:05.530, 19249
2026/09/26 18:54:06.030, 19249
2026/09/26 18:54:06.530, 19249
2026/09/26 18:54:07.030, 19249
2026/09/26 18:54:07.530, 19249
2026/09/26 18:54:08.031, 19249
2026/09/26 18:54:08.531, 19249
2026/09/26 18:54:09.031, 19249
2026/09/26 18:54:09.531, 19249
2026/09/26 18:54:10.031, 19249
2026/09/26 18:54:10.531, 19249
2026/09/26 18:54:11.032, 19249
2026/09/26 18:54:11.532, 19249
2026/09/26 18:54:12.032, 19249
2026/09/26 18:54:12.532, 19249
2026/09/26 18:54:13.032, 19249
2026/09/26 18:54:13.532, 19249
2026/09/26 18:54:14.033, 19249
2026/09/26 18:54:14.533, 19249
2026/09/26 18:54:15.033, 19249
2026/09/26 18:54:15.533, 19249
2026/09/26 18:54:16.033, 19249
2026/09/26 18:54:16.534, 19249
2026/09/26 18:54:17.034, 19249
2026/09/26 18:54:17.534, 19249
2026/09/26 18:54:18.034, 19249
2026/09/26 18:54:18.534, 19249
2026/09/26 18:54:19.034, 19249
2026/09/26 18:54:19.535, 19249
2026/09/26 18:54:20.035, 19249
2026/09/26 18:54:20.535, 19249
2026/09/26 18:54:21.035, 19249
2026/09/26 18:54:21.535, 19249
2026/09/26 18:54:22.035, 19249
2026/09/26 18:54:22.535, 19249
2026/09/26 18:54:23.036, 19249
2026/09/26 18:54:23.536, 19249
2026/09/26 18:54:24.036, 19249
2026/09/26 18:54:24.536, 19249
2026/09/26 18:54:25.036, 19249
2026/09/26 18:54:25.536, 19249
2026/09/26 18:54:26.037, 19249
2026/09/26 18:54:26.537, 19249
2026/09/26 18:54:27.037, 19249
2026/09/26 18:54:27.537, 19249
2026/09/26 18:54:28.037, 19249
2026/09/26 18:54:28.537, 19249
2026/09/26 18:54:29.038, 19249
2026/09/26 18:54:29.538, 19249
2026/09/26 18:54:30.038, 19249
2026/09/26 18:54:30.538, 19249
2026/09/26 18:54:31.038, 19249
2026/09/26 18:54:31.538, 19249
2026/09/26 18:54:32.039, 19249
2026/09/26 18:54:32.539, 19249
2026/09/26 18:54:33.039, 19249
2026/09/26 18:54:33.539, 19249
2026/09/26 18:54:34.039, 19249
2026/09/26 18:54:34.539, 19249
2026/09/26 18:54:35.040, 19249
2026/09/26 18:54:35.540, 19249
2026/09/26 18:54:36.040, 19249
2026/09/26 18:54:36.540, 19249
2026/09/26 18:54:37.040, 19249
2026/09/26 18:54:37.540, 19249
2026/09/26 18:54:38.041, 19249
2026/09/26 18:54:38.541, 19249
2026/09/26 18:54:39.041, 19249
2026/09/26 18:54:39.541, 19249
2026/09/26 18:54:40.041, 19249
2026/09/26 18:54:40.541, 19249
2026/09/26 18:54:41.041, 19249
2026/09/26 18:54:41.542, 19249
2026/09/26 18:54:42.042, 19249
2026/09/26 18:54:42.542, 19249
2026/09/26 18:54:43.042, 19249
2026/09/26 18:54:43.542, 19249
2026/09/26 18:54:44.043, 19249
2026/09/26 18:54:44.543, 19249
2026/09/26 18:54:45.043, 19249
2026/09/26 18:54:45.543, 19249
2026/09/26 18:54:46.043, 19249
2026/09/26 18:54:46.543, 19249
2026/09/26 18:54:47.044, 19249
2026/09/26 18:54:47.544, 19249
2026/09/26 18:54:48.044, 19249
2026/09/26 18:54:48.544, 19249
2026/09/26 18:54:49.044, 19249
2026/09/26 18:54:49.544, 19249
2026/09/26 18:54:50.045, 19249
2026/09/26 18:54:50.545, 19249
2026/09/26 18:54:51.045, 19249
2026/09/26 18:54:51.545, 19249
2026/09/26 18:54:52.045, 19249
2026/09/26 18:54:52.545, 19249
2026/09/26 18:54:53.046, 19249
2026/09/26 18:54:53.546, 19249
2026/09/26 18:54:54.046, 19249
2026/09/26 18:54:54.546, 19249
2026/09/26 18:54:55.046, 19249
2026/09/26 18:54:55.546, 19249
2026/09/26 18:54:56.046, 19249
2026/09/26 18:54:56.547, 19249
2026/09/26 18:54:57.047, 19249
2026/09/26 18:54:57.547, 19249
2026/09/26 18:54:58.047, 19249
2026/09/26 18:54:58.547, 19249
2026/09/26 18:54:59.047, 19249
2026/09/26 18:54:59.548, 19249
2026/09/26 18:55:00.048, 19249
2026/09/26 18:55:00.548, 19249
2026/09/26 18:55:01.048, 19249
2026/09/26 18:55:01.548, 19249
2026/09/26 18:55:02.048, 19249
2026/09/26 18:55:02.549, 19249
2026/09/26 18:55:03.049, 19249
2026/09/26 18:55:03.549, 19249
2026/09/26 18:55:04.049, 19249
2026/09/26 18:55:04.549, 19249
2026/09/26 18:55:05.049, 19249
2026/09/26 18:55:05.549, 19249
2026/09/26 18:55:06.050, 19249
2026/09/26 18:55:06.550, 19249
2026/09/26 18:55:07.050, 19249
2026/09/26 18:55:07.550, 19249
2026/09/26 18:55:08.050, 19249
2026/09/26 18:55:08.550, 19249
2026/09/26 18:55:09.051, 19249
2026/09/26 18:55:09.551, 19249
2026/09/26 18:55:10.051, 19249
2026/09/26 18:55:10.551, 19249
2026/09/26 18:55:11.051, 19249
2026/09/26 18:55:11.551, 19249
2026/09/26 18:55:12.051, 19249
2026/09/26 18:55:12.552, 19249
2026/09/26 18:55:13.052, 19249
2026/09/26 18:55:13.552, 19249
2026/09/26 18:55:14.052, 19249
2026/09/26 18:55:14.552, 19249
2026/09/26 18:55:15.053, 19249
2026/09/26 18:55:15.553, 19249
2026/09/26 18:55:16.053, 19249
2026/09/26 18:55:16.553, 19249
2026/09/26 18:55:17.053, 19249
2026/09/26 18:55:17.554, 19249
2026/09/26 18:55:18.054, 19249
2026/09/26 18:55:18.554, 19249
2026/09/26 18:55:19.054, 19249
2026/09/26 18:55:19.554, 19249
2026/09/26 18:55:20.054, 19249
2026/09/26 18:55:20.555, 19249
2026/09/26 18:55:21.055, 19249
2026/09/26 18:55:21.555, 19249
2026/09/26 18:55:22.055, 19249
2026/09/26 18:55:22.555, 19249
2026/09/26 18:55:23.055, 19249
2026/09/26 18:55:23.556, 19249
2026/09/26 18:55:24.056, 19249
2026/09/26 18:55:24.556, 19249
2026/09/26 18:55:25.056, 19249
2026/09/26 18:55:25.556, 19249
2026/09/26 18:55:26.056, 19249
2026/09/26 18:55:26.557, 19249
2026/09/26 18:55:27.057, 19249
2026/09/26 18:55:27.557, 19249
2026/09/26 18:55:28.057, 19249
2026/09/26 18:55:28.557, 19249
2026/09/26 18:55:29.057, 19249
2026/09/26 18:55:29.558, 19249
2026/09/26 18:55:30.058, 19249
2026/09/26 18:55:30.558, 19249
2026/09/26 18:55:31.058, 19249
2026/09/26 18:55:31.558, 19249
2026/09/26 18:55:32.058, 19249
2026/09/26 18:55:32.559, 19249
2026/09/26 18:55:33.059, 19249
2026/09/26 18:55:33.559, 19249
2026/09/26 18:55:34.059, 19249
2026/09/26 18:55:34.559, 19249
2026/09/26 18:55:35.060, 19249
2026/09/26 18:55:35.560, 19249
2026/09/26 18:55:36.060, 19249
2026/09/26 18:55:36.560, 19249
2026/09/26 18:55:37.060, 19249
2026/09/26 18:55:37.560, 19249
2026/09/26 18:55:38.061, 19249
2026/09/26 18:55:38.561, 19249
2026/09/26 18:55:39.061, 19249
2026/09/26 18:55:39.561, 19249
2026/09/26 18:55:40.061, 19249
2026/09/26 18:55:40.561, 19249
2026/09/26 18:55:41.062, 19249
2026/09/26 18:55:41.562, 19249
2026/09/26 18:55:42.062, 19249
2026/09/26 18:55:42.562, 19249
2026/09/26 18:55:43.062, 19249
2026/09/26 18:55:43.562, 19249
2026/09/26 18:55:44.063, 19249
2026/09/26 18:55:44.563, 19249
2026/09/26 18:55:45.063, 19249
2026/09/26 18:55:45.563, 19249
2026/09/26 18:55:46.063, 19249
2026/09/26 18:55:46.563, 19249
2026/09/26 18:55:47.064, 19249
2026/09/26 18:55:47.564, 19249
2026/09/26 18:55:48.064, 19249
2026/09/26 18:55:48.564, 19249
2026/09/26 18:55:49.064, 19249
2026/09/26 18:55:49.564, 19249
2026/09/26 18:55:50.064, 19249
2026/09/26 18:55:50.565, 19249
2026/09/26 18:55:51.065, 19249
2026/09/26 18:55:51.565, 19249
2026/09/26 18:55:52.065, 19249
2026/09/26 18:55:52.565, 19249
2026/09/26 18:55:53.065, 19249
2026/09/26 18:55:53.566, 19249
2026/09/26 18:55:54.066, 19249
2026/09/26 18:55:54.566, 19249
2026/09/26 18:55:55.066, 19249
2026/09/26 18:55:55.566, 19249
2026/09/26 18:55:56.066, 19249
2026/09/26 18:55:56.566, 19249
2026/09/26 18:55:57.067, 19249
2026/09/26 18:55:57.567, 19249
2026/09/26 18:55:58.067, 19249
2026/09/26 18:55:58.567, 19249
2026/09/26 18:55:59.067, 19249
2026/09/26 18:55:59.567, 19249
2026/09/26 18:56:00.068, 19249
2026/09/26 18:56:00.568, 19249
2026/09/26 18:56:01.068, 19249
2026/09/26 18:56:01.568, 19249
2026/09/26 18:56:02.068, 19249
2026/09/26 18:56:02.568, 19249
2026/09/26 18:56:03.069, 19249
2026/09/26 18:56:03.569, 19249
2026/09/26 18:56:04.069, 19249
2026/09/26 18:56:04.569, 19249
2026/09/26 18:56:05.069, 19249
2026/09/26 18:56:05.569, 19249
2026/09/26 18:56:06.069, 19249
2026/09/26 18:56:06.570, 19249
2026/09/26 18:56:07.070, 19249
2026/09/26 18:56:07.570, 19249
2026/09/26 18:56:08.070, 19249
2026/09/26 18:56:08.570, 19249
2026/09/26 18:56:09.070, 19249
2026/09/26 18:56:09.570, 19249
2026/09/26 18:56:10.071, 19249
2026/09/26 18:56:10.571, 19249
2026/09/26 18:56:11.071, 19249
2026/09/26 18:56:11.571, 19249
2026/09/26 18:56:12.071, 19249
2026/09/26 18:56:12.571, 19249
2026/09/26 18:56:13.071, 19249
2026/09/26 18:56:13.580, 19249
2026/09/26 18:56:14.080, 19249
2026/09/26 18:56:14.581, 19249
2026/09/26 18:56:15.081, 19249
2026/09/26 18:56:15.581, 19249
2026/09/26 18:56:16.081, 19249
2026/09/26 18:56:16.581, 19249
2026/09/26 18:56:17.081, 19249
2026/09/26 18:56:17.581, 19249
2026/09/26 18:56:18.082, 19249
2026/09/26 18:56:18.582, 19249
2026/09/26 18:56:19.082, 19249
2026/09/26 18:56:19.582, 19249
2026/09/26 18:56:20.082, 19249
2026/09/26 18:56:20.582, 19249
2026/09/26 18:56:21.083, 19249
2026/09/26 18:56:21.583, 19249
2026/09/26 18:56:22.083, 19249
2026/09/26 18:56:22.583, 19249
2026/09/26 18:56:23.083, 19249
2026/09/26 18:56:23.583, 19249
2026/09/26 18:56:24.084, 19249
2026/09/26 18:56:24.584, 19249
2026/09/26 18:56:25.084, 19249
2026/09/26 18:56:25.584, 19249
2026/09/26 18:56:26.084, 19249
2026/09/26 18:56:26.584, 19249
2026/09/26 18:56:27.084, 19249
2026/09/26 18:56:27.585, 19249
2026/09/26 18:56:28.085, 19249
2026/09/26 18:56:28.585, 19249
2026/09/26 18:56:29.085, 19249
2026/09/26 18:56:29.585, 19249
2026/09/26 18:56:30.085, 19249
2026/09/26 18:56:30.586, 19249
2026/09/26 18:56:31.086, 19249
2026/09/26 18:56:31.586, 19249
2026/09/26 18:56:32.086, 19249
2026/09/26 18:56:32.586, 19249
2026/09/26 18:56:33.086, 19249
2026/09/26 18:56:33.587, 19249
2026/09/26 18:56:34.087, 19249
2026/09/26 18:56:34.587, 19249
2026/09/26 18:56:35.087, 19249
2026/09/26 18:56:35.588, 19249
2026/09/26 18:56:36.088, 19249
2026/09/26 18:56:36.588, 19249
2026/09/26 18:56:37.088, 19249
2026/09/26 18:56:37.588, 19249
2026/09/26 18:56:38.088, 19249
2026/09/26 18:56:38.588, 19249
2026/09/26 18:56:39.089, 19249
2026/09/26 18:56:39.589, 19249
2026/09/26 18:56:40.089, 19249
2026/09/26 18:56:40.589, 19249
2026/09/26 18:56:41.089, 19249
2026/09/26 18:56:41.589, 19249
2026/09/26 18:56:42.090, 19249
2026/09/26 18:56:42.590, 19249
2026/09/26 18:56:43.090, 19249
2026/09/26 18:56:43.590, 19249
2026/09/26 18:56:44.090, 19249
2026/09/26 18:56:44.590, 19249
2026/09/26 18:56:45.091, 19249
2026/09/26 18:56:45.591, 19249
2026/09/26 18:56:46.091, 19249
2026/09/26 18:56:46.591, 19249
2026/09/26 18:56:47.091, 19249
2026/09/26 18:56:47.591, 19249
2026/09/26 18:56:48.092, 19249
2026/09/26 18:56:48.592, 19249
2026/09/26 18:56:49.092, 19249
2026/09/26 18:56:49.592, 19249
2026/09/26 18:56:50.092, 19249
2026/09/26 18:56:50.592, 19249
2026/09/26 18:56:51.093, 19249
2026/09/26 18:56:51.593, 19249
2026/09/26 18:56:52.093, 19249
2026/09/26 18:56:52.593, 19249
2026/09/26 18:56:53.093, 19249
2026/09/26 18:56:53.593, 19249
2026/09/26 18:56:54.094, 19249
2026/09/26 18:56:54.594, 19249
2026/09/26 18:56:55.094, 19249
2026/09/26 18:56:55.594, 19249
2026/09/26 18:56:56.094, 19249
2026/09/26 18:56:56.595, 19249
2026/09/26 18:56:57.095, 19249
2026/09/26 18:56:57.595, 19249
2026/09/26 18:56:58.095, 19249
2026/09/26 18:56:58.595, 19249
2026/09/26 18:56:59.095, 19249
2026/09/26 18:56:59.596, 19249
2026/09/26 18:57:00.096, 19249
2026/09/26 18:57:00.596, 19249
2026/09/26 18:57:01.096, 19249
2026/09/26 18:57:01.596, 19249
2026/09/26 18:57:02.096, 19249
2026/09/26 18:57:02.597, 19249
2026/09/26 18:57:03.097, 19249
2026/09/26 18:57:03.597, 19249
2026/09/26 18:57:04.097, 19249
2026/09/26 18:57:04.597, 19249
2026/09/26 18:57:05.098, 19249
2026/09/26 18:57:05.598, 19249
2026/09/26 18:57:06.098, 19249
2026/09/26 18:57:06.598, 19249
2026/09/26 18:57:07.098, 19249
2026/09/26 18:57:07.598, 19249
2026/09/26 18:57:08.099, 19249
2026/09/26 18:57:08.599, 19249
2026/09/26 18:57:09.099, 19249
2026/09/26 18:57:09.599, 19249
2026/09/26 18:57:10.099, 19249
2026/09/26 18:57:10.599, 19249
2026/09/26 18:57:11.100, 19249
2026/09/26 18:57:11.600, 19249
2026/09/26 18:57:12.100, 19249
2026/09/26 18:57:12.600, 19249
2026/09/26 18:57:13.100, 19249
2026/09/26 18:57:13.600, 19249
2026/09/26 18:57:14.101, 19249
2026/09/26 18:57:14.601, 19249
2026/09/26 18:57:15.101, 19249
2026/09/26 18:57:15.601, 19249
2026/09/26 18:57:16.101, 19249
2026/09/26 18:57:16.602, 19249
2026/09/26 18:57:17.102, 19249
2026/09/26 18:57:17.602, 19249
2026/09/26 18:57:18.102, 19249
2026/09/26 18:57:18.602, 19249
2026/09/26 18:57:19.103, 19249
2026/09/26 18:57:19.603, 19249
2026/09/26 18:57:20.103, 19249
2026/09/26 18:57:20.603, 19249
2026/09/26 18:57:21.103, 19249
2026/09/26 18:57:21.603, 19249
2026/09/26 18:57:22.104, 19249
2026/09/26 18:57:22.604, 19249
2026/09/26 18:57:23.104, 19249
2026/09/26 18:57:23.604, 19249
2026/09/26 18:57:24.104, 19249
2026/09/26 18:57:24.605, 19249
2026/09/26 18:57:25.105, 19249
2026/09/26 18:57:25.605, 19249
2026/09/26 18:57:26.105, 19249
2026/09/26 18:57:26.605, 19249
2026/09/26 18:57:27.105, 19249
2026/09/26 18:57:27.605, 19249
2026/09/26 18:57:28.106, 19249
2026/09/26 18:57:28.606, 19249
2026/09/26 18:57:29.106, 19249
2026/09/26 18:57:29.606, 19249
2026/09/26 18:57:30.106, 19249
2026/09/26 18:57:30.606, 19249
2026/09/26 18:57:31.107, 19249
2026/09/26 18:57:31.607, 19249
2026/09/26 18:57:32.107, 19249
2026/09/26 18:57:32.607, 19249
2026/09/26 18:57:33.107, 19249
2026/09/26 18:57:33.607, 19249
2026/09/26 18:57:34.108, 19249
2026/09/26 18:57:34.608, 19249
2026/09/26 18:57:35.108, 19249
2026/09/26 18:57:35.608, 19249
2026/09/26 18:57:36.108, 19249
2026/09/26 18:57:36.609, 19249
2026/09/26 18:57:37.109, 19249
2026/09/26 18:57:37.609, 19249
2026/09/26 18:57:38.109, 19249
2026/09/26 18:57:38.609, 19249
2026/09/26 18:57:39.109, 19249
2026/09/26 18:57:39.610, 19249
2026/09/26 18:57:40.110, 19249
2026/09/26 18:57:40.610, 19249
2026/09/26 18:57:41.110, 19249
2026/09/26 18:57:41.610, 19249
2026/09/26 18:57:42.110, 19249
2026/09/26 18:57:42.611, 19249
2026/09/26 18:57:43.111, 19249
2026/09/26 18:57:43.611, 19249
2026/09/26 18:57:44.111, 19249
2026/09/26 18:57:44.611, 19249
2026/09/26 18:57:45.111, 19249
2026/09/26 18:57:45.612, 19249
2026/09/26 18:57:46.112, 19249
2026/09/26 18:57:46.612, 19249
2026/09/26 18:57:47.112, 19249
2026/09/26 18:57:47.612, 19249
2026/09/26 18:57:48.112, 19249
2026/09/26 18:57:48.613, 19249
2026/09/26 18:57:49.113, 19249
2026/09/26 18:57:49.613, 19249
2026/09/26 18:57:50.113, 19249
2026/09/26 18:57:50.613, 19249
2026/09/26 18:57:51.114, 19249
2026/09/26 18:57:51.614, 19249
2026/09/26 18:57:52.114, 19249
2026/09/26 18:57:52.614, 19249
2026/09/26 18:57:53.114, 19249
2026/09/26 18:57:53.614, 19249
2026/09/26 18:57:54.115, 19249
2026/09/26 18:57:54.615, 19249
2026/09/26 18:57:55.115, 19249
2026/09/26 18:57:55.615, 19249
2026/09/26 18:57:56.115, 19249
2026/09/26 18:57:56.615, 19249
2026/09/26 18:57:57.116, 19249
2026/09/26 18:57:57.616, 19249
2026/09/26 18:57:58.116, 19249
2026/09/26 18:57:58.616, 19249
2026/09/26 18:57:59.116, 19249
2026/09/26 18:57:59.616, 19249
2026/09/26 18:58:00.117, 19249
2026/09/26 18:58:00.617, 19249
2026/09/26 18:58:01.117, 19249
2026/09/26 18:58:01.617, 19249
2026/09/26 18:58:02.117, 19249
2026/09/26 18:58:02.617, 19249
2026/09/26 18:58:03.118, 19249
2026/09/26 18:58:03.618, 19249
2026/09/26 18:58:04.118, 19249
2026/09/26 18:58:04.618, 19249
2026/09/26 18:58:05.118, 19249
2026/09/26 18:58:05.618, 19249
2026/09/26 18:58:06.118, 19249
2026/09/26 18:58:06.619, 19249
2026/09/26 18:58:07.119, 19249
2026/09/26 18:58:07.619, 19249
2026/09/26 18:58:08.119, 19249
2026/09/26 18:58:08.619, 19249
2026/09/26 18:58:09.119, 19249
2026/09/26 18:58:09.620, 19249
2026/09/26 18:58:10.120, 19249
2026/09/26 18:58:10.620, 19249
2026/09/26 18:58:11.120, 19249
2026/09/26 18:58:11.620, 19249
2026/09/26 18:58:12.120, 19249
2026/09/26 18:58:12.620, 19249
2026/09/26 18:58:13.121, 19249
2026/09/26 18:58:13.621, 19249
2026/09/26 18:58:14.121, 19249
2026/09/26 18:58:14.621, 19249
2026/09/26 18:58:15.121, 19249
2026/09/26 18:58:15.621, 19249
2026/09/26 18:58:16.122, 19249
2026/09/26 18:58:16.622, 19249
2026/09/26 18:58:17.122, 19249
2026/09/26 18:58:17.622, 19249
2026/09/26 18:58:18.122, 19249
2026/09/26 18:58:18.622, 19249
2026/09/26 18:58:19.123, 19249
2026/09/26 18:58:19.623, 19249
2026/09/26 18:58:20.123, 19249
2026/09/26 18:58:20.623, 20029
2026/09/26 18:58:21.123, 19639
2026/09/26 18:58:21.623, 19249
2026/09/26 18:58:22.123, 19249
2026/09/26 18:58:22.624, 19249
2026/09/26 18:58:23.124, 19249
2026/09/26 18:58:23.624, 19249
2026/09/26 18:58:24.124, 19249
2026/09/26 18:58:24.624, 19249
2026/09/26 18:58:25.124, 19249
2026/09/26 18:58:25.625, 19249
2026/09/26 18:58:26.125, 19249
2026/09/26 18:58:26.625, 19249
2026/09/26 18:58:27.125, 19249
2026/09/26 18:58:27.625, 19249
2026/09/26 18:58:28.125, 19249
2026/09/26 18:58:28.625, 19249
2026/09/26 18:58:29.126, 19249
2026/09/26 18:58:29.626, 19249
2026/09/26 18:58:30.126, 19249
2026/09/26 18:58:30.626, 19249
2026/09/26 18:58:31.126, 19249
2026/09/26 18:58:31.626, 19249
2026/09/26 18:58:32.127, 19249
2026/09/26 18:58:32.627, 19249
2026/09/26 18:58:33.127, 19249
2026/09/26 18:58:33.627, 19249
2026/09/26 18:58:34.127, 19249
2026/09/26 18:58:34.627, 19249
2026/09/26 18:58:35.128, 19249
2026/09/26 18:58:35.628, 19249
2026/09/26 18:58:36.128, 19249
2026/09/26 18:58:36.628, 19249
2026/09/26 18:58:37.128, 19249
2026/09/26 18:58:37.628, 19249
2026/09/26 18:58:38.129, 19249
2026/09/26 18:58:38.629, 19249
2026/09/26 18:58:39.129, 19249
2026/09/26 18:58:39.629, 19249
2026/09/26 18:58:40.129, 19249
2026/09/26 18:58:40.629, 19249
2026/09/26 18:58:41.129, 19249
2026/09/26 18:58:41.630, 19249
2026/09/26 18:58:42.130, 19249
2026/09/26 18:58:42.630, 19249
2026/09/26 18:58:43.130, 19249
2026/09/26 18:58:43.630, 19249
2026/09/26 18:58:44.130, 19249
2026/09/26 18:58:44.631, 19249
2026/09/26 18:58:45.131, 19249
2026/09/26 18:58:45.631, 19249
2026/09/26 18:58:46.131, 19249
2026/09/26 18:58:46.631, 19249
2026/09/26 18:58:47.131, 19249
2026/09/26 18:58:47.632, 19249
2026/09/26 18:58:48.132, 19249
2026/09/26 18:58:48.632, 19249
2026/09/26 18:58:49.132, 19249
2026/09/26 18:58:49.632, 19249
2026/09/26 18:58:50.132, 19249
2026/09/26 18:58:50.632, 19249
2026/09/26 18:58:51.133, 19249
2026/09/26 18:58:51.633, 19249
2026/09/26 18:58:52.133, 19249
2026/09/26 18:58:52.633, 19249
2026/09/26 18:58:53.133, 19249
2026/09/26 18:58:53.633, 19249
2026/09/26 18:58:54.134, 19249
2026/09/26 18:58:54.634, 19249
2026/09/26 18:58:55.134, 19249
2026/09/26 18:58:55.634, 19249
2026/09/26 18:58:56.135, 19249
2026/09/26 18:58:56.635, 19249
2026/09/26 18:58:57.135, 19249
2026/09/26 18:58:57.635, 19249
2026/09/26 18:58:58.135, 19249
2026/09/26 18:58:58.635, 19249
2026/09/26 18:58:59.135, 19249
2026/09/26 18:58:59.636, 19249
2026/09/26 18:59:00.136, 19249
2026/09/26 18:59:00.636, 19249
2026/09/26 18:59:01.136, 19249
2026/09/26 18:59:01.636, 19249
2026/09/26 18:59:02.136, 19249
2026/09/26 18:59:02.637, 19249
2026/09/26 18:59:03.137, 19249
2026/09/26 18:59:03.637, 19249
2026/09/26 18:59:04.137, 19249
2026/09/26 18:59:04.637, 19249
2026/09/26 18:59:05.137, 19249
2026/09/26 18:59:05.638, 19249
2026/09/26 18:59:06.138, 19249
2026/09/26 18:59:06.638, 19249
2026/09/26 18:59:07.138, 19249
2026/09/26 18:59:07.638, 19249
2026/09/26 18:59:08.138, 19249
2026/09/26 18:59:08.639, 19249
2026/09/26 18:59:09.139, 19249
2026/09/26 18:59:09.639, 19249
2026/09/26 18:59:10.139, 19249
2026/09/26 18:59:10.639, 19249
2026/09/26 18:59:11.139, 19249
2026/09/26 18:59:11.640, 19249
2026/09/26 18:59:12.140, 19249
2026/09/26 18:59:12.640, 19249
2026/09/26 18:59:13.140, 19249
2026/09/26 18:59:13.640, 19249
2026/09/26 18:59:14.140, 19249
2026/09/26 18:59:14.641, 19249
2026/09/26 18:59:15.141, 19249
2026/09/26 18:59:15.641, 19249
2026/09/26 18:59:16.141, 19249
2026/09/26 18:59:16.641, 19999
2026/09/26 18:59:17.141, 19999
2026/09/26 18:59:17.642, 19999
2026/09/26 18:59:18.142, 19999
2026/09/26 18:59:18.642, 19999
2026/09/26 18:59:19.142, 19999
2026/09/26 18:59:19.642, 19999
2026/09/26 18:59:20.142, 19999
2026/09/26 18:59:20.642, 19999
2026/09/26 18:59:21.143, 19999
2026/09/26 18:59:21.643, 19999
2026/09/26 18:59:22.143, 19999
2026/09/26 18:59:22.643, 19999
2026/09/26 18:59:23.143, 19999
2026/09/26 18:59:23.644, 19999
2026/09/26 18:59:24.144, 19999
2026/09/26 18:59:24.644, 19999
2026/09/26 18:59:25.144, 19999
2026/09/26 18:59:25.644, 19999
2026/09/26 18:59:26.144, 19999
2026/09/26 18:59:26.644, 19999
2026/09/26 18:59:27.145, 19999
2026/09/26 18:59:27.645, 19999
2026/09/26 18:59:28.145, 19999
2026/09/26 18:59:28.645, 19999
2026/09/26 18:59:29.145, 19999
2026/09/26 18:59:29.645, 19999
2026/09/26 18:59:30.146, 19999
2026/09/26 18:59:30.646, 19999
2026/09/26 18:59:31.146, 19999
2026/09/26 18:59:31.646, 19999
2026/09/26 18:59:32.146, 19999
2026/09/26 18:59:32.646, 19999
2026/09/26 18:59:33.146, 19999
2026/09/26 18:59:33.647, 19999
2026/09/26 18:59:34.147, 19999
2026/09/26 18:59:34.647, 19999
2026/09/26 18:59:35.147, 19999
2026/09/26 18:59:35.647, 19999
2026/09/26 18:59:36.148, 19999
2026/09/26 18:59:36.648, 19999
2026/09/26 18:59:37.148, 19999
2026/09/26 18:59:37.648, 19999
2026/09/26 18:59:38.148, 19999
2026/09/26 18:59:38.648, 19999
2026/09/26 18:59:39.149, 19999
2026/09/26 18:59:39.649, 19999
2026/09/26 18:59:40.149, 19999
2026/09/26 18:59:40.649, 19999
2026/09/26 18:59:41.149, 19999
2026/09/26 18:59:41.650, 19999
2026/09/26 18:59:42.150, 19999
2026/09/26 18:59:42.650, 19999
2026/09/26 18:59:43.150, 19999
2026/09/26 18:59:43.650, 19999
2026/09/26 18:59:44.150, 19999
2026/09/26 18:59:44.651, 19999
2026/09/26 18:59:45.151, 19999
2026/09/26 18:59:45.651, 19999
2026/09/26 18:59:46.151, 19999
2026/09/26 18:59:46.651, 19999
2026/09/26 18:59:47.152, 19999
2026/09/26 18:59:47.652, 19999
2026/09/26 18:59:48.152, 19999
2026/09/26 18:59:48.652, 19999
2026/09/26 18:59:49.152, 19999
2026/09/26 18:59:49.652, 19999
2026/09/26 18:59:50.153, 19999
2026/09/26 18:59:50.653, 19999
2026/09/26 18:59:51.153, 19999
2026/09/26 18:59:51.653, 19999
2026/09/26 18:59:52.153, 19999
2026/09/26 18:59:52.653, 19999
2026/09/26 18:59:53.154, 19999
2026/09/26 18:59:53.654, 19999
2026/09/26 18:59:54.154, 19999
2026/09/26 18:59:54.654, 19999
2026/09/26 18:59:55.154, 19999
2026/09/26 18:59:55.654, 19999
2026/09/26 18:59:56.155, 19999
2026/09/26 18:59:56.655, 19999
2026/09/26 18:59:57.155, 19999
2026/09/26 18:59:57.655, 19999
2026/09/26 18:59:58.155, 19999
2026/09/26 18:59:58.655, 19999
2026/09/26 18:59:59.174, 19999
2026/09/26 18:59:59.674, 19999
2026/09/26 19:00:00.174, 19999
2026/09/26 19:00:00.675, 19999
2026/09/26 19:00:01.175, 19999
2026/09/26 19:00:01.675, 19999
2026/09/26 19:00:02.175, 19999
2026/09/26 19:00:02.675, 19999
2026/09/26 19:00:03.175, 19999
2026/09/26 19:00:03.676, 19999
2026/09/26 19:00:04.176, 19999
2026/09/26 19:00:04.676, 19999
2026/09/26 19:00:05.176, 19999
2026/09/26 19:00:05.676, 19999
2026/09/26 19:00:06.176, 19999
2026/09/26 19:00:06.677, 19999
2026/09/26 19:00:07.177, 19999
2026/09/26 19:00:07.677, 19999
2026/09/26 19:00:08.177, 19999
2026/09/26 19:00:08.677, 19999
2026/09/26 19:00:09.177, 19999
2026/09/26 19:00:09.678, 19999
2026/09/26 19:00:10.178, 19999
2026/09/26 19:00:10.678, 19999
2026/09/26 19:00:11.178, 19999
2026/09/26 19:00:11.678, 19999
2026/09/26 19:00:12.178, 19999
2026/09/26 19:00:12.679, 19999
2026/09/26 19:00:13.179, 19999
2026/09/26 19:00:13.679, 19999
2026/09/26 19:00:14.179, 19999
2026/09/26 19:00:14.679, 19999
2026/09/26 19:00:15.179, 19999
2026/09/26 19:00:15.680, 19999
2026/09/26 19:00:16.180, 19999
2026/09/26 19:00:16.680, 19999
2026/09/26 19:00:17.180, 19999
2026/09/26 19:00:17.680, 19999
2026/09/26 19:00:18.181, 19999
2026/09/26 19:00:18.681, 19999
2026/09/26 19:00:19.181, 19999
2026/09/26 19:00:19.687, 19999
2026/09/26 19:00:20.188, 19999
2026/09/26 19:00:20.688, 19999
2026/09/26 19:00:21.188, 19999
2026/09/26 19:00:21.688, 19999
2026/09/26 19:00:22.188, 19999
2026/09/26 19:00:22.688, 19999
2026/09/26 19:00:23.189, 19999
2026/09/26 19:00:23.689, 19999
2026/09/26 19:00:24.189, 19999
2026/09/26 19:00:24.693, 19999
2026/09/26 19:00:25.194, 19999
2026/09/26 19:00:25.694, 19999
2026/09/26 19:00:26.194, 19999
2026/09/26 19:00:26.694, 19999
2026/09/26 19:00:27.194, 19999
2026/09/26 19:00:27.694, 19999
2026/09/26 19:00:28.195, 19999
2026/09/26 19:00:28.695, 19999
2026/09/26 19:00:29.195, 19999
2026/09/26 19:00:29.695, 19999
2026/09/26 19:00:30.195, 19999
2026/09/26 19:00:30.695, 19999
2026/09/26 19:00:31.196, 19999
2026/09/26 19:00:31.696, 19999
2026/09/26 19:00:32.196, 19999
2026/09/26 19:00:32.696, 19999
2026/09/26 19:00:33.196, 19999
2026/09/26 19:00:33.696, 19999
2026/09/26 19:00:34.197, 19999
2026/09/26 19:00:34.697, 19999
2026/09/26 19:00:35.197, 19999
2026/09/26 19:00:35.697, 19999
2026/09/26 19:00:36.197, 19999
2026/09/26 19:00:36.698, 19999
2026/09/26 19:00:37.198, 19999
2026/09/26 19:00:37.698, 19999
2026/09/26 19:00:38.198, 19999
2026/09/26 19:00:38.698, 19999
2026/09/26 19:00:39.198, 19999
2026/09/26 19:00:39.699, 19999
2026/09/26 19:00:40.199, 19999
2026/09/26 19:00:40.699, 19999
2026/09/26 19:00:41.199, 19999
2026/09/26 19:00:41.699, 19999
2026/09/26 19:00:42.199, 19999
2026/09/26 19:00:42.700, 19999
2026/09/26 19:00:43.200, 19999
2026/09/26 19:00:43.700, 19999
2026/09/26 19:00:44.200, 19999
2026/09/26 19:00:44.700, 19999
2026/09/26 19:00:45.200, 19999
2026/09/26 19:00:45.701, 19999
2026/09/26 19:00:46.201, 19999
2026/09/26 19:00:46.701, 19999
2026/09/26 19:00:47.201, 19999
2026/09/26 19:00:47.701, 19999
2026/09/26 19:00:48.201, 19999
2026/09/26 19:00:48.702, 19999
2026/09/26 19:00:49.202, 19999
2026/09/26 19:00:49.702, 19999
2026/09/26 19:00:50.202, 19999
2026/09/26 19:00:50.702, 19999
2026/09/26 19:00:51.202, 19999
2026/09/26 19:00:51.703, 19999
2026/09/26 19:00:52.203, 19999
2026/09/26 19:00:52.703, 19999
2026/09/26 19:00:53.203, 19999
2026/09/26 19:00:53.704, 19999
2026/09/26 19:00:54.204, 19999
2026/09/26 19:00:54.704, 19999
2026/09/26 19:00:55.204, 19999
2026/09/26 19:00:55.704, 19999
2026/09/26 19:00:56.205, 19999
2026/09/26 19:00:56.705, 19999
2026/09/26 19:00:57.205, 19999
2026/09/26 19:00:57.705, 19999
2026/09/26 19:00:58.205, 19999
2026/09/26 19:00:58.705, 19999
2026/09/26 19:00:59.206, 19999
2026/09/26 19:00:59.706, 19999
2026/09/26 19:01:00.206, 19999
2026/09/26 19:01:00.706, 19999
2026/09/26 19:01:01.206, 19999
2026/09/26 19:01:01.707, 19999
2026/09/26 19:01:02.207, 19999
2026/09/26 19:01:02.707, 19999
2026/09/26 19:01:03.207, 19999
2026/09/26 19:01:03.707, 19999
2026/09/26 19:01:04.207, 19999
2026/09/26 19:01:04.708, 19999
2026/09/26 19:01:05.208, 19999
2026/09/26 19:01:05.708, 19999
2026/09/26 19:01:06.208, 19999
2026/09/26 19:01:06.708, 19999
2026/09/26 19:01:07.208, 19999
2026/09/26 19:01:07.709, 19999
2026/09/26 19:01:08.209, 19999
2026/09/26 19:01:08.709, 19999
2026/09/26 19:01:09.209, 19999
2026/09/26 19:01:09.709, 19999
2026/09/26 19:01:10.209, 19999
2026/09/26 19:01:10.709, 19999
2026/09/26 19:01:11.210, 19999
2026/09/26 19:01:11.710, 19999
2026/09/26 19:01:12.210, 19999
2026/09/26 19:01:12.710, 19999
2026/09/26 19:01:13.210, 19999
2026/09/26 19:01:13.710, 19999
2026/09/26 19:01:14.211, 19999
2026/09/26 19:01:14.711, 19999
2026/09/26 19:01:15.211, 19999
2026/09/26 19:01:15.711, 19999
2026/09/26 19:01:16.211, 19999
2026/09/26 19:01:16.711, 19999
2026/09/26 19:01:17.212, 19999
2026/09/26 19:01:17.712, 19999
2026/09/26 19:01:18.212, 19999
2026/09/26 19:01:18.712, 19999
2026/09/26 19:01:19.212, 19999
2026/09/26 19:01:19.712, 19999
2026/09/26 19:01:20.212, 19999
2026/09/26 19:01:20.713, 19999
2026/09/26 19:01:21.213, 19999
2026/09/26 19:01:21.713, 19999
2026/09/26 19:01:22.213, 19999
2026/09/26 19:01:22.713, 19999
2026/09/26 19:01:23.213, 19999
2026/09/26 19:01:23.714, 19999
2026/09/26 19:01:24.214, 19999
2026/09/26 19:01:24.714, 19999
2026/09/26 19:01:25.214, 19999
2026/09/26 19:01:25.714, 19999
2026/09/26 19:01:26.214, 19999
2026/09/26 19:01:26.715, 19999
2026/09/26 19:01:27.215, 19999
2026/09/26 19:01:27.715, 19999
2026/09/26 19:01:28.215, 19999
2026/09/26 19:01:28.715, 19999
2026/09/26 19:01:29.215, 19999
2026/09/26 19:01:29.715, 19999
2026/09/26 19:01:30.216, 19999
2026/09/26 19:01:30.716, 19999
2026/09/26 19:01:31.216, 19999
2026/09/26 19:01:31.716, 19999
2026/09/26 19:01:32.216, 19999
2026/09/26 19:01:32.716, 19999
2026/09/26 19:01:33.217, 19999
2026/09/26 19:01:33.717, 19999
2026/09/26 19:01:34.217, 19999
2026/09/26 19:01:34.717, 19999
2026/09/26 19:01:35.217, 19999
2026/09/26 19:01:35.717, 19999
2026/09/26 19:01:36.218, 19999
2026/09/26 19:01:36.718, 19999
2026/09/26 19:01:37.218, 19999
2026/09/26 19:01:37.718, 19999
2026/09/26 19:01:38.218, 19999
2026/09/26 19:01:38.718, 19999
2026/09/26 19:01:39.219, 19999
2026/09/26 19:01:39.719, 19999
2026/09/26 19:01:40.219, 19999
2026/09/26 19:01:40.719, 19999
2026/09/26 19:01:41.219, 19999
2026/09/26 19:01:41.719, 19999
2026/09/26 19:01:42.219, 19999
2026/09/26 19:01:42.720, 19999
2026/09/26 19:01:43.220, 19999
2026/09/26 19:01:43.720, 19999
2026/09/26 19:01:44.220, 19999
2026/09/26 19:01:44.720, 19999
2026/09/26 19:01:45.220, 19999
2026/09/26 19:01:45.721, 19999
2026/09/26 19:01:46.221, 19999
2026/09/26 19:01:46.721, 19999
2026/09/26 19:01:47.221, 19999
2026/09/26 19:01:47.721, 19999
2026/09/26 19:01:48.221, 19999
2026/09/26 19:01:48.722, 19999
2026/09/26 19:01:49.222, 19999
2026/09/26 19:01:49.722, 19999
2026/09/26 19:01:50.222, 19999
2026/09/26 19:01:50.722, 19999
2026/09/26 19:01:51.222, 19999
2026/09/26 19:01:51.722, 19999
2026/09/26 19:01:52.223, 19999
2026/09/26 19:01:52.723, 19999
2026/09/26 19:01:53.223, 19999
2026/09/26 19:01:53.723, 19999
2026/09/26 19:01:54.223, 19999
2026/09/26 19:01:54.723, 19999
2026/09/26 19:01:55.224, 19999
2026/09/26 19:01:55.724, 19999
2026/09/26 19:01:56.224, 19999
2026/09/26 19:01:56.724, 19999
2026/09/26 19:01:57.224, 19999
2026/09/26 19:01:57.724, 19999
2026/09/26 19:01:58.224, 19999
2026/09/26 19:01:58.725, 19999
2026/09/26 19:01:59.225, 19999
2026/09/26 19:01:59.725, 19999
2026/09/26 19:02:00.225, 19999
2026/09/26 19:02:00.725, 19999
2026/09/26 19:02:01.225, 19999
2026/09/26 19:02:01.726, 19999
2026/09/26 19:02:02.226, 19999
2026/09/26 19:02:02.726, 19999
2026/09/26 19:02:03.226, 19999
2026/09/26 19:02:03.726, 19999
2026/09/26 19:02:04.226, 19999
2026/09/26 19:02:04.726, 19999
2026/09/26 19:02:05.227, 19999
2026/09/26 19:02:05.727, 19999
2026/09/26 19:02:06.227, 19999
2026/09/26 19:02:06.727, 19999
2026/09/26 19:02:07.227, 19999
2026/09/26 19:02:07.727, 19999
2026/09/26 19:02:08.227, 19999
2026/09/26 19:02:08.728, 19999
2026/09/26 19:02:09.228, 19999
2026/09/26 19:02:09.728, 19999
2026/09/26 19:02:10.228, 19999
2026/09/26 19:02:10.728, 19999
2026/09/26 19:02:11.228, 19999
2026/09/26 19:02:11.729, 19999
2026/09/26 19:02:12.229, 19999
2026/09/26 19:02:12.729, 19999
2026/09/26 19:02:13.229, 19999
2026/09/26 19:02:13.729, 19999
2026/09/26 19:02:14.229, 19999
2026/09/26 19:02:14.730, 19999
2026/09/26 19:02:15.230, 19999
2026/09/26 19:02:15.730, 19999
2026/09/26 19:02:16.230, 19999
2026/09/26 19:02:16.730, 19999
2026/09/26 19:02:17.230, 19999
2026/09/26 19:02:17.730, 19999
2026/09/26 19:02:18.231, 19999
2026/09/26 19:02:18.731, 19999
2026/09/26 19:02:19.231, 19999
2026/09/26 19:02:19.731, 19999
2026/09/26 19:02:20.231, 19999
2026/09/26 19:02:20.731, 19999
2026/09/26 19:02:21.231, 19999
2026/09/26 19:02:21.732, 19999
2026/09/26 19:02:22.232, 19999
2026/09/26 19:02:22.732, 19999
2026/09/26 19:02:23.232, 19999
2026/09/26 19:02:23.732, 19999
2026/09/26 19:02:24.232, 19999
2026/09/26 19:02:24.732, 19999
2026/09/26 19:02:25.233, 19999
2026/09/26 19:02:25.733, 19999
2026/09/26 19:02:26.233, 19999
2026/09/26 19:02:26.733, 19999
2026/09/26 19:02:27.233, 19999
2026/09/26 19:02:27.733, 19999
2026/09/26 19:02:28.233, 19999
2026/09/26 19:02:28.734, 19999
2026/09/26 19:02:29.234, 19999
2026/09/26 19:02:29.734, 19999
2026/09/26 19:02:30.234, 19999
2026/09/26 19:02:30.734, 19999
2026/09/26 19:02:31.234, 19999
2026/09/26 19:02:31.734, 19999
2026/09/26 19:02:32.235, 19999
2026/09/26 19:02:32.735, 19999
2026/09/26 19:02:33.235, 19999
2026/09/26 19:02:33.735, 19999
2026/09/26 19:02:34.235, 19999
2026/09/26 19:02:34.735, 19999
2026/09/26 19:02:35.235, 19999
2026/09/26 19:02:35.736, 19999
2026/09/26 19:02:36.236, 19999
2026/09/26 19:02:36.736, 19999
2026/09/26 19:02:37.236, 19999
2026/09/26 19:02:37.736, 19999
2026/09/26 19:02:38.236, 19999
2026/09/26 19:02:38.736, 19999
2026/09/26 19:02:39.237, 19999
2026/09/26 19:02:39.737, 19999
2026/09/26 19:02:40.237, 19999
2026/09/26 19:02:40.737, 19999
2026/09/26 19:02:41.237, 19999
2026/09/26 19:02:41.737, 19999
2026/09/26 19:02:42.237, 19999
2026/09/26 19:02:42.737, 19999
2026/09/26 19:02:43.238, 19999
2026/09/26 19:02:43.738, 19999
2026/09/26 19:02:44.238, 19999
2026/09/26 19:02:44.738, 19999
2026/09/26 19:02:45.238, 19999
2026/09/26 19:02:45.738, 19999
2026/09/26 19:02:46.238, 19999
2026/09/26 19:02:46.739, 19999
2026/09/26 19:02:47.239, 19999
2026/09/26 19:02:47.739, 19999
2026/09/26 19:02:48.239, 19999
2026/09/26 19:02:48.739, 19999
2026/09/26 19:02:49.239, 19999
2026/09/26 19:02:49.739, 19999
2026/09/26 19:02:50.239, 19999
2026/09/26 19:02:50.740, 19999
2026/09/26 19:02:51.240, 19999
2026/09/26 19:02:51.740, 19999
2026/09/26 19:02:52.240, 19999
2026/09/26 19:02:52.740, 19999
2026/09/26 19:02:53.240, 19999
2026/09/26 19:02:53.741, 19999
2026/09/26 19:02:54.241, 19999
2026/09/26 19:02:54.741, 19999
2026/09/26 19:02:55.241, 19999
2026/09/26 19:02:55.741, 19999
2026/09/26 19:02:56.241, 19999
2026/09/26 19:02:56.741, 19999
2026/09/26 19:02:57.242, 19999
2026/09/26 19:02:57.742, 19999
2026/09/26 19:02:58.242, 19999
2026/09/26 19:02:58.742, 19999
2026/09/26 19:02:59.242, 19999
2026/09/26 19:02:59.742, 19999
2026/09/26 19:03:00.242, 19999
2026/09/26 19:03:00.743, 19999
2026/09/26 19:03:01.243, 19999
2026/09/26 19:03:01.743, 19999
2026/09/26 19:03:02.243, 19999
2026/09/26 19:03:02.743, 19999
2026/09/26 19:03:03.243, 19999
2026/09/26 19:03:03.744, 19999
2026/09/26 19:03:04.244, 19999
2026/09/26 19:03:04.744, 19999
2026/09/26 19:03:05.244, 19999
2026/09/26 19:03:05.744, 19999
2026/09/26 19:03:06.244, 19999
2026/09/26 19:03:06.744, 19999
2026/09/26 19:03:07.245, 19999
2026/09/26 19:03:07.745, 19999
2026/09/26 19:03:08.245, 19999
2026/09/26 19:03:08.745, 19999
2026/09/26 19:03:09.245, 19999
2026/09/26 19:03:09.745, 19999
2026/09/26 19:03:10.246, 19999
2026/09/26 19:03:10.746, 19999
2026/09/26 19:03:11.246, 19999
2026/09/26 19:03:11.746, 19999
2026/09/26 19:03:12.246, 19999
2026/09/26 19:03:12.746, 19999
2026/09/26 19:03:13.246, 19999
2026/09/26 19:03:13.747, 19999
2026/09/26 19:03:14.247, 19999
2026/09/26 19:03:14.747, 19999
2026/09/26 19:03:15.247, 19999
2026/09/26 19:03:15.747, 19999
2026/09/26 19:03:16.247, 19999
2026/09/26 19:03:16.747, 19999
2026/09/26 19:03:17.248, 19999
2026/09/26 19:03:17.748, 19999
2026/09/26 19:03:18.248, 19999
2026/09/26 19:03:18.748, 19999
2026/09/26 19:03:19.248, 19999
2026/09/26 19:03:19.749, 19999
2026/09/26 19:03:20.249, 19999
2026/09/26 19:03:20.749, 19999
2026/09/26 19:03:21.249, 19999
2026/09/26 19:03:21.749, 19999
2026/09/26 19:03:22.249, 19999
2026/09/26 19:03:22.749, 19999
2026/09/26 19:03:23.249, 19999
2026/09/26 19:03:23.750, 19999
2026/09/26 19:03:24.250, 19999
2026/09/26 19:03:24.750, 19999
2026/09/26 19:03:25.250, 19999
2026/09/26 19:03:25.750, 19999
2026/09/26 19:03:26.250, 19999
2026/09/26 19:03:26.750, 19999
2026/09/26 19:03:27.251, 19999
2026/09/26 19:03:27.751, 19999
2026/09/26 19:03:28.251, 19999
2026/09/26 19:03:28.751, 19999
2026/09/26 19:03:29.251, 19999
2026/09/26 19:03:29.752, 19999
2026/09/26 19:03:30.252, 19999
2026/09/26 19:03:30.752, 19999
2026/09/26 19:03:31.252, 19999
2026/09/26 19:03:31.752, 19999
2026/09/26 19:03:32.252, 19999
2026/09/26 19:03:32.753, 19999
2026/09/26 19:03:33.253, 19999
2026/09/26 19:03:33.753, 19999
2026/09/26 19:03:34.253, 19999
2026/09/26 19:03:34.753, 19999
2026/09/26 19:03:35.253, 19999
2026/09/26 19:03:35.754, 19999
2026/09/26 19:03:36.254, 19999
2026/09/26 19:03:36.754, 19999
2026/09/26 19:03:37.254, 19999
2026/09/26 19:03:37.754, 19999
2026/09/26 19:03:38.254, 19999
2026/09/26 19:03:38.755, 19999
2026/09/26 19:03:39.255, 19999
2026/09/26 19:03:39.755, 19999
2026/09/26 19:03:40.255, 19999
2026/09/26 19:03:40.755, 19999
2026/09/26 19:03:41.255, 19999
2026/09/26 19:03:41.756, 19999
2026/09/26 19:03:42.256, 19999
2026/09/26 19:03:42.756, 19999
2026/09/26 19:03:43.256, 19999
2026/09/26 19:03:43.756, 19999
2026/09/26 19:03:44.256, 19999
2026/09/26 19:03:44.756, 19999
2026/09/26 19:03:45.256, 19999
2026/09/26 19:03:45.757, 19999
2026/09/26 19:03:46.257, 19999
2026/09/26 19:03:46.757, 19999
2026/09/26 19:03:47.257, 19999
2026/09/26 19:03:47.757, 19999
2026/09/26 19:03:48.257, 19999
2026/09/26 19:03:48.757, 19999
2026/09/26 19:03:49.258, 19999
2026/09/26 19:03:49.758, 19999
2026/09/26 19:03:50.258, 19999
2026/09/26 19:03:50.758, 19999
2026/09/26 19:03:51.258, 19999
2026/09/26 19:03:51.758, 19999
2026/09/26 19:03:52.259, 19999
2026/09/26 19:03:52.759, 19999
2026/09/26 19:03:53.259, 19999
2026/09/26 19:03:53.759, 19999
2026/09/26 19:03:54.259, 19999
2026/09/26 19:03:54.759, 19999
2026/09/26 19:03:55.259, 19999
2026/09/26 19:03:55.760, 19999
2026/09/26 19:03:56.260, 19999
2026/09/26 19:03:56.760, 19999
2026/09/26 19:03:57.260, 19999
2026/09/26 19:03:57.760, 19999
2026/09/26 19:03:58.261, 19999
2026/09/26 19:03:58.761, 19999
2026/09/26 19:03:59.261, 19999
2026/09/26 19:03:59.761, 19999
2026/09/26 19:04:00.261, 19999
2026/09/26 19:04:00.761, 19999
2026/09/26 19:04:01.262, 19999
2026/09/26 19:04:01.762, 19999
2026/09/26 19:04:02.262, 19999
2026/09/26 19:04:02.762, 19999
2026/09/26 19:04:03.262, 19999
2026/09/26 19:04:03.762, 19999
2026/09/26 19:04:04.263, 19999
2026/09/26 19:04:04.763, 19999
2026/09/26 19:04:05.263, 19999
2026/09/26 19:04:05.763, 19999
2026/09/26 19:04:06.263, 19999
2026/09/26 19:04:06.763, 19999
2026/09/26 19:04:07.264, 19999
2026/09/26 19:04:07.764, 19999
2026/09/26 19:04:08.264, 19999
2026/09/26 19:04:08.764, 19999
2026/09/26 19:04:09.264, 19999
2026/09/26 19:04:09.764, 19999
2026/09/26 19:04:10.265, 19999
2026/09/26 19:04:10.765, 19999
2026/09/26 19:04:11.265, 19999
2026/09/26 19:04:11.765, 19999
2026/09/26 19:04:12.265, 19999
2026/09/26 19:04:12.765, 19999
2026/09/26 19:04:13.266, 19999
2026/09/26 19:04:13.766, 19999
2026/09/26 19:04:14.266, 19999
2026/09/26 19:04:14.766, 19999
2026/09/26 19:04:15.266, 19999
2026/09/26 19:04:15.766, 19999
2026/09/26 19:04:16.267, 19999
2026/09/26 19:04:16.767, 19999
2026/09/26 19:04:17.267, 19999
2026/09/26 19:04:17.767, 19999
2026/09/26 19:04:18.267, 19999
2026/09/26 19:04:18.767, 19999
2026/09/26 19:04:19.268, 19999
2026/09/26 19:04:19.768, 19999
2026/09/26 19:04:20.268, 19999
2026/09/26 19:04:20.768, 19999
2026/09/26 19:04:21.268, 19999
2026/09/26 19:04:21.768, 19999
2026/09/26 19:04:22.269, 19999
2026/09/26 19:04:22.769, 19999
2026/09/26 19:04:23.269, 19999
2026/09/26 19:04:23.769, 19999
2026/09/26 19:04:24.269, 19999
2026/09/26 19:04:24.769, 19999
2026/09/26 19:04:25.270, 19999
2026/09/26 19:04:25.770, 19999
2026/09/26 19:04:26.270, 19999
2026/09/26 19:04:26.770, 19999
2026/09/26 19:04:27.270, 19999
2026/09/26 19:04:27.770, 19999
2026/09/26 19:04:28.271, 19999
2026/09/26 19:04:28.771, 19999
2026/09/26 19:04:29.271, 19999
2026/09/26 19:04:29.771, 19999
2026/09/26 19:04:30.271, 19999
2026/09/26 19:04:30.771, 19999
2026/09/26 19:04:31.271, 19999
2026/09/26 19:04:31.772, 19999
2026/09/26 19:04:32.272, 19999
2026/09/26 19:04:32.772, 19999
2026/09/26 19:04:33.272, 19999
2026/09/26 19:04:33.772, 19999
2026/09/26 19:04:34.272, 19999
2026/09/26 19:04:34.773, 19999
2026/09/26 19:04:35.273, 19999
2026/09/26 19:04:35.773, 19999
2026/09/26 19:04:36.273, 19999
2026/09/26 19:04:36.773, 19999
2026/09/26 19:04:37.273, 19999
2026/09/26 19:04:37.773, 19999
2026/09/26 19:04:38.274, 19999
2026/09/26 19:04:38.774, 19999
2026/09/26 19:04:39.274, 19999
2026/09/26 19:04:39.774, 19999
2026/09/26 19:04:40.274, 19999
2026/09/26 19:04:40.774, 19999
2026/09/26 19:04:41.274, 19999
2026/09/26 19:04:41.775, 19999
2026/09/26 19:04:42.275, 19999
2026/09/26 19:04:42.775, 19999
2026/09/26 19:04:43.275, 19999
2026/09/26 19:04:43.775, 19999
2026/09/26 19:04:44.275, 19999
2026/09/26 19:04:44.775, 19999
2026/09/26 19:04:45.276, 19999
2026/09/26 19:04:45.776, 19999
2026/09/26 19:04:46.276, 19999
2026/09/26 19:04:46.776, 19999
2026/09/26 19:04:47.276, 19999
2026/09/26 19:04:47.776, 19999
2026/09/26 19:04:48.277, 19999
2026/09/26 19:04:48.777, 19999
2026/09/26 19:04:49.277, 19999
2026/09/26 19:04:49.777, 19999
2026/09/26 19:04:50.277, 19999
2026/09/26 19:04:50.786, 19999
2026/09/26 19:04:51.286, 19999
2026/09/26 19:04:51.786, 19999
2026/09/26 19:04:52.287, 19999
2026/09/26 19:04:52.787, 19999
2026/09/26 19:04:53.287, 19999
2026/09/26 19:04:53.787, 19999
2026/09/26 19:04:54.287, 19999
2026/09/26 19:04:54.787, 19999
2026/09/26 19:04:55.288, 19999
2026/09/26 19:04:55.788, 19999
2026/09/26 19:04:56.288, 19999
2026/09/26 19:04:56.788, 19999
2026/09/26 19:04:57.288, 19999
2026/09/26 19:04:57.788, 19999
2026/09/26 19:04:58.289, 19999
2026/09/26 19:04:58.789, 19999
2026/09/26 19:04:59.289, 19999
2026/09/26 19:04:59.789, 19999
2026/09/26 19:05:00.289, 19999
2026/09/26 19:05:00.789, 19999
2026/09/26 19:05:01.290, 19999
2026/09/26 19:05:01.790, 19999
2026/09/26 19:05:02.290, 19999
2026/09/26 19:05:02.790, 19999
2026/09/26 19:05:03.290, 19999
2026/09/26 19:05:03.790, 19999
2026/09/26 19:05:04.291, 19999
2026/09/26 19:05:04.791, 19999
2026/09/26 19:05:05.291, 19999
2026/09/26 19:05:05.791, 19999
2026/09/26 19:05:06.291, 19999
2026/09/26 19:05:06.791, 19999
2026/09/26 19:05:07.292, 19999
2026/09/26 19:05:07.792, 19999
2026/09/26 19:05:08.292, 19999
2026/09/26 19:05:08.792, 19999
2026/09/26 19:05:09.292, 19999
2026/09/26 19:05:09.792, 19999
2026/09/26 19:05:10.293, 19999
2026/09/26 19:05:10.793, 19999
2026/09/26 19:05:11.293, 19999
2026/09/26 19:05:11.793, 19999
2026/09/26 19:05:12.293, 19999
2026/09/26 19:05:12.794, 19999
2026/09/26 19:05:13.294, 19999
2026/09/26 19:05:13.794, 19999
2026/09/26 19:05:14.294, 19999
2026/09/26 19:05:14.794, 19999
2026/09/26 19:05:15.294, 19999
2026/09/26 19:05:15.795, 19999
2026/09/26 19:05:16.295, 19999
2026/09/26 19:05:16.795, 19999
2026/09/26 19:05:17.295, 19999
2026/09/26 19:05:17.795, 19999
2026/09/26 19:05:18.295, 19999
2026/09/26 19:05:18.796, 19999
2026/09/26 19:05:19.296, 19999
2026/09/26 19:05:19.796, 19999
2026/09/26 19:05:20.296, 19999
2026/09/26 19:05:20.796, 19999
2026/09/26 19:05:21.296, 19999
2026/09/26 19:05:21.797, 19999
2026/09/26 19:05:22.297, 19999
2026/09/26 19:05:22.797, 19999
2026/09/26 19:05:23.297, 19999
2026/09/26 19:05:23.797, 19999
2026/09/26 19:05:24.297, 19999
2026/09/26 19:05:24.798, 19999
2026/09/26 19:05:25.298, 19999
2026/09/26 19:05:25.798, 19999
2026/09/26 19:05:26.298, 19999
2026/09/26 19:05:26.798, 19999
2026/09/26 19:05:27.298, 19999
2026/09/26 19:05:27.798, 19999
2026/09/26 19:05:28.299, 19999
2026/09/26 19:05:28.799, 19999
2026/09/26 19:05:29.299, 19999
2026/09/26 19:05:29.799, 19999
2026/09/26 19:05:30.299, 19999
2026/09/26 19:05:30.799, 19999
2026/09/26 19:05:31.300, 19999
2026/09/26 19:05:31.800, 19999
2026/09/26 19:05:32.300, 19999
2026/09/26 19:05:32.800, 19999
2026/09/26 19:05:33.300, 19999
2026/09/26 19:05:33.800, 19999
2026/09/26 19:05:34.301, 19999
2026/09/26 19:05:34.801, 19999
2026/09/26 19:05:35.301, 19999
2026/09/26 19:05:35.801, 19999
2026/09/26 19:05:36.301, 19999
2026/09/26 19:05:36.801, 19999
2026/09/26 19:05:37.302, 19999
2026/09/26 19:05:37.802, 19999
2026/09/26 19:05:38.302, 19999
2026/09/26 19:05:38.802, 19999
2026/09/26 19:05:39.303, 19999
2026/09/26 19:05:39.803, 19999
2026/09/26 19:05:40.303, 19999
2026/09/26 19:05:40.803, 19999
2026/09/26 19:05:41.303, 19999
2026/09/26 19:05:41.804, 19999
2026/09/26 19:05:42.304, 19999
2026/09/26 19:05:42.804, 19999
2026/09/26 19:05:43.304, 19999
2026/09/26 19:05:43.804, 19999
2026/09/26 19:05:44.304, 19999
2026/09/26 19:05:44.805, 19999
2026/09/26 19:05:45.305, 19999
2026/09/26 19:05:45.805, 19999
2026/09/26 19:05:46.305, 19999
2026/09/26 19:05:46.805, 19999
2026/09/26 19:05:47.305, 19999
2026/09/26 19:05:47.806, 19999
2026/09/26 19:05:48.306, 19999
2026/09/26 19:05:48.806, 19999
2026/09/26 19:05:49.306, 19999
2026/09/26 19:05:49.806, 19999
2026/09/26 19:05:50.306, 19999
2026/09/26 19:05:50.806, 19999
2026/09/26 19:05:51.307, 19999
2026/09/26 19:05:51.807, 19999
2026/09/26 19:05:52.307, 19999
2026/09/26 19:05:52.807, 19999
2026/09/26 19:05:53.307, 19999
2026/09/26 19:05:53.807, 19999
2026/09/26 19:05:54.308, 19999
2026/09/26 19:05:54.808, 19999
2026/09/26 19:05:55.308, 19999
2026/09/26 19:05:55.808, 19999
2026/09/26 19:05:56.308, 19999
2026/09/26 19:05:56.808, 19999
2026/09/26 19:05:57.308, 19999
2026/09/26 19:05:57.809, 19999
2026/09/26 19:05:58.309, 19999
2026/09/26 19:05:58.809, 19999
2026/09/26 19:05:59.309, 19999
2026/09/26 19:05:59.809, 19999
2026/09/26 19:06:00.309, 19999
2026/09/26 19:06:00.809, 19999
2026/09/26 19:06:01.310, 19999
2026/09/26 19:06:01.810, 19999
2026/09/26 19:06:02.310, 19999
2026/09/26 19:06:02.810, 19999
2026/09/26 19:06:03.310, 19999
2026/09/26 19:06:03.810, 19999
2026/09/26 19:06:04.310, 19999
2026/09/26 19:06:04.811, 19999
2026/09/26 19:06:05.311, 19999
2026/09/26 19:06:05.811, 19999
2026/09/26 19:06:06.311, 19999
2026/09/26 19:06:06.811, 19999
2026/09/26 19:06:07.311, 19999
2026/09/26 19:06:07.812, 19999
2026/09/26 19:06:08.312, 19999
2026/09/26 19:06:08.812, 19999
2026/09/26 19:06:09.312, 19999
2026/09/26 19:06:09.812, 19999
2026/09/26 19:06:10.312, 19999
2026/09/26 19:06:10.813, 19999
2026/09/26 19:06:11.313, 19999
2026/09/26 19:06:11.813, 19999
2026/09/26 19:06:12.313, 19999
2026/09/26 19:06:12.813, 19999
2026/09/26 19:06:13.313, 19999
2026/09/26 19:06:13.814, 19999
2026/09/26 19:06:14.314, 19999
2026/09/26 19:06:14.814, 19999
2026/09/26 19:06:15.314, 19999
2026/09/26 19:06:15.814, 19999
2026/09/26 19:06:16.314, 19999
2026/09/26 19:06:16.815, 19999
2026/09/26 19:06:17.315, 19999
2026/09/26 19:06:17.815, 19999
2026/09/26 19:06:18.315, 19999
2026/09/26 19:06:18.815, 19999
2026/09/26 19:06:19.315, 19999
2026/09/26 19:06:19.816, 19999
2026/09/26 19:06:20.316, 19999
2026/09/26 19:06:20.816, 19999
2026/09/26 19:06:21.316, 19999
2026/09/26 19:06:21.816, 19999
2026/09/26 19:06:22.316, 19999
2026/09/26 19:06:22.817, 19999
2026/09/26 19:06:23.317, 19999
2026/09/26 19:06:23.817, 19999
2026/09/26 19:06:24.317, 19999
2026/09/26 19:06:24.817, 19999
2026/09/26 19:06:25.317, 19999
2026/09/26 19:06:25.818, 19999
2026/09/26 19:06:26.318, 19999
2026/09/26 19:06:26.818, 19999
2026/09/26 19:06:27.318, 19999
2026/09/26 19:06:27.818, 19999
2026/09/26 19:06:28.319, 19999
2026/09/26 19:06:28.819, 19999
2026/09/26 19:06:29.319, 19999
2026/09/26 19:06:29.819, 19999
2026/09/26 19:06:30.319, 19999
2026/09/26 19:06:30.819, 19999
2026/09/26 19:06:31.320, 19999
2026/09/26 19:06:31.820, 19999
2026/09/26 19:06:32.320, 19999
2026/09/26 19:06:32.820, 19999
2026/09/26 19:06:33.320, 19999
2026/09/26 19:06:33.820, 19999
2026/09/26 19:06:34.321, 19999
2026/09/26 19:06:34.821, 19999
2026/09/26 19:06:35.321, 19999
2026/09/26 19:06:35.821, 19999
2026/09/26 19:06:36.321, 19999
2026/09/26 19:06:36.821, 19999
2026/09/26 19:06:37.322, 19999
2026/09/26 19:06:37.822, 19999
2026/09/26 19:06:38.322, 19999
2026/09/26 19:06:38.822, 19999
2026/09/26 19:06:39.322, 19999
2026/09/26 19:06:39.822, 19999
2026/09/26 19:06:40.323, 19999
2026/09/26 19:06:40.823, 19999
2026/09/26 19:06:41.323, 19999
2026/09/26 19:06:41.823, 19999
2026/09/26 19:06:42.323, 19999
2026/09/26 19:06:42.823, 19999
2026/09/26 19:06:43.324, 19999
2026/09/26 19:06:43.824, 19999
2026/09/26 19:06:44.324, 19999
2026/09/26 19:06:44.824, 19999
2026/09/26 19:06:45.325, 19999
2026/09/26 19:06:45.825, 19999
2026/09/26 19:06:46.325, 19999
2026/09/26 19:06:46.825, 19999
2026/09/26 19:06:47.325, 19999
2026/09/26 19:06:47.825, 19999
2026/09/26 19:06:48.326, 19999
2026/09/26 19:06:48.826, 19999
2026/09/26 19:06:49.326, 19999
2026/09/26 19:06:49.826, 19999
2026/09/26 19:06:50.326, 19999
2026/09/26 19:06:50.826, 19999
2026/09/26 19:06:51.326, 19999
2026/09/26 19:06:51.827, 19999
2026/09/26 19:06:52.327, 19999
2026/09/26 19:06:52.827, 19999
2026/09/26 19:06:53.327, 19999
2026/09/26 19:06:53.827, 19999
2026/09/26 19:06:54.327, 19999
2026/09/26 19:06:54.828, 19999
2026/09/26 19:06:55.328, 19999
2026/09/26 19:06:55.828, 19999
2026/09/26 19:06:56.328, 19999
2026/09/26 19:06:56.829, 19999
2026/09/26 19:06:57.329, 19999
2026/09/26 19:06:57.829, 19999
2026/09/26 19:06:58.329, 19999
2026/09/26 19:06:58.830, 19999
2026/09/26 19:06:59.330, 19999
2026/09/26 19:06:59.830, 19999
2026/09/26 19:07:00.330, 19999
2026/09/26 19:07:00.830, 19999
2026/09/26 19:07:01.330, 19999
2026/09/26 19:07:01.830, 19999
2026/09/26 19:07:02.331, 19999
2026/09/26 19:07:02.831, 19999
2026/09/26 19:07:03.331, 19999
2026/09/26 19:07:03.831, 19999
2026/09/26 19:07:04.331, 19999
2026/09/26 19:07:04.831, 19999
2026/09/26 19:07:05.332, 19999
2026/09/26 19:07:05.832, 19999
2026/09/26 19:07:06.332, 19999
2026/09/26 19:07:06.832, 19999
2026/09/26 19:07:07.332, 19999
2026/09/26 19:07:07.832, 19999
2026/09/26 19:07:08.333, 19999
2026/09/26 19:07:08.833, 19999
2026/09/26 19:07:09.333, 19999
2026/09/26 19:07:09.833, 19999
2026/09/26 19:07:10.333, 19999
2026/09/26 19:07:10.833, 19999
2026/09/26 19:07:11.334, 19999
2026/09/26 19:07:11.834, 19999
2026/09/26 19:07:12.334, 19999
2026/09/26 19:07:12.834, 19999
2026/09/26 19:07:13.334, 19999
2026/09/26 19:07:13.834, 19999
2026/09/26 19:07:14.335, 19999
2026/09/26 19:07:14.835, 19999
2026/09/26 19:07:15.335, 19999
2026/09/26 19:07:15.835, 19999
2026/09/26 19:07:16.335, 19999
2026/09/26 19:07:16.835, 19999
2026/09/26 19:07:17.336, 19999
2026/09/26 19:07:17.836, 19999
2026/09/26 19:07:18.336, 19999
2026/09/26 19:07:18.836, 19999
2026/09/26 19:07:19.337, 19999
2026/09/26 19:07:19.837, 19999
2026/09/26 19:07:20.337, 19999
2026/09/26 19:07:20.837, 19999
2026/09/26 19:07:21.337, 19999
2026/09/26 19:07:21.837, 19999
2026/09/26 19:07:22.338, 19999
2026/09/26 19:07:22.838, 19999
2026/09/26 19:07:23.338, 19999
2026/09/26 19:07:23.838, 19999
2026/09/26 19:07:24.338, 19999
2026/09/26 19:07:24.838, 19999
2026/09/26 19:07:25.339, 19999
2026/09/26 19:07:25.839, 19999
2026/09/26 19:07:26.339, 19999
2026/09/26 19:07:26.839, 19999
2026/09/26 19:07:27.339, 19999
2026/09/26 19:07:27.839, 19999
2026/09/26 19:07:28.339, 19999
2026/09/26 19:07:28.840, 19999
2026/09/26 19:07:29.340, 19999
2026/09/26 19:07:29.840, 19999
2026/09/26 19:07:30.340, 19999
2026/09/26 19:07:30.840, 19999
2026/09/26 19:07:31.341, 19999
2026/09/26 19:07:31.841, 19999
2026/09/26 19:07:32.341, 19999
2026/09/26 19:07:32.841, 19999
2026/09/26 19:07:33.341, 19999
2026/09/26 19:07:33.841, 19999
2026/09/26 19:07:34.342, 19999
2026/09/26 19:07:34.842, 19999
2026/09/26 19:07:35.342, 19999
2026/09/26 19:07:35.842, 19999
2026/09/26 19:07:36.342, 19999
2026/09/26 19:07:36.842, 19999
2026/09/26 19:07:37.343, 19999
2026/09/26 19:07:37.843, 19999
2026/09/26 19:07:38.343, 19999
2026/09/26 19:07:38.843, 19999
2026/09/26 19:07:39.343, 19999
2026/09/26 19:07:39.843, 19999
2026/09/26 19:07:40.344, 19999
2026/09/26 19:07:40.844, 19999
2026/09/26 19:07:41.344, 19999
2026/09/26 19:07:41.844, 19999
2026/09/26 19:07:42.344, 19999
2026/09/26 19:07:42.844, 19999
2026/09/26 19:07:43.345, 19999
2026/09/26 19:07:43.845, 19999
2026/09/26 19:07:44.345, 19999
2026/09/26 19:07:44.845, 19999
2026/09/26 19:07:45.345, 19999
2026/09/26 19:07:45.846, 19999
2026/09/26 19:07:46.346, 19999
2026/09/26 19:07:46.846, 19999
2026/09/26 19:07:47.346, 19999
2026/09/26 19:07:47.846, 19999
2026/09/26 19:07:48.346, 19999
2026/09/26 19:07:48.847, 19999
2026/09/26 19:07:49.347, 19999
2026/09/26 19:07:49.847, 19999
2026/09/26 19:07:50.347, 19999
2026/09/26 19:07:50.847, 19999
2026/09/26 19:07:51.347, 19999
2026/09/26 19:07:51.848, 19999
2026/09/26 19:07:52.348, 19999
2026/09/26 19:07:52.848, 19999
2026/09/26 19:07:53.348, 19999
2026/09/26 19:07:53.848, 19999
2026/09/26 19:07:54.349, 19999
2026/09/26 19:07:54.849, 19999
2026/09/26 19:07:55.349, 19999
2026/09/26 19:07:55.849, 19999
2026/09/26 19:07:56.349, 19999
2026/09/26 19:07:56.850, 19999
2026/09/26 19:07:57.350, 19999
2026/09/26 19:07:57.850, 19999
2026/09/26 19:07:58.350, 19999
2026/09/26 19:07:58.850, 19999
2026/09/26 19:07:59.350, 19999
2026/09/26 19:07:59.850, 19999
2026/09/26 19:08:00.351, 19999
2026/09/26 19:08:00.851, 19999
2026/09/26 19:08:01.351, 19999
2026/09/26 19:08:01.851, 19999
2026/09/26 19:08:02.351, 19999
2026/09/26 19:08:02.851, 19999
2026/09/26 19:08:03.352, 19999
2026/09/26 19:08:03.852, 19999
2026/09/26 19:08:04.352, 19999
2026/09/26 19:08:04.852, 19999
2026/09/26 19:08:05.352, 19999
2026/09/26 19:08:05.852, 19999
2026/09/26 19:08:06.353, 19999
2026/09/26 19:08:06.853, 19999
2026/09/26 19:08:07.353, 19999
2026/09/26 19:08:07.853, 19999
2026/09/26 19:08:08.353, 19999
2026/09/26 19:08:08.853, 19999
2026/09/26 19:08:09.354, 19999
2026/09/26 19:08:09.854, 19999
2026/09/26 19:08:10.354, 19999
2026/09/26 19:08:10.854, 19999
2026/09/26 19:08:11.354, 19999
2026/09/26 19:08:11.854, 19999
2026/09/26 19:08:12.355, 19999
2026/09/26 19:08:12.855, 19999
2026/09/26 19:08:13.355, 19999
2026/09/26 19:08:13.855, 19999
2026/09/26 19:08:14.355, 19999
2026/09/26 19:08:14.855, 19999
2026/09/26 19:08:15.356, 19999
2026/09/26 19:08:15.856, 19999
2026/09/26 19:08:16.356, 19999
2026/09/26 19:08:16.856, 19999
2026/09/26 19:08:17.356, 19999
2026/09/26 19:08:17.856, 19999
2026/09/26 19:08:18.357, 19999
2026/09/26 19:08:18.857, 19999
2026/09/26 19:08:19.357, 19999
2026/09/26 19:08:19.857, 19999
2026/09/26 19:08:20.357, 19999
2026/09/26 19:08:20.857, 19999
2026/09/26 19:08:21.357, 19999
2026/09/26 19:08:21.858, 19999
2026/09/26 19:08:22.358, 19999
2026/09/26 19:08:22.858, 19999
2026/09/26 19:08:23.358, 19999
2026/09/26 19:08:23.858, 19999
2026/09/26 19:08:24.358, 19999
2026/09/26 19:08:24.859, 19999
2026/09/26 19:08:25.359, 19999
2026/09/26 19:08:25.859, 19999
2026/09/26 19:08:26.359, 19999
2026/09/26 19:08:26.859, 19999
2026/09/26 19:08:27.359, 19999
2026/09/26 19:08:27.860, 19999
2026/09/26 19:08:28.360, 19999
2026/09/26 19:08:28.860, 19999
2026/09/26 19:08:29.360, 19999
2026/09/26 19:08:29.860, 19999
2026/09/26 19:08:30.360, 19999
2026/09/26 19:08:30.860, 19999
2026/09/26 19:08:31.361, 19999
2026/09/26 19:08:31.861, 19999
2026/09/26 19:08:32.361, 19999
2026/09/26 19:08:32.861, 19999
2026/09/26 19:08:33.361, 19999
2026/09/26 19:08:33.861, 19999
2026/09/26 19:08:34.362, 19999
2026/09/26 19:08:34.862, 19999
2026/09/26 19:08:35.362, 19999
2026/09/26 19:08:35.862, 19999
2026/09/26 19:08:36.362, 19999
2026/09/26 19:08:36.862, 19999
2026/09/26 19:08:37.362, 19999
2026/09/26 19:08:37.863, 19999
2026/09/26 19:08:38.363, 19999
2026/09/26 19:08:38.863, 19999
2026/09/26 19:08:39.363, 19999
2026/09/26 19:08:39.863, 19999
2026/09/26 19:08:40.363, 19999
2026/09/26 19:08:40.864, 19999
2026/09/26 19:08:41.364, 19999
2026/09/26 19:08:41.864, 19999
2026/09/26 19:08:42.364, 19999
2026/09/26 19:08:42.864, 19999
2026/09/26 19:08:43.364, 19999
2026/09/26 19:08:43.864, 19999
2026/09/26 19:08:44.365, 19999
2026/09/26 19:08:44.865, 19999
2026/09/26 19:08:45.365, 19999
2026/09/26 19:08:45.865, 19999
2026/09/26 19:08:46.365, 19999
2026/09/26 19:08:46.865, 19999
2026/09/26 19:08:47.365, 19999
2026/09/26 19:08:47.866, 19999
2026/09/26 19:08:48.366, 19999
2026/09/26 19:08:48.866, 19999
2026/09/26 19:08:49.366, 19999
2026/09/26 19:08:49.866, 19999
2026/09/26 19:08:50.366, 19999
2026/09/26 19:08:50.867, 19999
2026/09/26 19:08:51.367, 19999
2026/09/26 19:08:51.867, 19999
2026/09/26 19:08:52.367, 19999
2026/09/26 19:08:52.867, 19999
2026/09/26 19:08:53.367, 19999
2026/09/26 19:08:53.867, 19999
2026/09/26 19:08:54.368, 19999
2026/09/26 19:08:54.868, 19999
2026/09/26 19:08:55.368, 19999
2026/09/26 19:08:55.868, 19999
2026/09/26 19:08:56.368, 19999
2026/09/26 19:08:56.868, 19999
2026/09/26 19:08:57.369, 19999
2026/09/26 19:08:57.869, 19999
2026/09/26 19:08:58.369, 19999
2026/09/26 19:08:58.869, 19999
2026/09/26 19:08:59.369, 19999
2026/09/26 19:08:59.869, 19999
2026/09/26 19:09:00.370, 19999
2026/09/26 19:09:00.870, 19999
2026/09/26 19:09:01.370, 19999
2026/09/26 19:09:01.870, 19999
2026/09/26 19:09:02.370, 19999
2026/09/26 19:09:02.870, 19999
2026/09/26 19:09:03.370, 19999
2026/09/26 19:09:03.871, 19999
2026/09/26 19:09:04.371, 19999
2026/09/26 19:09:04.871, 19999
2026/09/26 19:09:05.371, 19999
2026/09/26 19:09:05.871, 19999
2026/09/26 19:09:06.371, 19999
2026/09/26 19:09:06.872, 19999
2026/09/26 19:09:07.372, 19999
2026/09/26 19:09:07.872, 19999
2026/09/26 19:09:08.372, 19999
2026/09/26 19:09:08.872, 19999
2026/09/26 19:09:09.372, 19999
2026/09/26 19:09:09.872, 19999
2026/09/26 19:09:10.373, 19999
2026/09/26 19:09:10.873, 19999
2026/09/26 19:09:11.373, 19999
2026/09/26 19:09:11.873, 19999
2026/09/26 19:09:12.373, 19999
2026/09/26 19:09:12.873, 19999
2026/09/26 19:09:13.373, 19999
2026/09/26 19:09:13.874, 19999
2026/09/26 19:09:14.374, 19999
2026/09/26 19:09:14.874, 19999
2026/09/26 19:09:15.374, 19999
2026/09/26 19:09:15.874, 19999
2026/09/26 19:09:16.374, 19999
2026/09/26 19:09:16.874, 19999
2026/09/26 19:09:17.375, 19999
2026/09/26 19:09:17.875, 19999
2026/09/26 19:09:18.375, 19999
2026/09/26 19:09:18.875, 19999
2026/09/26 19:09:19.375, 19999
2026/09/26 19:09:19.875, 19999
2026/09/26 19:09:20.376, 19999
2026/09/26 19:09:20.876, 19999
2026/09/26 19:09:21.376, 19999
2026/09/26 19:09:21.884, 19999
2026/09/26 19:09:22.384, 19999
2026/09/26 19:09:22.884, 19999
2026/09/26 19:09:23.384, 19999
2026/09/26 19:09:23.884, 19999
2026/09/26 19:09:24.384, 19999
2026/09/26 19:09:24.884, 19999
2026/09/26 19:09:25.385, 19999
2026/09/26 19:09:25.885, 19999
2026/09/26 19:09:26.385, 19999
2026/09/26 19:09:26.894, 19999
2026/09/26 19:09:27.394, 19999
2026/09/26 19:09:27.894, 19999
2026/09/26 19:09:28.394, 19999
2026/09/26 19:09:28.894, 19999
2026/09/26 19:09:29.394, 19999
2026/09/26 19:09:29.895, 19999
2026/09/26 19:09:30.395, 19999
2026/09/26 19:09:30.895, 19999
2026/09/26 19:09:31.395, 19999
2026/09/26 19:09:31.895, 19999
2026/09/26 19:09:32.395, 19999
2026/09/26 19:09:32.896, 19999
2026/09/26 19:09:33.396, 19999
2026/09/26 19:09:33.896, 19999
2026/09/26 19:09:34.396, 19999
2026/09/26 19:09:34.896, 19999
2026/09/26 19:09:35.396, 19999
2026/09/26 19:09:35.896, 19999
2026/09/26 19:09:36.397, 19999
2026/09/26 19:09:36.897, 19999
2026/09/26 19:09:37.397, 19999
2026/09/26 19:09:37.897, 19999
2026/09/26 19:09:38.397, 19999
2026/09/26 19:09:38.897, 19999
2026/09/26 19:09:39.397, 19999
2026/09/26 19:09:39.898, 19999
2026/09/26 19:09:40.398, 19999
2026/09/26 19:09:40.898, 19999
2026/09/26 19:09:41.398, 19999
2026/09/26 19:09:41.898, 19999
2026/09/26 19:09:42.398, 19999
2026/09/26 19:09:42.899, 19999
2026/09/26 19:09:43.399, 19999
2026/09/26 19:09:43.899, 19999
2026/09/26 19:09:44.399, 19999
2026/09/26 19:09:44.899, 19999
2026/09/26 19:09:45.399, 19999
2026/09/26 19:09:45.899, 19999
2026/09/26 19:09:46.400, 19999
2026/09/26 19:09:46.900, 19999
2026/09/26 19:09:47.400, 19999
2026/09/26 19:09:47.900, 19999
2026/09/26 19:09:48.400, 19999
2026/09/26 19:09:48.900, 19999
2026/09/26 19:09:49.400, 19999
2026/09/26 19:09:49.901, 19999
2026/09/26 19:09:50.401, 19999
2026/09/26 19:09:50.901, 19999
2026/09/26 19:09:51.401, 19999
2026/09/26 19:09:51.901, 19999
2026/09/26 19:09:52.401, 19999
2026/09/26 19:09:52.902, 19999
2026/09/26 19:09:53.402, 19999
2026/09/26 19:09:53.902, 19999
2026/09/26 19:09:54.402, 19999
2026/09/26 19:09:54.902, 19999
2026/09/26 19:09:55.402, 19999
2026/09/26 19:09:55.902, 19999
2026/09/26 19:09:56.403, 19999
2026/09/26 19:09:56.903, 19999
2026/09/26 19:09:57.403, 19999
2026/09/26 19:09:57.903, 19999
2026/09/26 19:09:58.403, 19999
2026/09/26 19:09:58.903, 19999
2026/09/26 19:09:59.403, 19999
2026/09/26 19:09:59.904, 19999
2026/09/26 19:10:00.404, 19999
2026/09/26 19:10:00.904, 19999
2026/09/26 19:10:01.404, 19999
2026/09/26 19:10:01.904, 19999
2026/09/26 19:10:02.404, 19999
2026/09/26 19:10:02.904, 19999
2026/09/26 19:10:03.405, 19999
2026/09/26 19:10:03.905, 19999
2026/09/26 19:10:04.405, 19999
2026/09/26 19:10:04.905, 19999
2026/09/26 19:10:05.405, 19999
2026/09/26 19:10:05.905, 19999
2026/09/26 19:10:06.406, 19999
2026/09/26 19:10:06.906, 19999
2026/09/26 19:10:07.406, 19999
2026/09/26 19:10:07.906, 19999
2026/09/26 19:10:08.406, 19999
2026/09/26 19:10:08.906, 19999
2026/09/26 19:10:09.407, 19999
2026/09/26 19:10:09.907, 19999
2026/09/26 19:10:10.407, 19999
2026/09/26 19:10:10.907, 19999
2026/09/26 19:10:11.407, 19999
2026/09/26 19:10:11.907, 19999
2026/09/26 19:10:12.407, 19999
2026/09/26 19:10:12.908, 19999
2026/09/26 19:10:13.408, 19999
2026/09/26 19:10:13.908, 19999
2026/09/26 19:10:14.408, 19999
2026/09/26 19:10:14.908, 19999
2026/09/26 19:10:15.409, 19999
2026/09/26 19:10:15.909, 19999
2026/09/26 19:10:16.409, 19999
2026/09/26 19:10:16.909, 19999
2026/09/26 19:10:17.409, 19999
2026/09/26 19:10:17.909, 19999
2026/09/26 19:10:18.410, 19999
2026/09/26 19:10:18.910, 19999
2026/09/26 19:10:19.410, 19999
2026/09/26 19:10:19.910, 19999
2026/09/26 19:10:20.410, 19999
2026/09/26 19:10:20.910, 19999
2026/09/26 19:10:21.410, 19999
2026/09/26 19:10:21.911, 19999
2026/09/26 19:10:22.411, 19999
2026/09/26 19:10:22.911, 19999
2026/09/26 19:10:23.411, 19999
2026/09/26 19:10:23.911, 19999
2026/09/26 19:10:24.411, 19999
2026/09/26 19:10:24.912, 19999
2026/09/26 19:10:25.412, 19999
2026/09/26 19:10:25.912, 19999
2026/09/26 19:10:26.412, 19999
2026/09/26 19:10:26.912, 19999
2026/09/26 19:10:27.412, 19999
2026/09/26 19:10:27.912, 19999
2026/09/26 19:10:28.413, 19999
2026/09/26 19:10:28.913, 19999
2026/09/26 19:10:29.413, 19999
2026/09/26 19:10:29.913, 19999
2026/09/26 19:10:30.413, 19999
2026/09/26 19:10:30.913, 19999
2026/09/26 19:10:31.414, 19999
2026/09/26 19:10:31.914, 19999
2026/09/26 19:10:32.414, 19999
2026/09/26 19:10:32.914, 19999
2026/09/26 19:10:33.414, 19999
2026/09/26 19:10:33.914, 19999
2026/09/26 19:10:34.415, 19999
2026/09/26 19:10:34.915, 19999
2026/09/26 19:10:35.415, 19999
2026/09/26 19:10:35.915, 19999
2026/09/26 19:10:36.415, 19999
2026/09/26 19:10:36.915, 19999
2026/09/26 19:10:37.415, 19999
2026/09/26 19:10:37.916, 19999
2026/09/26 19:10:38.416, 19999
2026/09/26 19:10:38.916, 19999
2026/09/26 19:10:39.416, 19999
2026/09/26 19:10:39.916, 19999
2026/09/26 19:10:40.416, 19999
2026/09/26 19:10:40.917, 19999
2026/09/26 19:10:41.417, 19999
2026/09/26 19:10:41.917, 19999
2026/09/26 19:10:42.417, 19999
2026/09/26 19:10:42.917, 19999
2026/09/26 19:10:43.417, 19999
2026/09/26 19:10:43.917, 19999
2026/09/26 19:10:44.417, 19999
2026/09/26 19:10:44.918, 19999
2026/09/26 19:10:45.418, 19999
2026/09/26 19:10:45.918, 19999
2026/09/26 19:10:46.418, 19999
2026/09/26 19:10:46.918, 19999
2026/09/26 19:10:47.418, 19999
2026/09/26 19:10:47.918, 19999
2026/09/26 19:10:48.419, 19999
2026/09/26 19:10:48.919, 19999
2026/09/26 19:10:49.419, 19999
2026/09/26 19:10:49.920, 19999
2026/09/26 19:10:50.420, 19999
2026/09/26 19:10:50.920, 19999
2026/09/26 19:10:51.421, 19999
2026/09/26 19:10:51.921, 19999
2026/09/26 19:10:52.421, 19999
2026/09/26 19:10:52.921, 19999
2026/09/26 19:10:53.421, 19999
2026/09/26 19:10:53.921, 19999
2026/09/26 19:10:54.421, 19999
2026/09/26 19:10:54.922, 19999
2026/09/26 19:10:55.422, 19999
2026/09/26 19:10:55.922, 19999
2026/09/26 19:10:56.422, 19999
2026/09/26 19:10:56.922, 19999
2026/09/26 19:10:57.422, 19999
2026/09/26 19:10:57.922, 19999
2026/09/26 19:10:58.423, 19999
2026/09/26 19:10:58.923, 19999
2026/09/26 19:10:59.423, 19999
2026/09/26 19:10:59.923, 19999
2026/09/26 19:11:00.423, 19999
2026/09/26 19:11:00.923, 19999
2026/09/26 19:11:01.424, 19999
2026/09/26 19:11:01.924, 19999
2026/09/26 19:11:02.424, 19999
2026/09/26 19:11:02.924, 19999
2026/09/26 19:11:03.424, 19999
2026/09/26 19:11:03.924, 19999
2026/09/26 19:11:04.424, 19999
2026/09/26 19:11:04.925, 19999
2026/09/26 19:11:05.425, 19999
2026/09/26 19:11:05.925, 19999
2026/09/26 19:11:06.425, 19999
2026/09/26 19:11:06.925, 19999
2026/09/26 19:11:07.425, 19999
2026/09/26 19:11:07.926, 19999
2026/09/26 19:11:08.426, 19999
2026/09/26 19:11:08.926, 19999
2026/09/26 19:11:09.426, 19999
2026/09/26 19:11:09.926, 19999
2026/09/26 19:11:10.426, 19999
2026/09/26 19:11:10.926, 19999
2026/09/26 19:11:11.427, 19999
2026/09/26 19:11:11.927, 19999
2026/09/26 19:11:12.427, 19999
2026/09/26 19:11:12.927, 19999
2026/09/26 19:11:13.427, 19999
2026/09/26 19:11:13.927, 19999
2026/09/26 19:11:14.427, 19999
2026/09/26 19:11:14.928, 19999
2026/09/26 19:11:15.428, 19999
2026/09/26 19:11:15.928, 19999
2026/09/26 19:11:16.428, 19999
2026/09/26 19:11:16.928, 19999
2026/09/26 19:11:17.428, 19999
2026/09/26 19:11:17.929, 19999
2026/09/26 19:11:18.429, 19999
2026/09/26 19:11:18.929, 19999
2026/09/26 19:11:19.429, 19999
2026/09/26 19:11:19.929, 19999
2026/09/26 19:11:20.429, 19999
2026/09/26 19:11:20.930, 19999
2026/09/26 19:11:21.430, 19999
2026/09/26 19:11:21.930, 19999
2026/09/26 19:11:22.430, 19999
2026/09/26 19:11:22.930, 19999
2026/09/26 19:11:23.430, 19999
2026/09/26 19:11:23.930, 19999
2026/09/26 19:11:24.431, 19999
2026/09/26 19:11:24.931, 19999
2026/09/26 19:11:25.431, 19999
2026/09/26 19:11:25.931, 19999
2026/09/26 19:11:26.431, 19999
2026/09/26 19:11:26.931, 19999
2026/09/26 19:11:27.432, 19999
2026/09/26 19:11:27.932, 19999
2026/09/26 19:11:28.432, 19999
2026/09/26 19:11:28.932, 19999
2026/09/26 19:11:29.432, 19999
2026/09/26 19:11:29.932, 19999
2026/09/26 19:11:30.432, 19999
2026/09/26 19:11:30.933, 19999
2026/09/26 19:11:31.433, 19999
2026/09/26 19:11:31.933, 19999
2026/09/26 19:11:32.433, 19999
2026/09/26 19:11:32.933, 19999
2026/09/26 19:11:33.433, 19999
2026/09/26 19:11:33.934, 19999
2026/09/26 19:11:34.434, 19999
2026/09/26 19:11:34.934, 19999
2026/09/26 19:11:35.434, 19999
2026/09/26 19:11:35.934, 19999
2026/09/26 19:11:36.434, 19999
2026/09/26 19:11:36.934, 19999
2026/09/26 19:11:37.435, 19999
2026/09/26 19:11:37.935, 19999
2026/09/26 19:11:38.435, 19999
2026/09/26 19:11:38.935, 19999
2026/09/26 19:11:39.435, 19999
2026/09/26 19:11:39.935, 19999
2026/09/26 19:11:40.435, 19999
2026/09/26 19:11:40.936, 19999
2026/09/26 19:11:41.436, 19999
2026/09/26 19:11:41.936, 19999
2026/09/26 19:11:42.436, 19999
2026/09/26 19:11:42.936, 19999
2026/09/26 19:11:43.436, 19999
2026/09/26 19:11:43.936, 19999
2026/09/26 19:11:44.437, 19999
2026/09/26 19:11:44.937, 19999
2026/09/26 19:11:45.437, 19999
2026/09/26 19:11:45.937, 19999
2026/09/26 19:11:46.437, 19999
2026/09/26 19:11:46.937, 19999
2026/09/26 19:11:47.437, 19999
2026/09/26 19:11:47.937, 19999
2026/09/26 19:11:48.438, 19999
2026/09/26 19:11:48.938, 19999
2026/09/26 19:11:49.438, 19999
2026/09/26 19:11:49.938, 19999
2026/09/26 19:11:50.438, 19999
2026/09/26 19:11:50.938, 19999
2026/09/26 19:11:51.439, 19999
2026/09/26 19:11:51.939, 19999
2026/09/26 19:11:52.439, 19999
2026/09/26 19:11:52.939, 19999
2026/09/26 19:11:53.439, 19999
2026/09/26 19:11:53.939, 19999
2026/09/26 19:11:54.439, 19999
2026/09/26 19:11:54.940, 19999
2026/09/26 19:11:55.440, 19999
2026/09/26 19:11:55.940, 19999
2026/09/26 19:11:56.440, 19999
2026/09/26 19:11:56.940, 19999
2026/09/26 19:11:57.440, 19999
2026/09/26 19:11:57.940, 19999
2026/09/26 19:11:58.440, 19999
2026/09/26 19:11:58.941, 19999
2026/09/26 19:11:59.441, 19999
2026/09/26 19:11:59.941, 19999
2026/09/26 19:12:00.441, 19999
2026/09/26 19:12:00.941, 19999
2026/09/26 19:12:01.441, 19999
2026/09/26 19:12:01.941, 19999
2026/09/26 19:12:02.441, 19999
2026/09/26 19:12:02.942, 19999
2026/09/26 19:12:03.442, 19999
2026/09/26 19:12:03.942, 19999
2026/09/26 19:12:04.442, 19999
2026/09/26 19:12:04.942, 19999
2026/09/26 19:12:05.442, 19999
2026/09/26 19:12:05.942, 19999
2026/09/26 19:12:06.443, 19999
2026/09/26 19:12:06.943, 19999
2026/09/26 19:12:07.443, 19999
2026/09/26 19:12:07.943, 19999
2026/09/26 19:12:08.443, 19999
2026/09/26 19:12:08.943, 19999
2026/09/26 19:12:09.444, 19999
2026/09/26 19:12:09.944, 19999
2026/09/26 19:12:10.444, 19999
2026/09/26 19:12:10.944, 19999
2026/09/26 19:12:11.444, 19999
2026/09/26 19:12:11.945, 19999
2026/09/26 19:12:12.445, 19999
2026/09/26 19:12:12.945, 19999
2026/09/26 19:12:13.445, 19999
2026/09/26 19:12:13.945, 19999
2026/09/26 19:12:14.445, 19999
2026/09/26 19:12:14.945, 19999
2026/09/26 19:12:15.446, 19999
2026/09/26 19:12:15.946, 19999
2026/09/26 19:12:16.446, 19999
2026/09/26 19:12:16.946, 19999
2026/09/26 19:12:17.446, 19999
2026/09/26 19:12:17.946, 19999
2026/09/26 19:12:18.447, 19999
2026/09/26 19:12:18.947, 19999
2026/09/26 19:12:19.447, 19999
2026/09/26 19:12:19.947, 19999
2026/09/26 19:12:20.447, 19999
2026/09/26 19:12:20.947, 19999
2026/09/26 19:12:21.448, 19999
2026/09/26 19:12:21.948, 19999
2026/09/26 19:12:22.448, 19999
2026/09/26 19:12:22.949, 19999
2026/09/26 19:12:23.449, 19999
2026/09/26 19:12:23.949, 19999
2026/09/26 19:12:24.449, 19999
2026/09/26 19:12:24.949, 19999
2026/09/26 19:12:25.449, 19999
2026/09/26 19:12:25.950, 19999
2026/09/26 19:12:26.450, 19999
2026/09/26 19:12:26.950, 19999
2026/09/26 19:12:27.450, 19999
2026/09/26 19:12:27.950, 19999
2026/09/26 19:12:28.450, 19999
2026/09/26 19:12:28.951, 19999
2026/09/26 19:12:29.451, 19999
2026/09/26 19:12:29.951, 19999
2026/09/26 19:12:30.451, 19999
2026/09/26 19:12:30.951, 19999
2026/09/26 19:12:31.451, 19999
2026/09/26 19:12:31.951, 19999
2026/09/26 19:12:32.451, 19999
2026/09/26 19:12:32.952, 19999
2026/09/26 19:12:33.452, 19999
2026/09/26 19:12:33.952, 19999
2026/09/26 19:12:34.452, 19999
2026/09/26 19:12:34.952, 19999
2026/09/26 19:12:35.452, 19999
2026/09/26 19:12:35.953, 19999
2026/09/26 19:12:36.453, 19999
2026/09/26 19:12:36.953, 19999
2026/09/26 19:12:37.453, 19999
2026/09/26 19:12:37.953, 19999
2026/09/26 19:12:38.453, 19999
2026/09/26 19:12:38.953, 19999
2026/09/26 19:12:39.454, 19999
2026/09/26 19:12:39.954, 19999
2026/09/26 19:12:40.454, 19999
2026/09/26 19:12:40.954, 19999
2026/09/26 19:12:41.454, 19999
2026/09/26 19:12:41.954, 19999
2026/09/26 19:12:42.454, 19999
2026/09/26 19:12:42.955, 19999
2026/09/26 19:12:43.455, 19999
2026/09/26 19:12:43.955, 19999
2026/09/26 19:12:44.455, 19999
2026/09/26 19:12:44.955, 19999
2026/09/26 19:12:45.455, 19999
2026/09/26 19:12:45.956, 19999
2026/09/26 19:12:46.456, 19999
2026/09/26 19:12:46.956, 19999
2026/09/26 19:12:47.456, 19999
2026/09/26 19:12:47.956, 19999
2026/09/26 19:12:48.456, 19999
2026/09/26 19:12:48.956, 19999
2026/09/26 19:12:49.457, 19999
2026/09/26 19:12:49.957, 19999
2026/09/26 19:12:50.457, 19999
2026/09/26 19:12:50.957, 19999
2026/09/26 19:12:51.457, 19999
2026/09/26 19:12:51.957, 19999
2026/09/26 19:12:52.458, 19999
2026/09/26 19:12:52.958, 19999
2026/09/26 19:12:53.458, 19999
2026/09/26 19:12:53.958, 19999
2026/09/26 19:12:54.458, 19999
2026/09/26 19:12:54.958, 19999
2026/09/26 19:12:55.459, 19999
2026/09/26 19:12:55.959, 19999
2026/09/26 19:12:56.459, 19999
2026/09/26 19:12:56.959, 19999
2026/09/26 19:12:57.459, 19999
2026/09/26 19:12:57.959, 19999
2026/09/26 19:12:58.460, 19999
2026/09/26 19:12:58.960, 19999
2026/09/26 19:12:59.460, 19999
2026/09/26 19:12:59.960, 19999
2026/09/26 19:13:00.460, 19999
2026/09/26 19:13:00.960, 19999
2026/09/26 19:13:01.461, 19999
2026/09/26 19:13:01.961, 19999
2026/09/26 19:13:02.461, 19999
2026/09/26 19:13:02.961, 19999
2026/09/26 19:13:03.462, 19999
2026/09/26 19:13:03.962, 19999
2026/09/26 19:13:04.462, 19999
2026/09/26 19:13:04.962, 19999
2026/09/26 19:13:05.462, 19999
2026/09/26 19:13:05.962, 19999
2026/09/26 19:13:06.463, 19999
2026/09/26 19:13:06.963, 19999
2026/09/26 19:13:07.463, 19999
2026/09/26 19:13:07.963, 19999
2026/09/26 19:13:08.463, 19999
2026/09/26 19:13:08.963, 19999
2026/09/26 19:13:09.464, 19999
2026/09/26 19:13:09.964, 19999
2026/09/26 19:13:10.464, 19999
2026/09/26 19:13:10.964, 19999
2026/09/26 19:13:11.464, 19999
2026/09/26 19:13:11.964, 19999
2026/09/26 19:13:12.464, 19999
2026/09/26 19:13:12.965, 19999
2026/09/26 19:13:13.465, 19999
2026/09/26 19:13:13.965, 19999
2026/09/26 19:13:14.465, 19999
2026/09/26 19:13:14.965, 19999
2026/09/26 19:13:15.465, 19999
2026/09/26 19:13:15.966, 19999
2026/09/26 19:13:16.466, 19999
2026/09/26 19:13:16.966, 19999
2026/09/26 19:13:17.466, 19999
2026/09/26 19:13:17.966, 19999
2026/09/26 19:13:18.467, 19999
2026/09/26 19:13:18.967, 19999
2026/09/26 19:13:19.467, 19999
2026/09/26 19:13:19.967, 19999
2026/09/26 19:13:20.467, 19999
2026/09/26 19:13:20.967, 19999
2026/09/26 19:13:21.468, 19999
2026/09/26 19:13:21.968, 19999
2026/09/26 19:13:22.468, 19999
2026/09/26 19:13:22.968, 19999
2026/09/26 19:13:23.468, 19999
2026/09/26 19:13:23.969, 19999
2026/09/26 19:13:24.469, 19999
2026/09/26 19:13:24.969, 19999
2026/09/26 19:13:25.469, 19999
2026/09/26 19:13:25.969, 19999
2026/09/26 19:13:26.469, 19999
2026/09/26 19:13:26.970, 19999
2026/09/26 19:13:27.470, 19999
2026/09/26 19:13:27.970, 19999
2026/09/26 19:13:28.470, 19999
2026/09/26 19:13:28.970, 19999
2026/09/26 19:13:29.471, 19999
2026/09/26 19:13:29.971, 19999
2026/09/26 19:13:30.471, 19999
2026/09/26 19:13:30.971, 19999
2026/09/26 19:13:31.471, 19999
2026/09/26 19:13:31.971, 19999
2026/09/26 19:13:32.472, 19999
2026/09/26 19:13:32.972, 19999
2026/09/26 19:13:33.472, 19999
2026/09/26 19:13:33.972, 19999
2026/09/26 19:13:34.472, 19999
2026/09/26 19:13:34.972, 19999
2026/09/26 19:13:35.473, 19999
2026/09/26 19:13:35.973, 19999
2026/09/26 19:13:36.473, 19999
2026/09/26 19:13:36.973, 19999
2026/09/26 19:13:37.473, 19999
2026/09/26 19:13:37.973, 19999
2026/09/26 19:13:38.474, 19999
2026/09/26 19:13:38.974, 19999
2026/09/26 19:13:39.474, 19999
2026/09/26 19:13:39.974, 19999
2026/09/26 19:13:40.474, 19999
2026/09/26 19:13:40.975, 19999
2026/09/26 19:13:41.475, 19999
2026/09/26 19:13:41.975, 19999
2026/09/26 19:13:42.475, 19999
2026/09/26 19:13:42.975, 19999
2026/09/26 19:13:43.476, 19999
2026/09/26 19:13:43.976, 19999
2026/09/26 19:13:44.476, 19999
2026/09/26 19:13:44.976, 19999
2026/09/26 19:13:45.476, 19999
2026/09/26 19:13:45.976, 19999
2026/09/26 19:13:46.477, 19999
2026/09/26 19:13:46.977, 19999
2026/09/26 19:13:47.477, 19999
2026/09/26 19:13:47.977, 19999
2026/09/26 19:13:48.477, 19999
2026/09/26 19:13:48.977, 19999
2026/09/26 19:13:49.478, 19999
2026/09/26 19:13:49.978, 19999
2026/09/26 19:13:50.478, 19999
2026/09/26 19:13:50.978, 19999
2026/09/26 19:13:51.478, 19999
2026/09/26 19:13:51.978, 19999
2026/09/26 19:13:52.478, 19999
2026/09/26 19:13:52.979, 19999
2026/09/26 19:13:53.479, 19999
2026/09/26 19:13:53.979, 19999
2026/09/26 19:13:54.479, 19999
2026/09/26 19:13:54.980, 19999
2026/09/26 19:13:55.480, 19999
2026/09/26 19:13:55.980, 19999
2026/09/26 19:13:56.480, 19999
2026/09/26 19:13:56.980, 19999
2026/09/26 19:13:57.480, 19999
2026/09/26 19:13:57.980, 19999
2026/09/26 19:13:58.481, 19999
2026/09/26 19:13:58.981, 19999
2026/09/26 19:13:59.481, 19999
2026/09/26 19:13:59.981, 19999
2026/09/26 19:14:00.481, 19999
2026/09/26 19:14:00.981, 19999
2026/09/26 19:14:01.482, 19999
2026/09/26 19:14:01.982, 19999
2026/09/26 19:14:02.482, 19999
2026/09/26 19:14:02.982, 19999
2026/09/26 19:14:03.482, 19999
2026/09/26 19:14:03.982, 19999
2026/09/26 19:14:04.483, 19999
2026/09/26 19:14:04.983, 19999
2026/09/26 19:14:05.483, 19999
2026/09/26 19:14:05.983, 19999
2026/09/26 19:14:06.483, 19999
2026/09/26 19:14:06.984, 19999
2026/09/26 19:14:07.484, 19999
2026/09/26 19:14:07.984, 19999
2026/09/26 19:14:08.484, 19999
2026/09/26 19:14:08.984, 19999
2026/09/26 19:14:09.484, 19999
2026/09/26 19:14:09.985, 19999
2026/09/26 19:14:10.485, 19999
2026/09/26 19:14:10.985, 19999
2026/09/26 19:14:11.485, 19999
2026/09/26 19:14:11.985, 19999
2026/09/26 19:14:12.485, 19999
2026/09/26 19:14:12.986, 19999
2026/09/26 19:14:13.486, 19999
2026/09/26 19:14:13.986, 19999
2026/09/26 19:14:14.486, 19999
2026/09/26 19:14:14.986, 19999
2026/09/26 19:14:15.486, 19999
2026/09/26 19:14:15.987, 19999
2026/09/26 19:14:16.487, 19999
2026/09/26 19:14:16.987, 19999
2026/09/26 19:14:17.487, 19999
2026/09/26 19:14:17.987, 19999
2026/09/26 19:14:18.487, 19999
2026/09/26 19:14:18.988, 19999
2026/09/26 19:14:19.488, 19999
2026/09/26 19:14:19.988, 19999
2026/09/26 19:14:20.488, 19999
2026/09/26 19:14:20.988, 19999
2026/09/26 19:14:21.488, 19999
2026/09/26 19:14:21.989, 19999
2026/09/26 19:14:22.489, 19999
2026/09/26 19:14:22.989, 19999
2026/09/26 19:14:23.489, 19999
2026/09/26 19:14:23.989, 19999
2026/09/26 19:14:24.489, 19999
2026/09/26 19:14:24.990, 19999
2026/09/26 19:14:25.490, 19999
2026/09/26 19:14:25.990, 19999
2026/09/26 19:14:26.490, 19999
2026/09/26 19:14:26.990, 19999
2026/09/26 19:14:27.490, 19999
2026/09/26 19:14:27.990, 19999
2026/09/26 19:14:28.491, 19999
2026/09/26 19:14:28.991, 19999
2026/09/26 19:14:29.491, 19999
2026/09/26 19:14:29.991, 19999
2026/09/26 19:14:30.491, 19999
2026/09/26 19:14:30.991, 19999
2026/09/26 19:14:31.492, 19999
2026/09/26 19:14:31.992, 19999
2026/09/26 19:14:32.492, 19999
2026/09/26 19:14:32.992, 19999
2026/09/26 19:14:33.492, 19999
2026/09/26 19:14:33.992, 19999
2026/09/26 19:14:34.493, 19999
2026/09/26 19:14:34.993, 19999
2026/09/26 19:14:35.493, 19999
2026/09/26 19:14:35.993, 19999
2026/09/26 19:14:36.493, 19999
2026/09/26 19:14:36.993, 19999
2026/09/26 19:14:37.493, 19999
2026/09/26 19:14:37.994, 19999
2026/09/26 19:14:38.494, 19999
2026/09/26 19:14:38.994, 19999
2026/09/26 19:14:39.494, 19999
2026/09/26 19:14:39.994, 19999
2026/09/26 19:14:40.494, 19999
2026/09/26 19:14:40.995, 19999
2026/09/26 19:14:41.495, 19999
2026/09/26 19:14:41.995, 19999
2026/09/26 19:14:42.495, 19999
2026/09/26 19:14:42.995, 19999
2026/09/26 19:14:43.495, 19999
2026/09/26 19:14:43.995, 19999
2026/09/26 19:14:44.496, 19999
2026/09/26 19:14:44.996, 19999
2026/09/26 19:14:45.496, 19999
2026/09/26 19:14:45.996, 19999
2026/09/26 19:14:46.496, 19999
2026/09/26 19:14:46.997, 19999
2026/09/26 19:14:47.497, 19999
2026/09/26 19:14:47.997, 19999
2026/09/26 19:14:48.497, 19999
2026/09/26 19:14:48.997, 19999
2026/09/26 19:14:49.497, 19999
2026/09/26 19:14:49.997, 19999
2026/09/26 19:14:50.498, 19999
2026/09/26 19:14:50.998, 19999
2026/09/26 19:14:51.498, 19999
2026/09/26 19:14:51.998, 19999
2026/09/26 19:14:52.498, 19999
2026/09/26 19:14:52.998, 19999
2026/09/26 19:14:53.499, 19999
2026/09/26 19:14:53.999, 19999
2026/09/26 19:14:54.499, 19999
2026/09/26 19:14:54.999, 19999
2026/09/26 19:14:55.500, 19999
2026/09/26 19:14:56.000, 19999
2026/09/26 19:14:56.500, 19999
2026/09/26 19:14:57.000, 19999
2026/09/26 19:14:57.501, 19999
2026/09/26 19:14:58.001, 19999
2026/09/26 19:14:58.501, 19999
2026/09/26 19:14:59.001, 19999
2026/09/26 19:14:59.501, 19999
2026/09/26 19:15:00.001, 19999
2026/09/26 19:15:00.501, 19999
2026/09/26 19:15:01.002, 19999
2026/09/26 19:15:01.502, 19999
2026/09/26 19:15:02.002, 19999
2026/09/26 19:15:02.502, 19999
2026/09/26 19:15:03.002, 19999
2026/09/26 19:15:03.502, 19999
2026/09/26 19:15:04.002, 19999
2026/09/26 19:15:04.503, 19999
2026/09/26 19:15:05.003, 19999
2026/09/26 19:15:05.503, 19999
2026/09/26 19:15:06.003, 19999
2026/09/26 19:15:06.503, 19999
2026/09/26 19:15:07.003, 19999
2026/09/26 19:15:07.503, 19999
2026/09/26 19:15:08.004, 19999
2026/09/26 19:15:08.504, 19999
2026/09/26 19:15:09.004, 19999
2026/09/26 19:15:09.504, 19999
2026/09/26 19:15:10.004, 19999
2026/09/26 19:15:10.504, 19999
2026/09/26 19:15:11.005, 19999
2026/09/26 19:15:11.505, 19999
2026/09/26 19:15:12.005, 19999
2026/09/26 19:15:12.505, 19999
2026/09/26 19:15:13.005, 19999
2026/09/26 19:15:13.505, 19999
2026/09/26 19:15:14.005, 19999
2026/09/26 19:15:14.506, 19999
2026/09/26 19:15:15.006, 19999
2026/09/26 19:15:15.506, 19999
2026/09/26 19:15:16.006, 19999
2026/09/26 19:15:16.506, 19999
2026/09/26 19:15:17.006, 19999
2026/09/26 19:15:17.506, 19999
2026/09/26 19:15:18.007, 19999
2026/09/26 19:15:18.507, 19999
2026/09/26 19:15:19.007, 19999
2026/09/26 19:15:19.507, 19999
2026/09/26 19:15:20.008, 19999
2026/09/26 19:15:20.508, 19999
2026/09/26 19:15:21.008, 19999
2026/09/26 19:15:21.508, 19999
2026/09/26 19:15:22.008, 19999
2026/09/26 19:15:22.508, 19999
2026/09/26 19:15:23.009, 19999
2026/09/26 19:15:23.509, 19999
2026/09/26 19:15:24.009, 19999
2026/09/26 19:15:24.509, 19999
2026/09/26 19:15:25.009, 19999
2026/09/26 19:15:25.509, 19999
2026/09/26 19:15:26.010, 19999
2026/09/26 19:15:26.510, 19999
2026/09/26 19:15:27.010, 19999
2026/09/26 19:15:27.510, 19999
2026/09/26 19:15:28.010, 19999
2026/09/26 19:15:28.510, 19999
2026/09/26 19:15:29.011, 19999
2026/09/26 19:15:29.511, 19999
2026/09/26 19:15:30.011, 19999
2026/09/26 19:15:30.511, 19999
2026/09/26 19:15:31.011, 19999
2026/09/26 19:15:31.511, 19999
2026/09/26 19:15:32.011, 19999
2026/09/26 19:15:32.512, 19999
2026/09/26 19:15:33.012, 19999
2026/09/26 19:15:33.512, 19999
2026/09/26 19:15:34.012, 19999
2026/09/26 19:15:34.512, 19999
2026/09/26 19:15:35.012, 19999
2026/09/26 19:15:35.513, 19999
2026/09/26 19:15:36.013, 19999
2026/09/26 19:15:36.513, 19999
2026/09/26 19:15:37.013, 19999
2026/09/26 19:15:37.513, 19999
2026/09/26 19:15:38.013, 19999
2026/09/26 19:15:38.514, 19999
2026/09/26 19:15:39.014, 19999
2026/09/26 19:15:39.514, 19999
2026/09/26 19:15:40.014, 19999
2026/09/26 19:15:40.514, 19999
2026/09/26 19:15:41.014, 19999
2026/09/26 19:15:41.515, 19999
2026/09/26 19:15:42.015, 19999
2026/09/26 19:15:42.515, 19999
2026/09/26 19:15:43.015, 19999
2026/09/26 19:15:43.515, 19999
2026/09/26 19:15:44.015, 19999
2026/09/26 19:15:44.516, 19999
2026/09/26 19:15:45.016, 19999
2026/09/26 19:15:45.516, 19999
2026/09/26 19:15:46.016, 19999
2026/09/26 19:15:46.516, 19999
2026/09/26 19:15:47.016, 19999
2026/09/26 19:15:47.516, 19999
2026/09/26 19:15:48.017, 19999
2026/09/26 19:15:48.517, 19999
2026/09/26 19:15:49.017, 19999
2026/09/26 19:15:49.517, 19999
2026/09/26 19:15:50.017, 19999
2026/09/26 19:15:50.517, 19999
2026/09/26 19:15:51.018, 19999
2026/09/26 19:15:51.518, 19999
2026/09/26 19:15:52.018, 19999
2026/09/26 19:15:52.518, 19999
2026/09/26 19:15:53.018, 19999
2026/09/26 19:15:53.518, 19999
2026/09/26 19:15:54.019, 19999
2026/09/26 19:15:54.519, 19999
2026/09/26 19:15:55.019, 19999
2026/09/26 19:15:55.519, 19999
2026/09/26 19:15:56.019, 19999
2026/09/26 19:15:56.519, 19999
2026/09/26 19:15:57.020, 19999
2026/09/26 19:15:57.520, 19999
2026/09/26 19:15:58.020, 19999
2026/09/26 19:15:58.520, 19999
2026/09/26 19:15:59.020, 19999
2026/09/26 19:15:59.520, 19999
2026/09/26 19:16:00.021, 19999
2026/09/26 19:16:00.521, 19999
2026/09/26 19:16:01.021, 19999
2026/09/26 19:16:01.521, 19999
2026/09/26 19:16:02.021, 19999
2026/09/26 19:16:02.521, 19999
2026/09/26 19:16:03.021, 19999
2026/09/26 19:16:03.522, 19999
2026/09/26 19:16:04.022, 19999
2026/09/26 19:16:04.522, 19999
2026/09/26 19:16:05.022, 19999
2026/09/26 19:16:05.522, 19999
2026/09/26 19:16:06.022, 19999
2026/09/26 19:16:06.523, 19999
2026/09/26 19:16:07.023, 19999
2026/09/26 19:16:07.523, 19999
2026/09/26 19:16:08.023, 19999
2026/09/26 19:16:08.523, 19999
2026/09/26 19:16:09.023, 19999
2026/09/26 19:16:09.524, 19999
2026/09/26 19:16:10.024, 19999
2026/09/26 19:16:10.524, 19999
2026/09/26 19:16:11.024, 19999
2026/09/26 19:16:11.524, 19999
2026/09/26 19:16:12.024, 19999
2026/09/26 19:16:12.525, 19999
2026/09/26 19:16:13.025, 19999
2026/09/26 19:16:13.525, 19999
2026/09/26 19:16:14.025, 19999
2026/09/26 19:16:14.525, 19999
2026/09/26 19:16:15.026, 19999
2026/09/26 19:16:15.526, 19999
2026/09/26 19:16:16.026, 19999
2026/09/26 19:16:16.526, 19999
2026/09/26 19:16:17.026, 19999
2026/09/26 19:16:17.526, 19999
2026/09/26 19:16:18.027, 19999
2026/09/26 19:16:18.527, 19999
2026/09/26 19:16:19.027, 19999
2026/09/26 19:16:19.527, 19999
2026/09/26 19:16:20.027, 19999
2026/09/26 19:16:20.527, 19999
2026/09/26 19:16:21.028, 19999
2026/09/26 19:16:21.528, 19999
2026/09/26 19:16:22.028, 19999
2026/09/26 19:16:22.528, 19999
2026/09/26 19:16:23.028, 19999
2026/09/26 19:16:23.528, 19999
2026/09/26 19:16:24.029, 19999
2026/09/26 19:16:24.529, 19999
2026/09/26 19:16:25.029, 19999
2026/09/26 19:16:25.529, 19999
2026/09/26 19:16:26.029, 19999
2026/09/26 19:16:26.529, 19999
2026/09/26 19:16:27.030, 19999
2026/09/26 19:16:27.530, 19999
2026/09/26 19:16:28.030, 19999
2026/09/26 19:16:28.530, 19999
2026/09/26 19:16:29.030, 19999
2026/09/26 19:16:29.530, 19999
2026/09/26 19:16:30.030, 19999
2026/09/26 19:16:30.531, 19999
2026/09/26 19:16:31.031, 19999
2026/09/26 19:16:31.531, 19999
2026/09/26 19:16:32.031, 19999
2026/09/26 19:16:32.531, 19999
2026/09/26 19:16:33.031, 19999
2026/09/26 19:16:33.532, 19999
2026/09/26 19:16:34.032, 19999
2026/09/26 19:16:34.532, 19999
2026/09/26 19:16:35.032, 19999
2026/09/26 19:16:35.532, 19999
2026/09/26 19:16:36.033, 19999
2026/09/26 19:16:36.533, 19999
2026/09/26 19:16:37.033, 19999
2026/09/26 19:16:37.533, 19999
2026/09/26 19:16:38.033, 19999
2026/09/26 19:16:38.533, 19999
2026/09/26 19:16:39.033, 19999
2026/09/26 19:16:39.534, 19999
2026/09/26 19:16:40.034, 19999
2026/09/26 19:16:40.534, 19999
2026/09/26 19:16:41.034, 19999
2026/09/26 19:16:41.534, 19999
2026/09/26 19:16:42.034, 19999
2026/09/26 19:16:42.535, 19999
2026/09/26 19:16:43.035, 19999
2026/09/26 19:16:43.535, 19999
2026/09/26 19:16:44.035, 19999
2026/09/26 19:16:44.535, 19999
2026/09/26 19:16:45.035, 19999
2026/09/26 19:16:45.536, 19999
2026/09/26 19:16:46.036, 19999
2026/09/26 19:16:46.536, 19999
2026/09/26 19:16:47.036, 19999
2026/09/26 19:16:47.536, 19999
2026/09/26 19:16:48.037, 19999
2026/09/26 19:16:48.537, 19999
2026/09/26 19:16:49.037, 19999
2026/09/26 19:16:49.537, 19999
2026/09/26 19:16:50.037, 19999
2026/09/26 19:16:50.537, 19999
2026/09/26 19:16:51.037, 19999
2026/09/26 19:16:51.538, 19999
2026/09/26 19:16:52.038, 19999
2026/09/26 19:16:52.538, 19999
2026/09/26 19:16:53.038, 19999
2026/09/26 19:16:53.538, 19999
2026/09/26 19:16:54.038, 19999
2026/09/26 19:16:54.539, 19999
2026/09/26 19:16:55.039, 19999
2026/09/26 19:16:55.539, 19999
2026/09/26 19:16:56.039, 19999
2026/09/26 19:16:56.539, 19999
2026/09/26 19:16:57.039, 19999
2026/09/26 19:16:57.540, 19999
2026/09/26 19:16:58.040, 19999
2026/09/26 19:16:58.540, 19999
2026/09/26 19:16:59.040, 19999
2026/09/26 19:16:59.540, 19999
2026/09/26 19:17:00.040, 19999
2026/09/26 19:17:00.541, 19999
2026/09/26 19:17:01.041, 19999
2026/09/26 19:17:01.541, 19999
2026/09/26 19:17:02.041, 19999
2026/09/26 19:17:02.541, 19999
2026/09/26 19:17:03.041, 19999
2026/09/26 19:17:03.542, 19999
2026/09/26 19:17:04.042, 19999
2026/09/26 19:17:04.542, 19999
2026/09/26 19:17:05.042, 19999
2026/09/26 19:17:05.542, 19999
2026/09/26 19:17:06.042, 19999
2026/09/26 19:17:06.543, 19999
2026/09/26 19:17:07.043, 19999
2026/09/26 19:17:07.543, 19999
2026/09/26 19:17:08.043, 19999
2026/09/26 19:17:08.543, 19999
2026/09/26 19:17:09.043, 19999
2026/09/26 19:17:09.544, 19999
2026/09/26 19:17:10.044, 19999
2026/09/26 19:17:10.544, 19999
2026/09/26 19:17:11.044, 19999
2026/09/26 19:17:11.544, 19999
2026/09/26 19:17:12.044, 19999
2026/09/26 19:17:12.545, 19999
2026/09/26 19:17:13.045, 19999
2026/09/26 19:17:13.545, 19999
2026/09/26 19:17:14.045, 19999
2026/09/26 19:17:14.545, 19999
2026/09/26 19:17:15.045, 19999
2026/09/26 19:17:15.546, 19999
2026/09/26 19:17:16.046, 19999
2026/09/26 19:17:16.546, 19999
2026/09/26 19:17:17.046, 19999
2026/09/26 19:17:17.546, 19999
2026/09/26 19:17:18.046, 19999
2026/09/26 19:17:18.547, 19999
2026/09/26 19:17:19.047, 19999
2026/09/26 19:17:19.547, 19999
2026/09/26 19:17:20.047, 19999
2026/09/26 19:17:20.547, 19999
2026/09/26 19:17:21.047, 19999
2026/09/26 19:17:21.548, 19999
2026/09/26 19:17:22.048, 19999
2026/09/26 19:17:22.548, 19999
2026/09/26 19:17:23.048, 19999
2026/09/26 19:17:23.548, 19999
2026/09/26 19:17:24.048, 19999
2026/09/26 19:17:24.549, 19999
2026/09/26 19:17:25.049, 19999
2026/09/26 19:17:25.549, 19999
2026/09/26 19:17:26.049, 19999
2026/09/26 19:17:26.549, 19999
2026/09/26 19:17:27.049, 19999
2026/09/26 19:17:27.550, 19999
2026/09/26 19:17:28.050, 19999
2026/09/26 19:17:28.550, 19999
2026/09/26 19:17:29.050, 19999
2026/09/26 19:17:29.550, 19999
2026/09/26 19:17:30.050, 19999
2026/09/26 19:17:30.551, 19999
2026/09/26 19:17:31.051, 19999
2026/09/26 19:17:31.551, 19999
2026/09/26 19:17:32.051, 19999
2026/09/26 19:17:32.551, 19999
2026/09/26 19:17:33.051, 19999
2026/09/26 19:17:33.552, 19999
2026/09/26 19:17:34.052, 19999
2026/09/26 19:17:34.552, 19999
2026/09/26 19:17:35.052, 19999
2026/09/26 19:17:35.552, 19999
2026/09/26 19:17:36.053, 19999
2026/09/26 19:17:36.553, 19999
2026/09/26 19:17:37.053, 19999
2026/09/26 19:17:37.553, 19999
2026/09/26 19:17:38.053, 19999
2026/09/26 19:17:38.553, 19999
2026/09/26 19:17:39.054, 19999
2026/09/26 19:17:39.554, 19999
2026/09/26 19:17:40.054, 19999
2026/09/26 19:17:40.554, 19999
2026/09/26 19:17:41.054, 19999
2026/09/26 19:17:41.554, 19999
2026/09/26 19:17:42.055, 19999
2026/09/26 19:17:42.555, 19999
2026/09/26 19:17:43.055, 19999
2026/09/26 19:17:43.555, 19999
2026/09/26 19:17:44.055, 19999
2026/09/26 19:17:44.555, 19999
2026/09/26 19:17:45.056, 19999
2026/09/26 19:17:45.556, 19999
2026/09/26 19:17:46.056, 19999
2026/09/26 19:17:46.556, 19999
2026/09/26 19:17:47.056, 19999
2026/09/26 19:17:47.556, 19999
2026/09/26 19:17:48.056, 19999
2026/09/26 19:17:48.557, 19999
2026/09/26 19:17:49.057, 19999
2026/09/26 19:17:49.557, 19999
2026/09/26 19:17:50.057, 19999
2026/09/26 19:17:50.557, 19999
2026/09/26 19:17:51.057, 19999
2026/09/26 19:17:51.558, 19999
2026/09/26 19:17:52.058, 19999
2026/09/26 19:17:52.558, 19999
2026/09/26 19:17:53.058, 19999
2026/09/26 19:17:53.558, 19999
2026/09/26 19:17:54.058, 19999
2026/09/26 19:17:54.559, 19999
2026/09/26 19:17:55.059, 19999
2026/09/26 19:17:55.559, 19999
2026/09/26 19:17:56.059, 19999
2026/09/26 19:17:56.559, 19999
2026/09/26 19:17:57.059, 19999
2026/09/26 19:17:57.560, 19999
2026/09/26 19:17:58.060, 19999
2026/09/26 19:17:58.560, 19999
2026/09/26 19:17:59.060, 19999
2026/09/26 19:17:59.560, 19999
2026/09/26 19:18:00.060, 19999
2026/09/26 19:18:00.560, 19999
2026/09/26 19:18:01.061, 19999
2026/09/26 19:18:01.561, 19999
2026/09/26 19:18:02.061, 19999
2026/09/26 19:18:02.561, 19999
2026/09/26 19:18:03.061, 19999
2026/09/26 19:18:03.561, 19999
2026/09/26 19:18:04.062, 19999
2026/09/26 19:18:04.562, 19999
2026/09/26 19:18:05.062, 19999
2026/09/26 19:18:05.562, 19999
2026/09/26 19:18:06.062, 19999
2026/09/26 19:18:06.562, 19999
2026/09/26 19:18:07.063, 19999
2026/09/26 19:18:07.563, 19999
2026/09/26 19:18:08.063, 19999
2026/09/26 19:18:08.563, 19999
2026/09/26 19:18:09.063, 19999
2026/09/26 19:18:09.563, 19999
2026/09/26 19:18:10.064, 19999
2026/09/26 19:18:10.564, 19999
2026/09/26 19:18:11.064, 19999
2026/09/26 19:18:11.564, 19999
2026/09/26 19:18:12.064, 19999
2026/09/26 19:18:12.564, 19999
2026/09/26 19:18:13.065, 19999
2026/09/26 19:18:13.565, 19999
2026/09/26 19:18:14.065, 19999
2026/09/26 19:18:14.565, 19999
2026/09/26 19:18:15.065, 19999
2026/09/26 19:18:15.565, 19999
2026/09/26 19:18:16.066, 19999
2026/09/26 19:18:16.566, 19999
2026/09/26 19:18:17.066, 19999
2026/09/26 19:18:17.566, 19999
2026/09/26 19:18:18.066, 19999
2026/09/26 19:18:18.566, 19999
2026/09/26 19:18:19.067, 19999
2026/09/26 19:18:19.567, 19999
2026/09/26 19:18:20.067, 19999
2026/09/26 19:18:20.567, 19999
2026/09/26 19:18:21.067, 19999
2026/09/26 19:18:21.567, 19999
2026/09/26 19:18:22.068, 19999
2026/09/26 19:18:22.568, 19999
2026/09/26 19:18:23.068, 19999
2026/09/26 19:18:23.568, 19999
2026/09/26 19:18:24.068, 19999
2026/09/26 19:18:24.568, 19999
2026/09/26 19:18:25.069, 19999
2026/09/26 19:18:25.569, 19999
2026/09/26 19:18:26.069, 19999
2026/09/26 19:18:26.569, 19999
2026/09/26 19:18:27.069, 19999
2026/09/26 19:18:27.569, 19999
2026/09/26 19:18:28.070, 19999
2026/09/26 19:18:28.570, 19999
2026/09/26 19:18:29.070, 19999
2026/09/26 19:18:29.570, 19999
2026/09/26 19:18:30.070, 19999
2026/09/26 19:18:30.570, 19999
2026/09/26 19:18:31.071, 19999
2026/09/26 19:18:31.571, 19999
2026/09/26 19:18:32.071, 19999
2026/09/26 19:18:32.571, 19999
2026/09/26 19:18:33.071, 19999
2026/09/26 19:18:33.571, 19999
2026/09/26 19:18:34.072, 19999
2026/09/26 19:18:34.572, 19999
2026/09/26 19:18:35.072, 19999
2026/09/26 19:18:35.572, 19999
2026/09/26 19:18:36.072, 19999
2026/09/26 19:18:36.573, 19999
2026/09/26 19:18:37.073, 19999
2026/09/26 19:18:37.573, 19999
2026/09/26 19:18:38.073, 19999
2026/09/26 19:18:38.573, 19999
2026/09/26 19:18:39.073, 19999
2026/09/26 19:18:39.574, 19999
2026/09/26 19:18:40.074, 19999
2026/09/26 19:18:40.574, 19999
2026/09/26 19:18:41.074, 19999
2026/09/26 19:18:41.574, 19999
2026/09/26 19:18:42.074, 19999
2026/09/26 19:18:42.575, 19999
2026/09/26 19:18:43.075, 19999
2026/09/26 19:18:43.575, 19999
2026/09/26 19:18:44.075, 19999
2026/09/26 19:18:44.575, 19999
2026/09/26 19:18:45.075, 19999
2026/09/26 19:18:45.576, 19999
2026/09/26 19:18:46.076, 19999
2026/09/26 19:18:46.576, 19999
2026/09/26 19:18:47.076, 19999
2026/09/26 19:18:47.576, 19999
2026/09/26 19:18:48.077, 19999
2026/09/26 19:18:48.577, 19999
2026/09/26 19:18:49.077, 19999
2026/09/26 19:18:49.577, 19999
2026/09/26 19:18:50.077, 19999
2026/09/26 19:18:50.577, 19999
2026/09/26 19:18:51.078, 19999
2026/09/26 19:18:51.578, 19999
2026/09/26 19:18:52.078, 19999
2026/09/26 19:18:52.578, 19999
2026/09/26 19:18:53.078, 19999
2026/09/26 19:18:53.578, 19999
2026/09/26 19:18:54.079, 19999
2026/09/26 19:18:54.579, 19999
2026/09/26 19:18:55.079, 19999
2026/09/26 19:18:55.579, 19999
2026/09/26 19:18:56.079, 19999
2026/09/26 19:18:56.579, 19999
2026/09/26 19:18:57.080, 19999
2026/09/26 19:18:57.580, 19999
2026/09/26 19:18:58.080, 19999
2026/09/26 19:18:58.580, 19999
2026/09/26 19:18:59.080, 19999
2026/09/26 19:18:59.580, 19999
2026/09/26 19:19:00.080, 19999
2026/09/26 19:19:00.581, 19999
2026/09/26 19:19:01.081, 19999
2026/09/26 19:19:01.581, 19999
2026/09/26 19:19:02.081, 19999
2026/09/26 19:19:02.581, 19999
2026/09/26 19:19:03.081, 19999
2026/09/26 19:19:03.582, 19999
2026/09/26 19:19:04.082, 19999
2026/09/26 19:19:04.582, 19999
2026/09/26 19:19:05.082, 19999
2026/09/26 19:19:05.583, 19999
2026/09/26 19:19:06.083, 19999
2026/09/26 19:19:06.583, 19999
2026/09/26 19:19:07.083, 19999
2026/09/26 19:19:07.583, 19999
2026/09/26 19:19:08.083, 19999
2026/09/26 19:19:08.583, 19999
2026/09/26 19:19:09.084, 19999
2026/09/26 19:19:09.584, 19999
2026/09/26 19:19:10.084, 19999
2026/09/26 19:19:10.584, 19999
2026/09/26 19:19:11.084, 19999
2026/09/26 19:19:11.584, 19999
2026/09/26 19:19:12.085, 19999
2026/09/26 19:19:12.585, 19999
2026/09/26 19:19:13.085, 19999
2026/09/26 19:19:13.585, 19999
2026/09/26 19:19:14.085, 19999
2026/09/26 19:19:14.585, 19999
2026/09/26 19:19:15.086, 19999
2026/09/26 19:19:15.586, 19999
2026/09/26 19:19:16.086, 19999
2026/09/26 19:19:16.586, 19999
2026/09/26 19:19:17.086, 19999
2026/09/26 19:19:17.586, 19999
2026/09/26 19:19:18.087, 19999
2026/09/26 19:19:18.587, 19999
2026/09/26 19:19:19.087, 19999
2026/09/26 19:19:19.587, 19999
2026/09/26 19:19:20.087, 19999
2026/09/26 19:19:20.588, 19999
2026/09/26 19:19:21.088, 19999
2026/09/26 19:19:21.588, 19999
2026/09/26 19:19:22.088, 19999
2026/09/26 19:19:22.588, 19999
2026/09/26 19:19:23.088, 19999
2026/09/26 19:19:23.588, 19999
2026/09/26 19:19:24.089, 19999
2026/09/26 19:19:24.589, 19999
2026/09/26 19:19:25.089, 19999
2026/09/26 19:19:25.589, 19999
2026/09/26 19:19:26.089, 19999
2026/09/26 19:19:26.589, 19999
2026/09/26 19:19:27.090, 19999
2026/09/26 19:19:27.590, 19999
2026/09/26 19:19:28.090, 19999
2026/09/26 19:19:28.590, 19999
2026/09/26 19:19:29.090, 19999
2026/09/26 19:19:29.590, 19999
2026/09/26 19:19:30.091, 19999
2026/09/26 19:19:30.591, 19999
2026/09/26 19:19:31.091, 19999
2026/09/26 19:19:31.591, 19999
2026/09/26 19:19:32.091, 19999
2026/09/26 19:19:32.591, 19999
2026/09/26 19:19:33.091, 19999
2026/09/26 19:19:33.592, 19999
2026/09/26 19:19:34.092, 19999
2026/09/26 19:19:34.592, 19999
2026/09/26 19:19:35.092, 19999
2026/09/26 19:19:35.592, 19999
2026/09/26 19:19:36.092, 19999
2026/09/26 19:19:36.593, 19999
2026/09/26 19:19:37.093, 19999
2026/09/26 19:19:37.593, 19999
2026/09/26 19:19:38.093, 19999
2026/09/26 19:19:38.593, 19999
2026/09/26 19:19:39.093, 19999
2026/09/26 19:19:39.593, 19999
2026/09/26 19:19:40.094, 19999
2026/09/26 19:19:40.594, 19999
2026/09/26 19:19:41.094, 19999
2026/09/26 19:19:41.594, 19999
2026/09/26 19:19:42.094, 19999
2026/09/26 19:19:42.594, 19999
2026/09/26 19:19:43.095, 19999
2026/09/26 19:19:43.595, 19999
2026/09/26 19:19:44.095, 19999
2026/09/26 19:19:44.595, 19999
2026/09/26 19:19:45.095, 19999
2026/09/26 19:19:45.595, 19999
2026/09/26 19:19:46.095, 19999
2026/09/26 19:19:46.596, 19999
2026/09/26 19:19:47.096, 19999
2026/09/26 19:19:47.596, 19999
2026/09/26 19:19:48.096, 19999
2026/09/26 19:19:48.596, 19999
2026/09/26 19:19:49.097, 19999
2026/09/26 19:19:49.597, 19999
2026/09/26 19:19:50.097, 19999
2026/09/26 19:19:50.597, 19999
2026/09/26 19:19:51.097, 19999
2026/09/26 19:19:51.597, 19999
2026/09/26 19:19:52.097, 19999
2026/09/26 19:19:52.598, 19999
2026/09/26 19:19:53.098, 19999
2026/09/26 19:19:53.598, 19999
2026/09/26 19:19:54.098, 19999
2026/09/26 19:19:54.598, 19999
2026/09/26 19:19:55.098, 19999
2026/09/26 19:19:55.599, 19999
2026/09/26 19:19:56.099, 19999
2026/09/26 19:19:56.599, 19999
2026/09/26 19:19:57.099, 19999
2026/09/26 19:19:57.599, 19999
2026/09/26 19:19:58.100, 19999
2026/09/26 19:19:58.600, 19999
2026/09/26 19:19:59.100, 19999
2026/09/26 19:19:59.600, 19999
2026/09/26 19:20:00.100, 19999
2026/09/26 19:20:00.600, 19999
2026/09/26 19:20:01.100, 19999
2026/09/26 19:20:01.601, 19999
2026/09/26 19:20:02.101, 19999
2026/09/26 19:20:02.601, 19999
2026/09/26 19:20:03.101, 19999
2026/09/26 19:20:03.601, 19999
2026/09/26 19:20:04.101, 19999
2026/09/26 19:20:04.602, 19999
2026/09/26 19:20:05.102, 19999
2026/09/26 19:20:05.602, 19999
2026/09/26 19:20:06.102, 19999
2026/09/26 19:20:06.602, 19999
2026/09/26 19:20:07.102, 19999
2026/09/26 19:20:07.603, 19999
2026/09/26 19:20:08.103, 19999
2026/09/26 19:20:08.603, 19999
2026/09/26 19:20:09.103, 19999
2026/09/26 19:20:09.603, 19999
2026/09/26 19:20:10.103, 19999
2026/09/26 19:20:10.604, 19999
2026/09/26 19:20:11.104, 19999
2026/09/26 19:20:11.604, 19999
2026/09/26 19:20:12.104, 19999
2026/09/26 19:20:12.604, 19999
2026/09/26 19:20:13.104, 19999
2026/09/26 19:20:13.605, 19999
2026/09/26 19:20:14.105, 19999
2026/09/26 19:20:14.605, 19999
2026/09/26 19:20:15.105, 19999
2026/09/26 19:20:15.605, 19999
2026/09/26 19:20:16.105, 19999
2026/09/26 19:20:16.605, 19999
2026/09/26 19:20:17.106, 19999
2026/09/26 19:20:17.606, 19999
2026/09/26 19:20:18.106, 19999
2026/09/26 19:20:18.606, 19999
2026/09/26 19:20:19.106, 19999
2026/09/26 19:20:19.606, 19999
2026/09/26 19:20:20.107, 19999
2026/09/26 19:20:20.607, 19999
2026/09/26 19:20:21.107, 19999
2026/09/26 19:20:21.607, 19999
2026/09/26 19:20:22.107, 19999
2026/09/26 19:20:22.607, 19999
2026/09/26 19:20:23.108, 19999
2026/09/26 19:20:23.608, 19999
2026/09/26 19:20:24.108, 19999
2026/09/26 19:20:24.608, 19999
2026/09/26 19:20:25.108, 19999
2026/09/26 19:20:25.608, 19999
2026/09/26 19:20:26.109, 19999
2026/09/26 19:20:26.609, 19999
2026/09/26 19:20:27.109, 19999
2026/09/26 19:20:27.609, 19999
2026/09/26 19:20:28.109, 19999
2026/09/26 19:20:28.609, 19999
2026/09/26 19:20:29.110, 19999
2026/09/26 19:20:29.612, 19999
2026/09/26 19:20:30.112, 19999
2026/09/26 19:20:30.612, 19999
2026/09/26 19:20:31.112, 19999
2026/09/26 19:20:31.612, 19999
2026/09/26 19:20:32.113, 19999
2026/09/26 19:20:32.613, 19999
2026/09/26 19:20:33.113, 19999
2026/09/26 19:20:33.613, 19999
2026/09/26 19:20:34.113, 19999
2026/09/26 19:20:34.613, 19999
2026/09/26 19:20:35.114, 19999
2026/09/26 19:20:35.614, 19999
2026/09/26 19:20:36.114, 19999
2026/09/26 19:20:36.614, 19999
2026/09/26 19:20:37.114, 19999
2026/09/26 19:20:37.614, 19999
2026/09/26 19:20:38.115, 19999
2026/09/26 19:20:38.615, 19999
2026/09/26 19:20:39.115, 19999
2026/09/26 19:20:39.615, 19999
2026/09/26 19:20:40.115, 19999
2026/09/26 19:20:40.615, 19999
2026/09/26 19:20:41.116, 19999
2026/09/26 19:20:41.616, 19999
2026/09/26 19:20:42.116, 19999
2026/09/26 19:20:42.616, 19999
2026/09/26 19:20:43.116, 19999
2026/09/26 19:20:43.616, 19999
2026/09/26 19:20:44.117, 19999
2026/09/26 19:20:44.617, 19999
2026/09/26 19:20:45.117, 19999
2026/09/26 19:20:45.617, 19999
2026/09/26 19:20:46.117, 19999
2026/09/26 19:20:46.617, 19999
2026/09/26 19:20:47.118, 19999
2026/09/26 19:20:47.618, 19999
2026/09/26 19:20:48.118, 19999
2026/09/26 19:20:48.618, 19999
2026/09/26 19:20:49.118, 19999
2026/09/26 19:20:49.618, 19999
2026/09/26 19:20:50.119, 19999
2026/09/26 19:20:50.619, 19999
2026/09/26 19:20:51.119, 19999
2026/09/26 19:20:51.619, 19999
2026/09/26 19:20:52.119, 19999
2026/09/26 19:20:52.619, 19999
2026/09/26 19:20:53.120, 19999
2026/09/26 19:20:53.620, 19999
2026/09/26 19:20:54.120, 19999
2026/09/26 19:20:54.620, 19999
2026/09/26 19:20:55.120, 19999
2026/09/26 19:20:55.620, 19999
2026/09/26 19:20:56.121, 19999
2026/09/26 19:20:56.621, 19999
2026/09/26 19:20:57.121, 19999
2026/09/26 19:20:57.621, 19999
2026/09/26 19:20:58.121, 19999
2026/09/26 19:20:58.622, 19999
2026/09/26 19:20:59.122, 19999
2026/09/26 19:20:59.622, 19999
2026/09/26 19:21:00.122, 19999
2026/09/26 19:21:00.622, 19999
2026/09/26 19:21:01.122, 19999
2026/09/26 19:21:01.622, 19999
2026/09/26 19:21:02.123, 19999
2026/09/26 19:21:02.623, 19999
2026/09/26 19:21:03.123, 19999
2026/09/26 19:21:03.623, 19999
2026/09/26 19:21:04.123, 19999
2026/09/26 19:21:04.623, 19999
2026/09/26 19:21:05.124, 19999
2026/09/26 19:21:05.624, 19999
2026/09/26 19:21:06.124, 19999
2026/09/26 19:21:06.624, 19999
2026/09/26 19:21:07.124, 19999
2026/09/26 19:21:07.624, 19999
2026/09/26 19:21:08.125, 19999
2026/09/26 19:21:08.625, 19999
2026/09/26 19:21:09.125, 19999
2026/09/26 19:21:09.625, 19999
2026/09/26 19:21:10.125, 19999
2026/09/26 19:21:10.626, 19999
2026/09/26 19:21:11.126, 19999
2026/09/26 19:21:11.626, 19999
2026/09/26 19:21:12.126, 19999
2026/09/26 19:21:12.626, 19999
2026/09/26 19:21:13.126, 19999
2026/09/26 19:21:13.627, 19999
2026/09/26 19:21:14.127, 19999
2026/09/26 19:21:14.627, 19999
2026/09/26 19:21:15.127, 19999
2026/09/26 19:21:15.627, 19999
2026/09/26 19:21:16.127, 19999
2026/09/26 19:21:16.628, 19999
2026/09/26 19:21:17.128, 19999
2026/09/26 19:21:17.628, 19999
2026/09/26 19:21:18.128, 19999
2026/09/26 19:21:18.629, 19999
2026/09/26 19:21:19.129, 19999
2026/09/26 19:21:19.629, 19999
2026/09/26 19:21:20.129, 19999
2026/09/26 19:21:20.630, 19999
2026/09/26 19:21:21.130, 19999
2026/09/26 19:21:21.630, 19999
2026/09/26 19:21:22.130, 19999
2026/09/26 19:21:22.630, 19999
2026/09/26 19:21:23.130, 19999
2026/09/26 19:21:23.630, 19999
2026/09/26 19:21:24.131, 19999
2026/09/26 19:21:24.631, 19999
2026/09/26 19:21:25.131, 19999
2026/09/26 19:21:25.631, 19999
2026/09/26 19:21:26.131, 19999
2026/09/26 19:21:26.631, 19999
2026/09/26 19:21:27.131, 19999
2026/09/26 19:21:27.632, 19999
2026/09/26 19:21:28.132, 19999
2026/09/26 19:21:28.632, 19999
2026/09/26 19:21:29.132, 19999
2026/09/26 19:21:29.632, 19999
2026/09/26 19:21:30.132, 19999
2026/09/26 19:21:30.633, 19999
2026/09/26 19:21:31.133, 19999
2026/09/26 19:21:31.633, 19999
2026/09/26 19:21:32.133, 19999
2026/09/26 19:21:32.633, 19999
2026/09/26 19:21:33.133, 19999
2026/09/26 19:21:33.634, 19999
2026/09/26 19:21:34.134, 19999
2026/09/26 19:21:34.634, 19999
2026/09/26 19:21:35.134, 19999
2026/09/26 19:21:35.634, 19999
2026/09/26 19:21:36.134, 19999
2026/09/26 19:21:36.635, 19999
2026/09/26 19:21:37.135, 19999
2026/09/26 19:21:37.635, 19999
2026/09/26 19:21:38.135, 19999
2026/09/26 19:21:38.635, 19999
2026/09/26 19:21:39.135, 19999
2026/09/26 19:21:39.636, 19999
2026/09/26 19:21:40.136, 19999
2026/09/26 19:21:40.636, 19999
2026/09/26 19:21:41.136, 19999
2026/09/26 19:21:41.636, 19999
2026/09/26 19:21:42.137, 19999
2026/09/26 19:21:42.637, 19999
2026/09/26 19:21:43.137, 19999
2026/09/26 19:21:43.637, 19999
2026/09/26 19:21:44.137, 19999
2026/09/26 19:21:44.637, 19999
2026/09/26 19:21:45.138, 19999
2026/09/26 19:21:45.638, 19999
2026/09/26 19:21:46.138, 19999
2026/09/26 19:21:46.638, 19999
2026/09/26 19:21:47.138, 19999
2026/09/26 19:21:47.638, 19999
2026/09/26 19:21:48.139, 19999
2026/09/26 19:21:48.639, 19999
2026/09/26 19:21:49.139, 19999
2026/09/26 19:21:49.639, 19999
2026/09/26 19:21:50.139, 19999
2026/09/26 19:21:50.639, 19999
2026/09/26 19:21:51.140, 19999
2026/09/26 19:21:51.640, 19999
2026/09/26 19:21:52.140, 19999
2026/09/26 19:21:52.640, 19999
2026/09/26 19:21:53.140, 19999
2026/09/26 19:21:53.640, 19999
2026/09/26 19:21:54.141, 19999
2026/09/26 19:21:54.641, 19999
2026/09/26 19:21:55.141, 19999
2026/09/26 19:21:55.641, 19999
2026/09/26 19:21:56.141, 19999
2026/09/26 19:21:56.641, 19999
2026/09/26 19:21:57.142, 19999
2026/09/26 19:21:57.642, 19999
2026/09/26 19:21:58.142, 19999
2026/09/26 19:21:58.642, 19999
2026/09/26 19:21:59.142, 19999
2026/09/26 19:21:59.642, 19999
2026/09/26 19:22:00.143, 19999
2026/09/26 19:22:00.643, 19999
2026/09/26 19:22:01.143, 19999
2026/09/26 19:22:01.643, 19999
2026/09/26 19:22:02.143, 19999
2026/09/26 19:22:02.643, 19999
2026/09/26 19:22:03.144, 19999
2026/09/26 19:22:03.644, 19999
2026/09/26 19:22:04.144, 19999
2026/09/26 19:22:04.644, 19999
2026/09/26 19:22:05.144, 19999
2026/09/26 19:22:05.644, 19999
2026/09/26 19:22:06.144, 19999
2026/09/26 19:22:06.644, 19999
2026/09/26 19:22:07.145, 19999
2026/09/26 19:22:07.645, 19999
2026/09/26 19:22:08.145, 19999
2026/09/26 19:22:08.645, 19999
2026/09/26 19:22:09.145, 19999
2026/09/26 19:22:09.645, 19999
2026/09/26 19:22:10.145, 19999
2026/09/26 19:22:10.646, 19999
2026/09/26 19:22:11.146, 19999
2026/09/26 19:22:11.646, 19999
2026/09/26 19:22:12.146, 19999
2026/09/26 19:22:12.646, 19999
2026/09/26 19:22:13.146, 19999
2026/09/26 19:22:13.646, 19999
2026/09/26 19:22:14.147, 19999
2026/09/26 19:22:14.647, 19999
2026/09/26 19:22:15.153, 19999
2026/09/26 19:22:15.653, 19999
2026/09/26 19:22:16.153, 19999
2026/09/26 19:22:16.653, 19999
2026/09/26 19:22:17.153, 19999
2026/09/26 19:22:17.653, 19999
2026/09/26 19:22:18.154, 19999
2026/09/26 19:22:18.654, 19999
2026/09/26 19:22:19.154, 19999
2026/09/26 19:22:19.654, 19999
2026/09/26 19:22:20.154, 19999
2026/09/26 19:22:20.654, 19999
2026/09/26 19:22:21.154, 19999
2026/09/26 19:22:21.655, 19999
2026/09/26 19:22:22.155, 19999
2026/09/26 19:22:22.655, 19999
2026/09/26 19:22:23.155, 19999
2026/09/26 19:22:23.655, 19999
2026/09/26 19:22:24.155, 19999
2026/09/26 19:22:24.656, 19999
2026/09/26 19:22:25.156, 19999
2026/09/26 19:22:25.656, 19999
2026/09/26 19:22:26.156, 19999
2026/09/26 19:22:26.656, 19999
2026/09/26 19:22:27.156, 19999
2026/09/26 19:22:27.656, 19999
2026/09/26 19:22:28.157, 19999
2026/09/26 19:22:28.657, 19999
2026/09/26 19:22:29.157, 19999
2026/09/26 19:22:29.657, 19999
2026/09/26 19:22:30.157, 19999
2026/09/26 19:22:30.657, 19999
2026/09/26 19:22:31.158, 19999
2026/09/26 19:22:31.658, 19999
2026/09/26 19:22:32.158, 19999
2026/09/26 19:22:32.658, 19999
2026/09/26 19:22:33.158, 19999
2026/09/26 19:22:33.658, 19999
2026/09/26 19:22:34.159, 19999
2026/09/26 19:22:34.659, 19999
2026/09/26 19:22:35.159, 19999
2026/09/26 19:22:35.659, 19999
2026/09/26 19:22:36.159, 19999
2026/09/26 19:22:36.659, 19999
2026/09/26 19:22:37.159, 19999
2026/09/26 19:22:37.660, 19999
2026/09/26 19:22:38.160, 19999
2026/09/26 19:22:38.660, 19999
2026/09/26 19:22:39.160, 19999
2026/09/26 19:22:39.660, 19999
2026/09/26 19:22:40.160, 19999
2026/09/26 19:22:40.661, 19999
2026/09/26 19:22:41.161, 19999
2026/09/26 19:22:41.661, 19999
2026/09/26 19:22:42.161, 19999
2026/09/26 19:22:42.661, 19999
2026/09/26 19:22:43.161, 19999
2026/09/26 19:22:43.661, 19999
2026/09/26 19:22:44.162, 19999
2026/09/26 19:22:44.662, 19999
2026/09/26 19:22:45.162, 19999
2026/09/26 19:22:45.662, 19999
2026/09/26 19:22:46.162, 19999
2026/09/26 19:22:46.662, 19999
2026/09/26 19:22:47.163, 19999
2026/09/26 19:22:47.663, 19999
2026/09/26 19:22:48.163, 19999
2026/09/26 19:22:48.663, 19999
2026/09/26 19:22:49.164, 19999
2026/09/26 19:22:49.664, 19999
2026/09/26 19:22:50.164, 19999
2026/09/26 19:22:50.664, 19999
2026/09/26 19:22:51.164, 19999
2026/09/26 19:22:51.665, 19999
2026/09/26 19:22:52.165, 19999
2026/09/26 19:22:52.665, 19999
2026/09/26 19:22:53.165, 19999
2026/09/26 19:22:53.665, 19999
2026/09/26 19:22:54.165, 19999
2026/09/26 19:22:54.665, 19999
2026/09/26 19:22:55.166, 19999
2026/09/26 19:22:55.666, 19999
2026/09/26 19:22:56.166, 19999
2026/09/26 19:22:56.666, 19999
2026/09/26 19:22:57.166, 19999
2026/09/26 19:22:57.666, 19999
2026/09/26 19:22:58.167, 19999
2026/09/26 19:22:58.667, 19999
2026/09/26 19:22:59.167, 19999
2026/09/26 19:22:59.667, 19999
2026/09/26 19:23:00.167, 19999
2026/09/26 19:23:00.667, 19999
2026/09/26 19:23:01.168, 19999
2026/09/26 19:23:01.668, 19999
2026/09/26 19:23:02.168, 19999
2026/09/26 19:23:02.668, 19999
2026/09/26 19:23:03.168, 19999
2026/09/26 19:23:03.668, 19999
2026/09/26 19:23:04.168, 19999
2026/09/26 19:23:04.669, 19999
2026/09/26 19:23:05.169, 19999
2026/09/26 19:23:05.669, 19999
2026/09/26 19:23:06.169, 19999
2026/09/26 19:23:06.669, 19999
2026/09/26 19:23:07.169, 19999
2026/09/26 19:23:07.670, 19999
2026/09/26 19:23:08.170, 19999
2026/09/26 19:23:08.670, 19999
2026/09/26 19:23:09.170, 19999
2026/09/26 19:23:09.670, 19999
2026/09/26 19:23:10.170, 19999
2026/09/26 19:23:10.670, 19999
2026/09/26 19:23:11.171, 19999
2026/09/26 19:23:11.671, 19999
2026/09/26 19:23:12.171, 19999
2026/09/26 19:23:12.671, 19999
2026/09/26 19:23:13.171, 19999
2026/09/26 19:23:13.672, 19999
2026/09/26 19:23:14.172, 19999
2026/09/26 19:23:14.672, 19999
2026/09/26 19:23:15.172, 19999
2026/09/26 19:23:15.672, 19999
2026/09/26 19:23:16.173, 19999
2026/09/26 19:23:16.673, 19999
2026/09/26 19:23:17.224, 19999
2026/09/26 19:23:17.724, 19999
2026/09/26 19:23:18.224, 19999
2026/09/26 19:23:18.725, 19999
2026/09/26 19:23:19.225, 19999
2026/09/26 19:23:19.725, 19999
2026/09/26 19:23:20.225, 19999
2026/09/26 19:23:20.725, 19999
2026/09/26 19:23:21.225, 19999
2026/09/26 19:23:21.726, 19999
2026/09/26 19:23:22.226, 19999
2026/09/26 19:23:22.726, 19999
2026/09/26 19:23:23.226, 19999
2026/09/26 19:23:23.727, 19999
2026/09/26 19:23:24.227, 19999
2026/09/26 19:23:24.727, 19999
2026/09/26 19:23:25.227, 19999
2026/09/26 19:23:25.727, 19999
2026/09/26 19:23:26.227, 19999
2026/09/26 19:23:26.728, 19999
2026/09/26 19:23:27.228, 19999
2026/09/26 19:23:27.728, 19999
2026/09/26 19:23:28.228, 19999
2026/09/26 19:23:28.728, 19999
2026/09/26 19:23:29.229, 19999
2026/09/26 19:23:29.729, 19999
2026/09/26 19:23:30.229, 19999
2026/09/26 19:23:30.729, 19999
2026/09/26 19:23:31.229, 19999
2026/09/26 19:23:31.729, 19999
2026/09/26 19:23:32.230, 19999
2026/09/26 19:23:32.730, 19999
2026/09/26 19:23:33.230, 19999
2026/09/26 19:23:33.730, 19999
2026/09/26 19:23:34.230, 19999
2026/09/26 19:23:34.730, 19999
2026/09/26 19:23:35.230, 19999
2026/09/26 19:23:35.731, 19999
2026/09/26 19:23:36.231, 19999
2026/09/26 19:23:36.731, 19999
2026/09/26 19:23:37.231, 19999
2026/09/26 19:23:37.731, 19999
2026/09/26 19:23:38.231, 19999
2026/09/26 19:23:38.732, 19999
2026/09/26 19:23:39.232, 19999
2026/09/26 19:23:39.732, 19999
2026/09/26 19:23:40.232, 19999
2026/09/26 19:23:40.732, 19999
2026/09/26 19:23:41.232, 19999
2026/09/26 19:23:41.733, 19999
2026/09/26 19:23:42.233, 19999
2026/09/26 19:23:42.733, 19999
2026/09/26 19:23:43.233, 19999
2026/09/26 19:23:43.733, 19999
2026/09/26 19:23:44.233, 19999
2026/09/26 19:23:44.734, 19999
2026/09/26 19:23:45.234, 19999
2026/09/26 19:23:45.734, 19999
2026/09/26 19:23:46.234, 19999
2026/09/26 19:23:46.734, 19999
2026/09/26 19:23:47.234, 19999
2026/09/26 19:23:47.734, 19999
2026/09/26 19:23:48.235, 19999
2026/09/26 19:23:48.735, 19999
2026/09/26 19:23:49.235, 19999
2026/09/26 19:23:49.735, 19999
2026/09/26 19:23:50.235, 19999
2026/09/26 19:23:50.735, 19999
2026/09/26 19:23:51.236, 19999
2026/09/26 19:23:51.736, 19999
2026/09/26 19:23:52.236, 19999
2026/09/26 19:23:52.736, 19999
2026/09/26 19:23:53.236, 19999
2026/09/26 19:23:53.736, 19999
2026/09/26 19:23:54.237, 19999
2026/09/26 19:23:54.737, 19999
2026/09/26 19:23:55.237, 19999
2026/09/26 19:23:55.737, 19999
2026/09/26 19:23:56.237, 19999
2026/09/26 19:23:56.737, 19999
2026/09/26 19:23:57.238, 19999
2026/09/26 19:23:57.738, 19999
2026/09/26 19:23:58.238, 19999
2026/09/26 19:23:58.738, 19999
2026/09/26 19:23:59.238, 19999
2026/09/26 19:23:59.738, 19999
2026/09/26 19:24:00.239, 19999
2026/09/26 19:24:00.739, 19999
2026/09/26 19:24:01.239, 19999
2026/09/26 19:24:01.739, 19999
2026/09/26 19:24:02.239, 19999
2026/09/26 19:24:02.739, 20059
2026/09/26 19:24:03.240, 20569
2026/09/26 19:24:03.740, 20569
2026/09/26 19:24:04.240, 20569
2026/09/26 19:24:04.740, 20569
2026/09/26 19:24:05.240, 20569
2026/09/26 19:24:05.740, 20569
2026/09/26 19:24:06.240, 20569
2026/09/26 19:24:06.741, 20569
2026/09/26 19:24:07.241, 20569
2026/09/26 19:24:07.741, 20569
2026/09/26 19:24:08.241, 20569
2026/09/26 19:24:08.741, 20569
2026/09/26 19:24:09.241, 20569
2026/09/26 19:24:09.742, 20569
2026/09/26 19:24:10.242, 20569
2026/09/26 19:24:10.742, 20569
2026/09/26 19:24:11.242, 20569
2026/09/26 19:24:11.742, 20569
2026/09/26 19:24:12.242, 20569
2026/09/26 19:24:12.743, 20569
2026/09/26 19:24:13.243, 20569
2026/09/26 19:24:13.743, 20569
2026/09/26 19:24:14.243, 20569
2026/09/26 19:24:14.743, 20569
2026/09/26 19:24:15.243, 20569
2026/09/26 19:24:15.744, 20569
2026/09/26 19:24:16.244, 20569
2026/09/26 19:24:16.744, 20569
2026/09/26 19:24:17.244, 20569
2026/09/26 19:24:17.744, 20569
2026/09/26 19:24:18.244, 20569
2026/09/26 19:24:18.745, 20569
2026/09/26 19:24:19.245, 20569
2026/09/26 19:24:19.745, 20569
2026/09/26 19:24:20.245, 20569
2026/09/26 19:24:20.745, 20569
2026/09/26 19:24:21.245, 20569
2026/09/26 19:24:21.746, 20569
2026/09/26 19:24:22.246, 20569
2026/09/26 19:24:22.746, 20569
2026/09/26 19:24:23.246, 20569
2026/09/26 19:24:23.746, 20569
2026/09/26 19:24:24.246, 20569
2026/09/26 19:24:24.747, 20569
2026/09/26 19:24:25.247, 20569
2026/09/26 19:24:25.747, 20569
2026/09/26 19:24:26.247, 20569
2026/09/26 19:24:26.747, 20569
2026/09/26 19:24:27.247, 20569
2026/09/26 19:24:27.748, 20569
2026/09/26 19:24:28.248, 20569
2026/09/26 19:24:28.748, 20569
2026/09/26 19:24:29.248, 20569
2026/09/26 19:24:29.748, 20569
2026/09/26 19:24:30.248, 20569
2026/09/26 19:24:30.749, 20569
2026/09/26 19:24:31.249, 20569
2026/09/26 19:24:31.749, 20569
2026/09/26 19:24:32.249, 20569
2026/09/26 19:24:32.749, 20569
2026/09/26 19:24:33.249, 20569
2026/09/26 19:24:33.749, 20569
2026/09/26 19:24:34.250, 20569
2026/09/26 19:24:34.750, 20569
2026/09/26 19:24:35.250, 20569
2026/09/26 19:24:35.750, 20569
2026/09/26 19:24:36.250, 20569
2026/09/26 19:24:36.751, 20569
2026/09/26 19:24:37.251, 20569
2026/09/26 19:24:37.751, 20569
2026/09/26 19:24:38.251, 20569
2026/09/26 19:24:38.751, 20569
2026/09/26 19:24:39.251, 20569
2026/09/26 19:24:39.752, 20569
2026/09/26 19:24:40.252, 20569
2026/09/26 19:24:40.752, 20569
2026/09/26 19:24:41.252, 20569
2026/09/26 19:24:41.752, 20569
2026/09/26 19:24:42.252, 20569
2026/09/26 19:24:42.753, 20569
2026/09/26 19:24:43.253, 20569
2026/09/26 19:24:43.753, 20569
2026/09/26 19:24:44.253, 20569
2026/09/26 19:24:44.753, 20569
2026/09/26 19:24:45.253, 20569
2026/09/26 19:24:45.754, 20569
2026/09/26 19:24:46.254, 20569
2026/09/26 19:24:46.754, 20569
2026/09/26 19:24:47.254, 20569
2026/09/26 19:24:47.754, 20569
2026/09/26 19:24:48.255, 20569
2026/09/26 19:24:48.755, 20569
2026/09/26 19:24:49.255, 20569
2026/09/26 19:24:49.755, 20569
2026/09/26 19:24:50.255, 20569
2026/09/26 19:24:50.764, 20569
2026/09/26 19:24:51.265, 20569
2026/09/26 19:24:51.765, 20569
2026/09/26 19:24:52.265, 20569
2026/09/26 19:24:52.765, 20569
2026/09/26 19:24:53.265, 20569
2026/09/26 19:24:53.765, 20569
2026/09/26 19:24:54.266, 20569
2026/09/26 19:24:54.766, 20569
2026/09/26 19:24:55.266, 20569
2026/09/26 19:24:55.766, 20569
2026/09/26 19:24:56.266, 20569
2026/09/26 19:24:56.766, 20569
2026/09/26 19:24:57.267, 20569
2026/09/26 19:24:57.767, 20569
2026/09/26 19:24:58.267, 20569
2026/09/26 19:24:58.767, 20569
2026/09/26 19:24:59.267, 20569
2026/09/26 19:24:59.767, 20569
2026/09/26 19:25:00.268, 20569
2026/09/26 19:25:00.768, 20569
2026/09/26 19:25:01.268, 20569
2026/09/26 19:25:01.768, 20569
2026/09/26 19:25:02.268, 20569
2026/09/26 19:25:02.768, 20569
2026/09/26 19:25:03.269, 20569
2026/09/26 19:25:03.769, 20569
2026/09/26 19:25:04.269, 20569
2026/09/26 19:25:04.769, 20569
2026/09/26 19:25:05.269, 20569
2026/09/26 19:25:05.769, 20569
2026/09/26 19:25:06.270, 20569
2026/09/26 19:25:06.770, 20569
2026/09/26 19:25:07.270, 20569
2026/09/26 19:25:07.770, 20569
2026/09/26 19:25:08.270, 20569
2026/09/26 19:25:08.770, 20569
2026/09/26 19:25:09.271, 20569
2026/09/26 19:25:09.771, 20569
2026/09/26 19:25:10.271, 20569
2026/09/26 19:25:10.771, 20569
2026/09/26 19:25:11.271, 20569
2026/09/26 19:25:11.771, 20569
2026/09/26 19:25:12.272, 20569
2026/09/26 19:25:12.772, 20569
2026/09/26 19:25:13.272, 20569
2026/09/26 19:25:13.772, 20569
2026/09/26 19:25:14.272, 20569
2026/09/26 19:25:14.772, 20569
2026/09/26 19:25:15.273, 20569
2026/09/26 19:25:15.773, 20569
2026/09/26 19:25:16.273, 20569
2026/09/26 19:25:16.773, 20569
2026/09/26 19:25:17.273, 20569
2026/09/26 19:25:17.773, 20569
2026/09/26 19:25:18.274, 20569
2026/09/26 19:25:18.774, 20569
2026/09/26 19:25:19.274, 20569
2026/09/26 19:25:19.774, 20569
2026/09/26 19:25:20.274, 20569
2026/09/26 19:25:20.774, 20569
2026/09/26 19:25:21.275, 20569
2026/09/26 19:25:21.775, 20569
2026/09/26 19:25:22.275, 20569
2026/09/26 19:25:22.775, 20569
2026/09/26 19:25:23.275, 20569
2026/09/26 19:25:23.775, 20569
2026/09/26 19:25:24.276, 20569
2026/09/26 19:25:24.776, 20569
2026/09/26 19:25:25.276, 20569
2026/09/26 19:25:25.776, 20569
2026/09/26 19:25:26.276, 20569
2026/09/26 19:25:26.776, 20569
2026/09/26 19:25:27.276, 20569
2026/09/26 19:25:27.777, 20569
2026/09/26 19:25:28.277, 20569
2026/09/26 19:25:28.777, 20569
2026/09/26 19:25:29.277, 20569
2026/09/26 19:25:29.777, 20569
2026/09/26 19:25:30.277, 20569
2026/09/26 19:25:30.778, 20569
2026/09/26 19:25:31.278, 20569
2026/09/26 19:25:31.778, 20569
2026/09/26 19:25:32.278, 20569
2026/09/26 19:25:32.778, 20569
2026/09/26 19:25:33.278, 20569
2026/09/26 19:25:33.779, 20569
2026/09/26 19:25:34.279, 20569
2026/09/26 19:25:34.779, 20569
2026/09/26 19:25:35.279, 20569
2026/09/26 19:25:35.779, 20569
2026/09/26 19:25:36.279, 20569
2026/09/26 19:25:36.780, 20569
2026/09/26 19:25:37.280, 20569
2026/09/26 19:25:37.780, 20569
2026/09/26 19:25:38.280, 20569
2026/09/26 19:25:38.780, 20569
2026/09/26 19:25:39.280, 20569
2026/09/26 19:25:39.781, 20569
2026/09/26 19:25:40.281, 20569
2026/09/26 19:25:40.781, 20569
2026/09/26 19:25:41.281, 20569
2026/09/26 19:25:41.781, 20569
2026/09/26 19:25:42.281, 20569
2026/09/26 19:25:42.781, 20569
2026/09/26 19:25:43.282, 20569
2026/09/26 19:25:43.782, 20569
2026/09/26 19:25:44.282, 20569
2026/09/26 19:25:44.782, 20569
2026/09/26 19:25:45.282, 20569
2026/09/26 19:25:45.782, 20569
2026/09/26 19:25:46.283, 20569
2026/09/26 19:25:46.783, 20569
2026/09/26 19:25:47.283, 20569
2026/09/26 19:25:47.783, 20569
2026/09/26 19:25:48.283, 20569
2026/09/26 19:25:48.783, 20569
2026/09/26 19:25:49.284, 20569
2026/09/26 19:25:49.784, 20569
2026/09/26 19:25:50.284, 20569
2026/09/26 19:25:50.784, 20569
2026/09/26 19:25:51.284, 20569
2026/09/26 19:25:51.784, 20569
2026/09/26 19:25:52.285, 20569
2026/09/26 19:25:52.785, 20569
2026/09/26 19:25:53.285, 20569
2026/09/26 19:25:53.785, 20569
2026/09/26 19:25:54.285, 20569
2026/09/26 19:25:54.785, 20569
2026/09/26 19:25:55.286, 20569
2026/09/26 19:25:55.786, 20569
2026/09/26 19:25:56.286, 20569
2026/09/26 19:25:56.786, 20569
2026/09/26 19:25:57.286, 20569
2026/09/26 19:25:57.786, 20569
2026/09/26 19:25:58.286, 20569
2026/09/26 19:25:58.787, 20569
2026/09/26 19:25:59.287, 20569
2026/09/26 19:25:59.787, 20569
2026/09/26 19:26:00.287, 20569
2026/09/26 19:26:00.787, 20569
2026/09/26 19:26:01.287, 20569
2026/09/26 19:26:01.787, 20569
2026/09/26 19:26:02.288, 20569
2026/09/26 19:26:02.788, 20569
2026/09/26 19:26:03.288, 20569
2026/09/26 19:26:03.788, 20569
2026/09/26 19:26:04.288, 20569
2026/09/26 19:26:04.788, 20569
2026/09/26 19:26:05.289, 20569
2026/09/26 19:26:05.789, 20569
2026/09/26 19:26:06.289, 20569
2026/09/26 19:26:06.789, 20569
2026/09/26 19:26:07.289, 20569
2026/09/26 19:26:07.789, 20569
2026/09/26 19:26:08.290, 20569
2026/09/26 19:26:08.790, 20569
2026/09/26 19:26:09.290, 20569
2026/09/26 19:26:09.790, 20569
2026/09/26 19:26:10.290, 20569
2026/09/26 19:26:10.790, 20569
2026/09/26 19:26:11.290, 20569
2026/09/26 19:26:11.791, 20569
2026/09/26 19:26:12.291, 20569
2026/09/26 19:26:12.791, 20569
2026/09/26 19:26:13.291, 20569
2026/09/26 19:26:13.791, 20569
2026/09/26 19:26:14.291, 20569
2026/09/26 19:26:14.792, 20569
2026/09/26 19:26:15.292, 20569
2026/09/26 19:26:15.792, 20569
2026/09/26 19:26:16.292, 20569
2026/09/26 19:26:16.792, 20569
2026/09/26 19:26:17.292, 20569
2026/09/26 19:26:17.793, 20569
2026/09/26 19:26:18.293, 20569
2026/09/26 19:26:18.793, 20569
2026/09/26 19:26:19.293, 20569
2026/09/26 19:26:19.793, 20569
2026/09/26 19:26:20.293, 20569
2026/09/26 19:26:20.793, 20569
2026/09/26 19:26:21.294, 20569
2026/09/26 19:26:21.794, 20569
2026/09/26 19:26:22.294, 20569
2026/09/26 19:26:22.794, 20569
2026/09/26 19:26:23.294, 20569
2026/09/26 19:26:23.794, 20569
2026/09/26 19:26:24.295, 20569
2026/09/26 19:26:24.795, 20569
2026/09/26 19:26:25.295, 20569
2026/09/26 19:26:25.795, 20569
2026/09/26 19:26:26.295, 20569
2026/09/26 19:26:26.795, 20569
2026/09/26 19:26:27.295, 20569
2026/09/26 19:26:27.796, 20569
2026/09/26 19:26:28.296, 20569
2026/09/26 19:26:28.796, 20569
2026/09/26 19:26:29.296, 20569
2026/09/26 19:26:29.796, 20569
2026/09/26 19:26:30.296, 20569
2026/09/26 19:26:30.797, 20569
2026/09/26 19:26:31.297, 20569
2026/09/26 19:26:31.797, 20569
2026/09/26 19:26:32.297, 20569
2026/09/26 19:26:32.797, 20569
2026/09/26 19:26:33.297, 20569
2026/09/26 19:26:33.797, 20569
2026/09/26 19:26:34.298, 20569
2026/09/26 19:26:34.798, 20569
2026/09/26 19:26:35.298, 20569
2026/09/26 19:26:35.798, 20569
2026/09/26 19:26:36.298, 20569
2026/09/26 19:26:36.798, 20569
2026/09/26 19:26:37.299, 20569
2026/09/26 19:26:37.799, 20569
2026/09/26 19:26:38.299, 20569
2026/09/26 19:26:38.799, 20569
2026/09/26 19:26:39.299, 20569
2026/09/26 19:26:39.799, 20569
2026/09/26 19:26:40.299, 20569
2026/09/26 19:26:40.800, 20569
2026/09/26 19:26:41.300, 20569
2026/09/26 19:26:41.801, 20569
2026/09/26 19:26:42.301, 20569
2026/09/26 19:26:42.801, 20569
2026/09/26 19:26:43.301, 20569
2026/09/26 19:26:43.801, 20569
2026/09/26 19:26:44.301, 20569
2026/09/26 19:26:44.802, 20569
2026/09/26 19:26:45.302, 20569
2026/09/26 19:26:45.802, 20569
2026/09/26 19:26:46.302, 20569
2026/09/26 19:26:46.802, 20569
2026/09/26 19:26:47.302, 20569
2026/09/26 19:26:47.802, 20569
2026/09/26 19:26:48.303, 20569
2026/09/26 19:26:48.803, 20569
2026/09/26 19:26:49.303, 20569
2026/09/26 19:26:49.803, 20569
2026/09/26 19:26:50.303, 20569
2026/09/26 19:26:50.803, 20569
2026/09/26 19:26:51.304, 20569
2026/09/26 19:26:51.804, 20569
2026/09/26 19:26:52.304, 20569
2026/09/26 19:26:52.804, 20569
2026/09/26 19:26:53.304, 20569
2026/09/26 19:26:53.804, 20569
2026/09/26 19:26:54.304, 20569
2026/09/26 19:26:54.805, 20569
2026/09/26 19:26:55.305, 20569
2026/09/26 19:26:55.805, 20569
2026/09/26 19:26:56.305, 20569
2026/09/26 19:26:56.805, 20569
2026/09/26 19:26:57.305, 20569
2026/09/26 19:26:57.806, 20569
2026/09/26 19:26:58.306, 20569
2026/09/26 19:26:58.806, 20569
2026/09/26 19:26:59.306, 20569
2026/09/26 19:26:59.806, 20569
2026/09/26 19:27:00.306, 20569
2026/09/26 19:27:00.807, 20569
2026/09/26 19:27:01.307, 20569
2026/09/26 19:27:01.807, 20569
2026/09/26 19:27:02.307, 20569
2026/09/26 19:27:02.807, 20569
2026/09/26 19:27:03.307, 20569
2026/09/26 19:27:03.807, 20569
2026/09/26 19:27:04.308, 20569
2026/09/26 19:27:04.808, 20569
2026/09/26 19:27:05.309, 20569
2026/09/26 19:27:05.809, 20569
2026/09/26 19:27:06.309, 20569
2026/09/26 19:27:06.809, 20569
2026/09/26 19:27:07.309, 20569
2026/09/26 19:27:07.810, 20569
2026/09/26 19:27:08.310, 20569
2026/09/26 19:27:08.810, 20569
2026/09/26 19:27:09.310, 20569
2026/09/26 19:27:09.810, 20569
2026/09/26 19:27:10.311, 20569
2026/09/26 19:27:10.811, 20569
2026/09/26 19:27:11.311, 20569
2026/09/26 19:27:11.811, 20569
2026/09/26 19:27:12.311, 20569
2026/09/26 19:27:12.811, 20569
2026/09/26 19:27:13.312, 20569
2026/09/26 19:27:13.812, 20569
2026/09/26 19:27:14.312, 20569
2026/09/26 19:27:14.812, 20569
2026/09/26 19:27:15.312, 20569
2026/09/26 19:27:15.813, 20569
2026/09/26 19:27:16.313, 20569
2026/09/26 19:27:16.813, 20569
2026/09/26 19:27:17.313, 20569
2026/09/26 19:27:17.813, 20569
2026/09/26 19:27:18.313, 20569
2026/09/26 19:27:18.814, 20569
2026/09/26 19:27:19.314, 20569
2026/09/26 19:27:19.814, 20569
2026/09/26 19:27:20.314, 20569
2026/09/26 19:27:20.814, 20569
2026/09/26 19:27:21.315, 20569
2026/09/26 19:27:21.815, 20569
2026/09/26 19:27:22.315, 20569
2026/09/26 19:27:22.815, 20569
2026/09/26 19:27:23.315, 20569
2026/09/26 19:27:23.815, 20569
2026/09/26 19:27:24.316, 20569
2026/09/26 19:27:24.816, 20569
2026/09/26 19:27:25.316, 20569
2026/09/26 19:27:25.816, 20569
2026/09/26 19:27:26.316, 20569
2026/09/26 19:27:26.816, 20569
2026/09/26 19:27:27.317, 20569
2026/09/26 19:27:27.817, 20569
2026/09/26 19:27:28.317, 20569
2026/09/26 19:27:28.817, 20569
2026/09/26 19:27:29.317, 20569
2026/09/26 19:27:29.818, 20569
2026/09/26 19:27:30.318, 20569
2026/09/26 19:27:30.818, 20569
2026/09/26 19:27:31.318, 20569
2026/09/26 19:27:31.818, 20569
2026/09/26 19:27:32.318, 20569
2026/09/26 19:27:32.819, 20569
2026/09/26 19:27:33.319, 20569
2026/09/26 19:27:33.819, 20569
2026/09/26 19:27:34.319, 20569
2026/09/26 19:27:34.819, 20569
2026/09/26 19:27:35.319, 20569
2026/09/26 19:27:35.820, 20569
2026/09/26 19:27:36.320, 20569
2026/09/26 19:27:36.820, 20569
2026/09/26 19:27:37.320, 20569
2026/09/26 19:27:37.820, 20569
2026/09/26 19:27:38.320, 20569
2026/09/26 19:27:38.821, 20569
2026/09/26 19:27:39.321, 20569
2026/09/26 19:27:39.853, 20569
2026/09/26 19:27:40.353, 20569
2026/09/26 19:27:40.854, 20569
2026/09/26 19:27:41.354, 20569
2026/09/26 19:27:41.854, 20569
2026/09/26 19:27:42.354, 20569
2026/09/26 19:27:42.854, 20569
2026/09/26 19:27:43.354, 20569
2026/09/26 19:27:43.855, 20569
2026/09/26 19:27:44.355, 20569
2026/09/26 19:27:44.855, 20569
2026/09/26 19:27:45.355, 20569
2026/09/26 19:27:45.855, 20569
2026/09/26 19:27:46.356, 20569
2026/09/26 19:27:46.856, 20569
2026/09/26 19:27:47.356, 20569
2026/09/26 19:27:47.856, 20569
2026/09/26 19:27:48.356, 20569
2026/09/26 19:27:48.857, 20569
2026/09/26 19:27:49.357, 20569
2026/09/26 19:27:49.857, 20569
2026/09/26 19:27:50.357, 20569
2026/09/26 19:27:50.857, 20569
2026/09/26 19:27:51.357, 20569
2026/09/26 19:27:51.858, 20569
2026/09/26 19:27:52.358, 20569
2026/09/26 19:27:52.858, 20569
2026/09/26 19:27:53.358, 20569
2026/09/26 19:27:53.858, 20569
2026/09/26 19:27:54.358, 20569
2026/09/26 19:27:54.859, 20569
2026/09/26 19:27:55.359, 20569
2026/09/26 19:27:55.859, 20569
2026/09/26 19:27:56.359, 20569
2026/09/26 19:27:56.859, 20569
2026/09/26 19:27:57.359, 20569
2026/09/26 19:27:57.860, 20569
2026/09/26 19:27:58.360, 20569
2026/09/26 19:27:58.860, 20569
2026/09/26 19:27:59.360, 20569
2026/09/26 19:27:59.860, 20569
2026/09/26 19:28:00.360, 20569
2026/09/26 19:28:00.860, 20569
2026/09/26 19:28:01.361, 20569
2026/09/26 19:28:01.861, 20569
2026/09/26 19:28:02.361, 20569
2026/09/26 19:28:02.861, 20569
2026/09/26 19:28:03.361, 20569
2026/09/26 19:28:03.861, 20569
2026/09/26 19:28:04.362, 20569
2026/09/26 19:28:04.862, 20569
2026/09/26 19:28:05.362, 20569
2026/09/26 19:28:05.862, 20569
2026/09/26 19:28:06.362, 20569
2026/09/26 19:28:06.862, 20569
2026/09/26 19:28:07.362, 20569
2026/09/26 19:28:07.863, 20569
2026/09/26 19:28:08.363, 20569
2026/09/26 19:28:08.863, 20569
2026/09/26 19:28:09.363, 20569
2026/09/26 19:28:09.863, 20569
2026/09/26 19:28:10.363, 20569
2026/09/26 19:28:10.864, 20569
2026/09/26 19:28:11.364, 20569
2026/09/26 19:28:11.864, 20569
2026/09/26 19:28:12.364, 20569
2026/09/26 19:28:12.864, 20569
2026/09/26 19:28:13.364, 20569
2026/09/26 19:28:13.865, 20569
2026/09/26 19:28:14.365, 20569
2026/09/26 19:28:14.865, 20569
2026/09/26 19:28:15.365, 20569
2026/09/26 19:28:15.865, 20569
2026/09/26 19:28:16.365, 20569
2026/09/26 19:28:16.865, 20569
2026/09/26 19:28:17.366, 20569
2026/09/26 19:28:17.866, 20569
2026/09/26 19:28:18.366, 20569
2026/09/26 19:28:18.866, 20569
2026/09/26 19:28:19.366, 20569
2026/09/26 19:28:19.867, 20569
2026/09/26 19:28:20.367, 20569
2026/09/26 19:28:20.867, 20569
2026/09/26 19:28:21.367, 20569
2026/09/26 19:28:21.867, 20569
2026/09/26 19:28:22.367, 20569
2026/09/26 19:28:22.867, 20569
2026/09/26 19:28:23.368, 20569
2026/09/26 19:28:23.868, 20569
2026/09/26 19:28:24.368, 20569
2026/09/26 19:28:24.868, 20569
2026/09/26 19:28:25.368, 20569
2026/09/26 19:28:25.868, 20569
2026/09/26 19:28:26.369, 20569
2026/09/26 19:28:26.869, 20569
2026/09/26 19:28:27.369, 20569
2026/09/26 19:28:27.869, 20569
2026/09/26 19:28:28.369, 20569
2026/09/26 19:28:28.869, 20569
2026/09/26 19:28:29.370, 20569
2026/09/26 19:28:29.870, 20569
2026/09/26 19:28:30.370, 20569
2026/09/26 19:28:30.870, 20569
2026/09/26 19:28:31.370, 20569
2026/09/26 19:28:31.870, 20569
2026/09/26 19:28:32.371, 20569
2026/09/26 19:28:32.871, 20569
2026/09/26 19:28:33.371, 20569
2026/09/26 19:28:33.871, 20569
2026/09/26 19:28:34.371, 20569
2026/09/26 19:28:34.871, 20569
2026/09/26 19:28:35.372, 20569
2026/09/26 19:28:35.872, 20569
2026/09/26 19:28:36.372, 20569
2026/09/26 19:28:36.872, 20569
2026/09/26 19:28:37.372, 20569
2026/09/26 19:28:37.872, 20569
2026/09/26 19:28:38.373, 20569
2026/09/26 19:28:38.873, 20569
2026/09/26 19:28:39.373, 20569
2026/09/26 19:28:39.873, 20569
2026/09/26 19:28:40.373, 20569
2026/09/26 19:28:40.873, 20569
2026/09/26 19:28:41.374, 20569
2026/09/26 19:28:41.874, 20569
2026/09/26 19:28:42.374, 20569
2026/09/26 19:28:42.874, 20569
2026/09/26 19:28:43.374, 20569
2026/09/26 19:28:43.874, 20569
2026/09/26 19:28:44.375, 20569
2026/09/26 19:28:44.875, 20569
2026/09/26 19:28:45.375, 20569
2026/09/26 19:28:45.875, 20569
2026/09/26 19:28:46.375, 20569
2026/09/26 19:28:46.875, 20569
2026/09/26 19:28:47.375, 20569
2026/09/26 19:28:47.876, 20569
2026/09/26 19:28:48.376, 20569
2026/09/26 19:28:48.876, 20569
2026/09/26 19:28:49.376, 20569
2026/09/26 19:28:49.876, 20569
2026/09/26 19:28:50.376, 20569
2026/09/26 19:28:50.877, 20569
2026/09/26 19:28:51.377, 20569
2026/09/26 19:28:51.877, 20569
2026/09/26 19:28:52.377, 20569
2026/09/26 19:28:52.877, 20569
2026/09/26 19:28:53.377, 20569
2026/09/26 19:28:53.878, 20569
2026/09/26 19:28:54.378, 20569
2026/09/26 19:28:54.878, 20569
2026/09/26 19:28:55.378, 20569
2026/09/26 19:28:55.878, 20569
2026/09/26 19:28:56.378, 20569
2026/09/26 19:28:56.879, 20569
2026/09/26 19:28:57.379, 20569
2026/09/26 19:28:57.879, 20569
2026/09/26 19:28:58.379, 20569
2026/09/26 19:28:58.879, 20569
2026/09/26 19:28:59.379, 20569
2026/09/26 19:28:59.880, 20569
2026/09/26 19:29:00.380, 20569
2026/09/26 19:29:00.880, 20569
2026/09/26 19:29:01.380, 20569
2026/09/26 19:29:01.880, 20569
2026/09/26 19:29:02.380, 20569
2026/09/26 19:29:02.880, 20569
2026/09/26 19:29:03.381, 20569
2026/09/26 19:29:03.881, 20569
2026/09/26 19:29:04.381, 20569
2026/09/26 19:29:04.881, 20569
2026/09/26 19:29:05.381, 20569
2026/09/26 19:29:05.881, 20569
2026/09/26 19:29:06.382, 20569
2026/09/26 19:29:06.882, 20569
2026/09/26 19:29:07.382, 20569
2026/09/26 19:29:07.882, 20569
2026/09/26 19:29:08.382, 20569
2026/09/26 19:29:08.882, 20569
2026/09/26 19:29:09.383, 20569
2026/09/26 19:29:09.883, 20569
2026/09/26 19:29:10.383, 20569
2026/09/26 19:29:10.883, 21049
2026/09/26 19:29:11.383, 21049
2026/09/26 19:29:11.892, 21049
2026/09/26 19:29:12.392, 21049
2026/09/26 19:29:12.892, 21049
2026/09/26 19:29:13.393, 21049
2026/09/26 19:29:13.893, 21049
2026/09/26 19:29:14.393, 21049
2026/09/26 19:29:14.893, 21049
2026/09/26 19:29:15.393, 21049
2026/09/26 19:29:15.893, 21049
2026/09/26 19:29:16.394, 21049
2026/09/26 19:29:16.894, 21049
2026/09/26 19:29:17.394, 21049
2026/09/26 19:29:17.894, 21049
2026/09/26 19:29:18.394, 21049
2026/09/26 19:29:18.895, 21049
2026/09/26 19:29:19.395, 21049
2026/09/26 19:29:19.895, 21049
2026/09/26 19:29:20.395, 21049
2026/09/26 19:29:20.895, 21049
2026/09/26 19:29:21.395, 21049
2026/09/26 19:29:21.896, 21049
2026/09/26 19:29:22.396, 21049
2026/09/26 19:29:22.896, 21049
2026/09/26 19:29:23.396, 21049
2026/09/26 19:29:23.896, 21049
2026/09/26 19:29:24.397, 21049
2026/09/26 19:29:24.897, 21049
2026/09/26 19:29:25.397, 21049
2026/09/26 19:29:25.897, 21049
2026/09/26 19:29:26.397, 21049
2026/09/26 19:29:26.897, 21049
2026/09/26 19:29:27.398, 21049
2026/09/26 19:29:27.898, 21049
2026/09/26 19:29:28.398, 21049
2026/09/26 19:29:28.898, 21049
2026/09/26 19:29:29.398, 21049
2026/09/26 19:29:29.898, 21049
2026/09/26 19:29:30.399, 21049
2026/09/26 19:29:30.899, 21049
2026/09/26 19:29:31.399, 21049
2026/09/26 19:29:31.899, 21049
2026/09/26 19:29:32.399, 21049
2026/09/26 19:29:32.899, 21049
2026/09/26 19:29:33.400, 21049
2026/09/26 19:29:33.900, 21049
2026/09/26 19:29:34.400, 21049
2026/09/26 19:29:34.900, 21049
2026/09/26 19:29:35.400, 21049
2026/09/26 19:29:35.901, 21049
2026/09/26 19:29:36.401, 21049
2026/09/26 19:29:36.901, 21049
2026/09/26 19:29:37.401, 21049
2026/09/26 19:29:37.902, 21049
2026/09/26 19:29:38.402, 21049
2026/09/26 19:29:38.902, 21049
2026/09/26 19:29:39.402, 21049
2026/09/26 19:29:39.902, 21049
2026/09/26 19:29:40.402, 21049
2026/09/26 19:29:40.903, 21049
2026/09/26 19:29:41.403, 21049
2026/09/26 19:29:41.903, 21049
2026/09/26 19:29:42.403, 21049
2026/09/26 19:29:42.903, 21049
2026/09/26 19:29:43.404, 21049
2026/09/26 19:29:43.904, 21049
2026/09/26 19:29:44.404, 21049
2026/09/26 19:29:44.904, 21049
2026/09/26 19:29:45.404, 21049
2026/09/26 19:29:45.905, 21049
2026/09/26 19:29:46.405, 21049
2026/09/26 19:29:46.905, 21049
2026/09/26 19:29:47.405, 21049
2026/09/26 19:29:47.905, 21049
2026/09/26 19:29:48.405, 21049
2026/09/26 19:29:48.906, 21049
2026/09/26 19:29:49.406, 21049
2026/09/26 19:29:49.906, 21049
2026/09/26 19:29:50.406, 21049
2026/09/26 19:29:50.906, 21049
2026/09/26 19:29:51.406, 21049
2026/09/26 19:29:51.907, 21049
2026/09/26 19:29:52.407, 21049
2026/09/26 19:29:52.907, 21049
2026/09/26 19:29:53.407, 21049
2026/09/26 19:29:53.907, 21049
2026/09/26 19:29:54.407, 21049
2026/09/26 19:29:54.908, 21049
2026/09/26 19:29:55.408, 21049
2026/09/26 19:29:55.908, 21049
2026/09/26 19:29:56.408, 21049
2026/09/26 19:29:56.908, 21049
2026/09/26 19:29:57.408, 21049
2026/09/26 19:29:57.909, 21049
2026/09/26 19:29:58.409, 21049
2026/09/26 19:29:58.909, 21049
2026/09/26 19:29:59.409, 21049
2026/09/26 19:29:59.909, 21049
2026/09/26 19:30:00.409, 21049
2026/09/26 19:30:00.910, 21049
2026/09/26 19:30:01.410, 21049
2026/09/26 19:30:01.910, 21049
2026/09/26 19:30:02.410, 21049
2026/09/26 19:30:02.910, 21049
2026/09/26 19:30:03.410, 21049
2026/09/26 19:30:03.911, 21049
2026/09/26 19:30:04.411, 21049
2026/09/26 19:30:04.911, 21049
2026/09/26 19:30:05.411, 21049
2026/09/26 19:30:05.911, 21049
2026/09/26 19:30:06.411, 21049
2026/09/26 19:30:06.911, 21049
2026/09/26 19:30:07.412, 21049
2026/09/26 19:30:07.912, 21049
2026/09/26 19:30:08.412, 21049
2026/09/26 19:30:08.912, 21049
2026/09/26 19:30:09.412, 21049
2026/09/26 19:30:09.913, 21049
2026/09/26 19:30:10.413, 21049
2026/09/26 19:30:10.913, 21049
2026/09/26 19:30:11.413, 21049
2026/09/26 19:30:11.913, 21049
2026/09/26 19:30:12.413, 21049
2026/09/26 19:30:12.914, 21049
2026/09/26 19:30:13.414, 21049
2026/09/26 19:30:13.914, 21049
2026/09/26 19:30:14.414, 21049
2026/09/26 19:30:14.914, 21049
2026/09/26 19:30:15.414, 21049
2026/09/26 19:30:15.915, 21049
2026/09/26 19:30:16.415, 21049
2026/09/26 19:30:16.915, 21049
2026/09/26 19:30:17.421, 21049
2026/09/26 19:30:17.921, 21049
2026/09/26 19:30:18.421, 21049
2026/09/26 19:30:18.922, 21049
2026/09/26 19:30:19.422, 21049
2026/09/26 19:30:19.922, 21049
2026/09/26 19:30:20.422, 21049
2026/09/26 19:30:20.922, 21049
2026/09/26 19:30:21.423, 21049
2026/09/26 19:30:21.923, 21049
2026/09/26 19:30:22.423, 21049
2026/09/26 19:30:22.923, 21049
2026/09/26 19:30:23.423, 21049
2026/09/26 19:30:23.923, 21049
2026/09/26 19:30:24.424, 21049
2026/09/26 19:30:24.924, 21049
2026/09/26 19:30:25.424, 21049
2026/09/26 19:30:25.924, 21049
2026/09/26 19:30:26.424, 21049
2026/09/26 19:30:26.924, 21049
2026/09/26 19:30:27.424, 21049
2026/09/26 19:30:27.925, 21049
2026/09/26 19:30:28.425, 21049
2026/09/26 19:30:28.925, 21049
2026/09/26 19:30:29.425, 21049
2026/09/26 19:30:29.925, 21049
2026/09/26 19:30:30.426, 21049
2026/09/26 19:30:30.926, 21049
2026/09/26 19:30:31.426, 21049
2026/09/26 19:30:31.926, 21049
2026/09/26 19:30:32.426, 21049
2026/09/26 19:30:32.926, 21049
2026/09/26 19:30:33.427, 21049
2026/09/26 19:30:33.927, 21049
2026/09/26 19:30:34.427, 21049
2026/09/26 19:30:34.927, 21049
2026/09/26 19:30:35.427, 21049
2026/09/26 19:30:35.927, 21049
2026/09/26 19:30:36.428, 21049
2026/09/26 19:30:36.928, 21049
2026/09/26 19:30:37.428, 21049
2026/09/26 19:30:37.928, 21049
2026/09/26 19:30:38.428, 21049
2026/09/26 19:30:38.928, 21049
2026/09/26 19:30:39.429, 21049
2026/09/26 19:30:39.929, 21049
2026/09/26 19:30:40.429, 21049
2026/09/26 19:30:40.929, 21049
2026/09/26 19:30:41.429, 21049
2026/09/26 19:30:41.929, 21049
2026/09/26 19:30:42.430, 21049
2026/09/26 19:30:42.930, 21049
2026/09/26 19:30:43.430, 21049
2026/09/26 19:30:43.930, 21049
2026/09/26 19:30:44.430, 21049
2026/09/26 19:30:44.930, 21049
2026/09/26 19:30:45.431, 21049
2026/09/26 19:30:45.931, 21049
2026/09/26 19:30:46.431, 21049
2026/09/26 19:30:46.931, 21049
2026/09/26 19:30:47.431, 21049
2026/09/26 19:30:47.931, 21049
2026/09/26 19:30:48.432, 21049
2026/09/26 19:30:48.932, 21049
2026/09/26 19:30:49.432, 21049
2026/09/26 19:30:49.932, 21049
2026/09/26 19:30:50.432, 21049
2026/09/26 19:30:50.932, 21049
2026/09/26 19:30:51.433, 21049
2026/09/26 19:30:51.933, 21049
2026/09/26 19:30:52.433, 21049
2026/09/26 19:30:52.933, 21049
2026/09/26 19:30:53.433, 21049
2026/09/26 19:30:53.933, 21049
2026/09/26 19:30:54.434, 21049
2026/09/26 19:30:54.934, 21049
2026/09/26 19:30:55.434, 21049
2026/09/26 19:30:55.934, 21049
2026/09/26 19:30:56.434, 21049
2026/09/26 19:30:56.934, 21049
2026/09/26 19:30:57.435, 21049
2026/09/26 19:30:57.935, 21049
2026/09/26 19:30:58.435, 21049
2026/09/26 19:30:58.935, 21049
2026/09/26 19:30:59.435, 21049
2026/09/26 19:30:59.935, 21049
2026/09/26 19:31:00.436, 21049
2026/09/26 19:31:00.936, 21049
2026/09/26 19:31:01.436, 21049
2026/09/26 19:31:01.936, 21049
2026/09/26 19:31:02.436, 21049
2026/09/26 19:31:02.937, 21049
2026/09/26 19:31:03.437, 21049
2026/09/26 19:31:03.937, 21049
2026/09/26 19:31:04.437, 21049
2026/09/26 19:31:04.937, 21049
2026/09/26 19:31:05.437, 21049
2026/09/26 19:31:05.937, 21049
2026/09/26 19:31:06.438, 21049
2026/09/26 19:31:06.938, 21049
2026/09/26 19:31:07.438, 21049
2026/09/26 19:31:07.938, 21049
2026/09/26 19:31:08.438, 21049
2026/09/26 19:31:08.938, 21049
2026/09/26 19:31:09.439, 21049
2026/09/26 19:31:09.939, 21049
2026/09/26 19:31:10.439, 21049
2026/09/26 19:31:10.939, 21049
2026/09/26 19:31:11.439, 21049
2026/09/26 19:31:11.939, 21049
2026/09/26 19:31:12.440, 21049
2026/09/26 19:31:12.940, 21049
2026/09/26 19:31:13.440, 21049
2026/09/26 19:31:13.940, 21049
2026/09/26 19:31:14.440, 21049
2026/09/26 19:31:14.940, 21049
2026/09/26 19:31:15.441, 21049
2026/09/26 19:31:15.941, 21049
2026/09/26 19:31:16.441, 21049
2026/09/26 19:31:16.941, 21049
2026/09/26 19:31:17.441, 21049
2026/09/26 19:31:17.941, 21049
2026/09/26 19:31:18.442, 21049
2026/09/26 19:31:18.942, 21049
2026/09/26 19:31:19.442, 21049
2026/09/26 19:31:19.942, 21049
2026/09/26 19:31:20.442, 21049
2026/09/26 19:31:20.942, 21049
2026/09/26 19:31:21.443, 21049
2026/09/26 19:31:21.943, 21049
2026/09/26 19:31:22.443, 21049
2026/09/26 19:31:22.943, 21049
2026/09/26 19:31:23.443, 21049
2026/09/26 19:31:23.943, 21049
2026/09/26 19:31:24.444, 21049
2026/09/26 19:31:24.944, 21049
2026/09/26 19:31:25.444, 21049
2026/09/26 19:31:25.944, 21049
2026/09/26 19:31:26.444, 21049
2026/09/26 19:31:26.944, 21049
2026/09/26 19:31:27.445, 21049
2026/09/26 19:31:27.946, 21049
2026/09/26 19:31:28.446, 21049
2026/09/26 19:31:28.946, 21049
2026/09/26 19:31:29.446, 21049
2026/09/26 19:31:29.946, 21049
2026/09/26 19:31:30.446, 21049
2026/09/26 19:31:30.947, 21049
2026/09/26 19:31:31.447, 21049
2026/09/26 19:31:31.947, 21049
2026/09/26 19:31:32.447, 21049
2026/09/26 19:31:32.947, 21049
2026/09/26 19:31:33.447, 21049
2026/09/26 19:31:33.948, 21049
2026/09/26 19:31:34.448, 21049
2026/09/26 19:31:34.948, 21049
2026/09/26 19:31:35.448, 21049
2026/09/26 19:31:35.948, 21049
2026/09/26 19:31:36.448, 21049
2026/09/26 19:31:36.949, 21049
2026/09/26 19:31:37.449, 21049
2026/09/26 19:31:37.949, 21049
2026/09/26 19:31:38.449, 21049
2026/09/26 19:31:38.949, 21049
2026/09/26 19:31:39.450, 21049
2026/09/26 19:31:39.950, 21049
2026/09/26 19:31:40.450, 21049
2026/09/26 19:31:40.950, 21049
2026/09/26 19:31:41.450, 21049
2026/09/26 19:31:41.950, 21049
2026/09/26 19:31:42.451, 21049
2026/09/26 19:31:42.951, 21049
2026/09/26 19:31:43.451, 21049
2026/09/26 19:31:43.951, 21049
2026/09/26 19:31:44.451, 21049
2026/09/26 19:31:44.951, 21049
2026/09/26 19:31:45.452, 21049
2026/09/26 19:31:45.952, 21049
2026/09/26 19:31:46.452, 21049
2026/09/26 19:31:46.952, 21049
2026/09/26 19:31:47.452, 21049
2026/09/26 19:31:47.952, 21049
2026/09/26 19:31:48.453, 21049
2026/09/26 19:31:48.953, 21049
2026/09/26 19:31:49.453, 21049
2026/09/26 19:31:49.953, 21049
2026/09/26 19:31:50.453, 21049
2026/09/26 19:31:50.953, 21049
2026/09/26 19:31:51.454, 21049
2026/09/26 19:31:51.954, 21049
2026/09/26 19:31:52.454, 21049
2026/09/26 19:31:52.954, 21049
2026/09/26 19:31:53.454, 21049
2026/09/26 19:31:53.954, 21049
2026/09/26 19:31:54.455, 21049
2026/09/26 19:31:54.955, 21049
2026/09/26 19:31:55.455, 21049
2026/09/26 19:31:55.955, 21049
2026/09/26 19:31:56.455, 21049
2026/09/26 19:31:56.956, 21049
2026/09/26 19:31:57.456, 21049
2026/09/26 19:31:57.956, 21049
2026/09/26 19:31:58.456, 21049
2026/09/26 19:31:58.956, 21049
2026/09/26 19:31:59.457, 21049
2026/09/26 19:31:59.957, 21049
2026/09/26 19:32:00.457, 21049
2026/09/26 19:32:00.957, 21049
2026/09/26 19:32:01.457, 21049
2026/09/26 19:32:01.957, 21049
2026/09/26 19:32:02.458, 21049
2026/09/26 19:32:02.958, 21049
2026/09/26 19:32:03.458, 21049
2026/09/26 19:32:03.958, 21049
2026/09/26 19:32:04.458, 21049
2026/09/26 19:32:04.958, 21049
2026/09/26 19:32:05.459, 21049
2026/09/26 19:32:05.959, 21049
2026/09/26 19:32:06.459, 21049
2026/09/26 19:32:06.959, 21049
2026/09/26 19:32:07.459, 21049
2026/09/26 19:32:07.959, 21049
2026/09/26 19:32:08.460, 21049
2026/09/26 19:32:08.960, 21049
2026/09/26 19:32:09.460, 21049
2026/09/26 19:32:09.960, 21049
2026/09/26 19:32:10.460, 21049
2026/09/26 19:32:10.960, 21049
2026/09/26 19:32:11.460, 21049
2026/09/26 19:32:11.961, 21049
2026/09/26 19:32:12.461, 21049
2026/09/26 19:32:12.961, 21049
2026/09/26 19:32:13.461, 21049
2026/09/26 19:32:13.961, 21049
2026/09/26 19:32:14.461, 21049
2026/09/26 19:32:14.962, 21049
2026/09/26 19:32:15.462, 21049
2026/09/26 19:32:15.962, 21049
2026/09/26 19:32:16.462, 21049
2026/09/26 19:32:16.962, 21049
2026/09/26 19:32:17.462, 21049
2026/09/26 19:32:17.963, 21049
2026/09/26 19:32:18.463, 21049
2026/09/26 19:32:18.963, 21049
2026/09/26 19:32:19.463, 21049
2026/09/26 19:32:19.963, 21049
2026/09/26 19:32:20.463, 21049
2026/09/26 19:32:20.964, 21049
2026/09/26 19:32:21.464, 21049
2026/09/26 19:32:21.964, 21049
2026/09/26 19:32:22.464, 21049
2026/09/26 19:32:22.964, 21049
2026/09/26 19:32:23.464, 21049
2026/09/26 19:32:23.965, 21049
2026/09/26 19:32:24.465, 21049
2026/09/26 19:32:24.965, 21049
2026/09/26 19:32:25.465, 21049
2026/09/26 19:32:25.965, 21049
2026/09/26 19:32:26.466, 21049
2026/09/26 19:32:26.966, 21049
2026/09/26 19:32:27.466, 21049
2026/09/26 19:32:27.966, 21049
2026/09/26 19:32:28.466, 21049
2026/09/26 19:32:28.966, 21049
2026/09/26 19:32:29.467, 21049
2026/09/26 19:32:29.967, 21049
2026/09/26 19:32:30.467, 21049
2026/09/26 19:32:30.967, 21049
2026/09/26 19:32:31.467, 21049
2026/09/26 19:32:31.967, 21049
2026/09/26 19:32:32.467, 21049
2026/09/26 19:32:32.968, 21049
2026/09/26 19:32:33.468, 21049
2026/09/26 19:32:33.968, 21049
2026/09/26 19:32:34.468, 21049
2026/09/26 19:32:34.968, 21049
2026/09/26 19:32:35.468, 21049
2026/09/26 19:32:35.969, 21049
2026/09/26 19:32:36.469, 21049
2026/09/26 19:32:36.969, 21049
2026/09/26 19:32:37.469, 21049
2026/09/26 19:32:37.969, 21049
2026/09/26 19:32:38.469, 21049
2026/09/26 19:32:38.970, 21049
2026/09/26 19:32:39.470, 21049
2026/09/26 19:32:39.970, 21049
2026/09/26 19:32:40.470, 21049
2026/09/26 19:32:40.970, 21049
2026/09/26 19:32:41.470, 21049
2026/09/26 19:32:41.971, 21049
2026/09/26 19:32:42.471, 21049
2026/09/26 19:32:42.971, 21049
2026/09/26 19:32:43.471, 21049
2026/09/26 19:32:43.971, 21049
2026/09/26 19:32:44.471, 21049
2026/09/26 19:32:44.972, 21049
2026/09/26 19:32:45.472, 21049
2026/09/26 19:32:45.972, 21049
2026/09/26 19:32:46.472, 21049
2026/09/26 19:32:46.972, 21049
2026/09/26 19:32:47.472, 21049
2026/09/26 19:32:47.973, 21049
2026/09/26 19:32:48.473, 21049
2026/09/26 19:32:48.973, 21049
2026/09/26 19:32:49.473, 21049
2026/09/26 19:32:49.973, 21049
2026/09/26 19:32:50.473, 21049
2026/09/26 19:32:50.973, 21049
2026/09/26 19:32:51.474, 21049
2026/09/26 19:32:51.974, 21049
2026/09/26 19:32:52.474, 21049
2026/09/26 19:32:52.974, 21049
2026/09/26 19:32:53.474, 21049
2026/09/26 19:32:53.974, 21049
2026/09/26 19:32:54.475, 21049
2026/09/26 19:32:54.975, 21049
2026/09/26 19:32:55.475, 21049
2026/09/26 19:32:55.975, 21049
2026/09/26 19:32:56.476, 21049
2026/09/26 19:32:56.976, 21049
2026/09/26 19:32:57.476, 21049
2026/09/26 19:32:57.976, 21049
2026/09/26 19:32:58.476, 21049
2026/09/26 19:32:58.976, 21049
2026/09/26 19:32:59.476, 21049
2026/09/26 19:32:59.977, 21049
2026/09/26 19:33:00.477, 21049
2026/09/26 19:33:00.977, 21049
2026/09/26 19:33:01.477, 21049
2026/09/26 19:33:01.977, 21049
2026/09/26 19:33:02.477, 21049
2026/09/26 19:33:02.978, 21049
2026/09/26 19:33:03.478, 21049
2026/09/26 19:33:03.978, 21049
2026/09/26 19:33:04.478, 21049
2026/09/26 19:33:04.978, 21049
2026/09/26 19:33:05.478, 21049
2026/09/26 19:33:05.978, 21049
2026/09/26 19:33:06.479, 21049
2026/09/26 19:33:06.979, 21049
2026/09/26 19:33:07.479, 21049
2026/09/26 19:33:07.979, 21049
2026/09/26 19:33:08.479, 21049
2026/09/26 19:33:08.979, 21049
2026/09/26 19:33:09.479, 21049
2026/09/26 19:33:09.980, 21049
2026/09/26 19:33:10.480, 21049
2026/09/26 19:33:10.980, 21049
2026/09/26 19:33:11.480, 21049
2026/09/26 19:33:11.980, 21049
2026/09/26 19:33:12.480, 21049
2026/09/26 19:33:12.980, 21049
2026/09/26 19:33:13.480, 21049
2026/09/26 19:33:13.981, 21049
2026/09/26 19:33:14.481, 21049
2026/09/26 19:33:14.981, 21049
2026/09/26 19:33:15.481, 21049
2026/09/26 19:33:15.981, 21049
2026/09/26 19:33:16.481, 21049
2026/09/26 19:33:16.981, 21049
2026/09/26 19:33:17.482, 21049
2026/09/26 19:33:17.982, 21049
2026/09/26 19:33:18.482, 21049
2026/09/26 19:33:18.982, 21049
2026/09/26 19:33:19.482, 21049
2026/09/26 19:33:19.982, 21049
2026/09/26 19:33:20.483, 21049
2026/09/26 19:33:20.983, 21049
2026/09/26 19:33:21.483, 21049
2026/09/26 19:33:21.983, 21049
2026/09/26 19:33:22.483, 21049
2026/09/26 19:33:22.983, 21049
2026/09/26 19:33:23.483, 21049
2026/09/26 19:33:23.984, 21049
2026/09/26 19:33:24.484, 21049
2026/09/26 19:33:24.984, 21049
2026/09/26 19:33:25.484, 21049
2026/09/26 19:33:25.984, 21049
2026/09/26 19:33:26.484, 21049
2026/09/26 19:33:26.984, 21049
2026/09/26 19:33:27.485, 21049
2026/09/26 19:33:27.985, 21049
2026/09/26 19:33:28.485, 21049
2026/09/26 19:33:28.985, 21049
2026/09/26 19:33:29.485, 21049
2026/09/26 19:33:29.985, 21049
2026/09/26 19:33:30.485, 21049
2026/09/26 19:33:30.986, 21049
2026/09/26 19:33:31.486, 21049
2026/09/26 19:33:31.986, 21049
2026/09/26 19:33:32.486, 21049
2026/09/26 19:33:32.986, 21049
2026/09/26 19:33:33.486, 21049
2026/09/26 19:33:33.986, 21049
2026/09/26 19:33:34.487, 21049
2026/09/26 19:33:34.987, 21049
2026/09/26 19:33:35.487, 21049
2026/09/26 19:33:35.987, 21049
2026/09/26 19:33:36.487, 21049
2026/09/26 19:33:36.987, 21049
2026/09/26 19:33:37.487, 21049
2026/09/26 19:33:37.987, 21049
2026/09/26 19:33:38.488, 21049
2026/09/26 19:33:38.988, 21049
2026/09/26 19:33:39.488, 21049
2026/09/26 19:33:39.988, 21049
2026/09/26 19:33:40.488, 21049
2026/09/26 19:33:40.988, 21049
2026/09/26 19:33:41.488, 21049
2026/09/26 19:33:41.989, 21049
2026/09/26 19:33:42.489, 21049
2026/09/26 19:33:42.989, 21049
2026/09/26 19:33:43.489, 21049
2026/09/26 19:33:43.989, 21049
2026/09/26 19:33:44.489, 21049
2026/09/26 19:33:44.989, 21049
2026/09/26 19:33:45.490, 21049
2026/09/26 19:33:45.990, 21049
2026/09/26 19:33:46.490, 21049
2026/09/26 19:33:46.990, 21049
2026/09/26 19:33:47.490, 21049
2026/09/26 19:33:47.990, 21049
2026/09/26 19:33:48.490, 21049
2026/09/26 19:33:48.991, 21049
2026/09/26 19:33:49.491, 21049
2026/09/26 19:33:49.991, 21049
2026/09/26 19:33:50.491, 21049
2026/09/26 19:33:50.991, 21049
2026/09/26 19:33:51.491, 21049
2026/09/26 19:33:51.992, 21049
2026/09/26 19:33:52.492, 21049
2026/09/26 19:33:52.992, 21049
2026/09/26 19:33:53.492, 21049
2026/09/26 19:33:53.993, 21049
2026/09/26 19:33:54.493, 21049
2026/09/26 19:33:54.993, 21049
2026/09/26 19:33:55.493, 21049
2026/09/26 19:33:55.993, 21049
2026/09/26 19:33:56.493, 21049
2026/09/26 19:33:56.993, 21049
2026/09/26 19:33:57.494, 21049
2026/09/26 19:33:57.994, 21049
2026/09/26 19:33:58.494, 21049
2026/09/26 19:33:58.994, 21049
2026/09/26 19:33:59.494, 21049
2026/09/26 19:33:59.994, 21049
2026/09/26 19:34:00.494, 21049
2026/09/26 19:34:00.995, 21049
2026/09/26 19:34:01.495, 21049
2026/09/26 19:34:01.995, 21049
2026/09/26 19:34:02.495, 21049
2026/09/26 19:34:02.996, 21049
2026/09/26 19:34:03.496, 21049
2026/09/26 19:34:03.996, 21049
2026/09/26 19:34:04.496, 21049
2026/09/26 19:34:04.996, 21049
2026/09/26 19:34:05.496, 21049
2026/09/26 19:34:05.996, 21049
2026/09/26 19:34:06.497, 21049
2026/09/26 19:34:06.997, 21049
2026/09/26 19:34:07.497, 21049
2026/09/26 19:34:07.997, 21049
2026/09/26 19:34:08.497, 21049
2026/09/26 19:34:08.997, 21049
2026/09/26 19:34:09.498, 21049
2026/09/26 19:34:09.998, 21049
2026/09/26 19:34:10.498, 21049
2026/09/26 19:34:10.998, 21049
2026/09/26 19:34:11.498, 21049
2026/09/26 19:34:11.998, 21049
2026/09/26 19:34:12.499, 21049
2026/09/26 19:34:12.999, 21049
2026/09/26 19:34:13.499, 21049
2026/09/26 19:34:13.999, 21049
2026/09/26 19:34:14.499, 21049
2026/09/26 19:34:14.999, 21049
2026/09/26 19:34:15.500, 21049
2026/09/26 19:34:16.000, 21049
2026/09/26 19:34:16.500, 21049
2026/09/26 19:34:17.000, 21049
2026/09/26 19:34:17.500, 21049
2026/09/26 19:34:18.000, 21049
2026/09/26 19:34:18.501, 21049
2026/09/26 19:34:19.001, 21049
2026/09/26 19:34:19.501, 21049
2026/09/26 19:34:20.001, 21049
2026/09/26 19:34:20.501, 21049
2026/09/26 19:34:21.001, 21049
2026/09/26 19:34:21.502, 21049
2026/09/26 19:34:22.002, 21049
2026/09/26 19:34:22.502, 21049
2026/09/26 19:34:23.002, 21049
2026/09/26 19:34:23.502, 21049
2026/09/26 19:34:24.002, 21049
2026/09/26 19:34:24.503, 21049
2026/09/26 19:34:25.003, 21049
2026/09/26 19:34:25.503, 21049
2026/09/26 19:34:26.003, 21049
2026/09/26 19:34:26.503, 21049
2026/09/26 19:34:27.004, 21049
2026/09/26 19:34:27.504, 21049
2026/09/26 19:34:28.004, 21049
2026/09/26 19:34:28.504, 21049
2026/09/26 19:34:29.004, 21049
2026/09/26 19:34:29.504, 21049
2026/09/26 19:34:30.005, 21049
2026/09/26 19:34:30.505, 21049
2026/09/26 19:34:31.005, 21049
2026/09/26 19:34:31.505, 21049
2026/09/26 19:34:32.005, 21049
2026/09/26 19:34:32.505, 21049
2026/09/26 19:34:33.005, 21049
2026/09/26 19:34:33.506, 21049
2026/09/26 19:34:34.006, 21049
2026/09/26 19:34:34.506, 21049
2026/09/26 19:34:35.006, 21049
2026/09/26 19:34:35.506, 21049
2026/09/26 19:34:36.006, 21049
2026/09/26 19:34:36.507, 21049
2026/09/26 19:34:37.007, 21049
2026/09/26 19:34:37.507, 21049
2026/09/26 19:34:38.007, 21049
2026/09/26 19:34:38.507, 21049
2026/09/26 19:34:39.007, 21049
2026/09/26 19:34:39.508, 21049
2026/09/26 19:34:40.008, 21049
2026/09/26 19:34:40.508, 21049
2026/09/26 19:34:41.008, 21049
2026/09/26 19:34:41.508, 21049
2026/09/26 19:34:42.008, 21049
2026/09/26 19:34:42.508, 21049
2026/09/26 19:34:43.009, 21049
2026/09/26 19:34:43.509, 21049
2026/09/26 19:34:44.009, 21049
2026/09/26 19:34:44.509, 21049
2026/09/26 19:34:45.009, 21049
2026/09/26 19:34:45.509, 21049
2026/09/26 19:34:46.010, 21049
2026/09/26 19:34:46.510, 21049
2026/09/26 19:34:47.010, 21049
2026/09/26 19:34:47.510, 21049
2026/09/26 19:34:48.010, 21049
2026/09/26 19:34:48.510, 21049
2026/09/26 19:34:49.011, 21049
2026/09/26 19:34:49.511, 21049
2026/09/26 19:34:50.011, 21049
2026/09/26 19:34:50.511, 21049
2026/09/26 19:34:51.011, 21049
2026/09/26 19:34:51.511, 21049
2026/09/26 19:34:52.011, 21049
2026/09/26 19:34:52.512, 21049
2026/09/26 19:34:53.012, 21049
2026/09/26 19:34:53.519, 21049
2026/09/26 19:34:54.019, 21049
2026/09/26 19:34:54.519, 21049
2026/09/26 19:34:55.019, 21049
2026/09/26 19:34:55.519, 21049
2026/09/26 19:34:56.019, 21049
2026/09/26 19:34:56.519, 21049
2026/09/26 19:34:57.020, 21049
2026/09/26 19:34:57.520, 21049
2026/09/26 19:34:58.020, 21049
2026/09/26 19:34:58.520, 21049
2026/09/26 19:34:59.021, 21049
2026/09/26 19:34:59.521, 21049
2026/09/26 19:35:00.021, 21049
2026/09/26 19:35:00.521, 21049
2026/09/26 19:35:01.021, 21049
2026/09/26 19:35:01.522, 21049
2026/09/26 19:35:02.022, 21049
2026/09/26 19:35:02.522, 21049
2026/09/26 19:35:03.022, 21049
2026/09/26 19:35:03.522, 21049
2026/09/26 19:35:04.022, 21049
2026/09/26 19:35:04.523, 21049
2026/09/26 19:35:05.023, 21049
2026/09/26 19:35:05.523, 21049
2026/09/26 19:35:06.023, 21049
2026/09/26 19:35:06.523, 21049
2026/09/26 19:35:07.023, 21049
2026/09/26 19:35:07.524, 21049
2026/09/26 19:35:08.024, 21049
2026/09/26 19:35:08.524, 21049
2026/09/26 19:35:09.024, 21049
2026/09/26 19:35:09.524, 21049
2026/09/26 19:35:10.024, 21049
2026/09/26 19:35:10.525, 21049
2026/09/26 19:35:11.025, 21049
2026/09/26 19:35:11.525, 21049
2026/09/26 19:35:12.025, 21049
2026/09/26 19:35:12.525, 21049
2026/09/26 19:35:13.025, 21049
2026/09/26 19:35:13.525, 21049
2026/09/26 19:35:14.026, 21049
2026/09/26 19:35:14.526, 21049
2026/09/26 19:35:15.026, 21049
2026/09/26 19:35:15.526, 21049
2026/09/26 19:35:16.026, 21049
2026/09/26 19:35:16.526, 21049
2026/09/26 19:35:17.027, 21049
2026/09/26 19:35:17.527, 21049
2026/09/26 19:35:18.027, 21049
2026/09/26 19:35:18.527, 21049
2026/09/26 19:35:19.027, 21049
2026/09/26 19:35:19.527, 21049
2026/09/26 19:35:20.028, 21049
2026/09/26 19:35:20.528, 21049
2026/09/26 19:35:21.028, 21049
2026/09/26 19:35:21.528, 21049
2026/09/26 19:35:22.028, 21049
2026/09/26 19:35:22.528, 21049
2026/09/26 19:35:23.028, 21049
2026/09/26 19:35:23.529, 21049
2026/09/26 19:35:24.029, 21049
2026/09/26 19:35:24.529, 21049
2026/09/26 19:35:25.029, 21049
2026/09/26 19:35:25.529, 21049
2026/09/26 19:35:26.030, 21049
2026/09/26 19:35:26.530, 21049
2026/09/26 19:35:27.030, 21049
2026/09/26 19:35:27.530, 21049
2026/09/26 19:35:28.030, 21049
2026/09/26 19:35:28.530, 21049
2026/09/26 19:35:29.030, 21049
2026/09/26 19:35:29.531, 21049
2026/09/26 19:35:30.031, 21049
2026/09/26 19:35:30.531, 21049
2026/09/26 19:35:31.031, 21049
2026/09/26 19:35:31.531, 21049
2026/09/26 19:35:32.032, 21049
2026/09/26 19:35:32.532, 21049
2026/09/26 19:35:33.032, 21049
2026/09/26 19:35:33.532, 21049
2026/09/26 19:35:34.032, 21049
2026/09/26 19:35:34.532, 21049
2026/09/26 19:35:35.033, 21049
2026/09/26 19:35:35.533, 21049
2026/09/26 19:35:36.033, 21049
2026/09/26 19:35:36.533, 21049
2026/09/26 19:35:37.033, 21049
2026/09/26 19:35:37.533, 21049
2026/09/26 19:35:38.034, 21049
2026/09/26 19:35:38.534, 21049
2026/09/26 19:35:39.034, 21049
2026/09/26 19:35:39.534, 21049
2026/09/26 19:35:40.034, 21049
2026/09/26 19:35:40.535, 21049
2026/09/26 19:35:41.035, 21049
2026/09/26 19:35:41.535, 21049
2026/09/26 19:35:42.035, 21049
2026/09/26 19:35:42.535, 21049
2026/09/26 19:35:43.035, 21049
2026/09/26 19:35:43.536, 21049
2026/09/26 19:35:44.036, 21049
2026/09/26 19:35:44.536, 21049
2026/09/26 19:35:45.036, 21049
2026/09/26 19:35:45.536, 21049
2026/09/26 19:35:46.036, 21049
2026/09/26 19:35:46.536, 21049
2026/09/26 19:35:47.037, 21049
2026/09/26 19:35:47.537, 21049
2026/09/26 19:35:48.037, 21049
2026/09/26 19:35:48.537, 21049
2026/09/26 19:35:49.037, 21049
2026/09/26 19:35:49.537, 21049
2026/09/26 19:35:50.038, 21049
2026/09/26 19:35:50.538, 21049
2026/09/26 19:35:51.038, 21049
2026/09/26 19:35:51.538, 21049
2026/09/26 19:35:52.038, 21049
2026/09/26 19:35:52.539, 21049
2026/09/26 19:35:53.039, 21049
2026/09/26 19:35:53.539, 21049
2026/09/26 19:35:54.039, 21049
2026/09/26 19:35:54.539, 21049
2026/09/26 19:35:55.039, 21049
2026/09/26 19:35:55.540, 21049
2026/09/26 19:35:56.040, 21049
2026/09/26 19:35:56.540, 21049
2026/09/26 19:35:57.040, 21049
2026/09/26 19:35:57.540, 21049
2026/09/26 19:35:58.041, 21049
2026/09/26 19:35:58.541, 21049
2026/09/26 19:35:59.041, 21049
2026/09/26 19:35:59.541, 21049
2026/09/26 19:36:00.041, 21049
2026/09/26 19:36:00.541, 21049
2026/09/26 19:36:01.042, 21049
2026/09/26 19:36:01.542, 21049
2026/09/26 19:36:02.042, 21049
2026/09/26 19:36:02.542, 21049
2026/09/26 19:36:03.042, 21049
2026/09/26 19:36:03.542, 21049
2026/09/26 19:36:04.042, 21049
2026/09/26 19:36:04.543, 21049
2026/09/26 19:36:05.043, 21049
2026/09/26 19:36:05.543, 21049
2026/09/26 19:36:06.043, 21049
2026/09/26 19:36:06.543, 21049
2026/09/26 19:36:07.044, 21049
2026/09/26 19:36:07.544, 21049
2026/09/26 19:36:08.044, 21049
2026/09/26 19:36:08.544, 21049
2026/09/26 19:36:09.044, 21049
2026/09/26 19:36:09.545, 21049
2026/09/26 19:36:10.045, 21049
2026/09/26 19:36:10.545, 21049
2026/09/26 19:36:11.045, 21049
2026/09/26 19:36:11.545, 21049
2026/09/26 19:36:12.045, 21049
2026/09/26 19:36:12.545, 21049
2026/09/26 19:36:13.046, 21049
2026/09/26 19:36:13.546, 21049
2026/09/26 19:36:14.046, 21049
2026/09/26 19:36:14.546, 21049
2026/09/26 19:36:15.046, 21049
2026/09/26 19:36:15.546, 21049
2026/09/26 19:36:16.047, 21049
2026/09/26 19:36:16.547, 21049
2026/09/26 19:36:17.047, 21049
2026/09/26 19:36:17.547, 21049
2026/09/26 19:36:18.047, 21049
2026/09/26 19:36:18.547, 21049
2026/09/26 19:36:19.048, 21049
2026/09/26 19:36:19.548, 21049
2026/09/26 19:36:20.048, 21049
2026/09/26 19:36:20.548, 21049
2026/09/26 19:36:21.048, 21049
2026/09/26 19:36:21.548, 21049
2026/09/26 19:36:22.049, 21049
2026/09/26 19:36:22.549, 21049
2026/09/26 19:36:23.049, 21049
2026/09/26 19:36:23.549, 21049
2026/09/26 19:36:24.049, 21049
2026/09/26 19:36:24.549, 21049
2026/09/26 19:36:25.050, 21049
2026/09/26 19:36:25.550, 21049
2026/09/26 19:36:26.050, 21049
2026/09/26 19:36:26.550, 21049
2026/09/26 19:36:27.050, 21049
2026/09/26 19:36:27.550, 21049
2026/09/26 19:36:28.051, 21049
2026/09/26 19:36:28.551, 21049
2026/09/26 19:36:29.051, 21049
2026/09/26 19:36:29.551, 21049
2026/09/26 19:36:30.051, 21049
2026/09/26 19:36:30.551, 21049
2026/09/26 19:36:31.052, 21049
2026/09/26 19:36:31.552, 21049
2026/09/26 19:36:32.052, 21049
2026/09/26 19:36:32.552, 21049
2026/09/26 19:36:33.052, 21049
2026/09/26 19:36:33.552, 21049
2026/09/26 19:36:34.052, 21049
2026/09/26 19:36:34.553, 21049
2026/09/26 19:36:35.053, 21049
2026/09/26 19:36:35.553, 21049
2026/09/26 19:36:36.053, 21049
2026/09/26 19:36:36.553, 21049
2026/09/26 19:36:37.053, 21049
2026/09/26 19:36:37.554, 21049
2026/09/26 19:36:38.054, 21049
2026/09/26 19:36:38.554, 21049
2026/09/26 19:36:39.054, 21049
2026/09/26 19:36:39.554, 21049
2026/09/26 19:36:40.054, 21049
2026/09/26 19:36:40.555, 21049
2026/09/26 19:36:41.055, 21049
2026/09/26 19:36:41.555, 21049
2026/09/26 19:36:42.055, 21049
2026/09/26 19:36:42.555, 21049
2026/09/26 19:36:43.056, 21049
2026/09/26 19:36:43.556, 21049
2026/09/26 19:36:44.056, 21049
2026/09/26 19:36:44.556, 21049
2026/09/26 19:36:45.056, 21049
2026/09/26 19:36:45.556, 21049
2026/09/26 19:36:46.057, 21049
2026/09/26 19:36:46.557, 21049
2026/09/26 19:36:47.057, 21049
2026/09/26 19:36:47.557, 21049
2026/09/26 19:36:48.057, 21049
2026/09/26 19:36:48.557, 21049
2026/09/26 19:36:49.058, 21049
2026/09/26 19:36:49.558, 21049
2026/09/26 19:36:50.058, 21049
2026/09/26 19:36:50.558, 21049
2026/09/26 19:36:51.058, 21049
2026/09/26 19:36:51.558, 21049
2026/09/26 19:36:52.059, 21049
2026/09/26 19:36:52.559, 21049
2026/09/26 19:36:53.059, 21049
2026/09/26 19:36:53.559, 21049
2026/09/26 19:36:54.059, 21049
2026/09/26 19:36:54.559, 21049
2026/09/26 19:36:55.060, 21049
2026/09/26 19:36:55.560, 21049
2026/09/26 19:36:56.060, 21049
2026/09/26 19:36:56.560, 21049
2026/09/26 19:36:57.060, 21049
2026/09/26 19:36:57.560, 21049
2026/09/26 19:36:58.061, 21049
2026/09/26 19:36:58.561, 21049
2026/09/26 19:36:59.061, 21049
2026/09/26 19:36:59.561, 21049
2026/09/26 19:37:00.061, 21049
2026/09/26 19:37:00.561, 21049
2026/09/26 19:37:01.062, 21049
2026/09/26 19:37:01.562, 21049
2026/09/26 19:37:02.062, 21049
2026/09/26 19:37:02.562, 21049
2026/09/26 19:37:03.062, 21049
2026/09/26 19:37:03.562, 21049
2026/09/26 19:37:04.063, 21049
2026/09/26 19:37:04.563, 21049
2026/09/26 19:37:05.063, 21049
2026/09/26 19:37:05.563, 21049
2026/09/26 19:37:06.063, 21049
2026/09/26 19:37:06.563, 21049
2026/09/26 19:37:07.064, 21049
2026/09/26 19:37:07.564, 21049
2026/09/26 19:37:08.064, 21049
2026/09/26 19:37:08.564, 21049
2026/09/26 19:37:09.064, 21049
2026/09/26 19:37:09.564, 21049
2026/09/26 19:37:10.065, 21049
2026/09/26 19:37:10.565, 21049
2026/09/26 19:37:11.065, 21049
2026/09/26 19:37:11.565, 21049
2026/09/26 19:37:12.065, 21049
2026/09/26 19:37:12.565, 21049
2026/09/26 19:37:13.066, 21049
2026/09/26 19:37:13.566, 21049
2026/09/26 19:37:14.066, 21049
2026/09/26 19:37:14.566, 21049
2026/09/26 19:37:15.066, 21049
2026/09/26 19:37:15.566, 21049
2026/09/26 19:37:16.066, 21049
2026/09/26 19:37:16.567, 21049
2026/09/26 19:37:17.067, 21049
2026/09/26 19:37:17.567, 21049
2026/09/26 19:37:18.067, 21049
2026/09/26 19:37:18.567, 21049
2026/09/26 19:37:19.067, 21049
2026/09/26 19:37:19.568, 21049
2026/09/26 19:37:20.068, 21049
2026/09/26 19:37:20.568, 21049
2026/09/26 19:37:21.068, 21049
2026/09/26 19:37:21.568, 21049
2026/09/26 19:37:22.068, 21049
2026/09/26 19:37:22.569, 21049
2026/09/26 19:37:23.069, 21049
2026/09/26 19:37:23.569, 21049
2026/09/26 19:37:24.069, 21049
2026/09/26 19:37:24.569, 21049
2026/09/26 19:37:25.069, 21049
2026/09/26 19:37:25.570, 21049
2026/09/26 19:37:26.070, 21049
2026/09/26 19:37:26.570, 21049
2026/09/26 19:37:27.071, 21049
2026/09/26 19:37:27.571, 21049
2026/09/26 19:37:28.071, 21049
2026/09/26 19:37:28.571, 21049
2026/09/26 19:37:29.071, 21049
2026/09/26 19:37:29.572, 21049
2026/09/26 19:37:30.072, 21049
2026/09/26 19:37:30.572, 21049
2026/09/26 19:37:31.072, 21049
2026/09/26 19:37:31.572, 21049
2026/09/26 19:37:32.073, 21049
2026/09/26 19:37:32.573, 21049
2026/09/26 19:37:33.073, 21049
2026/09/26 19:37:33.573, 21049
2026/09/26 19:37:34.073, 21049
2026/09/26 19:37:34.573, 21049
2026/09/26 19:37:35.074, 21049
2026/09/26 19:37:35.574, 21049
2026/09/26 19:37:36.074, 21049
2026/09/26 19:37:36.574, 21049
2026/09/26 19:37:37.074, 21049
2026/09/26 19:37:37.574, 21049
2026/09/26 19:37:38.075, 21049
2026/09/26 19:37:38.575, 21049
2026/09/26 19:37:39.075, 21049
2026/09/26 19:37:39.575, 21049
2026/09/26 19:37:40.075, 21049
2026/09/26 19:37:40.575, 21049
2026/09/26 19:37:41.076, 21049
2026/09/26 19:37:41.576, 21049
2026/09/26 19:37:42.076, 21049
2026/09/26 19:37:42.576, 21049
2026/09/26 19:37:43.076, 21049
2026/09/26 19:37:43.577, 21049
2026/09/26 19:37:44.077, 21049
2026/09/26 19:37:44.577, 21049
2026/09/26 19:37:45.077, 21049
2026/09/26 19:37:45.577, 21049
2026/09/26 19:37:46.077, 21049
2026/09/26 19:37:46.578, 21049
2026/09/26 19:37:47.078, 21049
2026/09/26 19:37:47.578, 21049
2026/09/26 19:37:48.078, 21049
2026/09/26 19:37:48.578, 21049
2026/09/26 19:37:49.078, 21049
2026/09/26 19:37:49.579, 21049
2026/09/26 19:37:50.079, 21049
2026/09/26 19:37:50.579, 21049
2026/09/26 19:37:51.079, 21049
2026/09/26 19:37:51.579, 21049
2026/09/26 19:37:52.080, 21049
2026/09/26 19:37:52.580, 21049
2026/09/26 19:37:53.080, 21049
2026/09/26 19:37:53.580, 21049
2026/09/26 19:37:54.080, 21049
2026/09/26 19:37:54.580, 21049
2026/09/26 19:37:55.081, 21049
2026/09/26 19:37:55.581, 21049
2026/09/26 19:37:56.081, 21049
2026/09/26 19:37:56.581, 21049
2026/09/26 19:37:57.081, 21049
2026/09/26 19:37:57.581, 21049
2026/09/26 19:37:58.082, 21049
2026/09/26 19:37:58.582, 21049
2026/09/26 19:37:59.082, 21049
2026/09/26 19:37:59.582, 21049
2026/09/26 19:38:00.082, 21049
2026/09/26 19:38:00.582, 21049
2026/09/26 19:38:01.083, 21049
2026/09/26 19:38:01.583, 21049
2026/09/26 19:38:02.083, 21049
2026/09/26 19:38:02.583, 21049
2026/09/26 19:38:03.083, 21049
2026/09/26 19:38:03.584, 21049
2026/09/26 19:38:04.084, 21049
2026/09/26 19:38:04.584, 21049
2026/09/26 19:38:05.084, 21049
2026/09/26 19:38:05.584, 21049
2026/09/26 19:38:06.084, 21049
2026/09/26 19:38:06.585, 21049
2026/09/26 19:38:07.085, 21049
2026/09/26 19:38:07.585, 21049
2026/09/26 19:38:08.085, 21049
2026/09/26 19:38:08.585, 21049
2026/09/26 19:38:09.086, 21049
2026/09/26 19:38:09.586, 21049
2026/09/26 19:38:10.086, 21049
2026/09/26 19:38:10.586, 21049
2026/09/26 19:38:11.086, 21049
2026/09/26 19:38:11.586, 21049
2026/09/26 19:38:12.087, 21049
2026/09/26 19:38:12.587, 21049
2026/09/26 19:38:13.087, 21049
2026/09/26 19:38:13.587, 21049
2026/09/26 19:38:14.087, 21049
2026/09/26 19:38:14.588, 21049
2026/09/26 19:38:15.088, 21049
2026/09/26 19:38:15.588, 21049
2026/09/26 19:38:16.088, 21049
2026/09/26 19:38:16.588, 21049
2026/09/26 19:38:17.089, 21049
2026/09/26 19:38:17.589, 21049
2026/09/26 19:38:18.089, 21049
2026/09/26 19:38:18.589, 21049
2026/09/26 19:38:19.089, 21049
2026/09/26 19:38:19.590, 21049
2026/09/26 19:38:20.090, 21049
2026/09/26 19:38:20.590, 21049
2026/09/26 19:38:21.091, 21049
2026/09/26 19:38:21.591, 21049
2026/09/26 19:38:22.091, 21049
2026/09/26 19:38:22.591, 21049
2026/09/26 19:38:23.091, 21049
2026/09/26 19:38:23.591, 21049
2026/09/26 19:38:24.092, 21049
2026/09/26 19:38:24.592, 21049
2026/09/26 19:38:25.092, 21049
2026/09/26 19:38:25.592, 21049
2026/09/26 19:38:26.092, 21049
2026/09/26 19:38:26.592, 21049
2026/09/26 19:38:27.093, 21049
2026/09/26 19:38:27.593, 21049
2026/09/26 19:38:28.093, 21049
2026/09/26 19:38:28.593, 21049
2026/09/26 19:38:29.093, 21049
2026/09/26 19:38:29.594, 21049
2026/09/26 19:38:30.094, 21049
2026/09/26 19:38:30.594, 21049
2026/09/26 19:38:31.094, 21049
2026/09/26 19:38:31.594, 21049
2026/09/26 19:38:32.094, 21049
2026/09/26 19:38:32.594, 21049
2026/09/26 19:38:33.095, 21049
2026/09/26 19:38:33.595, 21049
2026/09/26 19:38:34.095, 21049
2026/09/26 19:38:34.595, 21049
2026/09/26 19:38:35.095, 21049
2026/09/26 19:38:35.596, 21049
2026/09/26 19:38:36.096, 21049
2026/09/26 19:38:36.596, 21049
2026/09/26 19:38:37.096, 21049
2026/09/26 19:38:37.596, 21049
2026/09/26 19:38:38.096, 21049
2026/09/26 19:38:38.596, 21049
2026/09/26 19:38:39.097, 21049
2026/09/26 19:38:39.597, 21049
2026/09/26 19:38:40.097, 21049
2026/09/26 19:38:40.597, 21049
2026/09/26 19:38:41.097, 21049
2026/09/26 19:38:41.598, 21049
2026/09/26 19:38:42.098, 21049
2026/09/26 19:38:42.598, 21049
2026/09/26 19:38:43.098, 21049
2026/09/26 19:38:43.598, 21049
2026/09/26 19:38:44.098, 21049
2026/09/26 19:38:44.598, 21049
2026/09/26 19:38:45.099, 21049
2026/09/26 19:38:45.599, 21049
2026/09/26 19:38:46.099, 21049
2026/09/26 19:38:46.599, 21049
2026/09/26 19:38:47.099, 21049
2026/09/26 19:38:47.599, 21049
2026/09/26 19:38:48.100, 21049
2026/09/26 19:38:48.600, 21049
2026/09/26 19:38:49.100, 21049
2026/09/26 19:38:49.600, 21049
2026/09/26 19:38:50.100, 21049
2026/09/26 19:38:50.600, 21049
2026/09/26 19:38:51.101, 21049
2026/09/26 19:38:51.601, 21049
2026/09/26 19:38:52.101, 21049
2026/09/26 19:38:52.601, 21049
2026/09/26 19:38:53.101, 21049
2026/09/26 19:38:53.601, 21049
2026/09/26 19:38:54.101, 21049
2026/09/26 19:38:54.602, 21049
2026/09/26 19:38:55.102, 21049
2026/09/26 19:38:55.602, 21049
2026/09/26 19:38:56.102, 21049
2026/09/26 19:38:56.602, 21049
2026/09/26 19:38:57.102, 21049
2026/09/26 19:38:57.603, 21049
2026/09/26 19:38:58.103, 21049
2026/09/26 19:38:58.603, 21049
2026/09/26 19:38:59.103, 21049
2026/09/26 19:38:59.603, 21049
2026/09/26 19:39:00.103, 21049
2026/09/26 19:39:00.603, 21049
2026/09/26 19:39:01.104, 21049
2026/09/26 19:39:01.604, 21049
2026/09/26 19:39:02.104, 21049
2026/09/26 19:39:02.604, 21049
2026/09/26 19:39:03.104, 21049
2026/09/26 19:39:03.604, 21049
2026/09/26 19:39:04.105, 21049
2026/09/26 19:39:04.605, 21049
2026/09/26 19:39:05.105, 21049
2026/09/26 19:39:05.605, 21049
2026/09/26 19:39:06.105, 21049
2026/09/26 19:39:06.605, 21049
2026/09/26 19:39:07.106, 21049
2026/09/26 19:39:07.606, 21049
2026/09/26 19:39:08.106, 21049
2026/09/26 19:39:08.606, 21049
2026/09/26 19:39:09.106, 21049
2026/09/26 19:39:09.606, 21049
2026/09/26 19:39:10.107, 21049
2026/09/26 19:39:10.607, 21049
2026/09/26 19:39:11.107, 21049
2026/09/26 19:39:11.607, 21049
2026/09/26 19:39:12.107, 21049
2026/09/26 19:39:12.607, 21049
2026/09/26 19:39:13.108, 21049
2026/09/26 19:39:13.608, 21049
2026/09/26 19:39:14.108, 21049
2026/09/26 19:39:14.608, 21049
2026/09/26 19:39:15.108, 21049
2026/09/26 19:39:15.608, 21049
2026/09/26 19:39:16.109, 21049
2026/09/26 19:39:16.609, 21049
2026/09/26 19:39:17.109, 21049
2026/09/26 19:39:17.609, 21049
2026/09/26 19:39:18.109, 21049
2026/09/26 19:39:18.609, 21049
2026/09/26 19:39:19.110, 21049
2026/09/26 19:39:19.610, 21049
2026/09/26 19:39:20.110, 21049
2026/09/26 19:39:20.610, 21049
2026/09/26 19:39:21.110, 21049
2026/09/26 19:39:21.610, 21049
2026/09/26 19:39:22.111, 21049
2026/09/26 19:39:22.611, 21049
2026/09/26 19:39:23.111, 21049
2026/09/26 19:39:23.611, 21049
2026/09/26 19:39:24.111, 21049
2026/09/26 19:39:24.611, 21049
2026/09/26 19:39:25.111, 21049
2026/09/26 19:39:25.612, 21049
2026/09/26 19:39:26.112, 21049
2026/09/26 19:39:26.612, 21049
2026/09/26 19:39:27.112, 21049
2026/09/26 19:39:27.612, 21049
2026/09/26 19:39:28.112, 21049
2026/09/26 19:39:28.613, 21049
2026/09/26 19:39:29.113, 21049
2026/09/26 19:39:29.613, 21049
2026/09/26 19:39:30.113, 21049
2026/09/26 19:39:30.613, 21049
2026/09/26 19:39:31.113, 21049
2026/09/26 19:39:31.614, 21049
2026/09/26 19:39:32.114, 21049
2026/09/26 19:39:32.614, 21049
2026/09/26 19:39:33.114, 21049
2026/09/26 19:39:33.614, 21049
2026/09/26 19:39:34.114, 21049
2026/09/26 19:39:34.615, 21049
2026/09/26 19:39:35.115, 21049
2026/09/26 19:39:35.615, 21049
2026/09/26 19:39:36.115, 21049
2026/09/26 19:39:36.615, 21049
2026/09/26 19:39:37.115, 21049
2026/09/26 19:39:37.615, 21049
2026/09/26 19:39:38.116, 21049
2026/09/26 19:39:38.616, 21049
2026/09/26 19:39:39.116, 21049
2026/09/26 19:39:39.616, 21049
2026/09/26 19:39:40.117, 21049
2026/09/26 19:39:40.617, 21049
2026/09/26 19:39:41.117, 21049
2026/09/26 19:39:41.617, 21049
2026/09/26 19:39:42.117, 21049
2026/09/26 19:39:42.617, 21049
2026/09/26 19:39:43.117, 21049
2026/09/26 19:39:43.618, 21049
2026/09/26 19:39:44.118, 21049
2026/09/26 19:39:44.618, 21049
2026/09/26 19:39:45.118, 21049
2026/09/26 19:39:45.618, 21049
2026/09/26 19:39:46.118, 21049
2026/09/26 19:39:46.619, 21049
2026/09/26 19:39:47.119, 21049
2026/09/26 19:39:47.619, 21049
2026/09/26 19:39:48.119, 21049
2026/09/26 19:39:48.619, 21049
2026/09/26 19:39:49.120, 21049
2026/09/26 19:39:49.620, 21049
2026/09/26 19:39:50.120, 21049
2026/09/26 19:39:50.620, 21049
2026/09/26 19:39:51.120, 21049
2026/09/26 19:39:51.620, 21049
2026/09/26 19:39:52.120, 21049
2026/09/26 19:39:52.621, 21049
2026/09/26 19:39:53.121, 21049
2026/09/26 19:39:53.621, 21049
2026/09/26 19:39:54.121, 21049
2026/09/26 19:39:54.621, 21049
2026/09/26 19:39:55.121, 21049
2026/09/26 19:39:55.621, 21049
2026/09/26 19:39:56.122, 21049
2026/09/26 19:39:56.622, 21049
2026/09/26 19:39:57.122, 21049
2026/09/26 19:39:57.622, 21049
2026/09/26 19:39:58.122, 21049
2026/09/26 19:39:58.622, 21049
2026/09/26 19:39:59.123, 21049
2026/09/26 19:39:59.623, 21049
2026/09/26 19:40:00.123, 21049
2026/09/26 19:40:00.623, 21049
2026/09/26 19:40:01.123, 21049
2026/09/26 19:40:01.623, 21049
2026/09/26 19:40:02.123, 21049
2026/09/26 19:40:02.624, 21049
2026/09/26 19:40:03.124, 21049
2026/09/26 19:40:03.624, 21049
2026/09/26 19:40:04.124, 21049
2026/09/26 19:40:04.624, 21049
2026/09/26 19:40:05.124, 21049
2026/09/26 19:40:05.625, 21049
2026/09/26 19:40:06.125, 21049
2026/09/26 19:40:06.625, 21049
2026/09/26 19:40:07.125, 21049
2026/09/26 19:40:07.625, 21049
2026/09/26 19:40:08.125, 21049
2026/09/26 19:40:08.626, 21049
2026/09/26 19:40:09.126, 21049
2026/09/26 19:40:09.626, 21049
2026/09/26 19:40:10.126, 21049
2026/09/26 19:40:10.626, 21049
2026/09/26 19:40:11.126, 21049
2026/09/26 19:40:11.627, 21049
2026/09/26 19:40:12.127, 21049
2026/09/26 19:40:12.627, 21049
2026/09/26 19:40:13.127, 21049
2026/09/26 19:40:13.627, 21049
2026/09/26 19:40:14.127, 21049
2026/09/26 19:40:14.628, 21049
2026/09/26 19:40:15.128, 21049
2026/09/26 19:40:15.628, 21049
2026/09/26 19:40:16.128, 21049
2026/09/26 19:40:16.628, 21049
2026/09/26 19:40:17.128, 21049
2026/09/26 19:40:17.629, 21049
2026/09/26 19:40:18.129, 21049
2026/09/26 19:40:18.629, 21049
2026/09/26 19:40:19.129, 21049
2026/09/26 19:40:19.629, 21049
2026/09/26 19:40:20.129, 21049
2026/09/26 19:40:20.629, 21049
2026/09/26 19:40:21.130, 21049
2026/09/26 19:40:21.630, 21049
2026/09/26 19:40:22.130, 21049
2026/09/26 19:40:22.630, 21049
2026/09/26 19:40:23.130, 21049
2026/09/26 19:40:23.630, 21049
2026/09/26 19:40:24.131, 21049
2026/09/26 19:40:24.631, 21049
2026/09/26 19:40:25.131, 21049
2026/09/26 19:40:25.631, 21049
2026/09/26 19:40:26.131, 21049
2026/09/26 19:40:26.631, 21049
2026/09/26 19:40:27.132, 21049
2026/09/26 19:40:27.632, 21049
2026/09/26 19:40:28.132, 21049
2026/09/26 19:40:28.632, 21049
2026/09/26 19:40:29.132, 21049
2026/09/26 19:40:29.632, 21049
2026/09/26 19:40:30.133, 21049
2026/09/26 19:40:30.633, 21049
2026/09/26 19:40:31.133, 21049
2026/09/26 19:40:31.633, 21049
2026/09/26 19:40:32.133, 21049
2026/09/26 19:40:32.633, 21049
2026/09/26 19:40:33.134, 21049
2026/09/26 19:40:33.634, 21049
2026/09/26 19:40:34.134, 21049
2026/09/26 19:40:34.634, 21049
2026/09/26 19:40:35.134, 21049
2026/09/26 19:40:35.634, 21049
2026/09/26 19:40:36.135, 21049
2026/09/26 19:40:36.635, 21049
2026/09/26 19:40:37.135, 21049
2026/09/26 19:40:37.635, 21049
2026/09/26 19:40:38.135, 21049
2026/09/26 19:40:38.636, 21049
2026/09/26 19:40:39.136, 21049
2026/09/26 19:40:39.636, 21049
2026/09/26 19:40:40.136, 21049
2026/09/26 19:40:40.636, 21049
2026/09/26 19:40:41.137, 21049
2026/09/26 19:40:41.637, 21049
2026/09/26 19:40:42.137, 21049
2026/09/26 19:40:42.637, 21049
2026/09/26 19:40:43.137, 21049
2026/09/26 19:40:43.637, 21049
2026/09/26 19:40:44.138, 21049
2026/09/26 19:40:44.638, 21049
2026/09/26 19:40:45.138, 21049
2026/09/26 19:40:45.638, 21049
2026/09/26 19:40:46.138, 21049
2026/09/26 19:40:46.638, 21049
2026/09/26 19:40:47.139, 21049
2026/09/26 19:40:47.639, 21049
2026/09/26 19:40:48.139, 21049
2026/09/26 19:40:48.639, 21049
2026/09/26 19:40:49.139, 21049
2026/09/26 19:40:49.639, 21049
2026/09/26 19:40:50.140, 21049
2026/09/26 19:40:50.640, 21049
2026/09/26 19:40:51.140, 21049
2026/09/26 19:40:51.640, 21049
2026/09/26 19:40:52.140, 21049
2026/09/26 19:40:52.640, 21049
2026/09/26 19:40:53.141, 21049
2026/09/26 19:40:53.641, 21049
2026/09/26 19:40:54.141, 21049
2026/09/26 19:40:54.641, 21049
2026/09/26 19:40:55.141, 21049
2026/09/26 19:40:55.641, 21049
2026/09/26 19:40:56.142, 21049
2026/09/26 19:40:56.642, 21049
2026/09/26 19:40:57.142, 21049
2026/09/26 19:40:57.642, 21049
2026/09/26 19:40:58.142, 21049
2026/09/26 19:40:58.642, 21049
2026/09/26 19:40:59.143, 21049
2026/09/26 19:40:59.643, 21049
2026/09/26 19:41:00.143, 21049
2026/09/26 19:41:00.643, 21049
2026/09/26 19:41:01.143, 21049
2026/09/26 19:41:01.643, 21049
2026/09/26 19:41:02.144, 21049
2026/09/26 19:41:02.644, 21049
2026/09/26 19:41:03.144, 21049
2026/09/26 19:41:03.644, 21049
2026/09/26 19:41:04.144, 21049
2026/09/26 19:41:04.645, 21049
2026/09/26 19:41:05.145, 21049
2026/09/26 19:41:05.645, 21049
2026/09/26 19:41:06.145, 21049
2026/09/26 19:41:06.645, 21049
2026/09/26 19:41:07.145, 21049
2026/09/26 19:41:07.646, 21049
2026/09/26 19:41:08.146, 21049
2026/09/26 19:41:08.646, 21049
2026/09/26 19:41:09.146, 21049
2026/09/26 19:41:09.646, 21049
2026/09/26 19:41:10.146, 21049
2026/09/26 19:41:10.647, 21049
2026/09/26 19:41:11.147, 21049
2026/09/26 19:41:11.647, 21049
2026/09/26 19:41:12.147, 21049
2026/09/26 19:41:12.647, 21049
2026/09/26 19:41:13.147, 21049
2026/09/26 19:41:13.647, 21049
2026/09/26 19:41:14.148, 21049
2026/09/26 19:41:14.648, 21049
2026/09/26 19:41:15.148, 21049
2026/09/26 19:41:15.648, 21049
2026/09/26 19:41:16.148, 21049
2026/09/26 19:41:16.648, 21049
2026/09/26 19:41:17.149, 21049
2026/09/26 19:41:17.649, 21049
2026/09/26 19:41:18.149, 21049
2026/09/26 19:41:18.649, 21049
2026/09/26 19:41:19.149, 21049
2026/09/26 19:41:19.649, 21049
2026/09/26 19:41:20.150, 21049
2026/09/26 19:41:20.650, 21049
2026/09/26 19:41:21.150, 21049
2026/09/26 19:41:21.650, 21049
2026/09/26 19:41:22.150, 21049
2026/09/26 19:41:22.651, 21049
2026/09/26 19:41:23.151, 21049
2026/09/26 19:41:23.651, 21049
2026/09/26 19:41:24.151, 21049
2026/09/26 19:41:24.651, 21049
2026/09/26 19:41:25.160, 21049
2026/09/26 19:41:25.660, 21049
2026/09/26 19:41:26.160, 21049
2026/09/26 19:41:26.661, 21049
2026/09/26 19:41:27.161, 21049
2026/09/26 19:41:27.661, 21049
2026/09/26 19:41:28.161, 21049
2026/09/26 19:41:28.661, 21049
2026/09/26 19:41:29.161, 21049
2026/09/26 19:41:29.662, 21049
2026/09/26 19:41:30.162, 21049
2026/09/26 19:41:30.662, 21049
2026/09/26 19:41:31.162, 21049
2026/09/26 19:41:31.662, 21049
2026/09/26 19:41:32.162, 21049
2026/09/26 19:41:32.663, 21049
2026/09/26 19:41:33.163, 21049
2026/09/26 19:41:33.663, 21049
2026/09/26 19:41:34.163, 21049
2026/09/26 19:41:34.663, 21049
2026/09/26 19:41:35.163, 21049
2026/09/26 19:41:35.664, 21049
2026/09/26 19:41:36.164, 21049
2026/09/26 19:41:36.664, 21049
2026/09/26 19:41:37.164, 21049
2026/09/26 19:41:37.664, 21049
2026/09/26 19:41:38.164, 21049
2026/09/26 19:41:38.665, 21049
2026/09/26 19:41:39.165, 21049
2026/09/26 19:41:39.665, 21049
2026/09/26 19:41:40.165, 21049
2026/09/26 19:41:40.665, 21049
2026/09/26 19:41:41.165, 21049
2026/09/26 19:41:41.666, 21049
2026/09/26 19:41:42.166, 21049
2026/09/26 19:41:42.666, 21049
2026/09/26 19:41:43.166, 21049
2026/09/26 19:41:43.666, 21049
2026/09/26 19:41:44.167, 21049
2026/09/26 19:41:44.667, 21049
2026/09/26 19:41:45.167, 21049
2026/09/26 19:41:45.667, 21049
2026/09/26 19:41:46.167, 21049
2026/09/26 19:41:46.667, 21049
2026/09/26 19:41:47.168, 21049
2026/09/26 19:41:47.668, 21049
2026/09/26 19:41:48.168, 21049
2026/09/26 19:41:48.668, 21049
2026/09/26 19:41:49.168, 21049
2026/09/26 19:41:49.669, 21049
2026/09/26 19:41:50.169, 21049
2026/09/26 19:41:50.669, 21049
2026/09/26 19:41:51.169, 21049
2026/09/26 19:41:51.669, 21049
2026/09/26 19:41:52.169, 21049
2026/09/26 19:41:52.670, 21049
2026/09/26 19:41:53.170, 21049
2026/09/26 19:41:53.670, 21049
2026/09/26 19:41:54.170, 21049
2026/09/26 19:41:54.670, 21049
2026/09/26 19:41:55.170, 21049
2026/09/26 19:41:55.671, 21049
2026/09/26 19:41:56.171, 21049
2026/09/26 19:41:56.671, 21049
2026/09/26 19:41:57.171, 21049
2026/09/26 19:41:57.671, 21049
2026/09/26 19:41:58.172, 21049
2026/09/26 19:41:58.672, 21049
2026/09/26 19:41:59.172, 21049
2026/09/26 19:41:59.672, 21049
2026/09/26 19:42:00.172, 21049
2026/09/26 19:42:00.672, 21049
2026/09/26 19:42:01.173, 21049
2026/09/26 19:42:01.673, 21049
2026/09/26 19:42:02.173, 21049
2026/09/26 19:42:02.673, 21049
2026/09/26 19:42:03.173, 21049
2026/09/26 19:42:03.673, 21049
2026/09/26 19:42:04.174, 21049
2026/09/26 19:42:04.674, 21049
2026/09/26 19:42:05.174, 21049
2026/09/26 19:42:05.674, 21049
2026/09/26 19:42:06.174, 21049
2026/09/26 19:42:06.674, 21049
2026/09/26 19:42:07.175, 21049
2026/09/26 19:42:07.675, 21049
2026/09/26 19:42:08.175, 21049
2026/09/26 19:42:08.675, 21049
2026/09/26 19:42:09.175, 21049
2026/09/26 19:42:09.675, 21049
2026/09/26 19:42:10.176, 21049
2026/09/26 19:42:10.676, 21049
2026/09/26 19:42:11.176, 21049
2026/09/26 19:42:11.676, 21049
2026/09/26 19:42:12.176, 21049
2026/09/26 19:42:12.676, 21049
2026/09/26 19:42:13.177, 21049
2026/09/26 19:42:13.677, 21049
2026/09/26 19:42:14.177, 21049
2026/09/26 19:42:14.677, 21049
2026/09/26 19:42:15.177, 21049
2026/09/26 19:42:15.677, 21049
2026/09/26 19:42:16.178, 21049
2026/09/26 19:42:16.678, 21049
2026/09/26 19:42:17.178, 21049
2026/09/26 19:42:17.678, 21049
2026/09/26 19:42:18.178, 21049
2026/09/26 19:42:18.678, 21049
2026/09/26 19:42:19.179, 21049
2026/09/26 19:42:19.679, 21049
2026/09/26 19:42:20.179, 21049
2026/09/26 19:42:20.679, 21049
2026/09/26 19:42:21.179, 21049
2026/09/26 19:42:21.679, 21049
2026/09/26 19:42:22.180, 21049
2026/09/26 19:42:22.680, 21049
2026/09/26 19:42:23.180, 21049
2026/09/26 19:42:23.680, 21049
2026/09/26 19:42:24.180, 21049
2026/09/26 19:42:24.680, 21049
2026/09/26 19:42:25.181, 21049
2026/09/26 19:42:25.681, 21049
2026/09/26 19:42:26.181, 21049
2026/09/26 19:42:26.681, 21049
2026/09/26 19:42:27.181, 21049
2026/09/26 19:42:27.681, 21049
2026/09/26 19:42:28.182, 21049
2026/09/26 19:42:28.682, 21049
2026/09/26 19:42:29.182, 21049
2026/09/26 19:42:29.682, 21049
2026/09/26 19:42:30.182, 21049
2026/09/26 19:42:30.682, 21049
2026/09/26 19:42:31.183, 21049
2026/09/26 19:42:31.683, 21049
2026/09/26 19:42:32.183, 21049
2026/09/26 19:42:32.683, 21049
2026/09/26 19:42:33.183, 21049
2026/09/26 19:42:33.683, 21049
2026/09/26 19:42:34.184, 21049
2026/09/26 19:42:34.684, 21049
2026/09/26 19:42:35.184, 21049
2026/09/26 19:42:35.684, 21049
2026/09/26 19:42:36.184, 21049
2026/09/26 19:42:36.684, 21049
2026/09/26 19:42:37.184, 21049
2026/09/26 19:42:37.685, 21049
2026/09/26 19:42:38.185, 21049
2026/09/26 19:42:38.685, 21049
2026/09/26 19:42:39.185, 21049
2026/09/26 19:42:39.685, 21049
2026/09/26 19:42:40.186, 21049
2026/09/26 19:42:40.686, 21049
2026/09/26 19:42:41.186, 21049
2026/09/26 19:42:41.686, 21049
2026/09/26 19:42:42.186, 21049
2026/09/26 19:42:42.686, 21049
2026/09/26 19:42:43.187, 21049
2026/09/26 19:42:43.687, 21049
2026/09/26 19:42:44.187, 21049
2026/09/26 19:42:44.687, 21049
2026/09/26 19:42:45.187, 21049
2026/09/26 19:42:45.687, 21049
2026/09/26 19:42:46.188, 21049
2026/09/26 19:42:46.688, 21049
2026/09/26 19:42:47.188, 21049
2026/09/26 19:42:47.688, 21049
2026/09/26 19:42:48.188, 21049
2026/09/26 19:42:48.689, 21049
2026/09/26 19:42:49.189, 21049
2026/09/26 19:42:49.689, 21049
2026/09/26 19:42:50.189, 21049
2026/09/26 19:42:50.689, 21049
2026/09/26 19:42:51.189, 21049
2026/09/26 19:42:51.690, 21049
2026/09/26 19:42:52.190, 21049
2026/09/26 19:42:52.690, 21049
2026/09/26 19:42:53.190, 21049
2026/09/26 19:42:53.690, 21049
2026/09/26 19:42:54.190, 21049
2026/09/26 19:42:54.690, 21049
2026/09/26 19:42:55.191, 21049
2026/09/26 19:42:55.691, 21049
2026/09/26 19:42:56.191, 21049
2026/09/26 19:42:56.691, 21049
2026/09/26 19:42:57.191, 21049
2026/09/26 19:42:57.691, 21049
2026/09/26 19:42:58.192, 21049
2026/09/26 19:42:58.692, 21049
2026/09/26 19:42:59.192, 21049
2026/09/26 19:42:59.692, 21049
2026/09/26 19:43:00.192, 21049
2026/09/26 19:43:00.692, 21049
2026/09/26 19:43:01.193, 21049
2026/09/26 19:43:01.693, 21049
2026/09/26 19:43:02.193, 21049
2026/09/26 19:43:02.693, 21049
2026/09/26 19:43:03.193, 21049
2026/09/26 19:43:03.693, 21049
2026/09/26 19:43:04.194, 21049
2026/09/26 19:43:04.694, 21049
2026/09/26 19:43:05.194, 21049
2026/09/26 19:43:05.694, 21049
2026/09/26 19:43:06.194, 21049
2026/09/26 19:43:06.694, 21049
2026/09/26 19:43:07.195, 21049
2026/09/26 19:43:07.695, 21049
2026/09/26 19:43:08.195, 21049
2026/09/26 19:43:08.695, 21049
2026/09/26 19:43:09.195, 21049
2026/09/26 19:43:09.695, 21049
2026/09/26 19:43:10.195, 21049
2026/09/26 19:43:10.696, 21049
2026/09/26 19:43:11.196, 21049
2026/09/26 19:43:11.696, 21049
2026/09/26 19:43:12.196, 21049
2026/09/26 19:43:12.696, 21049
2026/09/26 19:43:13.196, 21049
2026/09/26 19:43:13.697, 21049
2026/09/26 19:43:14.197, 21049
2026/09/26 19:43:14.697, 21049
2026/09/26 19:43:15.197, 21049
2026/09/26 19:43:15.697, 21049
2026/09/26 19:43:16.197, 21049
2026/09/26 19:43:16.698, 21049
2026/09/26 19:43:17.198, 21049
2026/09/26 19:43:17.698, 21049
2026/09/26 19:43:18.198, 21049
2026/09/26 19:43:18.698, 21049
2026/09/26 19:43:19.198, 21049
2026/09/26 19:43:19.699, 21049
2026/09/26 19:43:20.199, 21049
2026/09/26 19:43:20.699, 21049
2026/09/26 19:43:21.199, 21049
2026/09/26 19:43:21.699, 21049
2026/09/26 19:43:22.199, 21049
2026/09/26 19:43:22.699, 21049
2026/09/26 19:43:23.200, 21049
2026/09/26 19:43:23.700, 21049
2026/09/26 19:43:24.200, 21049
2026/09/26 19:43:24.700, 21049
2026/09/26 19:43:25.200, 21049
2026/09/26 19:43:25.705, 21049
2026/09/26 19:43:26.205, 21049
2026/09/26 19:43:26.705, 21049
2026/09/26 19:43:27.205, 21049
2026/09/26 19:43:27.705, 21049
2026/09/26 19:43:28.205, 21049
2026/09/26 19:43:28.706, 21049
2026/09/26 19:43:29.206, 21049
2026/09/26 19:43:29.706, 21049
2026/09/26 19:43:30.206, 21049
2026/09/26 19:43:30.706, 21049
2026/09/26 19:43:31.206, 21049
2026/09/26 19:43:31.707, 21049
2026/09/26 19:43:32.207, 21049
2026/09/26 19:43:32.707, 21049
2026/09/26 19:43:33.207, 21049
2026/09/26 19:43:33.707, 21049
2026/09/26 19:43:34.207, 21049
2026/09/26 19:43:34.708, 21049
2026/09/26 19:43:35.208, 21049
2026/09/26 19:43:35.708, 21049
2026/09/26 19:43:36.208, 21049
2026/09/26 19:43:36.708, 21049
2026/09/26 19:43:37.208, 21049
2026/09/26 19:43:37.708, 21049
2026/09/26 19:43:38.209, 21049
2026/09/26 19:43:38.709, 21049
2026/09/26 19:43:39.209, 21049
2026/09/26 19:43:39.709, 21049
2026/09/26 19:43:40.209, 21049
2026/09/26 19:43:40.709, 21049
2026/09/26 19:43:41.210, 21049
2026/09/26 19:43:41.710, 21049
2026/09/26 19:43:42.210, 21049
2026/09/26 19:43:42.710, 21049
2026/09/26 19:43:43.210, 21049
2026/09/26 19:43:43.710, 21049
2026/09/26 19:43:44.211, 21049
2026/09/26 19:43:44.711, 21049
2026/09/26 19:43:45.211, 21049
2026/09/26 19:43:45.711, 21049
2026/09/26 19:43:46.211, 21049
2026/09/26 19:43:46.712, 21049
2026/09/26 19:43:47.212, 21049
2026/09/26 19:43:47.712, 21049
2026/09/26 19:43:48.212, 21049
2026/09/26 19:43:48.712, 21049
2026/09/26 19:43:49.212, 21049
2026/09/26 19:43:49.712, 21049
2026/09/26 19:43:50.213, 21049
2026/09/26 19:43:50.713, 21049
2026/09/26 19:43:51.213, 21049
2026/09/26 19:43:51.713, 21049
2026/09/26 19:43:52.213, 21049
2026/09/26 19:43:52.713, 21049
2026/09/26 19:43:53.214, 21049
2026/09/26 19:43:53.714, 21049
2026/09/26 19:43:54.214, 21049
2026/09/26 19:43:54.714, 21049
2026/09/26 19:43:55.214, 21049
2026/09/26 19:43:55.714, 21049
2026/09/26 19:43:56.214, 21049
2026/09/26 19:43:56.715, 21049
2026/09/26 19:43:57.215, 21049
2026/09/26 19:43:57.715, 21049
2026/09/26 19:43:58.215, 21049
2026/09/26 19:43:58.715, 21049
2026/09/26 19:43:59.215, 21049
2026/09/26 19:43:59.716, 21049
2026/09/26 19:44:00.216, 21049
2026/09/26 19:44:00.716, 21049
2026/09/26 19:44:01.216, 21049
2026/09/26 19:44:01.716, 21049
2026/09/26 19:44:02.216, 21049
2026/09/26 19:44:02.717, 21049
2026/09/26 19:44:03.217, 21049
2026/09/26 19:44:03.717, 21049
2026/09/26 19:44:04.217, 21049
2026/09/26 19:44:04.717, 21049
2026/09/26 19:44:05.217, 21049
2026/09/26 19:44:05.718, 21049
2026/09/26 19:44:06.218, 21049
2026/09/26 19:44:06.718, 21049
2026/09/26 19:44:07.218, 21049
2026/09/26 19:44:07.718, 21049
2026/09/26 19:44:08.218, 21049
2026/09/26 19:44:08.718, 21049
2026/09/26 19:44:09.219, 21049
2026/09/26 19:44:09.719, 21049
2026/09/26 19:44:10.219, 21049
2026/09/26 19:44:10.719, 21049
2026/09/26 19:44:11.219, 21049
2026/09/26 19:44:11.720, 21049
2026/09/26 19:44:12.220, 21049
2026/09/26 19:44:12.720, 21049
2026/09/26 19:44:13.220, 21049
2026/09/26 19:44:13.720, 21049
2026/09/26 19:44:14.220, 21049
2026/09/26 19:44:14.721, 21049
2026/09/26 19:44:15.221, 21049
2026/09/26 19:44:15.721, 21049
2026/09/26 19:44:16.221, 21049
2026/09/26 19:44:16.721, 21049
2026/09/26 19:44:17.222, 21049
2026/09/26 19:44:17.722, 21049
2026/09/26 19:44:18.222, 21049
2026/09/26 19:44:18.722, 21049
2026/09/26 19:44:19.222, 21049
2026/09/26 19:44:19.722, 21049
2026/09/26 19:44:20.222, 21049
2026/09/26 19:44:20.723, 21049
2026/09/26 19:44:21.223, 21049
2026/09/26 19:44:21.723, 21049
2026/09/26 19:44:22.223, 21049
2026/09/26 19:44:22.723, 21049
2026/09/26 19:44:23.223, 21049
2026/09/26 19:44:23.724, 21049
2026/09/26 19:44:24.224, 21049
2026/09/26 19:44:24.724, 21049
2026/09/26 19:44:25.224, 21049
2026/09/26 19:44:25.724, 21049
2026/09/26 19:44:26.224, 21049
2026/09/26 19:44:26.725, 21049
2026/09/26 19:44:27.225, 21049
2026/09/26 19:44:27.725, 21049
2026/09/26 19:44:28.225, 21049
2026/09/26 19:44:28.725, 21049
2026/09/26 19:44:29.225, 21049
2026/09/26 19:44:29.725, 21049
2026/09/26 19:44:30.226, 21049
2026/09/26 19:44:30.726, 21049
2026/09/26 19:44:31.226, 21049
2026/09/26 19:44:31.726, 21049
2026/09/26 19:44:32.226, 21049
2026/09/26 19:44:32.726, 21049
2026/09/26 19:44:33.226, 21049
2026/09/26 19:44:33.727, 21049
2026/09/26 19:44:34.227, 21049
2026/09/26 19:44:34.727, 21049
2026/09/26 19:44:35.227, 21049
2026/09/26 19:44:35.727, 21049
2026/09/26 19:44:36.227, 21049
2026/09/26 19:44:36.728, 21049
2026/09/26 19:44:37.228, 21049
2026/09/26 19:44:37.728, 21049
2026/09/26 19:44:38.228, 21049
2026/09/26 19:44:38.728, 21049
2026/09/26 19:44:39.228, 21049
2026/09/26 19:44:39.728, 21049
2026/09/26 19:44:40.229, 21049
2026/09/26 19:44:40.729, 21049
2026/09/26 19:44:41.229, 21049
2026/09/26 19:44:41.729, 21049
2026/09/26 19:44:42.229, 21049
2026/09/26 19:44:42.729, 21049
2026/09/26 19:44:43.230, 21049
2026/09/26 19:44:43.730, 21049
2026/09/26 19:44:44.230, 21049
2026/09/26 19:44:44.730, 21049
2026/09/26 19:44:45.230, 21049
2026/09/26 19:44:45.730, 21049
2026/09/26 19:44:46.231, 21049
2026/09/26 19:44:46.731, 21049
2026/09/26 19:44:47.231, 21049
2026/09/26 19:44:47.731, 21049
2026/09/26 19:44:48.231, 21049
2026/09/26 19:44:48.731, 21049
2026/09/26 19:44:49.232, 21049
2026/09/26 19:44:49.732, 21049
2026/09/26 19:44:50.232, 21049
2026/09/26 19:44:50.732, 21049
2026/09/26 19:44:51.232, 21049
2026/09/26 19:44:51.732, 21049
2026/09/26 19:44:52.232, 21049
2026/09/26 19:44:52.733, 21049
2026/09/26 19:44:53.233, 21049
2026/09/26 19:44:53.733, 21049
2026/09/26 19:44:54.233, 21049
2026/09/26 19:44:54.733, 21049
2026/09/26 19:44:55.233, 21049
2026/09/26 19:44:55.734, 21049
2026/09/26 19:44:56.234, 21049
2026/09/26 19:44:56.734, 21049
2026/09/26 19:44:57.234, 21049
2026/09/26 19:44:57.734, 21049
2026/09/26 19:44:58.235, 21049
2026/09/26 19:44:58.735, 21049
2026/09/26 19:44:59.235, 21049
2026/09/26 19:44:59.735, 21049
2026/09/26 19:45:00.235, 21049
2026/09/26 19:45:00.735, 21049
2026/09/26 19:45:01.236, 21049
2026/09/26 19:45:01.736, 21049
2026/09/26 19:45:02.236, 21049
2026/09/26 19:45:02.736, 21049
2026/09/26 19:45:03.236, 21049
2026/09/26 19:45:03.736, 21049
2026/09/26 19:45:04.237, 21049
2026/09/26 19:45:04.737, 21049
2026/09/26 19:45:05.237, 21049
2026/09/26 19:45:05.737, 21049
2026/09/26 19:45:06.238, 21049
2026/09/26 19:45:06.738, 21049
2026/09/26 19:45:07.238, 21049
2026/09/26 19:45:07.738, 21049
2026/09/26 19:45:08.238, 21049
2026/09/26 19:45:08.738, 21049
2026/09/26 19:45:09.239, 21049
2026/09/26 19:45:09.739, 21049
2026/09/26 19:45:10.239, 21049
2026/09/26 19:45:10.739, 21049
2026/09/26 19:45:11.239, 21049
2026/09/26 19:45:11.739, 21049
2026/09/26 19:45:12.239, 21049
2026/09/26 19:45:12.740, 21049
2026/09/26 19:45:13.240, 21049
2026/09/26 19:45:13.740, 21049
2026/09/26 19:45:14.240, 21049
2026/09/26 19:45:14.740, 21049
2026/09/26 19:45:15.240, 21049
2026/09/26 19:45:15.740, 21049
2026/09/26 19:45:16.241, 21049
2026/09/26 19:45:16.741, 21049
2026/09/26 19:45:17.241, 21049
2026/09/26 19:45:17.741, 21049
2026/09/26 19:45:18.241, 21049
2026/09/26 19:45:18.741, 21049
2026/09/26 19:45:19.241, 21049
2026/09/26 19:45:19.742, 21049
2026/09/26 19:45:20.242, 21049
2026/09/26 19:45:20.742, 21049
2026/09/26 19:45:21.242, 21049
2026/09/26 19:45:21.742, 21049
2026/09/26 19:45:22.242, 21049
2026/09/26 19:45:22.743, 21049
2026/09/26 19:45:23.243, 21049
2026/09/26 19:45:23.743, 21049
2026/09/26 19:45:24.243, 21049
2026/09/26 19:45:24.743, 21049
2026/09/26 19:45:25.243, 21049
2026/09/26 19:45:25.743, 21049
2026/09/26 19:45:26.244, 21049
2026/09/26 19:45:26.744, 21049
2026/09/26 19:45:27.244, 21049
2026/09/26 19:45:27.744, 21049
2026/09/26 19:45:28.244, 21049
2026/09/26 19:45:28.744, 21049
2026/09/26 19:45:29.245, 21049
2026/09/26 19:45:29.745, 21049
2026/09/26 19:45:30.245, 21049
2026/09/26 19:45:30.745, 21049
2026/09/26 19:45:31.245, 21049
2026/09/26 19:45:31.745, 21049
2026/09/26 19:45:32.245, 21049
2026/09/26 19:45:32.746, 21049
2026/09/26 19:45:33.246, 21049
2026/09/26 19:45:33.746, 21049
2026/09/26 19:45:34.246, 21049
2026/09/26 19:45:34.746, 21049
2026/09/26 19:45:35.246, 21049
2026/09/26 19:45:35.746, 21049
2026/09/26 19:45:36.247, 21049
2026/09/26 19:45:36.747, 21049
2026/09/26 19:45:37.247, 21049
2026/09/26 19:45:37.747, 21049
2026/09/26 19:45:38.247, 21049
2026/09/26 19:45:38.747, 21049
2026/09/26 19:45:39.248, 21049
2026/09/26 19:45:39.748, 21049
2026/09/26 19:45:40.248, 21049
2026/09/26 19:45:40.748, 21049
2026/09/26 19:45:41.248, 21049
2026/09/26 19:45:41.748, 21049
2026/09/26 19:45:42.249, 21049
2026/09/26 19:45:42.749, 21049
2026/09/26 19:45:43.249, 21049
2026/09/26 19:45:43.749, 21049
2026/09/26 19:45:44.249, 21049
2026/09/26 19:45:44.749, 21049
2026/09/26 19:45:45.250, 21049
2026/09/26 19:45:45.750, 21049
2026/09/26 19:45:46.250, 21049
2026/09/26 19:45:46.750, 21049
2026/09/26 19:45:47.250, 21049
2026/09/26 19:45:47.750, 21049
2026/09/26 19:45:48.251, 21049
2026/09/26 19:45:48.751, 21049
2026/09/26 19:45:49.251, 21049
2026/09/26 19:45:49.751, 21049
2026/09/26 19:45:50.251, 21049
2026/09/26 19:45:50.751, 21049
2026/09/26 19:45:51.252, 21049
2026/09/26 19:45:51.752, 21049
2026/09/26 19:45:52.252, 21049
2026/09/26 19:45:52.752, 21049
2026/09/26 19:45:53.252, 21049
2026/09/26 19:45:53.752, 21049
2026/09/26 19:45:54.253, 21049
2026/09/26 19:45:54.753, 21049
2026/09/26 19:45:55.253, 21049
2026/09/26 19:45:55.753, 21049
2026/09/26 19:45:56.253, 21049
2026/09/26 19:45:56.754, 21049
2026/09/26 19:45:57.254, 21049
2026/09/26 19:45:57.754, 21049
2026/09/26 19:45:58.254, 21049
2026/09/26 19:45:58.754, 21049
2026/09/26 19:45:59.254, 21049
2026/09/26 19:45:59.755, 21049
2026/09/26 19:46:00.255, 21049
2026/09/26 19:46:00.755, 21049
2026/09/26 19:46:01.255, 21049
2026/09/26 19:46:01.755, 21049
2026/09/26 19:46:02.255, 21049
2026/09/26 19:46:02.756, 21049
2026/09/26 19:46:03.256, 21049
2026/09/26 19:46:03.756, 21049
2026/09/26 19:46:04.256, 21049
2026/09/26 19:46:04.756, 21049
2026/09/26 19:46:05.256, 21049
2026/09/26 19:46:05.756, 21049
2026/09/26 19:46:06.257, 21049
2026/09/26 19:46:06.757, 21049
2026/09/26 19:46:07.257, 21049
2026/09/26 19:46:07.757, 21049
2026/09/26 19:46:08.257, 21049
2026/09/26 19:46:08.757, 21049
2026/09/26 19:46:09.258, 21049
2026/09/26 19:46:09.758, 21049
2026/09/26 19:46:10.258, 21049
2026/09/26 19:46:10.758, 21049
2026/09/26 19:46:11.258, 21049
2026/09/26 19:46:11.758, 21049
2026/09/26 19:46:12.259, 21049
2026/09/26 19:46:12.759, 21049
2026/09/26 19:46:13.259, 21049
2026/09/26 19:46:13.759, 21049
2026/09/26 19:46:14.259, 21049
2026/09/26 19:46:14.759, 21049
2026/09/26 19:46:15.260, 21049
2026/09/26 19:46:15.760, 21049
2026/09/26 19:46:16.260, 21049
2026/09/26 19:46:16.760, 21049
2026/09/26 19:46:17.260, 21049
2026/09/26 19:46:17.760, 21049
2026/09/26 19:46:18.261, 21049
2026/09/26 19:46:18.761, 21049
2026/09/26 19:46:19.261, 21049
2026/09/26 19:46:19.761, 21049
2026/09/26 19:46:20.261, 21049
2026/09/26 19:46:20.761, 21049
2026/09/26 19:46:21.262, 21049
2026/09/26 19:46:21.762, 21049
2026/09/26 19:46:22.262, 21049
2026/09/26 19:46:22.762, 21049
2026/09/26 19:46:23.262, 21049
2026/09/26 19:46:23.762, 21049
2026/09/26 19:46:24.263, 21049
2026/09/26 19:46:24.763, 21049
2026/09/26 19:46:25.263, 21049
2026/09/26 19:46:25.763, 21049
2026/09/26 19:46:26.263, 21049
2026/09/26 19:46:26.764, 21049
2026/09/26 19:46:27.264, 21049
2026/09/26 19:46:27.764, 21049
2026/09/26 19:46:28.264, 21049
2026/09/26 19:46:28.764, 21049
2026/09/26 19:46:29.264, 21049
2026/09/26 19:46:29.765, 21049
2026/09/26 19:46:30.265, 21049
2026/09/26 19:46:30.765, 21049
2026/09/26 19:46:31.265, 21049
2026/09/26 19:46:31.765, 21049
2026/09/26 19:46:32.265, 21049
2026/09/26 19:46:32.766, 21049
2026/09/26 19:46:33.266, 21049
2026/09/26 19:46:33.766, 21049
2026/09/26 19:46:34.266, 21049
2026/09/26 19:46:34.766, 21049
2026/09/26 19:46:35.266, 21049
2026/09/26 19:46:35.766, 21049
2026/09/26 19:46:36.267, 21049
2026/09/26 19:46:36.767, 21049
2026/09/26 19:46:37.267, 21049
2026/09/26 19:46:37.767, 21049
2026/09/26 19:46:38.267, 21049
2026/09/26 19:46:38.767, 21049
2026/09/26 19:46:39.268, 21049
2026/09/26 19:46:39.768, 21049
2026/09/26 19:46:40.268, 21049
2026/09/26 19:46:40.768, 21049
2026/09/26 19:46:41.268, 21049
2026/09/26 19:46:41.768, 21049
2026/09/26 19:46:42.268, 21049
2026/09/26 19:46:42.769, 21049
2026/09/26 19:46:43.269, 21049
2026/09/26 19:46:43.769, 21049
2026/09/26 19:46:44.269, 21049
2026/09/26 19:46:44.769, 21049
2026/09/26 19:46:45.269, 21049
2026/09/26 19:46:45.770, 21049
2026/09/26 19:46:46.270, 21049
2026/09/26 19:46:46.770, 21049
2026/09/26 19:46:47.270, 21049
2026/09/26 19:46:47.770, 21049
2026/09/26 19:46:48.270, 21049
2026/09/26 19:46:48.770, 21049
2026/09/26 19:46:49.271, 21049
2026/09/26 19:46:49.771, 21049
2026/09/26 19:46:50.271, 21049
2026/09/26 19:46:50.771, 21049
2026/09/26 19:46:51.271, 21049
2026/09/26 19:46:51.771, 21049
2026/09/26 19:46:52.272, 21049
2026/09/26 19:46:52.772, 21049
2026/09/26 19:46:53.272, 21049
2026/09/26 19:46:53.772, 21049
2026/09/26 19:46:54.272, 21049
2026/09/26 19:46:54.772, 21049
2026/09/26 19:46:55.273, 21049
2026/09/26 19:46:55.773, 21049
2026/09/26 19:46:56.273, 21049
2026/09/26 19:46:56.773, 21049
2026/09/26 19:46:57.273, 21049
2026/09/26 19:46:57.773, 21049
2026/09/26 19:46:58.274, 21049
2026/09/26 19:46:58.774, 21049
2026/09/26 19:46:59.274, 21049
2026/09/26 19:46:59.774, 21049
2026/09/26 19:47:00.274, 21049
2026/09/26 19:47:00.774, 21049
2026/09/26 19:47:01.275, 21049
2026/09/26 19:47:01.775, 21049
2026/09/26 19:47:02.275, 21049
2026/09/26 19:47:02.775, 21049
2026/09/26 19:47:03.275, 21049
2026/09/26 19:47:03.775, 21049
2026/09/26 19:47:04.276, 21049
2026/09/26 19:47:04.776, 21049
2026/09/26 19:47:05.276, 21049
2026/09/26 19:47:05.776, 21049
2026/09/26 19:47:06.276, 21049
2026/09/26 19:47:06.776, 21049
2026/09/26 19:47:07.276, 21049
2026/09/26 19:47:07.777, 21049
2026/09/26 19:47:08.277, 21049
2026/09/26 19:47:08.777, 21049
2026/09/26 19:47:09.277, 21049
2026/09/26 19:47:09.777, 21049
2026/09/26 19:47:10.277, 21049
2026/09/26 19:47:10.778, 21049
2026/09/26 19:47:11.278, 21049
2026/09/26 19:47:11.778, 21049
2026/09/26 19:47:12.278, 21049
2026/09/26 19:47:12.778, 21049
2026/09/26 19:47:13.278, 21049
2026/09/26 19:47:13.779, 21049
2026/09/26 19:47:14.279, 21049
2026/09/26 19:47:14.779, 21049
2026/09/26 19:47:15.279, 21049
2026/09/26 19:47:15.780, 21049
2026/09/26 19:47:16.280, 21049
2026/09/26 19:47:16.780, 21049
2026/09/26 19:47:17.280, 21049
2026/09/26 19:47:17.780, 21049
2026/09/26 19:47:18.280, 21049
2026/09/26 19:47:18.781, 21049
2026/09/26 19:47:19.281, 21049
2026/09/26 19:47:19.781, 21049
2026/09/26 19:47:20.281, 21049
2026/09/26 19:47:20.781, 21049
2026/09/26 19:47:21.281, 21049
2026/09/26 19:47:21.782, 21049
2026/09/26 19:47:22.282, 21049
2026/09/26 19:47:22.782, 21049
2026/09/26 19:47:23.282, 21049
2026/09/26 19:47:23.782, 21049
2026/09/26 19:47:24.282, 21049
2026/09/26 19:47:24.783, 21049
2026/09/26 19:47:25.283, 21049
2026/09/26 19:47:25.783, 21049
2026/09/26 19:47:26.283, 21049
2026/09/26 19:47:26.783, 21049
2026/09/26 19:47:27.283, 21049
2026/09/26 19:47:27.783, 21049
2026/09/26 19:47:28.284, 21049
2026/09/26 19:47:28.784, 21049
2026/09/26 19:47:29.284, 21049
2026/09/26 19:47:29.784, 21049
2026/09/26 19:47:30.284, 21049
2026/09/26 19:47:30.785, 21049
2026/09/26 19:47:31.285, 21049
2026/09/26 19:47:31.785, 21049
2026/09/26 19:47:32.285, 21049
2026/09/26 19:47:32.786, 21049
2026/09/26 19:47:33.286, 21049
2026/09/26 19:47:33.786, 21049
2026/09/26 19:47:34.286, 21049
2026/09/26 19:47:34.786, 21049
2026/09/26 19:47:35.286, 21049
2026/09/26 19:47:35.787, 21049
2026/09/26 19:47:36.287, 21049
2026/09/26 19:47:36.787, 21049
2026/09/26 19:47:37.287, 21049
2026/09/26 19:47:37.787, 21049
2026/09/26 19:47:38.287, 21049
2026/09/26 19:47:38.788, 21049
2026/09/26 19:47:39.288, 21049
2026/09/26 19:47:39.788, 21049
2026/09/26 19:47:40.288, 21049
2026/09/26 19:47:40.788, 21049
2026/09/26 19:47:41.289, 21049
2026/09/26 19:47:41.789, 21049
2026/09/26 19:47:42.289, 21049
2026/09/26 19:47:42.789, 21049
2026/09/26 19:47:43.289, 21049
2026/09/26 19:47:43.789, 21049
2026/09/26 19:47:44.290, 21049
2026/09/26 19:47:44.790, 21049
2026/09/26 19:47:45.290, 21049
2026/09/26 19:47:45.790, 21049
2026/09/26 19:47:46.290, 21049
2026/09/26 19:47:46.790, 21049
2026/09/26 19:47:47.291, 21049
2026/09/26 19:47:47.791, 21049
2026/09/26 19:47:48.291, 21049
2026/09/26 19:47:48.791, 21049
2026/09/26 19:47:49.291, 21049
2026/09/26 19:47:49.792, 21049
2026/09/26 19:47:50.292, 21049
2026/09/26 19:47:50.792, 21049
2026/09/26 19:47:51.292, 21049
2026/09/26 19:47:51.792, 21049
2026/09/26 19:47:52.292, 21049
2026/09/26 19:47:52.792, 21049
2026/09/26 19:47:53.293, 21049
2026/09/26 19:47:53.793, 21049
2026/09/26 19:47:54.293, 21049
2026/09/26 19:47:54.793, 21049
2026/09/26 19:47:55.293, 21049
2026/09/26 19:47:55.793, 21049
2026/09/26 19:47:56.293, 21049
2026/09/26 19:47:56.794, 21049
2026/09/26 19:47:57.294, 21049
2026/09/26 19:47:57.794, 21049
2026/09/26 19:47:58.294, 21049
2026/09/26 19:47:58.794, 21049
2026/09/26 19:47:59.294, 21049
2026/09/26 19:47:59.795, 21049
2026/09/26 19:48:00.295, 21049
2026/09/26 19:48:00.795, 21049
2026/09/26 19:48:01.295, 21049
2026/09/26 19:48:01.795, 21049
2026/09/26 19:48:02.295, 21049
2026/09/26 19:48:02.795, 21049
2026/09/26 19:48:03.296, 21049
2026/09/26 19:48:03.796, 21049
2026/09/26 19:48:04.296, 21049
2026/09/26 19:48:04.796, 21049
2026/09/26 19:48:05.296, 21049
2026/09/26 19:48:05.796, 21049
2026/09/26 19:48:06.296, 21049
2026/09/26 19:48:06.797, 21049
2026/09/26 19:48:07.297, 21049
2026/09/26 19:48:07.797, 21049
2026/09/26 19:48:08.297, 21049
2026/09/26 19:48:08.797, 21049
2026/09/26 19:48:09.297, 21049
2026/09/26 19:48:09.798, 21049
2026/09/26 19:48:10.298, 21049
2026/09/26 19:48:10.798, 21049
2026/09/26 19:48:11.298, 21049
2026/09/26 19:48:11.798, 21049
2026/09/26 19:48:12.298, 21049
2026/09/26 19:48:12.798, 21049
2026/09/26 19:48:13.299, 21049
2026/09/26 19:48:13.799, 21049
2026/09/26 19:48:14.299, 21049
2026/09/26 19:48:14.799, 21049
2026/09/26 19:48:15.299, 21049
2026/09/26 19:48:15.799, 21049
2026/09/26 19:48:16.300, 21049
2026/09/26 19:48:16.800, 21049
2026/09/26 19:48:17.300, 21049
2026/09/26 19:48:17.800, 21049
2026/09/26 19:48:18.300, 21049
2026/09/26 19:48:18.800, 21049
2026/09/26 19:48:19.300, 21049
2026/09/26 19:48:19.801, 21049
2026/09/26 19:48:20.301, 21049
2026/09/26 19:48:20.801, 21049
2026/09/26 19:48:21.301, 21049
2026/09/26 19:48:21.801, 21049
2026/09/26 19:48:22.301, 21049
2026/09/26 19:48:22.801, 21049
2026/09/26 19:48:23.302, 21049
2026/09/26 19:48:23.802, 21049
2026/09/26 19:48:24.302, 21049
2026/09/26 19:48:24.802, 21049
2026/09/26 19:48:25.302, 21049
2026/09/26 19:48:25.803, 21049
2026/09/26 19:48:26.303, 21049
2026/09/26 19:48:26.803, 21049
2026/09/26 19:48:27.303, 21049
2026/09/26 19:48:27.803, 21049
2026/09/26 19:48:28.304, 21049
2026/09/26 19:48:28.804, 21049
2026/09/26 19:48:29.304, 21049
2026/09/26 19:48:29.804, 21049
2026/09/26 19:48:30.304, 21049
2026/09/26 19:48:30.804, 21049
2026/09/26 19:48:31.305, 21049
2026/09/26 19:48:31.805, 21049
2026/09/26 19:48:32.305, 21049
2026/09/26 19:48:32.805, 21049
2026/09/26 19:48:33.305, 21049
2026/09/26 19:48:33.805, 21049
2026/09/26 19:48:34.306, 21049
2026/09/26 19:48:34.806, 21049
2026/09/26 19:48:35.306, 21049
2026/09/26 19:48:35.806, 21049
2026/09/26 19:48:36.306, 21049
2026/09/26 19:48:36.807, 21049
2026/09/26 19:48:37.307, 21049
2026/09/26 19:48:37.807, 21049
2026/09/26 19:48:38.307, 21049
2026/09/26 19:48:38.807, 21049
2026/09/26 19:48:39.307, 21049
2026/09/26 19:48:39.808, 21049
2026/09/26 19:48:40.308, 21049
2026/09/26 19:48:40.808, 21049
2026/09/26 19:48:41.308, 21049
2026/09/26 19:48:41.808, 21049
2026/09/26 19:48:42.308, 21049
2026/09/26 19:48:42.809, 21049
2026/09/26 19:48:43.309, 21049
2026/09/26 19:48:43.809, 21049
2026/09/26 19:48:44.309, 21049
2026/09/26 19:48:44.809, 21049
2026/09/26 19:48:45.309, 21049
2026/09/26 19:48:45.809, 21049
2026/09/26 19:48:46.310, 21049
2026/09/26 19:48:46.810, 21049
2026/09/26 19:48:47.310, 21049
2026/09/26 19:48:47.810, 21049
2026/09/26 19:48:48.310, 21049
2026/09/26 19:48:48.810, 21049
2026/09/26 19:48:49.311, 21049
2026/09/26 19:48:49.811, 21049
2026/09/26 19:48:50.311, 21049
2026/09/26 19:48:50.811, 21049
2026/09/26 19:48:51.311, 21049
2026/09/26 19:48:51.811, 21049
2026/09/26 19:48:52.312, 21049
2026/09/26 19:48:52.812, 21049
2026/09/26 19:48:53.312, 21049
2026/09/26 19:48:53.812, 21049
2026/09/26 19:48:54.312, 21049
2026/09/26 19:48:54.812, 21049
2026/09/26 19:48:55.313, 21049
2026/09/26 19:48:55.813, 21049
2026/09/26 19:48:56.313, 21049
2026/09/26 19:48:56.813, 21049
2026/09/26 19:48:57.313, 21049
2026/09/26 19:48:57.813, 21049
2026/09/26 19:48:58.314, 21049
2026/09/26 19:48:58.814, 21049
2026/09/26 19:48:59.314, 21049
2026/09/26 19:48:59.814, 21049
2026/09/26 19:49:00.314, 21049
2026/09/26 19:49:00.814, 21049
2026/09/26 19:49:01.314, 21049
2026/09/26 19:49:01.815, 21049
2026/09/26 19:49:02.315, 21049
2026/09/26 19:49:02.815, 21049
2026/09/26 19:49:03.315, 21049
2026/09/26 19:49:03.815, 21049
2026/09/26 19:49:04.315, 21049
2026/09/26 19:49:04.816, 21049
2026/09/26 19:49:05.316, 21049
2026/09/26 19:49:05.816, 21049
2026/09/26 19:49:06.316, 21049
2026/09/26 19:49:06.816, 21049
2026/09/26 19:49:07.316, 21049
2026/09/26 19:49:07.817, 21049
2026/09/26 19:49:08.317, 21049
2026/09/26 19:49:08.817, 21049
2026/09/26 19:49:09.317, 21049
2026/09/26 19:49:09.817, 21049
2026/09/26 19:49:10.317, 21049
2026/09/26 19:49:10.817, 21049
2026/09/26 19:49:11.318, 21049
2026/09/26 19:49:11.818, 21049
2026/09/26 19:49:12.318, 21049
2026/09/26 19:49:12.818, 21049
2026/09/26 19:49:13.318, 21049
2026/09/26 19:49:13.818, 21049
2026/09/26 19:49:14.319, 21049
2026/09/26 19:49:14.819, 21049
2026/09/26 19:49:15.319, 21049
2026/09/26 19:49:15.819, 21049
2026/09/26 19:49:16.319, 21049
2026/09/26 19:49:16.819, 21049
2026/09/26 19:49:17.320, 21049
2026/09/26 19:49:17.820, 21049
2026/09/26 19:49:18.320, 21049
2026/09/26 19:49:18.820, 21049
2026/09/26 19:49:19.320, 21049
2026/09/26 19:49:19.820, 21049
2026/09/26 19:49:20.321, 21049
2026/09/26 19:49:20.821, 21049
2026/09/26 19:49:21.321, 21049
2026/09/26 19:49:21.821, 21049
2026/09/26 19:49:22.321, 21049
2026/09/26 19:49:22.821, 21049
2026/09/26 19:49:23.322, 21049
2026/09/26 19:49:23.822, 21049
2026/09/26 19:49:24.322, 21049
2026/09/26 19:49:24.822, 21049
2026/09/26 19:49:25.322, 21049
2026/09/26 19:49:25.822, 21049
2026/09/26 19:49:26.323, 21049
2026/09/26 19:49:26.823, 21049
2026/09/26 19:49:27.323, 21049
2026/09/26 19:49:27.823, 21049
2026/09/26 19:49:28.323, 21049
2026/09/26 19:49:28.823, 21049
2026/09/26 19:49:29.323, 21049
2026/09/26 19:49:29.824, 21049
2026/09/26 19:49:30.324, 21049
2026/09/26 19:49:30.824, 21049
2026/09/26 19:49:31.324, 21049
2026/09/26 19:49:31.824, 21049
2026/09/26 19:49:32.324, 21049
2026/09/26 19:49:32.825, 21049
2026/09/26 19:49:33.325, 21049
2026/09/26 19:49:33.825, 21049
2026/09/26 19:49:34.325, 21049
2026/09/26 19:49:34.825, 21049
2026/09/26 19:49:35.325, 21049
2026/09/26 19:49:35.826, 21049
2026/09/26 19:49:36.326, 21049
2026/09/26 19:49:36.826, 21049
2026/09/26 19:49:37.326, 21049
2026/09/26 19:49:37.826, 21049
2026/09/26 19:49:38.326, 21049
2026/09/26 19:49:38.827, 21049
2026/09/26 19:49:39.327, 21049
2026/09/26 19:49:39.827, 21049
2026/09/26 19:49:40.327, 21049
2026/09/26 19:49:40.827, 21049
2026/09/26 19:49:41.327, 21049
2026/09/26 19:49:41.828, 21049
2026/09/26 19:49:42.328, 21049
2026/09/26 19:49:42.828, 21049
2026/09/26 19:49:43.328, 21049
2026/09/26 19:49:43.828, 21049
2026/09/26 19:49:44.328, 21049
2026/09/26 19:49:44.829, 21049
2026/09/26 19:49:45.329, 21049
2026/09/26 19:49:45.829, 21049
2026/09/26 19:49:46.329, 21049
2026/09/26 19:49:46.829, 21049
2026/09/26 19:49:47.329, 21049
2026/09/26 19:49:47.830, 21049
2026/09/26 19:49:48.330, 21049
2026/09/26 19:49:48.830, 21049
2026/09/26 19:49:49.330, 21049
2026/09/26 19:49:49.830, 21049
2026/09/26 19:49:50.330, 21049
2026/09/26 19:49:50.831, 21049
2026/09/26 19:49:51.331, 21049
2026/09/26 19:49:51.831, 21049
2026/09/26 19:49:52.331, 21049
2026/09/26 19:49:52.831, 21049
2026/09/26 19:49:53.331, 21049
2026/09/26 19:49:53.832, 21049
2026/09/26 19:49:54.332, 21049
2026/09/26 19:49:54.832, 21049
2026/09/26 19:49:55.332, 21049
2026/09/26 19:49:55.832, 21049
2026/09/26 19:49:56.332, 21049
2026/09/26 19:49:56.832, 21049
2026/09/26 19:49:57.333, 21049
2026/09/26 19:49:57.833, 21049
2026/09/26 19:49:58.333, 21049
2026/09/26 19:49:58.833, 21049
2026/09/26 19:49:59.333, 21049
2026/09/26 19:49:59.833, 21049
2026/09/26 19:50:00.334, 21049
2026/09/26 19:50:00.834, 21049
2026/09/26 19:50:01.334, 21049
2026/09/26 19:50:01.834, 21049
2026/09/26 19:50:02.334, 21049
2026/09/26 19:50:02.834, 21049
2026/09/26 19:50:03.335, 21049
2026/09/26 19:50:03.835, 21049
2026/09/26 19:50:04.335, 21049
2026/09/26 19:50:04.835, 21049
2026/09/26 19:50:05.335, 21049
2026/09/26 19:50:05.835, 21049
2026/09/26 19:50:06.336, 21049
2026/09/26 19:50:06.836, 21049
2026/09/26 19:50:07.336, 21049
2026/09/26 19:50:07.836, 21049
2026/09/26 19:50:08.336, 21049
2026/09/26 19:50:08.836, 21049
2026/09/26 19:50:09.337, 21049
2026/09/26 19:50:09.837, 21049
2026/09/26 19:50:10.337, 21049
2026/09/26 19:50:10.837, 21049
2026/09/26 19:50:11.337, 21049
2026/09/26 19:50:11.837, 21049
2026/09/26 19:50:12.337, 21049
2026/09/26 19:50:12.838, 21049
2026/09/26 19:50:13.338, 21049
2026/09/26 19:50:13.838, 21049
2026/09/26 19:50:14.338, 21049
2026/09/26 19:50:14.838, 21049
2026/09/26 19:50:15.338, 21049
2026/09/26 19:50:15.838, 21049
2026/09/26 19:50:16.339, 21049
2026/09/26 19:50:16.839, 21049
2026/09/26 19:50:17.339, 21049
2026/09/26 19:50:17.839, 21049
2026/09/26 19:50:18.339, 21049
2026/09/26 19:50:18.839, 21049
2026/09/26 19:50:19.340, 21049
2026/09/26 19:50:19.840, 21049
2026/09/26 19:50:20.340, 21049
2026/09/26 19:50:20.840, 21049
2026/09/26 19:50:21.340, 21049
2026/09/26 19:50:21.840, 21049
2026/09/26 19:50:22.341, 21049
2026/09/26 19:50:22.841, 21049
2026/09/26 19:50:23.341, 21049
2026/09/26 19:50:23.841, 21049
2026/09/26 19:50:24.341, 21049
2026/09/26 19:50:24.841, 21049
2026/09/26 19:50:25.341, 21049
2026/09/26 19:50:25.842, 21049
2026/09/26 19:50:26.342, 21049
2026/09/26 19:50:26.842, 21049
2026/09/26 19:50:27.342, 21049
2026/09/26 19:50:27.842, 21049
2026/09/26 19:50:28.342, 21049
2026/09/26 19:50:28.843, 21049
2026/09/26 19:50:29.343, 21049
2026/09/26 19:50:29.843, 21049
2026/09/26 19:50:30.343, 21049
2026/09/26 19:50:30.843, 21049
2026/09/26 19:50:31.343, 21049
2026/09/26 19:50:31.844, 21049
2026/09/26 19:50:32.344, 21049
2026/09/26 19:50:32.844, 21049
2026/09/26 19:50:33.344, 21049
2026/09/26 19:50:33.844, 21049
2026/09/26 19:50:34.344, 21049
2026/09/26 19:50:34.844, 21049
2026/09/26 19:50:35.345, 21049
2026/09/26 19:50:35.845, 21049
2026/09/26 19:50:36.345, 21049
2026/09/26 19:50:36.845, 21049
2026/09/26 19:50:37.345, 21049
2026/09/26 19:50:37.845, 21049
2026/09/26 19:50:38.346, 21049
2026/09/26 19:50:38.846, 21049
2026/09/26 19:50:39.346, 21049
2026/09/26 19:50:39.846, 21049
2026/09/26 19:50:40.346, 21049
2026/09/26 19:50:40.846, 21049
2026/09/26 19:50:41.346, 21049
2026/09/26 19:50:41.847, 21049
2026/09/26 19:50:42.347, 21049
2026/09/26 19:50:42.847, 21049
2026/09/26 19:50:43.347, 21049
2026/09/26 19:50:43.847, 21049
2026/09/26 19:50:44.347, 21049
2026/09/26 19:50:44.848, 21049
2026/09/26 19:50:45.348, 21049
2026/09/26 19:50:45.848, 21049
2026/09/26 19:50:46.348, 21049
2026/09/26 19:50:46.848, 21049
2026/09/26 19:50:47.348, 21049
2026/09/26 19:50:47.848, 21049
2026/09/26 19:50:48.349, 21049
2026/09/26 19:50:48.849, 21049
2026/09/26 19:50:49.349, 21049
2026/09/26 19:50:49.849, 21049
2026/09/26 19:50:50.349, 21049
2026/09/26 19:50:50.850, 21049
2026/09/26 19:50:51.350, 21049
2026/09/26 19:50:51.850, 21049
2026/09/26 19:50:52.350, 21049
2026/09/26 19:50:52.850, 21049
2026/09/26 19:50:53.350, 21049
2026/09/26 19:50:53.850, 21049
2026/09/26 19:50:54.351, 21049
2026/09/26 19:50:54.851, 21049
2026/09/26 19:50:55.351, 21049
2026/09/26 19:50:55.851, 21049
2026/09/26 19:50:56.351, 21049
2026/09/26 19:50:56.851, 21049
2026/09/26 19:50:57.352, 21049
2026/09/26 19:50:57.852, 21049
2026/09/26 19:50:58.352, 21049
2026/09/26 19:50:58.852, 21049
2026/09/26 19:50:59.352, 21049
2026/09/26 19:50:59.852, 21049
2026/09/26 19:51:00.353, 21049
2026/09/26 19:51:00.853, 21049
2026/09/26 19:51:01.353, 21049
2026/09/26 19:51:01.853, 21049
2026/09/26 19:51:02.353, 21049
2026/09/26 19:51:02.853, 21049
2026/09/26 19:51:03.354, 21049
2026/09/26 19:51:03.854, 21049
2026/09/26 19:51:04.354, 21049
2026/09/26 19:51:04.854, 21049
2026/09/26 19:51:05.354, 21049
2026/09/26 19:51:05.854, 21049
2026/09/26 19:51:06.355, 21049
2026/09/26 19:51:06.855, 21049
2026/09/26 19:51:07.355, 21049
2026/09/26 19:51:07.855, 21049
2026/09/26 19:51:08.355, 21049
2026/09/26 19:51:08.855, 21049
2026/09/26 19:51:09.355, 21049
2026/09/26 19:51:09.856, 21049
2026/09/26 19:51:10.356, 21049
2026/09/26 19:51:10.856, 21049
2026/09/26 19:51:11.356, 21049
2026/09/26 19:51:11.856, 21049
2026/09/26 19:51:12.356, 21049
2026/09/26 19:51:12.857, 21049
2026/09/26 19:51:13.357, 21049
2026/09/26 19:51:13.857, 21049
2026/09/26 19:51:14.357, 21049
2026/09/26 19:51:14.857, 21049
2026/09/26 19:51:15.357, 21049
2026/09/26 19:51:15.858, 21049
2026/09/26 19:51:16.358, 21049
2026/09/26 19:51:16.858, 21049
2026/09/26 19:51:17.358, 21049
2026/09/26 19:51:17.858, 21049
2026/09/26 19:51:18.358, 21049
2026/09/26 19:51:18.859, 21049
2026/09/26 19:51:19.359, 21049
2026/09/26 19:51:19.859, 21049
2026/09/26 19:51:20.359, 21049
2026/09/26 19:51:20.859, 21049
2026/09/26 19:51:21.359, 21049
2026/09/26 19:51:21.859, 21049
2026/09/26 19:51:22.360, 21049
2026/09/26 19:51:22.860, 21049
2026/09/26 19:51:23.360, 21049
2026/09/26 19:51:23.860, 21049
2026/09/26 19:51:24.360, 21049
2026/09/26 19:51:24.860, 21049
2026/09/26 19:51:25.360, 21049
2026/09/26 19:51:25.861, 21049
2026/09/26 19:51:26.361, 21049
2026/09/26 19:51:26.861, 21049
2026/09/26 19:51:27.361, 21049
2026/09/26 19:51:27.861, 21049
2026/09/26 19:51:28.361, 21049
2026/09/26 19:51:28.862, 21049
2026/09/26 19:51:29.362, 21049
2026/09/26 19:51:29.862, 21049
2026/09/26 19:51:30.362, 21049
2026/09/26 19:51:30.862, 21049
2026/09/26 19:51:31.362, 21049
2026/09/26 19:51:31.862, 21049
2026/09/26 19:51:32.363, 21049
2026/09/26 19:51:32.863, 21049
2026/09/26 19:51:33.363, 21049
2026/09/26 19:51:33.863, 21049
2026/09/26 19:51:34.363, 21049
2026/09/26 19:51:34.863, 21049
2026/09/26 19:51:35.364, 21049
2026/09/26 19:51:35.864, 21049
2026/09/26 19:51:36.364, 21049
2026/09/26 19:51:36.864, 21049
2026/09/26 19:51:37.364, 21049
2026/09/26 19:51:37.864, 21049
2026/09/26 19:51:38.365, 21049
2026/09/26 19:51:38.865, 21049
2026/09/26 19:51:39.365, 21049
2026/09/26 19:51:39.865, 21049
2026/09/26 19:51:40.365, 21049
2026/09/26 19:51:40.865, 21049
2026/09/26 19:51:41.366, 21049
2026/09/26 19:51:41.866, 21049
2026/09/26 19:51:42.366, 21049
2026/09/26 19:51:42.866, 21049
2026/09/26 19:51:43.366, 21049
2026/09/26 19:51:43.866, 21049
2026/09/26 19:51:44.366, 21049
2026/09/26 19:51:44.867, 21049
2026/09/26 19:51:45.367, 21049
2026/09/26 19:51:45.867, 21049
2026/09/26 19:51:46.367, 21049
2026/09/26 19:51:46.868, 21049
2026/09/26 19:51:47.368, 21049
2026/09/26 19:51:47.868, 21049
2026/09/26 19:51:48.368, 21049
2026/09/26 19:51:48.868, 21049
2026/09/26 19:51:49.369, 21049
2026/09/26 19:51:49.869, 21049
2026/09/26 19:51:50.369, 21049
2026/09/26 19:51:50.869, 21049
2026/09/26 19:51:51.369, 21049
2026/09/26 19:51:51.869, 21049
2026/09/26 19:51:52.370, 21049
2026/09/26 19:51:52.870, 21049
2026/09/26 19:51:53.370, 21049
2026/09/26 19:51:53.870, 21049
2026/09/26 19:51:54.370, 21049
2026/09/26 19:51:54.871, 21049
2026/09/26 19:51:55.371, 21049
2026/09/26 19:51:55.871, 21049
2026/09/26 19:51:56.371, 21049
2026/09/26 19:51:56.871, 21049
2026/09/26 19:51:57.371, 21049
2026/09/26 19:51:57.872, 21049
2026/09/26 19:51:58.372, 21049
2026/09/26 19:51:58.872, 21049
2026/09/26 19:51:59.372, 21049
2026/09/26 19:51:59.872, 21049
2026/09/26 19:52:00.372, 21049
2026/09/26 19:52:00.873, 21049
2026/09/26 19:52:01.373, 21049
2026/09/26 19:52:01.873, 21049
2026/09/26 19:52:02.373, 21049
2026/09/26 19:52:02.873, 21049
2026/09/26 19:52:03.373, 21049
2026/09/26 19:52:03.874, 21049
2026/09/26 19:52:04.374, 21049
2026/09/26 19:52:04.874, 21049
2026/09/26 19:52:05.374, 21049
2026/09/26 19:52:05.874, 21049
2026/09/26 19:52:06.374, 21049
2026/09/26 19:52:06.875, 21049
2026/09/26 19:52:07.375, 21049
2026/09/26 19:52:07.875, 21049
2026/09/26 19:52:08.375, 21049
2026/09/26 19:52:08.875, 21049
2026/09/26 19:52:09.375, 21049
2026/09/26 19:52:09.876, 21049
2026/09/26 19:52:10.376, 21049
2026/09/26 19:52:10.876, 21049
2026/09/26 19:52:11.376, 21049
2026/09/26 19:52:11.876, 21049
2026/09/26 19:52:12.376, 21049
2026/09/26 19:52:12.876, 21049
2026/09/26 19:52:13.377, 21049
2026/09/26 19:52:13.877, 21049
2026/09/26 19:52:14.377, 21049
2026/09/26 19:52:14.877, 21049
2026/09/26 19:52:15.377, 21049
2026/09/26 19:52:15.877, 21049
2026/09/26 19:52:16.378, 21049
2026/09/26 19:52:16.878, 21049
2026/09/26 19:52:17.378, 21049
2026/09/26 19:52:17.878, 21049
2026/09/26 19:52:18.378, 21049
2026/09/26 19:52:18.879, 21049
2026/09/26 19:52:19.379, 21049
2026/09/26 19:52:19.879, 21049
2026/09/26 19:52:20.379, 21049
2026/09/26 19:52:20.879, 21049
2026/09/26 19:52:21.379, 21049
2026/09/26 19:52:21.880, 21049
2026/09/26 19:52:22.380, 21049
2026/09/26 19:52:22.880, 21049
2026/09/26 19:52:23.380, 21049
2026/09/26 19:52:23.880, 21049
2026/09/26 19:52:24.380, 21049
2026/09/26 19:52:24.881, 21049
2026/09/26 19:52:25.381, 21049
2026/09/26 19:52:25.881, 21049
2026/09/26 19:52:26.381, 21049
2026/09/26 19:52:26.881, 21049
2026/09/26 19:52:27.381, 21049
2026/09/26 19:52:27.882, 21049
2026/09/26 19:52:28.382, 21049
2026/09/26 19:52:28.882, 21049
2026/09/26 19:52:29.382, 21049
2026/09/26 19:52:29.882, 21049
2026/09/26 19:52:30.382, 21049
2026/09/26 19:52:30.883, 21049
2026/09/26 19:52:31.383, 21049
2026/09/26 19:52:31.883, 21049
2026/09/26 19:52:32.383, 21049
2026/09/26 19:52:32.883, 21049
2026/09/26 19:52:33.383, 21049
2026/09/26 19:52:33.884, 21049
2026/09/26 19:52:34.384, 21049
2026/09/26 19:52:34.884, 21049
2026/09/26 19:52:35.384, 21049
2026/09/26 19:52:35.884, 21049
2026/09/26 19:52:36.384, 21049
2026/09/26 19:52:36.885, 21049
2026/09/26 19:52:37.385, 21049
2026/09/26 19:52:37.885, 21049
2026/09/26 19:52:38.385, 21049
2026/09/26 19:52:38.885, 21049
2026/09/26 19:52:39.385, 21049
2026/09/26 19:52:39.885, 21049
2026/09/26 19:52:40.386, 21049
2026/09/26 19:52:40.886, 21049
2026/09/26 19:52:41.386, 21049
2026/09/26 19:52:41.886, 21049
2026/09/26 19:52:42.386, 21049
2026/09/26 19:52:42.886, 21049
2026/09/26 19:52:43.387, 21049
2026/09/26 19:52:43.887, 21049
2026/09/26 19:52:44.387, 21049
2026/09/26 19:52:44.887, 21049
2026/09/26 19:52:45.387, 21049
2026/09/26 19:52:45.887, 21049
2026/09/26 19:52:46.387, 21049
2026/09/26 19:52:46.888, 21049
2026/09/26 19:52:47.388, 21049
2026/09/26 19:52:47.888, 21049
2026/09/26 19:52:48.388, 21049
2026/09/26 19:52:48.888, 21049
2026/09/26 19:52:49.388, 21049
2026/09/26 19:52:49.889, 21049
2026/09/26 19:52:50.389, 21049
2026/09/26 19:52:50.889, 21049
2026/09/26 19:52:51.389, 21049
2026/09/26 19:52:51.889, 21049
2026/09/26 19:52:52.389, 21049
2026/09/26 19:52:52.890, 21049
2026/09/26 19:52:53.390, 21049
2026/09/26 19:52:53.890, 21049
2026/09/26 19:52:54.390, 21049
2026/09/26 19:52:54.890, 21049
2026/09/26 19:52:55.390, 21049
2026/09/26 19:52:55.890, 21049
2026/09/26 19:52:56.391, 21049
2026/09/26 19:52:56.891, 21049
2026/09/26 19:52:57.391, 21049
2026/09/26 19:52:57.891, 21049
2026/09/26 19:52:58.392, 21049
2026/09/26 19:52:58.892, 21049
2026/09/26 19:52:59.392, 21049
2026/09/26 19:52:59.892, 21049
2026/09/26 19:53:00.392, 21049
2026/09/26 19:53:00.892, 21049
2026/09/26 19:53:01.392, 21049
2026/09/26 19:53:01.893, 21049
2026/09/26 19:53:02.393, 21049
2026/09/26 19:53:02.893, 21049
2026/09/26 19:53:03.393, 21049
2026/09/26 19:53:03.893, 21049
2026/09/26 19:53:04.393, 21049
2026/09/26 19:53:04.894, 21049
2026/09/26 19:53:05.394, 21049
2026/09/26 19:53:05.894, 21049
2026/09/26 19:53:06.394, 21049
2026/09/26 19:53:06.894, 21049
2026/09/26 19:53:07.394, 21049
2026/09/26 19:53:07.894, 21049
2026/09/26 19:53:08.395, 21049
2026/09/26 19:53:08.895, 21049
2026/09/26 19:53:09.395, 21049
2026/09/26 19:53:09.895, 21049
2026/09/26 19:53:10.395, 21049
2026/09/26 19:53:10.895, 21049
2026/09/26 19:53:11.396, 21049
2026/09/26 19:53:11.896, 21049
2026/09/26 19:53:12.396, 21049
2026/09/26 19:53:12.896, 21049
2026/09/26 19:53:13.396, 21049
2026/09/26 19:53:13.896, 21049
2026/09/26 19:53:14.397, 21049
2026/09/26 19:53:14.897, 21049
2026/09/26 19:53:15.397, 21049
2026/09/26 19:53:15.897, 21049
2026/09/26 19:53:16.397, 21049
2026/09/26 19:53:16.897, 21049
2026/09/26 19:53:17.397, 21049
2026/09/26 19:53:17.898, 21049
2026/09/26 19:53:18.398, 21049
2026/09/26 19:53:18.898, 21049
2026/09/26 19:53:19.398, 21049
2026/09/26 19:53:19.898, 21049
2026/09/26 19:53:20.398, 21049
2026/09/26 19:53:20.899, 21049
2026/09/26 19:53:21.399, 21049
2026/09/26 19:53:21.899, 21049
2026/09/26 19:53:22.399, 21049
2026/09/26 19:53:22.899, 21049
2026/09/26 19:53:23.399, 21049
2026/09/26 19:53:23.900, 21049
2026/09/26 19:53:24.400, 21049
2026/09/26 19:53:24.900, 21049
2026/09/26 19:53:25.400, 21049
2026/09/26 19:53:25.900, 21247
2026/09/26 19:53:26.400, 21247
2026/09/26 19:53:26.901, 21247
2026/09/26 19:53:27.401, 21247
2026/09/26 19:53:27.901, 21247
2026/09/26 19:53:28.401, 21247
2026/09/26 19:53:28.901, 21247
2026/09/26 19:53:29.401, 21247
2026/09/26 19:53:29.902, 21247
2026/09/26 19:53:30.402, 21247
2026/09/26 19:53:30.902, 21247
2026/09/26 19:53:31.402, 21247
2026/09/26 19:53:31.902, 21247
2026/09/26 19:53:32.403, 21247
2026/09/26 19:53:32.903, 21247
2026/09/26 19:53:33.403, 21247
2026/09/26 19:53:33.903, 21247
2026/09/26 19:53:34.403, 21247
2026/09/26 19:53:34.904, 21247
2026/09/26 19:53:35.404, 21247
2026/09/26 19:53:35.904, 21247
2026/09/26 19:53:36.404, 21247
2026/09/26 19:53:36.904, 21247
2026/09/26 19:53:37.404, 21247
2026/09/26 19:53:37.905, 21247
2026/09/26 19:53:38.405, 21247
2026/09/26 19:53:38.905, 21247
2026/09/26 19:53:39.405, 21247
2026/09/26 19:53:39.905, 21247
2026/09/26 19:53:40.405, 21247
2026/09/26 19:53:40.906, 21247
2026/09/26 19:53:41.406, 21247
2026/09/26 19:53:41.906, 21247
2026/09/26 19:53:42.406, 21247
2026/09/26 19:53:42.906, 21247
2026/09/26 19:53:43.406, 21247
2026/09/26 19:53:43.907, 21247
2026/09/26 19:53:44.407, 21247
2026/09/26 19:53:44.907, 21247
2026/09/26 19:53:45.407, 21247
2026/09/26 19:53:45.907, 21247
2026/09/26 19:53:46.407, 21247
2026/09/26 19:53:46.907, 21247
2026/09/26 19:53:47.408, 21247
2026/09/26 19:53:47.908, 21247
2026/09/26 19:53:48.408, 21247
2026/09/26 19:53:48.908, 21247
2026/09/26 19:53:49.408, 21247
2026/09/26 19:53:49.908, 21247
2026/09/26 19:53:50.409, 21247
2026/09/26 19:53:50.909, 21247
2026/09/26 19:53:51.409, 21247
2026/09/26 19:53:51.909, 21247
2026/09/26 19:53:52.409, 21247
2026/09/26 19:53:52.909, 21247
2026/09/26 19:53:53.410, 21247
2026/09/26 19:53:53.910, 21247
2026/09/26 19:53:54.410, 21247
2026/09/26 19:53:54.910, 21247
2026/09/26 19:53:55.410, 21247
2026/09/26 19:53:55.911, 21247
2026/09/26 19:53:56.411, 21247
2026/09/26 19:53:56.911, 21247
2026/09/26 19:53:57.411, 21247
2026/09/26 19:53:57.911, 21247
2026/09/26 19:53:58.412, 21247
2026/09/26 19:53:58.912, 21247
2026/09/26 19:53:59.412, 21247
2026/09/26 19:53:59.912, 21247
2026/09/26 19:54:00.412, 21247
2026/09/26 19:54:00.912, 21247
2026/09/26 19:54:01.413, 21247
2026/09/26 19:54:01.913, 21247
2026/09/26 19:54:02.413, 21247
2026/09/26 19:54:02.913, 21247
2026/09/26 19:54:03.413, 21247
2026/09/26 19:54:03.913, 21247
2026/09/26 19:54:04.413, 21247
2026/09/26 19:54:04.914, 21247
2026/09/26 19:54:05.414, 21247
2026/09/26 19:54:05.914, 21247
2026/09/26 19:54:06.414, 21247
2026/09/26 19:54:06.914, 21247
2026/09/26 19:54:07.414, 21247
2026/09/26 19:54:07.915, 21247
2026/09/26 19:54:08.415, 21247
2026/09/26 19:54:08.915, 21247
2026/09/26 19:54:09.415, 21247
2026/09/26 19:54:09.915, 21247
2026/09/26 19:54:10.415, 21247
2026/09/26 19:54:10.915, 21247
2026/09/26 19:54:11.416, 21247
2026/09/26 19:54:11.916, 21247
2026/09/26 19:54:12.416, 21247
2026/09/26 19:54:12.916, 21247
2026/09/26 19:54:13.416, 21247
2026/09/26 19:54:13.917, 21247
2026/09/26 19:54:14.417, 21247
2026/09/26 19:54:14.918, 21247
2026/09/26 19:54:15.418, 21247
2026/09/26 19:54:15.918, 21247
2026/09/26 19:54:16.418, 21247
2026/09/26 19:54:16.918, 21247
2026/09/26 19:54:17.418, 21247
2026/09/26 19:54:17.919, 21247
2026/09/26 19:54:18.419, 21247
2026/09/26 19:54:18.919, 21247
2026/09/26 19:54:19.419, 21247
2026/09/26 19:54:19.919, 21247
2026/09/26 19:54:20.420, 21247
2026/09/26 19:54:20.920, 21247
2026/09/26 19:54:21.420, 21247
2026/09/26 19:54:21.920, 21247
2026/09/26 19:54:22.420, 21247
2026/09/26 19:54:22.920, 21247
2026/09/26 19:54:23.421, 21247
2026/09/26 19:54:23.921, 21247
2026/09/26 19:54:24.421, 21247
2026/09/26 19:54:24.921, 21247
2026/09/26 19:54:25.421, 21247
2026/09/26 19:54:25.921, 21247
2026/09/26 19:54:26.422, 21247
2026/09/26 19:54:26.922, 21247
2026/09/26 19:54:27.422, 21247
2026/09/26 19:54:27.922, 21247
2026/09/26 19:54:28.422, 21247
2026/09/26 19:54:28.922, 21247
2026/09/26 19:54:29.423, 21247
2026/09/26 19:54:29.923, 21247
2026/09/26 19:54:30.423, 21247
2026/09/26 19:54:30.923, 21247
2026/09/26 19:54:31.423, 21247
2026/09/26 19:54:31.923, 21247
2026/09/26 19:54:32.424, 21247
2026/09/26 19:54:32.924, 21247
2026/09/26 19:54:33.424, 21247
2026/09/26 19:54:33.924, 21247
2026/09/26 19:54:34.424, 21247
2026/09/26 19:54:34.924, 21247
2026/09/26 19:54:35.424, 21247
2026/09/26 19:54:35.925, 21247
2026/09/26 19:54:36.425, 21247
2026/09/26 19:54:36.925, 21247
2026/09/26 19:54:37.425, 21247
2026/09/26 19:54:37.925, 21247
2026/09/26 19:54:38.434, 21247
2026/09/26 19:54:38.934, 21247
2026/09/26 19:54:39.434, 21247
2026/09/26 19:54:39.934, 21247
2026/09/26 19:54:40.434, 21247
2026/09/26 19:54:40.934, 21247
2026/09/26 19:54:41.435, 21247
2026/09/26 19:54:41.935, 21247
2026/09/26 19:54:42.435, 21247
2026/09/26 19:54:42.935, 21247
2026/09/26 19:54:43.435, 21247
2026/09/26 19:54:43.935, 21247
2026/09/26 19:54:44.436, 21247
2026/09/26 19:54:44.936, 21247
2026/09/26 19:54:45.436, 21247
2026/09/26 19:54:45.936, 21247
2026/09/26 19:54:46.436, 21247
2026/09/26 19:54:46.936, 21247
2026/09/26 19:54:47.437, 21247
2026/09/26 19:54:47.937, 21247
2026/09/26 19:54:48.437, 21247
2026/09/26 19:54:48.937, 21247
2026/09/26 19:54:49.437, 21247
2026/09/26 19:54:49.937, 21247
2026/09/26 19:54:50.437, 21247
2026/09/26 19:54:50.938, 21247
2026/09/26 19:54:51.438, 21247
2026/09/26 19:54:51.938, 21247
2026/09/26 19:54:52.438, 21247
2026/09/26 19:54:52.938, 21247
2026/09/26 19:54:53.438, 21247
2026/09/26 19:54:53.939, 21247
2026/09/26 19:54:54.439, 21247
2026/09/26 19:54:54.939, 21247
2026/09/26 19:54:55.439, 21247
2026/09/26 19:54:55.939, 21247
2026/09/26 19:54:56.439, 21247
2026/09/26 19:54:56.940, 21247
2026/09/26 19:54:57.440, 21247
2026/09/26 19:54:57.940, 21247
2026/09/26 19:54:58.440, 21247
2026/09/26 19:54:58.940, 21247
2026/09/26 19:54:59.440, 21247
2026/09/26 19:54:59.941, 21247
2026/09/26 19:55:00.441, 21247
2026/09/26 19:55:00.941, 21247
2026/09/26 19:55:01.441, 21247
2026/09/26 19:55:01.941, 21247
2026/09/26 19:55:02.441, 21247
2026/09/26 19:55:02.942, 21247
2026/09/26 19:55:03.442, 21247
2026/09/26 19:55:03.942, 21247
2026/09/26 19:55:04.442, 21247
2026/09/26 19:55:04.942, 21247
2026/09/26 19:55:05.442, 21247
2026/09/26 19:55:05.943, 21247
2026/09/26 19:55:06.443, 21247
2026/09/26 19:55:06.943, 21247
2026/09/26 19:55:07.443, 21247
2026/09/26 19:55:07.943, 21247
2026/09/26 19:55:08.443, 21247
2026/09/26 19:55:08.943, 21247
2026/09/26 19:55:09.444, 21247
2026/09/26 19:55:09.944, 21247
2026/09/26 19:55:10.444, 21247
2026/09/26 19:55:10.944, 21247
2026/09/26 19:55:11.444, 21247
2026/09/26 19:55:11.945, 21247
2026/09/26 19:55:12.445, 21247
2026/09/26 19:55:12.945, 21247
2026/09/26 19:55:13.445, 21247
2026/09/26 19:55:13.945, 21247
2026/09/26 19:55:14.445, 21247
2026/09/26 19:55:14.946, 21247
2026/09/26 19:55:15.446, 21247
2026/09/26 19:55:15.946, 21247
2026/09/26 19:55:16.446, 21247
2026/09/26 19:55:16.946, 21247
2026/09/26 19:55:17.446, 21247
2026/09/26 19:55:17.947, 21247
2026/09/26 19:55:18.447, 21247
2026/09/26 19:55:18.947, 21247
2026/09/26 19:55:19.447, 21247
2026/09/26 19:55:19.947, 21247
2026/09/26 19:55:20.447, 21247
2026/09/26 19:55:20.947, 21247
2026/09/26 19:55:21.448, 21247
2026/09/26 19:55:21.948, 21247
2026/09/26 19:55:22.448, 21247
2026/09/26 19:55:22.948, 21247
2026/09/26 19:55:23.448, 21247
2026/09/26 19:55:23.948, 21247
2026/09/26 19:55:24.449, 21247
2026/09/26 19:55:24.949, 21247
2026/09/26 19:55:25.449, 21247
2026/09/26 19:55:25.949, 21247
2026/09/26 19:55:26.449, 21247
2026/09/26 19:55:26.949, 21247
2026/09/26 19:55:27.450, 21247
2026/09/26 19:55:27.950, 21247
2026/09/26 19:55:28.450, 21247
2026/09/26 19:55:28.950, 21247
2026/09/26 19:55:29.450, 21247
2026/09/26 19:55:29.950, 21247
2026/09/26 19:55:30.450, 21247
2026/09/26 19:55:30.951, 21247
2026/09/26 19:55:31.451, 21247
2026/09/26 19:55:31.951, 21247
2026/09/26 19:55:32.451, 21247
2026/09/26 19:55:32.951, 21247
2026/09/26 19:55:33.451, 21247
2026/09/26 19:55:33.952, 21247
2026/09/26 19:55:34.452, 21247
2026/09/26 19:55:34.952, 21247
2026/09/26 19:55:35.452, 21247
2026/09/26 19:55:35.952, 21247
2026/09/26 19:55:36.452, 21247
2026/09/26 19:55:36.953, 21247
2026/09/26 19:55:37.453, 21247
2026/09/26 19:55:37.953, 21247
2026/09/26 19:55:38.453, 21247
2026/09/26 19:55:38.953, 21247
2026/09/26 19:55:39.453, 21247
2026/09/26 19:55:39.954, 21247
2026/09/26 19:55:40.454, 21247
2026/09/26 19:55:40.954, 21247
2026/09/26 19:55:41.454, 21247
2026/09/26 19:55:41.954, 21247
2026/09/26 19:55:42.454, 21247
2026/09/26 19:55:42.955, 21247
2026/09/26 19:55:43.455, 21247
2026/09/26 19:55:43.955, 21247
2026/09/26 19:55:44.455, 21247
2026/09/26 19:55:44.955, 21247
2026/09/26 19:55:45.455, 21247
2026/09/26 19:55:45.956, 21247
2026/09/26 19:55:46.456, 21247
2026/09/26 19:55:46.956, 21247
2026/09/26 19:55:47.456, 21247
2026/09/26 19:55:47.956, 21247
2026/09/26 19:55:48.456, 21247
2026/09/26 19:55:48.956, 21247
2026/09/26 19:55:49.457, 21247
2026/09/26 19:55:49.957, 21247
2026/09/26 19:55:50.457, 21247
2026/09/26 19:55:50.957, 21247
2026/09/26 19:55:51.457, 21247
2026/09/26 19:55:51.957, 21247
2026/09/26 19:55:52.458, 21247
2026/09/26 19:55:52.958, 21247
2026/09/26 19:55:53.458, 21247
2026/09/26 19:55:53.958, 21247
2026/09/26 19:55:54.458, 21247
2026/09/26 19:55:54.958, 21247
2026/09/26 19:55:55.458, 21247
2026/09/26 19:55:55.959, 21247
2026/09/26 19:55:56.459, 21247
2026/09/26 19:55:56.959, 21247
2026/09/26 19:55:57.459, 21247
2026/09/26 19:55:57.959, 21247
2026/09/26 19:55:58.459, 21247
2026/09/26 19:55:58.959, 21247
2026/09/26 19:55:59.460, 21247
2026/09/26 19:55:59.960, 21247
2026/09/26 19:56:00.460, 21247
2026/09/26 19:56:00.960, 21247
2026/09/26 19:56:01.460, 21247
2026/09/26 19:56:01.960, 21247
2026/09/26 19:56:02.461, 21247
2026/09/26 19:56:02.961, 21247
2026/09/26 19:56:03.461, 21247
2026/09/26 19:56:03.961, 21247
2026/09/26 19:56:04.461, 21247
2026/09/26 19:56:04.961, 21247
2026/09/26 19:56:05.461, 21247
2026/09/26 19:56:05.962, 21247
2026/09/26 19:56:06.462, 21247
2026/09/26 19:56:06.962, 21247
2026/09/26 19:56:07.462, 21247
2026/09/26 19:56:07.962, 21247
2026/09/26 19:56:08.462, 21247
2026/09/26 19:56:08.963, 21247
2026/09/26 19:56:09.463, 21247
2026/09/26 19:56:09.963, 21247
2026/09/26 19:56:10.463, 21247
2026/09/26 19:56:10.963, 21247
2026/09/26 19:56:11.463, 21247
2026/09/26 19:56:11.964, 21247
2026/09/26 19:56:12.464, 21247
2026/09/26 19:56:12.964, 21247
2026/09/26 19:56:13.464, 21247
2026/09/26 19:56:13.971, 21247
2026/09/26 19:56:14.471, 21247
2026/09/26 19:56:14.971, 21247
2026/09/26 19:56:15.471, 21247
2026/09/26 19:56:15.971, 21247
2026/09/26 19:56:16.472, 21247
2026/09/26 19:56:16.972, 21247
2026/09/26 19:56:17.472, 21247
2026/09/26 19:56:17.972, 21247
2026/09/26 19:56:18.472, 21247
2026/09/26 19:56:18.972, 21247
2026/09/26 19:56:19.473, 21247
2026/09/26 19:56:19.973, 21247
2026/09/26 19:56:20.473, 21247
2026/09/26 19:56:20.973, 21247
2026/09/26 19:56:21.473, 21247
2026/09/26 19:56:21.973, 21247
2026/09/26 19:56:22.473, 21247
2026/09/26 19:56:22.974, 21247
2026/09/26 19:56:23.474, 21247
2026/09/26 19:56:23.974, 21247
2026/09/26 19:56:24.474, 21247
2026/09/26 19:56:24.974, 21247
2026/09/26 19:56:25.474, 21247
2026/09/26 19:56:25.975, 21247
2026/09/26 19:56:26.475, 21247
2026/09/26 19:56:26.975, 21247
2026/09/26 19:56:27.475, 21247
2026/09/26 19:56:27.975, 21247
2026/09/26 19:56:28.476, 21247
2026/09/26 19:56:28.976, 21247
2026/09/26 19:56:29.476, 21247
2026/09/26 19:56:29.976, 21247
2026/09/26 19:56:30.476, 21247
2026/09/26 19:56:30.977, 21247
2026/09/26 19:56:31.477, 21247
2026/09/26 19:56:31.977, 21247
2026/09/26 19:56:32.477, 21247
2026/09/26 19:56:32.977, 21247
2026/09/26 19:56:33.477, 21247
2026/09/26 19:56:33.977, 21247
2026/09/26 19:56:34.478, 21247
2026/09/26 19:56:34.978, 21247
2026/09/26 19:56:35.478, 21247
2026/09/26 19:56:35.978, 21247
2026/09/26 19:56:36.478, 21247
2026/09/26 19:56:36.978, 21247
2026/09/26 19:56:37.479, 21247
2026/09/26 19:56:37.979, 21247
2026/09/26 19:56:38.479, 21247
2026/09/26 19:56:38.979, 21247
2026/09/26 19:56:39.479, 21247
2026/09/26 19:56:39.979, 21247
2026/09/26 19:56:40.480, 21247
2026/09/26 19:56:40.980, 21247
2026/09/26 19:56:41.480, 21247
2026/09/26 19:56:41.980, 21247
2026/09/26 19:56:42.480, 21247
2026/09/26 19:56:42.980, 21247
2026/09/26 19:56:43.480, 21247
2026/09/26 19:56:43.981, 21247
2026/09/26 19:56:44.481, 21247
2026/09/26 19:56:44.981, 21247
2026/09/26 19:56:45.481, 21247
2026/09/26 19:56:45.981, 21247
2026/09/26 19:56:46.481, 21247
2026/09/26 19:56:46.982, 21247
2026/09/26 19:56:47.482, 21247
2026/09/26 19:56:47.982, 21247
2026/09/26 19:56:48.482, 21247
2026/09/26 19:56:48.982, 21247
2026/09/26 19:56:49.482, 21247
2026/09/26 19:56:49.983, 21247
2026/09/26 19:56:50.483, 21247
2026/09/26 19:56:50.983, 21247
2026/09/26 19:56:51.483, 21247
2026/09/26 19:56:51.983, 21247
2026/09/26 19:56:52.483, 21247
2026/09/26 19:56:52.983, 21247
2026/09/26 19:56:53.484, 21247
2026/09/26 19:56:53.984, 21247
2026/09/26 19:56:54.484, 21247
2026/09/26 19:56:54.984, 21247
2026/09/26 19:56:55.484, 21247
2026/09/26 19:56:55.984, 21247
2026/09/26 19:56:56.485, 21247
2026/09/26 19:56:56.985, 21247
2026/09/26 19:56:57.485, 21247
2026/09/26 19:56:57.985, 21247
2026/09/26 19:56:58.485, 21247
2026/09/26 19:56:58.985, 21247
2026/09/26 19:56:59.486, 21247
2026/09/26 19:56:59.986, 21247
2026/09/26 19:57:00.486, 21247
2026/09/26 19:57:00.986, 21247
2026/09/26 19:57:01.486, 21247
2026/09/26 19:57:01.986, 21247
2026/09/26 19:57:02.487, 21247
2026/09/26 19:57:02.987, 21247
2026/09/26 19:57:03.487, 21247
2026/09/26 19:57:03.987, 21247
2026/09/26 19:57:04.487, 21247
2026/09/26 19:57:04.988, 21247
2026/09/26 19:57:05.488, 21247
2026/09/26 19:57:05.988, 21247
2026/09/26 19:57:06.488, 21247
2026/09/26 19:57:06.988, 21247
2026/09/26 19:57:07.489, 21247
2026/09/26 19:57:07.989, 21247
2026/09/26 19:57:08.489, 21247
2026/09/26 19:57:08.989, 21247
2026/09/26 19:57:09.489, 21247
2026/09/26 19:57:09.989, 21247
2026/09/26 19:57:10.490, 21247
2026/09/26 19:57:10.990, 21247
2026/09/26 19:57:11.490, 21247
2026/09/26 19:57:11.990, 21247
2026/09/26 19:57:12.490, 21247
2026/09/26 19:57:12.990, 21247
2026/09/26 19:57:13.491, 21247
2026/09/26 19:57:13.991, 21247
2026/09/26 19:57:14.491, 21247
2026/09/26 19:57:14.991, 21247
2026/09/26 19:57:15.491, 21247
2026/09/26 19:57:15.991, 21247
2026/09/26 19:57:16.492, 21247
2026/09/26 19:57:16.992, 21247
2026/09/26 19:57:17.492, 21247
2026/09/26 19:57:17.992, 21247
2026/09/26 19:57:18.492, 21247
2026/09/26 19:57:18.993, 21247
2026/09/26 19:57:19.493, 21247
2026/09/26 19:57:19.993, 21247
2026/09/26 19:57:20.493, 21247
2026/09/26 19:57:20.993, 21247
2026/09/26 19:57:21.493, 21247
2026/09/26 19:57:21.993, 21247
2026/09/26 19:57:22.494, 21247
2026/09/26 19:57:22.994, 21247
2026/09/26 19:57:23.494, 21247
2026/09/26 19:57:23.994, 21247
2026/09/26 19:57:24.494, 21247
2026/09/26 19:57:24.994, 21247
2026/09/26 19:57:25.495, 21247
2026/09/26 19:57:25.995, 21247
2026/09/26 19:57:26.495, 21247
2026/09/26 19:57:26.995, 21247
2026/09/26 19:57:27.495, 21247
2026/09/26 19:57:27.995, 21247
2026/09/26 19:57:28.496, 21247
2026/09/26 19:57:28.996, 21247
2026/09/26 19:57:29.496, 21247
2026/09/26 19:57:29.996, 21247
2026/09/26 19:57:30.496, 21247
2026/09/26 19:57:30.996, 21247
2026/09/26 19:57:31.497, 21247
2026/09/26 19:57:31.997, 21247
2026/09/26 19:57:32.497, 21247
2026/09/26 19:57:32.997, 21247
2026/09/26 19:57:33.497, 21247
2026/09/26 19:57:33.997, 21247
2026/09/26 19:57:34.498, 21247
2026/09/26 19:57:34.998, 21247
2026/09/26 19:57:35.498, 21247
2026/09/26 19:57:35.998, 21247
2026/09/26 19:57:36.498, 21247
2026/09/26 19:57:36.998, 21247
2026/09/26 19:57:37.499, 21247
2026/09/26 19:57:37.999, 21247
2026/09/26 19:57:38.499, 21247
2026/09/26 19:57:38.999, 21247
2026/09/26 19:57:39.500, 21247
2026/09/26 19:57:40.000, 21247
2026/09/26 19:57:40.500, 21247
2026/09/26 19:57:41.000, 21247
2026/09/26 19:57:41.500, 21247
2026/09/26 19:57:42.000, 21247
2026/09/26 19:57:42.501, 21247
2026/09/26 19:57:43.001, 21247
2026/09/26 19:57:43.501, 21247
2026/09/26 19:57:44.001, 21247
2026/09/26 19:57:44.501, 21247
2026/09/26 19:57:45.002, 21247
2026/09/26 19:57:45.502, 21247
2026/09/26 19:57:46.002, 21247
2026/09/26 19:57:46.502, 21247
2026/09/26 19:57:47.002, 21247
2026/09/26 19:57:47.502, 21247
2026/09/26 19:57:48.003, 21247
2026/09/26 19:57:48.503, 21247
2026/09/26 19:57:49.003, 21247
2026/09/26 19:57:49.503, 21247
2026/09/26 19:57:50.003, 21247
2026/09/26 19:57:50.503, 21247
2026/09/26 19:57:51.004, 21247
2026/09/26 19:57:51.504, 21247
2026/09/26 19:57:52.004, 21247
2026/09/26 19:57:52.504, 21247
2026/09/26 19:57:53.004, 21247
2026/09/26 19:57:53.505, 21247
2026/09/26 19:57:54.005, 21247
2026/09/26 19:57:54.505, 21247
2026/09/26 19:57:55.005, 21247
2026/09/26 19:57:55.505, 21247
2026/09/26 19:57:56.005, 21247
2026/09/26 19:57:56.506, 21247
2026/09/26 19:57:57.006, 21247
2026/09/26 19:57:57.506, 21247
2026/09/26 19:57:58.006, 21247
2026/09/26 19:57:58.506, 21247
2026/09/26 19:57:59.006, 21247
2026/09/26 19:57:59.507, 21247
2026/09/26 19:58:00.007, 21247
2026/09/26 19:58:00.507, 21247
2026/09/26 19:58:01.007, 21247
2026/09/26 19:58:01.507, 21247
2026/09/26 19:58:02.007, 21247
2026/09/26 19:58:02.508, 21247
2026/09/26 19:58:03.008, 21247
2026/09/26 19:58:03.508, 21247
2026/09/26 19:58:04.008, 21247
2026/09/26 19:58:04.508, 21247
2026/09/26 19:58:05.008, 21247
2026/09/26 19:58:05.509, 21247
2026/09/26 19:58:06.009, 21247
2026/09/26 19:58:06.509, 21247
2026/09/26 19:58:07.009, 21247
2026/09/26 19:58:07.509, 21247
2026/09/26 19:58:08.010, 21247
2026/09/26 19:58:08.510, 21247
2026/09/26 19:58:09.010, 21247
2026/09/26 19:58:09.510, 21247
2026/09/26 19:58:10.010, 21247
2026/09/26 19:58:10.510, 21247
2026/09/26 19:58:11.011, 21247
2026/09/26 19:58:11.511, 21247
2026/09/26 19:58:12.011, 21247
2026/09/26 19:58:12.511, 21247
2026/09/26 19:58:13.012, 21247
2026/09/26 19:58:13.512, 21247
2026/09/26 19:58:14.012, 21247
2026/09/26 19:58:14.512, 21247
2026/09/26 19:58:15.012, 21247
2026/09/26 19:58:15.512, 21247
2026/09/26 19:58:16.012, 21247
2026/09/26 19:58:16.513, 21247
2026/09/26 19:58:17.013, 21247
2026/09/26 19:58:17.513, 21247
2026/09/26 19:58:18.013, 21247
2026/09/26 19:58:18.513, 21247
2026/09/26 19:58:19.018, 21247
2026/09/26 19:58:19.526, 21247
2026/09/26 19:58:20.027, 21247
2026/09/26 19:58:20.527, 21247
2026/09/26 19:58:21.027, 21247
2026/09/26 19:58:21.527, 21247
2026/09/26 19:58:22.027, 21637
2026/09/26 19:58:22.527, 21637
2026/09/26 19:58:23.028, 21247
2026/09/26 19:58:23.528, 21247
2026/09/26 19:58:24.028, 21247
2026/09/26 19:58:24.528, 21247
2026/09/26 19:58:25.029, 21247
2026/09/26 19:58:25.529, 21247
2026/09/26 19:58:26.029, 21247
2026/09/26 19:58:26.529, 21247
2026/09/26 19:58:27.029, 21247
2026/09/26 19:58:27.529, 21247
2026/09/26 19:58:28.030, 21247
2026/09/26 19:58:28.530, 21247
2026/09/26 19:58:29.030, 21247
2026/09/26 19:58:29.530, 21247
2026/09/26 19:58:30.030, 21247
2026/09/26 19:58:30.531, 21247
2026/09/26 19:58:31.031, 21247
2026/09/26 19:58:31.531, 21247
2026/09/26 19:58:32.031, 21247
2026/09/26 19:58:32.531, 21247
2026/09/26 19:58:33.031, 21247
2026/09/26 19:58:33.532, 21247
2026/09/26 19:58:34.032, 21247
2026/09/26 19:58:34.532, 21247
2026/09/26 19:58:35.032, 21247
2026/09/26 19:58:35.532, 21247
2026/09/26 19:58:36.032, 21247
2026/09/26 19:58:36.533, 21247
2026/09/26 19:58:37.033, 21247
2026/09/26 19:58:37.533, 21247
2026/09/26 19:58:38.033, 21247
2026/09/26 19:58:38.533, 21247
2026/09/26 19:58:39.033, 21247
2026/09/26 19:58:39.533, 21247
2026/09/26 19:58:40.034, 21247
2026/09/26 19:58:40.534, 21247
2026/09/26 19:58:41.034, 21247
2026/09/26 19:58:41.534, 21247
2026/09/26 19:58:42.034, 21247
2026/09/26 19:58:42.534, 21247
2026/09/26 19:58:43.035, 21247
2026/09/26 19:58:43.535, 21247
2026/09/26 19:58:44.035, 21247
2026/09/26 19:58:44.535, 21247
2026/09/26 19:58:45.035, 21247
2026/09/26 19:58:45.535, 21247
2026/09/26 19:58:46.035, 21247
2026/09/26 19:58:46.536, 21247
2026/09/26 19:58:47.036, 21247
2026/09/26 19:58:47.536, 21247
2026/09/26 19:58:48.036, 21247
2026/09/26 19:58:48.536, 21247
2026/09/26 19:58:49.036, 21247
2026/09/26 19:58:49.536, 21247
2026/09/26 19:58:50.037, 21247
2026/09/26 19:58:50.537, 21247
2026/09/26 19:58:51.037, 21247
2026/09/26 19:58:51.537, 21247
2026/09/26 19:58:52.037, 21247
2026/09/26 19:58:52.537, 21247
2026/09/26 19:58:53.037, 21247
2026/09/26 19:58:53.538, 21247
2026/09/26 19:58:54.038, 21247
2026/09/26 19:58:54.538, 21247
2026/09/26 19:58:55.038, 21247
2026/09/26 19:58:55.538, 21247
2026/09/26 19:58:56.038, 21247
2026/09/26 19:58:56.538, 21247
2026/09/26 19:58:57.039, 21247
2026/09/26 19:58:57.539, 21247
2026/09/26 19:58:58.039, 21247
2026/09/26 19:58:58.539, 21247
2026/09/26 19:58:59.039, 21247
2026/09/26 19:58:59.539, 21247
2026/09/26 19:59:00.040, 21247
2026/09/26 19:59:00.540, 21247
2026/09/26 19:59:01.040, 21247
2026/09/26 19:59:01.540, 21247
2026/09/26 19:59:02.040, 21247
2026/09/26 19:59:02.540, 21247
2026/09/26 19:59:03.040, 21247
2026/09/26 19:59:03.541, 21247
2026/09/26 19:59:04.041, 21247
2026/09/26 19:59:04.541, 21247
2026/09/26 19:59:05.041, 21247
2026/09/26 19:59:05.541, 21247
2026/09/26 19:59:06.041, 21247
2026/09/26 19:59:06.542, 21247
2026/09/26 19:59:07.042, 21247
2026/09/26 19:59:07.542, 21247
2026/09/26 19:59:08.042, 21247
2026/09/26 19:59:08.542, 21247
2026/09/26 19:59:09.042, 21247
2026/09/26 19:59:09.542, 21247
2026/09/26 19:59:10.043, 21247
2026/09/26 19:59:10.543, 21247
2026/09/26 19:59:11.043, 21247
2026/09/26 19:59:11.543, 21247
2026/09/26 19:59:12.043, 21247
2026/09/26 19:59:12.543, 21247
2026/09/26 19:59:13.044, 21247
2026/09/26 19:59:13.544, 21247
2026/09/26 19:59:14.044, 21247
2026/09/26 19:59:14.544, 21247
2026/09/26 19:59:15.044, 21247
2026/09/26 19:59:15.544, 21247
2026/09/26 19:59:16.045, 21247
2026/09/26 19:59:16.545, 21247
2026/09/26 19:59:17.045, 21247
2026/09/26 19:59:17.545, 21247
2026/09/26 19:59:18.045, 21247
2026/09/26 19:59:18.545, 21247
2026/09/26 19:59:19.046, 21247
2026/09/26 19:59:19.546, 21247
2026/09/26 19:59:20.046, 21247
2026/09/26 19:59:20.546, 21247
2026/09/26 19:59:21.046, 21247
2026/09/26 19:59:21.546, 21247
2026/09/26 19:59:22.047, 21247
2026/09/26 19:59:22.547, 21247
2026/09/26 19:59:23.047, 21247
2026/09/26 19:59:23.547, 21247
2026/09/26 19:59:24.047, 21247
2026/09/26 19:59:24.547, 21247
2026/09/26 19:59:25.048, 21247
2026/09/26 19:59:25.548, 21247
2026/09/26 19:59:26.048, 21247
2026/09/26 19:59:26.548, 21247
2026/09/26 19:59:27.048, 21247
2026/09/26 19:59:27.548, 21247
2026/09/26 19:59:28.049, 21247
2026/09/26 19:59:28.549, 21247
2026/09/26 19:59:29.049, 21247
2026/09/26 19:59:29.549, 21247
2026/09/26 19:59:30.049, 21247
2026/09/26 19:59:30.550, 21247
2026/09/26 19:59:31.050, 21247
2026/09/26 19:59:31.550, 21247
2026/09/26 19:59:32.050, 21247
2026/09/26 19:59:32.550, 21247
2026/09/26 19:59:33.050, 21247
2026/09/26 19:59:33.550, 21247
2026/09/26 19:59:34.051, 21247
2026/09/26 19:59:34.551, 21247
2026/09/26 19:59:35.051, 21247
2026/09/26 19:59:35.551, 21247
2026/09/26 19:59:36.051, 21247
2026/09/26 19:59:36.552, 21247
2026/09/26 19:59:37.052, 21247
2026/09/26 19:59:37.552, 21247
2026/09/26 19:59:38.052, 21247
2026/09/26 19:59:38.552, 21247
2026/09/26 19:59:39.052, 21247
2026/09/26 19:59:39.552, 21247
2026/09/26 19:59:40.053, 21247
2026/09/26 19:59:40.553, 21247
2026/09/26 19:59:41.053, 21247
2026/09/26 19:59:41.553, 21247
2026/09/26 19:59:42.053, 21247
2026/09/26 19:59:42.553, 21247
2026/09/26 19:59:43.053, 21247
2026/09/26 19:59:43.554, 21247
2026/09/26 19:59:44.054, 21247
2026/09/26 19:59:44.554, 21247
2026/09/26 19:59:45.054, 21247
2026/09/26 19:59:45.554, 21247
2026/09/26 19:59:46.054, 21247
2026/09/26 19:59:46.554, 21247
2026/09/26 19:59:47.055, 21247
2026/09/26 19:59:47.555, 21247
2026/09/26 19:59:48.055, 21247
2026/09/26 19:59:48.555, 21247
2026/09/26 19:59:49.055, 21247
2026/09/26 19:59:49.555, 21247
2026/09/26 19:59:50.055, 21247
2026/09/26 19:59:50.556, 21247
2026/09/26 19:59:51.056, 21247
2026/09/26 19:59:51.556, 21247
2026/09/26 19:59:52.056, 21247
2026/09/26 19:59:52.556, 21247
2026/09/26 19:59:53.056, 21247
2026/09/26 19:59:53.557, 21247
2026/09/26 19:59:54.057, 21247
2026/09/26 19:59:54.557, 21247
2026/09/26 19:59:55.057, 21247
2026/09/26 19:59:55.557, 21247
2026/09/26 19:59:56.057, 21247
2026/09/26 19:59:56.558, 21247
2026/09/26 19:59:57.058, 21247
2026/09/26 19:59:57.558, 21247
2026/09/26 19:59:58.058, 21247
2026/09/26 19:59:58.558, 21247
2026/09/26 19:59:59.059, 21247
2026/09/26 19:59:59.559, 21247
2026/09/26 20:00:00.059, 21247
2026/09/26 20:00:00.559, 21247
2026/09/26 20:00:01.059, 21247
2026/09/26 20:00:01.559, 21247
2026/09/26 20:00:02.060, 21247
2026/09/26 20:00:02.560, 21247
2026/09/26 20:00:03.060, 21247
2026/09/26 20:00:03.560, 21247
2026/09/26 20:00:04.060, 21247
2026/09/26 20:00:04.560, 21247
2026/09/26 20:00:05.061, 21247
2026/09/26 20:00:05.561, 21247
2026/09/26 20:00:06.061, 21247
2026/09/26 20:00:06.561, 21247
2026/09/26 20:00:07.061, 21247
2026/09/26 20:00:07.561, 21247
2026/09/26 20:00:08.061, 21247
2026/09/26 20:00:08.562, 21247
2026/09/26 20:00:09.062, 21247
2026/09/26 20:00:09.562, 21247
2026/09/26 20:00:10.062, 21247
2026/09/26 20:00:10.562, 21247
2026/09/26 20:00:11.062, 21247
2026/09/26 20:00:11.563, 21247
2026/09/26 20:00:12.063, 21247
2026/09/26 20:00:12.563, 21247
2026/09/26 20:00:13.063, 21247
2026/09/26 20:00:13.563, 21247
2026/09/26 20:00:14.063, 21247
2026/09/26 20:00:14.564, 21247
2026/09/26 20:00:15.064, 21247
2026/09/26 20:00:15.564, 21247
2026/09/26 20:00:16.064, 21247
2026/09/26 20:00:16.564, 21247
2026/09/26 20:00:17.064, 21247
2026/09/26 20:00:17.564, 21247
2026/09/26 20:00:18.065, 21247
2026/09/26 20:00:18.565, 21247
2026/09/26 20:00:19.065, 21247
2026/09/26 20:00:19.565, 21247
2026/09/26 20:00:20.072, 21247
2026/09/26 20:00:20.572, 21247
2026/09/26 20:00:21.072, 21247
2026/09/26 20:00:21.572, 21247
2026/09/26 20:00:22.073, 21247
2026/09/26 20:00:22.573, 21247
2026/09/26 20:00:23.073, 21247
2026/09/26 20:00:23.573, 21247
2026/09/26 20:00:24.073, 21247
2026/09/26 20:00:24.574, 21247
2026/09/26 20:00:25.074, 21247
2026/09/26 20:00:25.574, 21247
2026/09/26 20:00:26.074, 21247
2026/09/26 20:00:26.574, 21247
2026/09/26 20:00:27.074, 21247
2026/09/26 20:00:27.574, 21247
2026/09/26 20:00:28.075, 21247
2026/09/26 20:00:28.575, 21247
2026/09/26 20:00:29.075, 21247
2026/09/26 20:00:29.575, 21247
2026/09/26 20:00:30.075, 21247
2026/09/26 20:00:30.575, 21247
2026/09/26 20:00:31.076, 21247
2026/09/26 20:00:31.576, 21247
2026/09/26 20:00:32.076, 21247
2026/09/26 20:00:32.576, 21247
2026/09/26 20:00:33.076, 21247
2026/09/26 20:00:33.576, 21247
2026/09/26 20:00:34.077, 21247
2026/09/26 20:00:34.577, 21247
2026/09/26 20:00:35.077, 21247
2026/09/26 20:00:35.577, 21247
2026/09/26 20:00:36.077, 21247
2026/09/26 20:00:36.577, 21247
2026/09/26 20:00:37.077, 21247
2026/09/26 20:00:37.578, 21247
2026/09/26 20:00:38.078, 21247
2026/09/26 20:00:38.578, 21247
2026/09/26 20:00:39.078, 21247
2026/09/26 20:00:39.578, 21247
2026/09/26 20:00:40.078, 21247
2026/09/26 20:00:40.579, 21247
2026/09/26 20:00:41.079, 21247
2026/09/26 20:00:41.579, 21247
2026/09/26 20:00:42.079, 21247
2026/09/26 20:00:42.579, 21247
2026/09/26 20:00:43.079, 21247
2026/09/26 20:00:43.580, 21247
2026/09/26 20:00:44.080, 21247
2026/09/26 20:00:44.580, 21247
2026/09/26 20:00:45.080, 21247
2026/09/26 20:00:45.580, 21247
2026/09/26 20:00:46.080, 21247
2026/09/26 20:00:46.580, 21247
2026/09/26 20:00:47.081, 21247
2026/09/26 20:00:47.581, 21247
2026/09/26 20:00:48.081, 21247
2026/09/26 20:00:48.581, 21247
2026/09/26 20:00:49.081, 21247
2026/09/26 20:00:49.581, 21247
2026/09/26 20:00:50.082, 21247
2026/09/26 20:00:50.582, 21247
2026/09/26 20:00:51.082, 21247
2026/09/26 20:00:51.582, 21247
2026/09/26 20:00:52.082, 21247
2026/09/26 20:00:52.582, 21247
2026/09/26 20:00:53.083, 21247
2026/09/26 20:00:53.583, 21247
2026/09/26 20:00:54.083, 21247
2026/09/26 20:00:54.583, 21247
2026/09/26 20:00:55.083, 21247
2026/09/26 20:00:55.583, 21247
2026/09/26 20:00:56.084, 21247
2026/09/26 20:00:56.584, 21247
2026/09/26 20:00:57.084, 21247
2026/09/26 20:00:57.584, 21247
2026/09/26 20:00:58.084, 21247
2026/09/26 20:00:58.584, 21247
2026/09/26 20:00:59.084, 21247
2026/09/26 20:00:59.585, 21247
2026/09/26 20:01:00.085, 21247
2026/09/26 20:01:00.585, 21247
2026/09/26 20:01:01.085, 21247
2026/09/26 20:01:01.585, 21247
2026/09/26 20:01:02.085, 21247
2026/09/26 20:01:02.586, 21247
2026/09/26 20:01:03.086, 21247
2026/09/26 20:01:03.586, 21247
2026/09/26 20:01:04.086, 21247
2026/09/26 20:01:04.586, 21247
2026/09/26 20:01:05.086, 21247
2026/09/26 20:01:05.586, 21247
2026/09/26 20:01:06.087, 21247
2026/09/26 20:01:06.587, 21247
2026/09/26 20:01:07.087, 21247
2026/09/26 20:01:07.587, 21247
2026/09/26 20:01:08.087, 21247
2026/09/26 20:01:08.587, 21247
2026/09/26 20:01:09.088, 21247
2026/09/26 20:01:09.588, 21247
2026/09/26 20:01:10.088, 21247
2026/09/26 20:01:10.588, 21247
2026/09/26 20:01:11.088, 21247
2026/09/26 20:01:11.588, 21247
2026/09/26 20:01:12.089, 21247
2026/09/26 20:01:12.589, 21247
2026/09/26 20:01:13.089, 21247
2026/09/26 20:01:13.589, 21247
2026/09/26 20:01:14.089, 21247
2026/09/26 20:01:14.589, 21247
2026/09/26 20:01:15.090, 21247
2026/09/26 20:01:15.590, 21247
2026/09/26 20:01:16.090, 21247
2026/09/26 20:01:16.590, 21247
2026/09/26 20:01:17.090, 21247
2026/09/26 20:01:17.590, 21247
2026/09/26 20:01:18.091, 21247
2026/09/26 20:01:18.591, 21247
2026/09/26 20:01:19.091, 21247
2026/09/26 20:01:19.591, 21247
2026/09/26 20:01:20.091, 21247
2026/09/26 20:01:20.591, 21247
2026/09/26 20:01:21.092, 21247
2026/09/26 20:01:21.592, 21247
2026/09/26 20:01:22.092, 21247
2026/09/26 20:01:22.592, 21247
2026/09/26 20:01:23.092, 21247
2026/09/26 20:01:23.592, 21247
2026/09/26 20:01:24.093, 21247
2026/09/26 20:01:24.593, 21247
2026/09/26 20:01:25.093, 21247
2026/09/26 20:01:25.593, 21247
2026/09/26 20:01:26.093, 21247
2026/09/26 20:01:26.593, 21247
2026/09/26 20:01:27.094, 21247
2026/09/26 20:01:27.594, 21247
2026/09/26 20:01:28.094, 21247
2026/09/26 20:01:28.594, 21247
2026/09/26 20:01:29.094, 21247
2026/09/26 20:01:29.594, 21247
2026/09/26 20:01:30.095, 21247
2026/09/26 20:01:30.595, 21247
2026/09/26 20:01:31.095, 21247
2026/09/26 20:01:31.595, 21247
2026/09/26 20:01:32.095, 21247
2026/09/26 20:01:32.595, 21247
2026/09/26 20:01:33.096, 21247
2026/09/26 20:01:33.596, 21247
2026/09/26 20:01:34.096, 21247
2026/09/26 20:01:34.596, 21247
2026/09/26 20:01:35.096, 21247
2026/09/26 20:01:35.596, 21247
2026/09/26 20:01:36.096, 21247
2026/09/26 20:01:36.597, 21247
2026/09/26 20:01:37.097, 21247
2026/09/26 20:01:37.597, 21247
2026/09/26 20:01:38.097, 21247
2026/09/26 20:01:38.597, 21247
2026/09/26 20:01:39.097, 21247
2026/09/26 20:01:39.598, 21247
2026/09/26 20:01:40.098, 21247
2026/09/26 20:01:40.598, 21247
2026/09/26 20:01:41.098, 21247
2026/09/26 20:01:41.598, 21247
2026/09/26 20:01:42.098, 21247
2026/09/26 20:01:42.599, 21247
2026/09/26 20:01:43.099, 21247
2026/09/26 20:01:43.599, 21247
2026/09/26 20:01:44.099, 21247
2026/09/26 20:01:44.599, 21247
2026/09/26 20:01:45.099, 21247
2026/09/26 20:01:45.600, 21247
2026/09/26 20:01:46.100, 21247
2026/09/26 20:01:46.600, 21247
2026/09/26 20:01:47.100, 21247
2026/09/26 20:01:47.600, 21247
2026/09/26 20:01:48.100, 21247
2026/09/26 20:01:48.601, 21247
2026/09/26 20:01:49.101, 21247
2026/09/26 20:01:49.601, 21247
2026/09/26 20:01:50.101, 21247
2026/09/26 20:01:50.601, 21247
2026/09/26 20:01:51.101, 21247
2026/09/26 20:01:51.601, 21247
2026/09/26 20:01:52.102, 21247
2026/09/26 20:01:52.602, 21247
2026/09/26 20:01:53.102, 21247
2026/09/26 20:01:53.602, 21247
2026/09/26 20:01:54.102, 21247
2026/09/26 20:01:54.602, 21247
2026/09/26 20:01:55.103, 21247
2026/09/26 20:01:55.603, 21247
2026/09/26 20:01:56.103, 21247
2026/09/26 20:01:56.603, 21247
2026/09/26 20:01:57.103, 21247
2026/09/26 20:01:57.603, 21247
2026/09/26 20:01:58.103, 21247
2026/09/26 20:01:58.604, 21247
2026/09/26 20:01:59.104, 21247
2026/09/26 20:01:59.604, 21247
2026/09/26 20:02:00.104, 21247
2026/09/26 20:02:00.604, 21247
2026/09/26 20:02:01.104, 21247
2026/09/26 20:02:01.605, 21247
2026/09/26 20:02:02.105, 21247
2026/09/26 20:02:02.605, 21247
2026/09/26 20:02:03.105, 21247
2026/09/26 20:02:03.605, 21247
2026/09/26 20:02:04.105, 21247
2026/09/26 20:02:04.606, 21247
2026/09/26 20:02:05.106, 21247
2026/09/26 20:02:05.606, 21247
2026/09/26 20:02:06.106, 21247
2026/09/26 20:02:06.606, 21247
2026/09/26 20:02:07.106, 21247
2026/09/26 20:02:07.607, 21247
2026/09/26 20:02:08.107, 21247
2026/09/26 20:02:08.607, 21247
2026/09/26 20:02:09.107, 21247
2026/09/26 20:02:09.607, 21247
2026/09/26 20:02:10.107, 21247
2026/09/26 20:02:10.607, 21247
2026/09/26 20:02:11.108, 21247
2026/09/26 20:02:11.608, 21247
2026/09/26 20:02:12.108, 21247
2026/09/26 20:02:12.608, 21247
2026/09/26 20:02:13.108, 21247
2026/09/26 20:02:13.608, 21247
2026/09/26 20:02:14.109, 21247
2026/09/26 20:02:14.609, 21247
2026/09/26 20:02:15.109, 21247
2026/09/26 20:02:15.609, 21247
2026/09/26 20:02:16.109, 21247
2026/09/26 20:02:16.609, 21247
2026/09/26 20:02:17.109, 21247
2026/09/26 20:02:17.610, 21247
2026/09/26 20:02:18.110, 21247
2026/09/26 20:02:18.610, 21247
2026/09/26 20:02:19.110, 21247
2026/09/26 20:02:19.610, 21247
2026/09/26 20:02:20.111, 21247
2026/09/26 20:02:20.611, 21247
2026/09/26 20:02:21.111, 21247
2026/09/26 20:02:21.611, 21247
2026/09/26 20:02:22.111, 21247
2026/09/26 20:02:22.612, 21247
2026/09/26 20:02:23.112, 21247
2026/09/26 20:02:23.612, 21247
2026/09/26 20:02:24.112, 21247
2026/09/26 20:02:24.612, 21247
2026/09/26 20:02:25.112, 21247
2026/09/26 20:02:25.613, 21247
2026/09/26 20:02:26.113, 21247
2026/09/26 20:02:26.613, 21247
2026/09/26 20:02:27.113, 21247
2026/09/26 20:02:27.613, 21247
2026/09/26 20:02:28.113, 21247
2026/09/26 20:02:28.614, 21247
2026/09/26 20:02:29.114, 21247
2026/09/26 20:02:29.614, 21247
2026/09/26 20:02:30.114, 21247
2026/09/26 20:02:30.614, 21247
2026/09/26 20:02:31.115, 21247
2026/09/26 20:02:31.615, 21247
2026/09/26 20:02:32.115, 21247
2026/09/26 20:02:32.615, 21247
2026/09/26 20:02:33.115, 21247
2026/09/26 20:02:33.615, 21247
2026/09/26 20:02:34.116, 21247
2026/09/26 20:02:34.616, 21247
2026/09/26 20:02:35.116, 21247
2026/09/26 20:02:35.616, 21247
2026/09/26 20:02:36.116, 21247
2026/09/26 20:02:36.616, 21247
2026/09/26 20:02:37.117, 21247
2026/09/26 20:02:37.617, 21247
2026/09/26 20:02:38.117, 21247
2026/09/26 20:02:38.617, 21247
2026/09/26 20:02:39.117, 21247
2026/09/26 20:02:39.617, 21247
2026/09/26 20:02:40.118, 21247
2026/09/26 20:02:40.618, 21247
2026/09/26 20:02:41.118, 21247
2026/09/26 20:02:41.618, 21247
2026/09/26 20:02:42.118, 21247
2026/09/26 20:02:42.618, 21247
2026/09/26 20:02:43.119, 21247
2026/09/26 20:02:43.619, 21247
2026/09/26 20:02:44.119, 21247
2026/09/26 20:02:44.619, 21247
2026/09/26 20:02:45.119, 21247
2026/09/26 20:02:45.619, 21247
2026/09/26 20:02:46.120, 21247
2026/09/26 20:02:46.620, 21247
2026/09/26 20:02:47.120, 21247
2026/09/26 20:02:47.620, 21247
2026/09/26 20:02:48.121, 21247
2026/09/26 20:02:48.621, 21247
2026/09/26 20:02:49.121, 21247
2026/09/26 20:02:49.621, 21247
2026/09/26 20:02:50.121, 21247
2026/09/26 20:02:50.621, 21247
2026/09/26 20:02:51.121, 21247
2026/09/26 20:02:51.622, 21247
2026/09/26 20:02:52.122, 21247
2026/09/26 20:02:52.622, 21247
2026/09/26 20:02:53.122, 21247
2026/09/26 20:02:53.622, 21247
2026/09/26 20:02:54.122, 21247
2026/09/26 20:02:54.623, 21247
2026/09/26 20:02:55.123, 21247
2026/09/26 20:02:55.623, 21247
2026/09/26 20:02:56.123, 21247
2026/09/26 20:02:56.623, 21247
2026/09/26 20:02:57.123, 21247
2026/09/26 20:02:57.624, 21247
2026/09/26 20:02:58.124, 21247
2026/09/26 20:02:58.624, 21247
2026/09/26 20:02:59.124, 21247
2026/09/26 20:02:59.624, 21247
2026/09/26 20:03:00.124, 21247
2026/09/26 20:03:00.624, 21247
2026/09/26 20:03:01.125, 21247
2026/09/26 20:03:01.625, 21247
2026/09/26 20:03:02.125, 21247
2026/09/26 20:03:02.625, 21247
2026/09/26 20:03:03.125, 21247
2026/09/26 20:03:03.625, 21247
2026/09/26 20:03:04.126, 21247
2026/09/26 20:03:04.626, 21247
2026/09/26 20:03:05.126, 21247
2026/09/26 20:03:05.626, 21247
2026/09/26 20:03:06.126, 21247
2026/09/26 20:03:06.626, 21247
2026/09/26 20:03:07.127, 21247
2026/09/26 20:03:07.627, 21247
2026/09/26 20:03:08.127, 21247
2026/09/26 20:03:08.627, 21247
2026/09/26 20:03:09.127, 21247
2026/09/26 20:03:09.627, 21247
2026/09/26 20:03:10.127, 21247
2026/09/26 20:03:10.628, 21247
2026/09/26 20:03:11.128, 21247
2026/09/26 20:03:11.628, 21247
2026/09/26 20:03:12.128, 21247
2026/09/26 20:03:12.628, 21247
2026/09/26 20:03:13.128, 21247
2026/09/26 20:03:13.629, 21247
2026/09/26 20:03:14.129, 21247
2026/09/26 20:03:14.629, 21247
2026/09/26 20:03:15.129, 21247
2026/09/26 20:03:15.629, 21247
2026/09/26 20:03:16.129, 21247
2026/09/26 20:03:16.630, 21247
2026/09/26 20:03:17.130, 21247
2026/09/26 20:03:17.630, 21247
2026/09/26 20:03:18.130, 21247
2026/09/26 20:03:18.630, 21247
2026/09/26 20:03:19.130, 21247
2026/09/26 20:03:19.631, 21247
2026/09/26 20:03:20.131, 21247
2026/09/26 20:03:20.631, 21247
2026/09/26 20:03:21.131, 21247
2026/09/26 20:03:21.631, 21247
2026/09/26 20:03:22.131, 21247
2026/09/26 20:03:22.631, 21247
2026/09/26 20:03:23.132, 21247
2026/09/26 20:03:23.632, 21247
2026/09/26 20:03:24.132, 21247
2026/09/26 20:03:24.632, 21247
2026/09/26 20:03:25.132, 21247
2026/09/26 20:03:25.632, 21247
2026/09/26 20:03:26.133, 21247
2026/09/26 20:03:26.633, 21247
2026/09/26 20:03:27.133, 21247
2026/09/26 20:03:27.633, 21247
2026/09/26 20:03:28.133, 21247
2026/09/26 20:03:28.633, 21247
2026/09/26 20:03:29.134, 21247
2026/09/26 20:03:29.634, 21247
2026/09/26 20:03:30.134, 21247
2026/09/26 20:03:30.634, 21247
2026/09/26 20:03:31.134, 21247
2026/09/26 20:03:31.634, 21247
2026/09/26 20:03:32.135, 21247
2026/09/26 20:03:32.635, 21247
2026/09/26 20:03:33.135, 21247
2026/09/26 20:03:33.635, 21247
2026/09/26 20:03:34.135, 21247
2026/09/26 20:03:34.635, 21247
2026/09/26 20:03:35.136, 21247
2026/09/26 20:03:35.636, 21247
2026/09/26 20:03:36.136, 21247
2026/09/26 20:03:36.636, 21247
2026/09/26 20:03:37.136, 21247
2026/09/26 20:03:37.636, 21247
2026/09/26 20:03:38.137, 21247
2026/09/26 20:03:38.637, 21247
2026/09/26 20:03:39.137, 21247
2026/09/26 20:03:39.637, 21247
2026/09/26 20:03:40.137, 21247
2026/09/26 20:03:40.637, 21247
2026/09/26 20:03:41.138, 21247
2026/09/26 20:03:41.638, 21247
2026/09/26 20:03:42.138, 21247
2026/09/26 20:03:42.638, 21247
2026/09/26 20:03:43.138, 21247
2026/09/26 20:03:43.638, 21247
2026/09/26 20:03:44.138, 21247
2026/09/26 20:03:44.639, 21247
2026/09/26 20:03:45.139, 21247
2026/09/26 20:03:45.639, 21247
2026/09/26 20:03:46.139, 21247
2026/09/26 20:03:46.639, 21247
2026/09/26 20:03:47.139, 21247
2026/09/26 20:03:47.640, 21247
2026/09/26 20:03:48.140, 21247
2026/09/26 20:03:48.640, 21247
2026/09/26 20:03:49.140, 21247
2026/09/26 20:03:49.640, 21247
2026/09/26 20:03:50.140, 21247
2026/09/26 20:03:50.640, 21247
2026/09/26 20:03:51.141, 21247
2026/09/26 20:03:51.641, 21247
2026/09/26 20:03:52.141, 21247
2026/09/26 20:03:52.641, 21247
2026/09/26 20:03:53.141, 21247
2026/09/26 20:03:53.641, 21247
2026/09/26 20:03:54.142, 21247
2026/09/26 20:03:54.642, 21247
2026/09/26 20:03:55.142, 21247
2026/09/26 20:03:55.642, 21247
2026/09/26 20:03:56.142, 21247
2026/09/26 20:03:56.643, 21247
2026/09/26 20:03:57.143, 21247
2026/09/26 20:03:57.643, 21247
2026/09/26 20:03:58.143, 21247
2026/09/26 20:03:58.644, 21247
2026/09/26 20:03:59.144, 21247
2026/09/26 20:03:59.644, 21247
2026/09/26 20:04:00.144, 21247
2026/09/26 20:04:00.644, 21247
2026/09/26 20:04:01.144, 21247
2026/09/26 20:04:01.644, 21247
2026/09/26 20:04:02.145, 21247
2026/09/26 20:04:02.645, 21247
2026/09/26 20:04:03.145, 21247
2026/09/26 20:04:03.645, 21247
2026/09/26 20:04:04.145, 21247
2026/09/26 20:04:04.645, 21247
2026/09/26 20:04:05.146, 21247
2026/09/26 20:04:05.646, 21247
2026/09/26 20:04:06.146, 21247
2026/09/26 20:04:06.646, 21247
2026/09/26 20:04:07.146, 21247
2026/09/26 20:04:07.646, 21247
2026/09/26 20:04:08.146, 21247
2026/09/26 20:04:08.647, 21247
2026/09/26 20:04:09.147, 21247
2026/09/26 20:04:09.647, 21247
2026/09/26 20:04:10.147, 21247
2026/09/26 20:04:10.647, 21247
2026/09/26 20:04:11.147, 21247
2026/09/26 20:04:11.648, 21247
2026/09/26 20:04:12.148, 21247
2026/09/26 20:04:12.648, 21247
2026/09/26 20:04:13.148, 21247
2026/09/26 20:04:13.648, 21247
2026/09/26 20:04:14.148, 21247
2026/09/26 20:04:14.648, 21247
2026/09/26 20:04:15.149, 21247
2026/09/26 20:04:15.649, 21247
2026/09/26 20:04:16.149, 21247
2026/09/26 20:04:16.649, 21247
2026/09/26 20:04:17.149, 21247
2026/09/26 20:04:17.650, 21247
2026/09/26 20:04:18.150, 21247
2026/09/26 20:04:18.650, 21247
2026/09/26 20:04:19.150, 21247
2026/09/26 20:04:19.650, 21247
2026/09/26 20:04:20.150, 21247
2026/09/26 20:04:20.651, 21247
2026/09/26 20:04:21.151, 21247
2026/09/26 20:04:21.651, 21247
2026/09/26 20:04:22.151, 21247
2026/09/26 20:04:22.651, 21247
2026/09/26 20:04:23.151, 21727
2026/09/26 20:04:23.652, 21727
2026/09/26 20:04:24.152, 21727
2026/09/26 20:04:24.652, 21727
2026/09/26 20:04:25.152, 21727
2026/09/26 20:04:25.652, 21727
2026/09/26 20:04:26.152, 21727
2026/09/26 20:04:26.653, 21727
2026/09/26 20:04:27.153, 21727
2026/09/26 20:04:27.653, 21727
2026/09/26 20:04:28.153, 21727
2026/09/26 20:04:28.653, 21727
2026/09/26 20:04:29.153, 21727
2026/09/26 20:04:29.653, 21727
2026/09/26 20:04:30.154, 21727
2026/09/26 20:04:30.654, 21727
2026/09/26 20:04:31.154, 21727
2026/09/26 20:04:31.654, 21727
2026/09/26 20:04:32.154, 21727
2026/09/26 20:04:32.654, 21727
2026/09/26 20:04:33.155, 21727
2026/09/26 20:04:33.655, 21727
2026/09/26 20:04:34.155, 21727
2026/09/26 20:04:34.655, 21727
2026/09/26 20:04:35.155, 21727
2026/09/26 20:04:35.655, 21727
2026/09/26 20:04:36.156, 21727
2026/09/26 20:04:36.656, 21727
2026/09/26 20:04:37.156, 21727
2026/09/26 20:04:37.656, 21727
2026/09/26 20:04:38.156, 21727
2026/09/26 20:04:38.656, 21727
2026/09/26 20:04:39.157, 21727
2026/09/26 20:04:39.657, 21727
2026/09/26 20:04:40.157, 21727
2026/09/26 20:04:40.657, 21727
2026/09/26 20:04:41.157, 21727
2026/09/26 20:04:41.657, 21727
2026/09/26 20:04:42.158, 21727
2026/09/26 20:04:42.658, 21727
2026/09/26 20:04:43.158, 21727
2026/09/26 20:04:43.658, 21727
2026/09/26 20:04:44.158, 21727
2026/09/26 20:04:44.658, 21727
2026/09/26 20:04:45.159, 21727
2026/09/26 20:04:45.659, 21727
2026/09/26 20:04:46.159, 21727
2026/09/26 20:04:46.659, 21727
2026/09/26 20:04:47.159, 21727
2026/09/26 20:04:47.659, 21727
2026/09/26 20:04:48.160, 21727
2026/09/26 20:04:48.660, 21727
2026/09/26 20:04:49.160, 21727
2026/09/26 20:04:49.660, 21727
2026/09/26 20:04:50.160, 21727
2026/09/26 20:04:50.661, 21727
2026/09/26 20:04:51.161, 21727
2026/09/26 20:04:51.661, 21727
2026/09/26 20:04:52.161, 21727
2026/09/26 20:04:52.661, 21727
2026/09/26 20:04:53.161, 21727
2026/09/26 20:04:53.662, 21727
2026/09/26 20:04:54.162, 21727
2026/09/26 20:04:54.662, 21727
2026/09/26 20:04:55.162, 21727
2026/09/26 20:04:55.662, 21727
2026/09/26 20:04:56.162, 21727
2026/09/26 20:04:56.663, 21727
2026/09/26 20:04:57.163, 21727
2026/09/26 20:04:57.663, 21727
2026/09/26 20:04:58.163, 21727
2026/09/26 20:04:58.663, 21727
2026/09/26 20:04:59.163, 21727
2026/09/26 20:04:59.663, 21727
2026/09/26 20:05:00.164, 21727
2026/09/26 20:05:00.664, 21727
2026/09/26 20:05:01.164, 21727
2026/09/26 20:05:01.664, 21727
2026/09/26 20:05:02.164, 21727
2026/09/26 20:05:02.664, 21727
2026/09/26 20:05:03.164, 21727
2026/09/26 20:05:03.665, 21727
2026/09/26 20:05:04.165, 21727
2026/09/26 20:05:04.665, 21727
2026/09/26 20:05:05.165, 21727
2026/09/26 20:05:05.665, 21727
2026/09/26 20:05:06.165, 21727
2026/09/26 20:05:06.666, 21727
2026/09/26 20:05:07.166, 21727
2026/09/26 20:05:07.666, 21727
2026/09/26 20:05:08.166, 21727
2026/09/26 20:05:08.666, 21727
2026/09/26 20:05:09.166, 21727
2026/09/26 20:05:09.667, 21727
2026/09/26 20:05:10.167, 21727
2026/09/26 20:05:10.667, 21727
2026/09/26 20:05:11.167, 21727
2026/09/26 20:05:11.667, 21727
2026/09/26 20:05:12.168, 21727
2026/09/26 20:05:12.668, 21727
2026/09/26 20:05:13.168, 21727
2026/09/26 20:05:13.668, 21727
2026/09/26 20:05:14.168, 21727
2026/09/26 20:05:14.668, 21727
2026/09/26 20:05:15.169, 21727
2026/09/26 20:05:15.669, 21727
2026/09/26 20:05:16.169, 21727
2026/09/26 20:05:16.669, 21727
2026/09/26 20:05:17.169, 21727
2026/09/26 20:05:17.669, 21727
2026/09/26 20:05:18.170, 21727
2026/09/26 20:05:18.670, 21727
2026/09/26 20:05:19.170, 21727
2026/09/26 20:05:19.670, 21727
2026/09/26 20:05:20.170, 21727
2026/09/26 20:05:20.670, 21727
2026/09/26 20:05:21.171, 21727
2026/09/26 20:05:21.671, 21727
2026/09/26 20:05:22.171, 21727
2026/09/26 20:05:22.671, 21727
2026/09/26 20:05:23.172, 21727
2026/09/26 20:05:23.672, 21727
2026/09/26 20:05:24.172, 21727
2026/09/26 20:05:24.672, 21727
2026/09/26 20:05:25.172, 21727
2026/09/26 20:05:25.673, 21727
2026/09/26 20:05:26.173, 21727
2026/09/26 20:05:26.673, 21727
2026/09/26 20:05:27.173, 21727
2026/09/26 20:05:27.673, 21727
2026/09/26 20:05:28.173, 21727
2026/09/26 20:05:28.674, 21727
2026/09/26 20:05:29.174, 21727
2026/09/26 20:05:29.674, 21727
2026/09/26 20:05:30.174, 21727
2026/09/26 20:05:30.674, 21727
2026/09/26 20:05:31.175, 21727
2026/09/26 20:05:31.675, 21727
2026/09/26 20:05:32.175, 21727
2026/09/26 20:05:32.675, 21727
2026/09/26 20:05:33.175, 21727
2026/09/26 20:05:33.675, 21727
2026/09/26 20:05:34.176, 21727
2026/09/26 20:05:34.676, 21727
2026/09/26 20:05:35.176, 21727
2026/09/26 20:05:35.676, 21727
2026/09/26 20:05:36.177, 21727
2026/09/26 20:05:36.677, 21727
2026/09/26 20:05:37.177, 21727
2026/09/26 20:05:37.677, 21727
2026/09/26 20:05:38.177, 21727
2026/09/26 20:05:38.677, 21727
2026/09/26 20:05:39.177, 21727
2026/09/26 20:05:39.678, 21727
2026/09/26 20:05:40.178, 21727
2026/09/26 20:05:40.678, 21727
2026/09/26 20:05:41.178, 21727
2026/09/26 20:05:41.678, 21727
2026/09/26 20:05:42.179, 21727
2026/09/26 20:05:42.679, 21727
2026/09/26 20:05:43.179, 21727
2026/09/26 20:05:43.679, 21727
2026/09/26 20:05:44.179, 21727
2026/09/26 20:05:44.679, 21727
2026/09/26 20:05:45.180, 21727
2026/09/26 20:05:45.680, 21727
2026/09/26 20:05:46.180, 21727
2026/09/26 20:05:46.680, 21727
2026/09/26 20:05:47.180, 21727
2026/09/26 20:05:47.680, 21727
2026/09/26 20:05:48.181, 21727
2026/09/26 20:05:48.681, 21727
2026/09/26 20:05:49.181, 21727
2026/09/26 20:05:49.681, 21727
2026/09/26 20:05:50.181, 21727
2026/09/26 20:05:50.681, 21727
2026/09/26 20:05:51.182, 21727
2026/09/26 20:05:51.682, 21727
2026/09/26 20:05:52.182, 21727
2026/09/26 20:05:52.682, 21727
2026/09/26 20:05:53.182, 21727
2026/09/26 20:05:53.682, 21727
2026/09/26 20:05:54.182, 21727
2026/09/26 20:05:54.683, 21727
2026/09/26 20:05:55.183, 21727
2026/09/26 20:05:55.683, 21727
2026/09/26 20:05:56.183, 21727
2026/09/26 20:05:56.683, 21727
2026/09/26 20:05:57.183, 21727
2026/09/26 20:05:57.684, 21727
2026/09/26 20:05:58.184, 21727
2026/09/26 20:05:58.684, 21727
2026/09/26 20:05:59.184, 21727
2026/09/26 20:05:59.684, 21727
2026/09/26 20:06:00.184, 21727
2026/09/26 20:06:00.684, 21727
2026/09/26 20:06:01.185, 21727
2026/09/26 20:06:01.685, 21727
2026/09/26 20:06:02.185, 21727
2026/09/26 20:06:02.685, 21727
2026/09/26 20:06:03.185, 21727
2026/09/26 20:06:03.685, 21727
2026/09/26 20:06:04.185, 21727
2026/09/26 20:06:04.686, 21727
2026/09/26 20:06:05.186, 21727
2026/09/26 20:06:05.686, 21727
2026/09/26 20:06:06.186, 21727
2026/09/26 20:06:06.686, 21727
2026/09/26 20:06:07.186, 21727
2026/09/26 20:06:07.686, 21727
2026/09/26 20:06:08.187, 21727
2026/09/26 20:06:08.687, 21727
2026/09/26 20:06:09.187, 21727
2026/09/26 20:06:09.687, 21727
2026/09/26 20:06:10.187, 21727
2026/09/26 20:06:10.687, 21727
2026/09/26 20:06:11.187, 21727
2026/09/26 20:06:11.688, 21727
2026/09/26 20:06:12.188, 21727
2026/09/26 20:06:12.688, 21727
2026/09/26 20:06:13.188, 21727
2026/09/26 20:06:13.688, 21727
2026/09/26 20:06:14.188, 21727
2026/09/26 20:06:14.688, 21727
2026/09/26 20:06:15.189, 21727
2026/09/26 20:06:15.689, 21727
2026/09/26 20:06:16.189, 21727
2026/09/26 20:06:16.689, 21727
2026/09/26 20:06:17.189, 21727
2026/09/26 20:06:17.689, 21727
2026/09/26 20:06:18.189, 21727
2026/09/26 20:06:18.690, 21727
2026/09/26 20:06:19.190, 21727
2026/09/26 20:06:19.690, 21727
2026/09/26 20:06:20.190, 21727
2026/09/26 20:06:20.690, 21727
2026/09/26 20:06:21.190, 21727
2026/09/26 20:06:21.690, 21727
2026/09/26 20:06:22.191, 21727
2026/09/26 20:06:22.691, 21727
2026/09/26 20:06:23.191, 21727
2026/09/26 20:06:23.691, 21727
2026/09/26 20:06:24.191, 21727
2026/09/26 20:06:24.691, 21727
2026/09/26 20:06:25.192, 21727
2026/09/26 20:06:25.692, 21727
2026/09/26 20:06:26.192, 21727
2026/09/26 20:06:26.692, 21727
2026/09/26 20:06:27.192, 21727
2026/09/26 20:06:27.692, 21727
2026/09/26 20:06:28.193, 21727
2026/09/26 20:06:28.693, 21727
2026/09/26 20:06:29.193, 21727
2026/09/26 20:06:29.693, 21727
2026/09/26 20:06:30.193, 21727
2026/09/26 20:06:30.693, 21727
2026/09/26 20:06:31.194, 21727
2026/09/26 20:06:31.694, 21727
2026/09/26 20:06:32.194, 21727
2026/09/26 20:06:32.694, 21727
2026/09/26 20:06:33.194, 21727
2026/09/26 20:06:33.694, 21727
2026/09/26 20:06:34.195, 21727
2026/09/26 20:06:34.695, 21727
2026/09/26 20:06:35.195, 21727
2026/09/26 20:06:35.695, 21727
2026/09/26 20:06:36.195, 21727
2026/09/26 20:06:36.696, 21727
2026/09/26 20:06:37.196, 21727
2026/09/26 20:06:37.696, 21727
2026/09/26 20:06:38.196, 21727
2026/09/26 20:06:38.696, 21727
2026/09/26 20:06:39.196, 21727
2026/09/26 20:06:39.697, 21727
2026/09/26 20:06:40.197, 21727
2026/09/26 20:06:40.697, 21727
2026/09/26 20:06:41.197, 21727
2026/09/26 20:06:41.697, 21727
2026/09/26 20:06:42.197, 21727
2026/09/26 20:06:42.698, 21727
2026/09/26 20:06:43.198, 21727
2026/09/26 20:06:43.698, 21727
2026/09/26 20:06:44.198, 21727
2026/09/26 20:06:44.698, 21727
2026/09/26 20:06:45.198, 21727
2026/09/26 20:06:45.699, 21727
2026/09/26 20:06:46.199, 21727
2026/09/26 20:06:46.699, 21727
2026/09/26 20:06:47.199, 21727
2026/09/26 20:06:47.699, 21727
2026/09/26 20:06:48.199, 21727
2026/09/26 20:06:48.700, 21727
2026/09/26 20:06:49.200, 21727
2026/09/26 20:06:49.700, 21727
2026/09/26 20:06:50.200, 21727
2026/09/26 20:06:50.700, 21727
2026/09/26 20:06:51.200, 21727
2026/09/26 20:06:51.701, 21727
2026/09/26 20:06:52.201, 21727
2026/09/26 20:06:52.701, 21727
2026/09/26 20:06:53.201, 21727
2026/09/26 20:06:53.701, 21727
2026/09/26 20:06:54.201, 21727
2026/09/26 20:06:54.701, 21727
2026/09/26 20:06:55.202, 21727
2026/09/26 20:06:55.702, 21727
2026/09/26 20:06:56.202, 21727
2026/09/26 20:06:56.702, 21727
2026/09/26 20:06:57.202, 21727
2026/09/26 20:06:57.703, 21727
2026/09/26 20:06:58.203, 21727
2026/09/26 20:06:58.703, 21727
2026/09/26 20:06:59.203, 21727
2026/09/26 20:06:59.703, 21727
2026/09/26 20:07:00.203, 21727
2026/09/26 20:07:00.704, 21727
2026/09/26 20:07:01.204, 21727
2026/09/26 20:07:01.704, 21727
2026/09/26 20:07:02.204, 21727
2026/09/26 20:07:02.704, 21727
2026/09/26 20:07:03.204, 21727
2026/09/26 20:07:03.705, 21727
2026/09/26 20:07:04.205, 21727
2026/09/26 20:07:04.705, 21727
2026/09/26 20:07:05.205, 21727
2026/09/26 20:07:05.705, 21727
2026/09/26 20:07:06.205, 21727
2026/09/26 20:07:06.706, 21727
2026/09/26 20:07:07.206, 21727
2026/09/26 20:07:07.706, 21727
2026/09/26 20:07:08.206, 21727
2026/09/26 20:07:08.706, 21727
2026/09/26 20:07:09.206, 21727
2026/09/26 20:07:09.707, 21727
2026/09/26 20:07:10.207, 21727
2026/09/26 20:07:10.707, 21727
2026/09/26 20:07:11.207, 21727
2026/09/26 20:07:11.716, 21727
2026/09/26 20:07:12.216, 21727
2026/09/26 20:07:12.716, 21727
2026/09/26 20:07:13.217, 21727
2026/09/26 20:07:13.717, 21727
2026/09/26 20:07:14.217, 21727
2026/09/26 20:07:14.717, 21727
2026/09/26 20:07:15.217, 21727
2026/09/26 20:07:15.717, 21727
2026/09/26 20:07:16.218, 21727
2026/09/26 20:07:16.718, 21727
2026/09/26 20:07:17.218, 21727
2026/09/26 20:07:17.718, 21727
2026/09/26 20:07:18.218, 21727
2026/09/26 20:07:18.718, 21727
2026/09/26 20:07:19.219, 21727
2026/09/26 20:07:19.719, 21727
2026/09/26 20:07:20.219, 21727
2026/09/26 20:07:20.719, 21727
2026/09/26 20:07:21.219, 21727
2026/09/26 20:07:21.719, 21727
2026/09/26 20:07:22.220, 21727
2026/09/26 20:07:22.720, 21727
2026/09/26 20:07:23.220, 21727
2026/09/26 20:07:23.720, 21727
2026/09/26 20:07:24.220, 21727
2026/09/26 20:07:24.720, 21727
2026/09/26 20:07:25.221, 21727
2026/09/26 20:07:25.721, 21727
2026/09/26 20:07:26.221, 21727
2026/09/26 20:07:26.721, 21727
2026/09/26 20:07:27.221, 21727
2026/09/26 20:07:27.721, 21727
2026/09/26 20:07:28.222, 21727
2026/09/26 20:07:28.722, 21727
2026/09/26 20:07:29.222, 21727
2026/09/26 20:07:29.722, 21727
2026/09/26 20:07:30.222, 21727
2026/09/26 20:07:30.722, 21727
2026/09/26 20:07:31.223, 21727
2026/09/26 20:07:31.723, 21727
2026/09/26 20:07:32.223, 21727
2026/09/26 20:07:32.723, 21727
2026/09/26 20:07:33.223, 21727
2026/09/26 20:07:33.723, 21727
2026/09/26 20:07:34.224, 21727
2026/09/26 20:07:34.724, 21727
2026/09/26 20:07:35.224, 21727
2026/09/26 20:07:35.724, 21727
2026/09/26 20:07:36.224, 21727
2026/09/26 20:07:36.724, 21727
2026/09/26 20:07:37.225, 21727
2026/09/26 20:07:37.725, 21727
2026/09/26 20:07:38.225, 21727
2026/09/26 20:07:38.726, 21727
2026/09/26 20:07:39.226, 21727
2026/09/26 20:07:39.726, 21727
2026/09/26 20:07:40.226, 21727
2026/09/26 20:07:40.726, 21727
2026/09/26 20:07:41.226, 21727
2026/09/26 20:07:41.727, 21727
2026/09/26 20:07:42.227, 21727
2026/09/26 20:07:42.727, 21727
2026/09/26 20:07:43.227, 21727
2026/09/26 20:07:43.727, 21727
2026/09/26 20:07:44.227, 21727
2026/09/26 20:07:44.727, 21727
2026/09/26 20:07:45.228, 21727
2026/09/26 20:07:45.728, 21727
2026/09/26 20:07:46.228, 21727
2026/09/26 20:07:46.728, 21727
2026/09/26 20:07:47.228, 21727
2026/09/26 20:07:47.728, 21727
2026/09/26 20:07:48.229, 21727
2026/09/26 20:07:48.729, 21727
2026/09/26 20:07:49.229, 21727
2026/09/26 20:07:49.729, 21727
2026/09/26 20:07:50.229, 21727
2026/09/26 20:07:50.729, 21727
2026/09/26 20:07:51.229, 21727
2026/09/26 20:07:51.730, 21727
2026/09/26 20:07:52.230, 21727
2026/09/26 20:07:52.730, 21727
2026/09/26 20:07:53.230, 21727
2026/09/26 20:07:53.730, 21727
2026/09/26 20:07:54.230, 21727
2026/09/26 20:07:54.730, 21727
2026/09/26 20:07:55.231, 21727
2026/09/26 20:07:55.731, 21727
2026/09/26 20:07:56.231, 21727
2026/09/26 20:07:56.731, 21727
2026/09/26 20:07:57.231, 21727
2026/09/26 20:07:57.731, 21727
2026/09/26 20:07:58.232, 21727
2026/09/26 20:07:58.732, 21727
2026/09/26 20:07:59.232, 21727
2026/09/26 20:07:59.732, 21727
2026/09/26 20:08:00.232, 21727
2026/09/26 20:08:00.732, 21727
2026/09/26 20:08:01.233, 21727
2026/09/26 20:08:01.733, 21727
2026/09/26 20:08:02.233, 21727
2026/09/26 20:08:02.733, 21727
2026/09/26 20:08:03.233, 21727
2026/09/26 20:08:03.733, 21727
2026/09/26 20:08:04.233, 21727
2026/09/26 20:08:04.734, 21727
2026/09/26 20:08:05.234, 21727
2026/09/26 20:08:05.734, 21727
2026/09/26 20:08:06.234, 21727
2026/09/26 20:08:06.734, 21727
2026/09/26 20:08:07.234, 21727
2026/09/26 20:08:07.735, 21727
2026/09/26 20:08:08.235, 21727
2026/09/26 20:08:08.735, 21727
2026/09/26 20:08:09.235, 21727
2026/09/26 20:08:09.735, 21727
2026/09/26 20:08:10.235, 21727
2026/09/26 20:08:10.735, 21727
2026/09/26 20:08:11.236, 21727
2026/09/26 20:08:11.736, 21727
2026/09/26 20:08:12.236, 21727
2026/09/26 20:08:12.736, 21727
2026/09/26 20:08:13.236, 21727
2026/09/26 20:08:13.736, 21727
2026/09/26 20:08:14.237, 21727
2026/09/26 20:08:14.737, 21727
2026/09/26 20:08:15.237, 21727
2026/09/26 20:08:15.737, 21727
2026/09/26 20:08:16.237, 21727
2026/09/26 20:08:16.737, 21727
2026/09/26 20:08:17.238, 21727
2026/09/26 20:08:17.738, 21727
2026/09/26 20:08:18.238, 21727
2026/09/26 20:08:18.738, 21727
2026/09/26 20:08:19.238, 21727
2026/09/26 20:08:19.738, 21727
2026/09/26 20:08:20.239, 21727
2026/09/26 20:08:20.739, 21727
2026/09/26 20:08:21.239, 21727
2026/09/26 20:08:21.739, 21727
2026/09/26 20:08:22.239, 21727
2026/09/26 20:08:22.739, 21727
2026/09/26 20:08:23.239, 21727
2026/09/26 20:08:23.740, 21727
2026/09/26 20:08:24.240, 21727
2026/09/26 20:08:24.740, 21727
2026/09/26 20:08:25.240, 21727
2026/09/26 20:08:25.740, 21727
2026/09/26 20:08:26.240, 21727
2026/09/26 20:08:26.741, 21727
2026/09/26 20:08:27.241, 21727
2026/09/26 20:08:27.741, 21727
2026/09/26 20:08:28.242, 21727
2026/09/26 20:08:28.742, 21727
2026/09/26 20:08:29.242, 21727
2026/09/26 20:08:29.742, 4
2026/09/26 20:08:30.242, 4
2026/09/26 20:08:30.742, 1
