2026/09/26 21:35:35.293, 1
2026/09/26 21:35:35.793, 1
2026/09/26 21:35:36.294, 1
2026/09/26 21:35:36.794, 1
2026/09/26 21:35:37.294, 1
2026/09/26 21:35:37.794, 1
2026/09/26 21:35:38.294, 1
2026/09/26 21:35:38.795, 4
2026/09/26 21:35:39.295, 4
2026/09/26 21:35:39.795, 4
2026/09/26 21:35:40.295, 4
2026/09/26 21:35:40.795, 4
2026/09/26 21:35:41.295, 4
2026/09/26 21:35:41.796, 4
2026/09/26 21:35:42.296, 4
2026/09/26 21:35:42.796, 4
2026/09/26 21:35:43.296, 4
2026/09/26 21:35:43.796, 4
2026/09/26 21:35:44.297, 4
2026/09/26 21:35:44.797, 4
2026/09/26 21:35:45.297, 4
2026/09/26 21:35:45.797, 4
2026/09/26 21:35:46.297, 4
2026/09/26 21:35:46.797, 4
2026/09/26 21:35:47.298, 4
2026/09/26 21:35:47.798, 4
2026/09/26 21:35:48.298, 455
2026/09/26 21:35:48.798, 535
2026/09/26 21:35:49.298, 535
2026/09/26 21:35:49.798, 535
2026/09/26 21:35:50.299, 9479
2026/09/26 21:35:50.799, 9479
2026/09/26 21:35:51.299, 9479
2026/09/26 21:35:51.799, 9479
2026/09/26 21:35:52.299, 9479
2026/09/26 21:35:52.800, 9479
2026/09/26 21:35:53.300, 9479
2026/09/26 21:35:53.800, 9479
2026/09/26 21:35:54.300, 9479
2026/09/26 21:35:54.800, 9479
2026/09/26 21:35:55.301, 9479
2026/09/26 21:35:55.801, 9479
2026/09/26 21:35:56.301, 15197
2026/09/26 21:35:56.801, 15197
2026/09/26 21:35:57.301, 15197
2026/09/26 21:35:57.801, 15197
2026/09/26 21:35:58.302, 15197
2026/09/26 21:35:58.802, 15197
2026/09/26 21:35:59.302, 15197
2026/09/26 21:35:59.802, 15197
2026/09/26 21:36:00.302, 15197
2026/09/26 21:36:00.802, 15199
2026/09/26 21:36:01.302, 15199
2026/09/26 21:36:01.803, 15199
2026/09/26 21:36:02.303, 15645
2026/09/26 21:36:02.803, 9499
2026/09/26 21:36:03.303, 16465
2026/09/26 21:36:03.803, 16607
2026/09/26 21:36:04.303, 16715
2026/09/26 21:36:04.804, 16851
2026/09/26 21:36:05.304, 17001
2026/09/26 21:36:05.804, 17159
2026/09/26 21:36:06.304, 17243
2026/09/26 21:36:06.804, 18661
2026/09/26 21:36:07.304, 18661
2026/09/26 21:36:07.804, 18661
2026/09/26 21:36:08.305, 18661
2026/09/26 21:36:08.805, 18661
2026/09/26 21:36:09.305, 18661
2026/09/26 21:36:09.805, 18661
2026/09/26 21:36:10.305, 18661
2026/09/26 21:36:10.805, 18661
2026/09/26 21:36:11.305, 18661
2026/09/26 21:36:11.806, 18661
2026/09/26 21:36:12.306, 18661
2026/09/26 21:36:12.806, 18661
2026/09/26 21:36:13.306, 18661
2026/09/26 21:36:13.806, 18661
2026/09/26 21:36:14.306, 18661
2026/09/26 21:36:14.806, 18661
2026/09/26 21:36:15.306, 18661
2026/09/26 21:36:15.807, 18661
2026/09/26 21:36:16.307, 18667
2026/09/26 21:36:16.807, 18667
2026/09/26 21:36:17.307, 19033
2026/09/26 21:36:17.807, 19033
2026/09/26 21:36:18.307, 19033
2026/09/26 21:36:18.807, 19033
2026/09/26 21:36:19.308, 19033
2026/09/26 21:36:19.808, 19033
2026/09/26 21:36:20.308, 19033
2026/09/26 21:36:20.808, 19033
2026/09/26 21:36:21.308, 19033
2026/09/26 21:36:21.808, 19033
2026/09/26 21:36:22.308, 19033
2026/09/26 21:36:22.809, 19033
2026/09/26 21:36:23.309, 19033
2026/09/26 21:36:23.809, 19033
2026/09/26 21:36:24.309, 19033
2026/09/26 21:36:24.809, 19033
2026/09/26 21:36:25.309, 19033
2026/09/26 21:36:25.810, 19033
2026/09/26 21:36:26.310, 19033
2026/09/26 21:36:26.810, 19033
2026/09/26 21:36:27.310, 19033
2026/09/26 21:36:27.810, 19033
2026/09/26 21:36:28.310, 19033
2026/09/26 21:36:28.810, 19033
2026/09/26 21:36:29.311, 19033
2026/09/26 21:36:29.811, 19033
2026/09/26 21:36:30.311, 19033
2026/09/26 21:36:30.811, 19033
2026/09/26 21:36:31.311, 19033
2026/09/26 21:36:31.811, 19033
2026/09/26 21:36:32.312, 19033
2026/09/26 21:36:32.812, 19033
2026/09/26 21:36:33.312, 19033
2026/09/26 21:36:33.812, 19033
2026/09/26 21:36:34.316, 19033
2026/09/26 21:36:34.816, 19033
2026/09/26 21:36:35.316, 19033
2026/09/26 21:36:35.816, 19033
2026/09/26 21:36:36.317, 19033
2026/09/26 21:36:36.817, 19033
2026/09/26 21:36:37.317, 19033
2026/09/26 21:36:37.817, 19033
2026/09/26 21:36:38.317, 19033
2026/09/26 21:36:38.817, 19033
2026/09/26 21:36:39.317, 19033
2026/09/26 21:36:39.818, 19033
2026/09/26 21:36:40.318, 19033
2026/09/26 21:36:40.818, 19033
2026/09/26 21:36:41.318, 19033
2026/09/26 21:36:41.818, 19033
2026/09/26 21:36:42.318, 19033
2026/09/26 21:36:42.818, 19033
2026/09/26 21:36:43.319, 19033
2026/09/26 21:36:43.819, 19033
2026/09/26 21:36:44.319, 19033
2026/09/26 21:36:44.819, 19033
2026/09/26 21:36:45.319, 19033
2026/09/26 21:36:45.819, 19033
2026/09/26 21:36:46.320, 19033
2026/09/26 21:36:46.820, 19033
2026/09/26 21:36:47.320, 19033
2026/09/26 21:36:47.820, 19033
2026/09/26 21:36:48.320, 19033
2026/09/26 21:36:48.820, 19033
2026/09/26 21:36:49.320, 19033
2026/09/26 21:36:49.821, 19033
2026/09/26 21:36:50.321, 19033
2026/09/26 21:36:50.821, 19033
2026/09/26 21:36:51.321, 19033
2026/09/26 21:36:51.821, 19033
2026/09/26 21:36:52.321, 19033
2026/09/26 21:36:52.821, 19033
2026/09/26 21:36:53.322, 19033
2026/09/26 21:36:53.822, 19033
2026/09/26 21:36:54.322, 19033
2026/09/26 21:36:54.822, 19033
2026/09/26 21:36:55.322, 19033
2026/09/26 21:36:55.822, 19033
2026/09/26 21:36:56.323, 19033
2026/09/26 21:36:56.823, 19033
2026/09/26 21:36:57.323, 19033
2026/09/26 21:36:57.823, 19033
2026/09/26 21:36:58.323, 19033
2026/09/26 21:36:58.823, 19033
2026/09/26 21:36:59.324, 19033
2026/09/26 21:36:59.824, 19033
2026/09/26 21:37:00.324, 19033
2026/09/26 21:37:00.824, 19033
2026/09/26 21:37:01.324, 19033
2026/09/26 21:37:01.824, 19033
2026/09/26 21:37:02.324, 19033
2026/09/26 21:37:02.825, 19033
2026/09/26 21:37:03.325, 19033
2026/09/26 21:37:03.825, 19033
2026/09/26 21:37:04.325, 19033
2026/09/26 21:37:04.825, 19033
2026/09/26 21:37:05.325, 19033
2026/09/26 21:37:05.825, 19033
2026/09/26 21:37:06.326, 19033
2026/09/26 21:37:06.826, 19033
2026/09/26 21:37:07.326, 19033
2026/09/26 21:37:07.826, 19033
2026/09/26 21:37:08.326, 19033
2026/09/26 21:37:08.826, 19033
2026/09/26 21:37:09.327, 19033
2026/09/26 21:37:09.827, 19033
2026/09/26 21:37:10.327, 19033
2026/09/26 21:37:10.827, 19033
2026/09/26 21:37:11.327, 19033
2026/09/26 21:37:11.827, 19033
2026/09/26 21:37:12.327, 19033
2026/09/26 21:37:12.828, 19033
2026/09/26 21:37:13.328, 19033
2026/09/26 21:37:13.828, 19033
2026/09/26 21:37:14.328, 19033
2026/09/26 21:37:14.828, 19033
2026/09/26 21:37:15.328, 19033
2026/09/26 21:37:15.828, 19033
2026/09/26 21:37:16.329, 19033
2026/09/26 21:37:16.829, 19033
2026/09/26 21:37:17.329, 19033
2026/09/26 21:37:17.829, 19033
2026/09/26 21:37:18.329, 19033
2026/09/26 21:37:18.829, 19033
2026/09/26 21:37:19.329, 19033
2026/09/26 21:37:19.830, 19033
2026/09/26 21:37:20.330, 19033
2026/09/26 21:37:20.830, 19033
2026/09/26 21:37:21.330, 19033
2026/09/26 21:37:21.830, 19033
2026/09/26 21:37:22.330, 19033
2026/09/26 21:37:22.831, 19033
2026/09/26 21:37:23.331, 19033
2026/09/26 21:37:23.831, 19033
2026/09/26 21:37:24.331, 19033
2026/09/26 21:37:24.831, 19033
2026/09/26 21:37:25.331, 19033
2026/09/26 21:37:25.831, 19033
2026/09/26 21:37:26.332, 19033
2026/09/26 21:37:26.832, 19033
2026/09/26 21:37:27.332, 19033
2026/09/26 21:37:27.832, 19033
2026/09/26 21:37:28.332, 19033
2026/09/26 21:37:28.832, 19033
2026/09/26 21:37:29.333, 19033
2026/09/26 21:37:29.833, 19033
2026/09/26 21:37:30.333, 19033
2026/09/26 21:37:30.833, 19033
2026/09/26 21:37:31.333, 19033
2026/09/26 21:37:31.833, 19033
2026/09/26 21:37:32.334, 19033
2026/09/26 21:37:32.834, 19033
2026/09/26 21:37:33.334, 19033
2026/09/26 21:37:33.834, 19033
2026/09/26 21:37:34.334, 19033
2026/09/26 21:37:34.834, 19033
2026/09/26 21:37:35.335, 19033
2026/09/26 21:37:35.835, 19033
2026/09/26 21:37:36.335, 19033
2026/09/26 21:37:36.835, 19033
2026/09/26 21:37:37.335, 19033
2026/09/26 21:37:37.835, 19033
2026/09/26 21:37:38.335, 19033
2026/09/26 21:37:38.836, 19033
2026/09/26 21:37:39.336, 19033
2026/09/26 21:37:39.836, 19033
2026/09/26 21:37:40.336, 19033
2026/09/26 21:37:40.836, 19033
2026/09/26 21:37:41.337, 19033
2026/09/26 21:37:41.837, 19033
2026/09/26 21:37:42.337, 19033
2026/09/26 21:37:42.837, 19033
2026/09/26 21:37:43.337, 19033
2026/09/26 21:37:43.837, 19033
2026/09/26 21:37:44.338, 19033
2026/09/26 21:37:44.838, 19033
2026/09/26 21:37:45.338, 19033
2026/09/26 21:37:45.838, 19033
2026/09/26 21:37:46.338, 19033
2026/09/26 21:37:46.838, 19033
2026/09/26 21:37:47.339, 19033
2026/09/26 21:37:47.839, 19033
2026/09/26 21:37:48.339, 19033
2026/09/26 21:37:48.839, 19033
2026/09/26 21:37:49.339, 19033
2026/09/26 21:37:49.839, 19033
2026/09/26 21:37:50.339, 19033
2026/09/26 21:37:50.840, 19033
2026/09/26 21:37:51.340, 19033
2026/09/26 21:37:51.840, 19033
2026/09/26 21:37:52.340, 19033
2026/09/26 21:37:52.840, 19033
2026/09/26 21:37:53.340, 19033
2026/09/26 21:37:53.841, 19033
2026/09/26 21:37:54.341, 19033
2026/09/26 21:37:54.841, 19033
2026/09/26 21:37:55.341, 19033
2026/09/26 21:37:55.841, 19033
2026/09/26 21:37:56.341, 19033
2026/09/26 21:37:56.841, 19033
2026/09/26 21:37:57.342, 19033
2026/09/26 21:37:57.842, 19033
2026/09/26 21:37:58.342, 19033
2026/09/26 21:37:58.842, 19033
2026/09/26 21:37:59.342, 19033
2026/09/26 21:37:59.842, 19033
2026/09/26 21:38:00.342, 19033
2026/09/26 21:38:00.843, 19033
2026/09/26 21:38:01.343, 19033
2026/09/26 21:38:01.843, 19033
2026/09/26 21:38:02.343, 19033
2026/09/26 21:38:02.843, 19033
2026/09/26 21:38:03.343, 19033
2026/09/26 21:38:03.844, 19033
2026/09/26 21:38:04.344, 19033
2026/09/26 21:38:04.844, 19033
2026/09/26 21:38:05.344, 19033
2026/09/26 21:38:05.844, 19033
2026/09/26 21:38:06.344, 19033
2026/09/26 21:38:06.844, 19033
2026/09/26 21:38:07.345, 19033
2026/09/26 21:38:07.845, 19033
2026/09/26 21:38:08.345, 19033
2026/09/26 21:38:08.845, 19033
2026/09/26 21:38:09.345, 19033
2026/09/26 21:38:09.845, 19033
2026/09/26 21:38:10.346, 19033
2026/09/26 21:38:10.846, 19033
2026/09/26 21:38:11.346, 19033
2026/09/26 21:38:11.846, 19033
2026/09/26 21:38:12.346, 19033
2026/09/26 21:38:12.846, 19033
2026/09/26 21:38:13.346, 19033
2026/09/26 21:38:13.847, 19033
2026/09/26 21:38:14.347, 19033
2026/09/26 21:38:14.847, 19033
2026/09/26 21:38:15.347, 19033
2026/09/26 21:38:15.847, 19033
2026/09/26 21:38:16.347, 19033
2026/09/26 21:38:16.848, 19033
2026/09/26 21:38:17.348, 19033
2026/09/26 21:38:17.848, 19033
2026/09/26 21:38:18.348, 19033
2026/09/26 21:38:18.848, 19033
2026/09/26 21:38:19.348, 19033
2026/09/26 21:38:19.848, 19033
2026/09/26 21:38:20.349, 19033
2026/09/26 21:38:20.849, 19033
2026/09/26 21:38:21.349, 19033
2026/09/26 21:38:21.849, 19033
2026/09/26 21:38:22.349, 19033
2026/09/26 21:38:22.849, 19033
2026/09/26 21:38:23.349, 19033
2026/09/26 21:38:23.850, 19033
2026/09/26 21:38:24.350, 19033
2026/09/26 21:38:24.850, 19033
2026/09/26 21:38:25.350, 19033
2026/09/26 21:38:25.850, 19033
2026/09/26 21:38:26.350, 19033
2026/09/26 21:38:26.851, 19033
2026/09/26 21:38:27.351, 19033
2026/09/26 21:38:27.851, 19033
2026/09/26 21:38:28.351, 19033
2026/09/26 21:38:28.851, 19033
2026/09/26 21:38:29.351, 19033
2026/09/26 21:38:29.852, 19033
2026/09/26 21:38:30.352, 19033
2026/09/26 21:38:30.852, 19033
2026/09/26 21:38:31.352, 19033
2026/09/26 21:38:31.852, 19033
2026/09/26 21:38:32.353, 19033
2026/09/26 21:38:32.853, 19033
2026/09/26 21:38:33.353, 19033
2026/09/26 21:38:33.853, 19033
2026/09/26 21:38:34.353, 19033
2026/09/26 21:38:34.853, 19033
2026/09/26 21:38:35.358, 19033
2026/09/26 21:38:35.858, 19033
2026/09/26 21:38:36.359, 19033
2026/09/26 21:38:36.859, 19033
2026/09/26 21:38:37.359, 19033
2026/09/26 21:38:37.859, 19033
2026/09/26 21:38:38.359, 19033
2026/09/26 21:38:38.859, 19033
2026/09/26 21:38:39.359, 19033
2026/09/26 21:38:39.859, 19033
2026/09/26 21:38:40.360, 19033
2026/09/26 21:38:40.860, 19033
2026/09/26 21:38:41.360, 19033
2026/09/26 21:38:41.860, 19033
2026/09/26 21:38:42.360, 19033
2026/09/26 21:38:42.860, 19033
2026/09/26 21:38:43.360, 19033
2026/09/26 21:38:43.861, 19033
2026/09/26 21:38:44.361, 19033
2026/09/26 21:38:44.861, 19033
2026/09/26 21:38:45.361, 19033
2026/09/26 21:38:45.861, 19033
2026/09/26 21:38:46.361, 19033
2026/09/26 21:38:46.861, 19033
2026/09/26 21:38:47.361, 19033
2026/09/26 21:38:47.861, 19033
2026/09/26 21:38:48.362, 19033
2026/09/26 21:38:48.862, 19033
2026/09/26 21:38:49.362, 19033
2026/09/26 21:38:49.862, 19033
2026/09/26 21:38:50.362, 19033
2026/09/26 21:38:50.862, 19033
2026/09/26 21:38:51.362, 19033
2026/09/26 21:38:51.862, 19033
2026/09/26 21:38:52.363, 19033
2026/09/26 21:38:52.863, 19033
2026/09/26 21:38:53.363, 19033
2026/09/26 21:38:53.863, 19033
2026/09/26 21:38:54.363, 19033
2026/09/26 21:38:54.863, 19033
2026/09/26 21:38:55.363, 19033
2026/09/26 21:38:55.864, 19033
2026/09/26 21:38:56.364, 19033
2026/09/26 21:38:56.864, 19033
2026/09/26 21:38:57.364, 19033
2026/09/26 21:38:57.864, 19033
2026/09/26 21:38:58.364, 19033
2026/09/26 21:38:58.864, 19033
2026/09/26 21:38:59.365, 19033
2026/09/26 21:38:59.865, 19033
2026/09/26 21:39:00.365, 19033
2026/09/26 21:39:00.865, 19033
2026/09/26 21:39:01.365, 19033
2026/09/26 21:39:01.865, 19033
2026/09/26 21:39:02.365, 19033
2026/09/26 21:39:02.865, 19033
2026/09/26 21:39:03.366, 19033
2026/09/26 21:39:03.866, 19033
2026/09/26 21:39:04.366, 19033
2026/09/26 21:39:04.866, 19033
2026/09/26 21:39:05.366, 19033
2026/09/26 21:39:05.866, 19033
2026/09/26 21:39:06.366, 19033
2026/09/26 21:39:06.867, 19033
2026/09/26 21:39:07.367, 19033
2026/09/26 21:39:07.867, 19033
2026/09/26 21:39:08.367, 19033
2026/09/26 21:39:08.867, 19033
2026/09/26 21:39:09.367, 19033
2026/09/26 21:39:09.868, 19033
2026/09/26 21:39:10.368, 19033
2026/09/26 21:39:10.868, 19033
2026/09/26 21:39:11.368, 19033
2026/09/26 21:39:11.868, 19033
2026/09/26 21:39:12.368, 19033
2026/09/26 21:39:12.869, 19033
2026/09/26 21:39:13.369, 19033
2026/09/26 21:39:13.869, 19033
2026/09/26 21:39:14.370, 19033
2026/09/26 21:39:14.870, 19033
2026/09/26 21:39:15.370, 19033
2026/09/26 21:39:15.870, 19033
2026/09/26 21:39:16.370, 19033
2026/09/26 21:39:16.870, 19033
2026/09/26 21:39:17.370, 19033
2026/09/26 21:39:17.871, 19033
2026/09/26 21:39:18.371, 19033
2026/09/26 21:39:18.871, 19033
2026/09/26 21:39:19.371, 19033
2026/09/26 21:39:19.871, 19033
2026/09/26 21:39:20.371, 19033
2026/09/26 21:39:20.871, 19033
2026/09/26 21:39:21.372, 19033
2026/09/26 21:39:21.872, 19033
2026/09/26 21:39:22.372, 19033
2026/09/26 21:39:22.872, 19033
2026/09/26 21:39:23.372, 19033
2026/09/26 21:39:23.872, 19033
2026/09/26 21:39:24.372, 19033
2026/09/26 21:39:24.873, 19033
2026/09/26 21:39:25.373, 19033
2026/09/26 21:39:25.873, 19033
2026/09/26 21:39:26.373, 19033
2026/09/26 21:39:26.873, 19033
2026/09/26 21:39:27.373, 19033
2026/09/26 21:39:27.874, 19033
2026/09/26 21:39:28.374, 19033
2026/09/26 21:39:28.874, 19033
2026/09/26 21:39:29.374, 19033
2026/09/26 21:39:29.874, 19033
2026/09/26 21:39:30.374, 19033
2026/09/26 21:39:30.874, 19033
2026/09/26 21:39:31.375, 19033
2026/09/26 21:39:31.875, 19033
2026/09/26 21:39:32.375, 19033
2026/09/26 21:39:32.875, 19033
2026/09/26 21:39:33.375, 19033
2026/09/26 21:39:33.875, 19033
2026/09/26 21:39:34.375, 19033
2026/09/26 21:39:34.876, 19033
2026/09/26 21:39:35.376, 19033
2026/09/26 21:39:35.876, 19033
2026/09/26 21:39:36.376, 19033
2026/09/26 21:39:36.876, 19033
2026/09/26 21:39:37.377, 19033
2026/09/26 21:39:37.877, 19033
2026/09/26 21:39:38.377, 19033
2026/09/26 21:39:38.877, 19033
2026/09/26 21:39:39.377, 19033
2026/09/26 21:39:39.877, 19033
2026/09/26 21:39:40.377, 19033
2026/09/26 21:39:40.878, 19033
2026/09/26 21:39:41.378, 19033
2026/09/26 21:39:41.878, 19033
2026/09/26 21:39:42.378, 19033
2026/09/26 21:39:42.878, 19033
2026/09/26 21:39:43.378, 19033
2026/09/26 21:39:43.879, 19033
2026/09/26 21:39:44.379, 19033
2026/09/26 21:39:44.879, 19033
2026/09/26 21:39:45.379, 19033
2026/09/26 21:39:45.879, 19033
2026/09/26 21:39:46.379, 19033
2026/09/26 21:39:46.880, 19033
2026/09/26 21:39:47.380, 19033
2026/09/26 21:39:47.880, 19033
2026/09/26 21:39:48.380, 19033
2026/09/26 21:39:48.880, 19033
2026/09/26 21:39:49.380, 19033
2026/09/26 21:39:49.880, 19033
2026/09/26 21:39:50.381, 19033
2026/09/26 21:39:50.881, 19033
2026/09/26 21:39:51.381, 19033
2026/09/26 21:39:51.881, 19033
2026/09/26 21:39:52.381, 19033
2026/09/26 21:39:52.882, 19033
2026/09/26 21:39:53.382, 19033
2026/09/26 21:39:53.882, 19033
2026/09/26 21:39:54.382, 19033
2026/09/26 21:39:54.882, 19033
2026/09/26 21:39:55.382, 19033
2026/09/26 21:39:55.882, 19033
2026/09/26 21:39:56.383, 19033
2026/09/26 21:39:56.883, 19033
2026/09/26 21:39:57.383, 19033
2026/09/26 21:39:57.883, 19033
2026/09/26 21:39:58.383, 19033
2026/09/26 21:39:58.883, 19033
2026/09/26 21:39:59.384, 19033
2026/09/26 21:39:59.884, 19033
2026/09/26 21:40:00.384, 19033
2026/09/26 21:40:00.884, 19033
2026/09/26 21:40:01.384, 19033
2026/09/26 21:40:01.884, 19033
2026/09/26 21:40:02.385, 19033
2026/09/26 21:40:02.885, 19033
2026/09/26 21:40:03.385, 19033
2026/09/26 21:40:03.885, 19033
2026/09/26 21:40:04.385, 19033
2026/09/26 21:40:04.885, 19033
2026/09/26 21:40:05.385, 19033
2026/09/26 21:40:05.886, 19033
2026/09/26 21:40:06.386, 19033
2026/09/26 21:40:06.886, 19033
2026/09/26 21:40:07.386, 19033
2026/09/26 21:40:07.886, 19033
2026/09/26 21:40:08.386, 19033
2026/09/26 21:40:08.887, 19033
2026/09/26 21:40:09.387, 19033
2026/09/26 21:40:09.887, 19033
2026/09/26 21:40:10.387, 19033
2026/09/26 21:40:10.887, 19033
2026/09/26 21:40:11.387, 19033
2026/09/26 21:40:11.888, 19033
2026/09/26 21:40:12.388, 19033
2026/09/26 21:40:12.888, 19033
2026/09/26 21:40:13.388, 19033
2026/09/26 21:40:13.888, 19033
2026/09/26 21:40:14.388, 19033
2026/09/26 21:40:14.888, 19033
2026/09/26 21:40:15.389, 19033
2026/09/26 21:40:15.889, 19033
2026/09/26 21:40:16.389, 19033
2026/09/26 21:40:16.889, 19033
2026/09/26 21:40:17.389, 19033
2026/09/26 21:40:17.889, 19033
2026/09/26 21:40:18.389, 19033
2026/09/26 21:40:18.890, 19033
2026/09/26 21:40:19.390, 19033
2026/09/26 21:40:19.890, 19033
2026/09/26 21:40:20.390, 19033
2026/09/26 21:40:20.890, 19033
2026/09/26 21:40:21.390, 19033
2026/09/26 21:40:21.890, 19033
2026/09/26 21:40:22.391, 19033
2026/09/26 21:40:22.891, 19033
2026/09/26 21:40:23.391, 19033
2026/09/26 21:40:23.891, 19033
2026/09/26 21:40:24.391, 19033
2026/09/26 21:40:24.891, 19033
2026/09/26 21:40:25.391, 19033
2026/09/26 21:40:25.892, 19033
2026/09/26 21:40:26.392, 19033
2026/09/26 21:40:26.892, 19033
2026/09/26 21:40:27.392, 19033
2026/09/26 21:40:27.892, 19033
2026/09/26 21:40:28.392, 19033
2026/09/26 21:40:28.892, 19033
2026/09/26 21:40:29.392, 19033
2026/09/26 21:40:29.893, 19033
2026/09/26 21:40:30.393, 19033
2026/09/26 21:40:30.893, 19033
2026/09/26 21:40:31.393, 19033
2026/09/26 21:40:31.893, 19033
2026/09/26 21:40:32.393, 19033
2026/09/26 21:40:32.894, 19033
2026/09/26 21:40:33.394, 19033
2026/09/26 21:40:33.894, 19033
2026/09/26 21:40:34.394, 19033
2026/09/26 21:40:34.894, 19033
2026/09/26 21:40:35.394, 19033
2026/09/26 21:40:35.894, 19033
2026/09/26 21:40:36.394, 19033
2026/09/26 21:40:36.895, 19033
2026/09/26 21:40:37.395, 19033
2026/09/26 21:40:37.895, 19033
2026/09/26 21:40:38.395, 19033
2026/09/26 21:40:38.895, 19033
2026/09/26 21:40:39.395, 19033
2026/09/26 21:40:39.896, 19033
2026/09/26 21:40:40.396, 19033
2026/09/26 21:40:40.896, 19033
2026/09/26 21:40:41.396, 19033
2026/09/26 21:40:41.896, 19033
2026/09/26 21:40:42.396, 19033
2026/09/26 21:40:42.896, 19033
2026/09/26 21:40:43.397, 19033
2026/09/26 21:40:43.897, 19033
2026/09/26 21:40:44.397, 19033
2026/09/26 21:40:44.897, 19033
2026/09/26 21:40:45.397, 19033
2026/09/26 21:40:45.906, 19033
2026/09/26 21:40:46.406, 19033
2026/09/26 21:40:46.906, 19033
2026/09/26 21:40:47.407, 19033
2026/09/26 21:40:47.907, 19033
2026/09/26 21:40:48.407, 19033
2026/09/26 21:40:48.907, 19033
2026/09/26 21:40:49.407, 19033
2026/09/26 21:40:49.907, 19033
2026/09/26 21:40:50.407, 19033
2026/09/26 21:40:50.908, 19033
2026/09/26 21:40:51.408, 19033
2026/09/26 21:40:51.908, 19033
2026/09/26 21:40:52.408, 19033
2026/09/26 21:40:52.908, 19033
2026/09/26 21:40:53.408, 19033
2026/09/26 21:40:53.909, 19033
2026/09/26 21:40:54.409, 19033
2026/09/26 21:40:54.909, 19033
2026/09/26 21:40:55.409, 19033
2026/09/26 21:40:55.909, 19033
2026/09/26 21:40:56.409, 19033
2026/09/26 21:40:56.909, 19033
2026/09/26 21:40:57.410, 19033
2026/09/26 21:40:57.910, 19033
2026/09/26 21:40:58.410, 19033
2026/09/26 21:40:58.910, 19033
2026/09/26 21:40:59.411, 19033
2026/09/26 21:40:59.911, 19033
2026/09/26 21:41:00.411, 19033
2026/09/26 21:41:00.911, 19033
2026/09/26 21:41:01.411, 19033
2026/09/26 21:41:01.912, 19033
2026/09/26 21:41:02.412, 19033
2026/09/26 21:41:02.912, 19033
2026/09/26 21:41:03.412, 19033
2026/09/26 21:41:03.912, 19033
2026/09/26 21:41:04.412, 19033
2026/09/26 21:41:04.913, 19033
2026/09/26 21:41:05.413, 19033
2026/09/26 21:41:05.913, 19033
2026/09/26 21:41:06.413, 19033
2026/09/26 21:41:06.913, 19033
2026/09/26 21:41:07.413, 19033
2026/09/26 21:41:07.914, 19033
2026/09/26 21:41:08.414, 19033
2026/09/26 21:41:08.914, 19033
2026/09/26 21:41:09.414, 19033
2026/09/26 21:41:09.914, 19033
2026/09/26 21:41:10.414, 19033
2026/09/26 21:41:10.914, 19033
2026/09/26 21:41:11.415, 19033
2026/09/26 21:41:11.915, 19033
2026/09/26 21:41:12.415, 19033
2026/09/26 21:41:12.915, 19033
2026/09/26 21:41:13.415, 19033
2026/09/26 21:41:13.915, 19033
2026/09/26 21:41:14.416, 19033
2026/09/26 21:41:14.916, 19033
2026/09/26 21:41:15.416, 19033
2026/09/26 21:41:15.916, 19033
2026/09/26 21:41:16.416, 19033
2026/09/26 21:41:16.916, 19033
2026/09/26 21:41:17.416, 19033
2026/09/26 21:41:17.917, 19033
2026/09/26 21:41:18.417, 19033
2026/09/26 21:41:18.917, 19033
2026/09/26 21:41:19.417, 19033
2026/09/26 21:41:19.917, 19033
2026/09/26 21:41:20.417, 19033
2026/09/26 21:41:20.918, 19033
2026/09/26 21:41:21.418, 19033
2026/09/26 21:41:21.918, 19033
2026/09/26 21:41:22.418, 19033
2026/09/26 21:41:22.918, 19033
2026/09/26 21:41:23.418, 19033
2026/09/26 21:41:23.918, 19033
2026/09/26 21:41:24.419, 19033
2026/09/26 21:41:24.919, 19033
2026/09/26 21:41:25.419, 19033
2026/09/26 21:41:25.919, 19033
2026/09/26 21:41:26.419, 19033
2026/09/26 21:41:26.919, 19033
2026/09/26 21:41:27.420, 19033
2026/09/26 21:41:27.920, 19033
2026/09/26 21:41:28.420, 19033
2026/09/26 21:41:28.920, 19033
2026/09/26 21:41:29.420, 19033
2026/09/26 21:41:29.920, 19033
2026/09/26 21:41:30.420, 19033
2026/09/26 21:41:30.921, 19033
2026/09/26 21:41:31.421, 19033
2026/09/26 21:41:31.921, 19033
2026/09/26 21:41:32.421, 19033
2026/09/26 21:41:32.921, 19033
2026/09/26 21:41:33.421, 19033
2026/09/26 21:41:33.922, 19033
2026/09/26 21:41:34.422, 19033
2026/09/26 21:41:34.922, 19033
2026/09/26 21:41:35.422, 19033
2026/09/26 21:41:35.922, 19033
2026/09/26 21:41:36.422, 19033
2026/09/26 21:41:36.923, 19033
2026/09/26 21:41:37.423, 19033
2026/09/26 21:41:37.923, 19033
2026/09/26 21:41:38.423, 19033
2026/09/26 21:41:38.923, 19033
2026/09/26 21:41:39.423, 19033
2026/09/26 21:41:39.924, 19033
2026/09/26 21:41:40.424, 19033
2026/09/26 21:41:40.924, 19033
2026/09/26 21:41:41.424, 19033
2026/09/26 21:41:41.924, 19033
2026/09/26 21:41:42.424, 19033
2026/09/26 21:41:42.925, 19033
2026/09/26 21:41:43.425, 19033
2026/09/26 21:41:43.925, 19033
2026/09/26 21:41:44.425, 19033
2026/09/26 21:41:44.925, 19033
2026/09/26 21:41:45.425, 19033
2026/09/26 21:41:45.926, 19033
2026/09/26 21:41:46.426, 19033
2026/09/26 21:41:46.926, 19033
2026/09/26 21:41:47.426, 19033
2026/09/26 21:41:47.926, 19033
2026/09/26 21:41:48.426, 19033
2026/09/26 21:41:48.927, 19033
2026/09/26 21:41:49.427, 19033
2026/09/26 21:41:49.927, 19033
2026/09/26 21:41:50.427, 19033
2026/09/26 21:41:50.927, 19033
2026/09/26 21:41:51.427, 19033
2026/09/26 21:41:51.928, 19033
2026/09/26 21:41:52.428, 19033
2026/09/26 21:41:52.928, 19033
2026/09/26 21:41:53.428, 19033
2026/09/26 21:41:53.928, 19033
2026/09/26 21:41:54.428, 19033
2026/09/26 21:41:54.929, 19033
2026/09/26 21:41:55.429, 19033
2026/09/26 21:41:55.929, 19033
2026/09/26 21:41:56.429, 19033
2026/09/26 21:41:56.929, 19033
2026/09/26 21:41:57.429, 19033
2026/09/26 21:41:57.930, 19033
2026/09/26 21:41:58.430, 19033
2026/09/26 21:41:58.930, 19033
2026/09/26 21:41:59.430, 19033
2026/09/26 21:41:59.930, 19033
2026/09/26 21:42:00.430, 19033
2026/09/26 21:42:00.931, 19033
2026/09/26 21:42:01.431, 19033
2026/09/26 21:42:01.931, 19033
2026/09/26 21:42:02.431, 19033
2026/09/26 21:42:02.931, 19033
2026/09/26 21:42:03.431, 19033
2026/09/26 21:42:03.932, 19033
2026/09/26 21:42:04.432, 19033
2026/09/26 21:42:04.932, 19033
2026/09/26 21:42:05.432, 19033
2026/09/26 21:42:05.932, 19033
2026/09/26 21:42:06.432, 19033
2026/09/26 21:42:06.933, 19033
2026/09/26 21:42:07.433, 19033
2026/09/26 21:42:07.933, 19033
2026/09/26 21:42:08.433, 19033
2026/09/26 21:42:08.933, 19033
2026/09/26 21:42:09.433, 19033
2026/09/26 21:42:09.934, 19033
2026/09/26 21:42:10.434, 19033
2026/09/26 21:42:10.934, 19033
2026/09/26 21:42:11.434, 19033
2026/09/26 21:42:11.934, 19033
2026/09/26 21:42:12.434, 19033
2026/09/26 21:42:12.935, 19033
2026/09/26 21:42:13.435, 19033
2026/09/26 21:42:13.935, 19033
2026/09/26 21:42:14.435, 19033
2026/09/26 21:42:14.935, 19033
2026/09/26 21:42:15.435, 19033
2026/09/26 21:42:15.935, 19033
2026/09/26 21:42:16.436, 19033
2026/09/26 21:42:16.936, 19033
2026/09/26 21:42:17.436, 19033
2026/09/26 21:42:17.936, 19033
2026/09/26 21:42:18.436, 19033
2026/09/26 21:42:18.936, 19033
2026/09/26 21:42:19.437, 19033
2026/09/26 21:42:19.937, 19033
2026/09/26 21:42:20.437, 19033
2026/09/26 21:42:20.937, 19033
2026/09/26 21:42:21.437, 19033
2026/09/26 21:42:21.937, 19033
2026/09/26 21:42:22.437, 19033
2026/09/26 21:42:22.937, 19033
2026/09/26 21:42:23.438, 19033
2026/09/26 21:42:23.938, 19033
2026/09/26 21:42:24.438, 19033
2026/09/26 21:42:24.938, 19033
2026/09/26 21:42:25.438, 19033
2026/09/26 21:42:25.938, 19033
2026/09/26 21:42:26.439, 19033
2026/09/26 21:42:26.939, 19033
2026/09/26 21:42:27.439, 19033
2026/09/26 21:42:27.939, 19033
2026/09/26 21:42:28.439, 19033
2026/09/26 21:42:28.939, 19033
2026/09/26 21:42:29.439, 19033
2026/09/26 21:42:29.940, 19033
2026/09/26 21:42:30.440, 19033
2026/09/26 21:42:30.940, 19033
2026/09/26 21:42:31.440, 19033
2026/09/26 21:42:31.940, 19033
2026/09/26 21:42:32.440, 19033
2026/09/26 21:42:32.941, 19033
2026/09/26 21:42:33.441, 19033
2026/09/26 21:42:33.941, 19033
2026/09/26 21:42:34.441, 19033
2026/09/26 21:42:34.941, 19033
2026/09/26 21:42:35.441, 19033
2026/09/26 21:42:35.941, 19033
2026/09/26 21:42:36.442, 19033
2026/09/26 21:42:36.942, 19033
2026/09/26 21:42:37.442, 19033
2026/09/26 21:42:37.942, 19033
2026/09/26 21:42:38.442, 19033
2026/09/26 21:42:38.942, 19033
2026/09/26 21:42:39.443, 19033
2026/09/26 21:42:39.943, 19033
2026/09/26 21:42:40.443, 19033
2026/09/26 21:42:40.943, 19033
2026/09/26 21:42:41.443, 19033
2026/09/26 21:42:41.943, 19033
2026/09/26 21:42:42.444, 19033
2026/09/26 21:42:42.944, 19033
2026/09/26 21:42:43.444, 19033
2026/09/26 21:42:43.944, 19033
2026/09/26 21:42:44.444, 19033
2026/09/26 21:42:44.944, 19033
2026/09/26 21:42:45.444, 19033
2026/09/26 21:42:45.945, 19033
2026/09/26 21:42:46.445, 19033
2026/09/26 21:42:46.945, 19033
2026/09/26 21:42:47.445, 19033
2026/09/26 21:42:47.945, 19033
2026/09/26 21:42:48.445, 19033
2026/09/26 21:42:48.946, 19033
2026/09/26 21:42:49.446, 19033
2026/09/26 21:42:49.946, 19033
2026/09/26 21:42:50.446, 19033
2026/09/26 21:42:50.946, 19033
2026/09/26 21:42:51.446, 19033
2026/09/26 21:42:51.947, 19033
2026/09/26 21:42:52.447, 19033
2026/09/26 21:42:52.947, 19033
2026/09/26 21:42:53.447, 19033
2026/09/26 21:42:53.947, 19033
2026/09/26 21:42:54.448, 19033
2026/09/26 21:42:54.948, 19033
2026/09/26 21:42:55.448, 19033
2026/09/26 21:42:55.948, 19033
2026/09/26 21:42:56.448, 19033
2026/09/26 21:42:56.948, 19033
2026/09/26 21:42:57.448, 19033
2026/09/26 21:42:57.949, 19033
2026/09/26 21:42:58.449, 19033
2026/09/26 21:42:58.949, 19033
2026/09/26 21:42:59.449, 19033
2026/09/26 21:42:59.949, 19033
2026/09/26 21:43:00.449, 19033
2026/09/26 21:43:00.950, 19033
2026/09/26 21:43:01.450, 19033
2026/09/26 21:43:01.950, 19033
2026/09/26 21:43:02.450, 19033
2026/09/26 21:43:02.950, 19033
2026/09/26 21:43:03.450, 19033
2026/09/26 21:43:03.950, 19033
2026/09/26 21:43:04.451, 19033
2026/09/26 21:43:04.951, 19033
2026/09/26 21:43:05.451, 19033
2026/09/26 21:43:05.951, 19033
2026/09/26 21:43:06.451, 19033
2026/09/26 21:43:06.951, 19033
2026/09/26 21:43:07.451, 19033
2026/09/26 21:43:07.952, 19033
2026/09/26 21:43:08.452, 19033
2026/09/26 21:43:08.952, 19033
2026/09/26 21:43:09.452, 19033
2026/09/26 21:43:09.952, 19033
2026/09/26 21:43:10.452, 19033
2026/09/26 21:43:10.953, 19033
2026/09/26 21:43:11.453, 19033
2026/09/26 21:43:11.953, 19033
2026/09/26 21:43:12.453, 19033
2026/09/26 21:43:12.953, 19033
2026/09/26 21:43:13.453, 19033
2026/09/26 21:43:13.953, 19033
2026/09/26 21:43:14.454, 19033
2026/09/26 21:43:14.954, 19033
2026/09/26 21:43:15.454, 19033
2026/09/26 21:43:15.954, 19033
2026/09/26 21:43:16.454, 19033
2026/09/26 21:43:16.954, 19033
2026/09/26 21:43:17.454, 19033
2026/09/26 21:43:17.954, 19033
2026/09/26 21:43:18.455, 19033
2026/09/26 21:43:18.955, 19033
2026/09/26 21:43:19.455, 19033
2026/09/26 21:43:19.955, 19033
2026/09/26 21:43:20.455, 19033
2026/09/26 21:43:20.956, 19033
2026/09/26 21:43:21.456, 19033
2026/09/26 21:43:21.956, 19033
2026/09/26 21:43:22.456, 19033
2026/09/26 21:43:22.956, 19033
2026/09/26 21:43:23.456, 19033
2026/09/26 21:43:23.957, 19033
2026/09/26 21:43:24.457, 19033
2026/09/26 21:43:24.957, 19033
2026/09/26 21:43:25.457, 19033
2026/09/26 21:43:25.957, 19033
2026/09/26 21:43:26.457, 19033
2026/09/26 21:43:26.957, 19033
2026/09/26 21:43:27.458, 19033
2026/09/26 21:43:27.958, 19033
2026/09/26 21:43:28.458, 19033
2026/09/26 21:43:28.958, 19033
2026/09/26 21:43:29.458, 19033
2026/09/26 21:43:29.958, 19033
2026/09/26 21:43:30.459, 19033
2026/09/26 21:43:30.959, 19033
2026/09/26 21:43:31.459, 19033
2026/09/26 21:43:31.959, 19033
2026/09/26 21:43:32.459, 19033
2026/09/26 21:43:32.959, 19033
2026/09/26 21:43:33.459, 19033
2026/09/26 21:43:33.960, 19033
2026/09/26 21:43:34.460, 19033
2026/09/26 21:43:34.960, 19033
2026/09/26 21:43:35.460, 19033
2026/09/26 21:43:35.960, 19033
2026/09/26 21:43:36.461, 19033
2026/09/26 21:43:36.961, 19033
2026/09/26 21:43:37.461, 19033
2026/09/26 21:43:37.961, 19033
2026/09/26 21:43:38.461, 19033
2026/09/26 21:43:38.961, 19033
2026/09/26 21:43:39.462, 19033
2026/09/26 21:43:39.962, 19033
2026/09/26 21:43:40.462, 19033
2026/09/26 21:43:40.962, 19033
2026/09/26 21:43:41.462, 19033
2026/09/26 21:43:41.962, 19033
2026/09/26 21:43:42.462, 19033
2026/09/26 21:43:42.963, 19033
2026/09/26 21:43:43.463, 19033
2026/09/26 21:43:43.963, 19033
2026/09/26 21:43:44.463, 19033
2026/09/26 21:43:44.963, 19033
2026/09/26 21:43:45.463, 19033
2026/09/26 21:43:45.964, 19033
2026/09/26 21:43:46.464, 19033
2026/09/26 21:43:46.964, 19033
2026/09/26 21:43:47.464, 19033
2026/09/26 21:43:47.964, 19033
2026/09/26 21:43:48.464, 19033
2026/09/26 21:43:48.964, 19033
2026/09/26 21:43:49.465, 19033
2026/09/26 21:43:49.965, 19033
2026/09/26 21:43:50.465, 19033
2026/09/26 21:43:50.965, 19033
2026/09/26 21:43:51.465, 19033
2026/09/26 21:43:51.965, 19033
2026/09/26 21:43:52.465, 19033
2026/09/26 21:43:52.966, 19033
2026/09/26 21:43:53.466, 19033
2026/09/26 21:43:53.966, 19033
2026/09/26 21:43:54.466, 19033
2026/09/26 21:43:54.966, 19033
2026/09/26 21:43:55.466, 19033
2026/09/26 21:43:55.966, 19033
2026/09/26 21:43:56.467, 19033
2026/09/26 21:43:56.967, 19033
2026/09/26 21:43:57.467, 19033
2026/09/26 21:43:57.967, 19033
2026/09/26 21:43:58.467, 19033
2026/09/26 21:43:58.967, 19033
2026/09/26 21:43:59.467, 19033
2026/09/26 21:43:59.968, 19033
2026/09/26 21:44:00.468, 19033
2026/09/26 21:44:00.968, 19033
2026/09/26 21:44:01.468, 19033
2026/09/26 21:44:01.968, 19033
2026/09/26 21:44:02.468, 19033
2026/09/26 21:44:02.969, 19033
2026/09/26 21:44:03.469, 19033
2026/09/26 21:44:03.969, 19033
2026/09/26 21:44:04.469, 19033
2026/09/26 21:44:04.969, 19033
2026/09/26 21:44:05.469, 19033
2026/09/26 21:44:05.969, 19033
2026/09/26 21:44:06.470, 19033
2026/09/26 21:44:06.970, 19033
2026/09/26 21:44:07.470, 19033
2026/09/26 21:44:07.970, 19033
2026/09/26 21:44:08.470, 19033
2026/09/26 21:44:08.970, 19033
2026/09/26 21:44:09.471, 19033
2026/09/26 21:44:09.971, 19033
2026/09/26 21:44:10.471, 19033
2026/09/26 21:44:10.971, 19033
2026/09/26 21:44:11.471, 19033
2026/09/26 21:44:11.971, 19033
2026/09/26 21:44:12.471, 19033
2026/09/26 21:44:12.972, 19033
2026/09/26 21:44:13.472, 19033
2026/09/26 21:44:13.972, 19033
2026/09/26 21:44:14.472, 19033
2026/09/26 21:44:14.972, 19033
2026/09/26 21:44:15.472, 19033
2026/09/26 21:44:15.973, 19033
2026/09/26 21:44:16.473, 19033
2026/09/26 21:44:16.973, 19033
2026/09/26 21:44:17.473, 19033
2026/09/26 21:44:17.973, 19033
2026/09/26 21:44:18.473, 19033
2026/09/26 21:44:18.973, 19033
2026/09/26 21:44:19.474, 19033
2026/09/26 21:44:19.974, 19033
2026/09/26 21:44:20.474, 19033
2026/09/26 21:44:20.974, 19033
2026/09/26 21:44:21.474, 19033
2026/09/26 21:44:21.974, 19033
2026/09/26 21:44:22.474, 19033
2026/09/26 21:44:22.975, 19033
2026/09/26 21:44:23.475, 19033
2026/09/26 21:44:23.975, 19033
2026/09/26 21:44:24.475, 19033
2026/09/26 21:44:24.975, 19033
2026/09/26 21:44:25.475, 19033
2026/09/26 21:44:25.975, 19033
2026/09/26 21:44:26.476, 19033
2026/09/26 21:44:26.976, 19033
2026/09/26 21:44:27.476, 19033
2026/09/26 21:44:27.976, 19033
2026/09/26 21:44:28.476, 19033
2026/09/26 21:44:28.976, 19033
2026/09/26 21:44:29.476, 19033
2026/09/26 21:44:29.977, 19033
2026/09/26 21:44:30.477, 19033
2026/09/26 21:44:30.977, 19033
2026/09/26 21:44:31.477, 19033
2026/09/26 21:44:31.977, 19033
2026/09/26 21:44:32.477, 19033
2026/09/26 21:44:32.977, 19033
2026/09/26 21:44:33.478, 19033
2026/09/26 21:44:33.978, 19033
2026/09/26 21:44:34.478, 19033
2026/09/26 21:44:34.978, 19033
2026/09/26 21:44:35.478, 19033
2026/09/26 21:44:35.978, 19033
2026/09/26 21:44:36.478, 19033
2026/09/26 21:44:36.978, 19033
2026/09/26 21:44:37.479, 19033
2026/09/26 21:44:37.979, 19033
2026/09/26 21:44:38.479, 19033
2026/09/26 21:44:38.979, 19033
2026/09/26 21:44:39.479, 19033
2026/09/26 21:44:39.979, 19033
2026/09/26 21:44:40.479, 19033
2026/09/26 21:44:40.980, 19033
2026/09/26 21:44:41.480, 19033
2026/09/26 21:44:41.980, 19033
2026/09/26 21:44:42.480, 19033
2026/09/26 21:44:42.980, 19033
2026/09/26 21:44:43.480, 19033
2026/09/26 21:44:43.980, 19033
2026/09/26 21:44:44.481, 19033
2026/09/26 21:44:44.981, 19033
2026/09/26 21:44:45.481, 19033
2026/09/26 21:44:45.981, 19033
2026/09/26 21:44:46.481, 19033
2026/09/26 21:44:46.981, 19033
2026/09/26 21:44:47.481, 19033
2026/09/26 21:44:47.982, 19033
2026/09/26 21:44:48.482, 19033
2026/09/26 21:44:48.982, 19033
2026/09/26 21:44:49.482, 19033
2026/09/26 21:44:49.982, 19033
2026/09/26 21:44:50.482, 19033
2026/09/26 21:44:50.982, 19033
2026/09/26 21:44:51.483, 19033
2026/09/26 21:44:51.983, 19033
2026/09/26 21:44:52.483, 19033
2026/09/26 21:44:52.983, 19033
2026/09/26 21:44:53.483, 19033
2026/09/26 21:44:53.984, 19033
2026/09/26 21:44:54.484, 19033
2026/09/26 21:44:54.984, 19033
2026/09/26 21:44:55.484, 19033
2026/09/26 21:44:55.984, 19033
2026/09/26 21:44:56.484, 19033
2026/09/26 21:44:56.984, 19033
2026/09/26 21:44:57.485, 19033
2026/09/26 21:44:57.985, 19033
2026/09/26 21:44:58.485, 19033
2026/09/26 21:44:58.985, 19033
2026/09/26 21:44:59.485, 19033
2026/09/26 21:44:59.985, 19033
2026/09/26 21:45:00.485, 19033
2026/09/26 21:45:00.985, 19033
2026/09/26 21:45:01.486, 19033
2026/09/26 21:45:01.986, 19033
2026/09/26 21:45:02.486, 19033
2026/09/26 21:45:02.986, 19033
2026/09/26 21:45:03.486, 19033
2026/09/26 21:45:03.986, 19033
2026/09/26 21:45:04.486, 19033
2026/09/26 21:45:04.987, 19033
2026/09/26 21:45:05.487, 19033
2026/09/26 21:45:05.987, 19033
2026/09/26 21:45:06.487, 19033
2026/09/26 21:45:06.987, 19033
2026/09/26 21:45:07.487, 19033
2026/09/26 21:45:07.988, 19033
2026/09/26 21:45:08.488, 19033
2026/09/26 21:45:08.988, 19033
2026/09/26 21:45:09.488, 19033
2026/09/26 21:45:09.988, 19033
2026/09/26 21:45:10.488, 19033
2026/09/26 21:45:10.988, 19033
2026/09/26 21:45:11.489, 19033
2026/09/26 21:45:11.989, 19033
2026/09/26 21:45:12.489, 19033
2026/09/26 21:45:12.989, 19033
2026/09/26 21:45:13.489, 19033
2026/09/26 21:45:13.989, 19033
2026/09/26 21:45:14.490, 19033
2026/09/26 21:45:14.990, 19033
2026/09/26 21:45:15.490, 19033
2026/09/26 21:45:15.990, 19033
2026/09/26 21:45:16.490, 19033
2026/09/26 21:45:16.990, 19033
2026/09/26 21:45:17.490, 19033
2026/09/26 21:45:17.991, 19033
2026/09/26 21:45:18.491, 19033
2026/09/26 21:45:18.991, 19033
2026/09/26 21:45:19.491, 19033
2026/09/26 21:45:19.991, 19033
2026/09/26 21:45:20.491, 19033
2026/09/26 21:45:20.991, 19033
2026/09/26 21:45:21.492, 19033
2026/09/26 21:45:21.992, 19033
2026/09/26 21:45:22.492, 19033
2026/09/26 21:45:22.992, 19033
2026/09/26 21:45:23.492, 19033
2026/09/26 21:45:23.992, 19033
2026/09/26 21:45:24.493, 19033
2026/09/26 21:45:24.993, 19033
2026/09/26 21:45:25.493, 19033
2026/09/26 21:45:25.993, 19033
2026/09/26 21:45:26.493, 19033
2026/09/26 21:45:26.993, 19033
2026/09/26 21:45:27.493, 19033
2026/09/26 21:45:27.994, 19033
2026/09/26 21:45:28.494, 19033
2026/09/26 21:45:28.994, 19033
2026/09/26 21:45:29.494, 19033
2026/09/26 21:45:29.994, 19033
2026/09/26 21:45:30.494, 19033
2026/09/26 21:45:30.994, 19033
2026/09/26 21:45:31.495, 19033
2026/09/26 21:45:31.995, 19033
2026/09/26 21:45:32.495, 19033
2026/09/26 21:45:32.995, 19033
2026/09/26 21:45:33.495, 19033
2026/09/26 21:45:33.995, 19033
2026/09/26 21:45:34.495, 19033
2026/09/26 21:45:34.996, 19033
2026/09/26 21:45:35.496, 19033
2026/09/26 21:45:35.996, 19033
2026/09/26 21:45:36.496, 19033
2026/09/26 21:45:36.996, 19033
2026/09/26 21:45:37.496, 19033
2026/09/26 21:45:37.996, 19033
2026/09/26 21:45:38.497, 19033
2026/09/26 21:45:38.997, 19033
2026/09/26 21:45:39.497, 19033
2026/09/26 21:45:39.997, 19033
2026/09/26 21:45:40.497, 19033
2026/09/26 21:45:40.997, 19033
2026/09/26 21:45:41.497, 19033
2026/09/26 21:45:41.998, 19033
2026/09/26 21:45:42.498, 19033
2026/09/26 21:45:42.998, 19033
2026/09/26 21:45:43.498, 19033
2026/09/26 21:45:43.998, 19033
2026/09/26 21:45:44.498, 19033
2026/09/26 21:45:44.998, 19033
2026/09/26 21:45:45.498, 19033
2026/09/26 21:45:45.999, 19033
2026/09/26 21:45:46.499, 19033
2026/09/26 21:45:46.999, 19033
2026/09/26 21:45:47.499, 19033
2026/09/26 21:45:47.999, 19033
2026/09/26 21:45:48.499, 19033
2026/09/26 21:45:48.999, 19033
2026/09/26 21:45:49.500, 19033
2026/09/26 21:45:50.000, 19033
2026/09/26 21:45:50.500, 19033
2026/09/26 21:45:51.000, 19033
2026/09/26 21:45:51.500, 19033
2026/09/26 21:45:52.000, 19033
2026/09/26 21:45:52.500, 19033
2026/09/26 21:45:53.000, 19033
2026/09/26 21:45:53.501, 19033
2026/09/26 21:45:54.001, 19033
2026/09/26 21:45:54.501, 19033
2026/09/26 21:45:55.001, 19033
2026/09/26 21:45:55.501, 19033
2026/09/26 21:45:56.001, 19033
2026/09/26 21:45:56.501, 19033
2026/09/26 21:45:57.001, 19033
2026/09/26 21:45:57.501, 19033
2026/09/26 21:45:58.002, 19033
2026/09/26 21:45:58.502, 19033
2026/09/26 21:45:59.002, 19033
2026/09/26 21:45:59.502, 19033
2026/09/26 21:46:00.002, 19033
2026/09/26 21:46:00.502, 19033
2026/09/26 21:46:01.002, 19033
2026/09/26 21:46:01.502, 19033
2026/09/26 21:46:02.003, 19033
2026/09/26 21:46:02.503, 19033
2026/09/26 21:46:03.003, 19033
2026/09/26 21:46:03.503, 19033
2026/09/26 21:46:04.003, 19033
2026/09/26 21:46:04.503, 19033
2026/09/26 21:46:05.003, 19033
2026/09/26 21:46:05.504, 19033
2026/09/26 21:46:06.004, 19033
2026/09/26 21:46:06.504, 19033
2026/09/26 21:46:07.004, 19033
2026/09/26 21:46:07.504, 19033
2026/09/26 21:46:08.004, 19033
2026/09/26 21:46:08.504, 19033
2026/09/26 21:46:09.004, 19033
2026/09/26 21:46:09.504, 19033
2026/09/26 21:46:10.005, 19033
2026/09/26 21:46:10.505, 19033
2026/09/26 21:46:11.005, 19033
2026/09/26 21:46:11.505, 19033
2026/09/26 21:46:12.005, 19033
2026/09/26 21:46:12.505, 19033
2026/09/26 21:46:13.005, 19033
2026/09/26 21:46:13.505, 19033
2026/09/26 21:46:14.005, 19033
2026/09/26 21:46:14.506, 19033
2026/09/26 21:46:15.006, 19033
2026/09/26 21:46:15.506, 19033
2026/09/26 21:46:16.006, 19033
2026/09/26 21:46:16.506, 19033
2026/09/26 21:46:17.006, 19033
2026/09/26 21:46:17.506, 19033
2026/09/26 21:46:18.006, 19033
2026/09/26 21:46:18.507, 19033
2026/09/26 21:46:19.007, 19033
2026/09/26 21:46:19.507, 19033
2026/09/26 21:46:20.007, 19033
2026/09/26 21:46:20.507, 19033
2026/09/26 21:46:21.007, 19033
2026/09/26 21:46:21.507, 19033
2026/09/26 21:46:22.008, 19033
2026/09/26 21:46:22.508, 19033
2026/09/26 21:46:23.008, 19033
2026/09/26 21:46:23.508, 19033
2026/09/26 21:46:24.008, 19033
2026/09/26 21:46:24.508, 19033
2026/09/26 21:46:25.008, 19033
2026/09/26 21:46:25.508, 19033
2026/09/26 21:46:26.009, 19033
2026/09/26 21:46:26.509, 19033
2026/09/26 21:46:27.009, 19033
2026/09/26 21:46:27.509, 19033
2026/09/26 21:46:28.009, 19033
2026/09/26 21:46:28.509, 19033
2026/09/26 21:46:29.009, 19033
2026/09/26 21:46:29.510, 19033
2026/09/26 21:46:30.010, 19033
2026/09/26 21:46:30.510, 19033
2026/09/26 21:46:31.010, 19033
2026/09/26 21:46:31.510, 19033
2026/09/26 21:46:32.010, 19033
2026/09/26 21:46:32.510, 19033
2026/09/26 21:46:33.011, 19033
2026/09/26 21:46:33.511, 19033
2026/09/26 21:46:34.011, 19033
2026/09/26 21:46:34.511, 19033
2026/09/26 21:46:35.012, 19033
2026/09/26 21:46:35.512, 19033
2026/09/26 21:46:36.012, 19033
2026/09/26 21:46:36.512, 19033
2026/09/26 21:46:37.012, 19033
2026/09/26 21:46:37.512, 19033
2026/09/26 21:46:38.013, 19033
2026/09/26 21:46:38.513, 19033
2026/09/26 21:46:39.013, 19033
2026/09/26 21:46:39.513, 19033
2026/09/26 21:46:40.013, 19033
2026/09/26 21:46:40.513, 19033
2026/09/26 21:46:41.014, 19033
2026/09/26 21:46:41.514, 19033
2026/09/26 21:46:42.014, 19033
2026/09/26 21:46:42.514, 19033
2026/09/26 21:46:43.014, 19033
2026/09/26 21:46:43.514, 19033
2026/09/26 21:46:44.014, 19033
2026/09/26 21:46:44.515, 19033
2026/09/26 21:46:45.015, 19033
2026/09/26 21:46:45.515, 19033
2026/09/26 21:46:46.015, 19033
2026/09/26 21:46:46.515, 19033
2026/09/26 21:46:47.015, 19033
2026/09/26 21:46:47.515, 19033
2026/09/26 21:46:48.016, 19033
2026/09/26 21:46:48.516, 19033
2026/09/26 21:46:49.016, 19033
2026/09/26 21:46:49.516, 19033
2026/09/26 21:46:50.017, 19033
2026/09/26 21:46:50.517, 19033
2026/09/26 21:46:51.017, 19033
2026/09/26 21:46:51.517, 19033
2026/09/26 21:46:52.017, 19033
2026/09/26 21:46:52.517, 19033
2026/09/26 21:46:53.017, 19033
2026/09/26 21:46:53.518, 19033
2026/09/26 21:46:54.018, 19033
2026/09/26 21:46:54.518, 19033
2026/09/26 21:46:55.018, 19033
2026/09/26 21:46:55.518, 19033
2026/09/26 21:46:56.018, 19033
2026/09/26 21:46:56.518, 19033
2026/09/26 21:46:57.019, 19033
2026/09/26 21:46:57.519, 19033
2026/09/26 21:46:58.019, 19033
2026/09/26 21:46:58.519, 19033
2026/09/26 21:46:59.019, 19033
2026/09/26 21:46:59.519, 19033
2026/09/26 21:47:00.020, 19033
2026/09/26 21:47:00.520, 19033
2026/09/26 21:47:01.020, 19033
2026/09/26 21:47:01.520, 19033
2026/09/26 21:47:02.020, 19033
2026/09/26 21:47:02.520, 19033
2026/09/26 21:47:03.020, 19033
2026/09/26 21:47:03.521, 19033
2026/09/26 21:47:04.021, 19033
2026/09/26 21:47:04.521, 19033
2026/09/26 21:47:05.021, 19033
2026/09/26 21:47:05.521, 19033
2026/09/26 21:47:06.021, 19033
2026/09/26 21:47:06.522, 19033
2026/09/26 21:47:07.022, 19033
2026/09/26 21:47:07.522, 19033
2026/09/26 21:47:08.022, 19033
2026/09/26 21:47:08.522, 19033
2026/09/26 21:47:09.022, 19033
2026/09/26 21:47:09.522, 19033
2026/09/26 21:47:10.023, 19033
2026/09/26 21:47:10.523, 19033
2026/09/26 21:47:11.023, 19033
2026/09/26 21:47:11.523, 19033
2026/09/26 21:47:12.023, 19033
2026/09/26 21:47:12.523, 19033
2026/09/26 21:47:13.024, 19033
2026/09/26 21:47:13.524, 19033
2026/09/26 21:47:14.024, 19033
2026/09/26 21:47:14.524, 19033
2026/09/26 21:47:15.024, 19033
2026/09/26 21:47:15.524, 19033
2026/09/26 21:47:16.024, 19033
2026/09/26 21:47:16.525, 19033
2026/09/26 21:47:17.025, 19033
2026/09/26 21:47:17.525, 19033
2026/09/26 21:47:18.025, 19033
2026/09/26 21:47:18.525, 19033
2026/09/26 21:47:19.025, 19033
2026/09/26 21:47:19.526, 19033
2026/09/26 21:47:20.026, 19033
2026/09/26 21:47:20.526, 19033
2026/09/26 21:47:21.026, 19033
2026/09/26 21:47:21.526, 19033
2026/09/26 21:47:22.026, 19033
2026/09/26 21:47:22.527, 19033
2026/09/26 21:47:23.027, 19033
2026/09/26 21:47:23.527, 19033
2026/09/26 21:47:24.027, 19033
2026/09/26 21:47:24.527, 19033
2026/09/26 21:47:25.028, 19033
2026/09/26 21:47:25.528, 19033
2026/09/26 21:47:26.028, 19033
2026/09/26 21:47:26.528, 19033
2026/09/26 21:47:27.028, 19033
2026/09/26 21:47:27.528, 19033
2026/09/26 21:47:28.028, 19033
2026/09/26 21:47:28.529, 19033
2026/09/26 21:47:29.029, 19033
2026/09/26 21:47:29.529, 19033
2026/09/26 21:47:30.029, 19033
2026/09/26 21:47:30.529, 19033
2026/09/26 21:47:31.029, 19033
2026/09/26 21:47:31.529, 19033
2026/09/26 21:47:32.030, 19033
2026/09/26 21:47:32.530, 19033
2026/09/26 21:47:33.030, 19033
2026/09/26 21:47:33.530, 19033
2026/09/26 21:47:34.030, 19033
2026/09/26 21:47:34.530, 19033
2026/09/26 21:47:35.030, 19033
2026/09/26 21:47:35.531, 19033
2026/09/26 21:47:36.031, 19033
2026/09/26 21:47:36.531, 19033
2026/09/26 21:47:37.031, 19033
2026/09/26 21:47:37.531, 19033
2026/09/26 21:47:38.031, 19033
2026/09/26 21:47:38.531, 19033
2026/09/26 21:47:39.032, 19033
2026/09/26 21:47:39.532, 19033
2026/09/26 21:47:40.032, 19033
2026/09/26 21:47:40.532, 19033
2026/09/26 21:47:41.032, 19033
2026/09/26 21:47:41.532, 19033
2026/09/26 21:47:42.032, 19033
2026/09/26 21:47:42.533, 19033
2026/09/26 21:47:43.033, 19033
2026/09/26 21:47:43.533, 19033
2026/09/26 21:47:44.033, 19033
2026/09/26 21:47:44.533, 19033
2026/09/26 21:47:45.033, 19033
2026/09/26 21:47:45.534, 19033
2026/09/26 21:47:46.034, 19033
2026/09/26 21:47:46.534, 19033
2026/09/26 21:47:47.034, 19033
2026/09/26 21:47:47.534, 19033
2026/09/26 21:47:48.034, 19033
2026/09/26 21:47:48.535, 19033
2026/09/26 21:47:49.035, 19033
2026/09/26 21:47:49.535, 19033
2026/09/26 21:47:50.035, 19033
2026/09/26 21:47:50.535, 19033
2026/09/26 21:47:51.035, 19033
2026/09/26 21:47:51.535, 19033
2026/09/26 21:47:52.036, 19033
2026/09/26 21:47:52.536, 19033
2026/09/26 21:47:53.036, 19033
2026/09/26 21:47:53.536, 19033
2026/09/26 21:47:54.036, 19033
2026/09/26 21:47:54.536, 19033
2026/09/26 21:47:55.037, 19033
2026/09/26 21:47:55.537, 19033
2026/09/26 21:47:56.037, 19033
2026/09/26 21:47:56.537, 19033
2026/09/26 21:47:57.037, 19033
2026/09/26 21:47:57.537, 19033
2026/09/26 21:47:58.037, 19033
2026/09/26 21:47:58.538, 19033
2026/09/26 21:47:59.038, 19033
2026/09/26 21:47:59.538, 19033
2026/09/26 21:48:00.038, 19033
2026/09/26 21:48:00.538, 19033
2026/09/26 21:48:01.038, 19033
2026/09/26 21:48:01.539, 19033
2026/09/26 21:48:02.039, 19033
2026/09/26 21:48:02.539, 19033
2026/09/26 21:48:03.039, 19033
2026/09/26 21:48:03.539, 19033
2026/09/26 21:48:04.039, 19033
2026/09/26 21:48:04.540, 19033
2026/09/26 21:48:05.040, 19033
2026/09/26 21:48:05.540, 19033
2026/09/26 21:48:06.040, 19033
2026/09/26 21:48:06.540, 19033
2026/09/26 21:48:07.040, 19033
2026/09/26 21:48:07.540, 19033
2026/09/26 21:48:08.041, 19033
2026/09/26 21:48:08.541, 19033
2026/09/26 21:48:09.041, 19033
2026/09/26 21:48:09.541, 19033
2026/09/26 21:48:10.041, 19033
2026/09/26 21:48:10.541, 19033
2026/09/26 21:48:11.042, 19033
2026/09/26 21:48:11.542, 19033
2026/09/26 21:48:12.042, 19033
2026/09/26 21:48:12.542, 19033
2026/09/26 21:48:13.043, 19033
2026/09/26 21:48:13.543, 19033
2026/09/26 21:48:14.043, 19033
2026/09/26 21:48:14.543, 19033
2026/09/26 21:48:15.043, 19033
2026/09/26 21:48:15.543, 19033
2026/09/26 21:48:16.044, 19033
2026/09/26 21:48:16.544, 19033
2026/09/26 21:48:17.044, 19033
2026/09/26 21:48:17.544, 19033
2026/09/26 21:48:18.044, 19033
2026/09/26 21:48:18.545, 19033
2026/09/26 21:48:19.045, 19033
2026/09/26 21:48:19.545, 19033
2026/09/26 21:48:20.045, 19033
2026/09/26 21:48:20.545, 19033
2026/09/26 21:48:21.045, 19033
2026/09/26 21:48:21.545, 19033
2026/09/26 21:48:22.046, 19033
2026/09/26 21:48:22.546, 19033
2026/09/26 21:48:23.046, 19033
2026/09/26 21:48:23.554, 19033
2026/09/26 21:48:24.054, 19033
2026/09/26 21:48:24.554, 19033
2026/09/26 21:48:25.055, 19033
2026/09/26 21:48:25.555, 19033
2026/09/26 21:48:26.055, 19033
2026/09/26 21:48:26.555, 19033
2026/09/26 21:48:27.055, 19033
2026/09/26 21:48:27.555, 19033
2026/09/26 21:48:28.056, 19033
2026/09/26 21:48:28.556, 19033
2026/09/26 21:48:29.056, 19033
2026/09/26 21:48:29.556, 19033
2026/09/26 21:48:30.057, 19033
2026/09/26 21:48:30.557, 19033
2026/09/26 21:48:31.057, 19033
2026/09/26 21:48:31.557, 19033
2026/09/26 21:48:32.057, 19033
2026/09/26 21:48:32.557, 19033
2026/09/26 21:48:33.057, 19033
2026/09/26 21:48:33.557, 19033
2026/09/26 21:48:34.058, 19033
2026/09/26 21:48:34.558, 19033
2026/09/26 21:48:35.058, 19033
2026/09/26 21:48:35.558, 19033
2026/09/26 21:48:36.058, 19033
2026/09/26 21:48:36.558, 19033
2026/09/26 21:48:37.058, 19033
2026/09/26 21:48:37.558, 19033
2026/09/26 21:48:38.059, 19033
2026/09/26 21:48:38.559, 19033
2026/09/26 21:48:39.059, 19033
2026/09/26 21:48:39.559, 19033
2026/09/26 21:48:40.059, 19033
2026/09/26 21:48:40.559, 19033
2026/09/26 21:48:41.060, 19033
2026/09/26 21:48:41.560, 19033
2026/09/26 21:48:42.060, 19033
2026/09/26 21:48:42.560, 19033
2026/09/26 21:48:43.060, 19033
2026/09/26 21:48:43.560, 19033
2026/09/26 21:48:44.061, 19033
2026/09/26 21:48:44.561, 19033
2026/09/26 21:48:45.061, 19033
2026/09/26 21:48:45.561, 19033
2026/09/26 21:48:46.061, 19033
2026/09/26 21:48:46.561, 19033
2026/09/26 21:48:47.062, 19033
2026/09/26 21:48:47.562, 19033
2026/09/26 21:48:48.062, 19033
2026/09/26 21:48:48.562, 19033
2026/09/26 21:48:49.062, 19033
2026/09/26 21:48:49.562, 19033
2026/09/26 21:48:50.062, 19033
2026/09/26 21:48:50.563, 19033
2026/09/26 21:48:51.063, 19033
2026/09/26 21:48:51.563, 19033
2026/09/26 21:48:52.063, 19033
2026/09/26 21:48:52.563, 19033
2026/09/26 21:48:53.063, 19033
2026/09/26 21:48:53.564, 19033
2026/09/26 21:48:54.064, 19033
2026/09/26 21:48:54.564, 19033
2026/09/26 21:48:55.064, 19033
2026/09/26 21:48:55.564, 19033
2026/09/26 21:48:56.064, 19033
2026/09/26 21:48:56.564, 19033
2026/09/26 21:48:57.065, 19033
2026/09/26 21:48:57.565, 19033
2026/09/26 21:48:58.065, 19033
2026/09/26 21:48:58.565, 19033
2026/09/26 21:48:59.065, 19033
2026/09/26 21:48:59.565, 19033
2026/09/26 21:49:00.066, 19033
2026/09/26 21:49:00.566, 19033
2026/09/26 21:49:01.066, 19033
2026/09/26 21:49:01.566, 19033
2026/09/26 21:49:02.066, 19033
2026/09/26 21:49:02.566, 19033
2026/09/26 21:49:03.066, 19033
2026/09/26 21:49:03.567, 19033
2026/09/26 21:49:04.067, 19033
2026/09/26 21:49:04.567, 19033
2026/09/26 21:49:05.067, 19033
2026/09/26 21:49:05.567, 19033
2026/09/26 21:49:06.067, 19033
2026/09/26 21:49:06.568, 19033
2026/09/26 21:49:07.068, 19033
2026/09/26 21:49:07.568, 19033
2026/09/26 21:49:08.068, 19033
2026/09/26 21:49:08.568, 19033
2026/09/26 21:49:09.068, 19033
2026/09/26 21:49:09.569, 19033
2026/09/26 21:49:10.069, 19033
2026/09/26 21:49:10.569, 19033
2026/09/26 21:49:11.069, 19033
2026/09/26 21:49:11.569, 19033
2026/09/26 21:49:12.069, 19033
2026/09/26 21:49:12.569, 19033
2026/09/26 21:49:13.070, 19033
2026/09/26 21:49:13.570, 19033
2026/09/26 21:49:14.070, 19033
2026/09/26 21:49:14.570, 19033
2026/09/26 21:49:15.070, 19033
2026/09/26 21:49:15.570, 19033
2026/09/26 21:49:16.071, 19033
2026/09/26 21:49:16.571, 19033
2026/09/26 21:49:17.071, 19033
2026/09/26 21:49:17.580, 19033
2026/09/26 21:49:18.080, 19033
2026/09/26 21:49:18.580, 19033
2026/09/26 21:49:19.080, 19033
2026/09/26 21:49:19.580, 19033
2026/09/26 21:49:20.080, 19033
2026/09/26 21:49:20.580, 19033
2026/09/26 21:49:21.081, 19033
2026/09/26 21:49:21.581, 19033
2026/09/26 21:49:22.081, 19033
2026/09/26 21:49:22.581, 19033
2026/09/26 21:49:23.081, 19033
2026/09/26 21:49:23.581, 19033
2026/09/26 21:49:24.082, 19033
2026/09/26 21:49:24.582, 19033
2026/09/26 21:49:25.082, 19033
2026/09/26 21:49:25.582, 19033
2026/09/26 21:49:26.082, 19033
2026/09/26 21:49:26.582, 19033
2026/09/26 21:49:27.082, 19033
2026/09/26 21:49:27.583, 19033
2026/09/26 21:49:28.083, 19033
2026/09/26 21:49:28.583, 19033
2026/09/26 21:49:29.083, 19033
2026/09/26 21:49:29.583, 19033
2026/09/26 21:49:30.083, 19033
2026/09/26 21:49:30.584, 19033
2026/09/26 21:49:31.084, 19033
2026/09/26 21:49:31.584, 19033
2026/09/26 21:49:32.084, 19033
2026/09/26 21:49:32.584, 19033
2026/09/26 21:49:33.084, 19033
2026/09/26 21:49:33.584, 19033
2026/09/26 21:49:34.085, 19033
2026/09/26 21:49:34.585, 19033
2026/09/26 21:49:35.085, 19033
2026/09/26 21:49:35.585, 19033
2026/09/26 21:49:36.085, 19033
2026/09/26 21:49:36.585, 19033
2026/09/26 21:49:37.086, 19033
2026/09/26 21:49:37.586, 19033
2026/09/26 21:49:38.086, 19033
2026/09/26 21:49:38.586, 19033
2026/09/26 21:49:39.086, 19033
2026/09/26 21:49:39.586, 19033
2026/09/26 21:49:40.086, 19033
2026/09/26 21:49:40.587, 19033
2026/09/26 21:49:41.087, 19033
2026/09/26 21:49:41.587, 19033
2026/09/26 21:49:42.087, 19033
2026/09/26 21:49:42.587, 19033
2026/09/26 21:49:43.087, 19033
2026/09/26 21:49:43.587, 19033
2026/09/26 21:49:44.088, 19033
2026/09/26 21:49:44.588, 19033
2026/09/26 21:49:45.088, 19033
2026/09/26 21:49:45.588, 19033
2026/09/26 21:49:46.088, 19033
2026/09/26 21:49:46.588, 19033
2026/09/26 21:49:47.088, 19033
2026/09/26 21:49:47.589, 19033
2026/09/26 21:49:48.089, 19033
2026/09/26 21:49:48.589, 19033
2026/09/26 21:49:49.089, 19033
2026/09/26 21:49:49.589, 19033
2026/09/26 21:49:50.089, 19033
2026/09/26 21:49:50.589, 19033
2026/09/26 21:49:51.090, 19033
2026/09/26 21:49:51.590, 19033
2026/09/26 21:49:52.090, 19033
2026/09/26 21:49:52.590, 19033
2026/09/26 21:49:53.090, 19033
2026/09/26 21:49:53.590, 19033
2026/09/26 21:49:54.090, 19033
2026/09/26 21:49:54.591, 19033
2026/09/26 21:49:55.091, 19033
2026/09/26 21:49:55.591, 19033
2026/09/26 21:49:56.091, 19033
2026/09/26 21:49:56.591, 19033
2026/09/26 21:49:57.091, 19033
2026/09/26 21:49:57.591, 19033
2026/09/26 21:49:58.092, 19033
2026/09/26 21:49:58.592, 19033
2026/09/26 21:49:59.092, 19033
2026/09/26 21:49:59.592, 19033
2026/09/26 21:50:00.092, 19033
2026/09/26 21:50:00.592, 19033
2026/09/26 21:50:01.093, 19033
2026/09/26 21:50:01.593, 19033
2026/09/26 21:50:02.093, 19033
2026/09/26 21:50:02.593, 19033
2026/09/26 21:50:03.093, 19033
2026/09/26 21:50:03.594, 19033
2026/09/26 21:50:04.094, 19033
2026/09/26 21:50:04.594, 19033
2026/09/26 21:50:05.094, 19033
2026/09/26 21:50:05.594, 19033
2026/09/26 21:50:06.094, 19033
2026/09/26 21:50:06.595, 19033
2026/09/26 21:50:07.095, 19033
2026/09/26 21:50:07.595, 19033
2026/09/26 21:50:08.095, 19033
2026/09/26 21:50:08.595, 19033
2026/09/26 21:50:09.095, 19033
2026/09/26 21:50:09.596, 19033
2026/09/26 21:50:10.096, 19033
2026/09/26 21:50:10.596, 19033
2026/09/26 21:50:11.096, 19033
2026/09/26 21:50:11.596, 19033
2026/09/26 21:50:12.096, 19033
2026/09/26 21:50:12.596, 19033
2026/09/26 21:50:13.097, 19033
2026/09/26 21:50:13.597, 19033
2026/09/26 21:50:14.097, 19033
2026/09/26 21:50:14.597, 19033
2026/09/26 21:50:15.097, 19033
2026/09/26 21:50:15.597, 19033
2026/09/26 21:50:16.098, 19033
2026/09/26 21:50:16.598, 19033
2026/09/26 21:50:17.098, 19033
2026/09/26 21:50:17.598, 19033
2026/09/26 21:50:18.098, 19033
2026/09/26 21:50:18.598, 19033
2026/09/26 21:50:19.099, 19033
2026/09/26 21:50:19.599, 19033
2026/09/26 21:50:20.099, 19033
2026/09/26 21:50:20.599, 19033
2026/09/26 21:50:21.099, 19033
2026/09/26 21:50:21.599, 19033
2026/09/26 21:50:22.099, 19033
2026/09/26 21:50:22.600, 19033
2026/09/26 21:50:23.100, 19033
2026/09/26 21:50:23.600, 19033
2026/09/26 21:50:24.100, 19033
2026/09/26 21:50:24.600, 19033
2026/09/26 21:50:25.100, 19033
2026/09/26 21:50:25.601, 19033
2026/09/26 21:50:26.101, 19033
2026/09/26 21:50:26.601, 19033
2026/09/26 21:50:27.101, 19033
2026/09/26 21:50:27.601, 19033
2026/09/26 21:50:28.101, 19033
2026/09/26 21:50:28.602, 19033
2026/09/26 21:50:29.102, 19033
2026/09/26 21:50:29.602, 19033
2026/09/26 21:50:30.102, 19033
2026/09/26 21:50:30.602, 19033
2026/09/26 21:50:31.102, 19033
2026/09/26 21:50:31.603, 19033
2026/09/26 21:50:32.103, 19033
2026/09/26 21:50:32.603, 19033
2026/09/26 21:50:33.103, 19033
2026/09/26 21:50:33.603, 19033
2026/09/26 21:50:34.103, 19033
2026/09/26 21:50:34.603, 19033
2026/09/26 21:50:35.104, 19033
2026/09/26 21:50:35.604, 19033
2026/09/26 21:50:36.104, 19033
2026/09/26 21:50:36.604, 19033
2026/09/26 21:50:37.104, 19033
2026/09/26 21:50:37.604, 19033
2026/09/26 21:50:38.105, 19033
2026/09/26 21:50:38.605, 19033
2026/09/26 21:50:39.105, 19033
2026/09/26 21:50:39.605, 19033
2026/09/26 21:50:40.105, 19033
2026/09/26 21:50:40.605, 19033
2026/09/26 21:50:41.105, 19033
2026/09/26 21:50:41.606, 19033
2026/09/26 21:50:42.106, 19033
2026/09/26 21:50:42.606, 19033
2026/09/26 21:50:43.106, 19033
2026/09/26 21:50:43.606, 19033
2026/09/26 21:50:44.106, 19033
2026/09/26 21:50:44.606, 19033
2026/09/26 21:50:45.107, 19033
2026/09/26 21:50:45.607, 19033
2026/09/26 21:50:46.107, 19033
2026/09/26 21:50:46.607, 19033
2026/09/26 21:50:47.107, 19033
2026/09/26 21:50:47.607, 19033
2026/09/26 21:50:48.108, 19033
2026/09/26 21:50:48.608, 19033
2026/09/26 21:50:49.108, 19033
2026/09/26 21:50:49.608, 19033
2026/09/26 21:50:50.108, 19033
2026/09/26 21:50:50.608, 19033
2026/09/26 21:50:51.108, 19033
2026/09/26 21:50:51.609, 19033
2026/09/26 21:50:52.109, 19033
2026/09/26 21:50:52.609, 19033
2026/09/26 21:50:53.109, 19033
2026/09/26 21:50:53.609, 19033
2026/09/26 21:50:54.109, 19033
2026/09/26 21:50:54.610, 19033
2026/09/26 21:50:55.110, 19033
2026/09/26 21:50:55.610, 19033
2026/09/26 21:50:56.110, 19033
2026/09/26 21:50:56.610, 19033
2026/09/26 21:50:57.110, 19033
2026/09/26 21:50:57.610, 19033
2026/09/26 21:50:58.111, 19033
2026/09/26 21:50:58.611, 19033
2026/09/26 21:50:59.111, 19033
2026/09/26 21:50:59.611, 19033
2026/09/26 21:51:00.111, 19033
2026/09/26 21:51:00.611, 19033
2026/09/26 21:51:01.112, 19033
2026/09/26 21:51:01.612, 19033
2026/09/26 21:51:02.112, 19033
2026/09/26 21:51:02.612, 19033
2026/09/26 21:51:03.112, 19033
2026/09/26 21:51:03.612, 19033
2026/09/26 21:51:04.113, 19033
2026/09/26 21:51:04.613, 19033
2026/09/26 21:51:05.113, 19033
2026/09/26 21:51:05.613, 19033
2026/09/26 21:51:06.113, 19033
2026/09/26 21:51:06.613, 19033
2026/09/26 21:51:07.113, 19033
2026/09/26 21:51:07.614, 19033
2026/09/26 21:51:08.114, 19033
2026/09/26 21:51:08.614, 19033
2026/09/26 21:51:09.114, 19033
2026/09/26 21:51:09.614, 19033
2026/09/26 21:51:10.114, 19033
2026/09/26 21:51:10.615, 19033
2026/09/26 21:51:11.115, 19033
2026/09/26 21:51:11.615, 19033
2026/09/26 21:51:12.115, 19033
2026/09/26 21:51:12.615, 19033
2026/09/26 21:51:13.115, 19033
2026/09/26 21:51:13.615, 19033
2026/09/26 21:51:14.116, 19033
2026/09/26 21:51:14.616, 19033
2026/09/26 21:51:15.116, 19033
2026/09/26 21:51:15.616, 19033
2026/09/26 21:51:16.116, 19033
2026/09/26 21:51:16.616, 19033
2026/09/26 21:51:17.117, 19033
2026/09/26 21:51:17.617, 19033
2026/09/26 21:51:18.117, 19033
2026/09/26 21:51:18.617, 19033
2026/09/26 21:51:19.117, 19033
2026/09/26 21:51:19.617, 19033
2026/09/26 21:51:20.118, 19033
2026/09/26 21:51:20.618, 19033
2026/09/26 21:51:21.118, 19033
2026/09/26 21:51:21.618, 19033
2026/09/26 21:51:22.118, 19033
2026/09/26 21:51:22.618, 19033
2026/09/26 21:51:23.119, 19033
2026/09/26 21:51:23.619, 19033
2026/09/26 21:51:24.119, 19033
2026/09/26 21:51:24.619, 19033
2026/09/26 21:51:25.119, 19033
2026/09/26 21:51:25.619, 19033
2026/09/26 21:51:26.120, 19033
2026/09/26 21:51:26.620, 19033
2026/09/26 21:51:27.120, 19033
2026/09/26 21:51:27.620, 19033
2026/09/26 21:51:28.120, 19033
2026/09/26 21:51:28.620, 19033
2026/09/26 21:51:29.121, 19033
2026/09/26 21:51:29.621, 19033
2026/09/26 21:51:30.121, 19033
2026/09/26 21:51:30.621, 19033
2026/09/26 21:51:31.121, 19033
2026/09/26 21:51:31.621, 19033
2026/09/26 21:51:32.122, 19033
2026/09/26 21:51:32.622, 19033
2026/09/26 21:51:33.122, 19033
2026/09/26 21:51:33.622, 19033
2026/09/26 21:51:34.122, 19033
2026/09/26 21:51:34.622, 19033
2026/09/26 21:51:35.122, 19033
2026/09/26 21:51:35.623, 19033
2026/09/26 21:51:36.123, 19033
2026/09/26 21:51:36.623, 19033
2026/09/26 21:51:37.123, 19033
2026/09/26 21:51:37.623, 19033
2026/09/26 21:51:38.123, 19033
2026/09/26 21:51:38.624, 19033
2026/09/26 21:51:39.124, 19033
2026/09/26 21:51:39.624, 19033
2026/09/26 21:51:40.124, 19033
2026/09/26 21:51:40.624, 19033
2026/09/26 21:51:41.125, 19033
2026/09/26 21:51:41.625, 19033
2026/09/26 21:51:42.125, 19033
2026/09/26 21:51:42.625, 19033
2026/09/26 21:51:43.125, 19033
2026/09/26 21:51:43.625, 19033
2026/09/26 21:51:44.126, 19033
2026/09/26 21:51:44.626, 19033
2026/09/26 21:51:45.126, 19033
2026/09/26 21:51:45.626, 19033
2026/09/26 21:51:46.126, 19033
2026/09/26 21:51:46.626, 19033
2026/09/26 21:51:47.127, 19033
2026/09/26 21:51:47.627, 19033
2026/09/26 21:51:48.127, 19033
2026/09/26 21:51:48.627, 19033
2026/09/26 21:51:49.127, 19033
2026/09/26 21:51:49.627, 19033
2026/09/26 21:51:50.127, 19033
2026/09/26 21:51:50.628, 19033
2026/09/26 21:51:51.128, 19033
2026/09/26 21:51:51.628, 19033
2026/09/26 21:51:52.128, 19033
2026/09/26 21:51:52.628, 19033
2026/09/26 21:51:53.128, 19033
2026/09/26 21:51:53.637, 19033
2026/09/26 21:51:54.137, 19033
2026/09/26 21:51:54.638, 19033
2026/09/26 21:51:55.138, 19033
2026/09/26 21:51:55.638, 19033
2026/09/26 21:51:56.138, 19033
2026/09/26 21:51:56.638, 19033
2026/09/26 21:51:57.138, 19033
2026/09/26 21:51:57.638, 19033
2026/09/26 21:51:58.139, 19033
2026/09/26 21:51:58.639, 19033
2026/09/26 21:51:59.139, 19033
2026/09/26 21:51:59.639, 19033
2026/09/26 21:52:00.139, 19033
2026/09/26 21:52:00.639, 19033
2026/09/26 21:52:01.140, 19033
2026/09/26 21:52:01.640, 19033
2026/09/26 21:52:02.140, 19033
2026/09/26 21:52:02.640, 19033
2026/09/26 21:52:03.140, 19033
2026/09/26 21:52:03.640, 19033
2026/09/26 21:52:04.141, 19033
2026/09/26 21:52:04.641, 19033
2026/09/26 21:52:05.141, 19033
2026/09/26 21:52:05.641, 19033
2026/09/26 21:52:06.141, 19033
2026/09/26 21:52:06.641, 19033
2026/09/26 21:52:07.142, 19033
2026/09/26 21:52:07.642, 19033
2026/09/26 21:52:08.142, 19033
2026/09/26 21:52:08.642, 19033
2026/09/26 21:52:09.143, 19033
2026/09/26 21:52:09.643, 19033
2026/09/26 21:52:10.143, 19033
2026/09/26 21:52:10.643, 19033
2026/09/26 21:52:11.143, 19033
2026/09/26 21:52:11.643, 19033
2026/09/26 21:52:12.144, 19033
2026/09/26 21:52:12.644, 19033
2026/09/26 21:52:13.144, 19033
2026/09/26 21:52:13.644, 19033
2026/09/26 21:52:14.144, 19033
2026/09/26 21:52:14.644, 19033
2026/09/26 21:52:15.145, 19033
2026/09/26 21:52:15.645, 19033
2026/09/26 21:52:16.145, 19033
2026/09/26 21:52:16.645, 19033
2026/09/26 21:52:17.145, 19033
2026/09/26 21:52:17.645, 19033
2026/09/26 21:52:18.146, 19033
2026/09/26 21:52:18.646, 19033
2026/09/26 21:52:19.146, 19033
2026/09/26 21:52:19.646, 19033
2026/09/26 21:52:20.146, 19033
2026/09/26 21:52:20.646, 19033
2026/09/26 21:52:21.147, 19033
2026/09/26 21:52:21.647, 19033
2026/09/26 21:52:22.147, 19033
2026/09/26 21:52:22.647, 19033
2026/09/26 21:52:23.147, 19033
2026/09/26 21:52:23.647, 19033
2026/09/26 21:52:24.148, 19033
2026/09/26 21:52:24.648, 19033
2026/09/26 21:52:25.148, 19033
2026/09/26 21:52:25.648, 19033
2026/09/26 21:52:26.148, 19033
2026/09/26 21:52:26.648, 19033
2026/09/26 21:52:27.149, 19033
2026/09/26 21:52:27.649, 19033
2026/09/26 21:52:28.149, 19033
2026/09/26 21:52:28.649, 19033
2026/09/26 21:52:29.149, 19033
2026/09/26 21:52:29.649, 19033
2026/09/26 21:52:30.150, 19033
2026/09/26 21:52:30.650, 19033
2026/09/26 21:52:31.150, 19033
2026/09/26 21:52:31.650, 19033
2026/09/26 21:52:32.150, 19033
2026/09/26 21:52:32.650, 19033
2026/09/26 21:52:33.151, 19033
2026/09/26 21:52:33.651, 19033
2026/09/26 21:52:34.151, 19033
2026/09/26 21:52:34.651, 19033
2026/09/26 21:52:35.151, 19033
2026/09/26 21:52:35.651, 19033
2026/09/26 21:52:36.152, 19033
2026/09/26 21:52:36.652, 19033
2026/09/26 21:52:37.152, 19033
2026/09/26 21:52:37.652, 19033
2026/09/26 21:52:38.152, 19033
2026/09/26 21:52:38.652, 19033
2026/09/26 21:52:39.153, 19033
2026/09/26 21:52:39.653, 19033
2026/09/26 21:52:40.153, 19033
2026/09/26 21:52:40.653, 19033
2026/09/26 21:52:41.153, 19033
2026/09/26 21:52:41.653, 19033
2026/09/26 21:52:42.153, 19033
2026/09/26 21:52:42.654, 19033
2026/09/26 21:52:43.154, 19033
2026/09/26 21:52:43.654, 19033
2026/09/26 21:52:44.154, 19033
2026/09/26 21:52:44.654, 19033
2026/09/26 21:52:45.154, 19033
2026/09/26 21:52:45.654, 19033
2026/09/26 21:52:46.155, 19033
2026/09/26 21:52:46.655, 19033
2026/09/26 21:52:47.155, 19033
2026/09/26 21:52:47.655, 19033
2026/09/26 21:52:48.155, 19033
2026/09/26 21:52:48.655, 19033
2026/09/26 21:52:49.155, 19033
2026/09/26 21:52:49.656, 19033
2026/09/26 21:52:50.156, 19033
2026/09/26 21:52:50.656, 19033
2026/09/26 21:52:51.156, 19033
2026/09/26 21:52:51.656, 19033
2026/09/26 21:52:52.156, 19033
2026/09/26 21:52:52.657, 19033
2026/09/26 21:52:53.157, 19033
2026/09/26 21:52:53.657, 19033
2026/09/26 21:52:54.157, 19033
2026/09/26 21:52:54.657, 19033
2026/09/26 21:52:55.157, 19033
2026/09/26 21:52:55.657, 19033
2026/09/26 21:52:56.158, 19033
2026/09/26 21:52:56.658, 19033
2026/09/26 21:52:57.158, 19033
2026/09/26 21:52:57.658, 19033
2026/09/26 21:52:58.158, 19033
2026/09/26 21:52:58.658, 19033
2026/09/26 21:52:59.159, 19033
2026/09/26 21:52:59.659, 19033
2026/09/26 21:53:00.159, 19033
2026/09/26 21:53:00.659, 19033
2026/09/26 21:53:01.159, 19033
2026/09/26 21:53:01.659, 19033
2026/09/26 21:53:02.159, 19033
2026/09/26 21:53:02.660, 19033
2026/09/26 21:53:03.160, 19033
2026/09/26 21:53:03.660, 19033
2026/09/26 21:53:04.160, 19033
2026/09/26 21:53:04.660, 19033
2026/09/26 21:53:05.160, 19033
2026/09/26 21:53:05.661, 19033
2026/09/26 21:53:06.161, 19033
2026/09/26 21:53:06.661, 19033
2026/09/26 21:53:07.161, 19033
2026/09/26 21:53:07.661, 19033
2026/09/26 21:53:08.161, 19033
2026/09/26 21:53:08.662, 19033
2026/09/26 21:53:09.162, 19033
2026/09/26 21:53:09.662, 19033
2026/09/26 21:53:10.162, 19033
2026/09/26 21:53:10.662, 19033
2026/09/26 21:53:11.162, 19033
2026/09/26 21:53:11.662, 19033
2026/09/26 21:53:12.163, 19033
2026/09/26 21:53:12.663, 19033
2026/09/26 21:53:13.163, 19033
2026/09/26 21:53:13.663, 19033
2026/09/26 21:53:14.163, 19033
2026/09/26 21:53:14.663, 19033
2026/09/26 21:53:15.164, 19033
2026/09/26 21:53:15.664, 19033
2026/09/26 21:53:16.164, 19033
2026/09/26 21:53:16.664, 19033
2026/09/26 21:53:17.164, 19033
2026/09/26 21:53:17.664, 19033
2026/09/26 21:53:18.164, 19033
2026/09/26 21:53:18.665, 19033
2026/09/26 21:53:19.165, 19033
2026/09/26 21:53:19.665, 19033
2026/09/26 21:53:20.165, 19033
2026/09/26 21:53:20.665, 19033
2026/09/26 21:53:21.165, 19033
2026/09/26 21:53:21.666, 19033
2026/09/26 21:53:22.166, 19033
2026/09/26 21:53:22.666, 19033
2026/09/26 21:53:23.166, 19033
2026/09/26 21:53:23.666, 19033
2026/09/26 21:53:24.166, 19033
2026/09/26 21:53:24.666, 19033
2026/09/26 21:53:25.167, 19033
2026/09/26 21:53:25.667, 19033
2026/09/26 21:53:26.167, 19033
2026/09/26 21:53:26.667, 19033
2026/09/26 21:53:27.167, 19033
2026/09/26 21:53:27.667, 19033
2026/09/26 21:53:28.168, 19033
2026/09/26 21:53:28.668, 19033
2026/09/26 21:53:29.168, 19033
2026/09/26 21:53:29.668, 19033
2026/09/26 21:53:30.168, 19033
2026/09/26 21:53:30.668, 19033
2026/09/26 21:53:31.168, 19033
2026/09/26 21:53:31.669, 19033
2026/09/26 21:53:32.169, 19033
2026/09/26 21:53:32.669, 19033
2026/09/26 21:53:33.169, 19033
2026/09/26 21:53:33.669, 19033
2026/09/26 21:53:34.169, 19033
2026/09/26 21:53:34.670, 19033
2026/09/26 21:53:35.170, 19033
2026/09/26 21:53:35.670, 19033
2026/09/26 21:53:36.170, 19033
2026/09/26 21:53:36.670, 19033
2026/09/26 21:53:37.170, 19033
2026/09/26 21:53:37.670, 19033
2026/09/26 21:53:38.171, 19033
2026/09/26 21:53:38.671, 19033
2026/09/26 21:53:39.171, 19033
2026/09/26 21:53:39.671, 19033
2026/09/26 21:53:40.171, 19033
2026/09/26 21:53:40.671, 19033
2026/09/26 21:53:41.171, 19033
2026/09/26 21:53:41.672, 19033
2026/09/26 21:53:42.172, 19033
2026/09/26 21:53:42.672, 19033
2026/09/26 21:53:43.172, 19033
2026/09/26 21:53:43.672, 19033
2026/09/26 21:53:44.172, 19033
2026/09/26 21:53:44.673, 19033
2026/09/26 21:53:45.173, 19033
2026/09/26 21:53:45.673, 19033
2026/09/26 21:53:46.173, 19033
2026/09/26 21:53:46.673, 19033
2026/09/26 21:53:47.173, 19033
2026/09/26 21:53:47.674, 19033
2026/09/26 21:53:48.174, 19033
2026/09/26 21:53:48.674, 19033
2026/09/26 21:53:49.174, 19033
2026/09/26 21:53:49.674, 19033
2026/09/26 21:53:50.174, 19033
2026/09/26 21:53:50.675, 19033
2026/09/26 21:53:51.175, 19033
2026/09/26 21:53:51.675, 19033
2026/09/26 21:53:52.175, 19033
2026/09/26 21:53:52.675, 19033
2026/09/26 21:53:53.175, 19033
2026/09/26 21:53:53.676, 19033
2026/09/26 21:53:54.176, 19033
2026/09/26 21:53:54.676, 19033
2026/09/26 21:53:55.176, 19033
2026/09/26 21:53:55.676, 19033
2026/09/26 21:53:56.176, 19033
2026/09/26 21:53:56.677, 19033
2026/09/26 21:53:57.177, 19033
2026/09/26 21:53:57.677, 19033
2026/09/26 21:53:58.177, 19033
2026/09/26 21:53:58.677, 19033
2026/09/26 21:53:59.177, 19033
2026/09/26 21:53:59.678, 19033
2026/09/26 21:54:00.178, 19033
2026/09/26 21:54:00.678, 19033
2026/09/26 21:54:01.178, 19033
2026/09/26 21:54:01.678, 19033
2026/09/26 21:54:02.178, 19033
2026/09/26 21:54:02.679, 19033
2026/09/26 21:54:03.179, 19033
2026/09/26 21:54:03.679, 19033
2026/09/26 21:54:04.179, 19033
2026/09/26 21:54:04.679, 19033
2026/09/26 21:54:05.179, 19033
2026/09/26 21:54:05.680, 19033
2026/09/26 21:54:06.180, 19033
2026/09/26 21:54:06.680, 19033
2026/09/26 21:54:07.180, 19033
2026/09/26 21:54:07.680, 19033
2026/09/26 21:54:08.180, 19033
2026/09/26 21:54:08.681, 19033
2026/09/26 21:54:09.181, 19033
2026/09/26 21:54:09.681, 19033
2026/09/26 21:54:10.181, 19033
2026/09/26 21:54:10.681, 19033
2026/09/26 21:54:11.181, 19033
2026/09/26 21:54:11.682, 19033
2026/09/26 21:54:12.182, 19033
2026/09/26 21:54:12.682, 19033
2026/09/26 21:54:13.182, 19033
2026/09/26 21:54:13.682, 19033
2026/09/26 21:54:14.182, 19033
2026/09/26 21:54:14.682, 19033
2026/09/26 21:54:15.183, 19033
2026/09/26 21:54:15.683, 19033
2026/09/26 21:54:16.183, 19033
2026/09/26 21:54:16.683, 19033
2026/09/26 21:54:17.183, 19033
2026/09/26 21:54:17.683, 19033
2026/09/26 21:54:18.184, 19033
2026/09/26 21:54:18.684, 19033
2026/09/26 21:54:19.184, 19033
2026/09/26 21:54:19.684, 19033
2026/09/26 21:54:20.184, 19033
2026/09/26 21:54:20.685, 19033
2026/09/26 21:54:21.186, 19033
2026/09/26 21:54:21.686, 19033
2026/09/26 21:54:22.186, 19033
2026/09/26 21:54:22.686, 19033
2026/09/26 21:54:23.186, 19033
2026/09/26 21:54:23.687, 19033
2026/09/26 21:54:24.187, 19033
2026/09/26 21:54:24.687, 19033
2026/09/26 21:54:25.187, 19033
2026/09/26 21:54:25.687, 19033
2026/09/26 21:54:26.187, 19033
2026/09/26 21:54:26.688, 19033
2026/09/26 21:54:27.188, 19033
2026/09/26 21:54:27.688, 19033
2026/09/26 21:54:28.188, 19033
2026/09/26 21:54:28.688, 19033
2026/09/26 21:54:29.188, 19033
2026/09/26 21:54:29.689, 19033
2026/09/26 21:54:30.189, 19033
2026/09/26 21:54:30.689, 19033
2026/09/26 21:54:31.189, 19033
2026/09/26 21:54:31.689, 19033
2026/09/26 21:54:32.189, 19033
2026/09/26 21:54:32.690, 19033
2026/09/26 21:54:33.190, 19033
2026/09/26 21:54:33.690, 19033
2026/09/26 21:54:34.190, 19033
2026/09/26 21:54:34.690, 19033
2026/09/26 21:54:35.190, 19033
2026/09/26 21:54:35.691, 19033
2026/09/26 21:54:36.191, 19033
2026/09/26 21:54:36.708, 19033
2026/09/26 21:54:37.208, 19033
2026/09/26 21:54:37.709, 19033
2026/09/26 21:54:38.209, 19033
2026/09/26 21:54:38.709, 19033
2026/09/26 21:54:39.209, 19033
2026/09/26 21:54:39.709, 19033
2026/09/26 21:54:40.209, 19033
2026/09/26 21:54:40.709, 19033
2026/09/26 21:54:41.210, 19033
2026/09/26 21:54:41.710, 19033
2026/09/26 21:54:42.210, 19033
2026/09/26 21:54:42.710, 19033
2026/09/26 21:54:43.210, 19033
2026/09/26 21:54:43.710, 19033
2026/09/26 21:54:44.210, 19033
2026/09/26 21:54:44.711, 19033
2026/09/26 21:54:45.211, 19033
2026/09/26 21:54:45.711, 19033
2026/09/26 21:54:46.211, 19033
2026/09/26 21:54:46.711, 19033
2026/09/26 21:54:47.211, 19033
2026/09/26 21:54:47.711, 19033
2026/09/26 21:54:48.212, 19033
2026/09/26 21:54:48.712, 19033
2026/09/26 21:54:49.212, 19033
2026/09/26 21:54:49.712, 19033
2026/09/26 21:54:50.212, 19033
2026/09/26 21:54:50.712, 19033
2026/09/26 21:54:51.212, 19033
2026/09/26 21:54:51.713, 19033
2026/09/26 21:54:52.213, 19033
2026/09/26 21:54:52.713, 19033
2026/09/26 21:54:53.213, 19033
2026/09/26 21:54:53.713, 19033
2026/09/26 21:54:54.213, 19033
2026/09/26 21:54:54.713, 19033
2026/09/26 21:54:55.214, 19033
2026/09/26 21:54:55.714, 19033
2026/09/26 21:54:56.214, 19033
2026/09/26 21:54:56.714, 19033
2026/09/26 21:54:57.214, 19033
2026/09/26 21:54:57.714, 19033
2026/09/26 21:54:58.214, 19033
2026/09/26 21:54:58.715, 19033
2026/09/26 21:54:59.215, 19033
2026/09/26 21:54:59.715, 19033
2026/09/26 21:55:00.215, 19033
2026/09/26 21:55:00.715, 19033
2026/09/26 21:55:01.215, 19033
2026/09/26 21:55:01.716, 19033
2026/09/26 21:55:02.216, 19033
2026/09/26 21:55:02.716, 19033
2026/09/26 21:55:03.216, 19033
2026/09/26 21:55:03.716, 19033
2026/09/26 21:55:04.216, 19033
2026/09/26 21:55:04.716, 19033
2026/09/26 21:55:05.216, 19033
2026/09/26 21:55:05.717, 19033
2026/09/26 21:55:06.217, 19033
2026/09/26 21:55:06.717, 19033
2026/09/26 21:55:07.217, 19033
2026/09/26 21:55:07.717, 19033
2026/09/26 21:55:08.217, 19033
2026/09/26 21:55:08.718, 19033
2026/09/26 21:55:09.218, 19033
2026/09/26 21:55:09.718, 19033
2026/09/26 21:55:10.218, 19033
2026/09/26 21:55:10.718, 19033
2026/09/26 21:55:11.218, 19033
2026/09/26 21:55:11.718, 19033
2026/09/26 21:55:12.219, 19033
2026/09/26 21:55:12.719, 19033
2026/09/26 21:55:13.219, 19033
2026/09/26 21:55:13.719, 19033
2026/09/26 21:55:14.219, 19033
2026/09/26 21:55:14.719, 19033
2026/09/26 21:55:15.219, 19033
2026/09/26 21:55:15.720, 19033
2026/09/26 21:55:16.220, 19033
2026/09/26 21:55:16.720, 19033
2026/09/26 21:55:17.220, 19033
2026/09/26 21:55:17.720, 19033
2026/09/26 21:55:18.220, 19033
2026/09/26 21:55:18.721, 19033
2026/09/26 21:55:19.221, 19033
2026/09/26 21:55:19.721, 19033
2026/09/26 21:55:20.221, 19033
2026/09/26 21:55:20.721, 19033
2026/09/26 21:55:21.221, 19033
2026/09/26 21:55:21.721, 19033
2026/09/26 21:55:22.222, 19033
2026/09/26 21:55:22.722, 19033
2026/09/26 21:55:23.222, 19033
2026/09/26 21:55:23.722, 19033
2026/09/26 21:55:24.222, 19033
2026/09/26 21:55:24.722, 19033
2026/09/26 21:55:25.222, 19033
2026/09/26 21:55:25.723, 19033
2026/09/26 21:55:26.223, 19033
2026/09/26 21:55:26.723, 19033
2026/09/26 21:55:27.223, 19033
2026/09/26 21:55:27.723, 19033
2026/09/26 21:55:28.223, 19033
2026/09/26 21:55:28.723, 19033
2026/09/26 21:55:29.224, 19033
2026/09/26 21:55:29.724, 19033
2026/09/26 21:55:30.224, 19033
2026/09/26 21:55:30.724, 19033
2026/09/26 21:55:31.224, 19033
2026/09/26 21:55:31.724, 19033
2026/09/26 21:55:32.225, 19033
2026/09/26 21:55:32.725, 19033
2026/09/26 21:55:33.225, 19033
2026/09/26 21:55:33.725, 19033
2026/09/26 21:55:34.225, 19033
2026/09/26 21:55:34.725, 19033
2026/09/26 21:55:35.226, 19033
2026/09/26 21:55:35.726, 19033
2026/09/26 21:55:36.226, 19033
2026/09/26 21:55:36.726, 19033
2026/09/26 21:55:37.226, 19033
2026/09/26 21:55:37.726, 19033
2026/09/26 21:55:38.226, 19033
2026/09/26 21:55:38.727, 19033
2026/09/26 21:55:39.227, 19033
2026/09/26 21:55:39.727, 19033
2026/09/26 21:55:40.227, 19033
2026/09/26 21:55:40.727, 19033
2026/09/26 21:55:41.228, 19033
2026/09/26 21:55:41.728, 19033
2026/09/26 21:55:42.228, 19033
2026/09/26 21:55:42.728, 19033
2026/09/26 21:55:43.228, 19033
2026/09/26 21:55:43.728, 19033
2026/09/26 21:55:44.229, 19033
2026/09/26 21:55:44.729, 19033
2026/09/26 21:55:45.229, 19033
2026/09/26 21:55:45.729, 19033
2026/09/26 21:55:46.229, 19033
2026/09/26 21:55:46.729, 19033
2026/09/26 21:55:47.230, 19033
2026/09/26 21:55:47.730, 19033
2026/09/26 21:55:48.230, 19033
2026/09/26 21:55:48.730, 19033
2026/09/26 21:55:49.230, 19033
2026/09/26 21:55:49.730, 19033
2026/09/26 21:55:50.230, 19033
2026/09/26 21:55:50.731, 19033
2026/09/26 21:55:51.231, 19033
2026/09/26 21:55:51.731, 19033
2026/09/26 21:55:52.231, 19033
2026/09/26 21:55:52.731, 19033
2026/09/26 21:55:53.231, 19033
2026/09/26 21:55:53.732, 19033
2026/09/26 21:55:54.232, 19033
2026/09/26 21:55:54.732, 19033
2026/09/26 21:55:55.232, 19033
2026/09/26 21:55:55.732, 19033
2026/09/26 21:55:56.232, 19033
2026/09/26 21:55:56.732, 19033
2026/09/26 21:55:57.233, 19033
2026/09/26 21:55:57.733, 19033
2026/09/26 21:55:58.233, 19033
2026/09/26 21:55:58.733, 19033
2026/09/26 21:55:59.233, 19033
2026/09/26 21:55:59.733, 19033
2026/09/26 21:56:00.233, 19033
2026/09/26 21:56:00.734, 19033
2026/09/26 21:56:01.234, 19033
2026/09/26 21:56:01.734, 19033
2026/09/26 21:56:02.234, 19033
2026/09/26 21:56:02.734, 19033
2026/09/26 21:56:03.234, 19033
2026/09/26 21:56:03.735, 19033
2026/09/26 21:56:04.235, 19033
2026/09/26 21:56:04.735, 19033
2026/09/26 21:56:05.235, 19033
2026/09/26 21:56:05.735, 19033
2026/09/26 21:56:06.235, 19033
2026/09/26 21:56:06.735, 19033
2026/09/26 21:56:07.236, 19033
2026/09/26 21:56:07.736, 19033
2026/09/26 21:56:08.236, 19033
2026/09/26 21:56:08.736, 19033
2026/09/26 21:56:09.236, 19033
2026/09/26 21:56:09.736, 19033
2026/09/26 21:56:10.236, 19033
2026/09/26 21:56:10.737, 19033
2026/09/26 21:56:11.237, 19033
2026/09/26 21:56:11.737, 19033
2026/09/26 21:56:12.237, 19033
2026/09/26 21:56:12.737, 19033
2026/09/26 21:56:13.237, 19033
2026/09/26 21:56:13.737, 19033
2026/09/26 21:56:14.238, 19033
2026/09/26 21:56:14.738, 19033
2026/09/26 21:56:15.238, 19033
2026/09/26 21:56:15.738, 19033
2026/09/26 21:56:16.238, 19033
2026/09/26 21:56:16.738, 19033
2026/09/26 21:56:17.239, 19033
2026/09/26 21:56:17.739, 19033
2026/09/26 21:56:18.239, 19033
2026/09/26 21:56:18.739, 19033
2026/09/26 21:56:19.239, 19033
2026/09/26 21:56:19.739, 19033
2026/09/26 21:56:20.239, 19033
2026/09/26 21:56:20.740, 19033
2026/09/26 21:56:21.240, 19033
2026/09/26 21:56:21.740, 19033
2026/09/26 21:56:22.240, 19033
2026/09/26 21:56:22.740, 19033
2026/09/26 21:56:23.240, 19033
2026/09/26 21:56:23.741, 19033
2026/09/26 21:56:24.241, 19033
2026/09/26 21:56:24.741, 19033
2026/09/26 21:56:25.241, 19033
2026/09/26 21:56:25.741, 19033
2026/09/26 21:56:26.241, 19033
2026/09/26 21:56:26.741, 19033
2026/09/26 21:56:27.242, 19033
2026/09/26 21:56:27.742, 19033
2026/09/26 21:56:28.242, 19033
2026/09/26 21:56:28.742, 19033
2026/09/26 21:56:29.242, 19033
2026/09/26 21:56:29.742, 19033
2026/09/26 21:56:30.243, 19033
2026/09/26 21:56:30.743, 19033
2026/09/26 21:56:31.243, 19033
2026/09/26 21:56:31.743, 19033
2026/09/26 21:56:32.243, 19033
2026/09/26 21:56:32.743, 19033
2026/09/26 21:56:33.243, 19033
2026/09/26 21:56:33.743, 19033
2026/09/26 21:56:34.244, 19033
2026/09/26 21:56:34.744, 19033
2026/09/26 21:56:35.244, 19033
2026/09/26 21:56:35.744, 19033
2026/09/26 21:56:36.244, 19033
2026/09/26 21:56:36.744, 19033
2026/09/26 21:56:37.244, 19033
2026/09/26 21:56:37.745, 19033
2026/09/26 21:56:38.245, 19033
2026/09/26 21:56:38.745, 19033
2026/09/26 21:56:39.245, 19033
2026/09/26 21:56:39.745, 19033
2026/09/26 21:56:40.245, 19033
2026/09/26 21:56:40.745, 19033
2026/09/26 21:56:41.246, 19033
2026/09/26 21:56:41.746, 19033
2026/09/26 21:56:42.246, 19033
2026/09/26 21:56:42.746, 19033
2026/09/26 21:56:43.246, 19033
2026/09/26 21:56:43.746, 19033
2026/09/26 21:56:44.247, 19033
2026/09/26 21:56:44.747, 19033
2026/09/26 21:56:45.247, 19033
2026/09/26 21:56:45.747, 19033
2026/09/26 21:56:46.247, 19033
2026/09/26 21:56:46.747, 19033
2026/09/26 21:56:47.248, 19033
2026/09/26 21:56:47.748, 19033
2026/09/26 21:56:48.248, 19033
2026/09/26 21:56:48.748, 19033
2026/09/26 21:56:49.248, 19033
2026/09/26 21:56:49.749, 19033
2026/09/26 21:56:50.249, 19033
2026/09/26 21:56:50.749, 19033
2026/09/26 21:56:51.249, 19033
2026/09/26 21:56:51.749, 19033
2026/09/26 21:56:52.250, 19033
2026/09/26 21:56:52.750, 19033
2026/09/26 21:56:53.250, 19033
2026/09/26 21:56:53.750, 19033
2026/09/26 21:56:54.250, 19033
2026/09/26 21:56:54.750, 19033
2026/09/26 21:56:55.251, 19033
2026/09/26 21:56:55.751, 19033
2026/09/26 21:56:56.251, 19033
2026/09/26 21:56:56.751, 19033
2026/09/26 21:56:57.251, 19033
2026/09/26 21:56:57.751, 19033
2026/09/26 21:56:58.252, 19033
2026/09/26 21:56:58.752, 19033
2026/09/26 21:56:59.252, 19033
2026/09/26 21:56:59.752, 19033
2026/09/26 21:57:00.252, 19033
2026/09/26 21:57:00.752, 19033
2026/09/26 21:57:01.253, 19033
2026/09/26 21:57:01.753, 19033
2026/09/26 21:57:02.253, 19033
2026/09/26 21:57:02.753, 19033
2026/09/26 21:57:03.253, 19033
2026/09/26 21:57:03.753, 19033
2026/09/26 21:57:04.254, 19033
2026/09/26 21:57:04.754, 19033
2026/09/26 21:57:05.254, 19033
2026/09/26 21:57:05.754, 19033
2026/09/26 21:57:06.254, 19033
2026/09/26 21:57:06.754, 19033
2026/09/26 21:57:07.255, 19033
2026/09/26 21:57:07.755, 19033
2026/09/26 21:57:08.255, 19033
2026/09/26 21:57:08.755, 19033
2026/09/26 21:57:09.255, 19033
2026/09/26 21:57:09.755, 19033
2026/09/26 21:57:10.256, 19033
2026/09/26 21:57:10.756, 19033
2026/09/26 21:57:11.256, 19033
2026/09/26 21:57:11.756, 19033
2026/09/26 21:57:12.256, 19033
2026/09/26 21:57:12.756, 19033
2026/09/26 21:57:13.257, 19033
2026/09/26 21:57:13.757, 19033
2026/09/26 21:57:14.257, 19033
2026/09/26 21:57:14.757, 19033
2026/09/26 21:57:15.257, 19033
2026/09/26 21:57:15.757, 19033
2026/09/26 21:57:16.257, 19033
2026/09/26 21:57:16.758, 19033
2026/09/26 21:57:17.258, 19033
2026/09/26 21:57:17.758, 19033
2026/09/26 21:57:18.258, 19033
2026/09/26 21:57:18.758, 19033
2026/09/26 21:57:19.258, 19033
2026/09/26 21:57:19.759, 19033
2026/09/26 21:57:20.259, 19033
2026/09/26 21:57:20.759, 19033
2026/09/26 21:57:21.259, 19033
2026/09/26 21:57:21.759, 19033
2026/09/26 21:57:22.259, 19033
2026/09/26 21:57:22.760, 19033
2026/09/26 21:57:23.260, 19033
2026/09/26 21:57:23.760, 19033
2026/09/26 21:57:24.260, 19033
2026/09/26 21:57:24.760, 19033
2026/09/26 21:57:25.261, 19033
2026/09/26 21:57:25.761, 19033
2026/09/26 21:57:26.261, 19033
2026/09/26 21:57:26.761, 19033
2026/09/26 21:57:27.261, 19033
2026/09/26 21:57:27.761, 19033
2026/09/26 21:57:28.262, 19033
2026/09/26 21:57:28.762, 19033
2026/09/26 21:57:29.262, 19033
2026/09/26 21:57:29.762, 19033
2026/09/26 21:57:30.262, 19033
2026/09/26 21:57:30.762, 19033
2026/09/26 21:57:31.262, 19033
2026/09/26 21:57:31.763, 19033
2026/09/26 21:57:32.263, 19033
2026/09/26 21:57:32.763, 19033
2026/09/26 21:57:33.263, 19033
2026/09/26 21:57:33.763, 19033
2026/09/26 21:57:34.263, 19033
2026/09/26 21:57:34.764, 19033
2026/09/26 21:57:35.264, 19033
2026/09/26 21:57:35.764, 19033
2026/09/26 21:57:36.264, 19033
2026/09/26 21:57:36.764, 19033
2026/09/26 21:57:37.264, 19033
2026/09/26 21:57:37.764, 19033
2026/09/26 21:57:38.265, 19033
2026/09/26 21:57:38.765, 19033
2026/09/26 21:57:39.265, 19033
2026/09/26 21:57:39.765, 19033
2026/09/26 21:57:40.265, 19033
2026/09/26 21:57:40.765, 19033
2026/09/26 21:57:41.266, 19033
2026/09/26 21:57:41.766, 19033
2026/09/26 21:57:42.266, 19033
2026/09/26 21:57:42.766, 19033
2026/09/26 21:57:43.266, 19033
2026/09/26 21:57:43.766, 19033
2026/09/26 21:57:44.266, 19033
2026/09/26 21:57:44.767, 19033
2026/09/26 21:57:45.267, 19033
2026/09/26 21:57:45.767, 19033
2026/09/26 21:57:46.267, 19033
2026/09/26 21:57:46.767, 19033
2026/09/26 21:57:47.267, 19033
2026/09/26 21:57:47.767, 19033
2026/09/26 21:57:48.268, 19033
2026/09/26 21:57:48.768, 19033
2026/09/26 21:57:49.268, 19033
2026/09/26 21:57:49.768, 19033
2026/09/26 21:57:50.269, 19033
2026/09/26 21:57:50.769, 19033
2026/09/26 21:57:51.269, 19033
2026/09/26 21:57:51.769, 19033
2026/09/26 21:57:52.269, 19033
2026/09/26 21:57:52.769, 19033
2026/09/26 21:57:53.270, 19033
2026/09/26 21:57:53.770, 19033
2026/09/26 21:57:54.270, 19033
2026/09/26 21:57:54.770, 19033
2026/09/26 21:57:55.270, 19033
2026/09/26 21:57:55.770, 19033
2026/09/26 21:57:56.270, 19033
2026/09/26 21:57:56.771, 19033
2026/09/26 21:57:57.271, 19033
2026/09/26 21:57:57.771, 19033
2026/09/26 21:57:58.271, 19033
2026/09/26 21:57:58.771, 19033
2026/09/26 21:57:59.271, 19033
2026/09/26 21:57:59.772, 19033
2026/09/26 21:58:00.272, 19033
2026/09/26 21:58:00.772, 19033
2026/09/26 21:58:01.272, 19033
2026/09/26 21:58:01.772, 19033
2026/09/26 21:58:02.272, 19033
2026/09/26 21:58:02.772, 19033
2026/09/26 21:58:03.273, 19033
2026/09/26 21:58:03.773, 19033
2026/09/26 21:58:04.273, 19033
2026/09/26 21:58:04.773, 19033
2026/09/26 21:58:05.273, 19033
2026/09/26 21:58:05.773, 19033
2026/09/26 21:58:06.274, 19033
2026/09/26 21:58:06.774, 19033
2026/09/26 21:58:07.274, 19033
2026/09/26 21:58:07.774, 19033
2026/09/26 21:58:08.274, 19033
2026/09/26 21:58:08.774, 19033
2026/09/26 21:58:09.274, 19033
2026/09/26 21:58:09.775, 19033
2026/09/26 21:58:10.275, 19033
2026/09/26 21:58:10.775, 19033
2026/09/26 21:58:11.275, 19033
2026/09/26 21:58:11.775, 19033
2026/09/26 21:58:12.275, 19033
2026/09/26 21:58:12.776, 19033
2026/09/26 21:58:13.276, 19033
2026/09/26 21:58:13.776, 19033
2026/09/26 21:58:14.276, 19033
2026/09/26 21:58:14.776, 19033
2026/09/26 21:58:15.276, 19033
2026/09/26 21:58:15.777, 19033
2026/09/26 21:58:16.277, 19033
2026/09/26 21:58:16.777, 19033
2026/09/26 21:58:17.277, 19033
2026/09/26 21:58:17.777, 19033
2026/09/26 21:58:18.277, 19033
2026/09/26 21:58:18.777, 19033
2026/09/26 21:58:19.278, 19033
2026/09/26 21:58:19.778, 19033
2026/09/26 21:58:20.278, 19033
2026/09/26 21:58:20.778, 19033
2026/09/26 21:58:21.278, 19033
2026/09/26 21:58:21.778, 19033
2026/09/26 21:58:22.279, 19033
2026/09/26 21:58:22.779, 19033
2026/09/26 21:58:23.279, 19033
2026/09/26 21:58:23.779, 19033
2026/09/26 21:58:24.279, 19813
2026/09/26 21:58:24.779, 19947
2026/09/26 21:58:25.280, 19033
2026/09/26 21:58:25.780, 19033
2026/09/26 21:58:26.280, 19033
2026/09/26 21:58:26.780, 19033
2026/09/26 21:58:27.280, 19033
2026/09/26 21:58:27.780, 19033
2026/09/26 21:58:28.280, 19033
2026/09/26 21:58:28.781, 19033
2026/09/26 21:58:29.281, 19033
2026/09/26 21:58:29.781, 19033
2026/09/26 21:58:30.281, 19033
2026/09/26 21:58:30.781, 19033
2026/09/26 21:58:31.281, 19033
2026/09/26 21:58:31.782, 19033
2026/09/26 21:58:32.282, 19033
2026/09/26 21:58:32.782, 19033
2026/09/26 21:58:33.282, 19033
2026/09/26 21:58:33.782, 19033
2026/09/26 21:58:34.282, 19033
2026/09/26 21:58:34.783, 19033
2026/09/26 21:58:35.283, 19033
2026/09/26 21:58:35.783, 19033
2026/09/26 21:58:36.283, 19033
2026/09/26 21:58:36.783, 19033
2026/09/26 21:58:37.283, 19033
2026/09/26 21:58:37.784, 19033
2026/09/26 21:58:38.284, 19033
2026/09/26 21:58:38.784, 19033
2026/09/26 21:58:39.284, 19033
2026/09/26 21:58:39.784, 19033
2026/09/26 21:58:40.284, 19033
2026/09/26 21:58:40.784, 19033
2026/09/26 21:58:41.285, 19033
2026/09/26 21:58:41.785, 19033
2026/09/26 21:58:42.285, 19033
2026/09/26 21:58:42.785, 19033
2026/09/26 21:58:43.285, 19033
2026/09/26 21:58:43.785, 19033
2026/09/26 21:58:44.286, 19033
2026/09/26 21:58:44.786, 19033
2026/09/26 21:58:45.286, 19033
2026/09/26 21:58:45.786, 19033
2026/09/26 21:58:46.286, 19033
2026/09/26 21:58:46.786, 19033
2026/09/26 21:58:47.287, 19033
2026/09/26 21:58:47.787, 19033
2026/09/26 21:58:48.287, 19033
2026/09/26 21:58:48.787, 19033
2026/09/26 21:58:49.287, 19033
2026/09/26 21:58:49.788, 19033
2026/09/26 21:58:50.288, 19033
2026/09/26 21:58:50.788, 19033
2026/09/26 21:58:51.288, 19033
2026/09/26 21:58:51.788, 19033
2026/09/26 21:58:52.288, 19033
2026/09/26 21:58:52.789, 19033
2026/09/26 21:58:53.289, 19033
2026/09/26 21:58:53.789, 19033
2026/09/26 21:58:54.289, 19033
2026/09/26 21:58:54.789, 19033
2026/09/26 21:58:55.289, 19033
2026/09/26 21:58:55.790, 19033
2026/09/26 21:58:56.290, 19033
2026/09/26 21:58:56.790, 19033
2026/09/26 21:58:57.290, 19033
2026/09/26 21:58:57.790, 19033
2026/09/26 21:58:58.290, 19033
2026/09/26 21:58:58.791, 19033
2026/09/26 21:58:59.291, 19033
2026/09/26 21:58:59.791, 19033
2026/09/26 21:59:00.291, 19033
2026/09/26 21:59:00.791, 19033
2026/09/26 21:59:01.291, 19033
2026/09/26 21:59:01.792, 19033
2026/09/26 21:59:02.292, 19033
2026/09/26 21:59:02.792, 19033
2026/09/26 21:59:03.292, 19033
2026/09/26 21:59:03.792, 19033
2026/09/26 21:59:04.292, 19033
2026/09/26 21:59:04.793, 19033
2026/09/26 21:59:05.293, 19033
2026/09/26 21:59:05.793, 19033
2026/09/26 21:59:06.293, 19033
2026/09/26 21:59:06.793, 19033
2026/09/26 21:59:07.293, 19033
2026/09/26 21:59:07.793, 19033
2026/09/26 21:59:08.294, 19033
2026/09/26 21:59:08.794, 19033
2026/09/26 21:59:09.294, 19033
2026/09/26 21:59:09.794, 19033
2026/09/26 21:59:10.294, 19033
2026/09/26 21:59:10.794, 19033
2026/09/26 21:59:11.295, 19033
2026/09/26 21:59:11.795, 19033
2026/09/26 21:59:12.295, 19033
2026/09/26 21:59:12.795, 19033
2026/09/26 21:59:13.295, 19033
2026/09/26 21:59:13.795, 19033
2026/09/26 21:59:14.295, 19033
2026/09/26 21:59:14.796, 19033
2026/09/26 21:59:15.296, 19033
2026/09/26 21:59:15.796, 19033
2026/09/26 21:59:16.296, 19033
2026/09/26 21:59:16.796, 19033
2026/09/26 21:59:17.296, 19033
2026/09/26 21:59:17.796, 19033
2026/09/26 21:59:18.297, 19033
2026/09/26 21:59:18.797, 19033
2026/09/26 21:59:19.297, 19033
2026/09/26 21:59:19.797, 19033
2026/09/26 21:59:20.297, 19033
2026/09/26 21:59:20.797, 19033
2026/09/26 21:59:21.297, 19033
2026/09/26 21:59:21.798, 19033
2026/09/26 21:59:22.298, 19033
2026/09/26 21:59:22.798, 19033
2026/09/26 21:59:23.298, 19033
2026/09/26 21:59:23.798, 19033
2026/09/26 21:59:24.298, 19033
2026/09/26 21:59:24.798, 19033
2026/09/26 21:59:25.299, 19033
2026/09/26 21:59:25.799, 19033
2026/09/26 21:59:26.299, 19033
2026/09/26 21:59:26.799, 19033
2026/09/26 21:59:27.299, 19033
2026/09/26 21:59:27.799, 19033
2026/09/26 21:59:28.300, 19033
2026/09/26 21:59:28.800, 19033
2026/09/26 21:59:29.300, 19033
2026/09/26 21:59:29.800, 19033
2026/09/26 21:59:30.300, 19033
2026/09/26 21:59:30.800, 19033
2026/09/26 21:59:31.300, 19033
2026/09/26 21:59:31.801, 19033
2026/09/26 21:59:32.301, 19033
2026/09/26 21:59:32.801, 19033
2026/09/26 21:59:33.301, 19033
2026/09/26 21:59:33.801, 19033
2026/09/26 21:59:34.301, 19033
2026/09/26 21:59:34.801, 19033
2026/09/26 21:59:35.302, 19033
2026/09/26 21:59:35.802, 19033
2026/09/26 21:59:36.302, 19033
2026/09/26 21:59:36.802, 19033
2026/09/26 21:59:37.302, 19033
2026/09/26 21:59:37.802, 19033
2026/09/26 21:59:38.302, 19033
2026/09/26 21:59:38.802, 19033
2026/09/26 21:59:39.303, 19033
2026/09/26 21:59:39.803, 19033
2026/09/26 21:59:40.303, 19033
2026/09/26 21:59:40.803, 19033
2026/09/26 21:59:41.303, 19033
2026/09/26 21:59:41.803, 19033
2026/09/26 21:59:42.304, 19033
2026/09/26 21:59:42.804, 19033
2026/09/26 21:59:43.304, 19033
2026/09/26 21:59:43.804, 19033
2026/09/26 21:59:44.304, 19033
2026/09/26 21:59:44.804, 19033
2026/09/26 21:59:45.304, 19033
2026/09/26 21:59:45.805, 19033
2026/09/26 21:59:46.305, 19033
2026/09/26 21:59:46.805, 19033
2026/09/26 21:59:47.305, 19033
2026/09/26 21:59:47.805, 19033
2026/09/26 21:59:48.305, 19033
2026/09/26 21:59:48.805, 19033
2026/09/26 21:59:49.305, 19033
2026/09/26 21:59:49.806, 19033
2026/09/26 21:59:50.306, 19033
2026/09/26 21:59:50.806, 19033
2026/09/26 21:59:51.306, 19033
2026/09/26 21:59:51.806, 19033
2026/09/26 21:59:52.307, 19033
2026/09/26 21:59:52.807, 19033
2026/09/26 21:59:53.307, 19033
2026/09/26 21:59:53.807, 19033
2026/09/26 21:59:54.307, 19033
2026/09/26 21:59:54.807, 19033
2026/09/26 21:59:55.307, 19033
2026/09/26 21:59:55.808, 19033
2026/09/26 21:59:56.308, 19033
2026/09/26 21:59:56.808, 19033
2026/09/26 21:59:57.308, 19033
2026/09/26 21:59:57.808, 19033
2026/09/26 21:59:58.308, 19033
2026/09/26 21:59:58.808, 19033
2026/09/26 21:59:59.309, 19033
2026/09/26 21:59:59.809, 19033
2026/09/26 22:00:00.309, 19033
2026/09/26 22:00:00.809, 19033
2026/09/26 22:00:01.309, 19033
2026/09/26 22:00:01.809, 19033
2026/09/26 22:00:02.309, 19033
2026/09/26 22:00:02.810, 19033
2026/09/26 22:00:03.310, 19033
2026/09/26 22:00:03.810, 19033
2026/09/26 22:00:04.310, 19033
2026/09/26 22:00:04.810, 19033
2026/09/26 22:00:05.310, 19033
2026/09/26 22:00:05.810, 19033
2026/09/26 22:00:06.310, 19033
2026/09/26 22:00:06.811, 19033
2026/09/26 22:00:07.311, 19033
2026/09/26 22:00:07.811, 19033
2026/09/26 22:00:08.311, 19033
2026/09/26 22:00:08.812, 19033
2026/09/26 22:00:09.312, 19033
2026/09/26 22:00:09.812, 19033
2026/09/26 22:00:10.312, 19033
2026/09/26 22:00:10.812, 19033
2026/09/26 22:00:11.312, 19033
2026/09/26 22:00:11.812, 19033
2026/09/26 22:00:12.313, 19033
2026/09/26 22:00:12.813, 19033
2026/09/26 22:00:13.313, 19033
2026/09/26 22:00:13.813, 19033
2026/09/26 22:00:14.313, 19033
2026/09/26 22:00:14.813, 19033
2026/09/26 22:00:15.314, 19033
2026/09/26 22:00:15.818, 19033
2026/09/26 22:00:16.318, 19033
2026/09/26 22:00:16.819, 19033
2026/09/26 22:00:17.319, 19033
2026/09/26 22:00:17.819, 19033
2026/09/26 22:00:18.319, 19033
2026/09/26 22:00:18.819, 19033
2026/09/26 22:00:19.320, 19033
2026/09/26 22:00:19.820, 19033
2026/09/26 22:00:20.320, 19033
2026/09/26 22:00:20.820, 19033
2026/09/26 22:00:21.320, 19033
2026/09/26 22:00:21.821, 19033
2026/09/26 22:00:22.321, 19033
2026/09/26 22:00:22.821, 19033
2026/09/26 22:00:23.321, 19033
2026/09/26 22:00:23.821, 19033
2026/09/26 22:00:24.321, 19033
2026/09/26 22:00:24.821, 19033
2026/09/26 22:00:25.322, 19033
2026/09/26 22:00:25.822, 19033
2026/09/26 22:00:26.322, 19033
2026/09/26 22:00:26.822, 19033
2026/09/26 22:00:27.322, 19033
2026/09/26 22:00:27.827, 19033
2026/09/26 22:00:28.327, 19033
2026/09/26 22:00:28.828, 19033
2026/09/26 22:00:29.328, 19033
2026/09/26 22:00:29.828, 19033
2026/09/26 22:00:30.328, 19033
2026/09/26 22:00:30.828, 19033
2026/09/26 22:00:31.328, 19033
2026/09/26 22:00:31.828, 19033
2026/09/26 22:00:32.329, 19033
2026/09/26 22:00:32.829, 19033
2026/09/26 22:00:33.329, 19033
2026/09/26 22:00:33.829, 19033
2026/09/26 22:00:34.329, 19033
2026/09/26 22:00:34.829, 19033
2026/09/26 22:00:35.330, 19033
2026/09/26 22:00:35.830, 19033
2026/09/26 22:00:36.330, 19033
2026/09/26 22:00:36.830, 19033
2026/09/26 22:00:37.330, 19033
2026/09/26 22:00:37.830, 19033
2026/09/26 22:00:38.330, 19033
2026/09/26 22:00:38.831, 19033
2026/09/26 22:00:39.331, 19033
2026/09/26 22:00:39.831, 19033
2026/09/26 22:00:40.331, 19033
2026/09/26 22:00:40.831, 19033
2026/09/26 22:00:41.331, 19033
2026/09/26 22:00:41.832, 19033
2026/09/26 22:00:42.332, 19033
2026/09/26 22:00:42.832, 19033
2026/09/26 22:00:43.332, 19033
2026/09/26 22:00:43.832, 19033
2026/09/26 22:00:44.332, 19033
2026/09/26 22:00:44.833, 19033
2026/09/26 22:00:45.333, 19033
2026/09/26 22:00:45.833, 19033
2026/09/26 22:00:46.333, 19033
2026/09/26 22:00:46.833, 19033
2026/09/26 22:00:47.333, 19033
2026/09/26 22:00:47.834, 19033
2026/09/26 22:00:48.334, 19033
2026/09/26 22:00:48.834, 19033
2026/09/26 22:00:49.334, 19033
2026/09/26 22:00:49.834, 19033
2026/09/26 22:00:50.334, 19033
2026/09/26 22:00:50.835, 19033
2026/09/26 22:00:51.335, 19033
2026/09/26 22:00:51.835, 19033
2026/09/26 22:00:52.335, 19033
2026/09/26 22:00:52.835, 19033
2026/09/26 22:00:53.335, 19033
2026/09/26 22:00:53.835, 19033
2026/09/26 22:00:54.336, 19033
2026/09/26 22:00:54.836, 19033
2026/09/26 22:00:55.336, 19033
2026/09/26 22:00:55.836, 19033
2026/09/26 22:00:56.336, 19033
2026/09/26 22:00:56.837, 19033
2026/09/26 22:00:57.337, 19033
2026/09/26 22:00:57.837, 19033
2026/09/26 22:00:58.337, 19033
2026/09/26 22:00:58.837, 19033
2026/09/26 22:00:59.337, 19033
2026/09/26 22:00:59.838, 19033
2026/09/26 22:01:00.338, 19033
2026/09/26 22:01:00.838, 19033
2026/09/26 22:01:01.338, 19033
2026/09/26 22:01:01.838, 19033
2026/09/26 22:01:02.338, 19033
2026/09/26 22:01:02.838, 19033
2026/09/26 22:01:03.339, 19033
2026/09/26 22:01:03.839, 19033
2026/09/26 22:01:04.339, 19033
2026/09/26 22:01:04.839, 19033
2026/09/26 22:01:05.339, 19033
2026/09/26 22:01:05.840, 19033
2026/09/26 22:01:06.340, 19033
2026/09/26 22:01:06.840, 19033
2026/09/26 22:01:07.340, 19033
2026/09/26 22:01:07.840, 19033
2026/09/26 22:01:08.340, 19033
2026/09/26 22:01:08.841, 19033
2026/09/26 22:01:09.341, 19033
2026/09/26 22:01:09.841, 19033
2026/09/26 22:01:10.341, 19033
2026/09/26 22:01:10.841, 19033
2026/09/26 22:01:11.341, 19033
2026/09/26 22:01:11.841, 19033
2026/09/26 22:01:12.342, 19033
2026/09/26 22:01:12.842, 19033
2026/09/26 22:01:13.342, 19033
2026/09/26 22:01:13.842, 19033
2026/09/26 22:01:14.342, 19033
2026/09/26 22:01:14.842, 19033
2026/09/26 22:01:15.343, 19033
2026/09/26 22:01:15.843, 19033
2026/09/26 22:01:16.343, 19033
2026/09/26 22:01:16.843, 19033
2026/09/26 22:01:17.343, 19033
2026/09/26 22:01:17.843, 19033
2026/09/26 22:01:18.344, 19033
2026/09/26 22:01:18.844, 19033
2026/09/26 22:01:19.344, 19033
2026/09/26 22:01:19.844, 19033
2026/09/26 22:01:20.344, 19033
2026/09/26 22:01:20.844, 19033
2026/09/26 22:01:21.345, 19033
2026/09/26 22:01:21.845, 19033
2026/09/26 22:01:22.345, 19033
2026/09/26 22:01:22.845, 19033
2026/09/26 22:01:23.345, 19033
2026/09/26 22:01:23.845, 19033
2026/09/26 22:01:24.345, 19033
2026/09/26 22:01:24.846, 19033
2026/09/26 22:01:25.346, 19033
2026/09/26 22:01:25.846, 19033
2026/09/26 22:01:26.346, 19033
2026/09/26 22:01:26.846, 19033
2026/09/26 22:01:27.346, 19033
2026/09/26 22:01:27.846, 19033
2026/09/26 22:01:28.346, 19033
2026/09/26 22:01:28.847, 19033
2026/09/26 22:01:29.347, 19033
2026/09/26 22:01:29.847, 19033
2026/09/26 22:01:30.347, 19033
2026/09/26 22:01:30.847, 19033
2026/09/26 22:01:31.347, 19033
2026/09/26 22:01:31.848, 19033
2026/09/26 22:01:32.348, 19033
2026/09/26 22:01:32.848, 19033
2026/09/26 22:01:33.348, 19033
2026/09/26 22:01:33.848, 19033
2026/09/26 22:01:34.348, 19033
2026/09/26 22:01:34.848, 19033
2026/09/26 22:01:35.349, 19033
2026/09/26 22:01:35.849, 19033
2026/09/26 22:01:36.349, 19033
2026/09/26 22:01:36.849, 19033
2026/09/26 22:01:37.349, 19033
2026/09/26 22:01:37.849, 19033
2026/09/26 22:01:38.350, 19033
2026/09/26 22:01:38.850, 19033
2026/09/26 22:01:39.350, 19033
2026/09/26 22:01:39.850, 19033
2026/09/26 22:01:40.350, 19033
2026/09/26 22:01:40.850, 19033
2026/09/26 22:01:41.350, 19033
2026/09/26 22:01:41.851, 19033
2026/09/26 22:01:42.351, 19033
2026/09/26 22:01:42.851, 19033
2026/09/26 22:01:43.351, 19033
2026/09/26 22:01:43.851, 19033
2026/09/26 22:01:44.352, 19033
2026/09/26 22:01:44.852, 19033
2026/09/26 22:01:45.352, 19033
2026/09/26 22:01:45.852, 19033
2026/09/26 22:01:46.352, 19033
2026/09/26 22:01:46.852, 19033
2026/09/26 22:01:47.352, 19033
2026/09/26 22:01:47.853, 19033
2026/09/26 22:01:48.353, 19033
2026/09/26 22:01:48.853, 19033
2026/09/26 22:01:49.353, 19033
2026/09/26 22:01:49.853, 19033
2026/09/26 22:01:50.353, 19033
2026/09/26 22:01:50.854, 19033
2026/09/26 22:01:51.354, 19033
2026/09/26 22:01:51.854, 19033
2026/09/26 22:01:52.354, 19033
2026/09/26 22:01:52.854, 19033
2026/09/26 22:01:53.354, 19033
2026/09/26 22:01:53.855, 19033
2026/09/26 22:01:54.355, 19033
2026/09/26 22:01:54.855, 19033
2026/09/26 22:01:55.355, 19033
2026/09/26 22:01:55.855, 19033
2026/09/26 22:01:56.355, 19033
2026/09/26 22:01:56.855, 19033
2026/09/26 22:01:57.356, 19033
2026/09/26 22:01:57.856, 19033
2026/09/26 22:01:58.356, 19033
2026/09/26 22:01:58.856, 19033
2026/09/26 22:01:59.356, 19033
2026/09/26 22:01:59.856, 19033
2026/09/26 22:02:00.357, 19033
2026/09/26 22:02:00.857, 19033
2026/09/26 22:02:01.357, 19033
2026/09/26 22:02:01.857, 19033
2026/09/26 22:02:02.357, 19033
2026/09/26 22:02:02.857, 19033
2026/09/26 22:02:03.358, 19033
2026/09/26 22:02:03.858, 19033
2026/09/26 22:02:04.358, 19033
2026/09/26 22:02:04.858, 19033
2026/09/26 22:02:05.358, 19033
2026/09/26 22:02:05.858, 19033
2026/09/26 22:02:06.359, 19033
2026/09/26 22:02:06.859, 19033
2026/09/26 22:02:07.359, 19033
2026/09/26 22:02:07.859, 19033
2026/09/26 22:02:08.359, 19033
2026/09/26 22:02:08.859, 19033
2026/09/26 22:02:09.359, 19033
2026/09/26 22:02:09.860, 19033
2026/09/26 22:02:10.360, 19033
2026/09/26 22:02:10.860, 19033
2026/09/26 22:02:11.360, 19033
2026/09/26 22:02:11.860, 19033
2026/09/26 22:02:12.360, 19033
2026/09/26 22:02:12.861, 19033
2026/09/26 22:02:13.361, 19033
2026/09/26 22:02:13.861, 19033
2026/09/26 22:02:14.361, 19033
2026/09/26 22:02:14.861, 19033
2026/09/26 22:02:15.361, 19033
2026/09/26 22:02:15.862, 19033
2026/09/26 22:02:16.362, 19033
2026/09/26 22:02:16.862, 19033
2026/09/26 22:02:17.362, 19033
2026/09/26 22:02:17.862, 19033
2026/09/26 22:02:18.362, 19033
2026/09/26 22:02:18.862, 19033
2026/09/26 22:02:19.363, 19033
2026/09/26 22:02:19.863, 19033
2026/09/26 22:02:20.363, 19033
2026/09/26 22:02:20.863, 19033
2026/09/26 22:02:21.363, 19033
2026/09/26 22:02:21.863, 19033
2026/09/26 22:02:22.364, 19033
2026/09/26 22:02:22.864, 19033
2026/09/26 22:02:23.364, 19033
2026/09/26 22:02:23.864, 19033
2026/09/26 22:02:24.364, 19033
2026/09/26 22:02:24.864, 19033
2026/09/26 22:02:25.365, 19033
2026/09/26 22:02:25.865, 19033
2026/09/26 22:02:26.365, 19033
2026/09/26 22:02:26.865, 19033
2026/09/26 22:02:27.365, 19033
2026/09/26 22:02:27.865, 19033
2026/09/26 22:02:28.366, 19033
2026/09/26 22:02:28.866, 19033
2026/09/26 22:02:29.366, 19033
2026/09/26 22:02:29.866, 19033
2026/09/26 22:02:30.366, 19033
2026/09/26 22:02:30.866, 19033
2026/09/26 22:02:31.366, 19033
2026/09/26 22:02:31.866, 19033
2026/09/26 22:02:32.367, 19033
2026/09/26 22:02:32.867, 19033
2026/09/26 22:02:33.367, 19033
2026/09/26 22:02:33.867, 19033
2026/09/26 22:02:34.367, 19033
2026/09/26 22:02:34.867, 19033
2026/09/26 22:02:35.367, 19033
2026/09/26 22:02:35.867, 19033
2026/09/26 22:02:36.368, 19033
2026/09/26 22:02:36.868, 19033
2026/09/26 22:02:37.368, 19033
2026/09/26 22:02:37.868, 19033
2026/09/26 22:02:38.368, 19033
2026/09/26 22:02:38.868, 19033
2026/09/26 22:02:39.368, 19033
2026/09/26 22:02:39.869, 19033
2026/09/26 22:02:40.369, 19033
2026/09/26 22:02:40.869, 19033
2026/09/26 22:02:41.373, 19033
2026/09/26 22:02:41.873, 19033
2026/09/26 22:02:42.373, 19033
2026/09/26 22:02:42.874, 19033
2026/09/26 22:02:43.374, 19033
2026/09/26 22:02:43.874, 19033
2026/09/26 22:02:44.374, 19033
2026/09/26 22:02:44.874, 19033
2026/09/26 22:02:45.374, 19033
2026/09/26 22:02:45.875, 19033
2026/09/26 22:02:46.375, 19033
2026/09/26 22:02:46.875, 19033
2026/09/26 22:02:47.375, 19033
2026/09/26 22:02:47.875, 19033
2026/09/26 22:02:48.375, 19033
2026/09/26 22:02:48.876, 19033
2026/09/26 22:02:49.376, 19033
2026/09/26 22:02:49.876, 19033
2026/09/26 22:02:50.376, 19033
2026/09/26 22:02:50.876, 19033
2026/09/26 22:02:51.376, 19033
2026/09/26 22:02:51.876, 19033
2026/09/26 22:02:52.377, 19033
2026/09/26 22:02:52.877, 19033
2026/09/26 22:02:53.377, 19033
2026/09/26 22:02:53.877, 19033
2026/09/26 22:02:54.377, 19033
2026/09/26 22:02:54.877, 19033
2026/09/26 22:02:55.377, 19033
2026/09/26 22:02:55.878, 19033
2026/09/26 22:02:56.378, 19033
2026/09/26 22:02:56.878, 19033
2026/09/26 22:02:57.378, 19033
2026/09/26 22:02:57.878, 19033
2026/09/26 22:02:58.378, 19033
2026/09/26 22:02:58.879, 19033
2026/09/26 22:02:59.379, 19033
2026/09/26 22:02:59.879, 19033
2026/09/26 22:03:00.379, 19033
2026/09/26 22:03:00.879, 19033
2026/09/26 22:03:01.379, 19033
2026/09/26 22:03:01.879, 19033
2026/09/26 22:03:02.380, 19033
2026/09/26 22:03:02.880, 19033
2026/09/26 22:03:03.380, 19033
2026/09/26 22:03:03.880, 19033
2026/09/26 22:03:04.380, 19033
2026/09/26 22:03:04.880, 19033
2026/09/26 22:03:05.380, 19033
2026/09/26 22:03:05.881, 19033
2026/09/26 22:03:06.381, 19033
2026/09/26 22:03:06.881, 19033
2026/09/26 22:03:07.381, 19033
2026/09/26 22:03:07.881, 19033
2026/09/26 22:03:08.381, 19033
2026/09/26 22:03:08.881, 19033
2026/09/26 22:03:09.382, 19033
2026/09/26 22:03:09.882, 19033
2026/09/26 22:03:10.382, 19033
2026/09/26 22:03:10.882, 19033
2026/09/26 22:03:11.382, 19033
2026/09/26 22:03:11.882, 19033
2026/09/26 22:03:12.383, 19033
2026/09/26 22:03:12.883, 19033
2026/09/26 22:03:13.383, 19033
2026/09/26 22:03:13.883, 19033
2026/09/26 22:03:14.383, 19033
2026/09/26 22:03:14.883, 19033
2026/09/26 22:03:15.383, 19033
2026/09/26 22:03:15.884, 19033
2026/09/26 22:03:16.384, 19033
2026/09/26 22:03:16.884, 19033
2026/09/26 22:03:17.384, 19033
2026/09/26 22:03:17.884, 19033
2026/09/26 22:03:18.384, 19033
2026/09/26 22:03:18.884, 19033
2026/09/26 22:03:19.385, 19033
2026/09/26 22:03:19.885, 19033
2026/09/26 22:03:20.385, 19033
2026/09/26 22:03:20.885, 19033
2026/09/26 22:03:21.385, 19033
2026/09/26 22:03:21.885, 19033
2026/09/26 22:03:22.386, 19033
2026/09/26 22:03:22.886, 19033
2026/09/26 22:03:23.386, 19033
2026/09/26 22:03:23.886, 19033
2026/09/26 22:03:24.386, 19033
2026/09/26 22:03:24.886, 19033
2026/09/26 22:03:25.387, 19033
2026/09/26 22:03:25.887, 19033
2026/09/26 22:03:26.387, 19033
2026/09/26 22:03:26.887, 19033
2026/09/26 22:03:27.387, 19033
2026/09/26 22:03:27.887, 19033
2026/09/26 22:03:28.388, 19033
2026/09/26 22:03:28.888, 19033
2026/09/26 22:03:29.388, 19033
2026/09/26 22:03:29.888, 19033
2026/09/26 22:03:30.388, 19033
2026/09/26 22:03:30.889, 19033
2026/09/26 22:03:31.389, 19033
2026/09/26 22:03:31.889, 19033
2026/09/26 22:03:32.389, 19033
2026/09/26 22:03:32.889, 19033
2026/09/26 22:03:33.389, 19033
2026/09/26 22:03:33.890, 19033
2026/09/26 22:03:34.390, 19033
2026/09/26 22:03:34.890, 19033
2026/09/26 22:03:35.390, 19033
2026/09/26 22:03:35.890, 19033
2026/09/26 22:03:36.390, 19033
2026/09/26 22:03:36.891, 19033
2026/09/26 22:03:37.391, 19033
2026/09/26 22:03:37.891, 19033
2026/09/26 22:03:38.391, 19033
2026/09/26 22:03:38.891, 19033
2026/09/26 22:03:39.391, 19033
2026/09/26 22:03:39.892, 19033
2026/09/26 22:03:40.392, 19033
2026/09/26 22:03:40.892, 19033
2026/09/26 22:03:41.392, 19033
2026/09/26 22:03:41.892, 19033
2026/09/26 22:03:42.392, 19033
2026/09/26 22:03:42.893, 19033
2026/09/26 22:03:43.393, 19033
2026/09/26 22:03:43.893, 19033
2026/09/26 22:03:44.393, 19033
2026/09/26 22:03:44.893, 19033
2026/09/26 22:03:45.393, 19033
2026/09/26 22:03:45.893, 19033
2026/09/26 22:03:46.394, 19033
2026/09/26 22:03:46.894, 19033
2026/09/26 22:03:47.394, 19033
2026/09/26 22:03:47.894, 19033
2026/09/26 22:03:48.394, 19033
2026/09/26 22:03:48.894, 19033
2026/09/26 22:03:49.395, 19033
2026/09/26 22:03:49.895, 19033
2026/09/26 22:03:50.395, 19033
2026/09/26 22:03:50.895, 19033
2026/09/26 22:03:51.395, 19033
2026/09/26 22:03:51.895, 19033
2026/09/26 22:03:52.396, 19033
2026/09/26 22:03:52.896, 19033
2026/09/26 22:03:53.396, 19033
2026/09/26 22:03:53.896, 19033
2026/09/26 22:03:54.396, 19033
2026/09/26 22:03:54.896, 19033
2026/09/26 22:03:55.397, 19033
2026/09/26 22:03:55.897, 19033
2026/09/26 22:03:56.397, 19033
2026/09/26 22:03:56.897, 19033
2026/09/26 22:03:57.397, 19033
2026/09/26 22:03:57.897, 19033
2026/09/26 22:03:58.398, 19033
2026/09/26 22:03:58.898, 19033
2026/09/26 22:03:59.398, 19033
2026/09/26 22:03:59.898, 19033
2026/09/26 22:04:00.398, 19033
2026/09/26 22:04:00.898, 19033
2026/09/26 22:04:01.398, 19033
2026/09/26 22:04:01.899, 19033
2026/09/26 22:04:02.399, 19033
2026/09/26 22:04:02.899, 19033
2026/09/26 22:04:03.399, 19033
2026/09/26 22:04:03.899, 19033
2026/09/26 22:04:04.399, 19033
2026/09/26 22:04:04.900, 19033
2026/09/26 22:04:05.400, 19033
2026/09/26 22:04:05.900, 19033
2026/09/26 22:04:06.400, 19033
2026/09/26 22:04:06.900, 19033
2026/09/26 22:04:07.400, 19033
2026/09/26 22:04:07.900, 19033
2026/09/26 22:04:08.401, 19033
2026/09/26 22:04:08.901, 19033
2026/09/26 22:04:09.401, 19033
2026/09/26 22:04:09.901, 19033
2026/09/26 22:04:10.401, 19033
2026/09/26 22:04:10.901, 19033
2026/09/26 22:04:11.401, 19033
2026/09/26 22:04:11.902, 19033
2026/09/26 22:04:12.402, 19033
2026/09/26 22:04:12.902, 19033
2026/09/26 22:04:13.402, 19033
2026/09/26 22:04:13.902, 19033
2026/09/26 22:04:14.402, 19033
2026/09/26 22:04:14.903, 19033
2026/09/26 22:04:15.403, 19033
2026/09/26 22:04:15.903, 19033
2026/09/26 22:04:16.403, 19033
2026/09/26 22:04:16.903, 19033
2026/09/26 22:04:17.403, 19033
2026/09/26 22:04:17.903, 19033
2026/09/26 22:04:18.404, 19033
2026/09/26 22:04:18.904, 19033
2026/09/26 22:04:19.404, 19033
2026/09/26 22:04:19.904, 19033
2026/09/26 22:04:20.404, 19033
2026/09/26 22:04:20.905, 19033
2026/09/26 22:04:21.405, 19033
2026/09/26 22:04:21.905, 19033
2026/09/26 22:04:22.405, 19033
2026/09/26 22:04:22.905, 19033
2026/09/26 22:04:23.405, 19033
2026/09/26 22:04:23.905, 19033
2026/09/26 22:04:24.406, 19033
2026/09/26 22:04:24.906, 19033
2026/09/26 22:04:25.406, 19033
2026/09/26 22:04:25.906, 19033
2026/09/26 22:04:26.406, 19033
2026/09/26 22:04:26.906, 19033
2026/09/26 22:04:27.406, 19033
2026/09/26 22:04:27.907, 19033
2026/09/26 22:04:28.407, 19033
2026/09/26 22:04:28.907, 19033
2026/09/26 22:04:29.407, 19033
2026/09/26 22:04:29.907, 19033
2026/09/26 22:04:30.407, 19033
2026/09/26 22:04:30.907, 19033
2026/09/26 22:04:31.408, 19033
2026/09/26 22:04:31.908, 19033
2026/09/26 22:04:32.408, 19033
2026/09/26 22:04:32.908, 19033
2026/09/26 22:04:33.408, 19033
2026/09/26 22:04:33.908, 19033
2026/09/26 22:04:34.408, 19033
2026/09/26 22:04:34.909, 19033
2026/09/26 22:04:35.409, 19033
2026/09/26 22:04:35.909, 19033
2026/09/26 22:04:36.409, 19033
2026/09/26 22:04:36.909, 19033
2026/09/26 22:04:37.409, 19033
2026/09/26 22:04:37.910, 19033
2026/09/26 22:04:38.410, 19033
2026/09/26 22:04:38.910, 19033
2026/09/26 22:04:39.410, 19033
2026/09/26 22:04:39.910, 19033
2026/09/26 22:04:40.410, 19033
2026/09/26 22:04:40.910, 19033
2026/09/26 22:04:41.411, 19033
2026/09/26 22:04:41.911, 19033
2026/09/26 22:04:42.411, 19033
2026/09/26 22:04:42.911, 19033
2026/09/26 22:04:43.411, 19033
2026/09/26 22:04:43.911, 19033
2026/09/26 22:04:44.411, 19033
2026/09/26 22:04:44.912, 19033
2026/09/26 22:04:45.412, 19033
2026/09/26 22:04:45.912, 19033
2026/09/26 22:04:46.412, 19033
2026/09/26 22:04:46.912, 19033
2026/09/26 22:04:47.412, 19033
2026/09/26 22:04:47.913, 19033
2026/09/26 22:04:48.413, 19033
2026/09/26 22:04:48.913, 19033
2026/09/26 22:04:49.413, 19033
2026/09/26 22:04:49.913, 19033
2026/09/26 22:04:50.413, 19033
2026/09/26 22:04:50.913, 19033
2026/09/26 22:04:51.414, 19033
2026/09/26 22:04:51.923, 19033
2026/09/26 22:04:52.423, 19033
2026/09/26 22:04:52.923, 19033
2026/09/26 22:04:53.423, 19033
2026/09/26 22:04:53.923, 19033
2026/09/26 22:04:54.423, 19033
2026/09/26 22:04:54.923, 19033
2026/09/26 22:04:55.424, 19033
2026/09/26 22:04:55.924, 19033
2026/09/26 22:04:56.424, 19033
2026/09/26 22:04:56.924, 19033
2026/09/26 22:04:57.424, 19033
2026/09/26 22:04:57.924, 19033
2026/09/26 22:04:58.424, 19033
2026/09/26 22:04:58.925, 19033
2026/09/26 22:04:59.425, 19033
2026/09/26 22:04:59.925, 19033
2026/09/26 22:05:00.425, 19033
2026/09/26 22:05:00.925, 19033
2026/09/26 22:05:01.425, 19033
2026/09/26 22:05:01.925, 19033
2026/09/26 22:05:02.426, 19033
2026/09/26 22:05:02.926, 19033
2026/09/26 22:05:03.426, 19033
2026/09/26 22:05:03.926, 19033
2026/09/26 22:05:04.426, 19033
2026/09/26 22:05:04.926, 19033
2026/09/26 22:05:05.426, 19033
2026/09/26 22:05:05.927, 19033
2026/09/26 22:05:06.427, 19033
2026/09/26 22:05:06.927, 19033
2026/09/26 22:05:07.427, 19033
2026/09/26 22:05:07.927, 19033
2026/09/26 22:05:08.427, 19033
2026/09/26 22:05:08.927, 19033
2026/09/26 22:05:09.428, 19033
2026/09/26 22:05:09.928, 19033
2026/09/26 22:05:10.428, 19033
2026/09/26 22:05:10.928, 19033
2026/09/26 22:05:11.428, 19033
2026/09/26 22:05:11.928, 19033
2026/09/26 22:05:12.428, 19033
2026/09/26 22:05:12.929, 19033
2026/09/26 22:05:13.429, 19033
2026/09/26 22:05:13.929, 19033
2026/09/26 22:05:14.429, 19033
2026/09/26 22:05:14.929, 19033
2026/09/26 22:05:15.429, 19033
2026/09/26 22:05:15.930, 19033
2026/09/26 22:05:16.430, 19033
2026/09/26 22:05:16.930, 19033
2026/09/26 22:05:17.430, 19033
2026/09/26 22:05:17.930, 19033
2026/09/26 22:05:18.430, 19033
2026/09/26 22:05:18.930, 19033
2026/09/26 22:05:19.431, 19033
2026/09/26 22:05:19.931, 19033
2026/09/26 22:05:20.431, 19033
2026/09/26 22:05:20.931, 19033
2026/09/26 22:05:21.431, 19033
2026/09/26 22:05:21.931, 19033
2026/09/26 22:05:22.432, 19033
2026/09/26 22:05:22.932, 19033
2026/09/26 22:05:23.432, 19033
2026/09/26 22:05:23.932, 19033
2026/09/26 22:05:24.432, 19033
2026/09/26 22:05:24.932, 19033
2026/09/26 22:05:25.432, 19033
2026/09/26 22:05:25.933, 19033
2026/09/26 22:05:26.433, 19033
2026/09/26 22:05:26.933, 19033
2026/09/26 22:05:27.433, 19033
2026/09/26 22:05:27.933, 19033
2026/09/26 22:05:28.433, 19033
2026/09/26 22:05:28.934, 19033
2026/09/26 22:05:29.434, 19033
2026/09/26 22:05:29.934, 19033
2026/09/26 22:05:30.434, 19033
2026/09/26 22:05:30.934, 19033
2026/09/26 22:05:31.434, 19033
2026/09/26 22:05:31.934, 19033
2026/09/26 22:05:32.435, 19033
2026/09/26 22:05:32.935, 19033
2026/09/26 22:05:33.435, 19033
2026/09/26 22:05:33.935, 19033
2026/09/26 22:05:34.435, 19033
2026/09/26 22:05:34.935, 19033
2026/09/26 22:05:35.435, 19033
2026/09/26 22:05:35.936, 19033
2026/09/26 22:05:36.436, 19033
2026/09/26 22:05:36.936, 19033
2026/09/26 22:05:37.436, 19033
2026/09/26 22:05:37.936, 19033
2026/09/26 22:05:38.436, 19033
2026/09/26 22:05:38.937, 19033
2026/09/26 22:05:39.437, 19033
2026/09/26 22:05:39.937, 19033
2026/09/26 22:05:40.437, 19033
2026/09/26 22:05:40.937, 19033
2026/09/26 22:05:41.437, 19033
2026/09/26 22:05:41.938, 19033
2026/09/26 22:05:42.438, 19033
2026/09/26 22:05:42.938, 19033
2026/09/26 22:05:43.438, 19033
2026/09/26 22:05:43.938, 19033
2026/09/26 22:05:44.438, 19033
2026/09/26 22:05:44.938, 19033
2026/09/26 22:05:45.439, 19033
2026/09/26 22:05:45.939, 19033
2026/09/26 22:05:46.439, 19033
2026/09/26 22:05:46.939, 19033
2026/09/26 22:05:47.439, 19033
2026/09/26 22:05:47.939, 19033
2026/09/26 22:05:48.439, 19033
2026/09/26 22:05:48.940, 19033
2026/09/26 22:05:49.440, 19033
2026/09/26 22:05:49.940, 19033
2026/09/26 22:05:50.440, 19033
2026/09/26 22:05:50.940, 19033
2026/09/26 22:05:51.440, 19033
2026/09/26 22:05:51.940, 19033
2026/09/26 22:05:52.441, 19033
2026/09/26 22:05:52.941, 19033
2026/09/26 22:05:53.441, 19033
2026/09/26 22:05:53.941, 19033
2026/09/26 22:05:54.441, 19033
2026/09/26 22:05:54.941, 19033
2026/09/26 22:05:55.441, 19033
2026/09/26 22:05:55.942, 19033
2026/09/26 22:05:56.442, 19033
2026/09/26 22:05:56.942, 19033
2026/09/26 22:05:57.442, 19033
2026/09/26 22:05:57.942, 19033
2026/09/26 22:05:58.442, 19033
2026/09/26 22:05:58.942, 19033
2026/09/26 22:05:59.443, 19033
2026/09/26 22:05:59.943, 19033
2026/09/26 22:06:00.443, 19033
2026/09/26 22:06:00.943, 19033
2026/09/26 22:06:01.443, 19033
2026/09/26 22:06:01.943, 19033
2026/09/26 22:06:02.443, 19033
2026/09/26 22:06:02.944, 19033
2026/09/26 22:06:03.444, 19033
2026/09/26 22:06:03.944, 19033
2026/09/26 22:06:04.444, 19033
2026/09/26 22:06:04.944, 19033
2026/09/26 22:06:05.445, 19033
2026/09/26 22:06:05.945, 19033
2026/09/26 22:06:06.445, 19033
2026/09/26 22:06:06.945, 19033
2026/09/26 22:06:07.445, 19033
2026/09/26 22:06:07.945, 19033
2026/09/26 22:06:08.445, 19033
2026/09/26 22:06:08.946, 19033
2026/09/26 22:06:09.446, 19033
2026/09/26 22:06:09.946, 19033
2026/09/26 22:06:10.446, 19033
2026/09/26 22:06:10.946, 19033
2026/09/26 22:06:11.446, 19033
2026/09/26 22:06:11.947, 19033
2026/09/26 22:06:12.447, 19033
2026/09/26 22:06:12.947, 19033
2026/09/26 22:06:13.447, 19033
2026/09/26 22:06:13.947, 19033
2026/09/26 22:06:14.447, 19033
2026/09/26 22:06:14.948, 19033
2026/09/26 22:06:15.448, 19033
2026/09/26 22:06:15.948, 19033
2026/09/26 22:06:16.448, 19033
2026/09/26 22:06:16.948, 19033
2026/09/26 22:06:17.448, 19033
2026/09/26 22:06:17.949, 19033
2026/09/26 22:06:18.449, 19033
2026/09/26 22:06:18.949, 19033
2026/09/26 22:06:19.449, 19033
2026/09/26 22:06:19.949, 19033
2026/09/26 22:06:20.449, 19033
2026/09/26 22:06:20.949, 19033
2026/09/26 22:06:21.450, 19033
2026/09/26 22:06:21.950, 19033
2026/09/26 22:06:22.450, 19033
2026/09/26 22:06:22.950, 19033
2026/09/26 22:06:23.450, 19033
2026/09/26 22:06:23.950, 19033
2026/09/26 22:06:24.450, 19033
2026/09/26 22:06:24.951, 19033
2026/09/26 22:06:25.451, 19033
2026/09/26 22:06:25.951, 19033
2026/09/26 22:06:26.451, 19033
2026/09/26 22:06:26.951, 19033
2026/09/26 22:06:27.451, 19033
2026/09/26 22:06:27.952, 19033
2026/09/26 22:06:28.452, 19033
2026/09/26 22:06:28.952, 19033
2026/09/26 22:06:29.452, 19033
2026/09/26 22:06:29.952, 19033
2026/09/26 22:06:30.452, 19033
2026/09/26 22:06:30.953, 19033
2026/09/26 22:06:31.453, 19033
2026/09/26 22:06:31.953, 19033
2026/09/26 22:06:32.453, 19033
2026/09/26 22:06:32.953, 19033
2026/09/26 22:06:33.453, 19033
2026/09/26 22:06:33.953, 19033
2026/09/26 22:06:34.454, 19033
2026/09/26 22:06:34.954, 19033
2026/09/26 22:06:35.454, 19033
2026/09/26 22:06:35.954, 19033
2026/09/26 22:06:36.454, 19033
2026/09/26 22:06:36.954, 19033
2026/09/26 22:06:37.455, 19033
2026/09/26 22:06:37.955, 19033
2026/09/26 22:06:38.455, 19033
2026/09/26 22:06:38.955, 19033
2026/09/26 22:06:39.455, 19033
2026/09/26 22:06:39.955, 19033
2026/09/26 22:06:40.455, 19033
2026/09/26 22:06:40.956, 19033
2026/09/26 22:06:41.456, 19033
2026/09/26 22:06:41.956, 19033
2026/09/26 22:06:42.456, 19033
2026/09/26 22:06:42.956, 19033
2026/09/26 22:06:43.456, 19033
2026/09/26 22:06:43.956, 19033
2026/09/26 22:06:44.457, 19033
2026/09/26 22:06:44.957, 19033
2026/09/26 22:06:45.457, 19033
2026/09/26 22:06:45.957, 19033
2026/09/26 22:06:46.457, 19033
2026/09/26 22:06:46.957, 19033
2026/09/26 22:06:47.457, 19033
2026/09/26 22:06:47.958, 19033
2026/09/26 22:06:48.458, 19033
2026/09/26 22:06:48.958, 19033
2026/09/26 22:06:49.458, 19033
2026/09/26 22:06:49.958, 19033
2026/09/26 22:06:50.458, 19033
2026/09/26 22:06:50.958, 19033
2026/09/26 22:06:51.459, 19033
2026/09/26 22:06:51.959, 19033
2026/09/26 22:06:52.459, 19033
2026/09/26 22:06:52.959, 19033
2026/09/26 22:06:53.460, 19033
2026/09/26 22:06:53.960, 19033
2026/09/26 22:06:54.460, 19033
2026/09/26 22:06:54.960, 19033
2026/09/26 22:06:55.460, 19033
2026/09/26 22:06:55.960, 19033
2026/09/26 22:06:56.460, 19033
2026/09/26 22:06:56.961, 19033
2026/09/26 22:06:57.461, 19033
2026/09/26 22:06:57.961, 19033
2026/09/26 22:06:58.461, 19033
2026/09/26 22:06:58.961, 19033
2026/09/26 22:06:59.461, 19033
2026/09/26 22:06:59.962, 19033
2026/09/26 22:07:00.462, 19033
2026/09/26 22:07:00.962, 19033
2026/09/26 22:07:01.462, 19033
2026/09/26 22:07:01.962, 19033
2026/09/26 22:07:02.462, 19033
2026/09/26 22:07:02.963, 19033
2026/09/26 22:07:03.463, 19033
2026/09/26 22:07:03.963, 19033
2026/09/26 22:07:04.463, 19033
2026/09/26 22:07:04.963, 19033
2026/09/26 22:07:05.463, 19033
2026/09/26 22:07:05.963, 19033
2026/09/26 22:07:06.464, 19033
2026/09/26 22:07:06.964, 19033
2026/09/26 22:07:07.464, 19033
2026/09/26 22:07:07.964, 19033
2026/09/26 22:07:08.464, 19033
2026/09/26 22:07:08.964, 19033
2026/09/26 22:07:09.465, 19033
2026/09/26 22:07:09.965, 19033
2026/09/26 22:07:10.465, 19033
2026/09/26 22:07:10.965, 19033
2026/09/26 22:07:11.465, 19033
2026/09/26 22:07:11.965, 19033
2026/09/26 22:07:12.465, 19033
2026/09/26 22:07:12.966, 19033
2026/09/26 22:07:13.466, 19033
2026/09/26 22:07:13.966, 19033
2026/09/26 22:07:14.466, 19033
2026/09/26 22:07:14.966, 19033
2026/09/26 22:07:15.466, 19033
2026/09/26 22:07:15.966, 19033
2026/09/26 22:07:16.467, 19033
2026/09/26 22:07:16.967, 19033
2026/09/26 22:07:17.467, 19033
2026/09/26 22:07:17.967, 19033
2026/09/26 22:07:18.467, 19033
2026/09/26 22:07:18.967, 19033
2026/09/26 22:07:19.468, 19033
2026/09/26 22:07:19.968, 19033
2026/09/26 22:07:20.468, 19033
2026/09/26 22:07:20.968, 19033
2026/09/26 22:07:21.468, 19033
2026/09/26 22:07:21.968, 19033
2026/09/26 22:07:22.468, 19033
2026/09/26 22:07:22.968, 19033
2026/09/26 22:07:23.469, 19033
2026/09/26 22:07:23.969, 19033
2026/09/26 22:07:24.469, 19033
2026/09/26 22:07:24.969, 19033
2026/09/26 22:07:25.469, 19033
2026/09/26 22:07:25.969, 19033
2026/09/26 22:07:26.470, 19033
2026/09/26 22:07:26.970, 19033
2026/09/26 22:07:27.470, 19033
2026/09/26 22:07:27.970, 19033
2026/09/26 22:07:28.470, 19033
2026/09/26 22:07:28.970, 19033
2026/09/26 22:07:29.471, 19033
2026/09/26 22:07:29.971, 19033
2026/09/26 22:07:30.471, 19033
2026/09/26 22:07:30.971, 19033
2026/09/26 22:07:31.471, 19033
2026/09/26 22:07:31.971, 19033
2026/09/26 22:07:32.471, 19033
2026/09/26 22:07:32.972, 19033
2026/09/26 22:07:33.472, 19033
2026/09/26 22:07:33.972, 19033
2026/09/26 22:07:34.472, 19033
2026/09/26 22:07:34.972, 19033
2026/09/26 22:07:35.472, 19033
2026/09/26 22:07:35.972, 19033
2026/09/26 22:07:36.472, 19033
2026/09/26 22:07:36.973, 19033
2026/09/26 22:07:37.473, 19033
2026/09/26 22:07:37.973, 19033
2026/09/26 22:07:38.473, 19033
2026/09/26 22:07:38.973, 19033
2026/09/26 22:07:39.473, 19033
2026/09/26 22:07:39.973, 19033
2026/09/26 22:07:40.474, 19033
2026/09/26 22:07:40.974, 19033
2026/09/26 22:07:41.474, 19033
2026/09/26 22:07:41.974, 19033
2026/09/26 22:07:42.474, 19033
2026/09/26 22:07:42.974, 19033
2026/09/26 22:07:43.474, 19033
2026/09/26 22:07:43.975, 19033
2026/09/26 22:07:44.475, 19033
2026/09/26 22:07:44.975, 19033
2026/09/26 22:07:45.475, 19033
2026/09/26 22:07:45.975, 19033
2026/09/26 22:07:46.475, 19033
2026/09/26 22:07:46.975, 19033
2026/09/26 22:07:47.476, 19033
2026/09/26 22:07:47.976, 19033
2026/09/26 22:07:48.476, 19033
2026/09/26 22:07:48.976, 19033
2026/09/26 22:07:49.476, 19033
2026/09/26 22:07:49.976, 19033
2026/09/26 22:07:50.477, 19033
2026/09/26 22:07:50.977, 19033
2026/09/26 22:07:51.477, 19033
2026/09/26 22:07:51.977, 19033
2026/09/26 22:07:52.477, 19033
2026/09/26 22:07:52.977, 19033
2026/09/26 22:07:53.477, 19033
2026/09/26 22:07:53.978, 19033
2026/09/26 22:07:54.478, 19033
2026/09/26 22:07:54.978, 19033
2026/09/26 22:07:55.478, 19033
2026/09/26 22:07:55.978, 19033
2026/09/26 22:07:56.478, 19033
2026/09/26 22:07:56.978, 19033
2026/09/26 22:07:57.479, 19033
2026/09/26 22:07:57.979, 19033
2026/09/26 22:07:58.479, 19033
2026/09/26 22:07:58.979, 19033
2026/09/26 22:07:59.479, 19033
2026/09/26 22:07:59.979, 19033
2026/09/26 22:08:00.479, 19033
2026/09/26 22:08:00.979, 19033
2026/09/26 22:08:01.480, 19033
2026/09/26 22:08:01.980, 19033
2026/09/26 22:08:02.480, 19033
2026/09/26 22:08:02.980, 19033
2026/09/26 22:08:03.480, 19033
2026/09/26 22:08:03.981, 19033
2026/09/26 22:08:04.481, 19033
2026/09/26 22:08:04.981, 19033
2026/09/26 22:08:05.481, 19033
2026/09/26 22:08:05.981, 19033
2026/09/26 22:08:06.481, 19033
2026/09/26 22:08:06.981, 19033
2026/09/26 22:08:07.482, 19033
2026/09/26 22:08:07.982, 19033
2026/09/26 22:08:08.482, 19033
2026/09/26 22:08:08.982, 19033
2026/09/26 22:08:09.482, 19033
2026/09/26 22:08:09.982, 19033
2026/09/26 22:08:10.482, 19033
2026/09/26 22:08:10.983, 19033
2026/09/26 22:08:11.483, 19033
2026/09/26 22:08:11.983, 19033
2026/09/26 22:08:12.483, 19033
2026/09/26 22:08:12.983, 19033
2026/09/26 22:08:13.483, 19033
2026/09/26 22:08:13.983, 19033
2026/09/26 22:08:14.484, 19033
2026/09/26 22:08:14.984, 19033
2026/09/26 22:08:15.484, 19033
2026/09/26 22:08:15.984, 19033
2026/09/26 22:08:16.484, 19033
2026/09/26 22:08:16.984, 19033
2026/09/26 22:08:17.484, 19033
2026/09/26 22:08:17.985, 19033
2026/09/26 22:08:18.485, 19033
2026/09/26 22:08:18.985, 19033
2026/09/26 22:08:19.485, 19033
2026/09/26 22:08:19.985, 19033
2026/09/26 22:08:20.485, 19033
2026/09/26 22:08:20.986, 19033
2026/09/26 22:08:21.486, 19033
2026/09/26 22:08:21.986, 19033
2026/09/26 22:08:22.486, 19033
2026/09/26 22:08:22.986, 19033
2026/09/26 22:08:23.486, 19033
2026/09/26 22:08:23.986, 19033
2026/09/26 22:08:24.487, 19033
2026/09/26 22:08:24.987, 19033
2026/09/26 22:08:25.487, 19033
2026/09/26 22:08:25.987, 19033
2026/09/26 22:08:26.487, 19033
2026/09/26 22:08:26.987, 19033
2026/09/26 22:08:27.488, 19033
2026/09/26 22:08:27.988, 19033
2026/09/26 22:08:28.488, 19033
2026/09/26 22:08:28.988, 19033
2026/09/26 22:08:29.488, 19033
2026/09/26 22:08:29.988, 19033
2026/09/26 22:08:30.488, 19033
2026/09/26 22:08:30.989, 19033
2026/09/26 22:08:31.489, 19033
2026/09/26 22:08:31.989, 19033
2026/09/26 22:08:32.489, 19033
2026/09/26 22:08:32.989, 19033
2026/09/26 22:08:33.489, 19033
2026/09/26 22:08:33.989, 19033
2026/09/26 22:08:34.490, 19033
2026/09/26 22:08:34.990, 19033
2026/09/26 22:08:35.490, 19033
2026/09/26 22:08:35.990, 19033
2026/09/26 22:08:36.490, 19033
2026/09/26 22:08:36.990, 19033
2026/09/26 22:08:37.490, 19033
2026/09/26 22:08:37.991, 19033
2026/09/26 22:08:38.491, 19033
2026/09/26 22:08:38.991, 19033
2026/09/26 22:08:39.491, 19033
2026/09/26 22:08:39.991, 19033
2026/09/26 22:08:40.491, 19033
2026/09/26 22:08:40.991, 19033
2026/09/26 22:08:41.492, 19033
2026/09/26 22:08:41.992, 19033
2026/09/26 22:08:42.492, 19033
2026/09/26 22:08:42.998, 19033
2026/09/26 22:08:43.498, 19033
2026/09/26 22:08:43.998, 19033
2026/09/26 22:08:44.498, 19033
2026/09/26 22:08:44.998, 19033
2026/09/26 22:08:45.498, 19033
2026/09/26 22:08:45.998, 19033
2026/09/26 22:08:46.499, 19033
2026/09/26 22:08:46.999, 19033
2026/09/26 22:08:47.499, 19033
2026/09/26 22:08:47.999, 19033
2026/09/26 22:08:48.499, 19033
2026/09/26 22:08:48.999, 19033
2026/09/26 22:08:49.499, 19033
2026/09/26 22:08:50.000, 19033
2026/09/26 22:08:50.500, 19033
2026/09/26 22:08:51.000, 19033
2026/09/26 22:08:51.500, 19033
2026/09/26 22:08:52.000, 19033
2026/09/26 22:08:52.500, 19033
2026/09/26 22:08:53.001, 19033
2026/09/26 22:08:53.501, 19033
2026/09/26 22:08:54.001, 19033
2026/09/26 22:08:54.501, 19033
2026/09/26 22:08:55.001, 19033
2026/09/26 22:08:55.501, 19033
2026/09/26 22:08:56.002, 19033
2026/09/26 22:08:56.502, 19033
2026/09/26 22:08:57.002, 19033
2026/09/26 22:08:57.502, 19033
2026/09/26 22:08:58.002, 19033
2026/09/26 22:08:58.502, 19033
2026/09/26 22:08:59.002, 19033
2026/09/26 22:08:59.503, 19033
2026/09/26 22:09:00.003, 19033
2026/09/26 22:09:00.503, 19033
2026/09/26 22:09:01.003, 19033
2026/09/26 22:09:01.503, 19033
2026/09/26 22:09:02.003, 19033
2026/09/26 22:09:02.504, 19033
2026/09/26 22:09:03.004, 19033
2026/09/26 22:09:03.504, 19033
2026/09/26 22:09:04.004, 19033
2026/09/26 22:09:04.504, 19033
2026/09/26 22:09:05.004, 19033
2026/09/26 22:09:05.504, 19033
2026/09/26 22:09:06.005, 19033
2026/09/26 22:09:06.505, 19033
2026/09/26 22:09:07.005, 19033
2026/09/26 22:09:07.505, 19033
2026/09/26 22:09:08.005, 19033
2026/09/26 22:09:08.505, 19033
2026/09/26 22:09:09.006, 19033
2026/09/26 22:09:09.506, 19033
2026/09/26 22:09:10.006, 19033
2026/09/26 22:09:10.506, 19033
2026/09/26 22:09:11.006, 19033
2026/09/26 22:09:11.506, 19033
2026/09/26 22:09:12.006, 19033
2026/09/26 22:09:12.507, 19033
2026/09/26 22:09:13.007, 19033
2026/09/26 22:09:13.507, 19033
2026/09/26 22:09:14.007, 19033
2026/09/26 22:09:14.507, 19033
2026/09/26 22:09:15.007, 19033
2026/09/26 22:09:15.508, 19033
2026/09/26 22:09:16.008, 19033
2026/09/26 22:09:16.508, 19033
2026/09/26 22:09:17.008, 19033
2026/09/26 22:09:17.508, 19033
2026/09/26 22:09:18.008, 19033
2026/09/26 22:09:18.508, 19033
2026/09/26 22:09:19.009, 19033
2026/09/26 22:09:19.509, 19033
2026/09/26 22:09:20.009, 19033
2026/09/26 22:09:20.509, 19033
2026/09/26 22:09:21.009, 19033
2026/09/26 22:09:21.509, 19033
2026/09/26 22:09:22.010, 19033
2026/09/26 22:09:22.510, 19033
2026/09/26 22:09:23.010, 19033
2026/09/26 22:09:23.510, 19033
2026/09/26 22:09:24.010, 19033
2026/09/26 22:09:24.510, 19033
2026/09/26 22:09:25.010, 19033
2026/09/26 22:09:25.511, 19033
2026/09/26 22:09:26.011, 19033
2026/09/26 22:09:26.511, 19033
2026/09/26 22:09:27.011, 19033
2026/09/26 22:09:27.511, 19033
2026/09/26 22:09:28.011, 19033
2026/09/26 22:09:28.512, 19033
2026/09/26 22:09:29.012, 19033
2026/09/26 22:09:29.512, 19033
2026/09/26 22:09:30.012, 19033
2026/09/26 22:09:30.512, 19033
2026/09/26 22:09:31.012, 19033
2026/09/26 22:09:31.513, 19033
2026/09/26 22:09:32.013, 19033
2026/09/26 22:09:32.513, 19033
2026/09/26 22:09:33.013, 19033
2026/09/26 22:09:33.513, 19033
2026/09/26 22:09:34.013, 19033
2026/09/26 22:09:34.513, 19033
2026/09/26 22:09:35.014, 19033
2026/09/26 22:09:35.514, 19033
2026/09/26 22:09:36.014, 19033
2026/09/26 22:09:36.514, 19033
2026/09/26 22:09:37.014, 19033
2026/09/26 22:09:37.514, 19033
2026/09/26 22:09:38.015, 19033
2026/09/26 22:09:38.515, 19033
2026/09/26 22:09:39.015, 19033
2026/09/26 22:09:39.515, 19033
2026/09/26 22:09:40.015, 19033
2026/09/26 22:09:40.515, 19033
2026/09/26 22:09:41.016, 19033
2026/09/26 22:09:41.516, 19033
2026/09/26 22:09:42.016, 19033
2026/09/26 22:09:42.516, 19033
2026/09/26 22:09:43.016, 19033
2026/09/26 22:09:43.516, 19033
2026/09/26 22:09:44.017, 19033
2026/09/26 22:09:44.517, 19033
2026/09/26 22:09:45.017, 19033
2026/09/26 22:09:45.517, 19033
2026/09/26 22:09:46.017, 19033
2026/09/26 22:09:46.517, 19033
2026/09/26 22:09:47.017, 19033
2026/09/26 22:09:47.518, 19033
2026/09/26 22:09:48.018, 19033
2026/09/26 22:09:48.518, 19033
2026/09/26 22:09:49.018, 19033
2026/09/26 22:09:49.518, 19033
2026/09/26 22:09:50.018, 19033
2026/09/26 22:09:50.519, 19033
2026/09/26 22:09:51.019, 19033
2026/09/26 22:09:51.519, 19033
2026/09/26 22:09:52.019, 19033
2026/09/26 22:09:52.519, 19033
2026/09/26 22:09:53.019, 19033
2026/09/26 22:09:53.519, 19033
2026/09/26 22:09:54.020, 19033
2026/09/26 22:09:54.520, 19033
2026/09/26 22:09:55.020, 19033
2026/09/26 22:09:55.520, 19033
2026/09/26 22:09:56.020, 19033
2026/09/26 22:09:56.520, 19033
2026/09/26 22:09:57.021, 19033
2026/09/26 22:09:57.521, 19033
2026/09/26 22:09:58.021, 19033
2026/09/26 22:09:58.521, 19033
2026/09/26 22:09:59.021, 19033
2026/09/26 22:09:59.521, 19033
2026/09/26 22:10:00.021, 19033
2026/09/26 22:10:00.522, 19033
2026/09/26 22:10:01.022, 19033
2026/09/26 22:10:01.522, 19033
2026/09/26 22:10:02.022, 19033
2026/09/26 22:10:02.522, 19033
2026/09/26 22:10:03.041, 19033
2026/09/26 22:10:03.541, 19033
2026/09/26 22:10:04.041, 19033
2026/09/26 22:10:04.541, 19033
2026/09/26 22:10:05.041, 19033
2026/09/26 22:10:05.542, 19033
2026/09/26 22:10:06.042, 19033
2026/09/26 22:10:06.542, 19033
2026/09/26 22:10:07.042, 19033
2026/09/26 22:10:07.542, 19033
2026/09/26 22:10:08.043, 19033
2026/09/26 22:10:08.543, 19033
2026/09/26 22:10:09.043, 19033
2026/09/26 22:10:09.543, 19033
2026/09/26 22:10:10.043, 19033
2026/09/26 22:10:10.543, 19033
2026/09/26 22:10:11.044, 19033
2026/09/26 22:10:11.544, 19033
2026/09/26 22:10:12.044, 19033
2026/09/26 22:10:12.544, 19033
2026/09/26 22:10:13.044, 19033
2026/09/26 22:10:13.544, 19033
2026/09/26 22:10:14.045, 19033
2026/09/26 22:10:14.545, 19033
2026/09/26 22:10:15.045, 19033
2026/09/26 22:10:15.545, 19033
2026/09/26 22:10:16.045, 19033
2026/09/26 22:10:16.545, 19033
2026/09/26 22:10:17.045, 19033
2026/09/26 22:10:17.546, 19033
2026/09/26 22:10:18.046, 19033
2026/09/26 22:10:18.546, 19033
2026/09/26 22:10:19.046, 19033
2026/09/26 22:10:19.546, 19033
2026/09/26 22:10:20.046, 19033
2026/09/26 22:10:20.547, 19033
2026/09/26 22:10:21.047, 19033
2026/09/26 22:10:21.547, 19033
2026/09/26 22:10:22.047, 19033
2026/09/26 22:10:22.547, 19033
2026/09/26 22:10:23.047, 19033
2026/09/26 22:10:23.548, 19033
2026/09/26 22:10:24.048, 19033
2026/09/26 22:10:24.548, 19033
2026/09/26 22:10:25.048, 19033
2026/09/26 22:10:25.548, 19033
2026/09/26 22:10:26.048, 19033
2026/09/26 22:10:26.548, 19033
2026/09/26 22:10:27.049, 19033
2026/09/26 22:10:27.549, 19033
2026/09/26 22:10:28.049, 19033
2026/09/26 22:10:28.549, 19033
2026/09/26 22:10:29.049, 19033
2026/09/26 22:10:29.549, 19033
2026/09/26 22:10:30.050, 19033
2026/09/26 22:10:30.550, 19033
2026/09/26 22:10:31.050, 19033
2026/09/26 22:10:31.550, 19033
2026/09/26 22:10:32.050, 19033
2026/09/26 22:10:32.550, 19033
2026/09/26 22:10:33.050, 19033
2026/09/26 22:10:33.551, 19033
2026/09/26 22:10:34.051, 19033
2026/09/26 22:10:34.551, 19033
2026/09/26 22:10:35.051, 19033
2026/09/26 22:10:35.551, 19033
2026/09/26 22:10:36.051, 19033
2026/09/26 22:10:36.552, 19033
2026/09/26 22:10:37.052, 19033
2026/09/26 22:10:37.552, 19033
2026/09/26 22:10:38.052, 19033
2026/09/26 22:10:38.552, 19033
2026/09/26 22:10:39.052, 19033
2026/09/26 22:10:39.553, 19033
2026/09/26 22:10:40.053, 19033
2026/09/26 22:10:40.553, 19033
2026/09/26 22:10:41.053, 19033
2026/09/26 22:10:41.553, 19033
2026/09/26 22:10:42.053, 19033
2026/09/26 22:10:42.553, 19033
2026/09/26 22:10:43.054, 19033
2026/09/26 22:10:43.554, 19033
2026/09/26 22:10:44.054, 19033
2026/09/26 22:10:44.554, 19033
2026/09/26 22:10:45.054, 19033
2026/09/26 22:10:45.554, 19033
2026/09/26 22:10:46.055, 19033
2026/09/26 22:10:46.555, 19033
2026/09/26 22:10:47.055, 19033
2026/09/26 22:10:47.555, 19033
2026/09/26 22:10:48.055, 19033
2026/09/26 22:10:48.555, 19033
2026/09/26 22:10:49.055, 19033
2026/09/26 22:10:49.556, 19033
2026/09/26 22:10:50.056, 19033
2026/09/26 22:10:50.556, 19033
2026/09/26 22:10:51.056, 19033
2026/09/26 22:10:51.556, 19033
2026/09/26 22:10:52.056, 19033
2026/09/26 22:10:52.557, 19033
2026/09/26 22:10:53.057, 19033
2026/09/26 22:10:53.557, 19033
2026/09/26 22:10:54.057, 19033
2026/09/26 22:10:54.557, 19033
2026/09/26 22:10:55.057, 19033
2026/09/26 22:10:55.558, 19033
2026/09/26 22:10:56.058, 19033
2026/09/26 22:10:56.558, 19033
2026/09/26 22:10:57.058, 19033
2026/09/26 22:10:57.558, 19033
2026/09/26 22:10:58.058, 19033
2026/09/26 22:10:58.558, 19033
2026/09/26 22:10:59.059, 19033
2026/09/26 22:10:59.559, 19033
2026/09/26 22:11:00.059, 19033
2026/09/26 22:11:00.559, 19033
2026/09/26 22:11:01.059, 19033
2026/09/26 22:11:01.559, 19033
2026/09/26 22:11:02.059, 19033
2026/09/26 22:11:02.560, 19033
2026/09/26 22:11:03.060, 19033
2026/09/26 22:11:03.560, 19033
2026/09/26 22:11:04.060, 19033
2026/09/26 22:11:04.560, 19033
2026/09/26 22:11:05.060, 19033
2026/09/26 22:11:05.561, 19033
2026/09/26 22:11:06.061, 19033
2026/09/26 22:11:06.561, 19033
2026/09/26 22:11:07.061, 19033
2026/09/26 22:11:07.561, 19033
2026/09/26 22:11:08.061, 19033
2026/09/26 22:11:08.561, 19033
2026/09/26 22:11:09.062, 19033
2026/09/26 22:11:09.562, 19033
2026/09/26 22:11:10.062, 19033
2026/09/26 22:11:10.562, 19033
2026/09/26 22:11:11.062, 19033
2026/09/26 22:11:11.562, 19033
2026/09/26 22:11:12.063, 19033
2026/09/26 22:11:12.563, 19033
2026/09/26 22:11:13.063, 19033
2026/09/26 22:11:13.563, 19033
2026/09/26 22:11:14.063, 19033
2026/09/26 22:11:14.563, 19033
2026/09/26 22:11:15.063, 19033
2026/09/26 22:11:15.564, 19033
2026/09/26 22:11:16.064, 19033
2026/09/26 22:11:16.564, 19033
2026/09/26 22:11:17.064, 19033
2026/09/26 22:11:17.564, 19033
2026/09/26 22:11:18.064, 19033
2026/09/26 22:11:18.565, 19033
2026/09/26 22:11:19.065, 19033
2026/09/26 22:11:19.565, 19033
2026/09/26 22:11:20.065, 19033
2026/09/26 22:11:20.565, 19033
2026/09/26 22:11:21.065, 19033
2026/09/26 22:11:21.565, 19033
2026/09/26 22:11:22.066, 19033
2026/09/26 22:11:22.566, 19033
2026/09/26 22:11:23.066, 19033
2026/09/26 22:11:23.566, 19033
2026/09/26 22:11:24.066, 19033
2026/09/26 22:11:24.566, 19033
2026/09/26 22:11:25.067, 19033
2026/09/26 22:11:25.570, 19033
2026/09/26 22:11:26.070, 19033
2026/09/26 22:11:26.570, 19033
2026/09/26 22:11:27.070, 19033
2026/09/26 22:11:27.570, 19033
2026/09/26 22:11:28.070, 19033
2026/09/26 22:11:28.570, 19033
2026/09/26 22:11:29.071, 19033
2026/09/26 22:11:29.571, 19033
2026/09/26 22:11:30.071, 19033
2026/09/26 22:11:30.571, 19033
2026/09/26 22:11:31.071, 19033
2026/09/26 22:11:31.571, 19033
2026/09/26 22:11:32.072, 19033
2026/09/26 22:11:32.572, 19033
2026/09/26 22:11:33.072, 19033
2026/09/26 22:11:33.572, 19033
2026/09/26 22:11:34.072, 19033
2026/09/26 22:11:34.572, 19033
2026/09/26 22:11:35.073, 19033
2026/09/26 22:11:35.573, 19033
2026/09/26 22:11:36.073, 19033
2026/09/26 22:11:36.573, 19033
2026/09/26 22:11:37.073, 19033
2026/09/26 22:11:37.573, 19033
2026/09/26 22:11:38.074, 19033
2026/09/26 22:11:38.574, 19033
2026/09/26 22:11:39.074, 19033
2026/09/26 22:11:39.574, 19033
2026/09/26 22:11:40.074, 19033
2026/09/26 22:11:40.574, 19033
2026/09/26 22:11:41.075, 19033
2026/09/26 22:11:41.575, 19033
2026/09/26 22:11:42.075, 19033
2026/09/26 22:11:42.575, 19033
2026/09/26 22:11:43.075, 19033
2026/09/26 22:11:43.575, 19033
2026/09/26 22:11:44.076, 19033
2026/09/26 22:11:44.576, 19033
2026/09/26 22:11:45.076, 19033
2026/09/26 22:11:45.576, 19033
2026/09/26 22:11:46.076, 19033
2026/09/26 22:11:46.576, 19033
2026/09/26 22:11:47.077, 19033
2026/09/26 22:11:47.577, 19033
2026/09/26 22:11:48.077, 19033
2026/09/26 22:11:48.577, 19033
2026/09/26 22:11:49.077, 19033
2026/09/26 22:11:49.577, 19033
2026/09/26 22:11:50.077, 19033
2026/09/26 22:11:50.578, 19033
2026/09/26 22:11:51.078, 19033
2026/09/26 22:11:51.578, 19033
2026/09/26 22:11:52.078, 19033
2026/09/26 22:11:52.578, 19033
2026/09/26 22:11:53.078, 19033
2026/09/26 22:11:53.579, 19033
2026/09/26 22:11:54.079, 19033
2026/09/26 22:11:54.579, 19033
2026/09/26 22:11:55.079, 19033
2026/09/26 22:11:55.579, 19033
2026/09/26 22:11:56.079, 19033
2026/09/26 22:11:56.579, 19033
2026/09/26 22:11:57.080, 19033
2026/09/26 22:11:57.580, 19033
2026/09/26 22:11:58.080, 19033
2026/09/26 22:11:58.580, 19033
2026/09/26 22:11:59.080, 19033
2026/09/26 22:11:59.580, 19033
2026/09/26 22:12:00.080, 19033
2026/09/26 22:12:00.581, 19033
2026/09/26 22:12:01.081, 19033
2026/09/26 22:12:01.581, 19033
2026/09/26 22:12:02.081, 19033
2026/09/26 22:12:02.581, 19033
2026/09/26 22:12:03.081, 19033
2026/09/26 22:12:03.582, 19033
2026/09/26 22:12:04.082, 19033
2026/09/26 22:12:04.582, 19033
2026/09/26 22:12:05.082, 19033
2026/09/26 22:12:05.582, 19033
2026/09/26 22:12:06.082, 19033
2026/09/26 22:12:06.582, 19033
2026/09/26 22:12:07.083, 19033
2026/09/26 22:12:07.583, 19033
2026/09/26 22:12:08.083, 19033
2026/09/26 22:12:08.583, 19033
2026/09/26 22:12:09.083, 19033
2026/09/26 22:12:09.583, 19033
2026/09/26 22:12:10.083, 19033
2026/09/26 22:12:10.584, 19033
2026/09/26 22:12:11.084, 19033
2026/09/26 22:12:11.584, 19033
2026/09/26 22:12:12.084, 19033
2026/09/26 22:12:12.584, 19033
2026/09/26 22:12:13.084, 19033
2026/09/26 22:12:13.585, 19033
2026/09/26 22:12:14.085, 19033
2026/09/26 22:12:14.585, 19033
2026/09/26 22:12:15.085, 19033
2026/09/26 22:12:15.585, 19033
2026/09/26 22:12:16.085, 19033
2026/09/26 22:12:16.585, 19033
2026/09/26 22:12:17.086, 19033
2026/09/26 22:12:17.586, 19033
2026/09/26 22:12:18.086, 19033
2026/09/26 22:12:18.586, 19033
2026/09/26 22:12:19.086, 19033
2026/09/26 22:12:19.586, 19033
2026/09/26 22:12:20.086, 19033
2026/09/26 22:12:20.587, 19033
2026/09/26 22:12:21.087, 19033
2026/09/26 22:12:21.587, 19033
2026/09/26 22:12:22.087, 19033
2026/09/26 22:12:22.588, 19033
2026/09/26 22:12:23.088, 19033
2026/09/26 22:12:23.588, 19033
2026/09/26 22:12:24.089, 19033
2026/09/26 22:12:24.589, 19033
2026/09/26 22:12:25.089, 19033
2026/09/26 22:12:25.589, 19033
2026/09/26 22:12:26.090, 19033
2026/09/26 22:12:26.590, 19033
2026/09/26 22:12:27.090, 19033
2026/09/26 22:12:27.590, 19033
2026/09/26 22:12:28.090, 19033
2026/09/26 22:12:28.590, 19033
2026/09/26 22:12:29.090, 19033
2026/09/26 22:12:29.591, 19033
2026/09/26 22:12:30.091, 19033
2026/09/26 22:12:30.591, 19033
2026/09/26 22:12:31.091, 19033
2026/09/26 22:12:31.591, 19033
2026/09/26 22:12:32.091, 19033
2026/09/26 22:12:32.591, 19033
2026/09/26 22:12:33.092, 19033
2026/09/26 22:12:33.592, 19033
2026/09/26 22:12:34.092, 19033
2026/09/26 22:12:34.592, 19033
2026/09/26 22:12:35.092, 19033
2026/09/26 22:12:35.592, 19033
2026/09/26 22:12:36.092, 19033
2026/09/26 22:12:36.593, 19033
2026/09/26 22:12:37.093, 19033
2026/09/26 22:12:37.593, 19033
2026/09/26 22:12:38.093, 19033
2026/09/26 22:12:38.593, 19033
2026/09/26 22:12:39.093, 19033
2026/09/26 22:12:39.593, 19033
2026/09/26 22:12:40.094, 19033
2026/09/26 22:12:40.594, 19033
2026/09/26 22:12:41.094, 19033
2026/09/26 22:12:41.594, 19033
2026/09/26 22:12:42.094, 19033
2026/09/26 22:12:42.594, 19033
2026/09/26 22:12:43.094, 19033
2026/09/26 22:12:43.594, 19033
2026/09/26 22:12:44.095, 19033
2026/09/26 22:12:44.595, 19033
2026/09/26 22:12:45.095, 19033
2026/09/26 22:12:45.595, 19033
2026/09/26 22:12:46.095, 19033
2026/09/26 22:12:46.595, 19033
2026/09/26 22:12:47.096, 19033
2026/09/26 22:12:47.596, 19033
2026/09/26 22:12:48.096, 19033
2026/09/26 22:12:48.596, 19033
2026/09/26 22:12:49.096, 19033
2026/09/26 22:12:49.596, 19033
2026/09/26 22:12:50.096, 19033
2026/09/26 22:12:50.596, 19033
2026/09/26 22:12:51.097, 19033
2026/09/26 22:12:51.597, 19033
2026/09/26 22:12:52.097, 19033
2026/09/26 22:12:52.597, 19033
2026/09/26 22:12:53.097, 19033
2026/09/26 22:12:53.597, 19033
2026/09/26 22:12:54.097, 19033
2026/09/26 22:12:54.598, 19033
2026/09/26 22:12:55.098, 19033
2026/09/26 22:12:55.598, 19033
2026/09/26 22:12:56.098, 19033
2026/09/26 22:12:56.598, 19033
2026/09/26 22:12:57.098, 19033
2026/09/26 22:12:57.598, 19033
2026/09/26 22:12:58.099, 19033
2026/09/26 22:12:58.599, 19033
2026/09/26 22:12:59.099, 19033
2026/09/26 22:12:59.599, 19033
2026/09/26 22:13:00.099, 19033
2026/09/26 22:13:00.599, 19033
2026/09/26 22:13:01.099, 19033
2026/09/26 22:13:01.600, 19033
2026/09/26 22:13:02.100, 19033
2026/09/26 22:13:02.600, 19033
2026/09/26 22:13:03.100, 19033
2026/09/26 22:13:03.600, 19033
2026/09/26 22:13:04.101, 19033
2026/09/26 22:13:04.601, 19033
2026/09/26 22:13:05.101, 19033
2026/09/26 22:13:05.601, 19033
2026/09/26 22:13:06.101, 19033
2026/09/26 22:13:06.601, 19033
2026/09/26 22:13:07.101, 19033
2026/09/26 22:13:07.602, 19033
2026/09/26 22:13:08.102, 19033
2026/09/26 22:13:08.602, 19033
2026/09/26 22:13:09.102, 19033
2026/09/26 22:13:09.602, 19033
2026/09/26 22:13:10.102, 19033
2026/09/26 22:13:10.603, 19033
2026/09/26 22:13:11.103, 19033
2026/09/26 22:13:11.603, 19033
2026/09/26 22:13:12.103, 19033
2026/09/26 22:13:12.603, 19033
2026/09/26 22:13:13.103, 19033
2026/09/26 22:13:13.603, 19033
2026/09/26 22:13:14.104, 19033
2026/09/26 22:13:14.604, 19033
2026/09/26 22:13:15.104, 19033
2026/09/26 22:13:15.604, 19033
2026/09/26 22:13:16.104, 19033
2026/09/26 22:13:16.605, 19033
2026/09/26 22:13:17.105, 19033
2026/09/26 22:13:17.605, 19033
2026/09/26 22:13:18.105, 19033
2026/09/26 22:13:18.605, 19033
2026/09/26 22:13:19.114, 19033
2026/09/26 22:13:19.614, 19033
2026/09/26 22:13:20.114, 19033
2026/09/26 22:13:20.614, 19033
2026/09/26 22:13:21.115, 19033
2026/09/26 22:13:21.615, 19033
2026/09/26 22:13:22.115, 19033
2026/09/26 22:13:22.615, 19033
2026/09/26 22:13:23.115, 19033
2026/09/26 22:13:23.615, 19033
2026/09/26 22:13:24.115, 19033
2026/09/26 22:13:24.616, 19033
2026/09/26 22:13:25.116, 19033
2026/09/26 22:13:25.616, 19033
2026/09/26 22:13:26.116, 19033
2026/09/26 22:13:26.616, 19033
2026/09/26 22:13:27.116, 19033
2026/09/26 22:13:27.616, 19033
2026/09/26 22:13:28.117, 19033
2026/09/26 22:13:28.617, 19033
2026/09/26 22:13:29.117, 19033
2026/09/26 22:13:29.617, 19033
2026/09/26 22:13:30.117, 19033
2026/09/26 22:13:30.617, 19033
2026/09/26 22:13:31.117, 19033
2026/09/26 22:13:31.618, 19033
2026/09/26 22:13:32.118, 19033
2026/09/26 22:13:32.618, 19033
2026/09/26 22:13:33.118, 19033
2026/09/26 22:13:33.618, 19033
2026/09/26 22:13:34.118, 19033
2026/09/26 22:13:34.619, 19033
2026/09/26 22:13:35.119, 19033
2026/09/26 22:13:35.619, 19033
2026/09/26 22:13:36.119, 19033
2026/09/26 22:13:36.619, 19033
2026/09/26 22:13:37.119, 19033
2026/09/26 22:13:37.620, 19033
2026/09/26 22:13:38.120, 19033
2026/09/26 22:13:38.620, 19033
2026/09/26 22:13:39.120, 19033
2026/09/26 22:13:39.620, 19033
2026/09/26 22:13:40.120, 19033
2026/09/26 22:13:40.620, 19033
2026/09/26 22:13:41.121, 19033
2026/09/26 22:13:41.621, 19033
2026/09/26 22:13:42.121, 19033
2026/09/26 22:13:42.621, 19033
2026/09/26 22:13:43.121, 19033
2026/09/26 22:13:43.621, 19033
2026/09/26 22:13:44.122, 19033
2026/09/26 22:13:44.622, 19033
2026/09/26 22:13:45.122, 19033
2026/09/26 22:13:45.622, 19033
2026/09/26 22:13:46.122, 19033
2026/09/26 22:13:46.622, 19033
2026/09/26 22:13:47.122, 19033
2026/09/26 22:13:47.622, 19033
2026/09/26 22:13:48.123, 19033
2026/09/26 22:13:48.623, 19033
2026/09/26 22:13:49.123, 19033
2026/09/26 22:13:49.623, 19033
2026/09/26 22:13:50.123, 19033
2026/09/26 22:13:50.623, 19033
2026/09/26 22:13:51.124, 19033
2026/09/26 22:13:51.624, 19033
2026/09/26 22:13:52.124, 19033
2026/09/26 22:13:52.624, 19033
2026/09/26 22:13:53.124, 19033
2026/09/26 22:13:53.624, 19033
2026/09/26 22:13:54.124, 19033
2026/09/26 22:13:54.625, 19033
2026/09/26 22:13:55.125, 19033
2026/09/26 22:13:55.625, 19033
2026/09/26 22:13:56.125, 19033
2026/09/26 22:13:56.625, 19033
2026/09/26 22:13:57.125, 19033
2026/09/26 22:13:57.625, 19033
2026/09/26 22:13:58.126, 19033
2026/09/26 22:13:58.626, 19033
2026/09/26 22:13:59.126, 19033
2026/09/26 22:13:59.626, 19033
2026/09/26 22:14:00.126, 19033
2026/09/26 22:14:00.626, 19033
2026/09/26 22:14:01.126, 19033
2026/09/26 22:14:01.627, 19033
2026/09/26 22:14:02.127, 19033
2026/09/26 22:14:02.627, 19033
2026/09/26 22:14:03.127, 19033
2026/09/26 22:14:03.627, 19033
2026/09/26 22:14:04.127, 19033
2026/09/26 22:14:04.627, 19033
2026/09/26 22:14:05.133, 19033
2026/09/26 22:14:05.633, 19033
2026/09/26 22:14:06.133, 19033
2026/09/26 22:14:06.633, 19033
2026/09/26 22:14:07.133, 19033
2026/09/26 22:14:07.633, 19033
2026/09/26 22:14:08.134, 19033
2026/09/26 22:14:08.634, 19033
2026/09/26 22:14:09.134, 19033
2026/09/26 22:14:09.634, 19033
2026/09/26 22:14:10.134, 19033
2026/09/26 22:14:10.634, 19033
2026/09/26 22:14:11.134, 19033
2026/09/26 22:14:11.635, 19033
2026/09/26 22:14:12.135, 19033
2026/09/26 22:14:12.635, 19033
2026/09/26 22:14:13.135, 19033
2026/09/26 22:14:13.635, 19033
2026/09/26 22:14:14.135, 19033
2026/09/26 22:14:14.636, 19033
2026/09/26 22:14:15.136, 19033
2026/09/26 22:14:15.636, 19033
2026/09/26 22:14:16.136, 19033
2026/09/26 22:14:16.636, 19033
2026/09/26 22:14:17.136, 19033
2026/09/26 22:14:17.636, 19033
2026/09/26 22:14:18.137, 19033
2026/09/26 22:14:18.637, 19033
2026/09/26 22:14:19.137, 19033
2026/09/26 22:14:19.637, 19033
2026/09/26 22:14:20.137, 19033
2026/09/26 22:14:20.637, 19033
2026/09/26 22:14:21.138, 19033
2026/09/26 22:14:21.638, 19033
2026/09/26 22:14:22.138, 19033
2026/09/26 22:14:22.638, 19033
2026/09/26 22:14:23.138, 19033
2026/09/26 22:14:23.638, 19033
2026/09/26 22:14:24.139, 19033
2026/09/26 22:14:24.639, 19033
2026/09/26 22:14:25.139, 19033
2026/09/26 22:14:25.639, 19033
2026/09/26 22:14:26.139, 19033
2026/09/26 22:14:26.639, 19033
2026/09/26 22:14:27.140, 19033
2026/09/26 22:14:27.640, 19033
2026/09/26 22:14:28.140, 19033
2026/09/26 22:14:28.640, 19033
2026/09/26 22:14:29.140, 19033
2026/09/26 22:14:29.640, 19033
2026/09/26 22:14:30.141, 19033
2026/09/26 22:14:30.641, 19033
2026/09/26 22:14:31.141, 19033
2026/09/26 22:14:31.641, 19033
2026/09/26 22:14:32.141, 19033
2026/09/26 22:14:32.641, 19033
2026/09/26 22:14:33.142, 19033
2026/09/26 22:14:33.642, 19033
2026/09/26 22:14:34.142, 19033
2026/09/26 22:14:34.642, 19033
2026/09/26 22:14:35.142, 19033
2026/09/26 22:14:35.642, 19033
2026/09/26 22:14:36.143, 19033
2026/09/26 22:14:36.643, 19033
2026/09/26 22:14:37.143, 19033
2026/09/26 22:14:37.643, 19033
2026/09/26 22:14:38.143, 19033
2026/09/26 22:14:38.643, 19033
2026/09/26 22:14:39.144, 19033
2026/09/26 22:14:39.644, 19033
2026/09/26 22:14:40.144, 19033
2026/09/26 22:14:40.644, 19033
2026/09/26 22:14:41.144, 19033
2026/09/26 22:14:41.644, 19033
2026/09/26 22:14:42.145, 19033
2026/09/26 22:14:42.645, 19033
2026/09/26 22:14:43.145, 19033
2026/09/26 22:14:43.645, 19033
2026/09/26 22:14:44.145, 19033
2026/09/26 22:14:44.645, 19033
2026/09/26 22:14:45.146, 19033
2026/09/26 22:14:45.646, 19033
2026/09/26 22:14:46.146, 19033
2026/09/26 22:14:46.646, 19033
2026/09/26 22:14:47.146, 19033
2026/09/26 22:14:47.646, 19033
2026/09/26 22:14:48.146, 19033
2026/09/26 22:14:48.647, 19033
2026/09/26 22:14:49.147, 19033
2026/09/26 22:14:49.647, 19033
2026/09/26 22:14:50.147, 19033
2026/09/26 22:14:50.647, 19033
2026/09/26 22:14:51.147, 19033
2026/09/26 22:14:51.647, 19033
2026/09/26 22:14:52.148, 19033
2026/09/26 22:14:52.648, 19033
2026/09/26 22:14:53.148, 19033
2026/09/26 22:14:53.648, 19033
2026/09/26 22:14:54.148, 19033
2026/09/26 22:14:54.649, 19033
2026/09/26 22:14:55.149, 19033
2026/09/26 22:14:55.649, 19033
2026/09/26 22:14:56.149, 19033
2026/09/26 22:14:56.649, 19033
2026/09/26 22:14:57.149, 19033
2026/09/26 22:14:57.649, 19033
2026/09/26 22:14:58.150, 19033
2026/09/26 22:14:58.650, 19033
2026/09/26 22:14:59.150, 19033
2026/09/26 22:14:59.650, 19033
2026/09/26 22:15:00.150, 19033
2026/09/26 22:15:00.650, 19033
2026/09/26 22:15:01.150, 19033
2026/09/26 22:15:01.650, 19033
2026/09/26 22:15:02.151, 19033
2026/09/26 22:15:02.651, 19033
2026/09/26 22:15:03.151, 19033
2026/09/26 22:15:03.651, 19033
2026/09/26 22:15:04.151, 19033
2026/09/26 22:15:04.651, 19033
2026/09/26 22:15:05.151, 19033
2026/09/26 22:15:05.652, 19033
2026/09/26 22:15:06.152, 19033
2026/09/26 22:15:06.652, 19033
2026/09/26 22:15:07.152, 19033
2026/09/26 22:15:07.652, 19033
2026/09/26 22:15:08.152, 19033
2026/09/26 22:15:08.653, 19033
2026/09/26 22:15:09.153, 19033
2026/09/26 22:15:09.653, 19033
2026/09/26 22:15:10.153, 19033
2026/09/26 22:15:10.653, 19033
2026/09/26 22:15:11.153, 19033
2026/09/26 22:15:11.653, 19033
2026/09/26 22:15:12.154, 19033
2026/09/26 22:15:12.654, 19033
2026/09/26 22:15:13.154, 19033
2026/09/26 22:15:13.654, 19033
2026/09/26 22:15:14.154, 19033
2026/09/26 22:15:14.654, 19033
2026/09/26 22:15:15.154, 19033
2026/09/26 22:15:15.654, 19033
2026/09/26 22:15:16.155, 19033
2026/09/26 22:15:16.655, 19033
2026/09/26 22:15:17.155, 19033
2026/09/26 22:15:17.655, 19033
2026/09/26 22:15:18.155, 19033
2026/09/26 22:15:18.655, 19033
2026/09/26 22:15:19.155, 19033
2026/09/26 22:15:19.656, 19033
2026/09/26 22:15:20.156, 19033
2026/09/26 22:15:20.656, 19033
2026/09/26 22:15:21.156, 19033
2026/09/26 22:15:21.656, 19033
2026/09/26 22:15:22.156, 19033
2026/09/26 22:15:22.656, 19033
2026/09/26 22:15:23.157, 19033
2026/09/26 22:15:23.657, 19033
2026/09/26 22:15:24.157, 19033
2026/09/26 22:15:24.657, 19033
2026/09/26 22:15:25.157, 19033
2026/09/26 22:15:25.657, 19033
2026/09/26 22:15:26.158, 19033
2026/09/26 22:15:26.658, 19033
2026/09/26 22:15:27.158, 19033
2026/09/26 22:15:27.658, 19033
2026/09/26 22:15:28.158, 19033
2026/09/26 22:15:28.658, 19033
2026/09/26 22:15:29.158, 19033
2026/09/26 22:15:29.659, 19033
2026/09/26 22:15:30.159, 19033
2026/09/26 22:15:30.659, 19033
2026/09/26 22:15:31.159, 19033
2026/09/26 22:15:31.659, 19033
2026/09/26 22:15:32.159, 19033
2026/09/26 22:15:32.659, 19033
2026/09/26 22:15:33.160, 19033
2026/09/26 22:15:33.660, 19033
2026/09/26 22:15:34.160, 19033
2026/09/26 22:15:34.660, 19033
2026/09/26 22:15:35.160, 19033
2026/09/26 22:15:35.660, 19033
2026/09/26 22:15:36.160, 19033
2026/09/26 22:15:36.660, 19033
2026/09/26 22:15:37.161, 19033
2026/09/26 22:15:37.661, 19033
2026/09/26 22:15:38.161, 19033
2026/09/26 22:15:38.661, 19033
2026/09/26 22:15:39.161, 19033
2026/09/26 22:15:39.661, 19033
2026/09/26 22:15:40.161, 19033
2026/09/26 22:15:40.661, 19033
2026/09/26 22:15:41.162, 19033
2026/09/26 22:15:41.662, 19033
2026/09/26 22:15:42.162, 19033
2026/09/26 22:15:42.662, 19033
2026/09/26 22:15:43.162, 19033
2026/09/26 22:15:43.662, 19033
2026/09/26 22:15:44.162, 19033
2026/09/26 22:15:44.662, 19033
2026/09/26 22:15:45.163, 19033
2026/09/26 22:15:45.663, 19033
2026/09/26 22:15:46.163, 19033
2026/09/26 22:15:46.663, 19033
2026/09/26 22:15:47.163, 19033
2026/09/26 22:15:47.663, 19033
2026/09/26 22:15:48.163, 19033
2026/09/26 22:15:48.663, 19033
2026/09/26 22:15:49.164, 19033
2026/09/26 22:15:49.664, 19033
2026/09/26 22:15:50.164, 19033
2026/09/26 22:15:50.664, 19033
2026/09/26 22:15:51.164, 19033
2026/09/26 22:15:51.664, 19033
2026/09/26 22:15:52.165, 19033
2026/09/26 22:15:52.665, 19033
2026/09/26 22:15:53.165, 19033
2026/09/26 22:15:53.665, 19033
2026/09/26 22:15:54.165, 19033
2026/09/26 22:15:54.665, 19033
2026/09/26 22:15:55.166, 19033
2026/09/26 22:15:55.666, 19033
2026/09/26 22:15:56.166, 19033
2026/09/26 22:15:56.666, 19033
2026/09/26 22:15:57.166, 19033
2026/09/26 22:15:57.666, 19033
2026/09/26 22:15:58.167, 19033
2026/09/26 22:15:58.667, 19033
2026/09/26 22:15:59.167, 19033
2026/09/26 22:15:59.667, 19033
2026/09/26 22:16:00.167, 19033
2026/09/26 22:16:00.668, 19033
2026/09/26 22:16:01.168, 19033
2026/09/26 22:16:01.668, 19033
2026/09/26 22:16:02.168, 19033
2026/09/26 22:16:02.668, 19033
2026/09/26 22:16:03.168, 19033
2026/09/26 22:16:03.669, 19033
2026/09/26 22:16:04.169, 19033
2026/09/26 22:16:04.669, 19033
2026/09/26 22:16:05.169, 19033
2026/09/26 22:16:05.669, 19033
2026/09/26 22:16:06.169, 19033
2026/09/26 22:16:06.670, 19033
2026/09/26 22:16:07.170, 19033
2026/09/26 22:16:07.670, 19033
2026/09/26 22:16:08.170, 19033
2026/09/26 22:16:08.670, 19033
2026/09/26 22:16:09.170, 19033
2026/09/26 22:16:09.670, 19033
2026/09/26 22:16:10.171, 19033
2026/09/26 22:16:10.671, 19033
2026/09/26 22:16:11.171, 19033
2026/09/26 22:16:11.671, 19033
2026/09/26 22:16:12.171, 19033
2026/09/26 22:16:12.671, 19033
2026/09/26 22:16:13.172, 19033
2026/09/26 22:16:13.672, 19033
2026/09/26 22:16:14.172, 19033
2026/09/26 22:16:14.672, 19033
2026/09/26 22:16:15.172, 19033
2026/09/26 22:16:15.672, 19033
2026/09/26 22:16:16.173, 19033
2026/09/26 22:16:16.673, 19033
2026/09/26 22:16:17.173, 19033
2026/09/26 22:16:17.673, 19033
2026/09/26 22:16:18.173, 19033
2026/09/26 22:16:18.673, 19033
2026/09/26 22:16:19.174, 19033
2026/09/26 22:16:19.674, 19033
2026/09/26 22:16:20.174, 19033
2026/09/26 22:16:20.674, 19033
2026/09/26 22:16:21.174, 19033
2026/09/26 22:16:21.674, 19033
2026/09/26 22:16:22.175, 19033
2026/09/26 22:16:22.675, 19033
2026/09/26 22:16:23.175, 19033
2026/09/26 22:16:23.675, 19033
2026/09/26 22:16:24.175, 19033
2026/09/26 22:16:24.675, 19033
2026/09/26 22:16:25.175, 19033
2026/09/26 22:16:25.676, 19033
2026/09/26 22:16:26.176, 19033
2026/09/26 22:16:26.676, 19033
2026/09/26 22:16:27.176, 19033
2026/09/26 22:16:27.676, 19033
2026/09/26 22:16:28.176, 19033
2026/09/26 22:16:28.677, 19033
2026/09/26 22:16:29.177, 19033
2026/09/26 22:16:29.677, 19033
2026/09/26 22:16:30.177, 19033
2026/09/26 22:16:30.677, 19033
2026/09/26 22:16:31.178, 19033
2026/09/26 22:16:31.678, 19033
2026/09/26 22:16:32.178, 19033
2026/09/26 22:16:32.678, 19033
2026/09/26 22:16:33.178, 19033
2026/09/26 22:16:33.679, 19033
2026/09/26 22:16:34.179, 19033
2026/09/26 22:16:34.679, 19033
2026/09/26 22:16:35.179, 19033
2026/09/26 22:16:35.679, 19033
2026/09/26 22:16:36.179, 19033
2026/09/26 22:16:36.680, 19033
2026/09/26 22:16:37.180, 19033
2026/09/26 22:16:37.680, 19033
2026/09/26 22:16:38.180, 19033
2026/09/26 22:16:38.680, 19033
2026/09/26 22:16:39.180, 19033
2026/09/26 22:16:39.680, 19033
2026/09/26 22:16:40.181, 19033
2026/09/26 22:16:40.681, 19033
2026/09/26 22:16:41.181, 19033
2026/09/26 22:16:41.681, 19033
2026/09/26 22:16:42.181, 19033
2026/09/26 22:16:42.681, 19033
2026/09/26 22:16:43.182, 19033
2026/09/26 22:16:43.682, 19033
2026/09/26 22:16:44.182, 19033
2026/09/26 22:16:44.682, 19033
2026/09/26 22:16:45.182, 19033
2026/09/26 22:16:45.682, 19033
2026/09/26 22:16:46.182, 19033
2026/09/26 22:16:46.683, 19033
2026/09/26 22:16:47.183, 19033
2026/09/26 22:16:47.683, 19033
2026/09/26 22:16:48.183, 19033
2026/09/26 22:16:48.683, 19033
2026/09/26 22:16:49.183, 19033
2026/09/26 22:16:49.684, 19033
2026/09/26 22:16:50.184, 19033
2026/09/26 22:16:50.684, 19033
2026/09/26 22:16:51.184, 19033
2026/09/26 22:16:51.684, 19033
2026/09/26 22:16:52.184, 19033
2026/09/26 22:16:52.685, 19033
2026/09/26 22:16:53.185, 19033
2026/09/26 22:16:53.685, 19033
2026/09/26 22:16:54.185, 19033
2026/09/26 22:16:54.685, 19033
2026/09/26 22:16:55.185, 19033
2026/09/26 22:16:55.686, 19033
2026/09/26 22:16:56.186, 19033
2026/09/26 22:16:56.686, 19033
2026/09/26 22:16:57.186, 19033
2026/09/26 22:16:57.686, 19033
2026/09/26 22:16:58.186, 19033
2026/09/26 22:16:58.687, 19033
2026/09/26 22:16:59.187, 19033
2026/09/26 22:16:59.687, 19033
2026/09/26 22:17:00.187, 19033
2026/09/26 22:17:00.687, 19033
2026/09/26 22:17:01.187, 19033
2026/09/26 22:17:01.688, 19033
2026/09/26 22:17:02.188, 19033
2026/09/26 22:17:02.688, 19033
2026/09/26 22:17:03.188, 19033
2026/09/26 22:17:03.688, 19033
2026/09/26 22:17:04.189, 19033
2026/09/26 22:17:04.689, 19033
2026/09/26 22:17:05.189, 19033
2026/09/26 22:17:05.689, 19033
2026/09/26 22:17:06.189, 19033
2026/09/26 22:17:06.689, 19033
2026/09/26 22:17:07.190, 19033
2026/09/26 22:17:07.690, 19033
2026/09/26 22:17:08.190, 19033
2026/09/26 22:17:08.690, 19033
2026/09/26 22:17:09.190, 19033
2026/09/26 22:17:09.691, 19033
2026/09/26 22:17:10.191, 19033
2026/09/26 22:17:10.691, 19033
2026/09/26 22:17:11.191, 19033
2026/09/26 22:17:11.691, 19033
2026/09/26 22:17:12.191, 19033
2026/09/26 22:17:12.692, 19033
2026/09/26 22:17:13.192, 19033
2026/09/26 22:17:13.692, 19033
2026/09/26 22:17:14.192, 19033
2026/09/26 22:17:14.692, 19033
2026/09/26 22:17:15.192, 19033
2026/09/26 22:17:15.693, 19033
2026/09/26 22:17:16.193, 19033
2026/09/26 22:17:16.694, 19033
2026/09/26 22:17:17.194, 19033
2026/09/26 22:17:17.694, 19033
2026/09/26 22:17:18.194, 19033
2026/09/26 22:17:18.695, 19033
2026/09/26 22:17:19.195, 19033
2026/09/26 22:17:19.695, 19033
2026/09/26 22:17:20.195, 19033
2026/09/26 22:17:20.695, 19033
2026/09/26 22:17:21.196, 19033
2026/09/26 22:17:21.696, 19033
2026/09/26 22:17:22.196, 19033
2026/09/26 22:17:22.696, 19033
2026/09/26 22:17:23.196, 19033
2026/09/26 22:17:23.696, 19033
2026/09/26 22:17:24.196, 19033
2026/09/26 22:17:24.697, 19033
2026/09/26 22:17:25.197, 19033
2026/09/26 22:17:25.697, 19033
2026/09/26 22:17:26.197, 19033
2026/09/26 22:17:26.697, 19033
2026/09/26 22:17:27.197, 19033
2026/09/26 22:17:27.698, 19033
2026/09/26 22:17:28.198, 19033
2026/09/26 22:17:28.698, 19033
2026/09/26 22:17:29.198, 19033
2026/09/26 22:17:29.698, 19033
2026/09/26 22:17:30.198, 19033
2026/09/26 22:17:30.698, 19033
2026/09/26 22:17:31.199, 19033
2026/09/26 22:17:31.699, 19033
2026/09/26 22:17:32.199, 19033
2026/09/26 22:17:32.699, 19033
2026/09/26 22:17:33.199, 19033
2026/09/26 22:17:33.699, 19033
2026/09/26 22:17:34.200, 19033
2026/09/26 22:17:34.700, 19033
2026/09/26 22:17:35.200, 19033
2026/09/26 22:17:35.700, 19033
2026/09/26 22:17:36.200, 19033
2026/09/26 22:17:36.700, 19033
2026/09/26 22:17:37.201, 19033
2026/09/26 22:17:37.701, 19033
2026/09/26 22:17:38.201, 19033
2026/09/26 22:17:38.701, 19033
2026/09/26 22:17:39.201, 19033
2026/09/26 22:17:39.701, 19033
2026/09/26 22:17:40.202, 19033
2026/09/26 22:17:40.702, 19033
2026/09/26 22:17:41.202, 19033
2026/09/26 22:17:41.702, 19033
2026/09/26 22:17:42.202, 19033
2026/09/26 22:17:42.702, 19033
2026/09/26 22:17:43.202, 19033
2026/09/26 22:17:43.703, 19033
2026/09/26 22:17:44.203, 19033
2026/09/26 22:17:44.703, 19033
2026/09/26 22:17:45.203, 19033
2026/09/26 22:17:45.703, 19033
2026/09/26 22:17:46.203, 19033
2026/09/26 22:17:46.704, 19033
2026/09/26 22:17:47.204, 19033
2026/09/26 22:17:47.704, 19033
2026/09/26 22:17:48.204, 19033
2026/09/26 22:17:48.704, 19033
2026/09/26 22:17:49.204, 19033
2026/09/26 22:17:49.705, 19033
2026/09/26 22:17:50.205, 19033
2026/09/26 22:17:50.705, 19033
2026/09/26 22:17:51.205, 19033
2026/09/26 22:17:51.705, 19033
2026/09/26 22:17:52.205, 19033
2026/09/26 22:17:52.705, 19033
2026/09/26 22:17:53.206, 19033
2026/09/26 22:17:53.706, 19033
2026/09/26 22:17:54.206, 19033
2026/09/26 22:17:54.706, 19033
2026/09/26 22:17:55.206, 19033
2026/09/26 22:17:55.707, 19033
2026/09/26 22:17:56.207, 19033
2026/09/26 22:17:56.707, 19033
2026/09/26 22:17:57.207, 19033
2026/09/26 22:17:57.707, 19033
2026/09/26 22:17:58.207, 19033
2026/09/26 22:17:58.707, 19033
2026/09/26 22:17:59.208, 19033
2026/09/26 22:17:59.708, 19033
2026/09/26 22:18:00.208, 19033
2026/09/26 22:18:00.708, 19033
2026/09/26 22:18:01.208, 19033
2026/09/26 22:18:01.708, 19033
2026/09/26 22:18:02.209, 19033
2026/09/26 22:18:02.709, 19033
2026/09/26 22:18:03.209, 19033
2026/09/26 22:18:03.709, 19033
2026/09/26 22:18:04.209, 19033
2026/09/26 22:18:04.709, 19033
2026/09/26 22:18:05.210, 19033
2026/09/26 22:18:05.710, 19033
2026/09/26 22:18:06.210, 19033
2026/09/26 22:18:06.710, 19033
2026/09/26 22:18:07.210, 19033
2026/09/26 22:18:07.710, 19033
2026/09/26 22:18:08.210, 19033
2026/09/26 22:18:08.711, 19033
2026/09/26 22:18:09.211, 19033
2026/09/26 22:18:09.711, 19033
2026/09/26 22:18:10.211, 19033
2026/09/26 22:18:10.711, 19033
2026/09/26 22:18:11.211, 19033
2026/09/26 22:18:11.711, 19033
2026/09/26 22:18:12.212, 19033
2026/09/26 22:18:12.712, 19033
2026/09/26 22:18:13.212, 19033
2026/09/26 22:18:13.712, 19033
2026/09/26 22:18:14.212, 19033
2026/09/26 22:18:14.712, 19033
2026/09/26 22:18:15.212, 19033
2026/09/26 22:18:15.713, 19033
2026/09/26 22:18:16.213, 19033
2026/09/26 22:18:16.713, 19033
2026/09/26 22:18:17.213, 19033
2026/09/26 22:18:17.713, 19033
2026/09/26 22:18:18.213, 19033
2026/09/26 22:18:18.714, 19033
2026/09/26 22:18:19.214, 19033
2026/09/26 22:18:19.714, 19033
2026/09/26 22:18:20.214, 19033
2026/09/26 22:18:20.714, 19033
2026/09/26 22:18:21.214, 19033
2026/09/26 22:18:21.714, 19033
2026/09/26 22:18:22.214, 19033
2026/09/26 22:18:22.715, 19033
2026/09/26 22:18:23.215, 19033
2026/09/26 22:18:23.715, 19033
2026/09/26 22:18:24.215, 19033
2026/09/26 22:18:24.715, 19033
2026/09/26 22:18:25.215, 19033
2026/09/26 22:18:25.715, 19033
2026/09/26 22:18:26.216, 19033
2026/09/26 22:18:26.716, 19033
2026/09/26 22:18:27.216, 19033
2026/09/26 22:18:27.716, 19033
2026/09/26 22:18:28.216, 19033
2026/09/26 22:18:28.716, 19033
2026/09/26 22:18:29.217, 19033
2026/09/26 22:18:29.717, 19033
2026/09/26 22:18:30.217, 19033
2026/09/26 22:18:30.717, 19033
2026/09/26 22:18:31.217, 19033
2026/09/26 22:18:31.717, 19033
2026/09/26 22:18:32.218, 19033
2026/09/26 22:18:32.718, 19033
2026/09/26 22:18:33.218, 19033
2026/09/26 22:18:33.718, 19033
2026/09/26 22:18:34.218, 19033
2026/09/26 22:18:34.718, 19033
2026/09/26 22:18:35.219, 19033
2026/09/26 22:18:35.719, 19033
2026/09/26 22:18:36.219, 19033
2026/09/26 22:18:36.719, 19033
2026/09/26 22:18:37.219, 19033
2026/09/26 22:18:37.719, 19033
2026/09/26 22:18:38.219, 19033
2026/09/26 22:18:38.720, 19033
2026/09/26 22:18:39.220, 19033
2026/09/26 22:18:39.720, 19033
2026/09/26 22:18:40.220, 19033
2026/09/26 22:18:40.720, 19033
2026/09/26 22:18:41.220, 19033
2026/09/26 22:18:41.721, 19033
2026/09/26 22:18:42.221, 19033
2026/09/26 22:18:42.721, 19033
2026/09/26 22:18:43.221, 19033
2026/09/26 22:18:43.721, 19033
2026/09/26 22:18:44.221, 19033
2026/09/26 22:18:44.721, 19033
2026/09/26 22:18:45.221, 19033
2026/09/26 22:18:45.722, 19033
2026/09/26 22:18:46.222, 19033
2026/09/26 22:18:46.722, 19033
2026/09/26 22:18:47.222, 19033
2026/09/26 22:18:47.723, 19033
2026/09/26 22:18:48.223, 19033
2026/09/26 22:18:48.723, 19033
2026/09/26 22:18:49.223, 19033
2026/09/26 22:18:49.723, 19033
2026/09/26 22:18:50.223, 19033
2026/09/26 22:18:50.724, 19033
2026/09/26 22:18:51.224, 19033
2026/09/26 22:18:51.724, 19033
2026/09/26 22:18:52.224, 19033
2026/09/26 22:18:52.724, 19033
2026/09/26 22:18:53.224, 19033
2026/09/26 22:18:53.725, 19033
2026/09/26 22:18:54.225, 19033
2026/09/26 22:18:54.725, 19033
2026/09/26 22:18:55.225, 19033
2026/09/26 22:18:55.725, 19033
2026/09/26 22:18:56.225, 19033
2026/09/26 22:18:56.725, 19033
2026/09/26 22:18:57.225, 19033
2026/09/26 22:18:57.726, 19033
2026/09/26 22:18:58.226, 19033
2026/09/26 22:18:58.726, 19033
2026/09/26 22:18:59.226, 19033
2026/09/26 22:18:59.726, 19033
2026/09/26 22:19:00.226, 19033
2026/09/26 22:19:00.726, 19033
2026/09/26 22:19:01.227, 19033
2026/09/26 22:19:01.727, 19033
2026/09/26 22:19:02.227, 19033
2026/09/26 22:19:02.727, 19033
2026/09/26 22:19:03.228, 19033
2026/09/26 22:19:03.728, 19033
2026/09/26 22:19:04.228, 19033
2026/09/26 22:19:04.728, 19033
2026/09/26 22:19:05.228, 19033
2026/09/26 22:19:05.728, 19033
2026/09/26 22:19:06.228, 19033
2026/09/26 22:19:06.729, 19033
2026/09/26 22:19:07.229, 19033
2026/09/26 22:19:07.729, 19033
2026/09/26 22:19:08.229, 19033
2026/09/26 22:19:08.729, 19033
2026/09/26 22:19:09.229, 19033
2026/09/26 22:19:09.729, 19033
2026/09/26 22:19:10.230, 19033
2026/09/26 22:19:10.730, 19033
2026/09/26 22:19:11.230, 19033
2026/09/26 22:19:11.730, 19033
2026/09/26 22:19:12.230, 19033
2026/09/26 22:19:12.730, 19033
2026/09/26 22:19:13.230, 19033
2026/09/26 22:19:13.731, 19033
2026/09/26 22:19:14.231, 19033
2026/09/26 22:19:14.731, 19033
2026/09/26 22:19:15.231, 19033
2026/09/26 22:19:15.731, 19033
2026/09/26 22:19:16.231, 19033
2026/09/26 22:19:16.732, 19033
2026/09/26 22:19:17.232, 19033
2026/09/26 22:19:17.732, 19033
2026/09/26 22:19:18.232, 19033
2026/09/26 22:19:18.732, 19033
2026/09/26 22:19:19.232, 19033
2026/09/26 22:19:19.732, 19033
2026/09/26 22:19:20.233, 19033
2026/09/26 22:19:20.733, 19033
2026/09/26 22:19:21.233, 19033
2026/09/26 22:19:21.733, 19033
2026/09/26 22:19:22.233, 19033
2026/09/26 22:19:22.733, 19033
2026/09/26 22:19:23.234, 19033
2026/09/26 22:19:23.734, 19033
2026/09/26 22:19:24.234, 19033
2026/09/26 22:19:24.734, 19033
2026/09/26 22:19:25.234, 19033
2026/09/26 22:19:25.734, 19033
2026/09/26 22:19:26.235, 19033
2026/09/26 22:19:26.735, 19033
2026/09/26 22:19:27.235, 19033
2026/09/26 22:19:27.735, 19033
2026/09/26 22:19:28.235, 19033
2026/09/26 22:19:28.735, 19033
2026/09/26 22:19:29.235, 19033
2026/09/26 22:19:29.735, 19033
2026/09/26 22:19:30.236, 19033
2026/09/26 22:19:30.736, 19033
2026/09/26 22:19:31.236, 19033
2026/09/26 22:19:31.736, 19033
2026/09/26 22:19:32.236, 19033
2026/09/26 22:19:32.736, 19033
2026/09/26 22:19:33.236, 19033
2026/09/26 22:19:33.736, 19033
2026/09/26 22:19:34.237, 19033
2026/09/26 22:19:34.737, 19033
2026/09/26 22:19:35.237, 19033
2026/09/26 22:19:35.737, 19033
2026/09/26 22:19:36.237, 19033
2026/09/26 22:19:36.737, 19033
2026/09/26 22:19:37.237, 19033
2026/09/26 22:19:37.737, 19033
2026/09/26 22:19:38.238, 19033
2026/09/26 22:19:38.738, 19033
2026/09/26 22:19:39.238, 19033
2026/09/26 22:19:39.738, 19033
2026/09/26 22:19:40.238, 19033
2026/09/26 22:19:40.738, 19033
2026/09/26 22:19:41.238, 19033
2026/09/26 22:19:41.739, 19033
2026/09/26 22:19:42.239, 19033
2026/09/26 22:19:42.739, 19033
2026/09/26 22:19:43.239, 19033
2026/09/26 22:19:43.739, 19033
2026/09/26 22:19:44.239, 19033
2026/09/26 22:19:44.739, 19033
2026/09/26 22:19:45.240, 19033
2026/09/26 22:19:45.740, 19033
2026/09/26 22:19:46.240, 19033
2026/09/26 22:19:46.740, 19033
2026/09/26 22:19:47.240, 19033
2026/09/26 22:19:47.740, 19033
2026/09/26 22:19:48.240, 19033
2026/09/26 22:19:48.741, 19033
2026/09/26 22:19:49.241, 19033
2026/09/26 22:19:49.741, 19033
2026/09/26 22:19:50.241, 19033
2026/09/26 22:19:50.741, 19033
2026/09/26 22:19:51.241, 19033
2026/09/26 22:19:51.741, 19033
2026/09/26 22:19:52.241, 19033
2026/09/26 22:19:52.742, 19033
2026/09/26 22:19:53.242, 19033
2026/09/26 22:19:53.742, 19033
2026/09/26 22:19:54.242, 19033
2026/09/26 22:19:54.742, 19033
2026/09/26 22:19:55.242, 19033
2026/09/26 22:19:55.743, 19033
2026/09/26 22:19:56.243, 19033
2026/09/26 22:19:56.743, 19033
2026/09/26 22:19:57.243, 19033
2026/09/26 22:19:57.743, 19033
2026/09/26 22:19:58.243, 19033
2026/09/26 22:19:58.743, 19033
2026/09/26 22:19:59.244, 19033
2026/09/26 22:19:59.744, 19033
2026/09/26 22:20:00.244, 19033
2026/09/26 22:20:00.744, 19033
2026/09/26 22:20:01.244, 19033
2026/09/26 22:20:01.744, 19033
2026/09/26 22:20:02.244, 19033
2026/09/26 22:20:02.745, 19033
2026/09/26 22:20:03.245, 19033
2026/09/26 22:20:03.745, 19033
2026/09/26 22:20:04.245, 19033
2026/09/26 22:20:04.745, 19033
2026/09/26 22:20:05.245, 19033
2026/09/26 22:20:05.745, 19033
2026/09/26 22:20:06.246, 19033
2026/09/26 22:20:06.746, 19033
2026/09/26 22:20:07.246, 19033
2026/09/26 22:20:07.746, 19033
2026/09/26 22:20:08.246, 19033
2026/09/26 22:20:08.746, 19033
2026/09/26 22:20:09.247, 19033
2026/09/26 22:20:09.747, 19033
2026/09/26 22:20:10.247, 19033
2026/09/26 22:20:10.747, 19033
2026/09/26 22:20:11.247, 19033
2026/09/26 22:20:11.747, 19033
2026/09/26 22:20:12.247, 19033
2026/09/26 22:20:12.748, 19033
2026/09/26 22:20:13.248, 19033
2026/09/26 22:20:13.748, 19033
2026/09/26 22:20:14.248, 19033
2026/09/26 22:20:14.748, 19033
2026/09/26 22:20:15.248, 19033
2026/09/26 22:20:15.748, 19033
2026/09/26 22:20:16.249, 19033
2026/09/26 22:20:16.749, 19033
2026/09/26 22:20:17.249, 19033
2026/09/26 22:20:17.749, 19033
2026/09/26 22:20:18.249, 19033
2026/09/26 22:20:18.749, 19033
2026/09/26 22:20:19.249, 19033
2026/09/26 22:20:19.750, 19033
2026/09/26 22:20:20.250, 19033
2026/09/26 22:20:20.750, 19033
2026/09/26 22:20:21.250, 19033
2026/09/26 22:20:21.750, 19033
2026/09/26 22:20:22.250, 19033
2026/09/26 22:20:22.750, 19033
2026/09/26 22:20:23.251, 19033
2026/09/26 22:20:23.751, 19033
2026/09/26 22:20:24.251, 19033
2026/09/26 22:20:24.751, 19033
2026/09/26 22:20:25.251, 19033
2026/09/26 22:20:25.751, 19033
2026/09/26 22:20:26.251, 19033
2026/09/26 22:20:26.752, 19033
2026/09/26 22:20:27.252, 19033
2026/09/26 22:20:27.752, 19033
2026/09/26 22:20:28.252, 19033
2026/09/26 22:20:28.752, 19033
2026/09/26 22:20:29.253, 19033
2026/09/26 22:20:29.753, 19033
2026/09/26 22:20:30.253, 19033
2026/09/26 22:20:30.753, 19033
2026/09/26 22:20:31.253, 19033
2026/09/26 22:20:31.753, 19033
2026/09/26 22:20:32.253, 19033
2026/09/26 22:20:32.754, 19033
2026/09/26 22:20:33.254, 19033
2026/09/26 22:20:33.754, 19033
2026/09/26 22:20:34.254, 19033
2026/09/26 22:20:34.754, 19033
2026/09/26 22:20:35.254, 19033
2026/09/26 22:20:35.755, 19033
2026/09/26 22:20:36.255, 19033
2026/09/26 22:20:36.755, 19033
2026/09/26 22:20:37.255, 19033
2026/09/26 22:20:37.755, 19033
2026/09/26 22:20:38.255, 19033
2026/09/26 22:20:38.755, 19033
2026/09/26 22:20:39.256, 19033
2026/09/26 22:20:39.756, 19033
2026/09/26 22:20:40.256, 19033
2026/09/26 22:20:40.756, 19033
2026/09/26 22:20:41.256, 19033
2026/09/26 22:20:41.756, 19033
2026/09/26 22:20:42.256, 19033
2026/09/26 22:20:42.757, 19033
2026/09/26 22:20:43.257, 19033
2026/09/26 22:20:43.757, 19033
2026/09/26 22:20:44.257, 19033
2026/09/26 22:20:44.757, 19033
2026/09/26 22:20:45.257, 19033
2026/09/26 22:20:45.757, 19033
2026/09/26 22:20:46.258, 19033
2026/09/26 22:20:46.758, 19033
2026/09/26 22:20:47.258, 19033
2026/09/26 22:20:47.758, 19033
2026/09/26 22:20:48.258, 19033
2026/09/26 22:20:48.758, 19033
2026/09/26 22:20:49.259, 19033
2026/09/26 22:20:49.759, 19033
2026/09/26 22:20:50.259, 19033
2026/09/26 22:20:50.759, 19033
2026/09/26 22:20:51.259, 19033
2026/09/26 22:20:51.759, 19033
2026/09/26 22:20:52.259, 19033
2026/09/26 22:20:52.760, 19033
2026/09/26 22:20:53.260, 19033
2026/09/26 22:20:53.760, 19033
2026/09/26 22:20:54.260, 19033
2026/09/26 22:20:54.760, 19033
2026/09/26 22:20:55.260, 19033
2026/09/26 22:20:55.761, 19033
2026/09/26 22:20:56.261, 19033
2026/09/26 22:20:56.761, 19033
2026/09/26 22:20:57.261, 19033
2026/09/26 22:20:57.761, 19033
2026/09/26 22:20:58.261, 19033
2026/09/26 22:20:58.762, 19033
2026/09/26 22:20:59.262, 19033
2026/09/26 22:20:59.762, 19033
2026/09/26 22:21:00.262, 19033
2026/09/26 22:21:00.762, 19033
2026/09/26 22:21:01.262, 19033
2026/09/26 22:21:01.763, 19033
2026/09/26 22:21:02.263, 19033
2026/09/26 22:21:02.763, 19033
2026/09/26 22:21:03.263, 19033
2026/09/26 22:21:03.763, 19033
2026/09/26 22:21:04.263, 19033
2026/09/26 22:21:04.764, 19033
2026/09/26 22:21:05.264, 19033
2026/09/26 22:21:05.764, 19033
2026/09/26 22:21:06.264, 19033
2026/09/26 22:21:06.764, 19033
2026/09/26 22:21:07.264, 19033
2026/09/26 22:21:07.765, 19033
2026/09/26 22:21:08.297, 19033
2026/09/26 22:21:08.797, 19033
2026/09/26 22:21:09.298, 19033
2026/09/26 22:21:09.798, 19033
2026/09/26 22:21:10.298, 19033
2026/09/26 22:21:10.798, 19033
2026/09/26 22:21:11.298, 19033
2026/09/26 22:21:11.798, 19033
2026/09/26 22:21:12.299, 19033
2026/09/26 22:21:12.799, 19033
2026/09/26 22:21:13.299, 19033
2026/09/26 22:21:13.799, 19033
2026/09/26 22:21:14.299, 19033
2026/09/26 22:21:14.799, 19033
2026/09/26 22:21:15.300, 19033
2026/09/26 22:21:15.800, 19033
2026/09/26 22:21:16.300, 19033
2026/09/26 22:21:16.800, 19033
2026/09/26 22:21:17.300, 19033
2026/09/26 22:21:17.800, 19033
2026/09/26 22:21:18.301, 19033
2026/09/26 22:21:18.801, 19033
2026/09/26 22:21:19.301, 19033
2026/09/26 22:21:19.801, 19033
2026/09/26 22:21:20.301, 19033
2026/09/26 22:21:20.801, 19033
2026/09/26 22:21:21.302, 19033
2026/09/26 22:21:21.802, 19033
2026/09/26 22:21:22.302, 19033
2026/09/26 22:21:22.802, 19033
2026/09/26 22:21:23.302, 19033
2026/09/26 22:21:23.802, 19033
2026/09/26 22:21:24.302, 19033
2026/09/26 22:21:24.803, 19033
2026/09/26 22:21:25.303, 19033
2026/09/26 22:21:25.803, 19033
2026/09/26 22:21:26.303, 19033
2026/09/26 22:21:26.803, 19033
2026/09/26 22:21:27.303, 19033
2026/09/26 22:21:27.804, 19033
2026/09/26 22:21:28.304, 19033
2026/09/26 22:21:28.804, 19033
2026/09/26 22:21:29.304, 19033
2026/09/26 22:21:29.804, 19033
2026/09/26 22:21:30.304, 19033
2026/09/26 22:21:30.804, 19033
2026/09/26 22:21:31.305, 19033
2026/09/26 22:21:31.805, 19033
2026/09/26 22:21:32.305, 19033
2026/09/26 22:21:32.805, 19033
2026/09/26 22:21:33.305, 19033
2026/09/26 22:21:33.805, 19033
2026/09/26 22:21:34.306, 19033
2026/09/26 22:21:34.806, 19033
2026/09/26 22:21:35.306, 19033
2026/09/26 22:21:35.806, 19033
2026/09/26 22:21:36.306, 19033
2026/09/26 22:21:36.806, 19033
2026/09/26 22:21:37.307, 19033
2026/09/26 22:21:37.807, 19033
2026/09/26 22:21:38.307, 19033
2026/09/26 22:21:38.807, 19033
2026/09/26 22:21:39.307, 19033
2026/09/26 22:21:39.807, 19033
2026/09/26 22:21:40.308, 19033
2026/09/26 22:21:40.808, 19033
2026/09/26 22:21:41.308, 19033
2026/09/26 22:21:41.808, 19033
2026/09/26 22:21:42.308, 19033
2026/09/26 22:21:42.808, 19033
2026/09/26 22:21:43.309, 19033
2026/09/26 22:21:43.809, 19033
2026/09/26 22:21:44.309, 19033
2026/09/26 22:21:44.809, 19033
2026/09/26 22:21:45.309, 19033
2026/09/26 22:21:45.809, 19033
2026/09/26 22:21:46.310, 19033
2026/09/26 22:21:46.810, 19033
2026/09/26 22:21:47.310, 19033
2026/09/26 22:21:47.810, 19033
2026/09/26 22:21:48.310, 19033
2026/09/26 22:21:48.810, 19033
2026/09/26 22:21:49.311, 19033
2026/09/26 22:21:49.811, 19033
2026/09/26 22:21:50.311, 19033
2026/09/26 22:21:50.811, 19033
2026/09/26 22:21:51.311, 19033
2026/09/26 22:21:51.811, 19033
2026/09/26 22:21:52.311, 19033
2026/09/26 22:21:52.812, 19033
2026/09/26 22:21:53.312, 19033
2026/09/26 22:21:53.812, 19033
2026/09/26 22:21:54.312, 19033
2026/09/26 22:21:54.812, 19033
2026/09/26 22:21:55.312, 19033
2026/09/26 22:21:55.813, 19033
2026/09/26 22:21:56.313, 19033
2026/09/26 22:21:56.813, 19033
2026/09/26 22:21:57.313, 19033
2026/09/26 22:21:57.813, 19033
2026/09/26 22:21:58.313, 19033
2026/09/26 22:21:58.814, 19033
2026/09/26 22:21:59.314, 19033
2026/09/26 22:21:59.814, 19033
2026/09/26 22:22:00.314, 19033
2026/09/26 22:22:00.814, 19033
2026/09/26 22:22:01.314, 19033
2026/09/26 22:22:01.815, 19033
2026/09/26 22:22:02.315, 19033
2026/09/26 22:22:02.815, 19033
2026/09/26 22:22:03.315, 19033
2026/09/26 22:22:03.815, 19033
2026/09/26 22:22:04.315, 19033
2026/09/26 22:22:04.816, 19033
2026/09/26 22:22:05.316, 19033
2026/09/26 22:22:05.816, 19033
2026/09/26 22:22:06.316, 19033
2026/09/26 22:22:06.816, 19033
2026/09/26 22:22:07.316, 19033
2026/09/26 22:22:07.816, 19033
2026/09/26 22:22:08.317, 19033
2026/09/26 22:22:08.817, 19033
2026/09/26 22:22:09.317, 19033
2026/09/26 22:22:09.817, 19033
2026/09/26 22:22:10.317, 19033
2026/09/26 22:22:10.817, 19033
2026/09/26 22:22:11.318, 19033
2026/09/26 22:22:11.818, 19033
2026/09/26 22:22:12.318, 19033
2026/09/26 22:22:12.818, 19033
2026/09/26 22:22:13.318, 19033
2026/09/26 22:22:13.818, 19033
2026/09/26 22:22:14.319, 19033
2026/09/26 22:22:14.819, 19033
2026/09/26 22:22:15.319, 19033
2026/09/26 22:22:15.819, 19033
2026/09/26 22:22:16.319, 19033
2026/09/26 22:22:16.819, 19033
2026/09/26 22:22:17.320, 19033
2026/09/26 22:22:17.820, 19033
2026/09/26 22:22:18.320, 19033
2026/09/26 22:22:18.820, 19033
2026/09/26 22:22:19.320, 19033
2026/09/26 22:22:19.820, 19033
2026/09/26 22:22:20.321, 19033
2026/09/26 22:22:20.821, 19033
2026/09/26 22:22:21.321, 19033
2026/09/26 22:22:21.821, 19033
2026/09/26 22:22:22.321, 19033
2026/09/26 22:22:22.821, 19033
2026/09/26 22:22:23.321, 19033
2026/09/26 22:22:23.822, 19033
2026/09/26 22:22:24.322, 19033
2026/09/26 22:22:24.822, 19033
2026/09/26 22:22:25.322, 19033
2026/09/26 22:22:25.822, 19033
2026/09/26 22:22:26.322, 19033
2026/09/26 22:22:26.822, 19033
2026/09/26 22:22:27.323, 19033
2026/09/26 22:22:27.823, 19033
2026/09/26 22:22:28.323, 19033
2026/09/26 22:22:28.823, 19033
2026/09/26 22:22:29.323, 19033
2026/09/26 22:22:29.823, 19033
2026/09/26 22:22:30.323, 19033
2026/09/26 22:22:30.824, 19033
2026/09/26 22:22:31.324, 19033
2026/09/26 22:22:31.824, 19033
2026/09/26 22:22:32.324, 19033
2026/09/26 22:22:32.824, 19033
2026/09/26 22:22:33.325, 19033
2026/09/26 22:22:33.825, 19033
2026/09/26 22:22:34.325, 19033
2026/09/26 22:22:34.825, 19033
2026/09/26 22:22:35.325, 19033
2026/09/26 22:22:35.825, 19033
2026/09/26 22:22:36.325, 19033
2026/09/26 22:22:36.826, 19033
2026/09/26 22:22:37.326, 19033
2026/09/26 22:22:37.826, 19033
2026/09/26 22:22:38.326, 19033
2026/09/26 22:22:38.826, 19033
2026/09/26 22:22:39.326, 19033
2026/09/26 22:22:39.826, 19033
2026/09/26 22:22:40.327, 19033
2026/09/26 22:22:40.827, 19033
2026/09/26 22:22:41.327, 19033
2026/09/26 22:22:41.827, 19033
2026/09/26 22:22:42.358, 19033
2026/09/26 22:22:42.859, 19033
2026/09/26 22:22:43.359, 19033
2026/09/26 22:22:43.859, 19033
2026/09/26 22:22:44.359, 19033
2026/09/26 22:22:44.859, 19033
2026/09/26 22:22:45.359, 19033
2026/09/26 22:22:45.860, 19033
2026/09/26 22:22:46.360, 19033
2026/09/26 22:22:46.860, 19033
2026/09/26 22:22:47.360, 19033
2026/09/26 22:22:47.860, 19033
2026/09/26 22:22:48.360, 19033
2026/09/26 22:22:48.861, 19033
2026/09/26 22:22:49.361, 19033
2026/09/26 22:22:49.861, 19033
2026/09/26 22:22:50.361, 19033
2026/09/26 22:22:50.861, 19033
2026/09/26 22:22:51.361, 19033
2026/09/26 22:22:51.861, 19033
2026/09/26 22:22:52.362, 19033
2026/09/26 22:22:52.862, 19033
2026/09/26 22:22:53.362, 19033
2026/09/26 22:22:53.862, 19033
2026/09/26 22:22:54.362, 19033
2026/09/26 22:22:54.862, 19033
2026/09/26 22:22:55.363, 19033
2026/09/26 22:22:55.863, 19033
2026/09/26 22:22:56.363, 19033
2026/09/26 22:22:56.863, 19033
2026/09/26 22:22:57.363, 19033
2026/09/26 22:22:57.863, 19033
2026/09/26 22:22:58.363, 19033
2026/09/26 22:22:58.864, 19033
2026/09/26 22:22:59.364, 19033
2026/09/26 22:22:59.864, 19033
2026/09/26 22:23:00.364, 19033
2026/09/26 22:23:00.864, 19033
2026/09/26 22:23:01.364, 19033
2026/09/26 22:23:01.864, 19033
2026/09/26 22:23:02.365, 19033
2026/09/26 22:23:02.865, 19033
2026/09/26 22:23:03.365, 19033
2026/09/26 22:23:03.865, 19033
2026/09/26 22:23:04.365, 19033
2026/09/26 22:23:04.865, 19033
2026/09/26 22:23:05.365, 19033
2026/09/26 22:23:05.866, 19033
2026/09/26 22:23:06.366, 19033
2026/09/26 22:23:06.866, 19033
2026/09/26 22:23:07.366, 19033
2026/09/26 22:23:07.866, 19033
2026/09/26 22:23:08.366, 19033
2026/09/26 22:23:08.867, 19033
2026/09/26 22:23:09.367, 19033
2026/09/26 22:23:09.867, 19033
2026/09/26 22:23:10.367, 19033
2026/09/26 22:23:10.867, 19033
2026/09/26 22:23:11.367, 19033
2026/09/26 22:23:11.867, 19033
2026/09/26 22:23:12.368, 19033
2026/09/26 22:23:12.868, 19033
2026/09/26 22:23:13.368, 19033
2026/09/26 22:23:13.868, 19033
2026/09/26 22:23:14.368, 19033
2026/09/26 22:23:14.868, 19033
2026/09/26 22:23:15.368, 19033
2026/09/26 22:23:15.869, 19033
2026/09/26 22:23:16.369, 19033
2026/09/26 22:23:16.869, 19033
2026/09/26 22:23:17.369, 19033
2026/09/26 22:23:17.869, 19033
2026/09/26 22:23:18.369, 19033
2026/09/26 22:23:18.869, 19033
2026/09/26 22:23:19.370, 19033
2026/09/26 22:23:19.870, 19033
2026/09/26 22:23:20.370, 19033
2026/09/26 22:23:20.870, 19033
2026/09/26 22:23:21.370, 19033
2026/09/26 22:23:21.870, 19033
2026/09/26 22:23:22.371, 19033
2026/09/26 22:23:22.871, 19033
2026/09/26 22:23:23.371, 19033
2026/09/26 22:23:23.871, 19033
2026/09/26 22:23:24.372, 19033
2026/09/26 22:23:24.872, 19033
2026/09/26 22:23:25.372, 19033
2026/09/26 22:23:25.872, 19033
2026/09/26 22:23:26.372, 19033
2026/09/26 22:23:26.872, 19033
2026/09/26 22:23:27.373, 19033
2026/09/26 22:23:27.873, 19033
2026/09/26 22:23:28.373, 19033
2026/09/26 22:23:28.873, 19033
2026/09/26 22:23:29.373, 19033
2026/09/26 22:23:29.873, 19033
2026/09/26 22:23:30.374, 19033
2026/09/26 22:23:30.874, 19033
2026/09/26 22:23:31.374, 19033
2026/09/26 22:23:31.874, 19033
2026/09/26 22:23:32.374, 19033
2026/09/26 22:23:32.874, 19033
2026/09/26 22:23:33.374, 19033
2026/09/26 22:23:33.875, 19033
2026/09/26 22:23:34.375, 19033
2026/09/26 22:23:34.875, 19033
2026/09/26 22:23:35.375, 19033
2026/09/26 22:23:35.875, 19033
2026/09/26 22:23:36.375, 19033
2026/09/26 22:23:36.875, 19033
2026/09/26 22:23:37.376, 19033
2026/09/26 22:23:37.876, 19033
2026/09/26 22:23:38.376, 19033
2026/09/26 22:23:38.876, 19033
2026/09/26 22:23:39.376, 19033
2026/09/26 22:23:39.876, 19033
2026/09/26 22:23:40.376, 19033
2026/09/26 22:23:40.877, 19033
2026/09/26 22:23:41.377, 19033
2026/09/26 22:23:41.877, 19033
2026/09/26 22:23:42.377, 19033
2026/09/26 22:23:42.877, 19033
2026/09/26 22:23:43.377, 19033
2026/09/26 22:23:43.878, 19033
2026/09/26 22:23:44.378, 19033
2026/09/26 22:23:44.878, 19033
2026/09/26 22:23:45.378, 19033
2026/09/26 22:23:45.878, 19033
2026/09/26 22:23:46.378, 19033
2026/09/26 22:23:46.878, 19033
2026/09/26 22:23:47.379, 19033
2026/09/26 22:23:47.879, 19033
2026/09/26 22:23:48.379, 19033
2026/09/26 22:23:48.879, 19033
2026/09/26 22:23:49.379, 19033
2026/09/26 22:23:49.879, 19033
2026/09/26 22:23:50.379, 19033
2026/09/26 22:23:50.880, 19033
2026/09/26 22:23:51.380, 19033
2026/09/26 22:23:51.880, 19033
2026/09/26 22:23:52.380, 19033
2026/09/26 22:23:52.880, 19033
2026/09/26 22:23:53.380, 19033
2026/09/26 22:23:53.880, 19033
2026/09/26 22:23:54.381, 19033
2026/09/26 22:23:54.881, 19033
2026/09/26 22:23:55.381, 19033
2026/09/26 22:23:55.881, 19033
2026/09/26 22:23:56.381, 19033
2026/09/26 22:23:56.881, 19033
2026/09/26 22:23:57.382, 19033
2026/09/26 22:23:57.882, 19033
2026/09/26 22:23:58.382, 19033
2026/09/26 22:23:58.882, 19033
2026/09/26 22:23:59.382, 19033
2026/09/26 22:23:59.882, 19033
2026/09/26 22:24:00.383, 19033
2026/09/26 22:24:00.883, 19033
2026/09/26 22:24:01.383, 19033
2026/09/26 22:24:01.883, 19033
2026/09/26 22:24:02.383, 19033
2026/09/26 22:24:02.883, 19033
2026/09/26 22:24:03.383, 19033
2026/09/26 22:24:03.884, 19033
2026/09/26 22:24:04.384, 19033
2026/09/26 22:24:04.884, 19033
2026/09/26 22:24:05.384, 19033
2026/09/26 22:24:05.884, 19033
2026/09/26 22:24:06.384, 19033
2026/09/26 22:24:06.884, 19033
2026/09/26 22:24:07.385, 19033
2026/09/26 22:24:07.885, 19033
2026/09/26 22:24:08.385, 19033
2026/09/26 22:24:08.885, 19033
2026/09/26 22:24:09.385, 19033
2026/09/26 22:24:09.885, 19033
2026/09/26 22:24:10.386, 19033
2026/09/26 22:24:10.886, 19033
2026/09/26 22:24:11.386, 19033
2026/09/26 22:24:11.886, 19033
2026/09/26 22:24:12.387, 19033
2026/09/26 22:24:12.887, 19033
2026/09/26 22:24:13.387, 19033
2026/09/26 22:24:13.887, 19033
2026/09/26 22:24:14.387, 19033
2026/09/26 22:24:14.887, 19033
2026/09/26 22:24:15.387, 19033
2026/09/26 22:24:15.888, 19033
2026/09/26 22:24:16.388, 19033
2026/09/26 22:24:16.888, 19033
2026/09/26 22:24:17.388, 19033
2026/09/26 22:24:17.888, 19033
2026/09/26 22:24:18.388, 19033
2026/09/26 22:24:18.889, 19033
2026/09/26 22:24:19.389, 19033
2026/09/26 22:24:19.889, 19033
2026/09/26 22:24:20.389, 19033
2026/09/26 22:24:20.889, 19033
2026/09/26 22:24:21.389, 19033
2026/09/26 22:24:21.890, 19033
2026/09/26 22:24:22.390, 19033
2026/09/26 22:24:22.890, 19033
2026/09/26 22:24:23.390, 19033
2026/09/26 22:24:23.890, 19033
2026/09/26 22:24:24.390, 19033
2026/09/26 22:24:24.890, 19033
2026/09/26 22:24:25.391, 19033
2026/09/26 22:24:25.891, 19033
2026/09/26 22:24:26.391, 19033
2026/09/26 22:24:26.891, 19033
2026/09/26 22:24:27.391, 19033
2026/09/26 22:24:27.891, 19033
2026/09/26 22:24:28.391, 19033
2026/09/26 22:24:28.892, 19033
2026/09/26 22:24:29.392, 19033
2026/09/26 22:24:29.892, 19033
2026/09/26 22:24:30.392, 19033
2026/09/26 22:24:30.892, 19033
2026/09/26 22:24:31.392, 19033
2026/09/26 22:24:31.905, 19033
2026/09/26 22:24:32.405, 19033
2026/09/26 22:24:32.905, 19033
2026/09/26 22:24:33.405, 19033
2026/09/26 22:24:33.905, 19033
2026/09/26 22:24:34.406, 19033
2026/09/26 22:24:34.906, 19033
2026/09/26 22:24:35.406, 19033
2026/09/26 22:24:35.906, 19033
2026/09/26 22:24:36.406, 19033
2026/09/26 22:24:36.906, 19033
2026/09/26 22:24:37.407, 19033
2026/09/26 22:24:37.907, 19033
2026/09/26 22:24:38.407, 19033
2026/09/26 22:24:38.907, 19033
2026/09/26 22:24:39.407, 19033
2026/09/26 22:24:39.907, 19033
2026/09/26 22:24:40.407, 19033
2026/09/26 22:24:40.908, 19033
2026/09/26 22:24:41.408, 19033
2026/09/26 22:24:41.908, 19033
2026/09/26 22:24:42.408, 19033
2026/09/26 22:24:42.908, 19033
2026/09/26 22:24:43.408, 19033
2026/09/26 22:24:43.909, 19033
2026/09/26 22:24:44.409, 19033
2026/09/26 22:24:44.909, 19033
2026/09/26 22:24:45.409, 19033
2026/09/26 22:24:45.909, 19033
2026/09/26 22:24:46.409, 19033
2026/09/26 22:24:46.909, 19033
2026/09/26 22:24:47.409, 19033
2026/09/26 22:24:47.910, 19033
2026/09/26 22:24:48.410, 19033
2026/09/26 22:24:48.910, 19033
2026/09/26 22:24:49.410, 19033
2026/09/26 22:24:49.910, 19033
2026/09/26 22:24:50.410, 19033
2026/09/26 22:24:50.911, 19033
2026/09/26 22:24:51.411, 19033
2026/09/26 22:24:51.911, 19033
2026/09/26 22:24:52.411, 19033
2026/09/26 22:24:52.911, 19033
2026/09/26 22:24:53.411, 19033
2026/09/26 22:24:53.911, 19033
2026/09/26 22:24:54.412, 19033
2026/09/26 22:24:54.912, 19033
2026/09/26 22:24:55.412, 19033
2026/09/26 22:24:55.912, 19033
2026/09/26 22:24:56.412, 19033
2026/09/26 22:24:56.912, 19033
2026/09/26 22:24:57.413, 19033
2026/09/26 22:24:57.913, 19033
2026/09/26 22:24:58.413, 19033
2026/09/26 22:24:58.913, 19033
2026/09/26 22:24:59.413, 19033
2026/09/26 22:24:59.913, 19033
2026/09/26 22:25:00.414, 19033
2026/09/26 22:25:00.914, 19033
2026/09/26 22:25:01.414, 19033
2026/09/26 22:25:01.914, 19033
2026/09/26 22:25:02.414, 19033
2026/09/26 22:25:02.914, 19033
2026/09/26 22:25:03.414, 19033
2026/09/26 22:25:03.915, 19033
2026/09/26 22:25:04.415, 19033
2026/09/26 22:25:04.915, 19033
2026/09/26 22:25:05.415, 19033
2026/09/26 22:25:05.915, 19033
2026/09/26 22:25:06.415, 19033
2026/09/26 22:25:06.916, 19033
2026/09/26 22:25:07.416, 19033
2026/09/26 22:25:07.916, 19033
2026/09/26 22:25:08.416, 19033
2026/09/26 22:25:08.916, 19033
2026/09/26 22:25:09.416, 19033
2026/09/26 22:25:09.916, 19033
2026/09/26 22:25:10.417, 19033
2026/09/26 22:25:10.917, 19033
2026/09/26 22:25:11.417, 19033
2026/09/26 22:25:11.917, 19033
2026/09/26 22:25:12.417, 19033
2026/09/26 22:25:12.917, 19033
2026/09/26 22:25:13.418, 19033
2026/09/26 22:25:13.918, 19033
2026/09/26 22:25:14.418, 19033
2026/09/26 22:25:14.918, 19033
2026/09/26 22:25:15.418, 19033
2026/09/26 22:25:15.918, 19033
2026/09/26 22:25:16.418, 19033
2026/09/26 22:25:16.919, 19033
2026/09/26 22:25:17.419, 19033
2026/09/26 22:25:17.919, 19033
2026/09/26 22:25:18.419, 19033
2026/09/26 22:25:18.919, 19033
2026/09/26 22:25:19.419, 19033
2026/09/26 22:25:19.919, 19033
2026/09/26 22:25:20.419, 19033
2026/09/26 22:25:20.920, 19033
2026/09/26 22:25:21.420, 19033
2026/09/26 22:25:21.920, 19033
2026/09/26 22:25:22.420, 19033
2026/09/26 22:25:22.920, 19033
2026/09/26 22:25:23.420, 19033
2026/09/26 22:25:23.920, 19033
2026/09/26 22:25:24.421, 19033
2026/09/26 22:25:24.921, 19033
2026/09/26 22:25:25.421, 19033
2026/09/26 22:25:25.921, 19033
2026/09/26 22:25:26.421, 19033
2026/09/26 22:25:26.921, 19033
2026/09/26 22:25:27.421, 19033
2026/09/26 22:25:27.922, 19033
2026/09/26 22:25:28.422, 19033
2026/09/26 22:25:28.922, 19033
2026/09/26 22:25:29.422, 19033
2026/09/26 22:25:29.922, 19033
2026/09/26 22:25:30.422, 19033
2026/09/26 22:25:30.922, 19033
2026/09/26 22:25:31.423, 19033
2026/09/26 22:25:31.923, 19033
2026/09/26 22:25:32.423, 19033
2026/09/26 22:25:32.923, 19033
2026/09/26 22:25:33.423, 19033
2026/09/26 22:25:33.923, 19033
2026/09/26 22:25:34.423, 19033
2026/09/26 22:25:34.923, 19033
2026/09/26 22:25:35.423, 19033
2026/09/26 22:25:35.924, 19033
2026/09/26 22:25:36.424, 19033
2026/09/26 22:25:36.924, 19033
2026/09/26 22:25:37.424, 19033
2026/09/26 22:25:37.924, 19033
2026/09/26 22:25:38.424, 19033
2026/09/26 22:25:38.924, 19033
2026/09/26 22:25:39.424, 19033
2026/09/26 22:25:39.924, 19033
2026/09/26 22:25:40.425, 19033
2026/09/26 22:25:40.925, 19033
2026/09/26 22:25:41.425, 19033
2026/09/26 22:25:41.925, 19033
2026/09/26 22:25:42.425, 19033
2026/09/26 22:25:42.925, 19033
2026/09/26 22:25:43.425, 19033
2026/09/26 22:25:43.925, 19033
2026/09/26 22:25:44.425, 19033
2026/09/26 22:25:44.926, 19033
2026/09/26 22:25:45.426, 19033
2026/09/26 22:25:45.926, 19033
2026/09/26 22:25:46.426, 19033
2026/09/26 22:25:46.926, 19033
2026/09/26 22:25:47.426, 19033
2026/09/26 22:25:47.926, 19033
2026/09/26 22:25:48.427, 19033
2026/09/26 22:25:48.927, 19033
2026/09/26 22:25:49.427, 19033
2026/09/26 22:25:49.927, 19033
2026/09/26 22:25:50.427, 19033
2026/09/26 22:25:50.927, 19033
2026/09/26 22:25:51.427, 19033
2026/09/26 22:25:51.928, 19033
2026/09/26 22:25:52.428, 19033
2026/09/26 22:25:52.928, 19033
2026/09/26 22:25:53.428, 19033
2026/09/26 22:25:53.928, 19033
2026/09/26 22:25:54.428, 19033
2026/09/26 22:25:54.929, 19033
2026/09/26 22:25:55.429, 19033
2026/09/26 22:25:55.929, 19033
2026/09/26 22:25:56.429, 19033
2026/09/26 22:25:56.929, 19033
2026/09/26 22:25:57.429, 19033
2026/09/26 22:25:57.930, 19033
2026/09/26 22:25:58.430, 19033
2026/09/26 22:25:58.930, 19033
2026/09/26 22:25:59.430, 19033
2026/09/26 22:25:59.930, 19033
2026/09/26 22:26:00.430, 19033
2026/09/26 22:26:00.931, 19033
2026/09/26 22:26:01.431, 19033
2026/09/26 22:26:01.931, 19033
2026/09/26 22:26:02.431, 19033
2026/09/26 22:26:02.931, 19033
2026/09/26 22:26:03.431, 19033
2026/09/26 22:26:03.932, 19033
2026/09/26 22:26:04.432, 19033
2026/09/26 22:26:04.932, 19033
2026/09/26 22:26:05.432, 19033
2026/09/26 22:26:05.932, 19033
2026/09/26 22:26:06.433, 19033
2026/09/26 22:26:06.933, 19033
2026/09/26 22:26:07.433, 19033
2026/09/26 22:26:07.933, 19033
2026/09/26 22:26:08.433, 19033
2026/09/26 22:26:08.933, 19033
2026/09/26 22:26:09.434, 19033
2026/09/26 22:26:09.934, 19033
2026/09/26 22:26:10.434, 19033
2026/09/26 22:26:10.934, 19033
2026/09/26 22:26:11.434, 19033
2026/09/26 22:26:11.934, 19033
2026/09/26 22:26:12.435, 19033
2026/09/26 22:26:12.935, 19033
2026/09/26 22:26:13.435, 19033
2026/09/26 22:26:13.935, 19033
2026/09/26 22:26:14.435, 19033
2026/09/26 22:26:14.935, 19033
2026/09/26 22:26:15.435, 19033
2026/09/26 22:26:15.935, 19033
2026/09/26 22:26:16.436, 19033
2026/09/26 22:26:16.936, 19033
2026/09/26 22:26:17.436, 19033
2026/09/26 22:26:17.936, 19033
2026/09/26 22:26:18.436, 19033
2026/09/26 22:26:18.936, 19033
2026/09/26 22:26:19.436, 19033
2026/09/26 22:26:19.937, 19033
2026/09/26 22:26:20.437, 19033
2026/09/26 22:26:20.937, 19033
2026/09/26 22:26:21.437, 19033
2026/09/26 22:26:21.937, 19033
2026/09/26 22:26:22.437, 19033
2026/09/26 22:26:22.937, 19033
2026/09/26 22:26:23.438, 19033
2026/09/26 22:26:23.938, 19033
2026/09/26 22:26:24.438, 19033
2026/09/26 22:26:24.938, 19033
2026/09/26 22:26:25.438, 19033
2026/09/26 22:26:25.938, 19033
2026/09/26 22:26:26.439, 19033
2026/09/26 22:26:26.939, 19033
2026/09/26 22:26:27.439, 19033
2026/09/26 22:26:27.939, 19033
2026/09/26 22:26:28.439, 19033
2026/09/26 22:26:28.939, 19033
2026/09/26 22:26:29.439, 19033
2026/09/26 22:26:29.940, 19033
2026/09/26 22:26:30.440, 19033
2026/09/26 22:26:30.940, 19033
2026/09/26 22:26:31.440, 19033
2026/09/26 22:26:31.940, 19033
2026/09/26 22:26:32.440, 19033
2026/09/26 22:26:32.941, 19033
2026/09/26 22:26:33.441, 19033
2026/09/26 22:26:33.941, 19033
2026/09/26 22:26:34.441, 19033
2026/09/26 22:26:34.941, 19033
2026/09/26 22:26:35.441, 19033
2026/09/26 22:26:35.942, 19033
2026/09/26 22:26:36.442, 19033
2026/09/26 22:26:36.942, 19033
2026/09/26 22:26:37.442, 19033
2026/09/26 22:26:37.942, 19033
2026/09/26 22:26:38.442, 19033
2026/09/26 22:26:38.942, 19033
2026/09/26 22:26:39.443, 19033
2026/09/26 22:26:39.943, 19033
2026/09/26 22:26:40.443, 19033
2026/09/26 22:26:40.943, 19033
2026/09/26 22:26:41.443, 19033
2026/09/26 22:26:41.943, 19033
2026/09/26 22:26:42.444, 19033
2026/09/26 22:26:42.944, 19033
2026/09/26 22:26:43.444, 19033
2026/09/26 22:26:43.944, 19033
2026/09/26 22:26:44.444, 19033
2026/09/26 22:26:44.945, 19033
2026/09/26 22:26:45.445, 19033
2026/09/26 22:26:45.945, 19033
2026/09/26 22:26:46.445, 19033
2026/09/26 22:26:46.945, 19033
2026/09/26 22:26:47.445, 19033
2026/09/26 22:26:47.946, 19033
2026/09/26 22:26:48.446, 19033
2026/09/26 22:26:48.946, 19033
2026/09/26 22:26:49.446, 19033
2026/09/26 22:26:49.946, 19033
2026/09/26 22:26:50.446, 19033
2026/09/26 22:26:50.947, 19033
2026/09/26 22:26:51.447, 19033
2026/09/26 22:26:51.947, 19033
2026/09/26 22:26:52.447, 19033
2026/09/26 22:26:52.947, 19033
2026/09/26 22:26:53.447, 19033
2026/09/26 22:26:53.947, 19033
2026/09/26 22:26:54.448, 19033
2026/09/26 22:26:54.948, 19033
2026/09/26 22:26:55.448, 19033
2026/09/26 22:26:55.948, 19033
2026/09/26 22:26:56.448, 19033
2026/09/26 22:26:56.948, 19033
2026/09/26 22:26:57.448, 19033
2026/09/26 22:26:57.948, 19033
2026/09/26 22:26:58.449, 19033
2026/09/26 22:26:58.949, 19033
2026/09/26 22:26:59.449, 19033
2026/09/26 22:26:59.949, 19033
2026/09/26 22:27:00.449, 19033
2026/09/26 22:27:00.949, 19033
2026/09/26 22:27:01.450, 19033
2026/09/26 22:27:01.950, 19033
2026/09/26 22:27:02.450, 19033
2026/09/26 22:27:02.950, 19033
2026/09/26 22:27:03.450, 19033
2026/09/26 22:27:03.951, 19033
2026/09/26 22:27:04.451, 19033
2026/09/26 22:27:04.951, 19033
2026/09/26 22:27:05.451, 19033
2026/09/26 22:27:05.951, 19033
2026/09/26 22:27:06.451, 19033
2026/09/26 22:27:06.952, 19033
2026/09/26 22:27:07.452, 19033
2026/09/26 22:27:07.952, 19033
2026/09/26 22:27:08.452, 19033
2026/09/26 22:27:08.952, 19033
2026/09/26 22:27:09.452, 19033
2026/09/26 22:27:09.952, 19033
2026/09/26 22:27:10.453, 19033
2026/09/26 22:27:10.953, 19033
2026/09/26 22:27:11.453, 19033
2026/09/26 22:27:11.953, 19033
2026/09/26 22:27:12.453, 19033
2026/09/26 22:27:12.953, 19033
2026/09/26 22:27:13.453, 19033
2026/09/26 22:27:13.954, 19033
2026/09/26 22:27:14.454, 19033
2026/09/26 22:27:14.954, 19033
2026/09/26 22:27:15.454, 19033
2026/09/26 22:27:15.954, 19033
2026/09/26 22:27:16.454, 19033
2026/09/26 22:27:16.954, 19033
2026/09/26 22:27:17.455, 19033
2026/09/26 22:27:17.955, 19033
2026/09/26 22:27:18.455, 19033
2026/09/26 22:27:18.955, 19033
2026/09/26 22:27:19.455, 19033
2026/09/26 22:27:19.955, 19033
2026/09/26 22:27:20.456, 19033
2026/09/26 22:27:20.956, 19033
2026/09/26 22:27:21.456, 19033
2026/09/26 22:27:21.956, 19033
2026/09/26 22:27:22.456, 19033
2026/09/26 22:27:22.956, 19033
2026/09/26 22:27:23.456, 19033
2026/09/26 22:27:23.957, 19033
2026/09/26 22:27:24.457, 19033
2026/09/26 22:27:24.957, 19033
2026/09/26 22:27:25.457, 19033
2026/09/26 22:27:25.957, 19033
2026/09/26 22:27:26.457, 19033
2026/09/26 22:27:26.957, 19033
2026/09/26 22:27:27.458, 19033
2026/09/26 22:27:27.958, 19033
2026/09/26 22:27:28.458, 19033
2026/09/26 22:27:28.958, 19033
2026/09/26 22:27:29.458, 19033
2026/09/26 22:27:29.958, 19033
2026/09/26 22:27:30.458, 19033
2026/09/26 22:27:30.959, 19033
2026/09/26 22:27:31.459, 19033
2026/09/26 22:27:31.959, 19033
2026/09/26 22:27:32.459, 19033
2026/09/26 22:27:32.959, 19033
2026/09/26 22:27:33.459, 19033
2026/09/26 22:27:33.959, 19033
2026/09/26 22:27:34.460, 19033
2026/09/26 22:27:34.960, 19033
2026/09/26 22:27:35.460, 19033
2026/09/26 22:27:35.960, 19033
2026/09/26 22:27:36.460, 19033
2026/09/26 22:27:36.960, 19033
2026/09/26 22:27:37.460, 19033
2026/09/26 22:27:37.961, 19033
2026/09/26 22:27:38.461, 19033
2026/09/26 22:27:38.961, 19033
2026/09/26 22:27:39.461, 19033
2026/09/26 22:27:39.961, 19033
2026/09/26 22:27:40.461, 19033
2026/09/26 22:27:40.962, 19033
2026/09/26 22:27:41.462, 19033
2026/09/26 22:27:41.962, 19033
2026/09/26 22:27:42.462, 19033
2026/09/26 22:27:42.962, 19033
2026/09/26 22:27:43.462, 19033
2026/09/26 22:27:43.963, 19033
2026/09/26 22:27:44.463, 19033
2026/09/26 22:27:44.963, 19033
2026/09/26 22:27:45.463, 19033
2026/09/26 22:27:45.963, 19033
2026/09/26 22:27:46.463, 19033
2026/09/26 22:27:46.963, 19033
2026/09/26 22:27:47.464, 19033
2026/09/26 22:27:47.964, 19033
2026/09/26 22:27:48.464, 19033
2026/09/26 22:27:48.964, 19033
2026/09/26 22:27:49.464, 19033
2026/09/26 22:27:49.964, 19033
2026/09/26 22:27:50.465, 19033
2026/09/26 22:27:50.965, 19033
2026/09/26 22:27:51.465, 19033
2026/09/26 22:27:51.965, 19033
2026/09/26 22:27:52.465, 19033
2026/09/26 22:27:52.965, 19033
2026/09/26 22:27:53.466, 19033
2026/09/26 22:27:53.966, 19033
2026/09/26 22:27:54.466, 19033
2026/09/26 22:27:54.966, 19033
2026/09/26 22:27:55.466, 19033
2026/09/26 22:27:55.966, 19033
2026/09/26 22:27:56.467, 19033
2026/09/26 22:27:56.967, 19033
2026/09/26 22:27:57.467, 19033
2026/09/26 22:27:57.967, 19033
2026/09/26 22:27:58.467, 19033
2026/09/26 22:27:58.967, 19033
2026/09/26 22:27:59.467, 19033
2026/09/26 22:27:59.968, 19033
2026/09/26 22:28:00.468, 19033
2026/09/26 22:28:00.968, 19033
2026/09/26 22:28:01.468, 19033
2026/09/26 22:28:01.968, 19033
2026/09/26 22:28:02.505, 19033
2026/09/26 22:28:03.005, 19033
2026/09/26 22:28:03.506, 19033
2026/09/26 22:28:04.006, 19033
2026/09/26 22:28:04.506, 19033
2026/09/26 22:28:05.006, 19033
2026/09/26 22:28:05.506, 19033
2026/09/26 22:28:06.006, 19033
2026/09/26 22:28:06.507, 19033
2026/09/26 22:28:07.007, 19033
2026/09/26 22:28:07.507, 19033
2026/09/26 22:28:08.007, 19033
2026/09/26 22:28:08.507, 19033
2026/09/26 22:28:09.007, 19033
2026/09/26 22:28:09.508, 19033
2026/09/26 22:28:10.008, 19033
2026/09/26 22:28:10.508, 19033
2026/09/26 22:28:11.008, 19033
2026/09/26 22:28:11.508, 19033
2026/09/26 22:28:12.008, 19033
2026/09/26 22:28:12.508, 19033
2026/09/26 22:28:13.009, 19033
2026/09/26 22:28:13.509, 19033
2026/09/26 22:28:14.009, 19033
2026/09/26 22:28:14.509, 19033
2026/09/26 22:28:15.009, 19033
2026/09/26 22:28:15.509, 19033
2026/09/26 22:28:16.009, 19033
2026/09/26 22:28:16.509, 19033
2026/09/26 22:28:17.010, 19033
2026/09/26 22:28:17.510, 19033
2026/09/26 22:28:18.010, 19033
2026/09/26 22:28:18.510, 19033
2026/09/26 22:28:19.010, 19033
2026/09/26 22:28:19.510, 19033
2026/09/26 22:28:20.010, 19033
2026/09/26 22:28:20.511, 19033
2026/09/26 22:28:21.011, 19033
2026/09/26 22:28:21.511, 19033
2026/09/26 22:28:22.011, 19033
2026/09/26 22:28:22.511, 19033
2026/09/26 22:28:23.011, 19033
2026/09/26 22:28:23.511, 19033
2026/09/26 22:28:24.012, 19033
2026/09/26 22:28:24.512, 19033
2026/09/26 22:28:25.012, 19033
2026/09/26 22:28:25.512, 19033
2026/09/26 22:28:26.012, 19033
2026/09/26 22:28:26.512, 19033
2026/09/26 22:28:27.012, 19033
2026/09/26 22:28:27.513, 19033
2026/09/26 22:28:28.019, 19033
2026/09/26 22:28:28.519, 19033
2026/09/26 22:28:29.020, 19033
2026/09/26 22:28:29.520, 19033
2026/09/26 22:28:30.020, 19033
2026/09/26 22:28:30.520, 19033
2026/09/26 22:28:31.020, 19033
2026/09/26 22:28:31.520, 19033
2026/09/26 22:28:32.021, 19033
2026/09/26 22:28:32.521, 19033
2026/09/26 22:28:33.021, 19033
2026/09/26 22:28:33.521, 19033
2026/09/26 22:28:34.021, 19033
2026/09/26 22:28:34.521, 19033
2026/09/26 22:28:35.022, 19033
2026/09/26 22:28:35.522, 19033
2026/09/26 22:28:36.022, 19033
2026/09/26 22:28:36.522, 19033
2026/09/26 22:28:37.022, 19033
2026/09/26 22:28:37.523, 19033
2026/09/26 22:28:38.023, 19033
2026/09/26 22:28:38.523, 19033
2026/09/26 22:28:39.024, 19033
2026/09/26 22:28:39.524, 19033
2026/09/26 22:28:40.024, 19033
2026/09/26 22:28:40.524, 19033
2026/09/26 22:28:41.024, 19033
2026/09/26 22:28:41.524, 19033
2026/09/26 22:28:42.025, 19033
2026/09/26 22:28:42.525, 19033
2026/09/26 22:28:43.025, 19033
2026/09/26 22:28:43.525, 19033
2026/09/26 22:28:44.025, 19033
2026/09/26 22:28:44.525, 19033
2026/09/26 22:28:45.025, 19033
2026/09/26 22:28:45.526, 19033
2026/09/26 22:28:46.026, 19033
2026/09/26 22:28:46.526, 19033
2026/09/26 22:28:47.026, 19033
2026/09/26 22:28:47.526, 19033
2026/09/26 22:28:48.027, 19033
2026/09/26 22:28:48.527, 19033
2026/09/26 22:28:49.027, 19033
2026/09/26 22:28:49.527, 19033
2026/09/26 22:28:50.027, 19033
2026/09/26 22:28:50.527, 19033
2026/09/26 22:28:51.027, 19033
2026/09/26 22:28:51.527, 19033
2026/09/26 22:28:52.028, 19033
2026/09/26 22:28:52.528, 19033
2026/09/26 22:28:53.028, 19033
2026/09/26 22:28:53.528, 19033
2026/09/26 22:28:54.028, 19033
2026/09/26 22:28:54.528, 19033
2026/09/26 22:28:55.029, 19033
2026/09/26 22:28:55.529, 19033
2026/09/26 22:28:56.029, 19033
2026/09/26 22:28:56.529, 19033
2026/09/26 22:28:57.029, 19033
2026/09/26 22:28:57.529, 19033
2026/09/26 22:28:58.030, 19033
2026/09/26 22:28:58.530, 19033
2026/09/26 22:28:59.030, 19033
2026/09/26 22:28:59.530, 19033
2026/09/26 22:29:00.030, 19033
2026/09/26 22:29:00.530, 19033
2026/09/26 22:29:01.030, 19033
2026/09/26 22:29:01.531, 19033
2026/09/26 22:29:02.031, 19033
2026/09/26 22:29:02.531, 19033
2026/09/26 22:29:03.031, 19033
2026/09/26 22:29:03.531, 19033
2026/09/26 22:29:04.031, 19033
2026/09/26 22:29:04.531, 19033
2026/09/26 22:29:05.032, 19033
2026/09/26 22:29:05.532, 19033
2026/09/26 22:29:06.032, 19033
2026/09/26 22:29:06.532, 19033
2026/09/26 22:29:07.032, 19033
2026/09/26 22:29:07.532, 19033
2026/09/26 22:29:08.032, 19033
2026/09/26 22:29:08.532, 19033
2026/09/26 22:29:09.033, 19033
2026/09/26 22:29:09.533, 19033
2026/09/26 22:29:10.033, 19033
2026/09/26 22:29:10.533, 19033
2026/09/26 22:29:11.033, 19033
2026/09/26 22:29:11.533, 19033
2026/09/26 22:29:12.033, 19033
2026/09/26 22:29:12.533, 19033
2026/09/26 22:29:13.034, 19033
2026/09/26 22:29:13.534, 19033
2026/09/26 22:29:14.034, 19033
2026/09/26 22:29:14.534, 19033
2026/09/26 22:29:15.034, 19033
2026/09/26 22:29:15.534, 19033
2026/09/26 22:29:16.034, 19033
2026/09/26 22:29:16.535, 19033
2026/09/26 22:29:17.035, 19033
2026/09/26 22:29:17.535, 19033
2026/09/26 22:29:18.035, 19033
2026/09/26 22:29:18.535, 19033
2026/09/26 22:29:19.035, 19033
2026/09/26 22:29:19.536, 19033
2026/09/26 22:29:20.036, 19033
2026/09/26 22:29:20.536, 19033
2026/09/26 22:29:21.036, 19033
2026/09/26 22:29:21.536, 19033
2026/09/26 22:29:22.036, 19033
2026/09/26 22:29:22.536, 19033
2026/09/26 22:29:23.037, 19033
2026/09/26 22:29:23.537, 19033
2026/09/26 22:29:24.037, 19033
2026/09/26 22:29:24.537, 19033
2026/09/26 22:29:25.037, 19033
2026/09/26 22:29:25.537, 19033
2026/09/26 22:29:26.037, 19033
2026/09/26 22:29:26.538, 19033
2026/09/26 22:29:27.038, 19033
2026/09/26 22:29:27.538, 19033
2026/09/26 22:29:28.038, 19033
2026/09/26 22:29:28.538, 19033
2026/09/26 22:29:29.039, 19033
2026/09/26 22:29:29.539, 19033
2026/09/26 22:29:30.039, 19033
2026/09/26 22:29:30.539, 19033
2026/09/26 22:29:31.039, 19033
2026/09/26 22:29:31.539, 19033
2026/09/26 22:29:32.040, 19033
2026/09/26 22:29:32.540, 19033
2026/09/26 22:29:33.040, 19033
2026/09/26 22:29:33.540, 19033
2026/09/26 22:29:34.040, 19033
2026/09/26 22:29:34.541, 19033
2026/09/26 22:29:35.041, 19033
2026/09/26 22:29:35.541, 19033
2026/09/26 22:29:36.041, 19033
2026/09/26 22:29:36.541, 19033
2026/09/26 22:29:37.041, 19033
2026/09/26 22:29:37.542, 19033
2026/09/26 22:29:38.042, 19033
2026/09/26 22:29:38.542, 19033
2026/09/26 22:29:39.042, 19033
2026/09/26 22:29:39.542, 19033
2026/09/26 22:29:40.042, 19033
2026/09/26 22:29:40.542, 19033
2026/09/26 22:29:41.043, 19033
2026/09/26 22:29:41.543, 19033
2026/09/26 22:29:42.043, 19033
2026/09/26 22:29:42.543, 19033
2026/09/26 22:29:43.043, 19033
2026/09/26 22:29:43.544, 19033
2026/09/26 22:29:44.044, 19033
2026/09/26 22:29:44.544, 19033
2026/09/26 22:29:45.044, 19033
2026/09/26 22:29:45.544, 19033
2026/09/26 22:29:46.045, 19033
2026/09/26 22:29:46.545, 19033
2026/09/26 22:29:47.045, 19033
2026/09/26 22:29:47.545, 19033
2026/09/26 22:29:48.045, 19033
2026/09/26 22:29:48.545, 19033
2026/09/26 22:29:49.046, 19033
2026/09/26 22:29:49.546, 19033
2026/09/26 22:29:50.046, 19033
2026/09/26 22:29:50.546, 19033
2026/09/26 22:29:51.046, 19033
2026/09/26 22:29:51.546, 19033
2026/09/26 22:29:52.046, 19033
2026/09/26 22:29:52.547, 19033
2026/09/26 22:29:53.047, 19033
2026/09/26 22:29:53.547, 19033
2026/09/26 22:29:54.047, 19033
2026/09/26 22:29:54.547, 19033
2026/09/26 22:29:55.047, 19033
2026/09/26 22:29:55.548, 19033
2026/09/26 22:29:56.048, 19033
2026/09/26 22:29:56.548, 19033
2026/09/26 22:29:57.048, 19033
2026/09/26 22:29:57.548, 19033
2026/09/26 22:29:58.048, 19033
2026/09/26 22:29:58.549, 19033
2026/09/26 22:29:59.049, 19033
2026/09/26 22:29:59.549, 19033
2026/09/26 22:30:00.049, 19033
2026/09/26 22:30:00.549, 19033
2026/09/26 22:30:01.049, 19033
2026/09/26 22:30:01.549, 19033
2026/09/26 22:30:02.050, 19033
2026/09/26 22:30:02.550, 19033
2026/09/26 22:30:03.050, 19033
2026/09/26 22:30:03.550, 19033
2026/09/26 22:30:04.050, 19033
2026/09/26 22:30:04.550, 19033
2026/09/26 22:30:05.051, 19033
2026/09/26 22:30:05.551, 19033
2026/09/26 22:30:06.051, 19033
2026/09/26 22:30:06.551, 19033
2026/09/26 22:30:07.051, 19033
2026/09/26 22:30:07.551, 19033
2026/09/26 22:30:08.051, 19033
2026/09/26 22:30:08.552, 19033
2026/09/26 22:30:09.052, 19033
2026/09/26 22:30:09.552, 19033
2026/09/26 22:30:10.052, 19033
2026/09/26 22:30:10.552, 19033
2026/09/26 22:30:11.052, 19033
2026/09/26 22:30:11.553, 19033
2026/09/26 22:30:12.053, 19033
2026/09/26 22:30:12.553, 19033
2026/09/26 22:30:13.053, 19033
2026/09/26 22:30:13.553, 19033
2026/09/26 22:30:14.053, 19033
2026/09/26 22:30:14.553, 19033
2026/09/26 22:30:15.054, 19033
2026/09/26 22:30:15.554, 19033
2026/09/26 22:30:16.054, 19033
2026/09/26 22:30:16.554, 19033
2026/09/26 22:30:17.054, 19033
2026/09/26 22:30:17.554, 19033
2026/09/26 22:30:18.055, 19033
2026/09/26 22:30:18.555, 19033
2026/09/26 22:30:19.055, 19033
2026/09/26 22:30:19.555, 19033
2026/09/26 22:30:20.055, 19033
2026/09/26 22:30:20.555, 19033
2026/09/26 22:30:21.055, 19033
2026/09/26 22:30:21.556, 19033
2026/09/26 22:30:22.056, 19033
2026/09/26 22:30:22.556, 19033
2026/09/26 22:30:23.056, 19033
2026/09/26 22:30:23.556, 19033
2026/09/26 22:30:24.056, 19033
2026/09/26 22:30:24.556, 19033
2026/09/26 22:30:25.057, 19033
2026/09/26 22:30:25.557, 19033
2026/09/26 22:30:26.057, 19033
2026/09/26 22:30:26.557, 19033
2026/09/26 22:30:27.057, 19033
2026/09/26 22:30:27.557, 19033
2026/09/26 22:30:28.058, 19033
2026/09/26 22:30:28.558, 19033
2026/09/26 22:30:29.058, 19033
2026/09/26 22:30:29.558, 19033
2026/09/26 22:30:30.058, 19033
2026/09/26 22:30:30.558, 19033
2026/09/26 22:30:31.058, 19033
2026/09/26 22:30:31.559, 19033
2026/09/26 22:30:32.059, 19033
2026/09/26 22:30:32.559, 19033
2026/09/26 22:30:33.059, 19033
2026/09/26 22:30:33.559, 19033
2026/09/26 22:30:34.059, 19033
2026/09/26 22:30:34.559, 19033
2026/09/26 22:30:35.060, 19033
2026/09/26 22:30:35.560, 19033
2026/09/26 22:30:36.060, 19033
2026/09/26 22:30:36.560, 19033
2026/09/26 22:30:37.060, 19033
2026/09/26 22:30:37.560, 19033
2026/09/26 22:30:38.060, 19033
2026/09/26 22:30:38.561, 19033
2026/09/26 22:30:39.061, 19033
2026/09/26 22:30:39.561, 19033
2026/09/26 22:30:40.061, 19033
2026/09/26 22:30:40.561, 19033
2026/09/26 22:30:41.061, 19033
2026/09/26 22:30:41.561, 19033
2026/09/26 22:30:42.062, 19033
2026/09/26 22:30:42.562, 19033
2026/09/26 22:30:43.062, 19033
2026/09/26 22:30:43.571, 19033
2026/09/26 22:30:44.071, 19033
2026/09/26 22:30:44.571, 19033
2026/09/26 22:30:45.071, 19033
2026/09/26 22:30:45.571, 19033
2026/09/26 22:30:46.071, 19033
2026/09/26 22:30:46.571, 19033
2026/09/26 22:30:47.072, 19033
2026/09/26 22:30:47.572, 19033
2026/09/26 22:30:48.072, 19033
2026/09/26 22:30:48.572, 19033
2026/09/26 22:30:49.072, 19033
2026/09/26 22:30:49.572, 19033
2026/09/26 22:30:50.072, 19033
2026/09/26 22:30:50.573, 19033
2026/09/26 22:30:51.073, 19033
2026/09/26 22:30:51.573, 19033
2026/09/26 22:30:52.073, 19033
2026/09/26 22:30:52.573, 19033
2026/09/26 22:30:53.073, 19033
2026/09/26 22:30:53.574, 19033
2026/09/26 22:30:54.074, 19033
2026/09/26 22:30:54.574, 19033
2026/09/26 22:30:55.074, 19033
2026/09/26 22:30:55.574, 19033
2026/09/26 22:30:56.074, 19033
2026/09/26 22:30:56.574, 19033
2026/09/26 22:30:57.075, 19033
2026/09/26 22:30:57.575, 19033
2026/09/26 22:30:58.075, 19033
2026/09/26 22:30:58.575, 19033
2026/09/26 22:30:59.075, 19033
2026/09/26 22:30:59.575, 19033
2026/09/26 22:31:00.075, 19033
2026/09/26 22:31:00.576, 19033
2026/09/26 22:31:01.076, 19033
2026/09/26 22:31:01.576, 19033
2026/09/26 22:31:02.076, 19033
2026/09/26 22:31:02.576, 19033
2026/09/26 22:31:03.077, 19033
2026/09/26 22:31:03.577, 19033
2026/09/26 22:31:04.077, 19033
2026/09/26 22:31:04.577, 19033
2026/09/26 22:31:05.077, 19033
2026/09/26 22:31:05.577, 19033
2026/09/26 22:31:06.077, 19033
2026/09/26 22:31:06.578, 19033
2026/09/26 22:31:07.078, 19033
2026/09/26 22:31:07.578, 19033
2026/09/26 22:31:08.078, 19033
2026/09/26 22:31:08.578, 19033
2026/09/26 22:31:09.078, 19033
2026/09/26 22:31:09.578, 19033
2026/09/26 22:31:10.078, 19033
2026/09/26 22:31:10.579, 19033
2026/09/26 22:31:11.079, 19033
2026/09/26 22:31:11.579, 19033
2026/09/26 22:31:12.079, 19033
2026/09/26 22:31:12.579, 19033
2026/09/26 22:31:13.079, 19033
2026/09/26 22:31:13.579, 19033
2026/09/26 22:31:14.079, 19033
2026/09/26 22:31:14.580, 19033
2026/09/26 22:31:15.080, 19033
2026/09/26 22:31:15.580, 19033
2026/09/26 22:31:16.080, 19033
2026/09/26 22:31:16.580, 19033
2026/09/26 22:31:17.080, 19033
2026/09/26 22:31:17.580, 19033
2026/09/26 22:31:18.080, 19033
2026/09/26 22:31:18.581, 19033
2026/09/26 22:31:19.081, 19033
2026/09/26 22:31:19.581, 19033
2026/09/26 22:31:20.081, 19033
2026/09/26 22:31:20.581, 19033
2026/09/26 22:31:21.081, 19033
2026/09/26 22:31:21.581, 19033
2026/09/26 22:31:22.081, 19033
2026/09/26 22:31:22.581, 19033
2026/09/26 22:31:23.082, 19033
2026/09/26 22:31:23.582, 19033
2026/09/26 22:31:24.082, 19033
2026/09/26 22:31:24.582, 19033
2026/09/26 22:31:25.082, 19033
2026/09/26 22:31:25.582, 19033
2026/09/26 22:31:26.082, 19033
2026/09/26 22:31:26.583, 19033
2026/09/26 22:31:27.083, 19033
2026/09/26 22:31:27.583, 19033
2026/09/26 22:31:28.083, 19033
2026/09/26 22:31:28.583, 19033
2026/09/26 22:31:29.083, 19033
2026/09/26 22:31:29.583, 19033
2026/09/26 22:31:30.083, 19033
2026/09/26 22:31:30.584, 19033
2026/09/26 22:31:31.084, 19033
2026/09/26 22:31:31.584, 19033
2026/09/26 22:31:32.084, 19033
2026/09/26 22:31:32.584, 19033
2026/09/26 22:31:33.084, 19033
2026/09/26 22:31:33.585, 19033
2026/09/26 22:31:34.085, 19033
2026/09/26 22:31:34.585, 19033
2026/09/26 22:31:35.085, 19033
2026/09/26 22:31:35.585, 19033
2026/09/26 22:31:36.085, 19033
2026/09/26 22:31:36.585, 19033
2026/09/26 22:31:37.086, 19033
2026/09/26 22:31:37.586, 19033
2026/09/26 22:31:38.086, 19033
2026/09/26 22:31:38.586, 19033
2026/09/26 22:31:39.086, 19033
2026/09/26 22:31:39.586, 19033
2026/09/26 22:31:40.087, 19033
2026/09/26 22:31:40.587, 19033
2026/09/26 22:31:41.087, 19033
2026/09/26 22:31:41.587, 19033
2026/09/26 22:31:42.087, 19033
2026/09/26 22:31:42.587, 19033
2026/09/26 22:31:43.087, 19033
2026/09/26 22:31:43.588, 19033
2026/09/26 22:31:44.088, 19033
2026/09/26 22:31:44.588, 19033
2026/09/26 22:31:45.088, 19033
2026/09/26 22:31:45.588, 19033
2026/09/26 22:31:46.088, 19033
2026/09/26 22:31:46.588, 19033
2026/09/26 22:31:47.089, 19033
2026/09/26 22:31:47.589, 19033
2026/09/26 22:31:48.089, 19033
2026/09/26 22:31:48.589, 19033
2026/09/26 22:31:49.089, 19033
2026/09/26 22:31:49.589, 19033
2026/09/26 22:31:50.090, 19033
2026/09/26 22:31:50.590, 19033
2026/09/26 22:31:51.090, 19033
2026/09/26 22:31:51.590, 19033
2026/09/26 22:31:52.090, 19033
2026/09/26 22:31:52.590, 19033
2026/09/26 22:31:53.090, 19033
2026/09/26 22:31:53.590, 19033
2026/09/26 22:31:54.091, 19033
2026/09/26 22:31:54.591, 19033
2026/09/26 22:31:55.091, 19033
2026/09/26 22:31:55.591, 19033
2026/09/26 22:31:56.091, 19033
2026/09/26 22:31:56.591, 19033
2026/09/26 22:31:57.091, 19033
2026/09/26 22:31:57.591, 19033
2026/09/26 22:31:58.092, 19033
2026/09/26 22:31:58.592, 19033
2026/09/26 22:31:59.092, 19033
2026/09/26 22:31:59.592, 19033
2026/09/26 22:32:00.092, 19033
2026/09/26 22:32:00.592, 19033
2026/09/26 22:32:01.092, 19033
2026/09/26 22:32:01.593, 19033
2026/09/26 22:32:02.093, 19033
2026/09/26 22:32:02.593, 19033
2026/09/26 22:32:03.093, 19033
2026/09/26 22:32:03.593, 19033
2026/09/26 22:32:04.093, 19033
2026/09/26 22:32:04.593, 19033
2026/09/26 22:32:05.093, 19033
2026/09/26 22:32:05.594, 19033
2026/09/26 22:32:06.094, 19033
2026/09/26 22:32:06.594, 19033
2026/09/26 22:32:07.094, 19033
2026/09/26 22:32:07.594, 19033
2026/09/26 22:32:08.094, 19033
2026/09/26 22:32:08.594, 19033
2026/09/26 22:32:09.095, 19033
2026/09/26 22:32:09.595, 19033
2026/09/26 22:32:10.095, 19033
2026/09/26 22:32:10.595, 19033
2026/09/26 22:32:11.095, 19033
2026/09/26 22:32:11.595, 19033
2026/09/26 22:32:12.095, 19033
2026/09/26 22:32:12.596, 19033
2026/09/26 22:32:13.096, 19033
2026/09/26 22:32:13.596, 19033
2026/09/26 22:32:14.096, 19033
2026/09/26 22:32:14.597, 19033
2026/09/26 22:32:15.097, 19033
2026/09/26 22:32:15.597, 19033
2026/09/26 22:32:16.097, 19033
2026/09/26 22:32:16.597, 19033
2026/09/26 22:32:17.097, 19033
2026/09/26 22:32:17.597, 19033
2026/09/26 22:32:18.098, 19033
2026/09/26 22:32:18.598, 19033
2026/09/26 22:32:19.098, 19033
2026/09/26 22:32:19.598, 19033
2026/09/26 22:32:20.098, 19033
2026/09/26 22:32:20.598, 19033
2026/09/26 22:32:21.098, 19033
2026/09/26 22:32:21.598, 19033
2026/09/26 22:32:22.099, 19033
2026/09/26 22:32:22.599, 19033
2026/09/26 22:32:23.099, 19033
2026/09/26 22:32:23.599, 19033
2026/09/26 22:32:24.099, 19033
2026/09/26 22:32:24.599, 19033
2026/09/26 22:32:25.099, 19033
2026/09/26 22:32:25.599, 19033
2026/09/26 22:32:26.100, 19033
2026/09/26 22:32:26.600, 19033
2026/09/26 22:32:27.100, 19033
2026/09/26 22:32:27.600, 19033
2026/09/26 22:32:28.100, 19033
2026/09/26 22:32:28.600, 19033
2026/09/26 22:32:29.100, 19033
2026/09/26 22:32:29.601, 19033
2026/09/26 22:32:30.101, 19033
2026/09/26 22:32:30.601, 19033
2026/09/26 22:32:31.101, 19033
2026/09/26 22:32:31.601, 19033
2026/09/26 22:32:32.101, 19033
2026/09/26 22:32:32.601, 19033
2026/09/26 22:32:33.101, 19033
2026/09/26 22:32:33.602, 19033
2026/09/26 22:32:34.102, 19033
2026/09/26 22:32:34.602, 19033
2026/09/26 22:32:35.102, 19033
2026/09/26 22:32:35.602, 19033
2026/09/26 22:32:36.102, 19033
2026/09/26 22:32:36.602, 19033
2026/09/26 22:32:37.102, 19033
2026/09/26 22:32:37.602, 19033
2026/09/26 22:32:38.103, 19033
2026/09/26 22:32:38.603, 19033
2026/09/26 22:32:39.103, 19033
2026/09/26 22:32:39.603, 19033
2026/09/26 22:32:40.103, 19033
2026/09/26 22:32:40.603, 19033
2026/09/26 22:32:41.103, 19033
2026/09/26 22:32:41.603, 19033
2026/09/26 22:32:42.104, 19033
2026/09/26 22:32:42.604, 19033
2026/09/26 22:32:43.104, 19033
2026/09/26 22:32:43.604, 19033
2026/09/26 22:32:44.104, 19033
2026/09/26 22:32:44.604, 19033
2026/09/26 22:32:45.104, 19033
2026/09/26 22:32:45.604, 19033
2026/09/26 22:32:46.105, 19033
2026/09/26 22:32:46.605, 19033
2026/09/26 22:32:47.105, 19033
2026/09/26 22:32:47.605, 19033
2026/09/26 22:32:48.105, 19033
2026/09/26 22:32:48.605, 19033
2026/09/26 22:32:49.105, 19033
2026/09/26 22:32:49.606, 19033
2026/09/26 22:32:50.106, 19033
2026/09/26 22:32:50.606, 19033
2026/09/26 22:32:51.106, 19033
2026/09/26 22:32:51.606, 19033
2026/09/26 22:32:52.106, 19033
2026/09/26 22:32:52.607, 19033
2026/09/26 22:32:53.107, 19033
2026/09/26 22:32:53.607, 19033
2026/09/26 22:32:54.107, 19033
2026/09/26 22:32:54.607, 19033
2026/09/26 22:32:55.107, 19033
2026/09/26 22:32:55.608, 19033
2026/09/26 22:32:56.108, 19033
2026/09/26 22:32:56.608, 19033
2026/09/26 22:32:57.108, 19033
2026/09/26 22:32:57.608, 19033
2026/09/26 22:32:58.108, 19033
2026/09/26 22:32:58.609, 19033
2026/09/26 22:32:59.109, 19033
2026/09/26 22:32:59.609, 19033
2026/09/26 22:33:00.109, 19033
2026/09/26 22:33:00.609, 19033
2026/09/26 22:33:01.109, 19033
2026/09/26 22:33:01.609, 19033
2026/09/26 22:33:02.110, 19033
2026/09/26 22:33:02.610, 19033
2026/09/26 22:33:03.110, 19033
2026/09/26 22:33:03.610, 19033
2026/09/26 22:33:04.110, 19033
2026/09/26 22:33:04.610, 19033
2026/09/26 22:33:05.110, 19033
2026/09/26 22:33:05.611, 19033
2026/09/26 22:33:06.111, 19033
2026/09/26 22:33:06.611, 19033
2026/09/26 22:33:07.111, 19033
2026/09/26 22:33:07.611, 19033
2026/09/26 22:33:08.111, 19033
2026/09/26 22:33:08.612, 19033
2026/09/26 22:33:09.112, 19033
2026/09/26 22:33:09.612, 19033
2026/09/26 22:33:10.112, 19033
2026/09/26 22:33:10.612, 19033
2026/09/26 22:33:11.113, 19033
2026/09/26 22:33:11.613, 19033
2026/09/26 22:33:12.113, 19033
2026/09/26 22:33:12.613, 19033
2026/09/26 22:33:13.113, 19033
2026/09/26 22:33:13.613, 19033
2026/09/26 22:33:14.114, 19033
2026/09/26 22:33:14.614, 19033
2026/09/26 22:33:15.114, 19033
2026/09/26 22:33:15.614, 19033
2026/09/26 22:33:16.114, 19033
2026/09/26 22:33:16.614, 19033
2026/09/26 22:33:17.115, 19033
2026/09/26 22:33:17.615, 19033
2026/09/26 22:33:18.115, 19033
2026/09/26 22:33:18.615, 19033
2026/09/26 22:33:19.115, 19033
2026/09/26 22:33:19.615, 19033
2026/09/26 22:33:20.115, 19033
2026/09/26 22:33:20.616, 19033
2026/09/26 22:33:21.116, 19033
2026/09/26 22:33:21.616, 19033
2026/09/26 22:33:22.116, 19033
2026/09/26 22:33:22.616, 19033
2026/09/26 22:33:23.116, 19033
2026/09/26 22:33:23.616, 19033
2026/09/26 22:33:24.117, 19033
2026/09/26 22:33:24.617, 19033
2026/09/26 22:33:25.117, 19033
2026/09/26 22:33:25.617, 19033
2026/09/26 22:33:26.117, 19033
2026/09/26 22:33:26.617, 19033
2026/09/26 22:33:27.118, 19033
2026/09/26 22:33:27.618, 19033
2026/09/26 22:33:28.118, 19033
2026/09/26 22:33:28.618, 19033
2026/09/26 22:33:29.118, 19033
2026/09/26 22:33:29.618, 19033
2026/09/26 22:33:30.118, 19033
2026/09/26 22:33:30.618, 19033
2026/09/26 22:33:31.119, 19033
2026/09/26 22:33:31.619, 19033
2026/09/26 22:33:32.119, 19033
2026/09/26 22:33:32.619, 19033
2026/09/26 22:33:33.119, 19033
2026/09/26 22:33:33.619, 19033
2026/09/26 22:33:34.119, 19033
2026/09/26 22:33:34.620, 19033
2026/09/26 22:33:35.120, 19033
2026/09/26 22:33:35.620, 19033
2026/09/26 22:33:36.120, 19033
2026/09/26 22:33:36.620, 19033
2026/09/26 22:33:37.120, 19033
2026/09/26 22:33:37.621, 19033
2026/09/26 22:33:38.121, 19033
2026/09/26 22:33:38.621, 19033
2026/09/26 22:33:39.121, 19033
2026/09/26 22:33:39.621, 19033
2026/09/26 22:33:40.121, 19033
2026/09/26 22:33:40.621, 19033
2026/09/26 22:33:41.140, 19033
2026/09/26 22:33:41.640, 19033
2026/09/26 22:33:42.140, 19033
2026/09/26 22:33:42.640, 19033
2026/09/26 22:33:43.140, 19033
2026/09/26 22:33:43.640, 19033
2026/09/26 22:33:44.141, 19033
2026/09/26 22:33:44.641, 19033
2026/09/26 22:33:45.141, 19033
2026/09/26 22:33:45.641, 19033
2026/09/26 22:33:46.141, 19033
2026/09/26 22:33:46.641, 19033
2026/09/26 22:33:47.141, 19033
2026/09/26 22:33:47.642, 19033
2026/09/26 22:33:48.142, 19033
2026/09/26 22:33:48.642, 19033
2026/09/26 22:33:49.142, 19033
2026/09/26 22:33:49.642, 19033
2026/09/26 22:33:50.142, 19033
2026/09/26 22:33:50.642, 19033
2026/09/26 22:33:51.143, 19033
2026/09/26 22:33:51.643, 19033
2026/09/26 22:33:52.143, 19033
2026/09/26 22:33:52.643, 19033
2026/09/26 22:33:53.143, 19033
2026/09/26 22:33:53.643, 19033
2026/09/26 22:33:54.144, 19033
2026/09/26 22:33:54.644, 19033
2026/09/26 22:33:55.144, 19033
2026/09/26 22:33:55.644, 19033
2026/09/26 22:33:56.144, 19033
2026/09/26 22:33:56.644, 19033
2026/09/26 22:33:57.144, 19033
2026/09/26 22:33:57.644, 19033
2026/09/26 22:33:58.145, 19033
2026/09/26 22:33:58.645, 19033
2026/09/26 22:33:59.145, 19033
2026/09/26 22:33:59.645, 19033
2026/09/26 22:34:00.145, 19033
2026/09/26 22:34:00.645, 19033
2026/09/26 22:34:01.146, 19033
2026/09/26 22:34:01.646, 19033
2026/09/26 22:34:02.146, 19033
2026/09/26 22:34:02.646, 19033
2026/09/26 22:34:03.146, 19033
2026/09/26 22:34:03.646, 19033
2026/09/26 22:34:04.146, 19033
2026/09/26 22:34:04.646, 19033
2026/09/26 22:34:05.147, 19033
2026/09/26 22:34:05.647, 19033
2026/09/26 22:34:06.147, 19033
2026/09/26 22:34:06.647, 19033
2026/09/26 22:34:07.147, 19033
2026/09/26 22:34:07.647, 19033
2026/09/26 22:34:08.147, 19033
2026/09/26 22:34:08.648, 19033
2026/09/26 22:34:09.148, 19033
2026/09/26 22:34:09.648, 19033
2026/09/26 22:34:10.148, 19033
2026/09/26 22:34:10.648, 19033
2026/09/26 22:34:11.148, 19033
2026/09/26 22:34:11.648, 19033
2026/09/26 22:34:12.149, 19033
2026/09/26 22:34:12.649, 19033
2026/09/26 22:34:13.149, 19033
2026/09/26 22:34:13.649, 19033
2026/09/26 22:34:14.149, 19033
2026/09/26 22:34:14.649, 19033
2026/09/26 22:34:15.149, 19033
2026/09/26 22:34:15.650, 19033
2026/09/26 22:34:16.150, 19033
2026/09/26 22:34:16.650, 19033
2026/09/26 22:34:17.150, 19033
2026/09/26 22:34:17.650, 19033
2026/09/26 22:34:18.150, 19033
2026/09/26 22:34:18.650, 19033
2026/09/26 22:34:19.151, 19033
2026/09/26 22:34:19.651, 19033
2026/09/26 22:34:20.151, 19033
2026/09/26 22:34:20.651, 19033
2026/09/26 22:34:21.151, 19033
2026/09/26 22:34:21.652, 19033
2026/09/26 22:34:22.152, 19033
2026/09/26 22:34:22.652, 19033
2026/09/26 22:34:23.152, 19033
2026/09/26 22:34:23.652, 19033
2026/09/26 22:34:24.152, 19033
2026/09/26 22:34:24.652, 19033
2026/09/26 22:34:25.153, 19033
2026/09/26 22:34:25.653, 19033
2026/09/26 22:34:26.153, 19033
2026/09/26 22:34:26.653, 19033
2026/09/26 22:34:27.153, 19033
2026/09/26 22:34:27.653, 19033
2026/09/26 22:34:28.153, 19033
2026/09/26 22:34:28.654, 19033
2026/09/26 22:34:29.154, 19033
2026/09/26 22:34:29.654, 19033
2026/09/26 22:34:30.154, 19033
2026/09/26 22:34:30.654, 19033
2026/09/26 22:34:31.154, 19033
2026/09/26 22:34:31.655, 19033
2026/09/26 22:34:32.155, 19033
2026/09/26 22:34:32.655, 19033
2026/09/26 22:34:33.155, 19033
2026/09/26 22:34:33.655, 19033
2026/09/26 22:34:34.155, 19033
2026/09/26 22:34:34.655, 19033
2026/09/26 22:34:35.156, 19033
2026/09/26 22:34:35.656, 19033
2026/09/26 22:34:36.156, 19033
2026/09/26 22:34:36.656, 19033
2026/09/26 22:34:37.156, 19033
2026/09/26 22:34:37.657, 19033
2026/09/26 22:34:38.157, 19033
2026/09/26 22:34:38.657, 19033
2026/09/26 22:34:39.157, 19033
2026/09/26 22:34:39.657, 19033
2026/09/26 22:34:40.157, 19033
2026/09/26 22:34:40.657, 19033
2026/09/26 22:34:41.158, 19033
2026/09/26 22:34:41.658, 19033
2026/09/26 22:34:42.158, 19033
2026/09/26 22:34:42.658, 19033
2026/09/26 22:34:43.159, 19033
2026/09/26 22:34:43.659, 19033
2026/09/26 22:34:44.159, 19033
2026/09/26 22:34:44.659, 19033
2026/09/26 22:34:45.159, 19033
2026/09/26 22:34:45.659, 19033
2026/09/26 22:34:46.160, 19033
2026/09/26 22:34:46.660, 19033
2026/09/26 22:34:47.160, 19033
2026/09/26 22:34:47.660, 19033
2026/09/26 22:34:48.160, 19033
2026/09/26 22:34:48.661, 19033
2026/09/26 22:34:49.161, 19033
2026/09/26 22:34:49.661, 19033
2026/09/26 22:34:50.161, 19033
2026/09/26 22:34:50.661, 19033
2026/09/26 22:34:51.161, 19033
2026/09/26 22:34:51.662, 19033
2026/09/26 22:34:52.162, 19033
2026/09/26 22:34:52.662, 19033
2026/09/26 22:34:53.162, 19033
2026/09/26 22:34:53.662, 19033
2026/09/26 22:34:54.162, 19033
2026/09/26 22:34:54.663, 19033
2026/09/26 22:34:55.163, 19033
2026/09/26 22:34:55.663, 19033
2026/09/26 22:34:56.163, 19033
2026/09/26 22:34:56.663, 19033
2026/09/26 22:34:57.163, 19033
2026/09/26 22:34:57.663, 19033
2026/09/26 22:34:58.164, 19033
2026/09/26 22:34:58.664, 19033
2026/09/26 22:34:59.164, 19033
2026/09/26 22:34:59.664, 19033
2026/09/26 22:35:00.164, 19033
2026/09/26 22:35:00.664, 19033
2026/09/26 22:35:01.164, 19033
2026/09/26 22:35:01.665, 19033
2026/09/26 22:35:02.165, 19033
2026/09/26 22:35:02.665, 19033
2026/09/26 22:35:03.165, 19033
2026/09/26 22:35:03.665, 19033
2026/09/26 22:35:04.165, 19033
2026/09/26 22:35:04.666, 19033
2026/09/26 22:35:05.166, 19033
2026/09/26 22:35:05.666, 19033
2026/09/26 22:35:06.166, 19033
2026/09/26 22:35:06.666, 19033
2026/09/26 22:35:07.166, 19033
2026/09/26 22:35:07.666, 19033
2026/09/26 22:35:08.167, 19033
2026/09/26 22:35:08.667, 19033
2026/09/26 22:35:09.167, 19033
2026/09/26 22:35:09.667, 19033
2026/09/26 22:35:10.167, 19033
2026/09/26 22:35:10.667, 19033
2026/09/26 22:35:11.168, 19033
2026/09/26 22:35:11.668, 19033
2026/09/26 22:35:12.168, 19033
2026/09/26 22:35:12.668, 19033
2026/09/26 22:35:13.168, 19033
2026/09/26 22:35:13.668, 19033
2026/09/26 22:35:14.168, 19033
2026/09/26 22:35:14.669, 19033
2026/09/26 22:35:15.169, 19033
2026/09/26 22:35:15.669, 19033
2026/09/26 22:35:16.169, 19033
2026/09/26 22:35:16.669, 19033
2026/09/26 22:35:17.169, 19033
2026/09/26 22:35:17.669, 19033
2026/09/26 22:35:18.170, 19033
2026/09/26 22:35:18.670, 19033
2026/09/26 22:35:19.170, 19033
2026/09/26 22:35:19.670, 19033
2026/09/26 22:35:20.170, 19033
2026/09/26 22:35:20.670, 19033
2026/09/26 22:35:21.170, 19033
2026/09/26 22:35:21.671, 19033
2026/09/26 22:35:22.171, 19033
2026/09/26 22:35:22.671, 19033
2026/09/26 22:35:23.171, 19033
2026/09/26 22:35:23.671, 19033
2026/09/26 22:35:24.171, 19033
2026/09/26 22:35:24.672, 19033
2026/09/26 22:35:25.172, 19033
2026/09/26 22:35:25.672, 19033
2026/09/26 22:35:26.172, 19033
2026/09/26 22:35:26.672, 19033
2026/09/26 22:35:27.172, 19033
2026/09/26 22:35:27.672, 19033
2026/09/26 22:35:28.172, 19033
2026/09/26 22:35:28.673, 19033
2026/09/26 22:35:29.173, 19033
2026/09/26 22:35:29.673, 19033
2026/09/26 22:35:30.173, 19033
2026/09/26 22:35:30.673, 19033
2026/09/26 22:35:31.173, 19033
2026/09/26 22:35:31.674, 19033
2026/09/26 22:35:32.174, 19033
2026/09/26 22:35:32.674, 19033
2026/09/26 22:35:33.174, 19033
2026/09/26 22:35:33.674, 19033
2026/09/26 22:35:34.174, 19033
2026/09/26 22:35:34.674, 19033
2026/09/26 22:35:35.175, 19033
2026/09/26 22:35:35.675, 19033
2026/09/26 22:35:36.175, 19033
2026/09/26 22:35:36.675, 19033
2026/09/26 22:35:37.175, 19033
2026/09/26 22:35:37.675, 19033
2026/09/26 22:35:38.176, 19033
2026/09/26 22:35:38.676, 19033
2026/09/26 22:35:39.176, 19033
2026/09/26 22:35:39.676, 19033
2026/09/26 22:35:40.176, 19033
2026/09/26 22:35:40.676, 19033
2026/09/26 22:35:41.177, 19033
2026/09/26 22:35:41.677, 19033
2026/09/26 22:35:42.177, 19033
2026/09/26 22:35:42.677, 19033
2026/09/26 22:35:43.177, 19033
2026/09/26 22:35:43.677, 19033
2026/09/26 22:35:44.178, 19033
2026/09/26 22:35:44.678, 19033
2026/09/26 22:35:45.178, 19033
2026/09/26 22:35:45.678, 19033
2026/09/26 22:35:46.178, 19033
2026/09/26 22:35:46.678, 19033
2026/09/26 22:35:47.178, 19033
2026/09/26 22:35:47.679, 19033
2026/09/26 22:35:48.179, 19033
2026/09/26 22:35:48.679, 19033
2026/09/26 22:35:49.179, 19033
2026/09/26 22:35:49.679, 19033
2026/09/26 22:35:50.179, 19033
2026/09/26 22:35:50.680, 19033
2026/09/26 22:35:51.180, 19033
2026/09/26 22:35:51.680, 19033
2026/09/26 22:35:52.180, 19033
2026/09/26 22:35:52.681, 19033
2026/09/26 22:35:53.181, 19033
2026/09/26 22:35:53.681, 19033
2026/09/26 22:35:54.181, 19033
2026/09/26 22:35:54.681, 19033
2026/09/26 22:35:55.181, 19033
2026/09/26 22:35:55.682, 19033
2026/09/26 22:35:56.182, 19033
2026/09/26 22:35:56.682, 19033
2026/09/26 22:35:57.182, 19033
2026/09/26 22:35:57.682, 19033
2026/09/26 22:35:58.182, 19033
2026/09/26 22:35:58.683, 19033
2026/09/26 22:35:59.183, 19033
2026/09/26 22:35:59.683, 19033
2026/09/26 22:36:00.183, 19033
2026/09/26 22:36:00.683, 19033
2026/09/26 22:36:01.183, 19033
2026/09/26 22:36:01.684, 19033
2026/09/26 22:36:02.184, 19033
2026/09/26 22:36:02.684, 19033
2026/09/26 22:36:03.184, 19033
2026/09/26 22:36:03.684, 19033
2026/09/26 22:36:04.185, 19033
2026/09/26 22:36:04.685, 19033
2026/09/26 22:36:05.185, 19033
2026/09/26 22:36:05.685, 19033
2026/09/26 22:36:06.185, 19033
2026/09/26 22:36:06.685, 19033
2026/09/26 22:36:07.186, 19033
2026/09/26 22:36:07.686, 19033
2026/09/26 22:36:08.186, 19033
2026/09/26 22:36:08.686, 19033
2026/09/26 22:36:09.186, 19033
2026/09/26 22:36:09.686, 19033
2026/09/26 22:36:10.187, 19033
2026/09/26 22:36:10.687, 19033
2026/09/26 22:36:11.187, 19033
2026/09/26 22:36:11.687, 19033
2026/09/26 22:36:12.187, 19033
2026/09/26 22:36:12.687, 19033
2026/09/26 22:36:13.188, 19033
2026/09/26 22:36:13.688, 19033
2026/09/26 22:36:14.188, 19033
2026/09/26 22:36:14.688, 19033
2026/09/26 22:36:15.188, 19033
2026/09/26 22:36:15.688, 19033
2026/09/26 22:36:16.189, 19033
2026/09/26 22:36:16.689, 19033
2026/09/26 22:36:17.189, 19033
2026/09/26 22:36:17.689, 19033
2026/09/26 22:36:18.189, 19033
2026/09/26 22:36:18.689, 19033
2026/09/26 22:36:19.189, 19033
2026/09/26 22:36:19.690, 19033
2026/09/26 22:36:20.190, 19033
2026/09/26 22:36:20.690, 19033
2026/09/26 22:36:21.190, 19033
2026/09/26 22:36:21.690, 19033
2026/09/26 22:36:22.190, 19033
2026/09/26 22:36:22.690, 19033
2026/09/26 22:36:23.191, 19033
2026/09/26 22:36:23.691, 19033
2026/09/26 22:36:24.191, 19033
2026/09/26 22:36:24.691, 19033
2026/09/26 22:36:25.191, 19033
2026/09/26 22:36:25.691, 19033
2026/09/26 22:36:26.192, 19033
2026/09/26 22:36:26.692, 19033
2026/09/26 22:36:27.192, 19033
2026/09/26 22:36:27.692, 19033
2026/09/26 22:36:28.192, 19033
2026/09/26 22:36:28.692, 19033
2026/09/26 22:36:29.192, 19033
2026/09/26 22:36:29.693, 19033
2026/09/26 22:36:30.193, 19033
2026/09/26 22:36:30.693, 19033
2026/09/26 22:36:31.193, 19033
2026/09/26 22:36:31.693, 19033
2026/09/26 22:36:32.193, 19033
2026/09/26 22:36:32.694, 19033
2026/09/26 22:36:33.194, 19033
2026/09/26 22:36:33.694, 19033
2026/09/26 22:36:34.194, 19033
2026/09/26 22:36:34.694, 19033
2026/09/26 22:36:35.194, 19033
2026/09/26 22:36:35.694, 19033
2026/09/26 22:36:36.195, 19033
2026/09/26 22:36:36.695, 19033
2026/09/26 22:36:37.195, 19033
2026/09/26 22:36:37.695, 19033
2026/09/26 22:36:38.195, 19033
2026/09/26 22:36:38.695, 19033
2026/09/26 22:36:39.195, 19033
2026/09/26 22:36:39.696, 19033
2026/09/26 22:36:40.196, 19033
2026/09/26 22:36:40.696, 19033
2026/09/26 22:36:41.196, 19033
2026/09/26 22:36:41.696, 19033
2026/09/26 22:36:42.196, 19033
2026/09/26 22:36:42.696, 19033
2026/09/26 22:36:43.197, 19033
2026/09/26 22:36:43.697, 19033
2026/09/26 22:36:44.197, 19033
2026/09/26 22:36:44.697, 19033
2026/09/26 22:36:45.197, 19033
2026/09/26 22:36:45.697, 19033
2026/09/26 22:36:46.197, 19033
2026/09/26 22:36:46.698, 19033
2026/09/26 22:36:47.198, 19033
2026/09/26 22:36:47.698, 19033
2026/09/26 22:36:48.198, 19033
2026/09/26 22:36:48.698, 19033
2026/09/26 22:36:49.198, 19033
2026/09/26 22:36:49.698, 19033
2026/09/26 22:36:50.199, 19033
2026/09/26 22:36:50.699, 19033
2026/09/26 22:36:51.199, 19033
2026/09/26 22:36:51.699, 19033
2026/09/26 22:36:52.199, 19033
2026/09/26 22:36:52.699, 19033
2026/09/26 22:36:53.199, 19033
2026/09/26 22:36:53.700, 19033
2026/09/26 22:36:54.200, 19033
2026/09/26 22:36:54.700, 19033
2026/09/26 22:36:55.200, 19033
2026/09/26 22:36:55.700, 19033
2026/09/26 22:36:56.200, 19033
2026/09/26 22:36:56.701, 19033
2026/09/26 22:36:57.201, 19033
2026/09/26 22:36:57.701, 19033
2026/09/26 22:36:58.201, 19033
2026/09/26 22:36:58.701, 19033
2026/09/26 22:36:59.201, 19033
2026/09/26 22:36:59.701, 19033
2026/09/26 22:37:00.202, 19033
2026/09/26 22:37:00.702, 19033
2026/09/26 22:37:01.202, 19033
2026/09/26 22:37:01.702, 19033
2026/09/26 22:37:02.202, 19033
2026/09/26 22:37:02.702, 19033
2026/09/26 22:37:03.203, 19033
2026/09/26 22:37:03.703, 19033
2026/09/26 22:37:04.204, 19033
2026/09/26 22:37:04.704, 19033
2026/09/26 22:37:05.204, 19033
2026/09/26 22:37:05.704, 19033
2026/09/26 22:37:06.204, 19033
2026/09/26 22:37:06.705, 19033
2026/09/26 22:37:07.205, 19033
2026/09/26 22:37:07.705, 19033
2026/09/26 22:37:08.205, 19033
2026/09/26 22:37:08.705, 19033
2026/09/26 22:37:09.205, 19033
2026/09/26 22:37:09.705, 19033
2026/09/26 22:37:10.206, 19033
2026/09/26 22:37:10.706, 19033
2026/09/26 22:37:11.206, 19033
2026/09/26 22:37:11.706, 19033
2026/09/26 22:37:12.206, 19033
2026/09/26 22:37:12.706, 19033
2026/09/26 22:37:13.207, 19033
2026/09/26 22:37:13.707, 19033
2026/09/26 22:37:14.207, 19033
2026/09/26 22:37:14.707, 19033
2026/09/26 22:37:15.209, 19033
2026/09/26 22:37:15.709, 19033
2026/09/26 22:37:16.209, 19033
2026/09/26 22:37:16.709, 19033
2026/09/26 22:37:17.210, 19033
2026/09/26 22:37:17.710, 19033
2026/09/26 22:37:18.210, 19033
2026/09/26 22:37:18.710, 19033
2026/09/26 22:37:19.210, 19033
2026/09/26 22:37:19.710, 19033
2026/09/26 22:37:20.211, 19033
2026/09/26 22:37:20.711, 19033
2026/09/26 22:37:21.211, 19033
2026/09/26 22:37:21.711, 19033
2026/09/26 22:37:22.211, 19033
2026/09/26 22:37:22.711, 19033
2026/09/26 22:37:23.212, 19033
2026/09/26 22:37:23.712, 19033
2026/09/26 22:37:24.212, 19033
2026/09/26 22:37:24.712, 19033
2026/09/26 22:37:25.212, 19033
2026/09/26 22:37:25.712, 19033
2026/09/26 22:37:26.212, 19033
2026/09/26 22:37:26.713, 19033
2026/09/26 22:37:27.213, 19033
2026/09/26 22:37:27.713, 19033
2026/09/26 22:37:28.213, 19033
2026/09/26 22:37:28.713, 19033
2026/09/26 22:37:29.213, 19033
2026/09/26 22:37:29.714, 19033
2026/09/26 22:37:30.214, 19033
2026/09/26 22:37:30.714, 19033
2026/09/26 22:37:31.214, 19033
2026/09/26 22:37:31.714, 19033
2026/09/26 22:37:32.214, 19033
2026/09/26 22:37:32.715, 19033
2026/09/26 22:37:33.215, 19033
2026/09/26 22:37:33.715, 19033
2026/09/26 22:37:34.215, 19033
2026/09/26 22:37:34.715, 19033
2026/09/26 22:37:35.215, 19033
2026/09/26 22:37:35.716, 19033
2026/09/26 22:37:36.216, 19033
2026/09/26 22:37:36.716, 19033
2026/09/26 22:37:37.216, 19033
2026/09/26 22:37:37.716, 19033
2026/09/26 22:37:38.217, 19033
2026/09/26 22:37:38.717, 19033
2026/09/26 22:37:39.217, 19033
2026/09/26 22:37:39.717, 19033
2026/09/26 22:37:40.217, 19033
2026/09/26 22:37:40.717, 19033
2026/09/26 22:37:41.217, 19033
2026/09/26 22:37:41.718, 19033
2026/09/26 22:37:42.218, 19033
2026/09/26 22:37:42.718, 19033
2026/09/26 22:37:43.218, 19033
2026/09/26 22:37:43.718, 19033
2026/09/26 22:37:44.218, 19033
2026/09/26 22:37:44.718, 19033
2026/09/26 22:37:45.219, 19033
2026/09/26 22:37:45.719, 19033
2026/09/26 22:37:46.219, 19033
2026/09/26 22:37:46.719, 19033
2026/09/26 22:37:47.219, 19033
2026/09/26 22:37:47.719, 19033
2026/09/26 22:37:48.219, 19033
2026/09/26 22:37:48.720, 19033
2026/09/26 22:37:49.220, 19033
2026/09/26 22:37:49.720, 19033
2026/09/26 22:37:50.220, 19033
2026/09/26 22:37:50.720, 19033
2026/09/26 22:37:51.220, 19033
2026/09/26 22:37:51.721, 19033
2026/09/26 22:37:52.221, 19033
2026/09/26 22:37:52.721, 19033
2026/09/26 22:37:53.221, 19033
2026/09/26 22:37:53.721, 19033
2026/09/26 22:37:54.221, 19033
2026/09/26 22:37:54.721, 19033
2026/09/26 22:37:55.222, 19033
2026/09/26 22:37:55.722, 19033
2026/09/26 22:37:56.222, 19033
2026/09/26 22:37:56.722, 19033
2026/09/26 22:37:57.222, 19033
2026/09/26 22:37:57.722, 19033
2026/09/26 22:37:58.222, 19033
2026/09/26 22:37:58.723, 19033
2026/09/26 22:37:59.223, 19033
2026/09/26 22:37:59.723, 19033
2026/09/26 22:38:00.223, 19033
2026/09/26 22:38:00.723, 19033
2026/09/26 22:38:01.223, 19033
2026/09/26 22:38:01.724, 19033
2026/09/26 22:38:02.224, 19033
2026/09/26 22:38:02.724, 19033
2026/09/26 22:38:03.224, 19033
2026/09/26 22:38:03.724, 19033
2026/09/26 22:38:04.224, 19033
2026/09/26 22:38:04.725, 19033
2026/09/26 22:38:05.225, 19033
2026/09/26 22:38:05.725, 19033
2026/09/26 22:38:06.225, 19033
2026/09/26 22:38:06.725, 19033
2026/09/26 22:38:07.225, 19033
2026/09/26 22:38:07.726, 19033
2026/09/26 22:38:08.226, 19033
2026/09/26 22:38:08.726, 19033
2026/09/26 22:38:09.226, 19033
2026/09/26 22:38:09.726, 19033
2026/09/26 22:38:10.226, 19033
2026/09/26 22:38:10.727, 19033
2026/09/26 22:38:11.227, 19033
2026/09/26 22:38:11.727, 19033
2026/09/26 22:38:12.227, 19033
2026/09/26 22:38:12.727, 19033
2026/09/26 22:38:13.227, 19033
2026/09/26 22:38:13.727, 19033
2026/09/26 22:38:14.227, 19033
2026/09/26 22:38:14.728, 19033
2026/09/26 22:38:15.228, 19033
2026/09/26 22:38:15.728, 19033
2026/09/26 22:38:16.228, 19033
2026/09/26 22:38:16.728, 19033
2026/09/26 22:38:17.228, 19033
2026/09/26 22:38:17.728, 19033
2026/09/26 22:38:18.228, 19033
2026/09/26 22:38:18.729, 19033
2026/09/26 22:38:19.229, 19033
2026/09/26 22:38:19.729, 19033
2026/09/26 22:38:20.229, 19033
2026/09/26 22:38:20.729, 19033
2026/09/26 22:38:21.229, 19033
2026/09/26 22:38:21.729, 19033
2026/09/26 22:38:22.229, 19033
2026/09/26 22:38:22.730, 19033
2026/09/26 22:38:23.230, 19033
2026/09/26 22:38:23.730, 19033
2026/09/26 22:38:24.230, 19033
2026/09/26 22:38:24.730, 19033
2026/09/26 22:38:25.230, 19033
2026/09/26 22:38:25.730, 19033
2026/09/26 22:38:26.231, 19033
2026/09/26 22:38:26.731, 19033
2026/09/26 22:38:27.231, 19033
2026/09/26 22:38:27.731, 19033
2026/09/26 22:38:28.231, 19033
2026/09/26 22:38:28.731, 19033
2026/09/26 22:38:29.231, 19033
2026/09/26 22:38:29.731, 19033
2026/09/26 22:38:30.232, 19033
2026/09/26 22:38:30.732, 19033
2026/09/26 22:38:31.232, 19033
2026/09/26 22:38:31.732, 19033
2026/09/26 22:38:32.232, 19033
2026/09/26 22:38:32.732, 19033
2026/09/26 22:38:33.232, 19033
2026/09/26 22:38:33.733, 19033
2026/09/26 22:38:34.233, 19033
2026/09/26 22:38:34.733, 19033
2026/09/26 22:38:35.233, 19033
2026/09/26 22:38:35.733, 19033
2026/09/26 22:38:36.233, 19033
2026/09/26 22:38:36.733, 19033
2026/09/26 22:38:37.233, 19033
2026/09/26 22:38:37.734, 19033
2026/09/26 22:38:38.234, 19033
2026/09/26 22:38:38.734, 19033
2026/09/26 22:38:39.234, 19033
2026/09/26 22:38:39.734, 19033
2026/09/26 22:38:40.234, 19033
2026/09/26 22:38:40.734, 19033
2026/09/26 22:38:41.235, 19033
2026/09/26 22:38:41.735, 19033
2026/09/26 22:38:42.235, 19033
2026/09/26 22:38:42.735, 19033
2026/09/26 22:38:43.235, 19033
2026/09/26 22:38:43.735, 19033
2026/09/26 22:38:44.235, 19033
2026/09/26 22:38:44.736, 19033
2026/09/26 22:38:45.236, 19033
2026/09/26 22:38:45.736, 19033
2026/09/26 22:38:46.236, 19033
2026/09/26 22:38:46.736, 19033
2026/09/26 22:38:47.236, 19033
2026/09/26 22:38:47.736, 19033
2026/09/26 22:38:48.237, 19033
2026/09/26 22:38:48.737, 19033
2026/09/26 22:38:49.237, 19033
2026/09/26 22:38:49.737, 19033
2026/09/26 22:38:50.237, 19033
2026/09/26 22:38:50.737, 19033
2026/09/26 22:38:51.237, 19033
2026/09/26 22:38:51.738, 19033
2026/09/26 22:38:52.238, 19033
2026/09/26 22:38:52.738, 19033
2026/09/26 22:38:53.238, 19033
2026/09/26 22:38:53.738, 19033
2026/09/26 22:38:54.238, 19033
2026/09/26 22:38:54.738, 19033
2026/09/26 22:38:55.239, 19033
2026/09/26 22:38:55.739, 19033
2026/09/26 22:38:56.239, 19033
2026/09/26 22:38:56.739, 19033
2026/09/26 22:38:57.239, 19033
2026/09/26 22:38:57.739, 19033
2026/09/26 22:38:58.239, 19033
2026/09/26 22:38:58.739, 19033
2026/09/26 22:38:59.240, 19033
2026/09/26 22:38:59.740, 19033
2026/09/26 22:39:00.240, 19033
2026/09/26 22:39:00.740, 19033
2026/09/26 22:39:01.240, 19033
2026/09/26 22:39:01.740, 19033
2026/09/26 22:39:02.240, 19033
2026/09/26 22:39:02.741, 19033
2026/09/26 22:39:03.241, 19033
2026/09/26 22:39:03.741, 19033
2026/09/26 22:39:04.241, 19033
2026/09/26 22:39:04.741, 19033
2026/09/26 22:39:05.241, 19033
2026/09/26 22:39:05.741, 19033
2026/09/26 22:39:06.241, 19033
2026/09/26 22:39:06.742, 19033
2026/09/26 22:39:07.242, 19033
2026/09/26 22:39:07.742, 19033
2026/09/26 22:39:08.242, 19033
2026/09/26 22:39:08.742, 19033
2026/09/26 22:39:09.242, 19033
2026/09/26 22:39:09.742, 19033
2026/09/26 22:39:10.243, 19033
2026/09/26 22:39:10.743, 19033
2026/09/26 22:39:11.243, 19033
2026/09/26 22:39:11.743, 19033
2026/09/26 22:39:12.243, 19033
2026/09/26 22:39:12.743, 19033
2026/09/26 22:39:13.244, 19033
2026/09/26 22:39:13.744, 19033
2026/09/26 22:39:14.244, 19033
2026/09/26 22:39:14.744, 19033
2026/09/26 22:39:15.244, 19033
2026/09/26 22:39:15.745, 19033
2026/09/26 22:39:16.245, 19033
2026/09/26 22:39:16.745, 19033
2026/09/26 22:39:17.245, 19033
2026/09/26 22:39:17.745, 19033
2026/09/26 22:39:18.245, 19033
2026/09/26 22:39:18.746, 19033
2026/09/26 22:39:19.246, 19033
2026/09/26 22:39:19.746, 19033
2026/09/26 22:39:20.246, 19033
2026/09/26 22:39:20.746, 19033
2026/09/26 22:39:21.246, 19033
2026/09/26 22:39:21.746, 19033
2026/09/26 22:39:22.247, 19033
2026/09/26 22:39:22.747, 19033
2026/09/26 22:39:23.247, 19033
2026/09/26 22:39:23.747, 19033
2026/09/26 22:39:24.247, 19033
2026/09/26 22:39:24.747, 19033
2026/09/26 22:39:25.248, 19033
2026/09/26 22:39:25.748, 19033
2026/09/26 22:39:26.248, 19033
2026/09/26 22:39:26.748, 19033
2026/09/26 22:39:27.248, 19033
2026/09/26 22:39:27.749, 19033
2026/09/26 22:39:28.249, 19033
2026/09/26 22:39:28.749, 19033
2026/09/26 22:39:29.249, 19033
2026/09/26 22:39:29.749, 19033
2026/09/26 22:39:30.249, 19033
2026/09/26 22:39:30.749, 19033
2026/09/26 22:39:31.250, 19033
2026/09/26 22:39:31.750, 19033
2026/09/26 22:39:32.250, 19033
2026/09/26 22:39:32.750, 19033
2026/09/26 22:39:33.250, 19033
2026/09/26 22:39:33.750, 19033
2026/09/26 22:39:34.251, 19033
2026/09/26 22:39:34.751, 19033
2026/09/26 22:39:35.251, 19033
2026/09/26 22:39:35.751, 19033
2026/09/26 22:39:36.251, 19033
2026/09/26 22:39:36.751, 19033
2026/09/26 22:39:37.252, 19033
2026/09/26 22:39:37.752, 19033
2026/09/26 22:39:38.252, 19033
2026/09/26 22:39:38.752, 19033
2026/09/26 22:39:39.252, 19033
2026/09/26 22:39:39.752, 19033
2026/09/26 22:39:40.252, 19033
2026/09/26 22:39:40.753, 19033
2026/09/26 22:39:41.253, 19033
2026/09/26 22:39:41.753, 19033
2026/09/26 22:39:42.253, 19033
2026/09/26 22:39:42.753, 19033
2026/09/26 22:39:43.253, 19033
2026/09/26 22:39:43.753, 19033
2026/09/26 22:39:44.254, 19033
2026/09/26 22:39:44.754, 19033
2026/09/26 22:39:45.254, 19033
2026/09/26 22:39:45.754, 19033
2026/09/26 22:39:46.254, 19033
2026/09/26 22:39:46.754, 19033
2026/09/26 22:39:47.254, 19033
2026/09/26 22:39:47.755, 19033
2026/09/26 22:39:48.255, 19033
2026/09/26 22:39:48.755, 19033
2026/09/26 22:39:49.255, 19033
2026/09/26 22:39:49.755, 19033
2026/09/26 22:39:50.255, 19033
2026/09/26 22:39:50.755, 19033
2026/09/26 22:39:51.256, 19033
2026/09/26 22:39:51.756, 19033
2026/09/26 22:39:52.256, 19033
2026/09/26 22:39:52.756, 19033
2026/09/26 22:39:53.256, 19033
2026/09/26 22:39:53.756, 19033
2026/09/26 22:39:54.256, 19033
2026/09/26 22:39:54.757, 19033
2026/09/26 22:39:55.257, 19033
2026/09/26 22:39:55.757, 19033
2026/09/26 22:39:56.257, 19033
2026/09/26 22:39:56.757, 19033
2026/09/26 22:39:57.257, 19033
2026/09/26 22:39:57.757, 19033
2026/09/26 22:39:58.258, 19033
2026/09/26 22:39:58.758, 19033
2026/09/26 22:39:59.258, 19033
2026/09/26 22:39:59.758, 19033
2026/09/26 22:40:00.258, 19033
2026/09/26 22:40:00.758, 19033
2026/09/26 22:40:01.258, 19033
2026/09/26 22:40:01.759, 19033
2026/09/26 22:40:02.259, 19033
2026/09/26 22:40:02.759, 19033
2026/09/26 22:40:03.259, 19033
2026/09/26 22:40:03.759, 19033
2026/09/26 22:40:04.259, 19033
2026/09/26 22:40:04.759, 19033
2026/09/26 22:40:05.260, 19033
2026/09/26 22:40:05.760, 19033
2026/09/26 22:40:06.260, 19033
2026/09/26 22:40:06.760, 19033
2026/09/26 22:40:07.260, 19033
2026/09/26 22:40:07.761, 19033
2026/09/26 22:40:08.261, 19033
2026/09/26 22:40:08.761, 19033
2026/09/26 22:40:09.261, 19033
2026/09/26 22:40:09.761, 19033
2026/09/26 22:40:10.261, 19033
2026/09/26 22:40:10.761, 19033
2026/09/26 22:40:11.262, 19033
2026/09/26 22:40:11.762, 19033
2026/09/26 22:40:12.262, 19033
2026/09/26 22:40:12.762, 19033
2026/09/26 22:40:13.262, 19033
2026/09/26 22:40:13.762, 19033
2026/09/26 22:40:14.262, 19033
2026/09/26 22:40:14.763, 19033
2026/09/26 22:40:15.263, 19033
2026/09/26 22:40:15.763, 19033
2026/09/26 22:40:16.263, 19033
2026/09/26 22:40:16.763, 19033
2026/09/26 22:40:17.263, 19033
2026/09/26 22:40:17.763, 19033
2026/09/26 22:40:18.264, 19033
2026/09/26 22:40:18.764, 19033
2026/09/26 22:40:19.264, 19033
2026/09/26 22:40:19.764, 19033
2026/09/26 22:40:20.264, 19033
2026/09/26 22:40:20.764, 19033
2026/09/26 22:40:21.264, 19033
2026/09/26 22:40:21.765, 19033
2026/09/26 22:40:22.265, 19033
2026/09/26 22:40:22.765, 19033
2026/09/26 22:40:23.265, 19033
2026/09/26 22:40:23.765, 19033
2026/09/26 22:40:24.265, 19033
2026/09/26 22:40:24.765, 19033
2026/09/26 22:40:25.266, 19033
2026/09/26 22:40:25.766, 19033
2026/09/26 22:40:26.266, 19033
2026/09/26 22:40:26.766, 19033
2026/09/26 22:40:27.266, 19033
2026/09/26 22:40:27.766, 19033
2026/09/26 22:40:28.267, 19033
2026/09/26 22:40:28.767, 19033
2026/09/26 22:40:29.267, 19033
2026/09/26 22:40:29.767, 19033
2026/09/26 22:40:30.267, 19033
2026/09/26 22:40:30.767, 19033
2026/09/26 22:40:31.267, 19033
2026/09/26 22:40:31.768, 19033
2026/09/26 22:40:32.268, 19033
2026/09/26 22:40:32.768, 19033
2026/09/26 22:40:33.268, 19033
2026/09/26 22:40:33.768, 19033
2026/09/26 22:40:34.268, 19033
2026/09/26 22:40:34.768, 19033
2026/09/26 22:40:35.269, 19033
2026/09/26 22:40:35.769, 19033
2026/09/26 22:40:36.269, 19033
2026/09/26 22:40:36.769, 19033
2026/09/26 22:40:37.269, 19033
2026/09/26 22:40:37.769, 19033
2026/09/26 22:40:38.269, 19033
2026/09/26 22:40:38.770, 19033
2026/09/26 22:40:39.270, 19033
2026/09/26 22:40:39.770, 19033
2026/09/26 22:40:40.270, 19033
2026/09/26 22:40:40.770, 19033
2026/09/26 22:40:41.270, 19033
2026/09/26 22:40:41.770, 19033
2026/09/26 22:40:42.271, 19033
2026/09/26 22:40:42.771, 19033
2026/09/26 22:40:43.271, 19033
2026/09/26 22:40:43.771, 19033
2026/09/26 22:40:44.271, 19033
2026/09/26 22:40:44.771, 19033
2026/09/26 22:40:45.271, 19033
2026/09/26 22:40:45.772, 19033
2026/09/26 22:40:46.272, 19033
2026/09/26 22:40:46.772, 19033
2026/09/26 22:40:47.272, 19033
2026/09/26 22:40:47.772, 19033
2026/09/26 22:40:48.273, 19033
2026/09/26 22:40:48.773, 19033
2026/09/26 22:40:49.273, 19033
2026/09/26 22:40:49.773, 19033
2026/09/26 22:40:50.273, 19033
2026/09/26 22:40:50.773, 19033
2026/09/26 22:40:51.274, 19033
2026/09/26 22:40:51.774, 19033
2026/09/26 22:40:52.274, 19033
2026/09/26 22:40:52.774, 19033
2026/09/26 22:40:53.274, 19033
2026/09/26 22:40:53.774, 19033
2026/09/26 22:40:54.274, 19033
2026/09/26 22:40:54.774, 19033
2026/09/26 22:40:55.275, 19033
2026/09/26 22:40:55.775, 19033
2026/09/26 22:40:56.275, 19033
2026/09/26 22:40:56.775, 19033
2026/09/26 22:40:57.275, 19033
2026/09/26 22:40:57.775, 19033
2026/09/26 22:40:58.275, 19033
2026/09/26 22:40:58.776, 19033
2026/09/26 22:40:59.276, 19033
2026/09/26 22:40:59.776, 19033
2026/09/26 22:41:00.276, 19033
2026/09/26 22:41:00.776, 19033
2026/09/26 22:41:01.276, 19033
2026/09/26 22:41:01.776, 19033
2026/09/26 22:41:02.277, 19033
2026/09/26 22:41:02.777, 19033
2026/09/26 22:41:03.277, 19033
2026/09/26 22:41:03.777, 19033
2026/09/26 22:41:04.277, 19033
2026/09/26 22:41:04.777, 19033
2026/09/26 22:41:05.278, 19033
2026/09/26 22:41:05.778, 19033
2026/09/26 22:41:06.278, 19033
2026/09/26 22:41:06.778, 19033
2026/09/26 22:41:07.278, 19033
2026/09/26 22:41:07.778, 19033
2026/09/26 22:41:08.278, 19033
2026/09/26 22:41:08.779, 19033
2026/09/26 22:41:09.279, 19033
2026/09/26 22:41:09.779, 19033
2026/09/26 22:41:10.279, 19033
2026/09/26 22:41:10.779, 19033
2026/09/26 22:41:11.279, 19033
2026/09/26 22:41:11.779, 19033
2026/09/26 22:41:12.280, 19033
2026/09/26 22:41:12.780, 19033
2026/09/26 22:41:13.280, 19033
2026/09/26 22:41:13.780, 19033
2026/09/26 22:41:14.280, 19033
2026/09/26 22:41:14.780, 19033
2026/09/26 22:41:15.280, 19033
2026/09/26 22:41:15.780, 19033
2026/09/26 22:41:16.281, 19033
2026/09/26 22:41:16.781, 19033
2026/09/26 22:41:17.281, 19033
2026/09/26 22:41:17.781, 19033
2026/09/26 22:41:18.281, 19033
2026/09/26 22:41:18.781, 19033
2026/09/26 22:41:19.281, 19033
2026/09/26 22:41:19.782, 19033
2026/09/26 22:41:20.282, 19033
2026/09/26 22:41:20.782, 19033
2026/09/26 22:41:21.282, 19033
2026/09/26 22:41:21.782, 19033
2026/09/26 22:41:22.282, 19033
2026/09/26 22:41:22.782, 19033
2026/09/26 22:41:23.283, 19033
2026/09/26 22:41:23.783, 19033
2026/09/26 22:41:24.283, 19033
2026/09/26 22:41:24.783, 19033
2026/09/26 22:41:25.284, 19033
2026/09/26 22:41:25.784, 19033
2026/09/26 22:41:26.284, 19033
2026/09/26 22:41:26.784, 19033
2026/09/26 22:41:27.284, 19033
2026/09/26 22:41:27.784, 19033
2026/09/26 22:41:28.284, 19033
2026/09/26 22:41:28.785, 19033
2026/09/26 22:41:29.285, 19033
2026/09/26 22:41:29.785, 19033
2026/09/26 22:41:30.285, 19033
2026/09/26 22:41:30.785, 19033
2026/09/26 22:41:31.285, 19033
2026/09/26 22:41:31.785, 19033
2026/09/26 22:41:32.285, 19033
2026/09/26 22:41:32.785, 19033
2026/09/26 22:41:33.286, 19033
2026/09/26 22:41:33.786, 19033
2026/09/26 22:41:34.286, 19033
2026/09/26 22:41:34.786, 19033
2026/09/26 22:41:35.286, 19033
2026/09/26 22:41:35.786, 19033
2026/09/26 22:41:36.287, 19033
2026/09/26 22:41:36.787, 19033
2026/09/26 22:41:37.287, 19033
2026/09/26 22:41:37.787, 19033
2026/09/26 22:41:38.287, 19033
2026/09/26 22:41:38.787, 19033
2026/09/26 22:41:39.287, 19033
2026/09/26 22:41:39.787, 19033
2026/09/26 22:41:40.288, 19033
2026/09/26 22:41:40.788, 19033
2026/09/26 22:41:41.288, 19033
2026/09/26 22:41:41.788, 19033
2026/09/26 22:41:42.288, 19033
2026/09/26 22:41:42.788, 19033
2026/09/26 22:41:43.288, 19033
2026/09/26 22:41:43.789, 19033
2026/09/26 22:41:44.289, 19033
2026/09/26 22:41:44.789, 19033
2026/09/26 22:41:45.289, 19033
2026/09/26 22:41:45.789, 19033
2026/09/26 22:41:46.289, 19033
2026/09/26 22:41:46.790, 19033
2026/09/26 22:41:47.290, 19033
2026/09/26 22:41:47.790, 19033
2026/09/26 22:41:48.290, 19033
2026/09/26 22:41:48.790, 19033
2026/09/26 22:41:49.291, 19033
2026/09/26 22:41:49.791, 19033
2026/09/26 22:41:50.291, 19033
2026/09/26 22:41:50.791, 19033
2026/09/26 22:41:51.300, 19033
2026/09/26 22:41:51.800, 19033
2026/09/26 22:41:52.300, 19033
2026/09/26 22:41:52.800, 19033
2026/09/26 22:41:53.300, 19033
2026/09/26 22:41:53.801, 19033
2026/09/26 22:41:54.301, 19033
2026/09/26 22:41:54.801, 19033
2026/09/26 22:41:55.301, 19033
2026/09/26 22:41:55.801, 19033
2026/09/26 22:41:56.301, 19033
2026/09/26 22:41:56.802, 19033
2026/09/26 22:41:57.302, 19033
2026/09/26 22:41:57.802, 19033
2026/09/26 22:41:58.302, 19033
2026/09/26 22:41:58.802, 19033
2026/09/26 22:41:59.302, 19033
2026/09/26 22:41:59.803, 19033
2026/09/26 22:42:00.303, 19033
2026/09/26 22:42:00.803, 19033
2026/09/26 22:42:01.303, 19033
2026/09/26 22:42:01.803, 19033
2026/09/26 22:42:02.303, 19033
2026/09/26 22:42:02.803, 19033
2026/09/26 22:42:03.304, 19033
2026/09/26 22:42:03.804, 19033
2026/09/26 22:42:04.304, 19033
2026/09/26 22:42:04.804, 19033
2026/09/26 22:42:05.304, 19033
2026/09/26 22:42:05.804, 19033
2026/09/26 22:42:06.304, 19033
2026/09/26 22:42:06.805, 19033
2026/09/26 22:42:07.305, 19033
2026/09/26 22:42:07.805, 19033
2026/09/26 22:42:08.305, 19033
2026/09/26 22:42:08.805, 19033
2026/09/26 22:42:09.305, 19033
2026/09/26 22:42:09.805, 19033
2026/09/26 22:42:10.305, 19033
2026/09/26 22:42:10.806, 19033
2026/09/26 22:42:11.306, 19033
2026/09/26 22:42:11.806, 19033
2026/09/26 22:42:12.306, 19033
2026/09/26 22:42:12.806, 19033
2026/09/26 22:42:13.306, 19033
2026/09/26 22:42:13.806, 19033
2026/09/26 22:42:14.307, 19033
2026/09/26 22:42:14.807, 19033
2026/09/26 22:42:15.307, 19033
2026/09/26 22:42:15.807, 19033
2026/09/26 22:42:16.307, 19033
2026/09/26 22:42:16.807, 19033
2026/09/26 22:42:17.307, 19033
2026/09/26 22:42:17.808, 19033
2026/09/26 22:42:18.308, 19033
2026/09/26 22:42:18.808, 19033
2026/09/26 22:42:19.308, 19033
2026/09/26 22:42:19.808, 19033
2026/09/26 22:42:20.308, 19033
2026/09/26 22:42:20.808, 19033
2026/09/26 22:42:21.309, 19033
2026/09/26 22:42:21.809, 19033
2026/09/26 22:42:22.309, 19033
2026/09/26 22:42:22.809, 19033
2026/09/26 22:42:23.309, 19033
2026/09/26 22:42:23.809, 19033
2026/09/26 22:42:24.309, 19033
2026/09/26 22:42:24.809, 19033
2026/09/26 22:42:25.310, 19033
2026/09/26 22:42:25.810, 19033
2026/09/26 22:42:26.310, 19033
2026/09/26 22:42:26.810, 19033
2026/09/26 22:42:27.310, 19033
2026/09/26 22:42:27.810, 19033
2026/09/26 22:42:28.311, 19033
2026/09/26 22:42:28.811, 19033
2026/09/26 22:42:29.311, 19033
2026/09/26 22:42:29.811, 19033
2026/09/26 22:42:30.311, 19033
2026/09/26 22:42:30.811, 19033
2026/09/26 22:42:31.312, 19033
2026/09/26 22:42:31.812, 19033
2026/09/26 22:42:32.312, 19033
2026/09/26 22:42:32.812, 19033
2026/09/26 22:42:33.312, 19033
2026/09/26 22:42:33.812, 19033
2026/09/26 22:42:34.313, 19033
2026/09/26 22:42:34.813, 19033
2026/09/26 22:42:35.313, 19033
2026/09/26 22:42:35.813, 19033
2026/09/26 22:42:36.313, 19033
2026/09/26 22:42:36.813, 19033
2026/09/26 22:42:37.314, 19033
2026/09/26 22:42:37.814, 19033
2026/09/26 22:42:38.314, 19033
2026/09/26 22:42:38.814, 19033
2026/09/26 22:42:39.314, 19033
2026/09/26 22:42:39.814, 19033
2026/09/26 22:42:40.314, 19033
2026/09/26 22:42:40.814, 19033
2026/09/26 22:42:41.315, 19033
2026/09/26 22:42:41.815, 19033
2026/09/26 22:42:42.315, 19033
2026/09/26 22:42:42.815, 19033
2026/09/26 22:42:43.315, 19033
2026/09/26 22:42:43.815, 19033
2026/09/26 22:42:44.315, 19033
2026/09/26 22:42:44.816, 19033
2026/09/26 22:42:45.316, 19033
2026/09/26 22:42:45.816, 19033
2026/09/26 22:42:46.316, 19033
2026/09/26 22:42:46.816, 19033
2026/09/26 22:42:47.317, 19033
2026/09/26 22:42:47.817, 19033
2026/09/26 22:42:48.317, 19033
2026/09/26 22:42:48.817, 19033
2026/09/26 22:42:49.317, 19033
2026/09/26 22:42:49.817, 19033
2026/09/26 22:42:50.317, 19033
2026/09/26 22:42:50.818, 19033
2026/09/26 22:42:51.318, 19033
2026/09/26 22:42:51.818, 19033
2026/09/26 22:42:52.318, 19033
2026/09/26 22:42:52.818, 19033
2026/09/26 22:42:53.318, 19033
2026/09/26 22:42:53.819, 19033
2026/09/26 22:42:54.319, 19033
2026/09/26 22:42:54.819, 19033
2026/09/26 22:42:55.319, 19033
2026/09/26 22:42:55.819, 19033
2026/09/26 22:42:56.319, 19033
2026/09/26 22:42:56.819, 19033
2026/09/26 22:42:57.320, 19033
2026/09/26 22:42:57.820, 19033
2026/09/26 22:42:58.320, 19033
2026/09/26 22:42:58.820, 19033
2026/09/26 22:42:59.320, 19033
2026/09/26 22:42:59.820, 19033
2026/09/26 22:43:00.320, 19033
2026/09/26 22:43:00.820, 19033
2026/09/26 22:43:01.321, 19033
2026/09/26 22:43:01.821, 19033
2026/09/26 22:43:02.321, 19033
2026/09/26 22:43:02.821, 19033
2026/09/26 22:43:03.321, 19033
2026/09/26 22:43:03.821, 19033
2026/09/26 22:43:04.321, 19033
2026/09/26 22:43:04.821, 19033
2026/09/26 22:43:05.322, 19033
2026/09/26 22:43:05.822, 19033
2026/09/26 22:43:06.322, 19033
2026/09/26 22:43:06.822, 19033
2026/09/26 22:43:07.322, 19033
2026/09/26 22:43:07.822, 19033
2026/09/26 22:43:08.322, 19033
2026/09/26 22:43:08.823, 19033
2026/09/26 22:43:09.323, 19033
2026/09/26 22:43:09.823, 19033
2026/09/26 22:43:10.323, 19033
2026/09/26 22:43:10.823, 19033
2026/09/26 22:43:11.323, 19033
2026/09/26 22:43:11.823, 19033
2026/09/26 22:43:12.323, 19033
2026/09/26 22:43:12.823, 19033
2026/09/26 22:43:13.324, 19033
2026/09/26 22:43:13.824, 19033
2026/09/26 22:43:14.324, 19033
2026/09/26 22:43:14.824, 19033
2026/09/26 22:43:15.324, 19033
2026/09/26 22:43:15.824, 19033
2026/09/26 22:43:16.324, 19033
2026/09/26 22:43:16.825, 19033
2026/09/26 22:43:17.325, 19033
2026/09/26 22:43:17.825, 19033
2026/09/26 22:43:18.325, 19033
2026/09/26 22:43:18.825, 19033
2026/09/26 22:43:19.325, 19033
2026/09/26 22:43:19.826, 19033
2026/09/26 22:43:20.326, 19033
2026/09/26 22:43:20.826, 19033
2026/09/26 22:43:21.326, 19033
2026/09/26 22:43:21.826, 19033
2026/09/26 22:43:22.326, 19033
2026/09/26 22:43:22.827, 19033
2026/09/26 22:43:23.327, 19033
2026/09/26 22:43:23.827, 19033
2026/09/26 22:43:24.327, 19033
2026/09/26 22:43:24.827, 19033
2026/09/26 22:43:25.327, 19033
2026/09/26 22:43:25.828, 19033
2026/09/26 22:43:26.328, 19033
2026/09/26 22:43:26.828, 19033
2026/09/26 22:43:27.328, 19033
2026/09/26 22:43:27.828, 19033
2026/09/26 22:43:28.329, 19033
2026/09/26 22:43:28.829, 19033
2026/09/26 22:43:29.329, 19033
2026/09/26 22:43:29.829, 19033
2026/09/26 22:43:30.329, 19033
2026/09/26 22:43:30.829, 19033
2026/09/26 22:43:31.329, 19033
2026/09/26 22:43:31.830, 19033
2026/09/26 22:43:32.330, 19033
2026/09/26 22:43:32.830, 19033
2026/09/26 22:43:33.330, 19033
2026/09/26 22:43:33.830, 19033
2026/09/26 22:43:34.331, 19033
2026/09/26 22:43:34.831, 19033
2026/09/26 22:43:35.331, 19033
2026/09/26 22:43:35.831, 19033
2026/09/26 22:43:36.331, 19033
2026/09/26 22:43:36.831, 19033
2026/09/26 22:43:37.332, 19033
2026/09/26 22:43:37.832, 19033
2026/09/26 22:43:38.332, 19033
2026/09/26 22:43:38.832, 19033
2026/09/26 22:43:39.332, 19033
2026/09/26 22:43:39.832, 19033
2026/09/26 22:43:40.332, 19033
2026/09/26 22:43:40.833, 19033
2026/09/26 22:43:41.333, 19033
2026/09/26 22:43:41.833, 19033
2026/09/26 22:43:42.333, 19033
2026/09/26 22:43:42.833, 19033
2026/09/26 22:43:43.333, 19033
2026/09/26 22:43:43.834, 19033
2026/09/26 22:43:44.334, 19033
2026/09/26 22:43:44.834, 19033
2026/09/26 22:43:45.334, 19033
2026/09/26 22:43:45.834, 19033
2026/09/26 22:43:46.334, 19033
2026/09/26 22:43:46.834, 19033
2026/09/26 22:43:47.335, 19033
2026/09/26 22:43:47.835, 19033
2026/09/26 22:43:48.335, 19033
2026/09/26 22:43:48.835, 19033
2026/09/26 22:43:49.335, 19033
2026/09/26 22:43:49.835, 19033
2026/09/26 22:43:50.335, 19033
2026/09/26 22:43:50.836, 19033
2026/09/26 22:43:51.336, 19033
2026/09/26 22:43:51.836, 19033
2026/09/26 22:43:52.336, 19033
2026/09/26 22:43:52.836, 19033
2026/09/26 22:43:53.336, 19033
2026/09/26 22:43:53.837, 19033
2026/09/26 22:43:54.337, 19033
2026/09/26 22:43:54.837, 19033
2026/09/26 22:43:55.337, 19033
2026/09/26 22:43:55.837, 19033
2026/09/26 22:43:56.337, 19033
2026/09/26 22:43:56.837, 19033
2026/09/26 22:43:57.338, 19033
2026/09/26 22:43:57.838, 19033
2026/09/26 22:43:58.338, 19033
2026/09/26 22:43:58.838, 19033
2026/09/26 22:43:59.338, 19033
2026/09/26 22:43:59.838, 19033
2026/09/26 22:44:00.339, 19033
2026/09/26 22:44:00.839, 19033
2026/09/26 22:44:01.339, 19033
2026/09/26 22:44:01.839, 19033
2026/09/26 22:44:02.339, 19033
2026/09/26 22:44:02.839, 19033
2026/09/26 22:44:03.340, 19033
2026/09/26 22:44:03.840, 19033
2026/09/26 22:44:04.340, 19033
2026/09/26 22:44:04.840, 19033
2026/09/26 22:44:05.340, 19033
2026/09/26 22:44:05.840, 19033
2026/09/26 22:44:06.340, 19033
2026/09/26 22:44:06.841, 19033
2026/09/26 22:44:07.341, 19033
2026/09/26 22:44:07.841, 19033
2026/09/26 22:44:08.341, 19033
2026/09/26 22:44:08.841, 19033
2026/09/26 22:44:09.341, 19033
2026/09/26 22:44:09.841, 19033
2026/09/26 22:44:10.342, 19033
2026/09/26 22:44:10.842, 19033
2026/09/26 22:44:11.342, 19033
2026/09/26 22:44:11.842, 19033
2026/09/26 22:44:12.342, 19033
2026/09/26 22:44:12.842, 19033
2026/09/26 22:44:13.343, 19033
2026/09/26 22:44:13.843, 19033
2026/09/26 22:44:14.343, 19033
2026/09/26 22:44:14.843, 19033
2026/09/26 22:44:15.343, 19033
2026/09/26 22:44:15.843, 19033
2026/09/26 22:44:16.343, 19033
2026/09/26 22:44:16.844, 19033
2026/09/26 22:44:17.344, 19033
2026/09/26 22:44:17.844, 19033
2026/09/26 22:44:18.344, 19033
2026/09/26 22:44:18.844, 19033
2026/09/26 22:44:19.344, 19033
2026/09/26 22:44:19.845, 19033
2026/09/26 22:44:20.345, 19033
2026/09/26 22:44:20.845, 19033
2026/09/26 22:44:21.345, 19033
2026/09/26 22:44:21.845, 19033
2026/09/26 22:44:22.345, 19033
2026/09/26 22:44:22.845, 19033
2026/09/26 22:44:23.346, 19033
2026/09/26 22:44:23.846, 19033
2026/09/26 22:44:24.346, 19033
2026/09/26 22:44:24.846, 19033
2026/09/26 22:44:25.346, 19033
2026/09/26 22:44:25.846, 19033
2026/09/26 22:44:26.347, 19033
2026/09/26 22:44:26.847, 19033
2026/09/26 22:44:27.347, 19033
2026/09/26 22:44:27.847, 19033
2026/09/26 22:44:28.347, 19033
2026/09/26 22:44:28.847, 19033
2026/09/26 22:44:29.347, 19033
2026/09/26 22:44:29.848, 19033
2026/09/26 22:44:30.348, 19033
2026/09/26 22:44:30.848, 19033
2026/09/26 22:44:31.348, 19033
2026/09/26 22:44:31.848, 19033
2026/09/26 22:44:32.348, 19033
2026/09/26 22:44:32.849, 19033
2026/09/26 22:44:33.349, 19033
2026/09/26 22:44:33.849, 19033
2026/09/26 22:44:34.349, 19033
2026/09/26 22:44:34.849, 19033
2026/09/26 22:44:35.349, 19033
2026/09/26 22:44:35.849, 19033
2026/09/26 22:44:36.350, 19033
2026/09/26 22:44:36.850, 19033
2026/09/26 22:44:37.350, 19033
2026/09/26 22:44:37.850, 19033
2026/09/26 22:44:38.350, 19033
2026/09/26 22:44:38.850, 19033
2026/09/26 22:44:39.351, 19033
2026/09/26 22:44:39.851, 19033
2026/09/26 22:44:40.351, 19033
2026/09/26 22:44:40.851, 19033
2026/09/26 22:44:41.351, 19033
2026/09/26 22:44:41.851, 19033
2026/09/26 22:44:42.351, 19033
2026/09/26 22:44:42.852, 19033
2026/09/26 22:44:43.352, 19033
2026/09/26 22:44:43.852, 19033
2026/09/26 22:44:44.352, 19033
2026/09/26 22:44:44.852, 19033
2026/09/26 22:44:45.353, 19033
2026/09/26 22:44:45.853, 19033
2026/09/26 22:44:46.353, 19033
2026/09/26 22:44:46.853, 19033
2026/09/26 22:44:47.353, 19033
2026/09/26 22:44:47.853, 19033
2026/09/26 22:44:48.354, 19033
2026/09/26 22:44:48.854, 19033
2026/09/26 22:44:49.354, 19033
2026/09/26 22:44:49.854, 19033
2026/09/26 22:44:50.354, 19033
2026/09/26 22:44:50.854, 19033
2026/09/26 22:44:51.354, 19033
2026/09/26 22:44:51.855, 19033
2026/09/26 22:44:52.355, 19033
2026/09/26 22:44:52.855, 19033
2026/09/26 22:44:53.355, 19033
2026/09/26 22:44:53.855, 19033
2026/09/26 22:44:54.355, 19033
2026/09/26 22:44:54.856, 19033
2026/09/26 22:44:55.356, 19033
2026/09/26 22:44:55.856, 19033
2026/09/26 22:44:56.356, 19033
2026/09/26 22:44:56.856, 19033
2026/09/26 22:44:57.357, 19033
2026/09/26 22:44:57.857, 19033
2026/09/26 22:44:58.357, 19033
2026/09/26 22:44:58.857, 19033
2026/09/26 22:44:59.357, 19033
2026/09/26 22:44:59.857, 19033
2026/09/26 22:45:00.358, 19033
2026/09/26 22:45:00.858, 19033
2026/09/26 22:45:01.358, 19033
2026/09/26 22:45:01.858, 19033
2026/09/26 22:45:02.358, 19033
2026/09/26 22:45:02.858, 19033
2026/09/26 22:45:03.359, 19033
2026/09/26 22:45:03.859, 19033
2026/09/26 22:45:04.359, 19033
2026/09/26 22:45:04.859, 19033
2026/09/26 22:45:05.359, 19033
2026/09/26 22:45:05.860, 19033
2026/09/26 22:45:06.360, 19033
2026/09/26 22:45:06.860, 19033
2026/09/26 22:45:07.360, 19033
2026/09/26 22:45:07.860, 19033
2026/09/26 22:45:08.360, 19033
2026/09/26 22:45:08.860, 19033
2026/09/26 22:45:09.361, 19033
2026/09/26 22:45:09.861, 19033
2026/09/26 22:45:10.361, 19033
2026/09/26 22:45:10.861, 19033
2026/09/26 22:45:11.361, 19033
2026/09/26 22:45:11.861, 19033
2026/09/26 22:45:12.361, 19033
2026/09/26 22:45:12.862, 19033
2026/09/26 22:45:13.362, 19033
2026/09/26 22:45:13.862, 19033
2026/09/26 22:45:14.362, 19033
2026/09/26 22:45:14.862, 19033
2026/09/26 22:45:15.362, 19033
2026/09/26 22:45:15.862, 19033
2026/09/26 22:45:16.363, 19033
2026/09/26 22:45:16.863, 19033
2026/09/26 22:45:17.363, 19033
2026/09/26 22:45:17.863, 19033
2026/09/26 22:45:18.363, 19033
2026/09/26 22:45:18.863, 19033
2026/09/26 22:45:19.363, 19033
2026/09/26 22:45:19.864, 19033
2026/09/26 22:45:20.364, 19033
2026/09/26 22:45:20.864, 19033
2026/09/26 22:45:21.364, 19033
2026/09/26 22:45:21.864, 19033
2026/09/26 22:45:22.364, 19033
2026/09/26 22:45:22.864, 19033
2026/09/26 22:45:23.365, 19033
2026/09/26 22:45:23.865, 19033
2026/09/26 22:45:24.365, 19033
2026/09/26 22:45:24.865, 19033
2026/09/26 22:45:25.365, 19033
2026/09/26 22:45:25.865, 19033
2026/09/26 22:45:26.365, 19033
2026/09/26 22:45:26.866, 19033
2026/09/26 22:45:27.369, 19033
2026/09/26 22:45:27.869, 19033
2026/09/26 22:45:28.369, 19033
2026/09/26 22:45:28.870, 19033
2026/09/26 22:45:29.370, 19033
2026/09/26 22:45:29.870, 19033
2026/09/26 22:45:30.370, 19033
2026/09/26 22:45:30.870, 19033
2026/09/26 22:45:31.370, 19033
2026/09/26 22:45:31.870, 19033
2026/09/26 22:45:32.371, 19033
2026/09/26 22:45:32.871, 19033
2026/09/26 22:45:33.371, 19033
2026/09/26 22:45:33.871, 19033
2026/09/26 22:45:34.371, 19033
2026/09/26 22:45:34.871, 19033
2026/09/26 22:45:35.371, 19033
2026/09/26 22:45:35.872, 19033
2026/09/26 22:45:36.372, 19033
2026/09/26 22:45:36.872, 19033
2026/09/26 22:45:37.372, 19033
2026/09/26 22:45:37.872, 19033
2026/09/26 22:45:38.372, 19033
2026/09/26 22:45:38.872, 19033
2026/09/26 22:45:39.373, 19033
2026/09/26 22:45:39.873, 19033
2026/09/26 22:45:40.373, 19033
2026/09/26 22:45:40.873, 19033
2026/09/26 22:45:41.373, 19033
2026/09/26 22:45:41.873, 19033
2026/09/26 22:45:42.373, 19033
2026/09/26 22:45:42.874, 19033
2026/09/26 22:45:43.374, 19033
2026/09/26 22:45:43.874, 19033
2026/09/26 22:45:44.374, 19033
2026/09/26 22:45:44.874, 19033
2026/09/26 22:45:45.374, 19033
2026/09/26 22:45:45.875, 19033
2026/09/26 22:45:46.375, 19033
2026/09/26 22:45:46.875, 19033
2026/09/26 22:45:47.375, 19033
2026/09/26 22:45:47.875, 19033
2026/09/26 22:45:48.375, 19033
2026/09/26 22:45:48.875, 19033
2026/09/26 22:45:49.376, 19033
2026/09/26 22:45:49.876, 19033
2026/09/26 22:45:50.376, 19033
2026/09/26 22:45:50.876, 19033
2026/09/26 22:45:51.376, 19033
2026/09/26 22:45:51.876, 19033
2026/09/26 22:45:52.376, 19033
2026/09/26 22:45:52.877, 19033
2026/09/26 22:45:53.377, 19033
2026/09/26 22:45:53.877, 19033
2026/09/26 22:45:54.377, 19033
2026/09/26 22:45:54.877, 19033
2026/09/26 22:45:55.377, 19033
2026/09/26 22:45:55.877, 19033
2026/09/26 22:45:56.377, 19033
2026/09/26 22:45:56.878, 19033
2026/09/26 22:45:57.378, 19033
2026/09/26 22:45:57.878, 19033
2026/09/26 22:45:58.378, 19033
2026/09/26 22:45:58.878, 19033
2026/09/26 22:45:59.378, 19033
2026/09/26 22:45:59.879, 19033
2026/09/26 22:46:00.379, 19033
2026/09/26 22:46:00.879, 19033
2026/09/26 22:46:01.379, 19033
2026/09/26 22:46:01.879, 19033
2026/09/26 22:46:02.379, 19033
2026/09/26 22:46:02.879, 19033
2026/09/26 22:46:03.380, 19033
2026/09/26 22:46:03.880, 19033
2026/09/26 22:46:04.380, 19033
2026/09/26 22:46:04.880, 19033
2026/09/26 22:46:05.380, 19033
2026/09/26 22:46:05.880, 19033
2026/09/26 22:46:06.381, 19033
2026/09/26 22:46:06.881, 19033
2026/09/26 22:46:07.381, 19033
2026/09/26 22:46:07.881, 19033
2026/09/26 22:46:08.381, 19033
2026/09/26 22:46:08.881, 19033
2026/09/26 22:46:09.381, 19033
2026/09/26 22:46:09.881, 19033
2026/09/26 22:46:10.382, 19033
2026/09/26 22:46:10.882, 19033
2026/09/26 22:46:11.382, 19033
2026/09/26 22:46:11.882, 19033
2026/09/26 22:46:12.382, 19033
2026/09/26 22:46:12.882, 19033
2026/09/26 22:46:13.382, 19033
2026/09/26 22:46:13.883, 19033
2026/09/26 22:46:14.383, 19033
2026/09/26 22:46:14.883, 19033
2026/09/26 22:46:15.383, 19033
2026/09/26 22:46:15.883, 19033
2026/09/26 22:46:16.383, 19033
2026/09/26 22:46:16.884, 19033
2026/09/26 22:46:17.384, 19033
2026/09/26 22:46:17.884, 19033
2026/09/26 22:46:18.384, 19033
2026/09/26 22:46:18.884, 19033
2026/09/26 22:46:19.384, 19033
2026/09/26 22:46:19.885, 19033
2026/09/26 22:46:20.385, 19033
2026/09/26 22:46:20.885, 19033
2026/09/26 22:46:21.385, 19033
2026/09/26 22:46:21.885, 19033
2026/09/26 22:46:22.385, 19033
2026/09/26 22:46:22.886, 19033
2026/09/26 22:46:23.386, 19033
2026/09/26 22:46:23.886, 19033
2026/09/26 22:46:24.386, 19033
2026/09/26 22:46:24.886, 19033
2026/09/26 22:46:25.386, 19033
2026/09/26 22:46:25.887, 19033
2026/09/26 22:46:26.387, 19033
2026/09/26 22:46:26.887, 19033
2026/09/26 22:46:27.387, 19033
2026/09/26 22:46:27.887, 19033
2026/09/26 22:46:28.388, 19033
2026/09/26 22:46:28.888, 19033
2026/09/26 22:46:29.388, 19033
2026/09/26 22:46:29.888, 19033
2026/09/26 22:46:30.388, 19033
2026/09/26 22:46:30.889, 19033
2026/09/26 22:46:31.389, 19033
2026/09/26 22:46:31.889, 19033
2026/09/26 22:46:32.389, 19033
2026/09/26 22:46:32.889, 19033
2026/09/26 22:46:33.389, 19033
2026/09/26 22:46:33.889, 19033
2026/09/26 22:46:34.390, 19033
2026/09/26 22:46:34.890, 19033
2026/09/26 22:46:35.390, 19033
2026/09/26 22:46:35.890, 19033
2026/09/26 22:46:36.390, 19033
2026/09/26 22:46:36.890, 19033
2026/09/26 22:46:37.391, 19033
2026/09/26 22:46:37.891, 19033
2026/09/26 22:46:38.391, 19033
2026/09/26 22:46:38.891, 19033
2026/09/26 22:46:39.391, 19033
2026/09/26 22:46:39.891, 19033
2026/09/26 22:46:40.391, 19033
2026/09/26 22:46:40.892, 19033
2026/09/26 22:46:41.392, 19033
2026/09/26 22:46:41.892, 19033
2026/09/26 22:46:42.392, 19033
2026/09/26 22:46:42.892, 19033
2026/09/26 22:46:43.393, 19033
2026/09/26 22:46:43.893, 19033
2026/09/26 22:46:44.393, 19033
2026/09/26 22:46:44.893, 19033
2026/09/26 22:46:45.393, 19033
2026/09/26 22:46:45.893, 19033
2026/09/26 22:46:46.393, 19033
2026/09/26 22:46:46.894, 19033
2026/09/26 22:46:47.394, 19033
2026/09/26 22:46:47.894, 19033
2026/09/26 22:46:48.394, 19033
2026/09/26 22:46:48.894, 19033
2026/09/26 22:46:49.394, 19033
2026/09/26 22:46:49.894, 19033
2026/09/26 22:46:50.395, 19033
2026/09/26 22:46:50.895, 19033
2026/09/26 22:46:51.395, 19033
2026/09/26 22:46:51.895, 19033
2026/09/26 22:46:52.395, 19033
2026/09/26 22:46:52.896, 19033
2026/09/26 22:46:53.396, 19033
2026/09/26 22:46:53.896, 19033
2026/09/26 22:46:54.396, 19033
2026/09/26 22:46:54.896, 19033
2026/09/26 22:46:55.397, 19033
2026/09/26 22:46:55.897, 19033
2026/09/26 22:46:56.397, 19033
2026/09/26 22:46:56.897, 19033
2026/09/26 22:46:57.397, 19033
2026/09/26 22:46:57.897, 19033
2026/09/26 22:46:58.397, 19033
2026/09/26 22:46:58.898, 19033
2026/09/26 22:46:59.398, 19033
2026/09/26 22:46:59.898, 19033
2026/09/26 22:47:00.398, 19033
2026/09/26 22:47:00.898, 19033
2026/09/26 22:47:01.398, 19033
2026/09/26 22:47:01.898, 19033
2026/09/26 22:47:02.399, 19033
2026/09/26 22:47:02.899, 19033
2026/09/26 22:47:03.399, 19033
2026/09/26 22:47:03.899, 19033
2026/09/26 22:47:04.399, 19033
2026/09/26 22:47:04.899, 19033
2026/09/26 22:47:05.399, 19033
2026/09/26 22:47:05.900, 19033
2026/09/26 22:47:06.400, 19033
2026/09/26 22:47:06.900, 19033
2026/09/26 22:47:07.400, 19033
2026/09/26 22:47:07.900, 19033
2026/09/26 22:47:08.401, 19033
2026/09/26 22:47:08.901, 19033
2026/09/26 22:47:09.401, 19033
2026/09/26 22:47:09.901, 19033
2026/09/26 22:47:10.401, 19033
2026/09/26 22:47:10.901, 19033
2026/09/26 22:47:11.402, 19033
2026/09/26 22:47:11.902, 19033
2026/09/26 22:47:12.402, 19033
2026/09/26 22:47:12.902, 19033
2026/09/26 22:47:13.402, 19033
2026/09/26 22:47:13.902, 19033
2026/09/26 22:47:14.403, 19033
2026/09/26 22:47:14.903, 19033
2026/09/26 22:47:15.403, 19033
2026/09/26 22:47:15.903, 19033
2026/09/26 22:47:16.403, 19033
2026/09/26 22:47:16.903, 19033
2026/09/26 22:47:17.403, 19033
2026/09/26 22:47:17.904, 19033
2026/09/26 22:47:18.404, 19033
2026/09/26 22:47:18.904, 19033
2026/09/26 22:47:19.404, 19033
2026/09/26 22:47:19.904, 19033
2026/09/26 22:47:20.404, 19033
2026/09/26 22:47:20.905, 19033
2026/09/26 22:47:21.405, 19033
2026/09/26 22:47:21.905, 19033
2026/09/26 22:47:22.405, 19033
2026/09/26 22:47:22.905, 19033
2026/09/26 22:47:23.405, 19033
2026/09/26 22:47:23.905, 19033
2026/09/26 22:47:24.406, 19033
2026/09/26 22:47:24.906, 19033
2026/09/26 22:47:25.406, 19033
2026/09/26 22:47:25.906, 19033
2026/09/26 22:47:26.406, 19033
2026/09/26 22:47:26.906, 19033
2026/09/26 22:47:27.406, 19033
2026/09/26 22:47:27.907, 19033
2026/09/26 22:47:28.407, 19033
2026/09/26 22:47:28.907, 19033
2026/09/26 22:47:29.407, 19033
2026/09/26 22:47:29.907, 19033
2026/09/26 22:47:30.407, 19033
2026/09/26 22:47:30.907, 19033
2026/09/26 22:47:31.408, 19033
2026/09/26 22:47:31.908, 19033
2026/09/26 22:47:32.408, 19033
2026/09/26 22:47:32.908, 19033
2026/09/26 22:47:33.408, 19033
2026/09/26 22:47:33.908, 19033
2026/09/26 22:47:34.408, 19033
2026/09/26 22:47:34.909, 19033
2026/09/26 22:47:35.409, 19033
2026/09/26 22:47:35.909, 19033
2026/09/26 22:47:36.409, 19033
2026/09/26 22:47:36.909, 19033
2026/09/26 22:47:37.409, 19033
2026/09/26 22:47:37.910, 19033
2026/09/26 22:47:38.410, 19033
2026/09/26 22:47:38.910, 19033
2026/09/26 22:47:39.410, 19033
2026/09/26 22:47:39.910, 19033
2026/09/26 22:47:40.410, 19033
2026/09/26 22:47:40.910, 19033
2026/09/26 22:47:41.411, 19033
2026/09/26 22:47:41.911, 19033
2026/09/26 22:47:42.411, 19033
2026/09/26 22:47:42.911, 19033
2026/09/26 22:47:43.411, 19033
2026/09/26 22:47:43.911, 19033
2026/09/26 22:47:44.411, 19033
2026/09/26 22:47:44.912, 19033
2026/09/26 22:47:45.412, 19033
2026/09/26 22:47:45.912, 19033
2026/09/26 22:47:46.412, 19033
2026/09/26 22:47:46.912, 19033
2026/09/26 22:47:47.412, 19033
2026/09/26 22:47:47.912, 19033
2026/09/26 22:47:48.413, 19033
2026/09/26 22:47:48.913, 19033
2026/09/26 22:47:49.413, 19033
2026/09/26 22:47:49.913, 19033
2026/09/26 22:47:50.413, 19033
2026/09/26 22:47:50.913, 19033
2026/09/26 22:47:51.414, 19033
2026/09/26 22:47:51.914, 19033
2026/09/26 22:47:52.414, 19033
2026/09/26 22:47:52.914, 19033
2026/09/26 22:47:53.414, 19033
2026/09/26 22:47:53.914, 19033
2026/09/26 22:47:54.415, 19033
2026/09/26 22:47:54.915, 19033
2026/09/26 22:47:55.415, 19033
2026/09/26 22:47:55.915, 19033
2026/09/26 22:47:56.415, 19033
2026/09/26 22:47:56.915, 19033
2026/09/26 22:47:57.415, 19033
2026/09/26 22:47:57.916, 19033
2026/09/26 22:47:58.416, 19033
2026/09/26 22:47:58.916, 19033
2026/09/26 22:47:59.416, 19033
2026/09/26 22:47:59.916, 19033
2026/09/26 22:48:00.416, 19033
2026/09/26 22:48:00.917, 19033
2026/09/26 22:48:01.417, 19033
2026/09/26 22:48:01.917, 19033
2026/09/26 22:48:02.417, 19033
2026/09/26 22:48:02.917, 19033
2026/09/26 22:48:03.417, 19033
2026/09/26 22:48:03.918, 19033
2026/09/26 22:48:04.418, 19033
2026/09/26 22:48:04.918, 19033
2026/09/26 22:48:05.418, 19033
2026/09/26 22:48:05.918, 19033
2026/09/26 22:48:06.418, 19033
2026/09/26 22:48:06.918, 19033
2026/09/26 22:48:07.419, 19033
2026/09/26 22:48:07.919, 19033
2026/09/26 22:48:08.419, 19033
2026/09/26 22:48:08.919, 19033
2026/09/26 22:48:09.419, 19033
2026/09/26 22:48:09.919, 19033
2026/09/26 22:48:10.419, 19033
2026/09/26 22:48:10.920, 19033
2026/09/26 22:48:11.420, 19033
2026/09/26 22:48:11.921, 19033
2026/09/26 22:48:12.421, 19033
2026/09/26 22:48:12.921, 19033
2026/09/26 22:48:13.421, 19033
2026/09/26 22:48:13.922, 19033
2026/09/26 22:48:14.422, 19033
2026/09/26 22:48:14.922, 19033
2026/09/26 22:48:15.422, 19033
2026/09/26 22:48:15.922, 19033
2026/09/26 22:48:16.422, 19033
2026/09/26 22:48:16.922, 19033
2026/09/26 22:48:17.423, 19033
2026/09/26 22:48:17.923, 19033
2026/09/26 22:48:18.423, 19033
2026/09/26 22:48:18.923, 19033
2026/09/26 22:48:19.423, 19033
2026/09/26 22:48:19.923, 19033
2026/09/26 22:48:20.423, 19033
2026/09/26 22:48:20.924, 19033
2026/09/26 22:48:21.424, 19033
2026/09/26 22:48:21.924, 19033
2026/09/26 22:48:22.424, 19033
2026/09/26 22:48:22.924, 19033
2026/09/26 22:48:23.424, 19033
2026/09/26 22:48:23.924, 19033
2026/09/26 22:48:24.424, 19033
2026/09/26 22:48:24.924, 19033
2026/09/26 22:48:25.425, 19033
2026/09/26 22:48:25.925, 19033
2026/09/26 22:48:26.425, 19033
2026/09/26 22:48:26.925, 19033
2026/09/26 22:48:27.425, 19033
2026/09/26 22:48:27.925, 19033
2026/09/26 22:48:28.425, 19033
2026/09/26 22:48:28.926, 19033
2026/09/26 22:48:29.426, 19033
2026/09/26 22:48:29.926, 19033
2026/09/26 22:48:30.426, 19033
2026/09/26 22:48:30.926, 19033
2026/09/26 22:48:31.426, 19033
2026/09/26 22:48:31.927, 19033
2026/09/26 22:48:32.427, 19033
2026/09/26 22:48:32.927, 19033
2026/09/26 22:48:33.427, 19033
2026/09/26 22:48:33.927, 19033
2026/09/26 22:48:34.427, 19033
2026/09/26 22:48:34.927, 19033
2026/09/26 22:48:35.428, 19033
2026/09/26 22:48:35.928, 19033
2026/09/26 22:48:36.428, 19033
2026/09/26 22:48:36.928, 19033
2026/09/26 22:48:37.428, 19033
2026/09/26 22:48:37.928, 19033
2026/09/26 22:48:38.429, 19033
2026/09/26 22:48:38.929, 19033
2026/09/26 22:48:39.429, 19033
2026/09/26 22:48:39.929, 19033
2026/09/26 22:48:40.429, 19033
2026/09/26 22:48:40.929, 19033
2026/09/26 22:48:41.429, 19033
2026/09/26 22:48:41.930, 19033
2026/09/26 22:48:42.430, 19033
2026/09/26 22:48:42.930, 19033
2026/09/26 22:48:43.430, 19033
2026/09/26 22:48:43.930, 19033
2026/09/26 22:48:44.430, 19033
2026/09/26 22:48:44.930, 19033
2026/09/26 22:48:45.431, 19033
2026/09/26 22:48:45.931, 19033
2026/09/26 22:48:46.431, 19033
2026/09/26 22:48:46.931, 19033
2026/09/26 22:48:47.431, 19033
2026/09/26 22:48:47.931, 19033
2026/09/26 22:48:48.431, 19033
2026/09/26 22:48:48.932, 19033
2026/09/26 22:48:49.432, 19033
2026/09/26 22:48:49.932, 19033
2026/09/26 22:48:50.432, 19033
2026/09/26 22:48:50.933, 19033
2026/09/26 22:48:51.433, 19033
2026/09/26 22:48:51.933, 19033
2026/09/26 22:48:52.433, 19033
2026/09/26 22:48:52.933, 19033
2026/09/26 22:48:53.433, 19033
2026/09/26 22:48:53.933, 19033
2026/09/26 22:48:54.434, 19033
2026/09/26 22:48:54.934, 19033
2026/09/26 22:48:55.434, 19033
2026/09/26 22:48:55.934, 19033
2026/09/26 22:48:56.434, 19033
2026/09/26 22:48:56.934, 19033
2026/09/26 22:48:57.435, 19033
2026/09/26 22:48:57.935, 19033
2026/09/26 22:48:58.435, 19033
2026/09/26 22:48:58.935, 19033
2026/09/26 22:48:59.435, 19033
2026/09/26 22:48:59.935, 19033
2026/09/26 22:49:00.436, 19033
2026/09/26 22:49:00.936, 19033
2026/09/26 22:49:01.436, 19033
2026/09/26 22:49:01.936, 19033
2026/09/26 22:49:02.436, 19033
2026/09/26 22:49:02.936, 19033
2026/09/26 22:49:03.437, 19033
2026/09/26 22:49:03.937, 19033
2026/09/26 22:49:04.437, 19033
2026/09/26 22:49:04.937, 19033
2026/09/26 22:49:05.437, 19033
2026/09/26 22:49:05.937, 19033
2026/09/26 22:49:06.438, 19033
2026/09/26 22:49:06.938, 19033
2026/09/26 22:49:07.438, 19033
2026/09/26 22:49:07.938, 19033
2026/09/26 22:49:08.438, 19033
2026/09/26 22:49:08.938, 19033
2026/09/26 22:49:09.438, 19033
2026/09/26 22:49:09.939, 19033
2026/09/26 22:49:10.439, 19033
2026/09/26 22:49:10.939, 19033
2026/09/26 22:49:11.439, 19033
2026/09/26 22:49:11.939, 19033
2026/09/26 22:49:12.439, 19033
2026/09/26 22:49:12.940, 19033
2026/09/26 22:49:13.440, 19033
2026/09/26 22:49:13.940, 19033
2026/09/26 22:49:14.440, 19033
2026/09/26 22:49:14.940, 19033
2026/09/26 22:49:15.440, 19033
2026/09/26 22:49:15.940, 19033
2026/09/26 22:49:16.441, 19033
2026/09/26 22:49:16.941, 19033
2026/09/26 22:49:17.441, 19033
2026/09/26 22:49:17.941, 19033
2026/09/26 22:49:18.441, 19033
2026/09/26 22:49:18.941, 19033
2026/09/26 22:49:19.442, 19033
2026/09/26 22:49:19.942, 19033
2026/09/26 22:49:20.442, 19033
2026/09/26 22:49:20.942, 19033
2026/09/26 22:49:21.442, 19033
2026/09/26 22:49:21.942, 19033
2026/09/26 22:49:22.443, 19033
2026/09/26 22:49:22.943, 19033
2026/09/26 22:49:23.443, 19033
2026/09/26 22:49:23.943, 19033
2026/09/26 22:49:24.443, 19033
2026/09/26 22:49:24.943, 19033
2026/09/26 22:49:25.443, 19033
2026/09/26 22:49:25.944, 19033
2026/09/26 22:49:26.444, 19033
2026/09/26 22:49:26.944, 19033
2026/09/26 22:49:27.444, 19033
2026/09/26 22:49:27.944, 19033
2026/09/26 22:49:28.445, 19033
2026/09/26 22:49:28.945, 19033
2026/09/26 22:49:29.445, 19033
2026/09/26 22:49:29.945, 19033
2026/09/26 22:49:30.445, 19033
2026/09/26 22:49:30.945, 19033
2026/09/26 22:49:31.445, 19033
2026/09/26 22:49:31.946, 19033
2026/09/26 22:49:32.446, 19033
2026/09/26 22:49:32.946, 19033
2026/09/26 22:49:33.446, 19033
2026/09/26 22:49:33.946, 19033
2026/09/26 22:49:34.446, 19033
2026/09/26 22:49:34.947, 19033
2026/09/26 22:49:35.447, 19033
2026/09/26 22:49:35.947, 19033
2026/09/26 22:49:36.447, 19033
2026/09/26 22:49:36.947, 19033
2026/09/26 22:49:37.447, 19033
2026/09/26 22:49:37.947, 19033
2026/09/26 22:49:38.448, 19033
2026/09/26 22:49:38.948, 19033
2026/09/26 22:49:39.448, 19033
2026/09/26 22:49:39.948, 19033
2026/09/26 22:49:40.448, 19033
2026/09/26 22:49:40.948, 19033
2026/09/26 22:49:41.449, 19033
2026/09/26 22:49:41.949, 19033
2026/09/26 22:49:42.449, 19033
2026/09/26 22:49:42.949, 19033
2026/09/26 22:49:43.449, 19033
2026/09/26 22:49:43.949, 19033
2026/09/26 22:49:44.450, 19033
2026/09/26 22:49:44.950, 19033
2026/09/26 22:49:45.450, 19033
2026/09/26 22:49:45.950, 19033
2026/09/26 22:49:46.450, 19033
2026/09/26 22:49:46.950, 19033
2026/09/26 22:49:47.450, 19033
2026/09/26 22:49:47.951, 19033
2026/09/26 22:49:48.451, 19033
2026/09/26 22:49:48.951, 19033
2026/09/26 22:49:49.451, 19033
2026/09/26 22:49:49.951, 19033
2026/09/26 22:49:50.451, 19033
2026/09/26 22:49:50.951, 19033
2026/09/26 22:49:51.452, 19033
2026/09/26 22:49:51.952, 19033
2026/09/26 22:49:52.452, 19033
2026/09/26 22:49:52.952, 19033
2026/09/26 22:49:53.452, 19033
2026/09/26 22:49:53.952, 19033
2026/09/26 22:49:54.453, 19033
2026/09/26 22:49:54.953, 19033
2026/09/26 22:49:55.453, 19033
2026/09/26 22:49:55.953, 19033
2026/09/26 22:49:56.453, 19033
2026/09/26 22:49:56.953, 19033
2026/09/26 22:49:57.454, 19033
2026/09/26 22:49:57.954, 19033
2026/09/26 22:49:58.454, 19033
2026/09/26 22:49:58.954, 19033
2026/09/26 22:49:59.454, 19033
2026/09/26 22:49:59.954, 19033
2026/09/26 22:50:00.454, 19033
2026/09/26 22:50:00.955, 19033
2026/09/26 22:50:01.455, 19033
2026/09/26 22:50:01.955, 19033
2026/09/26 22:50:02.455, 19033
2026/09/26 22:50:02.955, 19033
2026/09/26 22:50:03.455, 19033
2026/09/26 22:50:03.956, 19033
2026/09/26 22:50:04.456, 19033
2026/09/26 22:50:04.956, 19033
2026/09/26 22:50:05.456, 19033
2026/09/26 22:50:05.956, 19033
2026/09/26 22:50:06.456, 19033
2026/09/26 22:50:06.957, 19033
2026/09/26 22:50:07.457, 19033
2026/09/26 22:50:07.957, 19033
2026/09/26 22:50:08.457, 19033
2026/09/26 22:50:08.957, 19033
2026/09/26 22:50:09.457, 19033
2026/09/26 22:50:09.957, 19033
2026/09/26 22:50:10.458, 19033
2026/09/26 22:50:10.958, 19033
2026/09/26 22:50:11.458, 19033
2026/09/26 22:50:11.958, 19033
2026/09/26 22:50:12.458, 19033
2026/09/26 22:50:12.958, 19033
2026/09/26 22:50:13.459, 19033
2026/09/26 22:50:13.959, 19033
2026/09/26 22:50:14.459, 19033
2026/09/26 22:50:14.959, 19033
2026/09/26 22:50:15.459, 19033
2026/09/26 22:50:15.960, 19033
2026/09/26 22:50:16.460, 19033
2026/09/26 22:50:16.960, 19033
2026/09/26 22:50:17.460, 19033
2026/09/26 22:50:17.960, 19033
2026/09/26 22:50:18.461, 19033
2026/09/26 22:50:18.961, 19033
2026/09/26 22:50:19.461, 19033
2026/09/26 22:50:19.961, 19033
2026/09/26 22:50:20.461, 19033
2026/09/26 22:50:20.961, 19033
2026/09/26 22:50:21.461, 19033
2026/09/26 22:50:21.962, 19033
2026/09/26 22:50:22.462, 19033
2026/09/26 22:50:22.962, 19033
2026/09/26 22:50:23.462, 19033
2026/09/26 22:50:23.962, 19033
2026/09/26 22:50:24.463, 19033
2026/09/26 22:50:24.963, 19033
2026/09/26 22:50:25.463, 19033
2026/09/26 22:50:25.963, 19033
2026/09/26 22:50:26.463, 19033
2026/09/26 22:50:26.963, 19033
2026/09/26 22:50:27.464, 19033
2026/09/26 22:50:27.964, 19033
2026/09/26 22:50:28.464, 19033
2026/09/26 22:50:28.964, 19033
2026/09/26 22:50:29.464, 19033
2026/09/26 22:50:29.964, 19033
2026/09/26 22:50:30.464, 19033
2026/09/26 22:50:30.965, 19033
2026/09/26 22:50:31.465, 19033
2026/09/26 22:50:31.965, 19033
2026/09/26 22:50:32.465, 19033
2026/09/26 22:50:32.965, 19033
2026/09/26 22:50:33.465, 19033
2026/09/26 22:50:33.966, 19033
2026/09/26 22:50:34.466, 19033
2026/09/26 22:50:34.966, 19033
2026/09/26 22:50:35.466, 19033
2026/09/26 22:50:35.966, 19033
2026/09/26 22:50:36.466, 19033
2026/09/26 22:50:36.966, 19033
2026/09/26 22:50:37.467, 19033
2026/09/26 22:50:37.967, 19033
2026/09/26 22:50:38.467, 19033
2026/09/26 22:50:38.967, 19033
2026/09/26 22:50:39.467, 19033
2026/09/26 22:50:39.967, 19033
2026/09/26 22:50:40.467, 19033
2026/09/26 22:50:40.968, 19033
2026/09/26 22:50:41.468, 19033
2026/09/26 22:50:41.968, 19033
2026/09/26 22:50:42.468, 19033
2026/09/26 22:50:42.968, 19033
2026/09/26 22:50:43.468, 19033
2026/09/26 22:50:43.968, 19033
2026/09/26 22:50:44.469, 19033
2026/09/26 22:50:44.969, 19033
2026/09/26 22:50:45.469, 19033
2026/09/26 22:50:45.969, 19033
2026/09/26 22:50:46.469, 19033
2026/09/26 22:50:46.969, 19033
2026/09/26 22:50:47.469, 19033
2026/09/26 22:50:47.970, 19033
2026/09/26 22:50:48.470, 19033
2026/09/26 22:50:48.970, 19033
2026/09/26 22:50:49.470, 19033
2026/09/26 22:50:49.985, 19033
2026/09/26 22:50:50.485, 19033
2026/09/26 22:50:50.985, 19033
2026/09/26 22:50:51.485, 19033
2026/09/26 22:50:51.985, 19033
2026/09/26 22:50:52.485, 19033
2026/09/26 22:50:52.985, 19033
2026/09/26 22:50:53.486, 19033
2026/09/26 22:50:53.986, 19033
2026/09/26 22:50:54.486, 19033
2026/09/26 22:50:54.986, 19033
2026/09/26 22:50:55.486, 19033
2026/09/26 22:50:55.986, 19033
2026/09/26 22:50:56.486, 19033
2026/09/26 22:50:56.987, 19033
2026/09/26 22:50:57.487, 19033
2026/09/26 22:50:57.987, 19033
2026/09/26 22:50:58.487, 19033
2026/09/26 22:50:58.987, 19033
2026/09/26 22:50:59.487, 19033
2026/09/26 22:50:59.987, 19033
2026/09/26 22:51:00.488, 19033
2026/09/26 22:51:00.988, 19033
2026/09/26 22:51:01.488, 19033
2026/09/26 22:51:01.988, 19033
2026/09/26 22:51:02.488, 19033
2026/09/26 22:51:02.988, 19033
2026/09/26 22:51:03.489, 19033
2026/09/26 22:51:03.989, 19033
2026/09/26 22:51:04.489, 19033
2026/09/26 22:51:04.989, 19033
2026/09/26 22:51:05.489, 19033
2026/09/26 22:51:05.989, 19033
2026/09/26 22:51:06.489, 19033
2026/09/26 22:51:06.990, 19033
2026/09/26 22:51:07.490, 19033
2026/09/26 22:51:07.998, 19033
2026/09/26 22:51:08.498, 19033
2026/09/26 22:51:08.998, 19033
2026/09/26 22:51:09.498, 19033
2026/09/26 22:51:09.998, 19033
2026/09/26 22:51:10.498, 19033
2026/09/26 22:51:10.999, 19033
2026/09/26 22:51:11.499, 19033
2026/09/26 22:51:11.999, 19033
2026/09/26 22:51:12.499, 19033
2026/09/26 22:51:12.999, 19033
2026/09/26 22:51:13.499, 19033
2026/09/26 22:51:14.000, 19033
2026/09/26 22:51:14.500, 19033
2026/09/26 22:51:15.000, 19033
2026/09/26 22:51:15.500, 19033
2026/09/26 22:51:16.000, 19033
2026/09/26 22:51:16.500, 19033
2026/09/26 22:51:17.000, 19033
2026/09/26 22:51:17.500, 19033
2026/09/26 22:51:18.001, 19033
2026/09/26 22:51:18.501, 19033
2026/09/26 22:51:19.001, 19033
2026/09/26 22:51:19.501, 19033
2026/09/26 22:51:20.001, 19033
2026/09/26 22:51:20.501, 19033
2026/09/26 22:51:21.002, 19033
2026/09/26 22:51:21.502, 19033
2026/09/26 22:51:22.002, 19033
2026/09/26 22:51:22.502, 19033
2026/09/26 22:51:23.003, 19033
2026/09/26 22:51:23.503, 19033
2026/09/26 22:51:24.003, 19033
2026/09/26 22:51:24.503, 19033
2026/09/26 22:51:25.003, 19033
2026/09/26 22:51:25.504, 19033
2026/09/26 22:51:26.004, 19033
2026/09/26 22:51:26.504, 19033
2026/09/26 22:51:27.004, 19033
2026/09/26 22:51:27.504, 19033
2026/09/26 22:51:28.004, 19033
2026/09/26 22:51:28.505, 19033
2026/09/26 22:51:29.005, 19033
2026/09/26 22:51:29.505, 19033
2026/09/26 22:51:30.005, 19033
2026/09/26 22:51:30.505, 19033
2026/09/26 22:51:31.006, 19033
2026/09/26 22:51:31.506, 19033
2026/09/26 22:51:32.006, 19033
2026/09/26 22:51:32.506, 19033
2026/09/26 22:51:33.007, 19033
2026/09/26 22:51:33.507, 19033
2026/09/26 22:51:34.007, 19033
2026/09/26 22:51:34.507, 19033
2026/09/26 22:51:35.007, 19033
2026/09/26 22:51:35.507, 19033
2026/09/26 22:51:36.007, 19033
2026/09/26 22:51:36.508, 19033
2026/09/26 22:51:37.008, 19033
2026/09/26 22:51:37.508, 19033
2026/09/26 22:51:38.008, 19033
2026/09/26 22:51:38.508, 19033
2026/09/26 22:51:39.008, 19033
2026/09/26 22:51:39.509, 19033
2026/09/26 22:51:40.009, 19033
2026/09/26 22:51:40.509, 19033
2026/09/26 22:51:41.009, 19033
2026/09/26 22:51:41.509, 19033
2026/09/26 22:51:42.009, 19033
2026/09/26 22:51:42.510, 19033
2026/09/26 22:51:43.010, 19033
2026/09/26 22:51:43.510, 19033
2026/09/26 22:51:44.010, 19033
2026/09/26 22:51:44.510, 19033
2026/09/26 22:51:45.010, 19033
2026/09/26 22:51:45.511, 19033
2026/09/26 22:51:46.011, 19033
2026/09/26 22:51:46.511, 19033
2026/09/26 22:51:47.011, 19033
2026/09/26 22:51:47.511, 19033
2026/09/26 22:51:48.011, 19033
2026/09/26 22:51:48.511, 19033
2026/09/26 22:51:49.012, 19033
2026/09/26 22:51:49.512, 19033
2026/09/26 22:51:50.012, 19033
2026/09/26 22:51:50.512, 19033
2026/09/26 22:51:51.012, 19033
2026/09/26 22:51:51.512, 19033
2026/09/26 22:51:52.013, 19033
2026/09/26 22:51:52.552, 19033
2026/09/26 22:51:53.052, 19033
2026/09/26 22:51:53.552, 19033
2026/09/26 22:51:54.052, 19033
2026/09/26 22:51:54.552, 19033
2026/09/26 22:51:55.052, 19033
2026/09/26 22:51:55.553, 19033
2026/09/26 22:51:56.053, 19033
2026/09/26 22:51:56.553, 19033
2026/09/26 22:51:57.053, 19033
2026/09/26 22:51:57.553, 19033
2026/09/26 22:51:58.053, 19033
2026/09/26 22:51:58.554, 19033
2026/09/26 22:51:59.054, 19033
2026/09/26 22:51:59.554, 19033
2026/09/26 22:52:00.054, 19033
2026/09/26 22:52:00.554, 19033
2026/09/26 22:52:01.054, 19033
2026/09/26 22:52:01.554, 19033
2026/09/26 22:52:02.055, 19033
2026/09/26 22:52:02.555, 19033
2026/09/26 22:52:03.055, 19033
2026/09/26 22:52:03.555, 19033
2026/09/26 22:52:04.055, 19033
2026/09/26 22:52:04.555, 19033
2026/09/26 22:52:05.056, 19033
2026/09/26 22:52:05.556, 19033
2026/09/26 22:52:06.056, 19033
2026/09/26 22:52:06.556, 19033
2026/09/26 22:52:07.056, 19033
2026/09/26 22:52:07.556, 19033
2026/09/26 22:52:08.057, 19033
2026/09/26 22:52:08.557, 19033
2026/09/26 22:52:09.057, 19033
2026/09/26 22:52:09.557, 19033
2026/09/26 22:52:10.057, 19033
2026/09/26 22:52:10.557, 19033
2026/09/26 22:52:11.058, 19033
2026/09/26 22:52:11.558, 19033
2026/09/26 22:52:12.058, 19033
2026/09/26 22:52:12.558, 19033
2026/09/26 22:52:13.058, 19033
2026/09/26 22:52:13.558, 19033
2026/09/26 22:52:14.058, 19033
2026/09/26 22:52:14.559, 19033
2026/09/26 22:52:15.059, 19033
2026/09/26 22:52:15.559, 19033
2026/09/26 22:52:16.059, 19033
2026/09/26 22:52:16.559, 19033
2026/09/26 22:52:17.059, 19033
2026/09/26 22:52:17.559, 19033
2026/09/26 22:52:18.060, 19033
2026/09/26 22:52:18.560, 19033
2026/09/26 22:52:19.060, 19033
2026/09/26 22:52:19.560, 19033
2026/09/26 22:52:20.060, 19033
2026/09/26 22:52:20.560, 19033
2026/09/26 22:52:21.060, 19033
2026/09/26 22:52:21.560, 19033
2026/09/26 22:52:22.061, 19033
2026/09/26 22:52:22.561, 19033
2026/09/26 22:52:23.061, 19033
2026/09/26 22:52:23.561, 19033
2026/09/26 22:52:24.061, 19033
2026/09/26 22:52:24.561, 19033
2026/09/26 22:52:25.061, 19033
2026/09/26 22:52:25.562, 19033
2026/09/26 22:52:26.062, 19033
2026/09/26 22:52:26.562, 19033
2026/09/26 22:52:27.062, 19033
2026/09/26 22:52:27.562, 19033
2026/09/26 22:52:28.062, 19033
2026/09/26 22:52:28.562, 19033
2026/09/26 22:52:29.063, 19033
2026/09/26 22:52:29.563, 19033
2026/09/26 22:52:30.063, 19033
2026/09/26 22:52:30.563, 19033
2026/09/26 22:52:31.063, 19033
2026/09/26 22:52:31.563, 19033
2026/09/26 22:52:32.064, 19033
2026/09/26 22:52:32.564, 19033
2026/09/26 22:52:33.064, 19033
2026/09/26 22:52:33.564, 19033
2026/09/26 22:52:34.064, 19033
2026/09/26 22:52:34.564, 19033
2026/09/26 22:52:35.064, 19033
2026/09/26 22:52:35.565, 19033
2026/09/26 22:52:36.065, 19033
2026/09/26 22:52:36.565, 19033
2026/09/26 22:52:37.065, 19033
2026/09/26 22:52:37.565, 19033
2026/09/26 22:52:38.065, 19033
2026/09/26 22:52:38.566, 19033
2026/09/26 22:52:39.066, 19033
2026/09/26 22:52:39.566, 19033
2026/09/26 22:52:40.066, 19033
2026/09/26 22:52:40.566, 19033
2026/09/26 22:52:41.066, 19033
2026/09/26 22:52:41.566, 19033
2026/09/26 22:52:42.067, 19033
2026/09/26 22:52:42.567, 19033
2026/09/26 22:52:43.067, 19033
2026/09/26 22:52:43.567, 19033
2026/09/26 22:52:44.067, 19033
2026/09/26 22:52:44.567, 19033
2026/09/26 22:52:45.068, 19033
2026/09/26 22:52:45.568, 19033
2026/09/26 22:52:46.068, 19033
2026/09/26 22:52:46.568, 19033
2026/09/26 22:52:47.068, 19033
2026/09/26 22:52:47.568, 19033
2026/09/26 22:52:48.069, 19033
2026/09/26 22:52:48.569, 19033
2026/09/26 22:52:49.069, 19033
2026/09/26 22:52:49.569, 19033
2026/09/26 22:52:50.069, 19033
2026/09/26 22:52:50.569, 19033
2026/09/26 22:52:51.069, 19033
2026/09/26 22:52:51.570, 19033
2026/09/26 22:52:52.070, 19033
2026/09/26 22:52:52.570, 19033
2026/09/26 22:52:53.070, 19033
2026/09/26 22:52:53.577, 19033
2026/09/26 22:52:54.077, 19033
2026/09/26 22:52:54.578, 19033
2026/09/26 22:52:55.078, 19033
2026/09/26 22:52:55.578, 19033
2026/09/26 22:52:56.078, 19033
2026/09/26 22:52:56.578, 19033
2026/09/26 22:52:57.078, 19033
2026/09/26 22:52:57.579, 19033
2026/09/26 22:52:58.079, 19033
2026/09/26 22:52:58.579, 19033
2026/09/26 22:52:59.079, 19033
2026/09/26 22:52:59.579, 19033
2026/09/26 22:53:00.079, 19033
2026/09/26 22:53:00.580, 19033
2026/09/26 22:53:01.080, 19033
2026/09/26 22:53:01.580, 19033
2026/09/26 22:53:02.080, 19033
2026/09/26 22:53:02.580, 19033
2026/09/26 22:53:03.080, 19033
2026/09/26 22:53:03.580, 19033
2026/09/26 22:53:04.081, 19033
2026/09/26 22:53:04.581, 19033
2026/09/26 22:53:05.081, 19033
2026/09/26 22:53:05.581, 19033
2026/09/26 22:53:06.081, 19033
2026/09/26 22:53:06.581, 19033
2026/09/26 22:53:07.081, 19033
2026/09/26 22:53:07.582, 19033
2026/09/26 22:53:08.082, 19033
2026/09/26 22:53:08.582, 19033
2026/09/26 22:53:09.082, 19033
2026/09/26 22:53:09.582, 19033
2026/09/26 22:53:10.082, 19033
2026/09/26 22:53:10.583, 19033
2026/09/26 22:53:11.083, 19033
2026/09/26 22:53:11.583, 19033
2026/09/26 22:53:12.083, 19033
2026/09/26 22:53:12.583, 19033
2026/09/26 22:53:13.083, 19033
2026/09/26 22:53:13.583, 19033
2026/09/26 22:53:14.084, 19033
2026/09/26 22:53:14.584, 19033
2026/09/26 22:53:15.084, 19033
2026/09/26 22:53:15.584, 19033
2026/09/26 22:53:16.084, 19033
2026/09/26 22:53:16.585, 19033
2026/09/26 22:53:17.085, 19033
2026/09/26 22:53:17.585, 19033
2026/09/26 22:53:18.085, 19033
2026/09/26 22:53:18.585, 19033
2026/09/26 22:53:19.085, 19033
2026/09/26 22:53:19.586, 19033
2026/09/26 22:53:20.086, 19033
2026/09/26 22:53:20.586, 19033
2026/09/26 22:53:21.086, 19033
2026/09/26 22:53:21.586, 19033
2026/09/26 22:53:22.086, 19033
2026/09/26 22:53:22.587, 19033
2026/09/26 22:53:23.087, 19033
2026/09/26 22:53:23.587, 19033
2026/09/26 22:53:24.087, 19033
2026/09/26 22:53:24.587, 19033
2026/09/26 22:53:25.087, 19033
2026/09/26 22:53:25.588, 19033
2026/09/26 22:53:26.088, 19033
2026/09/26 22:53:26.588, 19033
2026/09/26 22:53:27.088, 19033
2026/09/26 22:53:27.588, 19033
2026/09/26 22:53:28.088, 19033
2026/09/26 22:53:28.589, 19033
2026/09/26 22:53:29.089, 19033
2026/09/26 22:53:29.589, 19033
2026/09/26 22:53:30.089, 19033
2026/09/26 22:53:30.589, 19033
2026/09/26 22:53:31.089, 19033
2026/09/26 22:53:31.590, 19033
2026/09/26 22:53:32.090, 19033
2026/09/26 22:53:32.590, 19033
2026/09/26 22:53:33.090, 19033
2026/09/26 22:53:33.590, 19033
2026/09/26 22:53:34.090, 19033
2026/09/26 22:53:34.590, 19033
2026/09/26 22:53:35.091, 19033
2026/09/26 22:53:35.591, 19033
2026/09/26 22:53:36.091, 19033
2026/09/26 22:53:36.591, 19033
2026/09/26 22:53:37.091, 19033
2026/09/26 22:53:37.591, 19033
2026/09/26 22:53:38.092, 19033
2026/09/26 22:53:38.592, 19033
2026/09/26 22:53:39.092, 19033
2026/09/26 22:53:39.592, 19033
2026/09/26 22:53:40.092, 19033
2026/09/26 22:53:40.593, 19033
2026/09/26 22:53:41.093, 19033
2026/09/26 22:53:41.593, 19033
2026/09/26 22:53:42.093, 19033
2026/09/26 22:53:42.593, 19033
2026/09/26 22:53:43.093, 19033
2026/09/26 22:53:43.593, 19033
2026/09/26 22:53:44.094, 19033
2026/09/26 22:53:44.594, 19033
2026/09/26 22:53:45.094, 19033
2026/09/26 22:53:45.594, 19033
2026/09/26 22:53:46.094, 19033
2026/09/26 22:53:46.594, 19033
2026/09/26 22:53:47.094, 19033
2026/09/26 22:53:47.595, 19033
2026/09/26 22:53:48.095, 19033
2026/09/26 22:53:48.595, 19033
2026/09/26 22:53:49.095, 19033
2026/09/26 22:53:49.595, 19033
2026/09/26 22:53:50.095, 19033
2026/09/26 22:53:50.596, 19033
2026/09/26 22:53:51.096, 19033
2026/09/26 22:53:51.596, 19033
2026/09/26 22:53:52.096, 19033
2026/09/26 22:53:52.596, 19033
2026/09/26 22:53:53.096, 19033
2026/09/26 22:53:53.596, 19033
2026/09/26 22:53:54.097, 19033
2026/09/26 22:53:54.597, 19033
2026/09/26 22:53:55.097, 19033
2026/09/26 22:53:55.597, 19033
2026/09/26 22:53:56.097, 19033
2026/09/26 22:53:56.597, 19033
2026/09/26 22:53:57.097, 19033
2026/09/26 22:53:57.598, 19033
2026/09/26 22:53:58.098, 19033
2026/09/26 22:53:58.598, 19033
2026/09/26 22:53:59.098, 19033
2026/09/26 22:53:59.598, 19033
2026/09/26 22:54:00.098, 19033
2026/09/26 22:54:00.598, 19033
2026/09/26 22:54:01.099, 19033
2026/09/26 22:54:01.599, 19033
2026/09/26 22:54:02.099, 19033
2026/09/26 22:54:02.599, 19033
2026/09/26 22:54:03.099, 19033
2026/09/26 22:54:03.599, 19033
2026/09/26 22:54:04.099, 19033
2026/09/26 22:54:04.600, 19033
2026/09/26 22:54:05.100, 19033
2026/09/26 22:54:05.600, 19033
2026/09/26 22:54:06.100, 19033
2026/09/26 22:54:06.600, 19033
2026/09/26 22:54:07.100, 19033
2026/09/26 22:54:07.600, 19033
2026/09/26 22:54:08.101, 19033
2026/09/26 22:54:08.601, 19033
2026/09/26 22:54:09.101, 19033
2026/09/26 22:54:09.601, 19033
2026/09/26 22:54:10.101, 19033
2026/09/26 22:54:10.601, 19033
2026/09/26 22:54:11.101, 19033
2026/09/26 22:54:11.602, 19033
2026/09/26 22:54:12.102, 19033
2026/09/26 22:54:12.602, 19033
2026/09/26 22:54:13.102, 19033
2026/09/26 22:54:13.602, 19033
2026/09/26 22:54:14.102, 19033
2026/09/26 22:54:14.603, 19033
2026/09/26 22:54:15.103, 19033
2026/09/26 22:54:15.603, 19033
2026/09/26 22:54:16.103, 19033
2026/09/26 22:54:16.603, 19033
2026/09/26 22:54:17.103, 19033
2026/09/26 22:54:17.604, 19033
2026/09/26 22:54:18.104, 19033
2026/09/26 22:54:18.604, 19033
2026/09/26 22:54:19.104, 19033
2026/09/26 22:54:19.604, 19033
2026/09/26 22:54:20.104, 19033
2026/09/26 22:54:20.604, 19033
2026/09/26 22:54:21.105, 19033
2026/09/26 22:54:21.605, 19033
2026/09/26 22:54:22.105, 19033
2026/09/26 22:54:22.605, 19033
2026/09/26 22:54:23.105, 19033
2026/09/26 22:54:23.606, 19033
2026/09/26 22:54:24.106, 19033
2026/09/26 22:54:24.606, 19033
2026/09/26 22:54:25.106, 19033
2026/09/26 22:54:25.606, 19033
2026/09/26 22:54:26.106, 19033
2026/09/26 22:54:26.606, 19033
2026/09/26 22:54:27.107, 19033
2026/09/26 22:54:27.607, 19033
2026/09/26 22:54:28.107, 19033
2026/09/26 22:54:28.607, 19033
2026/09/26 22:54:29.107, 19033
2026/09/26 22:54:29.607, 19033
2026/09/26 22:54:30.108, 19033
2026/09/26 22:54:30.608, 19033
2026/09/26 22:54:31.108, 19033
2026/09/26 22:54:31.608, 19033
2026/09/26 22:54:32.108, 19033
2026/09/26 22:54:32.608, 19033
2026/09/26 22:54:33.108, 19033
2026/09/26 22:54:33.609, 19033
2026/09/26 22:54:34.109, 19033
2026/09/26 22:54:34.609, 19033
2026/09/26 22:54:35.109, 19033
2026/09/26 22:54:35.609, 19033
2026/09/26 22:54:36.109, 19033
2026/09/26 22:54:36.610, 19033
2026/09/26 22:54:37.110, 19033
2026/09/26 22:54:37.610, 19033
2026/09/26 22:54:38.110, 19033
2026/09/26 22:54:38.610, 19033
2026/09/26 22:54:39.110, 19033
2026/09/26 22:54:39.610, 19033
2026/09/26 22:54:40.111, 19033
2026/09/26 22:54:40.611, 19033
2026/09/26 22:54:41.111, 19033
2026/09/26 22:54:41.611, 19033
2026/09/26 22:54:42.111, 19033
2026/09/26 22:54:42.611, 19033
2026/09/26 22:54:43.112, 19033
2026/09/26 22:54:43.612, 19033
2026/09/26 22:54:44.112, 19033
2026/09/26 22:54:44.612, 19033
2026/09/26 22:54:45.112, 19033
2026/09/26 22:54:45.612, 19033
2026/09/26 22:54:46.112, 19033
2026/09/26 22:54:46.613, 19033
2026/09/26 22:54:47.113, 19033
2026/09/26 22:54:47.613, 19033
2026/09/26 22:54:48.113, 19033
2026/09/26 22:54:48.613, 19033
2026/09/26 22:54:49.113, 19033
2026/09/26 22:54:49.614, 19033
2026/09/26 22:54:50.114, 19033
2026/09/26 22:54:50.614, 19033
2026/09/26 22:54:51.114, 19033
2026/09/26 22:54:51.614, 19033
2026/09/26 22:54:52.114, 19033
2026/09/26 22:54:52.615, 19033
2026/09/26 22:54:53.115, 19033
2026/09/26 22:54:53.615, 19033
2026/09/26 22:54:54.115, 19033
2026/09/26 22:54:54.615, 19033
2026/09/26 22:54:55.115, 19033
2026/09/26 22:54:55.615, 19033
2026/09/26 22:54:56.116, 19033
2026/09/26 22:54:56.616, 19033
2026/09/26 22:54:57.116, 19033
2026/09/26 22:54:57.616, 19033
2026/09/26 22:54:58.116, 19033
2026/09/26 22:54:58.616, 19033
2026/09/26 22:54:59.116, 19033
2026/09/26 22:54:59.617, 19033
2026/09/26 22:55:00.117, 19033
2026/09/26 22:55:00.617, 19033
2026/09/26 22:55:01.117, 19033
2026/09/26 22:55:01.617, 19033
2026/09/26 22:55:02.117, 19033
2026/09/26 22:55:02.618, 19033
2026/09/26 22:55:03.118, 19033
2026/09/26 22:55:03.618, 19033
2026/09/26 22:55:04.118, 19033
2026/09/26 22:55:04.618, 19033
2026/09/26 22:55:05.118, 19033
2026/09/26 22:55:05.618, 19033
2026/09/26 22:55:06.118, 19033
2026/09/26 22:55:06.619, 19033
2026/09/26 22:55:07.119, 19033
2026/09/26 22:55:07.619, 19033
2026/09/26 22:55:08.119, 19033
2026/09/26 22:55:08.619, 19033
2026/09/26 22:55:09.119, 19033
2026/09/26 22:55:09.619, 19033
2026/09/26 22:55:10.120, 19033
2026/09/26 22:55:10.620, 19033
2026/09/26 22:55:11.120, 19033
2026/09/26 22:55:11.620, 19033
2026/09/26 22:55:12.120, 19033
2026/09/26 22:55:12.621, 19033
2026/09/26 22:55:13.121, 19033
2026/09/26 22:55:13.621, 19033
2026/09/26 22:55:14.121, 19033
2026/09/26 22:55:14.621, 19033
2026/09/26 22:55:15.121, 19033
2026/09/26 22:55:15.621, 19033
2026/09/26 22:55:16.122, 19033
2026/09/26 22:55:16.622, 19033
2026/09/26 22:55:17.122, 19033
2026/09/26 22:55:17.622, 19033
2026/09/26 22:55:18.122, 19033
2026/09/26 22:55:18.622, 19033
2026/09/26 22:55:19.123, 19033
2026/09/26 22:55:19.623, 19033
2026/09/26 22:55:20.123, 19033
2026/09/26 22:55:20.623, 19033
2026/09/26 22:55:21.123, 19033
2026/09/26 22:55:21.623, 19033
2026/09/26 22:55:22.124, 19033
2026/09/26 22:55:22.624, 19033
2026/09/26 22:55:23.124, 19033
2026/09/26 22:55:23.624, 19033
2026/09/26 22:55:24.124, 19033
2026/09/26 22:55:24.624, 19033
2026/09/26 22:55:25.125, 19033
2026/09/26 22:55:25.625, 19033
2026/09/26 22:55:26.125, 19033
2026/09/26 22:55:26.625, 19033
2026/09/26 22:55:27.125, 19033
2026/09/26 22:55:27.625, 19033
2026/09/26 22:55:28.125, 19033
2026/09/26 22:55:28.626, 19033
2026/09/26 22:55:29.126, 19033
2026/09/26 22:55:29.626, 19033
2026/09/26 22:55:30.126, 19033
2026/09/26 22:55:30.626, 19033
2026/09/26 22:55:31.126, 19033
2026/09/26 22:55:31.626, 19033
2026/09/26 22:55:32.127, 19033
2026/09/26 22:55:32.627, 19033
2026/09/26 22:55:33.127, 19033
2026/09/26 22:55:33.627, 19033
2026/09/26 22:55:34.127, 19033
2026/09/26 22:55:34.627, 19033
2026/09/26 22:55:35.127, 19033
2026/09/26 22:55:35.628, 19033
2026/09/26 22:55:36.128, 19033
2026/09/26 22:55:36.628, 19033
2026/09/26 22:55:37.128, 19033
2026/09/26 22:55:37.628, 19033
2026/09/26 22:55:38.128, 19033
2026/09/26 22:55:38.628, 19033
2026/09/26 22:55:39.129, 19033
2026/09/26 22:55:39.629, 19033
2026/09/26 22:55:40.129, 19033
2026/09/26 22:55:40.629, 19033
2026/09/26 22:55:41.129, 19033
2026/09/26 22:55:41.629, 19033
2026/09/26 22:55:42.130, 19033
2026/09/26 22:55:42.630, 19033
2026/09/26 22:55:43.130, 19033
2026/09/26 22:55:43.630, 19033
2026/09/26 22:55:44.130, 19033
2026/09/26 22:55:44.630, 19033
2026/09/26 22:55:45.130, 19033
2026/09/26 22:55:45.631, 19033
2026/09/26 22:55:46.131, 19033
2026/09/26 22:55:46.631, 19033
2026/09/26 22:55:47.131, 19033
2026/09/26 22:55:47.631, 19033
2026/09/26 22:55:48.131, 19033
2026/09/26 22:55:48.632, 19033
2026/09/26 22:55:49.132, 19033
2026/09/26 22:55:49.632, 19033
2026/09/26 22:55:50.132, 19033
2026/09/26 22:55:50.632, 19033
2026/09/26 22:55:51.132, 19033
2026/09/26 22:55:51.632, 19033
2026/09/26 22:55:52.133, 19033
2026/09/26 22:55:52.633, 19033
2026/09/26 22:55:53.133, 19033
2026/09/26 22:55:53.633, 19033
2026/09/26 22:55:54.133, 19033
2026/09/26 22:55:54.633, 19033
2026/09/26 22:55:55.134, 19033
2026/09/26 22:55:55.634, 19033
2026/09/26 22:55:56.134, 19033
2026/09/26 22:55:56.634, 19033
2026/09/26 22:55:57.134, 19033
2026/09/26 22:55:57.634, 19033
2026/09/26 22:55:58.135, 19033
2026/09/26 22:55:58.635, 19033
2026/09/26 22:55:59.135, 19033
2026/09/26 22:55:59.635, 19033
2026/09/26 22:56:00.135, 19033
2026/09/26 22:56:00.635, 19033
2026/09/26 22:56:01.136, 19033
2026/09/26 22:56:01.636, 19033
2026/09/26 22:56:02.136, 19033
2026/09/26 22:56:02.636, 19033
2026/09/26 22:56:03.136, 19033
2026/09/26 22:56:03.636, 19033
2026/09/26 22:56:04.136, 19033
2026/09/26 22:56:04.637, 19033
2026/09/26 22:56:05.137, 19033
2026/09/26 22:56:05.637, 19033
2026/09/26 22:56:06.137, 19033
2026/09/26 22:56:06.637, 19033
2026/09/26 22:56:07.137, 19033
2026/09/26 22:56:07.637, 19033
2026/09/26 22:56:08.138, 19033
2026/09/26 22:56:08.638, 19033
2026/09/26 22:56:09.138, 19033
2026/09/26 22:56:09.638, 19033
2026/09/26 22:56:10.138, 19033
2026/09/26 22:56:10.638, 19033
2026/09/26 22:56:11.139, 19033
2026/09/26 22:56:11.639, 19033
2026/09/26 22:56:12.139, 19033
2026/09/26 22:56:12.639, 19033
2026/09/26 22:56:13.139, 19033
2026/09/26 22:56:13.639, 19033
2026/09/26 22:56:14.139, 19033
2026/09/26 22:56:14.640, 19033
2026/09/26 22:56:15.140, 19033
2026/09/26 22:56:15.640, 19033
2026/09/26 22:56:16.140, 19033
2026/09/26 22:56:16.640, 19033
2026/09/26 22:56:17.140, 19033
2026/09/26 22:56:17.641, 19033
2026/09/26 22:56:18.141, 19033
2026/09/26 22:56:18.641, 19033
2026/09/26 22:56:19.141, 19033
2026/09/26 22:56:19.641, 19033
2026/09/26 22:56:20.141, 19033
2026/09/26 22:56:20.641, 19033
2026/09/26 22:56:21.142, 19033
2026/09/26 22:56:21.642, 19033
2026/09/26 22:56:22.142, 19033
2026/09/26 22:56:22.642, 19033
2026/09/26 22:56:23.142, 19033
2026/09/26 22:56:23.642, 19033
2026/09/26 22:56:24.143, 19033
2026/09/26 22:56:24.643, 19033
2026/09/26 22:56:25.143, 19033
2026/09/26 22:56:25.643, 19033
2026/09/26 22:56:26.143, 19033
2026/09/26 22:56:26.643, 19033
2026/09/26 22:56:27.143, 19033
2026/09/26 22:56:27.644, 19033
2026/09/26 22:56:28.144, 19033
2026/09/26 22:56:28.644, 19033
2026/09/26 22:56:29.144, 19033
2026/09/26 22:56:29.645, 4
2026/09/26 22:56:30.159, 4
2026/09/26 22:56:30.660, 4
