2026/09/26 03:30:12.456, 1
2026/09/26 03:30:12.956, 1
2026/09/26 03:30:13.456, 1
2026/09/26 03:30:13.957, 1
2026/09/26 03:30:14.457, 1
2026/09/26 03:30:14.957, 1
2026/09/26 03:30:15.457, 1
2026/09/26 03:30:15.957, 4
2026/09/26 03:30:16.458, 4
2026/09/26 03:30:16.958, 4
2026/09/26 03:30:17.458, 4
2026/09/26 03:30:17.958, 4
2026/09/26 03:30:18.458, 4
2026/09/26 03:30:18.958, 4
2026/09/26 03:30:19.458, 4
2026/09/26 03:30:19.959, 4
2026/09/26 03:30:20.459, 4
2026/09/26 03:30:20.959, 4
2026/09/26 03:30:21.459, 4
2026/09/26 03:30:21.959, 4
2026/09/26 03:30:22.460, 4
2026/09/26 03:30:22.960, 4
2026/09/26 03:30:23.460, 4
2026/09/26 03:30:23.960, 4
2026/09/26 03:30:24.460, 4
2026/09/26 03:30:24.960, 4
2026/09/26 03:30:25.461, 535
2026/09/26 03:30:25.961, 535
2026/09/26 03:30:26.461, 535
2026/09/26 03:30:26.961, 535
2026/09/26 03:30:27.461, 9479
2026/09/26 03:30:27.962, 9479
2026/09/26 03:30:28.462, 9479
2026/09/26 03:30:28.962, 9479
2026/09/26 03:30:29.462, 9479
2026/09/26 03:30:29.962, 9479
2026/09/26 03:30:30.463, 9479
2026/09/26 03:30:30.963, 9479
2026/09/26 03:30:31.463, 9479
2026/09/26 03:30:31.963, 9479
2026/09/26 03:30:32.463, 9479
2026/09/26 03:30:32.964, 10261
2026/09/26 03:30:33.464, 15197
2026/09/26 03:30:33.964, 15197
2026/09/26 03:30:34.464, 15197
2026/09/26 03:30:34.964, 15197
2026/09/26 03:30:35.465, 15197
2026/09/26 03:30:35.965, 15197
2026/09/26 03:30:36.465, 15197
2026/09/26 03:30:36.965, 15197
2026/09/26 03:30:37.465, 15197
2026/09/26 03:30:37.965, 15199
2026/09/26 03:30:38.466, 15199
2026/09/26 03:30:38.966, 15645
2026/09/26 03:30:39.466, 15645
2026/09/26 03:30:39.966, 16339
2026/09/26 03:30:40.466, 16521
2026/09/26 03:30:40.966, 16631
2026/09/26 03:30:41.467, 16773
2026/09/26 03:30:41.967, 16943
2026/09/26 03:30:42.467, 17077
2026/09/26 03:30:42.967, 17243
2026/09/26 03:30:43.467, 18661
2026/09/26 03:30:43.967, 18661
2026/09/26 03:30:44.467, 18661
2026/09/26 03:30:44.968, 18661
2026/09/26 03:30:45.468, 18661
2026/09/26 03:30:45.968, 18661
2026/09/26 03:30:46.468, 18661
2026/09/26 03:30:46.968, 18661
2026/09/26 03:30:47.468, 18661
2026/09/26 03:30:47.969, 18661
2026/09/26 03:30:48.469, 18661
2026/09/26 03:30:48.969, 18661
2026/09/26 03:30:49.469, 18661
2026/09/26 03:30:49.969, 18661
2026/09/26 03:30:50.470, 18661
2026/09/26 03:30:50.970, 18661
2026/09/26 03:30:51.470, 18661
2026/09/26 03:30:51.970, 18661
2026/09/26 03:30:52.470, 18661
2026/09/26 03:30:52.970, 18661
2026/09/26 03:30:53.471, 18661
2026/09/26 03:30:53.971, 18661
2026/09/26 03:30:54.471, 18661
2026/09/26 03:30:54.971, 18661
2026/09/26 03:30:55.471, 18661
2026/09/26 03:30:55.971, 18661
2026/09/26 03:30:56.472, 18661
2026/09/26 03:30:56.972, 18661
2026/09/26 03:30:57.472, 18661
2026/09/26 03:30:57.972, 18661
2026/09/26 03:30:58.472, 18661
2026/09/26 03:30:58.973, 18661
2026/09/26 03:30:59.473, 18661
2026/09/26 03:30:59.973, 18661
2026/09/26 03:31:00.473, 18661
2026/09/26 03:31:00.973, 18661
2026/09/26 03:31:01.473, 18661
2026/09/26 03:31:01.973, 18661
2026/09/26 03:31:02.474, 18661
2026/09/26 03:31:02.974, 18661
2026/09/26 03:31:03.474, 18661
2026/09/26 03:31:03.974, 18683
2026/09/26 03:31:04.474, 19639
2026/09/26 03:31:04.975, 19639
2026/09/26 03:31:05.475, 19639
2026/09/26 03:31:05.975, 19639
2026/09/26 03:31:06.475, 20135
2026/09/26 03:31:06.976, 20135
2026/09/26 03:31:07.476, 20135
2026/09/26 03:31:07.976, 20439
2026/09/26 03:31:08.476, 20439
2026/09/26 03:31:08.977, 20439
2026/09/26 03:31:09.477, 20439
2026/09/26 03:31:09.977, 20439
2026/09/26 03:31:10.478, 20439
2026/09/26 03:31:10.978, 20439
2026/09/26 03:31:11.478, 20439
2026/09/26 03:31:11.978, 20439
2026/09/26 03:31:12.478, 20439
2026/09/26 03:31:12.979, 20439
2026/09/26 03:31:13.479, 20439
2026/09/26 03:31:13.979, 20439
2026/09/26 03:31:14.479, 20439
2026/09/26 03:31:14.979, 20439
2026/09/26 03:31:15.480, 20439
2026/09/26 03:31:15.980, 20439
2026/09/26 03:31:16.480, 20439
2026/09/26 03:31:16.980, 20439
2026/09/26 03:31:17.480, 20439
2026/09/26 03:31:17.981, 20439
2026/09/26 03:31:18.481, 20439
2026/09/26 03:31:18.981, 20439
2026/09/26 03:31:19.481, 20439
2026/09/26 03:31:19.981, 20439
2026/09/26 03:31:20.481, 20439
2026/09/26 03:31:20.981, 20439
2026/09/26 03:31:21.482, 20439
2026/09/26 03:31:21.982, 20439
2026/09/26 03:31:22.482, 20439
2026/09/26 03:31:22.982, 20439
2026/09/26 03:31:23.482, 20439
2026/09/26 03:31:23.982, 20439
2026/09/26 03:31:24.483, 20439
2026/09/26 03:31:24.983, 20439
2026/09/26 03:31:25.483, 20439
2026/09/26 03:31:25.983, 20439
2026/09/26 03:31:26.483, 20439
2026/09/26 03:31:26.983, 20439
2026/09/26 03:31:27.483, 20439
2026/09/26 03:31:27.984, 20439
2026/09/26 03:31:28.484, 20439
2026/09/26 03:31:28.984, 20439
2026/09/26 03:31:29.484, 20439
2026/09/26 03:31:29.984, 20439
2026/09/26 03:31:30.484, 20439
2026/09/26 03:31:30.985, 20439
2026/09/26 03:31:31.485, 20439
2026/09/26 03:31:31.985, 20439
2026/09/26 03:31:32.485, 20439
2026/09/26 03:31:32.985, 20439
2026/09/26 03:31:33.485, 20439
2026/09/26 03:31:33.986, 20439
2026/09/26 03:31:34.486, 20439
2026/09/26 03:31:34.986, 20439
2026/09/26 03:31:35.486, 20439
2026/09/26 03:31:35.986, 20439
2026/09/26 03:31:36.486, 20439
2026/09/26 03:31:36.987, 20439
2026/09/26 03:31:37.487, 20439
2026/09/26 03:31:37.987, 20439
2026/09/26 03:31:38.487, 20439
2026/09/26 03:31:38.987, 20439
2026/09/26 03:31:39.488, 20439
2026/09/26 03:31:39.988, 20439
2026/09/26 03:31:40.488, 20439
2026/09/26 03:31:40.988, 20439
2026/09/26 03:31:41.488, 20439
2026/09/26 03:31:41.988, 20439
2026/09/26 03:31:42.489, 20439
2026/09/26 03:31:42.989, 20439
2026/09/26 03:31:43.489, 20439
2026/09/26 03:31:43.989, 20439
2026/09/26 03:31:44.489, 20439
2026/09/26 03:31:44.998, 20439
2026/09/26 03:31:45.498, 20439
2026/09/26 03:31:45.998, 20439
2026/09/26 03:31:46.499, 20439
2026/09/26 03:31:46.999, 20439
2026/09/26 03:31:47.499, 20439
2026/09/26 03:31:47.999, 20439
2026/09/26 03:31:48.499, 20439
2026/09/26 03:31:48.999, 20439
2026/09/26 03:31:49.500, 20439
2026/09/26 03:31:50.000, 20439
2026/09/26 03:31:50.500, 20439
2026/09/26 03:31:51.000, 20439
2026/09/26 03:31:51.500, 20439
2026/09/26 03:31:52.000, 20439
2026/09/26 03:31:52.501, 20439
2026/09/26 03:31:53.001, 20439
2026/09/26 03:31:53.501, 20439
2026/09/26 03:31:54.001, 20439
2026/09/26 03:31:54.501, 20439
2026/09/26 03:31:55.001, 20439
2026/09/26 03:31:55.502, 20439
2026/09/26 03:31:56.002, 20439
2026/09/26 03:31:56.502, 20439
2026/09/26 03:31:57.002, 20439
2026/09/26 03:31:57.502, 20439
2026/09/26 03:31:58.002, 20439
2026/09/26 03:31:58.502, 20439
2026/09/26 03:31:59.003, 20439
2026/09/26 03:31:59.503, 20439
2026/09/26 03:32:00.003, 20439
2026/09/26 03:32:00.503, 20439
2026/09/26 03:32:01.003, 20439
2026/09/26 03:32:01.503, 20439
2026/09/26 03:32:02.004, 20439
2026/09/26 03:32:02.504, 20439
2026/09/26 03:32:03.004, 20439
2026/09/26 03:32:03.504, 20439
2026/09/26 03:32:04.004, 20439
2026/09/26 03:32:04.504, 20439
2026/09/26 03:32:05.004, 20439
2026/09/26 03:32:05.505, 20439
2026/09/26 03:32:06.005, 20439
2026/09/26 03:32:06.505, 20439
2026/09/26 03:32:07.005, 20439
2026/09/26 03:32:07.505, 20439
2026/09/26 03:32:08.005, 20439
2026/09/26 03:32:08.506, 20439
2026/09/26 03:32:09.006, 20439
2026/09/26 03:32:09.506, 20439
2026/09/26 03:32:10.006, 20439
2026/09/26 03:32:10.506, 20439
2026/09/26 03:32:11.006, 20439
2026/09/26 03:32:11.507, 20439
2026/09/26 03:32:12.007, 20439
2026/09/26 03:32:12.507, 20439
2026/09/26 03:32:13.007, 20439
2026/09/26 03:32:13.507, 20439
2026/09/26 03:32:14.007, 20439
2026/09/26 03:32:14.508, 20439
2026/09/26 03:32:15.008, 20439
2026/09/26 03:32:15.508, 20439
2026/09/26 03:32:16.008, 20439
2026/09/26 03:32:16.508, 20439
2026/09/26 03:32:17.008, 20439
2026/09/26 03:32:17.509, 20439
2026/09/26 03:32:18.009, 20439
2026/09/26 03:32:18.509, 20439
2026/09/26 03:32:19.009, 20439
2026/09/26 03:32:19.509, 20439
2026/09/26 03:32:20.009, 20439
2026/09/26 03:32:20.510, 20439
2026/09/26 03:32:21.010, 20439
2026/09/26 03:32:21.510, 20439
2026/09/26 03:32:22.010, 20439
2026/09/26 03:32:22.510, 20439
2026/09/26 03:32:23.010, 20439
2026/09/26 03:32:23.511, 20439
2026/09/26 03:32:24.011, 20439
2026/09/26 03:32:24.511, 20439
2026/09/26 03:32:25.011, 20439
2026/09/26 03:32:25.511, 20439
2026/09/26 03:32:26.012, 20439
2026/09/26 03:32:26.512, 20439
2026/09/26 03:32:27.012, 20439
2026/09/26 03:32:27.512, 20439
2026/09/26 03:32:28.012, 20439
2026/09/26 03:32:28.512, 20439
2026/09/26 03:32:29.013, 20439
2026/09/26 03:32:29.513, 20439
2026/09/26 03:32:30.013, 20439
2026/09/26 03:32:30.513, 20439
2026/09/26 03:32:31.013, 20439
2026/09/26 03:32:31.513, 20439
2026/09/26 03:32:32.014, 20439
2026/09/26 03:32:32.514, 20439
2026/09/26 03:32:33.014, 20439
2026/09/26 03:32:33.514, 20439
2026/09/26 03:32:34.014, 20439
2026/09/26 03:32:34.514, 20439
2026/09/26 03:32:35.015, 20439
2026/09/26 03:32:35.515, 20439
2026/09/26 03:32:36.015, 20439
2026/09/26 03:32:36.515, 20439
2026/09/26 03:32:37.015, 20439
2026/09/26 03:32:37.515, 20439
2026/09/26 03:32:38.015, 20439
2026/09/26 03:32:38.516, 20439
2026/09/26 03:32:39.016, 20439
2026/09/26 03:32:39.516, 20439
2026/09/26 03:32:40.016, 20439
2026/09/26 03:32:40.516, 20439
2026/09/26 03:32:41.017, 20439
2026/09/26 03:32:41.517, 20439
2026/09/26 03:32:42.017, 20439
2026/09/26 03:32:42.517, 20439
2026/09/26 03:32:43.017, 20439
2026/09/26 03:32:43.517, 20439
2026/09/26 03:32:44.018, 20439
2026/09/26 03:32:44.518, 20439
2026/09/26 03:32:45.018, 20439
2026/09/26 03:32:45.518, 20439
2026/09/26 03:32:46.018, 20439
2026/09/26 03:32:46.518, 20439
2026/09/26 03:32:47.018, 20439
2026/09/26 03:32:47.519, 20439
2026/09/26 03:32:48.019, 20439
2026/09/26 03:32:48.519, 20439
2026/09/26 03:32:49.019, 20439
2026/09/26 03:32:49.519, 20439
2026/09/26 03:32:50.019, 20439
2026/09/26 03:32:50.519, 20439
2026/09/26 03:32:51.020, 20439
2026/09/26 03:32:51.520, 20439
2026/09/26 03:32:52.020, 20439
2026/09/26 03:32:52.520, 20439
2026/09/26 03:32:53.020, 20439
2026/09/26 03:32:53.520, 20439
2026/09/26 03:32:54.021, 20439
2026/09/26 03:32:54.521, 20439
2026/09/26 03:32:55.021, 20439
2026/09/26 03:32:55.521, 20439
2026/09/26 03:32:56.021, 20439
2026/09/26 03:32:56.521, 20439
2026/09/26 03:32:57.021, 20439
2026/09/26 03:32:57.522, 20439
2026/09/26 03:32:58.022, 20439
2026/09/26 03:32:58.522, 20439
2026/09/26 03:32:59.022, 20439
2026/09/26 03:32:59.522, 20439
2026/09/26 03:33:00.022, 20439
2026/09/26 03:33:00.522, 20439
2026/09/26 03:33:01.023, 20439
2026/09/26 03:33:01.523, 20439
2026/09/26 03:33:02.023, 20439
2026/09/26 03:33:02.523, 20439
2026/09/26 03:33:03.023, 20439
2026/09/26 03:33:03.523, 20439
2026/09/26 03:33:04.023, 20439
2026/09/26 03:33:04.524, 20439
2026/09/26 03:33:05.024, 20439
2026/09/26 03:33:05.524, 20439
2026/09/26 03:33:06.024, 20439
2026/09/26 03:33:06.524, 20439
2026/09/26 03:33:07.024, 20439
2026/09/26 03:33:07.524, 20439
2026/09/26 03:33:08.025, 20439
2026/09/26 03:33:08.525, 20439
2026/09/26 03:33:09.025, 20439
2026/09/26 03:33:09.525, 20439
2026/09/26 03:33:10.025, 20439
2026/09/26 03:33:10.525, 20439
2026/09/26 03:33:11.025, 20439
2026/09/26 03:33:11.526, 20439
2026/09/26 03:33:12.026, 20439
2026/09/26 03:33:12.526, 20439
2026/09/26 03:33:13.026, 20439
2026/09/26 03:33:13.526, 20439
2026/09/26 03:33:14.026, 20439
2026/09/26 03:33:14.526, 20439
2026/09/26 03:33:15.027, 20439
2026/09/26 03:33:15.527, 20439
2026/09/26 03:33:16.027, 20439
2026/09/26 03:33:16.527, 20439
2026/09/26 03:33:17.027, 20439
2026/09/26 03:33:17.528, 20439
2026/09/26 03:33:18.028, 20439
2026/09/26 03:33:18.528, 20439
2026/09/26 03:33:19.028, 20439
2026/09/26 03:33:19.528, 20439
2026/09/26 03:33:20.028, 20439
2026/09/26 03:33:20.528, 20439
2026/09/26 03:33:21.029, 20439
2026/09/26 03:33:21.529, 20439
2026/09/26 03:33:22.029, 20439
2026/09/26 03:33:22.529, 20439
2026/09/26 03:33:23.029, 20439
2026/09/26 03:33:23.529, 20439
2026/09/26 03:33:24.030, 20439
2026/09/26 03:33:24.530, 20439
2026/09/26 03:33:25.030, 20439
2026/09/26 03:33:25.530, 20439
2026/09/26 03:33:26.030, 20439
2026/09/26 03:33:26.530, 20439
2026/09/26 03:33:27.031, 20439
2026/09/26 03:33:27.531, 20439
2026/09/26 03:33:28.031, 20439
2026/09/26 03:33:28.531, 20439
2026/09/26 03:33:29.031, 20439
2026/09/26 03:33:29.531, 20439
2026/09/26 03:33:30.032, 20439
2026/09/26 03:33:30.532, 20439
2026/09/26 03:33:31.032, 20439
2026/09/26 03:33:31.532, 20439
2026/09/26 03:33:32.032, 20439
2026/09/26 03:33:32.532, 20439
2026/09/26 03:33:33.033, 20439
2026/09/26 03:33:33.533, 20439
2026/09/26 03:33:34.033, 20439
2026/09/26 03:33:34.533, 20439
2026/09/26 03:33:35.033, 20439
2026/09/26 03:33:35.533, 20439
2026/09/26 03:33:36.034, 20439
2026/09/26 03:33:36.534, 20439
2026/09/26 03:33:37.034, 20439
2026/09/26 03:33:37.534, 20439
2026/09/26 03:33:38.034, 20439
2026/09/26 03:33:38.534, 20439
2026/09/26 03:33:39.035, 20439
2026/09/26 03:33:39.535, 20439
2026/09/26 03:33:40.035, 20439
2026/09/26 03:33:40.535, 20439
2026/09/26 03:33:41.035, 20439
2026/09/26 03:33:41.535, 20439
2026/09/26 03:33:42.036, 20439
2026/09/26 03:33:42.536, 20439
2026/09/26 03:33:43.036, 20439
2026/09/26 03:33:43.536, 20439
2026/09/26 03:33:44.036, 20439
2026/09/26 03:33:44.537, 20439
2026/09/26 03:33:45.037, 20439
2026/09/26 03:33:45.537, 20439
2026/09/26 03:33:46.037, 20439
2026/09/26 03:33:46.537, 20439
2026/09/26 03:33:47.037, 20439
2026/09/26 03:33:47.538, 20439
2026/09/26 03:33:48.038, 20439
2026/09/26 03:33:48.538, 20439
2026/09/26 03:33:49.038, 20439
2026/09/26 03:33:49.538, 20439
2026/09/26 03:33:50.038, 20439
2026/09/26 03:33:50.538, 20439
2026/09/26 03:33:51.039, 20439
2026/09/26 03:33:51.539, 20439
2026/09/26 03:33:52.039, 20439
2026/09/26 03:33:52.539, 20439
2026/09/26 03:33:53.039, 20439
2026/09/26 03:33:53.540, 20439
2026/09/26 03:33:54.040, 20439
2026/09/26 03:33:54.540, 20439
2026/09/26 03:33:55.040, 20439
2026/09/26 03:33:55.540, 20439
2026/09/26 03:33:56.040, 20439
2026/09/26 03:33:56.541, 20439
2026/09/26 03:33:57.041, 20439
2026/09/26 03:33:57.541, 20439
2026/09/26 03:33:58.041, 20439
2026/09/26 03:33:58.541, 20439
2026/09/26 03:33:59.042, 20439
2026/09/26 03:33:59.542, 20439
2026/09/26 03:34:00.042, 20439
2026/09/26 03:34:00.542, 20439
2026/09/26 03:34:01.042, 20439
2026/09/26 03:34:01.542, 20439
2026/09/26 03:34:02.043, 20439
2026/09/26 03:34:02.543, 20439
2026/09/26 03:34:03.043, 20439
2026/09/26 03:34:03.543, 20439
2026/09/26 03:34:04.043, 20439
2026/09/26 03:34:04.543, 20439
2026/09/26 03:34:05.044, 20439
2026/09/26 03:34:05.544, 20439
2026/09/26 03:34:06.044, 20439
2026/09/26 03:34:06.544, 20439
2026/09/26 03:34:07.044, 20439
2026/09/26 03:34:07.544, 20439
2026/09/26 03:34:08.044, 20439
2026/09/26 03:34:08.545, 20439
2026/09/26 03:34:09.045, 20439
2026/09/26 03:34:09.545, 20439
2026/09/26 03:34:10.045, 20439
2026/09/26 03:34:10.545, 20439
2026/09/26 03:34:11.045, 20439
2026/09/26 03:34:11.545, 20439
2026/09/26 03:34:12.046, 20439
2026/09/26 03:34:12.546, 20439
2026/09/26 03:34:13.046, 20439
2026/09/26 03:34:13.546, 20439
2026/09/26 03:34:14.046, 20439
2026/09/26 03:34:14.546, 20439
2026/09/26 03:34:15.047, 20439
2026/09/26 03:34:15.547, 20439
2026/09/26 03:34:16.047, 20439
2026/09/26 03:34:16.547, 20439
2026/09/26 03:34:17.047, 20439
2026/09/26 03:34:17.547, 20439
2026/09/26 03:34:18.048, 20439
2026/09/26 03:34:18.548, 20439
2026/09/26 03:34:19.048, 20439
2026/09/26 03:34:19.548, 20439
2026/09/26 03:34:20.048, 20439
2026/09/26 03:34:20.548, 20439
2026/09/26 03:34:21.048, 20439
2026/09/26 03:34:21.549, 20439
2026/09/26 03:34:22.049, 20439
2026/09/26 03:34:22.549, 20439
2026/09/26 03:34:23.049, 20439
2026/09/26 03:34:23.549, 20439
2026/09/26 03:34:24.049, 20439
2026/09/26 03:34:24.550, 20439
2026/09/26 03:34:25.050, 20439
2026/09/26 03:34:25.550, 20439
2026/09/26 03:34:26.050, 20439
2026/09/26 03:34:26.550, 20439
2026/09/26 03:34:27.050, 20439
2026/09/26 03:34:27.551, 20439
2026/09/26 03:34:28.051, 20439
2026/09/26 03:34:28.551, 20439
2026/09/26 03:34:29.051, 20439
2026/09/26 03:34:29.551, 20439
2026/09/26 03:34:30.052, 20439
2026/09/26 03:34:30.552, 20439
2026/09/26 03:34:31.052, 20439
2026/09/26 03:34:31.552, 20439
2026/09/26 03:34:32.052, 20439
2026/09/26 03:34:32.552, 20439
2026/09/26 03:34:33.053, 20439
2026/09/26 03:34:33.553, 20439
2026/09/26 03:34:34.053, 20439
2026/09/26 03:34:34.553, 20439
2026/09/26 03:34:35.053, 20439
2026/09/26 03:34:35.554, 20439
2026/09/26 03:34:36.054, 20439
2026/09/26 03:34:36.554, 20439
2026/09/26 03:34:37.054, 20439
2026/09/26 03:34:37.554, 20439
2026/09/26 03:34:38.054, 20439
2026/09/26 03:34:38.555, 20439
2026/09/26 03:34:39.055, 20439
2026/09/26 03:34:39.555, 20439
2026/09/26 03:34:40.055, 20439
2026/09/26 03:34:40.555, 20439
2026/09/26 03:34:41.056, 20439
2026/09/26 03:34:41.556, 20439
2026/09/26 03:34:42.056, 20439
2026/09/26 03:34:42.556, 20439
2026/09/26 03:34:43.056, 20439
2026/09/26 03:34:43.556, 20439
2026/09/26 03:34:44.057, 20439
2026/09/26 03:34:44.557, 20439
2026/09/26 03:34:45.057, 20439
2026/09/26 03:34:45.557, 20439
2026/09/26 03:34:46.057, 20439
2026/09/26 03:34:46.557, 20439
2026/09/26 03:34:47.058, 20439
2026/09/26 03:34:47.558, 20439
2026/09/26 03:34:48.058, 20439
2026/09/26 03:34:48.558, 20439
2026/09/26 03:34:49.058, 20439
2026/09/26 03:34:49.559, 20439
2026/09/26 03:34:50.059, 20439
2026/09/26 03:34:50.559, 20439
2026/09/26 03:34:51.059, 20439
2026/09/26 03:34:51.559, 20439
2026/09/26 03:34:52.059, 20439
2026/09/26 03:34:52.560, 20439
2026/09/26 03:34:53.060, 20439
2026/09/26 03:34:53.560, 20439
2026/09/26 03:34:54.060, 20439
2026/09/26 03:34:54.560, 20439
2026/09/26 03:34:55.060, 20439
2026/09/26 03:34:55.561, 20439
2026/09/26 03:34:56.061, 20439
2026/09/26 03:34:56.561, 20439
2026/09/26 03:34:57.061, 20439
2026/09/26 03:34:57.561, 20439
2026/09/26 03:34:58.062, 20439
2026/09/26 03:34:58.562, 20439
2026/09/26 03:34:59.062, 20439
2026/09/26 03:34:59.562, 20439
2026/09/26 03:35:00.062, 20439
2026/09/26 03:35:00.562, 20439
2026/09/26 03:35:01.063, 20439
2026/09/26 03:35:01.563, 20439
2026/09/26 03:35:02.063, 20439
2026/09/26 03:35:02.563, 20439
2026/09/26 03:35:03.063, 20439
2026/09/26 03:35:03.563, 20439
2026/09/26 03:35:04.064, 20439
2026/09/26 03:35:04.564, 20439
2026/09/26 03:35:05.064, 20439
2026/09/26 03:35:05.564, 20439
2026/09/26 03:35:06.064, 20439
2026/09/26 03:35:06.564, 20439
2026/09/26 03:35:07.065, 20439
2026/09/26 03:35:07.565, 20439
2026/09/26 03:35:08.065, 20439
2026/09/26 03:35:08.565, 20439
2026/09/26 03:35:09.065, 20439
2026/09/26 03:35:09.565, 20439
2026/09/26 03:35:10.066, 20439
2026/09/26 03:35:10.566, 20439
2026/09/26 03:35:11.066, 20439
2026/09/26 03:35:11.566, 20439
2026/09/26 03:35:12.066, 20439
2026/09/26 03:35:12.566, 20439
2026/09/26 03:35:13.067, 20439
2026/09/26 03:35:13.567, 20439
2026/09/26 03:35:14.067, 20439
2026/09/26 03:35:14.567, 20439
2026/09/26 03:35:15.067, 20439
2026/09/26 03:35:15.567, 20439
2026/09/26 03:35:16.068, 20439
2026/09/26 03:35:16.568, 20439
2026/09/26 03:35:17.068, 20439
2026/09/26 03:35:17.568, 20439
2026/09/26 03:35:18.068, 20439
2026/09/26 03:35:18.568, 20439
2026/09/26 03:35:19.069, 20439
2026/09/26 03:35:19.569, 20439
2026/09/26 03:35:20.069, 20439
2026/09/26 03:35:20.569, 20439
2026/09/26 03:35:21.069, 20439
2026/09/26 03:35:21.569, 20439
2026/09/26 03:35:22.070, 20439
2026/09/26 03:35:22.570, 20439
2026/09/26 03:35:23.070, 20439
2026/09/26 03:35:23.570, 20439
2026/09/26 03:35:24.070, 20439
2026/09/26 03:35:24.570, 20439
2026/09/26 03:35:25.071, 20439
2026/09/26 03:35:25.571, 20439
2026/09/26 03:35:26.071, 20439
2026/09/26 03:35:26.571, 20439
2026/09/26 03:35:27.071, 20439
2026/09/26 03:35:27.571, 20439
2026/09/26 03:35:28.072, 20439
2026/09/26 03:35:28.572, 20439
2026/09/26 03:35:29.072, 20439
2026/09/26 03:35:29.572, 20439
2026/09/26 03:35:30.072, 20439
2026/09/26 03:35:30.572, 20439
2026/09/26 03:35:31.073, 20439
2026/09/26 03:35:31.573, 20439
2026/09/26 03:35:32.073, 20439
2026/09/26 03:35:32.573, 20439
2026/09/26 03:35:33.073, 20439
2026/09/26 03:35:33.573, 20439
2026/09/26 03:35:34.073, 20439
2026/09/26 03:35:34.574, 20439
2026/09/26 03:35:35.074, 20439
2026/09/26 03:35:35.574, 20439
2026/09/26 03:35:36.074, 20439
2026/09/26 03:35:36.574, 20439
2026/09/26 03:35:37.074, 20439
2026/09/26 03:35:37.575, 20439
2026/09/26 03:35:38.075, 20439
2026/09/26 03:35:38.575, 20439
2026/09/26 03:35:39.075, 20439
2026/09/26 03:35:39.575, 20439
2026/09/26 03:35:40.075, 20439
2026/09/26 03:35:40.576, 20439
2026/09/26 03:35:41.076, 20439
2026/09/26 03:35:41.576, 20439
2026/09/26 03:35:42.076, 20439
2026/09/26 03:35:42.576, 20439
2026/09/26 03:35:43.076, 20439
2026/09/26 03:35:43.576, 20439
2026/09/26 03:35:44.077, 20439
2026/09/26 03:35:44.577, 20439
2026/09/26 03:35:45.077, 20439
2026/09/26 03:35:45.577, 20439
2026/09/26 03:35:46.077, 20439
2026/09/26 03:35:46.577, 20439
2026/09/26 03:35:47.078, 20439
2026/09/26 03:35:47.578, 20439
2026/09/26 03:35:48.078, 20439
2026/09/26 03:35:48.578, 20439
2026/09/26 03:35:49.078, 20439
2026/09/26 03:35:49.578, 20439
2026/09/26 03:35:50.079, 20439
2026/09/26 03:35:50.579, 20439
2026/09/26 03:35:51.079, 20439
2026/09/26 03:35:51.579, 20439
2026/09/26 03:35:52.079, 20439
2026/09/26 03:35:52.579, 20439
2026/09/26 03:35:53.080, 20439
2026/09/26 03:35:53.580, 20439
2026/09/26 03:35:54.080, 20439
2026/09/26 03:35:54.580, 20439
2026/09/26 03:35:55.080, 20439
2026/09/26 03:35:55.580, 20439
2026/09/26 03:35:56.081, 20439
2026/09/26 03:35:56.581, 20439
2026/09/26 03:35:57.081, 20439
2026/09/26 03:35:57.581, 20439
2026/09/26 03:35:58.081, 20439
2026/09/26 03:35:58.582, 20439
2026/09/26 03:35:59.082, 20439
2026/09/26 03:35:59.582, 20439
2026/09/26 03:36:00.082, 20439
2026/09/26 03:36:00.582, 20439
2026/09/26 03:36:01.082, 20439
2026/09/26 03:36:01.583, 20439
2026/09/26 03:36:02.083, 20439
2026/09/26 03:36:02.583, 20439
2026/09/26 03:36:03.083, 20439
2026/09/26 03:36:03.583, 20439
2026/09/26 03:36:04.083, 20439
2026/09/26 03:36:04.583, 20439
2026/09/26 03:36:05.084, 20439
2026/09/26 03:36:05.584, 20439
2026/09/26 03:36:06.084, 20439
2026/09/26 03:36:06.584, 20439
2026/09/26 03:36:07.084, 20439
2026/09/26 03:36:07.584, 20439
2026/09/26 03:36:08.084, 20439
2026/09/26 03:36:08.585, 20439
2026/09/26 03:36:09.085, 20439
2026/09/26 03:36:09.585, 20439
2026/09/26 03:36:10.085, 20439
2026/09/26 03:36:10.585, 20439
2026/09/26 03:36:11.085, 20439
2026/09/26 03:36:11.586, 20439
2026/09/26 03:36:12.086, 20439
2026/09/26 03:36:12.586, 20439
2026/09/26 03:36:13.086, 20439
2026/09/26 03:36:13.586, 20439
2026/09/26 03:36:14.086, 20439
2026/09/26 03:36:14.587, 20439
2026/09/26 03:36:15.087, 20439
2026/09/26 03:36:15.587, 20439
2026/09/26 03:36:16.087, 20439
2026/09/26 03:36:16.587, 20439
2026/09/26 03:36:17.088, 20439
2026/09/26 03:36:17.588, 20439
2026/09/26 03:36:18.088, 20439
2026/09/26 03:36:18.588, 20439
2026/09/26 03:36:19.088, 20439
2026/09/26 03:36:19.588, 20439
2026/09/26 03:36:20.088, 20439
2026/09/26 03:36:20.589, 20439
2026/09/26 03:36:21.089, 20439
2026/09/26 03:36:21.589, 20439
2026/09/26 03:36:22.089, 20439
2026/09/26 03:36:22.589, 20439
2026/09/26 03:36:23.089, 20439
2026/09/26 03:36:23.590, 20439
2026/09/26 03:36:24.090, 20439
2026/09/26 03:36:24.590, 20439
2026/09/26 03:36:25.090, 20439
2026/09/26 03:36:25.590, 20439
2026/09/26 03:36:26.090, 20439
2026/09/26 03:36:26.591, 20439
2026/09/26 03:36:27.091, 20439
2026/09/26 03:36:27.591, 20439
2026/09/26 03:36:28.091, 20439
2026/09/26 03:36:28.591, 20439
2026/09/26 03:36:29.091, 20439
2026/09/26 03:36:29.591, 20439
2026/09/26 03:36:30.092, 20439
2026/09/26 03:36:30.592, 20439
2026/09/26 03:36:31.092, 20439
2026/09/26 03:36:31.592, 20439
2026/09/26 03:36:32.092, 20439
2026/09/26 03:36:32.593, 20439
2026/09/26 03:36:33.093, 20439
2026/09/26 03:36:33.593, 20439
2026/09/26 03:36:34.093, 20439
2026/09/26 03:36:34.593, 20439
2026/09/26 03:36:35.093, 20439
2026/09/26 03:36:35.594, 20439
2026/09/26 03:36:36.094, 20439
2026/09/26 03:36:36.594, 20439
2026/09/26 03:36:37.094, 20439
2026/09/26 03:36:37.594, 20439
2026/09/26 03:36:38.094, 20439
2026/09/26 03:36:38.594, 20439
2026/09/26 03:36:39.095, 20439
2026/09/26 03:36:39.595, 20439
2026/09/26 03:36:40.095, 20439
2026/09/26 03:36:40.595, 20439
2026/09/26 03:36:41.095, 20439
2026/09/26 03:36:41.596, 20439
2026/09/26 03:36:42.096, 20439
2026/09/26 03:36:42.596, 20439
2026/09/26 03:36:43.096, 20439
2026/09/26 03:36:43.596, 20439
2026/09/26 03:36:44.096, 20439
2026/09/26 03:36:44.596, 20439
2026/09/26 03:36:45.097, 20439
2026/09/26 03:36:45.597, 20439
2026/09/26 03:36:46.097, 20439
2026/09/26 03:36:46.597, 20439
2026/09/26 03:36:47.097, 20439
2026/09/26 03:36:47.597, 20439
2026/09/26 03:36:48.097, 20439
2026/09/26 03:36:48.598, 20439
2026/09/26 03:36:49.098, 20439
2026/09/26 03:36:49.598, 20439
2026/09/26 03:36:50.098, 20439
2026/09/26 03:36:50.598, 20439
2026/09/26 03:36:51.098, 20439
2026/09/26 03:36:51.599, 20439
2026/09/26 03:36:52.099, 20439
2026/09/26 03:36:52.599, 20439
2026/09/26 03:36:53.099, 20439
2026/09/26 03:36:53.599, 20439
2026/09/26 03:36:54.099, 20439
2026/09/26 03:36:54.599, 20439
2026/09/26 03:36:55.100, 20439
2026/09/26 03:36:55.600, 20439
2026/09/26 03:36:56.100, 20439
2026/09/26 03:36:56.600, 20439
2026/09/26 03:36:57.100, 20439
2026/09/26 03:36:57.600, 20439
2026/09/26 03:36:58.100, 20439
2026/09/26 03:36:58.601, 20439
2026/09/26 03:36:59.101, 20439
2026/09/26 03:36:59.601, 20439
2026/09/26 03:37:00.101, 20439
2026/09/26 03:37:00.601, 20439
2026/09/26 03:37:01.101, 20439
2026/09/26 03:37:01.602, 20439
2026/09/26 03:37:02.102, 20439
2026/09/26 03:37:02.602, 20439
2026/09/26 03:37:03.102, 20439
2026/09/26 03:37:03.602, 20439
2026/09/26 03:37:04.102, 20439
2026/09/26 03:37:04.602, 20439
2026/09/26 03:37:05.103, 20439
2026/09/26 03:37:05.603, 20439
2026/09/26 03:37:06.103, 20439
2026/09/26 03:37:06.603, 20439
2026/09/26 03:37:07.103, 20439
2026/09/26 03:37:07.603, 20439
2026/09/26 03:37:08.103, 20439
2026/09/26 03:37:08.604, 20439
2026/09/26 03:37:09.104, 20439
2026/09/26 03:37:09.604, 20439
2026/09/26 03:37:10.104, 20439
2026/09/26 03:37:10.604, 20439
2026/09/26 03:37:11.104, 20439
2026/09/26 03:37:11.605, 20439
2026/09/26 03:37:12.105, 20439
2026/09/26 03:37:12.605, 20439
2026/09/26 03:37:13.105, 20439
2026/09/26 03:37:13.605, 20439
2026/09/26 03:37:14.105, 20439
2026/09/26 03:37:14.605, 20439
2026/09/26 03:37:15.106, 20439
2026/09/26 03:37:15.606, 20439
2026/09/26 03:37:16.106, 20439
2026/09/26 03:37:16.606, 20439
2026/09/26 03:37:17.106, 20439
2026/09/26 03:37:17.606, 20439
2026/09/26 03:37:18.107, 20439
2026/09/26 03:37:18.607, 20439
2026/09/26 03:37:19.107, 20439
2026/09/26 03:37:19.607, 20439
2026/09/26 03:37:20.107, 20439
2026/09/26 03:37:20.607, 20439
2026/09/26 03:37:21.107, 20439
2026/09/26 03:37:21.608, 20439
2026/09/26 03:37:22.108, 20439
2026/09/26 03:37:22.608, 20439
2026/09/26 03:37:23.108, 20439
2026/09/26 03:37:23.608, 20439
2026/09/26 03:37:24.108, 20439
2026/09/26 03:37:24.609, 20439
2026/09/26 03:37:25.109, 20439
2026/09/26 03:37:25.609, 20439
2026/09/26 03:37:26.109, 20439
2026/09/26 03:37:26.609, 20439
2026/09/26 03:37:27.109, 20439
2026/09/26 03:37:27.609, 20439
2026/09/26 03:37:28.110, 20439
2026/09/26 03:37:28.610, 20439
2026/09/26 03:37:29.110, 20439
2026/09/26 03:37:29.610, 20439
2026/09/26 03:37:30.110, 20439
2026/09/26 03:37:30.610, 20439
2026/09/26 03:37:31.111, 20439
2026/09/26 03:37:31.611, 20439
2026/09/26 03:37:32.111, 20439
2026/09/26 03:37:32.611, 20439
2026/09/26 03:37:33.111, 20439
2026/09/26 03:37:33.611, 20439
2026/09/26 03:37:34.112, 20439
2026/09/26 03:37:34.612, 20439
2026/09/26 03:37:35.112, 20439
2026/09/26 03:37:35.612, 20439
2026/09/26 03:37:36.112, 20439
2026/09/26 03:37:36.612, 20439
2026/09/26 03:37:37.112, 20439
2026/09/26 03:37:37.613, 20439
2026/09/26 03:37:38.113, 20439
2026/09/26 03:37:38.613, 20439
2026/09/26 03:37:39.114, 20439
2026/09/26 03:37:39.614, 20439
2026/09/26 03:37:40.114, 20439
2026/09/26 03:37:40.614, 20439
2026/09/26 03:37:41.115, 20439
2026/09/26 03:37:41.615, 20439
2026/09/26 03:37:42.115, 20439
2026/09/26 03:37:42.615, 20439
2026/09/26 03:37:43.115, 20439
2026/09/26 03:37:43.615, 20439
2026/09/26 03:37:44.115, 20439
2026/09/26 03:37:44.616, 20439
2026/09/26 03:37:45.116, 20439
2026/09/26 03:37:45.616, 20439
2026/09/26 03:37:46.116, 20439
2026/09/26 03:37:46.616, 20439
2026/09/26 03:37:47.116, 20439
2026/09/26 03:37:47.616, 20439
2026/09/26 03:37:48.117, 20439
2026/09/26 03:37:48.617, 20439
2026/09/26 03:37:49.117, 20439
2026/09/26 03:37:49.617, 20439
2026/09/26 03:37:50.117, 20439
2026/09/26 03:37:50.617, 20439
2026/09/26 03:37:51.118, 20439
2026/09/26 03:37:51.618, 20439
2026/09/26 03:37:52.118, 20439
2026/09/26 03:37:52.618, 20439
2026/09/26 03:37:53.118, 20439
2026/09/26 03:37:53.618, 20439
2026/09/26 03:37:54.118, 20439
2026/09/26 03:37:54.619, 20439
2026/09/26 03:37:55.119, 20439
2026/09/26 03:37:55.619, 20439
2026/09/26 03:37:56.120, 20439
2026/09/26 03:37:56.620, 20439
2026/09/26 03:37:57.120, 20439
2026/09/26 03:37:57.620, 20439
2026/09/26 03:37:58.120, 20439
2026/09/26 03:37:58.620, 20439
2026/09/26 03:37:59.120, 20439
2026/09/26 03:37:59.621, 20439
2026/09/26 03:38:00.121, 20439
2026/09/26 03:38:00.621, 20439
2026/09/26 03:38:01.121, 20439
2026/09/26 03:38:01.621, 20439
2026/09/26 03:38:02.121, 20439
2026/09/26 03:38:02.622, 20439
2026/09/26 03:38:03.122, 20439
2026/09/26 03:38:03.622, 20439
2026/09/26 03:38:04.122, 20439
2026/09/26 03:38:04.622, 20439
2026/09/26 03:38:05.122, 20439
2026/09/26 03:38:05.623, 20439
2026/09/26 03:38:06.123, 20439
2026/09/26 03:38:06.623, 20439
2026/09/26 03:38:07.123, 20439
2026/09/26 03:38:07.623, 20439
2026/09/26 03:38:08.123, 20439
2026/09/26 03:38:08.624, 20439
2026/09/26 03:38:09.124, 20439
2026/09/26 03:38:09.624, 20439
2026/09/26 03:38:10.124, 20439
2026/09/26 03:38:10.624, 20439
2026/09/26 03:38:11.124, 20439
2026/09/26 03:38:11.625, 20439
2026/09/26 03:38:12.125, 20439
2026/09/26 03:38:12.625, 20439
2026/09/26 03:38:13.125, 20439
2026/09/26 03:38:13.625, 20439
2026/09/26 03:38:14.125, 20439
2026/09/26 03:38:14.625, 20439
2026/09/26 03:38:15.126, 20439
2026/09/26 03:38:15.626, 20439
2026/09/26 03:38:16.126, 20439
2026/09/26 03:38:16.627, 20439
2026/09/26 03:38:17.127, 20439
2026/09/26 03:38:17.627, 20439
2026/09/26 03:38:18.127, 20439
2026/09/26 03:38:18.627, 20439
2026/09/26 03:38:19.127, 20439
2026/09/26 03:38:19.627, 20439
2026/09/26 03:38:20.128, 20439
2026/09/26 03:38:20.628, 20439
2026/09/26 03:38:21.128, 20439
2026/09/26 03:38:21.628, 20439
2026/09/26 03:38:22.128, 20439
2026/09/26 03:38:22.628, 20439
2026/09/26 03:38:23.128, 20439
2026/09/26 03:38:23.629, 20439
2026/09/26 03:38:24.129, 20439
2026/09/26 03:38:24.629, 20439
2026/09/26 03:38:25.129, 20439
2026/09/26 03:38:25.629, 20439
2026/09/26 03:38:26.129, 20439
2026/09/26 03:38:26.629, 20439
2026/09/26 03:38:27.130, 20439
2026/09/26 03:38:27.630, 20439
2026/09/26 03:38:28.130, 20439
2026/09/26 03:38:28.630, 20439
2026/09/26 03:38:29.130, 20439
2026/09/26 03:38:29.630, 20439
2026/09/26 03:38:30.131, 20439
2026/09/26 03:38:30.631, 20439
2026/09/26 03:38:31.131, 20439
2026/09/26 03:38:31.631, 20439
2026/09/26 03:38:32.131, 20439
2026/09/26 03:38:32.631, 20439
2026/09/26 03:38:33.131, 20439
2026/09/26 03:38:33.632, 20439
2026/09/26 03:38:34.132, 20439
2026/09/26 03:38:34.632, 20439
2026/09/26 03:38:35.132, 20439
2026/09/26 03:38:35.632, 20439
2026/09/26 03:38:36.132, 20439
2026/09/26 03:38:36.633, 20439
2026/09/26 03:38:37.133, 20439
2026/09/26 03:38:37.633, 20439
2026/09/26 03:38:38.133, 20439
2026/09/26 03:38:38.633, 20439
2026/09/26 03:38:39.133, 20439
2026/09/26 03:38:39.634, 20439
2026/09/26 03:38:40.134, 20439
2026/09/26 03:38:40.634, 20439
2026/09/26 03:38:41.134, 20439
2026/09/26 03:38:41.634, 20439
2026/09/26 03:38:42.134, 20439
2026/09/26 03:38:42.634, 20439
2026/09/26 03:38:43.135, 20439
2026/09/26 03:38:43.635, 20439
2026/09/26 03:38:44.135, 20439
2026/09/26 03:38:44.635, 20439
2026/09/26 03:38:45.135, 20439
2026/09/26 03:38:45.635, 20439
2026/09/26 03:38:46.135, 20439
2026/09/26 03:38:46.636, 20439
2026/09/26 03:38:47.136, 20439
2026/09/26 03:38:47.636, 20439
2026/09/26 03:38:48.136, 20439
2026/09/26 03:38:48.636, 20439
2026/09/26 03:38:49.136, 20439
2026/09/26 03:38:49.636, 20439
2026/09/26 03:38:50.137, 20439
2026/09/26 03:38:50.637, 20439
2026/09/26 03:38:51.137, 20439
2026/09/26 03:38:51.637, 20439
2026/09/26 03:38:52.137, 20439
2026/09/26 03:38:52.638, 20439
2026/09/26 03:38:53.138, 20439
2026/09/26 03:38:53.638, 20439
2026/09/26 03:38:54.138, 20439
2026/09/26 03:38:54.638, 20439
2026/09/26 03:38:55.138, 20439
2026/09/26 03:38:55.639, 20439
2026/09/26 03:38:56.139, 20439
2026/09/26 03:38:56.639, 20439
2026/09/26 03:38:57.139, 20439
2026/09/26 03:38:57.639, 20439
2026/09/26 03:38:58.139, 20439
2026/09/26 03:38:58.640, 20439
2026/09/26 03:38:59.140, 20439
2026/09/26 03:38:59.640, 20439
2026/09/26 03:39:00.140, 20439
2026/09/26 03:39:00.640, 20439
2026/09/26 03:39:01.141, 20439
2026/09/26 03:39:01.641, 20439
2026/09/26 03:39:02.141, 20439
2026/09/26 03:39:02.641, 20439
2026/09/26 03:39:03.141, 20439
2026/09/26 03:39:03.641, 20439
2026/09/26 03:39:04.142, 20439
2026/09/26 03:39:04.642, 20439
2026/09/26 03:39:05.142, 20439
2026/09/26 03:39:05.642, 20439
2026/09/26 03:39:06.142, 20439
2026/09/26 03:39:06.642, 20439
2026/09/26 03:39:07.143, 20439
2026/09/26 03:39:07.643, 20439
2026/09/26 03:39:08.143, 20439
2026/09/26 03:39:08.643, 20439
2026/09/26 03:39:09.143, 20439
2026/09/26 03:39:09.643, 20439
2026/09/26 03:39:10.144, 20439
2026/09/26 03:39:10.644, 20439
2026/09/26 03:39:11.144, 20439
2026/09/26 03:39:11.644, 20439
2026/09/26 03:39:12.144, 20439
2026/09/26 03:39:12.644, 20439
2026/09/26 03:39:13.145, 20439
2026/09/26 03:39:13.645, 20439
2026/09/26 03:39:14.145, 20439
2026/09/26 03:39:14.645, 20439
2026/09/26 03:39:15.145, 20439
2026/09/26 03:39:15.645, 20439
2026/09/26 03:39:16.146, 20439
2026/09/26 03:39:16.646, 20439
2026/09/26 03:39:17.146, 20439
2026/09/26 03:39:17.646, 20439
2026/09/26 03:39:18.146, 20439
2026/09/26 03:39:18.646, 20439
2026/09/26 03:39:19.147, 20439
2026/09/26 03:39:19.647, 20439
2026/09/26 03:39:20.147, 20439
2026/09/26 03:39:20.647, 20439
2026/09/26 03:39:21.147, 20439
2026/09/26 03:39:21.647, 20439
2026/09/26 03:39:22.148, 20439
2026/09/26 03:39:22.648, 20439
2026/09/26 03:39:23.148, 20439
2026/09/26 03:39:23.648, 20439
2026/09/26 03:39:24.148, 20439
2026/09/26 03:39:24.648, 20439
2026/09/26 03:39:25.148, 20439
2026/09/26 03:39:25.649, 20439
2026/09/26 03:39:26.149, 20439
2026/09/26 03:39:26.649, 20439
2026/09/26 03:39:27.149, 20439
2026/09/26 03:39:27.649, 20439
2026/09/26 03:39:28.149, 20439
2026/09/26 03:39:28.650, 20439
2026/09/26 03:39:29.150, 20439
2026/09/26 03:39:29.650, 20439
2026/09/26 03:39:30.150, 20439
2026/09/26 03:39:30.650, 20439
2026/09/26 03:39:31.150, 20439
2026/09/26 03:39:31.651, 20439
2026/09/26 03:39:32.151, 20439
2026/09/26 03:39:32.651, 20439
2026/09/26 03:39:33.151, 20439
2026/09/26 03:39:33.651, 20439
2026/09/26 03:39:34.152, 20439
2026/09/26 03:39:34.652, 20439
2026/09/26 03:39:35.152, 20439
2026/09/26 03:39:35.652, 20439
2026/09/26 03:39:36.152, 20439
2026/09/26 03:39:36.652, 20439
2026/09/26 03:39:37.153, 20439
2026/09/26 03:39:37.653, 20439
2026/09/26 03:39:38.153, 20439
2026/09/26 03:39:38.653, 20439
2026/09/26 03:39:39.153, 20439
2026/09/26 03:39:39.653, 20439
2026/09/26 03:39:40.154, 20439
2026/09/26 03:39:40.654, 20439
2026/09/26 03:39:41.154, 20439
2026/09/26 03:39:41.654, 20439
2026/09/26 03:39:42.154, 20439
2026/09/26 03:39:42.654, 20439
2026/09/26 03:39:43.155, 20439
2026/09/26 03:39:43.655, 20439
2026/09/26 03:39:44.155, 20439
2026/09/26 03:39:44.655, 20439
2026/09/26 03:39:45.155, 20439
2026/09/26 03:39:45.655, 20439
2026/09/26 03:39:46.156, 20439
2026/09/26 03:39:46.656, 20439
2026/09/26 03:39:47.156, 20439
2026/09/26 03:39:47.657, 20439
2026/09/26 03:39:48.157, 20439
2026/09/26 03:39:48.657, 20439
2026/09/26 03:39:49.157, 20439
2026/09/26 03:39:49.657, 20439
2026/09/26 03:39:50.157, 20439
2026/09/26 03:39:50.658, 20439
2026/09/26 03:39:51.158, 20439
2026/09/26 03:39:51.658, 20439
2026/09/26 03:39:52.158, 20439
2026/09/26 03:39:52.658, 20439
2026/09/26 03:39:53.158, 20439
2026/09/26 03:39:53.659, 20439
2026/09/26 03:39:54.159, 20439
2026/09/26 03:39:54.659, 20439
2026/09/26 03:39:55.159, 20439
2026/09/26 03:39:55.659, 20439
2026/09/26 03:39:56.159, 20439
2026/09/26 03:39:56.660, 20439
2026/09/26 03:39:57.160, 20439
2026/09/26 03:39:57.660, 20439
2026/09/26 03:39:58.160, 20439
2026/09/26 03:39:58.660, 20439
2026/09/26 03:39:59.161, 20439
2026/09/26 03:39:59.661, 20439
2026/09/26 03:40:00.161, 20439
2026/09/26 03:40:00.661, 20439
2026/09/26 03:40:01.161, 20439
2026/09/26 03:40:01.661, 20439
2026/09/26 03:40:02.161, 20439
2026/09/26 03:40:02.662, 20439
2026/09/26 03:40:03.162, 20439
2026/09/26 03:40:03.662, 20439
2026/09/26 03:40:04.162, 20439
2026/09/26 03:40:04.662, 20439
2026/09/26 03:40:05.162, 20439
2026/09/26 03:40:05.663, 20439
2026/09/26 03:40:06.163, 20439
2026/09/26 03:40:06.663, 20439
2026/09/26 03:40:07.163, 20439
2026/09/26 03:40:07.663, 20439
2026/09/26 03:40:08.164, 20439
2026/09/26 03:40:08.664, 20439
2026/09/26 03:40:09.164, 20439
2026/09/26 03:40:09.664, 20439
2026/09/26 03:40:10.164, 20439
2026/09/26 03:40:10.664, 20439
2026/09/26 03:40:11.165, 20439
2026/09/26 03:40:11.665, 20439
2026/09/26 03:40:12.165, 20439
2026/09/26 03:40:12.665, 20439
2026/09/26 03:40:13.165, 20439
2026/09/26 03:40:13.665, 20439
2026/09/26 03:40:14.166, 20439
2026/09/26 03:40:14.666, 20439
2026/09/26 03:40:15.166, 20439
2026/09/26 03:40:15.666, 20439
2026/09/26 03:40:16.166, 20439
2026/09/26 03:40:16.666, 20439
2026/09/26 03:40:17.167, 20439
2026/09/26 03:40:17.667, 20439
2026/09/26 03:40:18.167, 20439
2026/09/26 03:40:18.667, 20439
2026/09/26 03:40:19.167, 20439
2026/09/26 03:40:19.667, 20439
2026/09/26 03:40:20.168, 20439
2026/09/26 03:40:20.668, 20439
2026/09/26 03:40:21.168, 20439
2026/09/26 03:40:21.668, 20439
2026/09/26 03:40:22.168, 20439
2026/09/26 03:40:22.668, 20439
2026/09/26 03:40:23.168, 20439
2026/09/26 03:40:23.669, 20439
2026/09/26 03:40:24.169, 20439
2026/09/26 03:40:24.669, 20439
2026/09/26 03:40:25.169, 20439
2026/09/26 03:40:25.669, 20439
2026/09/26 03:40:26.169, 20439
2026/09/26 03:40:26.670, 20439
2026/09/26 03:40:27.170, 20439
2026/09/26 03:40:27.670, 20439
2026/09/26 03:40:28.170, 20439
2026/09/26 03:40:28.671, 20439
2026/09/26 03:40:29.171, 20439
2026/09/26 03:40:29.671, 20439
2026/09/26 03:40:30.171, 20439
2026/09/26 03:40:30.671, 20439
2026/09/26 03:40:31.171, 20439
2026/09/26 03:40:31.671, 20439
2026/09/26 03:40:32.172, 20439
2026/09/26 03:40:32.672, 20439
2026/09/26 03:40:33.172, 20439
2026/09/26 03:40:33.672, 20439
2026/09/26 03:40:34.173, 20439
2026/09/26 03:40:34.673, 20439
2026/09/26 03:40:35.173, 20439
2026/09/26 03:40:35.673, 20439
2026/09/26 03:40:36.173, 20439
2026/09/26 03:40:36.673, 20439
2026/09/26 03:40:37.173, 20439
2026/09/26 03:40:37.674, 20439
2026/09/26 03:40:38.174, 20439
2026/09/26 03:40:38.674, 20439
2026/09/26 03:40:39.174, 20439
2026/09/26 03:40:39.674, 20439
2026/09/26 03:40:40.174, 20439
2026/09/26 03:40:40.675, 20439
2026/09/26 03:40:41.175, 20439
2026/09/26 03:40:41.675, 20439
2026/09/26 03:40:42.175, 20439
2026/09/26 03:40:42.675, 20439
2026/09/26 03:40:43.175, 20439
2026/09/26 03:40:43.676, 20439
2026/09/26 03:40:44.176, 20439
2026/09/26 03:40:44.676, 20439
2026/09/26 03:40:45.176, 20439
2026/09/26 03:40:45.676, 20439
2026/09/26 03:40:46.176, 20439
2026/09/26 03:40:46.677, 20439
2026/09/26 03:40:47.177, 20439
2026/09/26 03:40:47.677, 20439
2026/09/26 03:40:48.177, 20439
2026/09/26 03:40:48.677, 20439
2026/09/26 03:40:49.177, 20439
2026/09/26 03:40:49.677, 20439
2026/09/26 03:40:50.178, 20439
2026/09/26 03:40:50.678, 20439
2026/09/26 03:40:51.178, 20439
2026/09/26 03:40:51.678, 20439
2026/09/26 03:40:52.178, 20439
2026/09/26 03:40:52.678, 20439
2026/09/26 03:40:53.178, 20439
2026/09/26 03:40:53.679, 20439
2026/09/26 03:40:54.179, 20439
2026/09/26 03:40:54.679, 20439
2026/09/26 03:40:55.179, 20439
2026/09/26 03:40:55.679, 20439
2026/09/26 03:40:56.179, 20439
2026/09/26 03:40:56.680, 20439
2026/09/26 03:40:57.180, 20439
2026/09/26 03:40:57.680, 20439
2026/09/26 03:40:58.180, 20439
2026/09/26 03:40:58.680, 20439
2026/09/26 03:40:59.180, 20439
2026/09/26 03:40:59.681, 20439
2026/09/26 03:41:00.181, 20439
2026/09/26 03:41:00.698, 20439
2026/09/26 03:41:01.198, 20439
2026/09/26 03:41:01.698, 20439
2026/09/26 03:41:02.198, 20439
2026/09/26 03:41:02.698, 20439
2026/09/26 03:41:03.198, 20439
2026/09/26 03:41:03.699, 20439
2026/09/26 03:41:04.199, 20439
2026/09/26 03:41:04.699, 20439
2026/09/26 03:41:05.199, 20439
2026/09/26 03:41:05.699, 20439
2026/09/26 03:41:06.199, 20439
2026/09/26 03:41:06.699, 20439
2026/09/26 03:41:07.200, 20439
2026/09/26 03:41:07.700, 20439
2026/09/26 03:41:08.200, 20439
2026/09/26 03:41:08.700, 20439
2026/09/26 03:41:09.200, 20439
2026/09/26 03:41:09.700, 20439
2026/09/26 03:41:10.200, 20439
2026/09/26 03:41:10.701, 20439
2026/09/26 03:41:11.201, 20439
2026/09/26 03:41:11.701, 20439
2026/09/26 03:41:12.233, 20439
2026/09/26 03:41:12.734, 20439
2026/09/26 03:41:13.234, 20439
2026/09/26 03:41:13.734, 20439
2026/09/26 03:41:14.234, 20439
2026/09/26 03:41:14.734, 20439
2026/09/26 03:41:15.234, 20439
2026/09/26 03:41:15.734, 20439
2026/09/26 03:41:16.235, 20439
2026/09/26 03:41:16.735, 20439
2026/09/26 03:41:17.235, 20439
2026/09/26 03:41:17.735, 20439
2026/09/26 03:41:18.235, 20439
2026/09/26 03:41:18.735, 20439
2026/09/26 03:41:19.235, 20439
2026/09/26 03:41:19.736, 20439
2026/09/26 03:41:20.236, 20439
2026/09/26 03:41:20.736, 20439
2026/09/26 03:41:21.236, 20439
2026/09/26 03:41:21.736, 20439
2026/09/26 03:41:22.236, 20439
2026/09/26 03:41:22.736, 20439
2026/09/26 03:41:23.237, 20439
2026/09/26 03:41:23.737, 20439
2026/09/26 03:41:24.237, 20439
2026/09/26 03:41:24.737, 20439
2026/09/26 03:41:25.237, 20439
2026/09/26 03:41:25.737, 20439
2026/09/26 03:41:26.238, 20439
2026/09/26 03:41:26.738, 20439
2026/09/26 03:41:27.238, 20439
2026/09/26 03:41:27.738, 20439
2026/09/26 03:41:28.238, 20439
2026/09/26 03:41:28.738, 20439
2026/09/26 03:41:29.238, 20439
2026/09/26 03:41:29.739, 20439
2026/09/26 03:41:30.239, 20439
2026/09/26 03:41:30.739, 20439
2026/09/26 03:41:31.239, 20439
2026/09/26 03:41:31.739, 20439
2026/09/26 03:41:32.240, 20439
2026/09/26 03:41:32.740, 20439
2026/09/26 03:41:33.240, 20439
2026/09/26 03:41:33.740, 20439
2026/09/26 03:41:34.240, 20439
2026/09/26 03:41:34.740, 20439
2026/09/26 03:41:35.241, 20439
2026/09/26 03:41:35.741, 20439
2026/09/26 03:41:36.241, 20439
2026/09/26 03:41:36.741, 20439
2026/09/26 03:41:37.241, 20439
2026/09/26 03:41:37.741, 20439
2026/09/26 03:41:38.242, 20439
2026/09/26 03:41:38.742, 20439
2026/09/26 03:41:39.242, 20439
2026/09/26 03:41:39.742, 20439
2026/09/26 03:41:40.242, 20439
2026/09/26 03:41:40.742, 20439
2026/09/26 03:41:41.242, 20439
2026/09/26 03:41:41.743, 20439
2026/09/26 03:41:42.243, 20439
2026/09/26 03:41:42.743, 20439
2026/09/26 03:41:43.243, 20439
2026/09/26 03:41:43.743, 20439
2026/09/26 03:41:44.243, 20439
2026/09/26 03:41:44.743, 20439
2026/09/26 03:41:45.244, 20439
2026/09/26 03:41:45.744, 20439
2026/09/26 03:41:46.244, 20439
2026/09/26 03:41:46.744, 20439
2026/09/26 03:41:47.244, 20439
2026/09/26 03:41:47.744, 20439
2026/09/26 03:41:48.245, 20439
2026/09/26 03:41:48.745, 20439
2026/09/26 03:41:49.245, 20439
2026/09/26 03:41:49.745, 20439
2026/09/26 03:41:50.245, 20439
2026/09/26 03:41:50.745, 20439
2026/09/26 03:41:51.246, 20439
2026/09/26 03:41:51.746, 20439
2026/09/26 03:41:52.246, 20439
2026/09/26 03:41:52.746, 20439
2026/09/26 03:41:53.246, 20439
2026/09/26 03:41:53.746, 20439
2026/09/26 03:41:54.247, 20439
2026/09/26 03:41:54.747, 20439
2026/09/26 03:41:55.247, 20439
2026/09/26 03:41:55.747, 20439
2026/09/26 03:41:56.247, 20439
2026/09/26 03:41:56.747, 20439
2026/09/26 03:41:57.247, 20439
2026/09/26 03:41:57.748, 20439
2026/09/26 03:41:58.248, 20439
2026/09/26 03:41:58.748, 20439
2026/09/26 03:41:59.248, 20439
2026/09/26 03:41:59.748, 20439
2026/09/26 03:42:00.248, 20439
2026/09/26 03:42:00.749, 20439
2026/09/26 03:42:01.249, 20439
2026/09/26 03:42:01.749, 20439
2026/09/26 03:42:02.249, 20439
2026/09/26 03:42:02.749, 20439
2026/09/26 03:42:03.249, 20439
2026/09/26 03:42:03.750, 20439
2026/09/26 03:42:04.250, 20439
2026/09/26 03:42:04.750, 20439
2026/09/26 03:42:05.250, 20439
2026/09/26 03:42:05.750, 20439
2026/09/26 03:42:06.250, 20439
2026/09/26 03:42:06.750, 20439
2026/09/26 03:42:07.251, 20439
2026/09/26 03:42:07.751, 20439
2026/09/26 03:42:08.251, 20439
2026/09/26 03:42:08.751, 20439
2026/09/26 03:42:09.251, 20439
2026/09/26 03:42:09.752, 20439
2026/09/26 03:42:10.252, 20439
2026/09/26 03:42:10.752, 20439
2026/09/26 03:42:11.252, 20439
2026/09/26 03:42:11.752, 20439
2026/09/26 03:42:12.252, 20439
2026/09/26 03:42:12.753, 20439
2026/09/26 03:42:13.253, 20439
2026/09/26 03:42:13.753, 20439
2026/09/26 03:42:14.253, 20439
2026/09/26 03:42:14.753, 20439
2026/09/26 03:42:15.253, 20439
2026/09/26 03:42:15.754, 20439
2026/09/26 03:42:16.254, 20439
2026/09/26 03:42:16.754, 20439
2026/09/26 03:42:17.254, 20439
2026/09/26 03:42:17.754, 20439
2026/09/26 03:42:18.254, 20439
2026/09/26 03:42:18.755, 20439
2026/09/26 03:42:19.255, 20439
2026/09/26 03:42:19.755, 20439
2026/09/26 03:42:20.255, 20439
2026/09/26 03:42:20.755, 20439
2026/09/26 03:42:21.255, 20439
2026/09/26 03:42:21.756, 20439
2026/09/26 03:42:22.256, 20439
2026/09/26 03:42:22.756, 20439
2026/09/26 03:42:23.256, 20439
2026/09/26 03:42:23.756, 20439
2026/09/26 03:42:24.256, 20439
2026/09/26 03:42:24.757, 20439
2026/09/26 03:42:25.257, 20439
2026/09/26 03:42:25.757, 20439
2026/09/26 03:42:26.257, 20439
2026/09/26 03:42:26.757, 20439
2026/09/26 03:42:27.257, 20439
2026/09/26 03:42:27.758, 20439
2026/09/26 03:42:28.258, 20439
2026/09/26 03:42:28.758, 20439
2026/09/26 03:42:29.258, 20439
2026/09/26 03:42:29.758, 20439
2026/09/26 03:42:30.258, 20439
2026/09/26 03:42:30.759, 20439
2026/09/26 03:42:31.259, 20439
2026/09/26 03:42:31.759, 20439
2026/09/26 03:42:32.259, 20439
2026/09/26 03:42:32.759, 20439
2026/09/26 03:42:33.260, 20439
2026/09/26 03:42:33.760, 20439
2026/09/26 03:42:34.260, 20439
2026/09/26 03:42:34.760, 20439
2026/09/26 03:42:35.260, 20439
2026/09/26 03:42:35.760, 20439
2026/09/26 03:42:36.261, 20439
2026/09/26 03:42:36.761, 20439
2026/09/26 03:42:37.261, 20439
2026/09/26 03:42:37.761, 20439
2026/09/26 03:42:38.261, 20439
2026/09/26 03:42:38.761, 20439
2026/09/26 03:42:39.262, 20439
2026/09/26 03:42:39.762, 20439
2026/09/26 03:42:40.262, 20439
2026/09/26 03:42:40.762, 20439
2026/09/26 03:42:41.262, 20439
2026/09/26 03:42:41.762, 20439
2026/09/26 03:42:42.263, 20439
2026/09/26 03:42:42.763, 20439
2026/09/26 03:42:43.263, 20439
2026/09/26 03:42:43.763, 20439
2026/09/26 03:42:44.263, 20439
2026/09/26 03:42:44.763, 20439
2026/09/26 03:42:45.264, 20439
2026/09/26 03:42:45.764, 20439
2026/09/26 03:42:46.264, 20439
2026/09/26 03:42:46.764, 20439
2026/09/26 03:42:47.264, 20439
2026/09/26 03:42:47.765, 20439
2026/09/26 03:42:48.265, 20439
2026/09/26 03:42:48.765, 20439
2026/09/26 03:42:49.265, 20439
2026/09/26 03:42:49.765, 20439
2026/09/26 03:42:50.265, 20439
2026/09/26 03:42:50.766, 20439
2026/09/26 03:42:51.266, 20439
2026/09/26 03:42:51.766, 20439
2026/09/26 03:42:52.266, 20439
2026/09/26 03:42:52.766, 20439
2026/09/26 03:42:53.266, 20439
2026/09/26 03:42:53.767, 20439
2026/09/26 03:42:54.267, 20439
2026/09/26 03:42:54.767, 20439
2026/09/26 03:42:55.267, 20439
2026/09/26 03:42:55.767, 20439
2026/09/26 03:42:56.267, 20439
2026/09/26 03:42:56.768, 20439
2026/09/26 03:42:57.268, 20439
2026/09/26 03:42:57.768, 20439
2026/09/26 03:42:58.268, 20439
2026/09/26 03:42:58.768, 20439
2026/09/26 03:42:59.269, 20439
2026/09/26 03:42:59.769, 20439
2026/09/26 03:43:00.269, 20439
2026/09/26 03:43:00.769, 20439
2026/09/26 03:43:01.269, 20439
2026/09/26 03:43:01.769, 20439
2026/09/26 03:43:02.270, 20439
2026/09/26 03:43:02.770, 20439
2026/09/26 03:43:03.270, 20439
2026/09/26 03:43:03.770, 20439
2026/09/26 03:43:04.270, 20439
2026/09/26 03:43:04.770, 20439
2026/09/26 03:43:05.271, 20439
2026/09/26 03:43:05.771, 20439
2026/09/26 03:43:06.271, 20439
2026/09/26 03:43:06.771, 20439
2026/09/26 03:43:07.271, 20439
2026/09/26 03:43:07.771, 20439
2026/09/26 03:43:08.271, 20439
2026/09/26 03:43:08.772, 20439
2026/09/26 03:43:09.272, 20439
2026/09/26 03:43:09.772, 20439
2026/09/26 03:43:10.272, 20439
2026/09/26 03:43:10.772, 20439
2026/09/26 03:43:11.273, 20439
2026/09/26 03:43:11.773, 20439
2026/09/26 03:43:12.273, 20439
2026/09/26 03:43:12.773, 20439
2026/09/26 03:43:13.273, 20439
2026/09/26 03:43:13.773, 20439
2026/09/26 03:43:14.273, 20439
2026/09/26 03:43:14.774, 20439
2026/09/26 03:43:15.274, 20439
2026/09/26 03:43:15.774, 20439
2026/09/26 03:43:16.274, 20439
2026/09/26 03:43:16.774, 20439
2026/09/26 03:43:17.274, 20439
2026/09/26 03:43:17.775, 20439
2026/09/26 03:43:18.275, 20439
2026/09/26 03:43:18.775, 20439
2026/09/26 03:43:19.275, 20439
2026/09/26 03:43:19.775, 20439
2026/09/26 03:43:20.275, 20439
2026/09/26 03:43:20.776, 20439
2026/09/26 03:43:21.276, 20439
2026/09/26 03:43:21.776, 20439
2026/09/26 03:43:22.276, 20439
2026/09/26 03:43:22.776, 20439
2026/09/26 03:43:23.276, 20439
2026/09/26 03:43:23.777, 20439
2026/09/26 03:43:24.277, 20439
2026/09/26 03:43:24.777, 20439
2026/09/26 03:43:25.277, 20439
2026/09/26 03:43:25.777, 20439
2026/09/26 03:43:26.277, 20439
2026/09/26 03:43:26.777, 20439
2026/09/26 03:43:27.278, 20439
2026/09/26 03:43:27.778, 20439
2026/09/26 03:43:28.278, 20439
2026/09/26 03:43:28.778, 20439
2026/09/26 03:43:29.278, 20439
2026/09/26 03:43:29.778, 20439
2026/09/26 03:43:30.279, 20439
2026/09/26 03:43:30.779, 20439
2026/09/26 03:43:31.279, 20439
2026/09/26 03:43:31.779, 20439
2026/09/26 03:43:32.279, 20439
2026/09/26 03:43:32.779, 20439
2026/09/26 03:43:33.280, 20439
2026/09/26 03:43:33.780, 20439
2026/09/26 03:43:34.280, 20439
2026/09/26 03:43:34.780, 20439
2026/09/26 03:43:35.280, 20439
2026/09/26 03:43:35.780, 20439
2026/09/26 03:43:36.281, 20439
2026/09/26 03:43:36.781, 20439
2026/09/26 03:43:37.281, 20439
2026/09/26 03:43:37.781, 20439
2026/09/26 03:43:38.281, 20439
2026/09/26 03:43:38.781, 20439
2026/09/26 03:43:39.281, 20439
2026/09/26 03:43:39.782, 20439
2026/09/26 03:43:40.282, 20439
2026/09/26 03:43:40.782, 20439
2026/09/26 03:43:41.282, 20439
2026/09/26 03:43:41.782, 20439
2026/09/26 03:43:42.282, 20439
2026/09/26 03:43:42.783, 20439
2026/09/26 03:43:43.283, 20439
2026/09/26 03:43:43.783, 20439
2026/09/26 03:43:44.283, 20439
2026/09/26 03:43:44.783, 20439
2026/09/26 03:43:45.283, 20439
2026/09/26 03:43:45.783, 20439
2026/09/26 03:43:46.284, 20439
2026/09/26 03:43:46.784, 20439
2026/09/26 03:43:47.284, 20439
2026/09/26 03:43:47.784, 20439
2026/09/26 03:43:48.284, 20439
2026/09/26 03:43:48.784, 20439
2026/09/26 03:43:49.285, 20439
2026/09/26 03:43:49.785, 20439
2026/09/26 03:43:50.285, 20439
2026/09/26 03:43:50.785, 20439
2026/09/26 03:43:51.285, 20439
2026/09/26 03:43:51.785, 20439
2026/09/26 03:43:52.286, 20439
2026/09/26 03:43:52.786, 20439
2026/09/26 03:43:53.286, 20439
2026/09/26 03:43:53.786, 20439
2026/09/26 03:43:54.286, 20439
2026/09/26 03:43:54.786, 20439
2026/09/26 03:43:55.286, 20439
2026/09/26 03:43:55.787, 20439
2026/09/26 03:43:56.287, 20439
2026/09/26 03:43:56.787, 20439
2026/09/26 03:43:57.287, 20439
2026/09/26 03:43:57.787, 20439
2026/09/26 03:43:58.287, 20439
2026/09/26 03:43:58.787, 20439
2026/09/26 03:43:59.288, 20439
2026/09/26 03:43:59.788, 20439
2026/09/26 03:44:00.288, 20439
2026/09/26 03:44:00.788, 20439
2026/09/26 03:44:01.288, 20439
2026/09/26 03:44:01.788, 20439
2026/09/26 03:44:02.288, 20439
2026/09/26 03:44:02.789, 20439
2026/09/26 03:44:03.289, 20439
2026/09/26 03:44:03.789, 20439
2026/09/26 03:44:04.289, 20439
2026/09/26 03:44:04.789, 20439
2026/09/26 03:44:05.289, 20439
2026/09/26 03:44:05.790, 20439
2026/09/26 03:44:06.290, 20439
2026/09/26 03:44:06.790, 20439
2026/09/26 03:44:07.290, 20439
2026/09/26 03:44:07.790, 20439
2026/09/26 03:44:08.290, 20439
2026/09/26 03:44:08.790, 20439
2026/09/26 03:44:09.291, 20439
2026/09/26 03:44:09.791, 20439
2026/09/26 03:44:10.291, 20439
2026/09/26 03:44:10.791, 20439
2026/09/26 03:44:11.291, 20439
2026/09/26 03:44:11.791, 20439
2026/09/26 03:44:12.291, 20439
2026/09/26 03:44:12.792, 20439
2026/09/26 03:44:13.292, 20439
2026/09/26 03:44:13.792, 20439
2026/09/26 03:44:14.292, 20439
2026/09/26 03:44:14.792, 20439
2026/09/26 03:44:15.292, 20439
2026/09/26 03:44:15.793, 20439
2026/09/26 03:44:16.293, 20439
2026/09/26 03:44:16.793, 20439
2026/09/26 03:44:17.293, 20439
2026/09/26 03:44:17.793, 20439
2026/09/26 03:44:18.293, 20439
2026/09/26 03:44:18.794, 20439
2026/09/26 03:44:19.294, 20439
2026/09/26 03:44:19.794, 20439
2026/09/26 03:44:20.294, 20439
2026/09/26 03:44:20.794, 20439
2026/09/26 03:44:21.294, 20439
2026/09/26 03:44:21.795, 20439
2026/09/26 03:44:22.295, 20439
2026/09/26 03:44:22.795, 20439
2026/09/26 03:44:23.295, 20439
2026/09/26 03:44:23.795, 20439
2026/09/26 03:44:24.296, 20439
2026/09/26 03:44:24.796, 20439
2026/09/26 03:44:25.296, 20439
2026/09/26 03:44:25.796, 20439
2026/09/26 03:44:26.296, 20439
2026/09/26 03:44:26.796, 20439
2026/09/26 03:44:27.297, 20439
2026/09/26 03:44:27.797, 20439
2026/09/26 03:44:28.297, 20439
2026/09/26 03:44:28.797, 20439
2026/09/26 03:44:29.297, 20439
2026/09/26 03:44:29.797, 20439
2026/09/26 03:44:30.298, 20439
2026/09/26 03:44:30.798, 20439
2026/09/26 03:44:31.298, 20439
2026/09/26 03:44:31.798, 20439
2026/09/26 03:44:32.298, 20439
2026/09/26 03:44:32.799, 20439
2026/09/26 03:44:33.299, 20439
2026/09/26 03:44:33.799, 20439
2026/09/26 03:44:34.299, 20439
2026/09/26 03:44:34.799, 20439
2026/09/26 03:44:35.299, 20439
2026/09/26 03:44:35.800, 20439
2026/09/26 03:44:36.300, 20439
2026/09/26 03:44:36.800, 20439
2026/09/26 03:44:37.300, 20439
2026/09/26 03:44:37.800, 20439
2026/09/26 03:44:38.301, 20439
2026/09/26 03:44:38.801, 20439
2026/09/26 03:44:39.301, 20439
2026/09/26 03:44:39.801, 20439
2026/09/26 03:44:40.302, 20439
2026/09/26 03:44:40.802, 20439
2026/09/26 03:44:41.302, 20439
2026/09/26 03:44:41.802, 20439
2026/09/26 03:44:42.302, 20439
2026/09/26 03:44:42.803, 20439
2026/09/26 03:44:43.303, 20439
2026/09/26 03:44:43.803, 20439
2026/09/26 03:44:44.303, 20439
2026/09/26 03:44:44.803, 20439
2026/09/26 03:44:45.303, 20439
2026/09/26 03:44:45.804, 20439
2026/09/26 03:44:46.304, 20439
2026/09/26 03:44:46.804, 20439
2026/09/26 03:44:47.304, 20439
2026/09/26 03:44:47.804, 20439
2026/09/26 03:44:48.304, 20439
2026/09/26 03:44:48.805, 20439
2026/09/26 03:44:49.305, 20439
2026/09/26 03:44:49.805, 20439
2026/09/26 03:44:50.305, 20439
2026/09/26 03:44:50.805, 20439
2026/09/26 03:44:51.305, 20439
2026/09/26 03:44:51.806, 20439
2026/09/26 03:44:52.306, 20439
2026/09/26 03:44:52.806, 20439
2026/09/26 03:44:53.307, 20439
2026/09/26 03:44:53.807, 20439
2026/09/26 03:44:54.307, 20439
2026/09/26 03:44:54.807, 20439
2026/09/26 03:44:55.308, 20439
2026/09/26 03:44:55.808, 20439
2026/09/26 03:44:56.308, 20439
2026/09/26 03:44:56.808, 20439
2026/09/26 03:44:57.308, 20439
2026/09/26 03:44:57.808, 20439
2026/09/26 03:44:58.309, 20439
2026/09/26 03:44:58.809, 20439
2026/09/26 03:44:59.309, 20439
2026/09/26 03:44:59.809, 20439
2026/09/26 03:45:00.309, 20439
2026/09/26 03:45:00.809, 20439
2026/09/26 03:45:01.309, 20439
2026/09/26 03:45:01.810, 20439
2026/09/26 03:45:02.310, 20439
2026/09/26 03:45:02.810, 20439
2026/09/26 03:45:03.310, 20439
2026/09/26 03:45:03.810, 20439
2026/09/26 03:45:04.310, 20439
2026/09/26 03:45:04.811, 20439
2026/09/26 03:45:05.311, 20439
2026/09/26 03:45:05.811, 20439
2026/09/26 03:45:06.311, 20439
2026/09/26 03:45:06.811, 20439
2026/09/26 03:45:07.312, 20439
2026/09/26 03:45:07.812, 20439
2026/09/26 03:45:08.312, 20439
2026/09/26 03:45:08.812, 20439
2026/09/26 03:45:09.312, 20439
2026/09/26 03:45:09.812, 20439
2026/09/26 03:45:10.313, 20439
2026/09/26 03:45:10.813, 20439
2026/09/26 03:45:11.313, 20439
2026/09/26 03:45:11.813, 20439
2026/09/26 03:45:12.313, 20439
2026/09/26 03:45:12.813, 20439
2026/09/26 03:45:13.314, 20439
2026/09/26 03:45:13.814, 20439
2026/09/26 03:45:14.314, 20439
2026/09/26 03:45:14.814, 20439
2026/09/26 03:45:15.314, 20439
2026/09/26 03:45:15.814, 20439
2026/09/26 03:45:16.315, 20439
2026/09/26 03:45:16.815, 20439
2026/09/26 03:45:17.315, 20439
2026/09/26 03:45:17.815, 20439
2026/09/26 03:45:18.315, 20439
2026/09/26 03:45:18.816, 20439
2026/09/26 03:45:19.316, 20439
2026/09/26 03:45:19.816, 20439
2026/09/26 03:45:20.316, 20439
2026/09/26 03:45:20.816, 20439
2026/09/26 03:45:21.316, 20439
2026/09/26 03:45:21.817, 20439
2026/09/26 03:45:22.317, 20439
2026/09/26 03:45:22.817, 20439
2026/09/26 03:45:23.317, 20439
2026/09/26 03:45:23.817, 20439
2026/09/26 03:45:24.317, 20439
2026/09/26 03:45:24.818, 20439
2026/09/26 03:45:25.318, 20439
2026/09/26 03:45:25.818, 20439
2026/09/26 03:45:26.318, 20439
2026/09/26 03:45:26.818, 20439
2026/09/26 03:45:27.318, 20439
2026/09/26 03:45:27.819, 20439
2026/09/26 03:45:28.319, 20439
2026/09/26 03:45:28.819, 20439
2026/09/26 03:45:29.319, 20439
2026/09/26 03:45:29.819, 20439
2026/09/26 03:45:30.319, 20439
2026/09/26 03:45:30.820, 20439
2026/09/26 03:45:31.320, 20439
2026/09/26 03:45:31.820, 20439
2026/09/26 03:45:32.320, 20439
2026/09/26 03:45:32.820, 20439
2026/09/26 03:45:33.320, 20439
2026/09/26 03:45:33.821, 20439
2026/09/26 03:45:34.321, 20439
2026/09/26 03:45:34.821, 20439
2026/09/26 03:45:35.321, 20439
2026/09/26 03:45:35.821, 20439
2026/09/26 03:45:36.321, 20439
2026/09/26 03:45:36.822, 20439
2026/09/26 03:45:37.322, 20439
2026/09/26 03:45:37.822, 20439
2026/09/26 03:45:38.322, 20439
2026/09/26 03:45:38.822, 20439
2026/09/26 03:45:39.322, 20439
2026/09/26 03:45:39.823, 20439
2026/09/26 03:45:40.323, 20439
2026/09/26 03:45:40.823, 20439
2026/09/26 03:45:41.323, 20439
2026/09/26 03:45:41.823, 20439
2026/09/26 03:45:42.324, 20439
2026/09/26 03:45:42.824, 20439
2026/09/26 03:45:43.324, 20439
2026/09/26 03:45:43.824, 20439
2026/09/26 03:45:44.324, 20439
2026/09/26 03:45:44.824, 20439
2026/09/26 03:45:45.325, 20439
2026/09/26 03:45:45.825, 20439
2026/09/26 03:45:46.325, 20439
2026/09/26 03:45:46.825, 20439
2026/09/26 03:45:47.325, 20439
2026/09/26 03:45:47.825, 20439
2026/09/26 03:45:48.326, 20439
2026/09/26 03:45:48.826, 20439
2026/09/26 03:45:49.326, 20439
2026/09/26 03:45:49.826, 20439
2026/09/26 03:45:50.326, 20439
2026/09/26 03:45:50.827, 20439
2026/09/26 03:45:51.327, 20439
2026/09/26 03:45:51.827, 20439
2026/09/26 03:45:52.327, 20439
2026/09/26 03:45:52.827, 20439
2026/09/26 03:45:53.327, 20439
2026/09/26 03:45:53.828, 20439
2026/09/26 03:45:54.328, 20439
2026/09/26 03:45:54.828, 20439
2026/09/26 03:45:55.328, 20439
2026/09/26 03:45:55.828, 20439
2026/09/26 03:45:56.328, 20439
2026/09/26 03:45:56.829, 20439
2026/09/26 03:45:57.329, 20439
2026/09/26 03:45:57.829, 20439
2026/09/26 03:45:58.329, 20439
2026/09/26 03:45:58.829, 20439
2026/09/26 03:45:59.330, 20439
2026/09/26 03:45:59.830, 20439
2026/09/26 03:46:00.330, 20439
2026/09/26 03:46:00.830, 20439
2026/09/26 03:46:01.330, 20439
2026/09/26 03:46:01.830, 20439
2026/09/26 03:46:02.331, 20439
2026/09/26 03:46:02.831, 20439
2026/09/26 03:46:03.331, 20439
2026/09/26 03:46:03.831, 20439
2026/09/26 03:46:04.331, 20439
2026/09/26 03:46:04.831, 20439
2026/09/26 03:46:05.332, 20439
2026/09/26 03:46:05.832, 20439
2026/09/26 03:46:06.332, 20439
2026/09/26 03:46:06.832, 20439
2026/09/26 03:46:07.332, 20439
2026/09/26 03:46:07.833, 20439
2026/09/26 03:46:08.333, 20439
2026/09/26 03:46:08.833, 20439
2026/09/26 03:46:09.333, 20439
2026/09/26 03:46:09.833, 20439
2026/09/26 03:46:10.333, 20439
2026/09/26 03:46:10.834, 20439
2026/09/26 03:46:11.334, 20439
2026/09/26 03:46:11.834, 20439
2026/09/26 03:46:12.334, 20439
2026/09/26 03:46:12.834, 20439
2026/09/26 03:46:13.335, 20439
2026/09/26 03:46:13.835, 20439
2026/09/26 03:46:14.335, 20439
2026/09/26 03:46:14.835, 20439
2026/09/26 03:46:15.335, 20439
2026/09/26 03:46:15.835, 20439
2026/09/26 03:46:16.336, 20439
2026/09/26 03:46:16.836, 20439
2026/09/26 03:46:17.336, 20439
2026/09/26 03:46:17.836, 20439
2026/09/26 03:46:18.336, 20439
2026/09/26 03:46:18.837, 20439
2026/09/26 03:46:19.337, 20439
2026/09/26 03:46:19.837, 20439
2026/09/26 03:46:20.337, 20439
2026/09/26 03:46:20.837, 20439
2026/09/26 03:46:21.337, 20439
2026/09/26 03:46:21.838, 20439
2026/09/26 03:46:22.338, 20439
2026/09/26 03:46:22.838, 20439
2026/09/26 03:46:23.338, 20439
2026/09/26 03:46:23.838, 20439
2026/09/26 03:46:24.338, 20439
2026/09/26 03:46:24.839, 20439
2026/09/26 03:46:25.339, 20439
2026/09/26 03:46:25.839, 20439
2026/09/26 03:46:26.339, 20439
2026/09/26 03:46:26.839, 20439
2026/09/26 03:46:27.339, 20439
2026/09/26 03:46:27.839, 20439
2026/09/26 03:46:28.340, 20439
2026/09/26 03:46:28.840, 20439
2026/09/26 03:46:29.340, 20439
2026/09/26 03:46:29.840, 20439
2026/09/26 03:46:30.340, 20439
2026/09/26 03:46:30.840, 20439
2026/09/26 03:46:31.341, 20439
2026/09/26 03:46:31.841, 20439
2026/09/26 03:46:32.341, 20439
2026/09/26 03:46:32.841, 20439
2026/09/26 03:46:33.341, 20439
2026/09/26 03:46:33.841, 20439
2026/09/26 03:46:34.342, 20439
2026/09/26 03:46:34.842, 20439
2026/09/26 03:46:35.342, 20439
2026/09/26 03:46:35.842, 20439
2026/09/26 03:46:36.342, 20439
2026/09/26 03:46:36.842, 20439
2026/09/26 03:46:37.342, 20439
2026/09/26 03:46:37.843, 20439
2026/09/26 03:46:38.343, 20439
2026/09/26 03:46:38.843, 20439
2026/09/26 03:46:39.343, 20439
2026/09/26 03:46:39.843, 20439
2026/09/26 03:46:40.343, 20439
2026/09/26 03:46:40.844, 20439
2026/09/26 03:46:41.344, 20439
2026/09/26 03:46:41.844, 20439
2026/09/26 03:46:42.344, 20439
2026/09/26 03:46:42.844, 20439
2026/09/26 03:46:43.344, 20439
2026/09/26 03:46:43.844, 20439
2026/09/26 03:46:44.345, 20439
2026/09/26 03:46:44.845, 20439
2026/09/26 03:46:45.345, 20439
2026/09/26 03:46:45.845, 20439
2026/09/26 03:46:46.345, 20439
2026/09/26 03:46:46.845, 20439
2026/09/26 03:46:47.346, 20439
2026/09/26 03:46:47.846, 20439
2026/09/26 03:46:48.346, 20439
2026/09/26 03:46:48.846, 20439
2026/09/26 03:46:49.346, 20439
2026/09/26 03:46:49.846, 20439
2026/09/26 03:46:50.346, 20439
2026/09/26 03:46:50.847, 20439
2026/09/26 03:46:51.347, 20439
2026/09/26 03:46:51.847, 20439
2026/09/26 03:46:52.347, 20439
2026/09/26 03:46:52.847, 20439
2026/09/26 03:46:53.347, 20439
2026/09/26 03:46:53.848, 20439
2026/09/26 03:46:54.348, 20439
2026/09/26 03:46:54.848, 20439
2026/09/26 03:46:55.348, 20439
2026/09/26 03:46:55.848, 20439
2026/09/26 03:46:56.348, 20439
2026/09/26 03:46:56.849, 20439
2026/09/26 03:46:57.349, 20439
2026/09/26 03:46:57.849, 20439
2026/09/26 03:46:58.349, 20439
2026/09/26 03:46:58.858, 20439
2026/09/26 03:46:59.358, 20439
2026/09/26 03:46:59.858, 20439
2026/09/26 03:47:00.358, 20439
2026/09/26 03:47:00.859, 20439
2026/09/26 03:47:01.359, 20439
2026/09/26 03:47:01.859, 20439
2026/09/26 03:47:02.359, 20439
2026/09/26 03:47:02.859, 20439
2026/09/26 03:47:03.359, 20439
2026/09/26 03:47:03.860, 20439
2026/09/26 03:47:04.360, 20439
2026/09/26 03:47:04.860, 20439
2026/09/26 03:47:05.360, 20439
2026/09/26 03:47:05.860, 20439
2026/09/26 03:47:06.360, 20439
2026/09/26 03:47:06.861, 20439
2026/09/26 03:47:07.361, 20439
2026/09/26 03:47:07.861, 20439
2026/09/26 03:47:08.361, 20439
2026/09/26 03:47:08.861, 20439
2026/09/26 03:47:09.361, 20439
2026/09/26 03:47:09.862, 20439
2026/09/26 03:47:10.362, 20439
2026/09/26 03:47:10.862, 20439
2026/09/26 03:47:11.362, 20439
2026/09/26 03:47:11.862, 20439
2026/09/26 03:47:12.362, 20439
2026/09/26 03:47:12.863, 20439
2026/09/26 03:47:13.363, 20439
2026/09/26 03:47:13.863, 20439
2026/09/26 03:47:14.363, 20439
2026/09/26 03:47:14.863, 20439
2026/09/26 03:47:15.363, 20439
2026/09/26 03:47:15.864, 20439
2026/09/26 03:47:16.364, 20439
2026/09/26 03:47:16.864, 20439
2026/09/26 03:47:17.364, 20439
2026/09/26 03:47:17.864, 20439
2026/09/26 03:47:18.364, 20439
2026/09/26 03:47:18.865, 20439
2026/09/26 03:47:19.365, 20439
2026/09/26 03:47:19.865, 20439
2026/09/26 03:47:20.365, 20439
2026/09/26 03:47:20.865, 20439
2026/09/26 03:47:21.365, 20439
2026/09/26 03:47:21.866, 20439
2026/09/26 03:47:22.366, 20439
2026/09/26 03:47:22.866, 20439
2026/09/26 03:47:23.366, 20439
2026/09/26 03:47:23.866, 20439
2026/09/26 03:47:24.366, 20439
2026/09/26 03:47:24.867, 20439
2026/09/26 03:47:25.367, 20439
2026/09/26 03:47:25.867, 20439
2026/09/26 03:47:26.367, 20439
2026/09/26 03:47:26.867, 20439
2026/09/26 03:47:27.367, 20439
2026/09/26 03:47:27.868, 20439
2026/09/26 03:47:28.368, 20439
2026/09/26 03:47:28.868, 20439
2026/09/26 03:47:29.368, 20439
2026/09/26 03:47:29.868, 20439
2026/09/26 03:47:30.368, 20439
2026/09/26 03:47:30.869, 20439
2026/09/26 03:47:31.369, 20439
2026/09/26 03:47:31.869, 20439
2026/09/26 03:47:32.369, 20439
2026/09/26 03:47:32.869, 20439
2026/09/26 03:47:33.369, 20439
2026/09/26 03:47:33.870, 20439
2026/09/26 03:47:34.370, 20439
2026/09/26 03:47:34.870, 20439
2026/09/26 03:47:35.370, 20439
2026/09/26 03:47:35.870, 20439
2026/09/26 03:47:36.370, 20439
2026/09/26 03:47:36.871, 20439
2026/09/26 03:47:37.371, 20439
2026/09/26 03:47:37.871, 20439
2026/09/26 03:47:38.371, 20439
2026/09/26 03:47:38.871, 20439
2026/09/26 03:47:39.371, 20439
2026/09/26 03:47:39.872, 20439
2026/09/26 03:47:40.372, 20439
2026/09/26 03:47:40.872, 20439
2026/09/26 03:47:41.372, 20439
2026/09/26 03:47:41.872, 20439
2026/09/26 03:47:42.373, 20439
2026/09/26 03:47:42.873, 20439
2026/09/26 03:47:43.373, 20439
2026/09/26 03:47:43.873, 20439
2026/09/26 03:47:44.373, 20439
2026/09/26 03:47:44.873, 20439
2026/09/26 03:47:45.374, 20439
2026/09/26 03:47:45.874, 20439
2026/09/26 03:47:46.374, 20439
2026/09/26 03:47:46.874, 20439
2026/09/26 03:47:47.374, 20439
2026/09/26 03:47:47.875, 20439
2026/09/26 03:47:48.375, 20439
2026/09/26 03:47:48.875, 20439
2026/09/26 03:47:49.375, 20439
2026/09/26 03:47:49.875, 20439
2026/09/26 03:47:50.376, 20439
2026/09/26 03:47:50.876, 20439
2026/09/26 03:47:51.376, 20439
2026/09/26 03:47:51.876, 20439
2026/09/26 03:47:52.376, 20439
2026/09/26 03:47:52.876, 20439
2026/09/26 03:47:53.376, 20439
2026/09/26 03:47:53.877, 20439
2026/09/26 03:47:54.377, 20439
2026/09/26 03:47:54.877, 20439
2026/09/26 03:47:55.377, 20439
2026/09/26 03:47:55.877, 20439
2026/09/26 03:47:56.377, 20439
2026/09/26 03:47:56.878, 20439
2026/09/26 03:47:57.378, 20439
2026/09/26 03:47:57.878, 20439
2026/09/26 03:47:58.378, 20439
2026/09/26 03:47:58.878, 20439
2026/09/26 03:47:59.379, 20439
2026/09/26 03:47:59.879, 20439
2026/09/26 03:48:00.379, 20439
2026/09/26 03:48:00.879, 20439
2026/09/26 03:48:01.379, 20439
2026/09/26 03:48:01.879, 20439
2026/09/26 03:48:02.380, 20439
2026/09/26 03:48:02.880, 20439
2026/09/26 03:48:03.380, 20439
2026/09/26 03:48:03.880, 20439
2026/09/26 03:48:04.380, 20439
2026/09/26 03:48:04.880, 20439
2026/09/26 03:48:05.380, 20439
2026/09/26 03:48:05.881, 20439
2026/09/26 03:48:06.381, 20439
2026/09/26 03:48:06.881, 20439
2026/09/26 03:48:07.381, 20439
2026/09/26 03:48:07.881, 20439
2026/09/26 03:48:08.381, 20439
2026/09/26 03:48:08.882, 20439
2026/09/26 03:48:09.382, 20439
2026/09/26 03:48:09.882, 20439
2026/09/26 03:48:10.382, 20439
2026/09/26 03:48:10.882, 20439
2026/09/26 03:48:11.383, 20439
2026/09/26 03:48:11.884, 20439
2026/09/26 03:48:12.384, 20439
2026/09/26 03:48:12.884, 20439
2026/09/26 03:48:13.384, 20439
2026/09/26 03:48:13.884, 20439
2026/09/26 03:48:14.384, 20439
2026/09/26 03:48:14.885, 20439
2026/09/26 03:48:15.385, 20439
2026/09/26 03:48:15.885, 20439
2026/09/26 03:48:16.385, 20439
2026/09/26 03:48:16.885, 20439
2026/09/26 03:48:17.385, 20439
2026/09/26 03:48:17.886, 20439
2026/09/26 03:48:18.386, 20439
2026/09/26 03:48:18.886, 20439
2026/09/26 03:48:19.386, 20439
2026/09/26 03:48:19.886, 20439
2026/09/26 03:48:20.386, 20439
2026/09/26 03:48:20.887, 20439
2026/09/26 03:48:21.387, 20439
2026/09/26 03:48:21.887, 20439
2026/09/26 03:48:22.387, 20439
2026/09/26 03:48:22.887, 20439
2026/09/26 03:48:23.387, 20439
2026/09/26 03:48:23.888, 20439
2026/09/26 03:48:24.388, 20439
2026/09/26 03:48:24.888, 20439
2026/09/26 03:48:25.388, 20439
2026/09/26 03:48:25.888, 20439
2026/09/26 03:48:26.389, 20439
2026/09/26 03:48:26.889, 20439
2026/09/26 03:48:27.389, 20439
2026/09/26 03:48:27.889, 20439
2026/09/26 03:48:28.389, 20439
2026/09/26 03:48:28.889, 20439
2026/09/26 03:48:29.390, 20439
2026/09/26 03:48:29.890, 20439
2026/09/26 03:48:30.390, 20439
2026/09/26 03:48:30.890, 20439
2026/09/26 03:48:31.390, 20439
2026/09/26 03:48:31.890, 20439
2026/09/26 03:48:32.391, 20439
2026/09/26 03:48:32.891, 20439
2026/09/26 03:48:33.391, 20439
2026/09/26 03:48:33.891, 20439
2026/09/26 03:48:34.391, 20439
2026/09/26 03:48:34.891, 20439
2026/09/26 03:48:35.392, 20439
2026/09/26 03:48:35.892, 20439
2026/09/26 03:48:36.392, 20439
2026/09/26 03:48:36.892, 20439
2026/09/26 03:48:37.392, 20439
2026/09/26 03:48:37.892, 20439
2026/09/26 03:48:38.392, 20439
2026/09/26 03:48:38.893, 20439
2026/09/26 03:48:39.393, 20439
2026/09/26 03:48:39.893, 20439
2026/09/26 03:48:40.393, 20439
2026/09/26 03:48:40.893, 20439
2026/09/26 03:48:41.393, 20439
2026/09/26 03:48:41.894, 20439
2026/09/26 03:48:42.394, 20439
2026/09/26 03:48:42.894, 20439
2026/09/26 03:48:43.394, 20439
2026/09/26 03:48:43.894, 20439
2026/09/26 03:48:44.394, 20439
2026/09/26 03:48:44.895, 20439
2026/09/26 03:48:45.395, 20439
2026/09/26 03:48:45.895, 20439
2026/09/26 03:48:46.395, 20439
2026/09/26 03:48:46.895, 20439
2026/09/26 03:48:47.395, 20439
2026/09/26 03:48:47.896, 20439
2026/09/26 03:48:48.396, 20439
2026/09/26 03:48:48.896, 20439
2026/09/26 03:48:49.396, 20439
2026/09/26 03:48:49.896, 20439
2026/09/26 03:48:50.396, 20439
2026/09/26 03:48:50.897, 20439
2026/09/26 03:48:51.397, 20439
2026/09/26 03:48:51.897, 20439
2026/09/26 03:48:52.397, 20439
2026/09/26 03:48:52.897, 20439
2026/09/26 03:48:53.397, 20439
2026/09/26 03:48:53.897, 20439
2026/09/26 03:48:54.398, 20439
2026/09/26 03:48:54.898, 20439
2026/09/26 03:48:55.398, 20439
2026/09/26 03:48:55.898, 20439
2026/09/26 03:48:56.398, 20439
2026/09/26 03:48:56.898, 20439
2026/09/26 03:48:57.398, 20439
2026/09/26 03:48:57.899, 20439
2026/09/26 03:48:58.399, 20439
2026/09/26 03:48:58.899, 20439
2026/09/26 03:48:59.399, 20439
2026/09/26 03:48:59.900, 20439
2026/09/26 03:49:00.400, 20439
2026/09/26 03:49:00.900, 20439
2026/09/26 03:49:01.400, 20439
2026/09/26 03:49:01.900, 20439
2026/09/26 03:49:02.401, 20439
2026/09/26 03:49:02.901, 20439
2026/09/26 03:49:03.401, 20439
2026/09/26 03:49:03.901, 20439
2026/09/26 03:49:04.401, 20439
2026/09/26 03:49:04.901, 20439
2026/09/26 03:49:05.401, 20439
2026/09/26 03:49:05.902, 20439
2026/09/26 03:49:06.402, 20439
2026/09/26 03:49:06.902, 20439
2026/09/26 03:49:07.402, 20439
2026/09/26 03:49:07.902, 20439
2026/09/26 03:49:08.402, 20439
2026/09/26 03:49:08.903, 20439
2026/09/26 03:49:09.403, 20439
2026/09/26 03:49:09.903, 20439
2026/09/26 03:49:10.403, 20439
2026/09/26 03:49:10.903, 20439
2026/09/26 03:49:11.403, 20439
2026/09/26 03:49:11.904, 20439
2026/09/26 03:49:12.404, 20439
2026/09/26 03:49:12.904, 20439
2026/09/26 03:49:13.404, 20439
2026/09/26 03:49:13.904, 20439
2026/09/26 03:49:14.408, 20439
2026/09/26 03:49:14.908, 20439
2026/09/26 03:49:15.408, 20439
2026/09/26 03:49:15.908, 20439
2026/09/26 03:49:16.408, 20439
2026/09/26 03:49:16.909, 20439
2026/09/26 03:49:17.409, 20439
2026/09/26 03:49:17.909, 20439
2026/09/26 03:49:18.409, 20439
2026/09/26 03:49:18.909, 20439
2026/09/26 03:49:19.409, 20439
2026/09/26 03:49:19.909, 20439
2026/09/26 03:49:20.410, 20439
2026/09/26 03:49:20.910, 20439
2026/09/26 03:49:21.410, 20439
2026/09/26 03:49:21.910, 20439
2026/09/26 03:49:22.410, 20439
2026/09/26 03:49:22.910, 20439
2026/09/26 03:49:23.411, 20439
2026/09/26 03:49:23.911, 20439
2026/09/26 03:49:24.411, 20439
2026/09/26 03:49:24.911, 20439
2026/09/26 03:49:25.411, 20439
2026/09/26 03:49:25.911, 20439
2026/09/26 03:49:26.411, 20439
2026/09/26 03:49:26.912, 20439
2026/09/26 03:49:27.412, 20439
2026/09/26 03:49:27.912, 20439
2026/09/26 03:49:28.412, 20439
2026/09/26 03:49:28.912, 20439
2026/09/26 03:49:29.412, 20439
2026/09/26 03:49:29.913, 20439
2026/09/26 03:49:30.413, 20439
2026/09/26 03:49:30.913, 20439
2026/09/26 03:49:31.413, 20439
2026/09/26 03:49:31.913, 20439
2026/09/26 03:49:32.413, 20439
2026/09/26 03:49:32.914, 20439
2026/09/26 03:49:33.414, 20439
2026/09/26 03:49:33.914, 20439
2026/09/26 03:49:34.414, 20439
2026/09/26 03:49:34.914, 20439
2026/09/26 03:49:35.414, 20439
2026/09/26 03:49:35.914, 20439
2026/09/26 03:49:36.415, 20439
2026/09/26 03:49:36.915, 20439
2026/09/26 03:49:37.415, 20439
2026/09/26 03:49:37.915, 20439
2026/09/26 03:49:38.415, 20439
2026/09/26 03:49:38.915, 20439
2026/09/26 03:49:39.415, 20439
2026/09/26 03:49:39.916, 20439
2026/09/26 03:49:40.416, 20439
2026/09/26 03:49:40.916, 20439
2026/09/26 03:49:41.416, 20439
2026/09/26 03:49:41.916, 20439
2026/09/26 03:49:42.416, 20439
2026/09/26 03:49:42.917, 20439
2026/09/26 03:49:43.417, 20439
2026/09/26 03:49:43.917, 20439
2026/09/26 03:49:44.417, 20439
2026/09/26 03:49:44.917, 20439
2026/09/26 03:49:45.417, 20439
2026/09/26 03:49:45.918, 20439
2026/09/26 03:49:46.418, 20439
2026/09/26 03:49:46.918, 20439
2026/09/26 03:49:47.418, 20439
2026/09/26 03:49:47.918, 20439
2026/09/26 03:49:48.418, 20439
2026/09/26 03:49:48.918, 20439
2026/09/26 03:49:49.419, 20439
2026/09/26 03:49:49.919, 20439
2026/09/26 03:49:50.419, 20439
2026/09/26 03:49:50.919, 20439
2026/09/26 03:49:51.419, 20439
2026/09/26 03:49:51.919, 20439
2026/09/26 03:49:52.420, 20439
2026/09/26 03:49:52.920, 20439
2026/09/26 03:49:53.420, 20439
2026/09/26 03:49:53.920, 20439
2026/09/26 03:49:54.420, 20439
2026/09/26 03:49:54.920, 20439
2026/09/26 03:49:55.420, 20439
2026/09/26 03:49:55.921, 20439
2026/09/26 03:49:56.421, 20439
2026/09/26 03:49:56.921, 20439
2026/09/26 03:49:57.421, 20439
2026/09/26 03:49:57.921, 20439
2026/09/26 03:49:58.421, 20439
2026/09/26 03:49:58.921, 20439
2026/09/26 03:49:59.422, 20439
2026/09/26 03:49:59.922, 20439
2026/09/26 03:50:00.422, 20439
2026/09/26 03:50:00.922, 20439
2026/09/26 03:50:01.422, 20439
2026/09/26 03:50:01.922, 20439
2026/09/26 03:50:02.423, 20439
2026/09/26 03:50:02.923, 20439
2026/09/26 03:50:03.423, 20439
2026/09/26 03:50:03.923, 20439
2026/09/26 03:50:04.423, 20439
2026/09/26 03:50:04.923, 20439
2026/09/26 03:50:05.424, 20439
2026/09/26 03:50:05.924, 20439
2026/09/26 03:50:06.424, 20439
2026/09/26 03:50:06.924, 20439
2026/09/26 03:50:07.424, 20439
2026/09/26 03:50:07.924, 20439
2026/09/26 03:50:08.424, 20439
2026/09/26 03:50:08.925, 20439
2026/09/26 03:50:09.425, 20439
2026/09/26 03:50:09.925, 20439
2026/09/26 03:50:10.425, 20439
2026/09/26 03:50:10.925, 20439
2026/09/26 03:50:11.425, 20439
2026/09/26 03:50:11.925, 20439
2026/09/26 03:50:12.426, 20439
2026/09/26 03:50:12.926, 20439
2026/09/26 03:50:13.426, 20439
2026/09/26 03:50:13.926, 20439
2026/09/26 03:50:14.426, 20439
2026/09/26 03:50:14.926, 20439
2026/09/26 03:50:15.427, 20439
2026/09/26 03:50:15.927, 20439
2026/09/26 03:50:16.427, 20439
2026/09/26 03:50:16.927, 20439
2026/09/26 03:50:17.427, 20439
2026/09/26 03:50:17.927, 20439
2026/09/26 03:50:18.427, 20439
2026/09/26 03:50:18.928, 20439
2026/09/26 03:50:19.428, 20439
2026/09/26 03:50:19.928, 20439
2026/09/26 03:50:20.428, 20439
2026/09/26 03:50:20.928, 20439
2026/09/26 03:50:21.428, 21341
2026/09/26 03:50:21.929, 21341
2026/09/26 03:50:22.429, 21341
2026/09/26 03:50:22.929, 21341
2026/09/26 03:50:23.429, 21341
2026/09/26 03:50:23.929, 21341
2026/09/26 03:50:24.429, 21341
2026/09/26 03:50:24.930, 21341
2026/09/26 03:50:25.430, 21341
2026/09/26 03:50:25.930, 21341
2026/09/26 03:50:26.430, 21341
2026/09/26 03:50:26.930, 21341
2026/09/26 03:50:27.431, 21341
2026/09/26 03:50:27.931, 21341
2026/09/26 03:50:28.431, 21341
2026/09/26 03:50:28.931, 21341
2026/09/26 03:50:29.431, 21341
2026/09/26 03:50:29.931, 21341
2026/09/26 03:50:30.432, 21341
2026/09/26 03:50:30.932, 21341
2026/09/26 03:50:31.432, 21341
2026/09/26 03:50:31.932, 21341
2026/09/26 03:50:32.432, 21341
2026/09/26 03:50:32.933, 21341
2026/09/26 03:50:33.433, 21341
2026/09/26 03:50:33.933, 21341
2026/09/26 03:50:34.433, 21341
2026/09/26 03:50:34.933, 21341
2026/09/26 03:50:35.433, 21341
2026/09/26 03:50:35.934, 21341
2026/09/26 03:50:36.434, 21341
2026/09/26 03:50:36.934, 21341
2026/09/26 03:50:37.434, 21341
2026/09/26 03:50:37.934, 21341
2026/09/26 03:50:38.434, 21341
2026/09/26 03:50:38.935, 21341
2026/09/26 03:50:39.435, 21341
2026/09/26 03:50:39.935, 21341
2026/09/26 03:50:40.435, 21341
2026/09/26 03:50:40.935, 21341
2026/09/26 03:50:41.435, 21341
2026/09/26 03:50:41.935, 21341
2026/09/26 03:50:42.436, 21341
2026/09/26 03:50:42.936, 21341
2026/09/26 03:50:43.436, 21341
2026/09/26 03:50:43.936, 21341
2026/09/26 03:50:44.436, 21341
2026/09/26 03:50:44.937, 21341
2026/09/26 03:50:45.437, 21341
2026/09/26 03:50:45.937, 21341
2026/09/26 03:50:46.437, 21341
2026/09/26 03:50:46.937, 21341
2026/09/26 03:50:47.437, 21341
2026/09/26 03:50:47.938, 21341
2026/09/26 03:50:48.438, 21341
2026/09/26 03:50:48.938, 21341
2026/09/26 03:50:49.438, 21341
2026/09/26 03:50:49.938, 21341
2026/09/26 03:50:50.438, 21341
2026/09/26 03:50:50.939, 21341
2026/09/26 03:50:51.439, 21341
2026/09/26 03:50:51.939, 21341
2026/09/26 03:50:52.439, 21341
2026/09/26 03:50:52.939, 21341
2026/09/26 03:50:53.439, 21341
2026/09/26 03:50:53.940, 21341
2026/09/26 03:50:54.440, 21341
2026/09/26 03:50:54.940, 21341
2026/09/26 03:50:55.440, 21341
2026/09/26 03:50:55.940, 21341
2026/09/26 03:50:56.440, 21341
2026/09/26 03:50:56.940, 21341
2026/09/26 03:50:57.441, 21341
2026/09/26 03:50:57.941, 21341
2026/09/26 03:50:58.441, 21341
2026/09/26 03:50:58.941, 21341
2026/09/26 03:50:59.441, 21341
2026/09/26 03:50:59.942, 21341
2026/09/26 03:51:00.442, 21341
2026/09/26 03:51:00.942, 21341
2026/09/26 03:51:01.442, 21341
2026/09/26 03:51:01.942, 21341
2026/09/26 03:51:02.442, 21341
2026/09/26 03:51:02.943, 21341
2026/09/26 03:51:03.443, 21341
2026/09/26 03:51:03.943, 21341
2026/09/26 03:51:04.443, 21341
2026/09/26 03:51:04.943, 21341
2026/09/26 03:51:05.443, 21341
2026/09/26 03:51:05.943, 21341
2026/09/26 03:51:06.444, 21341
2026/09/26 03:51:06.944, 21341
2026/09/26 03:51:07.444, 21341
2026/09/26 03:51:07.944, 21341
2026/09/26 03:51:08.444, 21341
2026/09/26 03:51:08.944, 21341
2026/09/26 03:51:09.445, 21341
2026/09/26 03:51:09.945, 21341
2026/09/26 03:51:10.445, 21341
2026/09/26 03:51:10.945, 21341
2026/09/26 03:51:11.445, 21341
2026/09/26 03:51:11.945, 21341
2026/09/26 03:51:12.446, 21341
2026/09/26 03:51:12.946, 21341
2026/09/26 03:51:13.446, 21341
2026/09/26 03:51:13.946, 21341
2026/09/26 03:51:14.446, 21341
2026/09/26 03:51:14.946, 21341
2026/09/26 03:51:15.446, 21341
2026/09/26 03:51:15.947, 21341
2026/09/26 03:51:16.447, 21341
2026/09/26 03:51:16.947, 21341
2026/09/26 03:51:17.447, 21341
2026/09/26 03:51:17.947, 21341
2026/09/26 03:51:18.447, 21341
2026/09/26 03:51:18.948, 21341
2026/09/26 03:51:19.448, 21341
2026/09/26 03:51:19.948, 21341
2026/09/26 03:51:20.448, 21341
2026/09/26 03:51:20.948, 21341
2026/09/26 03:51:21.448, 21341
2026/09/26 03:51:21.949, 21341
2026/09/26 03:51:22.449, 21341
2026/09/26 03:51:22.949, 21341
2026/09/26 03:51:23.449, 21341
2026/09/26 03:51:23.949, 21341
2026/09/26 03:51:24.449, 21341
2026/09/26 03:51:24.950, 21341
2026/09/26 03:51:25.450, 21341
2026/09/26 03:51:25.950, 21341
2026/09/26 03:51:26.451, 21341
2026/09/26 03:51:26.951, 21341
2026/09/26 03:51:27.451, 21341
2026/09/26 03:51:27.951, 21341
2026/09/26 03:51:28.451, 21341
2026/09/26 03:51:28.951, 21341
2026/09/26 03:51:29.451, 21341
2026/09/26 03:51:29.952, 21341
2026/09/26 03:51:30.452, 21341
2026/09/26 03:51:30.952, 21341
2026/09/26 03:51:31.452, 21341
2026/09/26 03:51:31.952, 21341
2026/09/26 03:51:32.453, 21341
2026/09/26 03:51:32.953, 21341
2026/09/26 03:51:33.453, 21341
2026/09/26 03:51:33.953, 21341
2026/09/26 03:51:34.453, 21341
2026/09/26 03:51:34.953, 21341
2026/09/26 03:51:35.454, 21341
2026/09/26 03:51:35.954, 21341
2026/09/26 03:51:36.454, 21341
2026/09/26 03:51:36.954, 21341
2026/09/26 03:51:37.454, 21341
2026/09/26 03:51:37.954, 21341
2026/09/26 03:51:38.455, 21341
2026/09/26 03:51:38.955, 21341
2026/09/26 03:51:39.455, 21341
2026/09/26 03:51:39.955, 21341
2026/09/26 03:51:40.455, 21341
2026/09/26 03:51:40.955, 21341
2026/09/26 03:51:41.456, 21341
2026/09/26 03:51:41.956, 21341
2026/09/26 03:51:42.456, 21341
2026/09/26 03:51:42.956, 21341
2026/09/26 03:51:43.456, 21341
2026/09/26 03:51:43.956, 21341
2026/09/26 03:51:44.457, 21341
2026/09/26 03:51:44.957, 21341
2026/09/26 03:51:45.457, 21341
2026/09/26 03:51:45.957, 21341
2026/09/26 03:51:46.457, 21341
2026/09/26 03:51:46.957, 21341
2026/09/26 03:51:47.458, 21341
2026/09/26 03:51:47.958, 21341
2026/09/26 03:51:48.458, 21341
2026/09/26 03:51:48.958, 21341
2026/09/26 03:51:49.458, 21341
2026/09/26 03:51:49.958, 21341
2026/09/26 03:51:50.459, 21341
2026/09/26 03:51:50.959, 21341
2026/09/26 03:51:51.459, 21341
2026/09/26 03:51:51.959, 21341
2026/09/26 03:51:52.459, 21341
2026/09/26 03:51:52.960, 21341
2026/09/26 03:51:53.460, 21341
2026/09/26 03:51:53.960, 21341
2026/09/26 03:51:54.460, 21341
2026/09/26 03:51:54.960, 21341
2026/09/26 03:51:55.460, 21341
2026/09/26 03:51:55.960, 21341
2026/09/26 03:51:56.461, 21341
2026/09/26 03:51:56.961, 21341
2026/09/26 03:51:57.461, 21341
2026/09/26 03:51:57.961, 21341
2026/09/26 03:51:58.461, 21341
2026/09/26 03:51:58.961, 21341
2026/09/26 03:51:59.462, 21341
2026/09/26 03:51:59.962, 21341
2026/09/26 03:52:00.462, 21341
2026/09/26 03:52:00.962, 21341
2026/09/26 03:52:01.462, 21341
2026/09/26 03:52:01.962, 21341
2026/09/26 03:52:02.462, 21341
2026/09/26 03:52:02.963, 21341
2026/09/26 03:52:03.463, 21341
2026/09/26 03:52:03.963, 21341
2026/09/26 03:52:04.463, 21341
2026/09/26 03:52:04.963, 21341
2026/09/26 03:52:05.463, 21341
2026/09/26 03:52:05.964, 21341
2026/09/26 03:52:06.464, 21341
2026/09/26 03:52:06.964, 21341
2026/09/26 03:52:07.464, 21341
2026/09/26 03:52:07.965, 21341
2026/09/26 03:52:08.465, 21341
2026/09/26 03:52:08.965, 21341
2026/09/26 03:52:09.465, 21341
2026/09/26 03:52:09.965, 21341
2026/09/26 03:52:10.465, 21341
2026/09/26 03:52:10.965, 21341
2026/09/26 03:52:11.466, 21341
2026/09/26 03:52:11.966, 21341
2026/09/26 03:52:12.466, 21341
2026/09/26 03:52:12.966, 21341
2026/09/26 03:52:13.466, 21341
2026/09/26 03:52:13.966, 21341
2026/09/26 03:52:14.467, 21341
2026/09/26 03:52:14.967, 21341
2026/09/26 03:52:15.467, 21341
2026/09/26 03:52:15.967, 21341
2026/09/26 03:52:16.467, 21341
2026/09/26 03:52:16.967, 21341
2026/09/26 03:52:17.468, 21341
2026/09/26 03:52:17.968, 21341
2026/09/26 03:52:18.468, 21341
2026/09/26 03:52:18.968, 21341
2026/09/26 03:52:19.468, 21341
2026/09/26 03:52:19.969, 21341
2026/09/26 03:52:20.469, 21341
2026/09/26 03:52:20.969, 21341
2026/09/26 03:52:21.469, 21341
2026/09/26 03:52:21.969, 21341
2026/09/26 03:52:22.469, 21341
2026/09/26 03:52:22.970, 21341
2026/09/26 03:52:23.470, 21341
2026/09/26 03:52:23.970, 21341
2026/09/26 03:52:24.470, 21341
2026/09/26 03:52:24.970, 21341
2026/09/26 03:52:25.470, 21341
2026/09/26 03:52:25.971, 21341
2026/09/26 03:52:26.471, 21341
2026/09/26 03:52:26.971, 21341
2026/09/26 03:52:27.471, 21341
2026/09/26 03:52:27.971, 21341
2026/09/26 03:52:28.472, 21341
2026/09/26 03:52:28.972, 21341
2026/09/26 03:52:29.472, 21341
2026/09/26 03:52:29.972, 21341
2026/09/26 03:52:30.472, 21341
2026/09/26 03:52:30.972, 21341
2026/09/26 03:52:31.473, 21341
2026/09/26 03:52:31.973, 21341
2026/09/26 03:52:32.473, 21341
2026/09/26 03:52:32.973, 21341
2026/09/26 03:52:33.473, 21341
2026/09/26 03:52:33.973, 21341
2026/09/26 03:52:34.474, 21341
2026/09/26 03:52:34.974, 21341
2026/09/26 03:52:35.474, 21341
2026/09/26 03:52:35.974, 21341
2026/09/26 03:52:36.474, 21341
2026/09/26 03:52:36.974, 21341
2026/09/26 03:52:37.475, 21341
2026/09/26 03:52:37.975, 21341
2026/09/26 03:52:38.475, 21341
2026/09/26 03:52:38.975, 21341
2026/09/26 03:52:39.475, 21341
2026/09/26 03:52:39.975, 21341
2026/09/26 03:52:40.476, 21341
2026/09/26 03:52:40.976, 21341
2026/09/26 03:52:41.476, 21341
2026/09/26 03:52:41.976, 21341
2026/09/26 03:52:42.476, 21341
2026/09/26 03:52:42.977, 21341
2026/09/26 03:52:43.477, 21341
2026/09/26 03:52:43.977, 21341
2026/09/26 03:52:44.477, 21341
2026/09/26 03:52:44.977, 21341
2026/09/26 03:52:45.477, 21341
2026/09/26 03:52:45.978, 21341
2026/09/26 03:52:46.478, 21341
2026/09/26 03:52:46.978, 21341
2026/09/26 03:52:47.478, 21341
2026/09/26 03:52:47.978, 21341
2026/09/26 03:52:48.478, 21341
2026/09/26 03:52:48.979, 21341
2026/09/26 03:52:49.479, 21341
2026/09/26 03:52:49.979, 21341
2026/09/26 03:52:50.479, 21341
2026/09/26 03:52:50.979, 21341
2026/09/26 03:52:51.479, 21341
2026/09/26 03:52:51.980, 21341
2026/09/26 03:52:52.480, 21341
2026/09/26 03:52:52.980, 21341
2026/09/26 03:52:53.480, 21341
2026/09/26 03:52:53.980, 21341
2026/09/26 03:52:54.481, 21341
2026/09/26 03:52:54.981, 21341
2026/09/26 03:52:55.481, 21341
2026/09/26 03:52:55.981, 21341
2026/09/26 03:52:56.481, 21341
2026/09/26 03:52:56.981, 21341
2026/09/26 03:52:57.482, 21341
2026/09/26 03:52:57.983, 21341
2026/09/26 03:52:58.483, 21341
2026/09/26 03:52:58.983, 21341
2026/09/26 03:52:59.483, 21341
2026/09/26 03:52:59.983, 21341
2026/09/26 03:53:00.484, 21341
2026/09/26 03:53:00.984, 21341
2026/09/26 03:53:01.484, 21341
2026/09/26 03:53:01.984, 21341
2026/09/26 03:53:02.484, 21341
2026/09/26 03:53:02.985, 21341
2026/09/26 03:53:03.485, 21341
2026/09/26 03:53:03.985, 21341
2026/09/26 03:53:04.485, 21341
2026/09/26 03:53:04.985, 21341
2026/09/26 03:53:05.485, 21341
2026/09/26 03:53:05.986, 21341
2026/09/26 03:53:06.486, 21341
2026/09/26 03:53:06.986, 21341
2026/09/26 03:53:07.486, 21341
2026/09/26 03:53:07.986, 21341
2026/09/26 03:53:08.486, 21341
2026/09/26 03:53:08.987, 21341
2026/09/26 03:53:09.487, 21341
2026/09/26 03:53:09.987, 21341
2026/09/26 03:53:10.487, 21341
2026/09/26 03:53:10.987, 21341
2026/09/26 03:53:11.488, 21341
2026/09/26 03:53:11.988, 21341
2026/09/26 03:53:12.488, 21341
2026/09/26 03:53:12.988, 21341
2026/09/26 03:53:13.488, 21341
2026/09/26 03:53:13.988, 21341
2026/09/26 03:53:14.489, 21341
2026/09/26 03:53:14.989, 21341
2026/09/26 03:53:15.489, 21341
2026/09/26 03:53:15.989, 21341
2026/09/26 03:53:16.489, 21341
2026/09/26 03:53:16.989, 21341
2026/09/26 03:53:17.490, 21341
2026/09/26 03:53:17.990, 21341
2026/09/26 03:53:18.490, 21341
2026/09/26 03:53:18.990, 21341
2026/09/26 03:53:19.490, 21341
2026/09/26 03:53:19.990, 21341
2026/09/26 03:53:20.491, 21341
2026/09/26 03:53:20.991, 21341
2026/09/26 03:53:21.491, 21341
2026/09/26 03:53:21.991, 21341
2026/09/26 03:53:22.491, 21341
2026/09/26 03:53:22.991, 21341
2026/09/26 03:53:23.492, 21341
2026/09/26 03:53:23.992, 21341
2026/09/26 03:53:24.492, 21341
2026/09/26 03:53:24.992, 21341
2026/09/26 03:53:25.501, 21341
2026/09/26 03:53:26.001, 21341
2026/09/26 03:53:26.501, 21341
2026/09/26 03:53:27.002, 21341
2026/09/26 03:53:27.502, 21341
2026/09/26 03:53:28.002, 21341
2026/09/26 03:53:28.502, 21341
2026/09/26 03:53:29.002, 21341
2026/09/26 03:53:29.502, 21341
2026/09/26 03:53:30.003, 21341
2026/09/26 03:53:30.503, 21341
2026/09/26 03:53:31.003, 21341
2026/09/26 03:53:31.503, 21341
2026/09/26 03:53:32.003, 21341
2026/09/26 03:53:32.503, 21341
2026/09/26 03:53:33.004, 21341
2026/09/26 03:53:33.504, 21341
2026/09/26 03:53:34.004, 21341
2026/09/26 03:53:34.504, 21341
2026/09/26 03:53:35.004, 21341
2026/09/26 03:53:35.504, 21341
2026/09/26 03:53:36.005, 21341
2026/09/26 03:53:36.505, 21341
2026/09/26 03:53:37.005, 21341
2026/09/26 03:53:37.505, 21341
2026/09/26 03:53:38.005, 21341
2026/09/26 03:53:38.505, 21341
2026/09/26 03:53:39.006, 21341
2026/09/26 03:53:39.506, 21341
2026/09/26 03:53:40.006, 21341
2026/09/26 03:53:40.506, 21341
2026/09/26 03:53:41.006, 21341
2026/09/26 03:53:41.506, 21341
2026/09/26 03:53:42.006, 21341
2026/09/26 03:53:42.507, 21341
2026/09/26 03:53:43.007, 21341
2026/09/26 03:53:43.507, 21341
2026/09/26 03:53:44.007, 21341
2026/09/26 03:53:44.507, 21341
2026/09/26 03:53:45.007, 21341
2026/09/26 03:53:45.507, 21341
2026/09/26 03:53:46.008, 21341
2026/09/26 03:53:46.508, 21341
2026/09/26 03:53:47.008, 21341
2026/09/26 03:53:47.508, 21341
2026/09/26 03:53:48.008, 21341
2026/09/26 03:53:48.508, 21341
2026/09/26 03:53:49.009, 21341
2026/09/26 03:53:49.509, 21341
2026/09/26 03:53:50.009, 21341
2026/09/26 03:53:50.509, 21341
2026/09/26 03:53:51.009, 21341
2026/09/26 03:53:51.509, 21341
2026/09/26 03:53:52.010, 21341
2026/09/26 03:53:52.510, 21341
2026/09/26 03:53:53.010, 21341
2026/09/26 03:53:53.510, 21341
2026/09/26 03:53:54.010, 21341
2026/09/26 03:53:54.510, 21341
2026/09/26 03:53:55.011, 21341
2026/09/26 03:53:55.511, 21341
2026/09/26 03:53:56.011, 21341
2026/09/26 03:53:56.511, 21341
2026/09/26 03:53:57.011, 21341
2026/09/26 03:53:57.511, 21341
2026/09/26 03:53:58.012, 21341
2026/09/26 03:53:58.512, 21341
2026/09/26 03:53:59.012, 21341
2026/09/26 03:53:59.512, 21341
2026/09/26 03:54:00.012, 21341
2026/09/26 03:54:00.513, 21341
2026/09/26 03:54:01.013, 21341
2026/09/26 03:54:01.513, 21341
2026/09/26 03:54:02.013, 21341
2026/09/26 03:54:02.513, 21341
2026/09/26 03:54:03.013, 21341
2026/09/26 03:54:03.514, 21341
2026/09/26 03:54:04.014, 21341
2026/09/26 03:54:04.514, 21341
2026/09/26 03:54:05.014, 21341
2026/09/26 03:54:05.514, 21341
2026/09/26 03:54:06.014, 21341
2026/09/26 03:54:06.514, 21341
2026/09/26 03:54:07.015, 21341
2026/09/26 03:54:07.515, 21341
2026/09/26 03:54:08.015, 21341
2026/09/26 03:54:08.515, 21341
2026/09/26 03:54:09.015, 21341
2026/09/26 03:54:09.516, 21341
2026/09/26 03:54:10.016, 21341
2026/09/26 03:54:10.516, 21341
2026/09/26 03:54:11.016, 21341
2026/09/26 03:54:11.516, 21341
2026/09/26 03:54:12.017, 21341
2026/09/26 03:54:12.517, 21341
2026/09/26 03:54:13.017, 21341
2026/09/26 03:54:13.517, 21341
2026/09/26 03:54:14.017, 21341
2026/09/26 03:54:14.517, 21341
2026/09/26 03:54:15.018, 21341
2026/09/26 03:54:15.518, 21341
2026/09/26 03:54:16.018, 21341
2026/09/26 03:54:16.518, 21341
2026/09/26 03:54:17.018, 21341
2026/09/26 03:54:17.518, 21341
2026/09/26 03:54:18.019, 21341
2026/09/26 03:54:18.519, 21341
2026/09/26 03:54:19.019, 21341
2026/09/26 03:54:19.519, 21341
2026/09/26 03:54:20.019, 21341
2026/09/26 03:54:20.519, 21341
2026/09/26 03:54:21.019, 21341
2026/09/26 03:54:21.520, 21341
2026/09/26 03:54:22.020, 21341
2026/09/26 03:54:22.520, 21341
2026/09/26 03:54:23.020, 21341
2026/09/26 03:54:23.520, 21341
2026/09/26 03:54:24.021, 21341
2026/09/26 03:54:24.521, 21341
2026/09/26 03:54:25.021, 21341
2026/09/26 03:54:25.521, 21341
2026/09/26 03:54:26.021, 21341
2026/09/26 03:54:26.521, 21341
2026/09/26 03:54:27.021, 21341
2026/09/26 03:54:27.522, 21341
2026/09/26 03:54:28.022, 21341
2026/09/26 03:54:28.522, 21341
2026/09/26 03:54:29.022, 21341
2026/09/26 03:54:29.522, 21341
2026/09/26 03:54:30.022, 21341
2026/09/26 03:54:30.523, 21341
2026/09/26 03:54:31.023, 21341
2026/09/26 03:54:31.523, 21341
2026/09/26 03:54:32.023, 21341
2026/09/26 03:54:32.523, 21341
2026/09/26 03:54:33.023, 21341
2026/09/26 03:54:33.524, 21341
2026/09/26 03:54:34.024, 21341
2026/09/26 03:54:34.524, 21341
2026/09/26 03:54:35.024, 21341
2026/09/26 03:54:35.524, 21341
2026/09/26 03:54:36.024, 21341
2026/09/26 03:54:36.525, 21341
2026/09/26 03:54:37.025, 21341
2026/09/26 03:54:37.525, 21341
2026/09/26 03:54:38.025, 21341
2026/09/26 03:54:38.525, 21341
2026/09/26 03:54:39.025, 21341
2026/09/26 03:54:39.525, 21341
2026/09/26 03:54:40.026, 21341
2026/09/26 03:54:40.526, 21341
2026/09/26 03:54:41.026, 21341
2026/09/26 03:54:41.526, 21341
2026/09/26 03:54:42.026, 21341
2026/09/26 03:54:42.526, 21341
2026/09/26 03:54:43.027, 21341
2026/09/26 03:54:43.527, 21341
2026/09/26 03:54:44.027, 21341
2026/09/26 03:54:44.527, 21341
2026/09/26 03:54:45.027, 21341
2026/09/26 03:54:45.527, 21341
2026/09/26 03:54:46.027, 21341
2026/09/26 03:54:46.528, 21341
2026/09/26 03:54:47.028, 21341
2026/09/26 03:54:47.528, 21341
2026/09/26 03:54:48.028, 21341
2026/09/26 03:54:48.528, 21341
2026/09/26 03:54:49.028, 21341
2026/09/26 03:54:49.528, 21341
2026/09/26 03:54:50.029, 21341
2026/09/26 03:54:50.529, 21341
2026/09/26 03:54:51.029, 21341
2026/09/26 03:54:51.529, 21341
2026/09/26 03:54:52.029, 21341
2026/09/26 03:54:52.529, 21341
2026/09/26 03:54:53.030, 21341
2026/09/26 03:54:53.530, 21341
2026/09/26 03:54:54.030, 21341
2026/09/26 03:54:54.530, 21341
2026/09/26 03:54:55.030, 21341
2026/09/26 03:54:55.530, 21341
2026/09/26 03:54:56.030, 21341
2026/09/26 03:54:56.531, 21341
2026/09/26 03:54:57.031, 21341
2026/09/26 03:54:57.531, 21341
2026/09/26 03:54:58.031, 21341
2026/09/26 03:54:58.531, 21341
2026/09/26 03:54:59.031, 21341
2026/09/26 03:54:59.532, 21341
2026/09/26 03:55:00.032, 21341
2026/09/26 03:55:00.532, 21341
2026/09/26 03:55:01.032, 21341
2026/09/26 03:55:01.532, 21341
2026/09/26 03:55:02.033, 21341
2026/09/26 03:55:02.533, 21341
2026/09/26 03:55:03.033, 21341
2026/09/26 03:55:03.535, 21341
2026/09/26 03:55:04.036, 21341
2026/09/26 03:55:04.536, 21341
2026/09/26 03:55:05.036, 21341
2026/09/26 03:55:05.536, 21341
2026/09/26 03:55:06.036, 21341
2026/09/26 03:55:06.537, 21341
2026/09/26 03:55:07.037, 21341
2026/09/26 03:55:07.537, 21341
2026/09/26 03:55:08.037, 21341
2026/09/26 03:55:08.537, 21341
2026/09/26 03:55:09.038, 21341
2026/09/26 03:55:09.538, 21341
2026/09/26 03:55:10.038, 21341
2026/09/26 03:55:10.538, 21341
2026/09/26 03:55:11.038, 21341
2026/09/26 03:55:11.538, 21341
2026/09/26 03:55:12.038, 21341
2026/09/26 03:55:12.538, 21341
2026/09/26 03:55:13.039, 21341
2026/09/26 03:55:13.539, 21341
2026/09/26 03:55:14.039, 21341
2026/09/26 03:55:14.539, 21341
2026/09/26 03:55:15.039, 21341
2026/09/26 03:55:15.539, 21341
2026/09/26 03:55:16.040, 21341
2026/09/26 03:55:16.540, 21341
2026/09/26 03:55:17.040, 21341
2026/09/26 03:55:17.540, 21341
2026/09/26 03:55:18.040, 21341
2026/09/26 03:55:18.540, 21341
2026/09/26 03:55:19.041, 21341
2026/09/26 03:55:19.541, 21341
2026/09/26 03:55:20.041, 21341
2026/09/26 03:55:20.541, 21341
2026/09/26 03:55:21.041, 21341
2026/09/26 03:55:21.541, 21341
2026/09/26 03:55:22.041, 21341
2026/09/26 03:55:22.542, 21341
2026/09/26 03:55:23.042, 21341
2026/09/26 03:55:23.542, 21341
2026/09/26 03:55:24.042, 21341
2026/09/26 03:55:24.542, 21341
2026/09/26 03:55:25.042, 21341
2026/09/26 03:55:25.543, 21341
2026/09/26 03:55:26.043, 21341
2026/09/26 03:55:26.543, 21341
2026/09/26 03:55:27.043, 21341
2026/09/26 03:55:27.543, 21809
2026/09/26 03:55:28.043, 21809
2026/09/26 03:55:28.544, 21809
2026/09/26 03:55:29.044, 21809
2026/09/26 03:55:29.544, 21809
2026/09/26 03:55:30.044, 21809
2026/09/26 03:55:30.544, 21809
2026/09/26 03:55:31.044, 21809
2026/09/26 03:55:31.545, 21809
2026/09/26 03:55:32.045, 21809
2026/09/26 03:55:32.545, 21809
2026/09/26 03:55:33.045, 21809
2026/09/26 03:55:33.545, 21809
2026/09/26 03:55:34.045, 21809
2026/09/26 03:55:34.546, 21809
2026/09/26 03:55:35.046, 21809
2026/09/26 03:55:35.546, 21809
2026/09/26 03:55:36.046, 21809
2026/09/26 03:55:36.546, 21809
2026/09/26 03:55:37.046, 21809
2026/09/26 03:55:37.547, 21809
2026/09/26 03:55:38.047, 21809
2026/09/26 03:55:38.547, 21809
2026/09/26 03:55:39.047, 21809
2026/09/26 03:55:39.547, 21809
2026/09/26 03:55:40.047, 21809
2026/09/26 03:55:40.548, 21809
2026/09/26 03:55:41.048, 21809
2026/09/26 03:55:41.548, 21809
2026/09/26 03:55:42.048, 21809
2026/09/26 03:55:42.548, 21809
2026/09/26 03:55:43.049, 21809
2026/09/26 03:55:43.549, 21809
2026/09/26 03:55:44.049, 21809
2026/09/26 03:55:44.549, 21809
2026/09/26 03:55:45.049, 21809
2026/09/26 03:55:45.549, 21809
2026/09/26 03:55:46.050, 21809
2026/09/26 03:55:46.550, 21809
2026/09/26 03:55:47.050, 21809
2026/09/26 03:55:47.550, 21809
2026/09/26 03:55:48.050, 21809
2026/09/26 03:55:48.550, 21809
2026/09/26 03:55:49.051, 21809
2026/09/26 03:55:49.551, 21809
2026/09/26 03:55:50.051, 21809
2026/09/26 03:55:50.551, 21809
2026/09/26 03:55:51.051, 21809
2026/09/26 03:55:51.551, 21809
2026/09/26 03:55:52.051, 21809
2026/09/26 03:55:52.552, 21809
2026/09/26 03:55:53.052, 21809
2026/09/26 03:55:53.552, 21809
2026/09/26 03:55:54.052, 21809
2026/09/26 03:55:54.552, 21809
2026/09/26 03:55:55.052, 21809
2026/09/26 03:55:55.553, 21809
2026/09/26 03:55:56.053, 21809
2026/09/26 03:55:56.553, 21809
2026/09/26 03:55:57.053, 21809
2026/09/26 03:55:57.553, 21809
2026/09/26 03:55:58.053, 21809
2026/09/26 03:55:58.553, 21809
2026/09/26 03:55:59.054, 21809
2026/09/26 03:55:59.554, 21809
2026/09/26 03:56:00.054, 21809
2026/09/26 03:56:00.554, 21809
2026/09/26 03:56:01.054, 21809
2026/09/26 03:56:01.554, 21809
2026/09/26 03:56:02.055, 21809
2026/09/26 03:56:02.555, 21809
2026/09/26 03:56:03.055, 21809
2026/09/26 03:56:03.555, 21809
2026/09/26 03:56:04.055, 21809
2026/09/26 03:56:04.555, 21809
2026/09/26 03:56:05.056, 21809
2026/09/26 03:56:05.556, 21809
2026/09/26 03:56:06.056, 21809
2026/09/26 03:56:06.556, 21809
2026/09/26 03:56:07.056, 21809
2026/09/26 03:56:07.556, 21809
2026/09/26 03:56:08.056, 21809
2026/09/26 03:56:08.557, 21809
2026/09/26 03:56:09.057, 21809
2026/09/26 03:56:09.557, 21809
2026/09/26 03:56:10.057, 21809
2026/09/26 03:56:10.557, 21809
2026/09/26 03:56:11.057, 21809
2026/09/26 03:56:11.558, 21809
2026/09/26 03:56:12.058, 21809
2026/09/26 03:56:12.558, 21809
2026/09/26 03:56:13.058, 21809
2026/09/26 03:56:13.558, 21809
2026/09/26 03:56:14.058, 21809
2026/09/26 03:56:14.559, 21809
2026/09/26 03:56:15.059, 21809
2026/09/26 03:56:15.559, 21809
2026/09/26 03:56:16.059, 21809
2026/09/26 03:56:16.559, 21809
2026/09/26 03:56:17.059, 21809
2026/09/26 03:56:17.559, 21809
2026/09/26 03:56:18.060, 21809
2026/09/26 03:56:18.560, 21809
2026/09/26 03:56:19.060, 21809
2026/09/26 03:56:19.560, 21809
2026/09/26 03:56:20.060, 21809
2026/09/26 03:56:20.560, 21809
2026/09/26 03:56:21.061, 21809
2026/09/26 03:56:21.561, 21809
2026/09/26 03:56:22.061, 21809
2026/09/26 03:56:22.561, 21809
2026/09/26 03:56:23.061, 21809
2026/09/26 03:56:23.561, 21809
2026/09/26 03:56:24.062, 21809
2026/09/26 03:56:24.562, 21809
2026/09/26 03:56:25.062, 21809
2026/09/26 03:56:25.562, 21809
2026/09/26 03:56:26.062, 21809
2026/09/26 03:56:26.562, 21809
2026/09/26 03:56:27.062, 21809
2026/09/26 03:56:27.563, 21809
2026/09/26 03:56:28.063, 21809
2026/09/26 03:56:28.563, 21809
2026/09/26 03:56:29.063, 21809
2026/09/26 03:56:29.563, 21809
2026/09/26 03:56:30.063, 21809
2026/09/26 03:56:30.564, 21809
2026/09/26 03:56:31.064, 21809
2026/09/26 03:56:31.564, 21809
2026/09/26 03:56:32.064, 21809
2026/09/26 03:56:32.564, 21809
2026/09/26 03:56:33.064, 21809
2026/09/26 03:56:33.565, 21809
2026/09/26 03:56:34.065, 21809
2026/09/26 03:56:34.565, 21809
2026/09/26 03:56:35.065, 21809
2026/09/26 03:56:35.565, 21809
2026/09/26 03:56:36.065, 21809
2026/09/26 03:56:36.566, 21809
2026/09/26 03:56:37.066, 21809
2026/09/26 03:56:37.566, 21809
2026/09/26 03:56:38.066, 21809
2026/09/26 03:56:38.566, 21809
2026/09/26 03:56:39.066, 21809
2026/09/26 03:56:39.567, 21809
2026/09/26 03:56:40.067, 21809
2026/09/26 03:56:40.567, 21809
2026/09/26 03:56:41.067, 21809
2026/09/26 03:56:41.567, 21809
2026/09/26 03:56:42.067, 21809
2026/09/26 03:56:42.567, 21809
2026/09/26 03:56:43.068, 21809
2026/09/26 03:56:43.568, 21809
2026/09/26 03:56:44.068, 21809
2026/09/26 03:56:44.568, 21809
2026/09/26 03:56:45.068, 21809
2026/09/26 03:56:45.568, 21809
2026/09/26 03:56:46.069, 21809
2026/09/26 03:56:46.569, 21809
2026/09/26 03:56:47.069, 21809
2026/09/26 03:56:47.569, 21809
2026/09/26 03:56:48.069, 21809
2026/09/26 03:56:48.569, 21809
2026/09/26 03:56:49.070, 21809
2026/09/26 03:56:49.570, 21809
2026/09/26 03:56:50.070, 21809
2026/09/26 03:56:50.570, 21809
2026/09/26 03:56:51.070, 21809
2026/09/26 03:56:51.570, 21809
2026/09/26 03:56:52.071, 21809
2026/09/26 03:56:52.571, 21809
2026/09/26 03:56:53.071, 21809
2026/09/26 03:56:53.571, 21809
2026/09/26 03:56:54.071, 21809
2026/09/26 03:56:54.571, 21809
2026/09/26 03:56:55.071, 21809
2026/09/26 03:56:55.572, 21809
2026/09/26 03:56:56.072, 21809
2026/09/26 03:56:56.572, 21809
2026/09/26 03:56:57.072, 21809
2026/09/26 03:56:57.572, 21809
2026/09/26 03:56:58.072, 21809
2026/09/26 03:56:58.573, 21809
2026/09/26 03:56:59.073, 21809
2026/09/26 03:56:59.573, 21809
2026/09/26 03:57:00.073, 21809
2026/09/26 03:57:00.573, 21809
2026/09/26 03:57:01.073, 21809
2026/09/26 03:57:01.574, 21809
2026/09/26 03:57:02.074, 21809
2026/09/26 03:57:02.574, 21809
2026/09/26 03:57:03.074, 21809
2026/09/26 03:57:03.574, 21809
2026/09/26 03:57:04.074, 21809
2026/09/26 03:57:04.575, 21809
2026/09/26 03:57:05.075, 21809
2026/09/26 03:57:05.575, 21809
2026/09/26 03:57:06.075, 21809
2026/09/26 03:57:06.575, 21809
2026/09/26 03:57:07.075, 21809
2026/09/26 03:57:07.576, 21809
2026/09/26 03:57:08.076, 21809
2026/09/26 03:57:08.576, 21809
2026/09/26 03:57:09.076, 21809
2026/09/26 03:57:09.576, 21809
2026/09/26 03:57:10.077, 21809
2026/09/26 03:57:10.577, 21809
2026/09/26 03:57:11.077, 21809
2026/09/26 03:57:11.577, 21809
2026/09/26 03:57:12.077, 21809
2026/09/26 03:57:12.577, 21809
2026/09/26 03:57:13.078, 21809
2026/09/26 03:57:13.578, 21809
2026/09/26 03:57:14.078, 21809
2026/09/26 03:57:14.578, 21809
2026/09/26 03:57:15.078, 21809
2026/09/26 03:57:15.578, 21809
2026/09/26 03:57:16.078, 21809
2026/09/26 03:57:16.579, 21809
2026/09/26 03:57:17.079, 21809
2026/09/26 03:57:17.579, 21809
2026/09/26 03:57:18.079, 21809
2026/09/26 03:57:18.579, 21809
2026/09/26 03:57:19.079, 21809
2026/09/26 03:57:19.580, 21809
2026/09/26 03:57:20.080, 21809
2026/09/26 03:57:20.580, 21809
2026/09/26 03:57:21.080, 21809
2026/09/26 03:57:21.580, 21809
2026/09/26 03:57:22.080, 21809
2026/09/26 03:57:22.581, 21809
2026/09/26 03:57:23.081, 21809
2026/09/26 03:57:23.581, 21809
2026/09/26 03:57:24.081, 21809
2026/09/26 03:57:24.581, 21809
2026/09/26 03:57:25.081, 21809
2026/09/26 03:57:25.582, 21809
2026/09/26 03:57:26.082, 21809
2026/09/26 03:57:26.582, 21809
2026/09/26 03:57:27.082, 21809
2026/09/26 03:57:27.582, 21809
2026/09/26 03:57:28.082, 21809
2026/09/26 03:57:28.582, 21809
2026/09/26 03:57:29.083, 21809
2026/09/26 03:57:29.583, 21809
2026/09/26 03:57:30.083, 21809
2026/09/26 03:57:30.583, 21809
2026/09/26 03:57:31.083, 21809
2026/09/26 03:57:31.583, 21809
2026/09/26 03:57:32.084, 21809
2026/09/26 03:57:32.584, 21809
2026/09/26 03:57:33.084, 21809
2026/09/26 03:57:33.584, 21809
2026/09/26 03:57:34.084, 21809
2026/09/26 03:57:34.584, 21809
2026/09/26 03:57:35.084, 21809
2026/09/26 03:57:35.585, 21809
2026/09/26 03:57:36.085, 21809
2026/09/26 03:57:36.591, 21809
2026/09/26 03:57:37.091, 21809
2026/09/26 03:57:37.591, 21809
2026/09/26 03:57:38.091, 21809
2026/09/26 03:57:38.592, 21809
2026/09/26 03:57:39.092, 21809
2026/09/26 03:57:39.592, 21809
2026/09/26 03:57:40.092, 21809
2026/09/26 03:57:40.592, 21809
2026/09/26 03:57:41.092, 21809
2026/09/26 03:57:41.601, 21809
2026/09/26 03:57:42.101, 21809
2026/09/26 03:57:42.601, 21809
2026/09/26 03:57:43.102, 21809
2026/09/26 03:57:43.602, 21809
2026/09/26 03:57:44.102, 21809
2026/09/26 03:57:44.602, 21809
2026/09/26 03:57:45.102, 21809
2026/09/26 03:57:45.602, 21809
2026/09/26 03:57:46.103, 21809
2026/09/26 03:57:46.603, 21809
2026/09/26 03:57:47.103, 21809
2026/09/26 03:57:47.603, 21809
2026/09/26 03:57:48.103, 21809
2026/09/26 03:57:48.603, 21809
2026/09/26 03:57:49.104, 21809
2026/09/26 03:57:49.604, 21809
2026/09/26 03:57:50.104, 21809
2026/09/26 03:57:50.604, 21809
2026/09/26 03:57:51.104, 21809
2026/09/26 03:57:51.604, 21809
2026/09/26 03:57:52.104, 21809
2026/09/26 03:57:52.605, 21809
2026/09/26 03:57:53.105, 21809
2026/09/26 03:57:53.605, 21809
2026/09/26 03:57:54.105, 21809
2026/09/26 03:57:54.605, 21809
2026/09/26 03:57:55.105, 21809
2026/09/26 03:57:55.606, 21809
2026/09/26 03:57:56.106, 21809
2026/09/26 03:57:56.606, 21809
2026/09/26 03:57:57.106, 21809
2026/09/26 03:57:57.606, 21809
2026/09/26 03:57:58.106, 21809
2026/09/26 03:57:58.606, 21809
2026/09/26 03:57:59.107, 21809
2026/09/26 03:57:59.607, 21809
2026/09/26 03:58:00.107, 21809
2026/09/26 03:58:00.607, 21809
2026/09/26 03:58:01.107, 22589
2026/09/26 03:58:01.607, 22199
2026/09/26 03:58:02.108, 21809
2026/09/26 03:58:02.608, 21809
2026/09/26 03:58:03.108, 21809
2026/09/26 03:58:03.608, 21809
2026/09/26 03:58:04.108, 21809
2026/09/26 03:58:04.608, 21809
2026/09/26 03:58:05.108, 21809
2026/09/26 03:58:05.609, 21809
2026/09/26 03:58:06.109, 21809
2026/09/26 03:58:06.609, 21809
2026/09/26 03:58:07.109, 21809
2026/09/26 03:58:07.609, 21809
2026/09/26 03:58:08.109, 21809
2026/09/26 03:58:08.609, 21809
2026/09/26 03:58:09.110, 21809
2026/09/26 03:58:09.610, 21809
2026/09/26 03:58:10.110, 21809
2026/09/26 03:58:10.610, 21809
2026/09/26 03:58:11.110, 21809
2026/09/26 03:58:11.610, 21809
2026/09/26 03:58:12.111, 21809
2026/09/26 03:58:12.611, 21809
2026/09/26 03:58:13.111, 21809
2026/09/26 03:58:13.611, 21809
2026/09/26 03:58:14.111, 21809
2026/09/26 03:58:14.611, 21809
2026/09/26 03:58:15.112, 21809
2026/09/26 03:58:15.612, 21809
2026/09/26 03:58:16.112, 21809
2026/09/26 03:58:16.612, 21809
2026/09/26 03:58:17.112, 21809
2026/09/26 03:58:17.612, 21809
2026/09/26 03:58:18.113, 21809
2026/09/26 03:58:18.613, 21809
2026/09/26 03:58:19.113, 21809
2026/09/26 03:58:19.613, 21809
2026/09/26 03:58:20.113, 21809
2026/09/26 03:58:20.613, 21809
2026/09/26 03:58:21.114, 21809
2026/09/26 03:58:21.614, 21809
2026/09/26 03:58:22.114, 21809
2026/09/26 03:58:22.614, 21809
2026/09/26 03:58:23.114, 21809
2026/09/26 03:58:23.614, 21809
2026/09/26 03:58:24.115, 21809
2026/09/26 03:58:24.615, 21809
2026/09/26 03:58:25.115, 21809
2026/09/26 03:58:25.615, 21809
2026/09/26 03:58:26.115, 21809
2026/09/26 03:58:26.615, 21809
2026/09/26 03:58:27.116, 21809
2026/09/26 03:58:27.616, 21809
2026/09/26 03:58:28.116, 21809
2026/09/26 03:58:28.616, 21809
2026/09/26 03:58:29.116, 21809
2026/09/26 03:58:29.616, 21809
2026/09/26 03:58:30.117, 21809
2026/09/26 03:58:30.617, 21809
2026/09/26 03:58:31.117, 21809
2026/09/26 03:58:31.617, 21809
2026/09/26 03:58:32.117, 21809
2026/09/26 03:58:32.618, 21809
2026/09/26 03:58:33.118, 21809
2026/09/26 03:58:33.618, 21809
2026/09/26 03:58:34.118, 21809
2026/09/26 03:58:34.618, 21809
2026/09/26 03:58:35.118, 21809
2026/09/26 03:58:35.619, 21809
2026/09/26 03:58:36.119, 21809
2026/09/26 03:58:36.619, 21809
2026/09/26 03:58:37.119, 21809
2026/09/26 03:58:37.619, 21809
2026/09/26 03:58:38.119, 21809
2026/09/26 03:58:38.619, 21809
2026/09/26 03:58:39.120, 21809
2026/09/26 03:58:39.620, 21809
2026/09/26 03:58:40.120, 21809
2026/09/26 03:58:40.620, 21809
2026/09/26 03:58:41.120, 21809
2026/09/26 03:58:41.620, 21809
2026/09/26 03:58:42.121, 21809
2026/09/26 03:58:42.621, 21809
2026/09/26 03:58:43.121, 21809
2026/09/26 03:58:43.621, 21809
2026/09/26 03:58:44.121, 21809
2026/09/26 03:58:44.621, 21809
2026/09/26 03:58:45.122, 21809
2026/09/26 03:58:45.622, 21809
2026/09/26 03:58:46.122, 21809
2026/09/26 03:58:46.622, 21809
2026/09/26 03:58:47.122, 21809
2026/09/26 03:58:47.622, 21809
2026/09/26 03:58:48.123, 21809
2026/09/26 03:58:48.623, 21809
2026/09/26 03:58:49.123, 21809
2026/09/26 03:58:49.623, 21809
2026/09/26 03:58:50.124, 21809
2026/09/26 03:58:50.624, 21809
2026/09/26 03:58:51.124, 21809
2026/09/26 03:58:51.624, 21809
2026/09/26 03:58:52.124, 21809
2026/09/26 03:58:52.624, 21809
2026/09/26 03:58:53.124, 21809
2026/09/26 03:58:53.625, 21809
2026/09/26 03:58:54.125, 21809
2026/09/26 03:58:54.625, 21809
2026/09/26 03:58:55.125, 21809
2026/09/26 03:58:55.625, 21809
2026/09/26 03:58:56.125, 21809
2026/09/26 03:58:56.626, 21809
2026/09/26 03:58:57.126, 21809
2026/09/26 03:58:57.626, 21809
2026/09/26 03:58:58.126, 21809
2026/09/26 03:58:58.626, 21809
2026/09/26 03:58:59.126, 21809
2026/09/26 03:58:59.626, 21809
2026/09/26 03:59:00.127, 21809
2026/09/26 03:59:00.627, 21809
2026/09/26 03:59:01.127, 21809
2026/09/26 03:59:01.627, 21809
2026/09/26 03:59:02.127, 21809
2026/09/26 03:59:02.627, 21809
2026/09/26 03:59:03.128, 21809
2026/09/26 03:59:03.628, 21809
2026/09/26 03:59:04.128, 21809
2026/09/26 03:59:04.628, 21809
2026/09/26 03:59:05.128, 21809
2026/09/26 03:59:05.628, 21809
2026/09/26 03:59:06.129, 21809
2026/09/26 03:59:06.629, 21809
2026/09/26 03:59:07.129, 21809
2026/09/26 03:59:07.629, 21809
2026/09/26 03:59:08.129, 21809
2026/09/26 03:59:08.629, 21809
2026/09/26 03:59:09.129, 21809
2026/09/26 03:59:09.630, 21809
2026/09/26 03:59:10.130, 21809
2026/09/26 03:59:10.630, 21809
2026/09/26 03:59:11.130, 21809
2026/09/26 03:59:11.630, 21809
2026/09/26 03:59:12.130, 21809
2026/09/26 03:59:12.630, 21809
2026/09/26 03:59:13.131, 21809
2026/09/26 03:59:13.631, 21809
2026/09/26 03:59:14.131, 21809
2026/09/26 03:59:14.631, 21809
2026/09/26 03:59:15.131, 21809
2026/09/26 03:59:15.631, 21809
2026/09/26 03:59:16.131, 21809
2026/09/26 03:59:16.631, 21809
2026/09/26 03:59:17.132, 21809
2026/09/26 03:59:17.632, 21809
2026/09/26 03:59:18.132, 21809
2026/09/26 03:59:18.632, 21809
2026/09/26 03:59:19.132, 21809
2026/09/26 03:59:19.632, 21809
2026/09/26 03:59:20.132, 21809
2026/09/26 03:59:20.633, 21809
2026/09/26 03:59:21.133, 21809
2026/09/26 03:59:21.633, 21809
2026/09/26 03:59:22.133, 21809
2026/09/26 03:59:22.633, 21809
2026/09/26 03:59:23.133, 21809
2026/09/26 03:59:23.633, 21809
2026/09/26 03:59:24.134, 21809
2026/09/26 03:59:24.634, 21809
2026/09/26 03:59:25.134, 21809
2026/09/26 03:59:25.634, 21809
2026/09/26 03:59:26.134, 21809
2026/09/26 03:59:26.634, 21809
2026/09/26 03:59:27.135, 21809
2026/09/26 03:59:27.635, 21809
2026/09/26 03:59:28.135, 21809
2026/09/26 03:59:28.635, 21809
2026/09/26 03:59:29.135, 21809
2026/09/26 03:59:29.635, 21809
2026/09/26 03:59:30.135, 21809
2026/09/26 03:59:30.636, 21809
2026/09/26 03:59:31.136, 21809
2026/09/26 03:59:31.636, 21809
2026/09/26 03:59:32.136, 21809
2026/09/26 03:59:32.636, 21809
2026/09/26 03:59:33.136, 21809
2026/09/26 03:59:33.636, 21809
2026/09/26 03:59:34.137, 21809
2026/09/26 03:59:34.637, 21809
2026/09/26 03:59:35.137, 21809
2026/09/26 03:59:35.637, 21809
2026/09/26 03:59:36.137, 21809
2026/09/26 03:59:36.637, 21809
2026/09/26 03:59:37.137, 21809
2026/09/26 03:59:37.638, 21809
2026/09/26 03:59:38.138, 21809
2026/09/26 03:59:38.638, 21809
2026/09/26 03:59:39.138, 21809
2026/09/26 03:59:39.638, 21809
2026/09/26 03:59:40.138, 21809
2026/09/26 03:59:40.639, 21809
2026/09/26 03:59:41.139, 21809
2026/09/26 03:59:41.639, 21809
2026/09/26 03:59:42.139, 21809
2026/09/26 03:59:42.639, 21809
2026/09/26 03:59:43.139, 21809
2026/09/26 03:59:43.640, 21809
2026/09/26 03:59:44.140, 21809
2026/09/26 03:59:44.640, 21809
2026/09/26 03:59:45.140, 21809
2026/09/26 03:59:45.640, 21809
2026/09/26 03:59:46.140, 21809
2026/09/26 03:59:46.640, 21809
2026/09/26 03:59:47.141, 21809
2026/09/26 03:59:47.641, 21809
2026/09/26 03:59:48.141, 21809
2026/09/26 03:59:48.641, 21809
2026/09/26 03:59:49.141, 21809
2026/09/26 03:59:49.641, 21809
2026/09/26 03:59:50.141, 21809
2026/09/26 03:59:50.642, 21809
2026/09/26 03:59:51.142, 21809
2026/09/26 03:59:51.642, 21809
2026/09/26 03:59:52.142, 21809
2026/09/26 03:59:52.642, 21809
2026/09/26 03:59:53.142, 21809
2026/09/26 03:59:53.642, 21809
2026/09/26 03:59:54.143, 21809
2026/09/26 03:59:54.643, 21809
2026/09/26 03:59:55.143, 21809
2026/09/26 03:59:55.643, 21809
2026/09/26 03:59:56.143, 21809
2026/09/26 03:59:56.643, 21809
2026/09/26 03:59:57.144, 21809
2026/09/26 03:59:57.644, 21809
2026/09/26 03:59:58.144, 21809
2026/09/26 03:59:58.644, 21809
2026/09/26 03:59:59.144, 21809
2026/09/26 03:59:59.644, 21809
2026/09/26 04:00:00.145, 21809
2026/09/26 04:00:00.645, 21809
2026/09/26 04:00:01.145, 21809
2026/09/26 04:00:01.645, 21809
2026/09/26 04:00:02.145, 21809
2026/09/26 04:00:02.645, 21809
2026/09/26 04:00:03.145, 21809
2026/09/26 04:00:03.646, 21809
2026/09/26 04:00:04.146, 21809
2026/09/26 04:00:04.646, 21809
2026/09/26 04:00:05.146, 21809
2026/09/26 04:00:05.647, 21809
2026/09/26 04:00:06.147, 21809
2026/09/26 04:00:06.647, 21809
2026/09/26 04:00:07.147, 21809
2026/09/26 04:00:07.647, 21809
2026/09/26 04:00:08.147, 21809
2026/09/26 04:00:08.647, 21809
2026/09/26 04:00:09.148, 21809
2026/09/26 04:00:09.648, 21809
2026/09/26 04:00:10.148, 21809
2026/09/26 04:00:10.648, 21809
2026/09/26 04:00:11.148, 21809
2026/09/26 04:00:11.648, 21809
2026/09/26 04:00:12.149, 21809
2026/09/26 04:00:12.649, 21809
2026/09/26 04:00:13.149, 21809
2026/09/26 04:00:13.649, 21809
2026/09/26 04:00:14.149, 21809
2026/09/26 04:00:14.649, 21809
2026/09/26 04:00:15.149, 21809
2026/09/26 04:00:15.650, 21809
2026/09/26 04:00:16.150, 21809
2026/09/26 04:00:16.650, 21809
2026/09/26 04:00:17.150, 21809
2026/09/26 04:00:17.650, 21809
2026/09/26 04:00:18.150, 21809
2026/09/26 04:00:18.651, 21809
2026/09/26 04:00:19.151, 21809
2026/09/26 04:00:19.651, 21809
2026/09/26 04:00:20.151, 21809
2026/09/26 04:00:20.651, 21809
2026/09/26 04:00:21.151, 21809
2026/09/26 04:00:21.652, 21809
2026/09/26 04:00:22.152, 21809
2026/09/26 04:00:22.652, 21809
2026/09/26 04:00:23.152, 21809
2026/09/26 04:00:23.652, 21809
2026/09/26 04:00:24.152, 21809
2026/09/26 04:00:24.652, 21809
2026/09/26 04:00:25.153, 21809
2026/09/26 04:00:25.653, 21809
2026/09/26 04:00:26.153, 21809
2026/09/26 04:00:26.653, 21809
2026/09/26 04:00:27.153, 21809
2026/09/26 04:00:27.653, 21809
2026/09/26 04:00:28.154, 21809
2026/09/26 04:00:28.654, 21809
2026/09/26 04:00:29.154, 21809
2026/09/26 04:00:29.654, 21809
2026/09/26 04:00:30.154, 21809
2026/09/26 04:00:30.654, 21809
2026/09/26 04:00:31.155, 21809
2026/09/26 04:00:31.655, 21809
2026/09/26 04:00:32.155, 21809
2026/09/26 04:00:32.655, 21809
2026/09/26 04:00:33.155, 21809
2026/09/26 04:00:33.655, 21809
2026/09/26 04:00:34.155, 21809
2026/09/26 04:00:34.656, 21809
2026/09/26 04:00:35.156, 21809
2026/09/26 04:00:35.656, 21809
2026/09/26 04:00:36.156, 21809
2026/09/26 04:00:36.656, 21809
2026/09/26 04:00:37.156, 21809
2026/09/26 04:00:37.656, 21809
2026/09/26 04:00:38.157, 21809
2026/09/26 04:00:38.657, 21809
2026/09/26 04:00:39.157, 21809
2026/09/26 04:00:39.657, 21809
2026/09/26 04:00:40.157, 21809
2026/09/26 04:00:40.657, 21809
2026/09/26 04:00:41.157, 21809
2026/09/26 04:00:41.658, 21809
2026/09/26 04:00:42.158, 21809
2026/09/26 04:00:42.658, 21809
2026/09/26 04:00:43.158, 21809
2026/09/26 04:00:43.658, 21809
2026/09/26 04:00:44.158, 21809
2026/09/26 04:00:44.659, 21809
2026/09/26 04:00:45.159, 21809
2026/09/26 04:00:45.659, 21809
2026/09/26 04:00:46.159, 21809
2026/09/26 04:00:46.659, 21809
2026/09/26 04:00:47.159, 21809
2026/09/26 04:00:47.659, 21809
2026/09/26 04:00:48.160, 21809
2026/09/26 04:00:48.660, 21809
2026/09/26 04:00:49.160, 21809
2026/09/26 04:00:49.660, 21809
2026/09/26 04:00:50.160, 21809
2026/09/26 04:00:50.660, 21809
2026/09/26 04:00:51.161, 21809
2026/09/26 04:00:51.661, 21809
2026/09/26 04:00:52.161, 21809
2026/09/26 04:00:52.661, 21809
2026/09/26 04:00:53.161, 21809
2026/09/26 04:00:53.661, 21809
2026/09/26 04:00:54.161, 21809
2026/09/26 04:00:54.662, 21809
2026/09/26 04:00:55.162, 21809
2026/09/26 04:00:55.662, 21809
2026/09/26 04:00:56.162, 21809
2026/09/26 04:00:56.662, 21809
2026/09/26 04:00:57.162, 21809
2026/09/26 04:00:57.662, 21809
2026/09/26 04:00:58.163, 21809
2026/09/26 04:00:58.663, 21809
2026/09/26 04:00:59.163, 21809
2026/09/26 04:00:59.663, 21809
2026/09/26 04:01:00.163, 21809
2026/09/26 04:01:00.663, 21809
2026/09/26 04:01:01.164, 21809
2026/09/26 04:01:01.664, 21809
2026/09/26 04:01:02.164, 21809
2026/09/26 04:01:02.664, 21809
2026/09/26 04:01:03.164, 21809
2026/09/26 04:01:03.664, 21809
2026/09/26 04:01:04.165, 21809
2026/09/26 04:01:04.665, 21809
2026/09/26 04:01:05.165, 21809
2026/09/26 04:01:05.665, 21809
2026/09/26 04:01:06.165, 21809
2026/09/26 04:01:06.665, 21809
2026/09/26 04:01:07.166, 21809
2026/09/26 04:01:07.666, 21809
2026/09/26 04:01:08.166, 21809
2026/09/26 04:01:08.666, 21809
2026/09/26 04:01:09.166, 21809
2026/09/26 04:01:09.666, 21809
2026/09/26 04:01:10.166, 21809
2026/09/26 04:01:10.667, 21809
2026/09/26 04:01:11.167, 21809
2026/09/26 04:01:11.667, 21809
2026/09/26 04:01:12.167, 21809
2026/09/26 04:01:12.667, 21809
2026/09/26 04:01:13.167, 21809
2026/09/26 04:01:13.667, 21809
2026/09/26 04:01:14.168, 21809
2026/09/26 04:01:14.668, 21809
2026/09/26 04:01:15.168, 21809
2026/09/26 04:01:15.668, 21809
2026/09/26 04:01:16.168, 21809
2026/09/26 04:01:16.668, 21809
2026/09/26 04:01:17.169, 21809
2026/09/26 04:01:17.669, 21809
2026/09/26 04:01:18.169, 21809
2026/09/26 04:01:18.669, 21809
2026/09/26 04:01:19.169, 21809
2026/09/26 04:01:19.669, 21809
2026/09/26 04:01:20.169, 21809
2026/09/26 04:01:20.670, 21809
2026/09/26 04:01:21.170, 21809
2026/09/26 04:01:21.670, 21809
2026/09/26 04:01:22.170, 21809
2026/09/26 04:01:22.670, 21809
2026/09/26 04:01:23.170, 21809
2026/09/26 04:01:23.671, 21809
2026/09/26 04:01:24.171, 21809
2026/09/26 04:01:24.671, 21809
2026/09/26 04:01:25.171, 21809
2026/09/26 04:01:25.671, 21809
2026/09/26 04:01:26.171, 21809
2026/09/26 04:01:26.671, 21809
2026/09/26 04:01:27.172, 21809
2026/09/26 04:01:27.672, 21809
2026/09/26 04:01:28.172, 21809
2026/09/26 04:01:28.672, 21809
2026/09/26 04:01:29.172, 21809
2026/09/26 04:01:29.672, 21809
2026/09/26 04:01:30.172, 21809
2026/09/26 04:01:30.672, 21809
2026/09/26 04:01:31.173, 21809
2026/09/26 04:01:31.673, 21809
2026/09/26 04:01:32.173, 21809
2026/09/26 04:01:32.673, 21809
2026/09/26 04:01:33.173, 21809
2026/09/26 04:01:33.673, 21809
2026/09/26 04:01:34.173, 21809
2026/09/26 04:01:34.674, 21809
2026/09/26 04:01:35.174, 21809
2026/09/26 04:01:35.674, 21809
2026/09/26 04:01:36.174, 21809
2026/09/26 04:01:36.674, 21809
2026/09/26 04:01:37.174, 21809
2026/09/26 04:01:37.675, 21809
2026/09/26 04:01:38.175, 21809
2026/09/26 04:01:38.675, 21809
2026/09/26 04:01:39.175, 21809
2026/09/26 04:01:39.675, 21809
2026/09/26 04:01:40.175, 21809
2026/09/26 04:01:40.676, 21809
2026/09/26 04:01:41.176, 21809
2026/09/26 04:01:41.676, 21809
2026/09/26 04:01:42.176, 21809
2026/09/26 04:01:42.676, 21809
2026/09/26 04:01:43.176, 21809
2026/09/26 04:01:43.676, 21809
2026/09/26 04:01:44.177, 21809
2026/09/26 04:01:44.677, 21809
2026/09/26 04:01:45.177, 21809
2026/09/26 04:01:45.677, 21809
2026/09/26 04:01:46.177, 21809
2026/09/26 04:01:46.677, 21809
2026/09/26 04:01:47.178, 21809
2026/09/26 04:01:47.678, 21809
2026/09/26 04:01:48.178, 21809
2026/09/26 04:01:48.678, 21809
2026/09/26 04:01:49.178, 21809
2026/09/26 04:01:49.679, 21809
2026/09/26 04:01:50.179, 21809
2026/09/26 04:01:50.679, 21809
2026/09/26 04:01:51.179, 21809
2026/09/26 04:01:51.679, 21809
2026/09/26 04:01:52.179, 21809
2026/09/26 04:01:52.680, 21809
2026/09/26 04:01:53.180, 21809
2026/09/26 04:01:53.680, 21809
2026/09/26 04:01:54.180, 21809
2026/09/26 04:01:54.680, 21809
2026/09/26 04:01:55.180, 21809
2026/09/26 04:01:55.681, 21809
2026/09/26 04:01:56.181, 21809
2026/09/26 04:01:56.681, 21809
2026/09/26 04:01:57.181, 21809
2026/09/26 04:01:57.681, 21809
2026/09/26 04:01:58.181, 21809
2026/09/26 04:01:58.682, 21809
2026/09/26 04:01:59.182, 21809
2026/09/26 04:01:59.682, 21809
2026/09/26 04:02:00.182, 21809
2026/09/26 04:02:00.682, 21809
2026/09/26 04:02:01.182, 21809
2026/09/26 04:02:01.683, 21809
2026/09/26 04:02:02.183, 21809
2026/09/26 04:02:02.683, 21809
2026/09/26 04:02:03.183, 21809
2026/09/26 04:02:03.683, 21809
2026/09/26 04:02:04.184, 21809
2026/09/26 04:02:04.684, 21809
2026/09/26 04:02:05.184, 21809
2026/09/26 04:02:05.684, 21809
2026/09/26 04:02:06.184, 21809
2026/09/26 04:02:06.685, 21809
2026/09/26 04:02:07.185, 21809
2026/09/26 04:02:07.685, 21809
2026/09/26 04:02:08.185, 21809
2026/09/26 04:02:08.685, 21809
2026/09/26 04:02:09.185, 21809
2026/09/26 04:02:09.686, 21809
2026/09/26 04:02:10.186, 21809
2026/09/26 04:02:10.686, 21809
2026/09/26 04:02:11.186, 21809
2026/09/26 04:02:11.686, 21809
2026/09/26 04:02:12.186, 21809
2026/09/26 04:02:12.687, 21809
2026/09/26 04:02:13.187, 21809
2026/09/26 04:02:13.687, 21809
2026/09/26 04:02:14.187, 21809
2026/09/26 04:02:14.687, 21809
2026/09/26 04:02:15.188, 21809
2026/09/26 04:02:15.688, 21809
2026/09/26 04:02:16.188, 21809
2026/09/26 04:02:16.688, 21809
2026/09/26 04:02:17.188, 21809
2026/09/26 04:02:17.689, 21809
2026/09/26 04:02:18.189, 21809
2026/09/26 04:02:18.689, 21809
2026/09/26 04:02:19.189, 21809
2026/09/26 04:02:19.689, 21809
2026/09/26 04:02:20.189, 21809
2026/09/26 04:02:20.690, 21809
2026/09/26 04:02:21.190, 21809
2026/09/26 04:02:21.690, 21809
2026/09/26 04:02:22.190, 21809
2026/09/26 04:02:22.690, 21809
2026/09/26 04:02:23.190, 21809
2026/09/26 04:02:23.691, 21809
2026/09/26 04:02:24.191, 21809
2026/09/26 04:02:24.691, 21809
2026/09/26 04:02:25.191, 21809
2026/09/26 04:02:25.691, 21809
2026/09/26 04:02:26.191, 21809
2026/09/26 04:02:26.692, 21809
2026/09/26 04:02:27.192, 21809
2026/09/26 04:02:27.692, 21809
2026/09/26 04:02:28.192, 21809
2026/09/26 04:02:28.692, 21809
2026/09/26 04:02:29.192, 21809
2026/09/26 04:02:29.692, 21809
2026/09/26 04:02:30.193, 21809
2026/09/26 04:02:30.693, 21809
2026/09/26 04:02:31.193, 21809
2026/09/26 04:02:31.693, 21809
2026/09/26 04:02:32.193, 21809
2026/09/26 04:02:32.693, 21809
2026/09/26 04:02:33.194, 21809
2026/09/26 04:02:33.694, 21809
2026/09/26 04:02:34.194, 21809
2026/09/26 04:02:34.694, 21809
2026/09/26 04:02:35.194, 21809
2026/09/26 04:02:35.694, 21809
2026/09/26 04:02:36.195, 21809
2026/09/26 04:02:36.695, 21809
2026/09/26 04:02:37.195, 21809
2026/09/26 04:02:37.695, 21809
2026/09/26 04:02:38.195, 21809
2026/09/26 04:02:38.695, 21809
2026/09/26 04:02:39.196, 21809
2026/09/26 04:02:39.696, 21809
2026/09/26 04:02:40.196, 21809
2026/09/26 04:02:40.696, 21809
2026/09/26 04:02:41.196, 21809
2026/09/26 04:02:41.696, 21809
2026/09/26 04:02:42.196, 21809
2026/09/26 04:02:42.697, 21809
2026/09/26 04:02:43.197, 21809
2026/09/26 04:02:43.697, 21809
2026/09/26 04:02:44.197, 21809
2026/09/26 04:02:44.697, 21809
2026/09/26 04:02:45.198, 21809
2026/09/26 04:02:45.698, 21809
2026/09/26 04:02:46.198, 21809
2026/09/26 04:02:46.698, 21809
2026/09/26 04:02:47.198, 21809
2026/09/26 04:02:47.699, 21809
2026/09/26 04:02:48.199, 21809
2026/09/26 04:02:48.699, 21809
2026/09/26 04:02:49.199, 21809
2026/09/26 04:02:49.699, 21809
2026/09/26 04:02:50.199, 21809
2026/09/26 04:02:50.700, 21809
2026/09/26 04:02:51.200, 21809
2026/09/26 04:02:51.700, 21809
2026/09/26 04:02:52.200, 21809
2026/09/26 04:02:52.700, 21809
2026/09/26 04:02:53.200, 21809
2026/09/26 04:02:53.701, 21809
2026/09/26 04:02:54.201, 21809
2026/09/26 04:02:54.701, 21809
2026/09/26 04:02:55.201, 21809
2026/09/26 04:02:55.701, 21809
2026/09/26 04:02:56.201, 21809
2026/09/26 04:02:56.702, 21809
2026/09/26 04:02:57.202, 21809
2026/09/26 04:02:57.702, 21809
2026/09/26 04:02:58.202, 21809
2026/09/26 04:02:58.702, 21809
2026/09/26 04:02:59.202, 21809
2026/09/26 04:02:59.703, 21809
2026/09/26 04:03:00.203, 21809
2026/09/26 04:03:00.703, 21809
2026/09/26 04:03:01.203, 21809
2026/09/26 04:03:01.703, 21809
2026/09/26 04:03:02.204, 21809
2026/09/26 04:03:02.704, 21809
2026/09/26 04:03:03.204, 21809
2026/09/26 04:03:03.704, 21809
2026/09/26 04:03:04.204, 21809
2026/09/26 04:03:04.704, 21809
2026/09/26 04:03:05.205, 21809
2026/09/26 04:03:05.705, 21809
2026/09/26 04:03:06.205, 21809
2026/09/26 04:03:06.705, 21809
2026/09/26 04:03:07.205, 21809
2026/09/26 04:03:07.705, 21809
2026/09/26 04:03:08.205, 21809
2026/09/26 04:03:08.706, 21809
2026/09/26 04:03:09.206, 21809
2026/09/26 04:03:09.706, 21809
2026/09/26 04:03:10.206, 21809
2026/09/26 04:03:10.706, 21809
2026/09/26 04:03:11.206, 21809
2026/09/26 04:03:11.707, 21809
2026/09/26 04:03:12.207, 21809
2026/09/26 04:03:12.707, 21809
2026/09/26 04:03:13.207, 21809
2026/09/26 04:03:13.707, 21809
2026/09/26 04:03:14.207, 21809
2026/09/26 04:03:14.708, 21809
2026/09/26 04:03:15.208, 21809
2026/09/26 04:03:15.708, 21809
2026/09/26 04:03:16.208, 21809
2026/09/26 04:03:16.708, 21809
2026/09/26 04:03:17.208, 21809
2026/09/26 04:03:17.708, 21809
2026/09/26 04:03:18.209, 21809
2026/09/26 04:03:18.709, 21809
2026/09/26 04:03:19.209, 21809
2026/09/26 04:03:19.709, 21809
2026/09/26 04:03:20.209, 21809
2026/09/26 04:03:20.709, 21809
2026/09/26 04:03:21.210, 21809
2026/09/26 04:03:21.710, 21809
2026/09/26 04:03:22.210, 21809
2026/09/26 04:03:22.710, 21809
2026/09/26 04:03:23.210, 21809
2026/09/26 04:03:23.710, 21809
2026/09/26 04:03:24.210, 21809
2026/09/26 04:03:24.711, 21809
2026/09/26 04:03:25.211, 21809
2026/09/26 04:03:25.711, 21809
2026/09/26 04:03:26.211, 21809
2026/09/26 04:03:26.711, 21809
2026/09/26 04:03:27.211, 21809
2026/09/26 04:03:27.712, 21809
2026/09/26 04:03:28.212, 21809
2026/09/26 04:03:28.712, 21809
2026/09/26 04:03:29.212, 21809
2026/09/26 04:03:29.712, 21809
2026/09/26 04:03:30.212, 21809
2026/09/26 04:03:30.713, 21809
2026/09/26 04:03:31.213, 21809
2026/09/26 04:03:31.713, 21809
2026/09/26 04:03:32.213, 21809
2026/09/26 04:03:32.713, 21809
2026/09/26 04:03:33.213, 21809
2026/09/26 04:03:33.713, 21809
2026/09/26 04:03:34.214, 21809
2026/09/26 04:03:34.714, 21809
2026/09/26 04:03:35.214, 21809
2026/09/26 04:03:35.714, 21809
2026/09/26 04:03:36.214, 21809
2026/09/26 04:03:36.714, 21809
2026/09/26 04:03:37.215, 21809
2026/09/26 04:03:37.715, 21809
2026/09/26 04:03:38.215, 21809
2026/09/26 04:03:38.715, 21809
2026/09/26 04:03:39.215, 21809
2026/09/26 04:03:39.715, 21809
2026/09/26 04:03:40.216, 21809
2026/09/26 04:03:40.716, 21809
2026/09/26 04:03:41.216, 21809
2026/09/26 04:03:41.716, 21809
2026/09/26 04:03:42.216, 21809
2026/09/26 04:03:42.716, 21809
2026/09/26 04:03:43.216, 21809
2026/09/26 04:03:43.717, 21809
2026/09/26 04:03:44.217, 21809
2026/09/26 04:03:44.717, 21809
2026/09/26 04:03:45.217, 21809
2026/09/26 04:03:45.717, 21809
2026/09/26 04:03:46.217, 21809
2026/09/26 04:03:46.718, 21809
2026/09/26 04:03:47.218, 21809
2026/09/26 04:03:47.718, 21809
2026/09/26 04:03:48.218, 21809
2026/09/26 04:03:48.718, 21809
2026/09/26 04:03:49.218, 21809
2026/09/26 04:03:49.719, 21809
2026/09/26 04:03:50.219, 21809
2026/09/26 04:03:50.719, 21809
2026/09/26 04:03:51.219, 21809
2026/09/26 04:03:51.719, 21809
2026/09/26 04:03:52.219, 21809
2026/09/26 04:03:52.720, 21809
2026/09/26 04:03:53.220, 21809
2026/09/26 04:03:53.720, 21809
2026/09/26 04:03:54.220, 21809
2026/09/26 04:03:54.720, 21809
2026/09/26 04:03:55.220, 21809
2026/09/26 04:03:55.721, 21809
2026/09/26 04:03:56.221, 21809
2026/09/26 04:03:56.721, 21809
2026/09/26 04:03:57.221, 21809
2026/09/26 04:03:57.730, 21809
2026/09/26 04:03:58.230, 21809
2026/09/26 04:03:58.730, 21809
2026/09/26 04:03:59.230, 21809
2026/09/26 04:03:59.730, 21809
2026/09/26 04:04:00.230, 21809
2026/09/26 04:04:00.731, 21809
2026/09/26 04:04:01.231, 21809
2026/09/26 04:04:01.731, 21809
2026/09/26 04:04:02.231, 21809
2026/09/26 04:04:02.731, 21809
2026/09/26 04:04:03.231, 21809
2026/09/26 04:04:03.732, 21809
2026/09/26 04:04:04.232, 21809
2026/09/26 04:04:04.732, 21809
2026/09/26 04:04:05.232, 21809
2026/09/26 04:04:05.732, 21809
2026/09/26 04:04:06.232, 21809
2026/09/26 04:04:06.733, 21809
2026/09/26 04:04:07.233, 21809
2026/09/26 04:04:07.733, 21809
2026/09/26 04:04:08.233, 21809
2026/09/26 04:04:08.733, 21809
2026/09/26 04:04:09.234, 21809
2026/09/26 04:04:09.734, 21809
2026/09/26 04:04:10.234, 21809
2026/09/26 04:04:10.734, 21809
2026/09/26 04:04:11.234, 21809
2026/09/26 04:04:11.734, 21809
2026/09/26 04:04:12.234, 21809
2026/09/26 04:04:12.735, 21809
2026/09/26 04:04:13.235, 21809
2026/09/26 04:04:13.735, 21809
2026/09/26 04:04:14.235, 21809
2026/09/26 04:04:14.735, 21809
2026/09/26 04:04:15.235, 21809
2026/09/26 04:04:15.736, 21809
2026/09/26 04:04:16.236, 21809
2026/09/26 04:04:16.736, 21809
2026/09/26 04:04:17.236, 21809
2026/09/26 04:04:17.736, 21809
2026/09/26 04:04:18.237, 21809
2026/09/26 04:04:18.737, 21809
2026/09/26 04:04:19.237, 21809
2026/09/26 04:04:19.737, 21809
2026/09/26 04:04:20.237, 21809
2026/09/26 04:04:20.737, 21809
2026/09/26 04:04:21.237, 21809
2026/09/26 04:04:21.737, 21809
2026/09/26 04:04:22.238, 21809
2026/09/26 04:04:22.738, 21809
2026/09/26 04:04:23.238, 21809
2026/09/26 04:04:23.738, 21809
2026/09/26 04:04:24.238, 21809
2026/09/26 04:04:24.738, 21809
2026/09/26 04:04:25.238, 21809
2026/09/26 04:04:25.738, 21809
2026/09/26 04:04:26.238, 21809
2026/09/26 04:04:26.738, 21809
2026/09/26 04:04:27.239, 21809
2026/09/26 04:04:27.739, 21809
2026/09/26 04:04:28.239, 21809
2026/09/26 04:04:28.739, 21809
2026/09/26 04:04:29.239, 21809
2026/09/26 04:04:29.739, 21809
2026/09/26 04:04:30.239, 21809
2026/09/26 04:04:30.739, 21809
2026/09/26 04:04:31.240, 21809
2026/09/26 04:04:31.740, 21809
2026/09/26 04:04:32.240, 21809
2026/09/26 04:04:32.740, 21809
2026/09/26 04:04:33.240, 21809
2026/09/26 04:04:33.740, 21809
2026/09/26 04:04:34.241, 21809
2026/09/26 04:04:34.741, 21809
2026/09/26 04:04:35.241, 21809
2026/09/26 04:04:35.741, 21809
2026/09/26 04:04:36.241, 21809
2026/09/26 04:04:36.741, 21809
2026/09/26 04:04:37.241, 21809
2026/09/26 04:04:37.742, 21809
2026/09/26 04:04:38.242, 21809
2026/09/26 04:04:38.742, 21809
2026/09/26 04:04:39.242, 21809
2026/09/26 04:04:39.742, 21809
2026/09/26 04:04:40.242, 21809
2026/09/26 04:04:40.742, 21809
2026/09/26 04:04:41.243, 21809
2026/09/26 04:04:41.743, 21809
2026/09/26 04:04:42.243, 21809
2026/09/26 04:04:42.743, 21809
2026/09/26 04:04:43.243, 21809
2026/09/26 04:04:43.743, 21809
2026/09/26 04:04:44.244, 21809
2026/09/26 04:04:44.744, 21809
2026/09/26 04:04:45.244, 21809
2026/09/26 04:04:45.744, 21809
2026/09/26 04:04:46.244, 21809
2026/09/26 04:04:46.744, 21809
2026/09/26 04:04:47.244, 21809
2026/09/26 04:04:47.745, 21809
2026/09/26 04:04:48.245, 21809
2026/09/26 04:04:48.745, 21809
2026/09/26 04:04:49.245, 21809
2026/09/26 04:04:49.745, 21809
2026/09/26 04:04:50.245, 21809
2026/09/26 04:04:50.746, 21809
2026/09/26 04:04:51.246, 21809
2026/09/26 04:04:51.746, 21809
2026/09/26 04:04:52.246, 21809
2026/09/26 04:04:52.746, 21809
2026/09/26 04:04:53.246, 21809
2026/09/26 04:04:53.747, 21809
2026/09/26 04:04:54.247, 21809
2026/09/26 04:04:54.747, 21809
2026/09/26 04:04:55.247, 21809
2026/09/26 04:04:55.747, 21809
2026/09/26 04:04:56.247, 21809
2026/09/26 04:04:56.747, 21809
2026/09/26 04:04:57.248, 21809
2026/09/26 04:04:57.748, 21809
2026/09/26 04:04:58.248, 21809
2026/09/26 04:04:58.748, 21809
2026/09/26 04:04:59.248, 21809
2026/09/26 04:04:59.748, 21809
2026/09/26 04:05:00.249, 21809
2026/09/26 04:05:00.749, 21809
2026/09/26 04:05:01.249, 21809
2026/09/26 04:05:01.749, 21809
2026/09/26 04:05:02.249, 21809
2026/09/26 04:05:02.749, 21809
2026/09/26 04:05:03.250, 21809
2026/09/26 04:05:03.750, 21809
2026/09/26 04:05:04.250, 21809
2026/09/26 04:05:04.750, 21809
2026/09/26 04:05:05.250, 21809
2026/09/26 04:05:05.750, 21809
2026/09/26 04:05:06.251, 21809
2026/09/26 04:05:06.751, 21809
2026/09/26 04:05:07.251, 21809
2026/09/26 04:05:07.751, 21809
2026/09/26 04:05:08.251, 21809
2026/09/26 04:05:08.751, 21809
2026/09/26 04:05:09.252, 21809
2026/09/26 04:05:09.752, 21809
2026/09/26 04:05:10.252, 21809
2026/09/26 04:05:10.752, 21809
2026/09/26 04:05:11.252, 21809
2026/09/26 04:05:11.753, 21809
2026/09/26 04:05:12.253, 21809
2026/09/26 04:05:12.753, 21809
2026/09/26 04:05:13.253, 21809
2026/09/26 04:05:13.753, 21809
2026/09/26 04:05:14.253, 21809
2026/09/26 04:05:14.754, 21809
2026/09/26 04:05:15.254, 21809
2026/09/26 04:05:15.754, 21809
2026/09/26 04:05:16.254, 21809
2026/09/26 04:05:16.754, 21809
2026/09/26 04:05:17.254, 21809
2026/09/26 04:05:17.755, 21809
2026/09/26 04:05:18.255, 21809
2026/09/26 04:05:18.755, 21809
2026/09/26 04:05:19.255, 21809
2026/09/26 04:05:19.755, 21809
2026/09/26 04:05:20.255, 21809
2026/09/26 04:05:20.756, 21809
2026/09/26 04:05:21.256, 21809
2026/09/26 04:05:21.756, 21809
2026/09/26 04:05:22.256, 21809
2026/09/26 04:05:22.756, 21809
2026/09/26 04:05:23.256, 21809
2026/09/26 04:05:23.757, 21809
2026/09/26 04:05:24.257, 21809
2026/09/26 04:05:24.757, 21809
2026/09/26 04:05:25.257, 21809
2026/09/26 04:05:25.757, 21809
2026/09/26 04:05:26.257, 21809
2026/09/26 04:05:26.758, 21809
2026/09/26 04:05:27.258, 21809
2026/09/26 04:05:27.758, 21809
2026/09/26 04:05:28.258, 21809
2026/09/26 04:05:28.758, 21809
2026/09/26 04:05:29.258, 21809
2026/09/26 04:05:29.759, 21809
2026/09/26 04:05:30.259, 21809
2026/09/26 04:05:30.759, 21809
2026/09/26 04:05:31.259, 21809
2026/09/26 04:05:31.759, 21809
2026/09/26 04:05:32.259, 21809
2026/09/26 04:05:32.760, 21809
2026/09/26 04:05:33.260, 21809
2026/09/26 04:05:33.760, 21809
2026/09/26 04:05:34.260, 21809
2026/09/26 04:05:34.760, 21809
2026/09/26 04:05:35.260, 21809
2026/09/26 04:05:35.761, 21809
2026/09/26 04:05:36.261, 21809
2026/09/26 04:05:36.761, 21809
2026/09/26 04:05:37.261, 21809
2026/09/26 04:05:37.761, 21809
2026/09/26 04:05:38.261, 21809
2026/09/26 04:05:38.762, 21809
2026/09/26 04:05:39.262, 21809
2026/09/26 04:05:39.762, 21809
2026/09/26 04:05:40.262, 21809
2026/09/26 04:05:40.762, 21809
2026/09/26 04:05:41.262, 21809
2026/09/26 04:05:41.763, 21809
2026/09/26 04:05:42.263, 21809
2026/09/26 04:05:42.763, 21809
2026/09/26 04:05:43.263, 21809
2026/09/26 04:05:43.763, 21809
2026/09/26 04:05:44.264, 21809
2026/09/26 04:05:44.764, 21809
2026/09/26 04:05:45.264, 21809
2026/09/26 04:05:45.764, 21809
2026/09/26 04:05:46.264, 21809
2026/09/26 04:05:46.765, 21809
2026/09/26 04:05:47.265, 21809
2026/09/26 04:05:47.765, 21809
2026/09/26 04:05:48.265, 21809
2026/09/26 04:05:48.765, 21809
2026/09/26 04:05:49.265, 21809
2026/09/26 04:05:49.766, 21809
2026/09/26 04:05:50.266, 21809
2026/09/26 04:05:50.766, 21809
2026/09/26 04:05:51.266, 21809
2026/09/26 04:05:51.766, 21809
2026/09/26 04:05:52.266, 21809
2026/09/26 04:05:52.767, 21809
2026/09/26 04:05:53.267, 21809
2026/09/26 04:05:53.767, 21809
2026/09/26 04:05:54.267, 21809
2026/09/26 04:05:54.767, 21809
2026/09/26 04:05:55.268, 21809
2026/09/26 04:05:55.768, 21809
2026/09/26 04:05:56.268, 21809
2026/09/26 04:05:56.768, 21809
2026/09/26 04:05:57.268, 21809
2026/09/26 04:05:57.768, 21809
2026/09/26 04:05:58.269, 21809
2026/09/26 04:05:58.769, 21809
2026/09/26 04:05:59.269, 21809
2026/09/26 04:05:59.769, 21809
2026/09/26 04:06:00.269, 21809
2026/09/26 04:06:00.769, 21809
2026/09/26 04:06:01.270, 21809
2026/09/26 04:06:01.770, 21809
2026/09/26 04:06:02.270, 21809
2026/09/26 04:06:02.770, 21809
2026/09/26 04:06:03.270, 21809
2026/09/26 04:06:03.770, 21809
2026/09/26 04:06:04.270, 21809
2026/09/26 04:06:04.771, 21809
2026/09/26 04:06:05.271, 21809
2026/09/26 04:06:05.771, 21809
2026/09/26 04:06:06.271, 21809
2026/09/26 04:06:06.771, 21809
2026/09/26 04:06:07.272, 21809
2026/09/26 04:06:07.772, 21809
2026/09/26 04:06:08.272, 21809
2026/09/26 04:06:08.772, 21809
2026/09/26 04:06:09.272, 21809
2026/09/26 04:06:09.772, 21809
2026/09/26 04:06:10.273, 21809
2026/09/26 04:06:10.773, 21809
2026/09/26 04:06:11.273, 21809
2026/09/26 04:06:11.773, 21809
2026/09/26 04:06:12.273, 21809
2026/09/26 04:06:12.773, 21809
2026/09/26 04:06:13.273, 21809
2026/09/26 04:06:13.774, 21809
2026/09/26 04:06:14.274, 21809
2026/09/26 04:06:14.774, 21809
2026/09/26 04:06:15.274, 21809
2026/09/26 04:06:15.774, 21809
2026/09/26 04:06:16.274, 21809
2026/09/26 04:06:16.775, 21809
2026/09/26 04:06:17.275, 21809
2026/09/26 04:06:17.775, 21809
2026/09/26 04:06:18.275, 21809
2026/09/26 04:06:18.775, 21809
2026/09/26 04:06:19.275, 21809
2026/09/26 04:06:19.776, 21809
2026/09/26 04:06:20.276, 21809
2026/09/26 04:06:20.776, 21809
2026/09/26 04:06:21.276, 21809
2026/09/26 04:06:21.776, 21809
2026/09/26 04:06:22.276, 21809
2026/09/26 04:06:22.777, 21809
2026/09/26 04:06:23.277, 21809
2026/09/26 04:06:23.786, 21809
2026/09/26 04:06:24.286, 21809
2026/09/26 04:06:24.786, 21809
2026/09/26 04:06:25.286, 21809
2026/09/26 04:06:25.786, 21809
2026/09/26 04:06:26.286, 21809
2026/09/26 04:06:26.787, 21809
2026/09/26 04:06:27.287, 21809
2026/09/26 04:06:27.787, 21809
2026/09/26 04:06:28.287, 21809
2026/09/26 04:06:28.787, 21809
2026/09/26 04:06:29.287, 21809
2026/09/26 04:06:29.788, 21809
2026/09/26 04:06:30.288, 21809
2026/09/26 04:06:30.788, 21809
2026/09/26 04:06:31.288, 21809
2026/09/26 04:06:31.788, 21809
2026/09/26 04:06:32.288, 21809
2026/09/26 04:06:32.788, 21809
2026/09/26 04:06:33.289, 21809
2026/09/26 04:06:33.789, 21809
2026/09/26 04:06:34.289, 21809
2026/09/26 04:06:34.789, 21809
2026/09/26 04:06:35.289, 21809
2026/09/26 04:06:35.789, 21809
2026/09/26 04:06:36.290, 21809
2026/09/26 04:06:36.790, 21809
2026/09/26 04:06:37.290, 21809
2026/09/26 04:06:37.790, 21809
2026/09/26 04:06:38.290, 21809
2026/09/26 04:06:38.790, 21809
2026/09/26 04:06:39.291, 21809
2026/09/26 04:06:39.791, 21809
2026/09/26 04:06:40.291, 21809
2026/09/26 04:06:40.791, 21809
2026/09/26 04:06:41.291, 21809
2026/09/26 04:06:41.791, 21809
2026/09/26 04:06:42.292, 21809
2026/09/26 04:06:42.792, 21809
2026/09/26 04:06:43.292, 21809
2026/09/26 04:06:43.792, 21809
2026/09/26 04:06:44.292, 21809
2026/09/26 04:06:44.793, 21809
2026/09/26 04:06:45.293, 21809
2026/09/26 04:06:45.793, 21809
2026/09/26 04:06:46.293, 21809
2026/09/26 04:06:46.793, 21809
2026/09/26 04:06:47.293, 21809
2026/09/26 04:06:47.794, 21809
2026/09/26 04:06:48.294, 21809
2026/09/26 04:06:48.794, 21809
2026/09/26 04:06:49.294, 21809
2026/09/26 04:06:49.794, 21809
2026/09/26 04:06:50.294, 21809
2026/09/26 04:06:50.795, 21809
2026/09/26 04:06:51.295, 21809
2026/09/26 04:06:51.795, 21809
2026/09/26 04:06:52.295, 21809
2026/09/26 04:06:52.795, 21809
2026/09/26 04:06:53.295, 21809
2026/09/26 04:06:53.796, 21809
2026/09/26 04:06:54.296, 21809
2026/09/26 04:06:54.796, 21809
2026/09/26 04:06:55.296, 21809
2026/09/26 04:06:55.796, 21809
2026/09/26 04:06:56.296, 21809
2026/09/26 04:06:56.797, 21809
2026/09/26 04:06:57.297, 21809
2026/09/26 04:06:57.797, 21809
2026/09/26 04:06:58.297, 21809
2026/09/26 04:06:58.797, 21809
2026/09/26 04:06:59.298, 21809
2026/09/26 04:06:59.798, 21809
2026/09/26 04:07:00.298, 21809
2026/09/26 04:07:00.798, 21809
2026/09/26 04:07:01.298, 21809
2026/09/26 04:07:01.798, 21809
2026/09/26 04:07:02.299, 21809
2026/09/26 04:07:02.799, 21809
2026/09/26 04:07:03.299, 21809
2026/09/26 04:07:03.799, 21809
2026/09/26 04:07:04.299, 21809
2026/09/26 04:07:04.799, 21809
2026/09/26 04:07:05.300, 21809
2026/09/26 04:07:05.800, 21809
2026/09/26 04:07:06.300, 21809
2026/09/26 04:07:06.800, 21809
2026/09/26 04:07:07.300, 21809
2026/09/26 04:07:07.800, 21809
2026/09/26 04:07:08.301, 21809
2026/09/26 04:07:08.801, 21809
2026/09/26 04:07:09.301, 21809
2026/09/26 04:07:09.801, 21809
2026/09/26 04:07:10.301, 21809
2026/09/26 04:07:10.802, 21809
2026/09/26 04:07:11.302, 21809
2026/09/26 04:07:11.802, 21809
2026/09/26 04:07:12.302, 21809
2026/09/26 04:07:12.802, 21809
2026/09/26 04:07:13.302, 21809
2026/09/26 04:07:13.802, 21809
2026/09/26 04:07:14.303, 21809
2026/09/26 04:07:14.803, 21809
2026/09/26 04:07:15.303, 21809
2026/09/26 04:07:15.803, 21809
2026/09/26 04:07:16.303, 21809
2026/09/26 04:07:16.803, 21809
2026/09/26 04:07:17.304, 21809
2026/09/26 04:07:17.804, 21809
2026/09/26 04:07:18.304, 21809
2026/09/26 04:07:18.804, 21809
2026/09/26 04:07:19.304, 21809
2026/09/26 04:07:19.804, 21809
2026/09/26 04:07:20.305, 21809
2026/09/26 04:07:20.805, 21809
2026/09/26 04:07:21.305, 21809
2026/09/26 04:07:21.805, 21809
2026/09/26 04:07:22.305, 21809
2026/09/26 04:07:22.805, 21809
2026/09/26 04:07:23.306, 21809
2026/09/26 04:07:23.806, 21809
2026/09/26 04:07:24.306, 21809
2026/09/26 04:07:24.806, 21809
2026/09/26 04:07:25.306, 21809
2026/09/26 04:07:25.806, 21809
2026/09/26 04:07:26.307, 21809
2026/09/26 04:07:26.807, 21809
2026/09/26 04:07:27.307, 21809
2026/09/26 04:07:27.807, 21809
2026/09/26 04:07:28.307, 21809
2026/09/26 04:07:28.807, 21809
2026/09/26 04:07:29.307, 21809
2026/09/26 04:07:29.808, 21809
2026/09/26 04:07:30.308, 21809
2026/09/26 04:07:30.808, 21809
2026/09/26 04:07:31.308, 21809
2026/09/26 04:07:31.808, 21809
2026/09/26 04:07:32.308, 21809
2026/09/26 04:07:32.809, 21809
2026/09/26 04:07:33.309, 21809
2026/09/26 04:07:33.809, 21809
2026/09/26 04:07:34.309, 21809
2026/09/26 04:07:34.809, 21809
2026/09/26 04:07:35.309, 21809
2026/09/26 04:07:35.810, 21809
2026/09/26 04:07:36.310, 21809
2026/09/26 04:07:36.810, 21809
2026/09/26 04:07:37.310, 21809
2026/09/26 04:07:37.810, 21809
2026/09/26 04:07:38.310, 21809
2026/09/26 04:07:38.811, 21809
2026/09/26 04:07:39.311, 21809
2026/09/26 04:07:39.811, 21809
2026/09/26 04:07:40.311, 22495
2026/09/26 04:07:40.811, 22495
2026/09/26 04:07:41.311, 22495
2026/09/26 04:07:41.812, 22495
2026/09/26 04:07:42.312, 22495
2026/09/26 04:07:42.812, 22495
2026/09/26 04:07:43.312, 22495
2026/09/26 04:07:43.812, 22495
2026/09/26 04:07:44.312, 22495
2026/09/26 04:07:44.813, 22495
2026/09/26 04:07:45.313, 22495
2026/09/26 04:07:45.813, 22495
2026/09/26 04:07:46.313, 22495
2026/09/26 04:07:46.813, 22495
2026/09/26 04:07:47.314, 22495
2026/09/26 04:07:47.814, 22495
2026/09/26 04:07:48.314, 22495
2026/09/26 04:07:48.814, 22495
2026/09/26 04:07:49.314, 22495
2026/09/26 04:07:49.814, 22495
2026/09/26 04:07:50.315, 22495
2026/09/26 04:07:50.815, 22495
2026/09/26 04:07:51.315, 22495
2026/09/26 04:07:51.815, 22495
2026/09/26 04:07:52.315, 22495
2026/09/26 04:07:52.815, 22495
2026/09/26 04:07:53.316, 22495
2026/09/26 04:07:53.816, 22495
2026/09/26 04:07:54.316, 22495
2026/09/26 04:07:54.816, 22495
2026/09/26 04:07:55.316, 22495
2026/09/26 04:07:55.817, 22495
2026/09/26 04:07:56.317, 22495
2026/09/26 04:07:56.817, 22495
2026/09/26 04:07:57.317, 22495
2026/09/26 04:07:57.817, 22495
2026/09/26 04:07:58.317, 22495
2026/09/26 04:07:58.818, 22495
2026/09/26 04:07:59.318, 22495
2026/09/26 04:07:59.818, 22495
2026/09/26 04:08:00.318, 22495
2026/09/26 04:08:00.818, 22495
2026/09/26 04:08:01.319, 22495
2026/09/26 04:08:01.819, 22495
2026/09/26 04:08:02.319, 22495
2026/09/26 04:08:02.819, 22495
2026/09/26 04:08:03.319, 22495
2026/09/26 04:08:03.819, 22495
2026/09/26 04:08:04.320, 22495
2026/09/26 04:08:04.820, 22495
2026/09/26 04:08:05.320, 22495
2026/09/26 04:08:05.820, 22495
2026/09/26 04:08:06.320, 22495
2026/09/26 04:08:06.820, 22495
2026/09/26 04:08:07.321, 22495
2026/09/26 04:08:07.821, 22495
2026/09/26 04:08:08.321, 22495
2026/09/26 04:08:08.821, 22495
2026/09/26 04:08:09.321, 22495
2026/09/26 04:08:09.821, 22495
2026/09/26 04:08:10.322, 22495
2026/09/26 04:08:10.822, 22495
2026/09/26 04:08:11.322, 22495
2026/09/26 04:08:11.822, 22495
2026/09/26 04:08:12.322, 22495
2026/09/26 04:08:12.822, 22495
2026/09/26 04:08:13.323, 22495
2026/09/26 04:08:13.823, 22495
2026/09/26 04:08:14.323, 22495
2026/09/26 04:08:14.823, 22495
2026/09/26 04:08:15.323, 22495
2026/09/26 04:08:15.823, 22495
2026/09/26 04:08:16.324, 22495
2026/09/26 04:08:16.824, 22495
2026/09/26 04:08:17.324, 22495
2026/09/26 04:08:17.824, 22495
2026/09/26 04:08:18.324, 22495
2026/09/26 04:08:18.824, 22495
2026/09/26 04:08:19.325, 22495
2026/09/26 04:08:19.825, 22495
2026/09/26 04:08:20.325, 22495
2026/09/26 04:08:20.825, 22495
2026/09/26 04:08:21.365, 22495
2026/09/26 04:08:21.865, 22495
2026/09/26 04:08:22.366, 22495
2026/09/26 04:08:22.866, 22495
2026/09/26 04:08:23.366, 22495
2026/09/26 04:08:23.866, 22495
2026/09/26 04:08:24.366, 22495
2026/09/26 04:08:24.866, 22495
2026/09/26 04:08:25.367, 22495
2026/09/26 04:08:25.867, 22495
2026/09/26 04:08:26.367, 22495
2026/09/26 04:08:26.867, 22495
2026/09/26 04:08:27.367, 22495
2026/09/26 04:08:27.867, 22495
2026/09/26 04:08:28.367, 22495
2026/09/26 04:08:28.868, 22495
2026/09/26 04:08:29.368, 22495
2026/09/26 04:08:29.868, 22495
2026/09/26 04:08:30.368, 22495
2026/09/26 04:08:30.868, 22495
2026/09/26 04:08:31.368, 22495
2026/09/26 04:08:31.869, 22495
2026/09/26 04:08:32.369, 22495
2026/09/26 04:08:32.869, 22495
2026/09/26 04:08:33.369, 22495
2026/09/26 04:08:33.869, 22495
2026/09/26 04:08:34.378, 22495
2026/09/26 04:08:34.878, 22495
2026/09/26 04:08:35.378, 22495
2026/09/26 04:08:35.878, 22495
2026/09/26 04:08:36.378, 22495
2026/09/26 04:08:36.879, 22495
2026/09/26 04:08:37.379, 22495
2026/09/26 04:08:37.879, 22495
2026/09/26 04:08:38.379, 22495
2026/09/26 04:08:38.879, 22495
2026/09/26 04:08:39.379, 22495
2026/09/26 04:08:39.879, 22495
2026/09/26 04:08:40.379, 22495
2026/09/26 04:08:40.879, 22495
2026/09/26 04:08:41.380, 22495
2026/09/26 04:08:41.880, 22495
2026/09/26 04:08:42.380, 22495
2026/09/26 04:08:42.880, 22495
2026/09/26 04:08:43.380, 22495
2026/09/26 04:08:43.880, 22495
2026/09/26 04:08:44.380, 22495
2026/09/26 04:08:44.880, 22495
2026/09/26 04:08:45.381, 22495
2026/09/26 04:08:45.881, 22495
2026/09/26 04:08:46.381, 22495
2026/09/26 04:08:46.881, 22495
2026/09/26 04:08:47.381, 22495
2026/09/26 04:08:47.881, 22495
2026/09/26 04:08:48.381, 22495
2026/09/26 04:08:48.882, 22495
2026/09/26 04:08:49.382, 22495
2026/09/26 04:08:49.882, 22495
2026/09/26 04:08:50.382, 22495
2026/09/26 04:08:50.882, 22495
2026/09/26 04:08:51.383, 22495
2026/09/26 04:08:51.883, 22495
2026/09/26 04:08:52.383, 22499
2026/09/26 04:08:52.883, 22499
2026/09/26 04:08:53.383, 22499
2026/09/26 04:08:53.884, 22499
2026/09/26 04:08:54.384, 22499
2026/09/26 04:08:54.884, 22499
2026/09/26 04:08:55.384, 22499
2026/09/26 04:08:55.884, 22499
2026/09/26 04:08:56.384, 22499
2026/09/26 04:08:56.885, 22499
2026/09/26 04:08:57.385, 22499
2026/09/26 04:08:57.885, 22499
2026/09/26 04:08:58.385, 22499
2026/09/26 04:08:58.886, 22499
2026/09/26 04:08:59.386, 22499
2026/09/26 04:08:59.886, 22499
2026/09/26 04:09:00.386, 22499
2026/09/26 04:09:00.886, 22499
2026/09/26 04:09:01.386, 22499
2026/09/26 04:09:01.887, 22499
2026/09/26 04:09:02.387, 22499
2026/09/26 04:09:02.887, 22499
2026/09/26 04:09:03.387, 22499
2026/09/26 04:09:03.887, 22499
2026/09/26 04:09:04.388, 22499
2026/09/26 04:09:04.888, 22499
2026/09/26 04:09:05.388, 22499
2026/09/26 04:09:05.888, 22499
2026/09/26 04:09:06.388, 22499
2026/09/26 04:09:06.888, 22499
2026/09/26 04:09:07.389, 22499
2026/09/26 04:09:07.889, 22499
2026/09/26 04:09:08.389, 22499
2026/09/26 04:09:08.889, 22499
2026/09/26 04:09:09.389, 22499
2026/09/26 04:09:09.889, 22499
2026/09/26 04:09:10.390, 22499
2026/09/26 04:09:10.890, 22499
2026/09/26 04:09:11.390, 22499
2026/09/26 04:09:11.890, 22499
2026/09/26 04:09:12.390, 22499
2026/09/26 04:09:12.891, 22499
2026/09/26 04:09:13.391, 22499
2026/09/26 04:09:13.891, 22499
2026/09/26 04:09:14.391, 22499
2026/09/26 04:09:14.891, 22499
2026/09/26 04:09:15.391, 22499
2026/09/26 04:09:15.892, 22499
2026/09/26 04:09:16.392, 22499
2026/09/26 04:09:16.892, 22499
2026/09/26 04:09:17.392, 22499
2026/09/26 04:09:17.892, 22499
2026/09/26 04:09:18.392, 22499
2026/09/26 04:09:18.893, 22499
2026/09/26 04:09:19.393, 22499
2026/09/26 04:09:19.893, 22499
2026/09/26 04:09:20.393, 22499
2026/09/26 04:09:20.893, 22499
2026/09/26 04:09:21.393, 22499
2026/09/26 04:09:21.894, 22499
2026/09/26 04:09:22.394, 22499
2026/09/26 04:09:22.894, 22499
2026/09/26 04:09:23.394, 22499
2026/09/26 04:09:23.894, 22499
2026/09/26 04:09:24.394, 22499
2026/09/26 04:09:24.895, 22499
2026/09/26 04:09:25.395, 22499
2026/09/26 04:09:25.895, 22499
2026/09/26 04:09:26.395, 22499
2026/09/26 04:09:26.895, 22499
2026/09/26 04:09:27.395, 22499
2026/09/26 04:09:27.895, 22499
2026/09/26 04:09:28.396, 22499
2026/09/26 04:09:28.896, 22499
2026/09/26 04:09:29.396, 22499
2026/09/26 04:09:29.896, 22499
2026/09/26 04:09:30.396, 22499
2026/09/26 04:09:30.896, 22499
2026/09/26 04:09:31.397, 22499
2026/09/26 04:09:31.897, 22499
2026/09/26 04:09:32.397, 22499
2026/09/26 04:09:32.897, 22499
2026/09/26 04:09:33.397, 22499
2026/09/26 04:09:33.897, 22499
2026/09/26 04:09:34.398, 22499
2026/09/26 04:09:34.898, 22499
2026/09/26 04:09:35.398, 22499
2026/09/26 04:09:35.898, 22499
2026/09/26 04:09:36.398, 22499
2026/09/26 04:09:36.898, 22499
2026/09/26 04:09:37.399, 22499
2026/09/26 04:09:37.899, 22499
2026/09/26 04:09:38.399, 22499
2026/09/26 04:09:38.899, 22499
2026/09/26 04:09:39.399, 22499
2026/09/26 04:09:39.899, 22499
2026/09/26 04:09:40.400, 22499
2026/09/26 04:09:40.900, 22499
2026/09/26 04:09:41.400, 22499
2026/09/26 04:09:41.900, 22499
2026/09/26 04:09:42.400, 22499
2026/09/26 04:09:42.900, 22499
2026/09/26 04:09:43.401, 22499
2026/09/26 04:09:43.901, 22499
2026/09/26 04:09:44.401, 22499
2026/09/26 04:09:44.901, 22499
2026/09/26 04:09:45.401, 22499
2026/09/26 04:09:45.901, 22499
2026/09/26 04:09:46.402, 22499
2026/09/26 04:09:46.902, 22499
2026/09/26 04:09:47.402, 22499
2026/09/26 04:09:47.902, 22499
2026/09/26 04:09:48.402, 22499
2026/09/26 04:09:48.902, 22499
2026/09/26 04:09:49.403, 22499
2026/09/26 04:09:49.903, 22499
2026/09/26 04:09:50.403, 22499
2026/09/26 04:09:50.903, 22499
2026/09/26 04:09:51.403, 22499
2026/09/26 04:09:51.903, 22499
2026/09/26 04:09:52.403, 22499
2026/09/26 04:09:52.904, 22499
2026/09/26 04:09:53.404, 22499
2026/09/26 04:09:53.904, 22499
2026/09/26 04:09:54.404, 22499
2026/09/26 04:09:54.904, 22499
2026/09/26 04:09:55.404, 22499
2026/09/26 04:09:55.905, 22499
2026/09/26 04:09:56.405, 22499
2026/09/26 04:09:56.905, 22499
2026/09/26 04:09:57.405, 22499
2026/09/26 04:09:57.905, 22499
2026/09/26 04:09:58.405, 22499
2026/09/26 04:09:58.906, 22499
2026/09/26 04:09:59.406, 22499
2026/09/26 04:09:59.906, 22499
2026/09/26 04:10:00.406, 22499
2026/09/26 04:10:00.907, 22499
2026/09/26 04:10:01.407, 22499
2026/09/26 04:10:01.907, 22499
2026/09/26 04:10:02.407, 22499
2026/09/26 04:10:02.907, 22499
2026/09/26 04:10:03.407, 22499
2026/09/26 04:10:03.908, 22499
2026/09/26 04:10:04.408, 22499
2026/09/26 04:10:04.908, 22499
2026/09/26 04:10:05.408, 22499
2026/09/26 04:10:05.908, 22499
2026/09/26 04:10:06.408, 22499
2026/09/26 04:10:06.909, 22499
2026/09/26 04:10:07.409, 22499
2026/09/26 04:10:07.909, 22499
2026/09/26 04:10:08.409, 22499
2026/09/26 04:10:08.909, 22499
2026/09/26 04:10:09.409, 22499
2026/09/26 04:10:09.910, 22499
2026/09/26 04:10:10.410, 22499
2026/09/26 04:10:10.910, 22499
2026/09/26 04:10:11.410, 22499
2026/09/26 04:10:11.911, 22499
2026/09/26 04:10:12.411, 22499
2026/09/26 04:10:12.911, 22499
2026/09/26 04:10:13.411, 22499
2026/09/26 04:10:13.911, 22499
2026/09/26 04:10:14.411, 22499
2026/09/26 04:10:14.912, 22499
2026/09/26 04:10:15.412, 22499
2026/09/26 04:10:15.912, 22499
2026/09/26 04:10:16.412, 22499
2026/09/26 04:10:16.912, 22499
2026/09/26 04:10:17.413, 22499
2026/09/26 04:10:17.913, 22499
2026/09/26 04:10:18.413, 22499
2026/09/26 04:10:18.913, 22499
2026/09/26 04:10:19.413, 22499
2026/09/26 04:10:19.913, 22499
2026/09/26 04:10:20.414, 22499
2026/09/26 04:10:20.914, 22499
2026/09/26 04:10:21.414, 22499
2026/09/26 04:10:21.914, 22499
2026/09/26 04:10:22.414, 22499
2026/09/26 04:10:22.914, 22499
2026/09/26 04:10:23.415, 22499
2026/09/26 04:10:23.915, 22499
2026/09/26 04:10:24.415, 22499
2026/09/26 04:10:24.915, 22499
2026/09/26 04:10:25.415, 22499
2026/09/26 04:10:25.915, 22499
2026/09/26 04:10:26.416, 22499
2026/09/26 04:10:26.916, 22499
2026/09/26 04:10:27.416, 22499
2026/09/26 04:10:27.916, 22499
2026/09/26 04:10:28.416, 22499
2026/09/26 04:10:28.916, 22499
2026/09/26 04:10:29.416, 22499
2026/09/26 04:10:29.917, 22499
2026/09/26 04:10:30.417, 22499
2026/09/26 04:10:30.917, 22499
2026/09/26 04:10:31.417, 22499
2026/09/26 04:10:31.917, 22499
2026/09/26 04:10:32.417, 22499
2026/09/26 04:10:32.918, 22499
2026/09/26 04:10:33.418, 22499
2026/09/26 04:10:33.918, 22499
2026/09/26 04:10:34.418, 22499
2026/09/26 04:10:34.918, 22499
2026/09/26 04:10:35.418, 22499
2026/09/26 04:10:35.919, 22499
2026/09/26 04:10:36.419, 22499
2026/09/26 04:10:36.919, 22499
2026/09/26 04:10:37.419, 22499
2026/09/26 04:10:37.919, 22499
2026/09/26 04:10:38.419, 22499
2026/09/26 04:10:38.919, 22499
2026/09/26 04:10:39.420, 22499
2026/09/26 04:10:39.920, 22499
2026/09/26 04:10:40.420, 22499
2026/09/26 04:10:40.920, 22499
2026/09/26 04:10:41.420, 22499
2026/09/26 04:10:41.920, 22499
2026/09/26 04:10:42.421, 22499
2026/09/26 04:10:42.921, 22499
2026/09/26 04:10:43.421, 22499
2026/09/26 04:10:43.921, 22499
2026/09/26 04:10:44.421, 22499
2026/09/26 04:10:44.921, 22499
2026/09/26 04:10:45.422, 22499
2026/09/26 04:10:45.922, 22499
2026/09/26 04:10:46.422, 22499
2026/09/26 04:10:46.922, 22499
2026/09/26 04:10:47.422, 22499
2026/09/26 04:10:47.922, 22499
2026/09/26 04:10:48.422, 22499
2026/09/26 04:10:48.923, 22499
2026/09/26 04:10:49.423, 22499
2026/09/26 04:10:49.923, 22499
2026/09/26 04:10:50.423, 22499
2026/09/26 04:10:50.923, 22499
2026/09/26 04:10:51.423, 22499
2026/09/26 04:10:51.924, 22499
2026/09/26 04:10:52.424, 22499
2026/09/26 04:10:52.924, 22499
2026/09/26 04:10:53.424, 22499
2026/09/26 04:10:53.924, 22499
2026/09/26 04:10:54.424, 22499
2026/09/26 04:10:54.925, 22499
2026/09/26 04:10:55.425, 22499
2026/09/26 04:10:55.925, 22499
2026/09/26 04:10:56.425, 22499
2026/09/26 04:10:56.925, 22499
2026/09/26 04:10:57.425, 22499
2026/09/26 04:10:57.926, 22499
2026/09/26 04:10:58.426, 22499
2026/09/26 04:10:58.926, 22499
2026/09/26 04:10:59.426, 22499
2026/09/26 04:10:59.926, 22499
2026/09/26 04:11:00.426, 22499
2026/09/26 04:11:00.926, 22499
2026/09/26 04:11:01.427, 22499
2026/09/26 04:11:01.927, 22499
2026/09/26 04:11:02.427, 22499
2026/09/26 04:11:02.927, 22499
2026/09/26 04:11:03.427, 22499
2026/09/26 04:11:03.927, 22499
2026/09/26 04:11:04.428, 22499
2026/09/26 04:11:04.928, 22499
2026/09/26 04:11:05.428, 22499
2026/09/26 04:11:05.928, 22499
2026/09/26 04:11:06.428, 22499
2026/09/26 04:11:06.928, 22499
2026/09/26 04:11:07.428, 22499
2026/09/26 04:11:07.929, 22499
2026/09/26 04:11:08.429, 22499
2026/09/26 04:11:08.929, 22499
2026/09/26 04:11:09.429, 22499
2026/09/26 04:11:09.929, 22499
2026/09/26 04:11:10.429, 22499
2026/09/26 04:11:10.930, 22499
2026/09/26 04:11:11.430, 22499
2026/09/26 04:11:11.930, 22499
2026/09/26 04:11:12.430, 22499
2026/09/26 04:11:12.930, 22499
2026/09/26 04:11:13.430, 22499
2026/09/26 04:11:13.931, 22499
2026/09/26 04:11:14.431, 22499
2026/09/26 04:11:14.931, 22499
2026/09/26 04:11:15.431, 22499
2026/09/26 04:11:15.931, 22499
2026/09/26 04:11:16.431, 22499
2026/09/26 04:11:16.931, 22499
2026/09/26 04:11:17.439, 22499
2026/09/26 04:11:17.939, 22499
2026/09/26 04:11:18.439, 22499
2026/09/26 04:11:18.939, 22499
2026/09/26 04:11:19.440, 22499
2026/09/26 04:11:19.940, 22499
2026/09/26 04:11:20.440, 22499
2026/09/26 04:11:20.940, 22499
2026/09/26 04:11:21.440, 22499
2026/09/26 04:11:21.940, 22499
2026/09/26 04:11:22.440, 22499
2026/09/26 04:11:22.941, 22499
2026/09/26 04:11:23.441, 22499
2026/09/26 04:11:23.941, 22499
2026/09/26 04:11:24.441, 22499
2026/09/26 04:11:24.941, 22499
2026/09/26 04:11:25.441, 22499
2026/09/26 04:11:25.942, 22499
2026/09/26 04:11:26.442, 22499
2026/09/26 04:11:26.942, 22499
2026/09/26 04:11:27.442, 22499
2026/09/26 04:11:27.942, 22499
2026/09/26 04:11:28.442, 22499
2026/09/26 04:11:28.943, 22499
2026/09/26 04:11:29.443, 22499
2026/09/26 04:11:29.943, 22499
2026/09/26 04:11:30.443, 22499
2026/09/26 04:11:30.943, 22499
2026/09/26 04:11:31.443, 22499
2026/09/26 04:11:31.943, 22499
2026/09/26 04:11:32.444, 22499
2026/09/26 04:11:32.944, 22499
2026/09/26 04:11:33.444, 22499
2026/09/26 04:11:33.944, 22499
2026/09/26 04:11:34.444, 22499
2026/09/26 04:11:34.945, 22499
2026/09/26 04:11:35.445, 22499
2026/09/26 04:11:35.945, 22499
2026/09/26 04:11:36.445, 22499
2026/09/26 04:11:36.945, 22499
2026/09/26 04:11:37.445, 22499
2026/09/26 04:11:37.946, 22499
2026/09/26 04:11:38.446, 22499
2026/09/26 04:11:38.946, 22499
2026/09/26 04:11:39.446, 22499
2026/09/26 04:11:39.946, 22499
2026/09/26 04:11:40.446, 22499
2026/09/26 04:11:40.947, 22499
2026/09/26 04:11:41.447, 22499
2026/09/26 04:11:41.947, 22499
2026/09/26 04:11:42.447, 22499
2026/09/26 04:11:42.947, 22499
2026/09/26 04:11:43.447, 22499
2026/09/26 04:11:43.948, 22499
2026/09/26 04:11:44.448, 22499
2026/09/26 04:11:44.948, 22499
2026/09/26 04:11:45.448, 22499
2026/09/26 04:11:45.948, 22499
2026/09/26 04:11:46.448, 22499
2026/09/26 04:11:46.948, 22499
2026/09/26 04:11:47.449, 22499
2026/09/26 04:11:47.949, 22499
2026/09/26 04:11:48.449, 22499
2026/09/26 04:11:48.949, 22499
2026/09/26 04:11:49.449, 22499
2026/09/26 04:11:49.949, 22499
2026/09/26 04:11:50.450, 22499
2026/09/26 04:11:50.950, 22499
2026/09/26 04:11:51.450, 22499
2026/09/26 04:11:51.950, 22499
2026/09/26 04:11:52.450, 22499
2026/09/26 04:11:52.950, 22499
2026/09/26 04:11:53.451, 22499
2026/09/26 04:11:53.951, 22499
2026/09/26 04:11:54.451, 22499
2026/09/26 04:11:54.951, 22499
2026/09/26 04:11:55.451, 22499
2026/09/26 04:11:55.951, 22499
2026/09/26 04:11:56.451, 22499
2026/09/26 04:11:56.952, 22499
2026/09/26 04:11:57.452, 22499
2026/09/26 04:11:57.952, 22499
2026/09/26 04:11:58.452, 22499
2026/09/26 04:11:58.952, 22499
2026/09/26 04:11:59.452, 22499
2026/09/26 04:11:59.953, 22499
2026/09/26 04:12:00.453, 22499
2026/09/26 04:12:00.953, 22499
2026/09/26 04:12:01.453, 22499
2026/09/26 04:12:01.953, 22499
2026/09/26 04:12:02.453, 22499
2026/09/26 04:12:02.954, 22499
2026/09/26 04:12:03.454, 22499
2026/09/26 04:12:03.954, 22499
2026/09/26 04:12:04.454, 22499
2026/09/26 04:12:04.954, 22499
2026/09/26 04:12:05.454, 22499
2026/09/26 04:12:05.955, 22499
2026/09/26 04:12:06.455, 22499
2026/09/26 04:12:06.955, 22499
2026/09/26 04:12:07.455, 22499
2026/09/26 04:12:07.955, 22499
2026/09/26 04:12:08.455, 22499
2026/09/26 04:12:08.955, 22499
2026/09/26 04:12:09.456, 22499
2026/09/26 04:12:09.956, 22499
2026/09/26 04:12:10.456, 22499
2026/09/26 04:12:10.956, 22499
2026/09/26 04:12:11.457, 22499
2026/09/26 04:12:11.957, 22499
2026/09/26 04:12:12.457, 22499
2026/09/26 04:12:12.957, 22499
2026/09/26 04:12:13.457, 22499
2026/09/26 04:12:13.957, 22499
2026/09/26 04:12:14.457, 22499
2026/09/26 04:12:14.958, 22499
2026/09/26 04:12:15.458, 22499
2026/09/26 04:12:15.958, 22499
2026/09/26 04:12:16.458, 22499
2026/09/26 04:12:16.958, 22499
2026/09/26 04:12:17.458, 22499
2026/09/26 04:12:17.959, 22499
2026/09/26 04:12:18.459, 22499
2026/09/26 04:12:18.959, 22499
2026/09/26 04:12:19.459, 22499
2026/09/26 04:12:19.959, 22499
2026/09/26 04:12:20.459, 22499
2026/09/26 04:12:20.960, 22499
2026/09/26 04:12:21.460, 22499
2026/09/26 04:12:21.960, 22499
2026/09/26 04:12:22.460, 22499
2026/09/26 04:12:22.960, 22499
2026/09/26 04:12:23.461, 22499
2026/09/26 04:12:23.961, 22499
2026/09/26 04:12:24.461, 22499
2026/09/26 04:12:24.961, 22499
2026/09/26 04:12:25.461, 22499
2026/09/26 04:12:25.962, 22499
2026/09/26 04:12:26.462, 22499
2026/09/26 04:12:26.962, 22499
2026/09/26 04:12:27.462, 22499
2026/09/26 04:12:27.962, 22499
2026/09/26 04:12:28.462, 22499
2026/09/26 04:12:28.963, 22499
2026/09/26 04:12:29.463, 22499
2026/09/26 04:12:29.963, 22499
2026/09/26 04:12:30.463, 22499
2026/09/26 04:12:30.963, 22499
2026/09/26 04:12:31.463, 22499
2026/09/26 04:12:31.964, 22499
2026/09/26 04:12:32.464, 22499
2026/09/26 04:12:32.964, 22499
2026/09/26 04:12:33.464, 22499
2026/09/26 04:12:33.964, 22499
2026/09/26 04:12:34.464, 22499
2026/09/26 04:12:34.965, 22499
2026/09/26 04:12:35.465, 22499
2026/09/26 04:12:35.965, 22499
2026/09/26 04:12:36.465, 22499
2026/09/26 04:12:36.965, 22499
2026/09/26 04:12:37.465, 22499
2026/09/26 04:12:37.966, 22499
2026/09/26 04:12:38.466, 22499
2026/09/26 04:12:38.966, 22499
2026/09/26 04:12:39.466, 22499
2026/09/26 04:12:39.966, 22499
2026/09/26 04:12:40.466, 22499
2026/09/26 04:12:40.967, 22499
2026/09/26 04:12:41.467, 22499
2026/09/26 04:12:41.967, 22499
2026/09/26 04:12:42.467, 22499
2026/09/26 04:12:42.967, 22499
2026/09/26 04:12:43.467, 22499
2026/09/26 04:12:43.968, 22499
2026/09/26 04:12:44.468, 22499
2026/09/26 04:12:44.968, 22499
2026/09/26 04:12:45.468, 22499
2026/09/26 04:12:45.968, 22499
2026/09/26 04:12:46.468, 22499
2026/09/26 04:12:46.969, 22499
2026/09/26 04:12:47.469, 22499
2026/09/26 04:12:47.969, 22499
2026/09/26 04:12:48.469, 22499
2026/09/26 04:12:48.969, 22499
2026/09/26 04:12:49.469, 22499
2026/09/26 04:12:49.969, 22499
2026/09/26 04:12:50.470, 22499
2026/09/26 04:12:50.970, 22499
2026/09/26 04:12:51.470, 22499
2026/09/26 04:12:51.970, 22499
2026/09/26 04:12:52.470, 22499
2026/09/26 04:12:52.970, 22499
2026/09/26 04:12:53.471, 22499
2026/09/26 04:12:53.971, 22499
2026/09/26 04:12:54.471, 22499
2026/09/26 04:12:54.971, 22499
2026/09/26 04:12:55.471, 22499
2026/09/26 04:12:55.971, 22499
2026/09/26 04:12:56.471, 22499
2026/09/26 04:12:56.972, 22499
2026/09/26 04:12:57.472, 22499
2026/09/26 04:12:57.972, 22499
2026/09/26 04:12:58.472, 22499
2026/09/26 04:12:58.972, 22499
2026/09/26 04:12:59.472, 22499
2026/09/26 04:12:59.973, 22499
2026/09/26 04:13:00.473, 22499
2026/09/26 04:13:00.973, 22499
2026/09/26 04:13:01.473, 22499
2026/09/26 04:13:01.973, 22499
2026/09/26 04:13:02.473, 22499
2026/09/26 04:13:02.974, 22499
2026/09/26 04:13:03.474, 22499
2026/09/26 04:13:03.974, 22499
2026/09/26 04:13:04.474, 22499
2026/09/26 04:13:04.974, 22499
2026/09/26 04:13:05.480, 22499
2026/09/26 04:13:05.981, 22499
2026/09/26 04:13:06.481, 22499
2026/09/26 04:13:06.981, 22499
2026/09/26 04:13:07.481, 22499
2026/09/26 04:13:07.981, 22499
2026/09/26 04:13:08.481, 22499
2026/09/26 04:13:08.982, 22499
2026/09/26 04:13:09.482, 22499
2026/09/26 04:13:09.982, 22499
2026/09/26 04:13:10.491, 22499
2026/09/26 04:13:10.991, 22499
2026/09/26 04:13:11.491, 22499
2026/09/26 04:13:11.991, 22499
2026/09/26 04:13:12.492, 22499
2026/09/26 04:13:12.992, 22499
2026/09/26 04:13:13.492, 22499
2026/09/26 04:13:13.992, 22499
2026/09/26 04:13:14.492, 22499
2026/09/26 04:13:14.992, 22499
2026/09/26 04:13:15.493, 22499
2026/09/26 04:13:15.993, 22499
2026/09/26 04:13:16.493, 22499
2026/09/26 04:13:16.993, 22499
2026/09/26 04:13:17.493, 22499
2026/09/26 04:13:17.993, 22499
2026/09/26 04:13:18.494, 22499
2026/09/26 04:13:18.994, 22499
2026/09/26 04:13:19.494, 22499
2026/09/26 04:13:19.994, 22499
2026/09/26 04:13:20.494, 22499
2026/09/26 04:13:20.994, 22499
2026/09/26 04:13:21.495, 22499
2026/09/26 04:13:21.995, 22499
2026/09/26 04:13:22.495, 22499
2026/09/26 04:13:22.995, 22499
2026/09/26 04:13:23.495, 22499
2026/09/26 04:13:23.995, 22499
2026/09/26 04:13:24.496, 22499
2026/09/26 04:13:24.996, 22499
2026/09/26 04:13:25.496, 22499
2026/09/26 04:13:25.996, 22499
2026/09/26 04:13:26.496, 22499
2026/09/26 04:13:26.996, 22499
2026/09/26 04:13:27.497, 22499
2026/09/26 04:13:27.997, 22499
2026/09/26 04:13:28.497, 22499
2026/09/26 04:13:28.997, 22499
2026/09/26 04:13:29.497, 22499
2026/09/26 04:13:29.997, 22499
2026/09/26 04:13:30.498, 22499
2026/09/26 04:13:30.998, 22499
2026/09/26 04:13:31.498, 22499
2026/09/26 04:13:31.998, 22499
2026/09/26 04:13:32.498, 22499
2026/09/26 04:13:32.998, 22499
2026/09/26 04:13:33.499, 22499
2026/09/26 04:13:33.999, 22499
2026/09/26 04:13:34.499, 22499
2026/09/26 04:13:34.999, 22499
2026/09/26 04:13:35.499, 22499
2026/09/26 04:13:35.999, 22499
2026/09/26 04:13:36.500, 22499
2026/09/26 04:13:37.000, 22499
2026/09/26 04:13:37.500, 22499
2026/09/26 04:13:38.000, 22499
2026/09/26 04:13:38.500, 22499
2026/09/26 04:13:39.000, 22499
2026/09/26 04:13:39.501, 22499
2026/09/26 04:13:40.001, 22499
2026/09/26 04:13:40.501, 22499
2026/09/26 04:13:41.001, 22499
2026/09/26 04:13:41.501, 22499
2026/09/26 04:13:42.001, 22499
2026/09/26 04:13:42.502, 22499
2026/09/26 04:13:43.002, 22499
2026/09/26 04:13:43.502, 22499
2026/09/26 04:13:44.002, 22499
2026/09/26 04:13:44.502, 22499
2026/09/26 04:13:45.002, 22499
2026/09/26 04:13:45.503, 22499
2026/09/26 04:13:46.003, 22499
2026/09/26 04:13:46.503, 22499
2026/09/26 04:13:47.003, 22499
2026/09/26 04:13:47.503, 22499
2026/09/26 04:13:48.003, 22499
2026/09/26 04:13:48.504, 22499
2026/09/26 04:13:49.004, 22499
2026/09/26 04:13:49.504, 22499
2026/09/26 04:13:50.004, 22499
2026/09/26 04:13:50.505, 22499
2026/09/26 04:13:51.005, 22499
2026/09/26 04:13:51.505, 22499
2026/09/26 04:13:52.005, 22499
2026/09/26 04:13:52.505, 22499
2026/09/26 04:13:53.005, 22499
2026/09/26 04:13:53.506, 22499
2026/09/26 04:13:54.006, 22499
2026/09/26 04:13:54.506, 22499
2026/09/26 04:13:55.006, 22499
2026/09/26 04:13:55.506, 22499
2026/09/26 04:13:56.006, 22499
2026/09/26 04:13:56.507, 22499
2026/09/26 04:13:57.007, 22499
2026/09/26 04:13:57.507, 22499
2026/09/26 04:13:58.007, 22499
2026/09/26 04:13:58.507, 22499
2026/09/26 04:13:59.007, 22499
2026/09/26 04:13:59.508, 22499
2026/09/26 04:14:00.008, 22499
2026/09/26 04:14:00.508, 22499
2026/09/26 04:14:01.008, 22499
2026/09/26 04:14:01.508, 22499
2026/09/26 04:14:02.008, 22499
2026/09/26 04:14:02.509, 22499
2026/09/26 04:14:03.009, 22499
2026/09/26 04:14:03.509, 22499
2026/09/26 04:14:04.009, 22499
2026/09/26 04:14:04.509, 22499
2026/09/26 04:14:05.009, 22499
2026/09/26 04:14:05.509, 22499
2026/09/26 04:14:06.010, 22499
2026/09/26 04:14:06.510, 22499
2026/09/26 04:14:07.010, 22499
2026/09/26 04:14:07.510, 22499
2026/09/26 04:14:08.010, 22499
2026/09/26 04:14:08.510, 22499
2026/09/26 04:14:09.010, 22499
2026/09/26 04:14:09.510, 22499
2026/09/26 04:14:10.011, 22499
2026/09/26 04:14:10.511, 22499
2026/09/26 04:14:11.011, 22499
2026/09/26 04:14:11.511, 22499
2026/09/26 04:14:12.011, 22499
2026/09/26 04:14:12.511, 22499
2026/09/26 04:14:13.012, 22499
2026/09/26 04:14:13.512, 22499
2026/09/26 04:14:14.012, 22499
2026/09/26 04:14:14.512, 22499
2026/09/26 04:14:15.012, 22499
2026/09/26 04:14:15.512, 22499
2026/09/26 04:14:16.012, 22499
2026/09/26 04:14:16.513, 22499
2026/09/26 04:14:17.013, 22499
2026/09/26 04:14:17.513, 22499
2026/09/26 04:14:18.013, 22499
2026/09/26 04:14:18.513, 22499
2026/09/26 04:14:19.013, 22499
2026/09/26 04:14:19.514, 22499
2026/09/26 04:14:20.014, 22499
2026/09/26 04:14:20.514, 22499
2026/09/26 04:14:21.014, 22499
2026/09/26 04:14:21.514, 22499
2026/09/26 04:14:22.014, 22499
2026/09/26 04:14:22.514, 22499
2026/09/26 04:14:23.014, 22499
2026/09/26 04:14:23.515, 22499
2026/09/26 04:14:24.015, 22499
2026/09/26 04:14:24.515, 22499
2026/09/26 04:14:25.015, 22499
2026/09/26 04:14:25.515, 22499
2026/09/26 04:14:26.015, 22499
2026/09/26 04:14:26.515, 22499
2026/09/26 04:14:27.016, 22499
2026/09/26 04:14:27.516, 22499
2026/09/26 04:14:28.016, 22499
2026/09/26 04:14:28.516, 22499
2026/09/26 04:14:29.016, 22499
2026/09/26 04:14:29.516, 22499
2026/09/26 04:14:30.017, 22499
2026/09/26 04:14:30.517, 22499
2026/09/26 04:14:31.017, 22499
2026/09/26 04:14:31.517, 22499
2026/09/26 04:14:32.017, 22499
2026/09/26 04:14:32.517, 22499
2026/09/26 04:14:33.017, 22499
2026/09/26 04:14:33.518, 22499
2026/09/26 04:14:34.018, 22499
2026/09/26 04:14:34.518, 22499
2026/09/26 04:14:35.018, 22499
2026/09/26 04:14:35.518, 22499
2026/09/26 04:14:36.018, 22499
2026/09/26 04:14:36.518, 22499
2026/09/26 04:14:37.019, 22499
2026/09/26 04:14:37.519, 22499
2026/09/26 04:14:38.019, 22499
2026/09/26 04:14:38.519, 22499
2026/09/26 04:14:39.019, 22499
2026/09/26 04:14:39.519, 22499
2026/09/26 04:14:40.020, 22499
2026/09/26 04:14:40.520, 22499
2026/09/26 04:14:41.020, 22499
2026/09/26 04:14:41.520, 22499
2026/09/26 04:14:42.020, 22499
2026/09/26 04:14:42.520, 22499
2026/09/26 04:14:43.020, 22499
2026/09/26 04:14:43.521, 22499
2026/09/26 04:14:44.021, 22499
2026/09/26 04:14:44.521, 22499
2026/09/26 04:14:45.021, 22499
2026/09/26 04:14:45.521, 22499
2026/09/26 04:14:46.021, 22499
2026/09/26 04:14:46.521, 22499
2026/09/26 04:14:47.022, 22499
2026/09/26 04:14:47.522, 22499
2026/09/26 04:14:48.022, 22499
2026/09/26 04:14:48.522, 22499
2026/09/26 04:14:49.022, 22499
2026/09/26 04:14:49.522, 22499
2026/09/26 04:14:50.023, 22499
2026/09/26 04:14:50.523, 22499
2026/09/26 04:14:51.023, 22499
2026/09/26 04:14:51.523, 22499
2026/09/26 04:14:52.023, 22499
2026/09/26 04:14:52.523, 22499
2026/09/26 04:14:53.023, 22499
2026/09/26 04:14:53.524, 22499
2026/09/26 04:14:54.024, 22499
2026/09/26 04:14:54.524, 22499
2026/09/26 04:14:55.024, 22499
2026/09/26 04:14:55.524, 22499
2026/09/26 04:14:56.024, 22499
2026/09/26 04:14:56.525, 22499
2026/09/26 04:14:57.025, 22499
2026/09/26 04:14:57.525, 22499
2026/09/26 04:14:58.025, 22499
2026/09/26 04:14:58.525, 22499
2026/09/26 04:14:59.026, 22499
2026/09/26 04:14:59.526, 22499
2026/09/26 04:15:00.026, 22499
2026/09/26 04:15:00.526, 22499
2026/09/26 04:15:01.026, 22499
2026/09/26 04:15:01.526, 22499
2026/09/26 04:15:02.027, 22499
2026/09/26 04:15:02.527, 22499
2026/09/26 04:15:03.027, 22499
2026/09/26 04:15:03.527, 22499
2026/09/26 04:15:04.027, 22499
2026/09/26 04:15:04.527, 22499
2026/09/26 04:15:05.027, 22499
2026/09/26 04:15:05.528, 22499
2026/09/26 04:15:06.028, 22499
2026/09/26 04:15:06.528, 22499
2026/09/26 04:15:07.028, 22499
2026/09/26 04:15:07.528, 22499
2026/09/26 04:15:08.028, 22499
2026/09/26 04:15:08.528, 22499
2026/09/26 04:15:09.029, 22499
2026/09/26 04:15:09.529, 22499
2026/09/26 04:15:10.029, 22499
2026/09/26 04:15:10.529, 22499
2026/09/26 04:15:11.029, 22499
2026/09/26 04:15:11.529, 22499
2026/09/26 04:15:12.029, 22499
2026/09/26 04:15:12.529, 22499
2026/09/26 04:15:13.030, 22499
2026/09/26 04:15:13.530, 22499
2026/09/26 04:15:14.030, 22499
2026/09/26 04:15:14.530, 22499
2026/09/26 04:15:15.030, 22499
2026/09/26 04:15:15.530, 22499
2026/09/26 04:15:16.038, 22499
2026/09/26 04:15:16.538, 22499
2026/09/26 04:15:17.039, 22499
2026/09/26 04:15:17.539, 22499
2026/09/26 04:15:18.039, 22499
2026/09/26 04:15:18.539, 22499
2026/09/26 04:15:19.040, 22499
2026/09/26 04:15:19.540, 22499
2026/09/26 04:15:20.040, 22499
2026/09/26 04:15:20.540, 22499
2026/09/26 04:15:21.040, 22499
2026/09/26 04:15:21.540, 22499
2026/09/26 04:15:22.040, 22499
2026/09/26 04:15:22.541, 22499
2026/09/26 04:15:23.041, 22499
2026/09/26 04:15:23.541, 22499
2026/09/26 04:15:24.041, 22499
2026/09/26 04:15:24.541, 22499
2026/09/26 04:15:25.041, 22499
2026/09/26 04:15:25.542, 22499
2026/09/26 04:15:26.042, 22499
2026/09/26 04:15:26.542, 22499
2026/09/26 04:15:27.042, 22499
2026/09/26 04:15:27.542, 22499
2026/09/26 04:15:28.042, 22499
2026/09/26 04:15:28.542, 22499
2026/09/26 04:15:29.043, 22499
2026/09/26 04:15:29.543, 22499
2026/09/26 04:15:30.043, 22499
2026/09/26 04:15:30.543, 22499
2026/09/26 04:15:31.043, 22499
2026/09/26 04:15:31.543, 22499
2026/09/26 04:15:32.043, 22499
2026/09/26 04:15:32.544, 22499
2026/09/26 04:15:33.044, 22499
2026/09/26 04:15:33.544, 22499
2026/09/26 04:15:34.044, 22499
2026/09/26 04:15:34.544, 22499
2026/09/26 04:15:35.044, 22499
2026/09/26 04:15:35.544, 22499
2026/09/26 04:15:36.045, 22499
2026/09/26 04:15:36.545, 22499
2026/09/26 04:15:37.045, 22499
2026/09/26 04:15:37.545, 22499
2026/09/26 04:15:38.045, 22499
2026/09/26 04:15:38.545, 22499
2026/09/26 04:15:39.046, 22499
2026/09/26 04:15:39.546, 22499
2026/09/26 04:15:40.046, 22499
2026/09/26 04:15:40.546, 22499
2026/09/26 04:15:41.046, 22499
2026/09/26 04:15:41.546, 22499
2026/09/26 04:15:42.047, 22499
2026/09/26 04:15:42.547, 22499
2026/09/26 04:15:43.047, 22499
2026/09/26 04:15:43.547, 22499
2026/09/26 04:15:44.047, 22499
2026/09/26 04:15:44.547, 22499
2026/09/26 04:15:45.048, 22499
2026/09/26 04:15:45.548, 22499
2026/09/26 04:15:46.048, 22499
2026/09/26 04:15:46.548, 22499
2026/09/26 04:15:47.048, 22499
2026/09/26 04:15:47.548, 22499
2026/09/26 04:15:48.049, 22499
2026/09/26 04:15:48.549, 22499
2026/09/26 04:15:49.049, 22499
2026/09/26 04:15:49.549, 22499
2026/09/26 04:15:50.049, 22499
2026/09/26 04:15:50.549, 22499
2026/09/26 04:15:51.049, 22499
2026/09/26 04:15:51.550, 22499
2026/09/26 04:15:52.050, 22499
2026/09/26 04:15:52.550, 22499
2026/09/26 04:15:53.050, 22499
2026/09/26 04:15:53.550, 22499
2026/09/26 04:15:54.050, 22499
2026/09/26 04:15:54.551, 22499
2026/09/26 04:15:55.051, 22499
2026/09/26 04:15:55.551, 22499
2026/09/26 04:15:56.051, 22499
2026/09/26 04:15:56.551, 22499
2026/09/26 04:15:57.051, 22499
2026/09/26 04:15:57.552, 22499
2026/09/26 04:15:58.052, 22499
2026/09/26 04:15:58.552, 22499
2026/09/26 04:15:59.052, 22499
2026/09/26 04:15:59.552, 22499
2026/09/26 04:16:00.052, 22499
2026/09/26 04:16:00.553, 22499
2026/09/26 04:16:01.053, 22499
2026/09/26 04:16:01.553, 22499
2026/09/26 04:16:02.053, 22499
2026/09/26 04:16:02.553, 22499
2026/09/26 04:16:03.053, 22499
2026/09/26 04:16:03.553, 22499
2026/09/26 04:16:04.054, 22499
2026/09/26 04:16:04.554, 22499
2026/09/26 04:16:05.054, 22499
2026/09/26 04:16:05.554, 22499
2026/09/26 04:16:06.054, 22499
2026/09/26 04:16:06.555, 22499
2026/09/26 04:16:07.055, 22499
2026/09/26 04:16:07.555, 22499
2026/09/26 04:16:08.055, 22499
2026/09/26 04:16:08.555, 22499
2026/09/26 04:16:09.055, 22499
2026/09/26 04:16:09.556, 22499
2026/09/26 04:16:10.056, 22499
2026/09/26 04:16:10.556, 22499
2026/09/26 04:16:11.056, 22499
2026/09/26 04:16:11.556, 22499
2026/09/26 04:16:12.056, 22499
2026/09/26 04:16:12.557, 22499
2026/09/26 04:16:13.057, 22499
2026/09/26 04:16:13.557, 22499
2026/09/26 04:16:14.057, 22499
2026/09/26 04:16:14.557, 22499
2026/09/26 04:16:15.057, 22499
2026/09/26 04:16:15.557, 22499
2026/09/26 04:16:16.058, 22499
2026/09/26 04:16:16.558, 22499
2026/09/26 04:16:17.058, 22499
2026/09/26 04:16:17.558, 22499
2026/09/26 04:16:18.058, 22499
2026/09/26 04:16:18.558, 22499
2026/09/26 04:16:19.059, 22499
2026/09/26 04:16:19.559, 22499
2026/09/26 04:16:20.059, 22499
2026/09/26 04:16:20.559, 22499
2026/09/26 04:16:21.059, 22499
2026/09/26 04:16:21.559, 22499
2026/09/26 04:16:22.060, 22499
2026/09/26 04:16:22.560, 22499
2026/09/26 04:16:23.060, 22499
2026/09/26 04:16:23.560, 22499
2026/09/26 04:16:24.060, 22499
2026/09/26 04:16:24.560, 22499
2026/09/26 04:16:25.061, 22499
2026/09/26 04:16:25.561, 22499
2026/09/26 04:16:26.061, 22499
2026/09/26 04:16:26.561, 22499
2026/09/26 04:16:27.061, 22499
2026/09/26 04:16:27.561, 22499
2026/09/26 04:16:28.061, 22499
2026/09/26 04:16:28.562, 22499
2026/09/26 04:16:29.062, 22499
2026/09/26 04:16:29.562, 22499
2026/09/26 04:16:30.062, 22499
2026/09/26 04:16:30.562, 22499
2026/09/26 04:16:31.062, 22499
2026/09/26 04:16:31.563, 22499
2026/09/26 04:16:32.063, 22499
2026/09/26 04:16:32.563, 22499
2026/09/26 04:16:33.063, 22499
2026/09/26 04:16:33.563, 22499
2026/09/26 04:16:34.063, 22499
2026/09/26 04:16:34.564, 22499
2026/09/26 04:16:35.064, 22499
2026/09/26 04:16:35.564, 22499
2026/09/26 04:16:36.064, 22499
2026/09/26 04:16:36.564, 22499
2026/09/26 04:16:37.064, 22499
2026/09/26 04:16:37.565, 22499
2026/09/26 04:16:38.065, 22499
2026/09/26 04:16:38.565, 22499
2026/09/26 04:16:39.065, 22499
2026/09/26 04:16:39.565, 22499
2026/09/26 04:16:40.065, 22499
2026/09/26 04:16:40.566, 22499
2026/09/26 04:16:41.066, 22499
2026/09/26 04:16:41.566, 22499
2026/09/26 04:16:42.066, 22499
2026/09/26 04:16:42.566, 22499
2026/09/26 04:16:43.066, 22499
2026/09/26 04:16:43.567, 22499
2026/09/26 04:16:44.067, 22499
2026/09/26 04:16:44.567, 22499
2026/09/26 04:16:45.067, 22499
2026/09/26 04:16:45.567, 22499
2026/09/26 04:16:46.067, 22499
2026/09/26 04:16:46.567, 22499
2026/09/26 04:16:47.068, 22499
2026/09/26 04:16:47.568, 22499
2026/09/26 04:16:48.068, 22499
2026/09/26 04:16:48.568, 22499
2026/09/26 04:16:49.068, 22499
2026/09/26 04:16:49.568, 22499
2026/09/26 04:16:50.069, 22499
2026/09/26 04:16:50.569, 22499
2026/09/26 04:16:51.069, 22499
2026/09/26 04:16:51.569, 22499
2026/09/26 04:16:52.069, 22499
2026/09/26 04:16:52.569, 22499
2026/09/26 04:16:53.070, 22499
2026/09/26 04:16:53.570, 22499
2026/09/26 04:16:54.070, 22499
2026/09/26 04:16:54.570, 22499
2026/09/26 04:16:55.070, 22499
2026/09/26 04:16:55.570, 22499
2026/09/26 04:16:56.071, 22499
2026/09/26 04:16:56.571, 22499
2026/09/26 04:16:57.071, 22499
2026/09/26 04:16:57.571, 22499
2026/09/26 04:16:58.071, 22499
2026/09/26 04:16:58.571, 22499
2026/09/26 04:16:59.071, 22499
2026/09/26 04:16:59.571, 22499
2026/09/26 04:17:00.072, 22499
2026/09/26 04:17:00.572, 22499
2026/09/26 04:17:01.072, 22499
2026/09/26 04:17:01.572, 22499
2026/09/26 04:17:02.072, 22499
2026/09/26 04:17:02.572, 22499
2026/09/26 04:17:03.072, 22499
2026/09/26 04:17:03.572, 22499
2026/09/26 04:17:04.073, 22499
2026/09/26 04:17:04.573, 22499
2026/09/26 04:17:05.073, 22499
2026/09/26 04:17:05.573, 22499
2026/09/26 04:17:06.073, 22499
2026/09/26 04:17:06.573, 22499
2026/09/26 04:17:07.073, 22499
2026/09/26 04:17:07.573, 22499
2026/09/26 04:17:08.074, 22499
2026/09/26 04:17:08.574, 22499
2026/09/26 04:17:09.074, 22499
2026/09/26 04:17:09.574, 22499
2026/09/26 04:17:10.074, 22499
2026/09/26 04:17:10.574, 22499
2026/09/26 04:17:11.074, 22499
2026/09/26 04:17:11.574, 22499
2026/09/26 04:17:12.074, 22499
2026/09/26 04:17:12.575, 22499
2026/09/26 04:17:13.075, 22499
2026/09/26 04:17:13.575, 22499
2026/09/26 04:17:14.075, 22499
2026/09/26 04:17:14.575, 22499
2026/09/26 04:17:15.075, 22499
2026/09/26 04:17:15.575, 22499
2026/09/26 04:17:16.075, 22499
2026/09/26 04:17:16.576, 22499
2026/09/26 04:17:17.076, 22499
2026/09/26 04:17:17.576, 22499
2026/09/26 04:17:18.076, 22499
2026/09/26 04:17:18.576, 22499
2026/09/26 04:17:19.076, 22499
2026/09/26 04:17:19.576, 22499
2026/09/26 04:17:20.076, 22499
2026/09/26 04:17:20.577, 22499
2026/09/26 04:17:21.077, 22499
2026/09/26 04:17:21.577, 22499
2026/09/26 04:17:22.077, 22499
2026/09/26 04:17:22.577, 22499
2026/09/26 04:17:23.077, 22499
2026/09/26 04:17:23.577, 22499
2026/09/26 04:17:24.077, 22499
2026/09/26 04:17:24.578, 22499
2026/09/26 04:17:25.078, 22499
2026/09/26 04:17:25.578, 22499
2026/09/26 04:17:26.078, 22499
2026/09/26 04:17:26.578, 22499
2026/09/26 04:17:27.078, 22499
2026/09/26 04:17:27.579, 22499
2026/09/26 04:17:28.079, 22499
2026/09/26 04:17:28.579, 22499
2026/09/26 04:17:29.079, 22499
2026/09/26 04:17:29.579, 22499
2026/09/26 04:17:30.079, 22499
2026/09/26 04:17:30.579, 22499
2026/09/26 04:17:31.080, 22499
2026/09/26 04:17:31.580, 22499
2026/09/26 04:17:32.080, 22499
2026/09/26 04:17:32.580, 22499
2026/09/26 04:17:33.080, 22499
2026/09/26 04:17:33.580, 22499
2026/09/26 04:17:34.081, 22499
2026/09/26 04:17:34.581, 22499
2026/09/26 04:17:35.081, 22499
2026/09/26 04:17:35.581, 22499
2026/09/26 04:17:36.081, 22499
2026/09/26 04:17:36.581, 22499
2026/09/26 04:17:37.081, 22499
2026/09/26 04:17:37.582, 22499
2026/09/26 04:17:38.082, 22499
2026/09/26 04:17:38.582, 22499
2026/09/26 04:17:39.082, 22499
2026/09/26 04:17:39.582, 22499
2026/09/26 04:17:40.082, 22499
2026/09/26 04:17:40.583, 22499
2026/09/26 04:17:41.083, 22499
2026/09/26 04:17:41.583, 22499
2026/09/26 04:17:42.083, 22499
2026/09/26 04:17:42.583, 22499
2026/09/26 04:17:43.083, 22499
2026/09/26 04:17:43.584, 22499
2026/09/26 04:17:44.084, 22499
2026/09/26 04:17:44.584, 22499
2026/09/26 04:17:45.084, 22499
2026/09/26 04:17:45.584, 22499
2026/09/26 04:17:46.084, 22499
2026/09/26 04:17:46.585, 22499
2026/09/26 04:17:47.085, 22499
2026/09/26 04:17:47.585, 22499
2026/09/26 04:17:48.085, 22499
2026/09/26 04:17:48.585, 22499
2026/09/26 04:17:49.085, 22499
2026/09/26 04:17:49.586, 22499
2026/09/26 04:17:50.086, 22499
2026/09/26 04:17:50.586, 22499
2026/09/26 04:17:51.086, 22499
2026/09/26 04:17:51.586, 22499
2026/09/26 04:17:52.086, 22499
2026/09/26 04:17:52.587, 22499
2026/09/26 04:17:53.087, 22499
2026/09/26 04:17:53.587, 22499
2026/09/26 04:17:54.087, 22499
2026/09/26 04:17:54.587, 22499
2026/09/26 04:17:55.087, 22499
2026/09/26 04:17:55.588, 22499
2026/09/26 04:17:56.088, 22499
2026/09/26 04:17:56.588, 22499
2026/09/26 04:17:57.088, 22499
2026/09/26 04:17:57.588, 22499
2026/09/26 04:17:58.088, 22499
2026/09/26 04:17:58.589, 22499
2026/09/26 04:17:59.089, 22499
2026/09/26 04:17:59.589, 22499
2026/09/26 04:18:00.089, 22499
2026/09/26 04:18:00.589, 22499
2026/09/26 04:18:01.089, 22499
2026/09/26 04:18:01.589, 22499
2026/09/26 04:18:02.090, 22499
2026/09/26 04:18:02.590, 22499
2026/09/26 04:18:03.090, 22499
2026/09/26 04:18:03.590, 22499
2026/09/26 04:18:04.090, 22499
2026/09/26 04:18:04.590, 22499
2026/09/26 04:18:05.091, 22499
2026/09/26 04:18:05.591, 22499
2026/09/26 04:18:06.091, 22499
2026/09/26 04:18:06.591, 22499
2026/09/26 04:18:07.091, 22499
2026/09/26 04:18:07.591, 22499
2026/09/26 04:18:08.091, 22499
2026/09/26 04:18:08.592, 22499
2026/09/26 04:18:09.092, 22499
2026/09/26 04:18:09.592, 22499
2026/09/26 04:18:10.092, 22499
2026/09/26 04:18:10.592, 22499
2026/09/26 04:18:11.092, 22499
2026/09/26 04:18:11.593, 22499
2026/09/26 04:18:12.093, 22499
2026/09/26 04:18:12.593, 22499
2026/09/26 04:18:13.093, 22499
2026/09/26 04:18:13.593, 22499
2026/09/26 04:18:14.094, 22499
2026/09/26 04:18:14.594, 22499
2026/09/26 04:18:15.094, 22499
2026/09/26 04:18:15.594, 22499
2026/09/26 04:18:16.094, 22499
2026/09/26 04:18:16.594, 22499
2026/09/26 04:18:17.094, 22499
2026/09/26 04:18:17.595, 22499
2026/09/26 04:18:18.095, 22499
2026/09/26 04:18:18.595, 22499
2026/09/26 04:18:19.095, 22499
2026/09/26 04:18:19.596, 22499
2026/09/26 04:18:20.096, 22499
2026/09/26 04:18:20.596, 22499
2026/09/26 04:18:21.096, 22499
2026/09/26 04:18:21.596, 22499
2026/09/26 04:18:22.096, 22499
2026/09/26 04:18:22.596, 22499
2026/09/26 04:18:23.097, 22499
2026/09/26 04:18:23.597, 22499
2026/09/26 04:18:24.097, 22499
2026/09/26 04:18:24.597, 22499
2026/09/26 04:18:25.097, 22499
2026/09/26 04:18:25.597, 22499
2026/09/26 04:18:26.133, 22499
2026/09/26 04:18:26.633, 22499
2026/09/26 04:18:27.133, 22499
2026/09/26 04:18:27.633, 22499
2026/09/26 04:18:28.133, 22499
2026/09/26 04:18:28.634, 22499
2026/09/26 04:18:29.134, 22499
2026/09/26 04:18:29.634, 22499
2026/09/26 04:18:30.134, 22499
2026/09/26 04:18:30.634, 22499
2026/09/26 04:18:31.134, 22499
2026/09/26 04:18:31.634, 22499
2026/09/26 04:18:32.135, 22499
2026/09/26 04:18:32.635, 22499
2026/09/26 04:18:33.135, 22499
2026/09/26 04:18:33.635, 22499
2026/09/26 04:18:34.135, 22499
2026/09/26 04:18:34.635, 22499
2026/09/26 04:18:35.135, 22499
2026/09/26 04:18:35.636, 22499
2026/09/26 04:18:36.136, 22499
2026/09/26 04:18:36.636, 22499
2026/09/26 04:18:37.136, 22499
2026/09/26 04:18:37.636, 22499
2026/09/26 04:18:38.136, 22499
2026/09/26 04:18:38.636, 22499
2026/09/26 04:18:39.137, 22499
2026/09/26 04:18:39.637, 22499
2026/09/26 04:18:40.137, 22499
2026/09/26 04:18:40.637, 22499
2026/09/26 04:18:41.137, 22499
2026/09/26 04:18:41.637, 22499
2026/09/26 04:18:42.137, 22499
2026/09/26 04:18:42.638, 22499
2026/09/26 04:18:43.138, 22499
2026/09/26 04:18:43.638, 22499
2026/09/26 04:18:44.138, 22499
2026/09/26 04:18:44.638, 22499
2026/09/26 04:18:45.138, 22499
2026/09/26 04:18:45.639, 22499
2026/09/26 04:18:46.139, 22499
2026/09/26 04:18:46.639, 22499
2026/09/26 04:18:47.139, 22499
2026/09/26 04:18:47.639, 22499
2026/09/26 04:18:48.139, 22499
2026/09/26 04:18:48.639, 22499
2026/09/26 04:18:49.140, 22499
2026/09/26 04:18:49.640, 22499
2026/09/26 04:18:50.140, 22499
2026/09/26 04:18:50.640, 22499
2026/09/26 04:18:51.140, 22499
2026/09/26 04:18:51.640, 22499
2026/09/26 04:18:52.140, 22499
2026/09/26 04:18:52.641, 22499
2026/09/26 04:18:53.141, 22499
2026/09/26 04:18:53.641, 22499
2026/09/26 04:18:54.141, 22499
2026/09/26 04:18:54.641, 22499
2026/09/26 04:18:55.141, 22499
2026/09/26 04:18:55.642, 22499
2026/09/26 04:18:56.142, 22499
2026/09/26 04:18:56.642, 22499
2026/09/26 04:18:57.142, 22499
2026/09/26 04:18:57.642, 22499
2026/09/26 04:18:58.142, 22499
2026/09/26 04:18:58.642, 22499
2026/09/26 04:18:59.143, 22499
2026/09/26 04:18:59.643, 22499
2026/09/26 04:19:00.143, 22499
2026/09/26 04:19:00.643, 22499
2026/09/26 04:19:01.143, 22499
2026/09/26 04:19:01.643, 22499
2026/09/26 04:19:02.144, 22499
2026/09/26 04:19:02.644, 22499
2026/09/26 04:19:03.144, 22499
2026/09/26 04:19:03.644, 22499
2026/09/26 04:19:04.144, 22499
2026/09/26 04:19:04.644, 22499
2026/09/26 04:19:05.144, 22499
2026/09/26 04:19:05.645, 22499
2026/09/26 04:19:06.145, 22499
2026/09/26 04:19:06.645, 22499
2026/09/26 04:19:07.145, 22499
2026/09/26 04:19:07.645, 22499
2026/09/26 04:19:08.145, 22499
2026/09/26 04:19:08.646, 22499
2026/09/26 04:19:09.146, 22499
2026/09/26 04:19:09.646, 22499
2026/09/26 04:19:10.146, 22499
2026/09/26 04:19:10.646, 22499
2026/09/26 04:19:11.146, 22499
2026/09/26 04:19:11.647, 22499
2026/09/26 04:19:12.147, 22499
2026/09/26 04:19:12.647, 22499
2026/09/26 04:19:13.147, 22499
2026/09/26 04:19:13.647, 22499
2026/09/26 04:19:14.147, 22499
2026/09/26 04:19:14.648, 22499
2026/09/26 04:19:15.148, 22499
2026/09/26 04:19:15.648, 22499
2026/09/26 04:19:16.148, 22499
2026/09/26 04:19:16.648, 22499
2026/09/26 04:19:17.149, 22499
2026/09/26 04:19:17.649, 22499
2026/09/26 04:19:18.149, 22499
2026/09/26 04:19:18.649, 22499
2026/09/26 04:19:19.149, 22499
2026/09/26 04:19:19.649, 22499
2026/09/26 04:19:20.150, 22499
2026/09/26 04:19:20.650, 22499
2026/09/26 04:19:21.150, 22499
2026/09/26 04:19:21.650, 22499
2026/09/26 04:19:22.150, 22499
2026/09/26 04:19:22.651, 22499
2026/09/26 04:19:23.151, 22499
2026/09/26 04:19:23.651, 22499
2026/09/26 04:19:24.151, 22499
2026/09/26 04:19:24.651, 22499
2026/09/26 04:19:25.151, 22499
2026/09/26 04:19:25.652, 22499
2026/09/26 04:19:26.152, 22499
2026/09/26 04:19:26.652, 22499
2026/09/26 04:19:27.152, 22499
2026/09/26 04:19:27.652, 22499
2026/09/26 04:19:28.153, 22499
2026/09/26 04:19:28.653, 22499
2026/09/26 04:19:29.153, 22499
2026/09/26 04:19:29.653, 22499
2026/09/26 04:19:30.153, 22499
2026/09/26 04:19:30.653, 22499
2026/09/26 04:19:31.154, 22499
2026/09/26 04:19:31.654, 22499
2026/09/26 04:19:32.154, 22499
2026/09/26 04:19:32.654, 22499
2026/09/26 04:19:33.155, 22499
2026/09/26 04:19:33.655, 22499
2026/09/26 04:19:34.155, 22499
2026/09/26 04:19:34.655, 22499
2026/09/26 04:19:35.155, 22499
2026/09/26 04:19:35.655, 22499
2026/09/26 04:19:36.156, 22499
2026/09/26 04:19:36.656, 22499
2026/09/26 04:19:37.156, 22499
2026/09/26 04:19:37.656, 22499
2026/09/26 04:19:38.156, 22499
2026/09/26 04:19:38.657, 22499
2026/09/26 04:19:39.157, 22499
2026/09/26 04:19:39.657, 22499
2026/09/26 04:19:40.157, 22499
2026/09/26 04:19:40.657, 22499
2026/09/26 04:19:41.157, 22499
2026/09/26 04:19:41.658, 22499
2026/09/26 04:19:42.158, 22499
2026/09/26 04:19:42.658, 22499
2026/09/26 04:19:43.158, 22499
2026/09/26 04:19:43.658, 22499
2026/09/26 04:19:44.158, 22499
2026/09/26 04:19:44.659, 22499
2026/09/26 04:19:45.159, 22499
2026/09/26 04:19:45.659, 22499
2026/09/26 04:19:46.159, 22499
2026/09/26 04:19:46.659, 22499
2026/09/26 04:19:47.159, 22499
2026/09/26 04:19:47.660, 22499
2026/09/26 04:19:48.160, 22499
2026/09/26 04:19:48.660, 22499
2026/09/26 04:19:49.160, 22499
2026/09/26 04:19:49.660, 22499
2026/09/26 04:19:50.160, 22499
2026/09/26 04:19:50.661, 22499
2026/09/26 04:19:51.161, 22499
2026/09/26 04:19:51.661, 22499
2026/09/26 04:19:52.161, 22499
2026/09/26 04:19:52.661, 22499
2026/09/26 04:19:53.161, 22499
2026/09/26 04:19:53.662, 22499
2026/09/26 04:19:54.162, 22499
2026/09/26 04:19:54.662, 22499
2026/09/26 04:19:55.162, 22499
2026/09/26 04:19:55.662, 22499
2026/09/26 04:19:56.162, 22499
2026/09/26 04:19:56.663, 22499
2026/09/26 04:19:57.163, 22499
2026/09/26 04:19:57.663, 22499
2026/09/26 04:19:58.163, 22499
2026/09/26 04:19:58.663, 22499
2026/09/26 04:19:59.163, 22499
2026/09/26 04:19:59.664, 22499
2026/09/26 04:20:00.164, 22499
2026/09/26 04:20:00.664, 22499
2026/09/26 04:20:01.164, 22499
2026/09/26 04:20:01.664, 22499
2026/09/26 04:20:02.164, 22499
2026/09/26 04:20:02.665, 22499
2026/09/26 04:20:03.165, 22499
2026/09/26 04:20:03.665, 22499
2026/09/26 04:20:04.165, 22499
2026/09/26 04:20:04.665, 22499
2026/09/26 04:20:05.165, 22499
2026/09/26 04:20:05.666, 22499
2026/09/26 04:20:06.166, 22499
2026/09/26 04:20:06.666, 22499
2026/09/26 04:20:07.166, 22499
2026/09/26 04:20:07.666, 22499
2026/09/26 04:20:08.166, 22499
2026/09/26 04:20:08.667, 22499
2026/09/26 04:20:09.167, 22499
2026/09/26 04:20:09.667, 22499
2026/09/26 04:20:10.167, 22499
2026/09/26 04:20:10.667, 22499
2026/09/26 04:20:11.167, 22499
2026/09/26 04:20:11.668, 22499
2026/09/26 04:20:12.168, 22499
2026/09/26 04:20:12.668, 22499
2026/09/26 04:20:13.169, 22499
2026/09/26 04:20:13.669, 22499
2026/09/26 04:20:14.169, 22499
2026/09/26 04:20:14.669, 22499
2026/09/26 04:20:15.169, 22499
2026/09/26 04:20:15.669, 22499
2026/09/26 04:20:16.170, 22499
2026/09/26 04:20:16.670, 22499
2026/09/26 04:20:17.170, 22499
2026/09/26 04:20:17.670, 22499
2026/09/26 04:20:18.170, 22499
2026/09/26 04:20:18.670, 22499
2026/09/26 04:20:19.171, 22499
2026/09/26 04:20:19.671, 22499
2026/09/26 04:20:20.171, 22499
2026/09/26 04:20:20.671, 22499
2026/09/26 04:20:21.171, 22499
2026/09/26 04:20:21.671, 22499
2026/09/26 04:20:22.171, 22499
2026/09/26 04:20:22.672, 22499
2026/09/26 04:20:23.172, 22499
2026/09/26 04:20:23.672, 22499
2026/09/26 04:20:24.172, 22499
2026/09/26 04:20:24.672, 22499
2026/09/26 04:20:25.172, 22499
2026/09/26 04:20:25.673, 22499
2026/09/26 04:20:26.173, 22499
2026/09/26 04:20:26.673, 22499
2026/09/26 04:20:27.173, 22499
2026/09/26 04:20:27.673, 22499
2026/09/26 04:20:28.173, 22499
2026/09/26 04:20:28.674, 22499
2026/09/26 04:20:29.174, 22499
2026/09/26 04:20:29.674, 22499
2026/09/26 04:20:30.174, 22499
2026/09/26 04:20:30.674, 22499
2026/09/26 04:20:31.174, 22499
2026/09/26 04:20:31.675, 22499
2026/09/26 04:20:32.175, 22499
2026/09/26 04:20:32.675, 22499
2026/09/26 04:20:33.175, 22499
2026/09/26 04:20:33.675, 22499
2026/09/26 04:20:34.175, 22499
2026/09/26 04:20:34.676, 22499
2026/09/26 04:20:35.176, 22499
2026/09/26 04:20:35.676, 22499
2026/09/26 04:20:36.176, 22499
2026/09/26 04:20:36.676, 22499
2026/09/26 04:20:37.176, 22499
2026/09/26 04:20:37.676, 22499
2026/09/26 04:20:38.177, 22499
2026/09/26 04:20:38.677, 22499
2026/09/26 04:20:39.177, 22499
2026/09/26 04:20:39.677, 22499
2026/09/26 04:20:40.177, 22499
2026/09/26 04:20:40.677, 22499
2026/09/26 04:20:41.178, 22499
2026/09/26 04:20:41.678, 22499
2026/09/26 04:20:42.178, 22499
2026/09/26 04:20:42.678, 22499
2026/09/26 04:20:43.178, 22499
2026/09/26 04:20:43.678, 22499
2026/09/26 04:20:44.178, 22499
2026/09/26 04:20:44.679, 22499
2026/09/26 04:20:45.179, 22499
2026/09/26 04:20:45.679, 22499
2026/09/26 04:20:46.179, 22499
2026/09/26 04:20:46.679, 22499
2026/09/26 04:20:47.179, 22499
2026/09/26 04:20:47.680, 22499
2026/09/26 04:20:48.180, 22499
2026/09/26 04:20:48.680, 22499
2026/09/26 04:20:49.180, 22499
2026/09/26 04:20:49.680, 22499
2026/09/26 04:20:50.180, 22499
2026/09/26 04:20:50.681, 22499
2026/09/26 04:20:51.181, 22499
2026/09/26 04:20:51.681, 22499
2026/09/26 04:20:52.181, 22499
2026/09/26 04:20:52.681, 22499
2026/09/26 04:20:53.181, 22499
2026/09/26 04:20:53.681, 22499
2026/09/26 04:20:54.182, 22499
2026/09/26 04:20:54.682, 22499
2026/09/26 04:20:55.182, 22499
2026/09/26 04:20:55.682, 22499
2026/09/26 04:20:56.182, 22499
2026/09/26 04:20:56.682, 22499
2026/09/26 04:20:57.183, 22499
2026/09/26 04:20:57.683, 22499
2026/09/26 04:20:58.183, 22499
2026/09/26 04:20:58.683, 22499
2026/09/26 04:20:59.183, 22499
2026/09/26 04:20:59.683, 22499
2026/09/26 04:21:00.183, 22499
2026/09/26 04:21:00.684, 22499
2026/09/26 04:21:01.184, 22499
2026/09/26 04:21:01.684, 22499
2026/09/26 04:21:02.184, 22499
2026/09/26 04:21:02.684, 22499
2026/09/26 04:21:03.184, 22499
2026/09/26 04:21:03.684, 22499
2026/09/26 04:21:04.185, 22499
2026/09/26 04:21:04.685, 22499
2026/09/26 04:21:05.185, 22499
2026/09/26 04:21:05.685, 22499
2026/09/26 04:21:06.185, 22499
2026/09/26 04:21:06.685, 22499
2026/09/26 04:21:07.185, 22499
2026/09/26 04:21:07.686, 22499
2026/09/26 04:21:08.186, 22499
2026/09/26 04:21:08.686, 22499
2026/09/26 04:21:09.186, 22499
2026/09/26 04:21:09.686, 22499
2026/09/26 04:21:10.186, 22499
2026/09/26 04:21:10.687, 22499
2026/09/26 04:21:11.187, 22499
2026/09/26 04:21:11.687, 22499
2026/09/26 04:21:12.187, 22499
2026/09/26 04:21:12.687, 22499
2026/09/26 04:21:13.187, 22499
2026/09/26 04:21:13.687, 22499
2026/09/26 04:21:14.188, 22499
2026/09/26 04:21:14.688, 22499
2026/09/26 04:21:15.188, 22499
2026/09/26 04:21:15.688, 22499
2026/09/26 04:21:16.188, 22499
2026/09/26 04:21:16.688, 22499
2026/09/26 04:21:17.188, 22499
2026/09/26 04:21:17.689, 22499
2026/09/26 04:21:18.189, 22499
2026/09/26 04:21:18.689, 22499
2026/09/26 04:21:19.189, 22499
2026/09/26 04:21:19.689, 22499
2026/09/26 04:21:20.189, 22499
2026/09/26 04:21:20.690, 22499
2026/09/26 04:21:21.190, 22499
2026/09/26 04:21:21.690, 22499
2026/09/26 04:21:22.190, 22499
2026/09/26 04:21:22.690, 22499
2026/09/26 04:21:23.190, 22499
2026/09/26 04:21:23.690, 22499
2026/09/26 04:21:24.191, 22499
2026/09/26 04:21:24.691, 22499
2026/09/26 04:21:25.191, 22499
2026/09/26 04:21:25.691, 22499
2026/09/26 04:21:26.191, 22499
2026/09/26 04:21:26.692, 22499
2026/09/26 04:21:27.192, 22499
2026/09/26 04:21:27.692, 22499
2026/09/26 04:21:28.192, 22499
2026/09/26 04:21:28.692, 22499
2026/09/26 04:21:29.192, 22499
2026/09/26 04:21:29.693, 22499
2026/09/26 04:21:30.193, 22499
2026/09/26 04:21:30.693, 22499
2026/09/26 04:21:31.193, 22499
2026/09/26 04:21:31.693, 22499
2026/09/26 04:21:32.193, 22499
2026/09/26 04:21:32.694, 22499
2026/09/26 04:21:33.194, 22499
2026/09/26 04:21:33.694, 22499
2026/09/26 04:21:34.194, 22499
2026/09/26 04:21:34.694, 22499
2026/09/26 04:21:35.194, 22499
2026/09/26 04:21:35.694, 22499
2026/09/26 04:21:36.195, 22499
2026/09/26 04:21:36.695, 22499
2026/09/26 04:21:37.195, 22499
2026/09/26 04:21:37.695, 22499
2026/09/26 04:21:38.195, 22499
2026/09/26 04:21:38.695, 22499
2026/09/26 04:21:39.196, 22499
2026/09/26 04:21:39.696, 22499
2026/09/26 04:21:40.196, 22499
2026/09/26 04:21:40.696, 22499
2026/09/26 04:21:41.196, 22499
2026/09/26 04:21:41.696, 22499
2026/09/26 04:21:42.196, 22499
2026/09/26 04:21:42.696, 22499
2026/09/26 04:21:43.197, 22499
2026/09/26 04:21:43.697, 22499
2026/09/26 04:21:44.197, 22499
2026/09/26 04:21:44.697, 22499
2026/09/26 04:21:45.197, 22499
2026/09/26 04:21:45.697, 22499
2026/09/26 04:21:46.197, 22499
2026/09/26 04:21:46.697, 22499
2026/09/26 04:21:47.198, 22499
2026/09/26 04:21:47.698, 22499
2026/09/26 04:21:48.198, 22499
2026/09/26 04:21:48.698, 22499
2026/09/26 04:21:49.198, 22499
2026/09/26 04:21:49.698, 22499
2026/09/26 04:21:50.198, 22499
2026/09/26 04:21:50.698, 22499
2026/09/26 04:21:51.199, 22499
2026/09/26 04:21:51.699, 22499
2026/09/26 04:21:52.199, 22499
2026/09/26 04:21:52.699, 22499
2026/09/26 04:21:53.199, 22499
2026/09/26 04:21:53.699, 22499
2026/09/26 04:21:54.199, 22499
2026/09/26 04:21:54.699, 22499
2026/09/26 04:21:55.200, 22499
2026/09/26 04:21:55.700, 22499
2026/09/26 04:21:56.200, 22499
2026/09/26 04:21:56.700, 22499
2026/09/26 04:21:57.200, 22499
2026/09/26 04:21:57.700, 22499
2026/09/26 04:21:58.200, 22499
2026/09/26 04:21:58.700, 22499
2026/09/26 04:21:59.201, 22499
2026/09/26 04:21:59.701, 22499
2026/09/26 04:22:00.201, 22499
2026/09/26 04:22:00.701, 22499
2026/09/26 04:22:01.201, 22499
2026/09/26 04:22:01.701, 22499
2026/09/26 04:22:02.201, 22499
2026/09/26 04:22:02.701, 22499
2026/09/26 04:22:03.202, 22499
2026/09/26 04:22:03.702, 22499
2026/09/26 04:22:04.202, 22499
2026/09/26 04:22:04.702, 22499
2026/09/26 04:22:05.202, 22499
2026/09/26 04:22:05.702, 22499
2026/09/26 04:22:06.203, 22499
2026/09/26 04:22:06.703, 22499
2026/09/26 04:22:07.203, 22499
2026/09/26 04:22:07.712, 22499
2026/09/26 04:22:08.212, 22499
2026/09/26 04:22:08.712, 22499
2026/09/26 04:22:09.212, 22499
2026/09/26 04:22:09.712, 22499
2026/09/26 04:22:10.212, 22499
2026/09/26 04:22:10.712, 22499
2026/09/26 04:22:11.213, 22499
2026/09/26 04:22:11.713, 22499
2026/09/26 04:22:12.213, 22499
2026/09/26 04:22:12.713, 22499
2026/09/26 04:22:13.213, 22499
2026/09/26 04:22:13.713, 22499
2026/09/26 04:22:14.213, 22499
2026/09/26 04:22:14.714, 22499
2026/09/26 04:22:15.214, 22499
2026/09/26 04:22:15.714, 22499
2026/09/26 04:22:16.214, 22499
2026/09/26 04:22:16.714, 22499
2026/09/26 04:22:17.214, 22499
2026/09/26 04:22:17.714, 22499
2026/09/26 04:22:18.215, 22499
2026/09/26 04:22:18.715, 22499
2026/09/26 04:22:19.215, 22499
2026/09/26 04:22:19.715, 22499
2026/09/26 04:22:20.215, 22499
2026/09/26 04:22:20.715, 22499
2026/09/26 04:22:21.216, 22499
2026/09/26 04:22:21.716, 22499
2026/09/26 04:22:22.216, 22499
2026/09/26 04:22:22.716, 22499
2026/09/26 04:22:23.216, 22499
2026/09/26 04:22:23.716, 22499
2026/09/26 04:22:24.216, 22499
2026/09/26 04:22:24.717, 22499
2026/09/26 04:22:25.217, 22499
2026/09/26 04:22:25.717, 22499
2026/09/26 04:22:26.217, 22499
2026/09/26 04:22:26.717, 22499
2026/09/26 04:22:27.217, 22499
2026/09/26 04:22:27.718, 22499
2026/09/26 04:22:28.218, 22499
2026/09/26 04:22:28.718, 22499
2026/09/26 04:22:29.218, 22499
2026/09/26 04:22:29.718, 22499
2026/09/26 04:22:30.218, 22499
2026/09/26 04:22:30.719, 22499
2026/09/26 04:22:31.219, 22499
2026/09/26 04:22:31.719, 22499
2026/09/26 04:22:32.219, 22499
2026/09/26 04:22:32.719, 22499
2026/09/26 04:22:33.219, 22499
2026/09/26 04:22:33.719, 22499
2026/09/26 04:22:34.220, 22499
2026/09/26 04:22:34.720, 22499
2026/09/26 04:22:35.220, 22499
2026/09/26 04:22:35.720, 22499
2026/09/26 04:22:36.220, 22499
2026/09/26 04:22:36.720, 22499
2026/09/26 04:22:37.220, 22499
2026/09/26 04:22:37.721, 22499
2026/09/26 04:22:38.221, 22499
2026/09/26 04:22:38.721, 22499
2026/09/26 04:22:39.221, 22499
2026/09/26 04:22:39.721, 22499
2026/09/26 04:22:40.221, 22499
2026/09/26 04:22:40.722, 22499
2026/09/26 04:22:41.222, 22499
2026/09/26 04:22:41.722, 22499
2026/09/26 04:22:42.222, 22499
2026/09/26 04:22:42.722, 22499
2026/09/26 04:22:43.222, 22499
2026/09/26 04:22:43.723, 22499
2026/09/26 04:22:44.223, 22499
2026/09/26 04:22:44.723, 22499
2026/09/26 04:22:45.223, 22499
2026/09/26 04:22:45.723, 22499
2026/09/26 04:22:46.223, 22499
2026/09/26 04:22:46.723, 22499
2026/09/26 04:22:47.224, 22499
2026/09/26 04:22:47.724, 22499
2026/09/26 04:22:48.224, 22499
2026/09/26 04:22:48.724, 22499
2026/09/26 04:22:49.224, 22499
2026/09/26 04:22:49.724, 22499
2026/09/26 04:22:50.224, 22499
2026/09/26 04:22:50.725, 22499
2026/09/26 04:22:51.225, 22499
2026/09/26 04:22:51.725, 22499
2026/09/26 04:22:52.225, 22499
2026/09/26 04:22:52.725, 22499
2026/09/26 04:22:53.225, 22499
2026/09/26 04:22:53.726, 22499
2026/09/26 04:22:54.226, 22499
2026/09/26 04:22:54.726, 22499
2026/09/26 04:22:55.226, 22499
2026/09/26 04:22:55.726, 22499
2026/09/26 04:22:56.226, 22499
2026/09/26 04:22:56.727, 22499
2026/09/26 04:22:57.227, 22499
2026/09/26 04:22:57.727, 22499
2026/09/26 04:22:58.227, 22499
2026/09/26 04:22:58.727, 22499
2026/09/26 04:22:59.227, 22499
2026/09/26 04:22:59.728, 22499
2026/09/26 04:23:00.228, 22499
2026/09/26 04:23:00.728, 22499
2026/09/26 04:23:01.228, 22499
2026/09/26 04:23:01.728, 22499
2026/09/26 04:23:02.228, 22499
2026/09/26 04:23:02.729, 22499
2026/09/26 04:23:03.229, 22499
2026/09/26 04:23:03.729, 22499
2026/09/26 04:23:04.229, 22499
2026/09/26 04:23:04.729, 22499
2026/09/26 04:23:05.229, 22499
2026/09/26 04:23:05.730, 22499
2026/09/26 04:23:06.230, 22499
2026/09/26 04:23:06.730, 22499
2026/09/26 04:23:07.230, 22499
2026/09/26 04:23:07.730, 22499
2026/09/26 04:23:08.230, 22499
2026/09/26 04:23:08.731, 22499
2026/09/26 04:23:09.231, 22499
2026/09/26 04:23:09.731, 22499
2026/09/26 04:23:10.231, 22499
2026/09/26 04:23:10.731, 22499
2026/09/26 04:23:11.231, 22499
2026/09/26 04:23:11.732, 22499
2026/09/26 04:23:12.232, 22499
2026/09/26 04:23:12.732, 22499
2026/09/26 04:23:13.232, 22499
2026/09/26 04:23:13.732, 22499
2026/09/26 04:23:14.232, 22499
2026/09/26 04:23:14.733, 22499
2026/09/26 04:23:15.233, 22499
2026/09/26 04:23:15.733, 22499
2026/09/26 04:23:16.233, 22499
2026/09/26 04:23:16.733, 22499
2026/09/26 04:23:17.233, 22499
2026/09/26 04:23:17.734, 22499
2026/09/26 04:23:18.234, 22499
2026/09/26 04:23:18.734, 22499
2026/09/26 04:23:19.234, 22499
2026/09/26 04:23:19.734, 22499
2026/09/26 04:23:20.234, 22499
2026/09/26 04:23:20.735, 22499
2026/09/26 04:23:21.235, 22499
2026/09/26 04:23:21.735, 22499
2026/09/26 04:23:22.235, 22499
2026/09/26 04:23:22.735, 22499
2026/09/26 04:23:23.235, 22499
2026/09/26 04:23:23.736, 22499
2026/09/26 04:23:24.236, 22499
2026/09/26 04:23:24.736, 22499
2026/09/26 04:23:25.236, 22499
2026/09/26 04:23:25.736, 22499
2026/09/26 04:23:26.236, 22499
2026/09/26 04:23:26.737, 22499
2026/09/26 04:23:27.237, 22499
2026/09/26 04:23:27.737, 22499
2026/09/26 04:23:28.237, 22499
2026/09/26 04:23:28.737, 22499
2026/09/26 04:23:29.237, 22499
2026/09/26 04:23:29.738, 22499
2026/09/26 04:23:30.238, 22499
2026/09/26 04:23:30.738, 22499
2026/09/26 04:23:31.238, 22499
2026/09/26 04:23:31.738, 22499
2026/09/26 04:23:32.238, 22499
2026/09/26 04:23:32.738, 22499
2026/09/26 04:23:33.239, 22499
2026/09/26 04:23:33.739, 22499
2026/09/26 04:23:34.239, 22499
2026/09/26 04:23:34.739, 22499
2026/09/26 04:23:35.239, 22499
2026/09/26 04:23:35.739, 22499
2026/09/26 04:23:36.240, 22499
2026/09/26 04:23:36.740, 22499
2026/09/26 04:23:37.240, 22499
2026/09/26 04:23:37.740, 22499
2026/09/26 04:23:38.240, 22499
2026/09/26 04:23:38.740, 22499
2026/09/26 04:23:39.241, 22499
2026/09/26 04:23:39.741, 22499
2026/09/26 04:23:40.241, 22499
2026/09/26 04:23:40.741, 22499
2026/09/26 04:23:41.241, 22499
2026/09/26 04:23:41.741, 22499
2026/09/26 04:23:42.241, 22499
2026/09/26 04:23:42.741, 22499
2026/09/26 04:23:43.241, 22499
2026/09/26 04:23:43.741, 22499
2026/09/26 04:23:44.242, 22499
2026/09/26 04:23:44.742, 22499
2026/09/26 04:23:45.242, 22499
2026/09/26 04:23:45.742, 22499
2026/09/26 04:23:46.242, 22499
2026/09/26 04:23:46.742, 22499
2026/09/26 04:23:47.242, 22499
2026/09/26 04:23:47.743, 22499
2026/09/26 04:23:48.243, 22499
2026/09/26 04:23:48.743, 22499
2026/09/26 04:23:49.243, 22499
2026/09/26 04:23:49.743, 22499
2026/09/26 04:23:50.243, 22499
2026/09/26 04:23:50.743, 22499
2026/09/26 04:23:51.243, 22499
2026/09/26 04:23:51.744, 22499
2026/09/26 04:23:52.244, 22499
2026/09/26 04:23:52.744, 22499
2026/09/26 04:23:53.244, 22499
2026/09/26 04:23:53.744, 22499
2026/09/26 04:23:54.244, 22499
2026/09/26 04:23:54.745, 22499
2026/09/26 04:23:55.245, 22499
2026/09/26 04:23:55.745, 22499
2026/09/26 04:23:56.245, 22499
2026/09/26 04:23:56.745, 22499
2026/09/26 04:23:57.245, 22499
2026/09/26 04:23:57.745, 22499
2026/09/26 04:23:58.245, 22499
2026/09/26 04:23:58.746, 22499
2026/09/26 04:23:59.246, 22499
2026/09/26 04:23:59.746, 22499
2026/09/26 04:24:00.246, 22499
2026/09/26 04:24:00.746, 22499
2026/09/26 04:24:01.246, 22499
2026/09/26 04:24:01.746, 22499
2026/09/26 04:24:02.246, 22499
2026/09/26 04:24:02.746, 22499
2026/09/26 04:24:03.246, 22499
2026/09/26 04:24:03.746, 22499
2026/09/26 04:24:04.246, 22499
2026/09/26 04:24:04.747, 22499
2026/09/26 04:24:05.247, 22499
2026/09/26 04:24:05.747, 22499
2026/09/26 04:24:06.247, 22499
2026/09/26 04:24:06.747, 22499
2026/09/26 04:24:07.247, 22499
2026/09/26 04:24:07.747, 22499
2026/09/26 04:24:08.247, 22499
2026/09/26 04:24:08.747, 22499
2026/09/26 04:24:09.248, 22499
2026/09/26 04:24:09.748, 22499
2026/09/26 04:24:10.248, 22499
2026/09/26 04:24:10.748, 22499
2026/09/26 04:24:11.248, 22499
2026/09/26 04:24:11.749, 22499
2026/09/26 04:24:12.249, 22499
2026/09/26 04:24:12.749, 22499
2026/09/26 04:24:13.249, 22499
2026/09/26 04:24:13.749, 22499
2026/09/26 04:24:14.249, 22499
2026/09/26 04:24:14.750, 22499
2026/09/26 04:24:15.250, 22499
2026/09/26 04:24:15.750, 22499
2026/09/26 04:24:16.250, 22499
2026/09/26 04:24:16.750, 22499
2026/09/26 04:24:17.250, 22499
2026/09/26 04:24:17.750, 22499
2026/09/26 04:24:18.251, 22499
2026/09/26 04:24:18.751, 22499
2026/09/26 04:24:19.251, 22499
2026/09/26 04:24:19.751, 22499
2026/09/26 04:24:20.251, 22499
2026/09/26 04:24:20.752, 22499
2026/09/26 04:24:21.252, 22499
2026/09/26 04:24:21.752, 22499
2026/09/26 04:24:22.252, 22499
2026/09/26 04:24:22.752, 22499
2026/09/26 04:24:23.252, 22499
2026/09/26 04:24:23.752, 22499
2026/09/26 04:24:24.253, 22499
2026/09/26 04:24:24.753, 22499
2026/09/26 04:24:25.253, 22499
2026/09/26 04:24:25.753, 22499
2026/09/26 04:24:26.253, 22499
2026/09/26 04:24:26.753, 22499
2026/09/26 04:24:27.254, 22499
2026/09/26 04:24:27.754, 22499
2026/09/26 04:24:28.254, 22499
2026/09/26 04:24:28.754, 22499
2026/09/26 04:24:29.254, 22499
2026/09/26 04:24:29.754, 22499
2026/09/26 04:24:30.254, 22499
2026/09/26 04:24:30.755, 22499
2026/09/26 04:24:31.255, 22499
2026/09/26 04:24:31.755, 22499
2026/09/26 04:24:32.255, 22499
2026/09/26 04:24:32.755, 22499
2026/09/26 04:24:33.255, 22499
2026/09/26 04:24:33.755, 22499
2026/09/26 04:24:34.255, 22499
2026/09/26 04:24:34.755, 22499
2026/09/26 04:24:35.255, 22499
2026/09/26 04:24:35.756, 22499
2026/09/26 04:24:36.256, 22499
2026/09/26 04:24:36.756, 22499
2026/09/26 04:24:37.256, 22499
2026/09/26 04:24:37.756, 22499
2026/09/26 04:24:38.256, 22499
2026/09/26 04:24:38.756, 22499
2026/09/26 04:24:39.256, 22499
2026/09/26 04:24:39.756, 22499
2026/09/26 04:24:40.256, 22499
2026/09/26 04:24:40.757, 22499
2026/09/26 04:24:41.257, 22499
2026/09/26 04:24:41.757, 22499
2026/09/26 04:24:42.257, 22499
2026/09/26 04:24:42.757, 22499
2026/09/26 04:24:43.257, 22499
2026/09/26 04:24:43.757, 22499
2026/09/26 04:24:44.258, 22499
2026/09/26 04:24:44.758, 22499
2026/09/26 04:24:45.258, 22499
2026/09/26 04:24:45.758, 22499
2026/09/26 04:24:46.258, 22499
2026/09/26 04:24:46.758, 22499
2026/09/26 04:24:47.259, 22499
2026/09/26 04:24:47.759, 22499
2026/09/26 04:24:48.259, 22499
2026/09/26 04:24:48.759, 22499
2026/09/26 04:24:49.259, 22499
2026/09/26 04:24:49.759, 22499
2026/09/26 04:24:50.259, 22499
2026/09/26 04:24:50.760, 22499
2026/09/26 04:24:51.260, 22499
2026/09/26 04:24:51.760, 22499
2026/09/26 04:24:52.260, 22499
2026/09/26 04:24:52.760, 22499
2026/09/26 04:24:53.260, 22499
2026/09/26 04:24:53.761, 22499
2026/09/26 04:24:54.261, 22499
2026/09/26 04:24:54.761, 22499
2026/09/26 04:24:55.261, 22499
2026/09/26 04:24:55.761, 22499
2026/09/26 04:24:56.261, 22499
2026/09/26 04:24:56.761, 22499
2026/09/26 04:24:57.262, 22499
2026/09/26 04:24:57.762, 22499
2026/09/26 04:24:58.262, 22499
2026/09/26 04:24:58.762, 22499
2026/09/26 04:24:59.262, 22499
2026/09/26 04:24:59.762, 22499
2026/09/26 04:25:00.262, 22499
2026/09/26 04:25:00.763, 22499
2026/09/26 04:25:01.263, 22499
2026/09/26 04:25:01.763, 22499
2026/09/26 04:25:02.263, 22499
2026/09/26 04:25:02.763, 22499
2026/09/26 04:25:03.263, 22499
2026/09/26 04:25:03.764, 22499
2026/09/26 04:25:04.264, 22499
2026/09/26 04:25:04.764, 22499
2026/09/26 04:25:05.264, 22499
2026/09/26 04:25:05.764, 22499
2026/09/26 04:25:06.264, 22499
2026/09/26 04:25:06.765, 22499
2026/09/26 04:25:07.265, 22499
2026/09/26 04:25:07.765, 22499
2026/09/26 04:25:08.265, 22499
2026/09/26 04:25:08.765, 22499
2026/09/26 04:25:09.265, 22499
2026/09/26 04:25:09.765, 22499
2026/09/26 04:25:10.266, 22499
2026/09/26 04:25:10.766, 22499
2026/09/26 04:25:11.266, 22499
2026/09/26 04:25:11.766, 22499
2026/09/26 04:25:12.267, 22499
2026/09/26 04:25:12.767, 22499
2026/09/26 04:25:13.267, 22499
2026/09/26 04:25:13.767, 22499
2026/09/26 04:25:14.267, 22499
2026/09/26 04:25:14.767, 22499
2026/09/26 04:25:15.268, 22499
2026/09/26 04:25:15.768, 22499
2026/09/26 04:25:16.268, 22499
2026/09/26 04:25:16.768, 22499
2026/09/26 04:25:17.268, 22499
2026/09/26 04:25:17.768, 22499
2026/09/26 04:25:18.268, 22499
2026/09/26 04:25:18.769, 22499
2026/09/26 04:25:19.269, 22499
2026/09/26 04:25:19.769, 22499
2026/09/26 04:25:20.269, 22499
2026/09/26 04:25:20.769, 22499
2026/09/26 04:25:21.269, 22499
2026/09/26 04:25:21.770, 22499
2026/09/26 04:25:22.270, 22499
2026/09/26 04:25:22.770, 22499
2026/09/26 04:25:23.270, 22499
2026/09/26 04:25:23.770, 22499
2026/09/26 04:25:24.270, 22499
2026/09/26 04:25:24.770, 22499
2026/09/26 04:25:25.271, 22499
2026/09/26 04:25:25.771, 22499
2026/09/26 04:25:26.271, 22499
2026/09/26 04:25:26.771, 22499
2026/09/26 04:25:27.271, 22499
2026/09/26 04:25:27.771, 22499
2026/09/26 04:25:28.272, 22499
2026/09/26 04:25:28.772, 22499
2026/09/26 04:25:29.272, 22499
2026/09/26 04:25:29.772, 22499
2026/09/26 04:25:30.272, 22499
2026/09/26 04:25:30.772, 22499
2026/09/26 04:25:31.272, 22499
2026/09/26 04:25:31.773, 22499
2026/09/26 04:25:32.273, 22499
2026/09/26 04:25:32.773, 22499
2026/09/26 04:25:33.273, 22499
2026/09/26 04:25:33.773, 22499
2026/09/26 04:25:34.273, 22499
2026/09/26 04:25:34.774, 22499
2026/09/26 04:25:35.274, 22499
2026/09/26 04:25:35.774, 22499
2026/09/26 04:25:36.274, 22499
2026/09/26 04:25:36.774, 22499
2026/09/26 04:25:37.274, 22499
2026/09/26 04:25:37.774, 22499
2026/09/26 04:25:38.275, 22499
2026/09/26 04:25:38.775, 22499
2026/09/26 04:25:39.275, 22499
2026/09/26 04:25:39.775, 22499
2026/09/26 04:25:40.275, 22499
2026/09/26 04:25:40.775, 22499
2026/09/26 04:25:41.275, 22499
2026/09/26 04:25:41.776, 22499
2026/09/26 04:25:42.276, 22499
2026/09/26 04:25:42.776, 22499
2026/09/26 04:25:43.276, 22499
2026/09/26 04:25:43.776, 22499
2026/09/26 04:25:44.276, 22499
2026/09/26 04:25:44.777, 22499
2026/09/26 04:25:45.277, 22499
2026/09/26 04:25:45.777, 22499
2026/09/26 04:25:46.277, 22499
2026/09/26 04:25:46.777, 22499
2026/09/26 04:25:47.277, 22499
2026/09/26 04:25:47.777, 22499
2026/09/26 04:25:48.278, 22499
2026/09/26 04:25:48.778, 22499
2026/09/26 04:25:49.278, 22499
2026/09/26 04:25:49.778, 22499
2026/09/26 04:25:50.278, 22499
2026/09/26 04:25:50.778, 22499
2026/09/26 04:25:51.278, 22499
2026/09/26 04:25:51.779, 22499
2026/09/26 04:25:52.279, 22499
2026/09/26 04:25:52.779, 22499
2026/09/26 04:25:53.279, 22499
2026/09/26 04:25:53.779, 22499
2026/09/26 04:25:54.279, 22499
2026/09/26 04:25:54.780, 22499
2026/09/26 04:25:55.280, 22499
2026/09/26 04:25:55.780, 22499
2026/09/26 04:25:56.280, 22499
2026/09/26 04:25:56.780, 22499
2026/09/26 04:25:57.280, 22499
2026/09/26 04:25:57.780, 22499
2026/09/26 04:25:58.281, 22499
2026/09/26 04:25:58.781, 22499
2026/09/26 04:25:59.281, 22499
2026/09/26 04:25:59.781, 22499
2026/09/26 04:26:00.281, 22499
2026/09/26 04:26:00.781, 22499
2026/09/26 04:26:01.281, 22499
2026/09/26 04:26:01.782, 22499
2026/09/26 04:26:02.282, 22499
2026/09/26 04:26:02.782, 22499
2026/09/26 04:26:03.282, 22499
2026/09/26 04:26:03.782, 22499
2026/09/26 04:26:04.282, 22499
2026/09/26 04:26:04.782, 22499
2026/09/26 04:26:05.283, 22499
2026/09/26 04:26:05.783, 22499
2026/09/26 04:26:06.283, 22499
2026/09/26 04:26:06.783, 22499
2026/09/26 04:26:07.283, 22499
2026/09/26 04:26:07.783, 22499
2026/09/26 04:26:08.284, 22499
2026/09/26 04:26:08.784, 22499
2026/09/26 04:26:09.284, 22499
2026/09/26 04:26:09.784, 22499
2026/09/26 04:26:10.284, 22499
2026/09/26 04:26:10.785, 22499
2026/09/26 04:26:11.285, 22499
2026/09/26 04:26:11.785, 22499
2026/09/26 04:26:12.285, 22499
2026/09/26 04:26:12.785, 22499
2026/09/26 04:26:13.285, 22499
2026/09/26 04:26:13.785, 22499
2026/09/26 04:26:14.286, 22499
2026/09/26 04:26:14.786, 22499
2026/09/26 04:26:15.286, 22499
2026/09/26 04:26:15.786, 22499
2026/09/26 04:26:16.286, 22499
2026/09/26 04:26:16.786, 22499
2026/09/26 04:26:17.286, 22499
2026/09/26 04:26:17.787, 22499
2026/09/26 04:26:18.287, 22499
2026/09/26 04:26:18.795, 22499
2026/09/26 04:26:19.295, 22499
2026/09/26 04:26:19.795, 22499
2026/09/26 04:26:20.295, 22499
2026/09/26 04:26:20.795, 22499
2026/09/26 04:26:21.295, 22499
2026/09/26 04:26:21.796, 22499
2026/09/26 04:26:22.296, 22499
2026/09/26 04:26:22.796, 22499
2026/09/26 04:26:23.296, 22499
2026/09/26 04:26:23.805, 22499
2026/09/26 04:26:24.305, 22499
2026/09/26 04:26:24.805, 22499
2026/09/26 04:26:25.305, 22499
2026/09/26 04:26:25.805, 22499
2026/09/26 04:26:26.306, 22499
2026/09/26 04:26:26.806, 22499
2026/09/26 04:26:27.306, 22499
2026/09/26 04:26:27.806, 22499
2026/09/26 04:26:28.306, 22499
2026/09/26 04:26:28.806, 22499
2026/09/26 04:26:29.307, 22499
2026/09/26 04:26:29.807, 22499
2026/09/26 04:26:30.307, 22499
2026/09/26 04:26:30.807, 22499
2026/09/26 04:26:31.307, 22499
2026/09/26 04:26:31.807, 22499
2026/09/26 04:26:32.307, 22499
2026/09/26 04:26:32.808, 22499
2026/09/26 04:26:33.308, 22499
2026/09/26 04:26:33.808, 22499
2026/09/26 04:26:34.308, 22499
2026/09/26 04:26:34.808, 22499
2026/09/26 04:26:35.308, 22499
2026/09/26 04:26:35.808, 22499
2026/09/26 04:26:36.309, 22499
2026/09/26 04:26:36.809, 22499
2026/09/26 04:26:37.309, 22499
2026/09/26 04:26:37.809, 22499
2026/09/26 04:26:38.309, 22499
2026/09/26 04:26:38.809, 22499
2026/09/26 04:26:39.310, 22499
2026/09/26 04:26:39.810, 22499
2026/09/26 04:26:40.310, 22499
2026/09/26 04:26:40.810, 22499
2026/09/26 04:26:41.310, 22499
2026/09/26 04:26:41.810, 22499
2026/09/26 04:26:42.311, 22499
2026/09/26 04:26:42.811, 22499
2026/09/26 04:26:43.311, 22499
2026/09/26 04:26:43.811, 22499
2026/09/26 04:26:44.311, 22499
2026/09/26 04:26:44.812, 22499
2026/09/26 04:26:45.312, 22499
2026/09/26 04:26:45.812, 22499
2026/09/26 04:26:46.312, 22499
2026/09/26 04:26:46.812, 22499
2026/09/26 04:26:47.312, 22499
2026/09/26 04:26:47.812, 22499
2026/09/26 04:26:48.313, 22499
2026/09/26 04:26:48.813, 22499
2026/09/26 04:26:49.313, 22499
2026/09/26 04:26:49.813, 22499
2026/09/26 04:26:50.313, 22499
2026/09/26 04:26:50.813, 22499
2026/09/26 04:26:51.313, 22499
2026/09/26 04:26:51.814, 22499
2026/09/26 04:26:52.314, 22499
2026/09/26 04:26:52.814, 22499
2026/09/26 04:26:53.314, 22499
2026/09/26 04:26:53.814, 22499
2026/09/26 04:26:54.314, 22499
2026/09/26 04:26:54.815, 22499
2026/09/26 04:26:55.315, 22499
2026/09/26 04:26:55.815, 22499
2026/09/26 04:26:56.315, 22499
2026/09/26 04:26:56.815, 22499
2026/09/26 04:26:57.315, 22499
2026/09/26 04:26:57.816, 22499
2026/09/26 04:26:58.316, 22499
2026/09/26 04:26:58.816, 22499
2026/09/26 04:26:59.316, 22499
2026/09/26 04:26:59.816, 22499
2026/09/26 04:27:00.316, 22499
2026/09/26 04:27:00.817, 22499
2026/09/26 04:27:01.317, 22499
2026/09/26 04:27:01.817, 22499
2026/09/26 04:27:02.317, 22499
2026/09/26 04:27:02.817, 22499
2026/09/26 04:27:03.317, 22499
2026/09/26 04:27:03.818, 22499
2026/09/26 04:27:04.318, 22499
2026/09/26 04:27:04.818, 22499
2026/09/26 04:27:05.318, 22499
2026/09/26 04:27:05.818, 22499
2026/09/26 04:27:06.318, 22499
2026/09/26 04:27:06.819, 22499
2026/09/26 04:27:07.319, 22499
2026/09/26 04:27:07.819, 22499
2026/09/26 04:27:08.319, 22499
2026/09/26 04:27:08.819, 22499
2026/09/26 04:27:09.319, 22499
2026/09/26 04:27:09.820, 22499
2026/09/26 04:27:10.320, 22499
2026/09/26 04:27:10.820, 22499
2026/09/26 04:27:11.320, 22499
2026/09/26 04:27:11.820, 22499
2026/09/26 04:27:12.320, 22499
2026/09/26 04:27:12.821, 22499
2026/09/26 04:27:13.321, 22499
2026/09/26 04:27:13.821, 22499
2026/09/26 04:27:14.321, 22499
2026/09/26 04:27:14.821, 22499
2026/09/26 04:27:15.321, 22499
2026/09/26 04:27:15.821, 22499
2026/09/26 04:27:16.322, 22499
2026/09/26 04:27:16.822, 22499
2026/09/26 04:27:17.322, 22499
2026/09/26 04:27:17.822, 22499
2026/09/26 04:27:18.322, 22499
2026/09/26 04:27:18.822, 22499
2026/09/26 04:27:19.323, 22499
2026/09/26 04:27:19.823, 22499
2026/09/26 04:27:20.323, 22499
2026/09/26 04:27:20.823, 22499
2026/09/26 04:27:21.323, 22499
2026/09/26 04:27:21.823, 22499
2026/09/26 04:27:22.324, 22499
2026/09/26 04:27:22.824, 22499
2026/09/26 04:27:23.324, 22499
2026/09/26 04:27:23.824, 22499
2026/09/26 04:27:24.324, 22499
2026/09/26 04:27:24.824, 22499
2026/09/26 04:27:25.325, 22499
2026/09/26 04:27:25.825, 22499
2026/09/26 04:27:26.325, 22499
2026/09/26 04:27:26.825, 22499
2026/09/26 04:27:27.325, 22499
2026/09/26 04:27:27.825, 22499
2026/09/26 04:27:28.326, 22499
2026/09/26 04:27:28.826, 22499
2026/09/26 04:27:29.326, 22499
2026/09/26 04:27:29.826, 22499
2026/09/26 04:27:30.326, 22499
2026/09/26 04:27:30.826, 22499
2026/09/26 04:27:31.327, 22499
2026/09/26 04:27:31.827, 22499
2026/09/26 04:27:32.328, 22499
2026/09/26 04:27:32.828, 22499
2026/09/26 04:27:33.328, 22499
2026/09/26 04:27:33.828, 22499
2026/09/26 04:27:34.328, 22499
2026/09/26 04:27:34.828, 22499
2026/09/26 04:27:35.329, 22499
2026/09/26 04:27:35.829, 22499
2026/09/26 04:27:36.329, 22499
2026/09/26 04:27:36.829, 22499
2026/09/26 04:27:37.329, 22499
2026/09/26 04:27:37.829, 22499
2026/09/26 04:27:38.330, 22499
2026/09/26 04:27:38.830, 22499
2026/09/26 04:27:39.330, 22499
2026/09/26 04:27:39.830, 22499
2026/09/26 04:27:40.330, 22499
2026/09/26 04:27:40.830, 22499
2026/09/26 04:27:41.331, 22499
2026/09/26 04:27:41.831, 22499
2026/09/26 04:27:42.331, 22499
2026/09/26 04:27:42.831, 22499
2026/09/26 04:27:43.331, 22499
2026/09/26 04:27:43.831, 22499
2026/09/26 04:27:44.332, 22499
2026/09/26 04:27:44.832, 22499
2026/09/26 04:27:45.332, 22499
2026/09/26 04:27:45.832, 22499
2026/09/26 04:27:46.332, 22499
2026/09/26 04:27:46.832, 22499
2026/09/26 04:27:47.333, 22499
2026/09/26 04:27:47.833, 22499
2026/09/26 04:27:48.333, 22499
2026/09/26 04:27:48.833, 22499
2026/09/26 04:27:49.333, 22499
2026/09/26 04:27:49.833, 22499
2026/09/26 04:27:50.334, 22499
2026/09/26 04:27:50.834, 22499
2026/09/26 04:27:51.334, 22499
2026/09/26 04:27:51.834, 22499
2026/09/26 04:27:52.334, 22499
2026/09/26 04:27:52.834, 22499
2026/09/26 04:27:53.335, 22499
2026/09/26 04:27:53.835, 22499
2026/09/26 04:27:54.335, 22499
2026/09/26 04:27:54.835, 22499
2026/09/26 04:27:55.335, 22499
2026/09/26 04:27:55.835, 22499
2026/09/26 04:27:56.336, 22499
2026/09/26 04:27:56.836, 22499
2026/09/26 04:27:57.336, 22499
2026/09/26 04:27:57.836, 22499
2026/09/26 04:27:58.336, 22499
2026/09/26 04:27:58.837, 22499
2026/09/26 04:27:59.337, 22499
2026/09/26 04:27:59.837, 22499
2026/09/26 04:28:00.337, 22499
2026/09/26 04:28:00.837, 22499
2026/09/26 04:28:01.337, 22499
2026/09/26 04:28:01.837, 22499
2026/09/26 04:28:02.338, 22499
2026/09/26 04:28:02.838, 22499
2026/09/26 04:28:03.338, 22499
2026/09/26 04:28:03.838, 22499
2026/09/26 04:28:04.338, 22499
2026/09/26 04:28:04.838, 22499
2026/09/26 04:28:05.339, 22499
2026/09/26 04:28:05.839, 22499
2026/09/26 04:28:06.339, 22499
2026/09/26 04:28:06.839, 22499
2026/09/26 04:28:07.339, 22499
2026/09/26 04:28:07.839, 22499
2026/09/26 04:28:08.340, 22499
2026/09/26 04:28:08.840, 22499
2026/09/26 04:28:09.340, 22499
2026/09/26 04:28:09.840, 22499
2026/09/26 04:28:10.340, 22499
2026/09/26 04:28:10.840, 22499
2026/09/26 04:28:11.340, 22499
2026/09/26 04:28:11.841, 22499
2026/09/26 04:28:12.341, 22499
2026/09/26 04:28:12.841, 22499
2026/09/26 04:28:13.341, 22499
2026/09/26 04:28:13.841, 22499
2026/09/26 04:28:14.341, 22499
2026/09/26 04:28:14.842, 22499
2026/09/26 04:28:15.342, 22499
2026/09/26 04:28:15.842, 22499
2026/09/26 04:28:16.342, 22499
2026/09/26 04:28:16.842, 22499
2026/09/26 04:28:17.342, 22499
2026/09/26 04:28:17.843, 22499
2026/09/26 04:28:18.343, 22499
2026/09/26 04:28:18.843, 22499
2026/09/26 04:28:19.343, 22499
2026/09/26 04:28:19.843, 22499
2026/09/26 04:28:20.343, 22499
2026/09/26 04:28:20.843, 22499
2026/09/26 04:28:21.344, 22499
2026/09/26 04:28:21.844, 22499
2026/09/26 04:28:22.344, 22499
2026/09/26 04:28:22.844, 22499
2026/09/26 04:28:23.344, 22499
2026/09/26 04:28:23.844, 22499
2026/09/26 04:28:24.345, 22499
2026/09/26 04:28:24.845, 22499
2026/09/26 04:28:25.345, 22499
2026/09/26 04:28:25.845, 22499
2026/09/26 04:28:26.345, 22499
2026/09/26 04:28:26.845, 22499
2026/09/26 04:28:27.345, 22499
2026/09/26 04:28:27.846, 22499
2026/09/26 04:28:28.346, 22499
2026/09/26 04:28:28.846, 22499
2026/09/26 04:28:29.346, 22499
2026/09/26 04:28:29.846, 22499
2026/09/26 04:28:30.346, 22499
2026/09/26 04:28:30.847, 22499
2026/09/26 04:28:31.347, 22499
2026/09/26 04:28:31.847, 22499
2026/09/26 04:28:32.347, 22499
2026/09/26 04:28:32.847, 22499
2026/09/26 04:28:33.347, 22499
2026/09/26 04:28:33.848, 22499
2026/09/26 04:28:34.348, 22499
2026/09/26 04:28:34.848, 22499
2026/09/26 04:28:35.348, 22499
2026/09/26 04:28:35.848, 22499
2026/09/26 04:28:36.348, 22499
2026/09/26 04:28:36.848, 22499
2026/09/26 04:28:37.349, 22499
2026/09/26 04:28:37.849, 22499
2026/09/26 04:28:38.349, 22499
2026/09/26 04:28:38.849, 22499
2026/09/26 04:28:39.358, 22499
2026/09/26 04:28:39.858, 22499
2026/09/26 04:28:40.358, 22499
2026/09/26 04:28:40.858, 22499
2026/09/26 04:28:41.359, 22499
2026/09/26 04:28:41.859, 22499
2026/09/26 04:28:42.359, 22499
2026/09/26 04:28:42.859, 22499
2026/09/26 04:28:43.359, 22499
2026/09/26 04:28:43.859, 22499
2026/09/26 04:28:44.360, 22499
2026/09/26 04:28:44.860, 22499
2026/09/26 04:28:45.360, 22499
2026/09/26 04:28:45.860, 22499
2026/09/26 04:28:46.360, 22499
2026/09/26 04:28:46.860, 22499
2026/09/26 04:28:47.361, 22499
2026/09/26 04:28:47.861, 22499
2026/09/26 04:28:48.361, 22499
2026/09/26 04:28:48.861, 22499
2026/09/26 04:28:49.361, 22499
2026/09/26 04:28:49.861, 22499
2026/09/26 04:28:50.362, 22499
2026/09/26 04:28:50.862, 22499
2026/09/26 04:28:51.362, 22499
2026/09/26 04:28:51.862, 22499
2026/09/26 04:28:52.362, 22499
2026/09/26 04:28:52.862, 22499
2026/09/26 04:28:53.363, 22499
2026/09/26 04:28:53.863, 22499
2026/09/26 04:28:54.363, 22499
2026/09/26 04:28:54.863, 22499
2026/09/26 04:28:55.363, 22499
2026/09/26 04:28:55.863, 22499
2026/09/26 04:28:56.363, 22499
2026/09/26 04:28:56.864, 22499
2026/09/26 04:28:57.364, 22499
2026/09/26 04:28:57.864, 22499
2026/09/26 04:28:58.364, 22499
2026/09/26 04:28:58.864, 22499
2026/09/26 04:28:59.364, 22499
2026/09/26 04:28:59.865, 22499
2026/09/26 04:29:00.365, 22499
2026/09/26 04:29:00.865, 22499
2026/09/26 04:29:01.365, 22499
2026/09/26 04:29:01.865, 22499
2026/09/26 04:29:02.365, 22499
2026/09/26 04:29:02.866, 22499
2026/09/26 04:29:03.366, 22499
2026/09/26 04:29:03.866, 22499
2026/09/26 04:29:04.366, 22499
2026/09/26 04:29:04.866, 22499
2026/09/26 04:29:05.366, 22499
2026/09/26 04:29:05.867, 22499
2026/09/26 04:29:06.367, 22499
2026/09/26 04:29:06.867, 22499
2026/09/26 04:29:07.367, 22499
2026/09/26 04:29:07.867, 22499
2026/09/26 04:29:08.367, 22499
2026/09/26 04:29:08.868, 22499
2026/09/26 04:29:09.368, 22499
2026/09/26 04:29:09.868, 22499
2026/09/26 04:29:10.368, 22499
2026/09/26 04:29:10.868, 22499
2026/09/26 04:29:11.368, 22499
2026/09/26 04:29:11.869, 22499
2026/09/26 04:29:12.369, 22499
2026/09/26 04:29:12.869, 22499
2026/09/26 04:29:13.369, 22499
2026/09/26 04:29:13.869, 22499
2026/09/26 04:29:14.369, 22499
2026/09/26 04:29:14.870, 22499
2026/09/26 04:29:15.370, 22499
2026/09/26 04:29:15.870, 22499
2026/09/26 04:29:16.370, 22499
2026/09/26 04:29:16.870, 22499
2026/09/26 04:29:17.370, 22499
2026/09/26 04:29:17.870, 22499
2026/09/26 04:29:18.371, 22499
2026/09/26 04:29:18.871, 22499
2026/09/26 04:29:19.371, 22499
2026/09/26 04:29:19.871, 22499
2026/09/26 04:29:20.371, 22499
2026/09/26 04:29:20.871, 22499
2026/09/26 04:29:21.372, 22499
2026/09/26 04:29:21.872, 22499
2026/09/26 04:29:22.372, 22499
2026/09/26 04:29:22.872, 22499
2026/09/26 04:29:23.372, 22499
2026/09/26 04:29:23.872, 22499
2026/09/26 04:29:24.373, 22499
2026/09/26 04:29:24.873, 22499
2026/09/26 04:29:25.373, 22499
2026/09/26 04:29:25.873, 22499
2026/09/26 04:29:26.373, 22499
2026/09/26 04:29:26.873, 22499
2026/09/26 04:29:27.374, 22499
2026/09/26 04:29:27.874, 22499
2026/09/26 04:29:28.374, 22499
2026/09/26 04:29:28.874, 22499
2026/09/26 04:29:29.374, 22499
2026/09/26 04:29:29.874, 22499
2026/09/26 04:29:30.375, 22499
2026/09/26 04:29:30.875, 22499
2026/09/26 04:29:31.375, 22499
2026/09/26 04:29:31.875, 22499
2026/09/26 04:29:32.375, 22499
2026/09/26 04:29:32.875, 22499
2026/09/26 04:29:33.376, 22499
2026/09/26 04:29:33.876, 22499
2026/09/26 04:29:34.376, 22499
2026/09/26 04:29:34.876, 22499
2026/09/26 04:29:35.376, 22499
2026/09/26 04:29:35.876, 22499
2026/09/26 04:29:36.377, 22499
2026/09/26 04:29:36.877, 22499
2026/09/26 04:29:37.377, 22499
2026/09/26 04:29:37.877, 22499
2026/09/26 04:29:38.377, 22499
2026/09/26 04:29:38.878, 22499
2026/09/26 04:29:39.378, 22499
2026/09/26 04:29:39.878, 22499
2026/09/26 04:29:40.378, 22499
2026/09/26 04:29:40.878, 22499
2026/09/26 04:29:41.378, 22499
2026/09/26 04:29:41.879, 22499
2026/09/26 04:29:42.379, 22499
2026/09/26 04:29:42.879, 22499
2026/09/26 04:29:43.379, 22499
2026/09/26 04:29:43.879, 22499
2026/09/26 04:29:44.379, 22499
2026/09/26 04:29:44.880, 22499
2026/09/26 04:29:45.380, 22499
2026/09/26 04:29:45.880, 22499
2026/09/26 04:29:46.380, 22499
2026/09/26 04:29:46.880, 22499
2026/09/26 04:29:47.380, 22499
2026/09/26 04:29:47.880, 22499
2026/09/26 04:29:48.381, 22499
2026/09/26 04:29:48.881, 22499
2026/09/26 04:29:49.381, 22499
2026/09/26 04:29:49.881, 22499
2026/09/26 04:29:50.381, 22499
2026/09/26 04:29:50.881, 22499
2026/09/26 04:29:51.382, 22499
2026/09/26 04:29:51.882, 22499
2026/09/26 04:29:52.382, 22499
2026/09/26 04:29:52.882, 22499
2026/09/26 04:29:53.382, 22499
2026/09/26 04:29:53.882, 22499
2026/09/26 04:29:54.382, 22499
2026/09/26 04:29:54.883, 22499
2026/09/26 04:29:55.383, 22499
2026/09/26 04:29:55.883, 22499
2026/09/26 04:29:56.383, 22499
2026/09/26 04:29:56.883, 22499
2026/09/26 04:29:57.383, 22499
2026/09/26 04:29:57.883, 22499
2026/09/26 04:29:58.383, 22499
2026/09/26 04:29:58.883, 22499
2026/09/26 04:29:59.384, 22499
2026/09/26 04:29:59.884, 22499
2026/09/26 04:30:00.384, 22499
2026/09/26 04:30:00.884, 22499
2026/09/26 04:30:01.384, 22499
2026/09/26 04:30:01.884, 22499
2026/09/26 04:30:02.385, 22499
2026/09/26 04:30:02.885, 22499
2026/09/26 04:30:03.385, 22499
2026/09/26 04:30:03.885, 22499
2026/09/26 04:30:04.385, 22499
2026/09/26 04:30:04.885, 22499
2026/09/26 04:30:05.385, 22499
2026/09/26 04:30:05.886, 22499
2026/09/26 04:30:06.386, 22499
2026/09/26 04:30:06.886, 22499
2026/09/26 04:30:07.386, 22499
2026/09/26 04:30:07.886, 22499
2026/09/26 04:30:08.386, 22499
2026/09/26 04:30:08.886, 22499
2026/09/26 04:30:09.387, 22499
2026/09/26 04:30:09.887, 22499
2026/09/26 04:30:10.387, 22499
2026/09/26 04:30:10.887, 22499
2026/09/26 04:30:11.387, 22499
2026/09/26 04:30:11.887, 22499
2026/09/26 04:30:12.388, 22499
2026/09/26 04:30:12.888, 22499
2026/09/26 04:30:13.388, 22499
2026/09/26 04:30:13.888, 22499
2026/09/26 04:30:14.388, 22499
2026/09/26 04:30:14.888, 22499
2026/09/26 04:30:15.388, 22499
2026/09/26 04:30:15.889, 22499
2026/09/26 04:30:16.389, 22499
2026/09/26 04:30:16.889, 22499
2026/09/26 04:30:17.389, 22499
2026/09/26 04:30:17.889, 22499
2026/09/26 04:30:18.389, 22499
2026/09/26 04:30:18.889, 22499
2026/09/26 04:30:19.390, 22499
2026/09/26 04:30:19.890, 22499
2026/09/26 04:30:20.390, 22499
2026/09/26 04:30:20.890, 22499
2026/09/26 04:30:21.390, 22499
2026/09/26 04:30:21.890, 22499
2026/09/26 04:30:22.390, 22499
2026/09/26 04:30:22.891, 22499
2026/09/26 04:30:23.391, 22499
2026/09/26 04:30:23.891, 22499
2026/09/26 04:30:24.391, 22499
2026/09/26 04:30:24.891, 22499
2026/09/26 04:30:25.391, 22499
2026/09/26 04:30:25.891, 22499
2026/09/26 04:30:26.392, 22499
2026/09/26 04:30:26.892, 22499
2026/09/26 04:30:27.392, 22499
2026/09/26 04:30:27.892, 22499
2026/09/26 04:30:28.392, 22499
2026/09/26 04:30:28.892, 22499
2026/09/26 04:30:29.393, 22499
2026/09/26 04:30:29.893, 22499
2026/09/26 04:30:30.393, 22499
2026/09/26 04:30:30.893, 22499
2026/09/26 04:30:31.393, 22499
2026/09/26 04:30:31.893, 22499
2026/09/26 04:30:32.394, 22499
2026/09/26 04:30:32.894, 22499
2026/09/26 04:30:33.394, 22499
2026/09/26 04:30:33.894, 22499
2026/09/26 04:30:34.394, 22499
2026/09/26 04:30:34.894, 22499
2026/09/26 04:30:35.395, 22499
2026/09/26 04:30:35.895, 22499
2026/09/26 04:30:36.395, 22499
2026/09/26 04:30:36.895, 22499
2026/09/26 04:30:37.395, 22499
2026/09/26 04:30:37.895, 22499
2026/09/26 04:30:38.396, 22499
2026/09/26 04:30:38.896, 22499
2026/09/26 04:30:39.396, 22499
2026/09/26 04:30:39.896, 22499
2026/09/26 04:30:40.396, 22499
2026/09/26 04:30:40.896, 22499
2026/09/26 04:30:41.396, 22499
2026/09/26 04:30:41.897, 22499
2026/09/26 04:30:42.397, 22499
2026/09/26 04:30:42.897, 22499
2026/09/26 04:30:43.397, 22499
2026/09/26 04:30:43.897, 22499
2026/09/26 04:30:44.397, 22499
2026/09/26 04:30:44.898, 22499
2026/09/26 04:30:45.398, 22499
2026/09/26 04:30:45.898, 22499
2026/09/26 04:30:46.398, 22499
2026/09/26 04:30:46.898, 22499
2026/09/26 04:30:47.399, 22499
2026/09/26 04:30:47.899, 22499
2026/09/26 04:30:48.399, 22499
2026/09/26 04:30:48.899, 22499
2026/09/26 04:30:49.399, 22499
2026/09/26 04:30:49.899, 22499
2026/09/26 04:30:50.399, 22499
2026/09/26 04:30:50.900, 22499
2026/09/26 04:30:51.400, 22499
2026/09/26 04:30:51.900, 22499
2026/09/26 04:30:52.400, 22499
2026/09/26 04:30:52.900, 22499
2026/09/26 04:30:53.400, 22499
2026/09/26 04:30:53.901, 22499
2026/09/26 04:30:54.401, 22499
2026/09/26 04:30:54.901, 22499
2026/09/26 04:30:55.401, 22499
2026/09/26 04:30:55.901, 22499
2026/09/26 04:30:56.401, 22499
2026/09/26 04:30:56.902, 22499
2026/09/26 04:30:57.402, 22499
2026/09/26 04:30:57.902, 22499
2026/09/26 04:30:58.402, 22499
2026/09/26 04:30:58.902, 22499
2026/09/26 04:30:59.402, 22499
2026/09/26 04:30:59.903, 22499
2026/09/26 04:31:00.403, 22499
2026/09/26 04:31:00.903, 22499
2026/09/26 04:31:01.403, 22499
2026/09/26 04:31:01.903, 22499
2026/09/26 04:31:02.403, 22499
2026/09/26 04:31:02.904, 22499
2026/09/26 04:31:03.404, 22499
2026/09/26 04:31:03.904, 22499
2026/09/26 04:31:04.404, 22499
2026/09/26 04:31:04.904, 22499
2026/09/26 04:31:05.404, 22499
2026/09/26 04:31:05.905, 22499
2026/09/26 04:31:06.405, 22499
2026/09/26 04:31:06.905, 22499
2026/09/26 04:31:07.405, 22499
2026/09/26 04:31:07.905, 22499
2026/09/26 04:31:08.405, 22499
2026/09/26 04:31:08.906, 22499
2026/09/26 04:31:09.406, 22499
2026/09/26 04:31:09.906, 22499
2026/09/26 04:31:10.406, 22499
2026/09/26 04:31:10.906, 22499
2026/09/26 04:31:11.406, 22499
2026/09/26 04:31:11.907, 22499
2026/09/26 04:31:12.407, 22499
2026/09/26 04:31:12.907, 22499
2026/09/26 04:31:13.407, 22499
2026/09/26 04:31:13.907, 22499
2026/09/26 04:31:14.407, 22499
2026/09/26 04:31:14.907, 22499
2026/09/26 04:31:15.408, 22499
2026/09/26 04:31:15.908, 22499
2026/09/26 04:31:16.408, 22499
2026/09/26 04:31:16.908, 22499
2026/09/26 04:31:17.408, 22499
2026/09/26 04:31:17.908, 22499
2026/09/26 04:31:18.409, 22499
2026/09/26 04:31:18.909, 22499
2026/09/26 04:31:19.409, 22499
2026/09/26 04:31:19.909, 22499
2026/09/26 04:31:20.409, 22499
2026/09/26 04:31:20.909, 22499
2026/09/26 04:31:21.409, 22499
2026/09/26 04:31:21.910, 22499
2026/09/26 04:31:22.410, 22499
2026/09/26 04:31:22.910, 22499
2026/09/26 04:31:23.410, 22499
2026/09/26 04:31:23.910, 22499
2026/09/26 04:31:24.410, 22499
2026/09/26 04:31:24.911, 22499
2026/09/26 04:31:25.411, 22499
2026/09/26 04:31:25.911, 22499
2026/09/26 04:31:26.411, 22499
2026/09/26 04:31:26.911, 22499
2026/09/26 04:31:27.411, 22499
2026/09/26 04:31:27.912, 22499
2026/09/26 04:31:28.412, 22499
2026/09/26 04:31:28.912, 22499
2026/09/26 04:31:29.412, 22499
2026/09/26 04:31:29.912, 22499
2026/09/26 04:31:30.412, 22499
2026/09/26 04:31:30.913, 22499
2026/09/26 04:31:31.413, 22499
2026/09/26 04:31:31.913, 22499
2026/09/26 04:31:32.413, 22499
2026/09/26 04:31:32.913, 22499
2026/09/26 04:31:33.413, 22499
2026/09/26 04:31:33.914, 22499
2026/09/26 04:31:34.414, 22499
2026/09/26 04:31:34.914, 22499
2026/09/26 04:31:35.414, 22499
2026/09/26 04:31:35.914, 22499
2026/09/26 04:31:36.414, 22499
2026/09/26 04:31:36.914, 22499
2026/09/26 04:31:37.415, 22499
2026/09/26 04:31:37.915, 22499
2026/09/26 04:31:38.415, 22499
2026/09/26 04:31:38.915, 22499
2026/09/26 04:31:39.415, 22499
2026/09/26 04:31:39.915, 22499
2026/09/26 04:31:40.416, 22499
2026/09/26 04:31:40.916, 22499
2026/09/26 04:31:41.416, 22499
2026/09/26 04:31:41.916, 22499
2026/09/26 04:31:42.416, 22499
2026/09/26 04:31:42.916, 22499
2026/09/26 04:31:43.417, 22499
2026/09/26 04:31:43.917, 22499
2026/09/26 04:31:44.417, 22499
2026/09/26 04:31:44.917, 22499
2026/09/26 04:31:45.417, 22499
2026/09/26 04:31:45.917, 22499
2026/09/26 04:31:46.417, 22499
2026/09/26 04:31:46.918, 22499
2026/09/26 04:31:47.418, 22499
2026/09/26 04:31:47.918, 22499
2026/09/26 04:31:48.418, 22499
2026/09/26 04:31:48.918, 22499
2026/09/26 04:31:49.418, 22499
2026/09/26 04:31:49.919, 22499
2026/09/26 04:31:50.419, 22499
2026/09/26 04:31:50.919, 22499
2026/09/26 04:31:51.419, 22499
2026/09/26 04:31:51.919, 22499
2026/09/26 04:31:52.419, 22499
2026/09/26 04:31:52.920, 22499
2026/09/26 04:31:53.420, 22499
2026/09/26 04:31:53.920, 22499
2026/09/26 04:31:54.420, 22499
2026/09/26 04:31:54.920, 22499
2026/09/26 04:31:55.420, 22499
2026/09/26 04:31:55.920, 22499
2026/09/26 04:31:56.421, 22499
2026/09/26 04:31:56.921, 22499
2026/09/26 04:31:57.421, 22499
2026/09/26 04:31:57.921, 22499
2026/09/26 04:31:58.421, 22499
2026/09/26 04:31:58.921, 22499
2026/09/26 04:31:59.422, 22499
2026/09/26 04:31:59.922, 22499
2026/09/26 04:32:00.422, 22499
2026/09/26 04:32:00.922, 22499
2026/09/26 04:32:01.422, 22499
2026/09/26 04:32:01.922, 22499
2026/09/26 04:32:02.423, 22499
2026/09/26 04:32:02.923, 22499
2026/09/26 04:32:03.423, 22499
2026/09/26 04:32:03.923, 22499
2026/09/26 04:32:04.423, 22499
2026/09/26 04:32:04.923, 22499
2026/09/26 04:32:05.423, 22499
2026/09/26 04:32:05.924, 22499
2026/09/26 04:32:06.424, 22499
2026/09/26 04:32:06.924, 22499
2026/09/26 04:32:07.424, 22499
2026/09/26 04:32:07.924, 22499
2026/09/26 04:32:08.424, 22499
2026/09/26 04:32:08.924, 22499
2026/09/26 04:32:09.425, 22499
2026/09/26 04:32:09.925, 22499
2026/09/26 04:32:10.425, 22499
2026/09/26 04:32:10.925, 22499
2026/09/26 04:32:11.425, 22499
2026/09/26 04:32:11.925, 22499
2026/09/26 04:32:12.425, 22499
2026/09/26 04:32:12.926, 22499
2026/09/26 04:32:13.426, 22499
2026/09/26 04:32:13.926, 22499
2026/09/26 04:32:14.426, 22499
2026/09/26 04:32:14.926, 22499
2026/09/26 04:32:15.426, 22499
2026/09/26 04:32:15.927, 22499
2026/09/26 04:32:16.427, 22499
2026/09/26 04:32:16.927, 22499
2026/09/26 04:32:17.427, 22499
2026/09/26 04:32:17.927, 22499
2026/09/26 04:32:18.427, 22499
2026/09/26 04:32:18.928, 22499
2026/09/26 04:32:19.428, 22499
2026/09/26 04:32:19.928, 22499
2026/09/26 04:32:20.428, 22499
2026/09/26 04:32:20.929, 22499
2026/09/26 04:32:21.429, 22499
2026/09/26 04:32:21.929, 22499
2026/09/26 04:32:22.429, 22499
2026/09/26 04:32:22.929, 22499
2026/09/26 04:32:23.430, 22499
2026/09/26 04:32:23.930, 22499
2026/09/26 04:32:24.430, 22499
2026/09/26 04:32:24.930, 22499
2026/09/26 04:32:25.430, 22499
2026/09/26 04:32:25.930, 22499
2026/09/26 04:32:26.431, 22499
2026/09/26 04:32:26.931, 22499
2026/09/26 04:32:27.431, 22499
2026/09/26 04:32:27.931, 22499
2026/09/26 04:32:28.431, 22499
2026/09/26 04:32:28.931, 22499
2026/09/26 04:32:29.432, 22499
2026/09/26 04:32:29.932, 22499
2026/09/26 04:32:30.432, 22499
2026/09/26 04:32:30.932, 22499
2026/09/26 04:32:31.432, 22499
2026/09/26 04:32:31.932, 22499
2026/09/26 04:32:32.433, 22499
2026/09/26 04:32:32.933, 22499
2026/09/26 04:32:33.433, 22499
2026/09/26 04:32:33.933, 22499
2026/09/26 04:32:34.433, 22499
2026/09/26 04:32:34.933, 22499
2026/09/26 04:32:35.433, 22499
2026/09/26 04:32:35.933, 22499
2026/09/26 04:32:36.434, 22499
2026/09/26 04:32:36.934, 22499
2026/09/26 04:32:37.434, 22499
2026/09/26 04:32:37.934, 22499
2026/09/26 04:32:38.434, 22499
2026/09/26 04:32:38.934, 22499
2026/09/26 04:32:39.435, 22499
2026/09/26 04:32:39.935, 22499
2026/09/26 04:32:40.435, 22499
2026/09/26 04:32:40.935, 22499
2026/09/26 04:32:41.435, 22499
2026/09/26 04:32:41.935, 22499
2026/09/26 04:32:42.436, 22499
2026/09/26 04:32:42.936, 22499
2026/09/26 04:32:43.436, 22499
2026/09/26 04:32:43.936, 22499
2026/09/26 04:32:44.436, 22499
2026/09/26 04:32:44.936, 22499
2026/09/26 04:32:45.436, 22499
2026/09/26 04:32:45.937, 22499
2026/09/26 04:32:46.437, 22499
2026/09/26 04:32:46.937, 22499
2026/09/26 04:32:47.437, 22499
2026/09/26 04:32:47.937, 22499
2026/09/26 04:32:48.437, 22499
2026/09/26 04:32:48.938, 22499
2026/09/26 04:32:49.438, 22499
2026/09/26 04:32:49.938, 22499
2026/09/26 04:32:50.438, 22499
2026/09/26 04:32:50.938, 22499
2026/09/26 04:32:51.438, 22499
2026/09/26 04:32:51.939, 22499
2026/09/26 04:32:52.439, 22499
2026/09/26 04:32:52.939, 22499
2026/09/26 04:32:53.439, 22499
2026/09/26 04:32:53.939, 22499
2026/09/26 04:32:54.439, 22499
2026/09/26 04:32:54.940, 22499
2026/09/26 04:32:55.440, 22499
2026/09/26 04:32:55.940, 22499
2026/09/26 04:32:56.440, 22499
2026/09/26 04:32:56.941, 22499
2026/09/26 04:32:57.441, 22499
2026/09/26 04:32:57.941, 22499
2026/09/26 04:32:58.441, 22499
2026/09/26 04:32:58.941, 22499
2026/09/26 04:32:59.441, 22499
2026/09/26 04:32:59.942, 22499
2026/09/26 04:33:00.442, 22499
2026/09/26 04:33:00.942, 22499
2026/09/26 04:33:01.442, 22499
2026/09/26 04:33:01.942, 22499
2026/09/26 04:33:02.442, 22499
2026/09/26 04:33:02.943, 22499
2026/09/26 04:33:03.443, 22499
2026/09/26 04:33:03.943, 22499
2026/09/26 04:33:04.443, 22499
2026/09/26 04:33:04.943, 22499
2026/09/26 04:33:05.444, 22499
2026/09/26 04:33:05.944, 22499
2026/09/26 04:33:06.444, 22499
2026/09/26 04:33:06.944, 22499
2026/09/26 04:33:07.444, 22499
2026/09/26 04:33:07.944, 22499
2026/09/26 04:33:08.445, 22499
2026/09/26 04:33:08.945, 22499
2026/09/26 04:33:09.445, 22499
2026/09/26 04:33:09.945, 22499
2026/09/26 04:33:10.445, 22499
2026/09/26 04:33:10.946, 22499
2026/09/26 04:33:11.446, 22499
2026/09/26 04:33:11.946, 22499
2026/09/26 04:33:12.446, 22499
2026/09/26 04:33:12.946, 22499
2026/09/26 04:33:13.446, 22499
2026/09/26 04:33:13.947, 22499
2026/09/26 04:33:14.447, 22499
2026/09/26 04:33:14.947, 22499
2026/09/26 04:33:15.447, 22499
2026/09/26 04:33:15.947, 22499
2026/09/26 04:33:16.447, 22499
2026/09/26 04:33:16.948, 22499
2026/09/26 04:33:17.448, 22499
2026/09/26 04:33:17.948, 22499
2026/09/26 04:33:18.448, 22499
2026/09/26 04:33:18.948, 22499
2026/09/26 04:33:19.449, 22499
2026/09/26 04:33:19.949, 22499
2026/09/26 04:33:20.449, 22499
2026/09/26 04:33:20.949, 22499
2026/09/26 04:33:21.449, 22499
2026/09/26 04:33:21.949, 22499
2026/09/26 04:33:22.450, 22499
2026/09/26 04:33:22.950, 22499
2026/09/26 04:33:23.450, 22499
2026/09/26 04:33:23.950, 22499
2026/09/26 04:33:24.450, 22499
2026/09/26 04:33:24.950, 22499
2026/09/26 04:33:25.451, 22499
2026/09/26 04:33:25.951, 22499
2026/09/26 04:33:26.451, 22499
2026/09/26 04:33:26.951, 22499
2026/09/26 04:33:27.451, 22499
2026/09/26 04:33:27.952, 22499
2026/09/26 04:33:28.452, 22499
2026/09/26 04:33:28.952, 22499
2026/09/26 04:33:29.452, 22499
2026/09/26 04:33:29.952, 22499
2026/09/26 04:33:30.452, 22499
2026/09/26 04:33:30.953, 22499
2026/09/26 04:33:31.453, 22499
2026/09/26 04:33:31.953, 22499
2026/09/26 04:33:32.453, 22499
2026/09/26 04:33:32.953, 22499
2026/09/26 04:33:33.453, 22499
2026/09/26 04:33:33.954, 22499
2026/09/26 04:33:34.454, 22499
2026/09/26 04:33:34.954, 22499
2026/09/26 04:33:35.454, 22499
2026/09/26 04:33:35.954, 22499
2026/09/26 04:33:36.454, 22499
2026/09/26 04:33:36.955, 22499
2026/09/26 04:33:37.455, 22499
2026/09/26 04:33:37.955, 22499
2026/09/26 04:33:38.455, 22499
2026/09/26 04:33:38.955, 22499
2026/09/26 04:33:39.455, 22499
2026/09/26 04:33:39.956, 22499
2026/09/26 04:33:40.456, 22499
2026/09/26 04:33:40.956, 22499
2026/09/26 04:33:41.456, 22499
2026/09/26 04:33:41.956, 22499
2026/09/26 04:33:42.456, 22499
2026/09/26 04:33:42.957, 22499
2026/09/26 04:33:43.457, 22499
2026/09/26 04:33:43.957, 22499
2026/09/26 04:33:44.457, 22499
2026/09/26 04:33:44.957, 22499
2026/09/26 04:33:45.457, 22499
2026/09/26 04:33:45.958, 22499
2026/09/26 04:33:46.458, 22499
2026/09/26 04:33:46.958, 22499
2026/09/26 04:33:47.458, 22499
2026/09/26 04:33:47.958, 22499
2026/09/26 04:33:48.458, 22499
2026/09/26 04:33:48.959, 22499
2026/09/26 04:33:49.459, 22499
2026/09/26 04:33:49.959, 22499
2026/09/26 04:33:50.459, 22499
2026/09/26 04:33:50.959, 22499
2026/09/26 04:33:51.459, 22499
2026/09/26 04:33:51.959, 22499
2026/09/26 04:33:52.460, 22499
2026/09/26 04:33:52.960, 22499
2026/09/26 04:33:53.460, 22499
2026/09/26 04:33:53.960, 22499
2026/09/26 04:33:54.460, 22499
2026/09/26 04:33:54.961, 22499
2026/09/26 04:33:55.461, 22499
2026/09/26 04:33:55.961, 22499
2026/09/26 04:33:56.461, 22499
2026/09/26 04:33:56.961, 22499
2026/09/26 04:33:57.461, 22499
2026/09/26 04:33:57.961, 22499
2026/09/26 04:33:58.462, 22499
2026/09/26 04:33:58.962, 22499
2026/09/26 04:33:59.462, 22499
2026/09/26 04:33:59.962, 22499
2026/09/26 04:34:00.462, 22499
2026/09/26 04:34:00.962, 22499
2026/09/26 04:34:01.463, 22499
2026/09/26 04:34:01.963, 22499
2026/09/26 04:34:02.463, 22499
2026/09/26 04:34:02.963, 22499
2026/09/26 04:34:03.463, 22499
2026/09/26 04:34:03.963, 22499
2026/09/26 04:34:04.464, 22499
2026/09/26 04:34:04.964, 22499
2026/09/26 04:34:05.464, 22499
2026/09/26 04:34:05.964, 22499
2026/09/26 04:34:06.464, 22499
2026/09/26 04:34:06.964, 22499
2026/09/26 04:34:07.464, 22499
2026/09/26 04:34:07.965, 22499
2026/09/26 04:34:08.465, 22499
2026/09/26 04:34:08.965, 22499
2026/09/26 04:34:09.465, 22499
2026/09/26 04:34:09.965, 22499
2026/09/26 04:34:10.465, 22499
2026/09/26 04:34:10.966, 22499
2026/09/26 04:34:11.466, 22499
2026/09/26 04:34:11.966, 22499
2026/09/26 04:34:12.466, 22499
2026/09/26 04:34:12.966, 22499
2026/09/26 04:34:13.466, 22499
2026/09/26 04:34:13.967, 22499
2026/09/26 04:34:14.467, 22499
2026/09/26 04:34:14.967, 22499
2026/09/26 04:34:15.467, 22499
2026/09/26 04:34:15.967, 22499
2026/09/26 04:34:16.467, 22499
2026/09/26 04:34:16.967, 22499
2026/09/26 04:34:17.468, 22499
2026/09/26 04:34:17.968, 22499
2026/09/26 04:34:18.468, 22499
2026/09/26 04:34:18.968, 22499
2026/09/26 04:34:19.468, 22499
2026/09/26 04:34:19.968, 22499
2026/09/26 04:34:20.469, 22499
2026/09/26 04:34:20.969, 22499
2026/09/26 04:34:21.469, 22499
2026/09/26 04:34:21.969, 22499
2026/09/26 04:34:22.469, 22499
2026/09/26 04:34:22.970, 22499
2026/09/26 04:34:23.470, 22499
2026/09/26 04:34:23.970, 22499
2026/09/26 04:34:24.470, 22499
2026/09/26 04:34:24.970, 22499
2026/09/26 04:34:25.470, 22499
2026/09/26 04:34:25.971, 22499
2026/09/26 04:34:26.471, 22499
2026/09/26 04:34:26.971, 22499
2026/09/26 04:34:27.471, 22499
2026/09/26 04:34:27.971, 22499
2026/09/26 04:34:28.471, 22499
2026/09/26 04:34:28.972, 22499
2026/09/26 04:34:29.472, 22499
2026/09/26 04:34:29.972, 22499
2026/09/26 04:34:30.472, 22499
2026/09/26 04:34:30.972, 22499
2026/09/26 04:34:31.472, 22499
2026/09/26 04:34:31.972, 22499
2026/09/26 04:34:32.473, 22499
2026/09/26 04:34:32.973, 22499
2026/09/26 04:34:33.473, 22499
2026/09/26 04:34:33.973, 22499
2026/09/26 04:34:34.473, 22499
2026/09/26 04:34:34.973, 22499
2026/09/26 04:34:35.474, 22499
2026/09/26 04:34:35.974, 22499
2026/09/26 04:34:36.474, 22499
2026/09/26 04:34:36.974, 22499
2026/09/26 04:34:37.474, 22499
2026/09/26 04:34:37.974, 22499
2026/09/26 04:34:38.475, 22499
2026/09/26 04:34:38.975, 22499
2026/09/26 04:34:39.475, 22499
2026/09/26 04:34:39.975, 22499
2026/09/26 04:34:40.475, 22499
2026/09/26 04:34:40.975, 22499
2026/09/26 04:34:41.475, 22499
2026/09/26 04:34:41.976, 22499
2026/09/26 04:34:42.476, 22499
2026/09/26 04:34:42.976, 22499
2026/09/26 04:34:43.476, 22499
2026/09/26 04:34:43.976, 22499
2026/09/26 04:34:44.476, 22499
2026/09/26 04:34:44.977, 22499
2026/09/26 04:34:45.477, 22499
2026/09/26 04:34:45.977, 22499
2026/09/26 04:34:46.477, 22499
2026/09/26 04:34:46.977, 22499
2026/09/26 04:34:47.477, 22499
2026/09/26 04:34:47.977, 22499
2026/09/26 04:34:48.478, 22499
2026/09/26 04:34:48.978, 22499
2026/09/26 04:34:49.478, 22499
2026/09/26 04:34:49.978, 22499
2026/09/26 04:34:50.479, 22499
2026/09/26 04:34:50.979, 22499
2026/09/26 04:34:51.479, 22499
2026/09/26 04:34:51.980, 22499
2026/09/26 04:34:52.480, 22499
2026/09/26 04:34:52.980, 22499
2026/09/26 04:34:53.480, 22499
2026/09/26 04:34:53.980, 22499
2026/09/26 04:34:54.480, 22499
2026/09/26 04:34:54.981, 22499
2026/09/26 04:34:55.481, 22499
2026/09/26 04:34:55.981, 22499
2026/09/26 04:34:56.481, 22499
2026/09/26 04:34:56.981, 22499
2026/09/26 04:34:57.481, 22499
2026/09/26 04:34:57.981, 22499
2026/09/26 04:34:58.482, 22499
2026/09/26 04:34:58.982, 22499
2026/09/26 04:34:59.482, 22499
2026/09/26 04:34:59.982, 22499
2026/09/26 04:35:00.482, 22499
2026/09/26 04:35:00.982, 22499
2026/09/26 04:35:01.483, 22499
2026/09/26 04:35:01.983, 22499
2026/09/26 04:35:02.483, 22499
2026/09/26 04:35:02.983, 22499
2026/09/26 04:35:03.483, 22499
2026/09/26 04:35:03.983, 22499
2026/09/26 04:35:04.484, 22499
2026/09/26 04:35:04.984, 22499
2026/09/26 04:35:05.484, 22499
2026/09/26 04:35:05.984, 22499
2026/09/26 04:35:06.484, 22499
2026/09/26 04:35:06.984, 22499
2026/09/26 04:35:07.484, 22499
2026/09/26 04:35:07.985, 22499
2026/09/26 04:35:08.485, 22499
2026/09/26 04:35:08.985, 22499
2026/09/26 04:35:09.485, 22499
2026/09/26 04:35:09.985, 22499
2026/09/26 04:35:10.485, 22499
2026/09/26 04:35:10.986, 22499
2026/09/26 04:35:11.486, 22499
2026/09/26 04:35:11.986, 22499
2026/09/26 04:35:12.486, 22499
2026/09/26 04:35:12.986, 22499
2026/09/26 04:35:13.487, 22499
2026/09/26 04:35:13.987, 22499
2026/09/26 04:35:14.487, 22499
2026/09/26 04:35:14.987, 22499
2026/09/26 04:35:15.487, 22499
2026/09/26 04:35:15.987, 22499
2026/09/26 04:35:16.488, 22499
2026/09/26 04:35:16.988, 22499
2026/09/26 04:35:17.488, 22499
2026/09/26 04:35:17.988, 22499
2026/09/26 04:35:18.488, 22499
2026/09/26 04:35:18.988, 22499
2026/09/26 04:35:19.488, 22499
2026/09/26 04:35:19.989, 22499
2026/09/26 04:35:20.489, 22499
2026/09/26 04:35:20.989, 22499
2026/09/26 04:35:21.489, 22499
2026/09/26 04:35:21.989, 22499
2026/09/26 04:35:22.489, 22499
2026/09/26 04:35:22.990, 22499
2026/09/26 04:35:23.490, 22499
2026/09/26 04:35:23.990, 22499
2026/09/26 04:35:24.490, 22499
2026/09/26 04:35:24.990, 22499
2026/09/26 04:35:25.490, 22499
2026/09/26 04:35:25.990, 22499
2026/09/26 04:35:26.491, 22499
2026/09/26 04:35:26.991, 22499
2026/09/26 04:35:27.491, 22499
2026/09/26 04:35:27.991, 22499
2026/09/26 04:35:28.491, 22499
2026/09/26 04:35:28.991, 22499
2026/09/26 04:35:29.492, 22499
2026/09/26 04:35:29.992, 22499
2026/09/26 04:35:30.492, 22499
2026/09/26 04:35:30.992, 22499
2026/09/26 04:35:31.492, 22499
2026/09/26 04:35:31.992, 22499
2026/09/26 04:35:32.493, 22499
2026/09/26 04:35:32.993, 22499
2026/09/26 04:35:33.493, 22499
2026/09/26 04:35:33.993, 22499
2026/09/26 04:35:34.493, 22499
2026/09/26 04:35:34.993, 22499
2026/09/26 04:35:35.494, 22499
2026/09/26 04:35:35.994, 22499
2026/09/26 04:35:36.494, 22499
2026/09/26 04:35:36.994, 22499
2026/09/26 04:35:37.494, 22499
2026/09/26 04:35:37.995, 22499
2026/09/26 04:35:38.495, 22499
2026/09/26 04:35:38.995, 22499
2026/09/26 04:35:39.495, 22499
2026/09/26 04:35:39.995, 22499
2026/09/26 04:35:40.495, 22499
2026/09/26 04:35:40.996, 22499
2026/09/26 04:35:41.496, 22499
2026/09/26 04:35:41.996, 22499
2026/09/26 04:35:42.496, 22499
2026/09/26 04:35:42.996, 22499
2026/09/26 04:35:43.496, 22499
2026/09/26 04:35:43.996, 22499
2026/09/26 04:35:44.497, 22499
2026/09/26 04:35:44.997, 22499
2026/09/26 04:35:45.497, 22499
2026/09/26 04:35:45.997, 22499
2026/09/26 04:35:46.497, 22499
2026/09/26 04:35:46.997, 22499
2026/09/26 04:35:47.498, 22499
2026/09/26 04:35:47.998, 22499
2026/09/26 04:35:48.498, 22499
2026/09/26 04:35:48.998, 22499
2026/09/26 04:35:49.498, 22499
2026/09/26 04:35:49.998, 22499
2026/09/26 04:35:50.499, 22499
2026/09/26 04:35:50.999, 22499
2026/09/26 04:35:51.499, 22499
2026/09/26 04:35:51.999, 22499
2026/09/26 04:35:52.499, 22499
2026/09/26 04:35:52.999, 22499
2026/09/26 04:35:53.500, 22499
2026/09/26 04:35:54.000, 22499
2026/09/26 04:35:54.500, 22499
2026/09/26 04:35:55.000, 22499
2026/09/26 04:35:55.501, 22499
2026/09/26 04:35:56.001, 22499
2026/09/26 04:35:56.501, 22499
2026/09/26 04:35:57.001, 22499
2026/09/26 04:35:57.501, 22499
2026/09/26 04:35:58.001, 22499
2026/09/26 04:35:58.502, 22499
2026/09/26 04:35:59.002, 22499
2026/09/26 04:35:59.502, 22499
2026/09/26 04:36:00.002, 22499
2026/09/26 04:36:00.502, 22499
2026/09/26 04:36:01.002, 22499
2026/09/26 04:36:01.503, 22499
2026/09/26 04:36:02.003, 22499
2026/09/26 04:36:02.503, 22499
2026/09/26 04:36:03.003, 22499
2026/09/26 04:36:03.503, 22499
2026/09/26 04:36:04.003, 22499
2026/09/26 04:36:04.504, 22499
2026/09/26 04:36:05.004, 22499
2026/09/26 04:36:05.504, 22499
2026/09/26 04:36:06.004, 22499
2026/09/26 04:36:06.504, 22499
2026/09/26 04:36:07.004, 22499
2026/09/26 04:36:07.505, 22499
2026/09/26 04:36:08.005, 22499
2026/09/26 04:36:08.505, 22499
2026/09/26 04:36:09.005, 22499
2026/09/26 04:36:09.505, 22499
2026/09/26 04:36:10.005, 22499
2026/09/26 04:36:10.505, 22499
2026/09/26 04:36:11.006, 22499
2026/09/26 04:36:11.506, 22499
2026/09/26 04:36:12.006, 22499
2026/09/26 04:36:12.506, 22499
2026/09/26 04:36:13.006, 22499
2026/09/26 04:36:13.506, 22499
2026/09/26 04:36:14.007, 22499
2026/09/26 04:36:14.507, 22499
2026/09/26 04:36:15.007, 22499
2026/09/26 04:36:15.507, 22499
2026/09/26 04:36:16.007, 22499
2026/09/26 04:36:16.507, 22499
2026/09/26 04:36:17.008, 22499
2026/09/26 04:36:17.508, 22499
2026/09/26 04:36:18.008, 22499
2026/09/26 04:36:18.508, 22499
2026/09/26 04:36:19.008, 22499
2026/09/26 04:36:19.508, 22499
2026/09/26 04:36:20.009, 22499
2026/09/26 04:36:20.509, 22499
2026/09/26 04:36:21.009, 22499
2026/09/26 04:36:21.509, 22499
2026/09/26 04:36:22.009, 22499
2026/09/26 04:36:22.509, 22499
2026/09/26 04:36:23.010, 22499
2026/09/26 04:36:23.510, 22499
2026/09/26 04:36:24.010, 22499
2026/09/26 04:36:24.510, 22499
2026/09/26 04:36:25.010, 22499
2026/09/26 04:36:25.510, 22499
2026/09/26 04:36:26.011, 22499
2026/09/26 04:36:26.511, 22499
2026/09/26 04:36:27.011, 22499
2026/09/26 04:36:27.511, 22499
2026/09/26 04:36:28.011, 22499
2026/09/26 04:36:28.511, 22499
2026/09/26 04:36:29.012, 22499
2026/09/26 04:36:29.512, 22499
2026/09/26 04:36:30.012, 22499
2026/09/26 04:36:30.512, 22499
2026/09/26 04:36:31.012, 22499
2026/09/26 04:36:31.513, 22499
2026/09/26 04:36:32.013, 22499
2026/09/26 04:36:32.513, 22499
2026/09/26 04:36:33.013, 22499
2026/09/26 04:36:33.513, 22499
2026/09/26 04:36:34.013, 22499
2026/09/26 04:36:34.514, 22499
2026/09/26 04:36:35.014, 22499
2026/09/26 04:36:35.514, 22499
2026/09/26 04:36:36.014, 22499
2026/09/26 04:36:36.514, 22499
2026/09/26 04:36:37.014, 22499
2026/09/26 04:36:37.515, 22499
2026/09/26 04:36:38.015, 22499
2026/09/26 04:36:38.515, 22499
2026/09/26 04:36:39.015, 22499
2026/09/26 04:36:39.515, 22499
2026/09/26 04:36:40.015, 22499
2026/09/26 04:36:40.516, 22499
2026/09/26 04:36:41.016, 22499
2026/09/26 04:36:41.516, 22499
2026/09/26 04:36:42.016, 22499
2026/09/26 04:36:42.516, 22499
2026/09/26 04:36:43.016, 22499
2026/09/26 04:36:43.516, 22499
2026/09/26 04:36:44.017, 22499
2026/09/26 04:36:44.517, 22499
2026/09/26 04:36:45.017, 22499
2026/09/26 04:36:45.517, 22499
2026/09/26 04:36:46.017, 22499
2026/09/26 04:36:46.518, 22499
2026/09/26 04:36:47.018, 22499
2026/09/26 04:36:47.518, 22499
2026/09/26 04:36:48.018, 22499
2026/09/26 04:36:48.518, 22499
2026/09/26 04:36:49.018, 22499
2026/09/26 04:36:49.519, 22499
2026/09/26 04:36:50.019, 22499
2026/09/26 04:36:50.519, 22499
2026/09/26 04:36:51.019, 22499
2026/09/26 04:36:51.519, 22499
2026/09/26 04:36:52.019, 22499
2026/09/26 04:36:52.520, 22499
2026/09/26 04:36:53.020, 22499
2026/09/26 04:36:53.520, 22499
2026/09/26 04:36:54.020, 22499
2026/09/26 04:36:54.520, 22499
2026/09/26 04:36:55.021, 22499
2026/09/26 04:36:55.521, 22499
2026/09/26 04:36:56.021, 22499
2026/09/26 04:36:56.521, 22499
2026/09/26 04:36:57.021, 22499
2026/09/26 04:36:57.521, 22499
2026/09/26 04:36:58.022, 22499
2026/09/26 04:36:58.522, 22499
2026/09/26 04:36:59.022, 22499
2026/09/26 04:36:59.522, 22499
2026/09/26 04:37:00.022, 22499
2026/09/26 04:37:00.522, 22499
2026/09/26 04:37:01.023, 22499
2026/09/26 04:37:01.523, 22499
2026/09/26 04:37:02.023, 22499
2026/09/26 04:37:02.523, 22499
2026/09/26 04:37:03.023, 22499
2026/09/26 04:37:03.523, 22499
2026/09/26 04:37:04.024, 22499
2026/09/26 04:37:04.524, 22499
2026/09/26 04:37:05.024, 22499
2026/09/26 04:37:05.524, 22499
2026/09/26 04:37:06.024, 22499
2026/09/26 04:37:06.524, 22499
2026/09/26 04:37:07.025, 22499
2026/09/26 04:37:07.525, 22499
2026/09/26 04:37:08.025, 22499
2026/09/26 04:37:08.525, 22499
2026/09/26 04:37:09.025, 22499
2026/09/26 04:37:09.526, 22499
2026/09/26 04:37:10.026, 22499
2026/09/26 04:37:10.526, 22499
2026/09/26 04:37:11.026, 22499
2026/09/26 04:37:11.532, 22499
2026/09/26 04:37:12.032, 22499
2026/09/26 04:37:12.532, 22499
2026/09/26 04:37:13.032, 22499
2026/09/26 04:37:13.532, 22499
2026/09/26 04:37:14.032, 22499
2026/09/26 04:37:14.533, 22499
2026/09/26 04:37:15.033, 22499
2026/09/26 04:37:15.533, 22499
2026/09/26 04:37:16.033, 22499
2026/09/26 04:37:16.533, 22499
2026/09/26 04:37:17.033, 22499
2026/09/26 04:37:17.534, 22499
2026/09/26 04:37:18.034, 22499
2026/09/26 04:37:18.534, 22499
2026/09/26 04:37:19.034, 22499
2026/09/26 04:37:19.534, 22499
2026/09/26 04:37:20.034, 22499
2026/09/26 04:37:20.535, 22499
2026/09/26 04:37:21.035, 22499
2026/09/26 04:37:21.535, 22499
2026/09/26 04:37:22.035, 22499
2026/09/26 04:37:22.535, 22499
2026/09/26 04:37:23.035, 22499
2026/09/26 04:37:23.535, 22499
2026/09/26 04:37:24.036, 22499
2026/09/26 04:37:24.536, 22499
2026/09/26 04:37:25.036, 22499
2026/09/26 04:37:25.536, 22499
2026/09/26 04:37:26.036, 22499
2026/09/26 04:37:26.536, 22499
2026/09/26 04:37:27.037, 22499
2026/09/26 04:37:27.537, 22499
2026/09/26 04:37:28.037, 22499
2026/09/26 04:37:28.537, 22499
2026/09/26 04:37:29.037, 22499
2026/09/26 04:37:29.537, 22499
2026/09/26 04:37:30.038, 22499
2026/09/26 04:37:30.538, 22499
2026/09/26 04:37:31.038, 22499
2026/09/26 04:37:31.538, 22499
2026/09/26 04:37:32.038, 22499
2026/09/26 04:37:32.538, 22499
2026/09/26 04:37:33.039, 22499
2026/09/26 04:37:33.539, 22499
2026/09/26 04:37:34.039, 22499
2026/09/26 04:37:34.539, 22499
2026/09/26 04:37:35.039, 22499
2026/09/26 04:37:35.539, 22499
2026/09/26 04:37:36.040, 22499
2026/09/26 04:37:36.540, 22499
2026/09/26 04:37:37.040, 22499
2026/09/26 04:37:37.540, 22499
2026/09/26 04:37:38.040, 22499
2026/09/26 04:37:38.540, 22499
2026/09/26 04:37:39.040, 22499
2026/09/26 04:37:39.541, 22499
2026/09/26 04:37:40.041, 22499
2026/09/26 04:37:40.541, 22499
2026/09/26 04:37:41.041, 22499
2026/09/26 04:37:41.541, 22499
2026/09/26 04:37:42.041, 22499
2026/09/26 04:37:42.542, 22499
2026/09/26 04:37:43.042, 22499
2026/09/26 04:37:43.542, 22499
2026/09/26 04:37:44.042, 22499
2026/09/26 04:37:44.542, 22499
2026/09/26 04:37:45.042, 22499
2026/09/26 04:37:45.543, 22499
2026/09/26 04:37:46.043, 22499
2026/09/26 04:37:46.543, 22499
2026/09/26 04:37:47.043, 22499
2026/09/26 04:37:47.543, 22499
2026/09/26 04:37:48.043, 22499
2026/09/26 04:37:48.544, 22499
2026/09/26 04:37:49.044, 22499
2026/09/26 04:37:49.544, 22499
2026/09/26 04:37:50.044, 22499
2026/09/26 04:37:50.544, 22499
2026/09/26 04:37:51.044, 22499
2026/09/26 04:37:51.545, 22499
2026/09/26 04:37:52.045, 22499
2026/09/26 04:37:52.545, 22499
2026/09/26 04:37:53.045, 22499
2026/09/26 04:37:53.545, 22499
2026/09/26 04:37:54.045, 22499
2026/09/26 04:37:54.546, 22499
2026/09/26 04:37:55.046, 22499
2026/09/26 04:37:55.546, 22499
2026/09/26 04:37:56.046, 22499
2026/09/26 04:37:56.546, 22499
2026/09/26 04:37:57.046, 22499
2026/09/26 04:37:57.547, 22499
2026/09/26 04:37:58.047, 22499
2026/09/26 04:37:58.547, 22499
2026/09/26 04:37:59.047, 22499
2026/09/26 04:37:59.547, 22499
2026/09/26 04:38:00.047, 22499
2026/09/26 04:38:00.547, 22499
2026/09/26 04:38:01.048, 22499
2026/09/26 04:38:01.548, 22499
2026/09/26 04:38:02.048, 22499
2026/09/26 04:38:02.548, 22499
2026/09/26 04:38:03.048, 22499
2026/09/26 04:38:03.548, 22499
2026/09/26 04:38:04.049, 22499
2026/09/26 04:38:04.549, 22499
2026/09/26 04:38:05.049, 22499
2026/09/26 04:38:05.549, 22499
2026/09/26 04:38:06.049, 22499
2026/09/26 04:38:06.549, 22499
2026/09/26 04:38:07.050, 22499
2026/09/26 04:38:07.550, 22499
2026/09/26 04:38:08.050, 22499
2026/09/26 04:38:08.550, 22499
2026/09/26 04:38:09.050, 22499
2026/09/26 04:38:09.550, 22499
2026/09/26 04:38:10.051, 22499
2026/09/26 04:38:10.551, 22499
2026/09/26 04:38:11.051, 22499
2026/09/26 04:38:11.551, 22499
2026/09/26 04:38:12.051, 22499
2026/09/26 04:38:12.551, 22499
2026/09/26 04:38:13.052, 22499
2026/09/26 04:38:13.552, 22499
2026/09/26 04:38:14.052, 22499
2026/09/26 04:38:14.552, 22499
2026/09/26 04:38:15.052, 22499
2026/09/26 04:38:15.552, 22499
2026/09/26 04:38:16.052, 22499
2026/09/26 04:38:16.553, 22499
2026/09/26 04:38:17.053, 22499
2026/09/26 04:38:17.553, 22499
2026/09/26 04:38:18.053, 22499
2026/09/26 04:38:18.553, 22499
2026/09/26 04:38:19.053, 22499
2026/09/26 04:38:19.554, 22499
2026/09/26 04:38:20.054, 22499
2026/09/26 04:38:20.554, 22499
2026/09/26 04:38:21.054, 22499
2026/09/26 04:38:21.554, 22499
2026/09/26 04:38:22.054, 22499
2026/09/26 04:38:22.555, 22499
2026/09/26 04:38:23.055, 22499
2026/09/26 04:38:23.555, 22499
2026/09/26 04:38:24.055, 22499
2026/09/26 04:38:24.555, 22499
2026/09/26 04:38:25.055, 22499
2026/09/26 04:38:25.555, 22499
2026/09/26 04:38:26.056, 22499
2026/09/26 04:38:26.556, 22499
2026/09/26 04:38:27.056, 22499
2026/09/26 04:38:27.556, 22499
2026/09/26 04:38:28.056, 22499
2026/09/26 04:38:28.556, 22499
2026/09/26 04:38:29.057, 22499
2026/09/26 04:38:29.557, 22499
2026/09/26 04:38:30.057, 22499
2026/09/26 04:38:30.557, 22499
2026/09/26 04:38:31.057, 22499
2026/09/26 04:38:31.557, 22499
2026/09/26 04:38:32.058, 22499
2026/09/26 04:38:32.558, 22499
2026/09/26 04:38:33.058, 22499
2026/09/26 04:38:33.558, 22499
2026/09/26 04:38:34.058, 22499
2026/09/26 04:38:34.558, 22499
2026/09/26 04:38:35.059, 22499
2026/09/26 04:38:35.559, 22499
2026/09/26 04:38:36.059, 22499
2026/09/26 04:38:36.559, 22499
2026/09/26 04:38:37.059, 22499
2026/09/26 04:38:37.559, 22499
2026/09/26 04:38:38.060, 22499
2026/09/26 04:38:38.560, 22499
2026/09/26 04:38:39.060, 22499
2026/09/26 04:38:39.560, 22499
2026/09/26 04:38:40.060, 22499
2026/09/26 04:38:40.560, 22499
2026/09/26 04:38:41.060, 22499
2026/09/26 04:38:41.561, 22499
2026/09/26 04:38:42.061, 22499
2026/09/26 04:38:42.561, 22499
2026/09/26 04:38:43.061, 22499
2026/09/26 04:38:43.561, 22499
2026/09/26 04:38:44.061, 22499
2026/09/26 04:38:44.562, 22499
2026/09/26 04:38:45.062, 22499
2026/09/26 04:38:45.562, 22499
2026/09/26 04:38:46.062, 22499
2026/09/26 04:38:46.562, 22499
2026/09/26 04:38:47.062, 22499
2026/09/26 04:38:47.563, 22499
2026/09/26 04:38:48.063, 22499
2026/09/26 04:38:48.563, 22499
2026/09/26 04:38:49.063, 22499
2026/09/26 04:38:49.563, 22499
2026/09/26 04:38:50.063, 22499
2026/09/26 04:38:50.564, 22499
2026/09/26 04:38:51.064, 22499
2026/09/26 04:38:51.564, 22499
2026/09/26 04:38:52.064, 22499
2026/09/26 04:38:52.564, 22499
2026/09/26 04:38:53.064, 22499
2026/09/26 04:38:53.565, 22499
2026/09/26 04:38:54.065, 22499
2026/09/26 04:38:54.565, 22499
2026/09/26 04:38:55.065, 22499
2026/09/26 04:38:55.565, 22499
2026/09/26 04:38:56.065, 22499
2026/09/26 04:38:56.566, 22499
2026/09/26 04:38:57.066, 22499
2026/09/26 04:38:57.566, 22499
2026/09/26 04:38:58.066, 22499
2026/09/26 04:38:58.566, 22499
2026/09/26 04:38:59.066, 22499
2026/09/26 04:38:59.566, 22499
2026/09/26 04:39:00.067, 22499
2026/09/26 04:39:00.567, 22499
2026/09/26 04:39:01.067, 22499
2026/09/26 04:39:01.567, 22499
2026/09/26 04:39:02.067, 22499
2026/09/26 04:39:02.567, 22499
2026/09/26 04:39:03.068, 22499
2026/09/26 04:39:03.568, 22499
2026/09/26 04:39:04.068, 22499
2026/09/26 04:39:04.568, 22499
2026/09/26 04:39:05.069, 22499
2026/09/26 04:39:05.569, 22499
2026/09/26 04:39:06.069, 22499
2026/09/26 04:39:06.569, 22499
2026/09/26 04:39:07.069, 22499
2026/09/26 04:39:07.569, 22499
2026/09/26 04:39:08.070, 22499
2026/09/26 04:39:08.570, 22499
2026/09/26 04:39:09.070, 22499
2026/09/26 04:39:09.570, 22499
2026/09/26 04:39:10.070, 22499
2026/09/26 04:39:10.570, 22499
2026/09/26 04:39:11.071, 22499
2026/09/26 04:39:11.571, 22499
2026/09/26 04:39:12.071, 22499
2026/09/26 04:39:12.571, 22499
2026/09/26 04:39:13.071, 22499
2026/09/26 04:39:13.571, 22499
2026/09/26 04:39:14.071, 22499
2026/09/26 04:39:14.572, 22499
2026/09/26 04:39:15.072, 22499
2026/09/26 04:39:15.572, 22499
2026/09/26 04:39:16.072, 22499
2026/09/26 04:39:16.572, 22499
2026/09/26 04:39:17.073, 22499
2026/09/26 04:39:17.573, 22499
2026/09/26 04:39:18.073, 22499
2026/09/26 04:39:18.573, 22499
2026/09/26 04:39:19.073, 22499
2026/09/26 04:39:19.573, 22499
2026/09/26 04:39:20.074, 22499
2026/09/26 04:39:20.574, 22499
2026/09/26 04:39:21.074, 22499
2026/09/26 04:39:21.574, 22499
2026/09/26 04:39:22.074, 22499
2026/09/26 04:39:22.574, 22499
2026/09/26 04:39:23.075, 22499
2026/09/26 04:39:23.575, 22499
2026/09/26 04:39:24.075, 22499
2026/09/26 04:39:24.575, 22499
2026/09/26 04:39:25.075, 22499
2026/09/26 04:39:25.575, 22499
2026/09/26 04:39:26.076, 22499
2026/09/26 04:39:26.576, 22499
2026/09/26 04:39:27.076, 22499
2026/09/26 04:39:27.576, 22499
2026/09/26 04:39:28.076, 22499
2026/09/26 04:39:28.576, 22499
2026/09/26 04:39:29.077, 22499
2026/09/26 04:39:29.577, 22499
2026/09/26 04:39:30.077, 22499
2026/09/26 04:39:30.577, 22499
2026/09/26 04:39:31.077, 22499
2026/09/26 04:39:31.577, 22499
2026/09/26 04:39:32.078, 22499
2026/09/26 04:39:32.578, 22499
2026/09/26 04:39:33.078, 22499
2026/09/26 04:39:33.578, 22499
2026/09/26 04:39:34.078, 22499
2026/09/26 04:39:34.579, 22499
2026/09/26 04:39:35.079, 22499
2026/09/26 04:39:35.579, 22499
2026/09/26 04:39:36.079, 22499
2026/09/26 04:39:36.579, 22499
2026/09/26 04:39:37.079, 22499
2026/09/26 04:39:37.580, 22499
2026/09/26 04:39:38.080, 22499
2026/09/26 04:39:38.580, 22499
2026/09/26 04:39:39.080, 22499
2026/09/26 04:39:39.580, 22499
2026/09/26 04:39:40.080, 22499
2026/09/26 04:39:40.581, 22499
2026/09/26 04:39:41.081, 22499
2026/09/26 04:39:41.581, 22499
2026/09/26 04:39:42.081, 22499
2026/09/26 04:39:42.581, 22499
2026/09/26 04:39:43.082, 22499
2026/09/26 04:39:43.582, 22499
2026/09/26 04:39:44.082, 22499
2026/09/26 04:39:44.582, 22499
2026/09/26 04:39:45.083, 22499
2026/09/26 04:39:45.583, 22499
2026/09/26 04:39:46.083, 22499
2026/09/26 04:39:46.583, 22499
2026/09/26 04:39:47.083, 22499
2026/09/26 04:39:47.583, 22499
2026/09/26 04:39:48.084, 22499
2026/09/26 04:39:48.584, 22499
2026/09/26 04:39:49.084, 22499
2026/09/26 04:39:49.584, 22499
2026/09/26 04:39:50.084, 22499
2026/09/26 04:39:50.584, 22499
2026/09/26 04:39:51.085, 22499
2026/09/26 04:39:51.585, 22499
2026/09/26 04:39:52.085, 22499
2026/09/26 04:39:52.585, 22499
2026/09/26 04:39:53.085, 22499
2026/09/26 04:39:53.586, 22499
2026/09/26 04:39:54.086, 22499
2026/09/26 04:39:54.586, 22499
2026/09/26 04:39:55.086, 22499
2026/09/26 04:39:55.586, 22499
2026/09/26 04:39:56.086, 22499
2026/09/26 04:39:56.587, 22499
2026/09/26 04:39:57.087, 22499
2026/09/26 04:39:57.587, 22499
2026/09/26 04:39:58.087, 22499
2026/09/26 04:39:58.587, 22499
2026/09/26 04:39:59.087, 22499
2026/09/26 04:39:59.588, 22499
2026/09/26 04:40:00.088, 22499
2026/09/26 04:40:00.588, 22499
2026/09/26 04:40:01.088, 22499
2026/09/26 04:40:01.588, 22499
2026/09/26 04:40:02.088, 22499
2026/09/26 04:40:02.589, 22499
2026/09/26 04:40:03.089, 22499
2026/09/26 04:40:03.589, 22499
2026/09/26 04:40:04.089, 22499
2026/09/26 04:40:04.589, 22499
2026/09/26 04:40:05.089, 22499
2026/09/26 04:40:05.590, 22499
2026/09/26 04:40:06.090, 22499
2026/09/26 04:40:06.590, 22499
2026/09/26 04:40:07.090, 22499
2026/09/26 04:40:07.590, 22499
2026/09/26 04:40:08.090, 22499
2026/09/26 04:40:08.591, 22499
2026/09/26 04:40:09.091, 22499
2026/09/26 04:40:09.591, 22499
2026/09/26 04:40:10.091, 22499
2026/09/26 04:40:10.591, 22499
2026/09/26 04:40:11.091, 22499
2026/09/26 04:40:11.592, 22499
2026/09/26 04:40:12.092, 22499
2026/09/26 04:40:12.592, 22499
2026/09/26 04:40:13.092, 22499
2026/09/26 04:40:13.592, 22499
2026/09/26 04:40:14.093, 22499
2026/09/26 04:40:14.593, 22499
2026/09/26 04:40:15.093, 22499
2026/09/26 04:40:15.593, 22499
2026/09/26 04:40:16.093, 22499
2026/09/26 04:40:16.593, 22499
2026/09/26 04:40:17.094, 22499
2026/09/26 04:40:17.594, 22499
2026/09/26 04:40:18.094, 22499
2026/09/26 04:40:18.594, 22499
2026/09/26 04:40:19.094, 22499
2026/09/26 04:40:19.594, 22499
2026/09/26 04:40:20.095, 22499
2026/09/26 04:40:20.595, 22499
2026/09/26 04:40:21.095, 22499
2026/09/26 04:40:21.595, 22499
2026/09/26 04:40:22.095, 22499
2026/09/26 04:40:22.595, 22499
2026/09/26 04:40:23.096, 22499
2026/09/26 04:40:23.596, 22499
2026/09/26 04:40:24.096, 22499
2026/09/26 04:40:24.596, 22499
2026/09/26 04:40:25.096, 22499
2026/09/26 04:40:25.597, 22499
2026/09/26 04:40:26.097, 22499
2026/09/26 04:40:26.597, 22499
2026/09/26 04:40:27.097, 22499
2026/09/26 04:40:27.597, 22499
2026/09/26 04:40:28.097, 22499
2026/09/26 04:40:28.598, 22499
2026/09/26 04:40:29.098, 22499
2026/09/26 04:40:29.598, 22499
2026/09/26 04:40:30.098, 22499
2026/09/26 04:40:30.598, 22499
2026/09/26 04:40:31.098, 22499
2026/09/26 04:40:31.599, 22499
2026/09/26 04:40:32.099, 22499
2026/09/26 04:40:32.599, 22499
2026/09/26 04:40:33.099, 22499
2026/09/26 04:40:33.599, 22499
2026/09/26 04:40:34.099, 22499
2026/09/26 04:40:34.600, 22499
2026/09/26 04:40:35.100, 22499
2026/09/26 04:40:35.600, 22499
2026/09/26 04:40:36.100, 22499
2026/09/26 04:40:36.600, 22499
2026/09/26 04:40:37.100, 22499
2026/09/26 04:40:37.601, 22499
2026/09/26 04:40:38.101, 22499
2026/09/26 04:40:38.601, 22499
2026/09/26 04:40:39.101, 22499
2026/09/26 04:40:39.601, 22499
2026/09/26 04:40:40.101, 22499
2026/09/26 04:40:40.602, 22499
2026/09/26 04:40:41.102, 22499
2026/09/26 04:40:41.602, 22499
2026/09/26 04:40:42.102, 22499
2026/09/26 04:40:42.602, 22499
2026/09/26 04:40:43.102, 22499
2026/09/26 04:40:43.603, 22499
2026/09/26 04:40:44.103, 22499
2026/09/26 04:40:44.603, 22499
2026/09/26 04:40:45.103, 22499
2026/09/26 04:40:45.603, 22499
2026/09/26 04:40:46.104, 22499
2026/09/26 04:40:46.604, 22499
2026/09/26 04:40:47.104, 22499
2026/09/26 04:40:47.604, 22499
2026/09/26 04:40:48.104, 22499
2026/09/26 04:40:48.604, 22499
2026/09/26 04:40:49.105, 22499
2026/09/26 04:40:49.605, 22499
2026/09/26 04:40:50.105, 22499
2026/09/26 04:40:50.605, 22499
2026/09/26 04:40:51.105, 22499
2026/09/26 04:40:51.605, 22499
2026/09/26 04:40:52.106, 22499
2026/09/26 04:40:52.606, 22499
2026/09/26 04:40:53.106, 22499
2026/09/26 04:40:53.606, 22499
2026/09/26 04:40:54.106, 22499
2026/09/26 04:40:54.606, 22499
2026/09/26 04:40:55.107, 22499
2026/09/26 04:40:55.607, 22499
2026/09/26 04:40:56.107, 22499
2026/09/26 04:40:56.607, 22499
2026/09/26 04:40:57.107, 22499
2026/09/26 04:40:57.607, 22499
2026/09/26 04:40:58.108, 22499
2026/09/26 04:40:58.608, 22499
2026/09/26 04:40:59.108, 22499
2026/09/26 04:40:59.608, 22499
2026/09/26 04:41:00.108, 22499
2026/09/26 04:41:00.608, 22499
2026/09/26 04:41:01.109, 22499
2026/09/26 04:41:01.609, 22499
2026/09/26 04:41:02.109, 22499
2026/09/26 04:41:02.609, 22499
2026/09/26 04:41:03.109, 22499
2026/09/26 04:41:03.609, 22499
2026/09/26 04:41:04.110, 22499
2026/09/26 04:41:04.610, 22499
2026/09/26 04:41:05.110, 22499
2026/09/26 04:41:05.610, 22499
2026/09/26 04:41:06.110, 22499
2026/09/26 04:41:06.610, 22499
2026/09/26 04:41:07.111, 22499
2026/09/26 04:41:07.611, 22499
2026/09/26 04:41:08.111, 22499
2026/09/26 04:41:08.611, 22499
2026/09/26 04:41:09.111, 22499
2026/09/26 04:41:09.611, 22499
2026/09/26 04:41:10.112, 22499
2026/09/26 04:41:10.612, 22499
2026/09/26 04:41:11.112, 22499
2026/09/26 04:41:11.612, 22499
2026/09/26 04:41:12.112, 22499
2026/09/26 04:41:12.612, 22499
2026/09/26 04:41:13.113, 22499
2026/09/26 04:41:13.613, 22499
2026/09/26 04:41:14.113, 22499
2026/09/26 04:41:14.613, 22499
2026/09/26 04:41:15.113, 22499
2026/09/26 04:41:15.613, 22499
2026/09/26 04:41:16.114, 22499
2026/09/26 04:41:16.614, 22499
2026/09/26 04:41:17.114, 22499
2026/09/26 04:41:17.614, 22499
2026/09/26 04:41:18.114, 22499
2026/09/26 04:41:18.614, 22499
2026/09/26 04:41:19.115, 22499
2026/09/26 04:41:19.615, 22499
2026/09/26 04:41:20.115, 22499
2026/09/26 04:41:20.615, 22499
2026/09/26 04:41:21.115, 22499
2026/09/26 04:41:21.615, 22499
2026/09/26 04:41:22.116, 22499
2026/09/26 04:41:22.616, 22499
2026/09/26 04:41:23.116, 22499
2026/09/26 04:41:23.616, 22499
2026/09/26 04:41:24.116, 22499
2026/09/26 04:41:24.616, 22499
2026/09/26 04:41:25.117, 22499
2026/09/26 04:41:25.617, 22499
2026/09/26 04:41:26.117, 22499
2026/09/26 04:41:26.617, 22499
2026/09/26 04:41:27.117, 22499
2026/09/26 04:41:27.617, 22499
2026/09/26 04:41:28.118, 22499
2026/09/26 04:41:28.618, 22499
2026/09/26 04:41:29.118, 22499
2026/09/26 04:41:29.618, 22499
2026/09/26 04:41:30.118, 22499
2026/09/26 04:41:30.619, 22499
2026/09/26 04:41:31.119, 22499
2026/09/26 04:41:31.619, 22499
2026/09/26 04:41:32.119, 22499
2026/09/26 04:41:32.619, 22499
2026/09/26 04:41:33.119, 22499
2026/09/26 04:41:33.620, 22499
2026/09/26 04:41:34.120, 22499
2026/09/26 04:41:34.620, 22499
2026/09/26 04:41:35.120, 22499
2026/09/26 04:41:35.620, 22499
2026/09/26 04:41:36.120, 22499
2026/09/26 04:41:36.621, 22499
2026/09/26 04:41:37.121, 22499
2026/09/26 04:41:37.621, 22499
2026/09/26 04:41:38.121, 22499
2026/09/26 04:41:38.621, 22499
2026/09/26 04:41:39.121, 22499
2026/09/26 04:41:39.622, 22499
2026/09/26 04:41:40.122, 22499
2026/09/26 04:41:40.622, 22499
2026/09/26 04:41:41.122, 22499
2026/09/26 04:41:41.622, 22499
2026/09/26 04:41:42.122, 22499
2026/09/26 04:41:42.623, 22499
2026/09/26 04:41:43.123, 22499
2026/09/26 04:41:43.623, 22499
2026/09/26 04:41:44.123, 22499
2026/09/26 04:41:44.623, 22499
2026/09/26 04:41:45.123, 22499
2026/09/26 04:41:45.623, 22499
2026/09/26 04:41:46.124, 22499
2026/09/26 04:41:46.624, 22499
2026/09/26 04:41:47.124, 22499
2026/09/26 04:41:47.624, 22499
2026/09/26 04:41:48.124, 22499
2026/09/26 04:41:48.624, 22499
2026/09/26 04:41:49.125, 22499
2026/09/26 04:41:49.625, 22499
2026/09/26 04:41:50.125, 22499
2026/09/26 04:41:50.625, 22499
2026/09/26 04:41:51.125, 22499
2026/09/26 04:41:51.625, 22499
2026/09/26 04:41:52.126, 22499
2026/09/26 04:41:52.626, 22499
2026/09/26 04:41:53.126, 22499
2026/09/26 04:41:53.626, 22499
2026/09/26 04:41:54.126, 22499
2026/09/26 04:41:54.626, 22499
2026/09/26 04:41:55.126, 22499
2026/09/26 04:41:55.627, 22499
2026/09/26 04:41:56.127, 22499
2026/09/26 04:41:56.627, 22499
2026/09/26 04:41:57.127, 22499
2026/09/26 04:41:57.627, 22499
2026/09/26 04:41:58.127, 22499
2026/09/26 04:41:58.628, 22499
2026/09/26 04:41:59.128, 22499
2026/09/26 04:41:59.628, 22499
2026/09/26 04:42:00.128, 22499
2026/09/26 04:42:00.628, 22499
2026/09/26 04:42:01.128, 22499
2026/09/26 04:42:01.629, 22499
2026/09/26 04:42:02.129, 22499
2026/09/26 04:42:02.629, 22499
2026/09/26 04:42:03.129, 22499
2026/09/26 04:42:03.629, 22499
2026/09/26 04:42:04.129, 22499
2026/09/26 04:42:04.630, 22499
2026/09/26 04:42:05.130, 22499
2026/09/26 04:42:05.630, 22499
2026/09/26 04:42:06.130, 22499
2026/09/26 04:42:06.630, 22499
2026/09/26 04:42:07.131, 22499
2026/09/26 04:42:07.631, 22499
2026/09/26 04:42:08.131, 22499
2026/09/26 04:42:08.631, 22499
2026/09/26 04:42:09.131, 22499
2026/09/26 04:42:09.631, 22499
2026/09/26 04:42:10.132, 22499
2026/09/26 04:42:10.632, 22499
2026/09/26 04:42:11.132, 22499
2026/09/26 04:42:11.632, 22499
2026/09/26 04:42:12.132, 22499
2026/09/26 04:42:12.632, 22499
2026/09/26 04:42:13.133, 22499
2026/09/26 04:42:13.633, 22499
2026/09/26 04:42:14.133, 22499
2026/09/26 04:42:14.633, 22499
2026/09/26 04:42:15.133, 22499
2026/09/26 04:42:15.633, 22499
2026/09/26 04:42:16.134, 22499
2026/09/26 04:42:16.634, 22499
2026/09/26 04:42:17.134, 22499
2026/09/26 04:42:17.634, 22499
2026/09/26 04:42:18.134, 22499
2026/09/26 04:42:18.634, 22499
2026/09/26 04:42:19.135, 22499
2026/09/26 04:42:19.635, 22499
2026/09/26 04:42:20.135, 22499
2026/09/26 04:42:20.635, 22499
2026/09/26 04:42:21.135, 22499
2026/09/26 04:42:21.635, 22499
2026/09/26 04:42:22.136, 22499
2026/09/26 04:42:22.636, 22499
2026/09/26 04:42:23.136, 22499
2026/09/26 04:42:23.636, 22499
2026/09/26 04:42:24.136, 22499
2026/09/26 04:42:24.636, 22499
2026/09/26 04:42:25.137, 22499
2026/09/26 04:42:25.637, 22499
2026/09/26 04:42:26.137, 22499
2026/09/26 04:42:26.637, 22499
2026/09/26 04:42:27.137, 22499
2026/09/26 04:42:27.637, 22499
2026/09/26 04:42:28.138, 22499
2026/09/26 04:42:28.638, 22499
2026/09/26 04:42:29.138, 22499
2026/09/26 04:42:29.638, 22499
2026/09/26 04:42:30.138, 22499
2026/09/26 04:42:30.638, 22499
2026/09/26 04:42:31.139, 22499
2026/09/26 04:42:31.639, 22499
2026/09/26 04:42:32.139, 22499
2026/09/26 04:42:32.639, 22499
2026/09/26 04:42:33.139, 22499
2026/09/26 04:42:33.639, 22499
2026/09/26 04:42:34.140, 22499
2026/09/26 04:42:34.640, 22499
2026/09/26 04:42:35.140, 22499
2026/09/26 04:42:35.640, 22499
2026/09/26 04:42:36.140, 22499
2026/09/26 04:42:36.640, 22499
2026/09/26 04:42:37.141, 22499
2026/09/26 04:42:37.641, 22499
2026/09/26 04:42:38.141, 22499
2026/09/26 04:42:38.641, 22499
2026/09/26 04:42:39.141, 22499
2026/09/26 04:42:39.641, 22499
2026/09/26 04:42:40.142, 22499
2026/09/26 04:42:40.642, 22499
2026/09/26 04:42:41.142, 22499
2026/09/26 04:42:41.642, 22499
2026/09/26 04:42:42.142, 22499
2026/09/26 04:42:42.642, 22499
2026/09/26 04:42:43.142, 22499
2026/09/26 04:42:43.642, 22499
2026/09/26 04:42:44.143, 22499
2026/09/26 04:42:44.643, 22499
2026/09/26 04:42:45.143, 22499
2026/09/26 04:42:45.643, 22499
2026/09/26 04:42:46.143, 22499
2026/09/26 04:42:46.643, 22499
2026/09/26 04:42:47.144, 22499
2026/09/26 04:42:47.644, 22499
2026/09/26 04:42:48.144, 22499
2026/09/26 04:42:48.645, 22499
2026/09/26 04:42:49.145, 22499
2026/09/26 04:42:49.645, 22499
2026/09/26 04:42:50.145, 22499
2026/09/26 04:42:50.645, 22499
2026/09/26 04:42:51.145, 22499
2026/09/26 04:42:51.645, 22499
2026/09/26 04:42:52.146, 22499
2026/09/26 04:42:52.646, 22499
2026/09/26 04:42:53.146, 22499
2026/09/26 04:42:53.646, 22499
2026/09/26 04:42:54.146, 22499
2026/09/26 04:42:54.646, 22499
2026/09/26 04:42:55.147, 22499
2026/09/26 04:42:55.647, 22499
2026/09/26 04:42:56.147, 22499
2026/09/26 04:42:56.647, 22499
2026/09/26 04:42:57.147, 22499
2026/09/26 04:42:57.648, 22499
2026/09/26 04:42:58.148, 22499
2026/09/26 04:42:58.648, 22499
2026/09/26 04:42:59.148, 22499
2026/09/26 04:42:59.648, 22499
2026/09/26 04:43:00.148, 22499
2026/09/26 04:43:00.649, 22499
2026/09/26 04:43:01.149, 22499
2026/09/26 04:43:01.649, 22499
2026/09/26 04:43:02.149, 22499
2026/09/26 04:43:02.649, 22499
2026/09/26 04:43:03.149, 22499
2026/09/26 04:43:03.650, 22499
2026/09/26 04:43:04.150, 22499
2026/09/26 04:43:04.650, 22499
2026/09/26 04:43:05.150, 22499
2026/09/26 04:43:05.650, 22499
2026/09/26 04:43:06.150, 22499
2026/09/26 04:43:06.651, 22499
2026/09/26 04:43:07.151, 22499
2026/09/26 04:43:07.651, 22499
2026/09/26 04:43:08.151, 22499
2026/09/26 04:43:08.651, 22499
2026/09/26 04:43:09.151, 22499
2026/09/26 04:43:09.652, 22499
2026/09/26 04:43:10.152, 22499
2026/09/26 04:43:10.652, 22499
2026/09/26 04:43:11.152, 22499
2026/09/26 04:43:11.652, 22499
2026/09/26 04:43:12.152, 22499
2026/09/26 04:43:12.653, 22499
2026/09/26 04:43:13.153, 22499
2026/09/26 04:43:13.653, 22499
2026/09/26 04:43:14.153, 22499
2026/09/26 04:43:14.653, 22499
2026/09/26 04:43:15.153, 22499
2026/09/26 04:43:15.653, 22499
2026/09/26 04:43:16.154, 22499
2026/09/26 04:43:16.654, 22499
2026/09/26 04:43:17.154, 22499
2026/09/26 04:43:17.654, 22499
2026/09/26 04:43:18.154, 22499
2026/09/26 04:43:18.655, 22499
2026/09/26 04:43:19.155, 22499
2026/09/26 04:43:19.655, 22499
2026/09/26 04:43:20.155, 22499
2026/09/26 04:43:20.655, 22499
2026/09/26 04:43:21.155, 22499
2026/09/26 04:43:21.656, 22499
2026/09/26 04:43:22.156, 22499
2026/09/26 04:43:22.656, 22499
2026/09/26 04:43:23.156, 22499
2026/09/26 04:43:23.656, 22499
2026/09/26 04:43:24.156, 22499
2026/09/26 04:43:24.656, 22499
2026/09/26 04:43:25.157, 22499
2026/09/26 04:43:25.657, 22499
2026/09/26 04:43:26.157, 22499
2026/09/26 04:43:26.657, 22499
2026/09/26 04:43:27.157, 22499
2026/09/26 04:43:27.657, 22499
2026/09/26 04:43:28.157, 22499
2026/09/26 04:43:28.658, 22499
2026/09/26 04:43:29.158, 22499
2026/09/26 04:43:29.658, 22499
2026/09/26 04:43:30.158, 22499
2026/09/26 04:43:30.658, 22499
2026/09/26 04:43:31.158, 22499
2026/09/26 04:43:31.659, 22499
2026/09/26 04:43:32.159, 22499
2026/09/26 04:43:32.659, 22499
2026/09/26 04:43:33.168, 22499
2026/09/26 04:43:33.668, 22499
2026/09/26 04:43:34.168, 22499
2026/09/26 04:43:34.668, 22499
2026/09/26 04:43:35.168, 22499
2026/09/26 04:43:35.669, 22499
2026/09/26 04:43:36.169, 22499
2026/09/26 04:43:36.669, 22499
2026/09/26 04:43:37.169, 22499
2026/09/26 04:43:37.669, 22499
2026/09/26 04:43:38.169, 22499
2026/09/26 04:43:38.669, 22499
2026/09/26 04:43:39.170, 22499
2026/09/26 04:43:39.670, 22499
2026/09/26 04:43:40.170, 22499
2026/09/26 04:43:40.670, 22499
2026/09/26 04:43:41.170, 22499
2026/09/26 04:43:41.670, 22499
2026/09/26 04:43:42.170, 22499
2026/09/26 04:43:42.670, 22499
2026/09/26 04:43:43.170, 22499
2026/09/26 04:43:43.670, 22499
2026/09/26 04:43:44.171, 22499
2026/09/26 04:43:44.671, 22499
2026/09/26 04:43:45.171, 22499
2026/09/26 04:43:45.671, 22499
2026/09/26 04:43:46.171, 22499
2026/09/26 04:43:46.671, 22499
2026/09/26 04:43:47.171, 22499
2026/09/26 04:43:47.671, 22499
2026/09/26 04:43:48.171, 22499
2026/09/26 04:43:48.672, 22499
2026/09/26 04:43:49.172, 22499
2026/09/26 04:43:49.672, 22499
2026/09/26 04:43:50.172, 22499
2026/09/26 04:43:50.672, 22499
2026/09/26 04:43:51.172, 22499
2026/09/26 04:43:51.672, 22499
2026/09/26 04:43:52.172, 22499
2026/09/26 04:43:52.672, 22499
2026/09/26 04:43:53.173, 22499
2026/09/26 04:43:53.673, 22499
2026/09/26 04:43:54.173, 22499
2026/09/26 04:43:54.673, 22499
2026/09/26 04:43:55.173, 22499
2026/09/26 04:43:55.673, 22499
2026/09/26 04:43:56.173, 22499
2026/09/26 04:43:56.674, 22499
2026/09/26 04:43:57.174, 22499
2026/09/26 04:43:57.674, 22499
2026/09/26 04:43:58.174, 22499
2026/09/26 04:43:58.674, 22499
2026/09/26 04:43:59.174, 22499
2026/09/26 04:43:59.674, 22499
2026/09/26 04:44:00.175, 22499
2026/09/26 04:44:00.675, 22499
2026/09/26 04:44:01.175, 22499
2026/09/26 04:44:01.675, 22499
2026/09/26 04:44:02.175, 22499
2026/09/26 04:44:02.675, 22499
2026/09/26 04:44:03.176, 22499
2026/09/26 04:44:03.676, 22499
2026/09/26 04:44:04.176, 22499
2026/09/26 04:44:04.676, 22499
2026/09/26 04:44:05.176, 22499
2026/09/26 04:44:05.676, 22499
2026/09/26 04:44:06.177, 22499
2026/09/26 04:44:06.677, 22499
2026/09/26 04:44:07.177, 22499
2026/09/26 04:44:07.677, 22499
2026/09/26 04:44:08.177, 22499
2026/09/26 04:44:08.677, 22499
2026/09/26 04:44:09.178, 22499
2026/09/26 04:44:09.678, 22499
2026/09/26 04:44:10.178, 22499
2026/09/26 04:44:10.678, 22499
2026/09/26 04:44:11.178, 22499
2026/09/26 04:44:11.678, 22499
2026/09/26 04:44:12.179, 22499
2026/09/26 04:44:12.679, 22499
2026/09/26 04:44:13.179, 22499
2026/09/26 04:44:13.679, 22499
2026/09/26 04:44:14.179, 22499
2026/09/26 04:44:14.679, 22499
2026/09/26 04:44:15.180, 22499
2026/09/26 04:44:15.680, 22499
2026/09/26 04:44:16.180, 22499
2026/09/26 04:44:16.680, 22499
2026/09/26 04:44:17.180, 22499
2026/09/26 04:44:17.681, 22499
2026/09/26 04:44:18.181, 22499
2026/09/26 04:44:18.681, 22499
2026/09/26 04:44:19.181, 22499
2026/09/26 04:44:19.681, 22499
2026/09/26 04:44:20.181, 22499
2026/09/26 04:44:20.682, 22499
2026/09/26 04:44:21.182, 22499
2026/09/26 04:44:21.682, 22499
2026/09/26 04:44:22.182, 22499
2026/09/26 04:44:22.682, 22499
2026/09/26 04:44:23.182, 22499
2026/09/26 04:44:23.683, 22499
2026/09/26 04:44:24.183, 22499
2026/09/26 04:44:24.683, 22499
2026/09/26 04:44:25.183, 22499
2026/09/26 04:44:25.683, 22499
2026/09/26 04:44:26.184, 22499
2026/09/26 04:44:26.684, 22499
2026/09/26 04:44:27.184, 22499
2026/09/26 04:44:27.684, 22499
2026/09/26 04:44:28.184, 22499
2026/09/26 04:44:28.684, 22499
2026/09/26 04:44:29.185, 22499
2026/09/26 04:44:29.685, 22499
2026/09/26 04:44:30.185, 22499
2026/09/26 04:44:30.685, 22499
2026/09/26 04:44:31.185, 22499
2026/09/26 04:44:31.685, 22499
2026/09/26 04:44:32.186, 22499
2026/09/26 04:44:32.686, 22499
2026/09/26 04:44:33.186, 22499
2026/09/26 04:44:33.686, 22499
2026/09/26 04:44:34.186, 22499
2026/09/26 04:44:34.686, 22499
2026/09/26 04:44:35.187, 22499
2026/09/26 04:44:35.687, 22499
2026/09/26 04:44:36.187, 22499
2026/09/26 04:44:36.687, 22499
2026/09/26 04:44:37.187, 22499
2026/09/26 04:44:37.687, 22499
2026/09/26 04:44:38.188, 22499
2026/09/26 04:44:38.688, 22499
2026/09/26 04:44:39.188, 22499
2026/09/26 04:44:39.688, 22499
2026/09/26 04:44:40.188, 22499
2026/09/26 04:44:40.688, 22499
2026/09/26 04:44:41.189, 22499
2026/09/26 04:44:41.689, 22499
2026/09/26 04:44:42.189, 22499
2026/09/26 04:44:42.689, 22499
2026/09/26 04:44:43.189, 22499
2026/09/26 04:44:43.689, 22499
2026/09/26 04:44:44.190, 22499
2026/09/26 04:44:44.690, 22499
2026/09/26 04:44:45.190, 22499
2026/09/26 04:44:45.690, 22499
2026/09/26 04:44:46.190, 22499
2026/09/26 04:44:46.690, 22499
2026/09/26 04:44:47.190, 22499
2026/09/26 04:44:47.691, 22499
2026/09/26 04:44:48.191, 22499
2026/09/26 04:44:48.691, 22499
2026/09/26 04:44:49.191, 22499
2026/09/26 04:44:49.691, 22499
2026/09/26 04:44:50.191, 22499
2026/09/26 04:44:50.691, 22499
2026/09/26 04:44:51.191, 22499
2026/09/26 04:44:51.692, 22499
2026/09/26 04:44:52.192, 22499
2026/09/26 04:44:52.692, 22499
2026/09/26 04:44:53.192, 22499
2026/09/26 04:44:53.692, 22499
2026/09/26 04:44:54.192, 22499
2026/09/26 04:44:54.692, 22499
2026/09/26 04:44:55.193, 22499
2026/09/26 04:44:55.693, 22499
2026/09/26 04:44:56.193, 22499
2026/09/26 04:44:56.693, 22499
2026/09/26 04:44:57.193, 22499
2026/09/26 04:44:57.693, 22499
2026/09/26 04:44:58.193, 22499
2026/09/26 04:44:58.694, 22499
2026/09/26 04:44:59.194, 22499
2026/09/26 04:44:59.694, 22499
2026/09/26 04:45:00.194, 22499
2026/09/26 04:45:00.694, 22499
2026/09/26 04:45:01.194, 22499
2026/09/26 04:45:01.694, 22499
2026/09/26 04:45:02.195, 22499
2026/09/26 04:45:02.695, 22499
2026/09/26 04:45:03.195, 22499
2026/09/26 04:45:03.695, 22499
2026/09/26 04:45:04.195, 22499
2026/09/26 04:45:04.695, 22499
2026/09/26 04:45:05.195, 22499
2026/09/26 04:45:05.696, 22499
2026/09/26 04:45:06.196, 22499
2026/09/26 04:45:06.696, 22499
2026/09/26 04:45:07.196, 22499
2026/09/26 04:45:07.696, 22499
2026/09/26 04:45:08.196, 22499
2026/09/26 04:45:08.696, 22499
2026/09/26 04:45:09.197, 22499
2026/09/26 04:45:09.697, 22499
2026/09/26 04:45:10.197, 22499
2026/09/26 04:45:10.697, 22499
2026/09/26 04:45:11.197, 22499
2026/09/26 04:45:11.697, 22499
2026/09/26 04:45:12.198, 22499
2026/09/26 04:45:12.698, 22499
2026/09/26 04:45:13.198, 22499
2026/09/26 04:45:13.698, 22499
2026/09/26 04:45:14.198, 22499
2026/09/26 04:45:14.698, 22499
2026/09/26 04:45:15.199, 22499
2026/09/26 04:45:15.699, 22499
2026/09/26 04:45:16.199, 22499
2026/09/26 04:45:16.699, 22499
2026/09/26 04:45:17.199, 22499
2026/09/26 04:45:17.699, 22499
2026/09/26 04:45:18.199, 22499
2026/09/26 04:45:18.700, 22499
2026/09/26 04:45:19.200, 22499
2026/09/26 04:45:19.700, 22499
2026/09/26 04:45:20.200, 22499
2026/09/26 04:45:20.700, 22499
2026/09/26 04:45:21.201, 22499
2026/09/26 04:45:21.701, 22499
2026/09/26 04:45:22.201, 22499
2026/09/26 04:45:22.701, 22499
2026/09/26 04:45:23.201, 22499
2026/09/26 04:45:23.701, 22499
2026/09/26 04:45:24.202, 22499
2026/09/26 04:45:24.702, 22499
2026/09/26 04:45:25.202, 22499
2026/09/26 04:45:25.702, 22499
2026/09/26 04:45:26.202, 22499
2026/09/26 04:45:26.702, 22499
2026/09/26 04:45:27.202, 22499
2026/09/26 04:45:27.703, 22499
2026/09/26 04:45:28.203, 22499
2026/09/26 04:45:28.703, 22499
2026/09/26 04:45:29.203, 22499
2026/09/26 04:45:29.703, 22499
2026/09/26 04:45:30.203, 22499
2026/09/26 04:45:30.704, 22499
2026/09/26 04:45:31.204, 22499
2026/09/26 04:45:31.704, 22499
2026/09/26 04:45:32.204, 22499
2026/09/26 04:45:32.704, 22499
2026/09/26 04:45:33.204, 22499
2026/09/26 04:45:33.705, 22499
2026/09/26 04:45:34.205, 22499
2026/09/26 04:45:34.705, 22499
2026/09/26 04:45:35.205, 22499
2026/09/26 04:45:35.705, 22499
2026/09/26 04:45:36.205, 22499
2026/09/26 04:45:36.706, 22499
2026/09/26 04:45:37.206, 22499
2026/09/26 04:45:37.706, 22499
2026/09/26 04:45:38.206, 22499
2026/09/26 04:45:38.706, 22499
2026/09/26 04:45:39.206, 22499
2026/09/26 04:45:39.707, 22499
2026/09/26 04:45:40.207, 22499
2026/09/26 04:45:40.707, 22499
2026/09/26 04:45:41.207, 22499
2026/09/26 04:45:41.707, 22499
2026/09/26 04:45:42.207, 22499
2026/09/26 04:45:42.707, 22499
2026/09/26 04:45:43.208, 22499
2026/09/26 04:45:43.708, 22499
2026/09/26 04:45:44.208, 22499
2026/09/26 04:45:44.708, 22499
2026/09/26 04:45:45.208, 22499
2026/09/26 04:45:45.708, 22499
2026/09/26 04:45:46.209, 22499
2026/09/26 04:45:46.709, 22499
2026/09/26 04:45:47.209, 22499
2026/09/26 04:45:47.709, 22499
2026/09/26 04:45:48.209, 22499
2026/09/26 04:45:48.709, 22499
2026/09/26 04:45:49.210, 22499
2026/09/26 04:45:49.710, 22499
2026/09/26 04:45:50.210, 22499
2026/09/26 04:45:50.710, 22499
2026/09/26 04:45:51.210, 22499
2026/09/26 04:45:51.710, 22499
2026/09/26 04:45:52.211, 22499
2026/09/26 04:45:52.711, 22499
2026/09/26 04:45:53.211, 22499
2026/09/26 04:45:53.711, 22499
2026/09/26 04:45:54.211, 22499
2026/09/26 04:45:54.711, 22499
2026/09/26 04:45:55.211, 22499
2026/09/26 04:45:55.712, 22499
2026/09/26 04:45:56.212, 22499
2026/09/26 04:45:56.712, 22499
2026/09/26 04:45:57.212, 22499
2026/09/26 04:45:57.712, 22499
2026/09/26 04:45:58.213, 22499
2026/09/26 04:45:58.713, 22499
2026/09/26 04:45:59.213, 22499
2026/09/26 04:45:59.713, 22499
2026/09/26 04:46:00.213, 22499
2026/09/26 04:46:00.713, 22499
2026/09/26 04:46:01.213, 22499
2026/09/26 04:46:01.714, 22499
2026/09/26 04:46:02.214, 22499
2026/09/26 04:46:02.714, 22499
2026/09/26 04:46:03.214, 22499
2026/09/26 04:46:03.714, 22499
2026/09/26 04:46:04.214, 22499
2026/09/26 04:46:04.715, 22499
2026/09/26 04:46:05.215, 22499
2026/09/26 04:46:05.715, 22499
2026/09/26 04:46:06.215, 22499
2026/09/26 04:46:06.715, 22499
2026/09/26 04:46:07.215, 22499
2026/09/26 04:46:07.716, 22499
2026/09/26 04:46:08.216, 22499
2026/09/26 04:46:08.716, 22499
2026/09/26 04:46:09.216, 22499
2026/09/26 04:46:09.716, 22499
2026/09/26 04:46:10.216, 22499
2026/09/26 04:46:10.717, 22499
2026/09/26 04:46:11.217, 22499
2026/09/26 04:46:11.717, 22499
2026/09/26 04:46:12.217, 22499
2026/09/26 04:46:12.717, 22499
2026/09/26 04:46:13.217, 22499
2026/09/26 04:46:13.718, 22499
2026/09/26 04:46:14.218, 22499
2026/09/26 04:46:14.718, 22499
2026/09/26 04:46:15.218, 22499
2026/09/26 04:46:15.718, 22499
2026/09/26 04:46:16.218, 22499
2026/09/26 04:46:16.719, 22499
2026/09/26 04:46:17.219, 22499
2026/09/26 04:46:17.719, 22499
2026/09/26 04:46:18.219, 22499
2026/09/26 04:46:18.719, 22499
2026/09/26 04:46:19.219, 22499
2026/09/26 04:46:19.720, 22499
2026/09/26 04:46:20.220, 22499
2026/09/26 04:46:20.720, 22499
2026/09/26 04:46:21.220, 22499
2026/09/26 04:46:21.720, 22499
2026/09/26 04:46:22.220, 22499
2026/09/26 04:46:22.721, 22499
2026/09/26 04:46:23.221, 22499
2026/09/26 04:46:23.721, 22499
2026/09/26 04:46:24.221, 22499
2026/09/26 04:46:24.721, 22499
2026/09/26 04:46:25.221, 22499
2026/09/26 04:46:25.722, 22499
2026/09/26 04:46:26.222, 22499
2026/09/26 04:46:26.722, 22499
2026/09/26 04:46:27.222, 22499
2026/09/26 04:46:27.722, 22499
2026/09/26 04:46:28.222, 22499
2026/09/26 04:46:28.723, 22499
2026/09/26 04:46:29.223, 22499
2026/09/26 04:46:29.723, 22499
2026/09/26 04:46:30.223, 22499
2026/09/26 04:46:30.723, 22499
2026/09/26 04:46:31.223, 22499
2026/09/26 04:46:31.724, 22499
2026/09/26 04:46:32.224, 22499
2026/09/26 04:46:32.724, 22499
2026/09/26 04:46:33.224, 22499
2026/09/26 04:46:33.724, 22499
2026/09/26 04:46:34.224, 22499
2026/09/26 04:46:34.725, 22499
2026/09/26 04:46:35.225, 22499
2026/09/26 04:46:35.725, 22499
2026/09/26 04:46:36.225, 22499
2026/09/26 04:46:36.725, 22499
2026/09/26 04:46:37.225, 22499
2026/09/26 04:46:37.726, 22499
2026/09/26 04:46:38.226, 22499
2026/09/26 04:46:38.726, 22499
2026/09/26 04:46:39.226, 22499
2026/09/26 04:46:39.727, 22499
2026/09/26 04:46:40.227, 22499
2026/09/26 04:46:40.727, 22499
2026/09/26 04:46:41.227, 22499
2026/09/26 04:46:41.727, 22499
2026/09/26 04:46:42.227, 22499
2026/09/26 04:46:42.728, 22499
2026/09/26 04:46:43.228, 22499
2026/09/26 04:46:43.728, 22499
2026/09/26 04:46:44.228, 22499
2026/09/26 04:46:44.728, 22499
2026/09/26 04:46:45.228, 22499
2026/09/26 04:46:45.729, 22499
2026/09/26 04:46:46.229, 22499
2026/09/26 04:46:46.729, 22499
2026/09/26 04:46:47.229, 22499
2026/09/26 04:46:47.729, 22499
2026/09/26 04:46:48.230, 22499
2026/09/26 04:46:48.730, 22499
2026/09/26 04:46:49.230, 22499
2026/09/26 04:46:49.730, 22499
2026/09/26 04:46:50.230, 22499
2026/09/26 04:46:50.730, 22499
2026/09/26 04:46:51.231, 22499
2026/09/26 04:46:51.731, 22499
2026/09/26 04:46:52.231, 22499
2026/09/26 04:46:52.731, 22499
2026/09/26 04:46:53.231, 22499
2026/09/26 04:46:53.731, 22499
2026/09/26 04:46:54.232, 22499
2026/09/26 04:46:54.732, 22499
2026/09/26 04:46:55.232, 22499
2026/09/26 04:46:55.732, 22499
2026/09/26 04:46:56.232, 22499
2026/09/26 04:46:56.733, 22499
2026/09/26 04:46:57.233, 22499
2026/09/26 04:46:57.733, 22499
2026/09/26 04:46:58.233, 22499
2026/09/26 04:46:58.733, 22499
2026/09/26 04:46:59.233, 22499
2026/09/26 04:46:59.734, 22499
2026/09/26 04:47:00.234, 22499
2026/09/26 04:47:00.734, 22499
2026/09/26 04:47:01.234, 22499
2026/09/26 04:47:01.734, 22499
2026/09/26 04:47:02.234, 22499
2026/09/26 04:47:02.735, 22499
2026/09/26 04:47:03.235, 22499
2026/09/26 04:47:03.735, 22499
2026/09/26 04:47:04.235, 22499
2026/09/26 04:47:04.735, 22499
2026/09/26 04:47:05.235, 22499
2026/09/26 04:47:05.735, 22499
2026/09/26 04:47:06.236, 22499
2026/09/26 04:47:06.736, 22499
2026/09/26 04:47:07.236, 22499
2026/09/26 04:47:07.736, 22499
2026/09/26 04:47:08.236, 22499
2026/09/26 04:47:08.737, 22499
2026/09/26 04:47:09.237, 22499
2026/09/26 04:47:09.737, 22499
2026/09/26 04:47:10.237, 22499
2026/09/26 04:47:10.737, 22499
2026/09/26 04:47:11.237, 22499
2026/09/26 04:47:11.737, 22499
2026/09/26 04:47:12.238, 22499
2026/09/26 04:47:12.738, 22499
2026/09/26 04:47:13.238, 22499
2026/09/26 04:47:13.738, 22499
2026/09/26 04:47:14.238, 22499
2026/09/26 04:47:14.738, 22499
2026/09/26 04:47:15.239, 22499
2026/09/26 04:47:15.739, 22499
2026/09/26 04:47:16.239, 22499
2026/09/26 04:47:16.739, 22499
2026/09/26 04:47:17.239, 22499
2026/09/26 04:47:17.739, 22499
2026/09/26 04:47:18.239, 22499
2026/09/26 04:47:18.740, 22499
2026/09/26 04:47:19.240, 22499
2026/09/26 04:47:19.740, 22499
2026/09/26 04:47:20.240, 22499
2026/09/26 04:47:20.740, 22499
2026/09/26 04:47:21.240, 22499
2026/09/26 04:47:21.741, 22499
2026/09/26 04:47:22.241, 22499
2026/09/26 04:47:22.741, 22499
2026/09/26 04:47:23.241, 22499
2026/09/26 04:47:23.741, 22499
2026/09/26 04:47:24.241, 22499
2026/09/26 04:47:24.741, 22499
2026/09/26 04:47:25.242, 22499
2026/09/26 04:47:25.742, 22499
2026/09/26 04:47:26.242, 22499
2026/09/26 04:47:26.742, 22499
2026/09/26 04:47:27.242, 22499
2026/09/26 04:47:27.742, 22499
2026/09/26 04:47:28.243, 22499
2026/09/26 04:47:28.743, 22499
2026/09/26 04:47:29.243, 22499
2026/09/26 04:47:29.743, 22499
2026/09/26 04:47:30.243, 22499
2026/09/26 04:47:30.743, 22499
2026/09/26 04:47:31.243, 22499
2026/09/26 04:47:31.744, 22499
2026/09/26 04:47:32.244, 22499
2026/09/26 04:47:32.744, 22499
2026/09/26 04:47:33.244, 22499
2026/09/26 04:47:33.744, 22499
2026/09/26 04:47:34.244, 22499
2026/09/26 04:47:34.745, 22499
2026/09/26 04:47:35.245, 22499
2026/09/26 04:47:35.745, 22499
2026/09/26 04:47:36.245, 22499
2026/09/26 04:47:36.745, 22499
2026/09/26 04:47:37.245, 22499
2026/09/26 04:47:37.746, 22499
2026/09/26 04:47:38.246, 22499
2026/09/26 04:47:38.746, 22499
2026/09/26 04:47:39.246, 22499
2026/09/26 04:47:39.746, 22499
2026/09/26 04:47:40.246, 22499
2026/09/26 04:47:40.746, 22499
2026/09/26 04:47:41.247, 22499
2026/09/26 04:47:41.747, 22499
2026/09/26 04:47:42.247, 22499
2026/09/26 04:47:42.747, 22499
2026/09/26 04:47:43.247, 22499
2026/09/26 04:47:43.747, 22499
2026/09/26 04:47:44.256, 22499
2026/09/26 04:47:44.756, 22499
2026/09/26 04:47:45.256, 22499
2026/09/26 04:47:45.756, 22499
2026/09/26 04:47:46.257, 22499
2026/09/26 04:47:46.757, 22499
2026/09/26 04:47:47.257, 22499
2026/09/26 04:47:47.757, 22499
2026/09/26 04:47:48.257, 22499
2026/09/26 04:47:48.757, 22499
2026/09/26 04:47:49.258, 22499
2026/09/26 04:47:49.758, 22499
2026/09/26 04:47:50.258, 22499
2026/09/26 04:47:50.758, 22499
2026/09/26 04:47:51.258, 22499
2026/09/26 04:47:51.758, 22499
2026/09/26 04:47:52.258, 22499
2026/09/26 04:47:52.759, 22499
2026/09/26 04:47:53.259, 22499
2026/09/26 04:47:53.759, 22499
2026/09/26 04:47:54.259, 22499
2026/09/26 04:47:54.759, 22499
2026/09/26 04:47:55.259, 22499
2026/09/26 04:47:55.760, 22499
2026/09/26 04:47:56.260, 22499
2026/09/26 04:47:56.760, 22499
2026/09/26 04:47:57.260, 22499
2026/09/26 04:47:57.760, 22499
2026/09/26 04:47:58.260, 22499
2026/09/26 04:47:58.761, 22499
2026/09/26 04:47:59.261, 22499
2026/09/26 04:47:59.761, 22499
2026/09/26 04:48:00.261, 22499
2026/09/26 04:48:00.761, 22499
2026/09/26 04:48:01.261, 22499
2026/09/26 04:48:01.762, 22499
2026/09/26 04:48:02.262, 22499
2026/09/26 04:48:02.762, 22499
2026/09/26 04:48:03.262, 22499
2026/09/26 04:48:03.762, 22499
2026/09/26 04:48:04.263, 22499
2026/09/26 04:48:04.763, 22499
2026/09/26 04:48:05.263, 22499
2026/09/26 04:48:05.763, 22499
2026/09/26 04:48:06.263, 22499
2026/09/26 04:48:06.763, 22499
2026/09/26 04:48:07.264, 22499
2026/09/26 04:48:07.764, 22499
2026/09/26 04:48:08.264, 22499
2026/09/26 04:48:08.764, 22499
2026/09/26 04:48:09.264, 22499
2026/09/26 04:48:09.764, 22499
2026/09/26 04:48:10.265, 22499
2026/09/26 04:48:10.765, 22499
2026/09/26 04:48:11.265, 22499
2026/09/26 04:48:11.765, 22499
2026/09/26 04:48:12.265, 22499
2026/09/26 04:48:12.765, 22499
2026/09/26 04:48:13.266, 22499
2026/09/26 04:48:13.766, 22499
2026/09/26 04:48:14.266, 22499
2026/09/26 04:48:14.766, 22499
2026/09/26 04:48:15.266, 22499
2026/09/26 04:48:15.766, 22499
2026/09/26 04:48:16.267, 22499
2026/09/26 04:48:16.767, 22499
2026/09/26 04:48:17.267, 22499
2026/09/26 04:48:17.767, 22499
2026/09/26 04:48:18.267, 22499
2026/09/26 04:48:18.767, 22499
2026/09/26 04:48:19.268, 22499
2026/09/26 04:48:19.768, 22499
2026/09/26 04:48:20.268, 22499
2026/09/26 04:48:20.768, 22499
2026/09/26 04:48:21.268, 22499
2026/09/26 04:48:21.768, 22499
2026/09/26 04:48:22.269, 22499
2026/09/26 04:48:22.769, 22499
2026/09/26 04:48:23.269, 22499
2026/09/26 04:48:23.769, 22499
2026/09/26 04:48:24.269, 22499
2026/09/26 04:48:24.769, 22499
2026/09/26 04:48:25.270, 22499
2026/09/26 04:48:25.770, 22499
2026/09/26 04:48:26.270, 22499
2026/09/26 04:48:26.770, 22499
2026/09/26 04:48:27.270, 22499
2026/09/26 04:48:27.771, 22499
2026/09/26 04:48:28.271, 22499
2026/09/26 04:48:28.771, 22499
2026/09/26 04:48:29.271, 22499
2026/09/26 04:48:29.771, 22499
2026/09/26 04:48:30.271, 22499
2026/09/26 04:48:30.772, 22499
2026/09/26 04:48:31.272, 22499
2026/09/26 04:48:31.772, 22499
2026/09/26 04:48:32.272, 22499
2026/09/26 04:48:32.772, 22499
2026/09/26 04:48:33.272, 22499
2026/09/26 04:48:33.773, 22499
2026/09/26 04:48:34.273, 22499
2026/09/26 04:48:34.773, 22499
2026/09/26 04:48:35.273, 22499
2026/09/26 04:48:35.773, 22499
2026/09/26 04:48:36.273, 22499
2026/09/26 04:48:36.774, 22499
2026/09/26 04:48:37.274, 22499
2026/09/26 04:48:37.774, 22499
2026/09/26 04:48:38.274, 22499
2026/09/26 04:48:38.774, 22499
2026/09/26 04:48:39.274, 22499
2026/09/26 04:48:39.775, 22499
2026/09/26 04:48:40.275, 22499
2026/09/26 04:48:40.775, 22499
2026/09/26 04:48:41.275, 22499
2026/09/26 04:48:41.775, 22499
2026/09/26 04:48:42.275, 22499
2026/09/26 04:48:42.775, 22499
2026/09/26 04:48:43.276, 22499
2026/09/26 04:48:43.776, 22499
2026/09/26 04:48:44.276, 22499
2026/09/26 04:48:44.776, 22499
2026/09/26 04:48:45.276, 22499
2026/09/26 04:48:45.777, 22499
2026/09/26 04:48:46.277, 22499
2026/09/26 04:48:46.777, 22499
2026/09/26 04:48:47.277, 22499
2026/09/26 04:48:47.777, 22499
2026/09/26 04:48:48.277, 22499
2026/09/26 04:48:48.777, 22499
2026/09/26 04:48:49.278, 22499
2026/09/26 04:48:49.778, 22499
2026/09/26 04:48:50.278, 22499
2026/09/26 04:48:50.778, 22499
2026/09/26 04:48:51.278, 22499
2026/09/26 04:48:51.778, 22499
2026/09/26 04:48:52.278, 22499
2026/09/26 04:48:52.779, 22499
2026/09/26 04:48:53.279, 22499
2026/09/26 04:48:53.779, 22499
2026/09/26 04:48:54.279, 22499
2026/09/26 04:48:54.779, 22499
2026/09/26 04:48:55.279, 22499
2026/09/26 04:48:55.780, 22499
2026/09/26 04:48:56.280, 22499
2026/09/26 04:48:56.780, 22499
2026/09/26 04:48:57.280, 22499
2026/09/26 04:48:57.780, 22499
2026/09/26 04:48:58.280, 22499
2026/09/26 04:48:58.781, 22499
2026/09/26 04:48:59.281, 22499
2026/09/26 04:48:59.781, 22499
2026/09/26 04:49:00.281, 22499
2026/09/26 04:49:00.781, 22499
2026/09/26 04:49:01.281, 22499
2026/09/26 04:49:01.781, 22499
2026/09/26 04:49:02.282, 22499
2026/09/26 04:49:02.782, 22499
2026/09/26 04:49:03.282, 22499
2026/09/26 04:49:03.782, 22499
2026/09/26 04:49:04.282, 22499
2026/09/26 04:49:04.782, 22499
2026/09/26 04:49:05.283, 22499
2026/09/26 04:49:05.783, 22499
2026/09/26 04:49:06.283, 22499
2026/09/26 04:49:06.783, 22499
2026/09/26 04:49:07.283, 22499
2026/09/26 04:49:07.783, 22499
2026/09/26 04:49:08.284, 22499
2026/09/26 04:49:08.784, 22499
2026/09/26 04:49:09.284, 22499
2026/09/26 04:49:09.784, 22499
2026/09/26 04:49:10.284, 22499
2026/09/26 04:49:10.784, 22499
2026/09/26 04:49:11.285, 22499
2026/09/26 04:49:11.785, 22499
2026/09/26 04:49:12.285, 22499
2026/09/26 04:49:12.785, 22499
2026/09/26 04:49:13.285, 22499
2026/09/26 04:49:13.785, 22499
2026/09/26 04:49:14.286, 22499
2026/09/26 04:49:14.786, 22499
2026/09/26 04:49:15.286, 22499
2026/09/26 04:49:15.786, 22499
2026/09/26 04:49:16.286, 22499
2026/09/26 04:49:16.786, 22499
2026/09/26 04:49:17.286, 22499
2026/09/26 04:49:17.787, 22499
2026/09/26 04:49:18.287, 22499
2026/09/26 04:49:18.787, 22499
2026/09/26 04:49:19.287, 22499
2026/09/26 04:49:19.787, 22499
2026/09/26 04:49:20.287, 22499
2026/09/26 04:49:20.788, 22499
2026/09/26 04:49:21.288, 22499
2026/09/26 04:49:21.788, 22499
2026/09/26 04:49:22.288, 22499
2026/09/26 04:49:22.788, 22499
2026/09/26 04:49:23.288, 22499
2026/09/26 04:49:23.789, 22499
2026/09/26 04:49:24.289, 22499
2026/09/26 04:49:24.789, 22499
2026/09/26 04:49:25.289, 22499
2026/09/26 04:49:25.789, 22499
2026/09/26 04:49:26.289, 22499
2026/09/26 04:49:26.790, 22499
2026/09/26 04:49:27.290, 22499
2026/09/26 04:49:27.790, 22499
2026/09/26 04:49:28.290, 22499
2026/09/26 04:49:28.791, 22499
2026/09/26 04:49:29.291, 22499
2026/09/26 04:49:29.792, 22499
2026/09/26 04:49:30.292, 22499
2026/09/26 04:49:30.792, 22499
2026/09/26 04:49:31.292, 22499
2026/09/26 04:49:31.792, 22499
2026/09/26 04:49:32.292, 22499
2026/09/26 04:49:32.793, 22499
2026/09/26 04:49:33.293, 22499
2026/09/26 04:49:33.793, 22499
2026/09/26 04:49:34.293, 22499
2026/09/26 04:49:34.793, 22499
2026/09/26 04:49:35.294, 22499
2026/09/26 04:49:35.794, 22499
2026/09/26 04:49:36.294, 22499
2026/09/26 04:49:36.794, 22499
2026/09/26 04:49:37.294, 22499
2026/09/26 04:49:37.794, 22499
2026/09/26 04:49:38.295, 22499
2026/09/26 04:49:38.795, 22499
2026/09/26 04:49:39.295, 22499
2026/09/26 04:49:39.795, 22499
2026/09/26 04:49:40.295, 22499
2026/09/26 04:49:40.796, 22499
2026/09/26 04:49:41.296, 22499
2026/09/26 04:49:41.796, 22499
2026/09/26 04:49:42.296, 22499
2026/09/26 04:49:42.796, 22499
2026/09/26 04:49:43.296, 22499
2026/09/26 04:49:43.797, 22499
2026/09/26 04:49:44.297, 22499
2026/09/26 04:49:44.797, 22499
2026/09/26 04:49:45.297, 22499
2026/09/26 04:49:45.797, 22499
2026/09/26 04:49:46.298, 22499
2026/09/26 04:49:46.798, 22499
2026/09/26 04:49:47.298, 22499
2026/09/26 04:49:47.798, 22499
2026/09/26 04:49:48.298, 22499
2026/09/26 04:49:48.799, 22499
2026/09/26 04:49:49.299, 22499
2026/09/26 04:49:49.799, 22499
2026/09/26 04:49:50.299, 22499
2026/09/26 04:49:50.799, 22499
2026/09/26 04:49:51.299, 22499
2026/09/26 04:49:51.799, 22499
2026/09/26 04:49:52.300, 22499
2026/09/26 04:49:52.800, 22499
2026/09/26 04:49:53.300, 22499
2026/09/26 04:49:53.800, 22499
2026/09/26 04:49:54.300, 22499
2026/09/26 04:49:54.800, 22499
2026/09/26 04:49:55.301, 22499
2026/09/26 04:49:55.801, 22499
2026/09/26 04:49:56.301, 22499
2026/09/26 04:49:56.801, 22499
2026/09/26 04:49:57.301, 22499
2026/09/26 04:49:57.801, 22499
2026/09/26 04:49:58.302, 22499
2026/09/26 04:49:58.802, 22499
2026/09/26 04:49:59.302, 22499
2026/09/26 04:49:59.802, 22499
2026/09/26 04:50:00.302, 22499
2026/09/26 04:50:00.802, 22499
2026/09/26 04:50:01.303, 22499
2026/09/26 04:50:01.803, 22499
2026/09/26 04:50:02.303, 22499
2026/09/26 04:50:02.803, 22499
2026/09/26 04:50:03.303, 22499
2026/09/26 04:50:03.803, 22499
2026/09/26 04:50:04.304, 22499
2026/09/26 04:50:04.804, 22499
2026/09/26 04:50:05.304, 22499
2026/09/26 04:50:05.804, 22499
2026/09/26 04:50:06.304, 22499
2026/09/26 04:50:06.804, 22499
2026/09/26 04:50:07.305, 22499
2026/09/26 04:50:07.805, 22499
2026/09/26 04:50:08.305, 22499
2026/09/26 04:50:08.805, 22499
2026/09/26 04:50:09.305, 22499
2026/09/26 04:50:09.805, 22499
2026/09/26 04:50:10.306, 22499
2026/09/26 04:50:10.806, 22499
2026/09/26 04:50:11.306, 22499
2026/09/26 04:50:11.806, 22499
2026/09/26 04:50:12.306, 22499
2026/09/26 04:50:12.806, 22499
2026/09/26 04:50:13.307, 22499
2026/09/26 04:50:13.807, 22499
2026/09/26 04:50:14.307, 22499
2026/09/26 04:50:14.807, 22499
2026/09/26 04:50:15.307, 22499
2026/09/26 04:50:15.807, 22499
2026/09/26 04:50:16.308, 22499
2026/09/26 04:50:16.808, 22499
2026/09/26 04:50:17.308, 22499
2026/09/26 04:50:17.808, 22499
2026/09/26 04:50:18.308, 22499
2026/09/26 04:50:18.809, 22499
2026/09/26 04:50:19.309, 22499
2026/09/26 04:50:19.809, 22499
2026/09/26 04:50:20.309, 22499
2026/09/26 04:50:20.809, 22499
2026/09/26 04:50:21.309, 22499
2026/09/26 04:50:21.810, 22499
2026/09/26 04:50:22.310, 22499
2026/09/26 04:50:22.810, 22499
2026/09/26 04:50:23.310, 22499
2026/09/26 04:50:23.810, 22499
2026/09/26 04:50:24.310, 22499
2026/09/26 04:50:24.811, 22499
2026/09/26 04:50:25.311, 22499
2026/09/26 04:50:25.811, 22499
2026/09/26 04:50:26.311, 22499
2026/09/26 04:50:26.811, 22499
2026/09/26 04:50:27.311, 22499
2026/09/26 04:50:27.812, 22499
2026/09/26 04:50:28.312, 22499
2026/09/26 04:50:28.812, 22499
2026/09/26 04:50:29.312, 22499
2026/09/26 04:50:29.812, 22499
2026/09/26 04:50:30.313, 22499
2026/09/26 04:50:30.813, 22499
2026/09/26 04:50:31.313, 22499
2026/09/26 04:50:31.813, 22499
2026/09/26 04:50:32.313, 22499
2026/09/26 04:50:32.813, 22499
2026/09/26 04:50:33.314, 22499
2026/09/26 04:50:33.814, 22499
2026/09/26 04:50:34.314, 22499
2026/09/26 04:50:34.814, 22499
2026/09/26 04:50:35.314, 22499
2026/09/26 04:50:35.815, 22499
2026/09/26 04:50:36.315, 22499
2026/09/26 04:50:36.815, 22499
2026/09/26 04:50:37.315, 22499
2026/09/26 04:50:37.815, 22499
2026/09/26 04:50:38.315, 22499
2026/09/26 04:50:38.816, 22499
2026/09/26 04:50:39.316, 22499
2026/09/26 04:50:39.816, 22499
2026/09/26 04:50:40.316, 22499
2026/09/26 04:50:40.816, 22499
2026/09/26 04:50:41.317, 22499
2026/09/26 04:50:41.817, 22499
2026/09/26 04:50:42.317, 22499
2026/09/26 04:50:42.817, 22499
2026/09/26 04:50:43.317, 22499
2026/09/26 04:50:43.818, 22499
2026/09/26 04:50:44.318, 22499
2026/09/26 04:50:44.818, 22499
2026/09/26 04:50:45.318, 22499
2026/09/26 04:50:45.818, 22499
2026/09/26 04:50:46.318, 22499
2026/09/26 04:50:46.819, 22499
2026/09/26 04:50:47.319, 22499
2026/09/26 04:50:47.819, 22499
2026/09/26 04:50:48.319, 22499
2026/09/26 04:50:48.819, 22499
2026/09/26 04:50:49.320, 22499
2026/09/26 04:50:49.820, 22499
2026/09/26 04:50:50.320, 22499
2026/09/26 04:50:50.820, 22499
2026/09/26 04:50:51.320, 22499
2026/09/26 04:50:51.820, 22499
2026/09/26 04:50:52.321, 22499
2026/09/26 04:50:52.821, 22499
2026/09/26 04:50:53.321, 22499
2026/09/26 04:50:53.821, 22499
2026/09/26 04:50:54.321, 22499
2026/09/26 04:50:54.822, 22499
2026/09/26 04:50:55.322, 22499
2026/09/26 04:50:55.822, 22499
2026/09/26 04:50:56.322, 22499
2026/09/26 04:50:56.822, 22499
2026/09/26 04:50:57.322, 22499
2026/09/26 04:50:57.823, 22499
2026/09/26 04:50:58.323, 22499
2026/09/26 04:50:58.823, 22499
2026/09/26 04:50:59.323, 22499
2026/09/26 04:50:59.823, 22499
2026/09/26 04:51:00.323, 22499
2026/09/26 04:51:00.824, 22499
2026/09/26 04:51:01.324, 22499
2026/09/26 04:51:01.824, 22499
2026/09/26 04:51:02.324, 22499
2026/09/26 04:51:02.824, 22499
2026/09/26 04:51:03.324, 22499
2026/09/26 04:51:03.825, 22499
2026/09/26 04:51:04.325, 22499
2026/09/26 04:51:04.825, 22499
2026/09/26 04:51:05.325, 22499
2026/09/26 04:51:05.825, 22499
2026/09/26 04:51:06.326, 22499
2026/09/26 04:51:06.826, 22499
2026/09/26 04:51:07.326, 22499
2026/09/26 04:51:07.826, 22499
2026/09/26 04:51:08.326, 22499
2026/09/26 04:51:08.826, 22499
2026/09/26 04:51:09.327, 22499
2026/09/26 04:51:09.827, 22499
2026/09/26 04:51:10.327, 22499
2026/09/26 04:51:10.827, 22499
2026/09/26 04:51:11.327, 22499
2026/09/26 04:51:11.827, 22499
2026/09/26 04:51:12.328, 22499
2026/09/26 04:51:12.828, 22499
2026/09/26 04:51:13.328, 22499
2026/09/26 04:51:13.828, 22499
2026/09/26 04:51:14.328, 22499
2026/09/26 04:51:14.829, 22499
2026/09/26 04:51:15.329, 22499
2026/09/26 04:51:15.829, 22499
2026/09/26 04:51:16.329, 22499
2026/09/26 04:51:16.829, 22499
2026/09/26 04:51:17.329, 22499
2026/09/26 04:51:17.830, 22499
2026/09/26 04:51:18.330, 22499
2026/09/26 04:51:18.830, 22499
2026/09/26 04:51:19.330, 22499
2026/09/26 04:51:19.830, 22499
2026/09/26 04:51:20.330, 22499
2026/09/26 04:51:20.831, 22499
2026/09/26 04:51:21.331, 22499
2026/09/26 04:51:21.831, 22499
2026/09/26 04:51:22.331, 22499
2026/09/26 04:51:22.831, 22499
2026/09/26 04:51:23.332, 22499
2026/09/26 04:51:23.832, 22499
2026/09/26 04:51:24.332, 22499
2026/09/26 04:51:24.832, 22499
2026/09/26 04:51:25.332, 22499
2026/09/26 04:51:25.832, 22499
2026/09/26 04:51:26.333, 22499
2026/09/26 04:51:26.833, 22499
2026/09/26 04:51:27.333, 22499
2026/09/26 04:51:27.833, 22499
2026/09/26 04:51:28.333, 22499
2026/09/26 04:51:28.833, 22499
2026/09/26 04:51:29.334, 22499
2026/09/26 04:51:29.834, 22499
2026/09/26 04:51:30.334, 22499
2026/09/26 04:51:30.834, 22499
2026/09/26 04:51:31.334, 22499
2026/09/26 04:51:31.834, 22499
2026/09/26 04:51:32.335, 22499
2026/09/26 04:51:32.835, 22499
2026/09/26 04:51:33.335, 22499
2026/09/26 04:51:33.835, 22499
2026/09/26 04:51:34.335, 22499
2026/09/26 04:51:34.835, 22499
2026/09/26 04:51:35.336, 22499
2026/09/26 04:51:35.836, 22499
2026/09/26 04:51:36.336, 22499
2026/09/26 04:51:36.836, 22499
2026/09/26 04:51:37.336, 22499
2026/09/26 04:51:37.836, 22499
2026/09/26 04:51:38.337, 22499
2026/09/26 04:51:38.837, 22499
2026/09/26 04:51:39.337, 22499
2026/09/26 04:51:39.837, 22499
2026/09/26 04:51:40.337, 22499
2026/09/26 04:51:40.837, 22499
2026/09/26 04:51:41.338, 22499
2026/09/26 04:51:41.838, 22499
2026/09/26 04:51:42.338, 22499
2026/09/26 04:51:42.838, 22499
2026/09/26 04:51:43.338, 22499
2026/09/26 04:51:43.838, 22499
2026/09/26 04:51:44.339, 22499
2026/09/26 04:51:44.839, 22499
2026/09/26 04:51:45.339, 22499
2026/09/26 04:51:45.839, 22499
2026/09/26 04:51:46.339, 22499
2026/09/26 04:51:46.839, 22499
2026/09/26 04:51:47.340, 22499
2026/09/26 04:51:47.840, 22499
2026/09/26 04:51:48.340, 22499
2026/09/26 04:51:48.840, 22499
2026/09/26 04:51:49.340, 22499
2026/09/26 04:51:49.840, 22499
2026/09/26 04:51:50.341, 22499
2026/09/26 04:51:50.841, 22499
2026/09/26 04:51:51.341, 22499
2026/09/26 04:51:51.841, 22499
2026/09/26 04:51:52.341, 22499
2026/09/26 04:51:52.841, 22499
2026/09/26 04:51:53.342, 22499
2026/09/26 04:51:53.842, 22499
2026/09/26 04:51:54.342, 22499
2026/09/26 04:51:54.842, 22499
2026/09/26 04:51:55.342, 22499
2026/09/26 04:51:55.842, 22499
2026/09/26 04:51:56.343, 22499
2026/09/26 04:51:56.843, 22499
2026/09/26 04:51:57.343, 22499
2026/09/26 04:51:57.843, 22499
2026/09/26 04:51:58.343, 22499
2026/09/26 04:51:58.843, 22499
2026/09/26 04:51:59.344, 22499
2026/09/26 04:51:59.844, 22499
2026/09/26 04:52:00.344, 22499
2026/09/26 04:52:00.844, 22499
2026/09/26 04:52:01.344, 22499
2026/09/26 04:52:01.844, 22499
2026/09/26 04:52:02.345, 22499
2026/09/26 04:52:02.845, 22499
2026/09/26 04:52:03.345, 22499
2026/09/26 04:52:03.845, 22499
2026/09/26 04:52:04.345, 22499
2026/09/26 04:52:04.845, 22499
2026/09/26 04:52:05.346, 22499
2026/09/26 04:52:05.846, 22499
2026/09/26 04:52:06.346, 22499
2026/09/26 04:52:06.846, 22499
2026/09/26 04:52:07.346, 22499
2026/09/26 04:52:07.846, 22499
2026/09/26 04:52:08.347, 22499
2026/09/26 04:52:08.847, 22499
2026/09/26 04:52:09.347, 22499
2026/09/26 04:52:09.847, 22499
2026/09/26 04:52:10.347, 22499
2026/09/26 04:52:10.847, 22499
2026/09/26 04:52:11.348, 22499
2026/09/26 04:52:11.848, 22499
2026/09/26 04:52:12.348, 22499
2026/09/26 04:52:12.848, 22499
2026/09/26 04:52:13.348, 22499
2026/09/26 04:52:13.848, 22499
2026/09/26 04:52:14.349, 22499
2026/09/26 04:52:14.849, 22499
2026/09/26 04:52:15.349, 22499
2026/09/26 04:52:15.849, 22499
2026/09/26 04:52:16.349, 22499
2026/09/26 04:52:16.849, 22499
2026/09/26 04:52:17.350, 22499
2026/09/26 04:52:17.850, 22499
2026/09/26 04:52:18.350, 22499
2026/09/26 04:52:18.850, 22499
2026/09/26 04:52:19.350, 22499
2026/09/26 04:52:19.850, 22499
2026/09/26 04:52:20.351, 22499
2026/09/26 04:52:20.851, 22499
2026/09/26 04:52:21.351, 22499
2026/09/26 04:52:21.851, 22499
2026/09/26 04:52:22.351, 22499
2026/09/26 04:52:22.851, 22499
2026/09/26 04:52:23.352, 22499
2026/09/26 04:52:23.852, 22499
2026/09/26 04:52:24.352, 22499
2026/09/26 04:52:24.852, 22499
2026/09/26 04:52:25.352, 22499
2026/09/26 04:52:25.852, 22499
2026/09/26 04:52:26.353, 22499
2026/09/26 04:52:26.853, 22499
2026/09/26 04:52:27.353, 22499
2026/09/26 04:52:27.853, 22499
2026/09/26 04:52:28.353, 22499
2026/09/26 04:52:28.853, 22499
2026/09/26 04:52:29.354, 22499
2026/09/26 04:52:29.854, 22499
2026/09/26 04:52:30.354, 22499
2026/09/26 04:52:30.854, 22499
2026/09/26 04:52:31.354, 22499
2026/09/26 04:52:31.854, 22499
2026/09/26 04:52:32.355, 22499
2026/09/26 04:52:32.855, 22499
2026/09/26 04:52:33.355, 22499
2026/09/26 04:52:33.855, 22499
2026/09/26 04:52:34.355, 22499
2026/09/26 04:52:34.855, 22499
2026/09/26 04:52:35.355, 22499
2026/09/26 04:52:35.856, 22499
2026/09/26 04:52:36.356, 22499
2026/09/26 04:52:36.856, 22499
2026/09/26 04:52:37.356, 22499
2026/09/26 04:52:37.856, 22499
2026/09/26 04:52:38.356, 22499
2026/09/26 04:52:38.857, 22499
2026/09/26 04:52:39.357, 22499
2026/09/26 04:52:39.857, 22499
2026/09/26 04:52:40.357, 22499
2026/09/26 04:52:40.857, 22499
2026/09/26 04:52:41.357, 22499
2026/09/26 04:52:41.857, 22499
2026/09/26 04:52:42.358, 22499
2026/09/26 04:52:42.858, 22499
2026/09/26 04:52:43.358, 22499
2026/09/26 04:52:43.858, 22499
2026/09/26 04:52:44.358, 22499
2026/09/26 04:52:44.858, 22499
2026/09/26 04:52:45.359, 22499
2026/09/26 04:52:45.859, 22499
2026/09/26 04:52:46.359, 22499
2026/09/26 04:52:46.859, 22499
2026/09/26 04:52:47.360, 22499
2026/09/26 04:52:47.860, 22499
2026/09/26 04:52:48.360, 22499
2026/09/26 04:52:48.860, 22499
2026/09/26 04:52:49.360, 22499
2026/09/26 04:52:49.860, 22499
2026/09/26 04:52:50.361, 22499
2026/09/26 04:52:50.861, 22499
2026/09/26 04:52:51.361, 22499
2026/09/26 04:52:51.861, 22499
2026/09/26 04:52:52.361, 22499
2026/09/26 04:52:52.861, 22499
2026/09/26 04:52:53.362, 22499
2026/09/26 04:52:53.862, 22499
2026/09/26 04:52:54.362, 22499
2026/09/26 04:52:54.862, 22499
2026/09/26 04:52:55.362, 22499
2026/09/26 04:52:55.862, 22499
2026/09/26 04:52:56.363, 22499
2026/09/26 04:52:56.863, 22499
2026/09/26 04:52:57.363, 22499
2026/09/26 04:52:57.863, 22499
2026/09/26 04:52:58.363, 22499
2026/09/26 04:52:58.864, 22499
2026/09/26 04:52:59.364, 22499
2026/09/26 04:52:59.864, 22499
2026/09/26 04:53:00.364, 22499
2026/09/26 04:53:00.864, 22499
2026/09/26 04:53:01.365, 22499
2026/09/26 04:53:01.865, 22499
2026/09/26 04:53:02.365, 22499
2026/09/26 04:53:02.865, 22499
2026/09/26 04:53:03.365, 22499
2026/09/26 04:53:03.866, 22499
2026/09/26 04:53:04.366, 22499
2026/09/26 04:53:04.866, 22499
2026/09/26 04:53:05.366, 22499
2026/09/26 04:53:05.866, 22499
2026/09/26 04:53:06.366, 22499
2026/09/26 04:53:06.867, 22499
2026/09/26 04:53:07.367, 22499
2026/09/26 04:53:07.867, 22499
2026/09/26 04:53:08.367, 22499
2026/09/26 04:53:08.867, 22499
2026/09/26 04:53:09.367, 22499
2026/09/26 04:53:09.868, 22499
2026/09/26 04:53:10.368, 22499
2026/09/26 04:53:10.868, 22499
2026/09/26 04:53:11.368, 22499
2026/09/26 04:53:11.868, 22499
2026/09/26 04:53:12.369, 22499
2026/09/26 04:53:12.869, 22499
2026/09/26 04:53:13.369, 22499
2026/09/26 04:53:13.869, 22499
2026/09/26 04:53:14.369, 22499
2026/09/26 04:53:14.869, 22499
2026/09/26 04:53:15.370, 22499
2026/09/26 04:53:15.870, 22499
2026/09/26 04:53:16.370, 22499
2026/09/26 04:53:16.870, 22499
2026/09/26 04:53:17.370, 22499
2026/09/26 04:53:17.870, 22499
2026/09/26 04:53:18.371, 22499
2026/09/26 04:53:18.871, 22499
2026/09/26 04:53:19.371, 22499
2026/09/26 04:53:19.871, 22499
2026/09/26 04:53:20.371, 22499
2026/09/26 04:53:20.871, 22499
2026/09/26 04:53:21.372, 22499
2026/09/26 04:53:21.872, 22499
2026/09/26 04:53:22.372, 22499
2026/09/26 04:53:22.872, 22499
2026/09/26 04:53:23.373, 22499
2026/09/26 04:53:23.873, 22499
2026/09/26 04:53:24.373, 22499
2026/09/26 04:53:24.873, 22499
2026/09/26 04:53:25.373, 22499
2026/09/26 04:53:25.873, 22499
2026/09/26 04:53:26.374, 22499
2026/09/26 04:53:26.874, 22499
2026/09/26 04:53:27.374, 22499
2026/09/26 04:53:27.874, 22499
2026/09/26 04:53:28.374, 22499
2026/09/26 04:53:28.874, 22499
2026/09/26 04:53:29.375, 22499
2026/09/26 04:53:29.875, 22499
2026/09/26 04:53:30.375, 22499
2026/09/26 04:53:30.875, 22499
2026/09/26 04:53:31.375, 22499
2026/09/26 04:53:31.875, 22499
2026/09/26 04:53:32.376, 22499
2026/09/26 04:53:32.876, 22499
2026/09/26 04:53:33.376, 22499
2026/09/26 04:53:33.876, 22499
2026/09/26 04:53:34.376, 22499
2026/09/26 04:53:34.877, 22499
2026/09/26 04:53:35.377, 22499
2026/09/26 04:53:35.877, 22499
2026/09/26 04:53:36.377, 22499
2026/09/26 04:53:36.877, 22499
2026/09/26 04:53:37.377, 22499
2026/09/26 04:53:37.878, 22499
2026/09/26 04:53:38.378, 22499
2026/09/26 04:53:38.878, 22499
2026/09/26 04:53:39.378, 22499
2026/09/26 04:53:39.878, 22499
2026/09/26 04:53:40.378, 22499
2026/09/26 04:53:40.879, 22499
2026/09/26 04:53:41.379, 22499
2026/09/26 04:53:41.879, 22499
2026/09/26 04:53:42.379, 22499
2026/09/26 04:53:42.879, 22499
2026/09/26 04:53:43.379, 22499
2026/09/26 04:53:43.880, 22499
2026/09/26 04:53:44.380, 22499
2026/09/26 04:53:44.880, 22499
2026/09/26 04:53:45.380, 22499
2026/09/26 04:53:45.882, 22499
2026/09/26 04:53:46.382, 22499
2026/09/26 04:53:46.882, 22499
2026/09/26 04:53:47.383, 22499
2026/09/26 04:53:47.883, 22499
2026/09/26 04:53:48.383, 22499
2026/09/26 04:53:48.883, 22499
2026/09/26 04:53:49.383, 22499
2026/09/26 04:53:49.883, 22499
2026/09/26 04:53:50.384, 22499
2026/09/26 04:53:50.884, 22499
2026/09/26 04:53:51.384, 22499
2026/09/26 04:53:51.884, 22499
2026/09/26 04:53:52.384, 22499
2026/09/26 04:53:52.884, 22499
2026/09/26 04:53:53.385, 22499
2026/09/26 04:53:53.885, 22499
2026/09/26 04:53:54.385, 22499
2026/09/26 04:53:54.885, 22499
2026/09/26 04:53:55.385, 22499
2026/09/26 04:53:55.885, 22499
2026/09/26 04:53:56.386, 22499
2026/09/26 04:53:56.886, 22499
2026/09/26 04:53:57.386, 22499
2026/09/26 04:53:57.886, 22499
2026/09/26 04:53:58.386, 22499
2026/09/26 04:53:58.887, 22499
2026/09/26 04:53:59.387, 22499
2026/09/26 04:53:59.887, 22499
2026/09/26 04:54:00.387, 22499
2026/09/26 04:54:00.887, 22499
2026/09/26 04:54:01.387, 22499
2026/09/26 04:54:01.888, 22499
2026/09/26 04:54:02.388, 22499
2026/09/26 04:54:02.888, 22499
2026/09/26 04:54:03.388, 22499
2026/09/26 04:54:03.888, 22499
2026/09/26 04:54:04.388, 22499
2026/09/26 04:54:04.889, 22499
2026/09/26 04:54:05.389, 22499
2026/09/26 04:54:05.889, 22499
2026/09/26 04:54:06.389, 22499
2026/09/26 04:54:06.889, 22499
2026/09/26 04:54:07.389, 22499
2026/09/26 04:54:07.890, 22499
2026/09/26 04:54:08.390, 22499
2026/09/26 04:54:08.890, 22499
2026/09/26 04:54:09.390, 22499
2026/09/26 04:54:09.890, 22499
2026/09/26 04:54:10.390, 22499
2026/09/26 04:54:10.891, 22499
2026/09/26 04:54:11.391, 22499
2026/09/26 04:54:11.891, 22499
2026/09/26 04:54:12.391, 22499
2026/09/26 04:54:12.891, 22499
2026/09/26 04:54:13.391, 22499
2026/09/26 04:54:13.892, 22499
2026/09/26 04:54:14.392, 22499
2026/09/26 04:54:14.892, 22499
2026/09/26 04:54:15.392, 22499
2026/09/26 04:54:15.892, 22499
2026/09/26 04:54:16.393, 22499
2026/09/26 04:54:16.893, 22499
2026/09/26 04:54:17.393, 22499
2026/09/26 04:54:17.893, 22499
2026/09/26 04:54:18.393, 22499
2026/09/26 04:54:18.893, 22499
2026/09/26 04:54:19.393, 22499
2026/09/26 04:54:19.894, 22499
2026/09/26 04:54:20.394, 22499
2026/09/26 04:54:20.894, 22499
2026/09/26 04:54:21.394, 22499
2026/09/26 04:54:21.894, 22499
2026/09/26 04:54:22.394, 22499
2026/09/26 04:54:22.895, 22499
2026/09/26 04:54:23.395, 22499
2026/09/26 04:54:23.895, 22499
2026/09/26 04:54:24.395, 22499
2026/09/26 04:54:24.895, 22499
2026/09/26 04:54:25.395, 22499
2026/09/26 04:54:25.896, 22499
2026/09/26 04:54:26.396, 22499
2026/09/26 04:54:26.896, 22499
2026/09/26 04:54:27.396, 22499
2026/09/26 04:54:27.896, 22499
2026/09/26 04:54:28.396, 22499
2026/09/26 04:54:28.897, 22499
2026/09/26 04:54:29.397, 22499
2026/09/26 04:54:29.897, 22499
2026/09/26 04:54:30.397, 22499
2026/09/26 04:54:30.897, 22499
2026/09/26 04:54:31.397, 22499
2026/09/26 04:54:31.898, 22499
2026/09/26 04:54:32.398, 22499
2026/09/26 04:54:32.898, 22499
2026/09/26 04:54:33.398, 22499
2026/09/26 04:54:33.898, 22499
2026/09/26 04:54:34.399, 22499
2026/09/26 04:54:34.899, 22499
2026/09/26 04:54:35.399, 22499
2026/09/26 04:54:35.899, 22499
2026/09/26 04:54:36.399, 22499
2026/09/26 04:54:36.899, 22499
2026/09/26 04:54:37.400, 22499
2026/09/26 04:54:37.900, 22499
2026/09/26 04:54:38.400, 22499
2026/09/26 04:54:38.900, 22499
2026/09/26 04:54:39.400, 22499
2026/09/26 04:54:39.900, 22499
2026/09/26 04:54:40.401, 22499
2026/09/26 04:54:40.901, 22499
2026/09/26 04:54:41.401, 22499
2026/09/26 04:54:41.901, 22499
2026/09/26 04:54:42.401, 22499
2026/09/26 04:54:42.901, 22499
2026/09/26 04:54:43.402, 22499
2026/09/26 04:54:43.902, 22499
2026/09/26 04:54:44.402, 22499
2026/09/26 04:54:44.902, 22499
2026/09/26 04:54:45.402, 22499
2026/09/26 04:54:45.903, 22499
2026/09/26 04:54:46.403, 22499
2026/09/26 04:54:46.903, 22499
2026/09/26 04:54:47.403, 22499
2026/09/26 04:54:47.903, 22499
2026/09/26 04:54:48.403, 22499
2026/09/26 04:54:48.904, 22499
2026/09/26 04:54:49.404, 22499
2026/09/26 04:54:49.904, 22499
2026/09/26 04:54:50.404, 22499
2026/09/26 04:54:50.904, 22499
2026/09/26 04:54:51.404, 22499
2026/09/26 04:54:51.905, 22499
2026/09/26 04:54:52.405, 22499
2026/09/26 04:54:52.905, 22499
2026/09/26 04:54:53.405, 22499
2026/09/26 04:54:53.905, 22499
2026/09/26 04:54:54.405, 22499
2026/09/26 04:54:54.905, 22499
2026/09/26 04:54:55.406, 22499
2026/09/26 04:54:55.906, 22499
2026/09/26 04:54:56.406, 22499
2026/09/26 04:54:56.906, 22499
2026/09/26 04:54:57.406, 22499
2026/09/26 04:54:57.907, 22499
2026/09/26 04:54:58.407, 22499
2026/09/26 04:54:58.907, 22499
2026/09/26 04:54:59.407, 22499
2026/09/26 04:54:59.907, 22499
2026/09/26 04:55:00.407, 22499
2026/09/26 04:55:00.907, 22499
2026/09/26 04:55:01.408, 22499
2026/09/26 04:55:01.908, 22499
2026/09/26 04:55:02.408, 22499
2026/09/26 04:55:02.908, 22499
2026/09/26 04:55:03.408, 22499
2026/09/26 04:55:03.908, 22499
2026/09/26 04:55:04.409, 22499
2026/09/26 04:55:04.909, 22499
2026/09/26 04:55:05.409, 22499
2026/09/26 04:55:05.909, 22499
2026/09/26 04:55:06.409, 22499
2026/09/26 04:55:06.909, 22499
2026/09/26 04:55:07.410, 22499
2026/09/26 04:55:07.910, 22499
2026/09/26 04:55:08.410, 22499
2026/09/26 04:55:08.910, 22499
2026/09/26 04:55:09.410, 22499
2026/09/26 04:55:09.910, 22499
2026/09/26 04:55:10.410, 22499
2026/09/26 04:55:10.911, 22499
2026/09/26 04:55:11.411, 22499
2026/09/26 04:55:11.911, 22499
2026/09/26 04:55:12.411, 22499
2026/09/26 04:55:12.911, 22499
2026/09/26 04:55:13.411, 22499
2026/09/26 04:55:13.912, 22499
2026/09/26 04:55:14.412, 22499
2026/09/26 04:55:14.912, 22499
2026/09/26 04:55:15.412, 22499
2026/09/26 04:55:15.912, 22499
2026/09/26 04:55:16.412, 22499
2026/09/26 04:55:16.913, 22499
2026/09/26 04:55:17.413, 22499
2026/09/26 04:55:17.913, 22499
2026/09/26 04:55:18.413, 22499
2026/09/26 04:55:18.913, 22499
2026/09/26 04:55:19.413, 22499
2026/09/26 04:55:19.913, 22499
2026/09/26 04:55:20.414, 22499
2026/09/26 04:55:20.914, 22499
2026/09/26 04:55:21.414, 22499
2026/09/26 04:55:21.914, 22499
2026/09/26 04:55:22.414, 22499
2026/09/26 04:55:22.914, 22499
2026/09/26 04:55:23.415, 22499
2026/09/26 04:55:23.915, 22499
2026/09/26 04:55:24.415, 22499
2026/09/26 04:55:24.915, 22499
2026/09/26 04:55:25.415, 22499
2026/09/26 04:55:25.915, 22499
2026/09/26 04:55:26.416, 22499
2026/09/26 04:55:26.916, 22499
2026/09/26 04:55:27.416, 22499
2026/09/26 04:55:27.916, 22499
2026/09/26 04:55:28.416, 22499
2026/09/26 04:55:28.917, 22499
2026/09/26 04:55:29.417, 22499
2026/09/26 04:55:29.917, 22499
2026/09/26 04:55:30.417, 22499
2026/09/26 04:55:30.917, 22499
2026/09/26 04:55:31.417, 22499
2026/09/26 04:55:31.917, 22499
2026/09/26 04:55:32.418, 22499
2026/09/26 04:55:32.918, 22499
2026/09/26 04:55:33.418, 22499
2026/09/26 04:55:33.918, 22499
2026/09/26 04:55:34.418, 22499
2026/09/26 04:55:34.919, 22499
2026/09/26 04:55:35.419, 22499
2026/09/26 04:55:35.919, 22499
2026/09/26 04:55:36.419, 22499
2026/09/26 04:55:36.919, 22499
2026/09/26 04:55:37.419, 22499
2026/09/26 04:55:37.920, 22499
2026/09/26 04:55:38.420, 22499
2026/09/26 04:55:38.920, 22499
2026/09/26 04:55:39.420, 22499
2026/09/26 04:55:39.920, 22499
2026/09/26 04:55:40.420, 22499
2026/09/26 04:55:40.921, 22499
2026/09/26 04:55:41.429, 22499
2026/09/26 04:55:41.930, 22499
2026/09/26 04:55:42.430, 22499
2026/09/26 04:55:42.930, 22499
2026/09/26 04:55:43.430, 22499
2026/09/26 04:55:43.930, 22499
2026/09/26 04:55:44.430, 22499
2026/09/26 04:55:44.931, 22499
2026/09/26 04:55:45.431, 22499
2026/09/26 04:55:45.931, 22499
2026/09/26 04:55:46.431, 22499
2026/09/26 04:55:46.931, 22499
2026/09/26 04:55:47.431, 22499
2026/09/26 04:55:47.932, 22499
2026/09/26 04:55:48.432, 22499
2026/09/26 04:55:48.932, 22499
2026/09/26 04:55:49.432, 22499
2026/09/26 04:55:49.932, 22499
2026/09/26 04:55:50.432, 22499
2026/09/26 04:55:50.932, 22499
2026/09/26 04:55:51.433, 22499
2026/09/26 04:55:51.933, 22499
2026/09/26 04:55:52.433, 22499
2026/09/26 04:55:52.933, 22499
2026/09/26 04:55:53.433, 22499
2026/09/26 04:55:53.933, 22499
2026/09/26 04:55:54.434, 22499
2026/09/26 04:55:54.934, 22499
2026/09/26 04:55:55.434, 22499
2026/09/26 04:55:55.934, 22499
2026/09/26 04:55:56.434, 22499
2026/09/26 04:55:56.934, 22499
2026/09/26 04:55:57.435, 22499
2026/09/26 04:55:57.935, 22499
2026/09/26 04:55:58.435, 22499
2026/09/26 04:55:58.935, 22499
2026/09/26 04:55:59.435, 22499
2026/09/26 04:55:59.935, 22499
2026/09/26 04:56:00.435, 22499
2026/09/26 04:56:00.936, 22499
2026/09/26 04:56:01.436, 22499
2026/09/26 04:56:01.936, 22499
2026/09/26 04:56:02.436, 22499
2026/09/26 04:56:02.936, 22499
2026/09/26 04:56:03.436, 22499
2026/09/26 04:56:03.937, 22499
2026/09/26 04:56:04.437, 22499
2026/09/26 04:56:04.937, 22499
2026/09/26 04:56:05.437, 22499
2026/09/26 04:56:05.937, 22499
2026/09/26 04:56:06.438, 22499
2026/09/26 04:56:06.938, 22499
2026/09/26 04:56:07.438, 22499
2026/09/26 04:56:07.938, 22499
2026/09/26 04:56:08.438, 22499
2026/09/26 04:56:08.938, 22499
2026/09/26 04:56:09.439, 22499
2026/09/26 04:56:09.939, 22499
2026/09/26 04:56:10.439, 22499
2026/09/26 04:56:10.939, 22499
2026/09/26 04:56:11.439, 22499
2026/09/26 04:56:11.939, 22499
2026/09/26 04:56:12.440, 22499
2026/09/26 04:56:12.940, 22499
2026/09/26 04:56:13.441, 22499
2026/09/26 04:56:13.941, 22499
2026/09/26 04:56:14.441, 22499
2026/09/26 04:56:14.941, 22499
2026/09/26 04:56:15.441, 22499
2026/09/26 04:56:15.942, 22499
2026/09/26 04:56:16.442, 22499
2026/09/26 04:56:16.942, 22499
2026/09/26 04:56:17.442, 22499
2026/09/26 04:56:17.942, 22499
2026/09/26 04:56:18.442, 22499
2026/09/26 04:56:18.943, 22499
2026/09/26 04:56:19.443, 22499
2026/09/26 04:56:19.943, 22499
2026/09/26 04:56:20.443, 22499
2026/09/26 04:56:20.943, 22499
2026/09/26 04:56:21.444, 22499
2026/09/26 04:56:21.944, 22499
2026/09/26 04:56:22.444, 22499
2026/09/26 04:56:22.944, 22499
2026/09/26 04:56:23.444, 22499
2026/09/26 04:56:23.945, 22499
2026/09/26 04:56:24.445, 22499
2026/09/26 04:56:24.945, 22499
2026/09/26 04:56:25.445, 22499
2026/09/26 04:56:25.945, 22499
2026/09/26 04:56:26.445, 22499
2026/09/26 04:56:26.946, 22499
2026/09/26 04:56:27.446, 22499
2026/09/26 04:56:27.946, 22499
2026/09/26 04:56:28.446, 22499
2026/09/26 04:56:28.946, 22499
2026/09/26 04:56:29.447, 22499
2026/09/26 04:56:29.947, 22499
2026/09/26 04:56:30.447, 22499
2026/09/26 04:56:30.947, 22499
2026/09/26 04:56:31.447, 22499
2026/09/26 04:56:31.947, 22499
2026/09/26 04:56:32.448, 22499
2026/09/26 04:56:32.948, 22499
2026/09/26 04:56:33.448, 22499
2026/09/26 04:56:33.948, 22499
2026/09/26 04:56:34.448, 22499
2026/09/26 04:56:34.949, 22499
2026/09/26 04:56:35.449, 22499
2026/09/26 04:56:35.949, 22499
2026/09/26 04:56:36.449, 22499
2026/09/26 04:56:36.949, 22499
2026/09/26 04:56:37.450, 22499
2026/09/26 04:56:37.950, 22499
2026/09/26 04:56:38.450, 22499
2026/09/26 04:56:38.950, 22499
2026/09/26 04:56:39.450, 22499
2026/09/26 04:56:39.950, 22499
2026/09/26 04:56:40.451, 22499
2026/09/26 04:56:40.951, 22499
2026/09/26 04:56:41.451, 22499
2026/09/26 04:56:41.951, 22499
2026/09/26 04:56:42.451, 22499
2026/09/26 04:56:42.951, 22499
2026/09/26 04:56:43.452, 22499
2026/09/26 04:56:43.952, 22499
2026/09/26 04:56:44.452, 22499
2026/09/26 04:56:44.952, 22499
2026/09/26 04:56:45.452, 22499
2026/09/26 04:56:45.952, 22499
2026/09/26 04:56:46.453, 22499
2026/09/26 04:56:46.953, 22499
2026/09/26 04:56:47.453, 22499
2026/09/26 04:56:47.953, 22499
2026/09/26 04:56:48.453, 22499
2026/09/26 04:56:48.954, 22499
2026/09/26 04:56:49.454, 22499
2026/09/26 04:56:49.954, 22499
2026/09/26 04:56:50.454, 22499
2026/09/26 04:56:50.954, 22499
2026/09/26 04:56:51.454, 22499
2026/09/26 04:56:51.955, 22499
2026/09/26 04:56:52.455, 22499
2026/09/26 04:56:52.955, 22499
2026/09/26 04:56:53.455, 22499
2026/09/26 04:56:53.955, 22499
2026/09/26 04:56:54.455, 22499
2026/09/26 04:56:54.956, 22499
2026/09/26 04:56:55.456, 22499
2026/09/26 04:56:55.956, 22499
2026/09/26 04:56:56.456, 22499
2026/09/26 04:56:56.956, 22499
2026/09/26 04:56:57.457, 22499
2026/09/26 04:56:57.957, 22499
2026/09/26 04:56:58.457, 22499
2026/09/26 04:56:58.957, 22499
2026/09/26 04:56:59.457, 22499
2026/09/26 04:56:59.957, 22499
2026/09/26 04:57:00.458, 22499
2026/09/26 04:57:00.958, 22499
2026/09/26 04:57:01.458, 22499
2026/09/26 04:57:01.958, 22499
2026/09/26 04:57:02.458, 22499
2026/09/26 04:57:02.958, 22499
2026/09/26 04:57:03.459, 22499
2026/09/26 04:57:03.959, 22499
2026/09/26 04:57:04.459, 22499
2026/09/26 04:57:04.959, 22499
2026/09/26 04:57:05.459, 22499
2026/09/26 04:57:05.960, 22499
2026/09/26 04:57:06.460, 22499
2026/09/26 04:57:06.960, 22499
2026/09/26 04:57:07.460, 22499
2026/09/26 04:57:07.960, 22499
2026/09/26 04:57:08.460, 22499
2026/09/26 04:57:08.961, 22499
2026/09/26 04:57:09.461, 22499
2026/09/26 04:57:09.961, 22499
2026/09/26 04:57:10.461, 22499
2026/09/26 04:57:10.961, 22499
2026/09/26 04:57:11.461, 22499
2026/09/26 04:57:11.961, 22499
2026/09/26 04:57:12.462, 22499
2026/09/26 04:57:12.962, 22499
2026/09/26 04:57:13.462, 22499
2026/09/26 04:57:13.962, 22499
2026/09/26 04:57:14.462, 22499
2026/09/26 04:57:14.962, 22499
2026/09/26 04:57:15.463, 22499
2026/09/26 04:57:15.963, 22499
2026/09/26 04:57:16.463, 22499
2026/09/26 04:57:16.963, 22499
2026/09/26 04:57:17.463, 22499
2026/09/26 04:57:17.963, 22499
2026/09/26 04:57:18.464, 22499
2026/09/26 04:57:18.964, 22499
2026/09/26 04:57:19.464, 22499
2026/09/26 04:57:19.964, 22499
2026/09/26 04:57:20.464, 22499
2026/09/26 04:57:20.964, 22499
2026/09/26 04:57:21.465, 22499
2026/09/26 04:57:21.965, 22499
2026/09/26 04:57:22.465, 22499
2026/09/26 04:57:22.965, 22499
2026/09/26 04:57:23.465, 22499
2026/09/26 04:57:23.965, 22499
2026/09/26 04:57:24.466, 22499
2026/09/26 04:57:24.966, 22499
2026/09/26 04:57:25.466, 22499
2026/09/26 04:57:25.966, 22499
2026/09/26 04:57:26.466, 22499
2026/09/26 04:57:26.966, 22499
2026/09/26 04:57:27.467, 22499
2026/09/26 04:57:27.967, 22499
2026/09/26 04:57:28.467, 22499
2026/09/26 04:57:28.967, 22499
2026/09/26 04:57:29.467, 22499
2026/09/26 04:57:29.967, 22499
2026/09/26 04:57:30.468, 22499
2026/09/26 04:57:30.968, 22499
2026/09/26 04:57:31.468, 22499
2026/09/26 04:57:31.972, 22499
2026/09/26 04:57:32.472, 22499
2026/09/26 04:57:32.972, 22499
2026/09/26 04:57:33.472, 22499
2026/09/26 04:57:33.972, 22499
2026/09/26 04:57:34.473, 22499
2026/09/26 04:57:34.973, 22499
2026/09/26 04:57:35.473, 22499
2026/09/26 04:57:35.973, 22499
2026/09/26 04:57:36.473, 22499
2026/09/26 04:57:36.982, 22499
2026/09/26 04:57:37.482, 22499
2026/09/26 04:57:37.983, 22499
2026/09/26 04:57:38.483, 22499
2026/09/26 04:57:38.983, 22499
2026/09/26 04:57:39.483, 22499
2026/09/26 04:57:39.983, 22499
2026/09/26 04:57:40.483, 22499
2026/09/26 04:57:40.983, 22499
2026/09/26 04:57:41.484, 22499
2026/09/26 04:57:41.984, 22499
2026/09/26 04:57:42.484, 22499
2026/09/26 04:57:42.984, 22499
2026/09/26 04:57:43.484, 22499
2026/09/26 04:57:43.984, 22499
2026/09/26 04:57:44.485, 22499
2026/09/26 04:57:44.985, 22499
2026/09/26 04:57:45.485, 22499
2026/09/26 04:57:45.985, 22499
2026/09/26 04:57:46.485, 22499
2026/09/26 04:57:46.985, 22499
2026/09/26 04:57:47.486, 22499
2026/09/26 04:57:47.986, 22499
2026/09/26 04:57:48.486, 22499
2026/09/26 04:57:48.986, 22499
2026/09/26 04:57:49.486, 22499
2026/09/26 04:57:49.987, 22499
2026/09/26 04:57:50.487, 22499
2026/09/26 04:57:50.987, 22499
2026/09/26 04:57:51.487, 22499
2026/09/26 04:57:51.987, 22499
2026/09/26 04:57:52.487, 22499
2026/09/26 04:57:52.988, 22499
2026/09/26 04:57:53.488, 22499
2026/09/26 04:57:53.988, 22499
2026/09/26 04:57:54.488, 22499
2026/09/26 04:57:54.988, 22499
2026/09/26 04:57:55.489, 22499
2026/09/26 04:57:55.989, 22499
2026/09/26 04:57:56.489, 22499
2026/09/26 04:57:56.989, 22499
2026/09/26 04:57:57.489, 22499
2026/09/26 04:57:57.989, 22499
2026/09/26 04:57:58.490, 22499
2026/09/26 04:57:58.990, 22499
2026/09/26 04:57:59.490, 22499
2026/09/26 04:57:59.990, 22499
2026/09/26 04:58:00.490, 22499
2026/09/26 04:58:00.990, 22499
2026/09/26 04:58:01.491, 22499
2026/09/26 04:58:01.991, 22514
2026/09/26 04:58:02.499, 22889
2026/09/26 04:58:02.999, 22499
2026/09/26 04:58:03.499, 22499
2026/09/26 04:58:04.000, 22499
2026/09/26 04:58:04.500, 22499
2026/09/26 04:58:05.000, 22499
2026/09/26 04:58:05.500, 22499
2026/09/26 04:58:06.000, 22499
2026/09/26 04:58:06.501, 22499
2026/09/26 04:58:07.001, 22499
2026/09/26 04:58:07.501, 22499
2026/09/26 04:58:08.001, 22499
2026/09/26 04:58:08.501, 22499
2026/09/26 04:58:09.001, 22499
2026/09/26 04:58:09.502, 22499
2026/09/26 04:58:10.002, 22499
2026/09/26 04:58:10.502, 22499
2026/09/26 04:58:11.002, 22499
2026/09/26 04:58:11.502, 22499
2026/09/26 04:58:12.002, 22499
2026/09/26 04:58:12.503, 22499
2026/09/26 04:58:13.003, 22499
2026/09/26 04:58:13.503, 22499
2026/09/26 04:58:14.003, 22499
2026/09/26 04:58:14.503, 22499
2026/09/26 04:58:15.003, 22499
2026/09/26 04:58:15.504, 22499
2026/09/26 04:58:16.004, 22499
2026/09/26 04:58:16.504, 22499
2026/09/26 04:58:17.004, 22499
2026/09/26 04:58:17.504, 22499
2026/09/26 04:58:18.004, 22499
2026/09/26 04:58:18.505, 22499
2026/09/26 04:58:19.005, 22499
2026/09/26 04:58:19.505, 22499
2026/09/26 04:58:20.005, 22499
2026/09/26 04:58:20.505, 22499
2026/09/26 04:58:21.005, 22499
2026/09/26 04:58:21.506, 22499
2026/09/26 04:58:22.006, 22499
2026/09/26 04:58:22.506, 22499
2026/09/26 04:58:23.006, 22499
2026/09/26 04:58:23.506, 22499
2026/09/26 04:58:24.006, 22499
2026/09/26 04:58:24.507, 22499
2026/09/26 04:58:25.007, 22499
2026/09/26 04:58:25.507, 22499
2026/09/26 04:58:26.007, 22499
2026/09/26 04:58:26.507, 22499
2026/09/26 04:58:27.007, 22499
2026/09/26 04:58:27.508, 22499
2026/09/26 04:58:28.008, 22499
2026/09/26 04:58:28.508, 22499
2026/09/26 04:58:29.008, 22499
2026/09/26 04:58:29.508, 22499
2026/09/26 04:58:30.008, 22499
2026/09/26 04:58:30.508, 22499
2026/09/26 04:58:31.009, 22499
2026/09/26 04:58:31.509, 22499
2026/09/26 04:58:32.009, 22499
2026/09/26 04:58:32.509, 22499
2026/09/26 04:58:33.009, 22499
2026/09/26 04:58:33.509, 22499
2026/09/26 04:58:34.010, 22499
2026/09/26 04:58:34.510, 22499
2026/09/26 04:58:35.010, 22499
2026/09/26 04:58:35.511, 22499
2026/09/26 04:58:36.011, 22499
2026/09/26 04:58:36.511, 22499
2026/09/26 04:58:37.011, 22499
2026/09/26 04:58:37.512, 22499
2026/09/26 04:58:38.012, 22499
2026/09/26 04:58:38.512, 22499
2026/09/26 04:58:39.012, 22499
2026/09/26 04:58:39.512, 22499
2026/09/26 04:58:40.013, 22499
2026/09/26 04:58:40.513, 22499
2026/09/26 04:58:41.013, 22499
2026/09/26 04:58:41.513, 22499
2026/09/26 04:58:42.013, 22499
2026/09/26 04:58:42.513, 22499
2026/09/26 04:58:43.014, 22499
2026/09/26 04:58:43.514, 22499
2026/09/26 04:58:44.014, 22499
2026/09/26 04:58:44.514, 22499
2026/09/26 04:58:45.014, 22499
2026/09/26 04:58:45.514, 22499
2026/09/26 04:58:46.015, 22499
2026/09/26 04:58:46.515, 22499
2026/09/26 04:58:47.015, 22499
2026/09/26 04:58:47.515, 22499
2026/09/26 04:58:48.015, 22499
2026/09/26 04:58:48.515, 22499
2026/09/26 04:58:49.016, 22499
2026/09/26 04:58:49.516, 22499
2026/09/26 04:58:50.016, 22499
2026/09/26 04:58:50.516, 22499
2026/09/26 04:58:51.016, 22499
2026/09/26 04:58:51.516, 22499
2026/09/26 04:58:52.016, 22499
2026/09/26 04:58:52.517, 22499
2026/09/26 04:58:53.017, 22499
2026/09/26 04:58:53.517, 22499
2026/09/26 04:58:54.017, 22499
2026/09/26 04:58:54.517, 22499
2026/09/26 04:58:55.017, 22499
2026/09/26 04:58:55.518, 22499
2026/09/26 04:58:56.018, 22499
2026/09/26 04:58:56.518, 22499
2026/09/26 04:58:57.018, 22499
2026/09/26 04:58:57.518, 22499
2026/09/26 04:58:58.018, 22499
2026/09/26 04:58:58.519, 22499
2026/09/26 04:58:59.019, 22499
2026/09/26 04:58:59.519, 22499
2026/09/26 04:59:00.019, 22499
2026/09/26 04:59:00.519, 22499
2026/09/26 04:59:01.019, 22499
2026/09/26 04:59:01.520, 22499
2026/09/26 04:59:02.020, 22499
2026/09/26 04:59:02.520, 22499
2026/09/26 04:59:03.020, 22499
2026/09/26 04:59:03.520, 22499
2026/09/26 04:59:04.020, 22499
2026/09/26 04:59:04.521, 22499
2026/09/26 04:59:05.021, 22499
2026/09/26 04:59:05.521, 22499
2026/09/26 04:59:06.021, 22499
2026/09/26 04:59:06.521, 22499
2026/09/26 04:59:07.021, 22499
2026/09/26 04:59:07.521, 22499
2026/09/26 04:59:08.022, 22499
2026/09/26 04:59:08.522, 22499
2026/09/26 04:59:09.022, 22499
2026/09/26 04:59:09.522, 22499
2026/09/26 04:59:10.022, 22499
2026/09/26 04:59:10.522, 22499
2026/09/26 04:59:11.023, 22499
2026/09/26 04:59:11.523, 22499
2026/09/26 04:59:12.023, 22499
2026/09/26 04:59:12.523, 22499
2026/09/26 04:59:13.023, 22499
2026/09/26 04:59:13.523, 22499
2026/09/26 04:59:14.024, 22499
2026/09/26 04:59:14.524, 22499
2026/09/26 04:59:15.024, 22499
2026/09/26 04:59:15.524, 22499
2026/09/26 04:59:16.024, 22499
2026/09/26 04:59:16.524, 22499
2026/09/26 04:59:17.026, 22499
2026/09/26 04:59:17.526, 22499
2026/09/26 04:59:18.027, 22499
2026/09/26 04:59:18.527, 22499
2026/09/26 04:59:19.027, 22499
2026/09/26 04:59:19.527, 22499
2026/09/26 04:59:20.028, 22499
2026/09/26 04:59:20.528, 22499
2026/09/26 04:59:21.028, 22499
2026/09/26 04:59:21.528, 22499
2026/09/26 04:59:22.028, 22499
2026/09/26 04:59:22.528, 22499
2026/09/26 04:59:23.028, 22499
2026/09/26 04:59:23.529, 22499
2026/09/26 04:59:24.029, 22499
2026/09/26 04:59:24.529, 22499
2026/09/26 04:59:25.029, 22499
2026/09/26 04:59:25.529, 22499
2026/09/26 04:59:26.029, 22499
2026/09/26 04:59:26.530, 22499
2026/09/26 04:59:27.030, 22499
2026/09/26 04:59:27.530, 22499
2026/09/26 04:59:28.030, 22499
2026/09/26 04:59:28.530, 22499
2026/09/26 04:59:29.030, 22499
2026/09/26 04:59:29.531, 22499
2026/09/26 04:59:30.031, 22499
2026/09/26 04:59:30.531, 22499
2026/09/26 04:59:31.031, 22499
2026/09/26 04:59:31.531, 22499
2026/09/26 04:59:32.031, 22499
2026/09/26 04:59:32.531, 22499
2026/09/26 04:59:33.032, 22499
2026/09/26 04:59:33.532, 22499
2026/09/26 04:59:34.032, 22499
2026/09/26 04:59:34.532, 22499
2026/09/26 04:59:35.033, 22499
2026/09/26 04:59:35.533, 22499
2026/09/26 04:59:36.033, 22499
2026/09/26 04:59:36.533, 22499
2026/09/26 04:59:37.033, 22499
2026/09/26 04:59:37.533, 22499
2026/09/26 04:59:38.033, 22499
2026/09/26 04:59:38.534, 22499
2026/09/26 04:59:39.034, 22499
2026/09/26 04:59:39.534, 22499
2026/09/26 04:59:40.034, 22499
2026/09/26 04:59:40.534, 22499
2026/09/26 04:59:41.034, 22499
2026/09/26 04:59:41.535, 22499
2026/09/26 04:59:42.035, 22499
2026/09/26 04:59:42.535, 22499
2026/09/26 04:59:43.035, 22499
2026/09/26 04:59:43.535, 22499
2026/09/26 04:59:44.035, 22499
2026/09/26 04:59:44.535, 22499
2026/09/26 04:59:45.036, 22499
2026/09/26 04:59:45.536, 22499
2026/09/26 04:59:46.036, 22499
2026/09/26 04:59:46.536, 22499
2026/09/26 04:59:47.036, 22499
2026/09/26 04:59:47.536, 22499
2026/09/26 04:59:48.037, 22499
2026/09/26 04:59:48.537, 22499
2026/09/26 04:59:49.037, 22499
2026/09/26 04:59:49.537, 22499
2026/09/26 04:59:50.038, 22499
2026/09/26 04:59:50.538, 22499
2026/09/26 04:59:51.038, 22499
2026/09/26 04:59:51.538, 22499
2026/09/26 04:59:52.038, 22499
2026/09/26 04:59:52.538, 22499
2026/09/26 04:59:53.039, 22499
2026/09/26 04:59:53.539, 22499
2026/09/26 04:59:54.039, 22499
2026/09/26 04:59:54.539, 22499
2026/09/26 04:59:55.039, 22499
2026/09/26 04:59:55.539, 22499
2026/09/26 04:59:56.040, 22499
2026/09/26 04:59:56.540, 22499
2026/09/26 04:59:57.040, 22499
2026/09/26 04:59:57.549, 22499
2026/09/26 04:59:58.049, 22499
2026/09/26 04:59:58.549, 22499
2026/09/26 04:59:59.049, 22499
2026/09/26 04:59:59.549, 22499
2026/09/26 05:00:00.050, 22499
2026/09/26 05:00:00.550, 22499
2026/09/26 05:00:01.050, 22499
2026/09/26 05:00:01.550, 22499
2026/09/26 05:00:02.050, 22499
2026/09/26 05:00:02.550, 22499
2026/09/26 05:00:03.051, 22499
2026/09/26 05:00:03.551, 22499
2026/09/26 05:00:04.051, 22499
2026/09/26 05:00:04.551, 22499
2026/09/26 05:00:05.051, 22499
2026/09/26 05:00:05.551, 22499
2026/09/26 05:00:06.051, 22499
2026/09/26 05:00:06.552, 22499
2026/09/26 05:00:07.052, 22499
2026/09/26 05:00:07.552, 22499
2026/09/26 05:00:08.052, 22499
2026/09/26 05:00:08.552, 22499
2026/09/26 05:00:09.052, 22499
2026/09/26 05:00:09.553, 22499
2026/09/26 05:00:10.053, 22499
2026/09/26 05:00:10.553, 22499
2026/09/26 05:00:11.053, 22499
2026/09/26 05:00:11.553, 22499
2026/09/26 05:00:12.054, 22499
2026/09/26 05:00:12.554, 22499
2026/09/26 05:00:13.054, 22499
2026/09/26 05:00:13.554, 22499
2026/09/26 05:00:14.054, 22499
2026/09/26 05:00:14.554, 22499
2026/09/26 05:00:15.055, 22499
2026/09/26 05:00:15.555, 22499
2026/09/26 05:00:16.055, 22499
2026/09/26 05:00:16.555, 22499
2026/09/26 05:00:17.055, 22499
2026/09/26 05:00:17.555, 22499
2026/09/26 05:00:18.056, 22499
2026/09/26 05:00:18.556, 22499
2026/09/26 05:00:19.056, 22499
2026/09/26 05:00:19.556, 22499
2026/09/26 05:00:20.056, 22499
2026/09/26 05:00:20.556, 22499
2026/09/26 05:00:21.057, 22499
2026/09/26 05:00:21.557, 22499
2026/09/26 05:00:22.057, 22499
2026/09/26 05:00:22.557, 22499
2026/09/26 05:00:23.057, 22499
2026/09/26 05:00:23.557, 22499
2026/09/26 05:00:24.058, 22499
2026/09/26 05:00:24.558, 22499
2026/09/26 05:00:25.058, 22499
2026/09/26 05:00:25.558, 22499
2026/09/26 05:00:26.058, 22499
2026/09/26 05:00:26.559, 22499
2026/09/26 05:00:27.059, 22499
2026/09/26 05:00:27.559, 22499
2026/09/26 05:00:28.059, 22499
2026/09/26 05:00:28.559, 22499
2026/09/26 05:00:29.059, 22499
2026/09/26 05:00:29.560, 22499
2026/09/26 05:00:30.060, 22499
2026/09/26 05:00:30.560, 22499
2026/09/26 05:00:31.060, 22499
2026/09/26 05:00:31.560, 22499
2026/09/26 05:00:32.060, 22499
2026/09/26 05:00:32.561, 22499
2026/09/26 05:00:33.061, 22499
2026/09/26 05:00:33.561, 22499
2026/09/26 05:00:34.061, 22499
2026/09/26 05:00:34.561, 22499
2026/09/26 05:00:35.061, 22499
2026/09/26 05:00:35.562, 22499
2026/09/26 05:00:36.062, 22499
2026/09/26 05:00:36.562, 22499
2026/09/26 05:00:37.062, 22499
2026/09/26 05:00:37.562, 22499
2026/09/26 05:00:38.062, 22499
2026/09/26 05:00:38.563, 22499
2026/09/26 05:00:39.063, 22499
2026/09/26 05:00:39.563, 22499
2026/09/26 05:00:40.063, 22499
2026/09/26 05:00:40.563, 22499
2026/09/26 05:00:41.063, 22499
2026/09/26 05:00:41.564, 22499
2026/09/26 05:00:42.064, 22499
2026/09/26 05:00:42.564, 22499
2026/09/26 05:00:43.064, 22499
2026/09/26 05:00:43.564, 22499
2026/09/26 05:00:44.064, 22499
2026/09/26 05:00:44.565, 22499
2026/09/26 05:00:45.065, 22499
2026/09/26 05:00:45.565, 22499
2026/09/26 05:00:46.065, 22499
2026/09/26 05:00:46.565, 22499
2026/09/26 05:00:47.065, 22499
2026/09/26 05:00:47.566, 22499
2026/09/26 05:00:48.066, 22499
2026/09/26 05:00:48.566, 22499
2026/09/26 05:00:49.066, 22499
2026/09/26 05:00:49.566, 22499
2026/09/26 05:00:50.066, 22499
2026/09/26 05:00:50.567, 22499
2026/09/26 05:00:51.067, 22499
2026/09/26 05:00:51.567, 22499
2026/09/26 05:00:52.067, 22499
2026/09/26 05:00:52.567, 22499
2026/09/26 05:00:53.067, 22499
2026/09/26 05:00:53.568, 22499
2026/09/26 05:00:54.068, 22499
2026/09/26 05:00:54.568, 22499
2026/09/26 05:00:55.068, 22499
2026/09/26 05:00:55.568, 22499
2026/09/26 05:00:56.068, 22499
2026/09/26 05:00:56.569, 22499
2026/09/26 05:00:57.069, 22499
2026/09/26 05:00:57.569, 22499
2026/09/26 05:00:58.069, 22499
2026/09/26 05:00:58.569, 22499
2026/09/26 05:00:59.069, 22499
2026/09/26 05:00:59.570, 22499
2026/09/26 05:01:00.070, 22499
2026/09/26 05:01:00.570, 22499
2026/09/26 05:01:01.070, 22499
2026/09/26 05:01:01.570, 22499
2026/09/26 05:01:02.070, 22499
2026/09/26 05:01:02.571, 22499
2026/09/26 05:01:03.071, 22499
2026/09/26 05:01:03.571, 22499
2026/09/26 05:01:04.071, 22499
2026/09/26 05:01:04.571, 22499
2026/09/26 05:01:05.071, 22499
2026/09/26 05:01:05.572, 22499
2026/09/26 05:01:06.072, 22499
2026/09/26 05:01:06.572, 22499
2026/09/26 05:01:07.072, 22499
2026/09/26 05:01:07.573, 22499
2026/09/26 05:01:08.073, 22499
2026/09/26 05:01:08.573, 22499
2026/09/26 05:01:09.073, 22499
2026/09/26 05:01:09.573, 22499
2026/09/26 05:01:10.073, 22499
2026/09/26 05:01:10.574, 22499
2026/09/26 05:01:11.074, 22499
2026/09/26 05:01:11.574, 22499
2026/09/26 05:01:12.074, 22499
2026/09/26 05:01:12.574, 22499
2026/09/26 05:01:13.074, 22499
2026/09/26 05:01:13.575, 22499
2026/09/26 05:01:14.075, 22499
2026/09/26 05:01:14.575, 22499
2026/09/26 05:01:15.075, 22499
2026/09/26 05:01:15.575, 22499
2026/09/26 05:01:16.075, 22499
2026/09/26 05:01:16.576, 22499
2026/09/26 05:01:17.076, 22499
2026/09/26 05:01:17.576, 22499
2026/09/26 05:01:18.076, 22499
2026/09/26 05:01:18.576, 22499
2026/09/26 05:01:19.076, 22499
2026/09/26 05:01:19.576, 22499
2026/09/26 05:01:20.077, 22499
2026/09/26 05:01:20.577, 22499
2026/09/26 05:01:21.077, 22499
2026/09/26 05:01:21.577, 22499
2026/09/26 05:01:22.077, 22499
2026/09/26 05:01:22.577, 22499
2026/09/26 05:01:23.078, 22499
2026/09/26 05:01:23.578, 22499
2026/09/26 05:01:24.078, 22499
2026/09/26 05:01:24.578, 22499
2026/09/26 05:01:25.078, 22499
2026/09/26 05:01:25.578, 22499
2026/09/26 05:01:26.078, 22499
2026/09/26 05:01:26.579, 22499
2026/09/26 05:01:27.079, 22499
2026/09/26 05:01:27.579, 22499
2026/09/26 05:01:28.079, 22499
2026/09/26 05:01:28.579, 22499
2026/09/26 05:01:29.079, 22499
2026/09/26 05:01:29.579, 22499
2026/09/26 05:01:30.080, 22499
2026/09/26 05:01:30.580, 22499
2026/09/26 05:01:31.080, 22499
2026/09/26 05:01:31.580, 22499
2026/09/26 05:01:32.080, 22499
2026/09/26 05:01:32.580, 22499
2026/09/26 05:01:33.081, 22499
2026/09/26 05:01:33.581, 22499
2026/09/26 05:01:34.081, 22499
2026/09/26 05:01:34.581, 22499
2026/09/26 05:01:35.081, 22499
2026/09/26 05:01:35.581, 22499
2026/09/26 05:01:36.081, 22499
2026/09/26 05:01:36.582, 22499
2026/09/26 05:01:37.082, 22499
2026/09/26 05:01:37.582, 22499
2026/09/26 05:01:38.082, 22499
2026/09/26 05:01:38.582, 22499
2026/09/26 05:01:39.082, 22499
2026/09/26 05:01:39.583, 22499
2026/09/26 05:01:40.083, 22499
2026/09/26 05:01:40.583, 22499
2026/09/26 05:01:41.083, 22499
2026/09/26 05:01:41.583, 22499
2026/09/26 05:01:42.083, 22499
2026/09/26 05:01:42.583, 22499
2026/09/26 05:01:43.089, 22499
2026/09/26 05:01:43.589, 22499
2026/09/26 05:01:44.090, 22499
2026/09/26 05:01:44.590, 22499
2026/09/26 05:01:45.090, 22499
2026/09/26 05:01:45.590, 22499
2026/09/26 05:01:46.090, 22499
2026/09/26 05:01:46.590, 22499
2026/09/26 05:01:47.091, 22499
2026/09/26 05:01:47.591, 22499
2026/09/26 05:01:48.091, 22499
2026/09/26 05:01:48.591, 22499
2026/09/26 05:01:49.091, 22499
2026/09/26 05:01:49.591, 22499
2026/09/26 05:01:50.092, 22499
2026/09/26 05:01:50.592, 22499
2026/09/26 05:01:51.092, 22499
2026/09/26 05:01:51.592, 22499
2026/09/26 05:01:52.092, 22499
2026/09/26 05:01:52.592, 22499
2026/09/26 05:01:53.093, 22499
2026/09/26 05:01:53.593, 22499
2026/09/26 05:01:54.093, 22499
2026/09/26 05:01:54.593, 22499
2026/09/26 05:01:55.093, 22499
2026/09/26 05:01:55.593, 22499
2026/09/26 05:01:56.093, 22499
2026/09/26 05:01:56.594, 22499
2026/09/26 05:01:57.094, 22499
2026/09/26 05:01:57.594, 22499
2026/09/26 05:01:58.094, 22499
2026/09/26 05:01:58.594, 22499
2026/09/26 05:01:59.094, 22499
2026/09/26 05:01:59.595, 22499
2026/09/26 05:02:00.095, 22499
2026/09/26 05:02:00.595, 22499
2026/09/26 05:02:01.095, 22499
2026/09/26 05:02:01.595, 22499
2026/09/26 05:02:02.095, 22499
2026/09/26 05:02:02.596, 22499
2026/09/26 05:02:03.096, 22499
2026/09/26 05:02:03.596, 22499
2026/09/26 05:02:04.096, 22499
2026/09/26 05:02:04.596, 22499
2026/09/26 05:02:05.096, 22499
2026/09/26 05:02:05.597, 22499
2026/09/26 05:02:06.097, 22499
2026/09/26 05:02:06.597, 22499
2026/09/26 05:02:07.097, 22499
2026/09/26 05:02:07.597, 22499
2026/09/26 05:02:08.097, 22499
2026/09/26 05:02:08.598, 22499
2026/09/26 05:02:09.098, 22499
2026/09/26 05:02:09.598, 22499
2026/09/26 05:02:10.098, 22499
2026/09/26 05:02:10.598, 22499
2026/09/26 05:02:11.098, 22499
2026/09/26 05:02:11.599, 22499
2026/09/26 05:02:12.099, 22499
2026/09/26 05:02:12.599, 22499
2026/09/26 05:02:13.099, 22499
2026/09/26 05:02:13.599, 22499
2026/09/26 05:02:14.099, 22499
2026/09/26 05:02:14.600, 22499
2026/09/26 05:02:15.100, 22499
2026/09/26 05:02:15.600, 22499
2026/09/26 05:02:16.100, 22499
2026/09/26 05:02:16.600, 22499
2026/09/26 05:02:17.100, 22499
2026/09/26 05:02:17.601, 22499
2026/09/26 05:02:18.101, 22499
2026/09/26 05:02:18.601, 22499
2026/09/26 05:02:19.101, 22499
2026/09/26 05:02:19.601, 22499
2026/09/26 05:02:20.101, 22499
2026/09/26 05:02:20.602, 22499
2026/09/26 05:02:21.102, 22499
2026/09/26 05:02:21.602, 22499
2026/09/26 05:02:22.102, 22499
2026/09/26 05:02:22.602, 22499
2026/09/26 05:02:23.102, 22499
2026/09/26 05:02:23.602, 22499
2026/09/26 05:02:24.103, 22499
2026/09/26 05:02:24.603, 22499
2026/09/26 05:02:25.103, 22499
2026/09/26 05:02:25.603, 22499
2026/09/26 05:02:26.103, 22499
2026/09/26 05:02:26.603, 22499
2026/09/26 05:02:27.104, 22499
2026/09/26 05:02:27.604, 22499
2026/09/26 05:02:28.104, 22499
2026/09/26 05:02:28.604, 22499
2026/09/26 05:02:29.104, 22499
2026/09/26 05:02:29.604, 22499
2026/09/26 05:02:30.104, 22499
2026/09/26 05:02:30.605, 22499
2026/09/26 05:02:31.105, 22499
2026/09/26 05:02:31.605, 22499
2026/09/26 05:02:32.105, 22499
2026/09/26 05:02:32.605, 22499
2026/09/26 05:02:33.105, 22499
2026/09/26 05:02:33.606, 22499
2026/09/26 05:02:34.106, 22499
2026/09/26 05:02:34.606, 22499
2026/09/26 05:02:35.106, 22499
2026/09/26 05:02:35.606, 22499
2026/09/26 05:02:36.106, 22499
2026/09/26 05:02:36.606, 22499
2026/09/26 05:02:37.107, 22499
2026/09/26 05:02:37.607, 22499
2026/09/26 05:02:38.107, 22499
2026/09/26 05:02:38.607, 22499
2026/09/26 05:02:39.107, 22499
2026/09/26 05:02:39.607, 22499
2026/09/26 05:02:40.108, 22499
2026/09/26 05:02:40.608, 22499
2026/09/26 05:02:41.108, 22499
2026/09/26 05:02:41.608, 22499
2026/09/26 05:02:42.108, 22499
2026/09/26 05:02:42.608, 22499
2026/09/26 05:02:43.109, 22499
2026/09/26 05:02:43.609, 22499
2026/09/26 05:02:44.109, 22499
2026/09/26 05:02:44.609, 22499
2026/09/26 05:02:45.109, 22499
2026/09/26 05:02:45.609, 22499
2026/09/26 05:02:46.109, 22499
2026/09/26 05:02:46.610, 22499
2026/09/26 05:02:47.110, 22499
2026/09/26 05:02:47.610, 22499
2026/09/26 05:02:48.110, 22499
2026/09/26 05:02:48.610, 22499
2026/09/26 05:02:49.110, 22499
2026/09/26 05:02:49.611, 22499
2026/09/26 05:02:50.111, 22499
2026/09/26 05:02:50.611, 22499
2026/09/26 05:02:51.111, 22499
2026/09/26 05:02:51.611, 22499
2026/09/26 05:02:52.111, 22499
2026/09/26 05:02:52.612, 22499
2026/09/26 05:02:53.112, 22499
2026/09/26 05:02:53.612, 22499
2026/09/26 05:02:54.112, 22499
2026/09/26 05:02:54.612, 22499
2026/09/26 05:02:55.112, 22499
2026/09/26 05:02:55.613, 22499
2026/09/26 05:02:56.113, 22499
2026/09/26 05:02:56.613, 22499
2026/09/26 05:02:57.113, 22499
2026/09/26 05:02:57.613, 22499
2026/09/26 05:02:58.113, 22499
2026/09/26 05:02:58.614, 22499
2026/09/26 05:02:59.114, 22499
2026/09/26 05:02:59.614, 22499
2026/09/26 05:03:00.114, 22499
2026/09/26 05:03:00.614, 22499
2026/09/26 05:03:01.114, 22499
2026/09/26 05:03:01.615, 22499
2026/09/26 05:03:02.115, 22499
2026/09/26 05:03:02.615, 22499
2026/09/26 05:03:03.115, 22499
2026/09/26 05:03:03.615, 22499
2026/09/26 05:03:04.115, 22499
2026/09/26 05:03:04.616, 22499
2026/09/26 05:03:05.116, 22499
2026/09/26 05:03:05.616, 22499
2026/09/26 05:03:06.116, 22499
2026/09/26 05:03:06.616, 22499
2026/09/26 05:03:07.116, 22499
2026/09/26 05:03:07.617, 22499
2026/09/26 05:03:08.117, 22499
2026/09/26 05:03:08.617, 22499
2026/09/26 05:03:09.117, 22499
2026/09/26 05:03:09.617, 22499
2026/09/26 05:03:10.117, 22499
2026/09/26 05:03:10.618, 22499
2026/09/26 05:03:11.118, 22499
2026/09/26 05:03:11.618, 22499
2026/09/26 05:03:12.118, 22499
2026/09/26 05:03:12.618, 22499
2026/09/26 05:03:13.118, 22499
2026/09/26 05:03:13.619, 22499
2026/09/26 05:03:14.119, 22499
2026/09/26 05:03:14.619, 22499
2026/09/26 05:03:15.119, 22499
2026/09/26 05:03:15.619, 22499
2026/09/26 05:03:16.119, 22499
2026/09/26 05:03:16.619, 22499
2026/09/26 05:03:17.120, 22499
2026/09/26 05:03:17.620, 22499
2026/09/26 05:03:18.120, 22499
2026/09/26 05:03:18.620, 22499
2026/09/26 05:03:19.120, 22499
2026/09/26 05:03:19.620, 22499
2026/09/26 05:03:20.121, 22499
2026/09/26 05:03:20.621, 22499
2026/09/26 05:03:21.121, 22499
2026/09/26 05:03:21.621, 22499
2026/09/26 05:03:22.121, 22499
2026/09/26 05:03:22.621, 22499
2026/09/26 05:03:23.122, 22499
2026/09/26 05:03:23.622, 22499
2026/09/26 05:03:24.122, 22499
2026/09/26 05:03:24.622, 22499
2026/09/26 05:03:25.122, 22499
2026/09/26 05:03:25.623, 22499
2026/09/26 05:03:26.123, 22499
2026/09/26 05:03:26.623, 22499
2026/09/26 05:03:27.123, 22499
2026/09/26 05:03:27.623, 22499
2026/09/26 05:03:28.123, 22499
2026/09/26 05:03:28.624, 22499
2026/09/26 05:03:29.124, 22499
2026/09/26 05:03:29.624, 22499
2026/09/26 05:03:30.124, 22499
2026/09/26 05:03:30.624, 22499
2026/09/26 05:03:31.124, 22499
2026/09/26 05:03:31.625, 22499
2026/09/26 05:03:32.125, 22499
2026/09/26 05:03:32.625, 22499
2026/09/26 05:03:33.125, 22499
2026/09/26 05:03:33.625, 22499
2026/09/26 05:03:34.125, 22499
2026/09/26 05:03:34.626, 22499
2026/09/26 05:03:35.126, 22499
2026/09/26 05:03:35.626, 22499
2026/09/26 05:03:36.126, 22499
2026/09/26 05:03:36.626, 22499
2026/09/26 05:03:37.126, 22499
2026/09/26 05:03:37.627, 22499
2026/09/26 05:03:38.127, 22499
2026/09/26 05:03:38.627, 22499
2026/09/26 05:03:39.127, 22499
2026/09/26 05:03:39.627, 22499
2026/09/26 05:03:40.127, 22499
2026/09/26 05:03:40.628, 22499
2026/09/26 05:03:41.128, 22499
2026/09/26 05:03:41.628, 22499
2026/09/26 05:03:42.128, 22499
2026/09/26 05:03:42.628, 22499
2026/09/26 05:03:43.128, 22499
2026/09/26 05:03:43.629, 22499
2026/09/26 05:03:44.129, 22499
2026/09/26 05:03:44.629, 22499
2026/09/26 05:03:45.129, 22499
2026/09/26 05:03:45.629, 22499
2026/09/26 05:03:46.129, 22499
2026/09/26 05:03:46.629, 22499
2026/09/26 05:03:47.130, 22499
2026/09/26 05:03:47.630, 22499
2026/09/26 05:03:48.130, 22499
2026/09/26 05:03:48.630, 22499
2026/09/26 05:03:49.130, 22499
2026/09/26 05:03:49.630, 22499
2026/09/26 05:03:50.131, 22499
2026/09/26 05:03:50.631, 22499
2026/09/26 05:03:51.131, 22499
2026/09/26 05:03:51.631, 22499
2026/09/26 05:03:52.131, 22499
2026/09/26 05:03:52.631, 22499
2026/09/26 05:03:53.132, 22499
2026/09/26 05:03:53.632, 22499
2026/09/26 05:03:54.132, 22499
2026/09/26 05:03:54.632, 22499
2026/09/26 05:03:55.132, 22499
2026/09/26 05:03:55.632, 22499
2026/09/26 05:03:56.133, 22499
2026/09/26 05:03:56.633, 22499
2026/09/26 05:03:57.133, 22499
2026/09/26 05:03:57.633, 22499
2026/09/26 05:03:58.133, 22499
2026/09/26 05:03:58.633, 22499
2026/09/26 05:03:59.133, 22499
2026/09/26 05:03:59.634, 22499
2026/09/26 05:04:00.134, 22499
2026/09/26 05:04:00.634, 22499
2026/09/26 05:04:01.134, 22499
2026/09/26 05:04:01.634, 22499
2026/09/26 05:04:02.134, 22499
2026/09/26 05:04:02.635, 22499
2026/09/26 05:04:03.135, 22499
2026/09/26 05:04:03.635, 22499
2026/09/26 05:04:04.135, 22499
2026/09/26 05:04:04.635, 22499
2026/09/26 05:04:05.135, 22499
2026/09/26 05:04:05.635, 22499
2026/09/26 05:04:06.136, 22499
2026/09/26 05:04:06.636, 22499
2026/09/26 05:04:07.136, 22499
2026/09/26 05:04:07.636, 22499
2026/09/26 05:04:08.136, 22499
2026/09/26 05:04:08.636, 22499
2026/09/26 05:04:09.136, 22499
2026/09/26 05:04:09.636, 22499
2026/09/26 05:04:10.137, 22499
2026/09/26 05:04:10.637, 22499
2026/09/26 05:04:11.137, 22499
2026/09/26 05:04:11.637, 22499
2026/09/26 05:04:12.137, 22499
2026/09/26 05:04:12.637, 22499
2026/09/26 05:04:13.137, 22499
2026/09/26 05:04:13.638, 22499
2026/09/26 05:04:14.138, 22499
2026/09/26 05:04:14.638, 22499
2026/09/26 05:04:15.138, 22499
2026/09/26 05:04:15.638, 22499
2026/09/26 05:04:16.138, 22499
2026/09/26 05:04:16.639, 22499
2026/09/26 05:04:17.139, 22499
2026/09/26 05:04:17.639, 22499
2026/09/26 05:04:18.139, 22499
2026/09/26 05:04:18.639, 22499
2026/09/26 05:04:19.139, 22499
2026/09/26 05:04:19.640, 22499
2026/09/26 05:04:20.140, 22499
2026/09/26 05:04:20.640, 22499
2026/09/26 05:04:21.140, 22499
2026/09/26 05:04:21.640, 22499
2026/09/26 05:04:22.140, 22499
2026/09/26 05:04:22.641, 22499
2026/09/26 05:04:23.141, 22499
2026/09/26 05:04:23.641, 22499
2026/09/26 05:04:24.141, 22499
2026/09/26 05:04:24.641, 22499
2026/09/26 05:04:25.141, 22499
2026/09/26 05:04:25.642, 22499
2026/09/26 05:04:26.142, 22499
2026/09/26 05:04:26.642, 22499
2026/09/26 05:04:27.142, 22499
2026/09/26 05:04:27.642, 22499
2026/09/26 05:04:28.142, 22499
2026/09/26 05:04:28.643, 22499
2026/09/26 05:04:29.143, 22499
2026/09/26 05:04:29.643, 22499
2026/09/26 05:04:30.143, 22499
2026/09/26 05:04:30.643, 22499
2026/09/26 05:04:31.143, 22499
2026/09/26 05:04:31.643, 22499
2026/09/26 05:04:32.144, 22499
2026/09/26 05:04:32.644, 22499
2026/09/26 05:04:33.144, 22499
2026/09/26 05:04:33.644, 22499
2026/09/26 05:04:34.144, 22499
2026/09/26 05:04:34.644, 22499
2026/09/26 05:04:35.145, 22499
2026/09/26 05:04:35.645, 22499
2026/09/26 05:04:36.145, 22499
2026/09/26 05:04:36.645, 22499
2026/09/26 05:04:37.145, 22499
2026/09/26 05:04:37.645, 22499
2026/09/26 05:04:38.145, 22499
2026/09/26 05:04:38.646, 22499
2026/09/26 05:04:39.146, 22499
2026/09/26 05:04:39.646, 22499
2026/09/26 05:04:40.146, 22499
2026/09/26 05:04:40.646, 22499
2026/09/26 05:04:41.146, 22499
2026/09/26 05:04:41.647, 22499
2026/09/26 05:04:42.147, 22499
2026/09/26 05:04:42.647, 22499
2026/09/26 05:04:43.147, 22499
2026/09/26 05:04:43.647, 22499
2026/09/26 05:04:44.147, 22499
2026/09/26 05:04:44.647, 22499
2026/09/26 05:04:45.148, 22499
2026/09/26 05:04:45.648, 22499
2026/09/26 05:04:46.148, 22499
2026/09/26 05:04:46.648, 22499
2026/09/26 05:04:47.148, 22499
2026/09/26 05:04:47.648, 22499
2026/09/26 05:04:48.149, 22499
2026/09/26 05:04:48.649, 22499
2026/09/26 05:04:49.149, 22499
2026/09/26 05:04:49.649, 22499
2026/09/26 05:04:50.149, 22499
2026/09/26 05:04:50.649, 22499
2026/09/26 05:04:51.149, 22499
2026/09/26 05:04:51.650, 22499
2026/09/26 05:04:52.150, 22499
2026/09/26 05:04:52.650, 22499
2026/09/26 05:04:53.150, 22499
2026/09/26 05:04:53.650, 22499
2026/09/26 05:04:54.150, 22499
2026/09/26 05:04:54.651, 22499
2026/09/26 05:04:55.151, 22499
2026/09/26 05:04:55.651, 22499
2026/09/26 05:04:56.151, 22499
2026/09/26 05:04:56.651, 22499
2026/09/26 05:04:57.151, 22499
2026/09/26 05:04:57.652, 22499
2026/09/26 05:04:58.152, 22499
2026/09/26 05:04:58.652, 22499
2026/09/26 05:04:59.152, 22499
2026/09/26 05:04:59.652, 22499
2026/09/26 05:05:00.152, 22499
2026/09/26 05:05:00.653, 22499
2026/09/26 05:05:01.153, 22499
2026/09/26 05:05:01.653, 22499
2026/09/26 05:05:02.153, 22499
2026/09/26 05:05:02.653, 22499
2026/09/26 05:05:03.153, 22499
2026/09/26 05:05:03.653, 22499
2026/09/26 05:05:04.154, 22499
2026/09/26 05:05:04.654, 22499
2026/09/26 05:05:05.154, 22499
2026/09/26 05:05:05.654, 22499
2026/09/26 05:05:06.154, 22499
2026/09/26 05:05:06.654, 22499
2026/09/26 05:05:07.154, 22499
2026/09/26 05:05:07.655, 22499
2026/09/26 05:05:08.155, 22499
2026/09/26 05:05:08.655, 22499
2026/09/26 05:05:09.155, 22499
2026/09/26 05:05:09.655, 22499
2026/09/26 05:05:10.155, 22499
2026/09/26 05:05:10.656, 22499
2026/09/26 05:05:11.156, 22499
2026/09/26 05:05:11.656, 22499
2026/09/26 05:05:12.156, 22499
2026/09/26 05:05:12.656, 22499
2026/09/26 05:05:13.156, 22499
2026/09/26 05:05:13.657, 22499
2026/09/26 05:05:14.157, 22499
2026/09/26 05:05:14.657, 22499
2026/09/26 05:05:15.157, 22499
2026/09/26 05:05:15.657, 22499
2026/09/26 05:05:16.157, 22499
2026/09/26 05:05:16.657, 22499
2026/09/26 05:05:17.158, 22499
2026/09/26 05:05:17.658, 22499
2026/09/26 05:05:18.158, 22499
2026/09/26 05:05:18.658, 22499
2026/09/26 05:05:19.158, 22499
2026/09/26 05:05:19.658, 22499
2026/09/26 05:05:20.159, 22499
2026/09/26 05:05:20.659, 22499
2026/09/26 05:05:21.159, 22499
2026/09/26 05:05:21.659, 22499
2026/09/26 05:05:22.159, 22499
2026/09/26 05:05:22.660, 22499
2026/09/26 05:05:23.160, 22499
2026/09/26 05:05:23.660, 22499
2026/09/26 05:05:24.160, 22499
2026/09/26 05:05:24.660, 22499
2026/09/26 05:05:25.160, 22499
2026/09/26 05:05:25.661, 22499
2026/09/26 05:05:26.161, 22499
2026/09/26 05:05:26.661, 22499
2026/09/26 05:05:27.161, 22499
2026/09/26 05:05:27.661, 22499
2026/09/26 05:05:28.161, 22499
2026/09/26 05:05:28.661, 22499
2026/09/26 05:05:29.162, 22499
2026/09/26 05:05:29.662, 22499
2026/09/26 05:05:30.162, 22499
2026/09/26 05:05:30.662, 22499
2026/09/26 05:05:31.162, 22499
2026/09/26 05:05:31.662, 22499
2026/09/26 05:05:32.163, 22499
2026/09/26 05:05:32.663, 22499
2026/09/26 05:05:33.163, 22499
2026/09/26 05:05:33.663, 22499
2026/09/26 05:05:34.163, 22499
2026/09/26 05:05:34.663, 22499
2026/09/26 05:05:35.164, 22499
2026/09/26 05:05:35.664, 22499
2026/09/26 05:05:36.164, 22499
2026/09/26 05:05:36.664, 22499
2026/09/26 05:05:37.164, 22499
2026/09/26 05:05:37.664, 22499
2026/09/26 05:05:38.165, 22499
2026/09/26 05:05:38.665, 22499
2026/09/26 05:05:39.165, 22499
2026/09/26 05:05:39.665, 22499
2026/09/26 05:05:40.165, 22499
2026/09/26 05:05:40.665, 22499
2026/09/26 05:05:41.166, 22499
2026/09/26 05:05:41.666, 22499
2026/09/26 05:05:42.166, 22499
2026/09/26 05:05:42.666, 22499
2026/09/26 05:05:43.166, 22499
2026/09/26 05:05:43.666, 22499
2026/09/26 05:05:44.167, 22499
2026/09/26 05:05:44.667, 22499
2026/09/26 05:05:45.167, 22499
2026/09/26 05:05:45.667, 22499
2026/09/26 05:05:46.167, 22499
2026/09/26 05:05:46.667, 22499
2026/09/26 05:05:47.168, 22499
2026/09/26 05:05:47.668, 22499
2026/09/26 05:05:48.168, 22499
2026/09/26 05:05:48.668, 22499
2026/09/26 05:05:49.168, 22499
2026/09/26 05:05:49.668, 22499
2026/09/26 05:05:50.168, 22499
2026/09/26 05:05:50.669, 22499
2026/09/26 05:05:51.169, 22499
2026/09/26 05:05:51.669, 22499
2026/09/26 05:05:52.169, 22499
2026/09/26 05:05:52.669, 22499
2026/09/26 05:05:53.170, 22499
2026/09/26 05:05:53.670, 22499
2026/09/26 05:05:54.174, 22499
2026/09/26 05:05:54.674, 22499
2026/09/26 05:05:55.175, 22499
2026/09/26 05:05:55.675, 22499
2026/09/26 05:05:56.175, 22499
2026/09/26 05:05:56.675, 22499
2026/09/26 05:05:57.175, 22499
2026/09/26 05:05:57.675, 22499
2026/09/26 05:05:58.176, 22499
2026/09/26 05:05:58.676, 22499
2026/09/26 05:05:59.176, 22499
2026/09/26 05:05:59.676, 22499
2026/09/26 05:06:00.176, 22499
2026/09/26 05:06:00.677, 22499
2026/09/26 05:06:01.177, 22499
2026/09/26 05:06:01.677, 22499
2026/09/26 05:06:02.177, 22499
2026/09/26 05:06:02.677, 22499
2026/09/26 05:06:03.178, 22499
2026/09/26 05:06:03.678, 22499
2026/09/26 05:06:04.178, 22499
2026/09/26 05:06:04.678, 22499
2026/09/26 05:06:05.178, 22499
2026/09/26 05:06:05.678, 22499
2026/09/26 05:06:06.178, 22499
2026/09/26 05:06:06.679, 22499
2026/09/26 05:06:07.179, 22499
2026/09/26 05:06:07.679, 22499
2026/09/26 05:06:08.179, 22499
2026/09/26 05:06:08.679, 22499
2026/09/26 05:06:09.179, 22499
2026/09/26 05:06:09.679, 22499
2026/09/26 05:06:10.180, 22499
2026/09/26 05:06:10.680, 22499
2026/09/26 05:06:11.180, 22499
2026/09/26 05:06:11.680, 22499
2026/09/26 05:06:12.180, 22499
2026/09/26 05:06:12.680, 22499
2026/09/26 05:06:13.181, 22499
2026/09/26 05:06:13.681, 22499
2026/09/26 05:06:14.181, 22499
2026/09/26 05:06:14.681, 22499
2026/09/26 05:06:15.181, 22499
2026/09/26 05:06:15.681, 22499
2026/09/26 05:06:16.181, 22499
2026/09/26 05:06:16.682, 22499
2026/09/26 05:06:17.182, 22499
2026/09/26 05:06:17.682, 22499
2026/09/26 05:06:18.182, 22499
2026/09/26 05:06:18.682, 22499
2026/09/26 05:06:19.182, 22499
2026/09/26 05:06:19.683, 22499
2026/09/26 05:06:20.183, 22499
2026/09/26 05:06:20.683, 22499
2026/09/26 05:06:21.183, 22499
2026/09/26 05:06:21.683, 22499
2026/09/26 05:06:22.183, 22499
2026/09/26 05:06:22.684, 22499
2026/09/26 05:06:23.184, 22499
2026/09/26 05:06:23.684, 22499
2026/09/26 05:06:24.184, 22499
2026/09/26 05:06:24.684, 22499
2026/09/26 05:06:25.185, 22499
2026/09/26 05:06:25.685, 22499
2026/09/26 05:06:26.185, 22499
2026/09/26 05:06:26.685, 22499
2026/09/26 05:06:27.185, 22499
2026/09/26 05:06:27.685, 22499
2026/09/26 05:06:28.186, 22499
2026/09/26 05:06:28.686, 22499
2026/09/26 05:06:29.186, 22499
2026/09/26 05:06:29.686, 22499
2026/09/26 05:06:30.186, 22499
2026/09/26 05:06:30.686, 22499
2026/09/26 05:06:31.187, 22499
2026/09/26 05:06:31.687, 22499
2026/09/26 05:06:32.187, 22499
2026/09/26 05:06:32.687, 22499
2026/09/26 05:06:33.187, 22499
2026/09/26 05:06:33.687, 22499
2026/09/26 05:06:34.188, 22499
2026/09/26 05:06:34.688, 22499
2026/09/26 05:06:35.188, 22499
2026/09/26 05:06:35.688, 22499
2026/09/26 05:06:36.188, 22499
2026/09/26 05:06:36.689, 22499
2026/09/26 05:06:37.189, 22499
2026/09/26 05:06:37.689, 22499
2026/09/26 05:06:38.189, 22499
2026/09/26 05:06:38.689, 22499
2026/09/26 05:06:39.189, 22499
2026/09/26 05:06:39.690, 22499
2026/09/26 05:06:40.190, 22499
2026/09/26 05:06:40.690, 22499
2026/09/26 05:06:41.190, 22499
2026/09/26 05:06:41.690, 22499
2026/09/26 05:06:42.190, 22499
2026/09/26 05:06:42.691, 22499
2026/09/26 05:06:43.191, 22499
2026/09/26 05:06:43.691, 22499
2026/09/26 05:06:44.191, 22499
2026/09/26 05:06:44.691, 22499
2026/09/26 05:06:45.191, 22499
2026/09/26 05:06:45.692, 22499
2026/09/26 05:06:46.192, 22499
2026/09/26 05:06:46.692, 22499
2026/09/26 05:06:47.192, 22499
2026/09/26 05:06:47.692, 22499
2026/09/26 05:06:48.193, 22499
2026/09/26 05:06:48.693, 22499
2026/09/26 05:06:49.193, 22499
2026/09/26 05:06:49.693, 22499
2026/09/26 05:06:50.193, 22499
2026/09/26 05:06:50.693, 22499
2026/09/26 05:06:51.194, 22499
2026/09/26 05:06:51.694, 22499
2026/09/26 05:06:52.194, 22499
2026/09/26 05:06:52.694, 22499
2026/09/26 05:06:53.194, 22499
2026/09/26 05:06:53.694, 22499
2026/09/26 05:06:54.195, 22499
2026/09/26 05:06:54.695, 22499
2026/09/26 05:06:55.195, 22499
2026/09/26 05:06:55.695, 22499
2026/09/26 05:06:56.195, 22499
2026/09/26 05:06:56.695, 22499
2026/09/26 05:06:57.196, 22499
2026/09/26 05:06:57.696, 22499
2026/09/26 05:06:58.196, 22499
2026/09/26 05:06:58.696, 22499
2026/09/26 05:06:59.196, 22499
2026/09/26 05:06:59.696, 22499
2026/09/26 05:07:00.197, 22499
2026/09/26 05:07:00.697, 22499
2026/09/26 05:07:01.197, 22499
2026/09/26 05:07:01.697, 22499
2026/09/26 05:07:02.197, 22499
2026/09/26 05:07:02.698, 22499
2026/09/26 05:07:03.198, 22499
2026/09/26 05:07:03.698, 22499
2026/09/26 05:07:04.198, 22499
2026/09/26 05:07:04.698, 22499
2026/09/26 05:07:05.198, 22499
2026/09/26 05:07:05.699, 22499
2026/09/26 05:07:06.199, 22499
2026/09/26 05:07:06.699, 22499
2026/09/26 05:07:07.199, 22499
2026/09/26 05:07:07.699, 22499
2026/09/26 05:07:08.199, 22499
2026/09/26 05:07:08.700, 22499
2026/09/26 05:07:09.200, 22499
2026/09/26 05:07:09.700, 22499
2026/09/26 05:07:10.200, 22499
2026/09/26 05:07:10.700, 22499
2026/09/26 05:07:11.201, 22499
2026/09/26 05:07:11.701, 22499
2026/09/26 05:07:12.201, 22499
2026/09/26 05:07:12.701, 22499
2026/09/26 05:07:13.201, 22499
2026/09/26 05:07:13.701, 22499
2026/09/26 05:07:14.201, 22499
2026/09/26 05:07:14.702, 22499
2026/09/26 05:07:15.202, 22499
2026/09/26 05:07:15.702, 22499
2026/09/26 05:07:16.202, 22499
2026/09/26 05:07:16.702, 22499
2026/09/26 05:07:17.202, 22499
2026/09/26 05:07:17.703, 22499
2026/09/26 05:07:18.203, 22499
2026/09/26 05:07:18.703, 22499
2026/09/26 05:07:19.203, 22499
2026/09/26 05:07:19.703, 22499
2026/09/26 05:07:20.203, 22499
2026/09/26 05:07:20.704, 22499
2026/09/26 05:07:21.204, 22499
2026/09/26 05:07:21.704, 22499
2026/09/26 05:07:22.204, 22499
2026/09/26 05:07:22.704, 22499
2026/09/26 05:07:23.204, 22499
2026/09/26 05:07:23.704, 22499
2026/09/26 05:07:24.205, 22499
2026/09/26 05:07:24.705, 22499
2026/09/26 05:07:25.205, 22499
2026/09/26 05:07:25.705, 22499
2026/09/26 05:07:26.205, 22499
2026/09/26 05:07:26.705, 22499
2026/09/26 05:07:27.205, 22499
2026/09/26 05:07:27.706, 22499
2026/09/26 05:07:28.206, 22499
2026/09/26 05:07:28.706, 22499
2026/09/26 05:07:29.206, 22499
2026/09/26 05:07:29.706, 22499
2026/09/26 05:07:30.206, 22499
2026/09/26 05:07:30.707, 22499
2026/09/26 05:07:31.207, 22499
2026/09/26 05:07:31.707, 22499
2026/09/26 05:07:32.207, 22499
2026/09/26 05:07:32.707, 22499
2026/09/26 05:07:33.207, 22499
2026/09/26 05:07:33.708, 22499
2026/09/26 05:07:34.208, 22499
2026/09/26 05:07:34.708, 22499
2026/09/26 05:07:35.208, 22499
2026/09/26 05:07:35.708, 22499
2026/09/26 05:07:36.208, 22499
2026/09/26 05:07:36.709, 22499
2026/09/26 05:07:37.209, 22499
2026/09/26 05:07:37.709, 22499
2026/09/26 05:07:38.209, 22499
2026/09/26 05:07:38.709, 22499
2026/09/26 05:07:39.209, 22499
2026/09/26 05:07:39.710, 22499
2026/09/26 05:07:40.210, 22499
2026/09/26 05:07:40.710, 22499
2026/09/26 05:07:41.210, 22499
2026/09/26 05:07:41.710, 22499
2026/09/26 05:07:42.210, 22499
2026/09/26 05:07:42.711, 22499
2026/09/26 05:07:43.211, 22499
2026/09/26 05:07:43.711, 22499
2026/09/26 05:07:44.211, 22499
2026/09/26 05:07:44.711, 22499
2026/09/26 05:07:45.211, 22499
2026/09/26 05:07:45.712, 22499
2026/09/26 05:07:46.212, 22499
2026/09/26 05:07:46.712, 22499
2026/09/26 05:07:47.212, 22499
2026/09/26 05:07:47.712, 22499
2026/09/26 05:07:48.212, 22499
2026/09/26 05:07:48.713, 22499
2026/09/26 05:07:49.213, 22499
2026/09/26 05:07:49.713, 22499
2026/09/26 05:07:50.213, 22499
2026/09/26 05:07:50.713, 22499
2026/09/26 05:07:51.213, 22499
2026/09/26 05:07:51.714, 22499
2026/09/26 05:07:52.214, 22499
2026/09/26 05:07:52.714, 22499
2026/09/26 05:07:53.214, 22499
2026/09/26 05:07:53.714, 22499
2026/09/26 05:07:54.215, 22499
2026/09/26 05:07:54.715, 22499
2026/09/26 05:07:55.215, 22499
2026/09/26 05:07:55.715, 22499
2026/09/26 05:07:56.215, 22499
2026/09/26 05:07:56.715, 22499
2026/09/26 05:07:57.216, 22499
2026/09/26 05:07:57.716, 22499
2026/09/26 05:07:58.216, 22499
2026/09/26 05:07:58.716, 22499
2026/09/26 05:07:59.216, 22499
2026/09/26 05:07:59.716, 22499
2026/09/26 05:08:00.217, 22499
2026/09/26 05:08:00.717, 22499
2026/09/26 05:08:01.217, 22499
2026/09/26 05:08:01.717, 22499
2026/09/26 05:08:02.217, 22499
2026/09/26 05:08:02.717, 22499
2026/09/26 05:08:03.218, 22499
2026/09/26 05:08:03.718, 22499
2026/09/26 05:08:04.218, 22499
2026/09/26 05:08:04.718, 22499
2026/09/26 05:08:05.218, 22499
2026/09/26 05:08:05.718, 22499
2026/09/26 05:08:06.219, 22499
2026/09/26 05:08:06.719, 22499
2026/09/26 05:08:07.219, 22499
2026/09/26 05:08:07.719, 22499
2026/09/26 05:08:08.219, 22499
2026/09/26 05:08:08.719, 22499
2026/09/26 05:08:09.220, 22499
2026/09/26 05:08:09.720, 22499
2026/09/26 05:08:10.220, 22499
2026/09/26 05:08:10.720, 22499
2026/09/26 05:08:11.220, 22499
2026/09/26 05:08:11.720, 22499
2026/09/26 05:08:12.221, 22499
2026/09/26 05:08:12.721, 22499
2026/09/26 05:08:13.221, 22499
2026/09/26 05:08:13.721, 22499
2026/09/26 05:08:14.221, 22499
2026/09/26 05:08:14.721, 22499
2026/09/26 05:08:15.222, 22499
2026/09/26 05:08:15.722, 22499
2026/09/26 05:08:16.222, 22499
2026/09/26 05:08:16.722, 22499
2026/09/26 05:08:17.222, 22499
2026/09/26 05:08:17.722, 22499
2026/09/26 05:08:18.223, 22499
2026/09/26 05:08:18.723, 22499
2026/09/26 05:08:19.223, 22499
2026/09/26 05:08:19.723, 22499
2026/09/26 05:08:20.223, 22499
2026/09/26 05:08:20.723, 22499
2026/09/26 05:08:21.224, 22499
2026/09/26 05:08:21.724, 22499
2026/09/26 05:08:22.224, 22499
2026/09/26 05:08:22.724, 22499
2026/09/26 05:08:23.224, 22499
2026/09/26 05:08:23.724, 22499
2026/09/26 05:08:24.225, 22499
2026/09/26 05:08:24.725, 22499
2026/09/26 05:08:25.225, 22499
2026/09/26 05:08:25.725, 22499
2026/09/26 05:08:26.225, 22499
2026/09/26 05:08:26.725, 22499
2026/09/26 05:08:27.225, 22499
2026/09/26 05:08:27.726, 22499
2026/09/26 05:08:28.226, 22499
2026/09/26 05:08:28.726, 22499
2026/09/26 05:08:29.226, 22499
2026/09/26 05:08:29.726, 22499
2026/09/26 05:08:30.226, 22499
2026/09/26 05:08:30.727, 22499
2026/09/26 05:08:31.227, 22499
2026/09/26 05:08:31.727, 22499
2026/09/26 05:08:32.227, 22499
2026/09/26 05:08:32.727, 22499
2026/09/26 05:08:33.227, 22499
2026/09/26 05:08:33.728, 22499
2026/09/26 05:08:34.228, 22499
2026/09/26 05:08:34.728, 22499
2026/09/26 05:08:35.228, 22499
2026/09/26 05:08:35.728, 22499
2026/09/26 05:08:36.228, 22499
2026/09/26 05:08:36.728, 22499
2026/09/26 05:08:37.229, 22499
2026/09/26 05:08:37.729, 22499
2026/09/26 05:08:38.229, 22499
2026/09/26 05:08:38.729, 22499
2026/09/26 05:08:39.229, 22499
2026/09/26 05:08:39.729, 22499
2026/09/26 05:08:40.230, 22499
2026/09/26 05:08:40.730, 22499
2026/09/26 05:08:41.230, 22499
2026/09/26 05:08:41.730, 22499
2026/09/26 05:08:42.230, 22499
2026/09/26 05:08:42.730, 22499
2026/09/26 05:08:43.231, 22499
2026/09/26 05:08:43.735, 22499
2026/09/26 05:08:44.235, 22499
2026/09/26 05:08:44.735, 22499
2026/09/26 05:08:45.236, 22499
2026/09/26 05:08:45.736, 22499
2026/09/26 05:08:46.236, 22499
2026/09/26 05:08:46.736, 22499
2026/09/26 05:08:47.236, 22499
2026/09/26 05:08:47.736, 22499
2026/09/26 05:08:48.237, 22499
2026/09/26 05:08:48.737, 22499
2026/09/26 05:08:49.237, 22499
2026/09/26 05:08:49.737, 22499
2026/09/26 05:08:50.237, 22499
2026/09/26 05:08:50.737, 22499
2026/09/26 05:08:51.238, 22499
2026/09/26 05:08:51.738, 22499
2026/09/26 05:08:52.238, 22499
2026/09/26 05:08:52.738, 22499
2026/09/26 05:08:53.238, 22499
2026/09/26 05:08:53.738, 22499
2026/09/26 05:08:54.238, 22499
2026/09/26 05:08:54.739, 22499
2026/09/26 05:08:55.239, 22499
2026/09/26 05:08:55.739, 22499
2026/09/26 05:08:56.239, 22499
2026/09/26 05:08:56.739, 22499
2026/09/26 05:08:57.239, 22499
2026/09/26 05:08:57.739, 22499
2026/09/26 05:08:58.240, 22499
2026/09/26 05:08:58.740, 22499
2026/09/26 05:08:59.240, 22499
2026/09/26 05:08:59.740, 22499
2026/09/26 05:09:00.240, 22499
2026/09/26 05:09:00.741, 22499
2026/09/26 05:09:01.241, 22499
2026/09/26 05:09:01.741, 22499
2026/09/26 05:09:02.241, 22499
2026/09/26 05:09:02.741, 22499
2026/09/26 05:09:03.241, 22499
2026/09/26 05:09:03.742, 22499
2026/09/26 05:09:04.242, 22499
2026/09/26 05:09:04.742, 22499
2026/09/26 05:09:05.242, 22499
2026/09/26 05:09:05.742, 22499
2026/09/26 05:09:06.242, 22499
2026/09/26 05:09:06.743, 22499
2026/09/26 05:09:07.243, 22499
2026/09/26 05:09:07.743, 22499
2026/09/26 05:09:08.243, 22499
2026/09/26 05:09:08.743, 22499
2026/09/26 05:09:09.243, 22499
2026/09/26 05:09:09.744, 22499
2026/09/26 05:09:10.244, 22499
2026/09/26 05:09:10.744, 22499
2026/09/26 05:09:11.244, 22499
2026/09/26 05:09:11.744, 22499
2026/09/26 05:09:12.244, 22499
2026/09/26 05:09:12.745, 22499
2026/09/26 05:09:13.245, 22499
2026/09/26 05:09:13.745, 22499
2026/09/26 05:09:14.245, 22499
2026/09/26 05:09:14.745, 22499
2026/09/26 05:09:15.245, 22499
2026/09/26 05:09:15.745, 22499
2026/09/26 05:09:16.246, 22499
2026/09/26 05:09:16.746, 22499
2026/09/26 05:09:17.246, 22499
2026/09/26 05:09:17.746, 22499
2026/09/26 05:09:18.246, 22499
2026/09/26 05:09:18.746, 22499
2026/09/26 05:09:19.247, 22499
2026/09/26 05:09:19.747, 22499
2026/09/26 05:09:20.247, 22499
2026/09/26 05:09:20.747, 22499
2026/09/26 05:09:21.247, 22499
2026/09/26 05:09:21.747, 22499
2026/09/26 05:09:22.247, 22499
2026/09/26 05:09:22.748, 22499
2026/09/26 05:09:23.248, 22499
2026/09/26 05:09:23.748, 22499
2026/09/26 05:09:24.248, 22499
2026/09/26 05:09:24.748, 22499
2026/09/26 05:09:25.248, 22499
2026/09/26 05:09:25.748, 22499
2026/09/26 05:09:26.249, 22499
2026/09/26 05:09:26.749, 22499
2026/09/26 05:09:27.249, 22499
2026/09/26 05:09:27.749, 22499
2026/09/26 05:09:28.249, 22499
2026/09/26 05:09:28.750, 22499
2026/09/26 05:09:29.250, 22499
2026/09/26 05:09:29.750, 22499
2026/09/26 05:09:30.250, 22499
2026/09/26 05:09:30.750, 22499
2026/09/26 05:09:31.250, 22499
2026/09/26 05:09:31.751, 22499
2026/09/26 05:09:32.251, 22499
2026/09/26 05:09:32.751, 22499
2026/09/26 05:09:33.251, 22499
2026/09/26 05:09:33.751, 22499
2026/09/26 05:09:34.252, 22499
2026/09/26 05:09:34.752, 22499
2026/09/26 05:09:35.252, 22499
2026/09/26 05:09:35.752, 22499
2026/09/26 05:09:36.252, 22499
2026/09/26 05:09:36.752, 22499
2026/09/26 05:09:37.252, 22499
2026/09/26 05:09:37.753, 22499
2026/09/26 05:09:38.253, 22499
2026/09/26 05:09:38.753, 22499
2026/09/26 05:09:39.253, 22499
2026/09/26 05:09:39.753, 22499
2026/09/26 05:09:40.253, 22499
2026/09/26 05:09:40.754, 22499
2026/09/26 05:09:41.254, 22499
2026/09/26 05:09:41.754, 22499
2026/09/26 05:09:42.254, 22499
2026/09/26 05:09:42.754, 22499
2026/09/26 05:09:43.254, 22499
2026/09/26 05:09:43.754, 22499
2026/09/26 05:09:44.255, 22499
2026/09/26 05:09:44.755, 22499
2026/09/26 05:09:45.264, 22499
2026/09/26 05:09:45.764, 22499
2026/09/26 05:09:46.264, 22499
2026/09/26 05:09:46.764, 22499
2026/09/26 05:09:47.264, 22499
2026/09/26 05:09:47.765, 22499
2026/09/26 05:09:48.265, 22499
2026/09/26 05:09:48.765, 22499
2026/09/26 05:09:49.265, 22499
2026/09/26 05:09:49.765, 22499
2026/09/26 05:09:50.265, 22499
2026/09/26 05:09:50.765, 22499
2026/09/26 05:09:51.266, 22499
2026/09/26 05:09:51.766, 22499
2026/09/26 05:09:52.266, 22499
2026/09/26 05:09:52.766, 22499
2026/09/26 05:09:53.266, 22499
2026/09/26 05:09:53.766, 22499
2026/09/26 05:09:54.266, 22499
2026/09/26 05:09:54.767, 22499
2026/09/26 05:09:55.267, 22499
2026/09/26 05:09:55.767, 22499
2026/09/26 05:09:56.267, 22499
2026/09/26 05:09:56.767, 22499
2026/09/26 05:09:57.267, 22499
2026/09/26 05:09:57.767, 22499
2026/09/26 05:09:58.268, 22499
2026/09/26 05:09:58.768, 22499
2026/09/26 05:09:59.268, 22499
2026/09/26 05:09:59.768, 22499
2026/09/26 05:10:00.268, 22499
2026/09/26 05:10:00.768, 22499
2026/09/26 05:10:01.269, 22499
2026/09/26 05:10:01.769, 22499
2026/09/26 05:10:02.269, 22499
2026/09/26 05:10:02.769, 22499
2026/09/26 05:10:03.269, 22499
2026/09/26 05:10:03.769, 22499
2026/09/26 05:10:04.270, 22499
2026/09/26 05:10:04.770, 22499
2026/09/26 05:10:05.271, 22499
2026/09/26 05:10:05.771, 22499
2026/09/26 05:10:06.271, 22499
2026/09/26 05:10:06.771, 22499
2026/09/26 05:10:07.271, 22499
2026/09/26 05:10:07.772, 22499
2026/09/26 05:10:08.272, 22499
2026/09/26 05:10:08.772, 22499
2026/09/26 05:10:09.272, 22499
2026/09/26 05:10:09.772, 22499
2026/09/26 05:10:10.272, 22499
2026/09/26 05:10:10.772, 22499
2026/09/26 05:10:11.273, 22499
2026/09/26 05:10:11.773, 22499
2026/09/26 05:10:12.273, 22499
2026/09/26 05:10:12.773, 22499
2026/09/26 05:10:13.273, 22499
2026/09/26 05:10:13.773, 22499
2026/09/26 05:10:14.273, 22499
2026/09/26 05:10:14.774, 22499
2026/09/26 05:10:15.274, 22499
2026/09/26 05:10:15.774, 22499
2026/09/26 05:10:16.274, 22499
2026/09/26 05:10:16.774, 22499
2026/09/26 05:10:17.274, 22499
2026/09/26 05:10:17.774, 22499
2026/09/26 05:10:18.274, 22499
2026/09/26 05:10:18.775, 22499
2026/09/26 05:10:19.275, 22499
2026/09/26 05:10:19.775, 22499
2026/09/26 05:10:20.275, 22499
2026/09/26 05:10:20.775, 22499
2026/09/26 05:10:21.275, 22499
2026/09/26 05:10:21.775, 22499
2026/09/26 05:10:22.275, 22499
2026/09/26 05:10:22.776, 22499
2026/09/26 05:10:23.276, 22499
2026/09/26 05:10:23.776, 22499
2026/09/26 05:10:24.276, 22499
2026/09/26 05:10:24.776, 22499
2026/09/26 05:10:25.276, 22499
2026/09/26 05:10:25.776, 22499
2026/09/26 05:10:26.277, 22499
2026/09/26 05:10:26.777, 22499
2026/09/26 05:10:27.277, 22499
2026/09/26 05:10:27.777, 22499
2026/09/26 05:10:28.277, 22499
2026/09/26 05:10:28.777, 22499
2026/09/26 05:10:29.278, 22499
2026/09/26 05:10:29.778, 22499
2026/09/26 05:10:30.278, 22499
2026/09/26 05:10:30.778, 22499
2026/09/26 05:10:31.278, 22499
2026/09/26 05:10:31.778, 22499
2026/09/26 05:10:32.278, 22499
2026/09/26 05:10:32.778, 22499
2026/09/26 05:10:33.278, 22499
2026/09/26 05:10:33.779, 22499
2026/09/26 05:10:34.279, 22499
2026/09/26 05:10:34.779, 22499
2026/09/26 05:10:35.279, 22499
2026/09/26 05:10:35.779, 22499
2026/09/26 05:10:36.279, 22499
2026/09/26 05:10:36.779, 22499
2026/09/26 05:10:37.279, 22499
2026/09/26 05:10:37.779, 22499
2026/09/26 05:10:38.280, 22499
2026/09/26 05:10:38.780, 22499
2026/09/26 05:10:39.280, 22499
2026/09/26 05:10:39.780, 22499
2026/09/26 05:10:40.280, 22499
2026/09/26 05:10:40.781, 22499
2026/09/26 05:10:41.281, 22499
2026/09/26 05:10:41.781, 22499
2026/09/26 05:10:42.281, 22499
2026/09/26 05:10:42.781, 22499
2026/09/26 05:10:43.281, 22499
2026/09/26 05:10:43.781, 22499
2026/09/26 05:10:44.282, 22499
2026/09/26 05:10:44.782, 22499
2026/09/26 05:10:45.282, 22499
2026/09/26 05:10:45.782, 22499
2026/09/26 05:10:46.282, 22499
2026/09/26 05:10:46.783, 22499
2026/09/26 05:10:47.283, 22499
2026/09/26 05:10:47.783, 22499
2026/09/26 05:10:48.283, 22499
2026/09/26 05:10:48.783, 22499
2026/09/26 05:10:49.283, 22499
2026/09/26 05:10:49.783, 22499
2026/09/26 05:10:50.284, 22499
2026/09/26 05:10:50.784, 22499
2026/09/26 05:10:51.284, 22499
2026/09/26 05:10:51.784, 22499
2026/09/26 05:10:52.284, 22499
2026/09/26 05:10:52.784, 22499
2026/09/26 05:10:53.284, 22499
2026/09/26 05:10:53.785, 22499
2026/09/26 05:10:54.285, 22499
2026/09/26 05:10:54.785, 22499
2026/09/26 05:10:55.285, 22499
2026/09/26 05:10:55.785, 22499
2026/09/26 05:10:56.285, 22499
2026/09/26 05:10:56.785, 22499
2026/09/26 05:10:57.286, 22499
2026/09/26 05:10:57.786, 22499
2026/09/26 05:10:58.286, 22499
2026/09/26 05:10:58.786, 22499
2026/09/26 05:10:59.286, 22499
2026/09/26 05:10:59.786, 22499
2026/09/26 05:11:00.286, 22499
2026/09/26 05:11:00.787, 22499
2026/09/26 05:11:01.287, 22499
2026/09/26 05:11:01.787, 22499
2026/09/26 05:11:02.287, 22499
2026/09/26 05:11:02.787, 22499
2026/09/26 05:11:03.287, 22499
2026/09/26 05:11:03.787, 22499
2026/09/26 05:11:04.287, 22499
2026/09/26 05:11:04.788, 22499
2026/09/26 05:11:05.288, 22499
2026/09/26 05:11:05.788, 22499
2026/09/26 05:11:06.288, 22499
2026/09/26 05:11:06.788, 22499
2026/09/26 05:11:07.288, 22499
2026/09/26 05:11:07.788, 22499
2026/09/26 05:11:08.289, 22499
2026/09/26 05:11:08.789, 22499
2026/09/26 05:11:09.289, 22499
2026/09/26 05:11:09.789, 22499
2026/09/26 05:11:10.289, 22499
2026/09/26 05:11:10.789, 22499
2026/09/26 05:11:11.289, 22499
2026/09/26 05:11:11.790, 22499
2026/09/26 05:11:12.290, 22499
2026/09/26 05:11:12.790, 22499
2026/09/26 05:11:13.290, 22499
2026/09/26 05:11:13.790, 22499
2026/09/26 05:11:14.290, 22499
2026/09/26 05:11:14.791, 22499
2026/09/26 05:11:15.291, 22499
2026/09/26 05:11:15.791, 22499
2026/09/26 05:11:16.291, 22499
2026/09/26 05:11:16.791, 22499
2026/09/26 05:11:17.291, 22499
2026/09/26 05:11:17.791, 22499
2026/09/26 05:11:18.291, 22499
2026/09/26 05:11:18.792, 22499
2026/09/26 05:11:19.292, 22499
2026/09/26 05:11:19.792, 22499
2026/09/26 05:11:20.292, 22499
2026/09/26 05:11:20.792, 22499
2026/09/26 05:11:21.292, 22499
2026/09/26 05:11:21.793, 22499
2026/09/26 05:11:22.293, 22499
2026/09/26 05:11:22.793, 22499
2026/09/26 05:11:23.293, 22499
2026/09/26 05:11:23.793, 22499
2026/09/26 05:11:24.293, 22499
2026/09/26 05:11:24.793, 22499
2026/09/26 05:11:25.294, 22499
2026/09/26 05:11:25.794, 22499
2026/09/26 05:11:26.294, 22499
2026/09/26 05:11:26.794, 22499
2026/09/26 05:11:27.294, 22499
2026/09/26 05:11:27.794, 22499
2026/09/26 05:11:28.294, 22499
2026/09/26 05:11:28.795, 22499
2026/09/26 05:11:29.295, 22499
2026/09/26 05:11:29.795, 22499
2026/09/26 05:11:30.295, 22499
2026/09/26 05:11:30.795, 22499
2026/09/26 05:11:31.295, 22499
2026/09/26 05:11:31.795, 22499
2026/09/26 05:11:32.296, 22499
2026/09/26 05:11:32.796, 22499
2026/09/26 05:11:33.296, 22499
2026/09/26 05:11:33.796, 22499
2026/09/26 05:11:34.296, 22499
2026/09/26 05:11:34.796, 22499
2026/09/26 05:11:35.296, 22499
2026/09/26 05:11:35.797, 22499
2026/09/26 05:11:36.297, 22499
2026/09/26 05:11:36.797, 22499
2026/09/26 05:11:37.297, 22499
2026/09/26 05:11:37.797, 22499
2026/09/26 05:11:38.297, 22499
2026/09/26 05:11:38.797, 22499
2026/09/26 05:11:39.298, 22499
2026/09/26 05:11:39.798, 22499
2026/09/26 05:11:40.298, 22499
2026/09/26 05:11:40.798, 22499
2026/09/26 05:11:41.298, 22499
2026/09/26 05:11:41.798, 22499
2026/09/26 05:11:42.299, 22499
2026/09/26 05:11:42.799, 22499
2026/09/26 05:11:43.299, 22499
2026/09/26 05:11:43.799, 22499
2026/09/26 05:11:44.299, 22499
2026/09/26 05:11:44.799, 22499
2026/09/26 05:11:45.299, 22499
2026/09/26 05:11:45.800, 22499
2026/09/26 05:11:46.300, 22499
2026/09/26 05:11:46.800, 22499
2026/09/26 05:11:47.300, 22499
2026/09/26 05:11:47.800, 22499
2026/09/26 05:11:48.300, 22499
2026/09/26 05:11:48.801, 22499
2026/09/26 05:11:49.301, 22499
2026/09/26 05:11:49.801, 22499
2026/09/26 05:11:50.301, 22499
2026/09/26 05:11:50.806, 22499
2026/09/26 05:11:51.306, 22499
2026/09/26 05:11:51.807, 22499
2026/09/26 05:11:52.307, 22499
2026/09/26 05:11:52.807, 22499
2026/09/26 05:11:53.307, 22499
2026/09/26 05:11:53.807, 22499
2026/09/26 05:11:54.308, 22499
2026/09/26 05:11:54.808, 22499
2026/09/26 05:11:55.308, 22499
2026/09/26 05:11:55.817, 22499
2026/09/26 05:11:56.317, 22499
2026/09/26 05:11:56.817, 22499
2026/09/26 05:11:57.317, 22499
2026/09/26 05:11:57.818, 22499
2026/09/26 05:11:58.318, 22499
2026/09/26 05:11:58.818, 22499
2026/09/26 05:11:59.318, 22499
2026/09/26 05:11:59.818, 22499
2026/09/26 05:12:00.318, 22499
2026/09/26 05:12:00.819, 22499
2026/09/26 05:12:01.319, 22499
2026/09/26 05:12:01.819, 22499
2026/09/26 05:12:02.319, 22499
2026/09/26 05:12:02.819, 22499
2026/09/26 05:12:03.319, 22499
2026/09/26 05:12:03.820, 22499
2026/09/26 05:12:04.320, 22499
2026/09/26 05:12:04.820, 22499
2026/09/26 05:12:05.320, 22499
2026/09/26 05:12:05.820, 22499
2026/09/26 05:12:06.320, 22499
2026/09/26 05:12:06.821, 22499
2026/09/26 05:12:07.321, 22499
2026/09/26 05:12:07.821, 22499
2026/09/26 05:12:08.321, 22499
2026/09/26 05:12:08.821, 22499
2026/09/26 05:12:09.321, 22499
2026/09/26 05:12:09.822, 22499
2026/09/26 05:12:10.322, 22499
2026/09/26 05:12:10.822, 22499
2026/09/26 05:12:11.322, 22499
2026/09/26 05:12:11.822, 22499
2026/09/26 05:12:12.322, 22499
2026/09/26 05:12:12.823, 22499
2026/09/26 05:12:13.323, 22499
2026/09/26 05:12:13.823, 22499
2026/09/26 05:12:14.323, 22499
2026/09/26 05:12:14.823, 22499
2026/09/26 05:12:15.323, 22499
2026/09/26 05:12:15.824, 22499
2026/09/26 05:12:16.324, 22499
2026/09/26 05:12:16.824, 22499
2026/09/26 05:12:17.324, 22499
2026/09/26 05:12:17.824, 22499
2026/09/26 05:12:18.324, 22499
2026/09/26 05:12:18.825, 22499
2026/09/26 05:12:19.325, 22499
2026/09/26 05:12:19.825, 22499
2026/09/26 05:12:20.325, 22499
2026/09/26 05:12:20.825, 22499
2026/09/26 05:12:21.325, 22499
2026/09/26 05:12:21.826, 22499
2026/09/26 05:12:22.326, 22499
2026/09/26 05:12:22.826, 22499
2026/09/26 05:12:23.326, 22499
2026/09/26 05:12:23.826, 22499
2026/09/26 05:12:24.326, 22499
2026/09/26 05:12:24.826, 22499
2026/09/26 05:12:25.327, 22499
2026/09/26 05:12:25.827, 22499
2026/09/26 05:12:26.327, 22499
2026/09/26 05:12:26.827, 22499
2026/09/26 05:12:27.327, 22499
2026/09/26 05:12:27.827, 22499
2026/09/26 05:12:28.328, 22499
2026/09/26 05:12:28.828, 22499
2026/09/26 05:12:29.328, 22499
2026/09/26 05:12:29.828, 22499
2026/09/26 05:12:30.328, 22499
2026/09/26 05:12:30.829, 22499
2026/09/26 05:12:31.329, 22499
2026/09/26 05:12:31.829, 22499
2026/09/26 05:12:32.329, 22499
2026/09/26 05:12:32.829, 22499
2026/09/26 05:12:33.330, 22499
2026/09/26 05:12:33.830, 22499
2026/09/26 05:12:34.330, 22499
2026/09/26 05:12:34.830, 22499
2026/09/26 05:12:35.330, 22499
2026/09/26 05:12:35.830, 22499
2026/09/26 05:12:36.330, 22499
2026/09/26 05:12:36.831, 22499
2026/09/26 05:12:37.331, 22499
2026/09/26 05:12:37.831, 22499
2026/09/26 05:12:38.331, 22499
2026/09/26 05:12:38.831, 22499
2026/09/26 05:12:39.331, 22499
2026/09/26 05:12:39.832, 22499
2026/09/26 05:12:40.332, 22499
2026/09/26 05:12:40.832, 22499
2026/09/26 05:12:41.332, 22499
2026/09/26 05:12:41.832, 22499
2026/09/26 05:12:42.332, 22499
2026/09/26 05:12:42.833, 22499
2026/09/26 05:12:43.333, 22499
2026/09/26 05:12:43.833, 22499
2026/09/26 05:12:44.333, 22499
2026/09/26 05:12:44.833, 22499
2026/09/26 05:12:45.333, 22499
2026/09/26 05:12:45.834, 22499
2026/09/26 05:12:46.334, 22499
2026/09/26 05:12:46.834, 22499
2026/09/26 05:12:47.334, 22499
2026/09/26 05:12:47.834, 22499
2026/09/26 05:12:48.334, 22499
2026/09/26 05:12:48.835, 22499
2026/09/26 05:12:49.335, 22499
2026/09/26 05:12:49.835, 22499
2026/09/26 05:12:50.335, 22499
2026/09/26 05:12:50.835, 22499
2026/09/26 05:12:51.335, 22499
2026/09/26 05:12:51.836, 22499
2026/09/26 05:12:52.336, 22499
2026/09/26 05:12:52.836, 22499
2026/09/26 05:12:53.336, 22499
2026/09/26 05:12:53.836, 22499
2026/09/26 05:12:54.336, 22499
2026/09/26 05:12:54.837, 22499
2026/09/26 05:12:55.337, 22499
2026/09/26 05:12:55.837, 22499
2026/09/26 05:12:56.337, 22499
2026/09/26 05:12:56.837, 22499
2026/09/26 05:12:57.337, 22499
2026/09/26 05:12:57.838, 22499
2026/09/26 05:12:58.338, 22499
2026/09/26 05:12:58.838, 22499
2026/09/26 05:12:59.338, 22499
2026/09/26 05:12:59.838, 22499
2026/09/26 05:13:00.338, 22499
2026/09/26 05:13:00.839, 22499
2026/09/26 05:13:01.339, 22499
2026/09/26 05:13:01.839, 22499
2026/09/26 05:13:02.339, 22499
2026/09/26 05:13:02.839, 22499
2026/09/26 05:13:03.339, 22499
2026/09/26 05:13:03.840, 22499
2026/09/26 05:13:04.340, 22499
2026/09/26 05:13:04.840, 22499
2026/09/26 05:13:05.340, 22499
2026/09/26 05:13:05.840, 22499
2026/09/26 05:13:06.340, 22499
2026/09/26 05:13:06.841, 22499
2026/09/26 05:13:07.341, 22499
2026/09/26 05:13:07.841, 22499
2026/09/26 05:13:08.341, 22499
2026/09/26 05:13:08.841, 22499
2026/09/26 05:13:09.341, 22499
2026/09/26 05:13:09.842, 22499
2026/09/26 05:13:10.342, 22499
2026/09/26 05:13:10.842, 22499
2026/09/26 05:13:11.342, 22499
2026/09/26 05:13:11.842, 22499
2026/09/26 05:13:12.342, 22499
2026/09/26 05:13:12.843, 22499
2026/09/26 05:13:13.343, 22499
2026/09/26 05:13:13.843, 22499
2026/09/26 05:13:14.343, 22499
2026/09/26 05:13:14.843, 22499
2026/09/26 05:13:15.343, 22499
2026/09/26 05:13:15.844, 22499
2026/09/26 05:13:16.344, 22499
2026/09/26 05:13:16.844, 22499
2026/09/26 05:13:17.344, 22499
2026/09/26 05:13:17.844, 22499
2026/09/26 05:13:18.344, 22499
2026/09/26 05:13:18.845, 22499
2026/09/26 05:13:19.345, 22499
2026/09/26 05:13:19.845, 22499
2026/09/26 05:13:20.345, 22499
2026/09/26 05:13:20.845, 22499
2026/09/26 05:13:21.345, 22499
2026/09/26 05:13:21.846, 22499
2026/09/26 05:13:22.346, 22499
2026/09/26 05:13:22.846, 22499
2026/09/26 05:13:23.346, 22499
2026/09/26 05:13:23.846, 22499
2026/09/26 05:13:24.346, 22499
2026/09/26 05:13:24.847, 22499
2026/09/26 05:13:25.347, 22499
2026/09/26 05:13:25.847, 22499
2026/09/26 05:13:26.347, 22499
2026/09/26 05:13:26.847, 22499
2026/09/26 05:13:27.347, 22499
2026/09/26 05:13:27.848, 22499
2026/09/26 05:13:28.348, 22499
2026/09/26 05:13:28.848, 22499
2026/09/26 05:13:29.348, 22499
2026/09/26 05:13:29.848, 22499
2026/09/26 05:13:30.348, 22499
2026/09/26 05:13:30.849, 22499
2026/09/26 05:13:31.349, 22499
2026/09/26 05:13:31.849, 22499
2026/09/26 05:13:32.349, 22499
2026/09/26 05:13:32.849, 22499
2026/09/26 05:13:33.349, 22499
2026/09/26 05:13:33.849, 22499
2026/09/26 05:13:34.350, 22499
2026/09/26 05:13:34.850, 22499
2026/09/26 05:13:35.350, 22499
2026/09/26 05:13:35.850, 22499
2026/09/26 05:13:36.350, 22499
2026/09/26 05:13:36.850, 22499
2026/09/26 05:13:37.351, 22499
2026/09/26 05:13:37.851, 22499
2026/09/26 05:13:38.351, 22499
2026/09/26 05:13:38.851, 22499
2026/09/26 05:13:39.351, 22499
2026/09/26 05:13:39.851, 22499
2026/09/26 05:13:40.352, 22499
2026/09/26 05:13:40.852, 22499
2026/09/26 05:13:41.352, 22499
2026/09/26 05:13:41.852, 22499
2026/09/26 05:13:42.352, 22499
2026/09/26 05:13:42.853, 22499
2026/09/26 05:13:43.353, 22499
2026/09/26 05:13:43.853, 22499
2026/09/26 05:13:44.353, 22499
2026/09/26 05:13:44.853, 22499
2026/09/26 05:13:45.353, 22499
2026/09/26 05:13:45.854, 22499
2026/09/26 05:13:46.354, 22499
2026/09/26 05:13:46.854, 22499
2026/09/26 05:13:47.354, 22499
2026/09/26 05:13:47.854, 22499
2026/09/26 05:13:48.354, 22499
2026/09/26 05:13:48.855, 22499
2026/09/26 05:13:49.355, 22499
2026/09/26 05:13:49.855, 22499
2026/09/26 05:13:50.355, 22499
2026/09/26 05:13:50.855, 22499
2026/09/26 05:13:51.355, 22499
2026/09/26 05:13:51.856, 22499
2026/09/26 05:13:52.356, 22499
2026/09/26 05:13:52.856, 22499
2026/09/26 05:13:53.356, 22499
2026/09/26 05:13:53.856, 22499
2026/09/26 05:13:54.356, 22499
2026/09/26 05:13:54.856, 22499
2026/09/26 05:13:55.357, 22499
2026/09/26 05:13:55.857, 22499
2026/09/26 05:13:56.357, 22499
2026/09/26 05:13:56.857, 22499
2026/09/26 05:13:57.357, 22499
2026/09/26 05:13:57.857, 22499
2026/09/26 05:13:58.358, 22499
2026/09/26 05:13:58.858, 22499
2026/09/26 05:13:59.358, 22499
2026/09/26 05:13:59.858, 22499
2026/09/26 05:14:00.358, 22499
2026/09/26 05:14:00.858, 22499
2026/09/26 05:14:01.359, 22499
2026/09/26 05:14:01.859, 22499
2026/09/26 05:14:02.359, 22499
2026/09/26 05:14:02.859, 22499
2026/09/26 05:14:03.359, 22499
2026/09/26 05:14:03.859, 22499
2026/09/26 05:14:04.360, 22499
2026/09/26 05:14:04.860, 22499
2026/09/26 05:14:05.360, 22499
2026/09/26 05:14:05.860, 22499
2026/09/26 05:14:06.361, 22499
2026/09/26 05:14:06.861, 22499
2026/09/26 05:14:07.361, 22499
2026/09/26 05:14:07.861, 22499
2026/09/26 05:14:08.361, 22499
2026/09/26 05:14:08.862, 22499
2026/09/26 05:14:09.362, 22499
2026/09/26 05:14:09.862, 22499
2026/09/26 05:14:10.362, 22499
2026/09/26 05:14:10.862, 22499
2026/09/26 05:14:11.362, 22499
2026/09/26 05:14:11.863, 22499
2026/09/26 05:14:12.363, 22499
2026/09/26 05:14:12.863, 22499
2026/09/26 05:14:13.363, 22499
2026/09/26 05:14:13.863, 22499
2026/09/26 05:14:14.363, 22499
2026/09/26 05:14:14.864, 22499
2026/09/26 05:14:15.364, 22499
2026/09/26 05:14:15.864, 22499
2026/09/26 05:14:16.364, 22499
2026/09/26 05:14:16.864, 22499
2026/09/26 05:14:17.364, 22499
2026/09/26 05:14:17.864, 22499
2026/09/26 05:14:18.365, 22499
2026/09/26 05:14:18.865, 22499
2026/09/26 05:14:19.365, 22499
2026/09/26 05:14:19.865, 22499
2026/09/26 05:14:20.365, 22499
2026/09/26 05:14:20.865, 22499
2026/09/26 05:14:21.366, 22499
2026/09/26 05:14:21.866, 22499
2026/09/26 05:14:22.366, 22499
2026/09/26 05:14:22.866, 22499
2026/09/26 05:14:23.366, 22499
2026/09/26 05:14:23.866, 22499
2026/09/26 05:14:24.366, 22499
2026/09/26 05:14:24.867, 22499
2026/09/26 05:14:25.367, 22499
2026/09/26 05:14:25.867, 22499
2026/09/26 05:14:26.367, 22499
2026/09/26 05:14:26.867, 22499
2026/09/26 05:14:27.367, 22499
2026/09/26 05:14:27.868, 22499
2026/09/26 05:14:28.368, 22499
2026/09/26 05:14:28.868, 22499
2026/09/26 05:14:29.368, 22499
2026/09/26 05:14:29.868, 22499
2026/09/26 05:14:30.368, 22499
2026/09/26 05:14:30.868, 22499
2026/09/26 05:14:31.369, 22499
2026/09/26 05:14:31.869, 22499
2026/09/26 05:14:32.369, 22499
2026/09/26 05:14:32.869, 22499
2026/09/26 05:14:33.369, 22499
2026/09/26 05:14:33.869, 22499
2026/09/26 05:14:34.370, 22499
2026/09/26 05:14:34.870, 22499
2026/09/26 05:14:35.370, 22499
2026/09/26 05:14:35.870, 22499
2026/09/26 05:14:36.371, 22499
2026/09/26 05:14:36.871, 22499
2026/09/26 05:14:37.371, 22499
2026/09/26 05:14:37.871, 22499
2026/09/26 05:14:38.371, 22499
2026/09/26 05:14:38.872, 22499
2026/09/26 05:14:39.372, 22499
2026/09/26 05:14:39.872, 22499
2026/09/26 05:14:40.372, 22499
2026/09/26 05:14:40.872, 22499
2026/09/26 05:14:41.372, 22499
2026/09/26 05:14:41.872, 22499
2026/09/26 05:14:42.373, 22499
2026/09/26 05:14:42.873, 22499
2026/09/26 05:14:43.373, 22499
2026/09/26 05:14:43.873, 22499
2026/09/26 05:14:44.373, 22499
2026/09/26 05:14:44.873, 22499
2026/09/26 05:14:45.374, 22499
2026/09/26 05:14:45.874, 22499
2026/09/26 05:14:46.374, 22499
2026/09/26 05:14:46.874, 22499
2026/09/26 05:14:47.374, 22499
2026/09/26 05:14:47.874, 22499
2026/09/26 05:14:48.375, 22499
2026/09/26 05:14:48.875, 22499
2026/09/26 05:14:49.375, 22499
2026/09/26 05:14:49.875, 22499
2026/09/26 05:14:50.375, 22499
2026/09/26 05:14:50.875, 22499
2026/09/26 05:14:51.376, 22499
2026/09/26 05:14:51.876, 22499
2026/09/26 05:14:52.376, 22499
2026/09/26 05:14:52.876, 22499
2026/09/26 05:14:53.376, 22499
2026/09/26 05:14:53.876, 22499
2026/09/26 05:14:54.376, 22499
2026/09/26 05:14:54.877, 22499
2026/09/26 05:14:55.377, 22499
2026/09/26 05:14:55.877, 22499
2026/09/26 05:14:56.377, 22499
2026/09/26 05:14:56.877, 22499
2026/09/26 05:14:57.377, 22499
2026/09/26 05:14:57.878, 22499
2026/09/26 05:14:58.378, 22499
2026/09/26 05:14:58.878, 22499
2026/09/26 05:14:59.378, 22499
2026/09/26 05:14:59.878, 22499
2026/09/26 05:15:00.378, 22499
2026/09/26 05:15:00.879, 22499
2026/09/26 05:15:01.379, 22499
2026/09/26 05:15:01.879, 22499
2026/09/26 05:15:02.379, 22499
2026/09/26 05:15:02.879, 22499
2026/09/26 05:15:03.379, 22499
2026/09/26 05:15:03.879, 22499
2026/09/26 05:15:04.380, 22499
2026/09/26 05:15:04.880, 22499
2026/09/26 05:15:05.380, 22499
2026/09/26 05:15:05.880, 22499
2026/09/26 05:15:06.380, 22499
2026/09/26 05:15:06.880, 22499
2026/09/26 05:15:07.381, 22499
2026/09/26 05:15:07.881, 22499
2026/09/26 05:15:08.381, 22499
2026/09/26 05:15:08.881, 22499
2026/09/26 05:15:09.381, 22499
2026/09/26 05:15:09.881, 22499
2026/09/26 05:15:10.382, 22499
2026/09/26 05:15:10.882, 22499
2026/09/26 05:15:11.382, 22499
2026/09/26 05:15:11.882, 22499
2026/09/26 05:15:12.382, 22499
2026/09/26 05:15:12.882, 22499
2026/09/26 05:15:13.383, 22499
2026/09/26 05:15:13.883, 22499
2026/09/26 05:15:14.383, 22499
2026/09/26 05:15:14.883, 22499
2026/09/26 05:15:15.383, 22499
2026/09/26 05:15:15.883, 22499
2026/09/26 05:15:16.384, 22499
2026/09/26 05:15:16.884, 22499
2026/09/26 05:15:17.384, 22499
2026/09/26 05:15:17.884, 22499
2026/09/26 05:15:18.384, 22499
2026/09/26 05:15:18.884, 22499
2026/09/26 05:15:19.385, 22499
2026/09/26 05:15:19.885, 22499
2026/09/26 05:15:20.385, 22499
2026/09/26 05:15:20.885, 22499
2026/09/26 05:15:21.385, 22499
2026/09/26 05:15:21.885, 22499
2026/09/26 05:15:22.385, 22499
2026/09/26 05:15:22.886, 22499
2026/09/26 05:15:23.386, 22499
2026/09/26 05:15:23.886, 22499
2026/09/26 05:15:24.386, 22499
2026/09/26 05:15:24.886, 22499
2026/09/26 05:15:25.386, 22499
2026/09/26 05:15:25.887, 22499
2026/09/26 05:15:26.387, 22499
2026/09/26 05:15:26.887, 22499
2026/09/26 05:15:27.387, 22499
2026/09/26 05:15:27.887, 22499
2026/09/26 05:15:28.387, 22499
2026/09/26 05:15:28.887, 22499
2026/09/26 05:15:29.388, 22499
2026/09/26 05:15:29.888, 22499
2026/09/26 05:15:30.388, 22499
2026/09/26 05:15:30.888, 22499
2026/09/26 05:15:31.388, 22499
2026/09/26 05:15:31.889, 22499
2026/09/26 05:15:32.389, 22499
2026/09/26 05:15:32.889, 22499
2026/09/26 05:15:33.389, 22499
2026/09/26 05:15:33.889, 22499
2026/09/26 05:15:34.389, 22499
2026/09/26 05:15:34.890, 22499
2026/09/26 05:15:35.390, 22499
2026/09/26 05:15:35.890, 22499
2026/09/26 05:15:36.390, 22499
2026/09/26 05:15:36.890, 22499
2026/09/26 05:15:37.390, 22499
2026/09/26 05:15:37.891, 22499
2026/09/26 05:15:38.391, 22499
2026/09/26 05:15:38.891, 22499
2026/09/26 05:15:39.391, 22499
2026/09/26 05:15:39.891, 22499
2026/09/26 05:15:40.391, 22499
2026/09/26 05:15:40.892, 22499
2026/09/26 05:15:41.392, 22499
2026/09/26 05:15:41.892, 22499
2026/09/26 05:15:42.392, 22499
2026/09/26 05:15:42.892, 22499
2026/09/26 05:15:43.393, 22499
2026/09/26 05:15:43.893, 22499
2026/09/26 05:15:44.393, 22499
2026/09/26 05:15:44.893, 22499
2026/09/26 05:15:45.393, 22499
2026/09/26 05:15:45.894, 22499
2026/09/26 05:15:46.394, 22499
2026/09/26 05:15:46.894, 22499
2026/09/26 05:15:47.394, 22499
2026/09/26 05:15:47.894, 22499
2026/09/26 05:15:48.394, 22499
2026/09/26 05:15:48.895, 22499
2026/09/26 05:15:49.395, 22499
2026/09/26 05:15:49.895, 22499
2026/09/26 05:15:50.395, 22499
2026/09/26 05:15:50.895, 22499
2026/09/26 05:15:51.395, 22499
2026/09/26 05:15:51.896, 22499
2026/09/26 05:15:52.396, 22499
2026/09/26 05:15:52.896, 22499
2026/09/26 05:15:53.396, 22499
2026/09/26 05:15:53.896, 22499
2026/09/26 05:15:54.397, 22499
2026/09/26 05:15:54.897, 22499
2026/09/26 05:15:55.397, 22499
2026/09/26 05:15:55.897, 22499
2026/09/26 05:15:56.397, 22499
2026/09/26 05:15:56.897, 22499
2026/09/26 05:15:57.398, 22499
2026/09/26 05:15:57.898, 22499
2026/09/26 05:15:58.398, 22499
2026/09/26 05:15:58.898, 22499
2026/09/26 05:15:59.398, 22499
2026/09/26 05:15:59.898, 22499
2026/09/26 05:16:00.399, 22499
2026/09/26 05:16:00.899, 22499
2026/09/26 05:16:01.399, 22499
2026/09/26 05:16:01.899, 22499
2026/09/26 05:16:02.399, 22499
2026/09/26 05:16:02.899, 22499
2026/09/26 05:16:03.400, 22499
2026/09/26 05:16:03.900, 22499
2026/09/26 05:16:04.400, 22499
2026/09/26 05:16:04.900, 22499
2026/09/26 05:16:05.400, 22499
2026/09/26 05:16:05.900, 22499
2026/09/26 05:16:06.401, 22499
2026/09/26 05:16:06.901, 22499
2026/09/26 05:16:07.401, 22499
2026/09/26 05:16:07.901, 22499
2026/09/26 05:16:08.401, 22499
2026/09/26 05:16:08.901, 22499
2026/09/26 05:16:09.402, 22499
2026/09/26 05:16:09.902, 22499
2026/09/26 05:16:10.402, 22499
2026/09/26 05:16:10.902, 22499
2026/09/26 05:16:11.402, 22499
2026/09/26 05:16:11.902, 22499
2026/09/26 05:16:12.402, 22499
2026/09/26 05:16:12.903, 22499
2026/09/26 05:16:13.403, 22499
2026/09/26 05:16:13.903, 22499
2026/09/26 05:16:14.403, 22499
2026/09/26 05:16:14.903, 22499
2026/09/26 05:16:15.403, 22499
2026/09/26 05:16:15.904, 22499
2026/09/26 05:16:16.404, 22499
2026/09/26 05:16:16.904, 22499
2026/09/26 05:16:17.404, 22499
2026/09/26 05:16:17.904, 22499
2026/09/26 05:16:18.405, 22499
2026/09/26 05:16:18.905, 22499
2026/09/26 05:16:19.405, 22499
2026/09/26 05:16:19.905, 22499
2026/09/26 05:16:20.405, 22499
2026/09/26 05:16:20.905, 22499
2026/09/26 05:16:21.406, 22499
2026/09/26 05:16:21.906, 22499
2026/09/26 05:16:22.406, 22499
2026/09/26 05:16:22.906, 22499
2026/09/26 05:16:23.406, 22499
2026/09/26 05:16:23.906, 22499
2026/09/26 05:16:24.407, 22499
2026/09/26 05:16:24.907, 22499
2026/09/26 05:16:25.407, 22499
2026/09/26 05:16:25.907, 22499
2026/09/26 05:16:26.407, 22499
2026/09/26 05:16:26.907, 22499
2026/09/26 05:16:27.408, 22499
2026/09/26 05:16:27.908, 22499
2026/09/26 05:16:28.408, 22499
2026/09/26 05:16:28.908, 22499
2026/09/26 05:16:29.408, 22499
2026/09/26 05:16:29.908, 22499
2026/09/26 05:16:30.408, 22499
2026/09/26 05:16:30.909, 22499
2026/09/26 05:16:31.409, 22499
2026/09/26 05:16:31.909, 22499
2026/09/26 05:16:32.409, 22499
2026/09/26 05:16:32.909, 22499
2026/09/26 05:16:33.409, 22499
2026/09/26 05:16:33.910, 22499
2026/09/26 05:16:34.410, 22499
2026/09/26 05:16:34.910, 22499
2026/09/26 05:16:35.410, 22499
2026/09/26 05:16:35.910, 22499
2026/09/26 05:16:36.410, 22499
2026/09/26 05:16:36.911, 22499
2026/09/26 05:16:37.411, 22499
2026/09/26 05:16:37.911, 22499
2026/09/26 05:16:38.411, 22499
2026/09/26 05:16:38.911, 22499
2026/09/26 05:16:39.411, 22499
2026/09/26 05:16:39.911, 22499
2026/09/26 05:16:40.412, 22499
2026/09/26 05:16:40.912, 22499
2026/09/26 05:16:41.412, 22499
2026/09/26 05:16:41.912, 22499
2026/09/26 05:16:42.412, 22499
2026/09/26 05:16:42.913, 22499
2026/09/26 05:16:43.413, 22499
2026/09/26 05:16:43.913, 22499
2026/09/26 05:16:44.413, 22499
2026/09/26 05:16:44.913, 22499
2026/09/26 05:16:45.413, 22499
2026/09/26 05:16:45.914, 22499
2026/09/26 05:16:46.414, 22499
2026/09/26 05:16:46.914, 22499
2026/09/26 05:16:47.414, 22499
2026/09/26 05:16:47.914, 22499
2026/09/26 05:16:48.414, 22499
2026/09/26 05:16:48.915, 22499
2026/09/26 05:16:49.415, 22499
2026/09/26 05:16:49.915, 22499
2026/09/26 05:16:50.416, 22499
2026/09/26 05:16:50.916, 22499
2026/09/26 05:16:51.416, 22499
2026/09/26 05:16:51.916, 22499
2026/09/26 05:16:52.416, 22499
2026/09/26 05:16:52.916, 22499
2026/09/26 05:16:53.417, 22499
2026/09/26 05:16:53.917, 22499
2026/09/26 05:16:54.417, 22499
2026/09/26 05:16:54.917, 22499
2026/09/26 05:16:55.417, 22499
2026/09/26 05:16:55.917, 22499
2026/09/26 05:16:56.418, 22499
2026/09/26 05:16:56.918, 22499
2026/09/26 05:16:57.418, 22499
2026/09/26 05:16:57.918, 22499
2026/09/26 05:16:58.418, 22499
2026/09/26 05:16:58.919, 22499
2026/09/26 05:16:59.419, 22499
2026/09/26 05:16:59.919, 22499
2026/09/26 05:17:00.419, 22499
2026/09/26 05:17:00.919, 22499
2026/09/26 05:17:01.419, 22499
2026/09/26 05:17:01.920, 22499
2026/09/26 05:17:02.420, 22499
2026/09/26 05:17:02.920, 22499
2026/09/26 05:17:03.420, 22499
2026/09/26 05:17:03.920, 22499
2026/09/26 05:17:04.420, 22499
2026/09/26 05:17:04.921, 22499
2026/09/26 05:17:05.421, 22499
2026/09/26 05:17:05.921, 22499
2026/09/26 05:17:06.421, 22499
2026/09/26 05:17:06.921, 22499
2026/09/26 05:17:07.421, 22499
2026/09/26 05:17:07.922, 22499
2026/09/26 05:17:08.422, 22499
2026/09/26 05:17:08.922, 22499
2026/09/26 05:17:09.422, 22499
2026/09/26 05:17:09.922, 22499
2026/09/26 05:17:10.422, 22499
2026/09/26 05:17:10.923, 22499
2026/09/26 05:17:11.423, 22499
2026/09/26 05:17:11.923, 22499
2026/09/26 05:17:12.423, 22499
2026/09/26 05:17:12.923, 22499
2026/09/26 05:17:13.423, 22499
2026/09/26 05:17:13.924, 22499
2026/09/26 05:17:14.424, 22499
2026/09/26 05:17:14.924, 22499
2026/09/26 05:17:15.424, 22499
2026/09/26 05:17:15.924, 22499
2026/09/26 05:17:16.425, 22499
2026/09/26 05:17:16.925, 22499
2026/09/26 05:17:17.425, 22499
2026/09/26 05:17:17.925, 22499
2026/09/26 05:17:18.425, 22499
2026/09/26 05:17:18.925, 22499
2026/09/26 05:17:19.426, 22499
2026/09/26 05:17:19.926, 22499
2026/09/26 05:17:20.426, 22499
2026/09/26 05:17:20.926, 22499
2026/09/26 05:17:21.426, 22499
2026/09/26 05:17:21.926, 22499
2026/09/26 05:17:22.427, 22499
2026/09/26 05:17:22.927, 22499
2026/09/26 05:17:23.427, 22499
2026/09/26 05:17:23.927, 22499
2026/09/26 05:17:24.427, 22499
2026/09/26 05:17:24.927, 22499
2026/09/26 05:17:25.428, 22499
2026/09/26 05:17:25.928, 22499
2026/09/26 05:17:26.428, 22499
2026/09/26 05:17:26.928, 22499
2026/09/26 05:17:27.428, 22499
2026/09/26 05:17:27.928, 22499
2026/09/26 05:17:28.429, 22499
2026/09/26 05:17:28.929, 22499
2026/09/26 05:17:29.429, 22499
2026/09/26 05:17:29.929, 22499
2026/09/26 05:17:30.429, 22499
2026/09/26 05:17:30.929, 22499
2026/09/26 05:17:31.430, 22499
2026/09/26 05:17:31.930, 22499
2026/09/26 05:17:32.430, 22499
2026/09/26 05:17:32.930, 22499
2026/09/26 05:17:33.430, 22499
2026/09/26 05:17:33.930, 22499
2026/09/26 05:17:34.431, 22499
2026/09/26 05:17:34.931, 22499
2026/09/26 05:17:35.431, 22499
2026/09/26 05:17:35.931, 22499
2026/09/26 05:17:36.431, 22499
2026/09/26 05:17:36.931, 22499
2026/09/26 05:17:37.431, 22499
2026/09/26 05:17:37.932, 22499
2026/09/26 05:17:38.432, 22499
2026/09/26 05:17:38.932, 22499
2026/09/26 05:17:39.432, 22499
2026/09/26 05:17:39.932, 22499
2026/09/26 05:17:40.433, 22499
2026/09/26 05:17:40.933, 22499
2026/09/26 05:17:41.433, 22499
2026/09/26 05:17:41.933, 22499
2026/09/26 05:17:42.433, 22499
2026/09/26 05:17:42.933, 22499
2026/09/26 05:17:43.433, 22499
2026/09/26 05:17:43.934, 22499
2026/09/26 05:17:44.434, 22499
2026/09/26 05:17:44.934, 22499
2026/09/26 05:17:45.434, 22499
2026/09/26 05:17:45.934, 22499
2026/09/26 05:17:46.434, 22499
2026/09/26 05:17:46.935, 22499
2026/09/26 05:17:47.435, 22499
2026/09/26 05:17:47.935, 22499
2026/09/26 05:17:48.435, 22499
2026/09/26 05:17:48.935, 22499
2026/09/26 05:17:49.435, 22499
2026/09/26 05:17:49.936, 22499
2026/09/26 05:17:50.436, 22499
2026/09/26 05:17:50.936, 22499
2026/09/26 05:17:51.436, 22499
2026/09/26 05:17:51.936, 22499
2026/09/26 05:17:52.436, 22499
2026/09/26 05:17:52.936, 22499
2026/09/26 05:17:53.437, 22499
2026/09/26 05:17:53.937, 22499
2026/09/26 05:17:54.437, 22499
2026/09/26 05:17:54.937, 22499
2026/09/26 05:17:55.437, 22499
2026/09/26 05:17:55.937, 22499
2026/09/26 05:17:56.437, 22499
2026/09/26 05:17:56.938, 22499
2026/09/26 05:17:57.438, 22499
2026/09/26 05:17:57.938, 22499
2026/09/26 05:17:58.438, 22499
2026/09/26 05:17:58.938, 22499
2026/09/26 05:17:59.438, 22499
2026/09/26 05:17:59.939, 22499
2026/09/26 05:18:00.439, 22499
2026/09/26 05:18:00.939, 22499
2026/09/26 05:18:01.439, 22499
2026/09/26 05:18:01.939, 22499
2026/09/26 05:18:02.439, 22499
2026/09/26 05:18:02.939, 22499
2026/09/26 05:18:03.440, 22499
2026/09/26 05:18:03.940, 22499
2026/09/26 05:18:04.440, 22499
2026/09/26 05:18:04.940, 22499
2026/09/26 05:18:05.440, 22499
2026/09/26 05:18:05.940, 22499
2026/09/26 05:18:06.441, 22499
2026/09/26 05:18:06.941, 22499
2026/09/26 05:18:07.441, 22499
2026/09/26 05:18:07.941, 22499
2026/09/26 05:18:08.441, 22499
2026/09/26 05:18:08.941, 22499
2026/09/26 05:18:09.442, 22499
2026/09/26 05:18:09.942, 22499
2026/09/26 05:18:10.442, 22499
2026/09/26 05:18:10.942, 22499
2026/09/26 05:18:11.442, 22499
2026/09/26 05:18:11.943, 22499
2026/09/26 05:18:12.443, 22499
2026/09/26 05:18:12.943, 22499
2026/09/26 05:18:13.443, 22499
2026/09/26 05:18:13.943, 22499
2026/09/26 05:18:14.443, 22499
2026/09/26 05:18:14.943, 22499
2026/09/26 05:18:15.444, 22499
2026/09/26 05:18:15.944, 22499
2026/09/26 05:18:16.444, 22499
2026/09/26 05:18:16.944, 22499
2026/09/26 05:18:17.444, 22499
2026/09/26 05:18:17.944, 22499
2026/09/26 05:18:18.445, 22499
2026/09/26 05:18:18.945, 22499
2026/09/26 05:18:19.445, 22499
2026/09/26 05:18:19.945, 22499
2026/09/26 05:18:20.445, 22499
2026/09/26 05:18:20.945, 22499
2026/09/26 05:18:21.446, 22499
2026/09/26 05:18:21.946, 22499
2026/09/26 05:18:22.446, 22499
2026/09/26 05:18:22.946, 22499
2026/09/26 05:18:23.446, 22499
2026/09/26 05:18:23.946, 22499
2026/09/26 05:18:24.447, 22499
2026/09/26 05:18:24.947, 22499
2026/09/26 05:18:25.447, 22499
2026/09/26 05:18:25.947, 22499
2026/09/26 05:18:26.447, 22499
2026/09/26 05:18:26.947, 22499
2026/09/26 05:18:27.448, 22499
2026/09/26 05:18:27.948, 22499
2026/09/26 05:18:28.448, 22499
2026/09/26 05:18:28.948, 22499
2026/09/26 05:18:29.448, 22499
2026/09/26 05:18:29.948, 22499
2026/09/26 05:18:30.448, 22499
2026/09/26 05:18:30.949, 22499
2026/09/26 05:18:31.449, 22499
2026/09/26 05:18:31.949, 22499
2026/09/26 05:18:32.449, 22499
2026/09/26 05:18:32.949, 22499
2026/09/26 05:18:33.449, 22499
2026/09/26 05:18:33.950, 22499
2026/09/26 05:18:34.450, 22499
2026/09/26 05:18:34.950, 22499
2026/09/26 05:18:35.450, 22499
2026/09/26 05:18:35.950, 22499
2026/09/26 05:18:36.450, 22499
2026/09/26 05:18:36.951, 22499
2026/09/26 05:18:37.451, 22499
2026/09/26 05:18:37.951, 22499
2026/09/26 05:18:38.451, 22499
2026/09/26 05:18:38.951, 22499
2026/09/26 05:18:39.451, 22499
2026/09/26 05:18:39.951, 22499
2026/09/26 05:18:40.452, 22499
2026/09/26 05:18:40.952, 22499
2026/09/26 05:18:41.452, 22499
2026/09/26 05:18:41.952, 22499
2026/09/26 05:18:42.452, 22499
2026/09/26 05:18:42.952, 22499
2026/09/26 05:18:43.453, 22499
2026/09/26 05:18:43.953, 22499
2026/09/26 05:18:44.453, 22499
2026/09/26 05:18:44.953, 22499
2026/09/26 05:18:45.453, 22499
2026/09/26 05:18:45.953, 22499
2026/09/26 05:18:46.453, 22499
2026/09/26 05:18:46.954, 22499
2026/09/26 05:18:47.454, 22499
2026/09/26 05:18:47.954, 22499
2026/09/26 05:18:48.454, 22499
2026/09/26 05:18:48.954, 22499
2026/09/26 05:18:49.454, 22499
2026/09/26 05:18:49.954, 22499
2026/09/26 05:18:50.455, 22499
2026/09/26 05:18:50.955, 22499
2026/09/26 05:18:51.455, 22499
2026/09/26 05:18:51.955, 22499
2026/09/26 05:18:52.455, 22499
2026/09/26 05:18:52.955, 22499
2026/09/26 05:18:53.456, 22499
2026/09/26 05:18:53.956, 22499
2026/09/26 05:18:54.456, 22499
2026/09/26 05:18:54.956, 22499
2026/09/26 05:18:55.456, 22499
2026/09/26 05:18:55.956, 22499
2026/09/26 05:18:56.457, 22499
2026/09/26 05:18:56.957, 22499
2026/09/26 05:18:57.457, 22499
2026/09/26 05:18:57.957, 22499
2026/09/26 05:18:58.457, 22499
2026/09/26 05:18:58.957, 22499
2026/09/26 05:18:59.458, 22499
2026/09/26 05:18:59.958, 22499
2026/09/26 05:19:00.458, 22499
2026/09/26 05:19:00.958, 22499
2026/09/26 05:19:01.458, 22499
2026/09/26 05:19:01.958, 22499
2026/09/26 05:19:02.459, 22499
2026/09/26 05:19:02.959, 22499
2026/09/26 05:19:03.459, 22499
2026/09/26 05:19:03.959, 22499
2026/09/26 05:19:04.459, 22499
2026/09/26 05:19:04.959, 22499
2026/09/26 05:19:05.459, 22499
2026/09/26 05:19:05.960, 22499
2026/09/26 05:19:06.460, 22499
2026/09/26 05:19:06.960, 22499
2026/09/26 05:19:07.460, 22499
2026/09/26 05:19:07.960, 22499
2026/09/26 05:19:08.460, 22499
2026/09/26 05:19:08.961, 22499
2026/09/26 05:19:09.461, 22499
2026/09/26 05:19:09.961, 22499
2026/09/26 05:19:10.461, 22499
2026/09/26 05:19:10.961, 22499
2026/09/26 05:19:11.461, 22499
2026/09/26 05:19:11.962, 22499
2026/09/26 05:19:12.462, 22499
2026/09/26 05:19:12.962, 22499
2026/09/26 05:19:13.462, 22499
2026/09/26 05:19:13.962, 22499
2026/09/26 05:19:14.462, 22499
2026/09/26 05:19:14.962, 22499
2026/09/26 05:19:15.463, 22499
2026/09/26 05:19:15.963, 22499
2026/09/26 05:19:16.463, 22499
2026/09/26 05:19:16.963, 22499
2026/09/26 05:19:17.463, 22499
2026/09/26 05:19:17.963, 22499
2026/09/26 05:19:18.464, 22499
2026/09/26 05:19:18.964, 22499
2026/09/26 05:19:19.464, 22499
2026/09/26 05:19:19.964, 22499
2026/09/26 05:19:20.464, 22499
2026/09/26 05:19:20.964, 22499
2026/09/26 05:19:21.464, 22499
2026/09/26 05:19:21.965, 22499
2026/09/26 05:19:22.465, 22499
2026/09/26 05:19:22.965, 22499
2026/09/26 05:19:23.465, 22499
2026/09/26 05:19:23.965, 22499
2026/09/26 05:19:24.465, 22499
2026/09/26 05:19:24.965, 22499
2026/09/26 05:19:25.466, 22499
2026/09/26 05:19:25.966, 22499
2026/09/26 05:19:26.466, 22499
2026/09/26 05:19:26.966, 22499
2026/09/26 05:19:27.466, 22499
2026/09/26 05:19:27.966, 22499
2026/09/26 05:19:28.466, 22499
2026/09/26 05:19:28.967, 22499
2026/09/26 05:19:29.467, 22499
2026/09/26 05:19:29.967, 22499
2026/09/26 05:19:30.467, 22499
2026/09/26 05:19:30.967, 22499
2026/09/26 05:19:31.467, 22499
2026/09/26 05:19:31.968, 22499
2026/09/26 05:19:32.468, 22499
2026/09/26 05:19:32.968, 22499
2026/09/26 05:19:33.468, 22499
2026/09/26 05:19:33.968, 22499
2026/09/26 05:19:34.468, 22499
2026/09/26 05:19:34.968, 22499
2026/09/26 05:19:35.469, 22499
2026/09/26 05:19:35.969, 22499
2026/09/26 05:19:36.469, 22499
2026/09/26 05:19:36.969, 22499
2026/09/26 05:19:37.469, 22499
2026/09/26 05:19:37.969, 22499
2026/09/26 05:19:38.470, 22499
2026/09/26 05:19:38.970, 22499
2026/09/26 05:19:39.470, 22499
2026/09/26 05:19:39.970, 22499
2026/09/26 05:19:40.470, 22499
2026/09/26 05:19:40.970, 22499
2026/09/26 05:19:41.471, 22499
2026/09/26 05:19:41.971, 22499
2026/09/26 05:19:42.471, 22499
2026/09/26 05:19:42.971, 22499
2026/09/26 05:19:43.471, 22499
2026/09/26 05:19:43.971, 22499
2026/09/26 05:19:44.472, 22499
2026/09/26 05:19:44.972, 22499
2026/09/26 05:19:45.472, 22499
2026/09/26 05:19:45.972, 22499
2026/09/26 05:19:46.472, 22499
2026/09/26 05:19:46.972, 22499
2026/09/26 05:19:47.473, 22499
2026/09/26 05:19:47.973, 22499
2026/09/26 05:19:48.473, 22499
2026/09/26 05:19:48.973, 22499
2026/09/26 05:19:49.473, 22499
2026/09/26 05:19:49.973, 22499
2026/09/26 05:19:50.474, 22499
2026/09/26 05:19:50.974, 22499
2026/09/26 05:19:51.474, 22499
2026/09/26 05:19:51.974, 22499
2026/09/26 05:19:52.474, 22499
2026/09/26 05:19:52.974, 22499
2026/09/26 05:19:53.475, 22499
2026/09/26 05:19:53.975, 22499
2026/09/26 05:19:54.475, 22499
2026/09/26 05:19:54.975, 22499
2026/09/26 05:19:55.475, 22499
2026/09/26 05:19:55.975, 22499
2026/09/26 05:19:56.476, 22499
2026/09/26 05:19:56.976, 22499
2026/09/26 05:19:57.476, 22499
2026/09/26 05:19:57.976, 22499
2026/09/26 05:19:58.476, 22499
2026/09/26 05:19:58.976, 22499
2026/09/26 05:19:59.477, 22499
2026/09/26 05:19:59.977, 22499
2026/09/26 05:20:00.477, 22499
2026/09/26 05:20:00.978, 22499
2026/09/26 05:20:01.478, 22499
2026/09/26 05:20:01.978, 22499
2026/09/26 05:20:02.479, 22499
2026/09/26 05:20:02.979, 22499
2026/09/26 05:20:03.479, 22499
2026/09/26 05:20:03.979, 22499
2026/09/26 05:20:04.479, 22499
2026/09/26 05:20:04.979, 22499
2026/09/26 05:20:05.480, 22499
2026/09/26 05:20:05.980, 22499
2026/09/26 05:20:06.480, 22499
2026/09/26 05:20:06.980, 22499
2026/09/26 05:20:07.480, 22499
2026/09/26 05:20:07.980, 22499
2026/09/26 05:20:08.481, 22499
2026/09/26 05:20:08.981, 22499
2026/09/26 05:20:09.481, 22499
2026/09/26 05:20:09.981, 22499
2026/09/26 05:20:10.481, 22499
2026/09/26 05:20:10.981, 22499
2026/09/26 05:20:11.482, 22499
2026/09/26 05:20:11.982, 22499
2026/09/26 05:20:12.482, 22499
2026/09/26 05:20:12.982, 22499
2026/09/26 05:20:13.482, 22499
2026/09/26 05:20:13.982, 22499
2026/09/26 05:20:14.483, 22499
2026/09/26 05:20:14.983, 22499
2026/09/26 05:20:15.483, 22499
2026/09/26 05:20:15.983, 22499
2026/09/26 05:20:16.483, 22499
2026/09/26 05:20:16.983, 22499
2026/09/26 05:20:17.484, 22499
2026/09/26 05:20:17.984, 22499
2026/09/26 05:20:18.484, 22499
2026/09/26 05:20:18.984, 22499
2026/09/26 05:20:19.484, 22499
2026/09/26 05:20:19.984, 22499
2026/09/26 05:20:20.485, 22499
2026/09/26 05:20:20.985, 22499
2026/09/26 05:20:21.485, 22499
2026/09/26 05:20:21.985, 22499
2026/09/26 05:20:22.485, 22499
2026/09/26 05:20:22.985, 22499
2026/09/26 05:20:23.485, 22499
2026/09/26 05:20:23.986, 22499
2026/09/26 05:20:24.486, 22499
2026/09/26 05:20:24.986, 22499
2026/09/26 05:20:25.486, 22499
2026/09/26 05:20:25.986, 22499
2026/09/26 05:20:26.486, 22499
2026/09/26 05:20:26.987, 22499
2026/09/26 05:20:27.487, 22499
2026/09/26 05:20:27.987, 22499
2026/09/26 05:20:28.487, 22499
2026/09/26 05:20:28.987, 22499
2026/09/26 05:20:29.487, 22499
2026/09/26 05:20:29.988, 22499
2026/09/26 05:20:30.488, 22499
2026/09/26 05:20:30.988, 22499
2026/09/26 05:20:31.488, 22499
2026/09/26 05:20:31.988, 22499
2026/09/26 05:20:32.488, 22499
2026/09/26 05:20:32.989, 22499
2026/09/26 05:20:33.489, 22499
2026/09/26 05:20:33.989, 22499
2026/09/26 05:20:34.489, 22499
2026/09/26 05:20:34.989, 22499
2026/09/26 05:20:35.489, 22499
2026/09/26 05:20:35.990, 22499
2026/09/26 05:20:36.490, 22499
2026/09/26 05:20:36.990, 22499
2026/09/26 05:20:37.490, 22499
2026/09/26 05:20:37.990, 22499
2026/09/26 05:20:38.490, 22499
2026/09/26 05:20:38.991, 22499
2026/09/26 05:20:39.491, 22499
2026/09/26 05:20:39.991, 22499
2026/09/26 05:20:40.491, 22499
2026/09/26 05:20:40.991, 22499
2026/09/26 05:20:41.491, 22499
2026/09/26 05:20:41.992, 22499
2026/09/26 05:20:42.492, 22499
2026/09/26 05:20:42.992, 22499
2026/09/26 05:20:43.492, 22499
2026/09/26 05:20:43.992, 22499
2026/09/26 05:20:44.493, 22499
2026/09/26 05:20:44.993, 22499
2026/09/26 05:20:45.493, 22499
2026/09/26 05:20:45.993, 22499
2026/09/26 05:20:46.493, 22499
2026/09/26 05:20:46.993, 22499
2026/09/26 05:20:47.494, 22499
2026/09/26 05:20:47.994, 22499
2026/09/26 05:20:48.494, 22499
2026/09/26 05:20:48.994, 22499
2026/09/26 05:20:49.494, 22499
2026/09/26 05:20:49.995, 22499
2026/09/26 05:20:50.495, 22499
2026/09/26 05:20:50.995, 22499
2026/09/26 05:20:51.495, 22499
2026/09/26 05:20:51.995, 22499
2026/09/26 05:20:52.495, 22499
2026/09/26 05:20:52.995, 22499
2026/09/26 05:20:53.496, 22499
2026/09/26 05:20:53.996, 22499
2026/09/26 05:20:54.496, 22499
2026/09/26 05:20:54.996, 22499
2026/09/26 05:20:55.496, 22499
2026/09/26 05:20:55.997, 22499
2026/09/26 05:20:56.497, 22499
2026/09/26 05:20:56.997, 22499
2026/09/26 05:20:57.497, 22499
2026/09/26 05:20:57.997, 22499
2026/09/26 05:20:58.497, 22499
2026/09/26 05:20:58.998, 22499
2026/09/26 05:20:59.498, 22499
2026/09/26 05:20:59.998, 22499
2026/09/26 05:21:00.498, 22499
2026/09/26 05:21:00.998, 22499
2026/09/26 05:21:01.499, 22499
2026/09/26 05:21:01.999, 22499
2026/09/26 05:21:02.499, 22499
2026/09/26 05:21:02.999, 22499
2026/09/26 05:21:03.499, 22499
2026/09/26 05:21:03.999, 22499
2026/09/26 05:21:04.500, 22499
2026/09/26 05:21:05.000, 22499
2026/09/26 05:21:05.500, 22499
2026/09/26 05:21:06.000, 22499
2026/09/26 05:21:06.500, 22499
2026/09/26 05:21:07.001, 22499
2026/09/26 05:21:07.501, 22499
2026/09/26 05:21:08.001, 22499
2026/09/26 05:21:08.501, 22499
2026/09/26 05:21:09.001, 22499
2026/09/26 05:21:09.501, 22499
2026/09/26 05:21:10.002, 22499
2026/09/26 05:21:10.502, 22499
2026/09/26 05:21:11.002, 22499
2026/09/26 05:21:11.502, 22499
2026/09/26 05:21:12.002, 22499
2026/09/26 05:21:12.502, 22499
2026/09/26 05:21:13.011, 22499
2026/09/26 05:21:13.512, 22499
2026/09/26 05:21:14.012, 22499
2026/09/26 05:21:14.512, 22499
2026/09/26 05:21:15.012, 22499
2026/09/26 05:21:15.512, 22499
2026/09/26 05:21:16.012, 22499
2026/09/26 05:21:16.513, 22499
2026/09/26 05:21:17.013, 22499
2026/09/26 05:21:17.513, 22499
2026/09/26 05:21:18.013, 22499
2026/09/26 05:21:18.513, 22499
2026/09/26 05:21:19.013, 22499
2026/09/26 05:21:19.514, 22499
2026/09/26 05:21:20.014, 22499
2026/09/26 05:21:20.514, 22499
2026/09/26 05:21:21.014, 22499
2026/09/26 05:21:21.514, 22499
2026/09/26 05:21:22.015, 22499
2026/09/26 05:21:22.515, 22499
2026/09/26 05:21:23.015, 22499
2026/09/26 05:21:23.515, 22499
2026/09/26 05:21:24.015, 22499
2026/09/26 05:21:24.515, 22499
2026/09/26 05:21:25.016, 22499
2026/09/26 05:21:25.516, 22499
2026/09/26 05:21:26.016, 22499
2026/09/26 05:21:26.516, 22499
2026/09/26 05:21:27.016, 22499
2026/09/26 05:21:27.517, 22499
2026/09/26 05:21:28.017, 22499
2026/09/26 05:21:28.517, 22499
2026/09/26 05:21:29.017, 22499
2026/09/26 05:21:29.517, 22499
2026/09/26 05:21:30.017, 22499
2026/09/26 05:21:30.518, 22499
2026/09/26 05:21:31.018, 22499
2026/09/26 05:21:31.518, 22499
2026/09/26 05:21:32.018, 22499
2026/09/26 05:21:32.518, 22499
2026/09/26 05:21:33.018, 22499
2026/09/26 05:21:33.519, 22499
2026/09/26 05:21:34.019, 22499
2026/09/26 05:21:34.519, 22499
2026/09/26 05:21:35.019, 22499
2026/09/26 05:21:35.519, 22499
2026/09/26 05:21:36.019, 22499
2026/09/26 05:21:36.520, 22499
2026/09/26 05:21:37.020, 22499
2026/09/26 05:21:37.520, 22499
2026/09/26 05:21:38.020, 22499
2026/09/26 05:21:38.520, 22499
2026/09/26 05:21:39.021, 22499
2026/09/26 05:21:39.521, 22499
2026/09/26 05:21:40.021, 22499
2026/09/26 05:21:40.521, 22499
2026/09/26 05:21:41.021, 22499
2026/09/26 05:21:41.521, 22499
2026/09/26 05:21:42.022, 22499
2026/09/26 05:21:42.522, 22499
2026/09/26 05:21:43.022, 22499
2026/09/26 05:21:43.522, 22499
2026/09/26 05:21:44.022, 22499
2026/09/26 05:21:44.522, 22499
2026/09/26 05:21:45.022, 22499
2026/09/26 05:21:45.523, 22499
2026/09/26 05:21:46.023, 22499
2026/09/26 05:21:46.523, 22499
2026/09/26 05:21:47.023, 22499
2026/09/26 05:21:47.523, 22499
2026/09/26 05:21:48.024, 22499
2026/09/26 05:21:48.524, 22499
2026/09/26 05:21:49.024, 22499
2026/09/26 05:21:49.524, 22499
2026/09/26 05:21:50.024, 22499
2026/09/26 05:21:50.524, 22499
2026/09/26 05:21:51.024, 22499
2026/09/26 05:21:51.525, 22499
2026/09/26 05:21:52.025, 22499
2026/09/26 05:21:52.525, 22499
2026/09/26 05:21:53.025, 22499
2026/09/26 05:21:53.525, 22499
2026/09/26 05:21:54.025, 22499
2026/09/26 05:21:54.525, 22499
2026/09/26 05:21:55.026, 22499
2026/09/26 05:21:55.526, 22499
2026/09/26 05:21:56.026, 22499
2026/09/26 05:21:56.526, 22499
2026/09/26 05:21:57.026, 22499
2026/09/26 05:21:57.526, 22499
2026/09/26 05:21:58.027, 22499
2026/09/26 05:21:58.527, 22499
2026/09/26 05:21:59.027, 22499
2026/09/26 05:21:59.527, 22499
2026/09/26 05:22:00.027, 22499
2026/09/26 05:22:00.527, 22499
2026/09/26 05:22:01.028, 22499
2026/09/26 05:22:01.528, 22499
2026/09/26 05:22:02.028, 22499
2026/09/26 05:22:02.528, 22499
2026/09/26 05:22:03.028, 22499
2026/09/26 05:22:03.528, 22499
2026/09/26 05:22:04.029, 22499
2026/09/26 05:22:04.529, 22499
2026/09/26 05:22:05.029, 22499
2026/09/26 05:22:05.529, 22499
2026/09/26 05:22:06.029, 22499
2026/09/26 05:22:06.529, 22499
2026/09/26 05:22:07.030, 22499
2026/09/26 05:22:07.530, 22499
2026/09/26 05:22:08.030, 22499
2026/09/26 05:22:08.530, 22499
2026/09/26 05:22:09.030, 22499
2026/09/26 05:22:09.531, 22499
2026/09/26 05:22:10.031, 22499
2026/09/26 05:22:10.531, 22499
2026/09/26 05:22:11.031, 22499
2026/09/26 05:22:11.531, 22499
2026/09/26 05:22:12.031, 22499
2026/09/26 05:22:12.532, 22499
2026/09/26 05:22:13.032, 22499
2026/09/26 05:22:13.532, 22499
2026/09/26 05:22:14.032, 22499
2026/09/26 05:22:14.532, 22499
2026/09/26 05:22:15.032, 22499
2026/09/26 05:22:15.533, 22499
2026/09/26 05:22:16.033, 22499
2026/09/26 05:22:16.533, 22499
2026/09/26 05:22:17.033, 22499
2026/09/26 05:22:17.533, 22499
2026/09/26 05:22:18.033, 22499
2026/09/26 05:22:18.534, 22499
2026/09/26 05:22:19.034, 22499
2026/09/26 05:22:19.534, 22499
2026/09/26 05:22:20.034, 22499
2026/09/26 05:22:20.534, 22499
2026/09/26 05:22:21.035, 22499
2026/09/26 05:22:21.535, 22499
2026/09/26 05:22:22.035, 22499
2026/09/26 05:22:22.535, 22499
2026/09/26 05:22:23.035, 22499
2026/09/26 05:22:23.535, 22499
2026/09/26 05:22:24.036, 22499
2026/09/26 05:22:24.536, 22499
2026/09/26 05:22:25.036, 22499
2026/09/26 05:22:25.536, 22499
2026/09/26 05:22:26.036, 22499
2026/09/26 05:22:26.536, 22499
2026/09/26 05:22:27.037, 22499
2026/09/26 05:22:27.537, 22499
2026/09/26 05:22:28.037, 22499
2026/09/26 05:22:28.537, 22499
2026/09/26 05:22:29.037, 22499
2026/09/26 05:22:29.537, 22499
2026/09/26 05:22:30.037, 22499
2026/09/26 05:22:30.538, 22499
2026/09/26 05:22:31.038, 22499
2026/09/26 05:22:31.538, 22499
2026/09/26 05:22:32.038, 22499
2026/09/26 05:22:32.538, 22499
2026/09/26 05:22:33.038, 22499
2026/09/26 05:22:33.539, 22499
2026/09/26 05:22:34.039, 22499
2026/09/26 05:22:34.539, 22499
2026/09/26 05:22:35.039, 22499
2026/09/26 05:22:35.539, 22499
2026/09/26 05:22:36.039, 22499
2026/09/26 05:22:36.539, 22499
2026/09/26 05:22:37.039, 22499
2026/09/26 05:22:37.539, 22499
2026/09/26 05:22:38.040, 22499
2026/09/26 05:22:38.540, 22499
2026/09/26 05:22:39.040, 22499
2026/09/26 05:22:39.540, 22499
2026/09/26 05:22:40.040, 22499
2026/09/26 05:22:40.540, 22499
2026/09/26 05:22:41.040, 22499
2026/09/26 05:22:41.541, 22499
2026/09/26 05:22:42.041, 22499
2026/09/26 05:22:42.541, 22499
2026/09/26 05:22:43.041, 22499
2026/09/26 05:22:43.541, 22499
2026/09/26 05:22:44.041, 22499
2026/09/26 05:22:44.542, 22499
2026/09/26 05:22:45.042, 22499
2026/09/26 05:22:45.542, 22499
2026/09/26 05:22:46.042, 22499
2026/09/26 05:22:46.542, 22499
2026/09/26 05:22:47.042, 22499
2026/09/26 05:22:47.543, 22499
2026/09/26 05:22:48.043, 22499
2026/09/26 05:22:48.543, 22499
2026/09/26 05:22:49.043, 22499
2026/09/26 05:22:49.543, 22499
2026/09/26 05:22:50.043, 22499
2026/09/26 05:22:50.543, 22499
2026/09/26 05:22:51.044, 22499
2026/09/26 05:22:51.544, 22499
2026/09/26 05:22:52.044, 22499
2026/09/26 05:22:52.544, 22499
2026/09/26 05:22:53.044, 22499
2026/09/26 05:22:53.544, 22499
2026/09/26 05:22:54.045, 22499
2026/09/26 05:22:54.545, 22499
2026/09/26 05:22:55.045, 22499
2026/09/26 05:22:55.545, 22499
2026/09/26 05:22:56.045, 22499
2026/09/26 05:22:56.545, 22499
2026/09/26 05:22:57.046, 22499
2026/09/26 05:22:57.546, 22499
2026/09/26 05:22:58.046, 22499
2026/09/26 05:22:58.546, 22499
2026/09/26 05:22:59.046, 22499
2026/09/26 05:22:59.546, 22499
2026/09/26 05:23:00.046, 22499
2026/09/26 05:23:00.547, 22499
2026/09/26 05:23:01.047, 22499
2026/09/26 05:23:01.547, 22499
2026/09/26 05:23:02.047, 22499
2026/09/26 05:23:02.547, 22499
2026/09/26 05:23:03.047, 22499
2026/09/26 05:23:03.548, 22499
2026/09/26 05:23:04.048, 22499
2026/09/26 05:23:04.548, 22499
2026/09/26 05:23:05.048, 22499
2026/09/26 05:23:05.549, 22499
2026/09/26 05:23:06.049, 22499
2026/09/26 05:23:06.549, 22499
2026/09/26 05:23:07.049, 22499
2026/09/26 05:23:07.549, 22499
2026/09/26 05:23:08.049, 22499
2026/09/26 05:23:08.550, 22499
2026/09/26 05:23:09.050, 22499
2026/09/26 05:23:09.550, 22499
2026/09/26 05:23:10.050, 22499
2026/09/26 05:23:10.550, 22499
2026/09/26 05:23:11.050, 22499
2026/09/26 05:23:11.551, 22499
2026/09/26 05:23:12.051, 22499
2026/09/26 05:23:12.551, 22499
2026/09/26 05:23:13.051, 22499
2026/09/26 05:23:13.551, 22499
2026/09/26 05:23:14.051, 22499
2026/09/26 05:23:14.552, 22499
2026/09/26 05:23:15.052, 22499
2026/09/26 05:23:15.552, 22499
2026/09/26 05:23:16.052, 22499
2026/09/26 05:23:16.552, 22499
2026/09/26 05:23:17.052, 22499
2026/09/26 05:23:17.553, 22499
2026/09/26 05:23:18.053, 22499
2026/09/26 05:23:18.553, 22499
2026/09/26 05:23:19.053, 22499
2026/09/26 05:23:19.553, 22499
2026/09/26 05:23:20.053, 22499
2026/09/26 05:23:20.554, 22499
2026/09/26 05:23:21.054, 22499
2026/09/26 05:23:21.554, 22499
2026/09/26 05:23:22.054, 22499
2026/09/26 05:23:22.554, 22499
2026/09/26 05:23:23.054, 22499
2026/09/26 05:23:23.555, 22499
2026/09/26 05:23:24.055, 22499
2026/09/26 05:23:24.555, 22499
2026/09/26 05:23:25.055, 22499
2026/09/26 05:23:25.555, 22499
2026/09/26 05:23:26.055, 22499
2026/09/26 05:23:26.556, 22499
2026/09/26 05:23:27.056, 22499
2026/09/26 05:23:27.556, 22499
2026/09/26 05:23:28.056, 22499
2026/09/26 05:23:28.556, 22499
2026/09/26 05:23:29.056, 22499
2026/09/26 05:23:29.556, 22499
2026/09/26 05:23:30.057, 22499
2026/09/26 05:23:30.557, 22499
2026/09/26 05:23:31.057, 22499
2026/09/26 05:23:31.557, 22499
2026/09/26 05:23:32.057, 22499
2026/09/26 05:23:32.557, 22499
2026/09/26 05:23:33.058, 22499
2026/09/26 05:23:33.558, 22499
2026/09/26 05:23:34.058, 22499
2026/09/26 05:23:34.558, 22499
2026/09/26 05:23:35.058, 22499
2026/09/26 05:23:35.558, 22499
2026/09/26 05:23:36.059, 22499
2026/09/26 05:23:36.559, 22499
2026/09/26 05:23:37.059, 22499
2026/09/26 05:23:37.559, 22499
2026/09/26 05:23:38.059, 22499
2026/09/26 05:23:38.559, 22499
2026/09/26 05:23:39.059, 22499
2026/09/26 05:23:39.560, 22499
2026/09/26 05:23:40.060, 22499
2026/09/26 05:23:40.560, 22499
2026/09/26 05:23:41.060, 22499
2026/09/26 05:23:41.560, 22499
2026/09/26 05:23:42.060, 22499
2026/09/26 05:23:42.560, 22499
2026/09/26 05:23:43.061, 22499
2026/09/26 05:23:43.561, 22499
2026/09/26 05:23:44.061, 22499
2026/09/26 05:23:44.561, 22499
2026/09/26 05:23:45.061, 22499
2026/09/26 05:23:45.561, 22499
2026/09/26 05:23:46.062, 22499
2026/09/26 05:23:46.562, 22499
2026/09/26 05:23:47.062, 22499
2026/09/26 05:23:47.562, 22499
2026/09/26 05:23:48.062, 22499
2026/09/26 05:23:48.562, 22499
2026/09/26 05:23:49.063, 22499
2026/09/26 05:23:49.563, 22499
2026/09/26 05:23:50.063, 22499
2026/09/26 05:23:50.563, 22499
2026/09/26 05:23:51.063, 22499
2026/09/26 05:23:51.563, 22499
2026/09/26 05:23:52.063, 22499
2026/09/26 05:23:52.564, 22499
2026/09/26 05:23:53.064, 22499
2026/09/26 05:23:53.564, 22499
2026/09/26 05:23:54.064, 22499
2026/09/26 05:23:54.564, 22499
2026/09/26 05:23:55.064, 22499
2026/09/26 05:23:55.565, 22499
2026/09/26 05:23:56.065, 22499
2026/09/26 05:23:56.565, 22499
2026/09/26 05:23:57.065, 22499
2026/09/26 05:23:57.565, 22499
2026/09/26 05:23:58.065, 22499
2026/09/26 05:23:58.566, 22499
2026/09/26 05:23:59.066, 22499
2026/09/26 05:23:59.566, 22499
2026/09/26 05:24:00.066, 22499
2026/09/26 05:24:00.566, 22499
2026/09/26 05:24:01.066, 22499
2026/09/26 05:24:01.566, 22499
2026/09/26 05:24:02.067, 22499
2026/09/26 05:24:02.567, 22499
2026/09/26 05:24:03.067, 22499
2026/09/26 05:24:03.567, 22499
2026/09/26 05:24:04.067, 22499
2026/09/26 05:24:04.567, 22499
2026/09/26 05:24:05.068, 22499
2026/09/26 05:24:05.568, 22499
2026/09/26 05:24:06.068, 22499
2026/09/26 05:24:06.568, 22499
2026/09/26 05:24:07.068, 22499
2026/09/26 05:24:07.568, 22499
2026/09/26 05:24:08.069, 22499
2026/09/26 05:24:08.569, 22499
2026/09/26 05:24:09.069, 22499
2026/09/26 05:24:09.569, 22499
2026/09/26 05:24:10.069, 22499
2026/09/26 05:24:10.569, 22499
2026/09/26 05:24:11.070, 22499
2026/09/26 05:24:11.570, 22499
2026/09/26 05:24:12.070, 22499
2026/09/26 05:24:12.570, 22499
2026/09/26 05:24:13.070, 22499
2026/09/26 05:24:13.570, 22499
2026/09/26 05:24:14.071, 22499
2026/09/26 05:24:14.571, 22499
2026/09/26 05:24:15.071, 22499
2026/09/26 05:24:15.571, 22499
2026/09/26 05:24:16.071, 22499
2026/09/26 05:24:16.571, 22499
2026/09/26 05:24:17.072, 22499
2026/09/26 05:24:17.572, 22499
2026/09/26 05:24:18.072, 22499
2026/09/26 05:24:18.572, 22499
2026/09/26 05:24:19.072, 22499
2026/09/26 05:24:19.572, 22499
2026/09/26 05:24:20.073, 22499
2026/09/26 05:24:20.573, 22499
2026/09/26 05:24:21.073, 22499
2026/09/26 05:24:21.573, 22499
2026/09/26 05:24:22.073, 22499
2026/09/26 05:24:22.573, 22499
2026/09/26 05:24:23.074, 22499
2026/09/26 05:24:23.574, 22499
2026/09/26 05:24:24.074, 22499
2026/09/26 05:24:24.574, 22499
2026/09/26 05:24:25.074, 22499
2026/09/26 05:24:25.574, 22499
2026/09/26 05:24:26.075, 22499
2026/09/26 05:24:26.575, 22499
2026/09/26 05:24:27.075, 22499
2026/09/26 05:24:27.575, 22499
2026/09/26 05:24:28.075, 22499
2026/09/26 05:24:28.576, 22499
2026/09/26 05:24:29.076, 22499
2026/09/26 05:24:29.576, 22499
2026/09/26 05:24:30.076, 22499
2026/09/26 05:24:30.576, 22499
2026/09/26 05:24:31.076, 22499
2026/09/26 05:24:31.577, 22499
2026/09/26 05:24:32.077, 22499
2026/09/26 05:24:32.577, 22499
2026/09/26 05:24:33.077, 22499
2026/09/26 05:24:33.577, 22499
2026/09/26 05:24:34.077, 22499
2026/09/26 05:24:34.578, 22499
2026/09/26 05:24:35.078, 22499
2026/09/26 05:24:35.578, 22499
2026/09/26 05:24:36.078, 22499
2026/09/26 05:24:36.578, 22499
2026/09/26 05:24:37.078, 22499
2026/09/26 05:24:37.579, 22499
2026/09/26 05:24:38.079, 22499
2026/09/26 05:24:38.579, 22499
2026/09/26 05:24:39.079, 22499
2026/09/26 05:24:39.579, 22499
2026/09/26 05:24:40.080, 22499
2026/09/26 05:24:40.580, 22499
2026/09/26 05:24:41.080, 22499
2026/09/26 05:24:41.580, 22499
2026/09/26 05:24:42.080, 22499
2026/09/26 05:24:42.580, 22499
2026/09/26 05:24:43.081, 22499
2026/09/26 05:24:43.581, 22499
2026/09/26 05:24:44.081, 22499
2026/09/26 05:24:44.581, 22499
2026/09/26 05:24:45.081, 22499
2026/09/26 05:24:45.581, 22499
2026/09/26 05:24:46.082, 22499
2026/09/26 05:24:46.582, 22499
2026/09/26 05:24:47.082, 22499
2026/09/26 05:24:47.582, 22499
2026/09/26 05:24:48.082, 22499
2026/09/26 05:24:48.582, 22499
2026/09/26 05:24:49.083, 22499
2026/09/26 05:24:49.583, 22499
2026/09/26 05:24:50.083, 22499
2026/09/26 05:24:50.583, 22499
2026/09/26 05:24:51.083, 22499
2026/09/26 05:24:51.583, 22499
2026/09/26 05:24:52.084, 22499
2026/09/26 05:24:52.584, 22499
2026/09/26 05:24:53.084, 22499
2026/09/26 05:24:53.584, 22499
2026/09/26 05:24:54.084, 22499
2026/09/26 05:24:54.584, 22499
2026/09/26 05:24:55.085, 22499
2026/09/26 05:24:55.585, 22499
2026/09/26 05:24:56.085, 22499
2026/09/26 05:24:56.585, 22499
2026/09/26 05:24:57.085, 22499
2026/09/26 05:24:57.585, 22499
2026/09/26 05:24:58.086, 22499
2026/09/26 05:24:58.586, 22499
2026/09/26 05:24:59.086, 22499
2026/09/26 05:24:59.586, 22499
2026/09/26 05:25:00.086, 22499
2026/09/26 05:25:00.586, 22499
2026/09/26 05:25:01.087, 22499
2026/09/26 05:25:01.587, 22499
2026/09/26 05:25:02.087, 22499
2026/09/26 05:25:02.587, 22499
2026/09/26 05:25:03.087, 22499
2026/09/26 05:25:03.588, 22499
2026/09/26 05:25:04.088, 22499
2026/09/26 05:25:04.588, 22499
2026/09/26 05:25:05.088, 22499
2026/09/26 05:25:05.588, 22499
2026/09/26 05:25:06.088, 22499
2026/09/26 05:25:06.589, 22499
2026/09/26 05:25:07.089, 22499
2026/09/26 05:25:07.589, 22499
2026/09/26 05:25:08.089, 22499
2026/09/26 05:25:08.589, 22499
2026/09/26 05:25:09.089, 22499
2026/09/26 05:25:09.589, 22499
2026/09/26 05:25:10.090, 22499
2026/09/26 05:25:10.590, 22499
2026/09/26 05:25:11.090, 22499
2026/09/26 05:25:11.590, 22499
2026/09/26 05:25:12.090, 22499
2026/09/26 05:25:12.590, 22499
2026/09/26 05:25:13.091, 22499
2026/09/26 05:25:13.591, 22499
2026/09/26 05:25:14.091, 22499
2026/09/26 05:25:14.591, 22499
2026/09/26 05:25:15.091, 22499
2026/09/26 05:25:15.591, 22499
2026/09/26 05:25:16.092, 22499
2026/09/26 05:25:16.592, 22499
2026/09/26 05:25:17.092, 22499
2026/09/26 05:25:17.592, 22499
2026/09/26 05:25:18.092, 22499
2026/09/26 05:25:18.592, 22499
2026/09/26 05:25:19.092, 22499
2026/09/26 05:25:19.593, 22499
2026/09/26 05:25:20.093, 22499
2026/09/26 05:25:20.593, 22499
2026/09/26 05:25:21.093, 22499
2026/09/26 05:25:21.593, 22499
2026/09/26 05:25:22.093, 22499
2026/09/26 05:25:22.594, 22499
2026/09/26 05:25:23.094, 22499
2026/09/26 05:25:23.594, 22499
2026/09/26 05:25:24.094, 22499
2026/09/26 05:25:24.594, 22499
2026/09/26 05:25:25.094, 22499
2026/09/26 05:25:25.594, 22499
2026/09/26 05:25:26.095, 22499
2026/09/26 05:25:26.595, 22499
2026/09/26 05:25:27.095, 22499
2026/09/26 05:25:27.595, 22499
2026/09/26 05:25:28.095, 22499
2026/09/26 05:25:28.595, 22499
2026/09/26 05:25:29.096, 22499
2026/09/26 05:25:29.596, 22499
2026/09/26 05:25:30.096, 22499
2026/09/26 05:25:30.596, 22499
2026/09/26 05:25:31.096, 22499
2026/09/26 05:25:31.596, 22499
2026/09/26 05:25:32.096, 22499
2026/09/26 05:25:32.597, 22499
2026/09/26 05:25:33.097, 22499
2026/09/26 05:25:33.597, 22499
2026/09/26 05:25:34.097, 22499
2026/09/26 05:25:34.597, 22499
2026/09/26 05:25:35.097, 22499
2026/09/26 05:25:35.598, 22499
2026/09/26 05:25:36.098, 22499
2026/09/26 05:25:36.598, 22499
2026/09/26 05:25:37.098, 22499
2026/09/26 05:25:37.598, 22499
2026/09/26 05:25:38.098, 22499
2026/09/26 05:25:38.599, 22499
2026/09/26 05:25:39.099, 22499
2026/09/26 05:25:39.599, 22499
2026/09/26 05:25:40.099, 22499
2026/09/26 05:25:40.599, 22499
2026/09/26 05:25:41.099, 22499
2026/09/26 05:25:41.599, 22499
2026/09/26 05:25:42.100, 22499
2026/09/26 05:25:42.600, 22499
2026/09/26 05:25:43.100, 22499
2026/09/26 05:25:43.600, 22499
2026/09/26 05:25:44.100, 22499
2026/09/26 05:25:44.601, 22499
2026/09/26 05:25:45.101, 22499
2026/09/26 05:25:45.601, 22499
2026/09/26 05:25:46.101, 22499
2026/09/26 05:25:46.601, 22499
2026/09/26 05:25:47.101, 22499
2026/09/26 05:25:47.602, 22499
2026/09/26 05:25:48.102, 22499
2026/09/26 05:25:48.602, 22499
2026/09/26 05:25:49.102, 22499
2026/09/26 05:25:49.602, 22499
2026/09/26 05:25:50.102, 22499
2026/09/26 05:25:50.603, 22499
2026/09/26 05:25:51.103, 22499
2026/09/26 05:25:51.603, 22499
2026/09/26 05:25:52.103, 22499
2026/09/26 05:25:52.603, 22499
2026/09/26 05:25:53.103, 22499
2026/09/26 05:25:53.604, 22499
2026/09/26 05:25:54.104, 22499
2026/09/26 05:25:54.604, 22499
2026/09/26 05:25:55.104, 22499
2026/09/26 05:25:55.604, 22499
2026/09/26 05:25:56.105, 22499
2026/09/26 05:25:56.605, 22499
2026/09/26 05:25:57.105, 22499
2026/09/26 05:25:57.605, 22499
2026/09/26 05:25:58.105, 22499
2026/09/26 05:25:58.605, 22499
2026/09/26 05:25:59.106, 22499
2026/09/26 05:25:59.606, 22499
2026/09/26 05:26:00.106, 22499
2026/09/26 05:26:00.606, 22499
2026/09/26 05:26:01.106, 22499
2026/09/26 05:26:01.606, 22499
2026/09/26 05:26:02.107, 22499
2026/09/26 05:26:02.607, 22499
2026/09/26 05:26:03.107, 22499
2026/09/26 05:26:03.607, 22499
2026/09/26 05:26:04.107, 22499
2026/09/26 05:26:04.623, 22499
2026/09/26 05:26:05.123, 22499
2026/09/26 05:26:05.623, 22499
2026/09/26 05:26:06.123, 22499
2026/09/26 05:26:06.624, 22499
2026/09/26 05:26:07.124, 22499
2026/09/26 05:26:07.624, 22499
2026/09/26 05:26:08.124, 22499
2026/09/26 05:26:08.624, 22499
2026/09/26 05:26:09.124, 22499
2026/09/26 05:26:09.624, 22499
2026/09/26 05:26:10.125, 22499
2026/09/26 05:26:10.625, 22499
2026/09/26 05:26:11.125, 22499
2026/09/26 05:26:11.625, 22499
2026/09/26 05:26:12.125, 22499
2026/09/26 05:26:12.625, 22499
2026/09/26 05:26:13.126, 22499
2026/09/26 05:26:13.626, 22499
2026/09/26 05:26:14.126, 22499
2026/09/26 05:26:14.626, 22499
2026/09/26 05:26:15.126, 22499
2026/09/26 05:26:15.626, 22499
2026/09/26 05:26:16.126, 22499
2026/09/26 05:26:16.627, 22499
2026/09/26 05:26:17.127, 22499
2026/09/26 05:26:17.627, 22499
2026/09/26 05:26:18.127, 22499
2026/09/26 05:26:18.628, 22499
2026/09/26 05:26:19.128, 22499
2026/09/26 05:26:19.628, 22499
2026/09/26 05:26:20.128, 22499
2026/09/26 05:26:20.628, 22499
2026/09/26 05:26:21.128, 22499
2026/09/26 05:26:21.628, 22499
2026/09/26 05:26:22.129, 22499
2026/09/26 05:26:22.629, 22499
2026/09/26 05:26:23.129, 22499
2026/09/26 05:26:23.629, 22499
2026/09/26 05:26:24.129, 22499
2026/09/26 05:26:24.629, 22499
2026/09/26 05:26:25.130, 22499
2026/09/26 05:26:25.630, 22499
2026/09/26 05:26:26.130, 22499
2026/09/26 05:26:26.630, 22499
2026/09/26 05:26:27.130, 22499
2026/09/26 05:26:27.630, 22499
2026/09/26 05:26:28.130, 22499
2026/09/26 05:26:28.631, 22499
2026/09/26 05:26:29.131, 22499
2026/09/26 05:26:29.631, 22499
2026/09/26 05:26:30.131, 22499
2026/09/26 05:26:30.631, 22499
2026/09/26 05:26:31.131, 22499
2026/09/26 05:26:31.632, 22499
2026/09/26 05:26:32.132, 22499
2026/09/26 05:26:32.632, 22499
2026/09/26 05:26:33.132, 22499
2026/09/26 05:26:33.632, 22499
2026/09/26 05:26:34.132, 22499
2026/09/26 05:26:34.633, 22499
2026/09/26 05:26:35.133, 22499
2026/09/26 05:26:35.633, 22499
2026/09/26 05:26:36.133, 22499
2026/09/26 05:26:36.633, 22499
2026/09/26 05:26:37.133, 22499
2026/09/26 05:26:37.634, 22499
2026/09/26 05:26:38.134, 22499
2026/09/26 05:26:38.634, 22499
2026/09/26 05:26:39.134, 22499
2026/09/26 05:26:39.634, 22499
2026/09/26 05:26:40.134, 22499
2026/09/26 05:26:40.635, 22499
2026/09/26 05:26:41.135, 22499
2026/09/26 05:26:41.635, 22499
2026/09/26 05:26:42.135, 22499
2026/09/26 05:26:42.635, 22499
2026/09/26 05:26:43.135, 22499
2026/09/26 05:26:43.636, 22499
2026/09/26 05:26:44.136, 22499
2026/09/26 05:26:44.636, 22499
2026/09/26 05:26:45.136, 22499
2026/09/26 05:26:45.636, 22499
2026/09/26 05:26:46.136, 22499
2026/09/26 05:26:46.637, 22499
2026/09/26 05:26:47.137, 22499
2026/09/26 05:26:47.637, 22499
2026/09/26 05:26:48.137, 22499
2026/09/26 05:26:48.637, 22499
2026/09/26 05:26:49.137, 22499
2026/09/26 05:26:49.637, 22499
2026/09/26 05:26:50.138, 22499
2026/09/26 05:26:50.638, 22499
2026/09/26 05:26:51.138, 22499
2026/09/26 05:26:51.638, 22499
2026/09/26 05:26:52.138, 22499
2026/09/26 05:26:52.638, 22499
2026/09/26 05:26:53.139, 22499
2026/09/26 05:26:53.639, 22499
2026/09/26 05:26:54.139, 22499
2026/09/26 05:26:54.639, 22499
2026/09/26 05:26:55.139, 22499
2026/09/26 05:26:55.639, 22499
2026/09/26 05:26:56.140, 22499
2026/09/26 05:26:56.640, 22499
2026/09/26 05:26:57.140, 22499
2026/09/26 05:26:57.640, 22499
2026/09/26 05:26:58.140, 22499
2026/09/26 05:26:58.640, 22499
2026/09/26 05:26:59.140, 22499
2026/09/26 05:26:59.641, 22499
2026/09/26 05:27:00.141, 22499
2026/09/26 05:27:00.641, 22499
2026/09/26 05:27:01.141, 22499
2026/09/26 05:27:01.642, 22499
2026/09/26 05:27:02.142, 22499
2026/09/26 05:27:02.642, 22499
2026/09/26 05:27:03.142, 22499
2026/09/26 05:27:03.642, 22499
2026/09/26 05:27:04.142, 22499
2026/09/26 05:27:04.643, 22499
2026/09/26 05:27:05.143, 22499
2026/09/26 05:27:05.643, 22499
2026/09/26 05:27:06.143, 22499
2026/09/26 05:27:06.643, 22499
2026/09/26 05:27:07.143, 22499
2026/09/26 05:27:07.644, 22499
2026/09/26 05:27:08.144, 22499
2026/09/26 05:27:08.644, 22499
2026/09/26 05:27:09.144, 22499
2026/09/26 05:27:09.644, 22499
2026/09/26 05:27:10.144, 22499
2026/09/26 05:27:10.645, 22499
2026/09/26 05:27:11.145, 22499
2026/09/26 05:27:11.645, 22499
2026/09/26 05:27:12.145, 22499
2026/09/26 05:27:12.645, 22499
2026/09/26 05:27:13.145, 22499
2026/09/26 05:27:13.646, 22499
2026/09/26 05:27:14.146, 22499
2026/09/26 05:27:14.646, 22499
2026/09/26 05:27:15.146, 22499
2026/09/26 05:27:15.646, 22499
2026/09/26 05:27:16.147, 22499
2026/09/26 05:27:16.647, 22499
2026/09/26 05:27:17.147, 22499
2026/09/26 05:27:17.647, 22499
2026/09/26 05:27:18.147, 22499
2026/09/26 05:27:18.647, 22499
2026/09/26 05:27:19.148, 22499
2026/09/26 05:27:19.648, 22499
2026/09/26 05:27:20.148, 22499
2026/09/26 05:27:20.648, 22499
2026/09/26 05:27:21.148, 22499
2026/09/26 05:27:21.649, 22499
2026/09/26 05:27:22.149, 22499
2026/09/26 05:27:22.649, 22499
2026/09/26 05:27:23.149, 22499
2026/09/26 05:27:23.649, 22499
2026/09/26 05:27:24.149, 22499
2026/09/26 05:27:24.650, 22499
2026/09/26 05:27:25.150, 22499
2026/09/26 05:27:25.650, 22499
2026/09/26 05:27:26.150, 22499
2026/09/26 05:27:26.650, 22499
2026/09/26 05:27:27.150, 22499
2026/09/26 05:27:27.651, 22499
2026/09/26 05:27:28.151, 22499
2026/09/26 05:27:28.651, 22499
2026/09/26 05:27:29.151, 22499
2026/09/26 05:27:29.651, 22499
2026/09/26 05:27:30.152, 22499
2026/09/26 05:27:30.652, 22499
2026/09/26 05:27:31.152, 22499
2026/09/26 05:27:31.652, 22499
2026/09/26 05:27:32.152, 22499
2026/09/26 05:27:32.652, 22499
2026/09/26 05:27:33.153, 22499
2026/09/26 05:27:33.653, 22499
2026/09/26 05:27:34.153, 22499
2026/09/26 05:27:34.653, 22499
2026/09/26 05:27:35.153, 22499
2026/09/26 05:27:35.653, 22499
2026/09/26 05:27:36.154, 22499
2026/09/26 05:27:36.654, 22499
2026/09/26 05:27:37.154, 22499
2026/09/26 05:27:37.654, 22499
2026/09/26 05:27:38.154, 22499
2026/09/26 05:27:38.654, 22499
2026/09/26 05:27:39.155, 22499
2026/09/26 05:27:39.655, 22499
2026/09/26 05:27:40.155, 22499
2026/09/26 05:27:40.655, 22499
2026/09/26 05:27:41.155, 22499
2026/09/26 05:27:41.655, 22499
2026/09/26 05:27:42.156, 22499
2026/09/26 05:27:42.656, 22499
2026/09/26 05:27:43.156, 22499
2026/09/26 05:27:43.656, 22499
2026/09/26 05:27:44.156, 22499
2026/09/26 05:27:44.656, 22499
2026/09/26 05:27:45.157, 22499
2026/09/26 05:27:45.657, 22499
2026/09/26 05:27:46.157, 22499
2026/09/26 05:27:46.657, 22499
2026/09/26 05:27:47.157, 22499
2026/09/26 05:27:47.657, 22499
2026/09/26 05:27:48.158, 22499
2026/09/26 05:27:48.658, 22499
2026/09/26 05:27:49.158, 22499
2026/09/26 05:27:49.658, 22499
2026/09/26 05:27:50.158, 22499
2026/09/26 05:27:50.658, 22499
2026/09/26 05:27:51.159, 22499
2026/09/26 05:27:51.659, 22499
2026/09/26 05:27:52.159, 22499
2026/09/26 05:27:52.659, 22499
2026/09/26 05:27:53.159, 22499
2026/09/26 05:27:53.659, 22499
2026/09/26 05:27:54.160, 22499
2026/09/26 05:27:54.660, 22499
2026/09/26 05:27:55.160, 22499
2026/09/26 05:27:55.660, 22499
2026/09/26 05:27:56.160, 22499
2026/09/26 05:27:56.660, 22499
2026/09/26 05:27:57.161, 22499
2026/09/26 05:27:57.661, 22499
2026/09/26 05:27:58.161, 22499
2026/09/26 05:27:58.661, 22499
2026/09/26 05:27:59.161, 22499
2026/09/26 05:27:59.661, 22499
2026/09/26 05:28:00.162, 22499
2026/09/26 05:28:00.662, 22499
2026/09/26 05:28:01.162, 22499
2026/09/26 05:28:01.662, 22499
2026/09/26 05:28:02.162, 22499
2026/09/26 05:28:02.662, 22499
2026/09/26 05:28:03.163, 22499
2026/09/26 05:28:03.663, 22499
2026/09/26 05:28:04.163, 22499
2026/09/26 05:28:04.663, 22499
2026/09/26 05:28:05.163, 22499
2026/09/26 05:28:05.664, 22499
2026/09/26 05:28:06.164, 22499
2026/09/26 05:28:06.664, 22499
2026/09/26 05:28:07.164, 22499
2026/09/26 05:28:07.664, 22499
2026/09/26 05:28:08.165, 22499
2026/09/26 05:28:08.665, 22499
2026/09/26 05:28:09.165, 22499
2026/09/26 05:28:09.665, 22499
2026/09/26 05:28:10.165, 22499
2026/09/26 05:28:10.665, 22499
2026/09/26 05:28:11.166, 22499
2026/09/26 05:28:11.666, 22499
2026/09/26 05:28:12.166, 22499
2026/09/26 05:28:12.666, 22499
2026/09/26 05:28:13.166, 22499
2026/09/26 05:28:13.667, 22499
2026/09/26 05:28:14.167, 22499
2026/09/26 05:28:14.667, 22499
2026/09/26 05:28:15.167, 22499
2026/09/26 05:28:15.667, 22499
2026/09/26 05:28:16.167, 22499
2026/09/26 05:28:16.668, 22499
2026/09/26 05:28:17.168, 22499
2026/09/26 05:28:17.668, 22499
2026/09/26 05:28:18.168, 22499
2026/09/26 05:28:18.668, 22499
2026/09/26 05:28:19.168, 22499
2026/09/26 05:28:19.669, 22499
2026/09/26 05:28:20.169, 22499
2026/09/26 05:28:20.669, 22499
2026/09/26 05:28:21.169, 22499
2026/09/26 05:28:21.669, 22499
2026/09/26 05:28:22.169, 22499
2026/09/26 05:28:22.670, 22499
2026/09/26 05:28:23.170, 22499
2026/09/26 05:28:23.670, 22499
2026/09/26 05:28:24.170, 22499
2026/09/26 05:28:24.671, 22499
2026/09/26 05:28:25.171, 22499
2026/09/26 05:28:25.671, 22499
2026/09/26 05:28:26.171, 22499
2026/09/26 05:28:26.671, 22499
2026/09/26 05:28:27.172, 22499
2026/09/26 05:28:27.672, 22499
2026/09/26 05:28:28.172, 22499
2026/09/26 05:28:28.672, 22499
2026/09/26 05:28:29.172, 22499
2026/09/26 05:28:29.672, 22499
2026/09/26 05:28:30.173, 22499
2026/09/26 05:28:30.673, 22499
2026/09/26 05:28:31.173, 22499
2026/09/26 05:28:31.673, 22499
2026/09/26 05:28:32.173, 22499
2026/09/26 05:28:32.673, 22499
2026/09/26 05:28:33.173, 22499
2026/09/26 05:28:33.674, 22499
2026/09/26 05:28:34.174, 22499
2026/09/26 05:28:34.674, 22499
2026/09/26 05:28:35.174, 22499
2026/09/26 05:28:35.674, 22499
2026/09/26 05:28:36.174, 22499
2026/09/26 05:28:36.675, 22499
2026/09/26 05:28:37.175, 22499
2026/09/26 05:28:37.675, 22499
2026/09/26 05:28:38.175, 22499
2026/09/26 05:28:38.675, 22499
2026/09/26 05:28:39.175, 22499
2026/09/26 05:28:39.676, 22499
2026/09/26 05:28:40.176, 22499
2026/09/26 05:28:40.676, 22499
2026/09/26 05:28:41.176, 22499
2026/09/26 05:28:41.676, 22499
2026/09/26 05:28:42.176, 22499
2026/09/26 05:28:42.676, 22499
2026/09/26 05:28:43.177, 22499
2026/09/26 05:28:43.677, 22499
2026/09/26 05:28:44.177, 22499
2026/09/26 05:28:44.677, 22499
2026/09/26 05:28:45.177, 22499
2026/09/26 05:28:45.677, 22499
2026/09/26 05:28:46.178, 22499
2026/09/26 05:28:46.678, 22499
2026/09/26 05:28:47.178, 22499
2026/09/26 05:28:47.678, 22499
2026/09/26 05:28:48.178, 22499
2026/09/26 05:28:48.678, 22499
2026/09/26 05:28:49.179, 22499
2026/09/26 05:28:49.679, 22499
2026/09/26 05:28:50.179, 22499
2026/09/26 05:28:50.679, 22499
2026/09/26 05:28:51.179, 22499
2026/09/26 05:28:51.679, 22499
2026/09/26 05:28:52.180, 22499
2026/09/26 05:28:52.680, 22499
2026/09/26 05:28:53.180, 22499
2026/09/26 05:28:53.680, 22499
2026/09/26 05:28:54.180, 22499
2026/09/26 05:28:54.681, 22499
2026/09/26 05:28:55.182, 22499
2026/09/26 05:28:55.682, 22499
2026/09/26 05:28:56.182, 22499
2026/09/26 05:28:56.682, 22499
2026/09/26 05:28:57.182, 22499
2026/09/26 05:28:57.683, 22499
2026/09/26 05:28:58.183, 22499
2026/09/26 05:28:58.683, 22499
2026/09/26 05:28:59.183, 22499
2026/09/26 05:28:59.683, 22499
2026/09/26 05:29:00.183, 22499
2026/09/26 05:29:00.684, 22499
2026/09/26 05:29:01.184, 22499
2026/09/26 05:29:01.684, 22499
2026/09/26 05:29:02.184, 22499
2026/09/26 05:29:02.684, 22499
2026/09/26 05:29:03.184, 22499
2026/09/26 05:29:03.685, 22499
2026/09/26 05:29:04.185, 22499
2026/09/26 05:29:04.685, 22499
2026/09/26 05:29:05.185, 22499
2026/09/26 05:29:05.685, 22499
2026/09/26 05:29:06.185, 22499
2026/09/26 05:29:06.686, 22499
2026/09/26 05:29:07.186, 22499
2026/09/26 05:29:07.686, 22499
2026/09/26 05:29:08.186, 22499
2026/09/26 05:29:08.686, 22499
2026/09/26 05:29:09.186, 22499
2026/09/26 05:29:09.687, 22499
2026/09/26 05:29:10.187, 22499
2026/09/26 05:29:10.687, 22499
2026/09/26 05:29:11.187, 22499
2026/09/26 05:29:11.687, 22499
2026/09/26 05:29:12.188, 22499
2026/09/26 05:29:12.688, 22499
2026/09/26 05:29:13.188, 22499
2026/09/26 05:29:13.688, 22499
2026/09/26 05:29:14.188, 22499
2026/09/26 05:29:14.689, 22499
2026/09/26 05:29:15.189, 22499
2026/09/26 05:29:15.689, 22499
2026/09/26 05:29:16.189, 22499
2026/09/26 05:29:16.689, 22499
2026/09/26 05:29:17.189, 22499
2026/09/26 05:29:17.690, 22499
2026/09/26 05:29:18.190, 22499
2026/09/26 05:29:18.690, 22499
2026/09/26 05:29:19.190, 22499
2026/09/26 05:29:19.690, 22499
2026/09/26 05:29:20.190, 22499
2026/09/26 05:29:20.691, 22499
2026/09/26 05:29:21.191, 22499
2026/09/26 05:29:21.691, 22499
2026/09/26 05:29:22.191, 22499
2026/09/26 05:29:22.691, 22499
2026/09/26 05:29:23.191, 22499
2026/09/26 05:29:23.692, 22499
2026/09/26 05:29:24.192, 22499
2026/09/26 05:29:24.692, 22499
2026/09/26 05:29:25.192, 22499
2026/09/26 05:29:25.692, 22499
2026/09/26 05:29:26.192, 22499
2026/09/26 05:29:26.693, 22499
2026/09/26 05:29:27.193, 22499
2026/09/26 05:29:27.693, 22499
2026/09/26 05:29:28.193, 22499
2026/09/26 05:29:28.693, 22499
2026/09/26 05:29:29.193, 22499
2026/09/26 05:29:29.694, 22499
2026/09/26 05:29:30.194, 22499
2026/09/26 05:29:30.694, 22499
2026/09/26 05:29:31.194, 22499
2026/09/26 05:29:31.694, 22499
2026/09/26 05:29:32.194, 22499
2026/09/26 05:29:32.695, 22499
2026/09/26 05:29:33.195, 22499
2026/09/26 05:29:33.695, 22499
2026/09/26 05:29:34.195, 22499
2026/09/26 05:29:34.695, 22499
2026/09/26 05:29:35.195, 22499
2026/09/26 05:29:35.696, 22499
2026/09/26 05:29:36.196, 22499
2026/09/26 05:29:36.696, 22499
2026/09/26 05:29:37.196, 22499
2026/09/26 05:29:37.696, 22499
2026/09/26 05:29:38.196, 22499
2026/09/26 05:29:38.696, 22499
2026/09/26 05:29:39.197, 22499
2026/09/26 05:29:39.697, 22499
2026/09/26 05:29:40.197, 22499
2026/09/26 05:29:40.697, 22499
2026/09/26 05:29:41.197, 22499
2026/09/26 05:29:41.697, 22499
2026/09/26 05:29:42.198, 22499
2026/09/26 05:29:42.698, 22499
2026/09/26 05:29:43.198, 22499
2026/09/26 05:29:43.699, 22499
2026/09/26 05:29:44.199, 22499
2026/09/26 05:29:44.699, 22499
2026/09/26 05:29:45.199, 22499
2026/09/26 05:29:45.699, 22499
2026/09/26 05:29:46.199, 22499
2026/09/26 05:29:46.699, 22499
2026/09/26 05:29:47.200, 22499
2026/09/26 05:29:47.700, 22499
2026/09/26 05:29:48.200, 22499
2026/09/26 05:29:48.700, 22499
2026/09/26 05:29:49.200, 22499
2026/09/26 05:29:49.700, 22499
2026/09/26 05:29:50.200, 22499
2026/09/26 05:29:50.701, 22499
2026/09/26 05:29:51.201, 22499
2026/09/26 05:29:51.701, 22499
2026/09/26 05:29:52.201, 22499
2026/09/26 05:29:52.701, 22499
2026/09/26 05:29:53.201, 22499
2026/09/26 05:29:53.702, 22499
2026/09/26 05:29:54.202, 22499
2026/09/26 05:29:54.702, 22499
2026/09/26 05:29:55.202, 22499
2026/09/26 05:29:55.702, 22499
2026/09/26 05:29:56.202, 22499
2026/09/26 05:29:56.702, 22499
2026/09/26 05:29:57.203, 22499
2026/09/26 05:29:57.703, 22499
2026/09/26 05:29:58.203, 22499
2026/09/26 05:29:58.703, 22499
2026/09/26 05:29:59.204, 22499
2026/09/26 05:29:59.704, 22499
2026/09/26 05:30:00.204, 22499
2026/09/26 05:30:00.704, 22499
2026/09/26 05:30:01.204, 22499
2026/09/26 05:30:01.704, 22499
2026/09/26 05:30:02.205, 22499
2026/09/26 05:30:02.705, 22499
2026/09/26 05:30:03.205, 22499
2026/09/26 05:30:03.705, 22499
2026/09/26 05:30:04.205, 22499
2026/09/26 05:30:04.705, 22499
2026/09/26 05:30:05.206, 22499
2026/09/26 05:30:05.706, 22499
2026/09/26 05:30:06.206, 22499
2026/09/26 05:30:06.706, 22499
2026/09/26 05:30:07.206, 22499
2026/09/26 05:30:07.707, 22499
2026/09/26 05:30:08.207, 22499
2026/09/26 05:30:08.707, 22499
2026/09/26 05:30:09.207, 22499
2026/09/26 05:30:09.707, 22499
2026/09/26 05:30:10.207, 22499
2026/09/26 05:30:10.708, 22499
2026/09/26 05:30:11.208, 22499
2026/09/26 05:30:11.708, 22499
2026/09/26 05:30:12.208, 22499
2026/09/26 05:30:12.708, 22499
2026/09/26 05:30:13.209, 22499
2026/09/26 05:30:13.709, 22499
2026/09/26 05:30:14.209, 22499
2026/09/26 05:30:14.709, 22499
2026/09/26 05:30:15.209, 22499
2026/09/26 05:30:15.709, 22499
2026/09/26 05:30:16.209, 22499
2026/09/26 05:30:16.710, 22499
2026/09/26 05:30:17.210, 22499
2026/09/26 05:30:17.710, 22499
2026/09/26 05:30:18.210, 22499
2026/09/26 05:30:18.710, 22499
2026/09/26 05:30:19.210, 22499
2026/09/26 05:30:19.711, 22499
2026/09/26 05:30:20.211, 22499
2026/09/26 05:30:20.711, 22499
2026/09/26 05:30:21.211, 22499
2026/09/26 05:30:21.711, 22499
2026/09/26 05:30:22.211, 22499
2026/09/26 05:30:22.712, 22499
2026/09/26 05:30:23.212, 22499
2026/09/26 05:30:23.712, 22499
2026/09/26 05:30:24.212, 22499
2026/09/26 05:30:24.712, 22499
2026/09/26 05:30:25.213, 22499
2026/09/26 05:30:25.713, 22499
2026/09/26 05:30:26.213, 22499
2026/09/26 05:30:26.713, 22499
2026/09/26 05:30:27.213, 22499
2026/09/26 05:30:27.713, 22499
2026/09/26 05:30:28.214, 22499
2026/09/26 05:30:28.714, 22499
2026/09/26 05:30:29.214, 22499
2026/09/26 05:30:29.714, 22499
2026/09/26 05:30:30.214, 22499
2026/09/26 05:30:30.714, 22499
2026/09/26 05:30:31.215, 22499
2026/09/26 05:30:31.715, 22499
2026/09/26 05:30:32.215, 22499
2026/09/26 05:30:32.715, 22499
2026/09/26 05:30:33.215, 22499
2026/09/26 05:30:33.715, 22499
2026/09/26 05:30:34.215, 22499
2026/09/26 05:30:34.716, 22499
2026/09/26 05:30:35.216, 22499
2026/09/26 05:30:35.716, 22499
2026/09/26 05:30:36.216, 22499
2026/09/26 05:30:36.716, 22499
2026/09/26 05:30:37.217, 22499
2026/09/26 05:30:37.717, 22499
2026/09/26 05:30:38.217, 22499
2026/09/26 05:30:38.717, 22499
2026/09/26 05:30:39.217, 22499
2026/09/26 05:30:39.717, 22499
2026/09/26 05:30:40.217, 22499
2026/09/26 05:30:40.718, 22499
2026/09/26 05:30:41.218, 22499
2026/09/26 05:30:41.718, 22499
2026/09/26 05:30:42.218, 22499
2026/09/26 05:30:42.718, 22499
2026/09/26 05:30:43.218, 22499
2026/09/26 05:30:43.718, 22499
2026/09/26 05:30:44.219, 22499
2026/09/26 05:30:44.719, 22499
2026/09/26 05:30:45.219, 22499
2026/09/26 05:30:45.719, 22499
2026/09/26 05:30:46.219, 22499
2026/09/26 05:30:46.720, 22499
2026/09/26 05:30:47.220, 22499
2026/09/26 05:30:47.720, 22499
2026/09/26 05:30:48.220, 22499
2026/09/26 05:30:48.720, 22499
2026/09/26 05:30:49.220, 22499
2026/09/26 05:30:49.721, 22499
2026/09/26 05:30:50.221, 22499
2026/09/26 05:30:50.721, 22499
2026/09/26 05:30:51.221, 22499
2026/09/26 05:30:51.721, 22499
2026/09/26 05:30:52.221, 22499
2026/09/26 05:30:52.722, 22499
2026/09/26 05:30:53.222, 22499
2026/09/26 05:30:53.722, 22499
2026/09/26 05:30:54.222, 22499
2026/09/26 05:30:54.722, 22499
2026/09/26 05:30:55.222, 22499
2026/09/26 05:30:55.723, 22499
2026/09/26 05:30:56.223, 22499
2026/09/26 05:30:56.723, 22499
2026/09/26 05:30:57.223, 22499
2026/09/26 05:30:57.723, 22499
2026/09/26 05:30:58.223, 22499
2026/09/26 05:30:58.724, 22499
2026/09/26 05:30:59.224, 22499
2026/09/26 05:30:59.724, 22499
2026/09/26 05:31:00.224, 22499
2026/09/26 05:31:00.724, 22499
2026/09/26 05:31:01.224, 22499
2026/09/26 05:31:01.724, 22499
2026/09/26 05:31:02.225, 22499
2026/09/26 05:31:02.725, 22499
2026/09/26 05:31:03.225, 22499
2026/09/26 05:31:03.725, 22499
2026/09/26 05:31:04.225, 22499
2026/09/26 05:31:04.725, 22499
2026/09/26 05:31:05.226, 22499
2026/09/26 05:31:05.726, 22499
2026/09/26 05:31:06.226, 22499
2026/09/26 05:31:06.726, 22499
2026/09/26 05:31:07.226, 22499
2026/09/26 05:31:07.726, 22499
2026/09/26 05:31:08.226, 22499
2026/09/26 05:31:08.727, 22499
2026/09/26 05:31:09.227, 22499
2026/09/26 05:31:09.727, 22499
2026/09/26 05:31:10.227, 22499
2026/09/26 05:31:10.727, 22499
2026/09/26 05:31:11.227, 22499
2026/09/26 05:31:11.727, 22499
2026/09/26 05:31:12.228, 22499
2026/09/26 05:31:12.728, 22499
2026/09/26 05:31:13.228, 22499
2026/09/26 05:31:13.728, 22499
2026/09/26 05:31:14.228, 22499
2026/09/26 05:31:14.728, 22499
2026/09/26 05:31:15.229, 22499
2026/09/26 05:31:15.729, 22499
2026/09/26 05:31:16.229, 22499
2026/09/26 05:31:16.729, 22499
2026/09/26 05:31:17.229, 22499
2026/09/26 05:31:17.729, 22499
2026/09/26 05:31:18.229, 22499
2026/09/26 05:31:18.730, 22499
2026/09/26 05:31:19.230, 22499
2026/09/26 05:31:19.730, 22499
2026/09/26 05:31:20.230, 22499
2026/09/26 05:31:20.739, 22499
2026/09/26 05:31:21.239, 22499
2026/09/26 05:31:21.739, 22499
2026/09/26 05:31:22.239, 22499
2026/09/26 05:31:22.740, 22499
2026/09/26 05:31:23.240, 22499
2026/09/26 05:31:23.740, 22499
2026/09/26 05:31:24.240, 22499
2026/09/26 05:31:24.740, 22499
2026/09/26 05:31:25.240, 22499
2026/09/26 05:31:25.740, 22499
2026/09/26 05:31:26.241, 22499
2026/09/26 05:31:26.741, 22499
2026/09/26 05:31:27.241, 22499
2026/09/26 05:31:27.741, 22499
2026/09/26 05:31:28.241, 22499
2026/09/26 05:31:28.741, 22499
2026/09/26 05:31:29.242, 22499
2026/09/26 05:31:29.742, 22499
2026/09/26 05:31:30.242, 22499
2026/09/26 05:31:30.742, 22499
2026/09/26 05:31:31.242, 22499
2026/09/26 05:31:31.742, 22499
2026/09/26 05:31:32.243, 22499
2026/09/26 05:31:32.743, 22499
2026/09/26 05:31:33.243, 22499
2026/09/26 05:31:33.743, 22499
2026/09/26 05:31:34.243, 22499
2026/09/26 05:31:34.743, 22499
2026/09/26 05:31:35.244, 22499
2026/09/26 05:31:35.744, 22499
2026/09/26 05:31:36.244, 22499
2026/09/26 05:31:36.744, 22499
2026/09/26 05:31:37.245, 22499
2026/09/26 05:31:37.745, 22499
2026/09/26 05:31:38.245, 22499
2026/09/26 05:31:38.745, 22499
2026/09/26 05:31:39.245, 22499
2026/09/26 05:31:39.745, 22499
2026/09/26 05:31:40.246, 22499
2026/09/26 05:31:40.746, 22499
2026/09/26 05:31:41.246, 22499
2026/09/26 05:31:41.746, 22499
2026/09/26 05:31:42.246, 22499
2026/09/26 05:31:42.746, 22499
2026/09/26 05:31:43.247, 22499
2026/09/26 05:31:43.747, 22499
2026/09/26 05:31:44.247, 22499
2026/09/26 05:31:44.747, 22499
2026/09/26 05:31:45.247, 22499
2026/09/26 05:31:45.747, 22499
2026/09/26 05:31:46.248, 22499
2026/09/26 05:31:46.748, 22499
2026/09/26 05:31:47.248, 22499
2026/09/26 05:31:47.748, 22499
2026/09/26 05:31:48.248, 22499
2026/09/26 05:31:48.748, 22499
2026/09/26 05:31:49.249, 22499
2026/09/26 05:31:49.749, 22499
2026/09/26 05:31:50.249, 22499
2026/09/26 05:31:50.749, 22499
2026/09/26 05:31:51.249, 22499
2026/09/26 05:31:51.750, 22499
2026/09/26 05:31:52.250, 22499
2026/09/26 05:31:52.750, 22499
2026/09/26 05:31:53.250, 22499
2026/09/26 05:31:53.750, 22499
2026/09/26 05:31:54.250, 22499
2026/09/26 05:31:54.751, 22499
2026/09/26 05:31:55.251, 22499
2026/09/26 05:31:55.751, 22499
2026/09/26 05:31:56.251, 22499
2026/09/26 05:31:56.751, 22499
2026/09/26 05:31:57.251, 22499
2026/09/26 05:31:57.752, 22499
2026/09/26 05:31:58.252, 22499
2026/09/26 05:31:58.752, 22499
2026/09/26 05:31:59.252, 22499
2026/09/26 05:31:59.752, 22499
2026/09/26 05:32:00.252, 22499
2026/09/26 05:32:00.752, 22499
2026/09/26 05:32:01.253, 22499
2026/09/26 05:32:01.753, 22499
2026/09/26 05:32:02.253, 22499
2026/09/26 05:32:02.753, 22499
2026/09/26 05:32:03.253, 22499
2026/09/26 05:32:03.754, 22499
2026/09/26 05:32:04.254, 22499
2026/09/26 05:32:04.754, 22499
2026/09/26 05:32:05.254, 22499
2026/09/26 05:32:05.754, 22499
2026/09/26 05:32:06.254, 22499
2026/09/26 05:32:06.755, 22499
2026/09/26 05:32:07.255, 22499
2026/09/26 05:32:07.755, 22499
2026/09/26 05:32:08.255, 22499
2026/09/26 05:32:08.755, 22499
2026/09/26 05:32:09.255, 22499
2026/09/26 05:32:09.756, 22499
2026/09/26 05:32:10.256, 22499
2026/09/26 05:32:10.756, 22499
2026/09/26 05:32:11.256, 22499
2026/09/26 05:32:11.756, 22499
2026/09/26 05:32:12.256, 22499
2026/09/26 05:32:12.757, 22499
2026/09/26 05:32:13.257, 22499
2026/09/26 05:32:13.757, 22499
2026/09/26 05:32:14.257, 22499
2026/09/26 05:32:14.757, 22499
2026/09/26 05:32:15.257, 22499
2026/09/26 05:32:15.757, 22499
2026/09/26 05:32:16.258, 22499
2026/09/26 05:32:16.758, 22499
2026/09/26 05:32:17.258, 22499
2026/09/26 05:32:17.758, 22499
2026/09/26 05:32:18.258, 22499
2026/09/26 05:32:18.758, 22499
2026/09/26 05:32:19.259, 22499
2026/09/26 05:32:19.759, 22499
2026/09/26 05:32:20.259, 22499
2026/09/26 05:32:20.759, 22499
2026/09/26 05:32:21.259, 22499
2026/09/26 05:32:21.759, 22499
2026/09/26 05:32:22.260, 22499
2026/09/26 05:32:22.760, 22499
2026/09/26 05:32:23.260, 22499
2026/09/26 05:32:23.760, 22499
2026/09/26 05:32:24.260, 22499
2026/09/26 05:32:24.760, 22499
2026/09/26 05:32:25.261, 22499
2026/09/26 05:32:25.761, 22499
2026/09/26 05:32:26.261, 22499
2026/09/26 05:32:26.761, 22499
2026/09/26 05:32:27.261, 22499
2026/09/26 05:32:27.761, 22499
2026/09/26 05:32:28.262, 22499
2026/09/26 05:32:28.762, 22499
2026/09/26 05:32:29.262, 22499
2026/09/26 05:32:29.762, 22499
2026/09/26 05:32:30.262, 22499
2026/09/26 05:32:30.762, 22499
2026/09/26 05:32:31.263, 22499
2026/09/26 05:32:31.763, 22499
2026/09/26 05:32:32.263, 22499
2026/09/26 05:32:32.763, 22499
2026/09/26 05:32:33.263, 22499
2026/09/26 05:32:33.763, 22499
2026/09/26 05:32:34.263, 22499
2026/09/26 05:32:34.764, 22499
2026/09/26 05:32:35.264, 22499
2026/09/26 05:32:35.764, 22499
2026/09/26 05:32:36.264, 22499
2026/09/26 05:32:36.764, 22499
2026/09/26 05:32:37.264, 22499
2026/09/26 05:32:37.765, 22499
2026/09/26 05:32:38.265, 22499
2026/09/26 05:32:38.765, 22499
2026/09/26 05:32:39.265, 22499
2026/09/26 05:32:39.765, 22499
2026/09/26 05:32:40.265, 22499
2026/09/26 05:32:40.766, 22499
2026/09/26 05:32:41.266, 22499
2026/09/26 05:32:41.766, 22499
2026/09/26 05:32:42.266, 22499
2026/09/26 05:32:42.766, 22499
2026/09/26 05:32:43.266, 22499
2026/09/26 05:32:43.767, 22499
2026/09/26 05:32:44.267, 22499
2026/09/26 05:32:44.767, 22499
2026/09/26 05:32:45.267, 22499
2026/09/26 05:32:45.767, 22499
2026/09/26 05:32:46.267, 22499
2026/09/26 05:32:46.767, 22499
2026/09/26 05:32:47.268, 22499
2026/09/26 05:32:47.768, 22499
2026/09/26 05:32:48.268, 22499
2026/09/26 05:32:48.768, 22499
2026/09/26 05:32:49.268, 22499
2026/09/26 05:32:49.768, 22499
2026/09/26 05:32:50.269, 22499
2026/09/26 05:32:50.769, 22499
2026/09/26 05:32:51.269, 22499
2026/09/26 05:32:51.769, 22499
2026/09/26 05:32:52.269, 22499
2026/09/26 05:32:52.769, 22499
2026/09/26 05:32:53.270, 22499
2026/09/26 05:32:53.770, 22499
2026/09/26 05:32:54.270, 22499
2026/09/26 05:32:54.770, 22499
2026/09/26 05:32:55.270, 22499
2026/09/26 05:32:55.770, 22499
2026/09/26 05:32:56.270, 22499
2026/09/26 05:32:56.771, 22499
2026/09/26 05:32:57.271, 22499
2026/09/26 05:32:57.771, 22499
2026/09/26 05:32:58.271, 22499
2026/09/26 05:32:58.771, 22499
2026/09/26 05:32:59.271, 22499
2026/09/26 05:32:59.772, 22499
2026/09/26 05:33:00.272, 22499
2026/09/26 05:33:00.772, 22499
2026/09/26 05:33:01.272, 22499
2026/09/26 05:33:01.772, 22499
2026/09/26 05:33:02.272, 22499
2026/09/26 05:33:02.773, 22499
2026/09/26 05:33:03.273, 22499
2026/09/26 05:33:03.773, 22499
2026/09/26 05:33:04.273, 22499
2026/09/26 05:33:04.773, 22499
2026/09/26 05:33:05.273, 22499
2026/09/26 05:33:05.774, 22499
2026/09/26 05:33:06.282, 22499
2026/09/26 05:33:06.783, 22499
2026/09/26 05:33:07.283, 22499
2026/09/26 05:33:07.783, 22499
2026/09/26 05:33:08.283, 22499
2026/09/26 05:33:08.783, 22499
2026/09/26 05:33:09.283, 22499
2026/09/26 05:33:09.784, 22499
2026/09/26 05:33:10.284, 22499
2026/09/26 05:33:10.784, 4
2026/09/26 05:33:11.284, 4
2026/09/26 05:33:11.784, 4
