2026/09/26 20:08:31.561, 1
2026/09/26 20:08:32.061, 1
2026/09/26 20:08:32.561, 1
2026/09/26 20:08:33.062, 1
2026/09/26 20:08:33.562, 1
2026/09/26 20:08:34.062, 1
2026/09/26 20:08:34.562, 1
2026/09/26 20:08:35.062, 4
2026/09/26 20:08:35.562, 4
2026/09/26 20:08:36.063, 4
2026/09/26 20:08:36.563, 4
2026/09/26 20:08:37.063, 4
2026/09/26 20:08:37.563, 4
2026/09/26 20:08:38.063, 4
2026/09/26 20:08:38.563, 4
2026/09/26 20:08:39.064, 4
2026/09/26 20:08:39.564, 4
2026/09/26 20:08:40.064, 4
2026/09/26 20:08:40.564, 4
2026/09/26 20:08:41.064, 4
2026/09/26 20:08:41.564, 4
2026/09/26 20:08:42.065, 4
2026/09/26 20:08:42.565, 4
2026/09/26 20:08:43.065, 4
2026/09/26 20:08:43.565, 4
2026/09/26 20:08:44.065, 4
2026/09/26 20:08:44.566, 535
2026/09/26 20:08:45.066, 535
2026/09/26 20:08:45.566, 535
2026/09/26 20:08:46.066, 535
2026/09/26 20:08:46.566, 9479
2026/09/26 20:08:47.067, 9479
2026/09/26 20:08:47.567, 9479
2026/09/26 20:08:48.067, 9479
2026/09/26 20:08:48.567, 9479
2026/09/26 20:08:49.067, 9479
2026/09/26 20:08:49.567, 9479
2026/09/26 20:08:50.067, 9479
2026/09/26 20:08:50.568, 9479
2026/09/26 20:08:51.068, 9479
2026/09/26 20:08:51.568, 9479
2026/09/26 20:08:52.068, 10261
2026/09/26 20:08:52.568, 15197
2026/09/26 20:08:53.068, 15197
2026/09/26 20:08:53.569, 15197
2026/09/26 20:08:54.069, 15197
2026/09/26 20:08:54.569, 15197
2026/09/26 20:08:55.069, 15197
2026/09/26 20:08:55.569, 15197
2026/09/26 20:08:56.069, 15197
2026/09/26 20:08:56.569, 15197
2026/09/26 20:08:57.070, 15199
2026/09/26 20:08:57.570, 15199
2026/09/26 20:08:58.070, 15645
2026/09/26 20:08:58.570, 9499
2026/09/26 20:08:59.070, 16339
2026/09/26 20:08:59.570, 16523
2026/09/26 20:09:00.071, 16643
2026/09/26 20:09:00.571, 16809
2026/09/26 20:09:01.071, 16959
2026/09/26 20:09:01.571, 17093
2026/09/26 20:09:02.071, 17243
2026/09/26 20:09:02.571, 18661
2026/09/26 20:09:03.072, 18661
2026/09/26 20:09:03.572, 18661
2026/09/26 20:09:04.072, 18661
2026/09/26 20:09:04.572, 18661
2026/09/26 20:09:05.072, 18661
2026/09/26 20:09:05.572, 18661
2026/09/26 20:09:06.072, 18661
2026/09/26 20:09:06.573, 18661
2026/09/26 20:09:07.073, 18661
2026/09/26 20:09:07.573, 18661
2026/09/26 20:09:08.073, 18661
2026/09/26 20:09:08.573, 18661
2026/09/26 20:09:09.073, 18661
2026/09/26 20:09:09.574, 18661
2026/09/26 20:09:10.074, 18661
2026/09/26 20:09:10.574, 18661
2026/09/26 20:09:11.074, 18661
2026/09/26 20:09:11.574, 18661
2026/09/26 20:09:12.074, 18667
2026/09/26 20:09:12.574, 19147
2026/09/26 20:09:13.075, 19147
2026/09/26 20:09:13.575, 19147
2026/09/26 20:09:14.075, 19147
2026/09/26 20:09:14.575, 19147
2026/09/26 20:09:15.076, 19147
2026/09/26 20:09:15.576, 19147
2026/09/26 20:09:16.076, 19147
2026/09/26 20:09:16.576, 19147
2026/09/26 20:09:17.076, 19147
2026/09/26 20:09:17.576, 19147
2026/09/26 20:09:18.077, 19147
2026/09/26 20:09:18.577, 19147
2026/09/26 20:09:19.077, 19147
2026/09/26 20:09:19.577, 19147
2026/09/26 20:09:20.077, 19147
2026/09/26 20:09:20.577, 19147
2026/09/26 20:09:21.077, 19147
2026/09/26 20:09:21.578, 19147
2026/09/26 20:09:22.078, 19147
2026/09/26 20:09:22.578, 19147
2026/09/26 20:09:23.078, 19147
2026/09/26 20:09:23.578, 19147
2026/09/26 20:09:24.078, 19147
2026/09/26 20:09:24.579, 19147
2026/09/26 20:09:25.079, 19147
2026/09/26 20:09:25.579, 19147
2026/09/26 20:09:26.079, 19147
2026/09/26 20:09:26.579, 19147
2026/09/26 20:09:27.079, 19147
2026/09/26 20:09:27.580, 19147
2026/09/26 20:09:28.080, 19147
2026/09/26 20:09:28.580, 19147
2026/09/26 20:09:29.080, 19147
2026/09/26 20:09:29.580, 19147
2026/09/26 20:09:30.081, 19147
2026/09/26 20:09:30.581, 19147
2026/09/26 20:09:31.081, 19147
2026/09/26 20:09:31.581, 19147
2026/09/26 20:09:32.081, 19147
2026/09/26 20:09:32.581, 19147
2026/09/26 20:09:33.081, 19147
2026/09/26 20:09:33.582, 19147
2026/09/26 20:09:34.082, 19147
2026/09/26 20:09:34.582, 19147
2026/09/26 20:09:35.082, 19147
2026/09/26 20:09:35.582, 19147
2026/09/26 20:09:36.082, 19147
2026/09/26 20:09:36.583, 19147
2026/09/26 20:09:37.083, 19147
2026/09/26 20:09:37.583, 19147
2026/09/26 20:09:38.083, 19147
2026/09/26 20:09:38.583, 19147
2026/09/26 20:09:39.084, 19147
2026/09/26 20:09:39.584, 19147
2026/09/26 20:09:40.084, 19147
2026/09/26 20:09:40.584, 19147
2026/09/26 20:09:41.084, 19147
2026/09/26 20:09:41.585, 19147
2026/09/26 20:09:42.085, 19147
2026/09/26 20:09:42.585, 19147
2026/09/26 20:09:43.085, 19147
2026/09/26 20:09:43.585, 19147
2026/09/26 20:09:44.085, 19147
2026/09/26 20:09:44.585, 19147
2026/09/26 20:09:45.086, 19147
2026/09/26 20:09:45.586, 19147
2026/09/26 20:09:46.086, 19147
2026/09/26 20:09:46.586, 19147
2026/09/26 20:09:47.086, 19147
2026/09/26 20:09:47.586, 19147
2026/09/26 20:09:48.087, 19147
2026/09/26 20:09:48.587, 19147
2026/09/26 20:09:49.087, 19147
2026/09/26 20:09:49.587, 19147
2026/09/26 20:09:50.087, 19147
2026/09/26 20:09:50.587, 19147
2026/09/26 20:09:51.088, 19147
2026/09/26 20:09:51.588, 19147
2026/09/26 20:09:52.088, 19147
2026/09/26 20:09:52.588, 19147
2026/09/26 20:09:53.088, 19147
2026/09/26 20:09:53.589, 19147
2026/09/26 20:09:54.089, 19147
2026/09/26 20:09:54.589, 19147
2026/09/26 20:09:55.089, 19147
2026/09/26 20:09:55.589, 19147
2026/09/26 20:09:56.089, 19147
2026/09/26 20:09:56.590, 19147
2026/09/26 20:09:57.090, 19147
2026/09/26 20:09:57.590, 19147
2026/09/26 20:09:58.090, 19147
2026/09/26 20:09:58.590, 19147
2026/09/26 20:09:59.090, 19147
2026/09/26 20:09:59.591, 19147
2026/09/26 20:10:00.091, 19147
2026/09/26 20:10:00.591, 19147
2026/09/26 20:10:01.091, 19147
2026/09/26 20:10:01.591, 19147
2026/09/26 20:10:02.091, 19147
2026/09/26 20:10:02.592, 19147
2026/09/26 20:10:03.092, 19147
2026/09/26 20:10:03.592, 19147
2026/09/26 20:10:04.092, 19147
2026/09/26 20:10:04.592, 19147
2026/09/26 20:10:05.092, 19147
2026/09/26 20:10:05.593, 19147
2026/09/26 20:10:06.093, 19147
2026/09/26 20:10:06.593, 19147
2026/09/26 20:10:07.093, 19147
2026/09/26 20:10:07.593, 19147
2026/09/26 20:10:08.094, 19147
2026/09/26 20:10:08.594, 19147
2026/09/26 20:10:09.094, 19147
2026/09/26 20:10:09.594, 19147
2026/09/26 20:10:10.094, 19147
2026/09/26 20:10:10.594, 19147
2026/09/26 20:10:11.095, 19147
2026/09/26 20:10:11.595, 19147
2026/09/26 20:10:12.095, 19147
2026/09/26 20:10:12.595, 19147
2026/09/26 20:10:13.095, 19147
2026/09/26 20:10:13.595, 19147
2026/09/26 20:10:14.096, 19147
2026/09/26 20:10:14.596, 19147
2026/09/26 20:10:15.096, 19147
2026/09/26 20:10:15.596, 19147
2026/09/26 20:10:16.096, 19147
2026/09/26 20:10:16.596, 19147
2026/09/26 20:10:17.097, 19147
2026/09/26 20:10:17.597, 19147
2026/09/26 20:10:18.097, 19147
2026/09/26 20:10:18.597, 19147
2026/09/26 20:10:19.097, 19147
2026/09/26 20:10:19.597, 19147
2026/09/26 20:10:20.098, 19147
2026/09/26 20:10:20.598, 19147
2026/09/26 20:10:21.098, 19147
2026/09/26 20:10:21.598, 19147
2026/09/26 20:10:22.098, 19147
2026/09/26 20:10:22.598, 19147
2026/09/26 20:10:23.099, 19147
2026/09/26 20:10:23.599, 19147
2026/09/26 20:10:24.099, 19147
2026/09/26 20:10:24.599, 19147
2026/09/26 20:10:25.099, 19147
2026/09/26 20:10:25.599, 19147
2026/09/26 20:10:26.100, 19147
2026/09/26 20:10:26.600, 19147
2026/09/26 20:10:27.100, 19147
2026/09/26 20:10:27.600, 19147
2026/09/26 20:10:28.100, 19147
2026/09/26 20:10:28.600, 19147
2026/09/26 20:10:29.101, 19147
2026/09/26 20:10:29.601, 19147
2026/09/26 20:10:30.101, 19147
2026/09/26 20:10:30.601, 19147
2026/09/26 20:10:31.101, 19147
2026/09/26 20:10:31.602, 19147
2026/09/26 20:10:32.102, 19147
2026/09/26 20:10:32.602, 19147
2026/09/26 20:10:33.102, 19147
2026/09/26 20:10:33.602, 19147
2026/09/26 20:10:34.102, 19147
2026/09/26 20:10:34.603, 19147
2026/09/26 20:10:35.103, 19147
2026/09/26 20:10:35.603, 19147
2026/09/26 20:10:36.103, 19147
2026/09/26 20:10:36.603, 19147
2026/09/26 20:10:37.103, 19147
2026/09/26 20:10:37.604, 19147
2026/09/26 20:10:38.104, 19147
2026/09/26 20:10:38.604, 19147
2026/09/26 20:10:39.104, 19147
2026/09/26 20:10:39.604, 19147
2026/09/26 20:10:40.104, 19147
2026/09/26 20:10:40.605, 19147
2026/09/26 20:10:41.105, 19147
2026/09/26 20:10:41.605, 19147
2026/09/26 20:10:42.105, 19147
2026/09/26 20:10:42.605, 19147
2026/09/26 20:10:43.105, 19147
2026/09/26 20:10:43.606, 19147
2026/09/26 20:10:44.106, 19147
2026/09/26 20:10:44.606, 19147
2026/09/26 20:10:45.106, 19147
2026/09/26 20:10:45.606, 19147
2026/09/26 20:10:46.106, 19147
2026/09/26 20:10:46.607, 19147
2026/09/26 20:10:47.107, 19147
2026/09/26 20:10:47.607, 19147
2026/09/26 20:10:48.107, 19147
2026/09/26 20:10:48.607, 19147
2026/09/26 20:10:49.108, 19147
2026/09/26 20:10:49.608, 19147
2026/09/26 20:10:50.108, 19147
2026/09/26 20:10:50.608, 19147
2026/09/26 20:10:51.108, 19147
2026/09/26 20:10:51.608, 19147
2026/09/26 20:10:52.109, 19147
2026/09/26 20:10:52.609, 19147
2026/09/26 20:10:53.109, 19147
2026/09/26 20:10:53.609, 19147
2026/09/26 20:10:54.110, 19147
2026/09/26 20:10:54.610, 19147
2026/09/26 20:10:55.110, 19147
2026/09/26 20:10:55.610, 19147
2026/09/26 20:10:56.110, 19147
2026/09/26 20:10:56.610, 19147
2026/09/26 20:10:57.111, 19147
2026/09/26 20:10:57.611, 19147
2026/09/26 20:10:58.112, 19147
2026/09/26 20:10:58.612, 19147
2026/09/26 20:10:59.112, 19147
2026/09/26 20:10:59.612, 19147
2026/09/26 20:11:00.112, 19147
2026/09/26 20:11:00.612, 19147
2026/09/26 20:11:01.113, 19147
2026/09/26 20:11:01.613, 19147
2026/09/26 20:11:02.113, 19147
2026/09/26 20:11:02.613, 19147
2026/09/26 20:11:03.113, 19147
2026/09/26 20:11:03.613, 19147
2026/09/26 20:11:04.114, 19147
2026/09/26 20:11:04.614, 19147
2026/09/26 20:11:05.114, 19147
2026/09/26 20:11:05.614, 19147
2026/09/26 20:11:06.114, 19147
2026/09/26 20:11:06.614, 19147
2026/09/26 20:11:07.115, 19147
2026/09/26 20:11:07.615, 19147
2026/09/26 20:11:08.115, 19147
2026/09/26 20:11:08.615, 19147
2026/09/26 20:11:09.115, 19147
2026/09/26 20:11:09.615, 19147
2026/09/26 20:11:10.115, 19147
2026/09/26 20:11:10.616, 19147
2026/09/26 20:11:11.116, 19147
2026/09/26 20:11:11.616, 19147
2026/09/26 20:11:12.116, 19147
2026/09/26 20:11:12.616, 19147
2026/09/26 20:11:13.116, 19147
2026/09/26 20:11:13.617, 19147
2026/09/26 20:11:14.117, 19147
2026/09/26 20:11:14.617, 19147
2026/09/26 20:11:15.117, 19147
2026/09/26 20:11:15.617, 19147
2026/09/26 20:11:16.117, 19147
2026/09/26 20:11:16.618, 19147
2026/09/26 20:11:17.118, 19147
2026/09/26 20:11:17.618, 19147
2026/09/26 20:11:18.118, 19147
2026/09/26 20:11:18.618, 19147
2026/09/26 20:11:19.118, 19147
2026/09/26 20:11:19.619, 19147
2026/09/26 20:11:20.119, 19147
2026/09/26 20:11:20.619, 19147
2026/09/26 20:11:21.119, 19147
2026/09/26 20:11:21.619, 19147
2026/09/26 20:11:22.119, 19147
2026/09/26 20:11:22.620, 19147
2026/09/26 20:11:23.120, 19147
2026/09/26 20:11:23.620, 19147
2026/09/26 20:11:24.120, 19147
2026/09/26 20:11:24.620, 19147
2026/09/26 20:11:25.120, 19147
2026/09/26 20:11:25.621, 19147
2026/09/26 20:11:26.121, 19147
2026/09/26 20:11:26.621, 19147
2026/09/26 20:11:27.121, 19147
2026/09/26 20:11:27.621, 19147
2026/09/26 20:11:28.122, 19147
2026/09/26 20:11:28.622, 19147
2026/09/26 20:11:29.122, 19147
2026/09/26 20:11:29.622, 19147
2026/09/26 20:11:30.122, 19147
2026/09/26 20:11:30.622, 19147
2026/09/26 20:11:31.123, 19147
2026/09/26 20:11:31.623, 19147
2026/09/26 20:11:32.123, 19147
2026/09/26 20:11:32.623, 19147
2026/09/26 20:11:33.123, 19147
2026/09/26 20:11:33.623, 19147
2026/09/26 20:11:34.124, 19147
2026/09/26 20:11:34.624, 19147
2026/09/26 20:11:35.124, 19147
2026/09/26 20:11:35.624, 19147
2026/09/26 20:11:36.124, 19147
2026/09/26 20:11:36.624, 19147
2026/09/26 20:11:37.124, 19147
2026/09/26 20:11:37.625, 19147
2026/09/26 20:11:38.125, 19147
2026/09/26 20:11:38.625, 19147
2026/09/26 20:11:39.125, 19147
2026/09/26 20:11:39.625, 19147
2026/09/26 20:11:40.125, 19147
2026/09/26 20:11:40.625, 19147
2026/09/26 20:11:41.126, 19147
2026/09/26 20:11:41.626, 19147
2026/09/26 20:11:42.126, 19147
2026/09/26 20:11:42.626, 19147
2026/09/26 20:11:43.126, 19147
2026/09/26 20:11:43.626, 19147
2026/09/26 20:11:44.127, 19147
2026/09/26 20:11:44.627, 19147
2026/09/26 20:11:45.127, 19147
2026/09/26 20:11:45.627, 19147
2026/09/26 20:11:46.127, 19147
2026/09/26 20:11:46.627, 19147
2026/09/26 20:11:47.128, 19147
2026/09/26 20:11:47.628, 19147
2026/09/26 20:11:48.128, 19147
2026/09/26 20:11:48.628, 19147
2026/09/26 20:11:49.128, 19147
2026/09/26 20:11:49.628, 19147
2026/09/26 20:11:50.129, 19147
2026/09/26 20:11:50.629, 19147
2026/09/26 20:11:51.129, 19147
2026/09/26 20:11:51.629, 19147
2026/09/26 20:11:52.129, 19147
2026/09/26 20:11:52.629, 19147
2026/09/26 20:11:53.129, 19147
2026/09/26 20:11:53.630, 19147
2026/09/26 20:11:54.130, 19147
2026/09/26 20:11:54.630, 19147
2026/09/26 20:11:55.130, 19147
2026/09/26 20:11:55.630, 19147
2026/09/26 20:11:56.130, 19147
2026/09/26 20:11:56.630, 19147
2026/09/26 20:11:57.131, 19147
2026/09/26 20:11:57.631, 19147
2026/09/26 20:11:58.131, 19147
2026/09/26 20:11:58.631, 19147
2026/09/26 20:11:59.131, 19147
2026/09/26 20:11:59.631, 19147
2026/09/26 20:12:00.131, 19147
2026/09/26 20:12:00.632, 19147
2026/09/26 20:12:01.132, 19147
2026/09/26 20:12:01.632, 19147
2026/09/26 20:12:02.132, 19147
2026/09/26 20:12:02.632, 19147
2026/09/26 20:12:03.132, 19147
2026/09/26 20:12:03.633, 19147
2026/09/26 20:12:04.133, 19147
2026/09/26 20:12:04.633, 19147
2026/09/26 20:12:05.133, 19147
2026/09/26 20:12:05.633, 19147
2026/09/26 20:12:06.133, 19147
2026/09/26 20:12:06.634, 19147
2026/09/26 20:12:07.134, 19147
2026/09/26 20:12:07.634, 19147
2026/09/26 20:12:08.134, 19147
2026/09/26 20:12:08.634, 19147
2026/09/26 20:12:09.134, 19147
2026/09/26 20:12:09.635, 19147
2026/09/26 20:12:10.138, 19147
2026/09/26 20:12:10.638, 19147
2026/09/26 20:12:11.138, 19147
2026/09/26 20:12:11.639, 19147
2026/09/26 20:12:12.139, 19147
2026/09/26 20:12:12.639, 19147
2026/09/26 20:12:13.139, 19147
2026/09/26 20:12:13.639, 19147
2026/09/26 20:12:14.139, 19147
2026/09/26 20:12:14.640, 19147
2026/09/26 20:12:15.140, 19147
2026/09/26 20:12:15.640, 19147
2026/09/26 20:12:16.140, 19147
2026/09/26 20:12:16.640, 19147
2026/09/26 20:12:17.141, 19147
2026/09/26 20:12:17.641, 19147
2026/09/26 20:12:18.141, 19147
2026/09/26 20:12:18.641, 19147
2026/09/26 20:12:19.141, 19147
2026/09/26 20:12:19.641, 19147
2026/09/26 20:12:20.142, 19147
2026/09/26 20:12:20.642, 19147
2026/09/26 20:12:21.142, 19147
2026/09/26 20:12:21.642, 19147
2026/09/26 20:12:22.142, 19147
2026/09/26 20:12:22.642, 19147
2026/09/26 20:12:23.143, 19147
2026/09/26 20:12:23.643, 19147
2026/09/26 20:12:24.143, 19147
2026/09/26 20:12:24.643, 19147
2026/09/26 20:12:25.143, 19147
2026/09/26 20:12:25.644, 19147
2026/09/26 20:12:26.144, 19147
2026/09/26 20:12:26.644, 19147
2026/09/26 20:12:27.144, 19147
2026/09/26 20:12:27.644, 19147
2026/09/26 20:12:28.144, 19147
2026/09/26 20:12:28.645, 19147
2026/09/26 20:12:29.145, 19147
2026/09/26 20:12:29.645, 19147
2026/09/26 20:12:30.145, 19147
2026/09/26 20:12:30.645, 19147
2026/09/26 20:12:31.145, 19147
2026/09/26 20:12:31.646, 19147
2026/09/26 20:12:32.146, 19147
2026/09/26 20:12:32.646, 19147
2026/09/26 20:12:33.146, 19147
2026/09/26 20:12:33.646, 19147
2026/09/26 20:12:34.147, 19147
2026/09/26 20:12:34.647, 19147
2026/09/26 20:12:35.147, 19147
2026/09/26 20:12:35.647, 19147
2026/09/26 20:12:36.147, 19147
2026/09/26 20:12:36.647, 19147
2026/09/26 20:12:37.148, 19147
2026/09/26 20:12:37.648, 19147
2026/09/26 20:12:38.148, 19147
2026/09/26 20:12:38.648, 19147
2026/09/26 20:12:39.149, 19147
2026/09/26 20:12:39.649, 19147
2026/09/26 20:12:40.149, 19147
2026/09/26 20:12:40.649, 19147
2026/09/26 20:12:41.149, 19147
2026/09/26 20:12:41.649, 19147
2026/09/26 20:12:42.150, 19147
2026/09/26 20:12:42.650, 19147
2026/09/26 20:12:43.150, 19147
2026/09/26 20:12:43.650, 19147
2026/09/26 20:12:44.150, 19147
2026/09/26 20:12:44.650, 19147
2026/09/26 20:12:45.151, 19147
2026/09/26 20:12:45.651, 19147
2026/09/26 20:12:46.151, 19147
2026/09/26 20:12:46.651, 19147
2026/09/26 20:12:47.151, 19147
2026/09/26 20:12:47.652, 19147
2026/09/26 20:12:48.152, 19147
2026/09/26 20:12:48.652, 19147
2026/09/26 20:12:49.152, 19147
2026/09/26 20:12:49.652, 19147
2026/09/26 20:12:50.152, 19147
2026/09/26 20:12:50.652, 19147
2026/09/26 20:12:51.153, 19147
2026/09/26 20:12:51.653, 19147
2026/09/26 20:12:52.153, 19147
2026/09/26 20:12:52.653, 19147
2026/09/26 20:12:53.153, 19147
2026/09/26 20:12:53.653, 19147
2026/09/26 20:12:54.154, 19147
2026/09/26 20:12:54.654, 19147
2026/09/26 20:12:55.154, 19147
2026/09/26 20:12:55.654, 19147
2026/09/26 20:12:56.154, 19147
2026/09/26 20:12:56.654, 19147
2026/09/26 20:12:57.155, 19147
2026/09/26 20:12:57.655, 19147
2026/09/26 20:12:58.155, 19147
2026/09/26 20:12:58.655, 19147
2026/09/26 20:12:59.155, 19147
2026/09/26 20:12:59.655, 19147
2026/09/26 20:13:00.156, 19147
2026/09/26 20:13:00.656, 19147
2026/09/26 20:13:01.156, 19147
2026/09/26 20:13:01.656, 19147
2026/09/26 20:13:02.156, 19147
2026/09/26 20:13:02.656, 19147
2026/09/26 20:13:03.157, 19147
2026/09/26 20:13:03.657, 19147
2026/09/26 20:13:04.157, 19147
2026/09/26 20:13:04.657, 19147
2026/09/26 20:13:05.157, 19147
2026/09/26 20:13:05.658, 19147
2026/09/26 20:13:06.158, 19147
2026/09/26 20:13:06.658, 19147
2026/09/26 20:13:07.158, 19147
2026/09/26 20:13:07.658, 19147
2026/09/26 20:13:08.158, 19147
2026/09/26 20:13:08.659, 19147
2026/09/26 20:13:09.159, 19147
2026/09/26 20:13:09.659, 19147
2026/09/26 20:13:10.159, 19147
2026/09/26 20:13:10.659, 19147
2026/09/26 20:13:11.159, 19147
2026/09/26 20:13:11.660, 19147
2026/09/26 20:13:12.160, 19147
2026/09/26 20:13:12.660, 19147
2026/09/26 20:13:13.160, 19147
2026/09/26 20:13:13.660, 19147
2026/09/26 20:13:14.160, 19147
2026/09/26 20:13:14.661, 19147
2026/09/26 20:13:15.161, 19147
2026/09/26 20:13:15.661, 19147
2026/09/26 20:13:16.161, 19147
2026/09/26 20:13:16.661, 19147
2026/09/26 20:13:17.162, 19147
2026/09/26 20:13:17.662, 19147
2026/09/26 20:13:18.162, 19147
2026/09/26 20:13:18.662, 19147
2026/09/26 20:13:19.162, 19147
2026/09/26 20:13:19.662, 19147
2026/09/26 20:13:20.163, 19147
2026/09/26 20:13:20.663, 19147
2026/09/26 20:13:21.163, 19147
2026/09/26 20:13:21.663, 19147
2026/09/26 20:13:22.163, 19147
2026/09/26 20:13:22.663, 19147
2026/09/26 20:13:23.165, 19147
2026/09/26 20:13:23.665, 19147
2026/09/26 20:13:24.165, 19147
2026/09/26 20:13:24.665, 19147
2026/09/26 20:13:25.165, 19147
2026/09/26 20:13:25.665, 19147
2026/09/26 20:13:26.166, 19147
2026/09/26 20:13:26.666, 19147
2026/09/26 20:13:27.166, 19147
2026/09/26 20:13:27.666, 19147
2026/09/26 20:13:28.166, 19147
2026/09/26 20:13:28.667, 19147
2026/09/26 20:13:29.167, 19147
2026/09/26 20:13:29.667, 19147
2026/09/26 20:13:30.167, 19147
2026/09/26 20:13:30.667, 19147
2026/09/26 20:13:31.167, 19147
2026/09/26 20:13:31.667, 19147
2026/09/26 20:13:32.167, 19147
2026/09/26 20:13:32.668, 19147
2026/09/26 20:13:33.168, 19147
2026/09/26 20:13:33.668, 19147
2026/09/26 20:13:34.168, 19147
2026/09/26 20:13:34.668, 19147
2026/09/26 20:13:35.168, 19147
2026/09/26 20:13:35.669, 19147
2026/09/26 20:13:36.169, 19147
2026/09/26 20:13:36.669, 19147
2026/09/26 20:13:37.169, 19147
2026/09/26 20:13:37.669, 19147
2026/09/26 20:13:38.169, 19147
2026/09/26 20:13:38.669, 19147
2026/09/26 20:13:39.170, 19147
2026/09/26 20:13:39.670, 19147
2026/09/26 20:13:40.170, 19147
2026/09/26 20:13:40.670, 19147
2026/09/26 20:13:41.171, 19147
2026/09/26 20:13:41.671, 19147
2026/09/26 20:13:42.171, 19147
2026/09/26 20:13:42.671, 19147
2026/09/26 20:13:43.171, 19147
2026/09/26 20:13:43.671, 19147
2026/09/26 20:13:44.172, 19147
2026/09/26 20:13:44.672, 19147
2026/09/26 20:13:45.172, 19147
2026/09/26 20:13:45.672, 19147
2026/09/26 20:13:46.172, 19147
2026/09/26 20:13:46.672, 19147
2026/09/26 20:13:47.173, 19147
2026/09/26 20:13:47.673, 19147
2026/09/26 20:13:48.173, 19147
2026/09/26 20:13:48.673, 19147
2026/09/26 20:13:49.173, 19147
2026/09/26 20:13:49.673, 19147
2026/09/26 20:13:50.174, 19147
2026/09/26 20:13:50.674, 19147
2026/09/26 20:13:51.174, 19147
2026/09/26 20:13:51.674, 19147
2026/09/26 20:13:52.174, 19147
2026/09/26 20:13:52.674, 19147
2026/09/26 20:13:53.174, 19147
2026/09/26 20:13:53.675, 19147
2026/09/26 20:13:54.175, 19147
2026/09/26 20:13:54.675, 19147
2026/09/26 20:13:55.175, 19147
2026/09/26 20:13:55.675, 19147
2026/09/26 20:13:56.175, 19147
2026/09/26 20:13:56.675, 19147
2026/09/26 20:13:57.176, 19147
2026/09/26 20:13:57.676, 19147
2026/09/26 20:13:58.176, 19147
2026/09/26 20:13:58.676, 19147
2026/09/26 20:13:59.176, 19147
2026/09/26 20:13:59.676, 19147
2026/09/26 20:14:00.176, 19147
2026/09/26 20:14:00.676, 19147
2026/09/26 20:14:01.177, 19147
2026/09/26 20:14:01.677, 19147
2026/09/26 20:14:02.177, 19147
2026/09/26 20:14:02.677, 19147
2026/09/26 20:14:03.177, 19147
2026/09/26 20:14:03.677, 19147
2026/09/26 20:14:04.177, 19147
2026/09/26 20:14:04.678, 19147
2026/09/26 20:14:05.178, 19147
2026/09/26 20:14:05.678, 19147
2026/09/26 20:14:06.178, 19147
2026/09/26 20:14:06.678, 19147
2026/09/26 20:14:07.178, 19147
2026/09/26 20:14:07.678, 19147
2026/09/26 20:14:08.179, 19147
2026/09/26 20:14:08.679, 19147
2026/09/26 20:14:09.179, 19147
2026/09/26 20:14:09.679, 19147
2026/09/26 20:14:10.179, 19147
2026/09/26 20:14:10.679, 19147
2026/09/26 20:14:11.179, 19147
2026/09/26 20:14:11.680, 19147
2026/09/26 20:14:12.180, 19147
2026/09/26 20:14:12.680, 19147
2026/09/26 20:14:13.180, 19147
2026/09/26 20:14:13.680, 19147
2026/09/26 20:14:14.181, 19147
2026/09/26 20:14:14.681, 19147
2026/09/26 20:14:15.181, 19147
2026/09/26 20:14:15.681, 19147
2026/09/26 20:14:16.181, 19147
2026/09/26 20:14:16.681, 19147
2026/09/26 20:14:17.181, 19147
2026/09/26 20:14:17.682, 19147
2026/09/26 20:14:18.182, 19147
2026/09/26 20:14:18.682, 19147
2026/09/26 20:14:19.182, 19147
2026/09/26 20:14:19.682, 19147
2026/09/26 20:14:20.182, 19147
2026/09/26 20:14:20.683, 19147
2026/09/26 20:14:21.183, 19147
2026/09/26 20:14:21.683, 19147
2026/09/26 20:14:22.183, 19147
2026/09/26 20:14:22.683, 19147
2026/09/26 20:14:23.183, 19147
2026/09/26 20:14:23.684, 19147
2026/09/26 20:14:24.184, 19147
2026/09/26 20:14:24.684, 19147
2026/09/26 20:14:25.184, 19147
2026/09/26 20:14:25.684, 19147
2026/09/26 20:14:26.184, 19147
2026/09/26 20:14:26.685, 19147
2026/09/26 20:14:27.185, 19147
2026/09/26 20:14:27.685, 19147
2026/09/26 20:14:28.185, 19147
2026/09/26 20:14:28.685, 19147
2026/09/26 20:14:29.185, 19147
2026/09/26 20:14:29.685, 19147
2026/09/26 20:14:30.186, 19147
2026/09/26 20:14:30.686, 19147
2026/09/26 20:14:31.186, 19147
2026/09/26 20:14:31.686, 19147
2026/09/26 20:14:32.186, 19147
2026/09/26 20:14:32.686, 19147
2026/09/26 20:14:33.187, 19147
2026/09/26 20:14:33.687, 19147
2026/09/26 20:14:34.187, 19147
2026/09/26 20:14:34.687, 19147
2026/09/26 20:14:35.187, 19147
2026/09/26 20:14:35.688, 19147
2026/09/26 20:14:36.188, 19147
2026/09/26 20:14:36.688, 19147
2026/09/26 20:14:37.188, 19147
2026/09/26 20:14:37.688, 19147
2026/09/26 20:14:38.188, 19147
2026/09/26 20:14:38.688, 19147
2026/09/26 20:14:39.189, 19147
2026/09/26 20:14:39.689, 19147
2026/09/26 20:14:40.189, 19147
2026/09/26 20:14:40.689, 19147
2026/09/26 20:14:41.189, 19147
2026/09/26 20:14:41.689, 19147
2026/09/26 20:14:42.190, 19147
2026/09/26 20:14:42.690, 19147
2026/09/26 20:14:43.190, 19147
2026/09/26 20:14:43.690, 19147
2026/09/26 20:14:44.190, 19147
2026/09/26 20:14:44.690, 19147
2026/09/26 20:14:45.191, 19147
2026/09/26 20:14:45.691, 19147
2026/09/26 20:14:46.191, 19147
2026/09/26 20:14:46.691, 19147
2026/09/26 20:14:47.191, 19147
2026/09/26 20:14:47.691, 19147
2026/09/26 20:14:48.192, 19147
2026/09/26 20:14:48.692, 19147
2026/09/26 20:14:49.192, 19147
2026/09/26 20:14:49.692, 19147
2026/09/26 20:14:50.192, 19147
2026/09/26 20:14:50.692, 19147
2026/09/26 20:14:51.193, 19147
2026/09/26 20:14:51.693, 19147
2026/09/26 20:14:52.193, 19147
2026/09/26 20:14:52.693, 19147
2026/09/26 20:14:53.193, 19147
2026/09/26 20:14:53.693, 19147
2026/09/26 20:14:54.194, 19147
2026/09/26 20:14:54.694, 19147
2026/09/26 20:14:55.194, 19147
2026/09/26 20:14:55.694, 19147
2026/09/26 20:14:56.194, 19147
2026/09/26 20:14:56.694, 19147
2026/09/26 20:14:57.195, 19147
2026/09/26 20:14:57.695, 19147
2026/09/26 20:14:58.195, 19147
2026/09/26 20:14:58.695, 19147
2026/09/26 20:14:59.195, 19147
2026/09/26 20:14:59.695, 19147
2026/09/26 20:15:00.196, 19147
2026/09/26 20:15:00.696, 19147
2026/09/26 20:15:01.196, 19147
2026/09/26 20:15:01.696, 19147
2026/09/26 20:15:02.196, 19147
2026/09/26 20:15:02.697, 19147
2026/09/26 20:15:03.197, 19147
2026/09/26 20:15:03.697, 19147
2026/09/26 20:15:04.197, 19147
2026/09/26 20:15:04.697, 19147
2026/09/26 20:15:05.197, 19147
2026/09/26 20:15:05.698, 19147
2026/09/26 20:15:06.198, 19147
2026/09/26 20:15:06.698, 19147
2026/09/26 20:15:07.198, 19147
2026/09/26 20:15:07.698, 19147
2026/09/26 20:15:08.198, 19147
2026/09/26 20:15:08.699, 19147
2026/09/26 20:15:09.199, 19147
2026/09/26 20:15:09.699, 19147
2026/09/26 20:15:10.199, 19147
2026/09/26 20:15:10.699, 19147
2026/09/26 20:15:11.199, 19147
2026/09/26 20:15:11.700, 19147
2026/09/26 20:15:12.200, 19147
2026/09/26 20:15:12.700, 19147
2026/09/26 20:15:13.200, 19147
2026/09/26 20:15:13.700, 19147
2026/09/26 20:15:14.200, 19147
2026/09/26 20:15:14.700, 19147
2026/09/26 20:15:15.201, 19147
2026/09/26 20:15:15.701, 19147
2026/09/26 20:15:16.201, 19147
2026/09/26 20:15:16.701, 19147
2026/09/26 20:15:17.201, 19147
2026/09/26 20:15:17.701, 19147
2026/09/26 20:15:18.202, 19147
2026/09/26 20:15:18.702, 19147
2026/09/26 20:15:19.202, 19147
2026/09/26 20:15:19.702, 19147
2026/09/26 20:15:20.202, 19147
2026/09/26 20:15:20.702, 19147
2026/09/26 20:15:21.203, 19147
2026/09/26 20:15:21.703, 19147
2026/09/26 20:15:22.203, 19147
2026/09/26 20:15:22.703, 19147
2026/09/26 20:15:23.203, 19147
2026/09/26 20:15:23.703, 19147
2026/09/26 20:15:24.204, 19147
2026/09/26 20:15:24.704, 19147
2026/09/26 20:15:25.204, 19147
2026/09/26 20:15:25.704, 19147
2026/09/26 20:15:26.204, 19147
2026/09/26 20:15:26.704, 19147
2026/09/26 20:15:27.205, 19147
2026/09/26 20:15:27.705, 19147
2026/09/26 20:15:28.205, 19147
2026/09/26 20:15:28.705, 19147
2026/09/26 20:15:29.205, 19147
2026/09/26 20:15:29.705, 19147
2026/09/26 20:15:30.205, 19147
2026/09/26 20:15:30.706, 19147
2026/09/26 20:15:31.206, 19147
2026/09/26 20:15:31.706, 19147
2026/09/26 20:15:32.206, 19147
2026/09/26 20:15:32.706, 19147
2026/09/26 20:15:33.206, 19147
2026/09/26 20:15:33.707, 19147
2026/09/26 20:15:34.207, 19147
2026/09/26 20:15:34.707, 19147
2026/09/26 20:15:35.207, 19147
2026/09/26 20:15:35.707, 19147
2026/09/26 20:15:36.207, 19147
2026/09/26 20:15:36.708, 19147
2026/09/26 20:15:37.208, 19147
2026/09/26 20:15:37.708, 19147
2026/09/26 20:15:38.208, 19147
2026/09/26 20:15:38.708, 19147
2026/09/26 20:15:39.208, 19147
2026/09/26 20:15:39.708, 19147
2026/09/26 20:15:40.209, 19147
2026/09/26 20:15:40.709, 19147
2026/09/26 20:15:41.209, 19147
2026/09/26 20:15:41.709, 19147
2026/09/26 20:15:42.209, 19147
2026/09/26 20:15:42.709, 19147
2026/09/26 20:15:43.210, 19147
2026/09/26 20:15:43.710, 19147
2026/09/26 20:15:44.210, 19147
2026/09/26 20:15:44.710, 19147
2026/09/26 20:15:45.210, 19147
2026/09/26 20:15:45.711, 19147
2026/09/26 20:15:46.211, 19147
2026/09/26 20:15:46.711, 19147
2026/09/26 20:15:47.211, 19147
2026/09/26 20:15:47.711, 19147
2026/09/26 20:15:48.211, 19147
2026/09/26 20:15:48.712, 19147
2026/09/26 20:15:49.212, 19147
2026/09/26 20:15:49.712, 19147
2026/09/26 20:15:50.212, 19147
2026/09/26 20:15:50.712, 19147
2026/09/26 20:15:51.212, 19147
2026/09/26 20:15:51.713, 19147
2026/09/26 20:15:52.213, 19147
2026/09/26 20:15:52.713, 19147
2026/09/26 20:15:53.213, 19147
2026/09/26 20:15:53.713, 19147
2026/09/26 20:15:54.214, 19147
2026/09/26 20:15:54.714, 19147
2026/09/26 20:15:55.214, 19147
2026/09/26 20:15:55.714, 19147
2026/09/26 20:15:56.214, 19147
2026/09/26 20:15:56.714, 19147
2026/09/26 20:15:57.215, 19147
2026/09/26 20:15:57.715, 19147
2026/09/26 20:15:58.215, 19147
2026/09/26 20:15:58.715, 19147
2026/09/26 20:15:59.215, 19147
2026/09/26 20:15:59.716, 19147
2026/09/26 20:16:00.216, 19147
2026/09/26 20:16:00.716, 19147
2026/09/26 20:16:01.216, 19147
2026/09/26 20:16:01.716, 19147
2026/09/26 20:16:02.217, 19147
2026/09/26 20:16:02.717, 19147
2026/09/26 20:16:03.217, 19147
2026/09/26 20:16:03.717, 19147
2026/09/26 20:16:04.217, 19147
2026/09/26 20:16:04.717, 19147
2026/09/26 20:16:05.218, 19147
2026/09/26 20:16:05.718, 19147
2026/09/26 20:16:06.218, 19147
2026/09/26 20:16:06.718, 19147
2026/09/26 20:16:07.218, 19147
2026/09/26 20:16:07.718, 19147
2026/09/26 20:16:08.219, 19147
2026/09/26 20:16:08.719, 19147
2026/09/26 20:16:09.219, 19147
2026/09/26 20:16:09.719, 19147
2026/09/26 20:16:10.219, 19147
2026/09/26 20:16:10.719, 19147
2026/09/26 20:16:11.220, 19147
2026/09/26 20:16:11.720, 19147
2026/09/26 20:16:12.220, 19147
2026/09/26 20:16:12.720, 19147
2026/09/26 20:16:13.220, 19147
2026/09/26 20:16:13.720, 19147
2026/09/26 20:16:14.220, 19147
2026/09/26 20:16:14.721, 19147
2026/09/26 20:16:15.221, 19147
2026/09/26 20:16:15.721, 19147
2026/09/26 20:16:16.221, 19147
2026/09/26 20:16:16.721, 19147
2026/09/26 20:16:17.222, 19147
2026/09/26 20:16:17.722, 19147
2026/09/26 20:16:18.222, 19147
2026/09/26 20:16:18.722, 19147
2026/09/26 20:16:19.222, 19147
2026/09/26 20:16:19.722, 19147
2026/09/26 20:16:20.222, 19147
2026/09/26 20:16:20.723, 19147
2026/09/26 20:16:21.223, 19147
2026/09/26 20:16:21.723, 19147
2026/09/26 20:16:22.223, 19147
2026/09/26 20:16:22.723, 19147
2026/09/26 20:16:23.223, 19147
2026/09/26 20:16:23.724, 19147
2026/09/26 20:16:24.224, 19147
2026/09/26 20:16:24.724, 19147
2026/09/26 20:16:25.224, 19147
2026/09/26 20:16:25.724, 19147
2026/09/26 20:16:26.224, 19147
2026/09/26 20:16:26.725, 19147
2026/09/26 20:16:27.225, 19147
2026/09/26 20:16:27.725, 19147
2026/09/26 20:16:28.225, 19147
2026/09/26 20:16:28.725, 19147
2026/09/26 20:16:29.225, 19147
2026/09/26 20:16:29.725, 19147
2026/09/26 20:16:30.226, 19147
2026/09/26 20:16:30.726, 19147
2026/09/26 20:16:31.226, 19147
2026/09/26 20:16:31.726, 19147
2026/09/26 20:16:32.226, 19147
2026/09/26 20:16:32.727, 19147
2026/09/26 20:16:33.227, 19147
2026/09/26 20:16:33.727, 19147
2026/09/26 20:16:34.227, 19147
2026/09/26 20:16:34.727, 19147
2026/09/26 20:16:35.227, 19147
2026/09/26 20:16:35.728, 19147
2026/09/26 20:16:36.228, 19147
2026/09/26 20:16:36.728, 19147
2026/09/26 20:16:37.228, 19147
2026/09/26 20:16:37.728, 19147
2026/09/26 20:16:38.228, 19147
2026/09/26 20:16:38.729, 19147
2026/09/26 20:16:39.229, 19147
2026/09/26 20:16:39.729, 19147
2026/09/26 20:16:40.229, 19147
2026/09/26 20:16:40.729, 19147
2026/09/26 20:16:41.229, 19147
2026/09/26 20:16:41.729, 19147
2026/09/26 20:16:42.230, 19147
2026/09/26 20:16:42.730, 19147
2026/09/26 20:16:43.230, 19147
2026/09/26 20:16:43.730, 19147
2026/09/26 20:16:44.230, 19147
2026/09/26 20:16:44.730, 19147
2026/09/26 20:16:45.231, 19147
2026/09/26 20:16:45.731, 19147
2026/09/26 20:16:46.231, 19147
2026/09/26 20:16:46.731, 19147
2026/09/26 20:16:47.231, 19147
2026/09/26 20:16:47.731, 19147
2026/09/26 20:16:48.231, 19147
2026/09/26 20:16:48.732, 19147
2026/09/26 20:16:49.232, 19147
2026/09/26 20:16:49.732, 19147
2026/09/26 20:16:50.232, 19147
2026/09/26 20:16:50.732, 19147
2026/09/26 20:16:51.232, 19147
2026/09/26 20:16:51.733, 19147
2026/09/26 20:16:52.233, 19147
2026/09/26 20:16:52.733, 19147
2026/09/26 20:16:53.233, 19147
2026/09/26 20:16:53.733, 19147
2026/09/26 20:16:54.233, 19147
2026/09/26 20:16:54.733, 19147
2026/09/26 20:16:55.234, 19147
2026/09/26 20:16:55.734, 19147
2026/09/26 20:16:56.234, 19147
2026/09/26 20:16:56.734, 19147
2026/09/26 20:16:57.234, 19147
2026/09/26 20:16:57.734, 19147
2026/09/26 20:16:58.234, 19147
2026/09/26 20:16:58.735, 19147
2026/09/26 20:16:59.235, 19147
2026/09/26 20:16:59.735, 19147
2026/09/26 20:17:00.235, 19147
2026/09/26 20:17:00.735, 19147
2026/09/26 20:17:01.235, 19147
2026/09/26 20:17:01.735, 19147
2026/09/26 20:17:02.236, 19147
2026/09/26 20:17:02.736, 19147
2026/09/26 20:17:03.236, 19147
2026/09/26 20:17:03.736, 19147
2026/09/26 20:17:04.236, 19147
2026/09/26 20:17:04.737, 19147
2026/09/26 20:17:05.237, 19147
2026/09/26 20:17:05.737, 19147
2026/09/26 20:17:06.237, 19147
2026/09/26 20:17:06.737, 19147
2026/09/26 20:17:07.237, 19147
2026/09/26 20:17:07.737, 19147
2026/09/26 20:17:08.238, 19147
2026/09/26 20:17:08.738, 19147
2026/09/26 20:17:09.238, 19147
2026/09/26 20:17:09.738, 19147
2026/09/26 20:17:10.238, 19147
2026/09/26 20:17:10.738, 19147
2026/09/26 20:17:11.238, 19147
2026/09/26 20:17:11.739, 19147
2026/09/26 20:17:12.239, 19147
2026/09/26 20:17:12.739, 19147
2026/09/26 20:17:13.239, 19147
2026/09/26 20:17:13.739, 19147
2026/09/26 20:17:14.239, 19147
2026/09/26 20:17:14.740, 19147
2026/09/26 20:17:15.240, 19147
2026/09/26 20:17:15.740, 19147
2026/09/26 20:17:16.240, 19147
2026/09/26 20:17:16.740, 19147
2026/09/26 20:17:17.241, 19147
2026/09/26 20:17:17.741, 19147
2026/09/26 20:17:18.241, 19147
2026/09/26 20:17:18.741, 19147
2026/09/26 20:17:19.241, 19147
2026/09/26 20:17:19.741, 19147
2026/09/26 20:17:20.241, 19147
2026/09/26 20:17:20.742, 19147
2026/09/26 20:17:21.242, 19147
2026/09/26 20:17:21.742, 19147
2026/09/26 20:17:22.242, 19147
2026/09/26 20:17:22.742, 19147
2026/09/26 20:17:23.242, 19147
2026/09/26 20:17:23.743, 19147
2026/09/26 20:17:24.243, 19147
2026/09/26 20:17:24.743, 19147
2026/09/26 20:17:25.243, 19147
2026/09/26 20:17:25.743, 19147
2026/09/26 20:17:26.243, 19147
2026/09/26 20:17:26.744, 19147
2026/09/26 20:17:27.244, 19147
2026/09/26 20:17:27.744, 19147
2026/09/26 20:17:28.244, 19147
2026/09/26 20:17:28.744, 19147
2026/09/26 20:17:29.244, 19147
2026/09/26 20:17:29.745, 19147
2026/09/26 20:17:30.245, 19147
2026/09/26 20:17:30.745, 19147
2026/09/26 20:17:31.245, 19147
2026/09/26 20:17:31.745, 19147
2026/09/26 20:17:32.245, 19147
2026/09/26 20:17:32.746, 19147
2026/09/26 20:17:33.246, 19147
2026/09/26 20:17:33.746, 19147
2026/09/26 20:17:34.246, 19147
2026/09/26 20:17:34.746, 19147
2026/09/26 20:17:35.246, 19147
2026/09/26 20:17:35.747, 19147
2026/09/26 20:17:36.247, 19147
2026/09/26 20:17:36.747, 19147
2026/09/26 20:17:37.247, 19147
2026/09/26 20:17:37.747, 19147
2026/09/26 20:17:38.248, 19147
2026/09/26 20:17:38.748, 19147
2026/09/26 20:17:39.248, 19147
2026/09/26 20:17:39.748, 19147
2026/09/26 20:17:40.248, 19147
2026/09/26 20:17:40.749, 19147
2026/09/26 20:17:41.249, 19147
2026/09/26 20:17:41.749, 19147
2026/09/26 20:17:42.249, 19147
2026/09/26 20:17:42.749, 19147
2026/09/26 20:17:43.249, 19147
2026/09/26 20:17:43.750, 19147
2026/09/26 20:17:44.250, 19147
2026/09/26 20:17:44.750, 19147
2026/09/26 20:17:45.250, 19147
2026/09/26 20:17:45.750, 19147
2026/09/26 20:17:46.250, 19147
2026/09/26 20:17:46.751, 19147
2026/09/26 20:17:47.251, 19147
2026/09/26 20:17:47.751, 19147
2026/09/26 20:17:48.251, 19147
2026/09/26 20:17:48.751, 19147
2026/09/26 20:17:49.251, 19147
2026/09/26 20:17:49.752, 19147
2026/09/26 20:17:50.252, 19147
2026/09/26 20:17:50.752, 19147
2026/09/26 20:17:51.252, 19147
2026/09/26 20:17:51.752, 19147
2026/09/26 20:17:52.252, 19147
2026/09/26 20:17:52.753, 19147
2026/09/26 20:17:53.253, 19147
2026/09/26 20:17:53.753, 19147
2026/09/26 20:17:54.253, 19147
2026/09/26 20:17:54.753, 19147
2026/09/26 20:17:55.253, 19147
2026/09/26 20:17:55.754, 19147
2026/09/26 20:17:56.254, 19147
2026/09/26 20:17:56.754, 19147
2026/09/26 20:17:57.254, 19147
2026/09/26 20:17:57.754, 19147
2026/09/26 20:17:58.254, 19147
2026/09/26 20:17:58.755, 19147
2026/09/26 20:17:59.255, 19147
2026/09/26 20:17:59.755, 19147
2026/09/26 20:18:00.255, 19147
2026/09/26 20:18:00.755, 19147
2026/09/26 20:18:01.255, 19147
2026/09/26 20:18:01.756, 19147
2026/09/26 20:18:02.256, 19147
2026/09/26 20:18:02.756, 19147
2026/09/26 20:18:03.256, 19147
2026/09/26 20:18:03.756, 19147
2026/09/26 20:18:04.256, 19147
2026/09/26 20:18:04.757, 19147
2026/09/26 20:18:05.257, 19147
2026/09/26 20:18:05.757, 19147
2026/09/26 20:18:06.257, 19147
2026/09/26 20:18:06.757, 19147
2026/09/26 20:18:07.257, 19147
2026/09/26 20:18:07.757, 19147
2026/09/26 20:18:08.258, 19147
2026/09/26 20:18:08.758, 19147
2026/09/26 20:18:09.258, 19147
2026/09/26 20:18:09.758, 19147
2026/09/26 20:18:10.258, 19147
2026/09/26 20:18:10.758, 19147
2026/09/26 20:18:11.259, 19147
2026/09/26 20:18:11.759, 19147
2026/09/26 20:18:12.259, 19147
2026/09/26 20:18:12.759, 19147
2026/09/26 20:18:13.259, 19147
2026/09/26 20:18:13.759, 19147
2026/09/26 20:18:14.260, 19147
2026/09/26 20:18:14.760, 19147
2026/09/26 20:18:15.260, 19147
2026/09/26 20:18:15.760, 19147
2026/09/26 20:18:16.261, 19147
2026/09/26 20:18:16.761, 19147
2026/09/26 20:18:17.261, 19147
2026/09/26 20:18:17.761, 19147
2026/09/26 20:18:18.261, 19147
2026/09/26 20:18:18.761, 19147
2026/09/26 20:18:19.262, 19147
2026/09/26 20:18:19.762, 19147
2026/09/26 20:18:20.262, 19147
2026/09/26 20:18:20.762, 19147
2026/09/26 20:18:21.262, 19147
2026/09/26 20:18:21.762, 19147
2026/09/26 20:18:22.263, 19147
2026/09/26 20:18:22.763, 19147
2026/09/26 20:18:23.263, 19147
2026/09/26 20:18:23.763, 19147
2026/09/26 20:18:24.264, 19147
2026/09/26 20:18:24.764, 19147
2026/09/26 20:18:25.264, 19147
2026/09/26 20:18:25.764, 19147
2026/09/26 20:18:26.264, 19147
2026/09/26 20:18:26.764, 19147
2026/09/26 20:18:27.264, 19147
2026/09/26 20:18:27.766, 19147
2026/09/26 20:18:28.266, 19147
2026/09/26 20:18:28.766, 19147
2026/09/26 20:18:29.266, 19147
2026/09/26 20:18:29.766, 19147
2026/09/26 20:18:30.266, 19147
2026/09/26 20:18:30.767, 19147
2026/09/26 20:18:31.267, 19147
2026/09/26 20:18:31.767, 19147
2026/09/26 20:18:32.267, 19147
2026/09/26 20:18:32.767, 19147
2026/09/26 20:18:33.267, 19147
2026/09/26 20:18:33.768, 19147
2026/09/26 20:18:34.268, 19147
2026/09/26 20:18:34.768, 19147
2026/09/26 20:18:35.268, 19147
2026/09/26 20:18:35.768, 19147
2026/09/26 20:18:36.268, 19147
2026/09/26 20:18:36.768, 19147
2026/09/26 20:18:37.269, 19147
2026/09/26 20:18:37.769, 19147
2026/09/26 20:18:38.269, 19147
2026/09/26 20:18:38.769, 19147
2026/09/26 20:18:39.269, 19147
2026/09/26 20:18:39.769, 19147
2026/09/26 20:18:40.270, 19147
2026/09/26 20:18:40.770, 19147
2026/09/26 20:18:41.270, 19147
2026/09/26 20:18:41.770, 19147
2026/09/26 20:18:42.270, 19147
2026/09/26 20:18:42.770, 19147
2026/09/26 20:18:43.271, 19147
2026/09/26 20:18:43.771, 19147
2026/09/26 20:18:44.271, 19147
2026/09/26 20:18:44.771, 19147
2026/09/26 20:18:45.271, 19147
2026/09/26 20:18:45.771, 19147
2026/09/26 20:18:46.272, 19147
2026/09/26 20:18:46.772, 19147
2026/09/26 20:18:47.272, 19147
2026/09/26 20:18:47.772, 19147
2026/09/26 20:18:48.272, 19147
2026/09/26 20:18:48.772, 19147
2026/09/26 20:18:49.272, 19147
2026/09/26 20:18:49.773, 19147
2026/09/26 20:18:50.273, 19147
2026/09/26 20:18:50.773, 19147
2026/09/26 20:18:51.273, 19147
2026/09/26 20:18:51.773, 19147
2026/09/26 20:18:52.273, 19147
2026/09/26 20:18:52.774, 19147
2026/09/26 20:18:53.274, 19147
2026/09/26 20:18:53.774, 19147
2026/09/26 20:18:54.274, 19147
2026/09/26 20:18:54.774, 19147
2026/09/26 20:18:55.274, 19147
2026/09/26 20:18:55.775, 19147
2026/09/26 20:18:56.275, 19147
2026/09/26 20:18:56.775, 19147
2026/09/26 20:18:57.275, 19147
2026/09/26 20:18:57.775, 19147
2026/09/26 20:18:58.275, 19147
2026/09/26 20:18:58.776, 19147
2026/09/26 20:18:59.276, 19147
2026/09/26 20:18:59.776, 19147
2026/09/26 20:19:00.276, 19147
2026/09/26 20:19:00.776, 19147
2026/09/26 20:19:01.276, 19147
2026/09/26 20:19:01.777, 19147
2026/09/26 20:19:02.277, 19147
2026/09/26 20:19:02.777, 19147
2026/09/26 20:19:03.277, 19147
2026/09/26 20:19:03.777, 19147
2026/09/26 20:19:04.277, 19147
2026/09/26 20:19:04.778, 19147
2026/09/26 20:19:05.278, 19147
2026/09/26 20:19:05.778, 19147
2026/09/26 20:19:06.278, 19147
2026/09/26 20:19:06.778, 19147
2026/09/26 20:19:07.278, 19147
2026/09/26 20:19:07.778, 19147
2026/09/26 20:19:08.279, 19147
2026/09/26 20:19:08.779, 19147
2026/09/26 20:19:09.279, 19147
2026/09/26 20:19:09.779, 19147
2026/09/26 20:19:10.279, 19147
2026/09/26 20:19:10.779, 19147
2026/09/26 20:19:11.280, 19147
2026/09/26 20:19:11.780, 19147
2026/09/26 20:19:12.280, 19147
2026/09/26 20:19:12.780, 19147
2026/09/26 20:19:13.280, 19147
2026/09/26 20:19:13.780, 19147
2026/09/26 20:19:14.281, 19147
2026/09/26 20:19:14.781, 19147
2026/09/26 20:19:15.281, 19147
2026/09/26 20:19:15.781, 19147
2026/09/26 20:19:16.281, 19147
2026/09/26 20:19:16.781, 19147
2026/09/26 20:19:17.282, 19147
2026/09/26 20:19:17.782, 19147
2026/09/26 20:19:18.282, 19147
2026/09/26 20:19:18.782, 19147
2026/09/26 20:19:19.282, 19147
2026/09/26 20:19:19.782, 19147
2026/09/26 20:19:20.283, 19147
2026/09/26 20:19:20.783, 19147
2026/09/26 20:19:21.283, 19147
2026/09/26 20:19:21.783, 19147
2026/09/26 20:19:22.283, 19147
2026/09/26 20:19:22.783, 19147
2026/09/26 20:19:23.283, 19147
2026/09/26 20:19:23.784, 19147
2026/09/26 20:19:24.284, 19147
2026/09/26 20:19:24.784, 19147
2026/09/26 20:19:25.284, 19147
2026/09/26 20:19:25.784, 19147
2026/09/26 20:19:26.284, 19147
2026/09/26 20:19:26.785, 19147
2026/09/26 20:19:27.285, 19147
2026/09/26 20:19:27.785, 19147
2026/09/26 20:19:28.285, 19147
2026/09/26 20:19:28.785, 19147
2026/09/26 20:19:29.285, 19147
2026/09/26 20:19:29.786, 19147
2026/09/26 20:19:30.286, 19147
2026/09/26 20:19:30.786, 19147
2026/09/26 20:19:31.286, 19147
2026/09/26 20:19:31.786, 19147
2026/09/26 20:19:32.286, 19147
2026/09/26 20:19:32.787, 19147
2026/09/26 20:19:33.287, 19147
2026/09/26 20:19:33.787, 19147
2026/09/26 20:19:34.287, 19147
2026/09/26 20:19:34.795, 19147
2026/09/26 20:19:35.295, 19147
2026/09/26 20:19:35.795, 19147
2026/09/26 20:19:36.295, 19147
2026/09/26 20:19:36.796, 19147
2026/09/26 20:19:37.296, 19147
2026/09/26 20:19:37.796, 19147
2026/09/26 20:19:38.296, 19147
2026/09/26 20:19:38.796, 19147
2026/09/26 20:19:39.296, 19147
2026/09/26 20:19:39.797, 19147
2026/09/26 20:19:40.297, 19147
2026/09/26 20:19:40.797, 19147
2026/09/26 20:19:41.297, 19147
2026/09/26 20:19:41.797, 19147
2026/09/26 20:19:42.297, 19147
2026/09/26 20:19:42.798, 19147
2026/09/26 20:19:43.298, 19147
2026/09/26 20:19:43.798, 19147
2026/09/26 20:19:44.298, 19147
2026/09/26 20:19:44.798, 19147
2026/09/26 20:19:45.298, 19147
2026/09/26 20:19:45.799, 19147
2026/09/26 20:19:46.299, 19147
2026/09/26 20:19:46.799, 19147
2026/09/26 20:19:47.299, 19147
2026/09/26 20:19:47.799, 19147
2026/09/26 20:19:48.299, 19147
2026/09/26 20:19:48.800, 19147
2026/09/26 20:19:49.300, 19147
2026/09/26 20:19:49.800, 19147
2026/09/26 20:19:50.300, 19147
2026/09/26 20:19:50.800, 19147
2026/09/26 20:19:51.301, 19147
2026/09/26 20:19:51.801, 19147
2026/09/26 20:19:52.301, 19147
2026/09/26 20:19:52.801, 19147
2026/09/26 20:19:53.301, 19147
2026/09/26 20:19:53.801, 19147
2026/09/26 20:19:54.302, 19147
2026/09/26 20:19:54.802, 19147
2026/09/26 20:19:55.302, 19147
2026/09/26 20:19:55.802, 19147
2026/09/26 20:19:56.302, 19147
2026/09/26 20:19:56.802, 19147
2026/09/26 20:19:57.303, 19147
2026/09/26 20:19:57.803, 19147
2026/09/26 20:19:58.303, 19147
2026/09/26 20:19:58.803, 19147
2026/09/26 20:19:59.303, 19147
2026/09/26 20:19:59.803, 19147
2026/09/26 20:20:00.304, 19147
2026/09/26 20:20:00.804, 19147
2026/09/26 20:20:01.304, 19147
2026/09/26 20:20:01.804, 19147
2026/09/26 20:20:02.304, 19147
2026/09/26 20:20:02.804, 19147
2026/09/26 20:20:03.304, 19147
2026/09/26 20:20:03.805, 19147
2026/09/26 20:20:04.305, 19147
2026/09/26 20:20:04.805, 19147
2026/09/26 20:20:05.305, 19147
2026/09/26 20:20:05.805, 19147
2026/09/26 20:20:06.305, 19147
2026/09/26 20:20:06.806, 19147
2026/09/26 20:20:07.306, 19147
2026/09/26 20:20:07.806, 19147
2026/09/26 20:20:08.306, 19147
2026/09/26 20:20:08.806, 19147
2026/09/26 20:20:09.306, 19147
2026/09/26 20:20:09.807, 19147
2026/09/26 20:20:10.307, 19147
2026/09/26 20:20:10.807, 19147
2026/09/26 20:20:11.307, 19147
2026/09/26 20:20:11.807, 19147
2026/09/26 20:20:12.307, 19147
2026/09/26 20:20:12.807, 19147
2026/09/26 20:20:13.308, 19147
2026/09/26 20:20:13.808, 19147
2026/09/26 20:20:14.308, 19147
2026/09/26 20:20:14.808, 19147
2026/09/26 20:20:15.308, 19147
2026/09/26 20:20:15.808, 19147
2026/09/26 20:20:16.308, 19147
2026/09/26 20:20:16.809, 19147
2026/09/26 20:20:17.309, 19147
2026/09/26 20:20:17.809, 19147
2026/09/26 20:20:18.309, 19147
2026/09/26 20:20:18.809, 19147
2026/09/26 20:20:19.309, 19147
2026/09/26 20:20:19.810, 19147
2026/09/26 20:20:20.310, 19147
2026/09/26 20:20:20.810, 19147
2026/09/26 20:20:21.310, 19147
2026/09/26 20:20:21.810, 19147
2026/09/26 20:20:22.310, 19147
2026/09/26 20:20:22.810, 19147
2026/09/26 20:20:23.311, 19147
2026/09/26 20:20:23.811, 19147
2026/09/26 20:20:24.311, 19147
2026/09/26 20:20:24.811, 19147
2026/09/26 20:20:25.311, 19147
2026/09/26 20:20:25.811, 19147
2026/09/26 20:20:26.312, 19147
2026/09/26 20:20:26.812, 19147
2026/09/26 20:20:27.312, 19147
2026/09/26 20:20:27.812, 19147
2026/09/26 20:20:28.312, 19147
2026/09/26 20:20:28.812, 19147
2026/09/26 20:20:29.313, 19147
2026/09/26 20:20:29.813, 19147
2026/09/26 20:20:30.313, 19147
2026/09/26 20:20:30.813, 19147
2026/09/26 20:20:31.313, 19147
2026/09/26 20:20:31.813, 19147
2026/09/26 20:20:32.314, 19147
2026/09/26 20:20:32.814, 19147
2026/09/26 20:20:33.314, 19147
2026/09/26 20:20:33.814, 19147
2026/09/26 20:20:34.314, 19147
2026/09/26 20:20:34.814, 19147
2026/09/26 20:20:35.315, 19147
2026/09/26 20:20:35.815, 19147
2026/09/26 20:20:36.315, 19147
2026/09/26 20:20:36.815, 19147
2026/09/26 20:20:37.315, 19147
2026/09/26 20:20:37.815, 19147
2026/09/26 20:20:38.316, 19147
2026/09/26 20:20:38.816, 19147
2026/09/26 20:20:39.316, 19147
2026/09/26 20:20:39.816, 19147
2026/09/26 20:20:40.316, 19147
2026/09/26 20:20:40.816, 19147
2026/09/26 20:20:41.317, 19147
2026/09/26 20:20:41.817, 19147
2026/09/26 20:20:42.317, 19147
2026/09/26 20:20:42.817, 19147
2026/09/26 20:20:43.317, 19147
2026/09/26 20:20:43.817, 19147
2026/09/26 20:20:44.318, 19147
2026/09/26 20:20:44.818, 19147
2026/09/26 20:20:45.318, 19147
2026/09/26 20:20:45.818, 19147
2026/09/26 20:20:46.318, 19147
2026/09/26 20:20:46.818, 19147
2026/09/26 20:20:47.318, 19147
2026/09/26 20:20:47.819, 19147
2026/09/26 20:20:48.319, 19147
2026/09/26 20:20:48.819, 19147
2026/09/26 20:20:49.319, 19147
2026/09/26 20:20:49.819, 19147
2026/09/26 20:20:50.319, 19147
2026/09/26 20:20:50.820, 19147
2026/09/26 20:20:51.320, 19147
2026/09/26 20:20:51.820, 19147
2026/09/26 20:20:52.320, 19147
2026/09/26 20:20:52.820, 19147
2026/09/26 20:20:53.320, 19147
2026/09/26 20:20:53.821, 19147
2026/09/26 20:20:54.321, 19147
2026/09/26 20:20:54.821, 19147
2026/09/26 20:20:55.321, 19147
2026/09/26 20:20:55.821, 19147
2026/09/26 20:20:56.321, 19147
2026/09/26 20:20:56.822, 19147
2026/09/26 20:20:57.322, 19147
2026/09/26 20:20:57.822, 19147
2026/09/26 20:20:58.322, 19147
2026/09/26 20:20:58.822, 19147
2026/09/26 20:20:59.322, 19147
2026/09/26 20:20:59.823, 19147
2026/09/26 20:21:00.323, 19147
2026/09/26 20:21:00.823, 19147
2026/09/26 20:21:01.323, 19147
2026/09/26 20:21:01.823, 19147
2026/09/26 20:21:02.324, 19147
2026/09/26 20:21:02.824, 19147
2026/09/26 20:21:03.324, 19147
2026/09/26 20:21:03.824, 19147
2026/09/26 20:21:04.325, 19147
2026/09/26 20:21:04.825, 19147
2026/09/26 20:21:05.325, 19147
2026/09/26 20:21:05.825, 19147
2026/09/26 20:21:06.325, 19147
2026/09/26 20:21:06.825, 19147
2026/09/26 20:21:07.326, 19147
2026/09/26 20:21:07.826, 19147
2026/09/26 20:21:08.326, 19147
2026/09/26 20:21:08.826, 19147
2026/09/26 20:21:09.326, 19147
2026/09/26 20:21:09.826, 19147
2026/09/26 20:21:10.327, 19147
2026/09/26 20:21:10.827, 19147
2026/09/26 20:21:11.327, 19147
2026/09/26 20:21:11.827, 19147
2026/09/26 20:21:12.327, 19147
2026/09/26 20:21:12.827, 19147
2026/09/26 20:21:13.328, 19147
2026/09/26 20:21:13.828, 19147
2026/09/26 20:21:14.328, 19147
2026/09/26 20:21:14.828, 19147
2026/09/26 20:21:15.328, 19147
2026/09/26 20:21:15.828, 19147
2026/09/26 20:21:16.329, 19147
2026/09/26 20:21:16.829, 19147
2026/09/26 20:21:17.329, 19147
2026/09/26 20:21:17.829, 19147
2026/09/26 20:21:18.329, 19147
2026/09/26 20:21:18.829, 19147
2026/09/26 20:21:19.330, 19147
2026/09/26 20:21:19.830, 19147
2026/09/26 20:21:20.330, 19147
2026/09/26 20:21:20.830, 19147
2026/09/26 20:21:21.330, 19147
2026/09/26 20:21:21.830, 19147
2026/09/26 20:21:22.331, 19147
2026/09/26 20:21:22.831, 19147
2026/09/26 20:21:23.331, 19147
2026/09/26 20:21:23.831, 19147
2026/09/26 20:21:24.331, 19147
2026/09/26 20:21:24.831, 19147
2026/09/26 20:21:25.337, 19147
2026/09/26 20:21:25.837, 19147
2026/09/26 20:21:26.338, 19147
2026/09/26 20:21:26.838, 19147
2026/09/26 20:21:27.338, 19147
2026/09/26 20:21:27.838, 19147
2026/09/26 20:21:28.338, 19147
2026/09/26 20:21:28.838, 19147
2026/09/26 20:21:29.338, 19147
2026/09/26 20:21:29.839, 19147
2026/09/26 20:21:30.339, 19147
2026/09/26 20:21:30.839, 19147
2026/09/26 20:21:31.339, 19147
2026/09/26 20:21:31.839, 19147
2026/09/26 20:21:32.340, 19147
2026/09/26 20:21:32.840, 19147
2026/09/26 20:21:33.340, 19147
2026/09/26 20:21:33.840, 19147
2026/09/26 20:21:34.340, 19147
2026/09/26 20:21:34.840, 19147
2026/09/26 20:21:35.341, 19147
2026/09/26 20:21:35.841, 19147
2026/09/26 20:21:36.341, 19147
2026/09/26 20:21:36.841, 19147
2026/09/26 20:21:37.341, 19147
2026/09/26 20:21:37.841, 19147
2026/09/26 20:21:38.341, 19147
2026/09/26 20:21:38.842, 19147
2026/09/26 20:21:39.342, 19147
2026/09/26 20:21:39.842, 19147
2026/09/26 20:21:40.342, 19147
2026/09/26 20:21:40.842, 19147
2026/09/26 20:21:41.342, 19147
2026/09/26 20:21:41.843, 19147
2026/09/26 20:21:42.343, 19147
2026/09/26 20:21:42.843, 19147
2026/09/26 20:21:43.343, 19147
2026/09/26 20:21:43.843, 19147
2026/09/26 20:21:44.343, 19147
2026/09/26 20:21:44.844, 19147
2026/09/26 20:21:45.344, 19147
2026/09/26 20:21:45.844, 19147
2026/09/26 20:21:46.344, 19147
2026/09/26 20:21:46.844, 19147
2026/09/26 20:21:47.344, 19147
2026/09/26 20:21:47.845, 19147
2026/09/26 20:21:48.345, 19147
2026/09/26 20:21:48.845, 19147
2026/09/26 20:21:49.345, 19147
2026/09/26 20:21:49.845, 19147
2026/09/26 20:21:50.345, 19147
2026/09/26 20:21:50.846, 19147
2026/09/26 20:21:51.346, 19147
2026/09/26 20:21:51.846, 19147
2026/09/26 20:21:52.346, 19147
2026/09/26 20:21:52.846, 19147
2026/09/26 20:21:53.346, 19147
2026/09/26 20:21:53.847, 19147
2026/09/26 20:21:54.347, 19147
2026/09/26 20:21:54.847, 19147
2026/09/26 20:21:55.347, 19147
2026/09/26 20:21:55.847, 19147
2026/09/26 20:21:56.347, 19147
2026/09/26 20:21:56.847, 19147
2026/09/26 20:21:57.348, 19147
2026/09/26 20:21:57.848, 19147
2026/09/26 20:21:58.348, 19147
2026/09/26 20:21:58.848, 19147
2026/09/26 20:21:59.348, 19147
2026/09/26 20:21:59.848, 19147
2026/09/26 20:22:00.348, 19147
2026/09/26 20:22:00.849, 19147
2026/09/26 20:22:01.349, 19147
2026/09/26 20:22:01.849, 19147
2026/09/26 20:22:02.349, 19147
2026/09/26 20:22:02.849, 19147
2026/09/26 20:22:03.349, 19147
2026/09/26 20:22:03.849, 19147
2026/09/26 20:22:04.349, 19147
2026/09/26 20:22:04.850, 19147
2026/09/26 20:22:05.350, 19147
2026/09/26 20:22:05.850, 19147
2026/09/26 20:22:06.350, 19147
2026/09/26 20:22:06.850, 19147
2026/09/26 20:22:07.350, 19147
2026/09/26 20:22:07.850, 19147
2026/09/26 20:22:08.351, 19147
2026/09/26 20:22:08.851, 19147
2026/09/26 20:22:09.351, 19147
2026/09/26 20:22:09.851, 19147
2026/09/26 20:22:10.351, 19147
2026/09/26 20:22:10.851, 19147
2026/09/26 20:22:11.352, 19147
2026/09/26 20:22:11.852, 19147
2026/09/26 20:22:12.352, 19147
2026/09/26 20:22:12.852, 19147
2026/09/26 20:22:13.352, 19147
2026/09/26 20:22:13.853, 19147
2026/09/26 20:22:14.353, 19147
2026/09/26 20:22:14.853, 19147
2026/09/26 20:22:15.353, 19147
2026/09/26 20:22:15.853, 19147
2026/09/26 20:22:16.353, 19147
2026/09/26 20:22:16.854, 19147
2026/09/26 20:22:17.354, 19147
2026/09/26 20:22:17.854, 19147
2026/09/26 20:22:18.354, 19147
2026/09/26 20:22:18.854, 19147
2026/09/26 20:22:19.355, 19147
2026/09/26 20:22:19.855, 19147
2026/09/26 20:22:20.355, 19147
2026/09/26 20:22:20.855, 19147
2026/09/26 20:22:21.355, 19147
2026/09/26 20:22:21.855, 19147
2026/09/26 20:22:22.356, 19147
2026/09/26 20:22:22.856, 19147
2026/09/26 20:22:23.356, 19147
2026/09/26 20:22:23.856, 19147
2026/09/26 20:22:24.356, 19147
2026/09/26 20:22:24.857, 19147
2026/09/26 20:22:25.357, 19147
2026/09/26 20:22:25.857, 19147
2026/09/26 20:22:26.357, 19147
2026/09/26 20:22:26.857, 19147
2026/09/26 20:22:27.358, 19147
2026/09/26 20:22:27.858, 19147
2026/09/26 20:22:28.358, 19147
2026/09/26 20:22:28.858, 19147
2026/09/26 20:22:29.358, 19147
2026/09/26 20:22:29.858, 19147
2026/09/26 20:22:30.359, 19147
2026/09/26 20:22:30.859, 19147
2026/09/26 20:22:31.359, 19147
2026/09/26 20:22:31.859, 19147
2026/09/26 20:22:32.359, 19147
2026/09/26 20:22:32.859, 19147
2026/09/26 20:22:33.360, 19147
2026/09/26 20:22:33.860, 19147
2026/09/26 20:22:34.360, 19147
2026/09/26 20:22:34.860, 19147
2026/09/26 20:22:35.360, 19147
2026/09/26 20:22:35.861, 19147
2026/09/26 20:22:36.361, 19147
2026/09/26 20:22:36.861, 19147
2026/09/26 20:22:37.361, 19147
2026/09/26 20:22:37.861, 19147
2026/09/26 20:22:38.361, 19147
2026/09/26 20:22:38.862, 19147
2026/09/26 20:22:39.362, 19147
2026/09/26 20:22:39.862, 19147
2026/09/26 20:22:40.362, 19147
2026/09/26 20:22:40.862, 19147
2026/09/26 20:22:41.362, 19147
2026/09/26 20:22:41.863, 19147
2026/09/26 20:22:42.363, 19147
2026/09/26 20:22:42.863, 19147
2026/09/26 20:22:43.363, 19147
2026/09/26 20:22:43.863, 19147
2026/09/26 20:22:44.363, 19147
2026/09/26 20:22:44.864, 19147
2026/09/26 20:22:45.364, 19147
2026/09/26 20:22:45.864, 19147
2026/09/26 20:22:46.364, 19147
2026/09/26 20:22:46.864, 19147
2026/09/26 20:22:47.364, 19147
2026/09/26 20:22:47.865, 19147
2026/09/26 20:22:48.365, 19147
2026/09/26 20:22:48.865, 19147
2026/09/26 20:22:49.365, 19147
2026/09/26 20:22:49.865, 19147
2026/09/26 20:22:50.365, 19147
2026/09/26 20:22:50.865, 19147
2026/09/26 20:22:51.366, 19147
2026/09/26 20:22:51.866, 19147
2026/09/26 20:22:52.366, 19147
2026/09/26 20:22:52.866, 19147
2026/09/26 20:22:53.366, 19147
2026/09/26 20:22:53.867, 19147
2026/09/26 20:22:54.367, 19147
2026/09/26 20:22:54.867, 19147
2026/09/26 20:22:55.367, 19147
2026/09/26 20:22:55.867, 19147
2026/09/26 20:22:56.367, 19147
2026/09/26 20:22:56.868, 19147
2026/09/26 20:22:57.368, 19147
2026/09/26 20:22:57.868, 19147
2026/09/26 20:22:58.368, 19147
2026/09/26 20:22:58.868, 19147
2026/09/26 20:22:59.368, 19147
2026/09/26 20:22:59.869, 19147
2026/09/26 20:23:00.369, 19147
2026/09/26 20:23:00.869, 19147
2026/09/26 20:23:01.369, 19147
2026/09/26 20:23:01.869, 19147
2026/09/26 20:23:02.369, 19147
2026/09/26 20:23:02.870, 19147
2026/09/26 20:23:03.370, 19147
2026/09/26 20:23:03.870, 19147
2026/09/26 20:23:04.370, 19147
2026/09/26 20:23:04.870, 19147
2026/09/26 20:23:05.371, 19147
2026/09/26 20:23:05.871, 19147
2026/09/26 20:23:06.371, 19147
2026/09/26 20:23:06.871, 19147
2026/09/26 20:23:07.371, 19147
2026/09/26 20:23:07.871, 19147
2026/09/26 20:23:08.371, 19147
2026/09/26 20:23:08.872, 19147
2026/09/26 20:23:09.372, 19147
2026/09/26 20:23:09.872, 19147
2026/09/26 20:23:10.372, 19147
2026/09/26 20:23:10.872, 19147
2026/09/26 20:23:11.373, 19147
2026/09/26 20:23:11.873, 19147
2026/09/26 20:23:12.373, 19147
2026/09/26 20:23:12.873, 19147
2026/09/26 20:23:13.373, 19147
2026/09/26 20:23:13.873, 19147
2026/09/26 20:23:14.374, 19147
2026/09/26 20:23:14.874, 19147
2026/09/26 20:23:15.374, 19147
2026/09/26 20:23:15.874, 19147
2026/09/26 20:23:16.374, 19147
2026/09/26 20:23:16.874, 19147
2026/09/26 20:23:17.374, 19147
2026/09/26 20:23:17.875, 19147
2026/09/26 20:23:18.375, 19147
2026/09/26 20:23:18.875, 19147
2026/09/26 20:23:19.375, 19147
2026/09/26 20:23:19.875, 19147
2026/09/26 20:23:20.375, 19147
2026/09/26 20:23:20.876, 19147
2026/09/26 20:23:21.376, 19147
2026/09/26 20:23:21.876, 19147
2026/09/26 20:23:22.376, 19147
2026/09/26 20:23:22.876, 19147
2026/09/26 20:23:23.376, 19147
2026/09/26 20:23:23.877, 19147
2026/09/26 20:23:24.377, 19147
2026/09/26 20:23:24.877, 19147
2026/09/26 20:23:25.377, 19147
2026/09/26 20:23:25.877, 19147
2026/09/26 20:23:26.377, 19147
2026/09/26 20:23:26.878, 19147
2026/09/26 20:23:27.378, 19147
2026/09/26 20:23:27.878, 19147
2026/09/26 20:23:28.378, 19147
2026/09/26 20:23:28.878, 19147
2026/09/26 20:23:29.378, 19147
2026/09/26 20:23:29.879, 19147
2026/09/26 20:23:30.379, 19147
2026/09/26 20:23:30.879, 19147
2026/09/26 20:23:31.379, 19147
2026/09/26 20:23:31.880, 19147
2026/09/26 20:23:32.380, 19147
2026/09/26 20:23:32.880, 19147
2026/09/26 20:23:33.380, 19147
2026/09/26 20:23:33.880, 19147
2026/09/26 20:23:34.381, 19147
2026/09/26 20:23:34.881, 19147
2026/09/26 20:23:35.381, 19147
2026/09/26 20:23:35.881, 19147
2026/09/26 20:23:36.381, 19147
2026/09/26 20:23:36.881, 19147
2026/09/26 20:23:37.382, 19147
2026/09/26 20:23:37.882, 19147
2026/09/26 20:23:38.382, 19147
2026/09/26 20:23:38.882, 19147
2026/09/26 20:23:39.382, 19147
2026/09/26 20:23:39.882, 19147
2026/09/26 20:23:40.383, 19147
2026/09/26 20:23:40.883, 19147
2026/09/26 20:23:41.383, 19147
2026/09/26 20:23:41.883, 19147
2026/09/26 20:23:42.383, 19147
2026/09/26 20:23:42.884, 19147
2026/09/26 20:23:43.384, 19147
2026/09/26 20:23:43.884, 19147
2026/09/26 20:23:44.384, 19147
2026/09/26 20:23:44.884, 19147
2026/09/26 20:23:45.385, 19147
2026/09/26 20:23:45.885, 19147
2026/09/26 20:23:46.385, 19147
2026/09/26 20:23:46.885, 19147
2026/09/26 20:23:47.385, 19147
2026/09/26 20:23:47.885, 19147
2026/09/26 20:23:48.386, 19147
2026/09/26 20:23:48.886, 19147
2026/09/26 20:23:49.386, 19147
2026/09/26 20:23:49.886, 19147
2026/09/26 20:23:50.387, 19147
2026/09/26 20:23:50.887, 19147
2026/09/26 20:23:51.387, 19147
2026/09/26 20:23:51.887, 19147
2026/09/26 20:23:52.387, 19147
2026/09/26 20:23:52.887, 19147
2026/09/26 20:23:53.388, 19147
2026/09/26 20:23:53.888, 19147
2026/09/26 20:23:54.388, 19147
2026/09/26 20:23:54.888, 19147
2026/09/26 20:23:55.388, 19147
2026/09/26 20:23:55.888, 19147
2026/09/26 20:23:56.389, 19147
2026/09/26 20:23:56.889, 19147
2026/09/26 20:23:57.389, 19147
2026/09/26 20:23:57.889, 19147
2026/09/26 20:23:58.389, 19147
2026/09/26 20:23:58.890, 19147
2026/09/26 20:23:59.390, 19147
2026/09/26 20:23:59.890, 19147
2026/09/26 20:24:00.390, 19147
2026/09/26 20:24:00.890, 19147
2026/09/26 20:24:01.390, 19147
2026/09/26 20:24:01.890, 19147
2026/09/26 20:24:02.391, 19147
2026/09/26 20:24:02.891, 19147
2026/09/26 20:24:03.391, 19147
2026/09/26 20:24:03.891, 19147
2026/09/26 20:24:04.391, 19147
2026/09/26 20:24:04.892, 19147
2026/09/26 20:24:05.392, 19147
2026/09/26 20:24:05.892, 19147
2026/09/26 20:24:06.392, 19147
2026/09/26 20:24:06.892, 19147
2026/09/26 20:24:07.393, 19147
2026/09/26 20:24:07.893, 19147
2026/09/26 20:24:08.393, 19147
2026/09/26 20:24:08.893, 19147
2026/09/26 20:24:09.393, 19147
2026/09/26 20:24:09.893, 19147
2026/09/26 20:24:10.394, 19147
2026/09/26 20:24:10.894, 19147
2026/09/26 20:24:11.394, 19147
2026/09/26 20:24:11.894, 19147
2026/09/26 20:24:12.394, 19147
2026/09/26 20:24:12.894, 19147
2026/09/26 20:24:13.394, 19147
2026/09/26 20:24:13.895, 19147
2026/09/26 20:24:14.395, 19147
2026/09/26 20:24:14.895, 19147
2026/09/26 20:24:15.395, 19147
2026/09/26 20:24:15.895, 19147
2026/09/26 20:24:16.395, 19147
2026/09/26 20:24:16.896, 19147
2026/09/26 20:24:17.396, 19147
2026/09/26 20:24:17.896, 19147
2026/09/26 20:24:18.396, 19147
2026/09/26 20:24:18.896, 19147
2026/09/26 20:24:19.396, 19147
2026/09/26 20:24:19.897, 19147
2026/09/26 20:24:20.397, 19147
2026/09/26 20:24:20.897, 19147
2026/09/26 20:24:21.397, 19147
2026/09/26 20:24:21.897, 19147
2026/09/26 20:24:22.397, 19147
2026/09/26 20:24:22.897, 19147
2026/09/26 20:24:23.398, 19147
2026/09/26 20:24:23.898, 19147
2026/09/26 20:24:24.398, 19147
2026/09/26 20:24:24.898, 19147
2026/09/26 20:24:25.398, 19147
2026/09/26 20:24:25.898, 19147
2026/09/26 20:24:26.399, 19147
2026/09/26 20:24:26.899, 19147
2026/09/26 20:24:27.399, 19147
2026/09/26 20:24:27.899, 19147
2026/09/26 20:24:28.400, 19147
2026/09/26 20:24:28.900, 19147
2026/09/26 20:24:29.400, 19147
2026/09/26 20:24:29.900, 19147
2026/09/26 20:24:30.400, 19147
2026/09/26 20:24:30.901, 19147
2026/09/26 20:24:31.401, 19147
2026/09/26 20:24:31.901, 19147
2026/09/26 20:24:32.401, 19147
2026/09/26 20:24:32.901, 19147
2026/09/26 20:24:33.401, 19147
2026/09/26 20:24:33.902, 19147
2026/09/26 20:24:34.402, 19147
2026/09/26 20:24:34.902, 19147
2026/09/26 20:24:35.402, 19147
2026/09/26 20:24:35.902, 19147
2026/09/26 20:24:36.402, 19147
2026/09/26 20:24:36.903, 19147
2026/09/26 20:24:37.403, 19147
2026/09/26 20:24:37.903, 19147
2026/09/26 20:24:38.403, 19147
2026/09/26 20:24:38.903, 19147
2026/09/26 20:24:39.403, 19147
2026/09/26 20:24:39.904, 19147
2026/09/26 20:24:40.404, 19147
2026/09/26 20:24:40.904, 19147
2026/09/26 20:24:41.404, 19147
2026/09/26 20:24:41.904, 19147
2026/09/26 20:24:42.405, 19147
2026/09/26 20:24:42.905, 19147
2026/09/26 20:24:43.405, 19147
2026/09/26 20:24:43.905, 19147
2026/09/26 20:24:44.405, 19147
2026/09/26 20:24:44.905, 19147
2026/09/26 20:24:45.406, 19147
2026/09/26 20:24:45.906, 19147
2026/09/26 20:24:46.406, 19147
2026/09/26 20:24:46.906, 19147
2026/09/26 20:24:47.406, 19147
2026/09/26 20:24:47.906, 19147
2026/09/26 20:24:48.407, 19147
2026/09/26 20:24:48.907, 19147
2026/09/26 20:24:49.407, 19147
2026/09/26 20:24:49.907, 19147
2026/09/26 20:24:50.407, 19147
2026/09/26 20:24:50.908, 19147
2026/09/26 20:24:51.408, 19147
2026/09/26 20:24:51.908, 19147
2026/09/26 20:24:52.408, 19147
2026/09/26 20:24:52.908, 19147
2026/09/26 20:24:53.408, 19147
2026/09/26 20:24:53.909, 19147
2026/09/26 20:24:54.409, 19147
2026/09/26 20:24:54.909, 19147
2026/09/26 20:24:55.409, 19147
2026/09/26 20:24:55.909, 19147
2026/09/26 20:24:56.410, 19147
2026/09/26 20:24:56.910, 19147
2026/09/26 20:24:57.410, 19147
2026/09/26 20:24:57.910, 19147
2026/09/26 20:24:58.410, 19147
2026/09/26 20:24:58.910, 19147
2026/09/26 20:24:59.411, 19147
2026/09/26 20:24:59.911, 19147
2026/09/26 20:25:00.411, 19147
2026/09/26 20:25:00.911, 19147
2026/09/26 20:25:01.411, 19147
2026/09/26 20:25:01.912, 19147
2026/09/26 20:25:02.412, 19147
2026/09/26 20:25:02.912, 19147
2026/09/26 20:25:03.412, 19147
2026/09/26 20:25:03.912, 19147
2026/09/26 20:25:04.413, 19147
2026/09/26 20:25:04.913, 19147
2026/09/26 20:25:05.413, 19147
2026/09/26 20:25:05.913, 19147
2026/09/26 20:25:06.413, 19147
2026/09/26 20:25:06.913, 19147
2026/09/26 20:25:07.414, 19147
2026/09/26 20:25:07.914, 19147
2026/09/26 20:25:08.414, 19147
2026/09/26 20:25:08.914, 19147
2026/09/26 20:25:09.414, 19147
2026/09/26 20:25:09.914, 19147
2026/09/26 20:25:10.415, 19147
2026/09/26 20:25:10.915, 19147
2026/09/26 20:25:11.415, 19147
2026/09/26 20:25:11.915, 19147
2026/09/26 20:25:12.415, 19147
2026/09/26 20:25:12.916, 19147
2026/09/26 20:25:13.416, 19147
2026/09/26 20:25:13.916, 19147
2026/09/26 20:25:14.416, 19147
2026/09/26 20:25:14.916, 19147
2026/09/26 20:25:15.417, 19147
2026/09/26 20:25:15.917, 19147
2026/09/26 20:25:16.417, 19147
2026/09/26 20:25:16.917, 19147
2026/09/26 20:25:17.417, 19147
2026/09/26 20:25:17.917, 19147
2026/09/26 20:25:18.418, 19147
2026/09/26 20:25:18.918, 19147
2026/09/26 20:25:19.418, 19147
2026/09/26 20:25:19.918, 19147
2026/09/26 20:25:20.418, 19147
2026/09/26 20:25:20.919, 19147
2026/09/26 20:25:21.419, 19147
2026/09/26 20:25:21.919, 19147
2026/09/26 20:25:22.419, 19147
2026/09/26 20:25:22.919, 19147
2026/09/26 20:25:23.419, 19147
2026/09/26 20:25:23.920, 19147
2026/09/26 20:25:24.420, 19147
2026/09/26 20:25:24.920, 19147
2026/09/26 20:25:25.420, 19147
2026/09/26 20:25:25.920, 19147
2026/09/26 20:25:26.420, 19147
2026/09/26 20:25:26.921, 19147
2026/09/26 20:25:27.421, 19147
2026/09/26 20:25:27.921, 19147
2026/09/26 20:25:28.421, 19147
2026/09/26 20:25:28.921, 19147
2026/09/26 20:25:29.421, 19147
2026/09/26 20:25:29.922, 19147
2026/09/26 20:25:30.422, 19147
2026/09/26 20:25:30.922, 19147
2026/09/26 20:25:31.422, 19147
2026/09/26 20:25:31.922, 19147
2026/09/26 20:25:32.422, 19147
2026/09/26 20:25:32.923, 19147
2026/09/26 20:25:33.423, 19147
2026/09/26 20:25:33.923, 19147
2026/09/26 20:25:34.423, 19147
2026/09/26 20:25:34.923, 19147
2026/09/26 20:25:35.423, 19147
2026/09/26 20:25:35.924, 19147
2026/09/26 20:25:36.424, 19147
2026/09/26 20:25:36.924, 19147
2026/09/26 20:25:37.424, 19147
2026/09/26 20:25:37.924, 19147
2026/09/26 20:25:38.424, 19147
2026/09/26 20:25:38.925, 19147
2026/09/26 20:25:39.425, 19147
2026/09/26 20:25:39.925, 19147
2026/09/26 20:25:40.425, 19147
2026/09/26 20:25:40.925, 19147
2026/09/26 20:25:41.425, 19147
2026/09/26 20:25:41.926, 19147
2026/09/26 20:25:42.426, 19147
2026/09/26 20:25:42.926, 19147
2026/09/26 20:25:43.426, 19147
2026/09/26 20:25:43.926, 19147
2026/09/26 20:25:44.426, 19147
2026/09/26 20:25:44.927, 19147
2026/09/26 20:25:45.427, 19147
2026/09/26 20:25:45.927, 19147
2026/09/26 20:25:46.427, 19147
2026/09/26 20:25:46.927, 19147
2026/09/26 20:25:47.427, 19147
2026/09/26 20:25:47.928, 19147
2026/09/26 20:25:48.428, 19147
2026/09/26 20:25:48.928, 19147
2026/09/26 20:25:49.428, 19147
2026/09/26 20:25:49.928, 19147
2026/09/26 20:25:50.428, 19147
2026/09/26 20:25:50.929, 19147
2026/09/26 20:25:51.429, 19147
2026/09/26 20:25:51.929, 19147
2026/09/26 20:25:52.429, 19147
2026/09/26 20:25:52.929, 19147
2026/09/26 20:25:53.429, 19147
2026/09/26 20:25:53.930, 19147
2026/09/26 20:25:54.430, 19147
2026/09/26 20:25:54.930, 19147
2026/09/26 20:25:55.430, 19147
2026/09/26 20:25:55.930, 19147
2026/09/26 20:25:56.430, 19147
2026/09/26 20:25:56.930, 19147
2026/09/26 20:25:57.431, 19147
2026/09/26 20:25:57.931, 19147
2026/09/26 20:25:58.431, 19147
2026/09/26 20:25:58.931, 19147
2026/09/26 20:25:59.431, 19147
2026/09/26 20:25:59.931, 19147
2026/09/26 20:26:00.432, 19147
2026/09/26 20:26:00.932, 19147
2026/09/26 20:26:01.432, 19147
2026/09/26 20:26:01.932, 19147
2026/09/26 20:26:02.432, 19147
2026/09/26 20:26:02.932, 19147
2026/09/26 20:26:03.432, 19147
2026/09/26 20:26:03.933, 19147
2026/09/26 20:26:04.433, 19147
2026/09/26 20:26:04.933, 19147
2026/09/26 20:26:05.433, 19147
2026/09/26 20:26:05.933, 19147
2026/09/26 20:26:06.433, 19147
2026/09/26 20:26:06.934, 19147
2026/09/26 20:26:07.434, 19147
2026/09/26 20:26:07.934, 19147
2026/09/26 20:26:08.434, 19147
2026/09/26 20:26:08.934, 19147
2026/09/26 20:26:09.434, 19147
2026/09/26 20:26:09.934, 19147
2026/09/26 20:26:10.435, 19147
2026/09/26 20:26:10.935, 19147
2026/09/26 20:26:11.435, 19147
2026/09/26 20:26:11.935, 19147
2026/09/26 20:26:12.435, 19147
2026/09/26 20:26:12.935, 19147
2026/09/26 20:26:13.436, 19147
2026/09/26 20:26:13.936, 19147
2026/09/26 20:26:14.436, 19147
2026/09/26 20:26:14.936, 19147
2026/09/26 20:26:15.436, 19147
2026/09/26 20:26:15.936, 19147
2026/09/26 20:26:16.436, 19147
2026/09/26 20:26:16.937, 19147
2026/09/26 20:26:17.437, 19147
2026/09/26 20:26:17.937, 19147
2026/09/26 20:26:18.437, 19147
2026/09/26 20:26:18.937, 19147
2026/09/26 20:26:19.437, 19147
2026/09/26 20:26:19.938, 19147
2026/09/26 20:26:20.438, 19147
2026/09/26 20:26:20.938, 19147
2026/09/26 20:26:21.439, 19147
2026/09/26 20:26:21.939, 19147
2026/09/26 20:26:22.439, 19147
2026/09/26 20:26:22.939, 19147
2026/09/26 20:26:23.439, 19147
2026/09/26 20:26:23.940, 19147
2026/09/26 20:26:24.440, 19147
2026/09/26 20:26:24.940, 19147
2026/09/26 20:26:25.440, 19147
2026/09/26 20:26:25.940, 19147
2026/09/26 20:26:26.441, 19147
2026/09/26 20:26:26.941, 19147
2026/09/26 20:26:27.441, 19147
2026/09/26 20:26:27.941, 19147
2026/09/26 20:26:28.441, 19147
2026/09/26 20:26:28.941, 19147
2026/09/26 20:26:29.442, 19147
2026/09/26 20:26:29.942, 19147
2026/09/26 20:26:30.442, 19147
2026/09/26 20:26:30.942, 19147
2026/09/26 20:26:31.442, 19147
2026/09/26 20:26:31.942, 19147
2026/09/26 20:26:32.443, 19147
2026/09/26 20:26:32.943, 19147
2026/09/26 20:26:33.443, 19147
2026/09/26 20:26:33.943, 19147
2026/09/26 20:26:34.443, 19147
2026/09/26 20:26:34.943, 19147
2026/09/26 20:26:35.444, 19147
2026/09/26 20:26:35.944, 19147
2026/09/26 20:26:36.444, 19147
2026/09/26 20:26:36.944, 19147
2026/09/26 20:26:37.444, 19147
2026/09/26 20:26:37.944, 19147
2026/09/26 20:26:38.445, 19147
2026/09/26 20:26:38.945, 19147
2026/09/26 20:26:39.445, 19147
2026/09/26 20:26:39.945, 19147
2026/09/26 20:26:40.445, 19147
2026/09/26 20:26:40.945, 19147
2026/09/26 20:26:41.446, 19147
2026/09/26 20:26:41.946, 19147
2026/09/26 20:26:42.446, 19147
2026/09/26 20:26:42.946, 19147
2026/09/26 20:26:43.446, 19147
2026/09/26 20:26:43.946, 19147
2026/09/26 20:26:44.447, 19147
2026/09/26 20:26:44.947, 19147
2026/09/26 20:26:45.447, 19147
2026/09/26 20:26:45.947, 19147
2026/09/26 20:26:46.447, 19147
2026/09/26 20:26:46.947, 19147
2026/09/26 20:26:47.448, 19147
2026/09/26 20:26:47.948, 19147
2026/09/26 20:26:48.448, 19147
2026/09/26 20:26:48.948, 19147
2026/09/26 20:26:49.448, 19147
2026/09/26 20:26:49.948, 19147
2026/09/26 20:26:50.448, 19147
2026/09/26 20:26:50.949, 19147
2026/09/26 20:26:51.449, 19147
2026/09/26 20:26:51.949, 19147
2026/09/26 20:26:52.449, 19147
2026/09/26 20:26:52.949, 19147
2026/09/26 20:26:53.449, 19147
2026/09/26 20:26:53.950, 19147
2026/09/26 20:26:54.450, 19147
2026/09/26 20:26:54.950, 19147
2026/09/26 20:26:55.450, 19147
2026/09/26 20:26:55.950, 19147
2026/09/26 20:26:56.450, 19147
2026/09/26 20:26:56.951, 19147
2026/09/26 20:26:57.451, 19147
2026/09/26 20:26:57.951, 19147
2026/09/26 20:26:58.451, 19147
2026/09/26 20:26:58.951, 19147
2026/09/26 20:26:59.451, 19147
2026/09/26 20:26:59.952, 19147
2026/09/26 20:27:00.452, 19147
2026/09/26 20:27:00.952, 19147
2026/09/26 20:27:01.452, 19147
2026/09/26 20:27:01.952, 19147
2026/09/26 20:27:02.452, 19147
2026/09/26 20:27:02.953, 19147
2026/09/26 20:27:03.453, 19147
2026/09/26 20:27:03.953, 19147
2026/09/26 20:27:04.453, 19147
2026/09/26 20:27:04.953, 19147
2026/09/26 20:27:05.453, 19147
2026/09/26 20:27:05.953, 19147
2026/09/26 20:27:06.454, 19147
2026/09/26 20:27:06.954, 19147
2026/09/26 20:27:07.454, 19147
2026/09/26 20:27:07.954, 19147
2026/09/26 20:27:08.454, 19147
2026/09/26 20:27:08.954, 19147
2026/09/26 20:27:09.455, 19147
2026/09/26 20:27:09.955, 19147
2026/09/26 20:27:10.455, 19147
2026/09/26 20:27:10.955, 19147
2026/09/26 20:27:11.455, 19147
2026/09/26 20:27:11.955, 19147
2026/09/26 20:27:12.456, 19147
2026/09/26 20:27:12.956, 19147
2026/09/26 20:27:13.456, 19147
2026/09/26 20:27:13.956, 19147
2026/09/26 20:27:14.456, 19147
2026/09/26 20:27:14.956, 19147
2026/09/26 20:27:15.457, 19147
2026/09/26 20:27:15.957, 19147
2026/09/26 20:27:16.457, 19147
2026/09/26 20:27:16.957, 19147
2026/09/26 20:27:17.457, 19147
2026/09/26 20:27:17.957, 19147
2026/09/26 20:27:18.457, 19147
2026/09/26 20:27:18.958, 19147
2026/09/26 20:27:19.458, 19147
2026/09/26 20:27:19.958, 19147
2026/09/26 20:27:20.458, 19147
2026/09/26 20:27:20.958, 19147
2026/09/26 20:27:21.458, 19147
2026/09/26 20:27:21.958, 19147
2026/09/26 20:27:22.459, 19147
2026/09/26 20:27:22.959, 19147
2026/09/26 20:27:23.459, 19147
2026/09/26 20:27:23.959, 19147
2026/09/26 20:27:24.459, 19147
2026/09/26 20:27:24.959, 19147
2026/09/26 20:27:25.460, 19147
2026/09/26 20:27:25.960, 19147
2026/09/26 20:27:26.460, 19147
2026/09/26 20:27:26.960, 19147
2026/09/26 20:27:27.460, 19147
2026/09/26 20:27:27.960, 19147
2026/09/26 20:27:28.461, 19147
2026/09/26 20:27:28.961, 19147
2026/09/26 20:27:29.461, 19147
2026/09/26 20:27:29.961, 19147
2026/09/26 20:27:30.461, 19147
2026/09/26 20:27:30.961, 19147
2026/09/26 20:27:31.461, 19147
2026/09/26 20:27:31.962, 19147
2026/09/26 20:27:32.462, 19147
2026/09/26 20:27:32.962, 19147
2026/09/26 20:27:33.462, 19147
2026/09/26 20:27:33.962, 19147
2026/09/26 20:27:34.462, 19147
2026/09/26 20:27:34.963, 19147
2026/09/26 20:27:35.463, 19147
2026/09/26 20:27:35.963, 19147
2026/09/26 20:27:36.463, 19147
2026/09/26 20:27:36.963, 19147
2026/09/26 20:27:37.463, 19147
2026/09/26 20:27:37.964, 19147
2026/09/26 20:27:38.464, 19147
2026/09/26 20:27:38.964, 19147
2026/09/26 20:27:39.464, 19147
2026/09/26 20:27:39.964, 19147
2026/09/26 20:27:40.464, 19147
2026/09/26 20:27:40.964, 19147
2026/09/26 20:27:41.465, 19147
2026/09/26 20:27:41.965, 19147
2026/09/26 20:27:42.465, 19147
2026/09/26 20:27:42.965, 19147
2026/09/26 20:27:43.465, 19147
2026/09/26 20:27:43.965, 19147
2026/09/26 20:27:44.465, 19147
2026/09/26 20:27:44.966, 19147
2026/09/26 20:27:45.466, 19147
2026/09/26 20:27:45.966, 19147
2026/09/26 20:27:46.466, 19147
2026/09/26 20:27:46.966, 19147
2026/09/26 20:27:47.466, 19147
2026/09/26 20:27:47.966, 19147
2026/09/26 20:27:48.467, 19147
2026/09/26 20:27:48.967, 19147
2026/09/26 20:27:49.467, 19147
2026/09/26 20:27:49.967, 19147
2026/09/26 20:27:50.467, 19147
2026/09/26 20:27:50.967, 19147
2026/09/26 20:27:51.468, 19147
2026/09/26 20:27:51.968, 19147
2026/09/26 20:27:52.468, 19147
2026/09/26 20:27:52.968, 19147
2026/09/26 20:27:53.468, 19147
2026/09/26 20:27:53.968, 19147
2026/09/26 20:27:54.468, 19147
2026/09/26 20:27:54.969, 19147
2026/09/26 20:27:55.469, 19147
2026/09/26 20:27:55.969, 19147
2026/09/26 20:27:56.469, 19147
2026/09/26 20:27:56.969, 19147
2026/09/26 20:27:57.469, 19147
2026/09/26 20:27:57.970, 19147
2026/09/26 20:27:58.470, 19147
2026/09/26 20:27:58.970, 19147
2026/09/26 20:27:59.470, 19147
2026/09/26 20:27:59.970, 19147
2026/09/26 20:28:00.470, 19147
2026/09/26 20:28:00.970, 19147
2026/09/26 20:28:01.471, 19147
2026/09/26 20:28:01.971, 19147
2026/09/26 20:28:02.471, 19147
2026/09/26 20:28:02.971, 19147
2026/09/26 20:28:03.471, 19147
2026/09/26 20:28:03.971, 19147
2026/09/26 20:28:04.471, 19147
2026/09/26 20:28:04.972, 19147
2026/09/26 20:28:05.472, 19147
2026/09/26 20:28:05.972, 19147
2026/09/26 20:28:06.472, 19147
2026/09/26 20:28:06.972, 19147
2026/09/26 20:28:07.472, 19147
2026/09/26 20:28:07.973, 19147
2026/09/26 20:28:08.473, 19147
2026/09/26 20:28:08.974, 19147
2026/09/26 20:28:09.474, 19147
2026/09/26 20:28:09.974, 19147
2026/09/26 20:28:10.474, 19147
2026/09/26 20:28:10.974, 19147
2026/09/26 20:28:11.474, 19147
2026/09/26 20:28:11.974, 19147
2026/09/26 20:28:12.475, 19147
2026/09/26 20:28:12.975, 19147
2026/09/26 20:28:13.475, 19147
2026/09/26 20:28:13.975, 19147
2026/09/26 20:28:14.475, 19147
2026/09/26 20:28:14.975, 19147
2026/09/26 20:28:15.476, 19147
2026/09/26 20:28:15.976, 19147
2026/09/26 20:28:16.476, 19147
2026/09/26 20:28:16.976, 19147
2026/09/26 20:28:17.476, 19147
2026/09/26 20:28:17.976, 19147
2026/09/26 20:28:18.477, 19147
2026/09/26 20:28:18.977, 19147
2026/09/26 20:28:19.477, 19147
2026/09/26 20:28:19.977, 19147
2026/09/26 20:28:20.477, 19147
2026/09/26 20:28:20.977, 19147
2026/09/26 20:28:21.478, 19147
2026/09/26 20:28:21.978, 19147
2026/09/26 20:28:22.478, 19147
2026/09/26 20:28:22.978, 19147
2026/09/26 20:28:23.478, 19147
2026/09/26 20:28:23.978, 19147
2026/09/26 20:28:24.479, 19147
2026/09/26 20:28:24.979, 19147
2026/09/26 20:28:25.479, 19147
2026/09/26 20:28:25.979, 19147
2026/09/26 20:28:26.479, 19147
2026/09/26 20:28:26.980, 19147
2026/09/26 20:28:27.480, 19147
2026/09/26 20:28:27.980, 19147
2026/09/26 20:28:28.480, 19147
2026/09/26 20:28:28.980, 19147
2026/09/26 20:28:29.480, 19147
2026/09/26 20:28:29.981, 19147
2026/09/26 20:28:30.481, 19147
2026/09/26 20:28:30.981, 19147
2026/09/26 20:28:31.481, 19147
2026/09/26 20:28:31.981, 19147
2026/09/26 20:28:32.481, 19147
2026/09/26 20:28:32.981, 19147
2026/09/26 20:28:33.482, 19147
2026/09/26 20:28:33.982, 19147
2026/09/26 20:28:34.482, 19147
2026/09/26 20:28:34.982, 19147
2026/09/26 20:28:35.482, 19147
2026/09/26 20:28:35.982, 19147
2026/09/26 20:28:36.483, 19147
2026/09/26 20:28:36.983, 19147
2026/09/26 20:28:37.483, 19147
2026/09/26 20:28:37.983, 19147
2026/09/26 20:28:38.483, 19147
2026/09/26 20:28:38.983, 19147
2026/09/26 20:28:39.483, 19147
2026/09/26 20:28:39.984, 19147
2026/09/26 20:28:40.484, 19147
2026/09/26 20:28:40.984, 19147
2026/09/26 20:28:41.484, 19147
2026/09/26 20:28:41.984, 19147
2026/09/26 20:28:42.484, 19147
2026/09/26 20:28:42.985, 19147
2026/09/26 20:28:43.485, 19147
2026/09/26 20:28:43.985, 19147
2026/09/26 20:28:44.485, 19147
2026/09/26 20:28:44.985, 19147
2026/09/26 20:28:45.485, 19147
2026/09/26 20:28:45.986, 19147
2026/09/26 20:28:46.486, 19147
2026/09/26 20:28:46.986, 19147
2026/09/26 20:28:47.486, 19147
2026/09/26 20:28:47.986, 19147
2026/09/26 20:28:48.486, 19147
2026/09/26 20:28:48.987, 19147
2026/09/26 20:28:49.487, 19147
2026/09/26 20:28:49.987, 19147
2026/09/26 20:28:50.487, 19147
2026/09/26 20:28:50.987, 19147
2026/09/26 20:28:51.487, 19147
2026/09/26 20:28:51.988, 19147
2026/09/26 20:28:52.488, 19147
2026/09/26 20:28:52.988, 19147
2026/09/26 20:28:53.488, 19147
2026/09/26 20:28:53.988, 19147
2026/09/26 20:28:54.488, 19147
2026/09/26 20:28:54.988, 19147
2026/09/26 20:28:55.489, 19147
2026/09/26 20:28:55.989, 19147
2026/09/26 20:28:56.489, 19147
2026/09/26 20:28:56.989, 19147
2026/09/26 20:28:57.498, 19147
2026/09/26 20:28:57.998, 19147
2026/09/26 20:28:58.498, 19147
2026/09/26 20:28:58.999, 19147
2026/09/26 20:28:59.499, 19147
2026/09/26 20:28:59.999, 19147
2026/09/26 20:29:00.499, 19147
2026/09/26 20:29:00.999, 19147
2026/09/26 20:29:01.499, 19147
2026/09/26 20:29:02.000, 19147
2026/09/26 20:29:02.500, 19147
2026/09/26 20:29:03.000, 19147
2026/09/26 20:29:03.500, 19147
2026/09/26 20:29:04.000, 19147
2026/09/26 20:29:04.500, 19147
2026/09/26 20:29:05.001, 19147
2026/09/26 20:29:05.501, 19147
2026/09/26 20:29:06.001, 19147
2026/09/26 20:29:06.501, 19147
2026/09/26 20:29:07.001, 19147
2026/09/26 20:29:07.501, 19147
2026/09/26 20:29:08.002, 19147
2026/09/26 20:29:08.502, 19147
2026/09/26 20:29:09.002, 19147
2026/09/26 20:29:09.502, 19147
2026/09/26 20:29:10.002, 19147
2026/09/26 20:29:10.503, 19147
2026/09/26 20:29:11.003, 19147
2026/09/26 20:29:11.503, 19147
2026/09/26 20:29:12.003, 19147
2026/09/26 20:29:12.503, 19147
2026/09/26 20:29:13.003, 19147
2026/09/26 20:29:13.504, 19147
2026/09/26 20:29:14.004, 19147
2026/09/26 20:29:14.504, 19147
2026/09/26 20:29:15.004, 19147
2026/09/26 20:29:15.504, 19147
2026/09/26 20:29:16.005, 19147
2026/09/26 20:29:16.505, 19147
2026/09/26 20:29:17.005, 19147
2026/09/26 20:29:17.505, 19147
2026/09/26 20:29:18.005, 19147
2026/09/26 20:29:18.505, 19147
2026/09/26 20:29:19.006, 19147
2026/09/26 20:29:19.506, 19147
2026/09/26 20:29:20.006, 19147
2026/09/26 20:29:20.506, 19147
2026/09/26 20:29:21.006, 19147
2026/09/26 20:29:21.506, 19147
2026/09/26 20:29:22.006, 19147
2026/09/26 20:29:22.506, 19147
2026/09/26 20:29:23.007, 19147
2026/09/26 20:29:23.507, 19147
2026/09/26 20:29:24.007, 19147
2026/09/26 20:29:24.507, 19147
2026/09/26 20:29:25.007, 19147
2026/09/26 20:29:25.507, 19147
2026/09/26 20:29:26.007, 19147
2026/09/26 20:29:26.507, 19147
2026/09/26 20:29:27.008, 19147
2026/09/26 20:29:27.508, 19147
2026/09/26 20:29:28.008, 19147
2026/09/26 20:29:28.508, 19147
2026/09/26 20:29:29.008, 19147
2026/09/26 20:29:29.508, 19147
2026/09/26 20:29:30.008, 19147
2026/09/26 20:29:30.508, 19147
2026/09/26 20:29:31.009, 19147
2026/09/26 20:29:31.509, 19147
2026/09/26 20:29:32.009, 19147
2026/09/26 20:29:32.509, 19147
2026/09/26 20:29:33.009, 19147
2026/09/26 20:29:33.509, 19147
2026/09/26 20:29:34.009, 19147
2026/09/26 20:29:34.509, 19147
2026/09/26 20:29:35.010, 19147
2026/09/26 20:29:35.510, 19147
2026/09/26 20:29:36.010, 19147
2026/09/26 20:29:36.510, 19147
2026/09/26 20:29:37.010, 19147
2026/09/26 20:29:37.510, 19147
2026/09/26 20:29:38.010, 19147
2026/09/26 20:29:38.510, 19147
2026/09/26 20:29:39.011, 19147
2026/09/26 20:29:39.511, 19147
2026/09/26 20:29:40.011, 19147
2026/09/26 20:29:40.511, 19147
2026/09/26 20:29:41.011, 19147
2026/09/26 20:29:41.511, 19147
2026/09/26 20:29:42.011, 19147
2026/09/26 20:29:42.511, 19147
2026/09/26 20:29:43.011, 19147
2026/09/26 20:29:43.512, 19147
2026/09/26 20:29:44.012, 19147
2026/09/26 20:29:44.512, 19147
2026/09/26 20:29:45.012, 19147
2026/09/26 20:29:45.512, 19147
2026/09/26 20:29:46.012, 19147
2026/09/26 20:29:46.512, 19147
2026/09/26 20:29:47.012, 19147
2026/09/26 20:29:47.513, 19147
2026/09/26 20:29:48.013, 19147
2026/09/26 20:29:48.513, 19147
2026/09/26 20:29:49.013, 19147
2026/09/26 20:29:49.513, 19147
2026/09/26 20:29:50.013, 19147
2026/09/26 20:29:50.513, 19147
2026/09/26 20:29:51.013, 19147
2026/09/26 20:29:51.514, 19147
2026/09/26 20:29:52.014, 19147
2026/09/26 20:29:52.514, 19147
2026/09/26 20:29:53.014, 19147
2026/09/26 20:29:53.514, 19147
2026/09/26 20:29:54.014, 19147
2026/09/26 20:29:54.514, 19147
2026/09/26 20:29:55.015, 19147
2026/09/26 20:29:55.515, 19147
2026/09/26 20:29:56.015, 19147
2026/09/26 20:29:56.515, 19147
2026/09/26 20:29:57.015, 19147
2026/09/26 20:29:57.515, 19147
2026/09/26 20:29:58.015, 19147
2026/09/26 20:29:58.516, 19147
2026/09/26 20:29:59.016, 19147
2026/09/26 20:29:59.516, 19147
2026/09/26 20:30:00.016, 19147
2026/09/26 20:30:00.516, 19147
2026/09/26 20:30:01.016, 19147
2026/09/26 20:30:01.517, 19147
2026/09/26 20:30:02.017, 19147
2026/09/26 20:30:02.517, 19147
2026/09/26 20:30:03.017, 19147
2026/09/26 20:30:03.517, 19147
2026/09/26 20:30:04.017, 19147
2026/09/26 20:30:04.518, 19147
2026/09/26 20:30:05.018, 19147
2026/09/26 20:30:05.518, 19147
2026/09/26 20:30:06.018, 19147
2026/09/26 20:30:06.518, 19147
2026/09/26 20:30:07.018, 19147
2026/09/26 20:30:07.519, 19147
2026/09/26 20:30:08.020, 19147
2026/09/26 20:30:08.520, 19147
2026/09/26 20:30:09.020, 19147
2026/09/26 20:30:09.520, 19147
2026/09/26 20:30:10.020, 19147
2026/09/26 20:30:10.521, 19147
2026/09/26 20:30:11.021, 19147
2026/09/26 20:30:11.521, 19147
2026/09/26 20:30:12.021, 19147
2026/09/26 20:30:12.521, 19147
2026/09/26 20:30:13.021, 19147
2026/09/26 20:30:13.522, 19147
2026/09/26 20:30:14.022, 19147
2026/09/26 20:30:14.522, 19147
2026/09/26 20:30:15.022, 19147
2026/09/26 20:30:15.522, 19147
2026/09/26 20:30:16.022, 19147
2026/09/26 20:30:16.522, 19147
2026/09/26 20:30:17.022, 19147
2026/09/26 20:30:17.523, 19147
2026/09/26 20:30:18.023, 19147
2026/09/26 20:30:18.523, 19147
2026/09/26 20:30:19.023, 19147
2026/09/26 20:30:19.523, 19147
2026/09/26 20:30:20.023, 19147
2026/09/26 20:30:20.524, 19147
2026/09/26 20:30:21.024, 19147
2026/09/26 20:30:21.524, 19147
2026/09/26 20:30:22.024, 19147
2026/09/26 20:30:22.524, 19147
2026/09/26 20:30:23.024, 19147
2026/09/26 20:30:23.525, 19147
2026/09/26 20:30:24.025, 19147
2026/09/26 20:30:24.525, 19147
2026/09/26 20:30:25.025, 19147
2026/09/26 20:30:25.525, 19147
2026/09/26 20:30:26.025, 19147
2026/09/26 20:30:26.526, 19147
2026/09/26 20:30:27.026, 19147
2026/09/26 20:30:27.526, 19147
2026/09/26 20:30:28.026, 19147
2026/09/26 20:30:28.526, 19147
2026/09/26 20:30:29.026, 19147
2026/09/26 20:30:29.527, 19147
2026/09/26 20:30:30.027, 19147
2026/09/26 20:30:30.527, 19147
2026/09/26 20:30:31.027, 19147
2026/09/26 20:30:31.527, 19147
2026/09/26 20:30:32.028, 19147
2026/09/26 20:30:32.528, 19147
2026/09/26 20:30:33.028, 19147
2026/09/26 20:30:33.528, 19147
2026/09/26 20:30:34.028, 19147
2026/09/26 20:30:34.528, 19147
2026/09/26 20:30:35.029, 19147
2026/09/26 20:30:35.529, 19147
2026/09/26 20:30:36.029, 19147
2026/09/26 20:30:36.529, 19147
2026/09/26 20:30:37.029, 19147
2026/09/26 20:30:37.529, 19147
2026/09/26 20:30:38.030, 19147
2026/09/26 20:30:38.530, 19147
2026/09/26 20:30:39.030, 19147
2026/09/26 20:30:39.530, 19147
2026/09/26 20:30:40.030, 19147
2026/09/26 20:30:40.530, 19147
2026/09/26 20:30:41.031, 19147
2026/09/26 20:30:41.531, 19147
2026/09/26 20:30:42.031, 19147
2026/09/26 20:30:42.531, 19147
2026/09/26 20:30:43.031, 19147
2026/09/26 20:30:43.531, 19147
2026/09/26 20:30:44.032, 19147
2026/09/26 20:30:44.532, 19147
2026/09/26 20:30:45.032, 19147
2026/09/26 20:30:45.532, 19147
2026/09/26 20:30:46.032, 19147
2026/09/26 20:30:46.533, 19147
2026/09/26 20:30:47.033, 19147
2026/09/26 20:30:47.533, 19147
2026/09/26 20:30:48.033, 19147
2026/09/26 20:30:48.533, 19147
2026/09/26 20:30:49.033, 19147
2026/09/26 20:30:49.534, 19147
2026/09/26 20:30:50.034, 19147
2026/09/26 20:30:50.534, 19147
2026/09/26 20:30:51.034, 19147
2026/09/26 20:30:51.534, 19147
2026/09/26 20:30:52.034, 19147
2026/09/26 20:30:52.535, 19147
2026/09/26 20:30:53.043, 19147
2026/09/26 20:30:53.544, 19147
2026/09/26 20:30:54.044, 19147
2026/09/26 20:30:54.544, 19147
2026/09/26 20:30:55.044, 19147
2026/09/26 20:30:55.544, 19147
2026/09/26 20:30:56.044, 19147
2026/09/26 20:30:56.544, 19147
2026/09/26 20:30:57.045, 19147
2026/09/26 20:30:57.545, 19147
2026/09/26 20:30:58.045, 19147
2026/09/26 20:30:58.545, 19147
2026/09/26 20:30:59.045, 19389
2026/09/26 20:30:59.545, 19389
2026/09/26 20:31:00.046, 19389
2026/09/26 20:31:00.546, 19389
2026/09/26 20:31:01.046, 19389
2026/09/26 20:31:01.546, 19389
2026/09/26 20:31:02.047, 19389
2026/09/26 20:31:02.547, 19389
2026/09/26 20:31:03.047, 19389
2026/09/26 20:31:03.547, 19389
2026/09/26 20:31:04.047, 19389
2026/09/26 20:31:04.547, 19389
2026/09/26 20:31:05.048, 19389
2026/09/26 20:31:05.548, 19389
2026/09/26 20:31:06.048, 19389
2026/09/26 20:31:06.548, 19389
2026/09/26 20:31:07.048, 19389
2026/09/26 20:31:07.548, 19389
2026/09/26 20:31:08.049, 19389
2026/09/26 20:31:08.549, 19389
2026/09/26 20:31:09.049, 19389
2026/09/26 20:31:09.549, 19389
2026/09/26 20:31:10.049, 19389
2026/09/26 20:31:10.549, 19389
2026/09/26 20:31:11.050, 19389
2026/09/26 20:31:11.550, 19389
2026/09/26 20:31:12.050, 19389
2026/09/26 20:31:12.550, 19389
2026/09/26 20:31:13.050, 19389
2026/09/26 20:31:13.550, 19389
2026/09/26 20:31:14.051, 19389
2026/09/26 20:31:14.551, 19389
2026/09/26 20:31:15.051, 19389
2026/09/26 20:31:15.551, 19389
2026/09/26 20:31:16.051, 19389
2026/09/26 20:31:16.551, 19389
2026/09/26 20:31:17.052, 19389
2026/09/26 20:31:17.552, 19389
2026/09/26 20:31:18.052, 19389
2026/09/26 20:31:18.552, 19389
2026/09/26 20:31:19.052, 19389
2026/09/26 20:31:19.552, 19389
2026/09/26 20:31:20.053, 19389
2026/09/26 20:31:20.553, 19389
2026/09/26 20:31:21.053, 19389
2026/09/26 20:31:21.553, 19389
2026/09/26 20:31:22.053, 19389
2026/09/26 20:31:22.554, 19389
2026/09/26 20:31:23.054, 19389
2026/09/26 20:31:23.554, 19389
2026/09/26 20:31:24.054, 19389
2026/09/26 20:31:24.554, 19389
2026/09/26 20:31:25.054, 19389
2026/09/26 20:31:25.555, 19389
2026/09/26 20:31:26.055, 19389
2026/09/26 20:31:26.555, 19389
2026/09/26 20:31:27.055, 19389
2026/09/26 20:31:27.555, 19389
2026/09/26 20:31:28.055, 19389
2026/09/26 20:31:28.556, 19389
2026/09/26 20:31:29.056, 19389
2026/09/26 20:31:29.556, 19389
2026/09/26 20:31:30.056, 19389
2026/09/26 20:31:30.556, 19389
2026/09/26 20:31:31.056, 19389
2026/09/26 20:31:31.557, 19389
2026/09/26 20:31:32.057, 19389
2026/09/26 20:31:32.557, 19389
2026/09/26 20:31:33.057, 19389
2026/09/26 20:31:33.557, 19389
2026/09/26 20:31:34.057, 19389
2026/09/26 20:31:34.558, 19389
2026/09/26 20:31:35.058, 19389
2026/09/26 20:31:35.558, 19389
2026/09/26 20:31:36.058, 19389
2026/09/26 20:31:36.558, 19389
2026/09/26 20:31:37.059, 19389
2026/09/26 20:31:37.559, 19389
2026/09/26 20:31:38.059, 19389
2026/09/26 20:31:38.559, 19389
2026/09/26 20:31:39.059, 19389
2026/09/26 20:31:39.559, 19389
2026/09/26 20:31:40.060, 19389
2026/09/26 20:31:40.560, 19389
2026/09/26 20:31:41.060, 19389
2026/09/26 20:31:41.560, 19389
2026/09/26 20:31:42.060, 19389
2026/09/26 20:31:42.561, 19389
2026/09/26 20:31:43.061, 19389
2026/09/26 20:31:43.561, 19389
2026/09/26 20:31:44.061, 19389
2026/09/26 20:31:44.561, 19389
2026/09/26 20:31:45.061, 19389
2026/09/26 20:31:45.562, 19389
2026/09/26 20:31:46.062, 19389
2026/09/26 20:31:46.562, 19389
2026/09/26 20:31:47.062, 19389
2026/09/26 20:31:47.562, 19389
2026/09/26 20:31:48.062, 19389
2026/09/26 20:31:48.563, 19389
2026/09/26 20:31:49.063, 19389
2026/09/26 20:31:49.563, 19389
2026/09/26 20:31:50.063, 19389
2026/09/26 20:31:50.563, 19389
2026/09/26 20:31:51.063, 19389
2026/09/26 20:31:51.564, 19389
2026/09/26 20:31:52.064, 19389
2026/09/26 20:31:52.564, 19389
2026/09/26 20:31:53.064, 19389
2026/09/26 20:31:53.564, 19389
2026/09/26 20:31:54.064, 19389
2026/09/26 20:31:54.565, 19389
2026/09/26 20:31:55.065, 19389
2026/09/26 20:31:55.565, 19389
2026/09/26 20:31:56.065, 19389
2026/09/26 20:31:56.565, 19389
2026/09/26 20:31:57.065, 19389
2026/09/26 20:31:57.566, 19389
2026/09/26 20:31:58.066, 19389
2026/09/26 20:31:58.566, 19389
2026/09/26 20:31:59.066, 19389
2026/09/26 20:31:59.566, 19389
2026/09/26 20:32:00.066, 19389
2026/09/26 20:32:00.567, 19389
2026/09/26 20:32:01.067, 19389
2026/09/26 20:32:01.567, 19389
2026/09/26 20:32:02.067, 19389
2026/09/26 20:32:02.567, 19389
2026/09/26 20:32:03.067, 19389
2026/09/26 20:32:03.568, 19389
2026/09/26 20:32:04.068, 19389
2026/09/26 20:32:04.568, 19389
2026/09/26 20:32:05.068, 19389
2026/09/26 20:32:05.568, 19389
2026/09/26 20:32:06.068, 19389
2026/09/26 20:32:06.569, 19389
2026/09/26 20:32:07.069, 19389
2026/09/26 20:32:07.569, 19389
2026/09/26 20:32:08.069, 19389
2026/09/26 20:32:08.569, 19389
2026/09/26 20:32:09.069, 19389
2026/09/26 20:32:09.570, 19389
2026/09/26 20:32:10.070, 19389
2026/09/26 20:32:10.570, 19389
2026/09/26 20:32:11.070, 19389
2026/09/26 20:32:11.570, 19389
2026/09/26 20:32:12.070, 19389
2026/09/26 20:32:12.570, 19389
2026/09/26 20:32:13.071, 19389
2026/09/26 20:32:13.571, 19389
2026/09/26 20:32:14.071, 19389
2026/09/26 20:32:14.571, 19389
2026/09/26 20:32:15.071, 19389
2026/09/26 20:32:15.572, 19389
2026/09/26 20:32:16.072, 19389
2026/09/26 20:32:16.572, 19389
2026/09/26 20:32:17.072, 19389
2026/09/26 20:32:17.572, 19389
2026/09/26 20:32:18.072, 19389
2026/09/26 20:32:18.573, 19389
2026/09/26 20:32:19.073, 19389
2026/09/26 20:32:19.573, 19389
2026/09/26 20:32:20.073, 19389
2026/09/26 20:32:20.573, 19389
2026/09/26 20:32:21.073, 19389
2026/09/26 20:32:21.574, 19389
2026/09/26 20:32:22.074, 19389
2026/09/26 20:32:22.574, 19389
2026/09/26 20:32:23.074, 19389
2026/09/26 20:32:23.574, 19389
2026/09/26 20:32:24.074, 19389
2026/09/26 20:32:24.575, 19389
2026/09/26 20:32:25.075, 19389
2026/09/26 20:32:25.575, 19389
2026/09/26 20:32:26.075, 19389
2026/09/26 20:32:26.575, 19389
2026/09/26 20:32:27.075, 19389
2026/09/26 20:32:27.576, 19389
2026/09/26 20:32:28.076, 19389
2026/09/26 20:32:28.576, 19389
2026/09/26 20:32:29.076, 19389
2026/09/26 20:32:29.576, 19389
2026/09/26 20:32:30.076, 19389
2026/09/26 20:32:30.577, 19389
2026/09/26 20:32:31.077, 19389
2026/09/26 20:32:31.577, 19389
2026/09/26 20:32:32.077, 19389
2026/09/26 20:32:32.577, 19389
2026/09/26 20:32:33.078, 19389
2026/09/26 20:32:33.578, 19389
2026/09/26 20:32:34.078, 19389
2026/09/26 20:32:34.578, 19389
2026/09/26 20:32:35.078, 19389
2026/09/26 20:32:35.578, 19389
2026/09/26 20:32:36.079, 19389
2026/09/26 20:32:36.579, 19389
2026/09/26 20:32:37.079, 19389
2026/09/26 20:32:37.579, 19389
2026/09/26 20:32:38.079, 19389
2026/09/26 20:32:38.579, 19389
2026/09/26 20:32:39.080, 19389
2026/09/26 20:32:39.580, 19389
2026/09/26 20:32:40.080, 19389
2026/09/26 20:32:40.580, 19389
2026/09/26 20:32:41.080, 19389
2026/09/26 20:32:41.580, 19389
2026/09/26 20:32:42.081, 19389
2026/09/26 20:32:42.581, 19389
2026/09/26 20:32:43.081, 19389
2026/09/26 20:32:43.581, 19389
2026/09/26 20:32:44.081, 19389
2026/09/26 20:32:44.582, 19389
2026/09/26 20:32:45.082, 19389
2026/09/26 20:32:45.583, 19389
2026/09/26 20:32:46.083, 19389
2026/09/26 20:32:46.583, 19389
2026/09/26 20:32:47.083, 19389
2026/09/26 20:32:47.583, 19389
2026/09/26 20:32:48.083, 19389
2026/09/26 20:32:48.584, 19389
2026/09/26 20:32:49.084, 19389
2026/09/26 20:32:49.584, 19389
2026/09/26 20:32:50.084, 19389
2026/09/26 20:32:50.584, 19389
2026/09/26 20:32:51.084, 19389
2026/09/26 20:32:51.585, 19389
2026/09/26 20:32:52.085, 19389
2026/09/26 20:32:52.585, 19389
2026/09/26 20:32:53.085, 19389
2026/09/26 20:32:53.585, 19389
2026/09/26 20:32:54.086, 19389
2026/09/26 20:32:54.586, 19389
2026/09/26 20:32:55.086, 19389
2026/09/26 20:32:55.586, 19389
2026/09/26 20:32:56.086, 19389
2026/09/26 20:32:56.586, 19389
2026/09/26 20:32:57.087, 19389
2026/09/26 20:32:57.587, 19389
2026/09/26 20:32:58.088, 19389
2026/09/26 20:32:58.588, 19389
2026/09/26 20:32:59.088, 19389
2026/09/26 20:32:59.588, 19389
2026/09/26 20:33:00.088, 19389
2026/09/26 20:33:00.588, 19389
2026/09/26 20:33:01.089, 19389
2026/09/26 20:33:01.589, 19389
2026/09/26 20:33:02.089, 19389
2026/09/26 20:33:02.589, 19389
2026/09/26 20:33:03.089, 19389
2026/09/26 20:33:03.589, 19389
2026/09/26 20:33:04.090, 19389
2026/09/26 20:33:04.590, 19389
2026/09/26 20:33:05.090, 19389
2026/09/26 20:33:05.590, 19389
2026/09/26 20:33:06.090, 19389
2026/09/26 20:33:06.590, 19389
2026/09/26 20:33:07.091, 19389
2026/09/26 20:33:07.591, 19389
2026/09/26 20:33:08.091, 19389
2026/09/26 20:33:08.591, 19389
2026/09/26 20:33:09.091, 19389
2026/09/26 20:33:09.591, 19389
2026/09/26 20:33:10.092, 19389
2026/09/26 20:33:10.592, 19389
2026/09/26 20:33:11.092, 19389
2026/09/26 20:33:11.592, 19389
2026/09/26 20:33:12.092, 19389
2026/09/26 20:33:12.592, 19389
2026/09/26 20:33:13.093, 19389
2026/09/26 20:33:13.593, 19389
2026/09/26 20:33:14.093, 19389
2026/09/26 20:33:14.593, 19389
2026/09/26 20:33:15.093, 19389
2026/09/26 20:33:15.593, 19389
2026/09/26 20:33:16.094, 19389
2026/09/26 20:33:16.594, 19389
2026/09/26 20:33:17.094, 19389
2026/09/26 20:33:17.594, 19389
2026/09/26 20:33:18.094, 19389
2026/09/26 20:33:18.594, 19389
2026/09/26 20:33:19.094, 19389
2026/09/26 20:33:19.594, 19389
2026/09/26 20:33:20.095, 19389
2026/09/26 20:33:20.595, 19389
2026/09/26 20:33:21.095, 19389
2026/09/26 20:33:21.595, 19389
2026/09/26 20:33:22.095, 19389
2026/09/26 20:33:22.595, 19389
2026/09/26 20:33:23.096, 19389
2026/09/26 20:33:23.596, 19389
2026/09/26 20:33:24.096, 19389
2026/09/26 20:33:24.596, 19389
2026/09/26 20:33:25.096, 19389
2026/09/26 20:33:25.597, 19389
2026/09/26 20:33:26.097, 19389
2026/09/26 20:33:26.597, 19389
2026/09/26 20:33:27.097, 19389
2026/09/26 20:33:27.597, 19389
2026/09/26 20:33:28.097, 19389
2026/09/26 20:33:28.598, 19389
2026/09/26 20:33:29.098, 19389
2026/09/26 20:33:29.598, 19389
2026/09/26 20:33:30.098, 19389
2026/09/26 20:33:30.598, 19389
2026/09/26 20:33:31.098, 19389
2026/09/26 20:33:31.598, 19389
2026/09/26 20:33:32.099, 19389
2026/09/26 20:33:32.599, 19579
2026/09/26 20:33:33.099, 19579
2026/09/26 20:33:33.599, 19579
2026/09/26 20:33:34.099, 19579
2026/09/26 20:33:34.599, 19579
2026/09/26 20:33:35.100, 19579
2026/09/26 20:33:35.600, 19579
2026/09/26 20:33:36.100, 19579
2026/09/26 20:33:36.600, 19579
2026/09/26 20:33:37.100, 19579
2026/09/26 20:33:37.600, 19579
2026/09/26 20:33:38.101, 19579
2026/09/26 20:33:38.601, 19579
2026/09/26 20:33:39.101, 19579
2026/09/26 20:33:39.601, 19579
2026/09/26 20:33:40.101, 19579
2026/09/26 20:33:40.602, 19579
2026/09/26 20:33:41.102, 19579
2026/09/26 20:33:41.602, 19579
2026/09/26 20:33:42.103, 19579
2026/09/26 20:33:42.603, 19579
2026/09/26 20:33:43.104, 19579
2026/09/26 20:33:43.604, 19579
2026/09/26 20:33:44.104, 19579
2026/09/26 20:33:44.604, 19579
2026/09/26 20:33:45.104, 19579
2026/09/26 20:33:45.604, 19579
2026/09/26 20:33:46.105, 19579
2026/09/26 20:33:46.605, 19579
2026/09/26 20:33:47.105, 19579
2026/09/26 20:33:47.605, 19579
2026/09/26 20:33:48.105, 19579
2026/09/26 20:33:48.605, 19579
2026/09/26 20:33:49.106, 19579
2026/09/26 20:33:49.606, 19579
2026/09/26 20:33:50.106, 19579
2026/09/26 20:33:50.606, 19579
2026/09/26 20:33:51.106, 19579
2026/09/26 20:33:51.606, 19579
2026/09/26 20:33:52.107, 19579
2026/09/26 20:33:52.607, 19579
2026/09/26 20:33:53.107, 19579
2026/09/26 20:33:53.607, 19579
2026/09/26 20:33:54.107, 19579
2026/09/26 20:33:54.607, 19579
2026/09/26 20:33:55.108, 19579
2026/09/26 20:33:55.608, 19579
2026/09/26 20:33:56.108, 19579
2026/09/26 20:33:56.608, 19579
2026/09/26 20:33:57.108, 19579
2026/09/26 20:33:57.608, 19579
2026/09/26 20:33:58.109, 19579
2026/09/26 20:33:58.609, 19579
2026/09/26 20:33:59.109, 19579
2026/09/26 20:33:59.609, 19579
2026/09/26 20:34:00.109, 19579
2026/09/26 20:34:00.609, 19579
2026/09/26 20:34:01.110, 19579
2026/09/26 20:34:01.610, 19579
2026/09/26 20:34:02.110, 19579
2026/09/26 20:34:02.610, 19579
2026/09/26 20:34:03.111, 19579
2026/09/26 20:34:03.611, 19579
2026/09/26 20:34:04.111, 19579
2026/09/26 20:34:04.611, 19579
2026/09/26 20:34:05.111, 19579
2026/09/26 20:34:05.611, 19579
2026/09/26 20:34:06.112, 19579
2026/09/26 20:34:06.612, 19579
2026/09/26 20:34:07.112, 19579
2026/09/26 20:34:07.612, 19579
2026/09/26 20:34:08.112, 19579
2026/09/26 20:34:08.612, 19579
2026/09/26 20:34:09.113, 19579
2026/09/26 20:34:09.613, 19579
2026/09/26 20:34:10.113, 19579
2026/09/26 20:34:10.613, 19579
2026/09/26 20:34:11.113, 19579
2026/09/26 20:34:11.613, 19579
2026/09/26 20:34:12.114, 19579
2026/09/26 20:34:12.614, 19579
2026/09/26 20:34:13.114, 19579
2026/09/26 20:34:13.614, 19579
2026/09/26 20:34:14.114, 19579
2026/09/26 20:34:14.614, 19579
2026/09/26 20:34:15.115, 19579
2026/09/26 20:34:15.615, 19579
2026/09/26 20:34:16.115, 19579
2026/09/26 20:34:16.615, 19579
2026/09/26 20:34:17.115, 19579
2026/09/26 20:34:17.616, 19579
2026/09/26 20:34:18.116, 19579
2026/09/26 20:34:18.616, 19579
2026/09/26 20:34:19.116, 19579
2026/09/26 20:34:19.617, 19579
2026/09/26 20:34:20.117, 19579
2026/09/26 20:34:20.617, 19579
2026/09/26 20:34:21.117, 19579
2026/09/26 20:34:21.617, 19579
2026/09/26 20:34:22.117, 19579
2026/09/26 20:34:22.617, 19579
2026/09/26 20:34:23.118, 19579
2026/09/26 20:34:23.618, 19579
2026/09/26 20:34:24.118, 19579
2026/09/26 20:34:24.618, 19579
2026/09/26 20:34:25.118, 19579
2026/09/26 20:34:25.618, 19579
2026/09/26 20:34:26.119, 19579
2026/09/26 20:34:26.619, 19579
2026/09/26 20:34:27.119, 19579
2026/09/26 20:34:27.619, 19579
2026/09/26 20:34:28.119, 19579
2026/09/26 20:34:28.619, 19579
2026/09/26 20:34:29.120, 19579
2026/09/26 20:34:29.620, 19579
2026/09/26 20:34:30.120, 19579
2026/09/26 20:34:30.620, 19579
2026/09/26 20:34:31.120, 19579
2026/09/26 20:34:31.621, 19579
2026/09/26 20:34:32.121, 19579
2026/09/26 20:34:32.621, 19579
2026/09/26 20:34:33.121, 19579
2026/09/26 20:34:33.621, 19579
2026/09/26 20:34:34.121, 19579
2026/09/26 20:34:34.622, 19579
2026/09/26 20:34:35.122, 19579
2026/09/26 20:34:35.622, 19579
2026/09/26 20:34:36.122, 19579
2026/09/26 20:34:36.622, 19579
2026/09/26 20:34:37.122, 19579
2026/09/26 20:34:37.622, 19579
2026/09/26 20:34:38.123, 19579
2026/09/26 20:34:38.623, 19579
2026/09/26 20:34:39.123, 19579
2026/09/26 20:34:39.623, 19579
2026/09/26 20:34:40.123, 19579
2026/09/26 20:34:40.623, 19579
2026/09/26 20:34:41.123, 19579
2026/09/26 20:34:41.624, 19579
2026/09/26 20:34:42.124, 19579
2026/09/26 20:34:42.624, 19579
2026/09/26 20:34:43.124, 19579
2026/09/26 20:34:43.624, 19579
2026/09/26 20:34:44.124, 19579
2026/09/26 20:34:44.625, 19579
2026/09/26 20:34:45.125, 19579
2026/09/26 20:34:45.625, 19579
2026/09/26 20:34:46.125, 19579
2026/09/26 20:34:46.625, 19579
2026/09/26 20:34:47.126, 19579
2026/09/26 20:34:47.626, 19579
2026/09/26 20:34:48.126, 19579
2026/09/26 20:34:48.626, 19579
2026/09/26 20:34:49.126, 19579
2026/09/26 20:34:49.627, 19579
2026/09/26 20:34:50.127, 19579
2026/09/26 20:34:50.627, 19579
2026/09/26 20:34:51.127, 19579
2026/09/26 20:34:51.627, 19579
2026/09/26 20:34:52.127, 19579
2026/09/26 20:34:52.628, 19579
2026/09/26 20:34:53.128, 19579
2026/09/26 20:34:53.628, 19579
2026/09/26 20:34:54.128, 19579
2026/09/26 20:34:54.628, 19579
2026/09/26 20:34:55.128, 19579
2026/09/26 20:34:55.629, 19579
2026/09/26 20:34:56.129, 19579
2026/09/26 20:34:56.629, 19579
2026/09/26 20:34:57.129, 19579
2026/09/26 20:34:57.629, 19579
2026/09/26 20:34:58.129, 19579
2026/09/26 20:34:58.630, 19579
2026/09/26 20:34:59.130, 19579
2026/09/26 20:34:59.630, 19579
2026/09/26 20:35:00.130, 19579
2026/09/26 20:35:00.630, 19579
2026/09/26 20:35:01.130, 19579
2026/09/26 20:35:01.631, 19579
2026/09/26 20:35:02.131, 19579
2026/09/26 20:35:02.631, 19579
2026/09/26 20:35:03.131, 19579
2026/09/26 20:35:03.631, 19579
2026/09/26 20:35:04.131, 19579
2026/09/26 20:35:04.632, 19579
2026/09/26 20:35:05.132, 19579
2026/09/26 20:35:05.632, 19579
2026/09/26 20:35:06.132, 19579
2026/09/26 20:35:06.633, 19579
2026/09/26 20:35:07.133, 19579
2026/09/26 20:35:07.633, 19579
2026/09/26 20:35:08.133, 19579
2026/09/26 20:35:08.633, 19579
2026/09/26 20:35:09.133, 19579
2026/09/26 20:35:09.634, 19579
2026/09/26 20:35:10.134, 19579
2026/09/26 20:35:10.634, 19579
2026/09/26 20:35:11.134, 19579
2026/09/26 20:35:11.634, 19579
2026/09/26 20:35:12.134, 19579
2026/09/26 20:35:12.635, 19579
2026/09/26 20:35:13.135, 19579
2026/09/26 20:35:13.635, 19579
2026/09/26 20:35:14.142, 19579
2026/09/26 20:35:14.642, 19579
2026/09/26 20:35:15.142, 19579
2026/09/26 20:35:15.642, 19579
2026/09/26 20:35:16.142, 19579
2026/09/26 20:35:16.642, 19579
2026/09/26 20:35:17.143, 19579
2026/09/26 20:35:17.643, 19579
2026/09/26 20:35:18.143, 19579
2026/09/26 20:35:18.643, 19579
2026/09/26 20:35:19.152, 19579
2026/09/26 20:35:19.652, 19579
2026/09/26 20:35:20.152, 19579
2026/09/26 20:35:20.652, 19579
2026/09/26 20:35:21.153, 19579
2026/09/26 20:35:21.653, 19579
2026/09/26 20:35:22.153, 19579
2026/09/26 20:35:22.653, 19579
2026/09/26 20:35:23.153, 19579
2026/09/26 20:35:23.653, 19579
2026/09/26 20:35:24.153, 19579
2026/09/26 20:35:24.654, 19579
2026/09/26 20:35:25.154, 19579
2026/09/26 20:35:25.654, 19579
2026/09/26 20:35:26.154, 19579
2026/09/26 20:35:26.654, 19579
2026/09/26 20:35:27.154, 19579
2026/09/26 20:35:27.655, 19579
2026/09/26 20:35:28.155, 19579
2026/09/26 20:35:28.655, 19579
2026/09/26 20:35:29.155, 19579
2026/09/26 20:35:29.655, 19579
2026/09/26 20:35:30.155, 19579
2026/09/26 20:35:30.656, 19579
2026/09/26 20:35:31.156, 19579
2026/09/26 20:35:31.656, 19579
2026/09/26 20:35:32.156, 19579
2026/09/26 20:35:32.656, 19579
2026/09/26 20:35:33.157, 19579
2026/09/26 20:35:33.657, 19579
2026/09/26 20:35:34.157, 19579
2026/09/26 20:35:34.657, 19579
2026/09/26 20:35:35.157, 19579
2026/09/26 20:35:35.657, 19579
2026/09/26 20:35:36.158, 19579
2026/09/26 20:35:36.658, 19579
2026/09/26 20:35:37.158, 19579
2026/09/26 20:35:37.658, 19579
2026/09/26 20:35:38.158, 19579
2026/09/26 20:35:38.658, 19579
2026/09/26 20:35:39.159, 19579
2026/09/26 20:35:39.659, 19579
2026/09/26 20:35:40.159, 19579
2026/09/26 20:35:40.659, 19579
2026/09/26 20:35:41.159, 19579
2026/09/26 20:35:41.660, 19579
2026/09/26 20:35:42.160, 19579
2026/09/26 20:35:42.660, 19579
2026/09/26 20:35:43.160, 19579
2026/09/26 20:35:43.660, 19579
2026/09/26 20:35:44.160, 19579
2026/09/26 20:35:44.661, 19579
2026/09/26 20:35:45.161, 19579
2026/09/26 20:35:45.661, 19579
2026/09/26 20:35:46.161, 19579
2026/09/26 20:35:46.661, 19579
2026/09/26 20:35:47.161, 19579
2026/09/26 20:35:47.662, 19579
2026/09/26 20:35:48.162, 19579
2026/09/26 20:35:48.662, 19579
2026/09/26 20:35:49.162, 19579
2026/09/26 20:35:49.662, 19579
2026/09/26 20:35:50.162, 19579
2026/09/26 20:35:50.663, 19579
2026/09/26 20:35:51.163, 19579
2026/09/26 20:35:51.663, 19579
2026/09/26 20:35:52.163, 19579
2026/09/26 20:35:52.663, 19579
2026/09/26 20:35:53.163, 19579
2026/09/26 20:35:53.663, 19579
2026/09/26 20:35:54.164, 19579
2026/09/26 20:35:54.664, 19579
2026/09/26 20:35:55.164, 19579
2026/09/26 20:35:55.664, 19579
2026/09/26 20:35:56.164, 19579
2026/09/26 20:35:56.664, 19579
2026/09/26 20:35:57.165, 19579
2026/09/26 20:35:57.665, 19579
2026/09/26 20:35:58.165, 19579
2026/09/26 20:35:58.665, 19579
2026/09/26 20:35:59.165, 19579
2026/09/26 20:35:59.665, 19579
2026/09/26 20:36:00.166, 19579
2026/09/26 20:36:00.666, 19579
2026/09/26 20:36:01.166, 19579
2026/09/26 20:36:01.666, 19579
2026/09/26 20:36:02.166, 19579
2026/09/26 20:36:02.666, 19579
2026/09/26 20:36:03.167, 19579
2026/09/26 20:36:03.667, 19579
2026/09/26 20:36:04.167, 19579
2026/09/26 20:36:04.667, 19579
2026/09/26 20:36:05.167, 19579
2026/09/26 20:36:05.667, 19579
2026/09/26 20:36:06.168, 19579
2026/09/26 20:36:06.668, 19579
2026/09/26 20:36:07.168, 19579
2026/09/26 20:36:07.668, 19579
2026/09/26 20:36:08.168, 19579
2026/09/26 20:36:08.668, 19579
2026/09/26 20:36:09.169, 19579
2026/09/26 20:36:09.669, 19579
2026/09/26 20:36:10.169, 19579
2026/09/26 20:36:10.669, 19579
2026/09/26 20:36:11.169, 19579
2026/09/26 20:36:11.669, 19579
2026/09/26 20:36:12.169, 19579
2026/09/26 20:36:12.670, 19579
2026/09/26 20:36:13.170, 19579
2026/09/26 20:36:13.670, 19579
2026/09/26 20:36:14.170, 19579
2026/09/26 20:36:14.670, 19579
2026/09/26 20:36:15.170, 19579
2026/09/26 20:36:15.671, 19579
2026/09/26 20:36:16.171, 19579
2026/09/26 20:36:16.671, 19579
2026/09/26 20:36:17.171, 19579
2026/09/26 20:36:17.671, 19579
2026/09/26 20:36:18.171, 19579
2026/09/26 20:36:18.671, 19579
2026/09/26 20:36:19.172, 19579
2026/09/26 20:36:19.672, 19579
2026/09/26 20:36:20.172, 19579
2026/09/26 20:36:20.672, 19579
2026/09/26 20:36:21.172, 19579
2026/09/26 20:36:21.672, 19579
2026/09/26 20:36:22.173, 19579
2026/09/26 20:36:22.673, 19579
2026/09/26 20:36:23.173, 19579
2026/09/26 20:36:23.673, 19579
2026/09/26 20:36:24.173, 19579
2026/09/26 20:36:24.673, 19579
2026/09/26 20:36:25.173, 19579
2026/09/26 20:36:25.674, 19579
2026/09/26 20:36:26.174, 19579
2026/09/26 20:36:26.674, 19579
2026/09/26 20:36:27.174, 19579
2026/09/26 20:36:27.674, 19579
2026/09/26 20:36:28.174, 19579
2026/09/26 20:36:28.675, 19579
2026/09/26 20:36:29.175, 19579
2026/09/26 20:36:29.675, 19579
2026/09/26 20:36:30.175, 19579
2026/09/26 20:36:30.675, 19579
2026/09/26 20:36:31.175, 19579
2026/09/26 20:36:31.676, 19579
2026/09/26 20:36:32.176, 19579
2026/09/26 20:36:32.676, 19579
2026/09/26 20:36:33.176, 19579
2026/09/26 20:36:33.676, 19579
2026/09/26 20:36:34.176, 19579
2026/09/26 20:36:34.677, 19579
2026/09/26 20:36:35.177, 19579
2026/09/26 20:36:35.677, 19579
2026/09/26 20:36:36.177, 19579
2026/09/26 20:36:36.677, 19579
2026/09/26 20:36:37.177, 19579
2026/09/26 20:36:37.677, 19579
2026/09/26 20:36:38.178, 19579
2026/09/26 20:36:38.678, 19579
2026/09/26 20:36:39.178, 19579
2026/09/26 20:36:39.678, 19579
2026/09/26 20:36:40.178, 19579
2026/09/26 20:36:40.678, 19579
2026/09/26 20:36:41.179, 19579
2026/09/26 20:36:41.679, 19579
2026/09/26 20:36:42.179, 19579
2026/09/26 20:36:42.679, 19579
2026/09/26 20:36:43.179, 19579
2026/09/26 20:36:43.679, 19579
2026/09/26 20:36:44.180, 19579
2026/09/26 20:36:44.680, 19579
2026/09/26 20:36:45.180, 19579
2026/09/26 20:36:45.680, 19579
2026/09/26 20:36:46.180, 19579
2026/09/26 20:36:46.681, 19579
2026/09/26 20:36:47.181, 19579
2026/09/26 20:36:47.681, 19579
2026/09/26 20:36:48.181, 19579
2026/09/26 20:36:48.681, 19579
2026/09/26 20:36:49.181, 19579
2026/09/26 20:36:49.681, 19579
2026/09/26 20:36:50.182, 19579
2026/09/26 20:36:50.682, 19579
2026/09/26 20:36:51.182, 19579
2026/09/26 20:36:51.682, 19579
2026/09/26 20:36:52.182, 19579
2026/09/26 20:36:52.682, 19579
2026/09/26 20:36:53.183, 19579
2026/09/26 20:36:53.683, 19579
2026/09/26 20:36:54.183, 19579
2026/09/26 20:36:54.683, 19579
2026/09/26 20:36:55.183, 19579
2026/09/26 20:36:55.683, 19579
2026/09/26 20:36:56.184, 19579
2026/09/26 20:36:56.684, 19579
2026/09/26 20:36:57.184, 19579
2026/09/26 20:36:57.684, 19579
2026/09/26 20:36:58.184, 19579
2026/09/26 20:36:58.684, 19579
2026/09/26 20:36:59.185, 19579
2026/09/26 20:36:59.685, 19579
2026/09/26 20:37:00.185, 19579
2026/09/26 20:37:00.685, 19579
2026/09/26 20:37:01.185, 19579
2026/09/26 20:37:01.685, 19579
2026/09/26 20:37:02.186, 19579
2026/09/26 20:37:02.686, 19579
2026/09/26 20:37:03.186, 19579
2026/09/26 20:37:03.686, 19579
2026/09/26 20:37:04.186, 19579
2026/09/26 20:37:04.686, 19579
2026/09/26 20:37:05.187, 19579
2026/09/26 20:37:05.687, 19579
2026/09/26 20:37:06.187, 19579
2026/09/26 20:37:06.687, 19579
2026/09/26 20:37:07.187, 19579
2026/09/26 20:37:07.687, 19579
2026/09/26 20:37:08.188, 19579
2026/09/26 20:37:08.688, 19579
2026/09/26 20:37:09.188, 19579
2026/09/26 20:37:09.688, 19579
2026/09/26 20:37:10.188, 19579
2026/09/26 20:37:10.688, 19579
2026/09/26 20:37:11.189, 19579
2026/09/26 20:37:11.689, 19579
2026/09/26 20:37:12.189, 19579
2026/09/26 20:37:12.689, 19579
2026/09/26 20:37:13.189, 19579
2026/09/26 20:37:13.689, 19579
2026/09/26 20:37:14.190, 19579
2026/09/26 20:37:14.690, 19579
2026/09/26 20:37:15.190, 19579
2026/09/26 20:37:15.690, 19579
2026/09/26 20:37:16.190, 19579
2026/09/26 20:37:16.690, 19579
2026/09/26 20:37:17.191, 19579
2026/09/26 20:37:17.691, 19579
2026/09/26 20:37:18.191, 19579
2026/09/26 20:37:18.691, 19579
2026/09/26 20:37:19.191, 19579
2026/09/26 20:37:19.691, 19579
2026/09/26 20:37:20.192, 19579
2026/09/26 20:37:20.692, 19579
2026/09/26 20:37:21.192, 19579
2026/09/26 20:37:21.692, 19579
2026/09/26 20:37:22.192, 19579
2026/09/26 20:37:22.692, 19579
2026/09/26 20:37:23.193, 19579
2026/09/26 20:37:23.693, 19579
2026/09/26 20:37:24.193, 19579
2026/09/26 20:37:24.693, 19579
2026/09/26 20:37:25.193, 19579
2026/09/26 20:37:25.693, 19579
2026/09/26 20:37:26.194, 19579
2026/09/26 20:37:26.694, 19579
2026/09/26 20:37:27.194, 19579
2026/09/26 20:37:27.694, 19579
2026/09/26 20:37:28.194, 19579
2026/09/26 20:37:28.694, 19579
2026/09/26 20:37:29.195, 19579
2026/09/26 20:37:29.695, 19579
2026/09/26 20:37:30.195, 19579
2026/09/26 20:37:30.695, 19579
2026/09/26 20:37:31.195, 19579
2026/09/26 20:37:31.695, 19579
2026/09/26 20:37:32.196, 19579
2026/09/26 20:37:32.696, 19579
2026/09/26 20:37:33.196, 19579
2026/09/26 20:37:33.696, 19579
2026/09/26 20:37:34.196, 19579
2026/09/26 20:37:34.696, 19579
2026/09/26 20:37:35.197, 19579
2026/09/26 20:37:35.697, 19579
2026/09/26 20:37:36.197, 19579
2026/09/26 20:37:36.697, 19579
2026/09/26 20:37:37.197, 19579
2026/09/26 20:37:37.697, 19579
2026/09/26 20:37:38.197, 19579
2026/09/26 20:37:38.698, 19579
2026/09/26 20:37:39.198, 19579
2026/09/26 20:37:39.704, 19579
2026/09/26 20:37:40.204, 19579
2026/09/26 20:37:40.704, 19579
2026/09/26 20:37:41.204, 19579
2026/09/26 20:37:41.704, 19579
2026/09/26 20:37:42.205, 19579
2026/09/26 20:37:42.705, 19579
2026/09/26 20:37:43.205, 19579
2026/09/26 20:37:43.705, 19579
2026/09/26 20:37:44.205, 19579
2026/09/26 20:37:44.705, 19579
2026/09/26 20:37:45.206, 19579
2026/09/26 20:37:45.706, 19579
2026/09/26 20:37:46.206, 19579
2026/09/26 20:37:46.706, 19579
2026/09/26 20:37:47.206, 19579
2026/09/26 20:37:47.706, 19579
2026/09/26 20:37:48.206, 19579
2026/09/26 20:37:48.707, 19579
2026/09/26 20:37:49.207, 19579
2026/09/26 20:37:49.707, 19579
2026/09/26 20:37:50.207, 19579
2026/09/26 20:37:50.707, 19579
2026/09/26 20:37:51.207, 19579
2026/09/26 20:37:51.708, 19579
2026/09/26 20:37:52.209, 19579
2026/09/26 20:37:52.709, 19579
2026/09/26 20:37:53.209, 19579
2026/09/26 20:37:53.709, 19579
2026/09/26 20:37:54.210, 19579
2026/09/26 20:37:54.710, 19579
2026/09/26 20:37:55.210, 19579
2026/09/26 20:37:55.710, 19579
2026/09/26 20:37:56.210, 19579
2026/09/26 20:37:56.710, 19579
2026/09/26 20:37:57.211, 19579
2026/09/26 20:37:57.711, 19579
2026/09/26 20:37:58.211, 19579
2026/09/26 20:37:58.711, 19579
2026/09/26 20:37:59.211, 19579
2026/09/26 20:37:59.711, 19579
2026/09/26 20:38:00.212, 19579
2026/09/26 20:38:00.712, 19579
2026/09/26 20:38:01.212, 19579
2026/09/26 20:38:01.712, 19579
2026/09/26 20:38:02.212, 19579
2026/09/26 20:38:02.712, 19579
2026/09/26 20:38:03.212, 19579
2026/09/26 20:38:03.713, 19579
2026/09/26 20:38:04.213, 19579
2026/09/26 20:38:04.713, 19579
2026/09/26 20:38:05.213, 19579
2026/09/26 20:38:05.713, 19579
2026/09/26 20:38:06.213, 19579
2026/09/26 20:38:06.714, 19579
2026/09/26 20:38:07.214, 19579
2026/09/26 20:38:07.714, 19579
2026/09/26 20:38:08.214, 19579
2026/09/26 20:38:08.714, 19579
2026/09/26 20:38:09.214, 19579
2026/09/26 20:38:09.715, 19579
2026/09/26 20:38:10.215, 19579
2026/09/26 20:38:10.715, 19579
2026/09/26 20:38:11.215, 19579
2026/09/26 20:38:11.715, 19579
2026/09/26 20:38:12.215, 19579
2026/09/26 20:38:12.716, 19579
2026/09/26 20:38:13.216, 19579
2026/09/26 20:38:13.716, 19579
2026/09/26 20:38:14.216, 19579
2026/09/26 20:38:14.716, 19579
2026/09/26 20:38:15.217, 19579
2026/09/26 20:38:15.717, 19579
2026/09/26 20:38:16.217, 19579
2026/09/26 20:38:16.717, 19579
2026/09/26 20:38:17.217, 19579
2026/09/26 20:38:17.718, 19579
2026/09/26 20:38:18.218, 19579
2026/09/26 20:38:18.718, 19579
2026/09/26 20:38:19.218, 19579
2026/09/26 20:38:19.718, 19579
2026/09/26 20:38:20.218, 19579
2026/09/26 20:38:20.719, 19579
2026/09/26 20:38:21.219, 19579
2026/09/26 20:38:21.719, 19579
2026/09/26 20:38:22.219, 19579
2026/09/26 20:38:22.719, 19579
2026/09/26 20:38:23.219, 19579
2026/09/26 20:38:23.720, 19579
2026/09/26 20:38:24.220, 19579
2026/09/26 20:38:24.720, 19579
2026/09/26 20:38:25.220, 19579
2026/09/26 20:38:25.720, 19579
2026/09/26 20:38:26.220, 19579
2026/09/26 20:38:26.721, 19579
2026/09/26 20:38:27.221, 19579
2026/09/26 20:38:27.721, 19579
2026/09/26 20:38:28.221, 19579
2026/09/26 20:38:28.721, 19579
2026/09/26 20:38:29.221, 19579
2026/09/26 20:38:29.722, 19579
2026/09/26 20:38:30.222, 19579
2026/09/26 20:38:30.722, 19579
2026/09/26 20:38:31.222, 19579
2026/09/26 20:38:31.722, 19579
2026/09/26 20:38:32.222, 19579
2026/09/26 20:38:32.723, 19579
2026/09/26 20:38:33.223, 19579
2026/09/26 20:38:33.723, 19579
2026/09/26 20:38:34.223, 19579
2026/09/26 20:38:34.723, 19579
2026/09/26 20:38:35.223, 19579
2026/09/26 20:38:35.724, 19579
2026/09/26 20:38:36.224, 19579
2026/09/26 20:38:36.724, 19579
2026/09/26 20:38:37.224, 19579
2026/09/26 20:38:37.724, 19579
2026/09/26 20:38:38.224, 19579
2026/09/26 20:38:38.725, 19579
2026/09/26 20:38:39.225, 19579
2026/09/26 20:38:39.725, 19579
2026/09/26 20:38:40.225, 19579
2026/09/26 20:38:40.725, 19579
2026/09/26 20:38:41.225, 19579
2026/09/26 20:38:41.726, 19579
2026/09/26 20:38:42.226, 19579
2026/09/26 20:38:42.726, 19579
2026/09/26 20:38:43.226, 19579
2026/09/26 20:38:43.726, 19579
2026/09/26 20:38:44.226, 19579
2026/09/26 20:38:44.727, 19579
2026/09/26 20:38:45.227, 19579
2026/09/26 20:38:45.727, 19579
2026/09/26 20:38:46.227, 19579
2026/09/26 20:38:46.727, 19579
2026/09/26 20:38:47.227, 19579
2026/09/26 20:38:47.728, 19579
2026/09/26 20:38:48.228, 19579
2026/09/26 20:38:48.728, 19579
2026/09/26 20:38:49.228, 19579
2026/09/26 20:38:49.728, 19579
2026/09/26 20:38:50.228, 19579
2026/09/26 20:38:50.728, 19579
2026/09/26 20:38:51.229, 19579
2026/09/26 20:38:51.729, 19579
2026/09/26 20:38:52.229, 19579
2026/09/26 20:38:52.729, 19579
2026/09/26 20:38:53.229, 19579
2026/09/26 20:38:53.729, 19579
2026/09/26 20:38:54.230, 19579
2026/09/26 20:38:54.730, 19579
2026/09/26 20:38:55.230, 19579
2026/09/26 20:38:55.730, 19579
2026/09/26 20:38:56.230, 19579
2026/09/26 20:38:56.730, 19579
2026/09/26 20:38:57.231, 19579
2026/09/26 20:38:57.731, 19579
2026/09/26 20:38:58.231, 19579
2026/09/26 20:38:58.731, 19579
2026/09/26 20:38:59.231, 19579
2026/09/26 20:38:59.731, 19579
2026/09/26 20:39:00.232, 19579
2026/09/26 20:39:00.732, 19579
2026/09/26 20:39:01.232, 19579
2026/09/26 20:39:01.732, 19579
2026/09/26 20:39:02.232, 19579
2026/09/26 20:39:02.732, 19579
2026/09/26 20:39:03.233, 19579
2026/09/26 20:39:03.733, 19579
2026/09/26 20:39:04.233, 19579
2026/09/26 20:39:04.733, 19579
2026/09/26 20:39:05.233, 19579
2026/09/26 20:39:05.733, 19579
2026/09/26 20:39:06.234, 19579
2026/09/26 20:39:06.734, 19579
2026/09/26 20:39:07.234, 19579
2026/09/26 20:39:07.734, 19579
2026/09/26 20:39:08.234, 19579
2026/09/26 20:39:08.734, 19579
2026/09/26 20:39:09.234, 19579
2026/09/26 20:39:09.735, 19579
2026/09/26 20:39:10.235, 19579
2026/09/26 20:39:10.735, 19579
2026/09/26 20:39:11.235, 19579
2026/09/26 20:39:11.735, 19579
2026/09/26 20:39:12.235, 19579
2026/09/26 20:39:12.736, 19579
2026/09/26 20:39:13.236, 19579
2026/09/26 20:39:13.736, 19579
2026/09/26 20:39:14.236, 19579
2026/09/26 20:39:14.736, 19579
2026/09/26 20:39:15.236, 19579
2026/09/26 20:39:15.737, 19579
2026/09/26 20:39:16.237, 19579
2026/09/26 20:39:16.737, 19579
2026/09/26 20:39:17.237, 19579
2026/09/26 20:39:17.737, 19579
2026/09/26 20:39:18.237, 19579
2026/09/26 20:39:18.737, 19579
2026/09/26 20:39:19.238, 19883
2026/09/26 20:39:19.738, 19883
2026/09/26 20:39:20.238, 19883
2026/09/26 20:39:20.738, 19883
2026/09/26 20:39:21.238, 19883
2026/09/26 20:39:21.738, 19883
2026/09/26 20:39:22.239, 19883
2026/09/26 20:39:22.739, 19883
2026/09/26 20:39:23.239, 19883
2026/09/26 20:39:23.739, 19883
2026/09/26 20:39:24.239, 19883
2026/09/26 20:39:24.739, 19883
2026/09/26 20:39:25.240, 19883
2026/09/26 20:39:25.740, 19883
2026/09/26 20:39:26.240, 19883
2026/09/26 20:39:26.740, 19883
2026/09/26 20:39:27.240, 19883
2026/09/26 20:39:27.740, 19883
2026/09/26 20:39:28.241, 19883
2026/09/26 20:39:28.741, 19883
2026/09/26 20:39:29.241, 19883
2026/09/26 20:39:29.741, 19883
2026/09/26 20:39:30.241, 19883
2026/09/26 20:39:30.741, 19883
2026/09/26 20:39:31.242, 19883
2026/09/26 20:39:31.742, 19883
2026/09/26 20:39:32.242, 19883
2026/09/26 20:39:32.742, 19883
2026/09/26 20:39:33.242, 19883
2026/09/26 20:39:33.742, 19883
2026/09/26 20:39:34.242, 19883
2026/09/26 20:39:34.743, 19883
2026/09/26 20:39:35.243, 19883
2026/09/26 20:39:35.743, 19883
2026/09/26 20:39:36.243, 19883
2026/09/26 20:39:36.743, 19883
2026/09/26 20:39:37.243, 19883
2026/09/26 20:39:37.744, 19883
2026/09/26 20:39:38.244, 19883
2026/09/26 20:39:38.744, 19883
2026/09/26 20:39:39.244, 19883
2026/09/26 20:39:39.744, 19883
2026/09/26 20:39:40.244, 19883
2026/09/26 20:39:40.745, 19883
2026/09/26 20:39:41.245, 19883
2026/09/26 20:39:41.745, 19883
2026/09/26 20:39:42.245, 19883
2026/09/26 20:39:42.745, 19883
2026/09/26 20:39:43.245, 19883
2026/09/26 20:39:43.746, 19883
2026/09/26 20:39:44.246, 19883
2026/09/26 20:39:44.746, 19883
2026/09/26 20:39:45.246, 19883
2026/09/26 20:39:45.746, 19883
2026/09/26 20:39:46.247, 19883
2026/09/26 20:39:46.747, 19883
2026/09/26 20:39:47.247, 19883
2026/09/26 20:39:47.747, 19883
2026/09/26 20:39:48.247, 19883
2026/09/26 20:39:48.747, 19883
2026/09/26 20:39:49.247, 19883
2026/09/26 20:39:49.748, 19883
2026/09/26 20:39:50.248, 19883
2026/09/26 20:39:50.748, 19883
2026/09/26 20:39:51.248, 19883
2026/09/26 20:39:51.748, 19883
2026/09/26 20:39:52.248, 19883
2026/09/26 20:39:52.749, 19883
2026/09/26 20:39:53.249, 19883
2026/09/26 20:39:53.749, 19883
2026/09/26 20:39:54.249, 19883
2026/09/26 20:39:54.749, 19883
2026/09/26 20:39:55.249, 19883
2026/09/26 20:39:55.749, 19883
2026/09/26 20:39:56.250, 19883
2026/09/26 20:39:56.750, 19883
2026/09/26 20:39:57.250, 19883
2026/09/26 20:39:57.750, 19883
2026/09/26 20:39:58.250, 19883
2026/09/26 20:39:58.750, 19883
2026/09/26 20:39:59.251, 19883
2026/09/26 20:39:59.751, 19883
2026/09/26 20:40:00.251, 19883
2026/09/26 20:40:00.751, 19883
2026/09/26 20:40:01.251, 19883
2026/09/26 20:40:01.751, 19883
2026/09/26 20:40:02.251, 19883
2026/09/26 20:40:02.752, 19883
2026/09/26 20:40:03.252, 19883
2026/09/26 20:40:03.752, 19883
2026/09/26 20:40:04.252, 19883
2026/09/26 20:40:04.752, 19883
2026/09/26 20:40:05.252, 19883
2026/09/26 20:40:05.753, 19883
2026/09/26 20:40:06.253, 19883
2026/09/26 20:40:06.753, 19883
2026/09/26 20:40:07.253, 19883
2026/09/26 20:40:07.753, 19883
2026/09/26 20:40:08.253, 19883
2026/09/26 20:40:08.753, 19883
2026/09/26 20:40:09.254, 19883
2026/09/26 20:40:09.754, 19883
2026/09/26 20:40:10.254, 19883
2026/09/26 20:40:10.754, 19883
2026/09/26 20:40:11.254, 19883
2026/09/26 20:40:11.754, 19883
2026/09/26 20:40:12.254, 19883
2026/09/26 20:40:12.755, 19883
2026/09/26 20:40:13.255, 19883
2026/09/26 20:40:13.755, 19883
2026/09/26 20:40:14.255, 19883
2026/09/26 20:40:14.755, 19883
2026/09/26 20:40:15.255, 19883
2026/09/26 20:40:15.756, 19883
2026/09/26 20:40:16.256, 19883
2026/09/26 20:40:16.756, 19883
2026/09/26 20:40:17.256, 19883
2026/09/26 20:40:17.756, 19883
2026/09/26 20:40:18.256, 19883
2026/09/26 20:40:18.756, 19883
2026/09/26 20:40:19.257, 19883
2026/09/26 20:40:19.757, 19883
2026/09/26 20:40:20.257, 19883
2026/09/26 20:40:20.757, 19883
2026/09/26 20:40:21.257, 19883
2026/09/26 20:40:21.757, 19883
2026/09/26 20:40:22.258, 19883
2026/09/26 20:40:22.758, 19883
2026/09/26 20:40:23.258, 19883
2026/09/26 20:40:23.758, 19883
2026/09/26 20:40:24.258, 19883
2026/09/26 20:40:24.758, 19883
2026/09/26 20:40:25.259, 19883
2026/09/26 20:40:25.759, 19883
2026/09/26 20:40:26.259, 19883
2026/09/26 20:40:26.759, 19883
2026/09/26 20:40:27.259, 19883
2026/09/26 20:40:27.759, 19883
2026/09/26 20:40:28.260, 19883
2026/09/26 20:40:28.760, 19883
2026/09/26 20:40:29.260, 19883
2026/09/26 20:40:29.760, 19883
2026/09/26 20:40:30.260, 19883
2026/09/26 20:40:30.760, 19883
2026/09/26 20:40:31.261, 19883
2026/09/26 20:40:31.761, 19883
2026/09/26 20:40:32.261, 19883
2026/09/26 20:40:32.761, 19883
2026/09/26 20:40:33.261, 19883
2026/09/26 20:40:33.761, 19883
2026/09/26 20:40:34.262, 19883
2026/09/26 20:40:34.762, 19883
2026/09/26 20:40:35.262, 19883
2026/09/26 20:40:35.762, 19883
2026/09/26 20:40:36.262, 19883
2026/09/26 20:40:36.762, 19883
2026/09/26 20:40:37.262, 19883
2026/09/26 20:40:37.763, 19883
2026/09/26 20:40:38.263, 19883
2026/09/26 20:40:38.763, 19883
2026/09/26 20:40:39.263, 19883
2026/09/26 20:40:39.763, 19883
2026/09/26 20:40:40.264, 19883
2026/09/26 20:40:40.764, 19883
2026/09/26 20:40:41.264, 19883
2026/09/26 20:40:41.764, 19883
2026/09/26 20:40:42.264, 19883
2026/09/26 20:40:42.764, 19883
2026/09/26 20:40:43.265, 19883
2026/09/26 20:40:43.765, 19883
2026/09/26 20:40:44.265, 19883
2026/09/26 20:40:44.765, 19883
2026/09/26 20:40:45.265, 19883
2026/09/26 20:40:45.765, 19883
2026/09/26 20:40:46.266, 19883
2026/09/26 20:40:46.766, 19883
2026/09/26 20:40:47.266, 19883
2026/09/26 20:40:47.766, 19883
2026/09/26 20:40:48.266, 19883
2026/09/26 20:40:48.767, 19883
2026/09/26 20:40:49.267, 19883
2026/09/26 20:40:49.767, 19883
2026/09/26 20:40:50.267, 19883
2026/09/26 20:40:50.767, 19883
2026/09/26 20:40:51.267, 19883
2026/09/26 20:40:51.768, 19883
2026/09/26 20:40:52.268, 19883
2026/09/26 20:40:52.768, 19883
2026/09/26 20:40:53.268, 19883
2026/09/26 20:40:53.769, 19883
2026/09/26 20:40:54.269, 19883
2026/09/26 20:40:54.769, 19883
2026/09/26 20:40:55.269, 19883
2026/09/26 20:40:55.769, 19883
2026/09/26 20:40:56.269, 19883
2026/09/26 20:40:56.770, 19883
2026/09/26 20:40:57.270, 19883
2026/09/26 20:40:57.770, 19883
2026/09/26 20:40:58.270, 19883
2026/09/26 20:40:58.770, 19883
2026/09/26 20:40:59.271, 19883
2026/09/26 20:40:59.771, 19883
2026/09/26 20:41:00.271, 19883
2026/09/26 20:41:00.771, 19883
2026/09/26 20:41:01.271, 19883
2026/09/26 20:41:01.771, 19883
2026/09/26 20:41:02.272, 19883
2026/09/26 20:41:02.772, 19883
2026/09/26 20:41:03.272, 19883
2026/09/26 20:41:03.772, 19883
2026/09/26 20:41:04.272, 19883
2026/09/26 20:41:04.773, 19883
2026/09/26 20:41:05.273, 19883
2026/09/26 20:41:05.773, 19883
2026/09/26 20:41:06.273, 19883
2026/09/26 20:41:06.773, 19883
2026/09/26 20:41:07.273, 19883
2026/09/26 20:41:07.774, 19883
2026/09/26 20:41:08.274, 19883
2026/09/26 20:41:08.774, 19883
2026/09/26 20:41:09.274, 19883
2026/09/26 20:41:09.774, 19883
2026/09/26 20:41:10.274, 19883
2026/09/26 20:41:10.775, 19883
2026/09/26 20:41:11.275, 19883
2026/09/26 20:41:11.775, 19883
2026/09/26 20:41:12.275, 19883
2026/09/26 20:41:12.775, 19883
2026/09/26 20:41:13.275, 19883
2026/09/26 20:41:13.776, 19883
2026/09/26 20:41:14.276, 19883
2026/09/26 20:41:14.776, 19883
2026/09/26 20:41:15.276, 19883
2026/09/26 20:41:15.776, 19883
2026/09/26 20:41:16.277, 19883
2026/09/26 20:41:16.777, 19883
2026/09/26 20:41:17.277, 19883
2026/09/26 20:41:17.777, 19883
2026/09/26 20:41:18.277, 19883
2026/09/26 20:41:18.778, 19883
2026/09/26 20:41:19.278, 19883
2026/09/26 20:41:19.778, 19883
2026/09/26 20:41:20.278, 19883
2026/09/26 20:41:20.778, 19883
2026/09/26 20:41:21.278, 19883
2026/09/26 20:41:21.779, 19883
2026/09/26 20:41:22.279, 19883
2026/09/26 20:41:22.779, 19883
2026/09/26 20:41:23.279, 19883
2026/09/26 20:41:23.779, 19883
2026/09/26 20:41:24.279, 19883
2026/09/26 20:41:24.780, 19883
2026/09/26 20:41:25.280, 19883
2026/09/26 20:41:25.780, 19883
2026/09/26 20:41:26.280, 19883
2026/09/26 20:41:26.780, 19883
2026/09/26 20:41:27.280, 19883
2026/09/26 20:41:27.781, 19883
2026/09/26 20:41:28.281, 19883
2026/09/26 20:41:28.781, 19883
2026/09/26 20:41:29.281, 19883
2026/09/26 20:41:29.781, 19883
2026/09/26 20:41:30.281, 19883
2026/09/26 20:41:30.782, 19883
2026/09/26 20:41:31.282, 19883
2026/09/26 20:41:31.782, 19883
2026/09/26 20:41:32.282, 19883
2026/09/26 20:41:32.782, 19883
2026/09/26 20:41:33.282, 19883
2026/09/26 20:41:33.783, 19883
2026/09/26 20:41:34.283, 19883
2026/09/26 20:41:34.783, 19883
2026/09/26 20:41:35.283, 19883
2026/09/26 20:41:35.783, 19883
2026/09/26 20:41:36.283, 19883
2026/09/26 20:41:36.784, 19883
2026/09/26 20:41:37.284, 19883
2026/09/26 20:41:37.784, 19883
2026/09/26 20:41:38.284, 19883
2026/09/26 20:41:38.784, 19883
2026/09/26 20:41:39.284, 19883
2026/09/26 20:41:39.785, 19883
2026/09/26 20:41:40.285, 19883
2026/09/26 20:41:40.785, 19883
2026/09/26 20:41:41.285, 19883
2026/09/26 20:41:41.785, 19883
2026/09/26 20:41:42.285, 19883
2026/09/26 20:41:42.786, 19883
2026/09/26 20:41:43.286, 19883
2026/09/26 20:41:43.786, 19883
2026/09/26 20:41:44.286, 19883
2026/09/26 20:41:44.786, 19883
2026/09/26 20:41:45.287, 19883
2026/09/26 20:41:45.787, 19883
2026/09/26 20:41:46.287, 19883
2026/09/26 20:41:46.787, 19883
2026/09/26 20:41:47.287, 19883
2026/09/26 20:41:47.787, 19883
2026/09/26 20:41:48.288, 19883
2026/09/26 20:41:48.788, 19883
2026/09/26 20:41:49.288, 19883
2026/09/26 20:41:49.788, 19883
2026/09/26 20:41:50.288, 19883
2026/09/26 20:41:50.789, 19883
2026/09/26 20:41:51.289, 19883
2026/09/26 20:41:51.789, 19883
2026/09/26 20:41:52.289, 19883
2026/09/26 20:41:52.789, 19883
2026/09/26 20:41:53.289, 19883
2026/09/26 20:41:53.790, 19883
2026/09/26 20:41:54.290, 19883
2026/09/26 20:41:54.790, 19883
2026/09/26 20:41:55.290, 19883
2026/09/26 20:41:55.790, 19883
2026/09/26 20:41:56.290, 19883
2026/09/26 20:41:56.790, 19883
2026/09/26 20:41:57.291, 19883
2026/09/26 20:41:57.791, 19883
2026/09/26 20:41:58.291, 19883
2026/09/26 20:41:58.791, 19883
2026/09/26 20:41:59.291, 19883
2026/09/26 20:41:59.791, 19883
2026/09/26 20:42:00.292, 19883
2026/09/26 20:42:00.792, 19883
2026/09/26 20:42:01.292, 19883
2026/09/26 20:42:01.792, 19883
2026/09/26 20:42:02.293, 19883
2026/09/26 20:42:02.793, 19883
2026/09/26 20:42:03.293, 19883
2026/09/26 20:42:03.793, 19883
2026/09/26 20:42:04.293, 19883
2026/09/26 20:42:04.793, 19883
2026/09/26 20:42:05.294, 19883
2026/09/26 20:42:05.794, 19883
2026/09/26 20:42:06.294, 19883
2026/09/26 20:42:06.794, 19883
2026/09/26 20:42:07.294, 19883
2026/09/26 20:42:07.794, 19883
2026/09/26 20:42:08.295, 19883
2026/09/26 20:42:08.795, 19883
2026/09/26 20:42:09.295, 19883
2026/09/26 20:42:09.795, 19883
2026/09/26 20:42:10.295, 19883
2026/09/26 20:42:10.804, 19883
2026/09/26 20:42:11.304, 19883
2026/09/26 20:42:11.804, 19883
2026/09/26 20:42:12.305, 19883
2026/09/26 20:42:12.805, 19883
2026/09/26 20:42:13.305, 19883
2026/09/26 20:42:13.805, 19883
2026/09/26 20:42:14.305, 19883
2026/09/26 20:42:14.805, 19883
2026/09/26 20:42:15.305, 19883
2026/09/26 20:42:15.806, 19883
2026/09/26 20:42:16.306, 19883
2026/09/26 20:42:16.806, 19883
2026/09/26 20:42:17.306, 19883
2026/09/26 20:42:17.806, 19883
2026/09/26 20:42:18.306, 19883
2026/09/26 20:42:18.807, 19883
2026/09/26 20:42:19.307, 19883
2026/09/26 20:42:19.807, 19883
2026/09/26 20:42:20.307, 19883
2026/09/26 20:42:20.807, 19883
2026/09/26 20:42:21.307, 19883
2026/09/26 20:42:21.807, 19883
2026/09/26 20:42:22.308, 19883
2026/09/26 20:42:22.808, 19883
2026/09/26 20:42:23.308, 19883
2026/09/26 20:42:23.808, 19883
2026/09/26 20:42:24.308, 19883
2026/09/26 20:42:24.808, 19883
2026/09/26 20:42:25.309, 19883
2026/09/26 20:42:25.809, 19883
2026/09/26 20:42:26.309, 19883
2026/09/26 20:42:26.809, 19883
2026/09/26 20:42:27.309, 19883
2026/09/26 20:42:27.809, 19883
2026/09/26 20:42:28.309, 19883
2026/09/26 20:42:28.810, 19883
2026/09/26 20:42:29.310, 19883
2026/09/26 20:42:29.810, 19883
2026/09/26 20:42:30.310, 19883
2026/09/26 20:42:30.810, 19883
2026/09/26 20:42:31.310, 19883
2026/09/26 20:42:31.810, 19883
2026/09/26 20:42:32.311, 19883
2026/09/26 20:42:32.811, 19883
2026/09/26 20:42:33.311, 19883
2026/09/26 20:42:33.811, 19883
2026/09/26 20:42:34.311, 19883
2026/09/26 20:42:34.811, 19883
2026/09/26 20:42:35.311, 19883
2026/09/26 20:42:35.812, 19883
2026/09/26 20:42:36.312, 19883
2026/09/26 20:42:36.812, 19883
2026/09/26 20:42:37.312, 19883
2026/09/26 20:42:37.812, 19883
2026/09/26 20:42:38.312, 19883
2026/09/26 20:42:38.812, 19883
2026/09/26 20:42:39.313, 19883
2026/09/26 20:42:39.813, 19883
2026/09/26 20:42:40.313, 19883
2026/09/26 20:42:40.813, 19883
2026/09/26 20:42:41.313, 19883
2026/09/26 20:42:41.813, 19883
2026/09/26 20:42:42.314, 19883
2026/09/26 20:42:42.814, 19883
2026/09/26 20:42:43.314, 19883
2026/09/26 20:42:43.814, 19883
2026/09/26 20:42:44.314, 19883
2026/09/26 20:42:44.814, 19883
2026/09/26 20:42:45.314, 19883
2026/09/26 20:42:45.815, 19883
2026/09/26 20:42:46.315, 19883
2026/09/26 20:42:46.815, 19883
2026/09/26 20:42:47.315, 19883
2026/09/26 20:42:47.815, 19883
2026/09/26 20:42:48.315, 19883
2026/09/26 20:42:48.816, 19883
2026/09/26 20:42:49.316, 19883
2026/09/26 20:42:49.816, 19883
2026/09/26 20:42:50.316, 19883
2026/09/26 20:42:50.816, 19883
2026/09/26 20:42:51.316, 19883
2026/09/26 20:42:51.816, 19883
2026/09/26 20:42:52.317, 19883
2026/09/26 20:42:52.817, 19883
2026/09/26 20:42:53.317, 19883
2026/09/26 20:42:53.817, 19883
2026/09/26 20:42:54.317, 19883
2026/09/26 20:42:54.817, 19883
2026/09/26 20:42:55.317, 19883
2026/09/26 20:42:55.817, 19883
2026/09/26 20:42:56.317, 19883
2026/09/26 20:42:56.818, 19883
2026/09/26 20:42:57.318, 19883
2026/09/26 20:42:57.818, 19883
2026/09/26 20:42:58.318, 19883
2026/09/26 20:42:58.818, 19883
2026/09/26 20:42:59.318, 19883
2026/09/26 20:42:59.818, 19883
2026/09/26 20:43:00.318, 19883
2026/09/26 20:43:00.819, 19883
2026/09/26 20:43:01.319, 19883
2026/09/26 20:43:01.819, 19883
2026/09/26 20:43:02.319, 19883
2026/09/26 20:43:02.819, 19883
2026/09/26 20:43:03.319, 19883
2026/09/26 20:43:03.820, 19883
2026/09/26 20:43:04.320, 19883
2026/09/26 20:43:04.820, 19883
2026/09/26 20:43:05.320, 19883
2026/09/26 20:43:05.820, 19883
2026/09/26 20:43:06.320, 19883
2026/09/26 20:43:06.821, 19883
2026/09/26 20:43:07.321, 19883
2026/09/26 20:43:07.821, 19883
2026/09/26 20:43:08.321, 19883
2026/09/26 20:43:08.821, 19883
2026/09/26 20:43:09.321, 19883
2026/09/26 20:43:09.821, 19883
2026/09/26 20:43:10.322, 19883
2026/09/26 20:43:10.822, 19883
2026/09/26 20:43:11.322, 19883
2026/09/26 20:43:11.822, 19883
2026/09/26 20:43:12.322, 19883
2026/09/26 20:43:12.822, 19883
2026/09/26 20:43:13.322, 19883
2026/09/26 20:43:13.822, 19883
2026/09/26 20:43:14.323, 19883
2026/09/26 20:43:14.823, 19883
2026/09/26 20:43:15.323, 19883
2026/09/26 20:43:15.823, 19883
2026/09/26 20:43:16.323, 19883
2026/09/26 20:43:16.824, 19883
2026/09/26 20:43:17.324, 19883
2026/09/26 20:43:17.824, 19883
2026/09/26 20:43:18.324, 19883
2026/09/26 20:43:18.824, 19883
2026/09/26 20:43:19.325, 19883
2026/09/26 20:43:19.825, 19883
2026/09/26 20:43:20.325, 19883
2026/09/26 20:43:20.825, 19883
2026/09/26 20:43:21.325, 19883
2026/09/26 20:43:21.825, 19883
2026/09/26 20:43:22.326, 19883
2026/09/26 20:43:22.826, 19883
2026/09/26 20:43:23.326, 19883
2026/09/26 20:43:23.826, 19883
2026/09/26 20:43:24.326, 19883
2026/09/26 20:43:24.826, 19883
2026/09/26 20:43:25.327, 19883
2026/09/26 20:43:25.827, 19883
2026/09/26 20:43:26.327, 19883
2026/09/26 20:43:26.827, 19883
2026/09/26 20:43:27.327, 19883
2026/09/26 20:43:27.827, 19883
2026/09/26 20:43:28.327, 19883
2026/09/26 20:43:28.828, 19883
2026/09/26 20:43:29.328, 19883
2026/09/26 20:43:29.828, 19883
2026/09/26 20:43:30.328, 19883
2026/09/26 20:43:30.828, 19883
2026/09/26 20:43:31.328, 19883
2026/09/26 20:43:31.829, 19883
2026/09/26 20:43:32.329, 19883
2026/09/26 20:43:32.829, 19883
2026/09/26 20:43:33.329, 19883
2026/09/26 20:43:33.829, 19883
2026/09/26 20:43:34.329, 19883
2026/09/26 20:43:34.830, 19883
2026/09/26 20:43:35.330, 19883
2026/09/26 20:43:35.830, 19883
2026/09/26 20:43:36.330, 19883
2026/09/26 20:43:36.830, 19883
2026/09/26 20:43:37.330, 19883
2026/09/26 20:43:37.831, 19883
2026/09/26 20:43:38.331, 19883
2026/09/26 20:43:38.831, 19883
2026/09/26 20:43:39.331, 19883
2026/09/26 20:43:39.831, 19883
2026/09/26 20:43:40.331, 19883
2026/09/26 20:43:40.832, 19883
2026/09/26 20:43:41.332, 19883
2026/09/26 20:43:41.832, 19883
2026/09/26 20:43:42.332, 19883
2026/09/26 20:43:42.832, 19883
2026/09/26 20:43:43.333, 19883
2026/09/26 20:43:43.833, 19883
2026/09/26 20:43:44.333, 19883
2026/09/26 20:43:44.833, 19883
2026/09/26 20:43:45.333, 19883
2026/09/26 20:43:45.834, 19883
2026/09/26 20:43:46.334, 19883
2026/09/26 20:43:46.834, 19883
2026/09/26 20:43:47.334, 19883
2026/09/26 20:43:47.834, 19883
2026/09/26 20:43:48.334, 19883
2026/09/26 20:43:48.835, 19883
2026/09/26 20:43:49.335, 19883
2026/09/26 20:43:49.835, 19883
2026/09/26 20:43:50.335, 19883
2026/09/26 20:43:50.835, 19883
2026/09/26 20:43:51.335, 19883
2026/09/26 20:43:51.836, 19883
2026/09/26 20:43:52.336, 19883
2026/09/26 20:43:52.836, 19883
2026/09/26 20:43:53.336, 19883
2026/09/26 20:43:53.836, 19883
2026/09/26 20:43:54.336, 19883
2026/09/26 20:43:54.837, 19883
2026/09/26 20:43:55.337, 19883
2026/09/26 20:43:55.837, 19883
2026/09/26 20:43:56.337, 19883
2026/09/26 20:43:56.837, 19883
2026/09/26 20:43:57.337, 19883
2026/09/26 20:43:57.838, 19883
2026/09/26 20:43:58.338, 19883
2026/09/26 20:43:58.838, 19883
2026/09/26 20:43:59.338, 19883
2026/09/26 20:43:59.838, 19883
2026/09/26 20:44:00.338, 19883
2026/09/26 20:44:00.839, 19883
2026/09/26 20:44:01.339, 19883
2026/09/26 20:44:01.839, 19883
2026/09/26 20:44:02.339, 19883
2026/09/26 20:44:02.839, 19883
2026/09/26 20:44:03.339, 19883
2026/09/26 20:44:03.840, 19883
2026/09/26 20:44:04.340, 19883
2026/09/26 20:44:04.840, 19883
2026/09/26 20:44:05.340, 19883
2026/09/26 20:44:05.840, 19883
2026/09/26 20:44:06.340, 19883
2026/09/26 20:44:06.841, 19883
2026/09/26 20:44:07.341, 19883
2026/09/26 20:44:07.841, 19883
2026/09/26 20:44:08.341, 19883
2026/09/26 20:44:08.841, 19883
2026/09/26 20:44:09.341, 19883
2026/09/26 20:44:09.842, 19883
2026/09/26 20:44:10.342, 19883
2026/09/26 20:44:10.842, 19883
2026/09/26 20:44:11.342, 19883
2026/09/26 20:44:11.842, 19883
2026/09/26 20:44:12.342, 19883
2026/09/26 20:44:12.843, 19883
2026/09/26 20:44:13.343, 19883
2026/09/26 20:44:13.843, 19883
2026/09/26 20:44:14.343, 19883
2026/09/26 20:44:14.843, 19883
2026/09/26 20:44:15.343, 19883
2026/09/26 20:44:15.844, 19883
2026/09/26 20:44:16.344, 19883
2026/09/26 20:44:16.844, 19883
2026/09/26 20:44:17.344, 19883
2026/09/26 20:44:17.844, 19883
2026/09/26 20:44:18.344, 19883
2026/09/26 20:44:18.845, 19883
2026/09/26 20:44:19.345, 19883
2026/09/26 20:44:19.845, 19883
2026/09/26 20:44:20.345, 19883
2026/09/26 20:44:20.845, 19883
2026/09/26 20:44:21.345, 19883
2026/09/26 20:44:21.846, 19883
2026/09/26 20:44:22.346, 19883
2026/09/26 20:44:22.846, 19883
2026/09/26 20:44:23.346, 19883
2026/09/26 20:44:23.846, 19883
2026/09/26 20:44:24.346, 19883
2026/09/26 20:44:24.847, 19883
2026/09/26 20:44:25.347, 19883
2026/09/26 20:44:25.847, 19883
2026/09/26 20:44:26.347, 19883
2026/09/26 20:44:26.847, 19883
2026/09/26 20:44:27.347, 19883
2026/09/26 20:44:27.848, 19883
2026/09/26 20:44:28.348, 19883
2026/09/26 20:44:28.848, 19883
2026/09/26 20:44:29.348, 19883
2026/09/26 20:44:29.848, 19883
2026/09/26 20:44:30.348, 19883
2026/09/26 20:44:30.849, 19883
2026/09/26 20:44:31.349, 19883
2026/09/26 20:44:31.849, 19883
2026/09/26 20:44:32.349, 19883
2026/09/26 20:44:32.849, 19883
2026/09/26 20:44:33.349, 19883
2026/09/26 20:44:33.850, 19883
2026/09/26 20:44:34.350, 19883
2026/09/26 20:44:34.850, 19883
2026/09/26 20:44:35.350, 19883
2026/09/26 20:44:35.850, 19883
2026/09/26 20:44:36.350, 19883
2026/09/26 20:44:36.850, 19883
2026/09/26 20:44:37.351, 19883
2026/09/26 20:44:37.851, 19883
2026/09/26 20:44:38.351, 19883
2026/09/26 20:44:38.851, 19883
2026/09/26 20:44:39.351, 19883
2026/09/26 20:44:39.852, 19883
2026/09/26 20:44:40.352, 19883
2026/09/26 20:44:40.852, 19883
2026/09/26 20:44:41.352, 19883
2026/09/26 20:44:41.852, 19883
2026/09/26 20:44:42.352, 19883
2026/09/26 20:44:42.852, 19883
2026/09/26 20:44:43.353, 19883
2026/09/26 20:44:43.853, 19883
2026/09/26 20:44:44.353, 19883
2026/09/26 20:44:44.853, 19883
2026/09/26 20:44:45.353, 19883
2026/09/26 20:44:45.853, 19883
2026/09/26 20:44:46.353, 19883
2026/09/26 20:44:46.854, 19883
2026/09/26 20:44:47.354, 19883
2026/09/26 20:44:47.854, 19883
2026/09/26 20:44:48.354, 19883
2026/09/26 20:44:48.854, 19883
2026/09/26 20:44:49.354, 19883
2026/09/26 20:44:49.854, 19883
2026/09/26 20:44:50.355, 19883
2026/09/26 20:44:50.855, 19883
2026/09/26 20:44:51.355, 19883
2026/09/26 20:44:51.855, 19883
2026/09/26 20:44:52.355, 19883
2026/09/26 20:44:52.855, 19883
2026/09/26 20:44:53.355, 19883
2026/09/26 20:44:53.856, 19883
2026/09/26 20:44:54.356, 19883
2026/09/26 20:44:54.856, 19883
2026/09/26 20:44:55.356, 19883
2026/09/26 20:44:55.856, 19883
2026/09/26 20:44:56.356, 19883
2026/09/26 20:44:56.856, 19883
2026/09/26 20:44:57.357, 19883
2026/09/26 20:44:57.857, 19883
2026/09/26 20:44:58.357, 19883
2026/09/26 20:44:58.857, 19883
2026/09/26 20:44:59.357, 19883
2026/09/26 20:44:59.857, 19883
2026/09/26 20:45:00.358, 19883
2026/09/26 20:45:00.858, 19883
2026/09/26 20:45:01.358, 19883
2026/09/26 20:45:01.858, 19883
2026/09/26 20:45:02.359, 19883
2026/09/26 20:45:02.859, 19883
2026/09/26 20:45:03.359, 19883
2026/09/26 20:45:03.859, 19883
2026/09/26 20:45:04.359, 19883
2026/09/26 20:45:04.859, 19883
2026/09/26 20:45:05.359, 19883
2026/09/26 20:45:05.860, 19883
2026/09/26 20:45:06.360, 19883
2026/09/26 20:45:06.860, 19883
2026/09/26 20:45:07.360, 19883
2026/09/26 20:45:07.860, 19883
2026/09/26 20:45:08.360, 19883
2026/09/26 20:45:08.861, 19883
2026/09/26 20:45:09.361, 19883
2026/09/26 20:45:09.861, 19883
2026/09/26 20:45:10.361, 19883
2026/09/26 20:45:10.861, 19883
2026/09/26 20:45:11.361, 19883
2026/09/26 20:45:11.861, 19883
2026/09/26 20:45:12.362, 19883
2026/09/26 20:45:12.862, 19883
2026/09/26 20:45:13.362, 19883
2026/09/26 20:45:13.862, 19883
2026/09/26 20:45:14.362, 19883
2026/09/26 20:45:14.862, 19883
2026/09/26 20:45:15.362, 19883
2026/09/26 20:45:15.863, 19883
2026/09/26 20:45:16.363, 19883
2026/09/26 20:45:16.863, 19883
2026/09/26 20:45:17.363, 19883
2026/09/26 20:45:17.863, 19883
2026/09/26 20:45:18.363, 19883
2026/09/26 20:45:18.863, 19883
2026/09/26 20:45:19.364, 19883
2026/09/26 20:45:19.864, 19883
2026/09/26 20:45:20.364, 19883
2026/09/26 20:45:20.864, 19883
2026/09/26 20:45:21.364, 19883
2026/09/26 20:45:21.864, 19883
2026/09/26 20:45:22.365, 19883
2026/09/26 20:45:22.865, 19883
2026/09/26 20:45:23.365, 19883
2026/09/26 20:45:23.865, 19883
2026/09/26 20:45:24.365, 19883
2026/09/26 20:45:24.865, 19883
2026/09/26 20:45:25.365, 19883
2026/09/26 20:45:25.866, 19883
2026/09/26 20:45:26.366, 19883
2026/09/26 20:45:26.866, 19883
2026/09/26 20:45:27.366, 19883
2026/09/26 20:45:27.866, 19883
2026/09/26 20:45:28.366, 19883
2026/09/26 20:45:28.866, 19883
2026/09/26 20:45:29.367, 19883
2026/09/26 20:45:29.867, 19883
2026/09/26 20:45:30.367, 19883
2026/09/26 20:45:30.867, 19883
2026/09/26 20:45:31.367, 19883
2026/09/26 20:45:31.867, 19883
2026/09/26 20:45:32.367, 19883
2026/09/26 20:45:32.867, 19883
2026/09/26 20:45:33.368, 19883
2026/09/26 20:45:33.868, 19883
2026/09/26 20:45:34.368, 19883
2026/09/26 20:45:34.868, 19883
2026/09/26 20:45:35.368, 19883
2026/09/26 20:45:35.868, 19883
2026/09/26 20:45:36.368, 19883
2026/09/26 20:45:36.869, 19883
2026/09/26 20:45:37.369, 19883
2026/09/26 20:45:37.869, 19883
2026/09/26 20:45:38.369, 19883
2026/09/26 20:45:38.869, 19883
2026/09/26 20:45:39.369, 19883
2026/09/26 20:45:39.869, 19883
2026/09/26 20:45:40.370, 19883
2026/09/26 20:45:40.870, 19883
2026/09/26 20:45:41.370, 19883
2026/09/26 20:45:41.870, 19883
2026/09/26 20:45:42.370, 19883
2026/09/26 20:45:42.870, 19883
2026/09/26 20:45:43.370, 19883
2026/09/26 20:45:43.870, 19883
2026/09/26 20:45:44.371, 19883
2026/09/26 20:45:44.871, 19883
2026/09/26 20:45:45.371, 19883
2026/09/26 20:45:45.871, 19883
2026/09/26 20:45:46.371, 19883
2026/09/26 20:45:46.871, 19883
2026/09/26 20:45:47.371, 19883
2026/09/26 20:45:47.871, 19883
2026/09/26 20:45:48.372, 19883
2026/09/26 20:45:48.872, 19883
2026/09/26 20:45:49.372, 19883
2026/09/26 20:45:49.872, 19883
2026/09/26 20:45:50.372, 19883
2026/09/26 20:45:50.872, 19883
2026/09/26 20:45:51.372, 19883
2026/09/26 20:45:51.872, 19883
2026/09/26 20:45:52.373, 19883
2026/09/26 20:45:52.873, 19883
2026/09/26 20:45:53.373, 19883
2026/09/26 20:45:53.873, 19883
2026/09/26 20:45:54.373, 19883
2026/09/26 20:45:54.873, 19883
2026/09/26 20:45:55.373, 19883
2026/09/26 20:45:55.874, 19883
2026/09/26 20:45:56.374, 19883
2026/09/26 20:45:56.874, 19883
2026/09/26 20:45:57.374, 19883
2026/09/26 20:45:57.874, 19883
2026/09/26 20:45:58.374, 19883
2026/09/26 20:45:58.875, 19883
2026/09/26 20:45:59.375, 19883
2026/09/26 20:45:59.875, 19883
2026/09/26 20:46:00.375, 19883
2026/09/26 20:46:00.875, 19883
2026/09/26 20:46:01.375, 19883
2026/09/26 20:46:01.875, 19883
2026/09/26 20:46:02.376, 19883
2026/09/26 20:46:02.876, 19883
2026/09/26 20:46:03.376, 19883
2026/09/26 20:46:03.876, 19883
2026/09/26 20:46:04.376, 19883
2026/09/26 20:46:04.876, 19883
2026/09/26 20:46:05.377, 19883
2026/09/26 20:46:05.877, 19883
2026/09/26 20:46:06.377, 19883
2026/09/26 20:46:06.877, 19883
2026/09/26 20:46:07.377, 19883
2026/09/26 20:46:07.877, 19883
2026/09/26 20:46:08.378, 19883
2026/09/26 20:46:08.878, 19883
2026/09/26 20:46:09.378, 19883
2026/09/26 20:46:09.878, 19883
2026/09/26 20:46:10.378, 19883
2026/09/26 20:46:10.878, 19883
2026/09/26 20:46:11.379, 19883
2026/09/26 20:46:11.879, 19883
2026/09/26 20:46:12.379, 19883
2026/09/26 20:46:12.879, 19883
2026/09/26 20:46:13.379, 19883
2026/09/26 20:46:13.879, 19883
2026/09/26 20:46:14.380, 19883
2026/09/26 20:46:14.880, 19883
2026/09/26 20:46:15.380, 19883
2026/09/26 20:46:15.880, 19883
2026/09/26 20:46:16.380, 19883
2026/09/26 20:46:16.880, 19883
2026/09/26 20:46:17.380, 19883
2026/09/26 20:46:17.881, 19883
2026/09/26 20:46:18.381, 19883
2026/09/26 20:46:18.881, 19883
2026/09/26 20:46:19.381, 19883
2026/09/26 20:46:19.881, 19883
2026/09/26 20:46:20.381, 19883
2026/09/26 20:46:20.882, 19883
2026/09/26 20:46:21.382, 19883
2026/09/26 20:46:21.891, 19883
2026/09/26 20:46:22.391, 19883
2026/09/26 20:46:22.891, 19883
2026/09/26 20:46:23.391, 19883
2026/09/26 20:46:23.891, 19883
2026/09/26 20:46:24.391, 19883
2026/09/26 20:46:24.892, 19883
2026/09/26 20:46:25.392, 19883
2026/09/26 20:46:25.892, 19883
2026/09/26 20:46:26.392, 19883
2026/09/26 20:46:26.892, 19883
2026/09/26 20:46:27.393, 19883
2026/09/26 20:46:27.893, 19883
2026/09/26 20:46:28.393, 19883
2026/09/26 20:46:28.893, 19883
2026/09/26 20:46:29.393, 19883
2026/09/26 20:46:29.893, 19883
2026/09/26 20:46:30.393, 19883
2026/09/26 20:46:30.894, 19883
2026/09/26 20:46:31.394, 19883
2026/09/26 20:46:31.894, 19883
2026/09/26 20:46:32.394, 19883
2026/09/26 20:46:32.894, 19883
2026/09/26 20:46:33.394, 19883
2026/09/26 20:46:33.895, 19883
2026/09/26 20:46:34.395, 19883
2026/09/26 20:46:34.895, 19883
2026/09/26 20:46:35.395, 19883
2026/09/26 20:46:35.895, 19883
2026/09/26 20:46:36.395, 19883
2026/09/26 20:46:36.896, 19883
2026/09/26 20:46:37.396, 19883
2026/09/26 20:46:37.896, 19883
2026/09/26 20:46:38.396, 19883
2026/09/26 20:46:38.897, 19883
2026/09/26 20:46:39.397, 19883
2026/09/26 20:46:39.897, 19883
2026/09/26 20:46:40.397, 19883
2026/09/26 20:46:40.897, 19883
2026/09/26 20:46:41.397, 19883
2026/09/26 20:46:41.897, 19883
2026/09/26 20:46:42.398, 19883
2026/09/26 20:46:42.898, 19883
2026/09/26 20:46:43.398, 19883
2026/09/26 20:46:43.898, 19883
2026/09/26 20:46:44.398, 19883
2026/09/26 20:46:44.898, 19883
2026/09/26 20:46:45.399, 19883
2026/09/26 20:46:45.899, 19883
2026/09/26 20:46:46.399, 19883
2026/09/26 20:46:46.899, 19883
2026/09/26 20:46:47.399, 19883
2026/09/26 20:46:47.899, 19883
2026/09/26 20:46:48.400, 19883
2026/09/26 20:46:48.900, 19883
2026/09/26 20:46:49.400, 19883
2026/09/26 20:46:49.900, 19883
2026/09/26 20:46:50.400, 19883
2026/09/26 20:46:50.900, 19883
2026/09/26 20:46:51.400, 19883
2026/09/26 20:46:51.901, 19883
2026/09/26 20:46:52.401, 19883
2026/09/26 20:46:52.901, 19883
2026/09/26 20:46:53.401, 19883
2026/09/26 20:46:53.901, 19883
2026/09/26 20:46:54.401, 19883
2026/09/26 20:46:54.901, 19883
2026/09/26 20:46:55.402, 19883
2026/09/26 20:46:55.902, 19883
2026/09/26 20:46:56.402, 19883
2026/09/26 20:46:56.902, 19883
2026/09/26 20:46:57.402, 19883
2026/09/26 20:46:57.902, 19883
2026/09/26 20:46:58.402, 19883
2026/09/26 20:46:58.903, 19883
2026/09/26 20:46:59.403, 19883
2026/09/26 20:46:59.903, 19883
2026/09/26 20:47:00.403, 19883
2026/09/26 20:47:00.903, 19883
2026/09/26 20:47:01.403, 19883
2026/09/26 20:47:01.904, 19883
2026/09/26 20:47:02.404, 19883
2026/09/26 20:47:02.904, 19883
2026/09/26 20:47:03.404, 19883
2026/09/26 20:47:03.904, 19883
2026/09/26 20:47:04.404, 19883
2026/09/26 20:47:04.905, 19883
2026/09/26 20:47:05.405, 19883
2026/09/26 20:47:05.905, 19883
2026/09/26 20:47:06.405, 19883
2026/09/26 20:47:06.905, 19883
2026/09/26 20:47:07.405, 19883
2026/09/26 20:47:07.906, 19883
2026/09/26 20:47:08.406, 19883
2026/09/26 20:47:08.907, 19883
2026/09/26 20:47:09.407, 19883
2026/09/26 20:47:09.907, 19883
2026/09/26 20:47:10.407, 19883
2026/09/26 20:47:10.907, 19883
2026/09/26 20:47:11.407, 19883
2026/09/26 20:47:11.908, 19883
2026/09/26 20:47:12.408, 19883
2026/09/26 20:47:12.908, 19883
2026/09/26 20:47:13.408, 19883
2026/09/26 20:47:13.908, 19883
2026/09/26 20:47:14.408, 19883
2026/09/26 20:47:14.909, 19883
2026/09/26 20:47:15.409, 19883
2026/09/26 20:47:15.909, 19883
2026/09/26 20:47:16.409, 19883
2026/09/26 20:47:16.909, 19883
2026/09/26 20:47:17.409, 19883
2026/09/26 20:47:17.910, 19883
2026/09/26 20:47:18.410, 19883
2026/09/26 20:47:18.910, 19883
2026/09/26 20:47:19.410, 19883
2026/09/26 20:47:19.910, 19883
2026/09/26 20:47:20.410, 19883
2026/09/26 20:47:20.911, 19883
2026/09/26 20:47:21.411, 19883
2026/09/26 20:47:21.911, 19883
2026/09/26 20:47:22.411, 19883
2026/09/26 20:47:22.911, 19883
2026/09/26 20:47:23.412, 19883
2026/09/26 20:47:23.912, 19883
2026/09/26 20:47:24.412, 19883
2026/09/26 20:47:24.912, 19883
2026/09/26 20:47:25.412, 19883
2026/09/26 20:47:25.912, 19883
2026/09/26 20:47:26.413, 19883
2026/09/26 20:47:26.913, 19883
2026/09/26 20:47:27.413, 19883
2026/09/26 20:47:27.913, 19883
2026/09/26 20:47:28.413, 19883
2026/09/26 20:47:28.914, 19883
2026/09/26 20:47:29.414, 19883
2026/09/26 20:47:29.914, 19883
2026/09/26 20:47:30.414, 19883
2026/09/26 20:47:30.914, 19883
2026/09/26 20:47:31.414, 19883
2026/09/26 20:47:31.915, 19883
2026/09/26 20:47:32.415, 19883
2026/09/26 20:47:32.915, 19883
2026/09/26 20:47:33.415, 19883
2026/09/26 20:47:33.915, 19883
2026/09/26 20:47:34.415, 19883
2026/09/26 20:47:34.916, 19883
2026/09/26 20:47:35.416, 19883
2026/09/26 20:47:35.916, 19883
2026/09/26 20:47:36.416, 19883
2026/09/26 20:47:36.916, 19883
2026/09/26 20:47:37.416, 19883
2026/09/26 20:47:37.917, 19883
2026/09/26 20:47:38.417, 19883
2026/09/26 20:47:38.917, 19883
2026/09/26 20:47:39.417, 19883
2026/09/26 20:47:39.917, 19883
2026/09/26 20:47:40.417, 19883
2026/09/26 20:47:40.918, 19883
2026/09/26 20:47:41.418, 19883
2026/09/26 20:47:41.918, 19883
2026/09/26 20:47:42.418, 19883
2026/09/26 20:47:42.918, 19883
2026/09/26 20:47:43.419, 19883
2026/09/26 20:47:43.919, 19883
2026/09/26 20:47:44.419, 19883
2026/09/26 20:47:44.919, 19883
2026/09/26 20:47:45.419, 19883
2026/09/26 20:47:45.919, 19883
2026/09/26 20:47:46.420, 19883
2026/09/26 20:47:46.920, 19883
2026/09/26 20:47:47.420, 19883
2026/09/26 20:47:47.920, 19883
2026/09/26 20:47:48.420, 19883
2026/09/26 20:47:48.920, 19883
2026/09/26 20:47:49.421, 19883
2026/09/26 20:47:49.921, 19883
2026/09/26 20:47:50.421, 19883
2026/09/26 20:47:50.921, 19883
2026/09/26 20:47:51.421, 19883
2026/09/26 20:47:51.921, 19883
2026/09/26 20:47:52.422, 19883
2026/09/26 20:47:52.922, 19883
2026/09/26 20:47:53.422, 19883
2026/09/26 20:47:53.922, 19883
2026/09/26 20:47:54.422, 19883
2026/09/26 20:47:54.922, 19883
2026/09/26 20:47:55.423, 19883
2026/09/26 20:47:55.923, 19883
2026/09/26 20:47:56.423, 19883
2026/09/26 20:47:56.923, 19883
2026/09/26 20:47:57.423, 19883
2026/09/26 20:47:57.923, 19883
2026/09/26 20:47:58.424, 19883
2026/09/26 20:47:58.924, 19883
2026/09/26 20:47:59.424, 19883
2026/09/26 20:47:59.924, 19883
2026/09/26 20:48:00.424, 19883
2026/09/26 20:48:00.924, 19883
2026/09/26 20:48:01.424, 19883
2026/09/26 20:48:01.925, 19883
2026/09/26 20:48:02.425, 19883
2026/09/26 20:48:02.925, 19883
2026/09/26 20:48:03.425, 19883
2026/09/26 20:48:03.925, 19883
2026/09/26 20:48:04.425, 19883
2026/09/26 20:48:04.926, 19883
2026/09/26 20:48:05.426, 19883
2026/09/26 20:48:05.926, 19883
2026/09/26 20:48:06.426, 19883
2026/09/26 20:48:06.926, 19883
2026/09/26 20:48:07.426, 19883
2026/09/26 20:48:07.927, 19883
2026/09/26 20:48:08.427, 19883
2026/09/26 20:48:08.927, 19883
2026/09/26 20:48:09.427, 19883
2026/09/26 20:48:09.927, 19883
2026/09/26 20:48:10.427, 19883
2026/09/26 20:48:10.928, 19883
2026/09/26 20:48:11.428, 19883
2026/09/26 20:48:11.928, 19883
2026/09/26 20:48:12.428, 19883
2026/09/26 20:48:12.928, 19883
2026/09/26 20:48:13.428, 19883
2026/09/26 20:48:13.928, 19883
2026/09/26 20:48:14.429, 19883
2026/09/26 20:48:14.929, 19883
2026/09/26 20:48:15.429, 19883
2026/09/26 20:48:15.929, 19883
2026/09/26 20:48:16.429, 19883
2026/09/26 20:48:16.929, 19883
2026/09/26 20:48:17.430, 19883
2026/09/26 20:48:17.930, 19883
2026/09/26 20:48:18.430, 19883
2026/09/26 20:48:18.930, 19883
2026/09/26 20:48:19.430, 19883
2026/09/26 20:48:19.930, 19883
2026/09/26 20:48:20.430, 19883
2026/09/26 20:48:20.931, 19883
2026/09/26 20:48:21.431, 19883
2026/09/26 20:48:21.931, 19883
2026/09/26 20:48:22.431, 19883
2026/09/26 20:48:22.931, 19883
2026/09/26 20:48:23.431, 19883
2026/09/26 20:48:23.932, 19883
2026/09/26 20:48:24.432, 19883
2026/09/26 20:48:24.932, 19883
2026/09/26 20:48:25.432, 19883
2026/09/26 20:48:25.932, 19883
2026/09/26 20:48:26.433, 19883
2026/09/26 20:48:26.933, 19883
2026/09/26 20:48:27.433, 19883
2026/09/26 20:48:27.933, 19883
2026/09/26 20:48:28.433, 19883
2026/09/26 20:48:28.933, 19883
2026/09/26 20:48:29.433, 19883
2026/09/26 20:48:29.934, 19883
2026/09/26 20:48:30.434, 19883
2026/09/26 20:48:30.934, 19883
2026/09/26 20:48:31.434, 19883
2026/09/26 20:48:31.934, 19883
2026/09/26 20:48:32.434, 19883
2026/09/26 20:48:32.935, 19883
2026/09/26 20:48:33.435, 19883
2026/09/26 20:48:33.935, 19883
2026/09/26 20:48:34.435, 19883
2026/09/26 20:48:34.935, 19883
2026/09/26 20:48:35.435, 19883
2026/09/26 20:48:35.935, 19883
2026/09/26 20:48:36.436, 19883
2026/09/26 20:48:36.936, 19883
2026/09/26 20:48:37.436, 19883
2026/09/26 20:48:37.936, 19883
2026/09/26 20:48:38.436, 19883
2026/09/26 20:48:38.936, 19883
2026/09/26 20:48:39.437, 19883
2026/09/26 20:48:39.937, 19883
2026/09/26 20:48:40.437, 19883
2026/09/26 20:48:40.937, 19883
2026/09/26 20:48:41.437, 19883
2026/09/26 20:48:41.937, 19883
2026/09/26 20:48:42.438, 19883
2026/09/26 20:48:42.938, 19883
2026/09/26 20:48:43.438, 19883
2026/09/26 20:48:43.938, 19883
2026/09/26 20:48:44.438, 19883
2026/09/26 20:48:44.938, 19883
2026/09/26 20:48:45.438, 19883
2026/09/26 20:48:45.939, 19883
2026/09/26 20:48:46.439, 19883
2026/09/26 20:48:46.939, 19883
2026/09/26 20:48:47.439, 19883
2026/09/26 20:48:47.939, 19883
2026/09/26 20:48:48.439, 19883
2026/09/26 20:48:48.939, 19883
2026/09/26 20:48:49.440, 19883
2026/09/26 20:48:49.940, 19883
2026/09/26 20:48:50.440, 19883
2026/09/26 20:48:50.940, 19883
2026/09/26 20:48:51.440, 19883
2026/09/26 20:48:51.940, 19883
2026/09/26 20:48:52.441, 19883
2026/09/26 20:48:52.941, 19883
2026/09/26 20:48:53.441, 19883
2026/09/26 20:48:53.941, 19883
2026/09/26 20:48:54.441, 19883
2026/09/26 20:48:54.941, 19883
2026/09/26 20:48:55.441, 19883
2026/09/26 20:48:55.942, 19883
2026/09/26 20:48:56.442, 19883
2026/09/26 20:48:56.942, 19883
2026/09/26 20:48:57.442, 19883
2026/09/26 20:48:57.942, 19883
2026/09/26 20:48:58.442, 19883
2026/09/26 20:48:58.942, 19883
2026/09/26 20:48:59.443, 19883
2026/09/26 20:48:59.943, 19883
2026/09/26 20:49:00.443, 19883
2026/09/26 20:49:00.943, 19883
2026/09/26 20:49:01.443, 19883
2026/09/26 20:49:01.943, 19883
2026/09/26 20:49:02.444, 19883
2026/09/26 20:49:02.944, 19883
2026/09/26 20:49:03.444, 19883
2026/09/26 20:49:03.944, 19883
2026/09/26 20:49:04.444, 19883
2026/09/26 20:49:04.944, 19883
2026/09/26 20:49:05.445, 19883
2026/09/26 20:49:05.945, 19883
2026/09/26 20:49:06.445, 19883
2026/09/26 20:49:06.945, 19883
2026/09/26 20:49:07.445, 19883
2026/09/26 20:49:07.945, 19883
2026/09/26 20:49:08.446, 19883
2026/09/26 20:49:08.946, 19883
2026/09/26 20:49:09.446, 19883
2026/09/26 20:49:09.946, 19883
2026/09/26 20:49:10.446, 19883
2026/09/26 20:49:10.946, 19883
2026/09/26 20:49:11.447, 19883
2026/09/26 20:49:11.947, 19883
2026/09/26 20:49:12.447, 19883
2026/09/26 20:49:12.947, 19883
2026/09/26 20:49:13.447, 19883
2026/09/26 20:49:13.947, 19883
2026/09/26 20:49:14.448, 19883
2026/09/26 20:49:14.948, 19883
2026/09/26 20:49:15.448, 19883
2026/09/26 20:49:15.948, 19883
2026/09/26 20:49:16.448, 19883
2026/09/26 20:49:16.949, 19883
2026/09/26 20:49:17.449, 19883
2026/09/26 20:49:17.949, 19883
2026/09/26 20:49:18.449, 19883
2026/09/26 20:49:18.949, 19883
2026/09/26 20:49:19.449, 19883
2026/09/26 20:49:19.950, 19883
2026/09/26 20:49:20.450, 19883
2026/09/26 20:49:20.950, 19883
2026/09/26 20:49:21.450, 19883
2026/09/26 20:49:21.950, 19883
2026/09/26 20:49:22.450, 19883
2026/09/26 20:49:22.951, 19883
2026/09/26 20:49:23.451, 19883
2026/09/26 20:49:23.951, 19883
2026/09/26 20:49:24.451, 19883
2026/09/26 20:49:24.951, 19883
2026/09/26 20:49:25.451, 19883
2026/09/26 20:49:25.952, 19883
2026/09/26 20:49:26.452, 19883
2026/09/26 20:49:26.952, 19883
2026/09/26 20:49:27.452, 19883
2026/09/26 20:49:27.952, 19883
2026/09/26 20:49:28.452, 19883
2026/09/26 20:49:28.953, 19883
2026/09/26 20:49:29.453, 19883
2026/09/26 20:49:29.953, 19883
2026/09/26 20:49:30.453, 19883
2026/09/26 20:49:30.953, 19883
2026/09/26 20:49:31.453, 19883
2026/09/26 20:49:31.954, 19883
2026/09/26 20:49:32.454, 19883
2026/09/26 20:49:32.954, 19883
2026/09/26 20:49:33.454, 19883
2026/09/26 20:49:33.954, 19883
2026/09/26 20:49:34.455, 19883
2026/09/26 20:49:34.955, 19883
2026/09/26 20:49:35.455, 19883
2026/09/26 20:49:35.955, 19883
2026/09/26 20:49:36.455, 19883
2026/09/26 20:49:36.955, 19883
2026/09/26 20:49:37.456, 19883
2026/09/26 20:49:37.956, 19883
2026/09/26 20:49:38.456, 19883
2026/09/26 20:49:38.956, 19883
2026/09/26 20:49:39.456, 19883
2026/09/26 20:49:39.957, 19883
2026/09/26 20:49:40.457, 19883
2026/09/26 20:49:40.957, 19883
2026/09/26 20:49:41.457, 19883
2026/09/26 20:49:41.957, 19883
2026/09/26 20:49:42.458, 19883
2026/09/26 20:49:42.958, 19883
2026/09/26 20:49:43.458, 19883
2026/09/26 20:49:43.958, 19883
2026/09/26 20:49:44.458, 19883
2026/09/26 20:49:44.958, 19883
2026/09/26 20:49:45.459, 19883
2026/09/26 20:49:45.959, 19883
2026/09/26 20:49:46.459, 19883
2026/09/26 20:49:46.959, 19883
2026/09/26 20:49:47.459, 19883
2026/09/26 20:49:47.959, 19883
2026/09/26 20:49:48.460, 19883
2026/09/26 20:49:48.960, 19883
2026/09/26 20:49:49.460, 19883
2026/09/26 20:49:49.960, 19883
2026/09/26 20:49:50.461, 19883
2026/09/26 20:49:50.961, 19883
2026/09/26 20:49:51.461, 19883
2026/09/26 20:49:51.961, 19883
2026/09/26 20:49:52.461, 19883
2026/09/26 20:49:52.961, 19883
2026/09/26 20:49:53.462, 19883
2026/09/26 20:49:53.962, 19883
2026/09/26 20:49:54.462, 19883
2026/09/26 20:49:54.962, 19883
2026/09/26 20:49:55.462, 19883
2026/09/26 20:49:55.962, 19883
2026/09/26 20:49:56.462, 19883
2026/09/26 20:49:56.963, 19883
2026/09/26 20:49:57.463, 19883
2026/09/26 20:49:57.963, 19883
2026/09/26 20:49:58.463, 19883
2026/09/26 20:49:58.963, 19883
2026/09/26 20:49:59.463, 19883
2026/09/26 20:49:59.964, 19883
2026/09/26 20:50:00.464, 19883
2026/09/26 20:50:00.964, 19883
2026/09/26 20:50:01.464, 19883
2026/09/26 20:50:01.964, 19883
2026/09/26 20:50:02.464, 19883
2026/09/26 20:50:02.965, 19883
2026/09/26 20:50:03.465, 19883
2026/09/26 20:50:03.965, 19883
2026/09/26 20:50:04.465, 19883
2026/09/26 20:50:04.965, 19883
2026/09/26 20:50:05.465, 19883
2026/09/26 20:50:05.966, 19883
2026/09/26 20:50:06.466, 19883
2026/09/26 20:50:06.966, 19883
2026/09/26 20:50:07.466, 19883
2026/09/26 20:50:07.966, 19883
2026/09/26 20:50:08.466, 19883
2026/09/26 20:50:08.967, 19883
2026/09/26 20:50:09.467, 19883
2026/09/26 20:50:09.967, 19883
2026/09/26 20:50:10.467, 19883
2026/09/26 20:50:10.967, 19883
2026/09/26 20:50:11.467, 19883
2026/09/26 20:50:11.967, 19883
2026/09/26 20:50:12.468, 19883
2026/09/26 20:50:12.968, 19883
2026/09/26 20:50:13.468, 19883
2026/09/26 20:50:13.968, 19883
2026/09/26 20:50:14.468, 19883
2026/09/26 20:50:14.969, 19883
2026/09/26 20:50:15.469, 19883
2026/09/26 20:50:15.969, 19883
2026/09/26 20:50:16.469, 19883
2026/09/26 20:50:16.969, 19883
2026/09/26 20:50:17.469, 19883
2026/09/26 20:50:17.970, 19883
2026/09/26 20:50:18.470, 19883
2026/09/26 20:50:18.970, 19883
2026/09/26 20:50:19.470, 19883
2026/09/26 20:50:19.970, 19883
2026/09/26 20:50:20.470, 19883
2026/09/26 20:50:20.970, 19883
2026/09/26 20:50:21.471, 19883
2026/09/26 20:50:21.971, 19883
2026/09/26 20:50:22.471, 19883
2026/09/26 20:50:22.971, 19883
2026/09/26 20:50:23.471, 19883
2026/09/26 20:50:23.971, 19883
2026/09/26 20:50:24.472, 19883
2026/09/26 20:50:24.972, 19883
2026/09/26 20:50:25.472, 19883
2026/09/26 20:50:25.972, 19883
2026/09/26 20:50:26.472, 19883
2026/09/26 20:50:26.972, 19883
2026/09/26 20:50:27.473, 19883
2026/09/26 20:50:27.973, 19883
2026/09/26 20:50:28.473, 19883
2026/09/26 20:50:28.973, 19883
2026/09/26 20:50:29.473, 19883
2026/09/26 20:50:29.974, 19883
2026/09/26 20:50:30.474, 19883
2026/09/26 20:50:30.974, 19883
2026/09/26 20:50:31.474, 19883
2026/09/26 20:50:31.974, 19883
2026/09/26 20:50:32.475, 19883
2026/09/26 20:50:32.975, 19883
2026/09/26 20:50:33.475, 19883
2026/09/26 20:50:33.975, 19883
2026/09/26 20:50:34.475, 19883
2026/09/26 20:50:34.975, 19883
2026/09/26 20:50:35.476, 19883
2026/09/26 20:50:35.976, 19883
2026/09/26 20:50:36.476, 19883
2026/09/26 20:50:36.976, 19883
2026/09/26 20:50:37.476, 19883
2026/09/26 20:50:37.976, 19883
2026/09/26 20:50:38.477, 19883
2026/09/26 20:50:38.977, 19883
2026/09/26 20:50:39.477, 19883
2026/09/26 20:50:39.977, 19883
2026/09/26 20:50:40.477, 19883
2026/09/26 20:50:40.977, 19883
2026/09/26 20:50:41.478, 19883
2026/09/26 20:50:41.978, 19883
2026/09/26 20:50:42.478, 19883
2026/09/26 20:50:42.978, 19883
2026/09/26 20:50:43.478, 19883
2026/09/26 20:50:43.978, 19883
2026/09/26 20:50:44.479, 19883
2026/09/26 20:50:44.979, 19883
2026/09/26 20:50:45.479, 19883
2026/09/26 20:50:45.979, 19883
2026/09/26 20:50:46.479, 19883
2026/09/26 20:50:46.979, 19883
2026/09/26 20:50:47.480, 19883
2026/09/26 20:50:47.980, 19883
2026/09/26 20:50:48.480, 19883
2026/09/26 20:50:48.980, 19883
2026/09/26 20:50:49.480, 19883
2026/09/26 20:50:49.981, 19883
2026/09/26 20:50:50.481, 19883
2026/09/26 20:50:50.981, 19883
2026/09/26 20:50:51.481, 19883
2026/09/26 20:50:51.982, 19883
2026/09/26 20:50:52.482, 19883
2026/09/26 20:50:52.982, 19883
2026/09/26 20:50:53.482, 19883
2026/09/26 20:50:53.982, 19883
2026/09/26 20:50:54.482, 19883
2026/09/26 20:50:54.983, 19883
2026/09/26 20:50:55.483, 19883
2026/09/26 20:50:55.983, 19883
2026/09/26 20:50:56.483, 19883
2026/09/26 20:50:56.983, 19883
2026/09/26 20:50:57.483, 19883
2026/09/26 20:50:57.984, 19883
2026/09/26 20:50:58.484, 19883
2026/09/26 20:50:58.984, 19883
2026/09/26 20:50:59.484, 19883
2026/09/26 20:50:59.984, 19883
2026/09/26 20:51:00.485, 19883
2026/09/26 20:51:00.985, 19883
2026/09/26 20:51:01.485, 19883
2026/09/26 20:51:01.985, 19883
2026/09/26 20:51:02.485, 19883
2026/09/26 20:51:02.985, 19883
2026/09/26 20:51:03.486, 19883
2026/09/26 20:51:03.986, 19883
2026/09/26 20:51:04.486, 19883
2026/09/26 20:51:04.986, 19883
2026/09/26 20:51:05.486, 19883
2026/09/26 20:51:05.986, 19883
2026/09/26 20:51:06.487, 19883
2026/09/26 20:51:06.987, 19883
2026/09/26 20:51:07.487, 19883
2026/09/26 20:51:07.987, 19883
2026/09/26 20:51:08.487, 19883
2026/09/26 20:51:08.987, 19883
2026/09/26 20:51:09.488, 19883
2026/09/26 20:51:09.988, 19883
2026/09/26 20:51:10.488, 19883
2026/09/26 20:51:10.988, 19883
2026/09/26 20:51:11.488, 19883
2026/09/26 20:51:11.988, 19883
2026/09/26 20:51:12.489, 19883
2026/09/26 20:51:12.989, 19883
2026/09/26 20:51:13.489, 19883
2026/09/26 20:51:13.989, 19883
2026/09/26 20:51:14.489, 19883
2026/09/26 20:51:14.989, 19883
2026/09/26 20:51:15.490, 19883
2026/09/26 20:51:15.990, 19883
2026/09/26 20:51:16.490, 19883
2026/09/26 20:51:16.990, 19883
2026/09/26 20:51:17.490, 19883
2026/09/26 20:51:17.990, 19883
2026/09/26 20:51:18.491, 19883
2026/09/26 20:51:18.991, 19883
2026/09/26 20:51:19.491, 19883
2026/09/26 20:51:19.991, 19883
2026/09/26 20:51:20.491, 19883
2026/09/26 20:51:20.991, 19883
2026/09/26 20:51:21.492, 19883
2026/09/26 20:51:21.992, 19883
2026/09/26 20:51:22.492, 19883
2026/09/26 20:51:22.992, 19883
2026/09/26 20:51:23.492, 19883
2026/09/26 20:51:23.992, 19883
2026/09/26 20:51:24.493, 19883
2026/09/26 20:51:24.993, 19883
2026/09/26 20:51:25.493, 19883
2026/09/26 20:51:25.993, 19883
2026/09/26 20:51:26.493, 19883
2026/09/26 20:51:26.994, 19883
2026/09/26 20:51:27.494, 19883
2026/09/26 20:51:27.994, 19883
2026/09/26 20:51:28.494, 19883
2026/09/26 20:51:28.995, 19883
2026/09/26 20:51:29.495, 19883
2026/09/26 20:51:29.995, 19883
2026/09/26 20:51:30.495, 19883
2026/09/26 20:51:30.996, 19883
2026/09/26 20:51:31.496, 19883
2026/09/26 20:51:31.996, 19883
2026/09/26 20:51:32.496, 19883
2026/09/26 20:51:32.996, 19883
2026/09/26 20:51:33.496, 19883
2026/09/26 20:51:33.997, 19883
2026/09/26 20:51:34.497, 19883
2026/09/26 20:51:34.997, 19883
2026/09/26 20:51:35.497, 19883
2026/09/26 20:51:35.997, 19883
2026/09/26 20:51:36.497, 19883
2026/09/26 20:51:36.997, 19883
2026/09/26 20:51:37.498, 19883
2026/09/26 20:51:37.998, 19883
2026/09/26 20:51:38.498, 19883
2026/09/26 20:51:38.998, 19883
2026/09/26 20:51:39.498, 19883
2026/09/26 20:51:39.998, 19883
2026/09/26 20:51:40.498, 19883
2026/09/26 20:51:40.999, 19883
2026/09/26 20:51:41.499, 19883
2026/09/26 20:51:41.999, 19883
2026/09/26 20:51:42.499, 19883
2026/09/26 20:51:42.999, 19883
2026/09/26 20:51:43.499, 19883
2026/09/26 20:51:43.999, 19883
2026/09/26 20:51:44.500, 19883
2026/09/26 20:51:45.000, 19883
2026/09/26 20:51:45.500, 19883
2026/09/26 20:51:46.000, 19883
2026/09/26 20:51:46.500, 19883
2026/09/26 20:51:47.000, 19883
2026/09/26 20:51:47.501, 19883
2026/09/26 20:51:48.001, 19883
2026/09/26 20:51:48.501, 19883
2026/09/26 20:51:49.001, 19883
2026/09/26 20:51:49.501, 19883
2026/09/26 20:51:50.001, 19883
2026/09/26 20:51:50.502, 19883
2026/09/26 20:51:51.002, 19883
2026/09/26 20:51:51.502, 19883
2026/09/26 20:51:52.002, 19883
2026/09/26 20:51:52.502, 19883
2026/09/26 20:51:53.002, 19883
2026/09/26 20:51:53.503, 19883
2026/09/26 20:51:54.003, 19883
2026/09/26 20:51:54.503, 19883
2026/09/26 20:51:55.003, 19883
2026/09/26 20:51:55.503, 19883
2026/09/26 20:51:56.003, 19883
2026/09/26 20:51:56.504, 19883
2026/09/26 20:51:57.004, 19883
2026/09/26 20:51:57.504, 19883
2026/09/26 20:51:58.004, 19883
2026/09/26 20:51:58.504, 19883
2026/09/26 20:51:59.004, 19883
2026/09/26 20:51:59.505, 19883
2026/09/26 20:52:00.005, 19883
2026/09/26 20:52:00.505, 19883
2026/09/26 20:52:01.005, 19883
2026/09/26 20:52:01.505, 19883
2026/09/26 20:52:02.005, 19883
2026/09/26 20:52:02.506, 19883
2026/09/26 20:52:03.006, 19883
2026/09/26 20:52:03.506, 19883
2026/09/26 20:52:04.006, 19883
2026/09/26 20:52:04.506, 19883
2026/09/26 20:52:05.006, 19883
2026/09/26 20:52:05.507, 19883
2026/09/26 20:52:06.007, 19883
2026/09/26 20:52:06.507, 19883
2026/09/26 20:52:07.007, 19883
2026/09/26 20:52:07.507, 19883
2026/09/26 20:52:08.008, 19883
2026/09/26 20:52:08.508, 19883
2026/09/26 20:52:09.008, 19883
2026/09/26 20:52:09.508, 19883
2026/09/26 20:52:10.008, 19883
2026/09/26 20:52:10.509, 19883
2026/09/26 20:52:11.009, 19883
2026/09/26 20:52:11.509, 19883
2026/09/26 20:52:12.009, 19883
2026/09/26 20:52:12.509, 19883
2026/09/26 20:52:13.010, 19883
2026/09/26 20:52:13.510, 19883
2026/09/26 20:52:14.010, 19883
2026/09/26 20:52:14.510, 19883
2026/09/26 20:52:15.010, 19883
2026/09/26 20:52:15.510, 19883
2026/09/26 20:52:16.011, 19883
2026/09/26 20:52:16.511, 19883
2026/09/26 20:52:17.011, 19883
2026/09/26 20:52:17.511, 19883
2026/09/26 20:52:18.011, 19883
2026/09/26 20:52:18.511, 19883
2026/09/26 20:52:19.012, 19883
2026/09/26 20:52:19.512, 19883
2026/09/26 20:52:20.012, 19883
2026/09/26 20:52:20.512, 19883
2026/09/26 20:52:21.012, 19883
2026/09/26 20:52:21.512, 19883
2026/09/26 20:52:22.013, 19883
2026/09/26 20:52:22.513, 19883
2026/09/26 20:52:23.013, 19883
2026/09/26 20:52:23.513, 19883
2026/09/26 20:52:24.013, 19883
2026/09/26 20:52:24.513, 19883
2026/09/26 20:52:25.014, 19883
2026/09/26 20:52:25.514, 19883
2026/09/26 20:52:26.014, 19883
2026/09/26 20:52:26.514, 19883
2026/09/26 20:52:27.014, 19883
2026/09/26 20:52:27.514, 19883
2026/09/26 20:52:28.015, 19883
2026/09/26 20:52:28.515, 19883
2026/09/26 20:52:29.015, 19883
2026/09/26 20:52:29.515, 19883
2026/09/26 20:52:30.015, 19883
2026/09/26 20:52:30.516, 19883
2026/09/26 20:52:31.016, 19883
2026/09/26 20:52:31.516, 19883
2026/09/26 20:52:32.016, 19883
2026/09/26 20:52:32.516, 19883
2026/09/26 20:52:33.016, 19883
2026/09/26 20:52:33.517, 19883
2026/09/26 20:52:34.017, 19883
2026/09/26 20:52:34.517, 19883
2026/09/26 20:52:35.017, 19883
2026/09/26 20:52:35.517, 19883
2026/09/26 20:52:36.017, 19883
2026/09/26 20:52:36.518, 19883
2026/09/26 20:52:37.018, 19883
2026/09/26 20:52:37.518, 19883
2026/09/26 20:52:38.018, 19883
2026/09/26 20:52:38.518, 19883
2026/09/26 20:52:39.018, 19883
2026/09/26 20:52:39.519, 19883
2026/09/26 20:52:40.019, 19883
2026/09/26 20:52:40.519, 19883
2026/09/26 20:52:41.019, 19883
2026/09/26 20:52:41.519, 19883
2026/09/26 20:52:42.019, 19883
2026/09/26 20:52:42.519, 19883
2026/09/26 20:52:43.020, 19883
2026/09/26 20:52:43.520, 19883
2026/09/26 20:52:44.020, 19883
2026/09/26 20:52:44.520, 19883
2026/09/26 20:52:45.020, 19883
2026/09/26 20:52:45.520, 19883
2026/09/26 20:52:46.021, 19883
2026/09/26 20:52:46.521, 19883
2026/09/26 20:52:47.021, 19883
2026/09/26 20:52:47.521, 19883
2026/09/26 20:52:48.021, 19883
2026/09/26 20:52:48.521, 19883
2026/09/26 20:52:49.021, 19883
2026/09/26 20:52:49.521, 19883
2026/09/26 20:52:50.022, 19883
2026/09/26 20:52:50.522, 19883
2026/09/26 20:52:51.022, 19883
2026/09/26 20:52:51.522, 19883
2026/09/26 20:52:52.022, 19883
2026/09/26 20:52:52.522, 19883
2026/09/26 20:52:53.022, 19883
2026/09/26 20:52:53.523, 19883
2026/09/26 20:52:54.023, 19883
2026/09/26 20:52:54.523, 19883
2026/09/26 20:52:55.023, 19883
2026/09/26 20:52:55.523, 19883
2026/09/26 20:52:56.023, 19883
2026/09/26 20:52:56.524, 19883
2026/09/26 20:52:57.024, 19883
2026/09/26 20:52:57.524, 19883
2026/09/26 20:52:58.024, 19883
2026/09/26 20:52:58.524, 19883
2026/09/26 20:52:59.024, 19883
2026/09/26 20:52:59.524, 19883
2026/09/26 20:53:00.025, 19883
2026/09/26 20:53:00.525, 19883
2026/09/26 20:53:01.025, 19883
2026/09/26 20:53:01.525, 19883
2026/09/26 20:53:02.025, 19883
2026/09/26 20:53:02.525, 19883
2026/09/26 20:53:03.026, 19883
2026/09/26 20:53:03.526, 19883
2026/09/26 20:53:04.026, 19883
2026/09/26 20:53:04.526, 19883
2026/09/26 20:53:05.026, 19883
2026/09/26 20:53:05.526, 19883
2026/09/26 20:53:06.027, 19883
2026/09/26 20:53:06.527, 19883
2026/09/26 20:53:07.027, 19883
2026/09/26 20:53:07.527, 19883
2026/09/26 20:53:08.027, 19883
2026/09/26 20:53:08.527, 19883
2026/09/26 20:53:09.028, 19883
2026/09/26 20:53:09.528, 19883
2026/09/26 20:53:10.028, 19883
2026/09/26 20:53:10.528, 19883
2026/09/26 20:53:11.028, 19883
2026/09/26 20:53:11.528, 19883
2026/09/26 20:53:12.029, 19883
2026/09/26 20:53:12.529, 19883
2026/09/26 20:53:13.029, 19883
2026/09/26 20:53:13.529, 19883
2026/09/26 20:53:14.029, 19883
2026/09/26 20:53:14.529, 19883
2026/09/26 20:53:15.030, 19883
2026/09/26 20:53:15.530, 19883
2026/09/26 20:53:16.030, 19883
2026/09/26 20:53:16.530, 19883
2026/09/26 20:53:17.030, 19883
2026/09/26 20:53:17.530, 19883
2026/09/26 20:53:18.031, 19883
2026/09/26 20:53:18.531, 19883
2026/09/26 20:53:19.031, 19883
2026/09/26 20:53:19.531, 19883
2026/09/26 20:53:20.031, 19883
2026/09/26 20:53:20.531, 19883
2026/09/26 20:53:21.032, 19883
2026/09/26 20:53:21.532, 19883
2026/09/26 20:53:22.032, 19883
2026/09/26 20:53:22.532, 19883
2026/09/26 20:53:23.032, 19883
2026/09/26 20:53:23.532, 19883
2026/09/26 20:53:24.033, 19883
2026/09/26 20:53:24.533, 19883
2026/09/26 20:53:25.033, 19883
2026/09/26 20:53:25.533, 19883
2026/09/26 20:53:26.061, 19883
2026/09/26 20:53:26.561, 19883
2026/09/26 20:53:27.061, 19883
2026/09/26 20:53:27.561, 19883
2026/09/26 20:53:28.061, 19883
2026/09/26 20:53:28.561, 19883
2026/09/26 20:53:29.061, 19883
2026/09/26 20:53:29.562, 19883
2026/09/26 20:53:30.062, 19883
2026/09/26 20:53:30.562, 19883
2026/09/26 20:53:31.062, 19883
2026/09/26 20:53:31.562, 19883
2026/09/26 20:53:32.062, 19883
2026/09/26 20:53:32.563, 19883
2026/09/26 20:53:33.063, 19883
2026/09/26 20:53:33.563, 19883
2026/09/26 20:53:34.063, 19883
2026/09/26 20:53:34.563, 19883
2026/09/26 20:53:35.064, 19883
2026/09/26 20:53:35.564, 19883
2026/09/26 20:53:36.064, 19883
2026/09/26 20:53:36.564, 19883
2026/09/26 20:53:37.064, 19883
2026/09/26 20:53:37.564, 19883
2026/09/26 20:53:38.065, 19883
2026/09/26 20:53:38.565, 19883
2026/09/26 20:53:39.065, 19883
2026/09/26 20:53:39.565, 19883
2026/09/26 20:53:40.065, 19883
2026/09/26 20:53:40.565, 19883
2026/09/26 20:53:41.066, 19883
2026/09/26 20:53:41.566, 19883
2026/09/26 20:53:42.066, 19883
2026/09/26 20:53:42.566, 19883
2026/09/26 20:53:43.066, 19883
2026/09/26 20:53:43.566, 19883
2026/09/26 20:53:44.067, 19883
2026/09/26 20:53:44.567, 19883
2026/09/26 20:53:45.067, 19883
2026/09/26 20:53:45.567, 19883
2026/09/26 20:53:46.067, 19883
2026/09/26 20:53:46.567, 19883
2026/09/26 20:53:47.068, 19883
2026/09/26 20:53:47.568, 19883
2026/09/26 20:53:48.068, 19883
2026/09/26 20:53:48.568, 19883
2026/09/26 20:53:49.068, 19883
2026/09/26 20:53:49.568, 19883
2026/09/26 20:53:50.068, 19883
2026/09/26 20:53:50.569, 19883
2026/09/26 20:53:51.069, 19883
2026/09/26 20:53:51.569, 19883
2026/09/26 20:53:52.069, 19883
2026/09/26 20:53:52.569, 19883
2026/09/26 20:53:53.070, 19883
2026/09/26 20:53:53.570, 19883
2026/09/26 20:53:54.070, 19883
2026/09/26 20:53:54.570, 19883
2026/09/26 20:53:55.070, 19883
2026/09/26 20:53:55.570, 19883
2026/09/26 20:53:56.070, 19883
2026/09/26 20:53:56.571, 19883
2026/09/26 20:53:57.071, 19883
2026/09/26 20:53:57.571, 19883
2026/09/26 20:53:58.071, 19883
2026/09/26 20:53:58.571, 19883
2026/09/26 20:53:59.071, 19883
2026/09/26 20:53:59.572, 19883
2026/09/26 20:54:00.072, 19883
2026/09/26 20:54:00.572, 19883
2026/09/26 20:54:01.072, 19883
2026/09/26 20:54:01.572, 19883
2026/09/26 20:54:02.072, 19883
2026/09/26 20:54:02.573, 19883
2026/09/26 20:54:03.073, 19883
2026/09/26 20:54:03.573, 19883
2026/09/26 20:54:04.073, 19883
2026/09/26 20:54:04.573, 19883
2026/09/26 20:54:05.073, 19883
2026/09/26 20:54:05.573, 19883
2026/09/26 20:54:06.074, 19883
2026/09/26 20:54:06.574, 19883
2026/09/26 20:54:07.074, 19883
2026/09/26 20:54:07.574, 19883
2026/09/26 20:54:08.074, 19883
2026/09/26 20:54:08.574, 19883
2026/09/26 20:54:09.075, 19883
2026/09/26 20:54:09.575, 19883
2026/09/26 20:54:10.075, 19883
2026/09/26 20:54:10.575, 19883
2026/09/26 20:54:11.075, 19883
2026/09/26 20:54:11.575, 19883
2026/09/26 20:54:12.076, 19883
2026/09/26 20:54:12.576, 19883
2026/09/26 20:54:13.076, 19883
2026/09/26 20:54:13.576, 19883
2026/09/26 20:54:14.076, 19883
2026/09/26 20:54:14.576, 19883
2026/09/26 20:54:15.077, 19883
2026/09/26 20:54:15.577, 19883
2026/09/26 20:54:16.077, 19883
2026/09/26 20:54:16.577, 19883
2026/09/26 20:54:17.077, 19883
2026/09/26 20:54:17.578, 19883
2026/09/26 20:54:18.078, 19883
2026/09/26 20:54:18.578, 19883
2026/09/26 20:54:19.078, 19883
2026/09/26 20:54:19.578, 19883
2026/09/26 20:54:20.078, 19883
2026/09/26 20:54:20.579, 19883
2026/09/26 20:54:21.079, 19883
2026/09/26 20:54:21.579, 19883
2026/09/26 20:54:22.079, 19883
2026/09/26 20:54:22.579, 19883
2026/09/26 20:54:23.079, 19883
2026/09/26 20:54:23.580, 19883
2026/09/26 20:54:24.080, 19883
2026/09/26 20:54:24.580, 19883
2026/09/26 20:54:25.080, 19883
2026/09/26 20:54:25.580, 19883
2026/09/26 20:54:26.081, 19883
2026/09/26 20:54:26.581, 19883
2026/09/26 20:54:27.081, 19883
2026/09/26 20:54:27.581, 19883
2026/09/26 20:54:28.081, 19883
2026/09/26 20:54:28.581, 19883
2026/09/26 20:54:29.082, 19883
2026/09/26 20:54:29.582, 19883
2026/09/26 20:54:30.082, 19883
2026/09/26 20:54:30.582, 19883
2026/09/26 20:54:31.082, 19883
2026/09/26 20:54:31.583, 19883
2026/09/26 20:54:32.083, 19883
2026/09/26 20:54:32.583, 19883
2026/09/26 20:54:33.083, 19883
2026/09/26 20:54:33.583, 19883
2026/09/26 20:54:34.083, 19883
2026/09/26 20:54:34.584, 19883
2026/09/26 20:54:35.084, 19883
2026/09/26 20:54:35.584, 19883
2026/09/26 20:54:36.084, 19883
2026/09/26 20:54:36.584, 19883
2026/09/26 20:54:37.085, 19883
2026/09/26 20:54:37.585, 19883
2026/09/26 20:54:38.085, 19883
2026/09/26 20:54:38.585, 19883
2026/09/26 20:54:39.091, 19883
2026/09/26 20:54:39.591, 19883
2026/09/26 20:54:40.091, 19883
2026/09/26 20:54:40.591, 19883
2026/09/26 20:54:41.091, 19883
2026/09/26 20:54:41.591, 19883
2026/09/26 20:54:42.092, 19883
2026/09/26 20:54:42.592, 19883
2026/09/26 20:54:43.092, 19883
2026/09/26 20:54:43.592, 19883
2026/09/26 20:54:44.092, 19883
2026/09/26 20:54:44.592, 19883
2026/09/26 20:54:45.093, 19883
2026/09/26 20:54:45.593, 19883
2026/09/26 20:54:46.093, 19883
2026/09/26 20:54:46.594, 19883
2026/09/26 20:54:47.094, 19883
2026/09/26 20:54:47.594, 19883
2026/09/26 20:54:48.094, 19883
2026/09/26 20:54:48.594, 19883
2026/09/26 20:54:49.094, 19883
2026/09/26 20:54:49.595, 19883
2026/09/26 20:54:50.095, 19883
2026/09/26 20:54:50.595, 19883
2026/09/26 20:54:51.095, 19883
2026/09/26 20:54:51.595, 19883
2026/09/26 20:54:52.095, 19883
2026/09/26 20:54:52.595, 19883
2026/09/26 20:54:53.096, 19883
2026/09/26 20:54:53.596, 19883
2026/09/26 20:54:54.096, 19883
2026/09/26 20:54:54.596, 19883
2026/09/26 20:54:55.096, 19883
2026/09/26 20:54:55.596, 19883
2026/09/26 20:54:56.097, 19883
2026/09/26 20:54:56.597, 19883
2026/09/26 20:54:57.097, 19883
2026/09/26 20:54:57.597, 19883
2026/09/26 20:54:58.097, 19883
2026/09/26 20:54:58.597, 19883
2026/09/26 20:54:59.098, 19883
2026/09/26 20:54:59.598, 19883
2026/09/26 20:55:00.098, 19883
2026/09/26 20:55:00.598, 19883
2026/09/26 20:55:01.098, 19883
2026/09/26 20:55:01.598, 19883
2026/09/26 20:55:02.099, 19883
2026/09/26 20:55:02.599, 19883
2026/09/26 20:55:03.099, 19883
2026/09/26 20:55:03.599, 19883
2026/09/26 20:55:04.099, 19883
2026/09/26 20:55:04.599, 19883
2026/09/26 20:55:05.100, 19883
2026/09/26 20:55:05.600, 19883
2026/09/26 20:55:06.100, 19883
2026/09/26 20:55:06.600, 19883
2026/09/26 20:55:07.100, 19883
2026/09/26 20:55:07.600, 19883
2026/09/26 20:55:08.101, 19883
2026/09/26 20:55:08.601, 19883
2026/09/26 20:55:09.101, 19883
2026/09/26 20:55:09.601, 19883
2026/09/26 20:55:10.101, 19883
2026/09/26 20:55:10.601, 19883
2026/09/26 20:55:11.102, 19883
2026/09/26 20:55:11.602, 19883
2026/09/26 20:55:12.102, 19883
2026/09/26 20:55:12.602, 19883
2026/09/26 20:55:13.102, 19883
2026/09/26 20:55:13.602, 19883
2026/09/26 20:55:14.103, 19883
2026/09/26 20:55:14.603, 19883
2026/09/26 20:55:15.103, 19883
2026/09/26 20:55:15.603, 19883
2026/09/26 20:55:16.103, 19883
2026/09/26 20:55:16.603, 19883
2026/09/26 20:55:17.104, 19883
2026/09/26 20:55:17.604, 19883
2026/09/26 20:55:18.104, 19883
2026/09/26 20:55:18.604, 19883
2026/09/26 20:55:19.104, 19883
2026/09/26 20:55:19.604, 19883
2026/09/26 20:55:20.105, 19883
2026/09/26 20:55:20.605, 19883
2026/09/26 20:55:21.105, 19883
2026/09/26 20:55:21.605, 19883
2026/09/26 20:55:22.105, 19883
2026/09/26 20:55:22.606, 19883
2026/09/26 20:55:23.106, 19883
2026/09/26 20:55:23.606, 19883
2026/09/26 20:55:24.106, 19883
2026/09/26 20:55:24.606, 19883
2026/09/26 20:55:25.106, 19883
2026/09/26 20:55:25.607, 19883
2026/09/26 20:55:26.107, 19883
2026/09/26 20:55:26.607, 19883
2026/09/26 20:55:27.107, 19883
2026/09/26 20:55:27.607, 19883
2026/09/26 20:55:28.107, 19883
2026/09/26 20:55:28.608, 19883
2026/09/26 20:55:29.108, 19883
2026/09/26 20:55:29.608, 19883
2026/09/26 20:55:30.108, 19883
2026/09/26 20:55:30.608, 19883
2026/09/26 20:55:31.108, 19883
2026/09/26 20:55:31.609, 19883
2026/09/26 20:55:32.109, 19883
2026/09/26 20:55:32.609, 19883
2026/09/26 20:55:33.109, 19883
2026/09/26 20:55:33.609, 19883
2026/09/26 20:55:34.109, 19883
2026/09/26 20:55:34.609, 19883
2026/09/26 20:55:35.110, 19883
2026/09/26 20:55:35.610, 19883
2026/09/26 20:55:36.110, 19883
2026/09/26 20:55:36.610, 19883
2026/09/26 20:55:37.110, 19883
2026/09/26 20:55:37.610, 19883
2026/09/26 20:55:38.111, 19883
2026/09/26 20:55:38.611, 19883
2026/09/26 20:55:39.111, 19883
2026/09/26 20:55:39.611, 19883
2026/09/26 20:55:40.111, 19883
2026/09/26 20:55:40.611, 19883
2026/09/26 20:55:41.111, 19883
2026/09/26 20:55:41.612, 19883
2026/09/26 20:55:42.112, 19883
2026/09/26 20:55:42.612, 19883
2026/09/26 20:55:43.112, 19883
2026/09/26 20:55:43.612, 19883
2026/09/26 20:55:44.112, 19883
2026/09/26 20:55:44.613, 19883
2026/09/26 20:55:45.113, 19883
2026/09/26 20:55:45.613, 19883
2026/09/26 20:55:46.113, 19883
2026/09/26 20:55:46.613, 19883
2026/09/26 20:55:47.113, 19883
2026/09/26 20:55:47.614, 19883
2026/09/26 20:55:48.114, 19883
2026/09/26 20:55:48.614, 19883
2026/09/26 20:55:49.114, 19883
2026/09/26 20:55:49.614, 19883
2026/09/26 20:55:50.114, 19883
2026/09/26 20:55:50.615, 19883
2026/09/26 20:55:51.115, 19883
2026/09/26 20:55:51.615, 19883
2026/09/26 20:55:52.115, 19883
2026/09/26 20:55:52.615, 19883
2026/09/26 20:55:53.116, 19883
2026/09/26 20:55:53.616, 19883
2026/09/26 20:55:54.116, 19883
2026/09/26 20:55:54.616, 19883
2026/09/26 20:55:55.116, 19883
2026/09/26 20:55:55.617, 19883
2026/09/26 20:55:56.117, 19883
2026/09/26 20:55:56.617, 19883
2026/09/26 20:55:57.117, 19883
2026/09/26 20:55:57.617, 19883
2026/09/26 20:55:58.117, 19883
2026/09/26 20:55:58.618, 19883
2026/09/26 20:55:59.118, 19883
2026/09/26 20:55:59.618, 19883
2026/09/26 20:56:00.118, 19883
2026/09/26 20:56:00.618, 19883
2026/09/26 20:56:01.118, 19883
2026/09/26 20:56:01.618, 19883
2026/09/26 20:56:02.119, 19883
2026/09/26 20:56:02.619, 19883
2026/09/26 20:56:03.119, 19883
2026/09/26 20:56:03.619, 19883
2026/09/26 20:56:04.119, 19883
2026/09/26 20:56:04.619, 19883
2026/09/26 20:56:05.120, 19883
2026/09/26 20:56:05.620, 19883
2026/09/26 20:56:06.120, 19883
2026/09/26 20:56:06.620, 19883
2026/09/26 20:56:07.120, 19883
2026/09/26 20:56:07.620, 19883
2026/09/26 20:56:08.121, 20363
2026/09/26 20:56:08.621, 20363
2026/09/26 20:56:09.121, 20363
2026/09/26 20:56:09.621, 20363
2026/09/26 20:56:10.121, 20363
2026/09/26 20:56:10.621, 20363
2026/09/26 20:56:11.122, 20363
2026/09/26 20:56:11.622, 20363
2026/09/26 20:56:12.122, 20363
2026/09/26 20:56:12.622, 20363
2026/09/26 20:56:13.122, 20363
2026/09/26 20:56:13.622, 20363
2026/09/26 20:56:14.123, 20363
2026/09/26 20:56:14.623, 20363
2026/09/26 20:56:15.123, 20363
2026/09/26 20:56:15.623, 20363
2026/09/26 20:56:16.123, 20363
2026/09/26 20:56:16.623, 20363
2026/09/26 20:56:17.123, 20363
2026/09/26 20:56:17.623, 20363
2026/09/26 20:56:18.124, 20363
2026/09/26 20:56:18.624, 20363
2026/09/26 20:56:19.124, 20363
2026/09/26 20:56:19.624, 20363
2026/09/26 20:56:20.124, 20363
2026/09/26 20:56:20.624, 20363
2026/09/26 20:56:21.124, 20363
2026/09/26 20:56:21.624, 20363
2026/09/26 20:56:22.125, 20363
2026/09/26 20:56:22.625, 20363
2026/09/26 20:56:23.125, 20363
2026/09/26 20:56:23.625, 20363
2026/09/26 20:56:24.125, 20363
2026/09/26 20:56:24.625, 20363
2026/09/26 20:56:25.125, 20363
2026/09/26 20:56:25.626, 20363
2026/09/26 20:56:26.126, 20363
2026/09/26 20:56:26.626, 20363
2026/09/26 20:56:27.126, 20363
2026/09/26 20:56:27.626, 20363
2026/09/26 20:56:28.126, 20363
2026/09/26 20:56:28.627, 20363
2026/09/26 20:56:29.127, 20363
2026/09/26 20:56:29.627, 20363
2026/09/26 20:56:30.127, 20363
2026/09/26 20:56:30.627, 20363
2026/09/26 20:56:31.127, 20363
2026/09/26 20:56:31.627, 20363
2026/09/26 20:56:32.128, 20363
2026/09/26 20:56:32.628, 20363
2026/09/26 20:56:33.128, 20363
2026/09/26 20:56:33.628, 20363
2026/09/26 20:56:34.128, 20363
2026/09/26 20:56:34.628, 20363
2026/09/26 20:56:35.129, 20363
2026/09/26 20:56:35.629, 20363
2026/09/26 20:56:36.129, 20363
2026/09/26 20:56:36.629, 20363
2026/09/26 20:56:37.129, 20363
2026/09/26 20:56:37.629, 20363
2026/09/26 20:56:38.130, 20363
2026/09/26 20:56:38.630, 20363
2026/09/26 20:56:39.130, 20363
2026/09/26 20:56:39.630, 20363
2026/09/26 20:56:40.130, 20363
2026/09/26 20:56:40.630, 20363
2026/09/26 20:56:41.130, 20363
2026/09/26 20:56:41.631, 20363
2026/09/26 20:56:42.131, 20363
2026/09/26 20:56:42.631, 20363
2026/09/26 20:56:43.131, 20363
2026/09/26 20:56:43.631, 20363
2026/09/26 20:56:44.131, 20363
2026/09/26 20:56:44.632, 20363
2026/09/26 20:56:45.132, 20363
2026/09/26 20:56:45.632, 20363
2026/09/26 20:56:46.132, 20363
2026/09/26 20:56:46.632, 20363
2026/09/26 20:56:47.132, 20363
2026/09/26 20:56:47.632, 20363
2026/09/26 20:56:48.133, 20363
2026/09/26 20:56:48.633, 20363
2026/09/26 20:56:49.133, 20363
2026/09/26 20:56:49.633, 20363
2026/09/26 20:56:50.133, 20363
2026/09/26 20:56:50.633, 20363
2026/09/26 20:56:51.133, 20363
2026/09/26 20:56:51.634, 20363
2026/09/26 20:56:52.134, 20363
2026/09/26 20:56:52.634, 20363
2026/09/26 20:56:53.134, 20363
2026/09/26 20:56:53.634, 20363
2026/09/26 20:56:54.134, 20363
2026/09/26 20:56:54.635, 20363
2026/09/26 20:56:55.135, 20363
2026/09/26 20:56:55.635, 20363
2026/09/26 20:56:56.135, 20363
2026/09/26 20:56:56.635, 20363
2026/09/26 20:56:57.135, 20363
2026/09/26 20:56:57.635, 20363
2026/09/26 20:56:58.136, 20363
2026/09/26 20:56:58.636, 20363
2026/09/26 20:56:59.136, 20363
2026/09/26 20:56:59.636, 20363
2026/09/26 20:57:00.136, 20363
2026/09/26 20:57:00.637, 20363
2026/09/26 20:57:01.137, 20363
2026/09/26 20:57:01.637, 20363
2026/09/26 20:57:02.137, 20363
2026/09/26 20:57:02.638, 20363
2026/09/26 20:57:03.138, 20363
2026/09/26 20:57:03.638, 20363
2026/09/26 20:57:04.138, 20363
2026/09/26 20:57:04.638, 20363
2026/09/26 20:57:05.138, 20363
2026/09/26 20:57:05.639, 20363
2026/09/26 20:57:06.139, 20363
2026/09/26 20:57:06.639, 20363
2026/09/26 20:57:07.139, 20363
2026/09/26 20:57:07.639, 20363
2026/09/26 20:57:08.139, 20363
2026/09/26 20:57:08.640, 20363
2026/09/26 20:57:09.140, 20363
2026/09/26 20:57:09.640, 20363
2026/09/26 20:57:10.140, 20363
2026/09/26 20:57:10.640, 20363
2026/09/26 20:57:11.140, 20363
2026/09/26 20:57:11.641, 20363
2026/09/26 20:57:12.141, 20363
2026/09/26 20:57:12.641, 20363
2026/09/26 20:57:13.141, 20363
2026/09/26 20:57:13.641, 20363
2026/09/26 20:57:14.141, 20363
2026/09/26 20:57:14.642, 20363
2026/09/26 20:57:15.142, 20363
2026/09/26 20:57:15.642, 20363
2026/09/26 20:57:16.142, 20363
2026/09/26 20:57:16.643, 20363
2026/09/26 20:57:17.143, 20363
2026/09/26 20:57:17.643, 20363
2026/09/26 20:57:18.143, 20363
2026/09/26 20:57:18.643, 20363
2026/09/26 20:57:19.143, 20363
2026/09/26 20:57:19.644, 20363
2026/09/26 20:57:20.144, 20363
2026/09/26 20:57:20.644, 20363
2026/09/26 20:57:21.144, 20363
2026/09/26 20:57:21.644, 20363
2026/09/26 20:57:22.144, 20363
2026/09/26 20:57:22.644, 20363
2026/09/26 20:57:23.145, 20363
2026/09/26 20:57:23.645, 20363
2026/09/26 20:57:24.145, 20363
2026/09/26 20:57:24.645, 20363
2026/09/26 20:57:25.145, 20363
2026/09/26 20:57:25.645, 20363
2026/09/26 20:57:26.145, 20363
2026/09/26 20:57:26.646, 20363
2026/09/26 20:57:27.146, 20363
2026/09/26 20:57:27.646, 20363
2026/09/26 20:57:28.146, 20363
2026/09/26 20:57:28.646, 20363
2026/09/26 20:57:29.146, 20363
2026/09/26 20:57:29.647, 20363
2026/09/26 20:57:30.147, 20363
2026/09/26 20:57:30.647, 20363
2026/09/26 20:57:31.147, 20363
2026/09/26 20:57:31.647, 20363
2026/09/26 20:57:32.147, 20363
2026/09/26 20:57:32.647, 20363
2026/09/26 20:57:33.148, 20363
2026/09/26 20:57:33.648, 20363
2026/09/26 20:57:34.148, 20363
2026/09/26 20:57:34.648, 20363
2026/09/26 20:57:35.148, 20363
2026/09/26 20:57:35.649, 20363
2026/09/26 20:57:36.149, 20363
2026/09/26 20:57:36.649, 20363
2026/09/26 20:57:37.149, 20363
2026/09/26 20:57:37.649, 20363
2026/09/26 20:57:38.149, 20363
2026/09/26 20:57:38.650, 20363
2026/09/26 20:57:39.150, 20363
2026/09/26 20:57:39.650, 20363
2026/09/26 20:57:40.150, 20363
2026/09/26 20:57:40.650, 20363
2026/09/26 20:57:41.150, 20363
2026/09/26 20:57:41.651, 20363
2026/09/26 20:57:42.151, 20363
2026/09/26 20:57:42.651, 20363
2026/09/26 20:57:43.151, 20363
2026/09/26 20:57:43.651, 20363
2026/09/26 20:57:44.151, 20363
2026/09/26 20:57:44.652, 20363
2026/09/26 20:57:45.152, 20363
2026/09/26 20:57:45.652, 20363
2026/09/26 20:57:46.152, 20363
2026/09/26 20:57:46.652, 20363
2026/09/26 20:57:47.152, 20363
2026/09/26 20:57:47.653, 20363
2026/09/26 20:57:48.153, 20363
2026/09/26 20:57:48.653, 20363
2026/09/26 20:57:49.153, 20363
2026/09/26 20:57:49.653, 20363
2026/09/26 20:57:50.153, 20363
2026/09/26 20:57:50.654, 20363
2026/09/26 20:57:51.154, 20363
2026/09/26 20:57:51.654, 20363
2026/09/26 20:57:52.154, 20363
2026/09/26 20:57:52.654, 20363
2026/09/26 20:57:53.154, 20363
2026/09/26 20:57:53.655, 20363
2026/09/26 20:57:54.155, 20363
2026/09/26 20:57:54.655, 20363
2026/09/26 20:57:55.155, 20363
2026/09/26 20:57:55.655, 20363
2026/09/26 20:57:56.155, 20363
2026/09/26 20:57:56.656, 20363
2026/09/26 20:57:57.156, 20363
2026/09/26 20:57:57.656, 20363
2026/09/26 20:57:58.156, 20363
2026/09/26 20:57:58.656, 20363
2026/09/26 20:57:59.156, 20363
2026/09/26 20:57:59.657, 20363
2026/09/26 20:58:00.157, 20363
2026/09/26 20:58:00.657, 20363
2026/09/26 20:58:01.157, 20363
2026/09/26 20:58:01.657, 20363
2026/09/26 20:58:02.157, 20363
2026/09/26 20:58:02.658, 20363
2026/09/26 20:58:03.158, 20363
2026/09/26 20:58:03.658, 20363
2026/09/26 20:58:04.158, 20363
2026/09/26 20:58:04.658, 20363
2026/09/26 20:58:05.158, 20363
2026/09/26 20:58:05.659, 20363
2026/09/26 20:58:06.159, 20363
2026/09/26 20:58:06.659, 20363
2026/09/26 20:58:07.159, 20363
2026/09/26 20:58:07.659, 20363
2026/09/26 20:58:08.159, 20363
2026/09/26 20:58:08.660, 20363
2026/09/26 20:58:09.160, 20363
2026/09/26 20:58:09.660, 20363
2026/09/26 20:58:10.160, 20363
2026/09/26 20:58:10.660, 20363
2026/09/26 20:58:11.160, 20363
2026/09/26 20:58:11.660, 20363
2026/09/26 20:58:12.161, 20363
2026/09/26 20:58:12.661, 20363
2026/09/26 20:58:13.161, 20363
2026/09/26 20:58:13.661, 20363
2026/09/26 20:58:14.161, 20363
2026/09/26 20:58:14.661, 20363
2026/09/26 20:58:15.162, 20363
2026/09/26 20:58:15.662, 20363
2026/09/26 20:58:16.162, 20363
2026/09/26 20:58:16.662, 20363
2026/09/26 20:58:17.162, 20363
2026/09/26 20:58:17.662, 20363
2026/09/26 20:58:18.163, 20363
2026/09/26 20:58:18.663, 20363
2026/09/26 20:58:19.163, 20363
2026/09/26 20:58:19.663, 20363
2026/09/26 20:58:20.163, 20363
2026/09/26 20:58:20.663, 20363
2026/09/26 20:58:21.164, 20363
2026/09/26 20:58:21.664, 20363
2026/09/26 20:58:22.164, 20363
2026/09/26 20:58:22.664, 20363
2026/09/26 20:58:23.164, 21143
2026/09/26 20:58:23.664, 20753
2026/09/26 20:58:24.164, 20363
2026/09/26 20:58:24.665, 20363
2026/09/26 20:58:25.165, 20363
2026/09/26 20:58:25.665, 20363
2026/09/26 20:58:26.165, 20363
2026/09/26 20:58:26.665, 20363
2026/09/26 20:58:27.165, 20363
2026/09/26 20:58:27.666, 20363
2026/09/26 20:58:28.166, 20363
2026/09/26 20:58:28.666, 20363
2026/09/26 20:58:29.166, 20363
2026/09/26 20:58:29.666, 20363
2026/09/26 20:58:30.166, 20363
2026/09/26 20:58:30.666, 20363
2026/09/26 20:58:31.167, 20363
2026/09/26 20:58:31.667, 20363
2026/09/26 20:58:32.167, 20363
2026/09/26 20:58:32.667, 20363
2026/09/26 20:58:33.167, 20363
2026/09/26 20:58:33.667, 20363
2026/09/26 20:58:34.168, 20363
2026/09/26 20:58:34.668, 20363
2026/09/26 20:58:35.168, 20363
2026/09/26 20:58:35.668, 20363
2026/09/26 20:58:36.168, 20363
2026/09/26 20:58:36.668, 20363
2026/09/26 20:58:37.169, 20363
2026/09/26 20:58:37.669, 20363
2026/09/26 20:58:38.169, 20363
2026/09/26 20:58:38.669, 20363
2026/09/26 20:58:39.169, 20363
2026/09/26 20:58:39.669, 20363
2026/09/26 20:58:40.169, 20363
2026/09/26 20:58:40.670, 20363
2026/09/26 20:58:41.170, 20363
2026/09/26 20:58:41.670, 20363
2026/09/26 20:58:42.170, 20363
2026/09/26 20:58:42.670, 20363
2026/09/26 20:58:43.170, 20363
2026/09/26 20:58:43.670, 20363
2026/09/26 20:58:44.171, 20363
2026/09/26 20:58:44.671, 20363
2026/09/26 20:58:45.171, 20363
2026/09/26 20:58:45.671, 20363
2026/09/26 20:58:46.171, 20363
2026/09/26 20:58:46.671, 20363
2026/09/26 20:58:47.172, 20363
2026/09/26 20:58:47.672, 20363
2026/09/26 20:58:48.172, 20363
2026/09/26 20:58:48.672, 20363
2026/09/26 20:58:49.172, 20363
2026/09/26 20:58:49.672, 20363
2026/09/26 20:58:50.173, 20363
2026/09/26 20:58:50.673, 20363
2026/09/26 20:58:51.173, 20363
2026/09/26 20:58:51.673, 20363
2026/09/26 20:58:52.173, 20363
2026/09/26 20:58:52.673, 20363
2026/09/26 20:58:53.173, 20363
2026/09/26 20:58:53.673, 20363
2026/09/26 20:58:54.174, 20363
2026/09/26 20:58:54.674, 20363
2026/09/26 20:58:55.174, 20363
2026/09/26 20:58:55.674, 20363
2026/09/26 20:58:56.174, 20363
2026/09/26 20:58:56.674, 20363
2026/09/26 20:58:57.174, 20363
2026/09/26 20:58:57.675, 20363
2026/09/26 20:58:58.175, 20363
2026/09/26 20:58:58.675, 20363
2026/09/26 20:58:59.175, 20363
2026/09/26 20:58:59.675, 20363
2026/09/26 20:59:00.175, 20363
2026/09/26 20:59:00.675, 20363
2026/09/26 20:59:01.176, 20363
2026/09/26 20:59:01.676, 20363
2026/09/26 20:59:02.176, 20363
2026/09/26 20:59:02.676, 20363
2026/09/26 20:59:03.176, 20363
2026/09/26 20:59:03.676, 20363
2026/09/26 20:59:04.177, 20363
2026/09/26 20:59:04.677, 20363
2026/09/26 20:59:05.177, 20363
2026/09/26 20:59:05.677, 20363
2026/09/26 20:59:06.177, 20363
2026/09/26 20:59:06.677, 20363
2026/09/26 20:59:07.177, 20363
2026/09/26 20:59:07.678, 20363
2026/09/26 20:59:08.178, 20363
2026/09/26 20:59:08.678, 20363
2026/09/26 20:59:09.178, 20363
2026/09/26 20:59:09.678, 20363
2026/09/26 20:59:10.179, 20363
2026/09/26 20:59:10.679, 20363
2026/09/26 20:59:11.179, 20363
2026/09/26 20:59:11.679, 20363
2026/09/26 20:59:12.179, 20363
2026/09/26 20:59:12.679, 20363
2026/09/26 20:59:13.179, 20363
2026/09/26 20:59:13.680, 20363
2026/09/26 20:59:14.180, 20363
2026/09/26 20:59:14.680, 20363
2026/09/26 20:59:15.180, 20363
2026/09/26 20:59:15.680, 20363
2026/09/26 20:59:16.180, 20363
2026/09/26 20:59:16.681, 20363
2026/09/26 20:59:17.181, 20363
2026/09/26 20:59:17.681, 20363
2026/09/26 20:59:18.181, 20363
2026/09/26 20:59:18.681, 20363
2026/09/26 20:59:19.182, 20363
2026/09/26 20:59:19.682, 20363
2026/09/26 20:59:20.182, 20363
2026/09/26 20:59:20.682, 20363
2026/09/26 20:59:21.182, 20363
2026/09/26 20:59:21.682, 20363
2026/09/26 20:59:22.183, 20363
2026/09/26 20:59:22.683, 20363
2026/09/26 20:59:23.183, 20363
2026/09/26 20:59:23.683, 20363
2026/09/26 20:59:24.183, 20363
2026/09/26 20:59:24.683, 20363
2026/09/26 20:59:25.184, 20363
2026/09/26 20:59:25.684, 20363
2026/09/26 20:59:26.184, 20363
2026/09/26 20:59:26.684, 20363
2026/09/26 20:59:27.184, 20363
2026/09/26 20:59:27.685, 20363
2026/09/26 20:59:28.185, 20363
2026/09/26 20:59:28.685, 20363
2026/09/26 20:59:29.185, 20363
2026/09/26 20:59:29.685, 20363
2026/09/26 20:59:30.185, 20363
2026/09/26 20:59:30.686, 20363
2026/09/26 20:59:31.186, 20363
2026/09/26 20:59:31.686, 20363
2026/09/26 20:59:32.186, 20363
2026/09/26 20:59:32.686, 20363
2026/09/26 20:59:33.186, 20363
2026/09/26 20:59:33.687, 20363
2026/09/26 20:59:34.187, 20363
2026/09/26 20:59:34.687, 20363
2026/09/26 20:59:35.187, 20363
2026/09/26 20:59:35.687, 20363
2026/09/26 20:59:36.187, 20363
2026/09/26 20:59:36.688, 20363
2026/09/26 20:59:37.188, 20363
2026/09/26 20:59:37.688, 20363
2026/09/26 20:59:38.188, 20363
2026/09/26 20:59:38.688, 20363
2026/09/26 20:59:39.188, 20363
2026/09/26 20:59:39.689, 20363
2026/09/26 20:59:40.189, 20363
2026/09/26 20:59:40.689, 20363
2026/09/26 20:59:41.189, 20363
2026/09/26 20:59:41.689, 20363
2026/09/26 20:59:42.189, 20363
2026/09/26 20:59:42.689, 20363
2026/09/26 20:59:43.190, 20363
2026/09/26 20:59:43.690, 20363
2026/09/26 20:59:44.190, 20363
2026/09/26 20:59:44.690, 20363
2026/09/26 20:59:45.190, 20363
2026/09/26 20:59:45.690, 20363
2026/09/26 20:59:46.190, 20363
2026/09/26 20:59:46.691, 20363
2026/09/26 20:59:47.191, 20363
2026/09/26 20:59:47.691, 20363
2026/09/26 20:59:48.191, 20363
2026/09/26 20:59:48.691, 20363
2026/09/26 20:59:49.191, 20363
2026/09/26 20:59:49.691, 20363
2026/09/26 20:59:50.192, 20363
2026/09/26 20:59:50.692, 20363
2026/09/26 20:59:51.192, 20363
2026/09/26 20:59:51.692, 20363
2026/09/26 20:59:52.192, 20363
2026/09/26 20:59:52.692, 20363
2026/09/26 20:59:53.193, 20363
2026/09/26 20:59:53.693, 20363
2026/09/26 20:59:54.193, 20363
2026/09/26 20:59:54.693, 20363
2026/09/26 20:59:55.193, 20363
2026/09/26 20:59:55.693, 20363
2026/09/26 20:59:56.194, 20363
2026/09/26 20:59:56.694, 20363
2026/09/26 20:59:57.194, 20363
2026/09/26 20:59:57.694, 20363
2026/09/26 20:59:58.194, 20363
2026/09/26 20:59:58.694, 20363
2026/09/26 20:59:59.195, 20363
2026/09/26 20:59:59.695, 20363
2026/09/26 21:00:00.195, 20363
2026/09/26 21:00:00.695, 20363
2026/09/26 21:00:01.195, 20363
2026/09/26 21:00:01.695, 20363
2026/09/26 21:00:02.195, 20363
2026/09/26 21:00:02.696, 20363
2026/09/26 21:00:03.196, 20363
2026/09/26 21:00:03.696, 20363
2026/09/26 21:00:04.196, 20363
2026/09/26 21:00:04.696, 20363
2026/09/26 21:00:05.196, 20363
2026/09/26 21:00:05.697, 20363
2026/09/26 21:00:06.197, 20363
2026/09/26 21:00:06.697, 20363
2026/09/26 21:00:07.197, 20363
2026/09/26 21:00:07.697, 20363
2026/09/26 21:00:08.197, 20363
2026/09/26 21:00:08.698, 20363
2026/09/26 21:00:09.198, 20363
2026/09/26 21:00:09.698, 20363
2026/09/26 21:00:10.198, 20363
2026/09/26 21:00:10.698, 20363
2026/09/26 21:00:11.198, 20363
2026/09/26 21:00:11.699, 20363
2026/09/26 21:00:12.199, 20363
2026/09/26 21:00:12.699, 20363
2026/09/26 21:00:13.199, 20363
2026/09/26 21:00:13.699, 20363
2026/09/26 21:00:14.199, 20363
2026/09/26 21:00:14.700, 20363
2026/09/26 21:00:15.200, 20363
2026/09/26 21:00:15.700, 20363
2026/09/26 21:00:16.200, 20363
2026/09/26 21:00:16.700, 20363
2026/09/26 21:00:17.200, 20363
2026/09/26 21:00:17.701, 20363
2026/09/26 21:00:18.201, 20363
2026/09/26 21:00:18.701, 20363
2026/09/26 21:00:19.201, 20363
2026/09/26 21:00:19.701, 20363
2026/09/26 21:00:20.201, 20363
2026/09/26 21:00:20.701, 20363
2026/09/26 21:00:21.202, 20363
2026/09/26 21:00:21.702, 20363
2026/09/26 21:00:22.202, 20363
2026/09/26 21:00:22.702, 20363
2026/09/26 21:00:23.202, 20363
2026/09/26 21:00:23.702, 20363
2026/09/26 21:00:24.203, 20363
2026/09/26 21:00:24.703, 20363
2026/09/26 21:00:25.203, 20363
2026/09/26 21:00:25.703, 20363
2026/09/26 21:00:26.203, 20363
2026/09/26 21:00:26.703, 20363
2026/09/26 21:00:27.203, 20363
2026/09/26 21:00:27.704, 20363
2026/09/26 21:00:28.204, 20363
2026/09/26 21:00:28.704, 20363
2026/09/26 21:00:29.204, 20363
2026/09/26 21:00:29.704, 20363
2026/09/26 21:00:30.204, 20363
2026/09/26 21:00:30.705, 20363
2026/09/26 21:00:31.205, 20363
2026/09/26 21:00:31.705, 20363
2026/09/26 21:00:32.205, 20363
2026/09/26 21:00:32.705, 20363
2026/09/26 21:00:33.205, 20363
2026/09/26 21:00:33.706, 20363
2026/09/26 21:00:34.206, 20363
2026/09/26 21:00:34.706, 20363
2026/09/26 21:00:35.206, 20363
2026/09/26 21:00:35.706, 20363
2026/09/26 21:00:36.206, 20451
2026/09/26 21:00:36.707, 20451
2026/09/26 21:00:37.207, 20451
2026/09/26 21:00:37.707, 20451
2026/09/26 21:00:38.207, 20451
2026/09/26 21:00:38.707, 20451
2026/09/26 21:00:39.207, 20451
2026/09/26 21:00:39.708, 20451
2026/09/26 21:00:40.208, 20451
2026/09/26 21:00:40.708, 20451
2026/09/26 21:00:41.208, 20451
2026/09/26 21:00:41.708, 20451
2026/09/26 21:00:42.208, 20451
2026/09/26 21:00:42.709, 20451
2026/09/26 21:00:43.209, 20451
2026/09/26 21:00:43.709, 20451
2026/09/26 21:00:44.209, 20451
2026/09/26 21:00:44.709, 20451
2026/09/26 21:00:45.210, 20451
2026/09/26 21:00:45.710, 20451
2026/09/26 21:00:46.210, 20451
2026/09/26 21:00:46.710, 20451
2026/09/26 21:00:47.210, 20451
2026/09/26 21:00:47.710, 20451
2026/09/26 21:00:48.211, 20451
2026/09/26 21:00:48.711, 20451
2026/09/26 21:00:49.211, 20451
2026/09/26 21:00:49.711, 20451
2026/09/26 21:00:50.211, 20451
2026/09/26 21:00:50.711, 20451
2026/09/26 21:00:51.211, 20451
2026/09/26 21:00:51.712, 20451
2026/09/26 21:00:52.212, 20451
2026/09/26 21:00:52.712, 20451
2026/09/26 21:00:53.212, 20451
2026/09/26 21:00:53.712, 20451
2026/09/26 21:00:54.212, 20451
2026/09/26 21:00:54.713, 20451
2026/09/26 21:00:55.213, 20451
2026/09/26 21:00:55.713, 20451
2026/09/26 21:00:56.213, 20451
2026/09/26 21:00:56.713, 20451
2026/09/26 21:00:57.213, 20451
2026/09/26 21:00:57.714, 20451
2026/09/26 21:00:58.214, 20451
2026/09/26 21:00:58.714, 20451
2026/09/26 21:00:59.214, 20451
2026/09/26 21:00:59.714, 20451
2026/09/26 21:01:00.215, 20451
2026/09/26 21:01:00.715, 20451
2026/09/26 21:01:01.215, 20451
2026/09/26 21:01:01.715, 20451
2026/09/26 21:01:02.215, 20451
2026/09/26 21:01:02.716, 20451
2026/09/26 21:01:03.216, 20451
2026/09/26 21:01:03.716, 20451
2026/09/26 21:01:04.216, 20451
2026/09/26 21:01:04.716, 20451
2026/09/26 21:01:05.217, 20451
2026/09/26 21:01:05.717, 20451
2026/09/26 21:01:06.217, 20451
2026/09/26 21:01:06.717, 20451
2026/09/26 21:01:07.217, 20451
2026/09/26 21:01:07.717, 20451
2026/09/26 21:01:08.218, 20451
2026/09/26 21:01:08.718, 20451
2026/09/26 21:01:09.218, 20451
2026/09/26 21:01:09.718, 20451
2026/09/26 21:01:10.218, 20451
2026/09/26 21:01:10.718, 20451
2026/09/26 21:01:11.219, 20451
2026/09/26 21:01:11.719, 20451
2026/09/26 21:01:12.219, 20451
2026/09/26 21:01:12.719, 20451
2026/09/26 21:01:13.219, 20451
2026/09/26 21:01:13.719, 20451
2026/09/26 21:01:14.220, 20451
2026/09/26 21:01:14.720, 20451
2026/09/26 21:01:15.220, 20451
2026/09/26 21:01:15.720, 20451
2026/09/26 21:01:16.220, 20451
2026/09/26 21:01:16.720, 20451
2026/09/26 21:01:17.221, 20451
2026/09/26 21:01:17.721, 20451
2026/09/26 21:01:18.221, 20451
2026/09/26 21:01:18.721, 20451
2026/09/26 21:01:19.221, 20451
2026/09/26 21:01:19.721, 21121
2026/09/26 21:01:20.222, 21121
2026/09/26 21:01:20.722, 21121
2026/09/26 21:01:21.222, 21121
2026/09/26 21:01:21.722, 21121
2026/09/26 21:01:22.222, 21121
2026/09/26 21:01:22.722, 21121
2026/09/26 21:01:23.223, 21121
2026/09/26 21:01:23.723, 21121
2026/09/26 21:01:24.223, 21121
2026/09/26 21:01:24.723, 21121
2026/09/26 21:01:25.223, 21121
2026/09/26 21:01:25.723, 21121
2026/09/26 21:01:26.224, 21121
2026/09/26 21:01:26.724, 21121
2026/09/26 21:01:27.224, 21121
2026/09/26 21:01:27.724, 21121
2026/09/26 21:01:28.224, 21121
2026/09/26 21:01:28.724, 21121
2026/09/26 21:01:29.225, 21121
2026/09/26 21:01:29.725, 21121
2026/09/26 21:01:30.225, 21121
2026/09/26 21:01:30.725, 21121
2026/09/26 21:01:31.225, 21121
2026/09/26 21:01:31.725, 21121
2026/09/26 21:01:32.226, 21121
2026/09/26 21:01:32.726, 21121
2026/09/26 21:01:33.226, 21121
2026/09/26 21:01:33.726, 21121
2026/09/26 21:01:34.226, 21121
2026/09/26 21:01:34.726, 21121
2026/09/26 21:01:35.227, 21121
2026/09/26 21:01:35.727, 21121
2026/09/26 21:01:36.227, 21121
2026/09/26 21:01:36.727, 21121
2026/09/26 21:01:37.227, 21121
2026/09/26 21:01:37.727, 21121
2026/09/26 21:01:38.228, 21121
2026/09/26 21:01:38.728, 21121
2026/09/26 21:01:39.228, 21121
2026/09/26 21:01:39.728, 21121
2026/09/26 21:01:40.228, 21121
2026/09/26 21:01:40.729, 21121
2026/09/26 21:01:41.229, 21121
2026/09/26 21:01:41.729, 21121
2026/09/26 21:01:42.229, 21121
2026/09/26 21:01:42.729, 21121
2026/09/26 21:01:43.229, 21121
2026/09/26 21:01:43.730, 21121
2026/09/26 21:01:44.230, 21121
2026/09/26 21:01:44.730, 21121
2026/09/26 21:01:45.230, 21121
2026/09/26 21:01:45.730, 21121
2026/09/26 21:01:46.230, 21121
2026/09/26 21:01:46.731, 21121
2026/09/26 21:01:47.231, 21121
2026/09/26 21:01:47.731, 21121
2026/09/26 21:01:48.231, 21121
2026/09/26 21:01:48.731, 21121
2026/09/26 21:01:49.231, 21121
2026/09/26 21:01:49.732, 21121
2026/09/26 21:01:50.232, 21121
2026/09/26 21:01:50.732, 21121
2026/09/26 21:01:51.232, 21121
2026/09/26 21:01:51.732, 21121
2026/09/26 21:01:52.232, 21121
2026/09/26 21:01:52.733, 21121
2026/09/26 21:01:53.233, 21121
2026/09/26 21:01:53.733, 21121
2026/09/26 21:01:54.233, 21121
2026/09/26 21:01:54.734, 21121
2026/09/26 21:01:55.234, 21121
2026/09/26 21:01:55.734, 21121
2026/09/26 21:01:56.234, 21121
2026/09/26 21:01:56.734, 21121
2026/09/26 21:01:57.235, 21121
2026/09/26 21:01:57.735, 21121
2026/09/26 21:01:58.235, 21121
2026/09/26 21:01:58.735, 21121
2026/09/26 21:01:59.235, 21121
2026/09/26 21:01:59.735, 21121
2026/09/26 21:02:00.236, 21121
2026/09/26 21:02:00.736, 21121
2026/09/26 21:02:01.236, 21121
2026/09/26 21:02:01.736, 21121
2026/09/26 21:02:02.236, 21121
2026/09/26 21:02:02.736, 21121
2026/09/26 21:02:03.237, 21121
2026/09/26 21:02:03.737, 21121
2026/09/26 21:02:04.237, 21121
2026/09/26 21:02:04.737, 21121
2026/09/26 21:02:05.237, 21121
2026/09/26 21:02:05.737, 21121
2026/09/26 21:02:06.238, 21121
2026/09/26 21:02:06.738, 21121
2026/09/26 21:02:07.238, 21121
2026/09/26 21:02:07.738, 21121
2026/09/26 21:02:08.238, 21121
2026/09/26 21:02:08.738, 21121
2026/09/26 21:02:09.239, 21121
2026/09/26 21:02:09.739, 21121
2026/09/26 21:02:10.239, 21121
2026/09/26 21:02:10.739, 21121
2026/09/26 21:02:11.239, 21121
2026/09/26 21:02:11.740, 21121
2026/09/26 21:02:12.240, 21121
2026/09/26 21:02:12.740, 21121
2026/09/26 21:02:13.240, 21121
2026/09/26 21:02:13.740, 21121
2026/09/26 21:02:14.240, 21121
2026/09/26 21:02:14.741, 21121
2026/09/26 21:02:15.241, 21121
2026/09/26 21:02:15.741, 21121
2026/09/26 21:02:16.241, 21121
2026/09/26 21:02:16.741, 21121
2026/09/26 21:02:17.241, 21121
2026/09/26 21:02:17.742, 21121
2026/09/26 21:02:18.242, 21121
2026/09/26 21:02:18.742, 21121
2026/09/26 21:02:19.242, 21121
2026/09/26 21:02:19.742, 21121
2026/09/26 21:02:20.242, 21121
2026/09/26 21:02:20.743, 21121
2026/09/26 21:02:21.243, 21121
2026/09/26 21:02:21.743, 21121
2026/09/26 21:02:22.243, 21121
2026/09/26 21:02:22.743, 21121
2026/09/26 21:02:23.243, 21121
2026/09/26 21:02:23.744, 21121
2026/09/26 21:02:24.244, 21121
2026/09/26 21:02:24.744, 21121
2026/09/26 21:02:25.244, 21121
2026/09/26 21:02:25.744, 21121
2026/09/26 21:02:26.245, 21121
2026/09/26 21:02:26.745, 21121
2026/09/26 21:02:27.245, 21121
2026/09/26 21:02:27.745, 21121
2026/09/26 21:02:28.245, 21121
2026/09/26 21:02:28.745, 21121
2026/09/26 21:02:29.245, 21121
2026/09/26 21:02:29.746, 21121
2026/09/26 21:02:30.246, 21121
2026/09/26 21:02:30.746, 21121
2026/09/26 21:02:31.246, 21121
2026/09/26 21:02:31.746, 21121
2026/09/26 21:02:32.246, 21121
2026/09/26 21:02:32.747, 21121
2026/09/26 21:02:33.247, 21121
2026/09/26 21:02:33.747, 21121
2026/09/26 21:02:34.247, 21121
2026/09/26 21:02:34.747, 21121
2026/09/26 21:02:35.247, 21121
2026/09/26 21:02:35.747, 21121
2026/09/26 21:02:36.248, 21121
2026/09/26 21:02:36.748, 21121
2026/09/26 21:02:37.248, 21121
2026/09/26 21:02:37.748, 21121
2026/09/26 21:02:38.248, 21121
2026/09/26 21:02:38.748, 21121
2026/09/26 21:02:39.249, 21121
2026/09/26 21:02:39.749, 21121
2026/09/26 21:02:40.249, 21121
2026/09/26 21:02:40.749, 21121
2026/09/26 21:02:41.249, 21121
2026/09/26 21:02:41.749, 21121
2026/09/26 21:02:42.250, 21121
2026/09/26 21:02:42.750, 21121
2026/09/26 21:02:43.250, 21121
2026/09/26 21:02:43.750, 21121
2026/09/26 21:02:44.250, 21121
2026/09/26 21:02:44.750, 21121
2026/09/26 21:02:45.251, 21121
2026/09/26 21:02:45.751, 21121
2026/09/26 21:02:46.251, 21121
2026/09/26 21:02:46.751, 21121
2026/09/26 21:02:47.252, 21121
2026/09/26 21:02:47.752, 21121
2026/09/26 21:02:48.252, 21121
2026/09/26 21:02:48.752, 21121
2026/09/26 21:02:49.252, 21121
2026/09/26 21:02:49.752, 21121
2026/09/26 21:02:50.252, 21121
2026/09/26 21:02:50.753, 21121
2026/09/26 21:02:51.253, 21121
2026/09/26 21:02:51.753, 21121
2026/09/26 21:02:52.253, 21121
2026/09/26 21:02:52.753, 21121
2026/09/26 21:02:53.253, 21121
2026/09/26 21:02:53.754, 21121
2026/09/26 21:02:54.254, 21121
2026/09/26 21:02:54.754, 21121
2026/09/26 21:02:55.254, 21121
2026/09/26 21:02:55.754, 21121
2026/09/26 21:02:56.254, 21121
2026/09/26 21:02:56.755, 21121
2026/09/26 21:02:57.255, 21121
2026/09/26 21:02:57.755, 21121
2026/09/26 21:02:58.255, 21121
2026/09/26 21:02:58.755, 21121
2026/09/26 21:02:59.255, 21121
2026/09/26 21:02:59.756, 21121
2026/09/26 21:03:00.256, 21121
2026/09/26 21:03:00.756, 21121
2026/09/26 21:03:01.256, 21121
2026/09/26 21:03:01.756, 21121
2026/09/26 21:03:02.256, 21121
2026/09/26 21:03:02.757, 21121
2026/09/26 21:03:03.257, 21121
2026/09/26 21:03:03.757, 21121
2026/09/26 21:03:04.257, 21121
2026/09/26 21:03:04.757, 21121
2026/09/26 21:03:05.257, 21121
2026/09/26 21:03:05.758, 21121
2026/09/26 21:03:06.258, 21121
2026/09/26 21:03:06.758, 21121
2026/09/26 21:03:07.258, 21121
2026/09/26 21:03:07.758, 21121
2026/09/26 21:03:08.258, 21121
2026/09/26 21:03:08.759, 21121
2026/09/26 21:03:09.259, 21121
2026/09/26 21:03:09.759, 21121
2026/09/26 21:03:10.259, 21121
2026/09/26 21:03:10.759, 21121
2026/09/26 21:03:11.259, 21121
2026/09/26 21:03:11.760, 21121
2026/09/26 21:03:12.260, 21121
2026/09/26 21:03:12.760, 21121
2026/09/26 21:03:13.260, 21121
2026/09/26 21:03:13.760, 21121
2026/09/26 21:03:14.260, 21121
2026/09/26 21:03:14.760, 21121
2026/09/26 21:03:15.261, 21121
2026/09/26 21:03:15.761, 21121
2026/09/26 21:03:16.261, 21121
2026/09/26 21:03:16.761, 21121
2026/09/26 21:03:17.261, 21121
2026/09/26 21:03:17.761, 21121
2026/09/26 21:03:18.262, 21121
2026/09/26 21:03:18.762, 21121
2026/09/26 21:03:19.262, 21121
2026/09/26 21:03:19.762, 21121
2026/09/26 21:03:20.262, 21121
2026/09/26 21:03:20.762, 21121
2026/09/26 21:03:21.263, 21121
2026/09/26 21:03:21.763, 21121
2026/09/26 21:03:22.263, 21121
2026/09/26 21:03:22.763, 21121
2026/09/26 21:03:23.263, 21121
2026/09/26 21:03:23.763, 21121
2026/09/26 21:03:24.264, 21121
2026/09/26 21:03:24.764, 21121
2026/09/26 21:03:25.264, 21121
2026/09/26 21:03:25.764, 21121
2026/09/26 21:03:26.264, 21121
2026/09/26 21:03:26.764, 21121
2026/09/26 21:03:27.265, 21121
2026/09/26 21:03:27.765, 21121
2026/09/26 21:03:28.265, 21121
2026/09/26 21:03:28.765, 21121
2026/09/26 21:03:29.265, 21121
2026/09/26 21:03:29.765, 21121
2026/09/26 21:03:30.266, 21121
2026/09/26 21:03:30.766, 21121
2026/09/26 21:03:31.266, 21121
2026/09/26 21:03:31.766, 21121
2026/09/26 21:03:32.266, 21121
2026/09/26 21:03:32.766, 21121
2026/09/26 21:03:33.267, 21121
2026/09/26 21:03:33.767, 21121
2026/09/26 21:03:34.267, 21121
2026/09/26 21:03:34.767, 21121
2026/09/26 21:03:35.267, 21121
2026/09/26 21:03:35.767, 21121
2026/09/26 21:03:36.268, 21121
2026/09/26 21:03:36.768, 21121
2026/09/26 21:03:37.268, 21121
2026/09/26 21:03:37.768, 21121
2026/09/26 21:03:38.268, 21121
2026/09/26 21:03:38.768, 21121
2026/09/26 21:03:39.268, 21121
2026/09/26 21:03:39.769, 21121
2026/09/26 21:03:40.269, 21121
2026/09/26 21:03:40.769, 21121
2026/09/26 21:03:41.269, 21121
2026/09/26 21:03:41.769, 21121
2026/09/26 21:03:42.269, 21121
2026/09/26 21:03:42.770, 21121
2026/09/26 21:03:43.270, 21121
2026/09/26 21:03:43.770, 21121
2026/09/26 21:03:44.270, 21121
2026/09/26 21:03:44.770, 21121
2026/09/26 21:03:45.270, 21121
2026/09/26 21:03:45.771, 21121
2026/09/26 21:03:46.271, 21121
2026/09/26 21:03:46.771, 21121
2026/09/26 21:03:47.271, 21121
2026/09/26 21:03:47.771, 21121
2026/09/26 21:03:48.271, 21121
2026/09/26 21:03:48.771, 21121
2026/09/26 21:03:49.272, 21121
2026/09/26 21:03:49.772, 21121
2026/09/26 21:03:50.272, 21121
2026/09/26 21:03:50.772, 21121
2026/09/26 21:03:51.272, 21121
2026/09/26 21:03:51.772, 21121
2026/09/26 21:03:52.273, 21121
2026/09/26 21:03:52.773, 21121
2026/09/26 21:03:53.273, 21121
2026/09/26 21:03:53.773, 21121
2026/09/26 21:03:54.273, 21121
2026/09/26 21:03:54.773, 21121
2026/09/26 21:03:55.274, 21121
2026/09/26 21:03:55.774, 21121
2026/09/26 21:03:56.274, 21121
2026/09/26 21:03:56.774, 21121
2026/09/26 21:03:57.274, 21121
2026/09/26 21:03:57.774, 21121
2026/09/26 21:03:58.275, 21121
2026/09/26 21:03:58.775, 21121
2026/09/26 21:03:59.275, 21121
2026/09/26 21:03:59.775, 21121
2026/09/26 21:04:00.275, 21121
2026/09/26 21:04:00.775, 21121
2026/09/26 21:04:01.276, 21121
2026/09/26 21:04:01.776, 21121
2026/09/26 21:04:02.276, 21121
2026/09/26 21:04:02.776, 21121
2026/09/26 21:04:03.276, 21121
2026/09/26 21:04:03.776, 21121
2026/09/26 21:04:04.277, 21121
2026/09/26 21:04:04.777, 21121
2026/09/26 21:04:05.277, 21121
2026/09/26 21:04:05.777, 21121
2026/09/26 21:04:06.277, 21121
2026/09/26 21:04:06.777, 21121
2026/09/26 21:04:07.278, 21121
2026/09/26 21:04:07.778, 21121
2026/09/26 21:04:08.278, 21121
2026/09/26 21:04:08.778, 21121
2026/09/26 21:04:09.278, 21121
2026/09/26 21:04:09.778, 21121
2026/09/26 21:04:10.279, 21121
2026/09/26 21:04:10.779, 21121
2026/09/26 21:04:11.279, 21121
2026/09/26 21:04:11.779, 21121
2026/09/26 21:04:12.279, 21121
2026/09/26 21:04:12.779, 21121
2026/09/26 21:04:13.280, 21121
2026/09/26 21:04:13.780, 21121
2026/09/26 21:04:14.280, 21121
2026/09/26 21:04:14.780, 21121
2026/09/26 21:04:15.280, 21121
2026/09/26 21:04:15.780, 21121
2026/09/26 21:04:16.281, 21121
2026/09/26 21:04:16.781, 21121
2026/09/26 21:04:17.281, 21121
2026/09/26 21:04:17.781, 21121
2026/09/26 21:04:18.281, 21121
2026/09/26 21:04:18.781, 21121
2026/09/26 21:04:19.282, 21121
2026/09/26 21:04:19.782, 21121
2026/09/26 21:04:20.282, 21121
2026/09/26 21:04:20.782, 21121
2026/09/26 21:04:21.282, 21121
2026/09/26 21:04:21.782, 21121
2026/09/26 21:04:22.283, 21121
2026/09/26 21:04:22.783, 21121
2026/09/26 21:04:23.283, 21121
2026/09/26 21:04:23.783, 21121
2026/09/26 21:04:24.283, 21121
2026/09/26 21:04:24.783, 21121
2026/09/26 21:04:25.284, 21121
2026/09/26 21:04:25.784, 21121
2026/09/26 21:04:26.284, 21121
2026/09/26 21:04:26.784, 21121
2026/09/26 21:04:27.284, 21121
2026/09/26 21:04:27.784, 21121
2026/09/26 21:04:28.285, 21121
2026/09/26 21:04:28.785, 21121
2026/09/26 21:04:29.285, 21121
2026/09/26 21:04:29.785, 21121
2026/09/26 21:04:30.285, 21121
2026/09/26 21:04:30.785, 21121
2026/09/26 21:04:31.286, 21121
2026/09/26 21:04:31.786, 21121
2026/09/26 21:04:32.286, 21121
2026/09/26 21:04:32.786, 21121
2026/09/26 21:04:33.286, 21121
2026/09/26 21:04:33.786, 21121
2026/09/26 21:04:34.286, 21121
2026/09/26 21:04:34.787, 21121
2026/09/26 21:04:35.287, 21121
2026/09/26 21:04:35.787, 21121
2026/09/26 21:04:36.287, 21121
2026/09/26 21:04:36.787, 21121
2026/09/26 21:04:37.287, 21121
2026/09/26 21:04:37.788, 21121
2026/09/26 21:04:38.288, 21121
2026/09/26 21:04:38.788, 21121
2026/09/26 21:04:39.288, 21121
2026/09/26 21:04:39.788, 21121
2026/09/26 21:04:40.288, 21121
2026/09/26 21:04:40.789, 21121
2026/09/26 21:04:41.289, 21121
2026/09/26 21:04:41.789, 21121
2026/09/26 21:04:42.289, 21121
2026/09/26 21:04:42.789, 21121
2026/09/26 21:04:43.289, 21121
2026/09/26 21:04:43.790, 21121
2026/09/26 21:04:44.290, 21121
2026/09/26 21:04:44.790, 21121
2026/09/26 21:04:45.290, 21121
2026/09/26 21:04:45.790, 21121
2026/09/26 21:04:46.290, 21121
2026/09/26 21:04:46.791, 21121
2026/09/26 21:04:47.291, 21121
2026/09/26 21:04:47.791, 21121
2026/09/26 21:04:48.291, 21121
2026/09/26 21:04:48.791, 21121
2026/09/26 21:04:49.291, 21121
2026/09/26 21:04:49.792, 21121
2026/09/26 21:04:50.292, 21121
2026/09/26 21:04:50.792, 21121
2026/09/26 21:04:51.292, 21121
2026/09/26 21:04:51.792, 21121
2026/09/26 21:04:52.293, 21121
2026/09/26 21:04:52.793, 21121
2026/09/26 21:04:53.293, 21121
2026/09/26 21:04:53.793, 21121
2026/09/26 21:04:54.293, 21121
2026/09/26 21:04:54.793, 21121
2026/09/26 21:04:55.293, 21121
2026/09/26 21:04:55.794, 21121
2026/09/26 21:04:56.294, 21121
2026/09/26 21:04:56.794, 21121
2026/09/26 21:04:57.294, 21121
2026/09/26 21:04:57.794, 21121
2026/09/26 21:04:58.294, 21121
2026/09/26 21:04:58.795, 21121
2026/09/26 21:04:59.295, 21121
2026/09/26 21:04:59.795, 21121
2026/09/26 21:05:00.295, 21121
2026/09/26 21:05:00.795, 21121
2026/09/26 21:05:01.295, 21121
2026/09/26 21:05:01.796, 21121
2026/09/26 21:05:02.296, 21121
2026/09/26 21:05:02.796, 21121
2026/09/26 21:05:03.296, 21121
2026/09/26 21:05:03.796, 21121
2026/09/26 21:05:04.296, 21121
2026/09/26 21:05:04.796, 21121
2026/09/26 21:05:05.297, 21121
2026/09/26 21:05:05.797, 21121
2026/09/26 21:05:06.297, 21121
2026/09/26 21:05:06.797, 21121
2026/09/26 21:05:07.297, 21121
2026/09/26 21:05:07.797, 21121
2026/09/26 21:05:08.298, 21121
2026/09/26 21:05:08.798, 21121
2026/09/26 21:05:09.298, 21121
2026/09/26 21:05:09.798, 21121
2026/09/26 21:05:10.298, 21121
2026/09/26 21:05:10.798, 21121
2026/09/26 21:05:11.299, 21121
2026/09/26 21:05:11.799, 21121
2026/09/26 21:05:12.299, 21121
2026/09/26 21:05:12.799, 21121
2026/09/26 21:05:13.299, 21121
2026/09/26 21:05:13.799, 21121
2026/09/26 21:05:14.300, 21121
2026/09/26 21:05:14.800, 21121
2026/09/26 21:05:15.300, 21121
2026/09/26 21:05:15.800, 21121
2026/09/26 21:05:16.300, 21121
2026/09/26 21:05:16.800, 21121
2026/09/26 21:05:17.301, 21121
2026/09/26 21:05:17.801, 21121
2026/09/26 21:05:18.301, 21121
2026/09/26 21:05:18.801, 21121
2026/09/26 21:05:19.301, 21121
2026/09/26 21:05:19.801, 21121
2026/09/26 21:05:20.301, 21121
2026/09/26 21:05:20.802, 21121
2026/09/26 21:05:21.302, 21121
2026/09/26 21:05:21.802, 21121
2026/09/26 21:05:22.302, 21121
2026/09/26 21:05:22.802, 21121
2026/09/26 21:05:23.302, 21121
2026/09/26 21:05:23.803, 21121
2026/09/26 21:05:24.303, 21121
2026/09/26 21:05:24.803, 21121
2026/09/26 21:05:25.303, 21121
2026/09/26 21:05:25.803, 21121
2026/09/26 21:05:26.303, 21121
2026/09/26 21:05:26.804, 21121
2026/09/26 21:05:27.304, 21121
2026/09/26 21:05:27.804, 21121
2026/09/26 21:05:28.304, 21121
2026/09/26 21:05:28.804, 21121
2026/09/26 21:05:29.304, 21121
2026/09/26 21:05:29.805, 21121
2026/09/26 21:05:30.305, 21121
2026/09/26 21:05:30.805, 21121
2026/09/26 21:05:31.305, 21121
2026/09/26 21:05:31.805, 21121
2026/09/26 21:05:32.305, 21121
2026/09/26 21:05:32.806, 21121
2026/09/26 21:05:33.306, 21121
2026/09/26 21:05:33.806, 21121
2026/09/26 21:05:34.306, 21121
2026/09/26 21:05:34.806, 21121
2026/09/26 21:05:35.306, 21121
2026/09/26 21:05:35.806, 21121
2026/09/26 21:05:36.307, 21121
2026/09/26 21:05:36.807, 21121
2026/09/26 21:05:37.307, 21121
2026/09/26 21:05:37.807, 21121
2026/09/26 21:05:38.307, 21121
2026/09/26 21:05:38.807, 21121
2026/09/26 21:05:39.308, 21121
2026/09/26 21:05:39.808, 21121
2026/09/26 21:05:40.308, 21121
2026/09/26 21:05:40.808, 21121
2026/09/26 21:05:41.308, 21121
2026/09/26 21:05:41.808, 21121
2026/09/26 21:05:42.309, 21121
2026/09/26 21:05:42.809, 21121
2026/09/26 21:05:43.309, 21121
2026/09/26 21:05:43.809, 21121
2026/09/26 21:05:44.309, 21121
2026/09/26 21:05:44.809, 21121
2026/09/26 21:05:45.309, 21121
2026/09/26 21:05:45.810, 21121
2026/09/26 21:05:46.310, 21121
2026/09/26 21:05:46.810, 21121
2026/09/26 21:05:47.310, 21121
2026/09/26 21:05:47.810, 21121
2026/09/26 21:05:48.310, 21121
2026/09/26 21:05:48.811, 21121
2026/09/26 21:05:49.311, 21121
2026/09/26 21:05:49.811, 21121
2026/09/26 21:05:50.311, 21121
2026/09/26 21:05:50.811, 21121
2026/09/26 21:05:51.311, 21121
2026/09/26 21:05:51.811, 21121
2026/09/26 21:05:52.312, 21121
2026/09/26 21:05:52.812, 21121
2026/09/26 21:05:53.312, 21121
2026/09/26 21:05:53.812, 21121
2026/09/26 21:05:54.312, 21121
2026/09/26 21:05:54.812, 21121
2026/09/26 21:05:55.313, 21121
2026/09/26 21:05:55.813, 21121
2026/09/26 21:05:56.313, 21121
2026/09/26 21:05:56.813, 21121
2026/09/26 21:05:57.313, 21121
2026/09/26 21:05:57.813, 21121
2026/09/26 21:05:58.313, 21121
2026/09/26 21:05:58.814, 21121
2026/09/26 21:05:59.314, 21121
2026/09/26 21:05:59.814, 21121
2026/09/26 21:06:00.314, 21121
2026/09/26 21:06:00.814, 21121
2026/09/26 21:06:01.314, 21121
2026/09/26 21:06:01.815, 21121
2026/09/26 21:06:02.315, 21121
2026/09/26 21:06:02.815, 21121
2026/09/26 21:06:03.315, 21121
2026/09/26 21:06:03.815, 21121
2026/09/26 21:06:04.315, 21121
2026/09/26 21:06:04.816, 21121
2026/09/26 21:06:05.316, 21121
2026/09/26 21:06:05.816, 21121
2026/09/26 21:06:06.316, 21121
2026/09/26 21:06:06.816, 21121
2026/09/26 21:06:07.316, 21121
2026/09/26 21:06:07.816, 21121
2026/09/26 21:06:08.317, 21121
2026/09/26 21:06:08.817, 21121
2026/09/26 21:06:09.317, 21121
2026/09/26 21:06:09.817, 21121
2026/09/26 21:06:10.317, 21121
2026/09/26 21:06:10.817, 21121
2026/09/26 21:06:11.318, 21121
2026/09/26 21:06:11.818, 21121
2026/09/26 21:06:12.318, 21121
2026/09/26 21:06:12.818, 21121
2026/09/26 21:06:13.318, 21121
2026/09/26 21:06:13.818, 21121
2026/09/26 21:06:14.318, 21121
2026/09/26 21:06:14.819, 21121
2026/09/26 21:06:15.319, 21121
2026/09/26 21:06:15.819, 21121
2026/09/26 21:06:16.319, 21121
2026/09/26 21:06:16.819, 21121
2026/09/26 21:06:17.319, 21121
2026/09/26 21:06:17.820, 21121
2026/09/26 21:06:18.320, 21121
2026/09/26 21:06:18.820, 21121
2026/09/26 21:06:19.320, 21121
2026/09/26 21:06:19.820, 21121
2026/09/26 21:06:20.321, 21121
2026/09/26 21:06:20.821, 21121
2026/09/26 21:06:21.321, 21121
2026/09/26 21:06:21.821, 21121
2026/09/26 21:06:22.321, 21121
2026/09/26 21:06:22.821, 21121
2026/09/26 21:06:23.321, 21121
2026/09/26 21:06:23.822, 21121
2026/09/26 21:06:24.322, 21121
2026/09/26 21:06:24.822, 21121
2026/09/26 21:06:25.322, 21121
2026/09/26 21:06:25.822, 21121
2026/09/26 21:06:26.322, 21121
2026/09/26 21:06:26.823, 21121
2026/09/26 21:06:27.323, 21121
2026/09/26 21:06:27.824, 21121
2026/09/26 21:06:28.324, 21121
2026/09/26 21:06:28.824, 21121
2026/09/26 21:06:29.325, 21121
2026/09/26 21:06:29.825, 21121
2026/09/26 21:06:30.325, 21121
2026/09/26 21:06:30.825, 21121
2026/09/26 21:06:31.325, 21121
2026/09/26 21:06:31.826, 21121
2026/09/26 21:06:32.326, 21121
2026/09/26 21:06:32.826, 21121
2026/09/26 21:06:33.326, 21121
2026/09/26 21:06:33.826, 21121
2026/09/26 21:06:34.326, 21121
2026/09/26 21:06:34.827, 21121
2026/09/26 21:06:35.327, 21121
2026/09/26 21:06:35.827, 21121
2026/09/26 21:06:36.327, 21121
2026/09/26 21:06:36.827, 21121
2026/09/26 21:06:37.327, 21121
2026/09/26 21:06:37.828, 21121
2026/09/26 21:06:38.328, 21121
2026/09/26 21:06:38.828, 21121
2026/09/26 21:06:39.328, 21121
2026/09/26 21:06:39.828, 21121
2026/09/26 21:06:40.328, 21121
2026/09/26 21:06:40.829, 21121
2026/09/26 21:06:41.329, 21121
2026/09/26 21:06:41.829, 21121
2026/09/26 21:06:42.329, 21121
2026/09/26 21:06:42.829, 21121
2026/09/26 21:06:43.329, 21121
2026/09/26 21:06:43.829, 21121
2026/09/26 21:06:44.330, 21121
2026/09/26 21:06:44.830, 21121
2026/09/26 21:06:45.330, 21121
2026/09/26 21:06:45.830, 21121
2026/09/26 21:06:46.330, 21121
2026/09/26 21:06:46.830, 21121
2026/09/26 21:06:47.331, 21121
2026/09/26 21:06:47.831, 21121
2026/09/26 21:06:48.331, 21121
2026/09/26 21:06:48.831, 21121
2026/09/26 21:06:49.331, 21121
2026/09/26 21:06:49.831, 21121
2026/09/26 21:06:50.332, 21121
2026/09/26 21:06:50.832, 21121
2026/09/26 21:06:51.332, 21121
2026/09/26 21:06:51.832, 21121
2026/09/26 21:06:52.332, 21121
2026/09/26 21:06:52.832, 21121
2026/09/26 21:06:53.333, 21121
2026/09/26 21:06:53.833, 21121
2026/09/26 21:06:54.333, 21121
2026/09/26 21:06:54.833, 21121
2026/09/26 21:06:55.333, 21121
2026/09/26 21:06:55.833, 21121
2026/09/26 21:06:56.334, 21121
2026/09/26 21:06:56.834, 21121
2026/09/26 21:06:57.334, 21121
2026/09/26 21:06:57.834, 21121
2026/09/26 21:06:58.334, 21121
2026/09/26 21:06:58.834, 21121
2026/09/26 21:06:59.335, 21121
2026/09/26 21:06:59.835, 21121
2026/09/26 21:07:00.335, 21121
2026/09/26 21:07:00.835, 21121
2026/09/26 21:07:01.335, 21121
2026/09/26 21:07:01.835, 21121
2026/09/26 21:07:02.336, 21121
2026/09/26 21:07:02.836, 21121
2026/09/26 21:07:03.336, 21121
2026/09/26 21:07:03.836, 21121
2026/09/26 21:07:04.336, 21121
2026/09/26 21:07:04.836, 21121
2026/09/26 21:07:05.337, 21121
2026/09/26 21:07:05.837, 21121
2026/09/26 21:07:06.337, 21121
2026/09/26 21:07:06.837, 21121
2026/09/26 21:07:07.337, 21121
2026/09/26 21:07:07.837, 21121
2026/09/26 21:07:08.337, 21121
2026/09/26 21:07:08.838, 21121
2026/09/26 21:07:09.338, 21121
2026/09/26 21:07:09.838, 21121
2026/09/26 21:07:10.338, 21121
2026/09/26 21:07:10.838, 21121
2026/09/26 21:07:11.338, 21121
2026/09/26 21:07:11.839, 21121
2026/09/26 21:07:12.339, 21121
2026/09/26 21:07:12.839, 21121
2026/09/26 21:07:13.339, 21121
2026/09/26 21:07:13.839, 21121
2026/09/26 21:07:14.339, 21121
2026/09/26 21:07:14.840, 21121
2026/09/26 21:07:15.340, 21121
2026/09/26 21:07:15.840, 21121
2026/09/26 21:07:16.340, 21121
2026/09/26 21:07:16.840, 21121
2026/09/26 21:07:17.340, 21121
2026/09/26 21:07:17.841, 21121
2026/09/26 21:07:18.341, 21121
2026/09/26 21:07:18.841, 21121
2026/09/26 21:07:19.341, 21121
2026/09/26 21:07:19.841, 21121
2026/09/26 21:07:20.342, 21121
2026/09/26 21:07:20.842, 21121
2026/09/26 21:07:21.342, 21121
2026/09/26 21:07:21.842, 21121
2026/09/26 21:07:22.342, 21121
2026/09/26 21:07:22.842, 21121
2026/09/26 21:07:23.343, 21121
2026/09/26 21:07:23.843, 21121
2026/09/26 21:07:24.343, 21121
2026/09/26 21:07:24.843, 21121
2026/09/26 21:07:25.343, 21121
2026/09/26 21:07:25.843, 21121
2026/09/26 21:07:26.343, 21121
2026/09/26 21:07:26.844, 21121
2026/09/26 21:07:27.344, 21121
2026/09/26 21:07:27.844, 21121
2026/09/26 21:07:28.344, 21121
2026/09/26 21:07:28.844, 21121
2026/09/26 21:07:29.344, 21121
2026/09/26 21:07:29.845, 21121
2026/09/26 21:07:30.345, 21121
2026/09/26 21:07:30.845, 21121
2026/09/26 21:07:31.345, 21121
2026/09/26 21:07:31.845, 21121
2026/09/26 21:07:32.345, 21121
2026/09/26 21:07:32.845, 21121
2026/09/26 21:07:33.346, 21121
2026/09/26 21:07:33.846, 21121
2026/09/26 21:07:34.346, 21121
2026/09/26 21:07:34.846, 21121
2026/09/26 21:07:35.346, 21121
2026/09/26 21:07:35.846, 21121
2026/09/26 21:07:36.347, 21121
2026/09/26 21:07:36.847, 21121
2026/09/26 21:07:37.347, 21121
2026/09/26 21:07:37.847, 21121
2026/09/26 21:07:38.347, 21121
2026/09/26 21:07:38.847, 21121
2026/09/26 21:07:39.348, 21121
2026/09/26 21:07:39.848, 21121
2026/09/26 21:07:40.348, 21121
2026/09/26 21:07:40.848, 21121
2026/09/26 21:07:41.348, 21121
2026/09/26 21:07:41.848, 21121
2026/09/26 21:07:42.348, 21121
2026/09/26 21:07:42.849, 21121
2026/09/26 21:07:43.349, 21121
2026/09/26 21:07:43.849, 21121
2026/09/26 21:07:44.349, 21121
2026/09/26 21:07:44.849, 21121
2026/09/26 21:07:45.349, 21121
2026/09/26 21:07:45.850, 21121
2026/09/26 21:07:46.350, 21121
2026/09/26 21:07:46.850, 21121
2026/09/26 21:07:47.350, 21121
2026/09/26 21:07:47.851, 21121
2026/09/26 21:07:48.351, 21121
2026/09/26 21:07:48.851, 21121
2026/09/26 21:07:49.351, 21121
2026/09/26 21:07:49.851, 21121
2026/09/26 21:07:50.351, 21121
2026/09/26 21:07:50.851, 21121
2026/09/26 21:07:51.352, 21121
2026/09/26 21:07:51.852, 21121
2026/09/26 21:07:52.352, 21121
2026/09/26 21:07:52.852, 21121
2026/09/26 21:07:53.352, 21121
2026/09/26 21:07:53.852, 21121
2026/09/26 21:07:54.353, 21121
2026/09/26 21:07:54.853, 21121
2026/09/26 21:07:55.353, 21121
2026/09/26 21:07:55.853, 21121
2026/09/26 21:07:56.353, 21121
2026/09/26 21:07:56.853, 21121
2026/09/26 21:07:57.354, 21121
2026/09/26 21:07:57.854, 21121
2026/09/26 21:07:58.354, 21121
2026/09/26 21:07:58.854, 21121
2026/09/26 21:07:59.354, 21121
2026/09/26 21:07:59.854, 21121
2026/09/26 21:08:00.354, 21121
2026/09/26 21:08:00.855, 21121
2026/09/26 21:08:01.355, 21121
2026/09/26 21:08:01.855, 21121
2026/09/26 21:08:02.355, 21121
2026/09/26 21:08:02.855, 21121
2026/09/26 21:08:03.355, 21121
2026/09/26 21:08:03.856, 21121
2026/09/26 21:08:04.356, 21121
2026/09/26 21:08:04.856, 21121
2026/09/26 21:08:05.356, 21121
2026/09/26 21:08:05.856, 21121
2026/09/26 21:08:06.356, 21121
2026/09/26 21:08:06.857, 21121
2026/09/26 21:08:07.357, 21121
2026/09/26 21:08:07.857, 21121
2026/09/26 21:08:08.357, 21121
2026/09/26 21:08:08.857, 21121
2026/09/26 21:08:09.357, 21121
2026/09/26 21:08:09.858, 21121
2026/09/26 21:08:10.358, 21121
2026/09/26 21:08:10.858, 21121
2026/09/26 21:08:11.358, 21121
2026/09/26 21:08:11.858, 21121
2026/09/26 21:08:12.358, 21121
2026/09/26 21:08:12.859, 21121
2026/09/26 21:08:13.359, 21121
2026/09/26 21:08:13.859, 21121
2026/09/26 21:08:14.359, 21121
2026/09/26 21:08:14.859, 21121
2026/09/26 21:08:15.359, 21121
2026/09/26 21:08:15.859, 21121
2026/09/26 21:08:16.360, 21121
2026/09/26 21:08:16.860, 21121
2026/09/26 21:08:17.360, 21121
2026/09/26 21:08:17.860, 21121
2026/09/26 21:08:18.360, 21121
2026/09/26 21:08:18.860, 21121
2026/09/26 21:08:19.361, 21121
2026/09/26 21:08:19.861, 21121
2026/09/26 21:08:20.361, 21121
2026/09/26 21:08:20.861, 21121
2026/09/26 21:08:21.361, 21121
2026/09/26 21:08:21.861, 21121
2026/09/26 21:08:22.361, 21121
2026/09/26 21:08:22.862, 21121
2026/09/26 21:08:23.362, 21121
2026/09/26 21:08:23.862, 21121
2026/09/26 21:08:24.362, 21121
2026/09/26 21:08:24.862, 21121
2026/09/26 21:08:25.362, 21121
2026/09/26 21:08:25.863, 21121
2026/09/26 21:08:26.363, 21121
2026/09/26 21:08:26.863, 21121
2026/09/26 21:08:27.363, 21121
2026/09/26 21:08:27.863, 21121
2026/09/26 21:08:28.363, 21121
2026/09/26 21:08:28.863, 21121
2026/09/26 21:08:29.364, 21121
2026/09/26 21:08:29.864, 21121
2026/09/26 21:08:30.364, 21121
2026/09/26 21:08:30.864, 21121
2026/09/26 21:08:31.364, 21121
2026/09/26 21:08:31.865, 21121
2026/09/26 21:08:32.365, 21121
2026/09/26 21:08:32.865, 21121
2026/09/26 21:08:33.365, 21121
2026/09/26 21:08:33.865, 21121
2026/09/26 21:08:34.365, 21121
2026/09/26 21:08:34.866, 21121
2026/09/26 21:08:35.366, 21121
2026/09/26 21:08:35.866, 21121
2026/09/26 21:08:36.366, 21121
2026/09/26 21:08:36.866, 21121
2026/09/26 21:08:37.366, 21121
2026/09/26 21:08:37.867, 21121
2026/09/26 21:08:38.367, 21121
2026/09/26 21:08:38.867, 21121
2026/09/26 21:08:39.367, 21121
2026/09/26 21:08:39.867, 21121
2026/09/26 21:08:40.367, 21121
2026/09/26 21:08:40.867, 21121
2026/09/26 21:08:41.368, 21121
2026/09/26 21:08:41.868, 21121
2026/09/26 21:08:42.368, 21121
2026/09/26 21:08:42.868, 21121
2026/09/26 21:08:43.368, 21121
2026/09/26 21:08:43.868, 21121
2026/09/26 21:08:44.369, 21121
2026/09/26 21:08:44.869, 21121
2026/09/26 21:08:45.369, 21121
2026/09/26 21:08:45.869, 21121
2026/09/26 21:08:46.369, 21121
2026/09/26 21:08:46.869, 21121
2026/09/26 21:08:47.369, 21121
2026/09/26 21:08:47.870, 21121
2026/09/26 21:08:48.370, 21121
2026/09/26 21:08:48.870, 21121
2026/09/26 21:08:49.370, 21121
2026/09/26 21:08:49.870, 21121
2026/09/26 21:08:50.370, 21121
2026/09/26 21:08:50.871, 21121
2026/09/26 21:08:51.371, 21121
2026/09/26 21:08:51.871, 21121
2026/09/26 21:08:52.371, 21121
2026/09/26 21:08:52.871, 21121
2026/09/26 21:08:53.371, 21121
2026/09/26 21:08:53.872, 21121
2026/09/26 21:08:54.372, 21121
2026/09/26 21:08:54.872, 21121
2026/09/26 21:08:55.372, 21121
2026/09/26 21:08:55.872, 21121
2026/09/26 21:08:56.372, 21121
2026/09/26 21:08:56.872, 21121
2026/09/26 21:08:57.373, 21121
2026/09/26 21:08:57.873, 21121
2026/09/26 21:08:58.373, 21121
2026/09/26 21:08:58.873, 21121
2026/09/26 21:08:59.373, 21121
2026/09/26 21:08:59.873, 21121
2026/09/26 21:09:00.374, 21121
2026/09/26 21:09:00.880, 21121
2026/09/26 21:09:01.380, 21121
2026/09/26 21:09:01.880, 21121
2026/09/26 21:09:02.381, 21121
2026/09/26 21:09:02.881, 21121
2026/09/26 21:09:03.381, 21121
2026/09/26 21:09:03.881, 21121
2026/09/26 21:09:04.381, 21121
2026/09/26 21:09:04.881, 21121
2026/09/26 21:09:05.382, 21121
2026/09/26 21:09:05.882, 21121
2026/09/26 21:09:06.382, 21121
2026/09/26 21:09:06.882, 21121
2026/09/26 21:09:07.382, 21121
2026/09/26 21:09:07.882, 21121
2026/09/26 21:09:08.382, 21121
2026/09/26 21:09:08.883, 21121
2026/09/26 21:09:09.383, 21121
2026/09/26 21:09:09.883, 21121
2026/09/26 21:09:10.383, 21121
2026/09/26 21:09:10.883, 21121
2026/09/26 21:09:11.383, 21121
2026/09/26 21:09:11.884, 21121
2026/09/26 21:09:12.384, 21121
2026/09/26 21:09:12.884, 21121
2026/09/26 21:09:13.384, 21121
2026/09/26 21:09:13.884, 21121
2026/09/26 21:09:14.384, 21121
2026/09/26 21:09:14.885, 21121
2026/09/26 21:09:15.385, 21121
2026/09/26 21:09:15.885, 21121
2026/09/26 21:09:16.385, 21121
2026/09/26 21:09:16.885, 21121
2026/09/26 21:09:17.385, 21121
2026/09/26 21:09:17.886, 21121
2026/09/26 21:09:18.386, 21121
2026/09/26 21:09:18.886, 21121
2026/09/26 21:09:19.386, 21121
2026/09/26 21:09:19.886, 21121
2026/09/26 21:09:20.386, 21121
2026/09/26 21:09:20.887, 21121
2026/09/26 21:09:21.387, 21121
2026/09/26 21:09:21.887, 21121
2026/09/26 21:09:22.387, 21121
2026/09/26 21:09:22.887, 21121
2026/09/26 21:09:23.387, 21121
2026/09/26 21:09:23.888, 21121
2026/09/26 21:09:24.388, 21121
2026/09/26 21:09:24.888, 21121
2026/09/26 21:09:25.388, 21121
2026/09/26 21:09:25.888, 21121
2026/09/26 21:09:26.388, 21121
2026/09/26 21:09:26.888, 21121
2026/09/26 21:09:27.389, 21121
2026/09/26 21:09:27.889, 21121
2026/09/26 21:09:28.389, 21121
2026/09/26 21:09:28.889, 21121
2026/09/26 21:09:29.389, 21121
2026/09/26 21:09:29.889, 21121
2026/09/26 21:09:30.390, 21121
2026/09/26 21:09:30.890, 21121
2026/09/26 21:09:31.390, 21121
2026/09/26 21:09:31.890, 21121
2026/09/26 21:09:32.390, 21121
2026/09/26 21:09:32.890, 21121
2026/09/26 21:09:33.391, 21121
2026/09/26 21:09:33.891, 21121
2026/09/26 21:09:34.391, 21121
2026/09/26 21:09:34.891, 21121
2026/09/26 21:09:35.391, 21121
2026/09/26 21:09:35.891, 21121
2026/09/26 21:09:36.391, 21121
2026/09/26 21:09:36.892, 21121
2026/09/26 21:09:37.392, 21121
2026/09/26 21:09:37.892, 21121
2026/09/26 21:09:38.393, 21121
2026/09/26 21:09:38.893, 21121
2026/09/26 21:09:39.393, 21121
2026/09/26 21:09:39.893, 21121
2026/09/26 21:09:40.393, 21121
2026/09/26 21:09:40.893, 21121
2026/09/26 21:09:41.394, 21121
2026/09/26 21:09:41.894, 21121
2026/09/26 21:09:42.394, 21121
2026/09/26 21:09:42.903, 21121
2026/09/26 21:09:43.403, 21121
2026/09/26 21:09:43.903, 21121
2026/09/26 21:09:44.403, 21121
2026/09/26 21:09:44.903, 21121
2026/09/26 21:09:45.404, 21121
2026/09/26 21:09:45.904, 21121
2026/09/26 21:09:46.404, 21121
2026/09/26 21:09:46.904, 21121
2026/09/26 21:09:47.404, 21121
2026/09/26 21:09:47.904, 21121
2026/09/26 21:09:48.405, 21121
2026/09/26 21:09:48.905, 21121
2026/09/26 21:09:49.405, 21121
2026/09/26 21:09:49.905, 21121
2026/09/26 21:09:50.405, 21121
2026/09/26 21:09:50.905, 21121
2026/09/26 21:09:51.405, 21121
2026/09/26 21:09:51.906, 21121
2026/09/26 21:09:52.406, 21121
2026/09/26 21:09:52.906, 21121
2026/09/26 21:09:53.406, 21121
2026/09/26 21:09:53.906, 21121
2026/09/26 21:09:54.406, 21121
2026/09/26 21:09:54.907, 21121
2026/09/26 21:09:55.407, 21121
2026/09/26 21:09:55.907, 21121
2026/09/26 21:09:56.407, 21121
2026/09/26 21:09:56.907, 21121
2026/09/26 21:09:57.407, 21121
2026/09/26 21:09:57.908, 21121
2026/09/26 21:09:58.408, 21121
2026/09/26 21:09:58.908, 21121
2026/09/26 21:09:59.408, 21121
2026/09/26 21:09:59.908, 21121
2026/09/26 21:10:00.408, 21121
2026/09/26 21:10:00.909, 21121
2026/09/26 21:10:01.409, 21121
2026/09/26 21:10:01.909, 21121
2026/09/26 21:10:02.409, 21121
2026/09/26 21:10:02.909, 21121
2026/09/26 21:10:03.409, 21121
2026/09/26 21:10:03.910, 21121
2026/09/26 21:10:04.410, 21121
2026/09/26 21:10:04.910, 21121
2026/09/26 21:10:05.410, 21121
2026/09/26 21:10:05.910, 21121
2026/09/26 21:10:06.410, 21121
2026/09/26 21:10:06.911, 21121
2026/09/26 21:10:07.411, 21121
2026/09/26 21:10:07.911, 21121
2026/09/26 21:10:08.411, 21121
2026/09/26 21:10:08.912, 21121
2026/09/26 21:10:09.412, 21121
2026/09/26 21:10:09.912, 21121
2026/09/26 21:10:10.412, 21121
2026/09/26 21:10:10.912, 21121
2026/09/26 21:10:11.412, 21121
2026/09/26 21:10:11.912, 21121
2026/09/26 21:10:12.413, 21121
2026/09/26 21:10:12.913, 21121
2026/09/26 21:10:13.413, 21121
2026/09/26 21:10:13.913, 21121
2026/09/26 21:10:14.413, 21121
2026/09/26 21:10:14.913, 21121
2026/09/26 21:10:15.414, 21121
2026/09/26 21:10:15.914, 21121
2026/09/26 21:10:16.414, 21121
2026/09/26 21:10:16.914, 21121
2026/09/26 21:10:17.414, 21121
2026/09/26 21:10:17.914, 21121
2026/09/26 21:10:18.414, 21121
2026/09/26 21:10:18.915, 21121
2026/09/26 21:10:19.415, 21121
2026/09/26 21:10:19.915, 21121
2026/09/26 21:10:20.415, 21121
2026/09/26 21:10:20.915, 21121
2026/09/26 21:10:21.416, 21121
2026/09/26 21:10:21.916, 21121
2026/09/26 21:10:22.416, 21121
2026/09/26 21:10:22.916, 21121
2026/09/26 21:10:23.416, 21121
2026/09/26 21:10:23.916, 21121
2026/09/26 21:10:24.417, 21121
2026/09/26 21:10:24.917, 21121
2026/09/26 21:10:25.417, 21121
2026/09/26 21:10:25.917, 21121
2026/09/26 21:10:26.417, 21121
2026/09/26 21:10:26.917, 21121
2026/09/26 21:10:27.417, 21121
2026/09/26 21:10:27.918, 21121
2026/09/26 21:10:28.418, 21121
2026/09/26 21:10:28.918, 21121
2026/09/26 21:10:29.418, 21121
2026/09/26 21:10:29.918, 21121
2026/09/26 21:10:30.418, 21121
2026/09/26 21:10:30.918, 21121
2026/09/26 21:10:31.419, 21121
2026/09/26 21:10:31.919, 21121
2026/09/26 21:10:32.419, 21121
2026/09/26 21:10:32.919, 21121
2026/09/26 21:10:33.419, 21121
2026/09/26 21:10:33.919, 21121
2026/09/26 21:10:34.420, 21121
2026/09/26 21:10:34.920, 21121
2026/09/26 21:10:35.420, 21121
2026/09/26 21:10:35.920, 21121
2026/09/26 21:10:36.420, 21121
2026/09/26 21:10:36.920, 21121
2026/09/26 21:10:37.421, 21121
2026/09/26 21:10:37.921, 21121
2026/09/26 21:10:38.421, 21121
2026/09/26 21:10:38.921, 21121
2026/09/26 21:10:39.421, 21121
2026/09/26 21:10:39.921, 21121
2026/09/26 21:10:40.421, 21121
2026/09/26 21:10:40.922, 21121
2026/09/26 21:10:41.422, 21121
2026/09/26 21:10:41.922, 21121
2026/09/26 21:10:42.422, 21121
2026/09/26 21:10:42.922, 21121
2026/09/26 21:10:43.422, 21121
2026/09/26 21:10:43.923, 21121
2026/09/26 21:10:44.423, 21121
2026/09/26 21:10:44.923, 21121
2026/09/26 21:10:45.423, 21121
2026/09/26 21:10:45.923, 21121
2026/09/26 21:10:46.423, 21121
2026/09/26 21:10:46.924, 21121
2026/09/26 21:10:47.424, 21121
2026/09/26 21:10:47.924, 21121
2026/09/26 21:10:48.424, 21121
2026/09/26 21:10:48.924, 21121
2026/09/26 21:10:49.424, 21121
2026/09/26 21:10:49.924, 21121
2026/09/26 21:10:50.425, 21121
2026/09/26 21:10:50.925, 21121
2026/09/26 21:10:51.425, 21121
2026/09/26 21:10:51.925, 21121
2026/09/26 21:10:52.425, 21121
2026/09/26 21:10:52.925, 21121
2026/09/26 21:10:53.426, 21121
2026/09/26 21:10:53.926, 21121
2026/09/26 21:10:54.426, 21121
2026/09/26 21:10:54.926, 21121
2026/09/26 21:10:55.426, 21121
2026/09/26 21:10:55.926, 21121
2026/09/26 21:10:56.426, 21121
2026/09/26 21:10:56.926, 21121
2026/09/26 21:10:57.427, 21121
2026/09/26 21:10:57.927, 21121
2026/09/26 21:10:58.427, 21121
2026/09/26 21:10:58.927, 21121
2026/09/26 21:10:59.427, 21121
2026/09/26 21:10:59.927, 21121
2026/09/26 21:11:00.428, 21121
2026/09/26 21:11:00.928, 21121
2026/09/26 21:11:01.428, 21121
2026/09/26 21:11:01.928, 21121
2026/09/26 21:11:02.428, 21121
2026/09/26 21:11:02.928, 21121
2026/09/26 21:11:03.428, 21121
2026/09/26 21:11:03.929, 21121
2026/09/26 21:11:04.429, 21121
2026/09/26 21:11:04.929, 21121
2026/09/26 21:11:05.429, 21121
2026/09/26 21:11:05.929, 21121
2026/09/26 21:11:06.429, 21121
2026/09/26 21:11:06.930, 21121
2026/09/26 21:11:07.430, 21121
2026/09/26 21:11:07.930, 21121
2026/09/26 21:11:08.430, 21121
2026/09/26 21:11:08.930, 21121
2026/09/26 21:11:09.430, 21121
2026/09/26 21:11:09.930, 21121
2026/09/26 21:11:10.431, 21121
2026/09/26 21:11:10.931, 21121
2026/09/26 21:11:11.431, 21121
2026/09/26 21:11:11.931, 21121
2026/09/26 21:11:12.431, 21121
2026/09/26 21:11:12.931, 21121
2026/09/26 21:11:13.432, 21121
2026/09/26 21:11:13.932, 21121
2026/09/26 21:11:14.432, 21121
2026/09/26 21:11:14.932, 21121
2026/09/26 21:11:15.432, 21121
2026/09/26 21:11:15.932, 21121
2026/09/26 21:11:16.433, 21121
2026/09/26 21:11:16.933, 21121
2026/09/26 21:11:17.433, 21121
2026/09/26 21:11:17.933, 21121
2026/09/26 21:11:18.433, 21121
2026/09/26 21:11:18.933, 21121
2026/09/26 21:11:19.434, 21121
2026/09/26 21:11:19.934, 21121
2026/09/26 21:11:20.434, 21121
2026/09/26 21:11:20.934, 21121
2026/09/26 21:11:21.434, 21121
2026/09/26 21:11:21.934, 21121
2026/09/26 21:11:22.435, 21121
2026/09/26 21:11:22.935, 21121
2026/09/26 21:11:23.435, 21121
2026/09/26 21:11:23.935, 21121
2026/09/26 21:11:24.435, 21121
2026/09/26 21:11:24.935, 21121
2026/09/26 21:11:25.436, 21121
2026/09/26 21:11:25.936, 21121
2026/09/26 21:11:26.436, 21121
2026/09/26 21:11:26.936, 21121
2026/09/26 21:11:27.436, 21121
2026/09/26 21:11:27.936, 21121
2026/09/26 21:11:28.437, 21121
2026/09/26 21:11:28.937, 21121
2026/09/26 21:11:29.437, 21121
2026/09/26 21:11:29.937, 21121
2026/09/26 21:11:30.437, 21121
2026/09/26 21:11:30.937, 21121
2026/09/26 21:11:31.438, 21121
2026/09/26 21:11:31.938, 21121
2026/09/26 21:11:32.438, 21121
2026/09/26 21:11:32.938, 21121
2026/09/26 21:11:33.438, 21121
2026/09/26 21:11:33.938, 21121
2026/09/26 21:11:34.439, 21121
2026/09/26 21:11:34.939, 21121
2026/09/26 21:11:35.439, 21121
2026/09/26 21:11:35.939, 21121
2026/09/26 21:11:36.439, 21121
2026/09/26 21:11:36.940, 21121
2026/09/26 21:11:37.440, 21121
2026/09/26 21:11:37.940, 21121
2026/09/26 21:11:38.440, 21121
2026/09/26 21:11:38.940, 21121
2026/09/26 21:11:39.440, 21121
2026/09/26 21:11:39.941, 21121
2026/09/26 21:11:40.441, 21121
2026/09/26 21:11:40.941, 21121
2026/09/26 21:11:41.441, 21121
2026/09/26 21:11:41.941, 21121
2026/09/26 21:11:42.441, 21121
2026/09/26 21:11:42.941, 21121
2026/09/26 21:11:43.442, 21121
2026/09/26 21:11:43.942, 21121
2026/09/26 21:11:44.442, 21121
2026/09/26 21:11:44.942, 21121
2026/09/26 21:11:45.442, 21121
2026/09/26 21:11:45.942, 21121
2026/09/26 21:11:46.443, 21121
2026/09/26 21:11:46.943, 21121
2026/09/26 21:11:47.443, 21121
2026/09/26 21:11:47.943, 21121
2026/09/26 21:11:48.443, 21121
2026/09/26 21:11:48.943, 21121
2026/09/26 21:11:49.444, 21121
2026/09/26 21:11:49.944, 21121
2026/09/26 21:11:50.444, 21121
2026/09/26 21:11:50.944, 21121
2026/09/26 21:11:51.444, 21121
2026/09/26 21:11:51.944, 21121
2026/09/26 21:11:52.445, 21121
2026/09/26 21:11:52.945, 21121
2026/09/26 21:11:53.445, 21121
2026/09/26 21:11:53.945, 21121
2026/09/26 21:11:54.445, 21121
2026/09/26 21:11:54.945, 21121
2026/09/26 21:11:55.446, 21121
2026/09/26 21:11:55.946, 21121
2026/09/26 21:11:56.446, 21121
2026/09/26 21:11:56.946, 21121
2026/09/26 21:11:57.446, 21121
2026/09/26 21:11:57.946, 21121
2026/09/26 21:11:58.447, 21121
2026/09/26 21:11:58.947, 21121
2026/09/26 21:11:59.447, 21121
2026/09/26 21:11:59.947, 21121
2026/09/26 21:12:00.447, 21121
2026/09/26 21:12:00.947, 21121
2026/09/26 21:12:01.448, 21121
2026/09/26 21:12:01.948, 21121
2026/09/26 21:12:02.448, 21121
2026/09/26 21:12:02.948, 21121
2026/09/26 21:12:03.448, 21121
2026/09/26 21:12:03.948, 21121
2026/09/26 21:12:04.449, 21121
2026/09/26 21:12:04.949, 21121
2026/09/26 21:12:05.449, 21121
2026/09/26 21:12:05.949, 21121
2026/09/26 21:12:06.449, 21121
2026/09/26 21:12:06.950, 21121
2026/09/26 21:12:07.450, 21121
2026/09/26 21:12:07.950, 21121
2026/09/26 21:12:08.450, 21121
2026/09/26 21:12:08.950, 21121
2026/09/26 21:12:09.450, 21121
2026/09/26 21:12:09.951, 21121
2026/09/26 21:12:10.451, 21121
2026/09/26 21:12:10.951, 21121
2026/09/26 21:12:11.451, 21121
2026/09/26 21:12:11.951, 21121
2026/09/26 21:12:12.451, 21121
2026/09/26 21:12:12.951, 21121
2026/09/26 21:12:13.452, 21121
2026/09/26 21:12:13.952, 21121
2026/09/26 21:12:14.452, 21121
2026/09/26 21:12:14.952, 21121
2026/09/26 21:12:15.452, 21121
2026/09/26 21:12:15.952, 21121
2026/09/26 21:12:16.452, 21121
2026/09/26 21:12:16.953, 21121
2026/09/26 21:12:17.453, 21121
2026/09/26 21:12:17.953, 21121
2026/09/26 21:12:18.453, 21121
2026/09/26 21:12:18.953, 21121
2026/09/26 21:12:19.453, 21121
2026/09/26 21:12:19.954, 21121
2026/09/26 21:12:20.454, 21121
2026/09/26 21:12:20.954, 21121
2026/09/26 21:12:21.454, 21121
2026/09/26 21:12:21.954, 21121
2026/09/26 21:12:22.454, 21121
2026/09/26 21:12:22.955, 21121
2026/09/26 21:12:23.455, 21121
2026/09/26 21:12:23.955, 21121
2026/09/26 21:12:24.455, 21121
2026/09/26 21:12:24.955, 21121
2026/09/26 21:12:25.455, 21121
2026/09/26 21:12:25.956, 21121
2026/09/26 21:12:26.456, 21121
2026/09/26 21:12:26.956, 21121
2026/09/26 21:12:27.456, 21121
2026/09/26 21:12:27.956, 21121
2026/09/26 21:12:28.456, 21121
2026/09/26 21:12:28.957, 21121
2026/09/26 21:12:29.457, 21121
2026/09/26 21:12:29.957, 21121
2026/09/26 21:12:30.457, 21121
2026/09/26 21:12:30.957, 21121
2026/09/26 21:12:31.457, 21121
2026/09/26 21:12:31.958, 21121
2026/09/26 21:12:32.458, 21121
2026/09/26 21:12:32.958, 21121
2026/09/26 21:12:33.458, 21121
2026/09/26 21:12:33.958, 21121
2026/09/26 21:12:34.458, 21121
2026/09/26 21:12:34.958, 21121
2026/09/26 21:12:35.459, 21121
2026/09/26 21:12:35.959, 21121
2026/09/26 21:12:36.459, 21121
2026/09/26 21:12:36.959, 21121
2026/09/26 21:12:37.459, 21121
2026/09/26 21:12:37.959, 21121
2026/09/26 21:12:38.460, 21121
2026/09/26 21:12:38.960, 21121
2026/09/26 21:12:39.460, 21121
2026/09/26 21:12:39.960, 21121
2026/09/26 21:12:40.460, 21121
2026/09/26 21:12:40.960, 21121
2026/09/26 21:12:41.461, 21121
2026/09/26 21:12:41.961, 21121
2026/09/26 21:12:42.461, 21121
2026/09/26 21:12:42.961, 21121
2026/09/26 21:12:43.461, 21121
2026/09/26 21:12:43.961, 21121
2026/09/26 21:12:44.462, 21121
2026/09/26 21:12:44.962, 21121
2026/09/26 21:12:45.462, 21121
2026/09/26 21:12:45.962, 21121
2026/09/26 21:12:46.462, 21121
2026/09/26 21:12:46.962, 21121
2026/09/26 21:12:47.463, 21121
2026/09/26 21:12:47.963, 21121
2026/09/26 21:12:48.463, 21121
2026/09/26 21:12:48.963, 21121
2026/09/26 21:12:49.463, 21121
2026/09/26 21:12:49.963, 21121
2026/09/26 21:12:50.464, 21121
2026/09/26 21:12:50.964, 21121
2026/09/26 21:12:51.464, 21121
2026/09/26 21:12:51.964, 21121
2026/09/26 21:12:52.464, 21121
2026/09/26 21:12:52.964, 21121
2026/09/26 21:12:53.465, 21121
2026/09/26 21:12:53.965, 21121
2026/09/26 21:12:54.465, 21121
2026/09/26 21:12:54.965, 21121
2026/09/26 21:12:55.465, 21121
2026/09/26 21:12:55.965, 21121
2026/09/26 21:12:56.466, 21121
2026/09/26 21:12:56.966, 21121
2026/09/26 21:12:57.466, 21121
2026/09/26 21:12:57.966, 21121
2026/09/26 21:12:58.466, 21121
2026/09/26 21:12:58.966, 21121
2026/09/26 21:12:59.467, 21121
2026/09/26 21:12:59.967, 21121
2026/09/26 21:13:00.467, 21121
2026/09/26 21:13:00.967, 21121
2026/09/26 21:13:01.467, 21121
2026/09/26 21:13:01.968, 21121
2026/09/26 21:13:02.468, 21121
2026/09/26 21:13:02.968, 21121
2026/09/26 21:13:03.468, 21121
2026/09/26 21:13:03.968, 21121
2026/09/26 21:13:04.468, 21121
2026/09/26 21:13:04.969, 21121
2026/09/26 21:13:05.469, 21121
2026/09/26 21:13:05.969, 21121
2026/09/26 21:13:06.469, 21121
2026/09/26 21:13:06.969, 21121
2026/09/26 21:13:07.469, 21121
2026/09/26 21:13:07.970, 21121
2026/09/26 21:13:08.470, 21121
2026/09/26 21:13:08.970, 21121
2026/09/26 21:13:09.470, 21121
2026/09/26 21:13:09.970, 21121
2026/09/26 21:13:10.470, 21121
2026/09/26 21:13:10.970, 21121
2026/09/26 21:13:11.470, 21121
2026/09/26 21:13:11.971, 21121
2026/09/26 21:13:12.471, 21121
2026/09/26 21:13:12.971, 21121
2026/09/26 21:13:13.471, 21121
2026/09/26 21:13:13.971, 21121
2026/09/26 21:13:14.472, 21121
2026/09/26 21:13:14.972, 21121
2026/09/26 21:13:15.472, 21121
2026/09/26 21:13:15.972, 21121
2026/09/26 21:13:16.472, 21121
2026/09/26 21:13:16.972, 21121
2026/09/26 21:13:17.473, 21121
2026/09/26 21:13:17.973, 21121
2026/09/26 21:13:18.473, 21121
2026/09/26 21:13:18.973, 21121
2026/09/26 21:13:19.473, 21121
2026/09/26 21:13:19.973, 21121
2026/09/26 21:13:20.474, 21121
2026/09/26 21:13:20.974, 21121
2026/09/26 21:13:21.474, 21121
2026/09/26 21:13:21.974, 21121
2026/09/26 21:13:22.474, 21121
2026/09/26 21:13:22.974, 21121
2026/09/26 21:13:23.474, 21121
2026/09/26 21:13:23.975, 21121
2026/09/26 21:13:24.475, 21121
2026/09/26 21:13:24.975, 21121
2026/09/26 21:13:25.475, 21121
2026/09/26 21:13:25.975, 21121
2026/09/26 21:13:26.475, 21121
2026/09/26 21:13:26.976, 21121
2026/09/26 21:13:27.476, 21121
2026/09/26 21:13:27.976, 21121
2026/09/26 21:13:28.476, 21121
2026/09/26 21:13:28.976, 21121
2026/09/26 21:13:29.476, 21121
2026/09/26 21:13:29.977, 21121
2026/09/26 21:13:30.477, 21121
2026/09/26 21:13:30.977, 21121
2026/09/26 21:13:31.477, 21121
2026/09/26 21:13:31.977, 21121
2026/09/26 21:13:32.477, 21121
2026/09/26 21:13:32.977, 21121
2026/09/26 21:13:33.478, 21121
2026/09/26 21:13:33.978, 21121
2026/09/26 21:13:34.478, 21121
2026/09/26 21:13:34.978, 21121
2026/09/26 21:13:35.478, 21121
2026/09/26 21:13:35.978, 21121
2026/09/26 21:13:36.478, 21121
2026/09/26 21:13:36.979, 21121
2026/09/26 21:13:37.479, 21121
2026/09/26 21:13:37.979, 21121
2026/09/26 21:13:38.479, 21121
2026/09/26 21:13:38.979, 21121
2026/09/26 21:13:39.479, 21121
2026/09/26 21:13:39.980, 21121
2026/09/26 21:13:40.480, 21121
2026/09/26 21:13:40.980, 21121
2026/09/26 21:13:41.480, 21121
2026/09/26 21:13:41.980, 21121
2026/09/26 21:13:42.480, 21121
2026/09/26 21:13:42.981, 21121
2026/09/26 21:13:43.481, 21121
2026/09/26 21:13:43.981, 21121
2026/09/26 21:13:44.481, 21121
2026/09/26 21:13:44.981, 21121
2026/09/26 21:13:45.481, 21121
2026/09/26 21:13:45.981, 21121
2026/09/26 21:13:46.482, 21121
2026/09/26 21:13:46.982, 21121
2026/09/26 21:13:47.482, 21121
2026/09/26 21:13:47.982, 21121
2026/09/26 21:13:48.483, 21121
2026/09/26 21:13:48.983, 21121
2026/09/26 21:13:49.483, 21121
2026/09/26 21:13:49.983, 21121
2026/09/26 21:13:50.483, 21121
2026/09/26 21:13:50.983, 21121
2026/09/26 21:13:51.484, 21121
2026/09/26 21:13:51.984, 21121
2026/09/26 21:13:52.484, 21121
2026/09/26 21:13:52.984, 21121
2026/09/26 21:13:53.484, 21121
2026/09/26 21:13:53.984, 21121
2026/09/26 21:13:54.485, 21121
2026/09/26 21:13:54.985, 21121
2026/09/26 21:13:55.485, 21121
2026/09/26 21:13:55.985, 21121
2026/09/26 21:13:56.485, 21121
2026/09/26 21:13:56.986, 21121
2026/09/26 21:13:57.486, 21121
2026/09/26 21:13:57.986, 21121
2026/09/26 21:13:58.486, 21121
2026/09/26 21:13:58.986, 21121
2026/09/26 21:13:59.486, 21121
2026/09/26 21:13:59.986, 21121
2026/09/26 21:14:00.487, 21121
2026/09/26 21:14:00.987, 21121
2026/09/26 21:14:01.487, 21121
2026/09/26 21:14:01.987, 21121
2026/09/26 21:14:02.487, 21121
2026/09/26 21:14:02.987, 21121
2026/09/26 21:14:03.488, 21121
2026/09/26 21:14:03.996, 21121
2026/09/26 21:14:04.497, 21121
2026/09/26 21:14:04.997, 21121
2026/09/26 21:14:05.497, 21121
2026/09/26 21:14:05.997, 21121
2026/09/26 21:14:06.497, 21121
2026/09/26 21:14:06.997, 21121
2026/09/26 21:14:07.498, 21121
2026/09/26 21:14:07.998, 21121
2026/09/26 21:14:08.498, 21121
2026/09/26 21:14:08.998, 21121
2026/09/26 21:14:09.498, 21121
2026/09/26 21:14:09.998, 21121
2026/09/26 21:14:10.499, 21121
2026/09/26 21:14:10.999, 21121
2026/09/26 21:14:11.499, 21121
2026/09/26 21:14:11.999, 21121
2026/09/26 21:14:12.499, 21121
2026/09/26 21:14:12.999, 21121
2026/09/26 21:14:13.500, 21121
2026/09/26 21:14:14.000, 21121
2026/09/26 21:14:14.500, 21121
2026/09/26 21:14:15.000, 21121
2026/09/26 21:14:15.500, 21121
2026/09/26 21:14:16.000, 21121
2026/09/26 21:14:16.500, 21121
2026/09/26 21:14:17.001, 21121
2026/09/26 21:14:17.501, 21121
2026/09/26 21:14:18.001, 21121
2026/09/26 21:14:18.501, 21121
2026/09/26 21:14:19.001, 21121
2026/09/26 21:14:19.501, 21121
2026/09/26 21:14:20.002, 21121
2026/09/26 21:14:20.502, 21121
2026/09/26 21:14:21.002, 21121
2026/09/26 21:14:21.502, 21121
2026/09/26 21:14:22.002, 21121
2026/09/26 21:14:22.502, 21121
2026/09/26 21:14:23.003, 21121
2026/09/26 21:14:23.503, 21121
2026/09/26 21:14:24.003, 21121
2026/09/26 21:14:24.503, 21121
2026/09/26 21:14:25.003, 21121
2026/09/26 21:14:25.503, 21121
2026/09/26 21:14:26.003, 21121
2026/09/26 21:14:26.504, 21121
2026/09/26 21:14:27.004, 21121
2026/09/26 21:14:27.504, 21121
2026/09/26 21:14:28.004, 21121
2026/09/26 21:14:28.504, 21121
2026/09/26 21:14:29.004, 21121
2026/09/26 21:14:29.505, 21121
2026/09/26 21:14:30.005, 21121
2026/09/26 21:14:30.505, 21121
2026/09/26 21:14:31.005, 21121
2026/09/26 21:14:31.505, 21121
2026/09/26 21:14:32.005, 21121
2026/09/26 21:14:32.506, 21121
2026/09/26 21:14:33.006, 21121
2026/09/26 21:14:33.506, 21121
2026/09/26 21:14:34.006, 21121
2026/09/26 21:14:34.506, 21121
2026/09/26 21:14:35.007, 21121
2026/09/26 21:14:35.507, 21121
2026/09/26 21:14:36.007, 21121
2026/09/26 21:14:36.507, 21121
2026/09/26 21:14:37.007, 21121
2026/09/26 21:14:37.507, 21121
2026/09/26 21:14:38.008, 21121
2026/09/26 21:14:38.508, 21121
2026/09/26 21:14:39.008, 21121
2026/09/26 21:14:39.508, 21121
2026/09/26 21:14:40.008, 21121
2026/09/26 21:14:40.508, 21121
2026/09/26 21:14:41.008, 21121
2026/09/26 21:14:41.509, 21121
2026/09/26 21:14:42.009, 21121
2026/09/26 21:14:42.509, 21121
2026/09/26 21:14:43.009, 21121
2026/09/26 21:14:43.509, 21121
2026/09/26 21:14:44.009, 21121
2026/09/26 21:14:44.510, 21121
2026/09/26 21:14:45.010, 21121
2026/09/26 21:14:45.510, 21121
2026/09/26 21:14:46.010, 21121
2026/09/26 21:14:46.510, 21121
2026/09/26 21:14:47.010, 21121
2026/09/26 21:14:47.510, 21121
2026/09/26 21:14:48.011, 21121
2026/09/26 21:14:48.511, 21121
2026/09/26 21:14:49.011, 21121
2026/09/26 21:14:49.511, 21121
2026/09/26 21:14:50.011, 21121
2026/09/26 21:14:50.511, 21121
2026/09/26 21:14:51.012, 21121
2026/09/26 21:14:51.512, 21121
2026/09/26 21:14:52.012, 21121
2026/09/26 21:14:52.512, 21121
2026/09/26 21:14:53.012, 21121
2026/09/26 21:14:53.512, 21121
2026/09/26 21:14:54.013, 21121
2026/09/26 21:14:54.513, 21121
2026/09/26 21:14:55.013, 21121
2026/09/26 21:14:55.513, 21121
2026/09/26 21:14:56.013, 21121
2026/09/26 21:14:56.513, 21121
2026/09/26 21:14:57.013, 21121
2026/09/26 21:14:57.514, 21121
2026/09/26 21:14:58.014, 21121
2026/09/26 21:14:58.514, 21121
2026/09/26 21:14:59.014, 21121
2026/09/26 21:14:59.514, 21121
2026/09/26 21:15:00.014, 21121
2026/09/26 21:15:00.515, 21121
2026/09/26 21:15:01.015, 21121
2026/09/26 21:15:01.515, 21121
2026/09/26 21:15:02.015, 21121
2026/09/26 21:15:02.515, 21121
2026/09/26 21:15:03.015, 21121
2026/09/26 21:15:03.516, 21121
2026/09/26 21:15:04.016, 21121
2026/09/26 21:15:04.516, 21121
2026/09/26 21:15:05.016, 21121
2026/09/26 21:15:05.516, 21121
2026/09/26 21:15:06.016, 21121
2026/09/26 21:15:06.517, 21121
2026/09/26 21:15:07.017, 21121
2026/09/26 21:15:07.517, 21121
2026/09/26 21:15:08.017, 21121
2026/09/26 21:15:08.517, 21121
2026/09/26 21:15:09.017, 21121
2026/09/26 21:15:09.518, 21121
2026/09/26 21:15:10.018, 21121
2026/09/26 21:15:10.518, 21121
2026/09/26 21:15:11.018, 21121
2026/09/26 21:15:11.518, 21121
2026/09/26 21:15:12.018, 21121
2026/09/26 21:15:12.518, 21121
2026/09/26 21:15:13.019, 21121
2026/09/26 21:15:13.519, 21121
2026/09/26 21:15:14.019, 21121
2026/09/26 21:15:14.519, 21121
2026/09/26 21:15:15.019, 21121
2026/09/26 21:15:15.519, 21121
2026/09/26 21:15:16.020, 21121
2026/09/26 21:15:16.520, 21121
2026/09/26 21:15:17.020, 21121
2026/09/26 21:15:17.520, 21121
2026/09/26 21:15:18.020, 21121
2026/09/26 21:15:18.520, 21121
2026/09/26 21:15:19.020, 21121
2026/09/26 21:15:19.521, 21121
2026/09/26 21:15:20.021, 21121
2026/09/26 21:15:20.521, 21121
2026/09/26 21:15:21.021, 21121
2026/09/26 21:15:21.521, 21121
2026/09/26 21:15:22.021, 21121
2026/09/26 21:15:22.522, 21121
2026/09/26 21:15:23.022, 21121
2026/09/26 21:15:23.522, 21121
2026/09/26 21:15:24.022, 21121
2026/09/26 21:15:24.522, 21121
2026/09/26 21:15:25.022, 21121
2026/09/26 21:15:25.522, 21121
2026/09/26 21:15:26.023, 21121
2026/09/26 21:15:26.523, 21121
2026/09/26 21:15:27.023, 21121
2026/09/26 21:15:27.523, 21121
2026/09/26 21:15:28.023, 21121
2026/09/26 21:15:28.523, 21121
2026/09/26 21:15:29.023, 21121
2026/09/26 21:15:29.524, 21121
2026/09/26 21:15:30.024, 21121
2026/09/26 21:15:30.524, 21121
2026/09/26 21:15:31.024, 21121
2026/09/26 21:15:31.524, 21121
2026/09/26 21:15:32.024, 21121
2026/09/26 21:15:32.524, 21121
2026/09/26 21:15:33.025, 21121
2026/09/26 21:15:33.525, 21121
2026/09/26 21:15:34.025, 21121
2026/09/26 21:15:34.525, 21121
2026/09/26 21:15:35.025, 21121
2026/09/26 21:15:35.525, 21121
2026/09/26 21:15:36.026, 21121
2026/09/26 21:15:36.526, 21121
2026/09/26 21:15:37.026, 21121
2026/09/26 21:15:37.526, 21121
2026/09/26 21:15:38.026, 21121
2026/09/26 21:15:38.526, 21121
2026/09/26 21:15:39.027, 21121
2026/09/26 21:15:39.527, 21121
2026/09/26 21:15:40.027, 21121
2026/09/26 21:15:40.527, 21121
2026/09/26 21:15:41.027, 21121
2026/09/26 21:15:41.527, 21121
2026/09/26 21:15:42.028, 21121
2026/09/26 21:15:42.528, 21121
2026/09/26 21:15:43.028, 21121
2026/09/26 21:15:43.528, 21121
2026/09/26 21:15:44.028, 21121
2026/09/26 21:15:44.528, 21121
2026/09/26 21:15:45.029, 21121
2026/09/26 21:15:45.529, 21121
2026/09/26 21:15:46.029, 21121
2026/09/26 21:15:46.529, 21121
2026/09/26 21:15:47.029, 21121
2026/09/26 21:15:47.529, 21121
2026/09/26 21:15:48.029, 21121
2026/09/26 21:15:48.530, 21121
2026/09/26 21:15:49.030, 21121
2026/09/26 21:15:49.530, 21121
2026/09/26 21:15:50.030, 21121
2026/09/26 21:15:50.530, 21121
2026/09/26 21:15:51.030, 21121
2026/09/26 21:15:51.530, 21121
2026/09/26 21:15:52.031, 21121
2026/09/26 21:15:52.531, 21121
2026/09/26 21:15:53.031, 21121
2026/09/26 21:15:53.531, 21121
2026/09/26 21:15:54.031, 21121
2026/09/26 21:15:54.531, 21121
2026/09/26 21:15:55.032, 21121
2026/09/26 21:15:55.532, 21121
2026/09/26 21:15:56.032, 21121
2026/09/26 21:15:56.532, 21121
2026/09/26 21:15:57.032, 21121
2026/09/26 21:15:57.532, 21121
2026/09/26 21:15:58.033, 21121
2026/09/26 21:15:58.533, 21121
2026/09/26 21:15:59.033, 21121
2026/09/26 21:15:59.533, 21121
2026/09/26 21:16:00.033, 21121
2026/09/26 21:16:00.533, 21121
2026/09/26 21:16:01.034, 21121
2026/09/26 21:16:01.534, 21121
2026/09/26 21:16:02.034, 21121
2026/09/26 21:16:02.534, 21121
2026/09/26 21:16:03.034, 21121
2026/09/26 21:16:03.534, 21121
2026/09/26 21:16:04.035, 21121
2026/09/26 21:16:04.535, 21121
2026/09/26 21:16:05.035, 21121
2026/09/26 21:16:05.535, 21121
2026/09/26 21:16:06.035, 21121
2026/09/26 21:16:06.535, 21121
2026/09/26 21:16:07.035, 21121
2026/09/26 21:16:07.536, 21121
2026/09/26 21:16:08.036, 21121
2026/09/26 21:16:08.536, 21121
2026/09/26 21:16:09.036, 21121
2026/09/26 21:16:09.536, 21121
2026/09/26 21:16:10.036, 21121
2026/09/26 21:16:10.537, 21121
2026/09/26 21:16:11.037, 21121
2026/09/26 21:16:11.537, 21121
2026/09/26 21:16:12.037, 21121
2026/09/26 21:16:12.537, 21121
2026/09/26 21:16:13.037, 21121
2026/09/26 21:16:13.538, 21121
2026/09/26 21:16:14.038, 21121
2026/09/26 21:16:14.538, 21121
2026/09/26 21:16:15.038, 21121
2026/09/26 21:16:15.538, 21121
2026/09/26 21:16:16.038, 21121
2026/09/26 21:16:16.539, 21121
2026/09/26 21:16:17.039, 21121
2026/09/26 21:16:17.539, 21121
2026/09/26 21:16:18.039, 21121
2026/09/26 21:16:18.539, 21121
2026/09/26 21:16:19.040, 21121
2026/09/26 21:16:19.540, 21121
2026/09/26 21:16:20.040, 21121
2026/09/26 21:16:20.540, 21121
2026/09/26 21:16:21.040, 21121
2026/09/26 21:16:21.540, 21121
2026/09/26 21:16:22.040, 21121
2026/09/26 21:16:22.541, 21121
2026/09/26 21:16:23.041, 21121
2026/09/26 21:16:23.541, 21121
2026/09/26 21:16:24.041, 21121
2026/09/26 21:16:24.541, 21121
2026/09/26 21:16:25.041, 21121
2026/09/26 21:16:25.542, 21121
2026/09/26 21:16:26.042, 21121
2026/09/26 21:16:26.542, 21121
2026/09/26 21:16:27.042, 21121
2026/09/26 21:16:27.542, 21121
2026/09/26 21:16:28.042, 21121
2026/09/26 21:16:28.543, 21121
2026/09/26 21:16:29.043, 21121
2026/09/26 21:16:29.543, 21121
2026/09/26 21:16:30.043, 21121
2026/09/26 21:16:30.543, 21121
2026/09/26 21:16:31.043, 21121
2026/09/26 21:16:31.544, 21121
2026/09/26 21:16:32.044, 21121
2026/09/26 21:16:32.544, 21121
2026/09/26 21:16:33.044, 21121
2026/09/26 21:16:33.544, 21121
2026/09/26 21:16:34.044, 21121
2026/09/26 21:16:34.545, 21121
2026/09/26 21:16:35.045, 21121
2026/09/26 21:16:35.545, 21121
2026/09/26 21:16:36.045, 21121
2026/09/26 21:16:36.545, 21121
2026/09/26 21:16:37.045, 21121
2026/09/26 21:16:37.545, 21121
2026/09/26 21:16:38.046, 21121
2026/09/26 21:16:38.546, 21121
2026/09/26 21:16:39.046, 21121
2026/09/26 21:16:39.546, 21121
2026/09/26 21:16:40.046, 21121
2026/09/26 21:16:40.546, 21121
2026/09/26 21:16:41.047, 21121
2026/09/26 21:16:41.547, 21121
2026/09/26 21:16:42.047, 21121
2026/09/26 21:16:42.547, 21121
2026/09/26 21:16:43.047, 21121
2026/09/26 21:16:43.547, 21121
2026/09/26 21:16:44.048, 21121
2026/09/26 21:16:44.548, 21121
2026/09/26 21:16:45.048, 21121
2026/09/26 21:16:45.548, 21121
2026/09/26 21:16:46.048, 21121
2026/09/26 21:16:46.548, 21121
2026/09/26 21:16:47.049, 21121
2026/09/26 21:16:47.549, 21121
2026/09/26 21:16:48.049, 21121
2026/09/26 21:16:48.549, 21121
2026/09/26 21:16:49.049, 21121
2026/09/26 21:16:49.549, 21121
2026/09/26 21:16:50.050, 21121
2026/09/26 21:16:50.550, 21121
2026/09/26 21:16:51.050, 21121
2026/09/26 21:16:51.550, 21121
2026/09/26 21:16:52.050, 21121
2026/09/26 21:16:52.550, 21121
2026/09/26 21:16:53.051, 21121
2026/09/26 21:16:53.551, 21121
2026/09/26 21:16:54.051, 21121
2026/09/26 21:16:54.551, 21121
2026/09/26 21:16:55.051, 21121
2026/09/26 21:16:55.551, 21121
2026/09/26 21:16:56.052, 21121
2026/09/26 21:16:56.552, 21121
2026/09/26 21:16:57.052, 21121
2026/09/26 21:16:57.552, 21121
2026/09/26 21:16:58.053, 21121
2026/09/26 21:16:58.553, 21121
2026/09/26 21:16:59.053, 21121
2026/09/26 21:16:59.554, 21121
2026/09/26 21:17:00.054, 21121
2026/09/26 21:17:00.554, 21121
2026/09/26 21:17:01.054, 21121
2026/09/26 21:17:01.554, 21121
2026/09/26 21:17:02.054, 21121
2026/09/26 21:17:02.555, 21121
2026/09/26 21:17:03.055, 21121
2026/09/26 21:17:03.555, 21121
2026/09/26 21:17:04.055, 21121
2026/09/26 21:17:04.555, 21121
2026/09/26 21:17:05.055, 21121
2026/09/26 21:17:05.556, 21121
2026/09/26 21:17:06.056, 21121
2026/09/26 21:17:06.556, 21121
2026/09/26 21:17:07.057, 21121
2026/09/26 21:17:07.557, 21121
2026/09/26 21:17:08.057, 21121
2026/09/26 21:17:08.557, 21121
2026/09/26 21:17:09.057, 21121
2026/09/26 21:17:09.557, 21121
2026/09/26 21:17:10.058, 21121
2026/09/26 21:17:10.558, 21121
2026/09/26 21:17:11.058, 21121
2026/09/26 21:17:11.558, 21121
2026/09/26 21:17:12.058, 21121
2026/09/26 21:17:12.558, 21121
2026/09/26 21:17:13.059, 21121
2026/09/26 21:17:13.559, 21121
2026/09/26 21:17:14.059, 21121
2026/09/26 21:17:14.559, 21121
2026/09/26 21:17:15.059, 21121
2026/09/26 21:17:15.559, 21121
2026/09/26 21:17:16.060, 21121
2026/09/26 21:17:16.560, 21121
2026/09/26 21:17:17.060, 21121
2026/09/26 21:17:17.560, 21121
2026/09/26 21:17:18.060, 21121
2026/09/26 21:17:18.561, 21121
2026/09/26 21:17:19.061, 21121
2026/09/26 21:17:19.561, 21121
2026/09/26 21:17:20.061, 21121
2026/09/26 21:17:20.561, 21121
2026/09/26 21:17:21.061, 21121
2026/09/26 21:17:21.562, 21121
2026/09/26 21:17:22.062, 21121
2026/09/26 21:17:22.562, 21121
2026/09/26 21:17:23.062, 21121
2026/09/26 21:17:23.562, 21121
2026/09/26 21:17:24.062, 21121
2026/09/26 21:17:24.563, 21121
2026/09/26 21:17:25.063, 21121
2026/09/26 21:17:25.563, 21121
2026/09/26 21:17:26.063, 21121
2026/09/26 21:17:26.563, 21121
2026/09/26 21:17:27.063, 21121
2026/09/26 21:17:27.564, 21121
2026/09/26 21:17:28.064, 21121
2026/09/26 21:17:28.564, 21121
2026/09/26 21:17:29.064, 21121
2026/09/26 21:17:29.564, 21121
2026/09/26 21:17:30.064, 21121
2026/09/26 21:17:30.565, 21121
2026/09/26 21:17:31.065, 21121
2026/09/26 21:17:31.565, 21121
2026/09/26 21:17:32.065, 21121
2026/09/26 21:17:32.565, 21121
2026/09/26 21:17:33.065, 21121
2026/09/26 21:17:33.566, 21121
2026/09/26 21:17:34.066, 21121
2026/09/26 21:17:34.566, 21121
2026/09/26 21:17:35.066, 21121
2026/09/26 21:17:35.566, 21121
2026/09/26 21:17:36.066, 21121
2026/09/26 21:17:36.567, 21121
2026/09/26 21:17:37.067, 21121
2026/09/26 21:17:37.567, 21121
2026/09/26 21:17:38.067, 21121
2026/09/26 21:17:38.567, 21121
2026/09/26 21:17:39.067, 21121
2026/09/26 21:17:39.568, 21121
2026/09/26 21:17:40.068, 21121
2026/09/26 21:17:40.568, 21121
2026/09/26 21:17:41.068, 21121
2026/09/26 21:17:41.568, 21121
2026/09/26 21:17:42.068, 21121
2026/09/26 21:17:42.569, 21121
2026/09/26 21:17:43.069, 21121
2026/09/26 21:17:43.569, 21121
2026/09/26 21:17:44.069, 21121
2026/09/26 21:17:44.569, 21121
2026/09/26 21:17:45.069, 21121
2026/09/26 21:17:45.570, 21121
2026/09/26 21:17:46.070, 21121
2026/09/26 21:17:46.570, 21121
2026/09/26 21:17:47.070, 21121
2026/09/26 21:17:47.570, 21121
2026/09/26 21:17:48.071, 21121
2026/09/26 21:17:48.571, 21121
2026/09/26 21:17:49.071, 21121
2026/09/26 21:17:49.571, 21121
2026/09/26 21:17:50.071, 21121
2026/09/26 21:17:50.571, 21121
2026/09/26 21:17:51.071, 21121
2026/09/26 21:17:51.572, 21121
2026/09/26 21:17:52.072, 21121
2026/09/26 21:17:52.572, 21121
2026/09/26 21:17:53.072, 21121
2026/09/26 21:17:53.572, 21121
2026/09/26 21:17:54.072, 21121
2026/09/26 21:17:54.573, 21121
2026/09/26 21:17:55.073, 21121
2026/09/26 21:17:55.573, 21121
2026/09/26 21:17:56.073, 21121
2026/09/26 21:17:56.573, 21121
2026/09/26 21:17:57.073, 21121
2026/09/26 21:17:57.574, 21121
2026/09/26 21:17:58.074, 21121
2026/09/26 21:17:58.574, 21121
2026/09/26 21:17:59.074, 21121
2026/09/26 21:17:59.574, 21121
2026/09/26 21:18:00.074, 21121
2026/09/26 21:18:00.574, 21121
2026/09/26 21:18:01.075, 21121
2026/09/26 21:18:01.575, 21121
2026/09/26 21:18:02.075, 21121
2026/09/26 21:18:02.575, 21121
2026/09/26 21:18:03.075, 21121
2026/09/26 21:18:03.575, 21121
2026/09/26 21:18:04.075, 21121
2026/09/26 21:18:04.576, 21121
2026/09/26 21:18:05.076, 21121
2026/09/26 21:18:05.576, 21121
2026/09/26 21:18:06.076, 21121
2026/09/26 21:18:06.576, 21121
2026/09/26 21:18:07.076, 21121
2026/09/26 21:18:07.577, 21121
2026/09/26 21:18:08.077, 21121
2026/09/26 21:18:08.577, 21121
2026/09/26 21:18:09.077, 21121
2026/09/26 21:18:09.577, 21121
2026/09/26 21:18:10.077, 21121
2026/09/26 21:18:10.577, 21121
2026/09/26 21:18:11.078, 21121
2026/09/26 21:18:11.578, 21121
2026/09/26 21:18:12.078, 21121
2026/09/26 21:18:12.578, 21121
2026/09/26 21:18:13.078, 21121
2026/09/26 21:18:13.578, 21121
2026/09/26 21:18:14.078, 21121
2026/09/26 21:18:14.579, 21121
2026/09/26 21:18:15.079, 21121
2026/09/26 21:18:15.579, 21121
2026/09/26 21:18:16.079, 21121
2026/09/26 21:18:16.579, 21121
2026/09/26 21:18:17.079, 21121
2026/09/26 21:18:17.579, 21121
2026/09/26 21:18:18.079, 21121
2026/09/26 21:18:18.580, 21121
2026/09/26 21:18:19.080, 21121
2026/09/26 21:18:19.580, 21121
2026/09/26 21:18:20.080, 21121
2026/09/26 21:18:20.580, 21121
2026/09/26 21:18:21.081, 21121
2026/09/26 21:18:21.581, 21121
2026/09/26 21:18:22.081, 21121
2026/09/26 21:18:22.581, 21121
2026/09/26 21:18:23.081, 21121
2026/09/26 21:18:23.581, 21121
2026/09/26 21:18:24.082, 21121
2026/09/26 21:18:24.582, 21121
2026/09/26 21:18:25.082, 21121
2026/09/26 21:18:25.582, 21121
2026/09/26 21:18:26.082, 21121
2026/09/26 21:18:26.582, 21121
2026/09/26 21:18:27.082, 21121
2026/09/26 21:18:27.583, 21121
2026/09/26 21:18:28.083, 21121
2026/09/26 21:18:28.583, 21121
2026/09/26 21:18:29.083, 21121
2026/09/26 21:18:29.583, 21121
2026/09/26 21:18:30.083, 21121
2026/09/26 21:18:30.584, 21121
2026/09/26 21:18:31.084, 21121
2026/09/26 21:18:31.584, 21121
2026/09/26 21:18:32.084, 21121
2026/09/26 21:18:32.584, 21121
2026/09/26 21:18:33.084, 21121
2026/09/26 21:18:33.585, 21121
2026/09/26 21:18:34.085, 21121
2026/09/26 21:18:34.585, 21121
2026/09/26 21:18:35.085, 21121
2026/09/26 21:18:35.585, 21121
2026/09/26 21:18:36.085, 21121
2026/09/26 21:18:36.586, 21121
2026/09/26 21:18:37.086, 21121
2026/09/26 21:18:37.586, 21121
2026/09/26 21:18:38.086, 21121
2026/09/26 21:18:38.586, 21121
2026/09/26 21:18:39.086, 21121
2026/09/26 21:18:39.587, 21121
2026/09/26 21:18:40.087, 21121
2026/09/26 21:18:40.587, 21121
2026/09/26 21:18:41.087, 21121
2026/09/26 21:18:41.587, 21121
2026/09/26 21:18:42.087, 21121
2026/09/26 21:18:42.588, 21121
2026/09/26 21:18:43.088, 21121
2026/09/26 21:18:43.588, 21121
2026/09/26 21:18:44.088, 21121
2026/09/26 21:18:44.588, 21121
2026/09/26 21:18:45.088, 21121
2026/09/26 21:18:45.589, 21121
2026/09/26 21:18:46.089, 21121
2026/09/26 21:18:46.589, 21121
2026/09/26 21:18:47.089, 21121
2026/09/26 21:18:47.589, 21121
2026/09/26 21:18:48.089, 21121
2026/09/26 21:18:48.590, 21121
2026/09/26 21:18:49.090, 21121
2026/09/26 21:18:49.590, 21121
2026/09/26 21:18:50.090, 21121
2026/09/26 21:18:50.590, 21121
2026/09/26 21:18:51.090, 21121
2026/09/26 21:18:51.591, 21121
2026/09/26 21:18:52.091, 21121
2026/09/26 21:18:52.591, 21121
2026/09/26 21:18:53.091, 21121
2026/09/26 21:18:53.591, 21121
2026/09/26 21:18:54.091, 21121
2026/09/26 21:18:54.591, 21121
2026/09/26 21:18:55.092, 21121
2026/09/26 21:18:55.592, 21121
2026/09/26 21:18:56.092, 21121
2026/09/26 21:18:56.592, 21121
2026/09/26 21:18:57.092, 21121
2026/09/26 21:18:57.592, 21121
2026/09/26 21:18:58.093, 21121
2026/09/26 21:18:58.593, 21121
2026/09/26 21:18:59.093, 21121
2026/09/26 21:18:59.594, 21121
2026/09/26 21:19:00.094, 21121
2026/09/26 21:19:00.595, 21121
2026/09/26 21:19:01.095, 21121
2026/09/26 21:19:01.595, 21121
2026/09/26 21:19:02.095, 21121
2026/09/26 21:19:02.595, 21121
2026/09/26 21:19:03.095, 21121
2026/09/26 21:19:03.596, 21121
2026/09/26 21:19:04.096, 21121
2026/09/26 21:19:04.596, 21121
2026/09/26 21:19:05.096, 21121
2026/09/26 21:19:05.596, 21121
2026/09/26 21:19:06.096, 21121
2026/09/26 21:19:06.596, 21121
2026/09/26 21:19:07.097, 21121
2026/09/26 21:19:07.597, 21121
2026/09/26 21:19:08.097, 21121
2026/09/26 21:19:08.597, 21121
2026/09/26 21:19:09.097, 21121
2026/09/26 21:19:09.597, 21121
2026/09/26 21:19:10.098, 21121
2026/09/26 21:19:10.598, 21121
2026/09/26 21:19:11.098, 21121
2026/09/26 21:19:11.598, 21121
2026/09/26 21:19:12.098, 21121
2026/09/26 21:19:12.598, 21121
2026/09/26 21:19:13.099, 21121
2026/09/26 21:19:13.599, 21121
2026/09/26 21:19:14.099, 21121
2026/09/26 21:19:14.599, 21121
2026/09/26 21:19:15.099, 21121
2026/09/26 21:19:15.600, 21121
2026/09/26 21:19:16.100, 21121
2026/09/26 21:19:16.600, 21121
2026/09/26 21:19:17.100, 21121
2026/09/26 21:19:17.600, 21121
2026/09/26 21:19:18.100, 21121
2026/09/26 21:19:18.601, 21121
2026/09/26 21:19:19.101, 21121
2026/09/26 21:19:19.601, 21121
2026/09/26 21:19:20.101, 21121
2026/09/26 21:19:20.601, 21121
2026/09/26 21:19:21.101, 21121
2026/09/26 21:19:21.602, 21121
2026/09/26 21:19:22.102, 21121
2026/09/26 21:19:22.602, 21121
2026/09/26 21:19:23.102, 21121
2026/09/26 21:19:23.602, 21121
2026/09/26 21:19:24.102, 21121
2026/09/26 21:19:24.603, 21121
2026/09/26 21:19:25.103, 21121
2026/09/26 21:19:25.603, 21121
2026/09/26 21:19:26.103, 21121
2026/09/26 21:19:26.603, 21121
2026/09/26 21:19:27.103, 21121
2026/09/26 21:19:27.604, 21121
2026/09/26 21:19:28.104, 21121
2026/09/26 21:19:28.604, 21121
2026/09/26 21:19:29.104, 21121
2026/09/26 21:19:29.604, 21121
2026/09/26 21:19:30.104, 21121
2026/09/26 21:19:30.605, 21121
2026/09/26 21:19:31.105, 21121
2026/09/26 21:19:31.605, 21121
2026/09/26 21:19:32.105, 21121
2026/09/26 21:19:32.605, 21121
2026/09/26 21:19:33.105, 21121
2026/09/26 21:19:33.606, 21121
2026/09/26 21:19:34.106, 21121
2026/09/26 21:19:34.606, 21121
2026/09/26 21:19:35.106, 21121
2026/09/26 21:19:35.606, 21121
2026/09/26 21:19:36.107, 21121
2026/09/26 21:19:36.607, 21121
2026/09/26 21:19:37.107, 21121
2026/09/26 21:19:37.607, 21121
2026/09/26 21:19:38.107, 21121
2026/09/26 21:19:38.607, 21121
2026/09/26 21:19:39.108, 21121
2026/09/26 21:19:39.608, 21121
2026/09/26 21:19:40.108, 21121
2026/09/26 21:19:40.608, 21121
2026/09/26 21:19:41.108, 21121
2026/09/26 21:19:41.608, 21121
2026/09/26 21:19:42.109, 21121
2026/09/26 21:19:42.609, 21121
2026/09/26 21:19:43.109, 21121
2026/09/26 21:19:43.609, 21121
2026/09/26 21:19:44.109, 21121
2026/09/26 21:19:44.610, 21121
2026/09/26 21:19:45.110, 21121
2026/09/26 21:19:45.610, 21121
2026/09/26 21:19:46.110, 21121
2026/09/26 21:19:46.611, 21121
2026/09/26 21:19:47.111, 21121
2026/09/26 21:19:47.611, 21121
2026/09/26 21:19:48.111, 21121
2026/09/26 21:19:48.611, 21121
2026/09/26 21:19:49.111, 21121
2026/09/26 21:19:49.612, 21121
2026/09/26 21:19:50.112, 21121
2026/09/26 21:19:50.612, 21121
2026/09/26 21:19:51.112, 21121
2026/09/26 21:19:51.612, 21121
2026/09/26 21:19:52.113, 21121
2026/09/26 21:19:52.613, 21121
2026/09/26 21:19:53.113, 21121
2026/09/26 21:19:53.613, 21121
2026/09/26 21:19:54.113, 21121
2026/09/26 21:19:54.613, 21121
2026/09/26 21:19:55.114, 21121
2026/09/26 21:19:55.616, 21121
2026/09/26 21:19:56.116, 21121
2026/09/26 21:19:56.616, 21121
2026/09/26 21:19:57.116, 21121
2026/09/26 21:19:57.616, 21121
2026/09/26 21:19:58.117, 21121
2026/09/26 21:19:58.617, 21121
2026/09/26 21:19:59.117, 21121
2026/09/26 21:19:59.617, 21121
2026/09/26 21:20:00.117, 21121
2026/09/26 21:20:00.617, 21121
2026/09/26 21:20:01.118, 21121
2026/09/26 21:20:01.618, 21121
2026/09/26 21:20:02.118, 21121
2026/09/26 21:20:02.618, 21121
2026/09/26 21:20:03.118, 21121
2026/09/26 21:20:03.618, 21121
2026/09/26 21:20:04.119, 21121
2026/09/26 21:20:04.619, 21121
2026/09/26 21:20:05.119, 21121
2026/09/26 21:20:05.619, 21121
2026/09/26 21:20:06.119, 21121
2026/09/26 21:20:06.619, 21121
2026/09/26 21:20:07.120, 21121
2026/09/26 21:20:07.620, 21121
2026/09/26 21:20:08.120, 21121
2026/09/26 21:20:08.620, 21121
2026/09/26 21:20:09.121, 21121
2026/09/26 21:20:09.621, 21121
2026/09/26 21:20:10.121, 21121
2026/09/26 21:20:10.621, 21121
2026/09/26 21:20:11.121, 21121
2026/09/26 21:20:11.621, 21121
2026/09/26 21:20:12.122, 21121
2026/09/26 21:20:12.622, 21121
2026/09/26 21:20:13.122, 21121
2026/09/26 21:20:13.622, 21121
2026/09/26 21:20:14.122, 21121
2026/09/26 21:20:14.622, 21121
2026/09/26 21:20:15.123, 21121
2026/09/26 21:20:15.623, 21121
2026/09/26 21:20:16.123, 21121
2026/09/26 21:20:16.623, 21121
2026/09/26 21:20:17.123, 21121
2026/09/26 21:20:17.623, 21121
2026/09/26 21:20:18.124, 21121
2026/09/26 21:20:18.624, 21121
2026/09/26 21:20:19.124, 21121
2026/09/26 21:20:19.624, 21121
2026/09/26 21:20:20.124, 21121
2026/09/26 21:20:20.624, 21121
2026/09/26 21:20:21.125, 21121
2026/09/26 21:20:21.625, 21121
2026/09/26 21:20:22.125, 21121
2026/09/26 21:20:22.625, 21121
2026/09/26 21:20:23.125, 21121
2026/09/26 21:20:23.625, 21121
2026/09/26 21:20:24.125, 21121
2026/09/26 21:20:24.626, 21121
2026/09/26 21:20:25.126, 21121
2026/09/26 21:20:25.626, 21121
2026/09/26 21:20:26.126, 21121
2026/09/26 21:20:26.626, 21121
2026/09/26 21:20:27.126, 21121
2026/09/26 21:20:27.627, 21121
2026/09/26 21:20:28.127, 21121
2026/09/26 21:20:28.627, 21121
2026/09/26 21:20:29.127, 21121
2026/09/26 21:20:29.627, 21121
2026/09/26 21:20:30.127, 21121
2026/09/26 21:20:30.628, 21121
2026/09/26 21:20:31.128, 21121
2026/09/26 21:20:31.628, 21121
2026/09/26 21:20:32.128, 21121
2026/09/26 21:20:32.628, 21121
2026/09/26 21:20:33.128, 21121
2026/09/26 21:20:33.629, 21121
2026/09/26 21:20:34.129, 21121
2026/09/26 21:20:34.629, 21121
2026/09/26 21:20:35.129, 21121
2026/09/26 21:20:35.629, 21121
2026/09/26 21:20:36.129, 21121
2026/09/26 21:20:36.630, 21121
2026/09/26 21:20:37.130, 21121
2026/09/26 21:20:37.630, 21121
2026/09/26 21:20:38.130, 21121
2026/09/26 21:20:38.630, 21121
2026/09/26 21:20:39.130, 21121
2026/09/26 21:20:39.631, 21121
2026/09/26 21:20:40.131, 21121
2026/09/26 21:20:40.631, 21121
2026/09/26 21:20:41.131, 21121
2026/09/26 21:20:41.631, 21121
2026/09/26 21:20:42.131, 21121
2026/09/26 21:20:42.632, 21121
2026/09/26 21:20:43.132, 21121
2026/09/26 21:20:43.632, 21121
2026/09/26 21:20:44.132, 21121
2026/09/26 21:20:44.632, 21121
2026/09/26 21:20:45.132, 21121
2026/09/26 21:20:45.632, 21121
2026/09/26 21:20:46.133, 21121
2026/09/26 21:20:46.633, 21121
2026/09/26 21:20:47.133, 21121
2026/09/26 21:20:47.633, 21121
2026/09/26 21:20:48.133, 21121
2026/09/26 21:20:48.633, 21121
2026/09/26 21:20:49.134, 21121
2026/09/26 21:20:49.634, 21121
2026/09/26 21:20:50.134, 21121
2026/09/26 21:20:50.634, 21121
2026/09/26 21:20:51.134, 21121
2026/09/26 21:20:51.634, 21121
2026/09/26 21:20:52.134, 21121
2026/09/26 21:20:52.635, 21121
2026/09/26 21:20:53.135, 21121
2026/09/26 21:20:53.635, 21121
2026/09/26 21:20:54.135, 21121
2026/09/26 21:20:54.635, 21121
2026/09/26 21:20:55.135, 21121
2026/09/26 21:20:55.635, 21121
2026/09/26 21:20:56.136, 21121
2026/09/26 21:20:56.636, 21121
2026/09/26 21:20:57.136, 21121
2026/09/26 21:20:57.636, 21121
2026/09/26 21:20:58.136, 21121
2026/09/26 21:20:58.636, 21121
2026/09/26 21:20:59.137, 21121
2026/09/26 21:20:59.637, 21121
2026/09/26 21:21:00.137, 21121
2026/09/26 21:21:00.637, 21121
2026/09/26 21:21:01.137, 21121
2026/09/26 21:21:01.637, 21121
2026/09/26 21:21:02.137, 21121
2026/09/26 21:21:02.638, 21121
2026/09/26 21:21:03.138, 21121
2026/09/26 21:21:03.638, 21121
2026/09/26 21:21:04.138, 21121
2026/09/26 21:21:04.638, 21121
2026/09/26 21:21:05.138, 21121
2026/09/26 21:21:05.638, 21121
2026/09/26 21:21:06.139, 21121
2026/09/26 21:21:06.639, 21121
2026/09/26 21:21:07.139, 21121
2026/09/26 21:21:07.639, 21121
2026/09/26 21:21:08.139, 21121
2026/09/26 21:21:08.639, 21121
2026/09/26 21:21:09.139, 21121
2026/09/26 21:21:09.640, 21121
2026/09/26 21:21:10.140, 21121
2026/09/26 21:21:10.640, 21121
2026/09/26 21:21:11.140, 21121
2026/09/26 21:21:11.640, 21121
2026/09/26 21:21:12.141, 21121
2026/09/26 21:21:12.641, 21121
2026/09/26 21:21:13.141, 21121
2026/09/26 21:21:13.641, 21121
2026/09/26 21:21:14.141, 21121
2026/09/26 21:21:14.641, 21121
2026/09/26 21:21:15.142, 21121
2026/09/26 21:21:15.642, 21121
2026/09/26 21:21:16.142, 21121
2026/09/26 21:21:16.642, 21121
2026/09/26 21:21:17.142, 21121
2026/09/26 21:21:17.642, 21121
2026/09/26 21:21:18.142, 21121
2026/09/26 21:21:18.643, 21121
2026/09/26 21:21:19.143, 21121
2026/09/26 21:21:19.643, 21121
2026/09/26 21:21:20.143, 21121
2026/09/26 21:21:20.643, 21121
2026/09/26 21:21:21.143, 21121
2026/09/26 21:21:21.643, 21121
2026/09/26 21:21:22.144, 21121
2026/09/26 21:21:22.644, 21121
2026/09/26 21:21:23.144, 21121
2026/09/26 21:21:23.644, 21121
2026/09/26 21:21:24.144, 21121
2026/09/26 21:21:24.644, 21121
2026/09/26 21:21:25.145, 21121
2026/09/26 21:21:25.645, 21121
2026/09/26 21:21:26.145, 21121
2026/09/26 21:21:26.645, 21121
2026/09/26 21:21:27.145, 21121
2026/09/26 21:21:27.645, 21121
2026/09/26 21:21:28.146, 21121
2026/09/26 21:21:28.646, 21121
2026/09/26 21:21:29.146, 21121
2026/09/26 21:21:29.646, 21121
2026/09/26 21:21:30.146, 21121
2026/09/26 21:21:30.646, 21121
2026/09/26 21:21:31.147, 21121
2026/09/26 21:21:31.647, 21121
2026/09/26 21:21:32.147, 21121
2026/09/26 21:21:32.647, 21121
2026/09/26 21:21:33.147, 21121
2026/09/26 21:21:33.647, 21121
2026/09/26 21:21:34.148, 21121
2026/09/26 21:21:34.648, 21121
2026/09/26 21:21:35.148, 21121
2026/09/26 21:21:35.648, 21121
2026/09/26 21:21:36.148, 21121
2026/09/26 21:21:36.648, 21121
2026/09/26 21:21:37.148, 21121
2026/09/26 21:21:37.649, 21121
2026/09/26 21:21:38.149, 21121
2026/09/26 21:21:38.649, 21121
2026/09/26 21:21:39.149, 21121
2026/09/26 21:21:39.649, 21121
2026/09/26 21:21:40.149, 21121
2026/09/26 21:21:40.650, 21121
2026/09/26 21:21:41.150, 21121
2026/09/26 21:21:41.650, 21121
2026/09/26 21:21:42.150, 21121
2026/09/26 21:21:42.650, 21121
2026/09/26 21:21:43.150, 21121
2026/09/26 21:21:43.651, 21121
2026/09/26 21:21:44.151, 21121
2026/09/26 21:21:44.651, 21121
2026/09/26 21:21:45.151, 21121
2026/09/26 21:21:45.651, 21121
2026/09/26 21:21:46.151, 21121
2026/09/26 21:21:46.652, 21121
2026/09/26 21:21:47.152, 21121
2026/09/26 21:21:47.652, 21121
2026/09/26 21:21:48.152, 21121
2026/09/26 21:21:48.652, 21121
2026/09/26 21:21:49.152, 21121
2026/09/26 21:21:49.653, 21121
2026/09/26 21:21:50.153, 21121
2026/09/26 21:21:50.653, 21121
2026/09/26 21:21:51.153, 21121
2026/09/26 21:21:51.653, 21121
2026/09/26 21:21:52.153, 21121
2026/09/26 21:21:52.654, 21121
2026/09/26 21:21:53.154, 21121
2026/09/26 21:21:53.654, 21121
2026/09/26 21:21:54.154, 21121
2026/09/26 21:21:54.654, 21121
2026/09/26 21:21:55.154, 21121
2026/09/26 21:21:55.655, 21121
2026/09/26 21:21:56.155, 21121
2026/09/26 21:21:56.655, 21121
2026/09/26 21:21:57.155, 21121
2026/09/26 21:21:57.655, 21121
2026/09/26 21:21:58.155, 21121
2026/09/26 21:21:58.656, 21121
2026/09/26 21:21:59.156, 21121
2026/09/26 21:21:59.656, 21121
2026/09/26 21:22:00.156, 21121
2026/09/26 21:22:00.656, 21121
2026/09/26 21:22:01.157, 21121
2026/09/26 21:22:01.657, 21121
2026/09/26 21:22:02.157, 21121
2026/09/26 21:22:02.657, 21121
2026/09/26 21:22:03.157, 21121
2026/09/26 21:22:03.657, 21121
2026/09/26 21:22:04.158, 21121
2026/09/26 21:22:04.658, 21121
2026/09/26 21:22:05.158, 21121
2026/09/26 21:22:05.658, 21121
2026/09/26 21:22:06.158, 21121
2026/09/26 21:22:06.658, 21121
2026/09/26 21:22:07.159, 21121
2026/09/26 21:22:07.659, 21121
2026/09/26 21:22:08.159, 21121
2026/09/26 21:22:08.659, 21121
2026/09/26 21:22:09.159, 21121
2026/09/26 21:22:09.659, 21121
2026/09/26 21:22:10.160, 21121
2026/09/26 21:22:10.660, 21121
2026/09/26 21:22:11.160, 21121
2026/09/26 21:22:11.660, 21121
2026/09/26 21:22:12.160, 21121
2026/09/26 21:22:12.660, 21121
2026/09/26 21:22:13.161, 21121
2026/09/26 21:22:13.661, 21121
2026/09/26 21:22:14.161, 21121
2026/09/26 21:22:14.661, 21121
2026/09/26 21:22:15.161, 21121
2026/09/26 21:22:15.661, 21121
2026/09/26 21:22:16.162, 21121
2026/09/26 21:22:16.662, 21121
2026/09/26 21:22:17.162, 21121
2026/09/26 21:22:17.662, 21121
2026/09/26 21:22:18.162, 21121
2026/09/26 21:22:18.662, 21121
2026/09/26 21:22:19.163, 21121
2026/09/26 21:22:19.663, 21121
2026/09/26 21:22:20.163, 21121
2026/09/26 21:22:20.663, 21121
2026/09/26 21:22:21.163, 21121
2026/09/26 21:22:21.663, 21121
2026/09/26 21:22:22.164, 21121
2026/09/26 21:22:22.664, 21121
2026/09/26 21:22:23.164, 21121
2026/09/26 21:22:23.664, 21121
2026/09/26 21:22:24.164, 21121
2026/09/26 21:22:24.664, 21121
2026/09/26 21:22:25.164, 21121
2026/09/26 21:22:25.665, 21121
2026/09/26 21:22:26.165, 21121
2026/09/26 21:22:26.665, 21121
2026/09/26 21:22:27.165, 21121
2026/09/26 21:22:27.665, 21121
2026/09/26 21:22:28.165, 21121
2026/09/26 21:22:28.666, 21121
2026/09/26 21:22:29.166, 21121
2026/09/26 21:22:29.666, 21121
2026/09/26 21:22:30.166, 21121
2026/09/26 21:22:30.666, 21121
2026/09/26 21:22:31.166, 21121
2026/09/26 21:22:31.667, 21121
2026/09/26 21:22:32.167, 21121
2026/09/26 21:22:32.667, 21121
2026/09/26 21:22:33.167, 21121
2026/09/26 21:22:33.667, 21121
2026/09/26 21:22:34.167, 21121
2026/09/26 21:22:34.668, 21121
2026/09/26 21:22:35.168, 21121
2026/09/26 21:22:35.668, 21121
2026/09/26 21:22:36.168, 21121
2026/09/26 21:22:36.668, 21121
2026/09/26 21:22:37.168, 21121
2026/09/26 21:22:37.668, 21121
2026/09/26 21:22:38.169, 21121
2026/09/26 21:22:38.669, 21121
2026/09/26 21:22:39.169, 21121
2026/09/26 21:22:39.669, 21121
2026/09/26 21:22:40.169, 21121
2026/09/26 21:22:40.669, 21121
2026/09/26 21:22:41.170, 21121
2026/09/26 21:22:41.670, 21121
2026/09/26 21:22:42.170, 21121
2026/09/26 21:22:42.670, 21121
2026/09/26 21:22:43.170, 21121
2026/09/26 21:22:43.670, 21121
2026/09/26 21:22:44.171, 21121
2026/09/26 21:22:44.671, 21121
2026/09/26 21:22:45.171, 21121
2026/09/26 21:22:45.671, 21121
2026/09/26 21:22:46.171, 21121
2026/09/26 21:22:46.671, 21121
2026/09/26 21:22:47.172, 21121
2026/09/26 21:22:47.672, 21121
2026/09/26 21:22:48.172, 21121
2026/09/26 21:22:48.672, 21121
2026/09/26 21:22:49.172, 21121
2026/09/26 21:22:49.672, 21121
2026/09/26 21:22:50.173, 21121
2026/09/26 21:22:50.673, 21121
2026/09/26 21:22:51.173, 21121
2026/09/26 21:22:51.673, 21121
2026/09/26 21:22:52.173, 21121
2026/09/26 21:22:52.673, 21121
2026/09/26 21:22:53.173, 21121
2026/09/26 21:22:53.674, 21121
2026/09/26 21:22:54.174, 21121
2026/09/26 21:22:54.674, 21121
2026/09/26 21:22:55.174, 21121
2026/09/26 21:22:55.674, 21121
2026/09/26 21:22:56.174, 21121
2026/09/26 21:22:56.675, 21121
2026/09/26 21:22:57.175, 21121
2026/09/26 21:22:57.675, 21121
2026/09/26 21:22:58.175, 21121
2026/09/26 21:22:58.675, 21121
2026/09/26 21:22:59.175, 21121
2026/09/26 21:22:59.676, 21121
2026/09/26 21:23:00.176, 21121
2026/09/26 21:23:00.676, 21121
2026/09/26 21:23:01.176, 21121
2026/09/26 21:23:01.676, 21121
2026/09/26 21:23:02.177, 21121
2026/09/26 21:23:02.677, 21121
2026/09/26 21:23:03.177, 21121
2026/09/26 21:23:03.677, 21121
2026/09/26 21:23:04.177, 21121
2026/09/26 21:23:04.677, 21121
2026/09/26 21:23:05.178, 21121
2026/09/26 21:23:05.678, 21121
2026/09/26 21:23:06.178, 21121
2026/09/26 21:23:06.678, 21121
2026/09/26 21:23:07.178, 21121
2026/09/26 21:23:07.678, 21121
2026/09/26 21:23:08.178, 21121
2026/09/26 21:23:08.679, 21121
2026/09/26 21:23:09.179, 21121
2026/09/26 21:23:09.679, 21121
2026/09/26 21:23:10.179, 21121
2026/09/26 21:23:10.679, 21121
2026/09/26 21:23:11.179, 21121
2026/09/26 21:23:11.680, 21121
2026/09/26 21:23:12.180, 21121
2026/09/26 21:23:12.680, 21121
2026/09/26 21:23:13.180, 21121
2026/09/26 21:23:13.680, 21121
2026/09/26 21:23:14.180, 21121
2026/09/26 21:23:14.681, 21121
2026/09/26 21:23:15.181, 21121
2026/09/26 21:23:15.681, 21121
2026/09/26 21:23:16.181, 21121
2026/09/26 21:23:16.681, 21121
2026/09/26 21:23:17.181, 21121
2026/09/26 21:23:17.682, 21121
2026/09/26 21:23:18.182, 21121
2026/09/26 21:23:18.682, 21121
2026/09/26 21:23:19.182, 21121
2026/09/26 21:23:19.682, 21121
2026/09/26 21:23:20.182, 21121
2026/09/26 21:23:20.682, 21121
2026/09/26 21:23:21.183, 21121
2026/09/26 21:23:21.683, 21121
2026/09/26 21:23:22.183, 21121
2026/09/26 21:23:22.683, 21121
2026/09/26 21:23:23.183, 21121
2026/09/26 21:23:23.683, 21121
2026/09/26 21:23:24.184, 21121
2026/09/26 21:23:24.684, 21121
2026/09/26 21:23:25.184, 21121
2026/09/26 21:23:25.684, 21121
2026/09/26 21:23:26.184, 21121
2026/09/26 21:23:26.684, 21121
2026/09/26 21:23:27.185, 21121
2026/09/26 21:23:27.685, 21121
2026/09/26 21:23:28.185, 21121
2026/09/26 21:23:28.685, 21121
2026/09/26 21:23:29.185, 21121
2026/09/26 21:23:29.685, 21121
2026/09/26 21:23:30.186, 21121
2026/09/26 21:23:30.686, 21121
2026/09/26 21:23:31.186, 21121
2026/09/26 21:23:31.686, 21121
2026/09/26 21:23:32.186, 21121
2026/09/26 21:23:32.686, 21121
2026/09/26 21:23:33.187, 21121
2026/09/26 21:23:33.687, 21121
2026/09/26 21:23:34.187, 21121
2026/09/26 21:23:34.687, 21121
2026/09/26 21:23:35.187, 21121
2026/09/26 21:23:35.687, 21121
2026/09/26 21:23:36.188, 21121
2026/09/26 21:23:36.688, 21121
2026/09/26 21:23:37.188, 21121
2026/09/26 21:23:37.688, 21121
2026/09/26 21:23:38.189, 21121
2026/09/26 21:23:38.689, 21121
2026/09/26 21:23:39.189, 21121
2026/09/26 21:23:39.689, 21121
2026/09/26 21:23:40.189, 21121
2026/09/26 21:23:40.689, 21121
2026/09/26 21:23:41.189, 21121
2026/09/26 21:23:41.690, 21121
2026/09/26 21:23:42.190, 21121
2026/09/26 21:23:42.690, 21121
2026/09/26 21:23:43.190, 21121
2026/09/26 21:23:43.690, 21121
2026/09/26 21:23:44.190, 21121
2026/09/26 21:23:44.691, 21121
2026/09/26 21:23:45.191, 21121
2026/09/26 21:23:45.691, 21121
2026/09/26 21:23:46.191, 21121
2026/09/26 21:23:46.691, 21121
2026/09/26 21:23:47.191, 21121
2026/09/26 21:23:47.692, 21121
2026/09/26 21:23:48.192, 21121
2026/09/26 21:23:48.692, 21121
2026/09/26 21:23:49.192, 21121
2026/09/26 21:23:49.692, 21121
2026/09/26 21:23:50.192, 21121
2026/09/26 21:23:50.693, 21121
2026/09/26 21:23:51.193, 21121
2026/09/26 21:23:51.693, 21121
2026/09/26 21:23:52.193, 21121
2026/09/26 21:23:52.693, 21121
2026/09/26 21:23:53.193, 21121
2026/09/26 21:23:53.694, 21121
2026/09/26 21:23:54.194, 21121
2026/09/26 21:23:54.694, 21121
2026/09/26 21:23:55.194, 21121
2026/09/26 21:23:55.694, 21121
2026/09/26 21:23:56.194, 21121
2026/09/26 21:23:56.694, 21121
2026/09/26 21:23:57.195, 21121
2026/09/26 21:23:57.695, 21121
2026/09/26 21:23:58.195, 21121
2026/09/26 21:23:58.695, 21121
2026/09/26 21:23:59.195, 21121
2026/09/26 21:23:59.695, 21121
2026/09/26 21:24:00.195, 21121
2026/09/26 21:24:00.696, 21121
2026/09/26 21:24:01.196, 21121
2026/09/26 21:24:01.696, 21121
2026/09/26 21:24:02.196, 21121
2026/09/26 21:24:02.696, 21121
2026/09/26 21:24:03.196, 21121
2026/09/26 21:24:03.697, 21121
2026/09/26 21:24:04.197, 21121
2026/09/26 21:24:04.697, 21121
2026/09/26 21:24:05.197, 21121
2026/09/26 21:24:05.697, 21121
2026/09/26 21:24:06.197, 21121
2026/09/26 21:24:06.706, 21121
2026/09/26 21:24:07.206, 21121
2026/09/26 21:24:07.707, 21121
2026/09/26 21:24:08.207, 21121
2026/09/26 21:24:08.707, 21121
2026/09/26 21:24:09.207, 21121
2026/09/26 21:24:09.707, 21121
2026/09/26 21:24:10.207, 21121
2026/09/26 21:24:10.707, 21121
2026/09/26 21:24:11.208, 21121
2026/09/26 21:24:11.708, 21121
2026/09/26 21:24:12.208, 21121
2026/09/26 21:24:12.708, 21121
2026/09/26 21:24:13.208, 21121
2026/09/26 21:24:13.708, 21121
2026/09/26 21:24:14.208, 21121
2026/09/26 21:24:14.709, 21121
2026/09/26 21:24:15.209, 21121
2026/09/26 21:24:15.709, 21121
2026/09/26 21:24:16.209, 21121
2026/09/26 21:24:16.709, 21121
2026/09/26 21:24:17.209, 21121
2026/09/26 21:24:17.709, 21121
2026/09/26 21:24:18.209, 21121
2026/09/26 21:24:18.710, 21121
2026/09/26 21:24:19.210, 21121
2026/09/26 21:24:19.711, 21121
2026/09/26 21:24:20.211, 21121
2026/09/26 21:24:20.711, 21121
2026/09/26 21:24:21.211, 21121
2026/09/26 21:24:21.711, 21121
2026/09/26 21:24:22.211, 21121
2026/09/26 21:24:22.711, 21121
2026/09/26 21:24:23.212, 21121
2026/09/26 21:24:23.712, 21121
2026/09/26 21:24:24.212, 21121
2026/09/26 21:24:24.712, 21121
2026/09/26 21:24:25.212, 21121
2026/09/26 21:24:25.712, 21121
2026/09/26 21:24:26.212, 21121
2026/09/26 21:24:26.712, 21121
2026/09/26 21:24:27.213, 21121
2026/09/26 21:24:27.713, 21121
2026/09/26 21:24:28.213, 21121
2026/09/26 21:24:28.713, 21121
2026/09/26 21:24:29.213, 21121
2026/09/26 21:24:29.713, 21121
2026/09/26 21:24:30.214, 21121
2026/09/26 21:24:30.714, 21121
2026/09/26 21:24:31.214, 21121
2026/09/26 21:24:31.714, 21121
2026/09/26 21:24:32.214, 21121
2026/09/26 21:24:32.714, 21121
2026/09/26 21:24:33.215, 21121
2026/09/26 21:24:33.715, 21121
2026/09/26 21:24:34.215, 21121
2026/09/26 21:24:34.715, 21121
2026/09/26 21:24:35.215, 21121
2026/09/26 21:24:35.715, 21121
2026/09/26 21:24:36.215, 21121
2026/09/26 21:24:36.716, 21121
2026/09/26 21:24:37.216, 21121
2026/09/26 21:24:37.716, 21121
2026/09/26 21:24:38.216, 21121
2026/09/26 21:24:38.716, 21121
2026/09/26 21:24:39.216, 21121
2026/09/26 21:24:39.717, 21121
2026/09/26 21:24:40.217, 21121
2026/09/26 21:24:40.717, 21121
2026/09/26 21:24:41.217, 21121
2026/09/26 21:24:41.717, 21121
2026/09/26 21:24:42.217, 21121
2026/09/26 21:24:42.718, 21121
2026/09/26 21:24:43.218, 21121
2026/09/26 21:24:43.718, 21121
2026/09/26 21:24:44.218, 21121
2026/09/26 21:24:44.718, 21121
2026/09/26 21:24:45.218, 21121
2026/09/26 21:24:45.719, 21121
2026/09/26 21:24:46.219, 21121
2026/09/26 21:24:46.719, 21121
2026/09/26 21:24:47.219, 21121
2026/09/26 21:24:47.719, 21121
2026/09/26 21:24:48.219, 21121
2026/09/26 21:24:48.719, 21121
2026/09/26 21:24:49.220, 21121
2026/09/26 21:24:49.720, 21121
2026/09/26 21:24:50.220, 21121
2026/09/26 21:24:50.720, 21121
2026/09/26 21:24:51.220, 21121
2026/09/26 21:24:51.721, 21121
2026/09/26 21:24:52.221, 21121
2026/09/26 21:24:52.721, 21121
2026/09/26 21:24:53.221, 21121
2026/09/26 21:24:53.721, 21121
2026/09/26 21:24:54.221, 21121
2026/09/26 21:24:54.722, 21121
2026/09/26 21:24:55.222, 21121
2026/09/26 21:24:55.722, 21121
2026/09/26 21:24:56.222, 21121
2026/09/26 21:24:56.722, 21121
2026/09/26 21:24:57.222, 21121
2026/09/26 21:24:57.723, 21121
2026/09/26 21:24:58.223, 21121
2026/09/26 21:24:58.723, 21121
2026/09/26 21:24:59.223, 21121
2026/09/26 21:24:59.723, 21121
2026/09/26 21:25:00.223, 21121
2026/09/26 21:25:00.724, 21121
2026/09/26 21:25:01.224, 21121
2026/09/26 21:25:01.724, 21121
2026/09/26 21:25:02.224, 21121
2026/09/26 21:25:02.724, 21121
2026/09/26 21:25:03.224, 21121
2026/09/26 21:25:03.725, 21121
2026/09/26 21:25:04.225, 21121
2026/09/26 21:25:04.725, 21121
2026/09/26 21:25:05.225, 21121
2026/09/26 21:25:05.725, 21121
2026/09/26 21:25:06.225, 21121
2026/09/26 21:25:06.726, 21121
2026/09/26 21:25:07.226, 21121
2026/09/26 21:25:07.726, 21121
2026/09/26 21:25:08.226, 21121
2026/09/26 21:25:08.726, 21121
2026/09/26 21:25:09.226, 21121
2026/09/26 21:25:09.727, 21121
2026/09/26 21:25:10.227, 21121
2026/09/26 21:25:10.727, 21121
2026/09/26 21:25:11.227, 21121
2026/09/26 21:25:11.727, 21121
2026/09/26 21:25:12.227, 21121
2026/09/26 21:25:12.728, 21121
2026/09/26 21:25:13.228, 21121
2026/09/26 21:25:13.728, 21121
2026/09/26 21:25:14.228, 21121
2026/09/26 21:25:14.728, 21121
2026/09/26 21:25:15.228, 21121
2026/09/26 21:25:15.728, 21121
2026/09/26 21:25:16.229, 21121
2026/09/26 21:25:16.729, 21121
2026/09/26 21:25:17.229, 21121
2026/09/26 21:25:17.729, 21121
2026/09/26 21:25:18.229, 21121
2026/09/26 21:25:18.729, 21121
2026/09/26 21:25:19.230, 21121
2026/09/26 21:25:19.730, 21121
2026/09/26 21:25:20.230, 21121
2026/09/26 21:25:20.730, 21121
2026/09/26 21:25:21.230, 21121
2026/09/26 21:25:21.730, 21121
2026/09/26 21:25:22.231, 21121
2026/09/26 21:25:22.731, 21121
2026/09/26 21:25:23.231, 21121
2026/09/26 21:25:23.731, 21121
2026/09/26 21:25:24.231, 21121
2026/09/26 21:25:24.731, 21121
2026/09/26 21:25:25.232, 21121
2026/09/26 21:25:25.732, 21121
2026/09/26 21:25:26.232, 21121
2026/09/26 21:25:26.732, 21121
2026/09/26 21:25:27.232, 21121
2026/09/26 21:25:27.732, 21121
2026/09/26 21:25:28.232, 21121
2026/09/26 21:25:28.733, 21121
2026/09/26 21:25:29.233, 21121
2026/09/26 21:25:29.733, 21121
2026/09/26 21:25:30.233, 21121
2026/09/26 21:25:30.733, 21121
2026/09/26 21:25:31.233, 21121
2026/09/26 21:25:31.734, 21121
2026/09/26 21:25:32.235, 21121
2026/09/26 21:25:32.735, 21121
2026/09/26 21:25:33.235, 21121
2026/09/26 21:25:33.735, 21121
2026/09/26 21:25:34.235, 21121
2026/09/26 21:25:34.735, 21121
2026/09/26 21:25:35.236, 21121
2026/09/26 21:25:35.736, 21121
2026/09/26 21:25:36.236, 21121
2026/09/26 21:25:36.736, 21121
2026/09/26 21:25:37.236, 21121
2026/09/26 21:25:37.736, 21121
2026/09/26 21:25:38.237, 21121
2026/09/26 21:25:38.737, 21121
2026/09/26 21:25:39.237, 21121
2026/09/26 21:25:39.737, 21121
2026/09/26 21:25:40.237, 21121
2026/09/26 21:25:40.737, 21121
2026/09/26 21:25:41.237, 21121
2026/09/26 21:25:41.738, 21121
2026/09/26 21:25:42.238, 21121
2026/09/26 21:25:42.738, 21121
2026/09/26 21:25:43.238, 21121
2026/09/26 21:25:43.738, 21121
2026/09/26 21:25:44.238, 21121
2026/09/26 21:25:44.739, 21121
2026/09/26 21:25:45.239, 21121
2026/09/26 21:25:45.743, 21121
2026/09/26 21:25:46.243, 21121
2026/09/26 21:25:46.743, 21121
2026/09/26 21:25:47.243, 21121
2026/09/26 21:25:47.743, 21121
2026/09/26 21:25:48.244, 21121
2026/09/26 21:25:48.744, 21121
2026/09/26 21:25:49.244, 21121
2026/09/26 21:25:49.744, 21121
2026/09/26 21:25:50.244, 21121
2026/09/26 21:25:50.744, 21121
2026/09/26 21:25:51.245, 21121
2026/09/26 21:25:51.745, 21121
2026/09/26 21:25:52.245, 21121
2026/09/26 21:25:52.745, 21121
2026/09/26 21:25:53.245, 21121
2026/09/26 21:25:53.745, 21121
2026/09/26 21:25:54.246, 21121
2026/09/26 21:25:54.746, 21121
2026/09/26 21:25:55.246, 21121
2026/09/26 21:25:55.746, 21121
2026/09/26 21:25:56.246, 21121
2026/09/26 21:25:56.746, 21121
2026/09/26 21:25:57.247, 21121
2026/09/26 21:25:57.747, 21121
2026/09/26 21:25:58.247, 21121
2026/09/26 21:25:58.747, 21121
2026/09/26 21:25:59.247, 21121
2026/09/26 21:25:59.747, 21121
2026/09/26 21:26:00.248, 21121
2026/09/26 21:26:00.748, 21121
2026/09/26 21:26:01.248, 21121
2026/09/26 21:26:01.748, 21121
2026/09/26 21:26:02.248, 21121
2026/09/26 21:26:02.748, 21121
2026/09/26 21:26:03.249, 21121
2026/09/26 21:26:03.749, 21121
2026/09/26 21:26:04.249, 21121
2026/09/26 21:26:04.749, 21121
2026/09/26 21:26:05.249, 21121
2026/09/26 21:26:05.749, 21121
2026/09/26 21:26:06.250, 21121
2026/09/26 21:26:06.750, 21121
2026/09/26 21:26:07.250, 21121
2026/09/26 21:26:07.750, 21121
2026/09/26 21:26:08.250, 21121
2026/09/26 21:26:08.750, 21121
2026/09/26 21:26:09.251, 21121
2026/09/26 21:26:09.751, 21121
2026/09/26 21:26:10.251, 21121
2026/09/26 21:26:10.751, 21121
2026/09/26 21:26:11.251, 21121
2026/09/26 21:26:11.751, 21121
2026/09/26 21:26:12.252, 21121
2026/09/26 21:26:12.752, 21121
2026/09/26 21:26:13.252, 21121
2026/09/26 21:26:13.752, 21121
2026/09/26 21:26:14.252, 21121
2026/09/26 21:26:14.752, 21121
2026/09/26 21:26:15.253, 21121
2026/09/26 21:26:15.753, 21121
2026/09/26 21:26:16.253, 21121
2026/09/26 21:26:16.753, 21121
2026/09/26 21:26:17.253, 21121
2026/09/26 21:26:17.753, 21121
2026/09/26 21:26:18.253, 21121
2026/09/26 21:26:18.754, 21121
2026/09/26 21:26:19.254, 21121
2026/09/26 21:26:19.754, 21121
2026/09/26 21:26:20.254, 21121
2026/09/26 21:26:20.754, 21121
2026/09/26 21:26:21.254, 21121
2026/09/26 21:26:21.754, 21121
2026/09/26 21:26:22.255, 21121
2026/09/26 21:26:22.755, 21121
2026/09/26 21:26:23.255, 21121
2026/09/26 21:26:23.755, 21121
2026/09/26 21:26:24.255, 21121
2026/09/26 21:26:24.755, 21121
2026/09/26 21:26:25.256, 21121
2026/09/26 21:26:25.756, 21121
2026/09/26 21:26:26.256, 21121
2026/09/26 21:26:26.756, 21121
2026/09/26 21:26:27.256, 21121
2026/09/26 21:26:27.756, 21121
2026/09/26 21:26:28.257, 21121
2026/09/26 21:26:28.757, 21121
2026/09/26 21:26:29.257, 21121
2026/09/26 21:26:29.757, 21121
2026/09/26 21:26:30.257, 21121
2026/09/26 21:26:30.757, 21121
2026/09/26 21:26:31.257, 21121
2026/09/26 21:26:31.758, 21121
2026/09/26 21:26:32.258, 21121
2026/09/26 21:26:32.758, 21121
2026/09/26 21:26:33.258, 21121
2026/09/26 21:26:33.758, 21121
2026/09/26 21:26:34.258, 21121
2026/09/26 21:26:34.758, 21121
2026/09/26 21:26:35.259, 21121
2026/09/26 21:26:35.759, 21121
2026/09/26 21:26:36.259, 21121
2026/09/26 21:26:36.759, 21121
2026/09/26 21:26:37.259, 21121
2026/09/26 21:26:37.759, 21121
2026/09/26 21:26:38.260, 21121
2026/09/26 21:26:38.760, 21121
2026/09/26 21:26:39.260, 21121
2026/09/26 21:26:39.760, 21121
2026/09/26 21:26:40.261, 21121
2026/09/26 21:26:40.761, 21121
2026/09/26 21:26:41.261, 21121
2026/09/26 21:26:41.761, 21121
2026/09/26 21:26:42.261, 21121
2026/09/26 21:26:42.761, 21121
2026/09/26 21:26:43.261, 21121
2026/09/26 21:26:43.762, 21121
2026/09/26 21:26:44.262, 21121
2026/09/26 21:26:44.762, 21121
2026/09/26 21:26:45.262, 21121
2026/09/26 21:26:45.762, 21121
2026/09/26 21:26:46.262, 21121
2026/09/26 21:26:46.763, 21121
2026/09/26 21:26:47.263, 21121
2026/09/26 21:26:47.763, 21121
2026/09/26 21:26:48.263, 21121
2026/09/26 21:26:48.763, 21121
2026/09/26 21:26:49.263, 21121
2026/09/26 21:26:49.764, 21121
2026/09/26 21:26:50.264, 21121
2026/09/26 21:26:50.764, 21121
2026/09/26 21:26:51.264, 21121
2026/09/26 21:26:51.764, 21121
2026/09/26 21:26:52.264, 21121
2026/09/26 21:26:52.764, 21121
2026/09/26 21:26:53.265, 21121
2026/09/26 21:26:53.765, 21121
2026/09/26 21:26:54.265, 21121
2026/09/26 21:26:54.765, 21121
2026/09/26 21:26:55.265, 21121
2026/09/26 21:26:55.765, 21121
2026/09/26 21:26:56.266, 21121
2026/09/26 21:26:56.766, 21121
2026/09/26 21:26:57.266, 21121
2026/09/26 21:26:57.766, 21121
2026/09/26 21:26:58.266, 21121
2026/09/26 21:26:58.766, 21121
2026/09/26 21:26:59.267, 21121
2026/09/26 21:26:59.767, 21121
2026/09/26 21:27:00.267, 21121
2026/09/26 21:27:00.767, 21121
2026/09/26 21:27:01.267, 21121
2026/09/26 21:27:01.767, 21121
2026/09/26 21:27:02.267, 21121
2026/09/26 21:27:02.768, 21121
2026/09/26 21:27:03.268, 21121
2026/09/26 21:27:03.768, 21121
2026/09/26 21:27:04.268, 21121
2026/09/26 21:27:04.768, 21121
2026/09/26 21:27:05.268, 21121
2026/09/26 21:27:05.768, 21121
2026/09/26 21:27:06.269, 21121
2026/09/26 21:27:06.769, 21121
2026/09/26 21:27:07.269, 21121
2026/09/26 21:27:07.769, 21121
2026/09/26 21:27:08.269, 21121
2026/09/26 21:27:08.769, 21121
2026/09/26 21:27:09.270, 21121
2026/09/26 21:27:09.770, 21121
2026/09/26 21:27:10.270, 21121
2026/09/26 21:27:10.770, 21121
2026/09/26 21:27:11.270, 21121
2026/09/26 21:27:11.770, 21121
2026/09/26 21:27:12.270, 21121
2026/09/26 21:27:12.771, 21121
2026/09/26 21:27:13.271, 21121
2026/09/26 21:27:13.771, 21121
2026/09/26 21:27:14.271, 21121
2026/09/26 21:27:14.771, 21121
2026/09/26 21:27:15.271, 21121
2026/09/26 21:27:15.771, 21121
2026/09/26 21:27:16.272, 21121
2026/09/26 21:27:16.772, 21121
2026/09/26 21:27:17.272, 21121
2026/09/26 21:27:17.772, 21121
2026/09/26 21:27:18.272, 21121
2026/09/26 21:27:18.772, 21121
2026/09/26 21:27:19.272, 21121
2026/09/26 21:27:19.773, 21121
2026/09/26 21:27:20.273, 21121
2026/09/26 21:27:20.773, 21121
2026/09/26 21:27:21.273, 21121
2026/09/26 21:27:21.773, 21121
2026/09/26 21:27:22.273, 21121
2026/09/26 21:27:22.773, 21121
2026/09/26 21:27:23.274, 21121
2026/09/26 21:27:23.774, 21121
2026/09/26 21:27:24.274, 21121
2026/09/26 21:27:24.774, 21121
2026/09/26 21:27:25.274, 21121
2026/09/26 21:27:25.774, 21121
2026/09/26 21:27:26.274, 21121
2026/09/26 21:27:26.775, 21121
2026/09/26 21:27:27.275, 21121
2026/09/26 21:27:27.775, 21121
2026/09/26 21:27:28.275, 21121
2026/09/26 21:27:28.775, 21121
2026/09/26 21:27:29.275, 21121
2026/09/26 21:27:29.775, 21121
2026/09/26 21:27:30.276, 21121
2026/09/26 21:27:30.776, 21121
2026/09/26 21:27:31.276, 21121
2026/09/26 21:27:31.776, 21121
2026/09/26 21:27:32.276, 21121
2026/09/26 21:27:32.777, 21121
2026/09/26 21:27:33.277, 21121
2026/09/26 21:27:33.777, 21121
2026/09/26 21:27:34.277, 21121
2026/09/26 21:27:34.777, 21121
2026/09/26 21:27:35.277, 21121
2026/09/26 21:27:35.777, 21121
2026/09/26 21:27:36.278, 21121
2026/09/26 21:27:36.778, 21121
2026/09/26 21:27:37.278, 21121
2026/09/26 21:27:37.778, 21121
2026/09/26 21:27:38.278, 21121
2026/09/26 21:27:38.778, 21121
2026/09/26 21:27:39.278, 21121
2026/09/26 21:27:39.778, 21121
2026/09/26 21:27:40.279, 21121
2026/09/26 21:27:40.779, 21121
2026/09/26 21:27:41.279, 21121
2026/09/26 21:27:41.779, 21121
2026/09/26 21:27:42.279, 21121
2026/09/26 21:27:42.779, 21121
2026/09/26 21:27:43.279, 21121
2026/09/26 21:27:43.780, 21121
2026/09/26 21:27:44.280, 21121
2026/09/26 21:27:44.780, 21121
2026/09/26 21:27:45.280, 21121
2026/09/26 21:27:45.780, 21121
2026/09/26 21:27:46.280, 21121
2026/09/26 21:27:46.780, 21121
2026/09/26 21:27:47.281, 21121
2026/09/26 21:27:47.784, 21121
2026/09/26 21:27:48.284, 21121
2026/09/26 21:27:48.784, 21121
2026/09/26 21:27:49.284, 21121
2026/09/26 21:27:49.785, 21121
2026/09/26 21:27:50.285, 21121
2026/09/26 21:27:50.785, 21121
2026/09/26 21:27:51.285, 21121
2026/09/26 21:27:51.785, 21121
2026/09/26 21:27:52.285, 21121
2026/09/26 21:27:52.785, 21121
2026/09/26 21:27:53.286, 21121
2026/09/26 21:27:53.786, 21121
2026/09/26 21:27:54.286, 21121
2026/09/26 21:27:54.786, 21121
2026/09/26 21:27:55.286, 21121
2026/09/26 21:27:55.786, 21121
2026/09/26 21:27:56.287, 21121
2026/09/26 21:27:56.787, 21121
2026/09/26 21:27:57.287, 21121
2026/09/26 21:27:57.787, 21121
2026/09/26 21:27:58.287, 21121
2026/09/26 21:27:58.787, 21121
2026/09/26 21:27:59.287, 21121
2026/09/26 21:27:59.788, 21121
2026/09/26 21:28:00.288, 21121
2026/09/26 21:28:00.788, 21121
2026/09/26 21:28:01.288, 21121
2026/09/26 21:28:01.788, 21121
2026/09/26 21:28:02.288, 21121
2026/09/26 21:28:02.789, 21121
2026/09/26 21:28:03.289, 21121
2026/09/26 21:28:03.789, 21121
2026/09/26 21:28:04.289, 21121
2026/09/26 21:28:04.789, 21121
2026/09/26 21:28:05.289, 21121
2026/09/26 21:28:05.790, 21121
2026/09/26 21:28:06.290, 21121
2026/09/26 21:28:06.790, 21121
2026/09/26 21:28:07.290, 21121
2026/09/26 21:28:07.790, 21121
2026/09/26 21:28:08.290, 21121
2026/09/26 21:28:08.791, 21121
2026/09/26 21:28:09.291, 21121
2026/09/26 21:28:09.791, 21121
2026/09/26 21:28:10.291, 21121
2026/09/26 21:28:10.791, 21121
2026/09/26 21:28:11.291, 21121
2026/09/26 21:28:11.792, 21121
2026/09/26 21:28:12.292, 21121
2026/09/26 21:28:12.792, 21121
2026/09/26 21:28:13.292, 21121
2026/09/26 21:28:13.792, 21121
2026/09/26 21:28:14.292, 21121
2026/09/26 21:28:14.793, 21121
2026/09/26 21:28:15.293, 21121
2026/09/26 21:28:15.793, 21121
2026/09/26 21:28:16.293, 21121
2026/09/26 21:28:16.793, 21121
2026/09/26 21:28:17.293, 21121
2026/09/26 21:28:17.794, 21121
2026/09/26 21:28:18.294, 21121
2026/09/26 21:28:18.794, 21121
2026/09/26 21:28:19.294, 21121
2026/09/26 21:28:19.794, 21121
2026/09/26 21:28:20.294, 21121
2026/09/26 21:28:20.795, 21121
2026/09/26 21:28:21.295, 21121
2026/09/26 21:28:21.795, 21121
2026/09/26 21:28:22.295, 21121
2026/09/26 21:28:22.795, 21121
2026/09/26 21:28:23.295, 21121
2026/09/26 21:28:23.795, 21121
2026/09/26 21:28:24.296, 21121
2026/09/26 21:28:24.796, 21121
2026/09/26 21:28:25.296, 21121
2026/09/26 21:28:25.796, 21121
2026/09/26 21:28:26.296, 21121
2026/09/26 21:28:26.796, 21121
2026/09/26 21:28:27.296, 21121
2026/09/26 21:28:27.797, 21121
2026/09/26 21:28:28.297, 21121
2026/09/26 21:28:28.797, 21121
2026/09/26 21:28:29.297, 21121
2026/09/26 21:28:29.797, 21121
2026/09/26 21:28:30.297, 21121
2026/09/26 21:28:30.798, 21121
2026/09/26 21:28:31.298, 21121
2026/09/26 21:28:31.798, 21121
2026/09/26 21:28:32.298, 21121
2026/09/26 21:28:32.798, 21121
2026/09/26 21:28:33.298, 21121
2026/09/26 21:28:33.799, 21121
2026/09/26 21:28:34.299, 21121
2026/09/26 21:28:34.799, 21121
2026/09/26 21:28:35.299, 21121
2026/09/26 21:28:35.799, 21121
2026/09/26 21:28:36.300, 21121
2026/09/26 21:28:36.800, 21121
2026/09/26 21:28:37.300, 21121
2026/09/26 21:28:37.800, 21121
2026/09/26 21:28:38.300, 21121
2026/09/26 21:28:38.800, 21121
2026/09/26 21:28:39.301, 21121
2026/09/26 21:28:39.801, 21121
2026/09/26 21:28:40.301, 21121
2026/09/26 21:28:40.801, 21121
2026/09/26 21:28:41.301, 21121
2026/09/26 21:28:41.801, 21121
2026/09/26 21:28:42.302, 21121
2026/09/26 21:28:42.802, 21121
2026/09/26 21:28:43.302, 21121
2026/09/26 21:28:43.802, 21121
2026/09/26 21:28:44.302, 21121
2026/09/26 21:28:44.802, 21121
2026/09/26 21:28:45.303, 21121
2026/09/26 21:28:45.803, 21121
2026/09/26 21:28:46.303, 21121
2026/09/26 21:28:46.803, 21121
2026/09/26 21:28:47.303, 21121
2026/09/26 21:28:47.803, 21121
2026/09/26 21:28:48.304, 21121
2026/09/26 21:28:48.804, 21121
2026/09/26 21:28:49.304, 21121
2026/09/26 21:28:49.804, 21121
2026/09/26 21:28:50.304, 21121
2026/09/26 21:28:50.805, 21121
2026/09/26 21:28:51.305, 21121
2026/09/26 21:28:51.805, 21121
2026/09/26 21:28:52.305, 21121
2026/09/26 21:28:52.805, 21121
2026/09/26 21:28:53.305, 21121
2026/09/26 21:28:53.806, 21121
2026/09/26 21:28:54.306, 21121
2026/09/26 21:28:54.806, 21121
2026/09/26 21:28:55.306, 21121
2026/09/26 21:28:55.806, 21121
2026/09/26 21:28:56.306, 21121
2026/09/26 21:28:56.807, 21121
2026/09/26 21:28:57.307, 21121
2026/09/26 21:28:57.807, 21121
2026/09/26 21:28:58.307, 21121
2026/09/26 21:28:58.807, 21121
2026/09/26 21:28:59.308, 21121
2026/09/26 21:28:59.808, 21121
2026/09/26 21:29:00.308, 21121
2026/09/26 21:29:00.808, 21121
2026/09/26 21:29:01.308, 21121
2026/09/26 21:29:01.808, 21121
2026/09/26 21:29:02.308, 21121
2026/09/26 21:29:02.809, 21121
2026/09/26 21:29:03.309, 21121
2026/09/26 21:29:03.809, 21121
2026/09/26 21:29:04.309, 21121
2026/09/26 21:29:04.809, 21121
2026/09/26 21:29:05.310, 21121
2026/09/26 21:29:05.810, 21121
2026/09/26 21:29:06.310, 21121
2026/09/26 21:29:06.810, 21121
2026/09/26 21:29:07.310, 21121
2026/09/26 21:29:07.810, 21121
2026/09/26 21:29:08.311, 21121
2026/09/26 21:29:08.811, 21121
2026/09/26 21:29:09.311, 21121
2026/09/26 21:29:09.811, 21121
2026/09/26 21:29:10.311, 21121
2026/09/26 21:29:10.811, 21121
2026/09/26 21:29:11.312, 21121
2026/09/26 21:29:11.812, 21121
2026/09/26 21:29:12.312, 21121
2026/09/26 21:29:12.812, 21121
2026/09/26 21:29:13.313, 21121
2026/09/26 21:29:13.813, 21121
2026/09/26 21:29:14.313, 21121
2026/09/26 21:29:14.813, 21121
2026/09/26 21:29:15.313, 21121
2026/09/26 21:29:15.813, 21121
2026/09/26 21:29:16.313, 21121
2026/09/26 21:29:16.813, 21121
2026/09/26 21:29:17.314, 21121
2026/09/26 21:29:17.814, 21121
2026/09/26 21:29:18.314, 21121
2026/09/26 21:29:18.814, 21121
2026/09/26 21:29:19.314, 21121
2026/09/26 21:29:19.814, 21121
2026/09/26 21:29:20.315, 21121
2026/09/26 21:29:20.815, 21121
2026/09/26 21:29:21.315, 21121
2026/09/26 21:29:21.815, 21121
2026/09/26 21:29:22.315, 21121
2026/09/26 21:29:22.816, 21121
2026/09/26 21:29:23.316, 21121
2026/09/26 21:29:23.816, 21121
2026/09/26 21:29:24.316, 21121
2026/09/26 21:29:24.816, 21121
2026/09/26 21:29:25.317, 21121
2026/09/26 21:29:25.817, 21121
2026/09/26 21:29:26.317, 21121
2026/09/26 21:29:26.817, 21121
2026/09/26 21:29:27.317, 21121
2026/09/26 21:29:27.817, 21121
2026/09/26 21:29:28.317, 21121
2026/09/26 21:29:28.818, 21121
2026/09/26 21:29:29.318, 21121
2026/09/26 21:29:29.818, 21121
2026/09/26 21:29:30.318, 21121
2026/09/26 21:29:30.818, 21121
2026/09/26 21:29:31.318, 21121
2026/09/26 21:29:31.819, 21121
2026/09/26 21:29:32.319, 21121
2026/09/26 21:29:32.819, 21121
2026/09/26 21:29:33.319, 21121
2026/09/26 21:29:33.819, 21121
2026/09/26 21:29:34.319, 21121
2026/09/26 21:29:34.820, 21121
2026/09/26 21:29:35.320, 21121
2026/09/26 21:29:35.820, 21121
2026/09/26 21:29:36.320, 21121
2026/09/26 21:29:36.820, 21121
2026/09/26 21:29:37.320, 21121
2026/09/26 21:29:37.821, 21121
2026/09/26 21:29:38.321, 21121
2026/09/26 21:29:38.821, 21121
2026/09/26 21:29:39.321, 21121
2026/09/26 21:29:39.821, 21121
2026/09/26 21:29:40.321, 21121
2026/09/26 21:29:40.822, 21121
2026/09/26 21:29:41.322, 21121
2026/09/26 21:29:41.822, 21121
2026/09/26 21:29:42.322, 21121
2026/09/26 21:29:42.822, 21121
2026/09/26 21:29:43.322, 21121
2026/09/26 21:29:43.823, 21121
2026/09/26 21:29:44.323, 21121
2026/09/26 21:29:44.823, 21121
2026/09/26 21:29:45.323, 21121
2026/09/26 21:29:45.823, 21121
2026/09/26 21:29:46.323, 21121
2026/09/26 21:29:46.824, 21121
2026/09/26 21:29:47.324, 21121
2026/09/26 21:29:47.824, 21121
2026/09/26 21:29:48.324, 21121
2026/09/26 21:29:48.824, 21121
2026/09/26 21:29:49.324, 21121
2026/09/26 21:29:49.825, 21121
2026/09/26 21:29:50.325, 21121
2026/09/26 21:29:50.825, 21121
2026/09/26 21:29:51.325, 21121
2026/09/26 21:29:51.825, 21121
2026/09/26 21:29:52.325, 21121
2026/09/26 21:29:52.826, 21121
2026/09/26 21:29:53.330, 21121
2026/09/26 21:29:53.830, 21121
2026/09/26 21:29:54.331, 21121
2026/09/26 21:29:54.831, 21121
2026/09/26 21:29:55.331, 21121
2026/09/26 21:29:55.831, 21121
2026/09/26 21:29:56.331, 21121
2026/09/26 21:29:56.831, 21121
2026/09/26 21:29:57.332, 21121
2026/09/26 21:29:57.832, 21121
2026/09/26 21:29:58.332, 21121
2026/09/26 21:29:58.832, 21121
2026/09/26 21:29:59.332, 21121
2026/09/26 21:29:59.832, 21121
2026/09/26 21:30:00.333, 21121
2026/09/26 21:30:00.833, 21121
2026/09/26 21:30:01.333, 21121
2026/09/26 21:30:01.833, 21121
2026/09/26 21:30:02.333, 21121
2026/09/26 21:30:02.833, 21121
2026/09/26 21:30:03.334, 21121
2026/09/26 21:30:03.834, 21121
2026/09/26 21:30:04.334, 21121
2026/09/26 21:30:04.834, 21121
2026/09/26 21:30:05.334, 21121
2026/09/26 21:30:05.834, 21121
2026/09/26 21:30:06.335, 21121
2026/09/26 21:30:06.835, 21121
2026/09/26 21:30:07.335, 21121
2026/09/26 21:30:07.835, 21121
2026/09/26 21:30:08.335, 21121
2026/09/26 21:30:08.835, 21121
2026/09/26 21:30:09.336, 21121
2026/09/26 21:30:09.836, 21121
2026/09/26 21:30:10.336, 21121
2026/09/26 21:30:10.836, 21121
2026/09/26 21:30:11.336, 21121
2026/09/26 21:30:11.836, 21121
2026/09/26 21:30:12.337, 21121
2026/09/26 21:30:12.837, 21121
2026/09/26 21:30:13.337, 21121
2026/09/26 21:30:13.837, 21121
2026/09/26 21:30:14.337, 21121
2026/09/26 21:30:14.837, 21121
2026/09/26 21:30:15.338, 21121
2026/09/26 21:30:15.838, 21121
2026/09/26 21:30:16.338, 21121
2026/09/26 21:30:16.838, 21121
2026/09/26 21:30:17.338, 21121
2026/09/26 21:30:17.838, 21121
2026/09/26 21:30:18.339, 21121
2026/09/26 21:30:18.839, 21121
2026/09/26 21:30:19.339, 21121
2026/09/26 21:30:19.839, 21121
2026/09/26 21:30:20.340, 21121
2026/09/26 21:30:20.840, 21121
2026/09/26 21:30:21.340, 21121
2026/09/26 21:30:21.840, 21121
2026/09/26 21:30:22.340, 21121
2026/09/26 21:30:22.841, 21121
2026/09/26 21:30:23.341, 21121
2026/09/26 21:30:23.841, 21121
2026/09/26 21:30:24.341, 21121
2026/09/26 21:30:24.841, 21121
2026/09/26 21:30:25.341, 21121
2026/09/26 21:30:25.842, 21121
2026/09/26 21:30:26.342, 21121
2026/09/26 21:30:26.842, 21121
2026/09/26 21:30:27.342, 21121
2026/09/26 21:30:27.842, 21121
2026/09/26 21:30:28.343, 21121
2026/09/26 21:30:28.843, 21121
2026/09/26 21:30:29.343, 21121
2026/09/26 21:30:29.843, 21121
2026/09/26 21:30:30.343, 21121
2026/09/26 21:30:30.844, 21121
2026/09/26 21:30:31.344, 21121
2026/09/26 21:30:31.844, 21121
2026/09/26 21:30:32.344, 21121
2026/09/26 21:30:32.844, 21121
2026/09/26 21:30:33.344, 21121
2026/09/26 21:30:33.844, 21121
2026/09/26 21:30:34.345, 21121
2026/09/26 21:30:34.845, 21121
2026/09/26 21:30:35.345, 21121
2026/09/26 21:30:35.845, 21121
2026/09/26 21:30:36.345, 21121
2026/09/26 21:30:36.845, 21121
2026/09/26 21:30:37.346, 21121
2026/09/26 21:30:37.846, 21121
2026/09/26 21:30:38.346, 21121
2026/09/26 21:30:38.846, 21121
2026/09/26 21:30:39.346, 21121
2026/09/26 21:30:39.846, 21121
2026/09/26 21:30:40.346, 21121
2026/09/26 21:30:40.847, 21121
2026/09/26 21:30:41.347, 21121
2026/09/26 21:30:41.847, 21121
2026/09/26 21:30:42.347, 21121
2026/09/26 21:30:42.847, 21121
2026/09/26 21:30:43.347, 21121
2026/09/26 21:30:43.847, 21121
2026/09/26 21:30:44.348, 21121
2026/09/26 21:30:44.848, 21121
2026/09/26 21:30:45.348, 21121
2026/09/26 21:30:45.848, 21121
2026/09/26 21:30:46.348, 21121
2026/09/26 21:30:46.848, 21121
2026/09/26 21:30:47.348, 21121
2026/09/26 21:30:47.848, 21121
2026/09/26 21:30:48.349, 21121
2026/09/26 21:30:48.849, 21121
2026/09/26 21:30:49.349, 21121
2026/09/26 21:30:49.849, 21121
2026/09/26 21:30:50.349, 21121
2026/09/26 21:30:50.849, 21121
2026/09/26 21:30:51.349, 21121
2026/09/26 21:30:51.849, 21121
2026/09/26 21:30:52.349, 21121
2026/09/26 21:30:52.850, 21121
2026/09/26 21:30:53.350, 21121
2026/09/26 21:30:53.850, 21121
2026/09/26 21:30:54.350, 21121
2026/09/26 21:30:54.850, 21121
2026/09/26 21:30:55.350, 21121
2026/09/26 21:30:55.850, 21121
2026/09/26 21:30:56.351, 21121
2026/09/26 21:30:56.851, 21121
2026/09/26 21:30:57.351, 21121
2026/09/26 21:30:57.851, 21121
2026/09/26 21:30:58.351, 21121
2026/09/26 21:30:58.851, 21121
2026/09/26 21:30:59.351, 21121
2026/09/26 21:30:59.851, 21121
2026/09/26 21:31:00.352, 21121
2026/09/26 21:31:00.852, 21121
2026/09/26 21:31:01.352, 21121
2026/09/26 21:31:01.852, 21121
2026/09/26 21:31:02.352, 21121
2026/09/26 21:31:02.852, 21121
2026/09/26 21:31:03.353, 21121
2026/09/26 21:31:03.853, 21121
2026/09/26 21:31:04.353, 21121
2026/09/26 21:31:04.853, 21121
2026/09/26 21:31:05.353, 21121
2026/09/26 21:31:05.853, 21121
2026/09/26 21:31:06.354, 21121
2026/09/26 21:31:06.854, 21121
2026/09/26 21:31:07.354, 21121
2026/09/26 21:31:07.854, 21121
2026/09/26 21:31:08.354, 21121
2026/09/26 21:31:08.854, 21121
2026/09/26 21:31:09.354, 21121
2026/09/26 21:31:09.855, 21121
2026/09/26 21:31:10.355, 21121
2026/09/26 21:31:10.855, 21121
2026/09/26 21:31:11.355, 21121
2026/09/26 21:31:11.855, 21121
2026/09/26 21:31:12.355, 21121
2026/09/26 21:31:12.855, 21121
2026/09/26 21:31:13.356, 21121
2026/09/26 21:31:13.856, 21121
2026/09/26 21:31:14.356, 21121
2026/09/26 21:31:14.856, 21121
2026/09/26 21:31:15.356, 21121
2026/09/26 21:31:15.856, 21121
2026/09/26 21:31:16.356, 21121
2026/09/26 21:31:16.856, 21121
2026/09/26 21:31:17.357, 21121
2026/09/26 21:31:17.857, 21121
2026/09/26 21:31:18.357, 21121
2026/09/26 21:31:18.857, 21121
2026/09/26 21:31:19.357, 21121
2026/09/26 21:31:19.857, 21601
2026/09/26 21:31:20.357, 21601
2026/09/26 21:31:20.857, 21601
2026/09/26 21:31:21.357, 21601
2026/09/26 21:31:21.858, 21601
2026/09/26 21:31:22.358, 21601
2026/09/26 21:31:22.858, 21601
2026/09/26 21:31:23.358, 21601
2026/09/26 21:31:23.858, 21601
2026/09/26 21:31:24.358, 21601
2026/09/26 21:31:24.859, 21601
2026/09/26 21:31:25.359, 21601
2026/09/26 21:31:25.859, 21601
2026/09/26 21:31:26.359, 21601
2026/09/26 21:31:26.859, 21601
2026/09/26 21:31:27.359, 21601
2026/09/26 21:31:27.860, 21601
2026/09/26 21:31:28.360, 21601
2026/09/26 21:31:28.860, 21601
2026/09/26 21:31:29.360, 21601
2026/09/26 21:31:29.860, 21601
2026/09/26 21:31:30.361, 21601
2026/09/26 21:31:30.861, 21601
2026/09/26 21:31:31.361, 21601
2026/09/26 21:31:31.861, 21601
2026/09/26 21:31:32.361, 21601
2026/09/26 21:31:32.861, 21601
2026/09/26 21:31:33.362, 21601
2026/09/26 21:31:33.862, 21601
2026/09/26 21:31:34.362, 21601
2026/09/26 21:31:34.862, 21601
2026/09/26 21:31:35.362, 21601
2026/09/26 21:31:35.862, 21601
2026/09/26 21:31:36.363, 21601
2026/09/26 21:31:36.863, 21601
2026/09/26 21:31:37.363, 21601
2026/09/26 21:31:37.863, 21601
2026/09/26 21:31:38.363, 21601
2026/09/26 21:31:38.863, 21601
2026/09/26 21:31:39.364, 21601
2026/09/26 21:31:39.864, 21601
2026/09/26 21:31:40.364, 21601
2026/09/26 21:31:40.864, 21601
2026/09/26 21:31:41.364, 21601
2026/09/26 21:31:41.864, 21601
2026/09/26 21:31:42.364, 21601
2026/09/26 21:31:42.864, 21601
2026/09/26 21:31:43.365, 21601
2026/09/26 21:31:43.865, 21601
2026/09/26 21:31:44.365, 21601
2026/09/26 21:31:44.865, 21601
2026/09/26 21:31:45.365, 21601
2026/09/26 21:31:45.865, 21601
2026/09/26 21:31:46.366, 21601
2026/09/26 21:31:46.866, 21601
2026/09/26 21:31:47.366, 21601
2026/09/26 21:31:47.866, 21601
2026/09/26 21:31:48.366, 21601
2026/09/26 21:31:48.866, 21601
2026/09/26 21:31:49.366, 21601
2026/09/26 21:31:49.867, 21601
2026/09/26 21:31:50.367, 21601
2026/09/26 21:31:50.867, 21601
2026/09/26 21:31:51.367, 21601
2026/09/26 21:31:51.867, 21601
2026/09/26 21:31:52.367, 21601
2026/09/26 21:31:52.867, 21601
2026/09/26 21:31:53.368, 21601
2026/09/26 21:31:53.868, 21601
2026/09/26 21:31:54.368, 21601
2026/09/26 21:31:54.868, 21601
2026/09/26 21:31:55.368, 21601
2026/09/26 21:31:55.868, 21601
2026/09/26 21:31:56.368, 21601
2026/09/26 21:31:56.869, 21601
2026/09/26 21:31:57.369, 21601
2026/09/26 21:31:57.869, 21601
2026/09/26 21:31:58.369, 21601
2026/09/26 21:31:58.869, 21601
2026/09/26 21:31:59.369, 21601
2026/09/26 21:31:59.870, 21601
2026/09/26 21:32:00.370, 21601
2026/09/26 21:32:00.870, 21601
2026/09/26 21:32:01.370, 21601
2026/09/26 21:32:01.870, 21601
2026/09/26 21:32:02.370, 21601
2026/09/26 21:32:02.871, 21601
2026/09/26 21:32:03.371, 21601
2026/09/26 21:32:03.871, 21601
2026/09/26 21:32:04.371, 21601
2026/09/26 21:32:04.871, 21601
2026/09/26 21:32:05.371, 21601
2026/09/26 21:32:05.871, 21601
2026/09/26 21:32:06.372, 21601
2026/09/26 21:32:06.872, 21601
2026/09/26 21:32:07.372, 21601
2026/09/26 21:32:07.872, 21601
2026/09/26 21:32:08.372, 21601
2026/09/26 21:32:08.872, 21601
2026/09/26 21:32:09.372, 21601
2026/09/26 21:32:09.872, 21601
2026/09/26 21:32:10.373, 21601
2026/09/26 21:32:10.873, 21601
2026/09/26 21:32:11.373, 21601
2026/09/26 21:32:11.873, 21601
2026/09/26 21:32:12.373, 21601
2026/09/26 21:32:12.873, 21601
2026/09/26 21:32:13.373, 21601
2026/09/26 21:32:13.873, 21601
2026/09/26 21:32:14.374, 21601
2026/09/26 21:32:14.874, 21601
2026/09/26 21:32:15.374, 21601
2026/09/26 21:32:15.874, 21601
2026/09/26 21:32:16.374, 21601
2026/09/26 21:32:16.874, 21601
2026/09/26 21:32:17.374, 21601
2026/09/26 21:32:17.875, 21601
2026/09/26 21:32:18.375, 21601
2026/09/26 21:32:18.875, 21601
2026/09/26 21:32:19.375, 21601
2026/09/26 21:32:19.875, 21601
2026/09/26 21:32:20.375, 21601
2026/09/26 21:32:20.875, 21601
2026/09/26 21:32:21.376, 21601
2026/09/26 21:32:21.876, 21601
2026/09/26 21:32:22.376, 21601
2026/09/26 21:32:22.876, 21601
2026/09/26 21:32:23.376, 21601
2026/09/26 21:32:23.876, 21601
2026/09/26 21:32:24.377, 21601
2026/09/26 21:32:24.877, 21601
2026/09/26 21:32:25.377, 21601
2026/09/26 21:32:25.877, 21601
2026/09/26 21:32:26.377, 21601
2026/09/26 21:32:26.877, 21601
2026/09/26 21:32:27.377, 21601
2026/09/26 21:32:27.877, 21601
2026/09/26 21:32:28.378, 21601
2026/09/26 21:32:28.878, 21601
2026/09/26 21:32:29.378, 21601
2026/09/26 21:32:29.878, 21601
2026/09/26 21:32:30.378, 21601
2026/09/26 21:32:30.878, 21601
2026/09/26 21:32:31.379, 21601
2026/09/26 21:32:31.879, 21601
2026/09/26 21:32:32.379, 21601
2026/09/26 21:32:32.879, 21601
2026/09/26 21:32:33.379, 21601
2026/09/26 21:32:33.879, 21601
2026/09/26 21:32:34.379, 21601
2026/09/26 21:32:34.880, 21601
2026/09/26 21:32:35.380, 21601
2026/09/26 21:32:35.880, 21601
2026/09/26 21:32:36.380, 21601
2026/09/26 21:32:36.881, 21601
2026/09/26 21:32:37.381, 21601
2026/09/26 21:32:37.881, 21601
2026/09/26 21:32:38.381, 21601
2026/09/26 21:32:38.881, 21601
2026/09/26 21:32:39.381, 21601
2026/09/26 21:32:39.882, 21601
2026/09/26 21:32:40.382, 21601
2026/09/26 21:32:40.882, 21601
2026/09/26 21:32:41.382, 21601
2026/09/26 21:32:41.882, 21601
2026/09/26 21:32:42.382, 21601
2026/09/26 21:32:42.883, 21601
2026/09/26 21:32:43.383, 21601
2026/09/26 21:32:43.883, 21601
2026/09/26 21:32:44.383, 21601
2026/09/26 21:32:44.883, 21601
2026/09/26 21:32:45.383, 21601
2026/09/26 21:32:45.884, 21601
2026/09/26 21:32:46.384, 21601
2026/09/26 21:32:46.884, 21601
2026/09/26 21:32:47.384, 21601
2026/09/26 21:32:47.884, 21601
2026/09/26 21:32:48.384, 21601
2026/09/26 21:32:48.885, 21601
2026/09/26 21:32:49.385, 21601
2026/09/26 21:32:49.885, 21601
2026/09/26 21:32:50.385, 21601
2026/09/26 21:32:50.885, 21601
2026/09/26 21:32:51.385, 21601
2026/09/26 21:32:51.886, 21601
2026/09/26 21:32:52.386, 21601
2026/09/26 21:32:52.886, 21601
2026/09/26 21:32:53.386, 21601
2026/09/26 21:32:53.886, 21601
2026/09/26 21:32:54.386, 21601
2026/09/26 21:32:54.887, 21601
2026/09/26 21:32:55.387, 21601
2026/09/26 21:32:55.887, 21601
2026/09/26 21:32:56.387, 21601
2026/09/26 21:32:56.887, 21601
2026/09/26 21:32:57.387, 21601
2026/09/26 21:32:57.888, 21601
2026/09/26 21:32:58.388, 21601
2026/09/26 21:32:58.888, 21601
2026/09/26 21:32:59.388, 21601
2026/09/26 21:32:59.888, 21601
2026/09/26 21:33:00.388, 21601
2026/09/26 21:33:00.889, 21601
2026/09/26 21:33:01.389, 21601
2026/09/26 21:33:01.889, 21601
2026/09/26 21:33:02.389, 21601
2026/09/26 21:33:02.889, 21601
2026/09/26 21:33:03.390, 21601
2026/09/26 21:33:03.890, 21601
2026/09/26 21:33:04.390, 21601
2026/09/26 21:33:04.890, 21601
2026/09/26 21:33:05.390, 21601
2026/09/26 21:33:05.890, 21601
2026/09/26 21:33:06.391, 21601
2026/09/26 21:33:06.891, 21601
2026/09/26 21:33:07.391, 21601
2026/09/26 21:33:07.892, 21601
2026/09/26 21:33:08.392, 21601
2026/09/26 21:33:08.892, 21601
2026/09/26 21:33:09.392, 21601
2026/09/26 21:33:09.892, 21601
2026/09/26 21:33:10.393, 21601
2026/09/26 21:33:10.893, 21601
2026/09/26 21:33:11.393, 21601
2026/09/26 21:33:11.893, 21601
2026/09/26 21:33:12.393, 21601
2026/09/26 21:33:12.893, 21601
2026/09/26 21:33:13.394, 21601
2026/09/26 21:33:13.894, 21601
2026/09/26 21:33:14.394, 21601
2026/09/26 21:33:14.894, 21601
2026/09/26 21:33:15.394, 21601
2026/09/26 21:33:15.894, 21601
2026/09/26 21:33:16.395, 21601
2026/09/26 21:33:16.895, 21601
2026/09/26 21:33:17.395, 21601
2026/09/26 21:33:17.895, 21601
2026/09/26 21:33:18.395, 21601
2026/09/26 21:33:18.895, 21601
2026/09/26 21:33:19.396, 21601
2026/09/26 21:33:19.896, 21601
2026/09/26 21:33:20.396, 21601
2026/09/26 21:33:20.896, 21601
2026/09/26 21:33:21.396, 21601
2026/09/26 21:33:21.896, 21601
2026/09/26 21:33:22.397, 21601
2026/09/26 21:33:22.897, 21601
2026/09/26 21:33:23.397, 21601
2026/09/26 21:33:23.897, 21601
2026/09/26 21:33:24.397, 21601
2026/09/26 21:33:24.897, 21601
2026/09/26 21:33:25.398, 21601
2026/09/26 21:33:25.898, 21601
2026/09/26 21:33:26.398, 21601
2026/09/26 21:33:26.898, 21601
2026/09/26 21:33:27.398, 21601
2026/09/26 21:33:27.898, 21601
2026/09/26 21:33:28.399, 21601
2026/09/26 21:33:28.899, 21601
2026/09/26 21:33:29.399, 21601
2026/09/26 21:33:29.899, 21601
2026/09/26 21:33:30.399, 21601
2026/09/26 21:33:30.899, 21601
2026/09/26 21:33:31.400, 21601
2026/09/26 21:33:31.900, 21601
2026/09/26 21:33:32.400, 21601
2026/09/26 21:33:32.900, 21601
2026/09/26 21:33:33.400, 21601
2026/09/26 21:33:33.900, 21601
2026/09/26 21:33:34.400, 21601
2026/09/26 21:33:34.901, 21601
2026/09/26 21:33:35.401, 21601
2026/09/26 21:33:35.901, 21601
2026/09/26 21:33:36.401, 21601
2026/09/26 21:33:36.901, 21601
2026/09/26 21:33:37.401, 21601
2026/09/26 21:33:37.902, 21601
2026/09/26 21:33:38.402, 21601
2026/09/26 21:33:38.902, 21601
2026/09/26 21:33:39.402, 21601
2026/09/26 21:33:39.902, 21601
2026/09/26 21:33:40.402, 21601
2026/09/26 21:33:40.902, 21601
2026/09/26 21:33:41.402, 21601
2026/09/26 21:33:41.903, 21601
2026/09/26 21:33:42.403, 21601
2026/09/26 21:33:42.903, 21601
2026/09/26 21:33:43.403, 21601
2026/09/26 21:33:43.903, 21601
2026/09/26 21:33:44.403, 21601
2026/09/26 21:33:44.904, 21601
2026/09/26 21:33:45.404, 21601
2026/09/26 21:33:45.904, 21601
2026/09/26 21:33:46.404, 21601
2026/09/26 21:33:46.904, 21601
2026/09/26 21:33:47.404, 21601
2026/09/26 21:33:47.905, 21601
2026/09/26 21:33:48.405, 21601
2026/09/26 21:33:48.905, 21601
2026/09/26 21:33:49.405, 21601
2026/09/26 21:33:49.905, 21601
2026/09/26 21:33:50.406, 21601
2026/09/26 21:33:50.906, 21601
2026/09/26 21:33:51.406, 21601
2026/09/26 21:33:51.906, 21601
2026/09/26 21:33:52.406, 21601
2026/09/26 21:33:52.906, 21601
2026/09/26 21:33:53.406, 21601
2026/09/26 21:33:53.907, 21601
2026/09/26 21:33:54.407, 21601
2026/09/26 21:33:54.907, 21601
2026/09/26 21:33:55.407, 21601
2026/09/26 21:33:55.907, 21601
2026/09/26 21:33:56.407, 21601
2026/09/26 21:33:56.908, 21601
2026/09/26 21:33:57.408, 21601
2026/09/26 21:33:57.908, 21601
2026/09/26 21:33:58.408, 21601
2026/09/26 21:33:58.908, 21601
2026/09/26 21:33:59.409, 21601
2026/09/26 21:33:59.909, 21601
2026/09/26 21:34:00.409, 21601
2026/09/26 21:34:00.909, 21601
2026/09/26 21:34:01.409, 21601
2026/09/26 21:34:01.909, 21601
2026/09/26 21:34:02.410, 21601
2026/09/26 21:34:02.910, 21601
2026/09/26 21:34:03.410, 21601
2026/09/26 21:34:03.910, 21601
2026/09/26 21:34:04.410, 21601
2026/09/26 21:34:04.910, 21601
2026/09/26 21:34:05.411, 21601
2026/09/26 21:34:05.911, 21601
2026/09/26 21:34:06.411, 21601
2026/09/26 21:34:06.911, 21601
2026/09/26 21:34:07.411, 21601
2026/09/26 21:34:07.911, 21601
2026/09/26 21:34:08.412, 21601
2026/09/26 21:34:08.912, 21601
2026/09/26 21:34:09.412, 21601
2026/09/26 21:34:09.912, 21601
2026/09/26 21:34:10.412, 21601
2026/09/26 21:34:10.912, 21601
2026/09/26 21:34:11.413, 21601
2026/09/26 21:34:11.913, 21601
2026/09/26 21:34:12.413, 21601
2026/09/26 21:34:12.913, 21601
2026/09/26 21:34:13.413, 21601
2026/09/26 21:34:13.913, 21601
2026/09/26 21:34:14.414, 21601
2026/09/26 21:34:14.914, 21601
2026/09/26 21:34:15.414, 21601
2026/09/26 21:34:15.914, 21601
2026/09/26 21:34:16.414, 21601
2026/09/26 21:34:16.915, 21601
2026/09/26 21:34:17.415, 21601
2026/09/26 21:34:17.915, 21601
2026/09/26 21:34:18.415, 21601
2026/09/26 21:34:18.915, 21601
2026/09/26 21:34:19.415, 21601
2026/09/26 21:34:19.916, 21601
2026/09/26 21:34:20.416, 21601
2026/09/26 21:34:20.916, 21601
2026/09/26 21:34:21.416, 21601
2026/09/26 21:34:21.916, 21601
2026/09/26 21:34:22.416, 21601
2026/09/26 21:34:22.916, 21601
2026/09/26 21:34:23.417, 21601
2026/09/26 21:34:23.917, 21601
2026/09/26 21:34:24.417, 21601
2026/09/26 21:34:24.917, 21601
2026/09/26 21:34:25.417, 21601
2026/09/26 21:34:25.917, 21601
2026/09/26 21:34:26.418, 21601
2026/09/26 21:34:26.918, 21601
2026/09/26 21:34:27.418, 21601
2026/09/26 21:34:27.918, 21601
2026/09/26 21:34:28.418, 21601
2026/09/26 21:34:28.918, 21601
2026/09/26 21:34:29.419, 21601
2026/09/26 21:34:29.919, 21601
2026/09/26 21:34:30.419, 21601
2026/09/26 21:34:30.919, 21601
2026/09/26 21:34:31.419, 21601
2026/09/26 21:34:31.919, 21601
2026/09/26 21:34:32.420, 21601
2026/09/26 21:34:32.920, 21601
2026/09/26 21:34:33.420, 21601
2026/09/26 21:34:33.920, 21601
2026/09/26 21:34:34.420, 21601
2026/09/26 21:34:34.920, 21601
2026/09/26 21:34:35.421, 21601
2026/09/26 21:34:35.921, 21601
2026/09/26 21:34:36.421, 21601
2026/09/26 21:34:36.921, 21601
2026/09/26 21:34:37.421, 21601
2026/09/26 21:34:37.921, 21601
2026/09/26 21:34:38.421, 21601
2026/09/26 21:34:38.922, 21601
2026/09/26 21:34:39.422, 21601
2026/09/26 21:34:39.922, 21601
2026/09/26 21:34:40.422, 21601
2026/09/26 21:34:40.922, 21601
2026/09/26 21:34:41.422, 21601
2026/09/26 21:34:41.923, 21601
2026/09/26 21:34:42.423, 21601
2026/09/26 21:34:42.923, 21601
2026/09/26 21:34:43.423, 21601
2026/09/26 21:34:43.923, 21601
2026/09/26 21:34:44.423, 21601
2026/09/26 21:34:44.924, 21601
2026/09/26 21:34:45.424, 21601
2026/09/26 21:34:45.924, 21601
2026/09/26 21:34:46.424, 21601
2026/09/26 21:34:46.924, 21601
2026/09/26 21:34:47.424, 21601
2026/09/26 21:34:47.925, 21601
2026/09/26 21:34:48.425, 21601
2026/09/26 21:34:48.925, 21601
2026/09/26 21:34:49.425, 21601
2026/09/26 21:34:49.925, 21601
2026/09/26 21:34:50.425, 21601
2026/09/26 21:34:50.926, 21601
2026/09/26 21:34:51.426, 21601
2026/09/26 21:34:51.926, 21601
2026/09/26 21:34:52.426, 21601
2026/09/26 21:34:52.926, 21601
2026/09/26 21:34:53.426, 21601
2026/09/26 21:34:53.927, 21601
2026/09/26 21:34:54.427, 21601
2026/09/26 21:34:54.927, 21601
2026/09/26 21:34:55.427, 21601
2026/09/26 21:34:55.927, 21601
2026/09/26 21:34:56.427, 21601
2026/09/26 21:34:56.928, 21601
2026/09/26 21:34:57.428, 21601
2026/09/26 21:34:57.928, 21601
2026/09/26 21:34:58.428, 21601
2026/09/26 21:34:58.928, 21601
2026/09/26 21:34:59.428, 21601
2026/09/26 21:34:59.928, 21601
2026/09/26 21:35:00.429, 21601
2026/09/26 21:35:00.929, 21601
2026/09/26 21:35:01.429, 21601
2026/09/26 21:35:01.929, 21601
2026/09/26 21:35:02.429, 21601
2026/09/26 21:35:02.929, 21601
2026/09/26 21:35:03.430, 21601
2026/09/26 21:35:03.930, 21601
2026/09/26 21:35:04.430, 21601
2026/09/26 21:35:04.930, 21601
2026/09/26 21:35:05.430, 21601
2026/09/26 21:35:05.930, 21601
2026/09/26 21:35:06.430, 21601
2026/09/26 21:35:06.931, 21601
2026/09/26 21:35:07.431, 21601
2026/09/26 21:35:07.931, 21601
2026/09/26 21:35:08.431, 21601
2026/09/26 21:35:08.931, 21601
2026/09/26 21:35:09.431, 21601
2026/09/26 21:35:09.932, 21601
2026/09/26 21:35:10.432, 4
2026/09/26 21:35:10.932, 4
2026/09/26 21:35:11.432, 4
