2026/09/24 21:51:13.656, 1
2026/09/24 21:51:14.156, 1
2026/09/24 21:51:14.657, 1
2026/09/24 21:51:15.157, 1
2026/09/24 21:51:15.657, 1
2026/09/24 21:51:16.157, 1
2026/09/24 21:51:16.657, 4
2026/09/24 21:51:17.157, 4
2026/09/24 21:51:17.658, 4
2026/09/24 21:51:18.158, 4
2026/09/24 21:51:18.658, 4
2026/09/24 21:51:19.158, 4
2026/09/24 21:51:19.658, 8857
2026/09/24 21:51:20.158, 8857
2026/09/24 21:51:20.659, 8857
2026/09/24 21:51:21.159, 8857
2026/09/24 21:51:21.659, 8857
2026/09/24 21:51:22.159, 9047
2026/09/24 21:51:22.659, 9047
2026/09/24 21:51:23.159, 9073
2026/09/24 21:51:23.660, 9073
2026/09/24 21:51:24.160, 9073
2026/09/24 21:51:24.660, 9073
2026/09/24 21:51:25.160, 9073
2026/09/24 21:51:25.660, 9117
2026/09/24 21:51:26.161, 9137
2026/09/24 21:51:26.661, 9137
2026/09/24 21:51:27.161, 9137
2026/09/24 21:51:27.661, 9137
2026/09/24 21:51:28.161, 9137
2026/09/24 21:51:28.661, 9157
2026/09/24 21:51:29.162, 9157
2026/09/24 21:51:29.662, 9157
2026/09/24 21:51:30.162, 9177
2026/09/24 21:51:30.662, 9177
2026/09/24 21:51:31.162, 9177
2026/09/24 21:51:31.662, 9177
2026/09/24 21:51:32.162, 9197
2026/09/24 21:51:32.663, 9197
2026/09/24 21:51:33.163, 9197
2026/09/24 21:51:33.663, 9217
2026/09/24 21:51:34.163, 9217
2026/09/24 21:51:34.663, 9217
2026/09/24 21:51:35.163, 9217
2026/09/24 21:51:35.664, 9237
2026/09/24 21:51:36.164, 9237
2026/09/24 21:51:36.664, 9237
2026/09/24 21:51:37.164, 9237
2026/09/24 21:51:37.664, 9257
2026/09/24 21:51:38.164, 9257
2026/09/24 21:51:38.665, 9257
2026/09/24 21:51:39.165, 9257
2026/09/24 21:51:39.665, 9257
2026/09/24 21:51:40.165, 9257
2026/09/24 21:51:40.665, 9297
2026/09/24 21:51:41.165, 9297
2026/09/24 21:51:41.666, 9297
2026/09/24 21:51:42.166, 9297
2026/09/24 21:51:42.666, 9297
2026/09/24 21:51:43.166, 9297
2026/09/24 21:51:43.666, 9297
2026/09/24 21:51:44.166, 9297
2026/09/24 21:51:44.666, 9357
2026/09/24 21:51:45.167, 9357
2026/09/24 21:51:45.667, 9357
2026/09/24 21:51:46.167, 9357
2026/09/24 21:51:46.667, 9357
2026/09/24 21:51:47.167, 9357
2026/09/24 21:51:47.667, 9357
2026/09/24 21:51:48.167, 9357
2026/09/24 21:51:48.673, 9357
2026/09/24 21:51:49.173, 9357
2026/09/24 21:51:49.673, 9417
2026/09/24 21:51:50.173, 9417
2026/09/24 21:51:50.673, 9417
2026/09/24 21:51:51.173, 9417
2026/09/24 21:51:51.673, 9417
2026/09/24 21:51:52.174, 9417
2026/09/24 21:51:52.674, 9417
2026/09/24 21:51:53.174, 9417
2026/09/24 21:51:53.674, 9417
2026/09/24 21:51:54.174, 9417
2026/09/24 21:51:54.674, 9417
2026/09/24 21:51:55.175, 9417
2026/09/24 21:51:55.675, 9417
2026/09/24 21:51:56.175, 9417
2026/09/24 21:51:56.675, 9417
2026/09/24 21:51:57.175, 9417
2026/09/24 21:51:57.676, 9537
2026/09/24 21:51:58.176, 9537
2026/09/24 21:51:58.676, 9537
2026/09/24 21:51:59.176, 9537
2026/09/24 21:51:59.676, 9537
2026/09/24 21:52:00.176, 9537
2026/09/24 21:52:00.677, 9537
2026/09/24 21:52:01.177, 9537
2026/09/24 21:52:01.677, 9537
2026/09/24 21:52:02.177, 9537
2026/09/24 21:52:02.677, 9537
2026/09/24 21:52:03.177, 9537
2026/09/24 21:52:03.677, 9537
2026/09/24 21:52:04.178, 9537
2026/09/24 21:52:04.678, 9537
2026/09/24 21:52:05.178, 9537
2026/09/24 21:52:05.678, 9537
2026/09/24 21:52:06.178, 9537
2026/09/24 21:52:06.678, 9537
2026/09/24 21:52:07.179, 9537
2026/09/24 21:52:07.679, 9537
2026/09/24 21:52:08.179, 9537
2026/09/24 21:52:08.679, 9537
2026/09/24 21:52:09.179, 9537
2026/09/24 21:52:09.679, 9537
2026/09/24 21:52:10.179, 9537
2026/09/24 21:52:10.680, 9537
2026/09/24 21:52:11.180, 9777
2026/09/24 21:52:11.680, 9777
2026/09/24 21:52:12.180, 9777
2026/09/24 21:52:12.680, 9777
2026/09/24 21:52:13.180, 9777
2026/09/24 21:52:13.680, 9797
2026/09/24 21:52:14.181, 9797
2026/09/24 21:52:14.681, 9797
2026/09/24 21:52:15.181, 9797
2026/09/24 21:52:15.681, 9797
2026/09/24 21:52:16.181, 9797
2026/09/24 21:52:16.681, 9797
2026/09/24 21:52:17.181, 9797
2026/09/24 21:52:17.682, 9797
2026/09/24 21:52:18.182, 9797
2026/09/24 21:52:18.682, 9797
2026/09/24 21:52:19.182, 9797
2026/09/24 21:52:19.682, 9797
2026/09/24 21:52:20.182, 9797
2026/09/24 21:52:20.682, 9797
2026/09/24 21:52:21.183, 9797
2026/09/24 21:52:21.683, 9797
2026/09/24 21:52:22.183, 9797
2026/09/24 21:52:22.683, 9797
2026/09/24 21:52:23.183, 9797
2026/09/24 21:52:23.683, 9797
2026/09/24 21:52:24.184, 9797
2026/09/24 21:52:24.684, 9797
2026/09/24 21:52:25.184, 9797
2026/09/24 21:52:25.684, 9797
2026/09/24 21:52:26.184, 9797
2026/09/24 21:52:26.684, 9797
2026/09/24 21:52:27.184, 9797
2026/09/24 21:52:27.685, 9797
2026/09/24 21:52:28.185, 9797
2026/09/24 21:52:28.685, 9797
2026/09/24 21:52:29.185, 9797
2026/09/24 21:52:29.685, 9797
2026/09/24 21:52:30.185, 9797
2026/09/24 21:52:30.685, 9797
2026/09/24 21:52:31.186, 9797
2026/09/24 21:52:31.686, 9797
2026/09/24 21:52:32.186, 9797
2026/09/24 21:52:32.686, 9797
2026/09/24 21:52:33.186, 9797
2026/09/24 21:52:33.686, 9797
2026/09/24 21:52:34.187, 9797
2026/09/24 21:52:34.687, 9797
2026/09/24 21:52:35.187, 9797
2026/09/24 21:52:35.687, 9797
2026/09/24 21:52:36.187, 9797
2026/09/24 21:52:36.687, 9797
2026/09/24 21:52:37.187, 9797
2026/09/24 21:52:37.688, 9797
2026/09/24 21:52:38.188, 9797
2026/09/24 21:52:38.688, 9797
2026/09/24 21:52:39.188, 9797
2026/09/24 21:52:39.688, 9797
2026/09/24 21:52:40.188, 9797
2026/09/24 21:52:40.688, 9797
2026/09/24 21:52:41.189, 9797
2026/09/24 21:52:41.689, 9797
2026/09/24 21:52:42.189, 9797
2026/09/24 21:52:42.689, 9797
2026/09/24 21:52:43.189, 9797
2026/09/24 21:52:43.689, 9797
2026/09/24 21:52:44.190, 9797
2026/09/24 21:52:44.690, 9797
2026/09/24 21:52:45.190, 9797
2026/09/24 21:52:45.690, 9797
2026/09/24 21:52:46.190, 9797
2026/09/24 21:52:46.690, 9797
2026/09/24 21:52:47.190, 9797
2026/09/24 21:52:47.691, 9797
2026/09/24 21:52:48.191, 9797
2026/09/24 21:52:48.691, 9797
2026/09/24 21:52:49.191, 9797
2026/09/24 21:52:49.691, 9797
2026/09/24 21:52:50.191, 9797
2026/09/24 21:52:50.691, 9797
2026/09/24 21:52:51.192, 9797
2026/09/24 21:52:51.692, 9797
2026/09/24 21:52:52.192, 9797
2026/09/24 21:52:52.692, 9797
2026/09/24 21:52:53.192, 9797
2026/09/24 21:52:53.692, 9797
2026/09/24 21:52:54.193, 9797
2026/09/24 21:52:54.693, 9797
2026/09/24 21:52:55.193, 9797
2026/09/24 21:52:55.693, 9797
2026/09/24 21:52:56.193, 9797
2026/09/24 21:52:56.693, 9797
2026/09/24 21:52:57.194, 9797
2026/09/24 21:52:57.694, 9797
2026/09/24 21:52:58.194, 9797
2026/09/24 21:52:58.694, 9797
2026/09/24 21:52:59.194, 9797
2026/09/24 21:52:59.694, 9797
2026/09/24 21:53:00.195, 9797
2026/09/24 21:53:00.695, 9797
2026/09/24 21:53:01.195, 9797
2026/09/24 21:53:01.695, 9797
2026/09/24 21:53:02.195, 9797
2026/09/24 21:53:02.695, 9797
2026/09/24 21:53:03.195, 9797
2026/09/24 21:53:03.696, 9797
2026/09/24 21:53:04.196, 9797
2026/09/24 21:53:04.696, 9797
2026/09/24 21:53:05.196, 9797
2026/09/24 21:53:05.696, 9797
2026/09/24 21:53:06.196, 9797
2026/09/24 21:53:06.696, 9797
2026/09/24 21:53:07.197, 9797
2026/09/24 21:53:07.697, 9797
2026/09/24 21:53:08.197, 9797
2026/09/24 21:53:08.697, 9797
2026/09/24 21:53:09.197, 9797
2026/09/24 21:53:09.697, 9797
2026/09/24 21:53:10.198, 9797
2026/09/24 21:53:10.698, 9797
2026/09/24 21:53:11.198, 9797
2026/09/24 21:53:11.698, 9797
2026/09/24 21:53:12.198, 9797
2026/09/24 21:53:12.698, 9797
2026/09/24 21:53:13.198, 9797
2026/09/24 21:53:13.699, 9797
2026/09/24 21:53:14.199, 9797
2026/09/24 21:53:14.699, 9797
2026/09/24 21:53:15.199, 9797
2026/09/24 21:53:15.699, 9797
2026/09/24 21:53:16.199, 9797
2026/09/24 21:53:16.700, 9797
2026/09/24 21:53:17.200, 9797
2026/09/24 21:53:17.700, 9797
2026/09/24 21:53:18.200, 9797
2026/09/24 21:53:18.700, 9797
2026/09/24 21:53:19.201, 9797
2026/09/24 21:53:19.701, 9797
2026/09/24 21:53:20.201, 9797
2026/09/24 21:53:20.701, 9797
2026/09/24 21:53:21.201, 9797
2026/09/24 21:53:21.701, 9797
2026/09/24 21:53:22.202, 9797
2026/09/24 21:53:22.702, 9797
2026/09/24 21:53:23.202, 9797
2026/09/24 21:53:23.702, 9797
2026/09/24 21:53:24.202, 9797
2026/09/24 21:53:24.702, 9797
2026/09/24 21:53:25.202, 9797
2026/09/24 21:53:25.703, 9797
2026/09/24 21:53:26.203, 9797
2026/09/24 21:53:26.703, 9797
2026/09/24 21:53:27.203, 9797
2026/09/24 21:53:27.703, 9797
2026/09/24 21:53:28.203, 9797
2026/09/24 21:53:28.704, 9797
2026/09/24 21:53:29.204, 9797
2026/09/24 21:53:29.704, 9797
2026/09/24 21:53:30.204, 9797
2026/09/24 21:53:30.704, 9797
2026/09/24 21:53:31.205, 9797
2026/09/24 21:53:31.705, 9797
2026/09/24 21:53:32.205, 9797
2026/09/24 21:53:32.705, 9797
2026/09/24 21:53:33.205, 9797
2026/09/24 21:53:33.705, 9797
2026/09/24 21:53:34.205, 9797
2026/09/24 21:53:34.706, 9797
2026/09/24 21:53:35.206, 9797
2026/09/24 21:53:35.706, 9797
2026/09/24 21:53:36.206, 9797
2026/09/24 21:53:36.706, 9797
2026/09/24 21:53:37.206, 9797
2026/09/24 21:53:37.707, 9797
2026/09/24 21:53:38.207, 9797
2026/09/24 21:53:38.707, 9797
2026/09/24 21:53:39.207, 9797
2026/09/24 21:53:39.707, 9797
2026/09/24 21:53:40.207, 9797
2026/09/24 21:53:40.708, 9797
2026/09/24 21:53:41.208, 9797
2026/09/24 21:53:41.708, 9797
2026/09/24 21:53:42.208, 9797
2026/09/24 21:53:42.708, 9797
2026/09/24 21:53:43.209, 9797
2026/09/24 21:53:43.709, 9797
2026/09/24 21:53:44.209, 9797
2026/09/24 21:53:44.709, 9797
2026/09/24 21:53:45.209, 9797
2026/09/24 21:53:45.709, 9797
2026/09/24 21:53:46.209, 9797
2026/09/24 21:53:46.710, 9797
2026/09/24 21:53:47.210, 9797
2026/09/24 21:53:47.710, 9797
2026/09/24 21:53:48.210, 9797
2026/09/24 21:53:48.710, 9797
2026/09/24 21:53:49.210, 9797
2026/09/24 21:53:49.711, 9797
2026/09/24 21:53:50.211, 9797
2026/09/24 21:53:50.711, 9797
2026/09/24 21:53:51.211, 9797
2026/09/24 21:53:51.711, 9797
2026/09/24 21:53:52.211, 9797
2026/09/24 21:53:52.711, 9797
2026/09/24 21:53:53.212, 9797
2026/09/24 21:53:53.712, 9797
2026/09/24 21:53:54.212, 9797
2026/09/24 21:53:54.712, 9797
2026/09/24 21:53:55.212, 9797
2026/09/24 21:53:55.712, 9797
2026/09/24 21:53:56.212, 9797
2026/09/24 21:53:56.713, 9797
2026/09/24 21:53:57.213, 9797
2026/09/24 21:53:57.713, 9797
2026/09/24 21:53:58.213, 9797
2026/09/24 21:53:58.713, 9797
2026/09/24 21:53:59.213, 9797
2026/09/24 21:53:59.714, 9797
2026/09/24 21:54:00.214, 9797
2026/09/24 21:54:00.714, 9797
2026/09/24 21:54:01.214, 9797
2026/09/24 21:54:01.714, 9797
2026/09/24 21:54:02.214, 9797
2026/09/24 21:54:02.714, 9797
2026/09/24 21:54:03.215, 9797
2026/09/24 21:54:03.715, 9797
2026/09/24 21:54:04.215, 9797
2026/09/24 21:54:04.715, 9797
2026/09/24 21:54:05.215, 9797
2026/09/24 21:54:05.715, 9797
2026/09/24 21:54:06.216, 9797
2026/09/24 21:54:06.716, 9797
2026/09/24 21:54:07.216, 9797
2026/09/24 21:54:07.716, 9797
2026/09/24 21:54:08.216, 9797
2026/09/24 21:54:08.716, 9797
2026/09/24 21:54:09.216, 9797
2026/09/24 21:54:09.717, 9797
2026/09/24 21:54:10.217, 9797
2026/09/24 21:54:10.717, 9797
2026/09/24 21:54:11.217, 9797
2026/09/24 21:54:11.717, 9797
2026/09/24 21:54:12.217, 9797
2026/09/24 21:54:12.718, 9797
2026/09/24 21:54:13.218, 9797
2026/09/24 21:54:13.718, 9797
2026/09/24 21:54:14.218, 9797
2026/09/24 21:54:14.718, 9797
2026/09/24 21:54:15.218, 9797
2026/09/24 21:54:15.719, 9797
2026/09/24 21:54:16.219, 9797
2026/09/24 21:54:16.719, 9797
2026/09/24 21:54:17.219, 9797
2026/09/24 21:54:17.719, 9797
2026/09/24 21:54:18.219, 9797
2026/09/24 21:54:18.720, 9797
2026/09/24 21:54:19.220, 9797
2026/09/24 21:54:19.720, 9797
2026/09/24 21:54:20.220, 9797
2026/09/24 21:54:20.720, 9797
2026/09/24 21:54:21.220, 9797
2026/09/24 21:54:21.720, 9797
2026/09/24 21:54:22.221, 9797
2026/09/24 21:54:22.721, 9797
2026/09/24 21:54:23.221, 9797
2026/09/24 21:54:23.721, 9797
2026/09/24 21:54:24.221, 9797
2026/09/24 21:54:24.721, 9797
2026/09/24 21:54:25.222, 9797
2026/09/24 21:54:25.722, 9797
2026/09/24 21:54:26.222, 9797
2026/09/24 21:54:26.722, 9797
2026/09/24 21:54:27.222, 9797
2026/09/24 21:54:27.722, 9797
2026/09/24 21:54:28.223, 9797
2026/09/24 21:54:28.723, 9797
2026/09/24 21:54:29.223, 9797
2026/09/24 21:54:29.723, 9797
2026/09/24 21:54:30.223, 9797
2026/09/24 21:54:30.723, 9797
2026/09/24 21:54:31.224, 9797
2026/09/24 21:54:31.724, 9797
2026/09/24 21:54:32.224, 9797
2026/09/24 21:54:32.724, 9797
2026/09/24 21:54:33.224, 9797
2026/09/24 21:54:33.725, 9797
2026/09/24 21:54:34.225, 9797
2026/09/24 21:54:34.725, 9797
2026/09/24 21:54:35.225, 9797
2026/09/24 21:54:35.725, 9797
2026/09/24 21:54:36.225, 9797
2026/09/24 21:54:36.726, 9797
2026/09/24 21:54:37.226, 9797
2026/09/24 21:54:37.726, 9797
2026/09/24 21:54:38.226, 9797
2026/09/24 21:54:38.726, 9797
2026/09/24 21:54:39.226, 9797
2026/09/24 21:54:39.727, 9797
2026/09/24 21:54:40.227, 9797
2026/09/24 21:54:40.727, 9797
2026/09/24 21:54:41.227, 9797
2026/09/24 21:54:41.727, 9797
2026/09/24 21:54:42.227, 9797
2026/09/24 21:54:42.728, 9797
2026/09/24 21:54:43.228, 9797
2026/09/24 21:54:43.728, 9797
2026/09/24 21:54:44.228, 9797
2026/09/24 21:54:44.728, 9797
2026/09/24 21:54:45.228, 9797
2026/09/24 21:54:45.728, 9797
2026/09/24 21:54:46.229, 9797
2026/09/24 21:54:46.729, 9797
2026/09/24 21:54:47.229, 9797
2026/09/24 21:54:47.729, 9797
2026/09/24 21:54:48.229, 9797
2026/09/24 21:54:48.729, 9797
2026/09/24 21:54:49.230, 9797
2026/09/24 21:54:49.730, 9797
2026/09/24 21:54:50.230, 9797
2026/09/24 21:54:50.730, 9797
2026/09/24 21:54:51.230, 9797
2026/09/24 21:54:51.730, 9797
2026/09/24 21:54:52.230, 9797
2026/09/24 21:54:52.731, 9797
2026/09/24 21:54:53.231, 9797
2026/09/24 21:54:53.731, 9797
2026/09/24 21:54:54.231, 9797
2026/09/24 21:54:54.731, 9797
2026/09/24 21:54:55.231, 9797
2026/09/24 21:54:55.732, 9797
2026/09/24 21:54:56.232, 9797
2026/09/24 21:54:56.732, 9797
2026/09/24 21:54:57.232, 9797
2026/09/24 21:54:57.732, 9797
2026/09/24 21:54:58.232, 9797
2026/09/24 21:54:58.732, 9797
2026/09/24 21:54:59.233, 9797
2026/09/24 21:54:59.733, 9797
2026/09/24 21:55:00.233, 9797
2026/09/24 21:55:00.733, 9797
2026/09/24 21:55:01.233, 9797
2026/09/24 21:55:01.733, 9797
2026/09/24 21:55:02.233, 9797
2026/09/24 21:55:02.734, 9797
2026/09/24 21:55:03.234, 9797
2026/09/24 21:55:03.734, 9797
2026/09/24 21:55:04.234, 9797
2026/09/24 21:55:04.734, 9797
2026/09/24 21:55:05.234, 9797
2026/09/24 21:55:05.735, 9797
2026/09/24 21:55:06.235, 9797
2026/09/24 21:55:06.735, 9797
2026/09/24 21:55:07.235, 9797
2026/09/24 21:55:07.735, 9797
2026/09/24 21:55:08.236, 9797
2026/09/24 21:55:08.736, 9797
2026/09/24 21:55:09.236, 9797
2026/09/24 21:55:09.736, 9797
2026/09/24 21:55:10.236, 9797
2026/09/24 21:55:10.736, 9797
2026/09/24 21:55:11.236, 9797
2026/09/24 21:55:11.737, 9797
2026/09/24 21:55:12.237, 9797
2026/09/24 21:55:12.737, 9797
2026/09/24 21:55:13.237, 9797
2026/09/24 21:55:13.737, 9797
2026/09/24 21:55:14.237, 9797
2026/09/24 21:55:14.737, 9797
2026/09/24 21:55:15.238, 9797
2026/09/24 21:55:15.738, 9797
2026/09/24 21:55:16.238, 9797
2026/09/24 21:55:16.738, 9797
2026/09/24 21:55:17.238, 9797
2026/09/24 21:55:17.738, 9797
2026/09/24 21:55:18.239, 9797
2026/09/24 21:55:18.739, 9797
2026/09/24 21:55:19.239, 9797
2026/09/24 21:55:19.739, 9797
2026/09/24 21:55:20.239, 9797
2026/09/24 21:55:20.739, 9797
2026/09/24 21:55:21.239, 9797
2026/09/24 21:55:21.740, 9797
2026/09/24 21:55:22.240, 9797
2026/09/24 21:55:22.740, 9797
2026/09/24 21:55:23.240, 9797
2026/09/24 21:55:23.740, 9797
2026/09/24 21:55:24.240, 9797
2026/09/24 21:55:24.740, 9797
2026/09/24 21:55:25.241, 9797
2026/09/24 21:55:25.741, 9797
2026/09/24 21:55:26.241, 9797
2026/09/24 21:55:26.741, 9797
2026/09/24 21:55:27.241, 9797
2026/09/24 21:55:27.741, 9797
2026/09/24 21:55:28.241, 9797
2026/09/24 21:55:28.742, 9797
2026/09/24 21:55:29.242, 9797
2026/09/24 21:55:29.742, 9797
2026/09/24 21:55:30.242, 9797
2026/09/24 21:55:30.742, 9797
2026/09/24 21:55:31.242, 9797
2026/09/24 21:55:31.742, 9797
2026/09/24 21:55:32.243, 9797
2026/09/24 21:55:32.743, 9797
2026/09/24 21:55:33.243, 9797
2026/09/24 21:55:33.743, 9797
2026/09/24 21:55:34.243, 9797
2026/09/24 21:55:34.743, 9797
2026/09/24 21:55:35.244, 9797
2026/09/24 21:55:35.744, 9797
2026/09/24 21:55:36.244, 9797
2026/09/24 21:55:36.744, 9797
2026/09/24 21:55:37.244, 9797
2026/09/24 21:55:37.744, 9797
2026/09/24 21:55:38.244, 9797
2026/09/24 21:55:38.745, 9797
2026/09/24 21:55:39.245, 9797
2026/09/24 21:55:39.745, 9797
2026/09/24 21:55:40.245, 9797
2026/09/24 21:55:40.745, 9797
2026/09/24 21:55:41.245, 9797
2026/09/24 21:55:41.745, 9797
2026/09/24 21:55:42.246, 9797
2026/09/24 21:55:42.746, 9797
2026/09/24 21:55:43.246, 9797
2026/09/24 21:55:43.746, 9797
2026/09/24 21:55:44.246, 9797
2026/09/24 21:55:44.746, 9797
2026/09/24 21:55:45.246, 9797
2026/09/24 21:55:45.747, 9797
2026/09/24 21:55:46.247, 9797
2026/09/24 21:55:46.747, 9797
2026/09/24 21:55:47.247, 9797
2026/09/24 21:55:47.747, 9797
2026/09/24 21:55:48.247, 9797
2026/09/24 21:55:48.748, 9797
2026/09/24 21:55:49.248, 9797
2026/09/24 21:55:49.748, 9797
2026/09/24 21:55:50.248, 9797
2026/09/24 21:55:50.748, 9797
2026/09/24 21:55:51.248, 9797
2026/09/24 21:55:51.749, 9797
2026/09/24 21:55:52.249, 9797
2026/09/24 21:55:52.749, 9797
2026/09/24 21:55:53.249, 9797
2026/09/24 21:55:53.749, 9797
2026/09/24 21:55:54.249, 9797
2026/09/24 21:55:54.750, 9797
2026/09/24 21:55:55.250, 9797
2026/09/24 21:55:55.750, 9797
2026/09/24 21:55:56.250, 9797
2026/09/24 21:55:56.750, 9797
2026/09/24 21:55:57.250, 9797
2026/09/24 21:55:57.750, 9797
2026/09/24 21:55:58.251, 9797
2026/09/24 21:55:58.751, 9797
2026/09/24 21:55:59.251, 9797
2026/09/24 21:55:59.751, 9797
2026/09/24 21:56:00.251, 9797
2026/09/24 21:56:00.751, 9797
2026/09/24 21:56:01.251, 9797
2026/09/24 21:56:01.752, 9797
2026/09/24 21:56:02.252, 9797
2026/09/24 21:56:02.752, 9797
2026/09/24 21:56:03.252, 9797
2026/09/24 21:56:03.752, 9797
2026/09/24 21:56:04.252, 9797
2026/09/24 21:56:04.753, 9797
2026/09/24 21:56:05.253, 9797
2026/09/24 21:56:05.753, 9797
2026/09/24 21:56:06.253, 9797
2026/09/24 21:56:06.753, 9797
2026/09/24 21:56:07.253, 9797
2026/09/24 21:56:07.753, 9797
2026/09/24 21:56:08.254, 9797
2026/09/24 21:56:08.754, 9797
2026/09/24 21:56:09.254, 9797
2026/09/24 21:56:09.754, 9797
2026/09/24 21:56:10.254, 9797
2026/09/24 21:56:10.754, 9797
2026/09/24 21:56:11.255, 9797
2026/09/24 21:56:11.755, 9797
2026/09/24 21:56:12.255, 9797
2026/09/24 21:56:12.755, 9797
2026/09/24 21:56:13.255, 9797
2026/09/24 21:56:13.755, 9797
2026/09/24 21:56:14.255, 9797
2026/09/24 21:56:14.756, 9797
2026/09/24 21:56:15.256, 9797
2026/09/24 21:56:15.756, 9797
2026/09/24 21:56:16.256, 9797
2026/09/24 21:56:16.758, 9797
2026/09/24 21:56:17.258, 9797
2026/09/24 21:56:17.758, 9797
2026/09/24 21:56:18.258, 9797
2026/09/24 21:56:18.758, 9797
2026/09/24 21:56:19.259, 9797
2026/09/24 21:56:19.759, 9797
2026/09/24 21:56:20.259, 9797
2026/09/24 21:56:20.759, 9797
2026/09/24 21:56:21.259, 9797
2026/09/24 21:56:21.759, 9797
2026/09/24 21:56:22.259, 9797
2026/09/24 21:56:22.760, 9797
2026/09/24 21:56:23.260, 9797
2026/09/24 21:56:23.760, 9797
2026/09/24 21:56:24.260, 9797
2026/09/24 21:56:24.760, 9797
2026/09/24 21:56:25.261, 9797
2026/09/24 21:56:25.761, 9797
2026/09/24 21:56:26.261, 9797
2026/09/24 21:56:26.761, 9797
2026/09/24 21:56:27.261, 9797
2026/09/24 21:56:27.762, 9797
2026/09/24 21:56:28.262, 9797
2026/09/24 21:56:28.762, 9797
2026/09/24 21:56:29.263, 9883
2026/09/24 21:56:29.763, 9883
2026/09/24 21:56:30.263, 9883
2026/09/24 21:56:30.763, 9883
2026/09/24 21:56:31.263, 9883
2026/09/24 21:56:31.763, 9883
2026/09/24 21:56:32.263, 9883
2026/09/24 21:56:32.764, 9883
2026/09/24 21:56:33.264, 9883
2026/09/24 21:56:33.764, 9883
2026/09/24 21:56:34.264, 9883
2026/09/24 21:56:34.764, 9883
2026/09/24 21:56:35.264, 9883
2026/09/24 21:56:35.764, 9883
2026/09/24 21:56:36.265, 10343
2026/09/24 21:56:36.765, 10343
2026/09/24 21:56:37.265, 10343
2026/09/24 21:56:37.765, 10343
2026/09/24 21:56:38.265, 10343
2026/09/24 21:56:38.765, 10343
2026/09/24 21:56:39.265, 10343
2026/09/24 21:56:39.766, 10343
2026/09/24 21:56:40.266, 10343
2026/09/24 21:56:40.766, 10343
2026/09/24 21:56:41.266, 10343
2026/09/24 21:56:41.766, 10343
2026/09/24 21:56:42.266, 10343
2026/09/24 21:56:42.767, 10343
2026/09/24 21:56:43.267, 10343
2026/09/24 21:56:43.767, 10343
2026/09/24 21:56:44.267, 10343
2026/09/24 21:56:44.767, 10343
2026/09/24 21:56:45.267, 10343
2026/09/24 21:56:45.768, 10343
2026/09/24 21:56:46.268, 10343
2026/09/24 21:56:46.768, 10343
2026/09/24 21:56:47.268, 10343
2026/09/24 21:56:47.768, 10343
2026/09/24 21:56:48.268, 10343
2026/09/24 21:56:48.769, 10343
2026/09/24 21:56:49.269, 10343
2026/09/24 21:56:49.769, 10343
2026/09/24 21:56:50.269, 10343
2026/09/24 21:56:50.769, 10343
2026/09/24 21:56:51.269, 10343
2026/09/24 21:56:51.770, 10343
2026/09/24 21:56:52.270, 10343
2026/09/24 21:56:52.770, 10343
2026/09/24 21:56:53.270, 10343
2026/09/24 21:56:53.770, 10343
2026/09/24 21:56:54.270, 10343
2026/09/24 21:56:54.771, 10343
2026/09/24 21:56:55.271, 10343
2026/09/24 21:56:55.771, 10343
2026/09/24 21:56:56.271, 10343
2026/09/24 21:56:56.771, 10343
2026/09/24 21:56:57.271, 10343
2026/09/24 21:56:57.771, 10343
2026/09/24 21:56:58.272, 10343
2026/09/24 21:56:58.772, 10343
2026/09/24 21:56:59.272, 10343
2026/09/24 21:56:59.772, 10343
2026/09/24 21:57:00.272, 10343
2026/09/24 21:57:00.772, 10343
2026/09/24 21:57:01.273, 10343
2026/09/24 21:57:01.773, 10343
2026/09/24 21:57:02.273, 10343
2026/09/24 21:57:02.773, 10343
2026/09/24 21:57:03.273, 10343
2026/09/24 21:57:03.773, 10343
2026/09/24 21:57:04.274, 10343
2026/09/24 21:57:04.774, 10343
2026/09/24 21:57:05.274, 10343
2026/09/24 21:57:05.774, 10343
2026/09/24 21:57:06.274, 10343
2026/09/24 21:57:06.774, 10343
2026/09/24 21:57:07.275, 10343
2026/09/24 21:57:07.775, 10343
2026/09/24 21:57:08.275, 10343
2026/09/24 21:57:08.775, 10343
2026/09/24 21:57:09.275, 10343
2026/09/24 21:57:09.775, 10343
2026/09/24 21:57:10.276, 10343
2026/09/24 21:57:10.776, 10343
2026/09/24 21:57:11.276, 10343
2026/09/24 21:57:11.776, 10343
2026/09/24 21:57:12.276, 10343
2026/09/24 21:57:12.776, 10343
2026/09/24 21:57:13.276, 10343
2026/09/24 21:57:13.777, 10343
2026/09/24 21:57:14.277, 10343
2026/09/24 21:57:14.777, 10343
2026/09/24 21:57:15.277, 10343
2026/09/24 21:57:15.777, 10343
2026/09/24 21:57:16.277, 10343
2026/09/24 21:57:16.778, 10343
2026/09/24 21:57:17.278, 10343
2026/09/24 21:57:17.778, 10343
2026/09/24 21:57:18.278, 10343
2026/09/24 21:57:18.778, 10343
2026/09/24 21:57:19.278, 10343
2026/09/24 21:57:19.779, 10343
2026/09/24 21:57:20.279, 10343
2026/09/24 21:57:20.779, 10343
2026/09/24 21:57:21.279, 10343
2026/09/24 21:57:21.779, 10788
2026/09/24 21:57:22.279, 10347
2026/09/24 21:57:22.780, 10343
2026/09/24 21:57:23.280, 10343
2026/09/24 21:57:23.780, 10343
2026/09/24 21:57:24.280, 10343
2026/09/24 21:57:24.780, 10343
2026/09/24 21:57:25.280, 10343
2026/09/24 21:57:25.781, 10343
2026/09/24 21:57:26.281, 10343
2026/09/24 21:57:26.781, 10343
2026/09/24 21:57:27.281, 10343
2026/09/24 21:57:27.781, 10343
2026/09/24 21:57:28.281, 10343
2026/09/24 21:57:28.782, 10343
2026/09/24 21:57:29.282, 10343
2026/09/24 21:57:29.782, 10343
2026/09/24 21:57:30.282, 10343
2026/09/24 21:57:30.782, 10343
2026/09/24 21:57:31.282, 10343
2026/09/24 21:57:31.783, 10343
2026/09/24 21:57:32.283, 10343
2026/09/24 21:57:32.783, 10343
2026/09/24 21:57:33.283, 10343
2026/09/24 21:57:33.783, 10343
2026/09/24 21:57:34.283, 10343
2026/09/24 21:57:34.784, 10343
2026/09/24 21:57:35.284, 10343
2026/09/24 21:57:35.784, 10343
2026/09/24 21:57:36.284, 10343
2026/09/24 21:57:36.784, 10343
2026/09/24 21:57:37.285, 10343
2026/09/24 21:57:37.785, 10343
2026/09/24 21:57:38.285, 10343
2026/09/24 21:57:38.785, 10343
2026/09/24 21:57:39.285, 10343
2026/09/24 21:57:39.785, 10343
2026/09/24 21:57:40.286, 10343
2026/09/24 21:57:40.786, 10343
2026/09/24 21:57:41.286, 10343
2026/09/24 21:57:41.786, 10343
2026/09/24 21:57:42.286, 10343
2026/09/24 21:57:42.786, 10343
2026/09/24 21:57:43.287, 10343
2026/09/24 21:57:43.787, 10343
2026/09/24 21:57:44.287, 10343
2026/09/24 21:57:44.787, 10343
2026/09/24 21:57:45.287, 10343
2026/09/24 21:57:45.788, 10343
2026/09/24 21:57:46.288, 10343
2026/09/24 21:57:46.788, 10343
2026/09/24 21:57:47.288, 10343
2026/09/24 21:57:47.788, 10343
2026/09/24 21:57:48.289, 10343
2026/09/24 21:57:48.789, 10343
2026/09/24 21:57:49.289, 10343
2026/09/24 21:57:49.789, 10343
2026/09/24 21:57:50.289, 10343
2026/09/24 21:57:50.789, 10343
2026/09/24 21:57:51.289, 10343
2026/09/24 21:57:51.790, 10343
2026/09/24 21:57:52.290, 10343
2026/09/24 21:57:52.790, 10343
2026/09/24 21:57:53.290, 10343
2026/09/24 21:57:53.790, 10343
2026/09/24 21:57:54.290, 10343
2026/09/24 21:57:54.791, 10343
2026/09/24 21:57:55.291, 10343
2026/09/24 21:57:55.791, 10343
2026/09/24 21:57:56.292, 10343
2026/09/24 21:57:56.792, 10343
2026/09/24 21:57:57.292, 10343
2026/09/24 21:57:57.792, 10343
2026/09/24 21:57:58.292, 10343
2026/09/24 21:57:58.792, 10343
2026/09/24 21:57:59.293, 10343
2026/09/24 21:57:59.793, 10343
2026/09/24 21:58:00.293, 10343
2026/09/24 21:58:00.793, 10343
2026/09/24 21:58:01.293, 10343
2026/09/24 21:58:01.793, 10343
2026/09/24 21:58:02.293, 10343
2026/09/24 21:58:02.794, 10343
2026/09/24 21:58:03.294, 10343
2026/09/24 21:58:03.794, 10343
2026/09/24 21:58:04.294, 10343
2026/09/24 21:58:04.794, 10343
2026/09/24 21:58:05.294, 10343
2026/09/24 21:58:05.794, 10343
2026/09/24 21:58:06.295, 10343
2026/09/24 21:58:06.795, 10343
2026/09/24 21:58:07.295, 10343
2026/09/24 21:58:07.795, 10343
2026/09/24 21:58:08.295, 10343
2026/09/24 21:58:08.795, 10343
2026/09/24 21:58:09.295, 10343
2026/09/24 21:58:09.796, 10343
2026/09/24 21:58:10.296, 10343
2026/09/24 21:58:10.796, 10343
2026/09/24 21:58:11.296, 10343
2026/09/24 21:58:11.796, 10343
2026/09/24 21:58:12.296, 10343
2026/09/24 21:58:12.797, 10343
2026/09/24 21:58:13.297, 10343
2026/09/24 21:58:13.797, 10343
2026/09/24 21:58:14.297, 10343
2026/09/24 21:58:14.797, 10343
2026/09/24 21:58:15.297, 10343
2026/09/24 21:58:15.797, 10343
2026/09/24 21:58:16.298, 10343
2026/09/24 21:58:16.798, 10343
2026/09/24 21:58:17.298, 10343
2026/09/24 21:58:17.798, 10343
2026/09/24 21:58:18.298, 10343
2026/09/24 21:58:18.798, 10343
2026/09/24 21:58:19.298, 10343
2026/09/24 21:58:19.799, 10343
2026/09/24 21:58:20.299, 10343
2026/09/24 21:58:20.799, 10343
2026/09/24 21:58:21.299, 10343
2026/09/24 21:58:21.799, 10343
2026/09/24 21:58:22.299, 10343
2026/09/24 21:58:22.799, 10343
2026/09/24 21:58:23.300, 10343
2026/09/24 21:58:23.800, 10343
2026/09/24 21:58:24.300, 10343
2026/09/24 21:58:24.800, 10343
2026/09/24 21:58:25.300, 10343
2026/09/24 21:58:25.800, 10343
2026/09/24 21:58:26.300, 10343
2026/09/24 21:58:26.801, 10343
2026/09/24 21:58:27.301, 10343
2026/09/24 21:58:27.801, 10343
2026/09/24 21:58:28.301, 10343
2026/09/24 21:58:28.801, 10343
2026/09/24 21:58:29.301, 10343
2026/09/24 21:58:29.801, 10343
2026/09/24 21:58:30.302, 10343
2026/09/24 21:58:30.802, 10343
2026/09/24 21:58:31.302, 10343
2026/09/24 21:58:31.802, 10343
2026/09/24 21:58:32.302, 10343
2026/09/24 21:58:32.802, 10343
2026/09/24 21:58:33.302, 10343
2026/09/24 21:58:33.803, 10343
2026/09/24 21:58:34.303, 10343
2026/09/24 21:58:34.803, 10343
2026/09/24 21:58:35.303, 10343
2026/09/24 21:58:35.803, 10343
2026/09/24 21:58:36.303, 10343
2026/09/24 21:58:36.803, 10343
2026/09/24 21:58:37.304, 10343
2026/09/24 21:58:37.804, 10343
2026/09/24 21:58:38.304, 10343
2026/09/24 21:58:38.804, 10343
2026/09/24 21:58:39.304, 10343
2026/09/24 21:58:39.804, 10343
2026/09/24 21:58:40.304, 10343
2026/09/24 21:58:40.805, 10343
2026/09/24 21:58:41.305, 10343
2026/09/24 21:58:41.805, 10343
2026/09/24 21:58:42.305, 10343
2026/09/24 21:58:42.805, 10343
2026/09/24 21:58:43.305, 10343
2026/09/24 21:58:43.805, 10343
2026/09/24 21:58:44.306, 10343
2026/09/24 21:58:44.806, 10343
2026/09/24 21:58:45.306, 10343
2026/09/24 21:58:45.806, 10343
2026/09/24 21:58:46.307, 10343
2026/09/24 21:58:46.807, 10343
2026/09/24 21:58:47.307, 10343
2026/09/24 21:58:47.807, 10343
2026/09/24 21:58:48.307, 10343
2026/09/24 21:58:48.808, 10343
2026/09/24 21:58:49.308, 10343
2026/09/24 21:58:49.808, 10343
2026/09/24 21:58:50.308, 10343
2026/09/24 21:58:50.808, 10343
2026/09/24 21:58:51.308, 10343
2026/09/24 21:58:51.809, 10343
2026/09/24 21:58:52.309, 10343
2026/09/24 21:58:52.809, 10343
2026/09/24 21:58:53.309, 10343
2026/09/24 21:58:53.809, 10343
2026/09/24 21:58:54.309, 10343
2026/09/24 21:58:54.809, 10343
2026/09/24 21:58:55.310, 10343
2026/09/24 21:58:55.810, 10343
2026/09/24 21:58:56.310, 10343
2026/09/24 21:58:56.810, 10343
2026/09/24 21:58:57.310, 10343
2026/09/24 21:58:57.810, 10343
2026/09/24 21:58:58.310, 10343
2026/09/24 21:58:58.811, 10343
2026/09/24 21:58:59.311, 10343
2026/09/24 21:58:59.811, 10343
2026/09/24 21:59:00.311, 10343
2026/09/24 21:59:00.812, 10343
2026/09/24 21:59:01.312, 10343
2026/09/24 21:59:01.812, 10343
2026/09/24 21:59:02.312, 10343
2026/09/24 21:59:02.812, 10343
2026/09/24 21:59:03.312, 10343
2026/09/24 21:59:03.812, 10343
2026/09/24 21:59:04.313, 10343
2026/09/24 21:59:04.813, 10343
2026/09/24 21:59:05.313, 10343
2026/09/24 21:59:05.813, 10343
2026/09/24 21:59:06.313, 10343
2026/09/24 21:59:06.813, 10343
2026/09/24 21:59:07.313, 10343
2026/09/24 21:59:07.814, 10343
2026/09/24 21:59:08.314, 10343
2026/09/24 21:59:08.814, 10343
2026/09/24 21:59:09.314, 10343
2026/09/24 21:59:09.814, 10343
2026/09/24 21:59:10.314, 10343
2026/09/24 21:59:10.815, 10343
2026/09/24 21:59:11.315, 10343
2026/09/24 21:59:11.815, 10343
2026/09/24 21:59:12.315, 10343
2026/09/24 21:59:12.815, 10343
2026/09/24 21:59:13.315, 10343
2026/09/24 21:59:13.815, 10343
2026/09/24 21:59:14.316, 10343
2026/09/24 21:59:14.816, 10343
2026/09/24 21:59:15.316, 10343
2026/09/24 21:59:15.816, 10343
2026/09/24 21:59:16.316, 10343
2026/09/24 21:59:16.816, 10343
2026/09/24 21:59:17.317, 10343
2026/09/24 21:59:17.817, 10343
2026/09/24 21:59:18.317, 10343
2026/09/24 21:59:18.817, 10343
2026/09/24 21:59:19.317, 10343
2026/09/24 21:59:19.817, 10343
2026/09/24 21:59:20.317, 10343
2026/09/24 21:59:20.818, 10343
2026/09/24 21:59:21.318, 10343
2026/09/24 21:59:21.818, 10343
2026/09/24 21:59:22.318, 10343
2026/09/24 21:59:22.818, 10343
2026/09/24 21:59:23.318, 10343
2026/09/24 21:59:23.818, 10343
2026/09/24 21:59:24.319, 10343
2026/09/24 21:59:24.819, 10343
2026/09/24 21:59:25.319, 10343
2026/09/24 21:59:25.819, 10343
2026/09/24 21:59:26.319, 10343
2026/09/24 21:59:26.819, 10343
2026/09/24 21:59:27.319, 10343
2026/09/24 21:59:27.820, 10343
2026/09/24 21:59:28.320, 10343
2026/09/24 21:59:28.820, 10343
2026/09/24 21:59:29.320, 10343
2026/09/24 21:59:29.820, 10343
2026/09/24 21:59:30.320, 10343
2026/09/24 21:59:30.820, 10343
2026/09/24 21:59:31.321, 10343
2026/09/24 21:59:31.821, 10343
2026/09/24 21:59:32.321, 10343
2026/09/24 21:59:32.821, 10343
2026/09/24 21:59:33.321, 10343
2026/09/24 21:59:33.821, 10343
2026/09/24 21:59:34.321, 10343
2026/09/24 21:59:34.822, 10343
2026/09/24 21:59:35.322, 10343
2026/09/24 21:59:35.822, 10343
2026/09/24 21:59:36.322, 10343
2026/09/24 21:59:36.822, 10343
2026/09/24 21:59:37.322, 10343
2026/09/24 21:59:37.822, 10343
2026/09/24 21:59:38.323, 10343
2026/09/24 21:59:38.823, 10343
2026/09/24 21:59:39.323, 10343
2026/09/24 21:59:39.823, 10343
2026/09/24 21:59:40.323, 10343
2026/09/24 21:59:40.823, 10343
2026/09/24 21:59:41.323, 10343
2026/09/24 21:59:41.824, 10343
2026/09/24 21:59:42.324, 10343
2026/09/24 21:59:42.824, 10343
2026/09/24 21:59:43.324, 10343
2026/09/24 21:59:43.824, 10343
2026/09/24 21:59:44.324, 10343
2026/09/24 21:59:44.824, 10343
2026/09/24 21:59:45.325, 10343
2026/09/24 21:59:45.825, 10343
2026/09/24 21:59:46.325, 10343
2026/09/24 21:59:46.825, 10343
2026/09/24 21:59:47.325, 10343
2026/09/24 21:59:47.825, 10343
2026/09/24 21:59:48.326, 10343
2026/09/24 21:59:48.826, 10343
2026/09/24 21:59:49.326, 10343
2026/09/24 21:59:49.826, 10343
2026/09/24 21:59:50.326, 10343
2026/09/24 21:59:50.827, 10343
2026/09/24 21:59:51.327, 10343
2026/09/24 21:59:51.827, 10343
2026/09/24 21:59:52.327, 10343
2026/09/24 21:59:52.827, 10343
2026/09/24 21:59:53.327, 10343
2026/09/24 21:59:53.827, 10343
2026/09/24 21:59:54.328, 10343
2026/09/24 21:59:54.828, 10343
2026/09/24 21:59:55.328, 10343
2026/09/24 21:59:55.828, 10343
2026/09/24 21:59:56.328, 10343
2026/09/24 21:59:56.828, 10343
2026/09/24 21:59:57.328, 10343
2026/09/24 21:59:57.829, 10343
2026/09/24 21:59:58.329, 10343
2026/09/24 21:59:58.829, 10343
2026/09/24 21:59:59.329, 10343
2026/09/24 21:59:59.829, 10343
2026/09/24 22:00:00.329, 10343
2026/09/24 22:00:00.830, 10343
2026/09/24 22:00:01.330, 10343
2026/09/24 22:00:01.830, 10343
2026/09/24 22:00:02.330, 10343
2026/09/24 22:00:02.830, 10343
2026/09/24 22:00:03.330, 10343
2026/09/24 22:00:03.830, 10343
2026/09/24 22:00:04.331, 10343
2026/09/24 22:00:04.831, 10343
2026/09/24 22:00:05.331, 10343
2026/09/24 22:00:05.831, 10343
2026/09/24 22:00:06.331, 10343
2026/09/24 22:00:06.831, 10343
2026/09/24 22:00:07.331, 10343
2026/09/24 22:00:07.832, 10343
2026/09/24 22:00:08.332, 10343
2026/09/24 22:00:08.832, 10343
2026/09/24 22:00:09.332, 10343
2026/09/24 22:00:09.832, 10343
2026/09/24 22:00:10.332, 10343
2026/09/24 22:00:10.832, 10343
2026/09/24 22:00:11.333, 10343
2026/09/24 22:00:11.833, 10343
2026/09/24 22:00:12.333, 10343
2026/09/24 22:00:12.833, 10343
2026/09/24 22:00:13.333, 10343
2026/09/24 22:00:13.833, 10343
2026/09/24 22:00:14.333, 10343
2026/09/24 22:00:14.834, 10343
2026/09/24 22:00:15.334, 10343
2026/09/24 22:00:15.834, 10343
2026/09/24 22:00:16.334, 10343
2026/09/24 22:00:16.834, 10343
2026/09/24 22:00:17.334, 10343
2026/09/24 22:00:17.834, 10343
2026/09/24 22:00:18.335, 10343
2026/09/24 22:00:18.835, 10343
2026/09/24 22:00:19.335, 10343
2026/09/24 22:00:19.835, 10343
2026/09/24 22:00:20.335, 10343
2026/09/24 22:00:20.835, 10343
2026/09/24 22:00:21.336, 10343
2026/09/24 22:00:21.836, 10343
2026/09/24 22:00:22.336, 10343
2026/09/24 22:00:22.836, 10343
2026/09/24 22:00:23.336, 10343
2026/09/24 22:00:23.836, 10343
2026/09/24 22:00:24.337, 10343
2026/09/24 22:00:24.837, 10343
2026/09/24 22:00:25.337, 10343
2026/09/24 22:00:25.837, 10343
2026/09/24 22:00:26.337, 10343
2026/09/24 22:00:26.837, 10343
2026/09/24 22:00:27.337, 10343
2026/09/24 22:00:27.838, 10343
2026/09/24 22:00:28.338, 10343
2026/09/24 22:00:28.838, 10343
2026/09/24 22:00:29.338, 10343
2026/09/24 22:00:29.838, 10343
2026/09/24 22:00:30.338, 10343
2026/09/24 22:00:30.838, 10343
2026/09/24 22:00:31.339, 10343
2026/09/24 22:00:31.839, 10343
2026/09/24 22:00:32.339, 10343
2026/09/24 22:00:32.839, 10343
2026/09/24 22:00:33.339, 10343
2026/09/24 22:00:33.839, 10343
2026/09/24 22:00:34.339, 10343
2026/09/24 22:00:34.840, 10343
2026/09/24 22:00:35.340, 10343
2026/09/24 22:00:35.840, 10343
2026/09/24 22:00:36.340, 10343
2026/09/24 22:00:36.840, 10343
2026/09/24 22:00:37.340, 10343
2026/09/24 22:00:37.841, 10343
2026/09/24 22:00:38.341, 10343
2026/09/24 22:00:38.841, 10343
2026/09/24 22:00:39.341, 10343
2026/09/24 22:00:39.841, 10343
2026/09/24 22:00:40.341, 10343
2026/09/24 22:00:40.842, 10343
2026/09/24 22:00:41.342, 10343
2026/09/24 22:00:41.842, 10343
2026/09/24 22:00:42.342, 10343
2026/09/24 22:00:42.842, 10343
2026/09/24 22:00:43.342, 10343
2026/09/24 22:00:43.843, 10343
2026/09/24 22:00:44.343, 10343
2026/09/24 22:00:44.843, 10343
2026/09/24 22:00:45.343, 10343
2026/09/24 22:00:45.843, 10343
2026/09/24 22:00:46.343, 10343
2026/09/24 22:00:46.843, 10343
2026/09/24 22:00:47.344, 10343
2026/09/24 22:00:47.844, 10343
2026/09/24 22:00:48.344, 10343
2026/09/24 22:00:48.844, 10343
2026/09/24 22:00:49.344, 10343
2026/09/24 22:00:49.845, 10343
2026/09/24 22:00:50.345, 10343
2026/09/24 22:00:50.845, 10343
2026/09/24 22:00:51.345, 10343
2026/09/24 22:00:51.845, 10343
2026/09/24 22:00:52.345, 10343
2026/09/24 22:00:52.846, 10343
2026/09/24 22:00:53.346, 10343
2026/09/24 22:00:53.846, 10343
2026/09/24 22:00:54.346, 10343
2026/09/24 22:00:54.846, 10343
2026/09/24 22:00:55.346, 10343
2026/09/24 22:00:55.846, 10343
2026/09/24 22:00:56.347, 10343
2026/09/24 22:00:56.847, 10343
2026/09/24 22:00:57.347, 10343
2026/09/24 22:00:57.847, 10343
2026/09/24 22:00:58.347, 10343
2026/09/24 22:00:58.847, 10343
2026/09/24 22:00:59.348, 10343
2026/09/24 22:00:59.848, 10343
2026/09/24 22:01:00.348, 10343
2026/09/24 22:01:00.848, 10343
2026/09/24 22:01:01.348, 10343
2026/09/24 22:01:01.848, 10343
2026/09/24 22:01:02.348, 10343
2026/09/24 22:01:02.849, 10343
2026/09/24 22:01:03.349, 10343
2026/09/24 22:01:03.849, 10343
2026/09/24 22:01:04.349, 10343
2026/09/24 22:01:04.849, 10343
2026/09/24 22:01:05.349, 10343
2026/09/24 22:01:05.850, 10343
2026/09/24 22:01:06.350, 10343
2026/09/24 22:01:06.850, 10343
2026/09/24 22:01:07.350, 10343
2026/09/24 22:01:07.850, 10343
2026/09/24 22:01:08.350, 10343
2026/09/24 22:01:08.850, 10343
2026/09/24 22:01:09.351, 10343
2026/09/24 22:01:09.851, 10343
2026/09/24 22:01:10.351, 10343
2026/09/24 22:01:10.851, 10343
2026/09/24 22:01:11.351, 10343
2026/09/24 22:01:11.851, 10343
2026/09/24 22:01:12.352, 10343
2026/09/24 22:01:12.852, 10343
2026/09/24 22:01:13.352, 10343
2026/09/24 22:01:13.852, 10343
2026/09/24 22:01:14.353, 10343
2026/09/24 22:01:14.853, 10343
2026/09/24 22:01:15.353, 10343
2026/09/24 22:01:15.853, 10343
2026/09/24 22:01:16.354, 10343
2026/09/24 22:01:16.854, 10343
2026/09/24 22:01:17.354, 10343
2026/09/24 22:01:17.854, 10343
2026/09/24 22:01:18.354, 10343
2026/09/24 22:01:18.855, 10343
2026/09/24 22:01:19.355, 10343
2026/09/24 22:01:19.855, 10343
2026/09/24 22:01:20.355, 10343
2026/09/24 22:01:20.855, 10343
2026/09/24 22:01:21.356, 10343
2026/09/24 22:01:21.856, 10343
2026/09/24 22:01:22.356, 10343
2026/09/24 22:01:22.856, 10343
2026/09/24 22:01:23.356, 10343
2026/09/24 22:01:23.856, 10343
2026/09/24 22:01:24.357, 10343
2026/09/24 22:01:24.857, 10343
2026/09/24 22:01:25.357, 10343
2026/09/24 22:01:25.857, 10343
2026/09/24 22:01:26.357, 10343
2026/09/24 22:01:26.857, 10343
2026/09/24 22:01:27.357, 10343
2026/09/24 22:01:27.858, 10343
2026/09/24 22:01:28.358, 10343
2026/09/24 22:01:28.858, 10343
2026/09/24 22:01:29.358, 10343
2026/09/24 22:01:29.858, 10343
2026/09/24 22:01:30.358, 10343
2026/09/24 22:01:30.858, 10343
2026/09/24 22:01:31.359, 10343
2026/09/24 22:01:31.859, 10343
2026/09/24 22:01:32.359, 10343
2026/09/24 22:01:32.859, 10343
2026/09/24 22:01:33.359, 10343
2026/09/24 22:01:33.859, 10343
2026/09/24 22:01:34.360, 10343
2026/09/24 22:01:34.860, 10343
2026/09/24 22:01:35.360, 10343
2026/09/24 22:01:35.860, 10343
2026/09/24 22:01:36.360, 10343
2026/09/24 22:01:36.861, 10343
2026/09/24 22:01:37.361, 10343
2026/09/24 22:01:37.861, 10343
2026/09/24 22:01:38.361, 10343
2026/09/24 22:01:38.861, 10343
2026/09/24 22:01:39.361, 10343
2026/09/24 22:01:39.861, 10343
2026/09/24 22:01:40.362, 10343
2026/09/24 22:01:40.862, 10343
2026/09/24 22:01:41.362, 10343
2026/09/24 22:01:41.862, 10343
2026/09/24 22:01:42.362, 10343
2026/09/24 22:01:42.862, 10343
2026/09/24 22:01:43.363, 10343
2026/09/24 22:01:43.863, 10343
2026/09/24 22:01:44.363, 10343
2026/09/24 22:01:44.863, 10343
2026/09/24 22:01:45.363, 10343
2026/09/24 22:01:45.863, 10343
2026/09/24 22:01:46.363, 10343
2026/09/24 22:01:46.864, 10343
2026/09/24 22:01:47.364, 10343
2026/09/24 22:01:47.864, 10343
2026/09/24 22:01:48.364, 10343
2026/09/24 22:01:48.864, 10343
2026/09/24 22:01:49.364, 10343
2026/09/24 22:01:49.865, 10343
2026/09/24 22:01:50.365, 10343
2026/09/24 22:01:50.865, 10343
2026/09/24 22:01:51.365, 10343
2026/09/24 22:01:51.865, 10343
2026/09/24 22:01:52.365, 10343
2026/09/24 22:01:52.865, 10343
2026/09/24 22:01:53.366, 10343
2026/09/24 22:01:53.866, 10343
2026/09/24 22:01:54.366, 10343
2026/09/24 22:01:54.866, 10343
2026/09/24 22:01:55.366, 10343
2026/09/24 22:01:55.866, 10343
2026/09/24 22:01:56.366, 10343
2026/09/24 22:01:56.867, 10343
2026/09/24 22:01:57.367, 10343
2026/09/24 22:01:57.867, 10343
2026/09/24 22:01:58.367, 10343
2026/09/24 22:01:58.867, 10343
2026/09/24 22:01:59.367, 10343
2026/09/24 22:01:59.868, 10343
2026/09/24 22:02:00.368, 10343
2026/09/24 22:02:00.868, 10343
2026/09/24 22:02:01.368, 10343
2026/09/24 22:02:01.868, 10343
2026/09/24 22:02:02.368, 10343
2026/09/24 22:02:02.868, 10343
2026/09/24 22:02:03.369, 10343
2026/09/24 22:02:03.869, 10343
2026/09/24 22:02:04.369, 10343
2026/09/24 22:02:04.869, 10343
2026/09/24 22:02:05.369, 10343
2026/09/24 22:02:05.869, 10343
2026/09/24 22:02:06.370, 10343
2026/09/24 22:02:06.870, 10343
2026/09/24 22:02:07.370, 10343
2026/09/24 22:02:07.870, 10343
2026/09/24 22:02:08.370, 10343
2026/09/24 22:02:08.870, 10343
2026/09/24 22:02:09.371, 10343
2026/09/24 22:02:09.871, 10343
2026/09/24 22:02:10.371, 10343
2026/09/24 22:02:10.871, 10343
2026/09/24 22:02:11.371, 10343
2026/09/24 22:02:11.871, 10343
2026/09/24 22:02:12.371, 10343
2026/09/24 22:02:12.872, 10343
2026/09/24 22:02:13.372, 10343
2026/09/24 22:02:13.872, 10343
2026/09/24 22:02:14.372, 10343
2026/09/24 22:02:14.872, 10343
2026/09/24 22:02:15.372, 10343
2026/09/24 22:02:15.873, 10343
2026/09/24 22:02:16.373, 10343
2026/09/24 22:02:16.873, 10343
2026/09/24 22:02:17.373, 10343
2026/09/24 22:02:17.873, 10343
2026/09/24 22:02:18.373, 10343
2026/09/24 22:02:18.874, 10343
2026/09/24 22:02:19.374, 10343
2026/09/24 22:02:19.874, 10343
2026/09/24 22:02:20.374, 10343
2026/09/24 22:02:20.874, 10343
2026/09/24 22:02:21.374, 10343
2026/09/24 22:02:21.874, 10343
2026/09/24 22:02:22.375, 10343
2026/09/24 22:02:22.875, 10343
2026/09/24 22:02:23.375, 10343
2026/09/24 22:02:23.875, 10343
2026/09/24 22:02:24.375, 10343
2026/09/24 22:02:24.875, 10343
2026/09/24 22:02:25.376, 10343
2026/09/24 22:02:25.876, 10343
2026/09/24 22:02:26.376, 10343
2026/09/24 22:02:26.876, 10343
2026/09/24 22:02:27.376, 10343
2026/09/24 22:02:27.876, 10343
2026/09/24 22:02:28.377, 10343
2026/09/24 22:02:28.877, 10343
2026/09/24 22:02:29.377, 10343
2026/09/24 22:02:29.877, 10343
2026/09/24 22:02:30.377, 10343
2026/09/24 22:02:30.877, 10343
2026/09/24 22:02:31.378, 10343
2026/09/24 22:02:31.878, 10343
2026/09/24 22:02:32.378, 10343
2026/09/24 22:02:32.878, 10343
2026/09/24 22:02:33.378, 10343
2026/09/24 22:02:33.878, 10343
2026/09/24 22:02:34.378, 10343
2026/09/24 22:02:34.879, 10343
2026/09/24 22:02:35.379, 10343
2026/09/24 22:02:35.879, 10343
2026/09/24 22:02:36.379, 10343
2026/09/24 22:02:36.879, 10343
2026/09/24 22:02:37.379, 10343
2026/09/24 22:02:37.880, 10343
2026/09/24 22:02:38.380, 10343
2026/09/24 22:02:38.880, 10343
2026/09/24 22:02:39.380, 10343
2026/09/24 22:02:39.880, 10343
2026/09/24 22:02:40.380, 10343
2026/09/24 22:02:40.881, 10343
2026/09/24 22:02:41.381, 10343
2026/09/24 22:02:41.881, 10343
2026/09/24 22:02:42.381, 10343
2026/09/24 22:02:42.881, 10343
2026/09/24 22:02:43.381, 10343
2026/09/24 22:02:43.882, 10343
2026/09/24 22:02:44.382, 10343
2026/09/24 22:02:44.882, 10343
2026/09/24 22:02:45.382, 10343
2026/09/24 22:02:45.882, 10343
2026/09/24 22:02:46.382, 10343
2026/09/24 22:02:46.882, 10343
2026/09/24 22:02:47.383, 10343
2026/09/24 22:02:47.883, 10343
2026/09/24 22:02:48.383, 10343
2026/09/24 22:02:48.883, 10343
2026/09/24 22:02:49.384, 10343
2026/09/24 22:02:49.884, 10343
2026/09/24 22:02:50.384, 10343
2026/09/24 22:02:50.884, 10343
2026/09/24 22:02:51.384, 10343
2026/09/24 22:02:51.884, 10343
2026/09/24 22:02:52.385, 10343
2026/09/24 22:02:52.885, 10343
2026/09/24 22:02:53.385, 10343
2026/09/24 22:02:53.885, 10343
2026/09/24 22:02:54.385, 10343
2026/09/24 22:02:54.885, 10343
2026/09/24 22:02:55.385, 10343
2026/09/24 22:02:55.886, 10343
2026/09/24 22:02:56.386, 10343
2026/09/24 22:02:56.886, 10343
2026/09/24 22:02:57.386, 10343
2026/09/24 22:02:57.886, 10343
2026/09/24 22:02:58.386, 10343
2026/09/24 22:02:58.886, 10343
2026/09/24 22:02:59.387, 10343
2026/09/24 22:02:59.887, 10343
2026/09/24 22:03:00.387, 10343
2026/09/24 22:03:00.887, 10343
2026/09/24 22:03:01.387, 10343
2026/09/24 22:03:01.887, 10343
2026/09/24 22:03:02.387, 10343
2026/09/24 22:03:02.887, 10343
2026/09/24 22:03:03.387, 10343
2026/09/24 22:03:03.888, 10343
2026/09/24 22:03:04.388, 10343
2026/09/24 22:03:04.888, 10343
2026/09/24 22:03:05.388, 10343
2026/09/24 22:03:05.888, 10343
2026/09/24 22:03:06.388, 10343
2026/09/24 22:03:06.888, 10343
2026/09/24 22:03:07.388, 10343
2026/09/24 22:03:07.889, 10343
2026/09/24 22:03:08.389, 10343
2026/09/24 22:03:08.889, 10343
2026/09/24 22:03:09.389, 10343
2026/09/24 22:03:09.889, 10343
2026/09/24 22:03:10.389, 10343
2026/09/24 22:03:10.889, 10343
2026/09/24 22:03:11.389, 10343
2026/09/24 22:03:11.890, 10343
2026/09/24 22:03:12.390, 10343
2026/09/24 22:03:12.890, 10343
2026/09/24 22:03:13.390, 10343
2026/09/24 22:03:13.890, 10343
2026/09/24 22:03:14.390, 10343
2026/09/24 22:03:14.890, 10343
2026/09/24 22:03:15.391, 10343
2026/09/24 22:03:15.891, 10343
2026/09/24 22:03:16.391, 10343
2026/09/24 22:03:16.891, 10343
2026/09/24 22:03:17.391, 10343
2026/09/24 22:03:17.891, 10343
2026/09/24 22:03:18.391, 10343
2026/09/24 22:03:18.891, 10343
2026/09/24 22:03:19.391, 10343
2026/09/24 22:03:19.892, 10343
2026/09/24 22:03:20.392, 10343
2026/09/24 22:03:20.892, 10343
2026/09/24 22:03:21.392, 10343
2026/09/24 22:03:21.892, 10343
2026/09/24 22:03:22.392, 10343
2026/09/24 22:03:22.892, 10343
2026/09/24 22:03:23.392, 10343
2026/09/24 22:03:23.893, 10343
2026/09/24 22:03:24.393, 10343
2026/09/24 22:03:24.893, 10343
2026/09/24 22:03:25.393, 10343
2026/09/24 22:03:25.893, 10343
2026/09/24 22:03:26.393, 10343
2026/09/24 22:03:26.894, 10343
2026/09/24 22:03:27.394, 10343
2026/09/24 22:03:27.894, 10343
2026/09/24 22:03:28.394, 10343
2026/09/24 22:03:28.894, 10343
2026/09/24 22:03:29.394, 10343
2026/09/24 22:03:29.894, 10343
2026/09/24 22:03:30.395, 10343
2026/09/24 22:03:30.895, 10343
2026/09/24 22:03:31.395, 10343
2026/09/24 22:03:31.895, 10343
2026/09/24 22:03:32.395, 10343
2026/09/24 22:03:32.895, 10343
2026/09/24 22:03:33.395, 10343
2026/09/24 22:03:33.896, 10343
2026/09/24 22:03:34.396, 10343
2026/09/24 22:03:34.896, 10343
2026/09/24 22:03:35.396, 10343
2026/09/24 22:03:35.896, 10343
2026/09/24 22:03:36.396, 10343
2026/09/24 22:03:36.896, 10343
2026/09/24 22:03:37.397, 10343
2026/09/24 22:03:37.897, 10343
2026/09/24 22:03:38.397, 10343
2026/09/24 22:03:38.897, 10343
2026/09/24 22:03:39.397, 10343
2026/09/24 22:03:39.897, 10343
2026/09/24 22:03:40.397, 10343
2026/09/24 22:03:40.898, 10343
2026/09/24 22:03:41.398, 10343
2026/09/24 22:03:41.898, 10343
2026/09/24 22:03:42.398, 10343
2026/09/24 22:03:42.898, 10343
2026/09/24 22:03:43.398, 10343
2026/09/24 22:03:43.898, 10343
2026/09/24 22:03:44.398, 10343
2026/09/24 22:03:44.899, 10343
2026/09/24 22:03:45.399, 10343
2026/09/24 22:03:45.899, 10343
2026/09/24 22:03:46.399, 10343
2026/09/24 22:03:46.899, 10343
2026/09/24 22:03:47.399, 10343
2026/09/24 22:03:47.899, 10343
2026/09/24 22:03:48.400, 10343
2026/09/24 22:03:48.900, 10343
2026/09/24 22:03:49.400, 10343
2026/09/24 22:03:49.900, 10343
2026/09/24 22:03:50.400, 10343
2026/09/24 22:03:50.900, 10343
2026/09/24 22:03:51.401, 10343
2026/09/24 22:03:51.901, 10343
2026/09/24 22:03:52.401, 10343
2026/09/24 22:03:52.901, 10343
2026/09/24 22:03:53.401, 10343
2026/09/24 22:03:53.901, 10343
2026/09/24 22:03:54.402, 10343
2026/09/24 22:03:54.902, 10343
2026/09/24 22:03:55.402, 10343
2026/09/24 22:03:55.902, 10343
2026/09/24 22:03:56.402, 10343
2026/09/24 22:03:56.902, 10343
2026/09/24 22:03:57.402, 10343
2026/09/24 22:03:57.902, 10343
2026/09/24 22:03:58.403, 10343
2026/09/24 22:03:58.903, 10343
2026/09/24 22:03:59.403, 10343
2026/09/24 22:03:59.903, 10343
2026/09/24 22:04:00.403, 10343
2026/09/24 22:04:00.903, 10343
2026/09/24 22:04:01.404, 10343
2026/09/24 22:04:01.904, 10343
2026/09/24 22:04:02.404, 10343
2026/09/24 22:04:02.904, 10343
2026/09/24 22:04:03.404, 10343
2026/09/24 22:04:03.904, 10343
2026/09/24 22:04:04.405, 10343
2026/09/24 22:04:04.905, 10343
2026/09/24 22:04:05.405, 10343
2026/09/24 22:04:05.905, 10343
2026/09/24 22:04:06.405, 10343
2026/09/24 22:04:06.905, 10343
2026/09/24 22:04:07.405, 10343
2026/09/24 22:04:07.905, 10343
2026/09/24 22:04:08.406, 10343
2026/09/24 22:04:08.906, 10343
2026/09/24 22:04:09.406, 10343
2026/09/24 22:04:09.906, 10343
2026/09/24 22:04:10.406, 10343
2026/09/24 22:04:10.906, 10343
2026/09/24 22:04:11.407, 10343
2026/09/24 22:04:11.907, 10343
2026/09/24 22:04:12.407, 10343
2026/09/24 22:04:12.907, 10343
2026/09/24 22:04:13.407, 10343
2026/09/24 22:04:13.907, 10343
2026/09/24 22:04:14.408, 10343
2026/09/24 22:04:14.908, 10343
2026/09/24 22:04:15.408, 10343
2026/09/24 22:04:15.908, 10343
2026/09/24 22:04:16.408, 10343
2026/09/24 22:04:16.908, 10343
2026/09/24 22:04:17.408, 10343
2026/09/24 22:04:17.909, 10343
2026/09/24 22:04:18.409, 10343
2026/09/24 22:04:18.909, 10343
2026/09/24 22:04:19.409, 10343
2026/09/24 22:04:19.909, 10343
2026/09/24 22:04:20.409, 10343
2026/09/24 22:04:20.910, 10343
2026/09/24 22:04:21.410, 10343
2026/09/24 22:04:21.910, 10343
2026/09/24 22:04:22.410, 10343
2026/09/24 22:04:22.910, 10343
2026/09/24 22:04:23.410, 10343
2026/09/24 22:04:23.910, 10343
2026/09/24 22:04:24.411, 10343
2026/09/24 22:04:24.911, 10343
2026/09/24 22:04:25.411, 10343
2026/09/24 22:04:25.911, 10343
2026/09/24 22:04:26.411, 10343
2026/09/24 22:04:26.911, 10343
2026/09/24 22:04:27.412, 10343
2026/09/24 22:04:27.912, 10343
2026/09/24 22:04:28.412, 10343
2026/09/24 22:04:28.912, 10343
2026/09/24 22:04:29.412, 10343
2026/09/24 22:04:29.913, 10343
2026/09/24 22:04:30.413, 10343
2026/09/24 22:04:30.913, 10343
2026/09/24 22:04:31.413, 10343
2026/09/24 22:04:31.913, 10343
2026/09/24 22:04:32.413, 10343
2026/09/24 22:04:32.913, 10343
2026/09/24 22:04:33.414, 10343
2026/09/24 22:04:33.914, 10343
2026/09/24 22:04:34.414, 10343
2026/09/24 22:04:34.914, 10343
2026/09/24 22:04:35.414, 10343
2026/09/24 22:04:35.914, 10343
2026/09/24 22:04:36.414, 10343
2026/09/24 22:04:36.914, 10343
2026/09/24 22:04:37.415, 10343
2026/09/24 22:04:37.915, 10343
2026/09/24 22:04:38.415, 10343
2026/09/24 22:04:38.915, 10343
2026/09/24 22:04:39.415, 10343
2026/09/24 22:04:39.915, 10343
2026/09/24 22:04:40.416, 10343
2026/09/24 22:04:40.916, 10343
2026/09/24 22:04:41.416, 10343
2026/09/24 22:04:41.916, 10343
2026/09/24 22:04:42.416, 10343
2026/09/24 22:04:42.916, 10343
2026/09/24 22:04:43.417, 10343
2026/09/24 22:04:43.917, 10343
2026/09/24 22:04:44.417, 10343
2026/09/24 22:04:44.917, 10343
2026/09/24 22:04:45.417, 10343
2026/09/24 22:04:45.917, 10343
2026/09/24 22:04:46.417, 10343
2026/09/24 22:04:46.917, 10343
2026/09/24 22:04:47.418, 10343
2026/09/24 22:04:47.918, 10343
2026/09/24 22:04:48.418, 10343
2026/09/24 22:04:48.918, 10343
2026/09/24 22:04:49.418, 10343
2026/09/24 22:04:49.918, 10343
2026/09/24 22:04:50.418, 10343
2026/09/24 22:04:50.919, 10343
2026/09/24 22:04:51.419, 10343
2026/09/24 22:04:51.919, 10343
2026/09/24 22:04:52.419, 10343
2026/09/24 22:04:52.919, 10343
2026/09/24 22:04:53.419, 10343
2026/09/24 22:04:53.919, 10343
2026/09/24 22:04:54.419, 10343
2026/09/24 22:04:54.920, 10343
2026/09/24 22:04:55.420, 10343
2026/09/24 22:04:55.920, 10343
2026/09/24 22:04:56.420, 10343
2026/09/24 22:04:56.920, 10343
2026/09/24 22:04:57.420, 10343
2026/09/24 22:04:57.920, 10343
2026/09/24 22:04:58.420, 10343
2026/09/24 22:04:58.921, 10343
2026/09/24 22:04:59.421, 10343
2026/09/24 22:04:59.921, 10343
2026/09/24 22:05:00.421, 10343
2026/09/24 22:05:00.921, 10343
2026/09/24 22:05:01.421, 10343
2026/09/24 22:05:01.921, 10343
2026/09/24 22:05:02.421, 10343
2026/09/24 22:05:02.922, 10343
2026/09/24 22:05:03.422, 10343
2026/09/24 22:05:03.922, 10343
2026/09/24 22:05:04.422, 10343
2026/09/24 22:05:04.922, 10343
2026/09/24 22:05:05.422, 10343
2026/09/24 22:05:05.923, 10343
2026/09/24 22:05:06.423, 10343
2026/09/24 22:05:06.923, 10343
2026/09/24 22:05:07.423, 10343
2026/09/24 22:05:07.923, 10343
2026/09/24 22:05:08.423, 10343
2026/09/24 22:05:08.923, 10343
2026/09/24 22:05:09.423, 10343
2026/09/24 22:05:09.924, 10343
2026/09/24 22:05:10.424, 10343
2026/09/24 22:05:10.924, 10343
2026/09/24 22:05:11.424, 10343
2026/09/24 22:05:11.924, 10343
2026/09/24 22:05:12.424, 10343
2026/09/24 22:05:12.924, 10343
2026/09/24 22:05:13.424, 10343
2026/09/24 22:05:13.925, 10343
2026/09/24 22:05:14.425, 10343
2026/09/24 22:05:14.925, 10343
2026/09/24 22:05:15.425, 10343
2026/09/24 22:05:15.925, 10343
2026/09/24 22:05:16.425, 10343
2026/09/24 22:05:16.925, 10343
2026/09/24 22:05:17.425, 10343
2026/09/24 22:05:17.926, 10343
2026/09/24 22:05:18.426, 10343
2026/09/24 22:05:18.926, 10343
2026/09/24 22:05:19.426, 10343
2026/09/24 22:05:19.926, 10343
2026/09/24 22:05:20.426, 10343
2026/09/24 22:05:20.926, 10343
2026/09/24 22:05:21.426, 10343
2026/09/24 22:05:21.926, 10343
2026/09/24 22:05:22.427, 10343
2026/09/24 22:05:22.927, 10343
2026/09/24 22:05:23.427, 10343
2026/09/24 22:05:23.927, 10343
2026/09/24 22:05:24.427, 10343
2026/09/24 22:05:24.927, 10343
2026/09/24 22:05:25.427, 10343
2026/09/24 22:05:25.927, 10343
2026/09/24 22:05:26.428, 10343
2026/09/24 22:05:26.928, 10343
2026/09/24 22:05:27.428, 10343
2026/09/24 22:05:27.928, 10343
2026/09/24 22:05:28.428, 10343
2026/09/24 22:05:28.928, 10343
2026/09/24 22:05:29.428, 10343
2026/09/24 22:05:29.928, 10343
2026/09/24 22:05:30.429, 10343
2026/09/24 22:05:30.929, 10343
2026/09/24 22:05:31.429, 10343
2026/09/24 22:05:31.929, 10343
2026/09/24 22:05:32.429, 10343
2026/09/24 22:05:32.929, 10343
2026/09/24 22:05:33.429, 10343
2026/09/24 22:05:33.929, 10343
2026/09/24 22:05:34.430, 10343
2026/09/24 22:05:34.930, 10343
2026/09/24 22:05:35.430, 10343
2026/09/24 22:05:35.930, 10343
2026/09/24 22:05:36.430, 10343
2026/09/24 22:05:36.930, 10343
2026/09/24 22:05:37.430, 10343
2026/09/24 22:05:37.930, 10343
2026/09/24 22:05:38.430, 10343
2026/09/24 22:05:38.931, 10343
2026/09/24 22:05:39.431, 10343
2026/09/24 22:05:39.931, 10343
2026/09/24 22:05:40.431, 10343
2026/09/24 22:05:40.931, 10343
2026/09/24 22:05:41.431, 10343
2026/09/24 22:05:41.931, 10343
2026/09/24 22:05:42.431, 10343
2026/09/24 22:05:42.932, 10343
2026/09/24 22:05:43.432, 10343
2026/09/24 22:05:43.932, 10343
2026/09/24 22:05:44.432, 10343
2026/09/24 22:05:44.932, 10343
2026/09/24 22:05:45.432, 10343
2026/09/24 22:05:45.932, 10343
2026/09/24 22:05:46.433, 10343
2026/09/24 22:05:46.933, 10343
2026/09/24 22:05:47.433, 10343
2026/09/24 22:05:47.933, 10343
2026/09/24 22:05:48.433, 10343
2026/09/24 22:05:48.933, 10343
2026/09/24 22:05:49.433, 10343
2026/09/24 22:05:49.933, 10343
2026/09/24 22:05:50.434, 10343
2026/09/24 22:05:50.934, 10343
2026/09/24 22:05:51.434, 10343
2026/09/24 22:05:51.934, 10343
2026/09/24 22:05:52.434, 10343
2026/09/24 22:05:52.934, 10343
2026/09/24 22:05:53.434, 10343
2026/09/24 22:05:53.934, 10343
2026/09/24 22:05:54.435, 10343
2026/09/24 22:05:54.935, 10343
2026/09/24 22:05:55.435, 10343
2026/09/24 22:05:55.935, 10343
2026/09/24 22:05:56.435, 10343
2026/09/24 22:05:56.935, 10343
2026/09/24 22:05:57.435, 10343
2026/09/24 22:05:57.935, 10343
2026/09/24 22:05:58.435, 10343
2026/09/24 22:05:58.936, 10343
2026/09/24 22:05:59.436, 10343
2026/09/24 22:05:59.936, 10343
2026/09/24 22:06:00.436, 10343
2026/09/24 22:06:00.936, 10343
2026/09/24 22:06:01.436, 10343
2026/09/24 22:06:01.936, 10343
2026/09/24 22:06:02.437, 10343
2026/09/24 22:06:02.937, 10343
2026/09/24 22:06:03.437, 10343
2026/09/24 22:06:03.937, 10343
2026/09/24 22:06:04.437, 10343
2026/09/24 22:06:04.937, 10343
2026/09/24 22:06:05.437, 10343
2026/09/24 22:06:05.937, 10343
2026/09/24 22:06:06.438, 10343
2026/09/24 22:06:06.938, 10343
2026/09/24 22:06:07.438, 10343
2026/09/24 22:06:07.938, 10343
2026/09/24 22:06:08.438, 10343
2026/09/24 22:06:08.938, 10343
2026/09/24 22:06:09.438, 10343
2026/09/24 22:06:09.939, 10343
2026/09/24 22:06:10.439, 10343
2026/09/24 22:06:10.939, 10343
2026/09/24 22:06:11.439, 10343
2026/09/24 22:06:11.939, 10343
2026/09/24 22:06:12.439, 10343
2026/09/24 22:06:12.939, 10343
2026/09/24 22:06:13.439, 10343
2026/09/24 22:06:13.940, 10343
2026/09/24 22:06:14.440, 10343
2026/09/24 22:06:14.940, 10343
2026/09/24 22:06:15.440, 10343
2026/09/24 22:06:15.940, 10343
2026/09/24 22:06:16.440, 10343
2026/09/24 22:06:16.940, 10343
2026/09/24 22:06:17.441, 10343
2026/09/24 22:06:17.941, 10343
2026/09/24 22:06:18.441, 10343
2026/09/24 22:06:18.941, 10343
2026/09/24 22:06:19.441, 10343
2026/09/24 22:06:19.941, 10343
2026/09/24 22:06:20.441, 10343
2026/09/24 22:06:20.941, 10343
2026/09/24 22:06:21.442, 10343
2026/09/24 22:06:21.942, 10343
2026/09/24 22:06:22.442, 10343
2026/09/24 22:06:22.942, 10343
2026/09/24 22:06:23.442, 10343
2026/09/24 22:06:23.942, 10343
2026/09/24 22:06:24.442, 10343
2026/09/24 22:06:24.943, 10343
2026/09/24 22:06:25.443, 10343
2026/09/24 22:06:25.943, 10343
2026/09/24 22:06:26.443, 10343
2026/09/24 22:06:26.943, 10343
2026/09/24 22:06:27.444, 10343
2026/09/24 22:06:27.944, 10343
2026/09/24 22:06:28.444, 10343
2026/09/24 22:06:28.944, 10343
2026/09/24 22:06:29.444, 10343
2026/09/24 22:06:29.944, 10343
2026/09/24 22:06:30.444, 10343
2026/09/24 22:06:30.945, 10343
2026/09/24 22:06:31.445, 10343
2026/09/24 22:06:31.945, 10343
2026/09/24 22:06:32.445, 10343
2026/09/24 22:06:32.945, 10343
2026/09/24 22:06:33.445, 10343
2026/09/24 22:06:33.945, 10343
2026/09/24 22:06:34.446, 10343
2026/09/24 22:06:34.946, 10343
2026/09/24 22:06:35.446, 10343
2026/09/24 22:06:35.946, 10343
2026/09/24 22:06:36.446, 10343
2026/09/24 22:06:36.946, 10343
2026/09/24 22:06:37.446, 10343
2026/09/24 22:06:37.947, 10343
2026/09/24 22:06:38.447, 10343
2026/09/24 22:06:38.947, 10343
2026/09/24 22:06:39.447, 10343
2026/09/24 22:06:39.947, 10343
2026/09/24 22:06:40.447, 10343
2026/09/24 22:06:40.947, 10343
2026/09/24 22:06:41.448, 10343
2026/09/24 22:06:41.948, 10343
2026/09/24 22:06:42.448, 10343
2026/09/24 22:06:42.948, 10343
2026/09/24 22:06:43.448, 10343
2026/09/24 22:06:43.949, 10343
2026/09/24 22:06:44.449, 10343
2026/09/24 22:06:44.949, 10343
2026/09/24 22:06:45.449, 10343
2026/09/24 22:06:45.949, 10343
2026/09/24 22:06:46.449, 10343
2026/09/24 22:06:46.950, 10343
2026/09/24 22:06:47.450, 10343
2026/09/24 22:06:47.950, 10343
2026/09/24 22:06:48.450, 10343
2026/09/24 22:06:48.950, 10343
2026/09/24 22:06:49.450, 10343
2026/09/24 22:06:49.950, 10343
2026/09/24 22:06:50.451, 10343
2026/09/24 22:06:50.951, 10343
2026/09/24 22:06:51.451, 10343
2026/09/24 22:06:51.951, 10343
2026/09/24 22:06:52.451, 10343
2026/09/24 22:06:52.951, 10343
2026/09/24 22:06:53.451, 10343
2026/09/24 22:06:53.952, 10343
2026/09/24 22:06:54.452, 10343
2026/09/24 22:06:54.952, 10343
2026/09/24 22:06:55.452, 10343
2026/09/24 22:06:55.952, 10343
2026/09/24 22:06:56.453, 10343
2026/09/24 22:06:56.953, 10343
2026/09/24 22:06:57.453, 10343
2026/09/24 22:06:57.953, 10343
2026/09/24 22:06:58.453, 10343
2026/09/24 22:06:58.953, 10343
2026/09/24 22:06:59.453, 10343
2026/09/24 22:06:59.954, 10343
2026/09/24 22:07:00.454, 10343
2026/09/24 22:07:00.954, 10343
2026/09/24 22:07:01.454, 10343
2026/09/24 22:07:01.954, 10343
2026/09/24 22:07:02.454, 10343
2026/09/24 22:07:02.954, 10343
2026/09/24 22:07:03.455, 10343
2026/09/24 22:07:03.955, 10343
2026/09/24 22:07:04.455, 10343
2026/09/24 22:07:04.955, 10343
2026/09/24 22:07:05.455, 10343
2026/09/24 22:07:05.955, 10343
2026/09/24 22:07:06.456, 10343
2026/09/24 22:07:06.956, 10343
2026/09/24 22:07:07.456, 10345
2026/09/24 22:07:07.956, 10345
2026/09/24 22:07:08.456, 10345
2026/09/24 22:07:08.957, 10345
2026/09/24 22:07:09.457, 10345
2026/09/24 22:07:09.957, 10345
2026/09/24 22:07:10.457, 10345
2026/09/24 22:07:10.957, 10345
2026/09/24 22:07:11.457, 10345
2026/09/24 22:07:11.957, 10345
2026/09/24 22:07:12.458, 10345
2026/09/24 22:07:12.958, 10345
2026/09/24 22:07:13.458, 10345
2026/09/24 22:07:13.958, 10345
2026/09/24 22:07:14.458, 10345
2026/09/24 22:07:14.958, 10345
2026/09/24 22:07:15.458, 10345
2026/09/24 22:07:15.959, 10345
2026/09/24 22:07:16.459, 10345
2026/09/24 22:07:16.959, 10345
2026/09/24 22:07:17.459, 10345
2026/09/24 22:07:17.959, 10345
2026/09/24 22:07:18.459, 10345
2026/09/24 22:07:18.959, 10345
2026/09/24 22:07:19.460, 10345
2026/09/24 22:07:19.960, 10345
2026/09/24 22:07:20.460, 10345
2026/09/24 22:07:20.960, 10345
2026/09/24 22:07:21.460, 10345
2026/09/24 22:07:21.960, 10345
2026/09/24 22:07:22.460, 10345
2026/09/24 22:07:22.961, 10345
2026/09/24 22:07:23.461, 10345
2026/09/24 22:07:23.961, 10345
2026/09/24 22:07:24.461, 10345
2026/09/24 22:07:24.961, 10345
2026/09/24 22:07:25.461, 10345
2026/09/24 22:07:25.961, 10345
2026/09/24 22:07:26.462, 10345
2026/09/24 22:07:26.962, 10345
2026/09/24 22:07:27.462, 10345
2026/09/24 22:07:27.962, 10345
2026/09/24 22:07:28.462, 10345
2026/09/24 22:07:28.962, 10345
2026/09/24 22:07:29.462, 10345
2026/09/24 22:07:29.963, 10345
2026/09/24 22:07:30.463, 10345
2026/09/24 22:07:30.963, 10345
2026/09/24 22:07:31.463, 10345
2026/09/24 22:07:31.963, 10345
2026/09/24 22:07:32.463, 10345
2026/09/24 22:07:32.963, 10345
2026/09/24 22:07:33.464, 10345
2026/09/24 22:07:33.964, 10345
2026/09/24 22:07:34.464, 10345
2026/09/24 22:07:34.964, 10345
2026/09/24 22:07:35.464, 10345
2026/09/24 22:07:35.964, 10345
2026/09/24 22:07:36.464, 10345
2026/09/24 22:07:36.965, 10345
2026/09/24 22:07:37.465, 10345
2026/09/24 22:07:37.965, 10345
2026/09/24 22:07:38.465, 10345
2026/09/24 22:07:38.965, 10345
2026/09/24 22:07:39.465, 10345
2026/09/24 22:07:39.965, 10345
2026/09/24 22:07:40.466, 10345
2026/09/24 22:07:40.966, 10345
2026/09/24 22:07:41.466, 10345
2026/09/24 22:07:41.966, 10345
2026/09/24 22:07:42.466, 10345
2026/09/24 22:07:42.966, 10345
2026/09/24 22:07:43.466, 10345
2026/09/24 22:07:43.967, 10345
2026/09/24 22:07:44.467, 10345
2026/09/24 22:07:44.967, 10345
2026/09/24 22:07:45.467, 10345
2026/09/24 22:07:45.967, 10345
2026/09/24 22:07:46.467, 10345
2026/09/24 22:07:46.967, 10345
2026/09/24 22:07:47.468, 10345
2026/09/24 22:07:47.968, 10345
2026/09/24 22:07:48.468, 10345
2026/09/24 22:07:48.968, 10345
2026/09/24 22:07:49.468, 10345
2026/09/24 22:07:49.968, 10345
2026/09/24 22:07:50.468, 10345
2026/09/24 22:07:50.969, 10345
2026/09/24 22:07:51.469, 10345
2026/09/24 22:07:51.969, 10345
2026/09/24 22:07:52.469, 10345
2026/09/24 22:07:52.969, 10345
2026/09/24 22:07:53.469, 10345
2026/09/24 22:07:53.969, 10345
2026/09/24 22:07:54.470, 10345
2026/09/24 22:07:54.970, 10345
2026/09/24 22:07:55.470, 10345
2026/09/24 22:07:55.970, 10345
2026/09/24 22:07:56.470, 10345
2026/09/24 22:07:56.970, 10345
2026/09/24 22:07:57.470, 10345
2026/09/24 22:07:57.970, 10345
2026/09/24 22:07:58.471, 10345
2026/09/24 22:07:58.971, 10345
2026/09/24 22:07:59.471, 10345
2026/09/24 22:07:59.971, 10345
2026/09/24 22:08:00.471, 10345
2026/09/24 22:08:00.971, 10345
2026/09/24 22:08:01.471, 10345
2026/09/24 22:08:01.972, 10345
2026/09/24 22:08:02.472, 10345
2026/09/24 22:08:02.972, 10345
2026/09/24 22:08:03.472, 10345
2026/09/24 22:08:03.972, 10345
2026/09/24 22:08:04.472, 10345
2026/09/24 22:08:04.972, 10345
2026/09/24 22:08:05.473, 10345
2026/09/24 22:08:05.973, 10345
2026/09/24 22:08:06.473, 10345
2026/09/24 22:08:06.973, 10345
2026/09/24 22:08:07.473, 10345
2026/09/24 22:08:07.973, 10345
2026/09/24 22:08:08.473, 10345
2026/09/24 22:08:08.974, 10345
2026/09/24 22:08:09.474, 10345
2026/09/24 22:08:09.974, 10345
2026/09/24 22:08:10.474, 10345
2026/09/24 22:08:10.974, 10345
2026/09/24 22:08:11.474, 10345
2026/09/24 22:08:11.974, 10345
2026/09/24 22:08:12.475, 10345
2026/09/24 22:08:12.975, 10345
2026/09/24 22:08:13.475, 10345
2026/09/24 22:08:13.975, 10345
2026/09/24 22:08:14.475, 10345
2026/09/24 22:08:14.975, 10345
2026/09/24 22:08:15.475, 10345
2026/09/24 22:08:15.975, 10345
2026/09/24 22:08:16.476, 10345
2026/09/24 22:08:16.976, 10345
2026/09/24 22:08:17.476, 10345
2026/09/24 22:08:17.976, 10345
2026/09/24 22:08:18.477, 10345
2026/09/24 22:08:18.977, 10345
2026/09/24 22:08:19.477, 10345
2026/09/24 22:08:19.977, 10345
2026/09/24 22:08:20.477, 10345
2026/09/24 22:08:20.977, 10345
2026/09/24 22:08:21.477, 10345
2026/09/24 22:08:21.978, 10345
2026/09/24 22:08:22.478, 10345
2026/09/24 22:08:22.978, 10345
2026/09/24 22:08:23.478, 10345
2026/09/24 22:08:23.978, 10345
2026/09/24 22:08:24.478, 10345
2026/09/24 22:08:24.979, 10345
2026/09/24 22:08:25.479, 10345
2026/09/24 22:08:25.979, 10345
2026/09/24 22:08:26.479, 10345
2026/09/24 22:08:26.979, 10345
2026/09/24 22:08:27.479, 10345
2026/09/24 22:08:27.979, 10345
2026/09/24 22:08:28.480, 10345
2026/09/24 22:08:28.980, 10345
2026/09/24 22:08:29.480, 10345
2026/09/24 22:08:29.980, 10345
2026/09/24 22:08:30.480, 10345
2026/09/24 22:08:30.981, 10345
2026/09/24 22:08:31.481, 10345
2026/09/24 22:08:31.981, 10345
2026/09/24 22:08:32.481, 10345
2026/09/24 22:08:32.981, 10345
2026/09/24 22:08:33.481, 10345
2026/09/24 22:08:33.981, 10345
2026/09/24 22:08:34.482, 10345
2026/09/24 22:08:34.982, 10345
2026/09/24 22:08:35.482, 10345
2026/09/24 22:08:35.982, 10345
2026/09/24 22:08:36.482, 10345
2026/09/24 22:08:36.982, 10345
2026/09/24 22:08:37.482, 10345
2026/09/24 22:08:37.983, 10345
2026/09/24 22:08:38.483, 10345
2026/09/24 22:08:38.983, 10345
2026/09/24 22:08:39.483, 10345
2026/09/24 22:08:39.983, 10345
2026/09/24 22:08:40.483, 10345
2026/09/24 22:08:40.984, 10345
2026/09/24 22:08:41.484, 10345
2026/09/24 22:08:41.984, 10345
2026/09/24 22:08:42.484, 10345
2026/09/24 22:08:42.984, 10345
2026/09/24 22:08:43.485, 10345
2026/09/24 22:08:43.985, 10345
2026/09/24 22:08:44.485, 10345
2026/09/24 22:08:44.985, 10345
2026/09/24 22:08:45.485, 10345
2026/09/24 22:08:45.985, 10345
2026/09/24 22:08:46.486, 10345
2026/09/24 22:08:46.986, 10345
2026/09/24 22:08:47.486, 10345
2026/09/24 22:08:47.986, 10345
2026/09/24 22:08:48.486, 10345
2026/09/24 22:08:48.986, 10345
2026/09/24 22:08:49.486, 10345
2026/09/24 22:08:49.987, 10345
2026/09/24 22:08:50.487, 10345
2026/09/24 22:08:50.987, 10345
2026/09/24 22:08:51.487, 10345
2026/09/24 22:08:51.987, 10345
2026/09/24 22:08:52.487, 10345
2026/09/24 22:08:52.988, 10345
2026/09/24 22:08:53.488, 10345
2026/09/24 22:08:53.988, 10345
2026/09/24 22:08:54.488, 10345
2026/09/24 22:08:54.988, 10345
2026/09/24 22:08:55.488, 10345
2026/09/24 22:08:55.989, 10345
2026/09/24 22:08:56.489, 10345
2026/09/24 22:08:56.989, 10345
2026/09/24 22:08:57.489, 10345
2026/09/24 22:08:57.989, 10345
2026/09/24 22:08:58.489, 10345
2026/09/24 22:08:58.989, 10345
2026/09/24 22:08:59.490, 10345
2026/09/24 22:08:59.990, 10345
2026/09/24 22:09:00.490, 10345
2026/09/24 22:09:00.990, 10345
2026/09/24 22:09:01.490, 10345
2026/09/24 22:09:01.990, 10345
2026/09/24 22:09:02.491, 10345
2026/09/24 22:09:02.991, 10345
2026/09/24 22:09:03.491, 10345
2026/09/24 22:09:03.991, 10345
2026/09/24 22:09:04.491, 10345
2026/09/24 22:09:04.991, 10345
2026/09/24 22:09:05.492, 10345
2026/09/24 22:09:05.992, 10345
2026/09/24 22:09:06.492, 10345
2026/09/24 22:09:06.992, 10345
2026/09/24 22:09:07.492, 10345
2026/09/24 22:09:07.992, 10345
2026/09/24 22:09:08.492, 10345
2026/09/24 22:09:08.993, 10345
2026/09/24 22:09:09.493, 10345
2026/09/24 22:09:09.993, 10345
2026/09/24 22:09:10.493, 10345
2026/09/24 22:09:10.993, 10345
2026/09/24 22:09:11.493, 10345
2026/09/24 22:09:11.994, 10345
2026/09/24 22:09:12.494, 10345
2026/09/24 22:09:12.994, 10345
2026/09/24 22:09:13.494, 10345
2026/09/24 22:09:13.994, 10345
2026/09/24 22:09:14.494, 10345
2026/09/24 22:09:14.994, 10345
2026/09/24 22:09:15.495, 10345
2026/09/24 22:09:15.995, 10345
2026/09/24 22:09:16.495, 10345
2026/09/24 22:09:16.995, 10345
2026/09/24 22:09:17.495, 10345
2026/09/24 22:09:17.995, 10345
2026/09/24 22:09:18.495, 10345
2026/09/24 22:09:18.996, 10345
2026/09/24 22:09:19.496, 10345
2026/09/24 22:09:19.996, 10345
2026/09/24 22:09:20.496, 10345
2026/09/24 22:09:20.996, 10345
2026/09/24 22:09:21.496, 10345
2026/09/24 22:09:21.996, 10345
2026/09/24 22:09:22.497, 10345
2026/09/24 22:09:22.997, 10345
2026/09/24 22:09:23.497, 10345
2026/09/24 22:09:23.997, 10345
2026/09/24 22:09:24.497, 10345
2026/09/24 22:09:24.997, 10345
2026/09/24 22:09:25.497, 10345
2026/09/24 22:09:25.998, 10345
2026/09/24 22:09:26.498, 10345
2026/09/24 22:09:26.998, 10345
2026/09/24 22:09:27.498, 10345
2026/09/24 22:09:27.998, 10345
2026/09/24 22:09:28.498, 10345
2026/09/24 22:09:28.999, 10345
2026/09/24 22:09:29.499, 10345
2026/09/24 22:09:29.999, 10345
2026/09/24 22:09:30.499, 10345
2026/09/24 22:09:30.999, 10345
2026/09/24 22:09:31.499, 10345
2026/09/24 22:09:31.999, 10345
2026/09/24 22:09:32.499, 10345
2026/09/24 22:09:33.000, 10345
2026/09/24 22:09:33.500, 10345
2026/09/24 22:09:34.000, 10345
2026/09/24 22:09:34.500, 10345
2026/09/24 22:09:35.000, 10345
2026/09/24 22:09:35.500, 10345
2026/09/24 22:09:36.000, 10345
2026/09/24 22:09:36.501, 10345
2026/09/24 22:09:37.001, 10345
2026/09/24 22:09:37.501, 10345
2026/09/24 22:09:38.001, 10345
2026/09/24 22:09:38.501, 10353
2026/09/24 22:09:39.001, 10353
2026/09/24 22:09:39.501, 10353
2026/09/24 22:09:40.002, 10353
2026/09/24 22:09:40.502, 10353
2026/09/24 22:09:41.002, 10353
2026/09/24 22:09:41.502, 10353
2026/09/24 22:09:42.002, 10353
2026/09/24 22:09:42.503, 10353
2026/09/24 22:09:43.003, 10353
2026/09/24 22:09:43.503, 10353
2026/09/24 22:09:44.003, 10353
2026/09/24 22:09:44.503, 10353
2026/09/24 22:09:45.003, 10353
2026/09/24 22:09:45.503, 10353
2026/09/24 22:09:46.004, 10353
2026/09/24 22:09:46.504, 10353
2026/09/24 22:09:47.004, 10353
2026/09/24 22:09:47.504, 10353
2026/09/24 22:09:48.004, 10353
2026/09/24 22:09:48.504, 10353
2026/09/24 22:09:49.004, 10353
2026/09/24 22:09:49.505, 10353
2026/09/24 22:09:50.005, 10353
2026/09/24 22:09:50.505, 10353
2026/09/24 22:09:51.005, 10353
2026/09/24 22:09:51.505, 10353
2026/09/24 22:09:52.005, 10353
2026/09/24 22:09:52.506, 10353
2026/09/24 22:09:53.006, 10353
2026/09/24 22:09:53.506, 10353
2026/09/24 22:09:54.006, 10353
2026/09/24 22:09:54.506, 10353
2026/09/24 22:09:55.006, 10353
2026/09/24 22:09:55.506, 10353
2026/09/24 22:09:56.007, 10353
2026/09/24 22:09:56.507, 10353
2026/09/24 22:09:57.007, 10353
2026/09/24 22:09:57.507, 10353
2026/09/24 22:09:58.007, 10353
2026/09/24 22:09:58.507, 10353
2026/09/24 22:09:59.007, 10353
2026/09/24 22:09:59.508, 10353
2026/09/24 22:10:00.008, 10353
2026/09/24 22:10:00.508, 10353
2026/09/24 22:10:01.008, 10353
2026/09/24 22:10:01.508, 10353
2026/09/24 22:10:02.008, 10353
2026/09/24 22:10:02.508, 10353
2026/09/24 22:10:03.009, 10353
2026/09/24 22:10:03.509, 10353
2026/09/24 22:10:04.009, 10353
2026/09/24 22:10:04.509, 10353
2026/09/24 22:10:05.009, 10353
2026/09/24 22:10:05.509, 10353
2026/09/24 22:10:06.010, 10353
2026/09/24 22:10:06.510, 10353
2026/09/24 22:10:07.010, 10353
2026/09/24 22:10:07.510, 10353
2026/09/24 22:10:08.010, 10353
2026/09/24 22:10:08.510, 10353
2026/09/24 22:10:09.011, 10353
2026/09/24 22:10:09.511, 10353
2026/09/24 22:10:10.011, 10353
2026/09/24 22:10:10.511, 10353
2026/09/24 22:10:11.011, 10353
2026/09/24 22:10:11.511, 10353
2026/09/24 22:10:12.012, 10353
2026/09/24 22:10:12.512, 10353
2026/09/24 22:10:13.012, 10353
2026/09/24 22:10:13.512, 10353
2026/09/24 22:10:14.012, 10353
2026/09/24 22:10:14.513, 10353
2026/09/24 22:10:15.013, 10353
2026/09/24 22:10:15.513, 10353
2026/09/24 22:10:16.013, 10353
2026/09/24 22:10:16.513, 10353
2026/09/24 22:10:17.013, 10353
2026/09/24 22:10:17.514, 10353
2026/09/24 22:10:18.014, 10353
2026/09/24 22:10:18.514, 10353
2026/09/24 22:10:19.014, 10353
2026/09/24 22:10:19.514, 10353
2026/09/24 22:10:20.014, 10353
2026/09/24 22:10:20.514, 10353
2026/09/24 22:10:21.015, 10353
2026/09/24 22:10:21.515, 10353
2026/09/24 22:10:22.015, 10353
2026/09/24 22:10:22.515, 10353
2026/09/24 22:10:23.015, 10353
2026/09/24 22:10:23.515, 10353
2026/09/24 22:10:24.016, 10353
2026/09/24 22:10:24.516, 10353
2026/09/24 22:10:25.016, 10353
2026/09/24 22:10:25.516, 10353
2026/09/24 22:10:26.016, 10353
2026/09/24 22:10:26.517, 10353
2026/09/24 22:10:27.017, 10353
2026/09/24 22:10:27.517, 10353
2026/09/24 22:10:28.017, 10353
2026/09/24 22:10:28.517, 10353
2026/09/24 22:10:29.017, 10353
2026/09/24 22:10:29.518, 10353
2026/09/24 22:10:30.018, 10353
2026/09/24 22:10:30.518, 10353
2026/09/24 22:10:31.018, 10353
2026/09/24 22:10:31.518, 10353
2026/09/24 22:10:32.018, 10353
2026/09/24 22:10:32.519, 10353
2026/09/24 22:10:33.019, 10353
2026/09/24 22:10:33.519, 10353
2026/09/24 22:10:34.019, 10353
2026/09/24 22:10:34.519, 10353
2026/09/24 22:10:35.019, 10353
2026/09/24 22:10:35.520, 10353
2026/09/24 22:10:36.020, 10353
2026/09/24 22:10:36.520, 10353
2026/09/24 22:10:37.020, 10353
2026/09/24 22:10:37.520, 10353
2026/09/24 22:10:38.021, 10353
2026/09/24 22:10:38.521, 10353
2026/09/24 22:10:39.021, 10353
2026/09/24 22:10:39.521, 10353
2026/09/24 22:10:40.021, 10353
2026/09/24 22:10:40.521, 10353
2026/09/24 22:10:41.021, 10353
2026/09/24 22:10:41.522, 10353
2026/09/24 22:10:42.022, 10353
2026/09/24 22:10:42.522, 10353
2026/09/24 22:10:43.022, 10353
2026/09/24 22:10:43.522, 10353
2026/09/24 22:10:44.022, 10353
2026/09/24 22:10:44.523, 10353
2026/09/24 22:10:45.023, 10353
2026/09/24 22:10:45.523, 10353
2026/09/24 22:10:46.023, 10353
2026/09/24 22:10:46.523, 10353
2026/09/24 22:10:47.023, 10353
2026/09/24 22:10:47.523, 10353
2026/09/24 22:10:48.024, 10353
2026/09/24 22:10:48.524, 10353
2026/09/24 22:10:49.024, 10353
2026/09/24 22:10:49.524, 10353
2026/09/24 22:10:50.024, 10353
2026/09/24 22:10:50.524, 10353
2026/09/24 22:10:51.025, 10353
2026/09/24 22:10:51.525, 10353
2026/09/24 22:10:52.025, 10353
2026/09/24 22:10:52.525, 10353
2026/09/24 22:10:53.025, 10353
2026/09/24 22:10:53.525, 10353
2026/09/24 22:10:54.025, 10353
2026/09/24 22:10:54.525, 10353
2026/09/24 22:10:55.026, 10353
2026/09/24 22:10:55.526, 10353
2026/09/24 22:10:56.026, 10353
2026/09/24 22:10:56.526, 10353
2026/09/24 22:10:57.026, 10353
2026/09/24 22:10:57.526, 10353
2026/09/24 22:10:58.026, 10353
2026/09/24 22:10:58.527, 10353
2026/09/24 22:10:59.027, 10353
2026/09/24 22:10:59.527, 10353
2026/09/24 22:11:00.027, 10353
2026/09/24 22:11:00.527, 10353
2026/09/24 22:11:01.027, 10353
2026/09/24 22:11:01.528, 10353
2026/09/24 22:11:02.028, 10353
2026/09/24 22:11:02.528, 10353
2026/09/24 22:11:03.028, 10353
2026/09/24 22:11:03.529, 10353
2026/09/24 22:11:04.029, 10353
2026/09/24 22:11:04.529, 10353
2026/09/24 22:11:05.030, 10353
2026/09/24 22:11:05.530, 10353
2026/09/24 22:11:06.030, 10353
2026/09/24 22:11:06.530, 10353
2026/09/24 22:11:07.031, 10353
2026/09/24 22:11:07.531, 10353
2026/09/24 22:11:08.031, 10353
2026/09/24 22:11:08.531, 10353
2026/09/24 22:11:09.031, 10353
2026/09/24 22:11:09.531, 10353
2026/09/24 22:11:10.032, 10353
2026/09/24 22:11:10.532, 10353
2026/09/24 22:11:11.032, 10353
2026/09/24 22:11:11.532, 10353
2026/09/24 22:11:12.032, 10353
2026/09/24 22:11:12.532, 10353
2026/09/24 22:11:13.033, 10353
2026/09/24 22:11:13.533, 10353
2026/09/24 22:11:14.033, 10353
2026/09/24 22:11:14.533, 10353
2026/09/24 22:11:15.033, 10353
2026/09/24 22:11:15.533, 10353
2026/09/24 22:11:16.034, 10353
2026/09/24 22:11:16.534, 10353
2026/09/24 22:11:17.034, 10353
2026/09/24 22:11:17.534, 10353
2026/09/24 22:11:18.034, 10353
2026/09/24 22:11:18.534, 10353
2026/09/24 22:11:19.035, 10353
2026/09/24 22:11:19.535, 10353
2026/09/24 22:11:20.035, 10353
2026/09/24 22:11:20.535, 10353
2026/09/24 22:11:21.035, 10353
2026/09/24 22:11:21.535, 10353
2026/09/24 22:11:22.036, 10353
2026/09/24 22:11:22.536, 10353
2026/09/24 22:11:23.036, 10353
2026/09/24 22:11:23.536, 10353
2026/09/24 22:11:24.036, 10353
2026/09/24 22:11:24.537, 10353
2026/09/24 22:11:25.037, 10353
2026/09/24 22:11:25.537, 10353
2026/09/24 22:11:26.037, 10353
2026/09/24 22:11:26.537, 10353
2026/09/24 22:11:27.037, 10353
2026/09/24 22:11:27.538, 10353
2026/09/24 22:11:28.038, 10353
2026/09/24 22:11:28.538, 10353
2026/09/24 22:11:29.038, 10353
2026/09/24 22:11:29.538, 10353
2026/09/24 22:11:30.038, 10353
2026/09/24 22:11:30.539, 10353
2026/09/24 22:11:31.039, 10353
2026/09/24 22:11:31.539, 10353
2026/09/24 22:11:32.039, 10353
2026/09/24 22:11:32.539, 10353
2026/09/24 22:11:33.039, 10353
2026/09/24 22:11:33.540, 10353
2026/09/24 22:11:34.040, 10353
2026/09/24 22:11:34.540, 10353
2026/09/24 22:11:35.040, 10353
2026/09/24 22:11:35.540, 10353
2026/09/24 22:11:36.041, 10353
2026/09/24 22:11:36.541, 10353
2026/09/24 22:11:37.041, 10353
2026/09/24 22:11:37.541, 10353
2026/09/24 22:11:38.041, 10353
2026/09/24 22:11:38.541, 10353
2026/09/24 22:11:39.042, 10353
2026/09/24 22:11:39.542, 10353
2026/09/24 22:11:40.042, 10353
2026/09/24 22:11:40.542, 10353
2026/09/24 22:11:41.042, 10353
2026/09/24 22:11:41.543, 10353
2026/09/24 22:11:42.043, 10353
2026/09/24 22:11:42.543, 10353
2026/09/24 22:11:43.043, 10353
2026/09/24 22:11:43.543, 10353
2026/09/24 22:11:44.043, 10353
2026/09/24 22:11:44.544, 10353
2026/09/24 22:11:45.044, 10353
2026/09/24 22:11:45.544, 10353
2026/09/24 22:11:46.044, 10353
2026/09/24 22:11:46.544, 10353
2026/09/24 22:11:47.044, 10353
2026/09/24 22:11:47.545, 10353
2026/09/24 22:11:48.045, 10353
2026/09/24 22:11:48.545, 10353
2026/09/24 22:11:49.045, 10353
2026/09/24 22:11:49.545, 10353
2026/09/24 22:11:50.045, 10353
2026/09/24 22:11:50.545, 10353
2026/09/24 22:11:51.046, 10353
2026/09/24 22:11:51.546, 10353
2026/09/24 22:11:52.046, 10353
2026/09/24 22:11:52.546, 10353
2026/09/24 22:11:53.046, 10353
2026/09/24 22:11:53.546, 10353
2026/09/24 22:11:54.046, 10353
2026/09/24 22:11:54.547, 10353
2026/09/24 22:11:55.047, 10353
2026/09/24 22:11:55.547, 10353
2026/09/24 22:11:56.047, 10353
2026/09/24 22:11:56.547, 10353
2026/09/24 22:11:57.047, 10353
2026/09/24 22:11:57.547, 10353
2026/09/24 22:11:58.048, 10353
2026/09/24 22:11:58.548, 10353
2026/09/24 22:11:59.048, 10353
2026/09/24 22:11:59.548, 10353
2026/09/24 22:12:00.048, 10353
2026/09/24 22:12:00.548, 10353
2026/09/24 22:12:01.048, 10353
2026/09/24 22:12:01.549, 10353
2026/09/24 22:12:02.049, 10353
2026/09/24 22:12:02.549, 10353
2026/09/24 22:12:03.049, 10353
2026/09/24 22:12:03.549, 10353
2026/09/24 22:12:04.049, 10353
2026/09/24 22:12:04.549, 10353
2026/09/24 22:12:05.050, 10353
2026/09/24 22:12:05.550, 10353
2026/09/24 22:12:06.050, 10353
2026/09/24 22:12:06.550, 10353
2026/09/24 22:12:07.050, 10353
2026/09/24 22:12:07.550, 10353
2026/09/24 22:12:08.050, 10353
2026/09/24 22:12:08.551, 10353
2026/09/24 22:12:09.051, 10353
2026/09/24 22:12:09.551, 10353
2026/09/24 22:12:10.051, 10353
2026/09/24 22:12:10.551, 10353
2026/09/24 22:12:11.051, 10353
2026/09/24 22:12:11.551, 10353
2026/09/24 22:12:12.052, 10353
2026/09/24 22:12:12.552, 10353
2026/09/24 22:12:13.052, 10353
2026/09/24 22:12:13.552, 10353
2026/09/24 22:12:14.052, 10353
2026/09/24 22:12:14.552, 10353
2026/09/24 22:12:15.052, 10353
2026/09/24 22:12:15.553, 10353
2026/09/24 22:12:16.053, 10353
2026/09/24 22:12:16.553, 10353
2026/09/24 22:12:17.053, 10353
2026/09/24 22:12:17.553, 10353
2026/09/24 22:12:18.053, 10353
2026/09/24 22:12:18.553, 10353
2026/09/24 22:12:19.054, 10353
2026/09/24 22:12:19.554, 10353
2026/09/24 22:12:20.054, 10353
2026/09/24 22:12:20.554, 10353
2026/09/24 22:12:21.054, 10353
2026/09/24 22:12:21.554, 10353
2026/09/24 22:12:22.055, 10353
2026/09/24 22:12:22.555, 10353
2026/09/24 22:12:23.055, 10353
2026/09/24 22:12:23.555, 10353
2026/09/24 22:12:24.055, 10353
2026/09/24 22:12:24.555, 10353
2026/09/24 22:12:25.055, 10353
2026/09/24 22:12:25.556, 10353
2026/09/24 22:12:26.056, 10353
2026/09/24 22:12:26.556, 10353
2026/09/24 22:12:27.056, 10353
2026/09/24 22:12:27.556, 10353
2026/09/24 22:12:28.056, 10353
2026/09/24 22:12:28.556, 10353
2026/09/24 22:12:29.057, 10353
2026/09/24 22:12:29.557, 10353
2026/09/24 22:12:30.057, 10353
2026/09/24 22:12:30.557, 10353
2026/09/24 22:12:31.057, 10353
2026/09/24 22:12:31.557, 10353
2026/09/24 22:12:32.058, 10353
2026/09/24 22:12:32.558, 10353
2026/09/24 22:12:33.058, 10353
2026/09/24 22:12:33.558, 10353
2026/09/24 22:12:34.058, 10353
2026/09/24 22:12:34.558, 10353
2026/09/24 22:12:35.058, 10353
2026/09/24 22:12:35.559, 10353
2026/09/24 22:12:36.059, 10353
2026/09/24 22:12:36.559, 10353
2026/09/24 22:12:37.059, 10353
2026/09/24 22:12:37.559, 10353
2026/09/24 22:12:38.059, 10353
2026/09/24 22:12:38.559, 10353
2026/09/24 22:12:39.060, 10353
2026/09/24 22:12:39.560, 10353
2026/09/24 22:12:40.060, 10353
2026/09/24 22:12:40.560, 10353
2026/09/24 22:12:41.061, 10353
2026/09/24 22:12:41.561, 10353
2026/09/24 22:12:42.061, 10353
2026/09/24 22:12:42.561, 10353
2026/09/24 22:12:43.061, 10353
2026/09/24 22:12:43.561, 10353
2026/09/24 22:12:44.061, 10353
2026/09/24 22:12:44.562, 10353
2026/09/24 22:12:45.062, 10353
2026/09/24 22:12:45.562, 10353
2026/09/24 22:12:46.062, 10353
2026/09/24 22:12:46.562, 10353
2026/09/24 22:12:47.062, 10353
2026/09/24 22:12:47.562, 10353
2026/09/24 22:12:48.063, 10353
2026/09/24 22:12:48.563, 10353
2026/09/24 22:12:49.063, 10353
2026/09/24 22:12:49.563, 10353
2026/09/24 22:12:50.063, 10353
2026/09/24 22:12:50.563, 10353
2026/09/24 22:12:51.064, 10353
2026/09/24 22:12:51.564, 10353
2026/09/24 22:12:52.064, 10353
2026/09/24 22:12:52.564, 10353
2026/09/24 22:12:53.064, 10353
2026/09/24 22:12:53.564, 10353
2026/09/24 22:12:54.064, 10353
2026/09/24 22:12:54.565, 10353
2026/09/24 22:12:55.065, 10353
2026/09/24 22:12:55.565, 10353
2026/09/24 22:12:56.065, 10353
2026/09/24 22:12:56.565, 10353
2026/09/24 22:12:57.065, 10353
2026/09/24 22:12:57.565, 10353
2026/09/24 22:12:58.066, 10353
2026/09/24 22:12:58.566, 10353
2026/09/24 22:12:59.066, 10353
2026/09/24 22:12:59.566, 10353
2026/09/24 22:13:00.066, 10353
2026/09/24 22:13:00.566, 10353
2026/09/24 22:13:01.067, 10353
2026/09/24 22:13:01.567, 10353
2026/09/24 22:13:02.067, 10353
2026/09/24 22:13:02.567, 10353
2026/09/24 22:13:03.067, 10353
2026/09/24 22:13:03.567, 10353
2026/09/24 22:13:04.067, 10353
2026/09/24 22:13:04.568, 10353
2026/09/24 22:13:05.068, 10353
2026/09/24 22:13:05.568, 10353
2026/09/24 22:13:06.068, 10353
2026/09/24 22:13:06.568, 10353
2026/09/24 22:13:07.068, 10353
2026/09/24 22:13:07.569, 10353
2026/09/24 22:13:08.069, 10353
2026/09/24 22:13:08.569, 10353
2026/09/24 22:13:09.069, 10353
2026/09/24 22:13:09.569, 10353
2026/09/24 22:13:10.069, 10353
2026/09/24 22:13:10.569, 10353
2026/09/24 22:13:11.070, 10353
2026/09/24 22:13:11.570, 10353
2026/09/24 22:13:12.070, 10353
2026/09/24 22:13:12.570, 10353
2026/09/24 22:13:13.070, 10353
2026/09/24 22:13:13.570, 10353
2026/09/24 22:13:14.070, 10353
2026/09/24 22:13:14.570, 10353
2026/09/24 22:13:15.071, 10353
2026/09/24 22:13:15.571, 10353
2026/09/24 22:13:16.071, 10353
2026/09/24 22:13:16.571, 10353
2026/09/24 22:13:17.071, 10353
2026/09/24 22:13:17.572, 10353
2026/09/24 22:13:18.072, 10353
2026/09/24 22:13:18.572, 10353
2026/09/24 22:13:19.072, 10353
2026/09/24 22:13:19.572, 10353
2026/09/24 22:13:20.072, 10353
2026/09/24 22:13:20.572, 10353
2026/09/24 22:13:21.073, 10353
2026/09/24 22:13:21.573, 10353
2026/09/24 22:13:22.073, 10353
2026/09/24 22:13:22.573, 10353
2026/09/24 22:13:23.073, 10353
2026/09/24 22:13:23.573, 10353
2026/09/24 22:13:24.073, 10353
2026/09/24 22:13:24.574, 10353
2026/09/24 22:13:25.074, 10353
2026/09/24 22:13:25.574, 10353
2026/09/24 22:13:26.074, 10353
2026/09/24 22:13:26.574, 10353
2026/09/24 22:13:27.074, 10353
2026/09/24 22:13:27.574, 10353
2026/09/24 22:13:28.075, 10353
2026/09/24 22:13:28.575, 10353
2026/09/24 22:13:29.075, 10353
2026/09/24 22:13:29.575, 10353
2026/09/24 22:13:30.075, 10353
2026/09/24 22:13:30.575, 10353
2026/09/24 22:13:31.075, 10353
2026/09/24 22:13:31.576, 10353
2026/09/24 22:13:32.076, 10353
2026/09/24 22:13:32.576, 10353
2026/09/24 22:13:33.076, 10353
2026/09/24 22:13:33.576, 10353
2026/09/24 22:13:34.076, 10353
2026/09/24 22:13:34.577, 10353
2026/09/24 22:13:35.077, 10353
2026/09/24 22:13:35.577, 10353
2026/09/24 22:13:36.077, 10353
2026/09/24 22:13:36.577, 10353
2026/09/24 22:13:37.077, 10353
2026/09/24 22:13:37.577, 10353
2026/09/24 22:13:38.078, 10353
2026/09/24 22:13:38.578, 10353
2026/09/24 22:13:39.078, 10353
2026/09/24 22:13:39.578, 10353
2026/09/24 22:13:40.078, 10353
2026/09/24 22:13:40.578, 10353
2026/09/24 22:13:41.079, 10353
2026/09/24 22:13:41.579, 10353
2026/09/24 22:13:42.079, 10353
2026/09/24 22:13:42.579, 10353
2026/09/24 22:13:43.079, 10353
2026/09/24 22:13:43.579, 10353
2026/09/24 22:13:44.080, 10353
2026/09/24 22:13:44.580, 10353
2026/09/24 22:13:45.080, 10353
2026/09/24 22:13:45.580, 10353
2026/09/24 22:13:46.080, 10353
2026/09/24 22:13:46.580, 10353
2026/09/24 22:13:47.080, 10353
2026/09/24 22:13:47.581, 10353
2026/09/24 22:13:48.081, 10353
2026/09/24 22:13:48.581, 10353
2026/09/24 22:13:49.081, 10353
2026/09/24 22:13:49.581, 10353
2026/09/24 22:13:50.081, 10353
2026/09/24 22:13:50.582, 10353
2026/09/24 22:13:51.082, 10353
2026/09/24 22:13:51.582, 10353
2026/09/24 22:13:52.082, 10353
2026/09/24 22:13:52.582, 10353
2026/09/24 22:13:53.082, 10353
2026/09/24 22:13:53.583, 10353
2026/09/24 22:13:54.083, 10353
2026/09/24 22:13:54.583, 10353
2026/09/24 22:13:55.083, 10353
2026/09/24 22:13:55.583, 10353
2026/09/24 22:13:56.083, 10353
2026/09/24 22:13:56.583, 10353
2026/09/24 22:13:57.084, 10353
2026/09/24 22:13:57.584, 10353
2026/09/24 22:13:58.084, 10353
2026/09/24 22:13:58.584, 10353
2026/09/24 22:13:59.084, 10353
2026/09/24 22:13:59.584, 10353
2026/09/24 22:14:00.085, 10353
2026/09/24 22:14:00.585, 10353
2026/09/24 22:14:01.085, 10353
2026/09/24 22:14:01.585, 10353
2026/09/24 22:14:02.085, 10353
2026/09/24 22:14:02.585, 10353
2026/09/24 22:14:03.086, 10353
2026/09/24 22:14:03.586, 10353
2026/09/24 22:14:04.086, 10353
2026/09/24 22:14:04.586, 10353
2026/09/24 22:14:05.086, 10353
2026/09/24 22:14:05.586, 10353
2026/09/24 22:14:06.087, 10353
2026/09/24 22:14:06.587, 10353
2026/09/24 22:14:07.087, 10353
2026/09/24 22:14:07.587, 10353
2026/09/24 22:14:08.087, 10353
2026/09/24 22:14:08.587, 10353
2026/09/24 22:14:09.088, 10353
2026/09/24 22:14:09.588, 10353
2026/09/24 22:14:10.088, 10353
2026/09/24 22:14:10.588, 10353
2026/09/24 22:14:11.088, 10353
2026/09/24 22:14:11.588, 10353
2026/09/24 22:14:12.089, 10353
2026/09/24 22:14:12.589, 10353
2026/09/24 22:14:13.089, 10353
2026/09/24 22:14:13.589, 10353
2026/09/24 22:14:14.089, 10353
2026/09/24 22:14:14.589, 10353
2026/09/24 22:14:15.090, 10353
2026/09/24 22:14:15.590, 10353
2026/09/24 22:14:16.090, 10353
2026/09/24 22:14:16.590, 10353
2026/09/24 22:14:17.090, 10353
2026/09/24 22:14:17.590, 10353
2026/09/24 22:14:18.090, 10353
2026/09/24 22:14:18.591, 10353
2026/09/24 22:14:19.091, 10353
2026/09/24 22:14:19.591, 10353
2026/09/24 22:14:20.091, 10353
2026/09/24 22:14:20.591, 10353
2026/09/24 22:14:21.092, 10353
2026/09/24 22:14:21.592, 10353
2026/09/24 22:14:22.092, 10353
2026/09/24 22:14:22.592, 10353
2026/09/24 22:14:23.092, 10353
2026/09/24 22:14:23.592, 10353
2026/09/24 22:14:24.093, 10353
2026/09/24 22:14:24.593, 10353
2026/09/24 22:14:25.093, 10353
2026/09/24 22:14:25.593, 10353
2026/09/24 22:14:26.093, 10353
2026/09/24 22:14:26.593, 10353
2026/09/24 22:14:27.093, 10353
2026/09/24 22:14:27.594, 10353
2026/09/24 22:14:28.094, 10353
2026/09/24 22:14:28.594, 10353
2026/09/24 22:14:29.094, 10353
2026/09/24 22:14:29.594, 10353
2026/09/24 22:14:30.094, 10353
2026/09/24 22:14:30.595, 10353
2026/09/24 22:14:31.095, 10353
2026/09/24 22:14:31.595, 10353
2026/09/24 22:14:32.095, 10353
2026/09/24 22:14:32.595, 10353
2026/09/24 22:14:33.095, 10353
2026/09/24 22:14:33.596, 10353
2026/09/24 22:14:34.096, 10353
2026/09/24 22:14:34.596, 10353
2026/09/24 22:14:35.096, 10353
2026/09/24 22:14:35.596, 10353
2026/09/24 22:14:36.096, 10353
2026/09/24 22:14:36.597, 10353
2026/09/24 22:14:37.097, 10353
2026/09/24 22:14:37.597, 10353
2026/09/24 22:14:38.097, 10353
2026/09/24 22:14:38.597, 10353
2026/09/24 22:14:39.097, 10353
2026/09/24 22:14:39.598, 10353
2026/09/24 22:14:40.098, 10353
2026/09/24 22:14:40.598, 10353
2026/09/24 22:14:41.098, 10353
2026/09/24 22:14:41.598, 10353
2026/09/24 22:14:42.098, 10353
2026/09/24 22:14:42.598, 10353
2026/09/24 22:14:43.099, 10353
2026/09/24 22:14:43.599, 10353
2026/09/24 22:14:44.099, 10353
2026/09/24 22:14:44.599, 10353
2026/09/24 22:14:45.099, 10353
2026/09/24 22:14:45.599, 10353
2026/09/24 22:14:46.099, 10353
2026/09/24 22:14:46.600, 10353
2026/09/24 22:14:47.100, 10353
2026/09/24 22:14:47.600, 10353
2026/09/24 22:14:48.100, 10353
2026/09/24 22:14:48.600, 10353
2026/09/24 22:14:49.100, 10353
2026/09/24 22:14:49.600, 10353
2026/09/24 22:14:50.101, 10353
2026/09/24 22:14:50.601, 10353
2026/09/24 22:14:51.101, 10353
2026/09/24 22:14:51.601, 10353
2026/09/24 22:14:52.101, 10353
2026/09/24 22:14:52.601, 10353
2026/09/24 22:14:53.102, 10353
2026/09/24 22:14:53.602, 10353
2026/09/24 22:14:54.102, 10353
2026/09/24 22:14:54.602, 10353
2026/09/24 22:14:55.102, 10353
2026/09/24 22:14:55.602, 10353
2026/09/24 22:14:56.102, 10353
2026/09/24 22:14:56.603, 10353
2026/09/24 22:14:57.103, 10353
2026/09/24 22:14:57.603, 10353
2026/09/24 22:14:58.103, 10353
2026/09/24 22:14:58.603, 10353
2026/09/24 22:14:59.103, 10353
2026/09/24 22:14:59.603, 10353
2026/09/24 22:15:00.104, 10353
2026/09/24 22:15:00.604, 10353
2026/09/24 22:15:01.104, 10353
2026/09/24 22:15:01.604, 10353
2026/09/24 22:15:02.104, 10353
2026/09/24 22:15:02.604, 10353
2026/09/24 22:15:03.104, 10353
2026/09/24 22:15:03.605, 10353
2026/09/24 22:15:04.105, 10353
2026/09/24 22:15:04.605, 10353
2026/09/24 22:15:05.105, 10353
2026/09/24 22:15:05.605, 10353
2026/09/24 22:15:06.105, 10353
2026/09/24 22:15:06.606, 10353
2026/09/24 22:15:07.106, 10353
2026/09/24 22:15:07.606, 10353
2026/09/24 22:15:08.106, 10353
2026/09/24 22:15:08.606, 10353
2026/09/24 22:15:09.106, 10353
2026/09/24 22:15:09.606, 10353
2026/09/24 22:15:10.107, 10353
2026/09/24 22:15:10.607, 10353
2026/09/24 22:15:11.107, 10353
2026/09/24 22:15:11.607, 10353
2026/09/24 22:15:12.107, 10353
2026/09/24 22:15:12.607, 10353
2026/09/24 22:15:13.108, 10353
2026/09/24 22:15:13.608, 10353
2026/09/24 22:15:14.108, 10353
2026/09/24 22:15:14.608, 10353
2026/09/24 22:15:15.108, 10353
2026/09/24 22:15:15.608, 10353
2026/09/24 22:15:16.109, 10353
2026/09/24 22:15:16.609, 10353
2026/09/24 22:15:17.109, 10353
2026/09/24 22:15:17.609, 10353
2026/09/24 22:15:18.109, 10353
2026/09/24 22:15:18.609, 10353
2026/09/24 22:15:19.109, 10353
2026/09/24 22:15:19.610, 10353
2026/09/24 22:15:20.110, 10353
2026/09/24 22:15:20.610, 10353
2026/09/24 22:15:21.110, 10353
2026/09/24 22:15:21.610, 10353
2026/09/24 22:15:22.110, 10353
2026/09/24 22:15:22.611, 10353
2026/09/24 22:15:23.111, 10353
2026/09/24 22:15:23.611, 10353
2026/09/24 22:15:24.111, 10353
2026/09/24 22:15:24.611, 10353
2026/09/24 22:15:25.111, 10353
2026/09/24 22:15:25.611, 10353
2026/09/24 22:15:26.112, 10353
2026/09/24 22:15:26.612, 10353
2026/09/24 22:15:27.112, 10353
2026/09/24 22:15:27.612, 10353
2026/09/24 22:15:28.112, 10353
2026/09/24 22:15:28.612, 10353
2026/09/24 22:15:29.112, 10353
2026/09/24 22:15:29.613, 10353
2026/09/24 22:15:30.113, 10353
2026/09/24 22:15:30.613, 10353
2026/09/24 22:15:31.113, 10353
2026/09/24 22:15:31.613, 10353
2026/09/24 22:15:32.113, 10353
2026/09/24 22:15:32.614, 10353
2026/09/24 22:15:33.114, 10353
2026/09/24 22:15:33.614, 10353
2026/09/24 22:15:34.114, 10353
2026/09/24 22:15:34.614, 10353
2026/09/24 22:15:35.114, 10353
2026/09/24 22:15:35.614, 10353
2026/09/24 22:15:36.115, 10353
2026/09/24 22:15:36.615, 10353
2026/09/24 22:15:37.115, 10353
2026/09/24 22:15:37.615, 10353
2026/09/24 22:15:38.115, 10353
2026/09/24 22:15:38.615, 10353
2026/09/24 22:15:39.116, 10353
2026/09/24 22:15:39.616, 10353
2026/09/24 22:15:40.116, 10353
2026/09/24 22:15:40.616, 10353
2026/09/24 22:15:41.116, 10353
2026/09/24 22:15:41.616, 10353
2026/09/24 22:15:42.116, 10353
2026/09/24 22:15:42.617, 10353
2026/09/24 22:15:43.117, 10353
2026/09/24 22:15:43.617, 10353
2026/09/24 22:15:44.117, 10353
2026/09/24 22:15:44.617, 10353
2026/09/24 22:15:45.117, 10353
2026/09/24 22:15:45.617, 10353
2026/09/24 22:15:46.118, 10353
2026/09/24 22:15:46.618, 10353
2026/09/24 22:15:47.118, 10353
2026/09/24 22:15:47.618, 10353
2026/09/24 22:15:48.118, 10353
2026/09/24 22:15:48.618, 10353
2026/09/24 22:15:49.118, 10353
2026/09/24 22:15:49.619, 10353
2026/09/24 22:15:50.119, 10353
2026/09/24 22:15:50.619, 10353
2026/09/24 22:15:51.119, 10353
2026/09/24 22:15:51.619, 10353
2026/09/24 22:15:52.119, 10353
2026/09/24 22:15:52.620, 10353
2026/09/24 22:15:53.120, 10353
2026/09/24 22:15:53.620, 10353
2026/09/24 22:15:54.120, 10353
2026/09/24 22:15:54.620, 10353
2026/09/24 22:15:55.120, 10353
2026/09/24 22:15:55.620, 10353
2026/09/24 22:15:56.121, 10353
2026/09/24 22:15:56.621, 10353
2026/09/24 22:15:57.121, 10353
2026/09/24 22:15:57.621, 10353
2026/09/24 22:15:58.122, 10353
2026/09/24 22:15:58.622, 10353
2026/09/24 22:15:59.122, 10353
2026/09/24 22:15:59.623, 10353
2026/09/24 22:16:00.123, 10353
2026/09/24 22:16:00.623, 10353
2026/09/24 22:16:01.123, 10353
2026/09/24 22:16:01.623, 10353
2026/09/24 22:16:02.123, 10353
2026/09/24 22:16:02.624, 10353
2026/09/24 22:16:03.124, 10353
2026/09/24 22:16:03.624, 10353
2026/09/24 22:16:04.124, 10353
2026/09/24 22:16:04.624, 10353
2026/09/24 22:16:05.124, 10353
2026/09/24 22:16:05.624, 10353
2026/09/24 22:16:06.125, 10353
2026/09/24 22:16:06.625, 10353
2026/09/24 22:16:07.125, 10353
2026/09/24 22:16:07.625, 10353
2026/09/24 22:16:08.125, 10353
2026/09/24 22:16:08.625, 10353
2026/09/24 22:16:09.126, 10353
2026/09/24 22:16:09.626, 10353
2026/09/24 22:16:10.126, 10353
2026/09/24 22:16:10.626, 10353
2026/09/24 22:16:11.126, 10353
2026/09/24 22:16:11.626, 10353
2026/09/24 22:16:12.126, 10353
2026/09/24 22:16:12.627, 10353
2026/09/24 22:16:13.127, 10353
2026/09/24 22:16:13.627, 10353
2026/09/24 22:16:14.127, 10353
2026/09/24 22:16:14.627, 10353
2026/09/24 22:16:15.127, 10353
2026/09/24 22:16:15.627, 10353
2026/09/24 22:16:16.128, 10353
2026/09/24 22:16:16.628, 10353
2026/09/24 22:16:17.128, 10353
2026/09/24 22:16:17.628, 10353
2026/09/24 22:16:18.128, 10353
2026/09/24 22:16:18.628, 10353
2026/09/24 22:16:19.129, 10353
2026/09/24 22:16:19.629, 10353
2026/09/24 22:16:20.129, 10353
2026/09/24 22:16:20.629, 10353
2026/09/24 22:16:21.129, 10353
2026/09/24 22:16:21.629, 10353
2026/09/24 22:16:22.129, 10353
2026/09/24 22:16:22.630, 10353
2026/09/24 22:16:23.130, 10353
2026/09/24 22:16:23.630, 10353
2026/09/24 22:16:24.130, 10353
2026/09/24 22:16:24.630, 10353
2026/09/24 22:16:25.130, 10353
2026/09/24 22:16:25.631, 10353
2026/09/24 22:16:26.131, 10353
2026/09/24 22:16:26.631, 10353
2026/09/24 22:16:27.131, 10353
2026/09/24 22:16:27.631, 10353
2026/09/24 22:16:28.131, 10353
2026/09/24 22:16:28.631, 10353
2026/09/24 22:16:29.132, 10353
2026/09/24 22:16:29.632, 10353
2026/09/24 22:16:30.132, 10353
2026/09/24 22:16:30.632, 10353
2026/09/24 22:16:31.132, 10353
2026/09/24 22:16:31.632, 10353
2026/09/24 22:16:32.133, 10353
2026/09/24 22:16:32.633, 10353
2026/09/24 22:16:33.133, 10353
2026/09/24 22:16:33.633, 10353
2026/09/24 22:16:34.133, 10353
2026/09/24 22:16:34.633, 10353
2026/09/24 22:16:35.134, 10353
2026/09/24 22:16:35.634, 10353
2026/09/24 22:16:36.134, 10353
2026/09/24 22:16:36.634, 10353
2026/09/24 22:16:37.134, 10353
2026/09/24 22:16:37.634, 10353
2026/09/24 22:16:38.134, 10353
2026/09/24 22:16:38.635, 10353
2026/09/24 22:16:39.135, 10353
2026/09/24 22:16:39.635, 10353
2026/09/24 22:16:40.135, 10353
2026/09/24 22:16:40.635, 10353
2026/09/24 22:16:41.135, 10353
2026/09/24 22:16:41.635, 10353
2026/09/24 22:16:42.136, 10353
2026/09/24 22:16:42.636, 10353
2026/09/24 22:16:43.136, 10353
2026/09/24 22:16:43.636, 10353
2026/09/24 22:16:44.136, 10353
2026/09/24 22:16:44.636, 10353
2026/09/24 22:16:45.137, 10353
2026/09/24 22:16:45.637, 10353
2026/09/24 22:16:46.137, 10353
2026/09/24 22:16:46.637, 10353
2026/09/24 22:16:47.137, 10353
2026/09/24 22:16:47.637, 10353
2026/09/24 22:16:48.138, 10353
2026/09/24 22:16:48.638, 10353
2026/09/24 22:16:49.138, 10353
2026/09/24 22:16:49.638, 10353
2026/09/24 22:16:50.138, 10353
2026/09/24 22:16:50.638, 10353
2026/09/24 22:16:51.138, 10353
2026/09/24 22:16:51.638, 10353
2026/09/24 22:16:52.139, 10353
2026/09/24 22:16:52.639, 10353
2026/09/24 22:16:53.139, 10353
2026/09/24 22:16:53.639, 10353
2026/09/24 22:16:54.139, 10353
2026/09/24 22:16:54.639, 10353
2026/09/24 22:16:55.139, 10353
2026/09/24 22:16:55.640, 10353
2026/09/24 22:16:56.140, 10353
2026/09/24 22:16:56.640, 10353
2026/09/24 22:16:57.140, 10353
2026/09/24 22:16:57.640, 10353
2026/09/24 22:16:58.140, 10353
2026/09/24 22:16:58.641, 10353
2026/09/24 22:16:59.141, 10353
2026/09/24 22:16:59.641, 10353
2026/09/24 22:17:00.141, 10353
2026/09/24 22:17:00.641, 10353
2026/09/24 22:17:01.142, 10353
2026/09/24 22:17:01.642, 10353
2026/09/24 22:17:02.142, 10353
2026/09/24 22:17:02.642, 10353
2026/09/24 22:17:03.142, 10353
2026/09/24 22:17:03.643, 10353
2026/09/24 22:17:04.143, 10353
2026/09/24 22:17:04.643, 10353
2026/09/24 22:17:05.143, 10353
2026/09/24 22:17:05.643, 10353
2026/09/24 22:17:06.143, 10353
2026/09/24 22:17:06.644, 10353
2026/09/24 22:17:07.144, 10353
2026/09/24 22:17:07.644, 10353
2026/09/24 22:17:08.144, 10353
2026/09/24 22:17:08.644, 10353
2026/09/24 22:17:09.144, 10353
2026/09/24 22:17:09.644, 10353
2026/09/24 22:17:10.145, 10353
2026/09/24 22:17:10.645, 10353
2026/09/24 22:17:11.145, 10353
2026/09/24 22:17:11.645, 10353
2026/09/24 22:17:12.145, 10353
2026/09/24 22:17:12.645, 10353
2026/09/24 22:17:13.146, 10353
2026/09/24 22:17:13.646, 10353
2026/09/24 22:17:14.146, 10353
2026/09/24 22:17:14.646, 10353
2026/09/24 22:17:15.146, 10353
2026/09/24 22:17:15.646, 10353
2026/09/24 22:17:16.147, 10353
2026/09/24 22:17:16.647, 10353
2026/09/24 22:17:17.147, 10353
2026/09/24 22:17:17.647, 10353
2026/09/24 22:17:18.147, 10353
2026/09/24 22:17:18.647, 10353
2026/09/24 22:17:19.148, 10353
2026/09/24 22:17:19.648, 10353
2026/09/24 22:17:20.148, 10353
2026/09/24 22:17:20.648, 10353
2026/09/24 22:17:21.148, 10353
2026/09/24 22:17:21.648, 10353
2026/09/24 22:17:22.149, 10353
2026/09/24 22:17:22.649, 10353
2026/09/24 22:17:23.149, 10353
2026/09/24 22:17:23.649, 10353
2026/09/24 22:17:24.149, 10353
2026/09/24 22:17:24.649, 10353
2026/09/24 22:17:25.150, 10353
2026/09/24 22:17:25.650, 10353
2026/09/24 22:17:26.150, 10353
2026/09/24 22:17:26.650, 10353
2026/09/24 22:17:27.150, 10353
2026/09/24 22:17:27.650, 10353
2026/09/24 22:17:28.151, 10353
2026/09/24 22:17:28.651, 10353
2026/09/24 22:17:29.151, 10353
2026/09/24 22:17:29.651, 10353
2026/09/24 22:17:30.151, 10353
2026/09/24 22:17:30.651, 10353
2026/09/24 22:17:31.152, 10353
2026/09/24 22:17:31.652, 10353
2026/09/24 22:17:32.152, 10353
2026/09/24 22:17:32.652, 10353
2026/09/24 22:17:33.152, 10353
2026/09/24 22:17:33.652, 10353
2026/09/24 22:17:34.153, 10353
2026/09/24 22:17:34.653, 10353
2026/09/24 22:17:35.153, 10353
2026/09/24 22:17:35.653, 10353
2026/09/24 22:17:36.153, 10353
2026/09/24 22:17:36.653, 10353
2026/09/24 22:17:37.154, 10353
2026/09/24 22:17:37.654, 10353
2026/09/24 22:17:38.154, 10353
2026/09/24 22:17:38.654, 10353
2026/09/24 22:17:39.154, 10353
2026/09/24 22:17:39.654, 10353
2026/09/24 22:17:40.155, 10353
2026/09/24 22:17:40.655, 10353
2026/09/24 22:17:41.155, 10353
2026/09/24 22:17:41.655, 10353
2026/09/24 22:17:42.155, 10353
2026/09/24 22:17:42.655, 10353
2026/09/24 22:17:43.156, 10353
2026/09/24 22:17:43.656, 10353
2026/09/24 22:17:44.156, 10353
2026/09/24 22:17:44.656, 10353
2026/09/24 22:17:45.156, 10353
2026/09/24 22:17:45.656, 10353
2026/09/24 22:17:46.157, 10353
2026/09/24 22:17:46.657, 10353
2026/09/24 22:17:47.157, 10353
2026/09/24 22:17:47.657, 10353
2026/09/24 22:17:48.157, 10353
2026/09/24 22:17:48.657, 10353
2026/09/24 22:17:49.158, 10353
2026/09/24 22:17:49.658, 10353
2026/09/24 22:17:50.158, 10353
2026/09/24 22:17:50.658, 10353
2026/09/24 22:17:51.158, 10353
2026/09/24 22:17:51.658, 10353
2026/09/24 22:17:52.159, 10353
2026/09/24 22:17:52.659, 10353
2026/09/24 22:17:53.159, 10353
2026/09/24 22:17:53.659, 10353
2026/09/24 22:17:54.159, 10353
2026/09/24 22:17:54.659, 10353
2026/09/24 22:17:55.160, 10353
2026/09/24 22:17:55.660, 10353
2026/09/24 22:17:56.160, 10353
2026/09/24 22:17:56.660, 10353
2026/09/24 22:17:57.160, 10353
2026/09/24 22:17:57.660, 10353
2026/09/24 22:17:58.160, 10353
2026/09/24 22:17:58.661, 10353
2026/09/24 22:17:59.161, 10353
2026/09/24 22:17:59.661, 10353
2026/09/24 22:18:00.161, 10353
2026/09/24 22:18:00.661, 10353
2026/09/24 22:18:01.161, 10353
2026/09/24 22:18:01.662, 10353
2026/09/24 22:18:02.162, 10353
2026/09/24 22:18:02.662, 10353
2026/09/24 22:18:03.162, 10353
2026/09/24 22:18:03.662, 10353
2026/09/24 22:18:04.162, 10353
2026/09/24 22:18:04.662, 10353
2026/09/24 22:18:05.163, 10353
2026/09/24 22:18:05.663, 10353
2026/09/24 22:18:06.163, 10353
2026/09/24 22:18:06.663, 10353
2026/09/24 22:18:07.163, 10353
2026/09/24 22:18:07.663, 10353
2026/09/24 22:18:08.163, 10353
2026/09/24 22:18:08.664, 10353
2026/09/24 22:18:09.164, 10353
2026/09/24 22:18:09.664, 10353
2026/09/24 22:18:10.164, 10353
2026/09/24 22:18:10.664, 10353
2026/09/24 22:18:11.164, 10353
2026/09/24 22:18:11.665, 10353
2026/09/24 22:18:12.165, 10353
2026/09/24 22:18:12.665, 10353
2026/09/24 22:18:13.165, 10353
2026/09/24 22:18:13.665, 10353
2026/09/24 22:18:14.165, 10353
2026/09/24 22:18:14.665, 10353
2026/09/24 22:18:15.166, 10353
2026/09/24 22:18:15.666, 10353
2026/09/24 22:18:16.166, 10353
2026/09/24 22:18:16.666, 10353
2026/09/24 22:18:17.166, 10353
2026/09/24 22:18:17.673, 10353
2026/09/24 22:18:18.173, 10353
2026/09/24 22:18:18.673, 10353
2026/09/24 22:18:19.174, 10353
2026/09/24 22:18:19.674, 10353
2026/09/24 22:18:20.174, 10353
2026/09/24 22:18:20.674, 10353
2026/09/24 22:18:21.174, 10353
2026/09/24 22:18:21.674, 10353
2026/09/24 22:18:22.175, 10353
2026/09/24 22:18:22.675, 10353
2026/09/24 22:18:23.175, 10353
2026/09/24 22:18:23.675, 10353
2026/09/24 22:18:24.175, 10353
2026/09/24 22:18:24.675, 10353
2026/09/24 22:18:25.176, 10353
2026/09/24 22:18:25.676, 10353
2026/09/24 22:18:26.176, 10353
2026/09/24 22:18:26.676, 10353
2026/09/24 22:18:27.176, 10353
2026/09/24 22:18:27.677, 10353
2026/09/24 22:18:28.177, 10353
2026/09/24 22:18:28.677, 10353
2026/09/24 22:18:29.177, 10353
2026/09/24 22:18:29.677, 10353
2026/09/24 22:18:30.177, 10353
2026/09/24 22:18:30.677, 10353
2026/09/24 22:18:31.178, 10353
2026/09/24 22:18:31.678, 10353
2026/09/24 22:18:32.178, 10353
2026/09/24 22:18:32.678, 10353
2026/09/24 22:18:33.178, 10353
2026/09/24 22:18:33.678, 10353
2026/09/24 22:18:34.179, 10353
2026/09/24 22:18:34.679, 10353
2026/09/24 22:18:35.179, 10353
2026/09/24 22:18:35.679, 10353
2026/09/24 22:18:36.179, 10353
2026/09/24 22:18:36.679, 10353
2026/09/24 22:18:37.180, 10353
2026/09/24 22:18:37.680, 10353
2026/09/24 22:18:38.180, 10353
2026/09/24 22:18:38.680, 10353
2026/09/24 22:18:39.180, 10353
2026/09/24 22:18:39.681, 10353
2026/09/24 22:18:40.181, 10353
2026/09/24 22:18:40.681, 10353
2026/09/24 22:18:41.181, 10353
2026/09/24 22:18:41.681, 10353
2026/09/24 22:18:42.181, 10353
2026/09/24 22:18:42.681, 10353
2026/09/24 22:18:43.182, 10353
2026/09/24 22:18:43.682, 10353
2026/09/24 22:18:44.182, 10353
2026/09/24 22:18:44.682, 10353
2026/09/24 22:18:45.182, 10353
2026/09/24 22:18:45.682, 10353
2026/09/24 22:18:46.183, 10353
2026/09/24 22:18:46.683, 10353
2026/09/24 22:18:47.183, 10353
2026/09/24 22:18:47.683, 10353
2026/09/24 22:18:48.183, 10353
2026/09/24 22:18:48.683, 10353
2026/09/24 22:18:49.184, 10353
2026/09/24 22:18:49.684, 10353
2026/09/24 22:18:50.184, 10353
2026/09/24 22:18:50.684, 10353
2026/09/24 22:18:51.184, 10353
2026/09/24 22:18:51.685, 10353
2026/09/24 22:18:52.185, 10353
2026/09/24 22:18:52.685, 10353
2026/09/24 22:18:53.185, 10353
2026/09/24 22:18:53.685, 10353
2026/09/24 22:18:54.185, 10353
2026/09/24 22:18:54.685, 10353
2026/09/24 22:18:55.186, 10353
2026/09/24 22:18:55.686, 10353
2026/09/24 22:18:56.186, 10353
2026/09/24 22:18:56.686, 10353
2026/09/24 22:18:57.186, 10353
2026/09/24 22:18:57.686, 10353
2026/09/24 22:18:58.187, 10353
2026/09/24 22:18:58.687, 10353
2026/09/24 22:18:59.187, 10353
2026/09/24 22:18:59.687, 10353
2026/09/24 22:19:00.187, 10353
2026/09/24 22:19:00.687, 10353
2026/09/24 22:19:01.188, 10353
2026/09/24 22:19:01.688, 10353
2026/09/24 22:19:02.188, 10353
2026/09/24 22:19:02.688, 10353
2026/09/24 22:19:03.188, 10353
2026/09/24 22:19:03.688, 10353
2026/09/24 22:19:04.189, 10353
2026/09/24 22:19:04.689, 10353
2026/09/24 22:19:05.189, 10353
2026/09/24 22:19:05.689, 10353
2026/09/24 22:19:06.189, 10353
2026/09/24 22:19:06.689, 10353
2026/09/24 22:19:07.190, 10353
2026/09/24 22:19:07.690, 10353
2026/09/24 22:19:08.190, 10353
2026/09/24 22:19:08.690, 10353
2026/09/24 22:19:09.190, 10353
2026/09/24 22:19:09.690, 10353
2026/09/24 22:19:10.191, 10353
2026/09/24 22:19:10.691, 10353
2026/09/24 22:19:11.191, 10353
2026/09/24 22:19:11.691, 10353
2026/09/24 22:19:12.191, 10353
2026/09/24 22:19:12.691, 10353
2026/09/24 22:19:13.192, 10353
2026/09/24 22:19:13.692, 10353
2026/09/24 22:19:14.192, 10353
2026/09/24 22:19:14.692, 10353
2026/09/24 22:19:15.192, 10353
2026/09/24 22:19:15.692, 10353
2026/09/24 22:19:16.192, 10353
2026/09/24 22:19:16.693, 10353
2026/09/24 22:19:17.193, 10353
2026/09/24 22:19:17.693, 10353
2026/09/24 22:19:18.193, 10353
2026/09/24 22:19:18.693, 10353
2026/09/24 22:19:19.193, 10353
2026/09/24 22:19:19.693, 10353
2026/09/24 22:19:20.194, 10353
2026/09/24 22:19:20.694, 10353
2026/09/24 22:19:21.194, 10353
2026/09/24 22:19:21.694, 10353
2026/09/24 22:19:22.194, 10353
2026/09/24 22:19:22.694, 10353
2026/09/24 22:19:23.194, 10353
2026/09/24 22:19:23.695, 10353
2026/09/24 22:19:24.195, 10353
2026/09/24 22:19:24.695, 10353
2026/09/24 22:19:25.195, 10353
2026/09/24 22:19:25.695, 10353
2026/09/24 22:19:26.195, 10353
2026/09/24 22:19:26.696, 10353
2026/09/24 22:19:27.196, 10353
2026/09/24 22:19:27.696, 10353
2026/09/24 22:19:28.196, 10353
2026/09/24 22:19:28.696, 10353
2026/09/24 22:19:29.196, 10353
2026/09/24 22:19:29.697, 10353
2026/09/24 22:19:30.197, 10353
2026/09/24 22:19:30.697, 10353
2026/09/24 22:19:31.197, 10353
2026/09/24 22:19:31.697, 10353
2026/09/24 22:19:32.197, 10353
2026/09/24 22:19:32.697, 10353
2026/09/24 22:19:33.198, 10353
2026/09/24 22:19:33.698, 10353
2026/09/24 22:19:34.198, 10353
2026/09/24 22:19:34.698, 10353
2026/09/24 22:19:35.198, 10353
2026/09/24 22:19:35.698, 10353
2026/09/24 22:19:36.198, 10353
2026/09/24 22:19:36.699, 10353
2026/09/24 22:19:37.199, 10353
2026/09/24 22:19:37.699, 10353
2026/09/24 22:19:38.199, 10353
2026/09/24 22:19:38.699, 10353
2026/09/24 22:19:39.199, 10353
2026/09/24 22:19:39.699, 10353
2026/09/24 22:19:40.200, 10353
2026/09/24 22:19:40.700, 10353
2026/09/24 22:19:41.200, 10353
2026/09/24 22:19:41.700, 10353
2026/09/24 22:19:42.200, 10353
2026/09/24 22:19:42.700, 10353
2026/09/24 22:19:43.200, 10353
2026/09/24 22:19:43.701, 10353
2026/09/24 22:19:44.201, 10353
2026/09/24 22:19:44.701, 10353
2026/09/24 22:19:45.201, 10353
2026/09/24 22:19:45.701, 10353
2026/09/24 22:19:46.201, 10353
2026/09/24 22:19:46.701, 10353
2026/09/24 22:19:47.202, 10353
2026/09/24 22:19:47.702, 10353
2026/09/24 22:19:48.202, 10353
2026/09/24 22:19:48.702, 10353
2026/09/24 22:19:49.202, 10353
2026/09/24 22:19:49.702, 10353
2026/09/24 22:19:50.203, 10353
2026/09/24 22:19:50.703, 10353
2026/09/24 22:19:51.203, 10353
2026/09/24 22:19:51.703, 10353
2026/09/24 22:19:52.203, 10353
2026/09/24 22:19:52.703, 10353
2026/09/24 22:19:53.203, 10353
2026/09/24 22:19:53.704, 10353
2026/09/24 22:19:54.204, 10353
2026/09/24 22:19:54.704, 10353
2026/09/24 22:19:55.204, 10353
2026/09/24 22:19:55.704, 10353
2026/09/24 22:19:56.204, 10353
2026/09/24 22:19:56.704, 10353
2026/09/24 22:19:57.205, 10353
2026/09/24 22:19:57.705, 10353
2026/09/24 22:19:58.205, 10353
2026/09/24 22:19:58.705, 10353
2026/09/24 22:19:59.205, 10353
2026/09/24 22:19:59.705, 10353
2026/09/24 22:20:00.205, 10353
2026/09/24 22:20:00.706, 10353
2026/09/24 22:20:01.206, 10353
2026/09/24 22:20:01.706, 10353
2026/09/24 22:20:02.206, 10353
2026/09/24 22:20:02.706, 10353
2026/09/24 22:20:03.206, 10353
2026/09/24 22:20:03.706, 10353
2026/09/24 22:20:04.207, 10353
2026/09/24 22:20:04.707, 10353
2026/09/24 22:20:05.207, 10353
2026/09/24 22:20:05.708, 10353
2026/09/24 22:20:06.208, 10353
2026/09/24 22:20:06.708, 10353
2026/09/24 22:20:07.208, 10353
2026/09/24 22:20:07.708, 10353
2026/09/24 22:20:08.208, 10353
2026/09/24 22:20:08.708, 10353
2026/09/24 22:20:09.209, 10353
2026/09/24 22:20:09.709, 10353
2026/09/24 22:20:10.209, 10353
2026/09/24 22:20:10.709, 10353
2026/09/24 22:20:11.209, 10353
2026/09/24 22:20:11.709, 10353
2026/09/24 22:20:12.210, 10353
2026/09/24 22:20:12.710, 10353
2026/09/24 22:20:13.210, 10353
2026/09/24 22:20:13.710, 10353
2026/09/24 22:20:14.210, 10353
2026/09/24 22:20:14.710, 10353
2026/09/24 22:20:15.210, 10353
2026/09/24 22:20:15.711, 10353
2026/09/24 22:20:16.211, 10353
2026/09/24 22:20:16.711, 10353
2026/09/24 22:20:17.211, 10353
2026/09/24 22:20:17.711, 10353
2026/09/24 22:20:18.211, 10353
2026/09/24 22:20:18.711, 10353
2026/09/24 22:20:19.212, 10353
2026/09/24 22:20:19.712, 10353
2026/09/24 22:20:20.212, 10353
2026/09/24 22:20:20.712, 10353
2026/09/24 22:20:21.212, 10353
2026/09/24 22:20:21.713, 10353
2026/09/24 22:20:22.213, 10353
2026/09/24 22:20:22.713, 10353
2026/09/24 22:20:23.213, 10353
2026/09/24 22:20:23.713, 10353
2026/09/24 22:20:24.213, 10353
2026/09/24 22:20:24.714, 10353
2026/09/24 22:20:25.214, 10353
2026/09/24 22:20:25.714, 10353
2026/09/24 22:20:26.214, 10353
2026/09/24 22:20:26.714, 10353
2026/09/24 22:20:27.214, 10353
2026/09/24 22:20:27.715, 10353
2026/09/24 22:20:28.215, 10353
2026/09/24 22:20:28.715, 10353
2026/09/24 22:20:29.215, 10353
2026/09/24 22:20:29.715, 10353
2026/09/24 22:20:30.215, 10353
2026/09/24 22:20:30.715, 10353
2026/09/24 22:20:31.216, 10353
2026/09/24 22:20:31.716, 10353
2026/09/24 22:20:32.216, 10353
2026/09/24 22:20:32.716, 10353
2026/09/24 22:20:33.216, 10353
2026/09/24 22:20:33.717, 10353
2026/09/24 22:20:34.217, 10353
2026/09/24 22:20:34.717, 10353
2026/09/24 22:20:35.217, 10353
2026/09/24 22:20:35.717, 10353
2026/09/24 22:20:36.217, 10353
2026/09/24 22:20:36.717, 10353
2026/09/24 22:20:37.218, 10353
2026/09/24 22:20:37.718, 10353
2026/09/24 22:20:38.218, 10353
2026/09/24 22:20:38.718, 10353
2026/09/24 22:20:39.218, 10353
2026/09/24 22:20:39.718, 10353
2026/09/24 22:20:40.219, 10353
2026/09/24 22:20:40.719, 10353
2026/09/24 22:20:41.219, 10353
2026/09/24 22:20:41.719, 10353
2026/09/24 22:20:42.219, 10353
2026/09/24 22:20:42.720, 10353
2026/09/24 22:20:43.220, 10353
2026/09/24 22:20:43.720, 10353
2026/09/24 22:20:44.220, 10353
2026/09/24 22:20:44.720, 10353
2026/09/24 22:20:45.220, 10353
2026/09/24 22:20:45.721, 10353
2026/09/24 22:20:46.221, 10353
2026/09/24 22:20:46.721, 10353
2026/09/24 22:20:47.221, 10353
2026/09/24 22:20:47.721, 10353
2026/09/24 22:20:48.221, 10353
2026/09/24 22:20:48.721, 10353
2026/09/24 22:20:49.222, 10353
2026/09/24 22:20:49.722, 10353
2026/09/24 22:20:50.222, 10353
2026/09/24 22:20:50.722, 10353
2026/09/24 22:20:51.222, 10353
2026/09/24 22:20:51.722, 10353
2026/09/24 22:20:52.223, 10353
2026/09/24 22:20:52.723, 10353
2026/09/24 22:20:53.223, 10353
2026/09/24 22:20:53.723, 10353
2026/09/24 22:20:54.223, 10353
2026/09/24 22:20:54.723, 10353
2026/09/24 22:20:55.223, 10353
2026/09/24 22:20:55.724, 10353
2026/09/24 22:20:56.224, 10353
2026/09/24 22:20:56.724, 10353
2026/09/24 22:20:57.224, 10353
2026/09/24 22:20:57.724, 10353
2026/09/24 22:20:58.224, 10353
2026/09/24 22:20:58.725, 10353
2026/09/24 22:20:59.225, 10353
2026/09/24 22:20:59.725, 10353
2026/09/24 22:21:00.225, 10353
2026/09/24 22:21:00.725, 10353
2026/09/24 22:21:01.225, 10353
2026/09/24 22:21:01.726, 10353
2026/09/24 22:21:02.226, 10353
2026/09/24 22:21:02.726, 10353
2026/09/24 22:21:03.226, 10353
2026/09/24 22:21:03.726, 10353
2026/09/24 22:21:04.226, 10353
2026/09/24 22:21:04.727, 10353
2026/09/24 22:21:05.227, 10353
2026/09/24 22:21:05.727, 10353
2026/09/24 22:21:06.227, 10353
2026/09/24 22:21:06.727, 10353
2026/09/24 22:21:07.227, 10353
2026/09/24 22:21:07.728, 10353
2026/09/24 22:21:08.228, 10353
2026/09/24 22:21:08.728, 10353
2026/09/24 22:21:09.228, 10353
2026/09/24 22:21:09.728, 10353
2026/09/24 22:21:10.228, 10353
2026/09/24 22:21:10.729, 10353
2026/09/24 22:21:11.229, 10353
2026/09/24 22:21:11.729, 10353
2026/09/24 22:21:12.229, 10353
2026/09/24 22:21:12.729, 10353
2026/09/24 22:21:13.229, 10353
2026/09/24 22:21:13.730, 10353
2026/09/24 22:21:14.230, 10353
2026/09/24 22:21:14.730, 10353
2026/09/24 22:21:15.230, 10353
2026/09/24 22:21:15.730, 10353
2026/09/24 22:21:16.230, 10353
2026/09/24 22:21:16.731, 10353
2026/09/24 22:21:17.231, 10353
2026/09/24 22:21:17.731, 10353
2026/09/24 22:21:18.231, 10353
2026/09/24 22:21:18.731, 10353
2026/09/24 22:21:19.231, 10353
2026/09/24 22:21:19.732, 10353
2026/09/24 22:21:20.232, 10353
2026/09/24 22:21:20.732, 10353
2026/09/24 22:21:21.232, 10353
2026/09/24 22:21:21.732, 10353
2026/09/24 22:21:22.233, 10353
2026/09/24 22:21:22.733, 10353
2026/09/24 22:21:23.233, 10353
2026/09/24 22:21:23.733, 10353
2026/09/24 22:21:24.233, 10353
2026/09/24 22:21:24.733, 10353
2026/09/24 22:21:25.234, 10353
2026/09/24 22:21:25.734, 10353
2026/09/24 22:21:26.234, 10353
2026/09/24 22:21:26.734, 10353
2026/09/24 22:21:27.234, 10353
2026/09/24 22:21:27.734, 10353
2026/09/24 22:21:28.235, 10353
2026/09/24 22:21:28.735, 10353
2026/09/24 22:21:29.235, 10353
2026/09/24 22:21:29.735, 10353
2026/09/24 22:21:30.235, 10353
2026/09/24 22:21:30.735, 10353
2026/09/24 22:21:31.236, 10353
2026/09/24 22:21:31.736, 10353
2026/09/24 22:21:32.236, 10353
2026/09/24 22:21:32.736, 10353
2026/09/24 22:21:33.236, 10353
2026/09/24 22:21:33.736, 10353
2026/09/24 22:21:34.237, 10353
2026/09/24 22:21:34.737, 10353
2026/09/24 22:21:35.237, 10353
2026/09/24 22:21:35.737, 10353
2026/09/24 22:21:36.237, 10353
2026/09/24 22:21:36.737, 10353
2026/09/24 22:21:37.238, 10353
2026/09/24 22:21:37.738, 10353
2026/09/24 22:21:38.238, 10353
2026/09/24 22:21:38.738, 10353
2026/09/24 22:21:39.238, 10353
2026/09/24 22:21:39.738, 10353
2026/09/24 22:21:40.239, 10353
2026/09/24 22:21:40.739, 10353
2026/09/24 22:21:41.239, 10353
2026/09/24 22:21:41.739, 10353
2026/09/24 22:21:42.239, 10353
2026/09/24 22:21:42.739, 10353
2026/09/24 22:21:43.240, 10353
2026/09/24 22:21:43.740, 10353
2026/09/24 22:21:44.240, 10353
2026/09/24 22:21:44.740, 10353
2026/09/24 22:21:45.240, 10353
2026/09/24 22:21:45.740, 10353
2026/09/24 22:21:46.241, 10353
2026/09/24 22:21:46.741, 10353
2026/09/24 22:21:47.241, 10353
2026/09/24 22:21:47.741, 10353
2026/09/24 22:21:48.241, 10353
2026/09/24 22:21:48.741, 10353
2026/09/24 22:21:49.242, 10353
2026/09/24 22:21:49.742, 10353
2026/09/24 22:21:50.242, 10353
2026/09/24 22:21:50.742, 10353
2026/09/24 22:21:51.242, 10353
2026/09/24 22:21:51.742, 10353
2026/09/24 22:21:52.243, 10353
2026/09/24 22:21:52.743, 10353
2026/09/24 22:21:53.243, 10353
2026/09/24 22:21:53.743, 10353
2026/09/24 22:21:54.243, 10353
2026/09/24 22:21:54.743, 10353
2026/09/24 22:21:55.244, 10353
2026/09/24 22:21:55.744, 10353
2026/09/24 22:21:56.244, 10353
2026/09/24 22:21:56.744, 10353
2026/09/24 22:21:57.244, 10353
2026/09/24 22:21:57.744, 10353
2026/09/24 22:21:58.244, 10353
2026/09/24 22:21:58.745, 10353
2026/09/24 22:21:59.245, 10353
2026/09/24 22:21:59.745, 10353
2026/09/24 22:22:00.245, 10353
2026/09/24 22:22:00.745, 10353
2026/09/24 22:22:01.245, 10353
2026/09/24 22:22:01.745, 10353
2026/09/24 22:22:02.246, 10353
2026/09/24 22:22:02.746, 10353
2026/09/24 22:22:03.246, 10353
2026/09/24 22:22:03.746, 10353
2026/09/24 22:22:04.246, 10353
2026/09/24 22:22:04.746, 10353
2026/09/24 22:22:05.247, 10353
2026/09/24 22:22:05.747, 10353
2026/09/24 22:22:06.247, 10353
2026/09/24 22:22:06.747, 10353
2026/09/24 22:22:07.247, 10353
2026/09/24 22:22:07.747, 10353
2026/09/24 22:22:08.247, 10353
2026/09/24 22:22:08.748, 10353
2026/09/24 22:22:09.248, 10353
2026/09/24 22:22:09.748, 10353
2026/09/24 22:22:10.248, 10353
2026/09/24 22:22:10.748, 10353
2026/09/24 22:22:11.248, 10353
2026/09/24 22:22:11.748, 10353
2026/09/24 22:22:12.249, 10353
2026/09/24 22:22:12.749, 10353
2026/09/24 22:22:13.249, 10353
2026/09/24 22:22:13.749, 10353
2026/09/24 22:22:14.249, 10353
2026/09/24 22:22:14.749, 10353
2026/09/24 22:22:15.250, 10353
2026/09/24 22:22:15.750, 10353
2026/09/24 22:22:16.250, 10353
2026/09/24 22:22:16.750, 10353
2026/09/24 22:22:17.250, 10353
2026/09/24 22:22:17.750, 10353
2026/09/24 22:22:18.250, 10353
2026/09/24 22:22:18.751, 10353
2026/09/24 22:22:19.251, 10353
2026/09/24 22:22:19.751, 10353
2026/09/24 22:22:20.251, 10353
2026/09/24 22:22:20.751, 10353
2026/09/24 22:22:21.251, 10353
2026/09/24 22:22:21.751, 10353
2026/09/24 22:22:22.252, 10353
2026/09/24 22:22:22.752, 10353
2026/09/24 22:22:23.252, 10353
2026/09/24 22:22:23.752, 10353
2026/09/24 22:22:24.252, 10353
2026/09/24 22:22:24.752, 10353
2026/09/24 22:22:25.253, 10353
2026/09/24 22:22:25.753, 10353
2026/09/24 22:22:26.253, 10353
2026/09/24 22:22:26.753, 10353
2026/09/24 22:22:27.253, 10353
2026/09/24 22:22:27.753, 10353
2026/09/24 22:22:28.253, 10353
2026/09/24 22:22:28.754, 10353
2026/09/24 22:22:29.254, 10353
2026/09/24 22:22:29.754, 10353
2026/09/24 22:22:30.254, 10353
2026/09/24 22:22:30.754, 10353
2026/09/24 22:22:31.254, 10353
2026/09/24 22:22:31.755, 10353
2026/09/24 22:22:32.255, 10353
2026/09/24 22:22:32.755, 10353
2026/09/24 22:22:33.255, 10353
2026/09/24 22:22:33.755, 10353
2026/09/24 22:22:34.255, 10353
2026/09/24 22:22:34.755, 10353
2026/09/24 22:22:35.256, 10353
2026/09/24 22:22:35.756, 10353
2026/09/24 22:22:36.256, 10353
2026/09/24 22:22:36.756, 10353
2026/09/24 22:22:37.256, 10353
2026/09/24 22:22:37.756, 10353
2026/09/24 22:22:38.256, 10353
2026/09/24 22:22:38.757, 10353
2026/09/24 22:22:39.257, 10353
2026/09/24 22:22:39.757, 10353
2026/09/24 22:22:40.257, 10353
2026/09/24 22:22:40.757, 10353
2026/09/24 22:22:41.257, 10353
2026/09/24 22:22:41.758, 10353
2026/09/24 22:22:42.258, 10353
2026/09/24 22:22:42.758, 10353
2026/09/24 22:22:43.258, 10353
2026/09/24 22:22:43.758, 10353
2026/09/24 22:22:44.258, 10353
2026/09/24 22:22:44.758, 10353
2026/09/24 22:22:45.259, 10353
2026/09/24 22:22:45.759, 10353
2026/09/24 22:22:46.259, 10353
2026/09/24 22:22:46.759, 10353
2026/09/24 22:22:47.259, 10353
2026/09/24 22:22:47.759, 10353
2026/09/24 22:22:48.260, 10353
2026/09/24 22:22:48.760, 10353
2026/09/24 22:22:49.260, 10353
2026/09/24 22:22:49.760, 10353
2026/09/24 22:22:50.260, 10353
2026/09/24 22:22:50.761, 10353
2026/09/24 22:22:51.261, 10353
2026/09/24 22:22:51.761, 10353
2026/09/24 22:22:52.261, 10353
2026/09/24 22:22:52.761, 10353
2026/09/24 22:22:53.261, 10353
2026/09/24 22:22:53.761, 10353
2026/09/24 22:22:54.262, 10353
2026/09/24 22:22:54.762, 10353
2026/09/24 22:22:55.262, 10353
2026/09/24 22:22:55.762, 10353
2026/09/24 22:22:56.262, 10353
2026/09/24 22:22:56.762, 10353
2026/09/24 22:22:57.263, 10353
2026/09/24 22:22:57.763, 10353
2026/09/24 22:22:58.263, 10353
2026/09/24 22:22:58.763, 10353
2026/09/24 22:22:59.263, 10353
2026/09/24 22:22:59.763, 10353
2026/09/24 22:23:00.264, 10353
2026/09/24 22:23:00.764, 10353
2026/09/24 22:23:01.264, 10353
2026/09/24 22:23:01.764, 10353
2026/09/24 22:23:02.264, 10353
2026/09/24 22:23:02.764, 10353
2026/09/24 22:23:03.264, 10353
2026/09/24 22:23:03.765, 10353
2026/09/24 22:23:04.265, 10353
2026/09/24 22:23:04.765, 10353
2026/09/24 22:23:05.265, 10353
2026/09/24 22:23:05.765, 10353
2026/09/24 22:23:06.265, 10353
2026/09/24 22:23:06.765, 10353
2026/09/24 22:23:07.266, 10353
2026/09/24 22:23:07.766, 10353
2026/09/24 22:23:08.266, 10353
2026/09/24 22:23:08.766, 10353
2026/09/24 22:23:09.266, 10353
2026/09/24 22:23:09.766, 10353
2026/09/24 22:23:10.267, 10353
2026/09/24 22:23:10.767, 10353
2026/09/24 22:23:11.267, 10353
2026/09/24 22:23:11.767, 10353
2026/09/24 22:23:12.267, 10353
2026/09/24 22:23:12.767, 10353
2026/09/24 22:23:13.267, 10353
2026/09/24 22:23:13.768, 10353
2026/09/24 22:23:14.268, 10353
2026/09/24 22:23:14.768, 10353
2026/09/24 22:23:15.268, 10353
2026/09/24 22:23:15.768, 10353
2026/09/24 22:23:16.269, 10353
2026/09/24 22:23:16.769, 10353
2026/09/24 22:23:17.269, 10353
2026/09/24 22:23:17.769, 10353
2026/09/24 22:23:18.269, 10353
2026/09/24 22:23:18.769, 10353
2026/09/24 22:23:19.269, 10353
2026/09/24 22:23:19.769, 10353
2026/09/24 22:23:20.270, 10353
2026/09/24 22:23:20.770, 10353
2026/09/24 22:23:21.270, 10353
2026/09/24 22:23:21.770, 10353
2026/09/24 22:23:22.270, 10353
2026/09/24 22:23:22.770, 10353
2026/09/24 22:23:23.270, 10353
2026/09/24 22:23:23.771, 10353
2026/09/24 22:23:24.271, 10353
2026/09/24 22:23:24.771, 10353
2026/09/24 22:23:25.271, 10353
2026/09/24 22:23:25.771, 10353
2026/09/24 22:23:26.271, 10353
2026/09/24 22:23:26.771, 10353
2026/09/24 22:23:27.272, 10353
2026/09/24 22:23:27.772, 10353
2026/09/24 22:23:28.272, 10353
2026/09/24 22:23:28.772, 10353
2026/09/24 22:23:29.272, 10353
2026/09/24 22:23:29.772, 10353
2026/09/24 22:23:30.273, 10353
2026/09/24 22:23:30.773, 10353
2026/09/24 22:23:31.273, 10353
2026/09/24 22:23:31.773, 10353
2026/09/24 22:23:32.273, 10353
2026/09/24 22:23:32.774, 10353
2026/09/24 22:23:33.274, 10353
2026/09/24 22:23:33.774, 10353
2026/09/24 22:23:34.274, 10353
2026/09/24 22:23:34.774, 10353
2026/09/24 22:23:35.274, 10353
2026/09/24 22:23:35.774, 10353
2026/09/24 22:23:36.275, 10353
2026/09/24 22:23:36.775, 10353
2026/09/24 22:23:37.275, 10353
2026/09/24 22:23:37.775, 10353
2026/09/24 22:23:38.275, 10353
2026/09/24 22:23:38.775, 10353
2026/09/24 22:23:39.275, 10353
2026/09/24 22:23:39.776, 10353
2026/09/24 22:23:40.276, 10353
2026/09/24 22:23:40.776, 10353
2026/09/24 22:23:41.276, 10353
2026/09/24 22:23:41.776, 10353
2026/09/24 22:23:42.276, 10353
2026/09/24 22:23:42.776, 10353
2026/09/24 22:23:43.277, 10353
2026/09/24 22:23:43.777, 10353
2026/09/24 22:23:44.277, 10353
2026/09/24 22:23:44.777, 10353
2026/09/24 22:23:45.277, 10353
2026/09/24 22:23:45.777, 10353
2026/09/24 22:23:46.277, 10353
2026/09/24 22:23:46.778, 10353
2026/09/24 22:23:47.278, 10353
2026/09/24 22:23:47.778, 10353
2026/09/24 22:23:48.278, 10353
2026/09/24 22:23:48.778, 10353
2026/09/24 22:23:49.278, 10353
2026/09/24 22:23:49.779, 10353
2026/09/24 22:23:50.279, 10353
2026/09/24 22:23:50.779, 10353
2026/09/24 22:23:51.279, 10353
2026/09/24 22:23:51.779, 10353
2026/09/24 22:23:52.279, 10353
2026/09/24 22:23:52.779, 10353
2026/09/24 22:23:53.280, 10353
2026/09/24 22:23:53.780, 10353
2026/09/24 22:23:54.280, 10353
2026/09/24 22:23:54.780, 10353
2026/09/24 22:23:55.280, 10353
2026/09/24 22:23:55.780, 10353
2026/09/24 22:23:56.280, 10353
2026/09/24 22:23:56.781, 10353
2026/09/24 22:23:57.281, 10353
2026/09/24 22:23:57.781, 10353
2026/09/24 22:23:58.281, 10353
2026/09/24 22:23:58.781, 10353
2026/09/24 22:23:59.281, 10353
2026/09/24 22:23:59.782, 10353
2026/09/24 22:24:00.282, 10353
2026/09/24 22:24:00.782, 10353
2026/09/24 22:24:01.282, 10353
2026/09/24 22:24:01.782, 10353
2026/09/24 22:24:02.282, 10353
2026/09/24 22:24:02.783, 10353
2026/09/24 22:24:03.283, 10353
2026/09/24 22:24:03.783, 10353
2026/09/24 22:24:04.283, 10353
2026/09/24 22:24:04.783, 10353
2026/09/24 22:24:05.283, 10353
2026/09/24 22:24:05.784, 10353
2026/09/24 22:24:06.284, 10353
2026/09/24 22:24:06.784, 10353
2026/09/24 22:24:07.284, 10353
2026/09/24 22:24:07.784, 10353
2026/09/24 22:24:08.284, 10353
2026/09/24 22:24:08.785, 10353
2026/09/24 22:24:09.285, 10353
2026/09/24 22:24:09.785, 10353
2026/09/24 22:24:10.285, 10353
2026/09/24 22:24:10.785, 10353
2026/09/24 22:24:11.285, 10353
2026/09/24 22:24:11.785, 10353
2026/09/24 22:24:12.286, 10353
2026/09/24 22:24:12.786, 10353
2026/09/24 22:24:13.286, 10353
2026/09/24 22:24:13.786, 10353
2026/09/24 22:24:14.286, 10353
2026/09/24 22:24:14.786, 10353
2026/09/24 22:24:15.287, 10353
2026/09/24 22:24:15.787, 10353
2026/09/24 22:24:16.287, 10353
2026/09/24 22:24:16.787, 10353
2026/09/24 22:24:17.287, 10353
2026/09/24 22:24:17.787, 10353
2026/09/24 22:24:18.288, 10353
2026/09/24 22:24:18.788, 10353
2026/09/24 22:24:19.288, 10353
2026/09/24 22:24:19.788, 10353
2026/09/24 22:24:20.288, 10353
2026/09/24 22:24:20.788, 10353
2026/09/24 22:24:21.289, 10353
2026/09/24 22:24:21.789, 10353
2026/09/24 22:24:22.289, 10353
2026/09/24 22:24:22.789, 10353
2026/09/24 22:24:23.289, 10353
2026/09/24 22:24:23.789, 10353
2026/09/24 22:24:24.290, 10353
2026/09/24 22:24:24.790, 10353
2026/09/24 22:24:25.290, 10353
2026/09/24 22:24:25.790, 10353
2026/09/24 22:24:26.290, 10353
2026/09/24 22:24:26.790, 10353
2026/09/24 22:24:27.291, 10353
2026/09/24 22:24:27.791, 10353
2026/09/24 22:24:28.291, 10353
2026/09/24 22:24:28.791, 10353
2026/09/24 22:24:29.291, 10353
2026/09/24 22:24:29.791, 10353
2026/09/24 22:24:30.291, 10353
2026/09/24 22:24:30.792, 10353
2026/09/24 22:24:31.292, 10353
2026/09/24 22:24:31.792, 10353
2026/09/24 22:24:32.292, 10353
2026/09/24 22:24:32.792, 10353
2026/09/24 22:24:33.292, 10353
2026/09/24 22:24:33.792, 10353
2026/09/24 22:24:34.293, 10353
2026/09/24 22:24:34.793, 10353
2026/09/24 22:24:35.293, 10353
2026/09/24 22:24:35.793, 10353
2026/09/24 22:24:36.293, 10353
2026/09/24 22:24:36.793, 10353
2026/09/24 22:24:37.294, 10353
2026/09/24 22:24:37.794, 10353
2026/09/24 22:24:38.294, 10353
2026/09/24 22:24:38.794, 10353
2026/09/24 22:24:39.294, 10353
2026/09/24 22:24:39.794, 10353
2026/09/24 22:24:40.295, 10353
2026/09/24 22:24:40.795, 10353
2026/09/24 22:24:41.295, 10353
2026/09/24 22:24:41.795, 10353
2026/09/24 22:24:42.295, 10353
2026/09/24 22:24:42.795, 10353
2026/09/24 22:24:43.295, 10353
2026/09/24 22:24:43.796, 10353
2026/09/24 22:24:44.296, 10353
2026/09/24 22:24:44.796, 10353
2026/09/24 22:24:45.296, 10353
2026/09/24 22:24:45.796, 10353
2026/09/24 22:24:46.296, 10353
2026/09/24 22:24:46.797, 10353
2026/09/24 22:24:47.297, 10353
2026/09/24 22:24:47.797, 10353
2026/09/24 22:24:48.297, 10353
2026/09/24 22:24:48.797, 10353
2026/09/24 22:24:49.297, 10353
2026/09/24 22:24:49.798, 10353
2026/09/24 22:24:50.298, 10353
2026/09/24 22:24:50.798, 10353
2026/09/24 22:24:51.298, 10353
2026/09/24 22:24:51.798, 10353
2026/09/24 22:24:52.298, 10353
2026/09/24 22:24:52.798, 10353
2026/09/24 22:24:53.299, 10353
2026/09/24 22:24:53.799, 10353
2026/09/24 22:24:54.299, 10353
2026/09/24 22:24:54.799, 10353
2026/09/24 22:24:55.299, 10353
2026/09/24 22:24:55.799, 10353
2026/09/24 22:24:56.300, 10353
2026/09/24 22:24:56.800, 10353
2026/09/24 22:24:57.300, 10353
2026/09/24 22:24:57.800, 10353
2026/09/24 22:24:58.300, 10353
2026/09/24 22:24:58.801, 10353
2026/09/24 22:24:59.301, 10353
2026/09/24 22:24:59.801, 10353
2026/09/24 22:25:00.301, 10353
2026/09/24 22:25:00.801, 10353
2026/09/24 22:25:01.301, 10353
2026/09/24 22:25:01.801, 10353
2026/09/24 22:25:02.302, 10353
2026/09/24 22:25:02.802, 10353
2026/09/24 22:25:03.302, 10353
2026/09/24 22:25:03.802, 10353
2026/09/24 22:25:04.302, 10353
2026/09/24 22:25:04.802, 10353
2026/09/24 22:25:05.303, 10353
2026/09/24 22:25:05.803, 10353
2026/09/24 22:25:06.303, 10353
2026/09/24 22:25:06.803, 10353
2026/09/24 22:25:07.303, 10353
2026/09/24 22:25:07.803, 10353
2026/09/24 22:25:08.303, 10353
2026/09/24 22:25:08.804, 10353
2026/09/24 22:25:09.304, 10353
2026/09/24 22:25:09.804, 10353
2026/09/24 22:25:10.304, 10353
2026/09/24 22:25:10.804, 10353
2026/09/24 22:25:11.304, 10353
2026/09/24 22:25:11.804, 10353
2026/09/24 22:25:12.305, 10353
2026/09/24 22:25:12.805, 10353
2026/09/24 22:25:13.305, 10353
2026/09/24 22:25:13.805, 10353
2026/09/24 22:25:14.305, 10353
2026/09/24 22:25:14.805, 10353
2026/09/24 22:25:15.306, 10353
2026/09/24 22:25:15.806, 10353
2026/09/24 22:25:16.306, 10353
2026/09/24 22:25:16.806, 10353
2026/09/24 22:25:17.306, 10353
2026/09/24 22:25:17.806, 10353
2026/09/24 22:25:18.306, 10353
2026/09/24 22:25:18.807, 10353
2026/09/24 22:25:19.307, 10353
2026/09/24 22:25:19.807, 10353
2026/09/24 22:25:20.307, 10353
2026/09/24 22:25:20.807, 10353
2026/09/24 22:25:21.307, 10353
2026/09/24 22:25:21.808, 10353
2026/09/24 22:25:22.308, 10353
2026/09/24 22:25:22.808, 10353
2026/09/24 22:25:23.308, 10353
2026/09/24 22:25:23.808, 10353
2026/09/24 22:25:24.308, 10353
2026/09/24 22:25:24.808, 10353
2026/09/24 22:25:25.309, 10353
2026/09/24 22:25:25.809, 10353
2026/09/24 22:25:26.309, 10353
2026/09/24 22:25:26.809, 10353
2026/09/24 22:25:27.309, 10353
2026/09/24 22:25:27.809, 10353
2026/09/24 22:25:28.310, 10353
2026/09/24 22:25:28.810, 10353
2026/09/24 22:25:29.310, 10353
2026/09/24 22:25:29.810, 10353
2026/09/24 22:25:30.310, 10353
2026/09/24 22:25:30.810, 10353
2026/09/24 22:25:31.310, 10353
2026/09/24 22:25:31.811, 10353
2026/09/24 22:25:32.311, 10353
2026/09/24 22:25:32.811, 10353
2026/09/24 22:25:33.311, 10353
2026/09/24 22:25:33.811, 10353
2026/09/24 22:25:34.311, 10353
2026/09/24 22:25:34.812, 10353
2026/09/24 22:25:35.312, 10353
2026/09/24 22:25:35.812, 10353
2026/09/24 22:25:36.312, 10353
2026/09/24 22:25:36.812, 10353
2026/09/24 22:25:37.312, 10353
2026/09/24 22:25:37.812, 10353
2026/09/24 22:25:38.313, 10353
2026/09/24 22:25:38.813, 10353
2026/09/24 22:25:39.313, 10353
2026/09/24 22:25:39.813, 10353
2026/09/24 22:25:40.313, 10353
2026/09/24 22:25:40.813, 10353
2026/09/24 22:25:41.314, 10353
2026/09/24 22:25:41.814, 10353
2026/09/24 22:25:42.314, 10353
2026/09/24 22:25:42.814, 10353
2026/09/24 22:25:43.314, 10353
2026/09/24 22:25:43.814, 10353
2026/09/24 22:25:44.314, 10353
2026/09/24 22:25:44.815, 10353
2026/09/24 22:25:45.315, 10353
2026/09/24 22:25:45.815, 10353
2026/09/24 22:25:46.315, 10353
2026/09/24 22:25:46.815, 10353
2026/09/24 22:25:47.315, 10353
2026/09/24 22:25:47.816, 10353
2026/09/24 22:25:48.316, 10353
2026/09/24 22:25:48.816, 10353
2026/09/24 22:25:49.316, 10353
2026/09/24 22:25:49.816, 10353
2026/09/24 22:25:50.317, 10353
2026/09/24 22:25:50.817, 10353
2026/09/24 22:25:51.317, 10353
2026/09/24 22:25:51.817, 10353
2026/09/24 22:25:52.317, 10353
2026/09/24 22:25:52.817, 10353
2026/09/24 22:25:53.317, 10353
2026/09/24 22:25:53.818, 10353
2026/09/24 22:25:54.318, 10353
2026/09/24 22:25:54.818, 10353
2026/09/24 22:25:55.318, 10353
2026/09/24 22:25:55.818, 10353
2026/09/24 22:25:56.318, 10353
2026/09/24 22:25:56.819, 10353
2026/09/24 22:25:57.319, 10353
2026/09/24 22:25:57.819, 10353
2026/09/24 22:25:58.319, 10353
2026/09/24 22:25:58.819, 10353
2026/09/24 22:25:59.320, 10353
2026/09/24 22:25:59.820, 10353
2026/09/24 22:26:00.320, 10353
2026/09/24 22:26:00.820, 10353
2026/09/24 22:26:01.320, 10353
2026/09/24 22:26:01.820, 10353
2026/09/24 22:26:02.321, 10353
2026/09/24 22:26:02.821, 10353
2026/09/24 22:26:03.321, 10353
2026/09/24 22:26:03.821, 10353
2026/09/24 22:26:04.321, 10353
2026/09/24 22:26:04.821, 10353
2026/09/24 22:26:05.321, 10353
2026/09/24 22:26:05.822, 10353
2026/09/24 22:26:06.322, 10353
2026/09/24 22:26:06.822, 10353
2026/09/24 22:26:07.322, 10353
2026/09/24 22:26:07.822, 10353
2026/09/24 22:26:08.322, 10353
2026/09/24 22:26:08.823, 10353
2026/09/24 22:26:09.323, 10353
2026/09/24 22:26:09.823, 10353
2026/09/24 22:26:10.323, 10353
2026/09/24 22:26:10.823, 10353
2026/09/24 22:26:11.323, 10353
2026/09/24 22:26:11.823, 10353
2026/09/24 22:26:12.324, 10353
2026/09/24 22:26:12.824, 10353
2026/09/24 22:26:13.324, 10353
2026/09/24 22:26:13.824, 10353
2026/09/24 22:26:14.324, 10353
2026/09/24 22:26:14.824, 10353
2026/09/24 22:26:15.325, 10353
2026/09/24 22:26:15.825, 10353
2026/09/24 22:26:16.325, 10353
2026/09/24 22:26:16.825, 10353
2026/09/24 22:26:17.325, 10353
2026/09/24 22:26:17.825, 10353
2026/09/24 22:26:18.325, 10353
2026/09/24 22:26:18.826, 10353
2026/09/24 22:26:19.326, 10353
2026/09/24 22:26:19.826, 10353
2026/09/24 22:26:20.326, 10353
2026/09/24 22:26:20.826, 10353
2026/09/24 22:26:21.326, 10353
2026/09/24 22:26:21.826, 10353
2026/09/24 22:26:22.327, 10353
2026/09/24 22:26:22.827, 10353
2026/09/24 22:26:23.327, 10353
2026/09/24 22:26:23.827, 10353
2026/09/24 22:26:24.327, 10353
2026/09/24 22:26:24.827, 10353
2026/09/24 22:26:25.328, 10353
2026/09/24 22:26:25.828, 10353
2026/09/24 22:26:26.328, 10353
2026/09/24 22:26:26.828, 10353
2026/09/24 22:26:27.328, 10353
2026/09/24 22:26:27.828, 10353
2026/09/24 22:26:28.328, 10353
2026/09/24 22:26:28.829, 10353
2026/09/24 22:26:29.329, 10353
2026/09/24 22:26:29.829, 10353
2026/09/24 22:26:30.329, 10353
2026/09/24 22:26:30.829, 10353
2026/09/24 22:26:31.329, 10353
2026/09/24 22:26:31.829, 10353
2026/09/24 22:26:32.330, 10353
2026/09/24 22:26:32.830, 10353
2026/09/24 22:26:33.330, 10353
2026/09/24 22:26:33.830, 10353
2026/09/24 22:26:34.330, 10353
2026/09/24 22:26:34.830, 10353
2026/09/24 22:26:35.331, 10353
2026/09/24 22:26:35.831, 10353
2026/09/24 22:26:36.331, 10353
2026/09/24 22:26:36.831, 10353
2026/09/24 22:26:37.331, 10353
2026/09/24 22:26:37.831, 10353
2026/09/24 22:26:38.331, 10353
2026/09/24 22:26:38.832, 10353
2026/09/24 22:26:39.332, 10353
2026/09/24 22:26:39.832, 10353
2026/09/24 22:26:40.332, 10353
2026/09/24 22:26:40.832, 10353
2026/09/24 22:26:41.332, 10353
2026/09/24 22:26:41.832, 10353
2026/09/24 22:26:42.333, 10353
2026/09/24 22:26:42.833, 10353
2026/09/24 22:26:43.333, 10353
2026/09/24 22:26:43.833, 10353
2026/09/24 22:26:44.333, 10353
2026/09/24 22:26:44.833, 10353
2026/09/24 22:26:45.333, 10353
2026/09/24 22:26:45.834, 10353
2026/09/24 22:26:46.334, 10353
2026/09/24 22:26:46.834, 10353
2026/09/24 22:26:47.334, 10353
2026/09/24 22:26:47.834, 10353
2026/09/24 22:26:48.334, 10353
2026/09/24 22:26:48.835, 10353
2026/09/24 22:26:49.335, 10353
2026/09/24 22:26:49.835, 10353
2026/09/24 22:26:50.335, 10353
2026/09/24 22:26:50.835, 10353
2026/09/24 22:26:51.335, 10353
2026/09/24 22:26:51.835, 10353
2026/09/24 22:26:52.336, 10353
2026/09/24 22:26:52.836, 10353
2026/09/24 22:26:53.336, 10353
2026/09/24 22:26:53.836, 10353
2026/09/24 22:26:54.336, 10353
2026/09/24 22:26:54.836, 10353
2026/09/24 22:26:55.336, 10353
2026/09/24 22:26:55.837, 10353
2026/09/24 22:26:56.337, 10353
2026/09/24 22:26:56.837, 10353
2026/09/24 22:26:57.337, 10353
2026/09/24 22:26:57.837, 10353
2026/09/24 22:26:58.337, 10353
2026/09/24 22:26:58.837, 10353
2026/09/24 22:26:59.338, 10353
2026/09/24 22:26:59.838, 10353
2026/09/24 22:27:00.338, 10353
2026/09/24 22:27:00.838, 10353
2026/09/24 22:27:01.338, 10353
2026/09/24 22:27:01.838, 10353
2026/09/24 22:27:02.338, 10353
2026/09/24 22:27:02.839, 10353
2026/09/24 22:27:03.339, 10353
2026/09/24 22:27:03.839, 10353
2026/09/24 22:27:04.339, 10353
2026/09/24 22:27:04.839, 10353
2026/09/24 22:27:05.339, 10353
2026/09/24 22:27:05.839, 10353
2026/09/24 22:27:06.340, 10353
2026/09/24 22:27:06.840, 10353
2026/09/24 22:27:07.340, 10353
2026/09/24 22:27:07.840, 10353
2026/09/24 22:27:08.340, 10353
2026/09/24 22:27:08.840, 10353
2026/09/24 22:27:09.340, 10353
2026/09/24 22:27:09.841, 10353
2026/09/24 22:27:10.341, 10353
2026/09/24 22:27:10.841, 10353
2026/09/24 22:27:11.341, 10353
2026/09/24 22:27:11.841, 10353
2026/09/24 22:27:12.341, 10353
2026/09/24 22:27:12.842, 10353
2026/09/24 22:27:13.342, 10353
2026/09/24 22:27:13.842, 10353
2026/09/24 22:27:14.342, 10353
2026/09/24 22:27:14.842, 10353
2026/09/24 22:27:15.342, 10353
2026/09/24 22:27:15.843, 10353
2026/09/24 22:27:16.343, 10353
2026/09/24 22:27:16.843, 10353
2026/09/24 22:27:17.343, 10353
2026/09/24 22:27:17.843, 10353
2026/09/24 22:27:18.343, 10353
2026/09/24 22:27:18.843, 10353
2026/09/24 22:27:19.344, 10353
2026/09/24 22:27:19.844, 10353
2026/09/24 22:27:20.344, 10353
2026/09/24 22:27:20.844, 10353
2026/09/24 22:27:21.344, 10353
2026/09/24 22:27:21.844, 10353
2026/09/24 22:27:22.345, 10353
2026/09/24 22:27:22.845, 10353
2026/09/24 22:27:23.345, 10353
2026/09/24 22:27:23.845, 10353
2026/09/24 22:27:24.345, 10353
2026/09/24 22:27:24.845, 10353
2026/09/24 22:27:25.345, 10353
2026/09/24 22:27:25.846, 10353
2026/09/24 22:27:26.346, 10353
2026/09/24 22:27:26.846, 10353
2026/09/24 22:27:27.346, 10353
2026/09/24 22:27:27.846, 10353
2026/09/24 22:27:28.346, 10353
2026/09/24 22:27:28.847, 10353
2026/09/24 22:27:29.347, 10353
2026/09/24 22:27:29.847, 10353
2026/09/24 22:27:30.347, 10353
2026/09/24 22:27:30.847, 10353
2026/09/24 22:27:31.347, 10353
2026/09/24 22:27:31.847, 10353
2026/09/24 22:27:32.348, 10353
2026/09/24 22:27:32.848, 10353
2026/09/24 22:27:33.348, 10353
2026/09/24 22:27:33.848, 10353
2026/09/24 22:27:34.348, 10353
2026/09/24 22:27:34.848, 10353
2026/09/24 22:27:35.349, 10353
2026/09/24 22:27:35.849, 10353
2026/09/24 22:27:36.349, 10353
2026/09/24 22:27:36.849, 10353
2026/09/24 22:27:37.349, 10353
2026/09/24 22:27:37.849, 10353
2026/09/24 22:27:38.349, 10353
2026/09/24 22:27:38.850, 10353
2026/09/24 22:27:39.350, 10353
2026/09/24 22:27:39.850, 10353
2026/09/24 22:27:40.350, 10353
2026/09/24 22:27:40.850, 10353
2026/09/24 22:27:41.350, 10353
2026/09/24 22:27:41.851, 10353
2026/09/24 22:27:42.351, 10353
2026/09/24 22:27:42.851, 10353
2026/09/24 22:27:43.351, 10353
2026/09/24 22:27:43.851, 10353
2026/09/24 22:27:44.351, 10353
2026/09/24 22:27:44.852, 10353
2026/09/24 22:27:45.352, 10353
2026/09/24 22:27:45.852, 10353
2026/09/24 22:27:46.352, 10353
2026/09/24 22:27:46.852, 10353
2026/09/24 22:27:47.352, 10353
2026/09/24 22:27:47.853, 10353
2026/09/24 22:27:48.353, 10353
2026/09/24 22:27:48.853, 10353
2026/09/24 22:27:49.353, 10353
2026/09/24 22:27:49.853, 10353
2026/09/24 22:27:50.353, 10353
2026/09/24 22:27:50.854, 10353
2026/09/24 22:27:51.354, 10353
2026/09/24 22:27:51.854, 10353
2026/09/24 22:27:52.354, 10353
2026/09/24 22:27:52.854, 10353
2026/09/24 22:27:53.355, 10353
2026/09/24 22:27:53.855, 10353
2026/09/24 22:27:54.355, 10353
2026/09/24 22:27:54.855, 10353
2026/09/24 22:27:55.355, 10353
2026/09/24 22:27:55.855, 10353
2026/09/24 22:27:56.356, 10353
2026/09/24 22:27:56.856, 10353
2026/09/24 22:27:57.356, 10353
2026/09/24 22:27:57.856, 10353
2026/09/24 22:27:58.356, 10353
2026/09/24 22:27:58.856, 10353
2026/09/24 22:27:59.357, 10353
2026/09/24 22:27:59.857, 10353
2026/09/24 22:28:00.357, 10353
2026/09/24 22:28:00.857, 10353
2026/09/24 22:28:01.357, 10353
2026/09/24 22:28:01.857, 10353
2026/09/24 22:28:02.358, 10353
2026/09/24 22:28:02.858, 10353
2026/09/24 22:28:03.358, 10353
2026/09/24 22:28:03.858, 10353
2026/09/24 22:28:04.358, 10353
2026/09/24 22:28:04.858, 10353
2026/09/24 22:28:05.359, 10353
2026/09/24 22:28:05.859, 10353
2026/09/24 22:28:06.359, 10353
2026/09/24 22:28:06.859, 10353
2026/09/24 22:28:07.359, 10353
2026/09/24 22:28:07.859, 10353
2026/09/24 22:28:08.360, 10353
2026/09/24 22:28:08.860, 10353
2026/09/24 22:28:09.360, 10353
2026/09/24 22:28:09.860, 10353
2026/09/24 22:28:10.360, 10353
2026/09/24 22:28:10.860, 10353
2026/09/24 22:28:11.361, 10353
2026/09/24 22:28:11.861, 10353
2026/09/24 22:28:12.361, 10353
2026/09/24 22:28:12.861, 10353
2026/09/24 22:28:13.361, 10353
2026/09/24 22:28:13.861, 10353
2026/09/24 22:28:14.361, 10353
2026/09/24 22:28:14.862, 10353
2026/09/24 22:28:15.362, 10353
2026/09/24 22:28:15.862, 10353
2026/09/24 22:28:16.362, 10353
2026/09/24 22:28:16.862, 10353
2026/09/24 22:28:17.362, 10353
2026/09/24 22:28:17.863, 10353
2026/09/24 22:28:18.363, 10353
2026/09/24 22:28:18.863, 10353
2026/09/24 22:28:19.363, 10353
2026/09/24 22:28:19.863, 10353
2026/09/24 22:28:20.363, 10353
2026/09/24 22:28:20.864, 10353
2026/09/24 22:28:21.364, 10353
2026/09/24 22:28:21.864, 10353
2026/09/24 22:28:22.364, 10353
2026/09/24 22:28:22.864, 10353
2026/09/24 22:28:23.364, 10353
2026/09/24 22:28:23.864, 10353
2026/09/24 22:28:24.365, 10353
2026/09/24 22:28:24.865, 10353
2026/09/24 22:28:25.365, 10353
2026/09/24 22:28:25.865, 10353
2026/09/24 22:28:26.365, 10353
2026/09/24 22:28:26.865, 10353
2026/09/24 22:28:27.366, 10353
2026/09/24 22:28:27.866, 10353
2026/09/24 22:28:28.366, 10353
2026/09/24 22:28:28.866, 10353
2026/09/24 22:28:29.366, 10353
2026/09/24 22:28:29.866, 10353
2026/09/24 22:28:30.367, 10353
2026/09/24 22:28:30.867, 10353
2026/09/24 22:28:31.367, 10353
2026/09/24 22:28:31.867, 10353
2026/09/24 22:28:32.367, 10353
2026/09/24 22:28:32.867, 10353
2026/09/24 22:28:33.367, 10353
2026/09/24 22:28:33.868, 10353
2026/09/24 22:28:34.368, 10353
2026/09/24 22:28:34.868, 10353
2026/09/24 22:28:35.368, 10353
2026/09/24 22:28:35.868, 10353
2026/09/24 22:28:36.368, 10353
2026/09/24 22:28:36.869, 10353
2026/09/24 22:28:37.369, 10353
2026/09/24 22:28:37.869, 10353
2026/09/24 22:28:38.369, 10353
2026/09/24 22:28:38.869, 10353
2026/09/24 22:28:39.369, 10353
2026/09/24 22:28:39.869, 10353
2026/09/24 22:28:40.370, 10353
2026/09/24 22:28:40.870, 10353
2026/09/24 22:28:41.370, 10353
2026/09/24 22:28:41.870, 10353
2026/09/24 22:28:42.370, 10353
2026/09/24 22:28:42.870, 10353
2026/09/24 22:28:43.370, 10353
2026/09/24 22:28:43.871, 10353
2026/09/24 22:28:44.371, 10353
2026/09/24 22:28:44.871, 10353
2026/09/24 22:28:45.371, 10353
2026/09/24 22:28:45.871, 10353
2026/09/24 22:28:46.371, 10353
2026/09/24 22:28:46.872, 10353
2026/09/24 22:28:47.372, 10353
2026/09/24 22:28:47.872, 10353
2026/09/24 22:28:48.372, 10353
2026/09/24 22:28:48.872, 10353
2026/09/24 22:28:49.372, 10353
2026/09/24 22:28:49.872, 10353
2026/09/24 22:28:50.373, 10353
2026/09/24 22:28:50.873, 10353
2026/09/24 22:28:51.373, 10353
2026/09/24 22:28:51.873, 10353
2026/09/24 22:28:52.373, 10353
2026/09/24 22:28:52.873, 10353
2026/09/24 22:28:53.373, 10353
2026/09/24 22:28:53.874, 10353
2026/09/24 22:28:54.374, 10353
2026/09/24 22:28:54.874, 10353
2026/09/24 22:28:55.374, 10353
2026/09/24 22:28:55.874, 10353
2026/09/24 22:28:56.374, 10353
2026/09/24 22:28:56.874, 10353
2026/09/24 22:28:57.375, 10353
2026/09/24 22:28:57.875, 10353
2026/09/24 22:28:58.375, 10353
2026/09/24 22:28:58.875, 10353
2026/09/24 22:28:59.375, 10353
2026/09/24 22:28:59.875, 10353
2026/09/24 22:29:00.376, 10353
2026/09/24 22:29:00.876, 10353
2026/09/24 22:29:01.376, 10353
2026/09/24 22:29:01.876, 10353
2026/09/24 22:29:02.376, 10353
2026/09/24 22:29:02.876, 10353
2026/09/24 22:29:03.376, 10353
2026/09/24 22:29:03.877, 10353
2026/09/24 22:29:04.377, 10353
2026/09/24 22:29:04.877, 10353
2026/09/24 22:29:05.377, 10353
2026/09/24 22:29:05.877, 10353
2026/09/24 22:29:06.377, 10353
2026/09/24 22:29:06.878, 10353
2026/09/24 22:29:07.378, 10353
2026/09/24 22:29:07.878, 10353
2026/09/24 22:29:08.378, 10353
2026/09/24 22:29:08.878, 10353
2026/09/24 22:29:09.378, 10353
2026/09/24 22:29:09.879, 10353
2026/09/24 22:29:10.379, 10353
2026/09/24 22:29:10.879, 10353
2026/09/24 22:29:11.379, 10353
2026/09/24 22:29:11.879, 10353
2026/09/24 22:29:12.379, 10353
2026/09/24 22:29:12.880, 10353
2026/09/24 22:29:13.380, 10353
2026/09/24 22:29:13.880, 10353
2026/09/24 22:29:14.380, 10353
2026/09/24 22:29:14.880, 10353
2026/09/24 22:29:15.380, 10353
2026/09/24 22:29:15.881, 10353
2026/09/24 22:29:16.381, 10353
2026/09/24 22:29:16.881, 10353
2026/09/24 22:29:17.381, 10353
2026/09/24 22:29:17.881, 10353
2026/09/24 22:29:18.381, 10353
2026/09/24 22:29:18.882, 10353
2026/09/24 22:29:19.382, 10353
2026/09/24 22:29:19.882, 10353
2026/09/24 22:29:20.382, 10353
2026/09/24 22:29:20.882, 10353
2026/09/24 22:29:21.382, 10353
2026/09/24 22:29:21.883, 10353
2026/09/24 22:29:22.383, 10353
2026/09/24 22:29:22.883, 10353
2026/09/24 22:29:23.383, 10353
2026/09/24 22:29:23.883, 10353
2026/09/24 22:29:24.383, 10353
2026/09/24 22:29:24.884, 10353
2026/09/24 22:29:25.384, 10353
2026/09/24 22:29:25.884, 10353
2026/09/24 22:29:26.384, 10353
2026/09/24 22:29:26.884, 10353
2026/09/24 22:29:27.384, 10353
2026/09/24 22:29:27.885, 10353
2026/09/24 22:29:28.385, 10353
2026/09/24 22:29:28.885, 10353
2026/09/24 22:29:29.385, 10353
2026/09/24 22:29:29.885, 10353
2026/09/24 22:29:30.385, 10353
2026/09/24 22:29:30.885, 10353
2026/09/24 22:29:31.386, 10353
2026/09/24 22:29:31.886, 10353
2026/09/24 22:29:32.386, 10353
2026/09/24 22:29:32.886, 10353
2026/09/24 22:29:33.386, 10353
2026/09/24 22:29:33.886, 10353
2026/09/24 22:29:34.387, 10353
2026/09/24 22:29:34.887, 10353
2026/09/24 22:29:35.387, 10353
2026/09/24 22:29:35.887, 10353
2026/09/24 22:29:36.387, 10353
2026/09/24 22:29:36.887, 10353
2026/09/24 22:29:37.388, 10353
2026/09/24 22:29:37.888, 10353
2026/09/24 22:29:38.388, 10353
2026/09/24 22:29:38.888, 10353
2026/09/24 22:29:39.388, 10353
2026/09/24 22:29:39.888, 10353
2026/09/24 22:29:40.388, 10353
2026/09/24 22:29:40.889, 10353
2026/09/24 22:29:41.389, 10353
2026/09/24 22:29:41.889, 10353
2026/09/24 22:29:42.389, 10353
2026/09/24 22:29:42.890, 10353
2026/09/24 22:29:43.390, 10353
2026/09/24 22:29:43.890, 10353
2026/09/24 22:29:44.390, 10353
2026/09/24 22:29:44.890, 10353
2026/09/24 22:29:45.390, 10353
2026/09/24 22:29:45.891, 10353
2026/09/24 22:29:46.391, 10353
2026/09/24 22:29:46.891, 10353
2026/09/24 22:29:47.391, 10353
2026/09/24 22:29:47.891, 10353
2026/09/24 22:29:48.391, 10353
2026/09/24 22:29:48.892, 10353
2026/09/24 22:29:49.392, 10353
2026/09/24 22:29:49.892, 10353
2026/09/24 22:29:50.392, 10353
2026/09/24 22:29:50.892, 10353
2026/09/24 22:29:51.392, 10353
2026/09/24 22:29:51.893, 10353
2026/09/24 22:29:52.393, 10353
2026/09/24 22:29:52.893, 10353
2026/09/24 22:29:53.393, 10353
2026/09/24 22:29:53.893, 10353
2026/09/24 22:29:54.393, 10353
2026/09/24 22:29:54.893, 10353
2026/09/24 22:29:55.393, 10353
2026/09/24 22:29:55.894, 10353
2026/09/24 22:29:56.394, 10353
2026/09/24 22:29:56.894, 10353
2026/09/24 22:29:57.394, 10353
2026/09/24 22:29:57.894, 10353
2026/09/24 22:29:58.395, 10353
2026/09/24 22:29:58.895, 10353
2026/09/24 22:29:59.395, 10353
2026/09/24 22:29:59.895, 10353
2026/09/24 22:30:00.395, 10353
2026/09/24 22:30:00.895, 10353
2026/09/24 22:30:01.396, 10353
2026/09/24 22:30:01.896, 10353
2026/09/24 22:30:02.396, 10353
2026/09/24 22:30:02.896, 10353
2026/09/24 22:30:03.396, 10353
2026/09/24 22:30:03.896, 10353
2026/09/24 22:30:04.396, 10353
2026/09/24 22:30:04.897, 10353
2026/09/24 22:30:05.397, 10353
2026/09/24 22:30:05.897, 10353
2026/09/24 22:30:06.397, 10353
2026/09/24 22:30:06.897, 10353
2026/09/24 22:30:07.397, 10353
2026/09/24 22:30:07.897, 10353
2026/09/24 22:30:08.398, 10353
2026/09/24 22:30:08.898, 10353
2026/09/24 22:30:09.398, 10353
2026/09/24 22:30:09.898, 10353
2026/09/24 22:30:10.398, 10353
2026/09/24 22:30:10.898, 10353
2026/09/24 22:30:11.399, 10353
2026/09/24 22:30:11.899, 10353
2026/09/24 22:30:12.399, 10353
2026/09/24 22:30:12.899, 10353
2026/09/24 22:30:13.399, 10353
2026/09/24 22:30:13.899, 10353
2026/09/24 22:30:14.399, 10353
2026/09/24 22:30:14.900, 10353
2026/09/24 22:30:15.400, 10353
2026/09/24 22:30:15.900, 10353
2026/09/24 22:30:16.400, 10353
2026/09/24 22:30:16.900, 10353
2026/09/24 22:30:17.400, 10353
2026/09/24 22:30:17.900, 10353
2026/09/24 22:30:18.401, 10353
2026/09/24 22:30:18.901, 10353
2026/09/24 22:30:19.401, 10353
2026/09/24 22:30:19.901, 10353
2026/09/24 22:30:20.401, 10353
2026/09/24 22:30:20.901, 10353
2026/09/24 22:30:21.402, 10353
2026/09/24 22:30:21.902, 10353
2026/09/24 22:30:22.402, 10353
2026/09/24 22:30:22.902, 10353
2026/09/24 22:30:23.402, 10353
2026/09/24 22:30:23.902, 10353
2026/09/24 22:30:24.402, 10353
2026/09/24 22:30:24.903, 10353
2026/09/24 22:30:25.403, 10353
2026/09/24 22:30:25.903, 10353
2026/09/24 22:30:26.403, 10353
2026/09/24 22:30:26.903, 10353
2026/09/24 22:30:27.403, 10353
2026/09/24 22:30:27.904, 10353
2026/09/24 22:30:28.404, 10353
2026/09/24 22:30:28.904, 10353
2026/09/24 22:30:29.404, 10353
2026/09/24 22:30:29.904, 10353
2026/09/24 22:30:30.404, 10353
2026/09/24 22:30:30.904, 10353
2026/09/24 22:30:31.405, 10353
2026/09/24 22:30:31.905, 10353
2026/09/24 22:30:32.405, 10353
2026/09/24 22:30:32.905, 10353
2026/09/24 22:30:33.405, 10353
2026/09/24 22:30:33.905, 10353
2026/09/24 22:30:34.406, 10353
2026/09/24 22:30:34.906, 10353
2026/09/24 22:30:35.406, 10353
2026/09/24 22:30:35.906, 10353
2026/09/24 22:30:36.406, 10353
2026/09/24 22:30:36.906, 10353
2026/09/24 22:30:37.407, 10353
2026/09/24 22:30:37.907, 10353
2026/09/24 22:30:38.407, 10353
2026/09/24 22:30:38.907, 10353
2026/09/24 22:30:39.407, 10353
2026/09/24 22:30:39.907, 10353
2026/09/24 22:30:40.407, 10353
2026/09/24 22:30:40.908, 10353
2026/09/24 22:30:41.408, 10353
2026/09/24 22:30:41.908, 10353
2026/09/24 22:30:42.408, 10353
2026/09/24 22:30:42.908, 10353
2026/09/24 22:30:43.409, 10353
2026/09/24 22:30:43.909, 10353
2026/09/24 22:30:44.409, 10353
2026/09/24 22:30:44.909, 10353
2026/09/24 22:30:45.409, 10353
2026/09/24 22:30:45.909, 10353
2026/09/24 22:30:46.410, 10353
2026/09/24 22:30:46.910, 10353
2026/09/24 22:30:47.410, 10353
2026/09/24 22:30:47.910, 10353
2026/09/24 22:30:48.410, 10353
2026/09/24 22:30:48.910, 10353
2026/09/24 22:30:49.411, 10353
2026/09/24 22:30:49.911, 10353
2026/09/24 22:30:50.411, 10353
2026/09/24 22:30:50.911, 10353
2026/09/24 22:30:51.411, 10353
2026/09/24 22:30:51.911, 10353
2026/09/24 22:30:52.412, 10353
2026/09/24 22:30:52.912, 10353
2026/09/24 22:30:53.412, 10353
2026/09/24 22:30:53.912, 10353
2026/09/24 22:30:54.412, 10353
2026/09/24 22:30:54.912, 10353
2026/09/24 22:30:55.413, 10353
2026/09/24 22:30:55.913, 10353
2026/09/24 22:30:56.413, 10353
2026/09/24 22:30:56.913, 10353
2026/09/24 22:30:57.413, 10353
2026/09/24 22:30:57.913, 10353
2026/09/24 22:30:58.414, 10353
2026/09/24 22:30:58.914, 10353
2026/09/24 22:30:59.414, 10353
2026/09/24 22:30:59.914, 10353
2026/09/24 22:31:00.414, 10353
2026/09/24 22:31:00.914, 10353
2026/09/24 22:31:01.415, 10353
2026/09/24 22:31:01.915, 10353
2026/09/24 22:31:02.415, 10353
2026/09/24 22:31:02.915, 10353
2026/09/24 22:31:03.415, 10353
2026/09/24 22:31:03.915, 10353
2026/09/24 22:31:04.416, 10353
2026/09/24 22:31:04.916, 10353
2026/09/24 22:31:05.416, 10353
2026/09/24 22:31:05.916, 10353
2026/09/24 22:31:06.416, 10353
2026/09/24 22:31:06.916, 10353
2026/09/24 22:31:07.417, 10353
2026/09/24 22:31:07.917, 10353
2026/09/24 22:31:08.417, 10353
2026/09/24 22:31:08.917, 10353
2026/09/24 22:31:09.417, 10353
2026/09/24 22:31:09.917, 10353
2026/09/24 22:31:10.418, 10353
2026/09/24 22:31:10.918, 10353
2026/09/24 22:31:11.418, 10353
2026/09/24 22:31:11.918, 10353
2026/09/24 22:31:12.418, 10353
2026/09/24 22:31:12.918, 10353
2026/09/24 22:31:13.418, 10353
2026/09/24 22:31:13.919, 10353
2026/09/24 22:31:14.419, 10353
2026/09/24 22:31:14.919, 10353
2026/09/24 22:31:15.419, 10353
2026/09/24 22:31:15.919, 10353
2026/09/24 22:31:16.419, 10353
2026/09/24 22:31:16.920, 10353
2026/09/24 22:31:17.420, 10353
2026/09/24 22:31:17.920, 10353
2026/09/24 22:31:18.420, 10353
2026/09/24 22:31:18.920, 10353
2026/09/24 22:31:19.420, 10353
2026/09/24 22:31:19.921, 10353
2026/09/24 22:31:20.421, 10353
2026/09/24 22:31:20.921, 10353
2026/09/24 22:31:21.421, 10353
2026/09/24 22:31:21.921, 10353
2026/09/24 22:31:22.421, 10353
2026/09/24 22:31:22.921, 10353
2026/09/24 22:31:23.422, 10353
2026/09/24 22:31:23.922, 10353
2026/09/24 22:31:24.422, 10353
2026/09/24 22:31:24.922, 10353
2026/09/24 22:31:25.422, 10353
2026/09/24 22:31:25.922, 10353
2026/09/24 22:31:26.422, 10353
2026/09/24 22:31:26.923, 10353
2026/09/24 22:31:27.423, 10353
2026/09/24 22:31:27.923, 10353
2026/09/24 22:31:28.423, 10353
2026/09/24 22:31:28.923, 10353
2026/09/24 22:31:29.423, 10353
2026/09/24 22:31:29.923, 10353
2026/09/24 22:31:30.424, 10353
2026/09/24 22:31:30.924, 10353
2026/09/24 22:31:31.424, 10353
2026/09/24 22:31:31.924, 10353
2026/09/24 22:31:32.424, 10353
2026/09/24 22:31:32.924, 10353
2026/09/24 22:31:33.425, 10353
2026/09/24 22:31:33.925, 10353
2026/09/24 22:31:34.425, 10353
2026/09/24 22:31:34.925, 10353
2026/09/24 22:31:35.425, 10353
2026/09/24 22:31:35.925, 10353
2026/09/24 22:31:36.426, 10353
2026/09/24 22:31:36.926, 10353
2026/09/24 22:31:37.426, 10353
2026/09/24 22:31:37.926, 10353
2026/09/24 22:31:38.426, 10353
2026/09/24 22:31:38.926, 10353
2026/09/24 22:31:39.427, 10353
2026/09/24 22:31:39.927, 10353
2026/09/24 22:31:40.427, 10353
2026/09/24 22:31:40.927, 10353
2026/09/24 22:31:41.427, 10353
2026/09/24 22:31:41.927, 10353
2026/09/24 22:31:42.428, 10353
2026/09/24 22:31:42.928, 10353
2026/09/24 22:31:43.428, 10353
2026/09/24 22:31:43.928, 10353
2026/09/24 22:31:44.428, 10353
2026/09/24 22:31:44.928, 10353
2026/09/24 22:31:45.429, 10353
2026/09/24 22:31:45.929, 10353
2026/09/24 22:31:46.429, 10353
2026/09/24 22:31:46.929, 10353
2026/09/24 22:31:47.429, 10353
2026/09/24 22:31:47.929, 10353
2026/09/24 22:31:48.430, 10353
2026/09/24 22:31:48.930, 10353
2026/09/24 22:31:49.430, 10353
2026/09/24 22:31:49.930, 10353
2026/09/24 22:31:50.430, 10353
2026/09/24 22:31:50.930, 10353
2026/09/24 22:31:51.431, 10353
2026/09/24 22:31:51.931, 10353
2026/09/24 22:31:52.431, 10353
2026/09/24 22:31:52.931, 10353
2026/09/24 22:31:53.431, 10353
2026/09/24 22:31:53.931, 10353
2026/09/24 22:31:54.432, 10353
2026/09/24 22:31:54.932, 10353
2026/09/24 22:31:55.432, 10353
2026/09/24 22:31:55.932, 10353
2026/09/24 22:31:56.432, 10353
2026/09/24 22:31:56.932, 10353
2026/09/24 22:31:57.433, 10353
2026/09/24 22:31:57.933, 10353
2026/09/24 22:31:58.433, 10353
2026/09/24 22:31:58.933, 10353
2026/09/24 22:31:59.433, 10353
2026/09/24 22:31:59.933, 10353
2026/09/24 22:32:00.434, 10353
2026/09/24 22:32:00.934, 10353
2026/09/24 22:32:01.434, 10353
2026/09/24 22:32:01.934, 10353
2026/09/24 22:32:02.434, 10353
2026/09/24 22:32:02.934, 10353
2026/09/24 22:32:03.435, 10353
2026/09/24 22:32:03.935, 10353
2026/09/24 22:32:04.435, 10353
2026/09/24 22:32:04.935, 10353
2026/09/24 22:32:05.435, 10353
2026/09/24 22:32:05.935, 10353
2026/09/24 22:32:06.436, 10353
2026/09/24 22:32:06.936, 10353
2026/09/24 22:32:07.436, 10353
2026/09/24 22:32:07.936, 10353
2026/09/24 22:32:08.436, 10353
2026/09/24 22:32:08.936, 10353
2026/09/24 22:32:09.436, 10353
2026/09/24 22:32:09.937, 10353
2026/09/24 22:32:10.437, 10353
2026/09/24 22:32:10.937, 10353
2026/09/24 22:32:11.437, 10353
2026/09/24 22:32:11.937, 10353
2026/09/24 22:32:12.437, 10353
2026/09/24 22:32:12.938, 10353
2026/09/24 22:32:13.438, 10353
2026/09/24 22:32:13.938, 10353
2026/09/24 22:32:14.438, 10353
2026/09/24 22:32:14.938, 10353
2026/09/24 22:32:15.438, 10353
2026/09/24 22:32:15.939, 10353
2026/09/24 22:32:16.439, 10353
2026/09/24 22:32:16.939, 10353
2026/09/24 22:32:17.439, 10353
2026/09/24 22:32:17.939, 10353
2026/09/24 22:32:18.439, 10353
2026/09/24 22:32:18.939, 10353
2026/09/24 22:32:19.440, 10353
2026/09/24 22:32:19.940, 10353
2026/09/24 22:32:20.440, 10353
2026/09/24 22:32:20.940, 10353
2026/09/24 22:32:21.440, 10353
2026/09/24 22:32:21.940, 10353
2026/09/24 22:32:22.441, 10353
2026/09/24 22:32:22.941, 10353
2026/09/24 22:32:23.441, 10353
2026/09/24 22:32:23.941, 10353
2026/09/24 22:32:24.441, 10353
2026/09/24 22:32:24.941, 10353
2026/09/24 22:32:25.442, 10353
2026/09/24 22:32:25.942, 10353
2026/09/24 22:32:26.442, 10353
2026/09/24 22:32:26.942, 10353
2026/09/24 22:32:27.442, 10353
2026/09/24 22:32:27.942, 10353
2026/09/24 22:32:28.442, 10353
2026/09/24 22:32:28.943, 10353
2026/09/24 22:32:29.443, 10353
2026/09/24 22:32:29.943, 10353
2026/09/24 22:32:30.443, 10353
2026/09/24 22:32:30.943, 10353
2026/09/24 22:32:31.443, 10353
2026/09/24 22:32:31.943, 10353
2026/09/24 22:32:32.444, 10353
2026/09/24 22:32:32.944, 10353
2026/09/24 22:32:33.444, 10353
2026/09/24 22:32:33.944, 10353
2026/09/24 22:32:34.444, 10353
2026/09/24 22:32:34.944, 10353
2026/09/24 22:32:35.444, 10353
2026/09/24 22:32:35.945, 10353
2026/09/24 22:32:36.445, 10353
2026/09/24 22:32:36.945, 10353
2026/09/24 22:32:37.445, 10353
2026/09/24 22:32:37.945, 10353
2026/09/24 22:32:38.445, 10353
2026/09/24 22:32:38.945, 10353
2026/09/24 22:32:39.446, 10353
2026/09/24 22:32:39.946, 10353
2026/09/24 22:32:40.446, 10353
2026/09/24 22:32:40.946, 10353
2026/09/24 22:32:41.446, 10353
2026/09/24 22:32:41.946, 10353
2026/09/24 22:32:42.446, 10353
2026/09/24 22:32:42.947, 10353
2026/09/24 22:32:43.447, 10353
2026/09/24 22:32:43.947, 10353
2026/09/24 22:32:44.447, 10353
2026/09/24 22:32:44.947, 10353
2026/09/24 22:32:45.447, 10353
2026/09/24 22:32:45.948, 10353
2026/09/24 22:32:46.448, 10353
2026/09/24 22:32:46.948, 10353
2026/09/24 22:32:47.448, 10353
2026/09/24 22:32:47.948, 10353
2026/09/24 22:32:48.448, 10353
2026/09/24 22:32:48.948, 10353
2026/09/24 22:32:49.449, 10353
2026/09/24 22:32:49.949, 10353
2026/09/24 22:32:50.449, 10353
2026/09/24 22:32:50.949, 10353
2026/09/24 22:32:51.449, 10353
2026/09/24 22:32:51.949, 10353
2026/09/24 22:32:52.449, 10353
2026/09/24 22:32:52.950, 10353
2026/09/24 22:32:53.450, 10353
2026/09/24 22:32:53.950, 10353
2026/09/24 22:32:54.450, 10353
2026/09/24 22:32:54.950, 10353
2026/09/24 22:32:55.450, 10353
2026/09/24 22:32:55.950, 10353
2026/09/24 22:32:56.451, 10353
2026/09/24 22:32:56.951, 10353
2026/09/24 22:32:57.451, 10353
2026/09/24 22:32:57.951, 10353
2026/09/24 22:32:58.451, 10353
2026/09/24 22:32:58.951, 10353
2026/09/24 22:32:59.451, 10353
2026/09/24 22:32:59.952, 10353
2026/09/24 22:33:00.452, 10353
2026/09/24 22:33:00.952, 10353
2026/09/24 22:33:01.452, 10353
2026/09/24 22:33:01.952, 10353
2026/09/24 22:33:02.452, 10353
2026/09/24 22:33:02.953, 10353
2026/09/24 22:33:03.453, 10353
2026/09/24 22:33:03.953, 10353
2026/09/24 22:33:04.453, 10353
2026/09/24 22:33:04.954, 10353
2026/09/24 22:33:05.454, 10353
2026/09/24 22:33:05.954, 10353
2026/09/24 22:33:06.454, 10353
2026/09/24 22:33:06.954, 10353
2026/09/24 22:33:07.454, 10353
2026/09/24 22:33:07.955, 10353
2026/09/24 22:33:08.455, 10353
2026/09/24 22:33:08.955, 10353
2026/09/24 22:33:09.455, 10353
2026/09/24 22:33:09.955, 10353
2026/09/24 22:33:10.455, 10353
2026/09/24 22:33:10.955, 10353
2026/09/24 22:33:11.456, 10353
2026/09/24 22:33:11.956, 10353
2026/09/24 22:33:12.456, 10353
2026/09/24 22:33:12.956, 10353
2026/09/24 22:33:13.456, 10353
2026/09/24 22:33:13.956, 10353
2026/09/24 22:33:14.457, 10353
2026/09/24 22:33:14.957, 10353
2026/09/24 22:33:15.457, 10353
2026/09/24 22:33:15.957, 10353
2026/09/24 22:33:16.457, 10353
2026/09/24 22:33:16.957, 10353
2026/09/24 22:33:17.458, 10353
2026/09/24 22:33:17.958, 10353
2026/09/24 22:33:18.458, 10353
2026/09/24 22:33:18.958, 10353
2026/09/24 22:33:19.458, 10353
2026/09/24 22:33:19.958, 10353
2026/09/24 22:33:20.458, 10353
2026/09/24 22:33:20.959, 10353
2026/09/24 22:33:21.459, 10353
2026/09/24 22:33:21.959, 10353
2026/09/24 22:33:22.459, 10353
2026/09/24 22:33:22.959, 10353
2026/09/24 22:33:23.459, 10353
2026/09/24 22:33:23.960, 10353
2026/09/24 22:33:24.460, 10353
2026/09/24 22:33:24.960, 10353
2026/09/24 22:33:25.460, 10353
2026/09/24 22:33:25.960, 10353
2026/09/24 22:33:26.460, 10353
2026/09/24 22:33:26.961, 10353
2026/09/24 22:33:27.461, 10353
2026/09/24 22:33:27.961, 10353
2026/09/24 22:33:28.461, 10353
2026/09/24 22:33:28.961, 10353
2026/09/24 22:33:29.461, 10353
2026/09/24 22:33:29.961, 10353
2026/09/24 22:33:30.462, 10353
2026/09/24 22:33:30.962, 10353
2026/09/24 22:33:31.462, 10353
2026/09/24 22:33:31.962, 10353
2026/09/24 22:33:32.462, 10353
2026/09/24 22:33:32.962, 10353
2026/09/24 22:33:33.463, 10353
2026/09/24 22:33:33.963, 10353
2026/09/24 22:33:34.463, 10353
2026/09/24 22:33:34.963, 10353
2026/09/24 22:33:35.463, 10353
2026/09/24 22:33:35.963, 10353
2026/09/24 22:33:36.463, 10353
2026/09/24 22:33:36.964, 10353
2026/09/24 22:33:37.464, 10353
2026/09/24 22:33:37.964, 10353
2026/09/24 22:33:38.464, 10353
2026/09/24 22:33:38.964, 10353
2026/09/24 22:33:39.464, 10353
2026/09/24 22:33:39.964, 10353
2026/09/24 22:33:40.465, 10353
2026/09/24 22:33:40.965, 10353
2026/09/24 22:33:41.465, 10353
2026/09/24 22:33:41.965, 10353
2026/09/24 22:33:42.465, 10353
2026/09/24 22:33:42.965, 10353
2026/09/24 22:33:43.466, 10353
2026/09/24 22:33:43.966, 10353
2026/09/24 22:33:44.466, 10353
2026/09/24 22:33:44.966, 10353
2026/09/24 22:33:45.466, 10353
2026/09/24 22:33:45.967, 10353
2026/09/24 22:33:46.467, 10353
2026/09/24 22:33:46.967, 10353
2026/09/24 22:33:47.467, 10353
2026/09/24 22:33:47.967, 10353
2026/09/24 22:33:48.468, 10353
2026/09/24 22:33:48.968, 10353
2026/09/24 22:33:49.468, 10353
2026/09/24 22:33:49.968, 10353
2026/09/24 22:33:50.468, 10353
2026/09/24 22:33:50.968, 10353
2026/09/24 22:33:51.469, 10353
2026/09/24 22:33:51.969, 10353
2026/09/24 22:33:52.469, 10353
2026/09/24 22:33:52.969, 10353
2026/09/24 22:33:53.469, 10353
2026/09/24 22:33:53.969, 10353
2026/09/24 22:33:54.469, 10353
2026/09/24 22:33:54.970, 10353
2026/09/24 22:33:55.470, 10353
2026/09/24 22:33:55.970, 10353
2026/09/24 22:33:56.470, 10353
2026/09/24 22:33:56.970, 10353
2026/09/24 22:33:57.470, 10353
2026/09/24 22:33:57.971, 10353
2026/09/24 22:33:58.471, 10353
2026/09/24 22:33:58.971, 10353
2026/09/24 22:33:59.471, 10353
2026/09/24 22:33:59.971, 10353
2026/09/24 22:34:00.471, 10353
2026/09/24 22:34:00.971, 10353
2026/09/24 22:34:01.472, 10353
2026/09/24 22:34:01.972, 10353
2026/09/24 22:34:02.472, 10353
2026/09/24 22:34:02.972, 10353
2026/09/24 22:34:03.472, 10353
2026/09/24 22:34:03.972, 10353
2026/09/24 22:34:04.472, 10353
2026/09/24 22:34:04.973, 10353
2026/09/24 22:34:05.473, 10353
2026/09/24 22:34:05.973, 10353
2026/09/24 22:34:06.473, 10353
2026/09/24 22:34:06.973, 10353
2026/09/24 22:34:07.474, 10353
2026/09/24 22:34:07.974, 10353
2026/09/24 22:34:08.474, 10353
2026/09/24 22:34:08.974, 10353
2026/09/24 22:34:09.474, 10353
2026/09/24 22:34:09.974, 10353
2026/09/24 22:34:10.474, 10353
2026/09/24 22:34:10.975, 10353
2026/09/24 22:34:11.475, 10353
2026/09/24 22:34:11.975, 10353
2026/09/24 22:34:12.475, 10353
2026/09/24 22:34:12.975, 10353
2026/09/24 22:34:13.475, 10353
2026/09/24 22:34:13.976, 10353
2026/09/24 22:34:14.476, 10353
2026/09/24 22:34:14.976, 10353
2026/09/24 22:34:15.476, 10353
2026/09/24 22:34:15.976, 10353
2026/09/24 22:34:16.476, 10353
2026/09/24 22:34:16.976, 10353
2026/09/24 22:34:17.477, 10353
2026/09/24 22:34:17.977, 10353
2026/09/24 22:34:18.477, 10353
2026/09/24 22:34:18.977, 10353
2026/09/24 22:34:19.477, 10353
2026/09/24 22:34:19.977, 10353
2026/09/24 22:34:20.478, 10353
2026/09/24 22:34:20.978, 10353
2026/09/24 22:34:21.478, 10353
2026/09/24 22:34:21.978, 10353
2026/09/24 22:34:22.478, 10353
2026/09/24 22:34:22.978, 10353
2026/09/24 22:34:23.479, 10353
2026/09/24 22:34:23.979, 10353
2026/09/24 22:34:24.479, 10353
2026/09/24 22:34:24.979, 10353
2026/09/24 22:34:25.479, 10353
2026/09/24 22:34:25.979, 10353
2026/09/24 22:34:26.480, 10353
2026/09/24 22:34:26.980, 10353
2026/09/24 22:34:27.480, 10353
2026/09/24 22:34:27.980, 10353
2026/09/24 22:34:28.480, 10353
2026/09/24 22:34:28.980, 10353
2026/09/24 22:34:29.481, 10353
2026/09/24 22:34:29.981, 10353
2026/09/24 22:34:30.481, 10353
2026/09/24 22:34:30.981, 10353
2026/09/24 22:34:31.481, 10353
2026/09/24 22:34:31.981, 10353
2026/09/24 22:34:32.482, 10353
2026/09/24 22:34:32.982, 10353
2026/09/24 22:34:33.482, 10353
2026/09/24 22:34:33.982, 10353
2026/09/24 22:34:34.482, 10353
2026/09/24 22:34:34.982, 10353
2026/09/24 22:34:35.483, 10353
2026/09/24 22:34:35.983, 10353
2026/09/24 22:34:36.483, 10353
2026/09/24 22:34:36.983, 10353
2026/09/24 22:34:37.483, 10353
2026/09/24 22:34:37.983, 10353
2026/09/24 22:34:38.484, 10353
2026/09/24 22:34:38.984, 10353
2026/09/24 22:34:39.484, 10353
2026/09/24 22:34:39.984, 10353
2026/09/24 22:34:40.484, 10353
2026/09/24 22:34:40.985, 10353
2026/09/24 22:34:41.485, 10353
2026/09/24 22:34:41.985, 10353
2026/09/24 22:34:42.485, 10353
2026/09/24 22:34:42.985, 10353
2026/09/24 22:34:43.485, 10353
2026/09/24 22:34:43.986, 10353
2026/09/24 22:34:44.486, 10353
2026/09/24 22:34:44.986, 10353
2026/09/24 22:34:45.486, 10353
2026/09/24 22:34:45.986, 10353
2026/09/24 22:34:46.486, 10353
2026/09/24 22:34:46.986, 10353
2026/09/24 22:34:47.487, 10353
2026/09/24 22:34:47.987, 10353
2026/09/24 22:34:48.487, 10353
2026/09/24 22:34:48.987, 10353
2026/09/24 22:34:49.487, 10353
2026/09/24 22:34:49.987, 10353
2026/09/24 22:34:50.488, 10353
2026/09/24 22:34:50.988, 10353
2026/09/24 22:34:51.488, 10353
2026/09/24 22:34:51.988, 10353
2026/09/24 22:34:52.488, 10353
2026/09/24 22:34:52.988, 10353
2026/09/24 22:34:53.489, 10353
2026/09/24 22:34:53.989, 10353
2026/09/24 22:34:54.489, 10353
2026/09/24 22:34:54.989, 10353
2026/09/24 22:34:55.489, 10353
2026/09/24 22:34:55.989, 10353
2026/09/24 22:34:56.489, 10353
2026/09/24 22:34:56.990, 10353
2026/09/24 22:34:57.490, 10353
2026/09/24 22:34:57.990, 10353
2026/09/24 22:34:58.490, 10353
2026/09/24 22:34:58.990, 10353
2026/09/24 22:34:59.490, 10353
2026/09/24 22:34:59.991, 10353
2026/09/24 22:35:00.491, 10353
2026/09/24 22:35:00.991, 10353
2026/09/24 22:35:01.491, 10353
2026/09/24 22:35:01.991, 10353
2026/09/24 22:35:02.491, 10353
2026/09/24 22:35:02.991, 10353
2026/09/24 22:35:03.492, 10353
2026/09/24 22:35:03.992, 10353
2026/09/24 22:35:04.492, 10353
2026/09/24 22:35:04.992, 10353
2026/09/24 22:35:05.492, 10353
2026/09/24 22:35:05.992, 10353
2026/09/24 22:35:06.492, 10353
2026/09/24 22:35:06.993, 10353
2026/09/24 22:35:07.493, 10353
2026/09/24 22:35:07.993, 10353
2026/09/24 22:35:08.493, 10353
2026/09/24 22:35:08.993, 10353
2026/09/24 22:35:09.493, 10353
2026/09/24 22:35:09.993, 10353
2026/09/24 22:35:10.494, 10353
2026/09/24 22:35:10.994, 10353
2026/09/24 22:35:11.494, 10353
2026/09/24 22:35:11.994, 10353
2026/09/24 22:35:12.494, 10353
2026/09/24 22:35:12.994, 10353
2026/09/24 22:35:13.495, 10353
2026/09/24 22:35:13.995, 10353
2026/09/24 22:35:14.495, 10353
2026/09/24 22:35:14.995, 10353
2026/09/24 22:35:15.495, 10353
2026/09/24 22:35:15.995, 10353
2026/09/24 22:35:16.495, 10353
2026/09/24 22:35:16.996, 10353
2026/09/24 22:35:17.496, 10353
2026/09/24 22:35:17.996, 10353
2026/09/24 22:35:18.496, 10353
2026/09/24 22:35:18.996, 10353
2026/09/24 22:35:19.496, 10353
2026/09/24 22:35:19.997, 10353
2026/09/24 22:35:20.497, 10353
2026/09/24 22:35:20.997, 10353
2026/09/24 22:35:21.497, 10353
2026/09/24 22:35:21.997, 10353
2026/09/24 22:35:22.497, 10353
2026/09/24 22:35:22.997, 10353
2026/09/24 22:35:23.498, 10353
2026/09/24 22:35:23.998, 10353
2026/09/24 22:35:24.498, 10353
2026/09/24 22:35:24.998, 10353
2026/09/24 22:35:25.498, 10353
2026/09/24 22:35:25.998, 10353
2026/09/24 22:35:26.498, 10353
2026/09/24 22:35:26.999, 10353
2026/09/24 22:35:27.499, 10353
2026/09/24 22:35:27.999, 10353
2026/09/24 22:35:28.499, 10353
2026/09/24 22:35:28.999, 10353
2026/09/24 22:35:29.499, 10353
2026/09/24 22:35:30.000, 10353
2026/09/24 22:35:30.500, 10353
2026/09/24 22:35:31.000, 10353
2026/09/24 22:35:31.500, 10353
2026/09/24 22:35:32.000, 10353
2026/09/24 22:35:32.500, 10353
2026/09/24 22:35:33.000, 10353
2026/09/24 22:35:33.501, 10353
2026/09/24 22:35:34.001, 10353
2026/09/24 22:35:34.501, 10353
2026/09/24 22:35:35.001, 10353
2026/09/24 22:35:35.501, 10353
2026/09/24 22:35:36.001, 10353
2026/09/24 22:35:36.502, 10353
2026/09/24 22:35:37.002, 10353
2026/09/24 22:35:37.502, 10353
2026/09/24 22:35:38.002, 10353
2026/09/24 22:35:38.502, 10353
2026/09/24 22:35:39.002, 10353
2026/09/24 22:35:39.502, 10353
2026/09/24 22:35:40.003, 10353
2026/09/24 22:35:40.503, 10353
2026/09/24 22:35:41.003, 10353
2026/09/24 22:35:41.503, 10353
2026/09/24 22:35:42.003, 10353
2026/09/24 22:35:42.503, 10353
2026/09/24 22:35:43.004, 10353
2026/09/24 22:35:43.504, 10353
2026/09/24 22:35:44.004, 10353
2026/09/24 22:35:44.504, 10353
2026/09/24 22:35:45.004, 10353
2026/09/24 22:35:45.504, 10353
2026/09/24 22:35:46.005, 10353
2026/09/24 22:35:46.505, 10353
2026/09/24 22:35:47.005, 10353
2026/09/24 22:35:47.505, 10353
2026/09/24 22:35:48.005, 10353
2026/09/24 22:35:48.505, 10353
2026/09/24 22:35:49.005, 10353
2026/09/24 22:35:49.506, 10353
2026/09/24 22:35:50.006, 10353
2026/09/24 22:35:50.506, 10353
2026/09/24 22:35:51.006, 10353
2026/09/24 22:35:51.506, 10353
2026/09/24 22:35:52.007, 10353
2026/09/24 22:35:52.508, 10353
2026/09/24 22:35:53.008, 10353
2026/09/24 22:35:53.508, 10353
2026/09/24 22:35:54.008, 10353
2026/09/24 22:35:54.508, 10353
2026/09/24 22:35:55.008, 10353
2026/09/24 22:35:55.509, 10353
2026/09/24 22:35:56.009, 10353
2026/09/24 22:35:56.509, 10353
2026/09/24 22:35:57.009, 10353
2026/09/24 22:35:57.509, 10353
2026/09/24 22:35:58.009, 10353
2026/09/24 22:35:58.510, 10353
2026/09/24 22:35:59.010, 10353
2026/09/24 22:35:59.510, 10353
2026/09/24 22:36:00.010, 10353
2026/09/24 22:36:00.510, 10353
2026/09/24 22:36:01.010, 10353
2026/09/24 22:36:01.511, 10353
2026/09/24 22:36:02.011, 10353
2026/09/24 22:36:02.511, 10353
2026/09/24 22:36:03.011, 10353
2026/09/24 22:36:03.511, 10353
2026/09/24 22:36:04.011, 10353
2026/09/24 22:36:04.512, 10353
2026/09/24 22:36:05.012, 10353
2026/09/24 22:36:05.512, 10353
2026/09/24 22:36:06.012, 10353
2026/09/24 22:36:06.512, 10353
2026/09/24 22:36:07.012, 10353
2026/09/24 22:36:07.513, 10353
2026/09/24 22:36:08.013, 10353
2026/09/24 22:36:08.513, 10353
2026/09/24 22:36:09.013, 10353
2026/09/24 22:36:09.513, 10353
2026/09/24 22:36:10.013, 10353
2026/09/24 22:36:10.513, 10353
2026/09/24 22:36:11.014, 10353
2026/09/24 22:36:11.514, 10353
2026/09/24 22:36:12.014, 10353
2026/09/24 22:36:12.514, 10353
2026/09/24 22:36:13.014, 10353
2026/09/24 22:36:13.514, 10353
2026/09/24 22:36:14.015, 10353
2026/09/24 22:36:14.515, 10353
2026/09/24 22:36:15.015, 10353
2026/09/24 22:36:15.515, 10353
2026/09/24 22:36:16.015, 10353
2026/09/24 22:36:16.515, 10353
2026/09/24 22:36:17.015, 10353
2026/09/24 22:36:17.516, 10353
2026/09/24 22:36:18.016, 10353
2026/09/24 22:36:18.516, 10353
2026/09/24 22:36:19.016, 10353
2026/09/24 22:36:19.516, 10353
2026/09/24 22:36:20.016, 10353
2026/09/24 22:36:20.516, 10353
2026/09/24 22:36:21.017, 10353
2026/09/24 22:36:21.517, 10353
2026/09/24 22:36:22.017, 10353
2026/09/24 22:36:22.517, 10353
2026/09/24 22:36:23.017, 10353
2026/09/24 22:36:23.517, 10353
2026/09/24 22:36:24.017, 10353
2026/09/24 22:36:24.518, 10353
2026/09/24 22:36:25.018, 10353
2026/09/24 22:36:25.518, 10353
2026/09/24 22:36:26.018, 10353
2026/09/24 22:36:26.518, 10353
2026/09/24 22:36:27.018, 10353
2026/09/24 22:36:27.519, 10353
2026/09/24 22:36:28.019, 10353
2026/09/24 22:36:28.519, 10353
2026/09/24 22:36:29.020, 10353
2026/09/24 22:36:29.520, 10353
2026/09/24 22:36:30.020, 10353
2026/09/24 22:36:30.520, 10353
2026/09/24 22:36:31.020, 10353
2026/09/24 22:36:31.520, 10353
2026/09/24 22:36:32.020, 10353
2026/09/24 22:36:32.521, 10353
2026/09/24 22:36:33.021, 10353
2026/09/24 22:36:33.521, 10353
2026/09/24 22:36:34.021, 10353
2026/09/24 22:36:34.521, 10353
2026/09/24 22:36:35.021, 10353
2026/09/24 22:36:35.521, 10353
2026/09/24 22:36:36.022, 10353
2026/09/24 22:36:36.522, 10353
2026/09/24 22:36:37.022, 10353
2026/09/24 22:36:37.522, 10353
2026/09/24 22:36:38.022, 10353
2026/09/24 22:36:38.522, 10353
2026/09/24 22:36:39.023, 10353
2026/09/24 22:36:39.523, 10353
2026/09/24 22:36:40.023, 10353
2026/09/24 22:36:40.523, 10353
2026/09/24 22:36:41.023, 10353
2026/09/24 22:36:41.523, 10353
2026/09/24 22:36:42.023, 10353
2026/09/24 22:36:42.524, 10353
2026/09/24 22:36:43.024, 10353
2026/09/24 22:36:43.524, 10353
2026/09/24 22:36:44.024, 10353
2026/09/24 22:36:44.524, 10353
2026/09/24 22:36:45.024, 10353
2026/09/24 22:36:45.525, 10353
2026/09/24 22:36:46.025, 10353
2026/09/24 22:36:46.525, 10353
2026/09/24 22:36:47.025, 10353
2026/09/24 22:36:47.525, 10353
2026/09/24 22:36:48.025, 10353
2026/09/24 22:36:48.525, 10353
2026/09/24 22:36:49.026, 10353
2026/09/24 22:36:49.526, 10353
2026/09/24 22:36:50.026, 10353
2026/09/24 22:36:50.526, 10353
2026/09/24 22:36:51.026, 10353
2026/09/24 22:36:51.526, 10353
2026/09/24 22:36:52.026, 10353
2026/09/24 22:36:52.527, 10353
2026/09/24 22:36:53.027, 10353
2026/09/24 22:36:53.527, 10353
2026/09/24 22:36:54.027, 10353
2026/09/24 22:36:54.527, 10353
2026/09/24 22:36:55.027, 10353
2026/09/24 22:36:55.528, 10353
2026/09/24 22:36:56.028, 10353
2026/09/24 22:36:56.528, 10353
2026/09/24 22:36:57.028, 10353
2026/09/24 22:36:57.528, 10353
2026/09/24 22:36:58.028, 10353
2026/09/24 22:36:58.528, 10353
2026/09/24 22:36:59.029, 10353
2026/09/24 22:36:59.529, 10353
2026/09/24 22:37:00.029, 10353
2026/09/24 22:37:00.529, 10353
2026/09/24 22:37:01.029, 10353
2026/09/24 22:37:01.529, 10353
2026/09/24 22:37:02.030, 10353
2026/09/24 22:37:02.530, 10353
2026/09/24 22:37:03.030, 10353
2026/09/24 22:37:03.530, 10353
2026/09/24 22:37:04.030, 10353
2026/09/24 22:37:04.530, 10353
2026/09/24 22:37:05.030, 10353
2026/09/24 22:37:05.531, 10353
2026/09/24 22:37:06.031, 10353
2026/09/24 22:37:06.531, 10353
2026/09/24 22:37:07.031, 10353
2026/09/24 22:37:07.531, 10353
2026/09/24 22:37:08.031, 10353
2026/09/24 22:37:08.531, 10353
2026/09/24 22:37:09.032, 10353
2026/09/24 22:37:09.532, 10353
2026/09/24 22:37:10.032, 10353
2026/09/24 22:37:10.532, 10353
2026/09/24 22:37:11.032, 10353
2026/09/24 22:37:11.532, 10353
2026/09/24 22:37:12.032, 10353
2026/09/24 22:37:12.533, 10353
2026/09/24 22:37:13.033, 10353
2026/09/24 22:37:13.533, 10353
2026/09/24 22:37:14.033, 10353
2026/09/24 22:37:14.533, 10353
2026/09/24 22:37:15.033, 10353
2026/09/24 22:37:15.534, 10353
2026/09/24 22:37:16.034, 10353
2026/09/24 22:37:16.534, 10353
2026/09/24 22:37:17.034, 10353
2026/09/24 22:37:17.534, 10353
2026/09/24 22:37:18.034, 10353
2026/09/24 22:37:18.534, 10353
2026/09/24 22:37:19.034, 10353
2026/09/24 22:37:19.535, 10353
2026/09/24 22:37:20.035, 10353
2026/09/24 22:37:20.535, 10353
2026/09/24 22:37:21.035, 10353
2026/09/24 22:37:21.535, 10353
2026/09/24 22:37:22.035, 10353
2026/09/24 22:37:22.535, 10353
2026/09/24 22:37:23.036, 10353
2026/09/24 22:37:23.536, 10353
2026/09/24 22:37:24.036, 10353
2026/09/24 22:37:24.536, 10353
2026/09/24 22:37:25.036, 10353
2026/09/24 22:37:25.536, 10353
2026/09/24 22:37:26.036, 10353
2026/09/24 22:37:26.537, 10353
2026/09/24 22:37:27.037, 10353
2026/09/24 22:37:27.537, 10353
2026/09/24 22:37:28.037, 10353
2026/09/24 22:37:28.538, 10353
2026/09/24 22:37:29.038, 10353
2026/09/24 22:37:29.538, 10353
2026/09/24 22:37:30.038, 10353
2026/09/24 22:37:30.538, 10353
2026/09/24 22:37:31.038, 10353
2026/09/24 22:37:31.539, 10353
2026/09/24 22:37:32.039, 10353
2026/09/24 22:37:32.539, 10353
2026/09/24 22:37:33.039, 10353
2026/09/24 22:37:33.539, 10353
2026/09/24 22:37:34.039, 10353
2026/09/24 22:37:34.540, 10353
2026/09/24 22:37:35.040, 10353
2026/09/24 22:37:35.540, 10353
2026/09/24 22:37:36.040, 10353
2026/09/24 22:37:36.540, 10353
2026/09/24 22:37:37.040, 10353
2026/09/24 22:37:37.541, 10353
2026/09/24 22:37:38.041, 10353
2026/09/24 22:37:38.541, 10353
2026/09/24 22:37:39.041, 10353
2026/09/24 22:37:39.541, 10353
2026/09/24 22:37:40.041, 10353
2026/09/24 22:37:40.542, 10353
2026/09/24 22:37:41.042, 10353
2026/09/24 22:37:41.542, 10353
2026/09/24 22:37:42.042, 10353
2026/09/24 22:37:42.542, 10353
2026/09/24 22:37:43.043, 10353
2026/09/24 22:37:43.543, 10353
2026/09/24 22:37:44.043, 10353
2026/09/24 22:37:44.543, 10353
2026/09/24 22:37:45.043, 10353
2026/09/24 22:37:45.543, 10353
2026/09/24 22:37:46.043, 10353
2026/09/24 22:37:46.544, 10353
2026/09/24 22:37:47.044, 10353
2026/09/24 22:37:47.544, 10353
2026/09/24 22:37:48.044, 10353
2026/09/24 22:37:48.544, 10353
2026/09/24 22:37:49.044, 10353
2026/09/24 22:37:49.545, 10353
2026/09/24 22:37:50.045, 10353
2026/09/24 22:37:50.545, 10353
2026/09/24 22:37:51.045, 10353
2026/09/24 22:37:51.545, 10353
2026/09/24 22:37:52.045, 10353
2026/09/24 22:37:52.546, 10353
2026/09/24 22:37:53.046, 10353
2026/09/24 22:37:53.546, 10353
2026/09/24 22:37:54.046, 10353
2026/09/24 22:37:54.546, 10353
2026/09/24 22:37:55.046, 10353
2026/09/24 22:37:55.547, 10353
2026/09/24 22:37:56.047, 10353
2026/09/24 22:37:56.547, 10353
2026/09/24 22:37:57.047, 10353
2026/09/24 22:37:57.547, 10353
2026/09/24 22:37:58.047, 10353
2026/09/24 22:37:58.548, 10353
2026/09/24 22:37:59.048, 10353
2026/09/24 22:37:59.548, 10353
2026/09/24 22:38:00.048, 10353
2026/09/24 22:38:00.548, 10353
2026/09/24 22:38:01.048, 10353
2026/09/24 22:38:01.549, 10353
2026/09/24 22:38:02.049, 10353
2026/09/24 22:38:02.549, 10353
2026/09/24 22:38:03.049, 10353
2026/09/24 22:38:03.549, 10353
2026/09/24 22:38:04.049, 10353
2026/09/24 22:38:04.550, 10353
2026/09/24 22:38:05.050, 10353
2026/09/24 22:38:05.550, 10353
2026/09/24 22:38:06.050, 10353
2026/09/24 22:38:06.550, 10353
2026/09/24 22:38:07.050, 10353
2026/09/24 22:38:07.551, 10353
2026/09/24 22:38:08.051, 10353
2026/09/24 22:38:08.551, 10353
2026/09/24 22:38:09.051, 10353
2026/09/24 22:38:09.551, 10353
2026/09/24 22:38:10.052, 10353
2026/09/24 22:38:10.552, 10353
2026/09/24 22:38:11.052, 10353
2026/09/24 22:38:11.552, 10353
2026/09/24 22:38:12.052, 10353
2026/09/24 22:38:12.552, 10353
2026/09/24 22:38:13.053, 10353
2026/09/24 22:38:13.553, 10353
2026/09/24 22:38:14.053, 10353
2026/09/24 22:38:14.553, 10353
2026/09/24 22:38:15.053, 10353
2026/09/24 22:38:15.553, 10353
2026/09/24 22:38:16.054, 10353
2026/09/24 22:38:16.554, 10353
2026/09/24 22:38:17.054, 10353
2026/09/24 22:38:17.554, 10353
2026/09/24 22:38:18.054, 10353
2026/09/24 22:38:18.554, 10353
2026/09/24 22:38:19.055, 10353
2026/09/24 22:38:19.555, 10353
2026/09/24 22:38:20.055, 10353
2026/09/24 22:38:20.555, 10353
2026/09/24 22:38:21.055, 10353
2026/09/24 22:38:21.555, 10353
2026/09/24 22:38:22.056, 10353
2026/09/24 22:38:22.556, 10353
2026/09/24 22:38:23.056, 10353
2026/09/24 22:38:23.556, 10353
2026/09/24 22:38:24.056, 10353
2026/09/24 22:38:24.556, 10353
2026/09/24 22:38:25.057, 10353
2026/09/24 22:38:25.557, 10353
2026/09/24 22:38:26.057, 10353
2026/09/24 22:38:26.557, 10353
2026/09/24 22:38:27.057, 10353
2026/09/24 22:38:27.558, 10353
2026/09/24 22:38:28.058, 10353
2026/09/24 22:38:28.558, 10353
2026/09/24 22:38:29.058, 10353
2026/09/24 22:38:29.558, 10353
2026/09/24 22:38:30.058, 10353
2026/09/24 22:38:30.558, 10353
2026/09/24 22:38:31.059, 10353
2026/09/24 22:38:31.559, 10353
2026/09/24 22:38:32.059, 10353
2026/09/24 22:38:32.559, 10353
2026/09/24 22:38:33.059, 10353
2026/09/24 22:38:33.559, 10353
2026/09/24 22:38:34.060, 10353
2026/09/24 22:38:34.560, 10353
2026/09/24 22:38:35.060, 10353
2026/09/24 22:38:35.560, 10353
2026/09/24 22:38:36.060, 10353
2026/09/24 22:38:36.560, 10353
2026/09/24 22:38:37.061, 10353
2026/09/24 22:38:37.561, 10353
2026/09/24 22:38:38.061, 10353
2026/09/24 22:38:38.561, 10353
2026/09/24 22:38:39.061, 10353
2026/09/24 22:38:39.561, 10353
2026/09/24 22:38:40.062, 10353
2026/09/24 22:38:40.562, 10353
2026/09/24 22:38:41.062, 10353
2026/09/24 22:38:41.562, 10353
2026/09/24 22:38:42.062, 10353
2026/09/24 22:38:42.562, 10353
2026/09/24 22:38:43.063, 10353
2026/09/24 22:38:43.563, 10353
2026/09/24 22:38:44.063, 10353
2026/09/24 22:38:44.563, 10353
2026/09/24 22:38:45.063, 10353
2026/09/24 22:38:45.563, 10353
2026/09/24 22:38:46.064, 10353
2026/09/24 22:38:46.564, 10353
2026/09/24 22:38:47.064, 10353
2026/09/24 22:38:47.564, 10353
2026/09/24 22:38:48.064, 10353
2026/09/24 22:38:48.564, 10353
2026/09/24 22:38:49.065, 10353
2026/09/24 22:38:49.565, 10353
2026/09/24 22:38:50.065, 10353
2026/09/24 22:38:50.565, 10353
2026/09/24 22:38:51.065, 10353
2026/09/24 22:38:51.565, 10353
2026/09/24 22:38:52.066, 10353
2026/09/24 22:38:52.566, 10353
2026/09/24 22:38:53.066, 10353
2026/09/24 22:38:53.566, 10353
2026/09/24 22:38:54.066, 10353
2026/09/24 22:38:54.566, 10353
2026/09/24 22:38:55.066, 10353
2026/09/24 22:38:55.567, 10353
2026/09/24 22:38:56.067, 10353
2026/09/24 22:38:56.567, 10353
2026/09/24 22:38:57.067, 10353
2026/09/24 22:38:57.567, 10353
2026/09/24 22:38:58.067, 10353
2026/09/24 22:38:58.568, 10353
2026/09/24 22:38:59.068, 10353
2026/09/24 22:38:59.568, 10353
2026/09/24 22:39:00.068, 10353
2026/09/24 22:39:00.568, 10353
2026/09/24 22:39:01.068, 10353
2026/09/24 22:39:01.569, 10353
2026/09/24 22:39:02.069, 10353
2026/09/24 22:39:02.569, 10353
2026/09/24 22:39:03.069, 10353
2026/09/24 22:39:03.569, 10353
2026/09/24 22:39:04.069, 10353
2026/09/24 22:39:04.569, 10353
2026/09/24 22:39:05.070, 10353
2026/09/24 22:39:05.570, 10353
2026/09/24 22:39:06.070, 10353
2026/09/24 22:39:06.570, 10353
2026/09/24 22:39:07.070, 10353
2026/09/24 22:39:07.570, 10353
2026/09/24 22:39:08.071, 10353
2026/09/24 22:39:08.571, 10353
2026/09/24 22:39:09.071, 10353
2026/09/24 22:39:09.571, 10353
2026/09/24 22:39:10.071, 10353
2026/09/24 22:39:10.571, 10353
2026/09/24 22:39:11.071, 10353
2026/09/24 22:39:11.572, 10353
2026/09/24 22:39:12.072, 10353
2026/09/24 22:39:12.572, 10353
2026/09/24 22:39:13.072, 10353
2026/09/24 22:39:13.572, 10353
2026/09/24 22:39:14.072, 10353
2026/09/24 22:39:14.573, 10353
2026/09/24 22:39:15.073, 10353
2026/09/24 22:39:15.573, 10353
2026/09/24 22:39:16.073, 10353
2026/09/24 22:39:16.573, 10353
2026/09/24 22:39:17.073, 10353
2026/09/24 22:39:17.573, 10353
2026/09/24 22:39:18.074, 10353
2026/09/24 22:39:18.574, 10353
2026/09/24 22:39:19.074, 10353
2026/09/24 22:39:19.574, 10353
2026/09/24 22:39:20.074, 10353
2026/09/24 22:39:20.574, 10353
2026/09/24 22:39:21.074, 10353
2026/09/24 22:39:21.575, 10353
2026/09/24 22:39:22.075, 10353
2026/09/24 22:39:22.575, 10353
2026/09/24 22:39:23.075, 10353
2026/09/24 22:39:23.575, 10353
2026/09/24 22:39:24.075, 10353
2026/09/24 22:39:24.575, 10353
2026/09/24 22:39:25.076, 10353
2026/09/24 22:39:25.576, 10353
2026/09/24 22:39:26.076, 10353
2026/09/24 22:39:26.576, 10353
2026/09/24 22:39:27.076, 10353
2026/09/24 22:39:27.576, 10353
2026/09/24 22:39:28.077, 10353
2026/09/24 22:39:28.577, 10353
2026/09/24 22:39:29.077, 10353
2026/09/24 22:39:29.577, 10353
2026/09/24 22:39:30.077, 10353
2026/09/24 22:39:30.577, 10353
2026/09/24 22:39:31.077, 10353
2026/09/24 22:39:31.578, 10353
2026/09/24 22:39:32.078, 10353
2026/09/24 22:39:32.578, 10353
2026/09/24 22:39:33.078, 10353
2026/09/24 22:39:33.578, 10353
2026/09/24 22:39:34.078, 10353
2026/09/24 22:39:34.578, 10353
2026/09/24 22:39:35.079, 10353
2026/09/24 22:39:35.579, 10353
2026/09/24 22:39:36.079, 10353
2026/09/24 22:39:36.579, 10353
2026/09/24 22:39:37.079, 10353
2026/09/24 22:39:37.579, 10353
2026/09/24 22:39:38.079, 10353
2026/09/24 22:39:38.580, 10353
2026/09/24 22:39:39.080, 10353
2026/09/24 22:39:39.580, 10353
2026/09/24 22:39:40.080, 10353
2026/09/24 22:39:40.580, 10353
2026/09/24 22:39:41.080, 10353
2026/09/24 22:39:41.581, 10353
2026/09/24 22:39:42.081, 10353
2026/09/24 22:39:42.581, 10353
2026/09/24 22:39:43.081, 10353
2026/09/24 22:39:43.581, 10353
2026/09/24 22:39:44.081, 10353
2026/09/24 22:39:44.581, 10353
2026/09/24 22:39:45.082, 10353
2026/09/24 22:39:45.582, 10353
2026/09/24 22:39:46.082, 10353
2026/09/24 22:39:46.582, 10353
2026/09/24 22:39:47.082, 10353
2026/09/24 22:39:47.582, 10353
2026/09/24 22:39:48.082, 10353
2026/09/24 22:39:48.583, 10353
2026/09/24 22:39:49.083, 10353
2026/09/24 22:39:49.583, 10353
2026/09/24 22:39:50.083, 10353
2026/09/24 22:39:50.583, 10353
2026/09/24 22:39:51.083, 10353
2026/09/24 22:39:51.583, 10353
2026/09/24 22:39:52.084, 10353
2026/09/24 22:39:52.584, 10353
2026/09/24 22:39:53.084, 10353
2026/09/24 22:39:53.584, 10353
2026/09/24 22:39:54.084, 10353
2026/09/24 22:39:54.584, 10353
2026/09/24 22:39:55.085, 10353
2026/09/24 22:39:55.585, 10353
2026/09/24 22:39:56.085, 10353
2026/09/24 22:39:56.585, 10353
2026/09/24 22:39:57.085, 10353
2026/09/24 22:39:57.585, 10353
2026/09/24 22:39:58.085, 10353
2026/09/24 22:39:58.586, 10353
2026/09/24 22:39:59.086, 10353
2026/09/24 22:39:59.586, 10353
2026/09/24 22:40:00.086, 10353
2026/09/24 22:40:00.586, 10353
2026/09/24 22:40:01.087, 10353
2026/09/24 22:40:01.587, 10353
2026/09/24 22:40:02.087, 10353
2026/09/24 22:40:02.587, 10353
2026/09/24 22:40:03.087, 10353
2026/09/24 22:40:03.588, 10353
2026/09/24 22:40:04.088, 10353
2026/09/24 22:40:04.588, 10353
2026/09/24 22:40:05.088, 10353
2026/09/24 22:40:05.588, 10353
2026/09/24 22:40:06.088, 10353
2026/09/24 22:40:06.589, 10353
2026/09/24 22:40:07.089, 10353
2026/09/24 22:40:07.589, 10353
2026/09/24 22:40:08.089, 10353
2026/09/24 22:40:08.589, 10353
2026/09/24 22:40:09.089, 10353
2026/09/24 22:40:09.589, 10353
2026/09/24 22:40:10.090, 10353
2026/09/24 22:40:10.590, 10353
2026/09/24 22:40:11.090, 10353
2026/09/24 22:40:11.590, 10353
2026/09/24 22:40:12.090, 10353
2026/09/24 22:40:12.590, 10353
2026/09/24 22:40:13.091, 10353
2026/09/24 22:40:13.591, 10353
2026/09/24 22:40:14.091, 10353
2026/09/24 22:40:14.591, 10353
2026/09/24 22:40:15.091, 10353
2026/09/24 22:40:15.591, 10353
2026/09/24 22:40:16.091, 10353
2026/09/24 22:40:16.592, 10353
2026/09/24 22:40:17.092, 10353
2026/09/24 22:40:17.592, 10353
2026/09/24 22:40:18.092, 10353
2026/09/24 22:40:18.592, 10353
2026/09/24 22:40:19.092, 10353
2026/09/24 22:40:19.592, 10353
2026/09/24 22:40:20.093, 10353
2026/09/24 22:40:20.593, 10353
2026/09/24 22:40:21.093, 10353
2026/09/24 22:40:21.593, 10353
2026/09/24 22:40:22.093, 10353
2026/09/24 22:40:22.593, 10353
2026/09/24 22:40:23.094, 10353
2026/09/24 22:40:23.594, 10353
2026/09/24 22:40:24.094, 10353
2026/09/24 22:40:24.594, 10353
2026/09/24 22:40:25.094, 10353
2026/09/24 22:40:25.594, 10353
2026/09/24 22:40:26.094, 10353
2026/09/24 22:40:26.595, 10353
2026/09/24 22:40:27.095, 10353
2026/09/24 22:40:27.595, 10353
2026/09/24 22:40:28.095, 10353
2026/09/24 22:40:28.595, 10353
2026/09/24 22:40:29.095, 10353
2026/09/24 22:40:29.596, 10353
2026/09/24 22:40:30.096, 10353
2026/09/24 22:40:30.596, 10353
2026/09/24 22:40:31.096, 10353
2026/09/24 22:40:31.597, 10353
2026/09/24 22:40:32.097, 10353
2026/09/24 22:40:32.597, 10353
2026/09/24 22:40:33.097, 10353
2026/09/24 22:40:33.597, 10353
2026/09/24 22:40:34.097, 10353
2026/09/24 22:40:34.598, 10353
2026/09/24 22:40:35.098, 10353
2026/09/24 22:40:35.598, 10353
2026/09/24 22:40:36.098, 10353
2026/09/24 22:40:36.598, 10353
2026/09/24 22:40:37.098, 10353
2026/09/24 22:40:37.598, 10353
2026/09/24 22:40:38.099, 10353
2026/09/24 22:40:38.599, 10353
2026/09/24 22:40:39.099, 10353
2026/09/24 22:40:39.599, 10353
2026/09/24 22:40:40.099, 10353
2026/09/24 22:40:40.599, 10353
2026/09/24 22:40:41.099, 10353
2026/09/24 22:40:41.600, 10353
2026/09/24 22:40:42.100, 10353
2026/09/24 22:40:42.600, 10353
2026/09/24 22:40:43.101, 10353
2026/09/24 22:40:43.601, 10353
2026/09/24 22:40:44.101, 10353
2026/09/24 22:40:44.601, 10353
2026/09/24 22:40:45.102, 10353
2026/09/24 22:40:45.602, 10353
2026/09/24 22:40:46.102, 10353
2026/09/24 22:40:46.602, 10353
2026/09/24 22:40:47.102, 10353
2026/09/24 22:40:47.602, 10353
2026/09/24 22:40:48.103, 10353
2026/09/24 22:40:48.603, 10353
2026/09/24 22:40:49.103, 10353
2026/09/24 22:40:49.603, 10353
2026/09/24 22:40:50.103, 10353
2026/09/24 22:40:50.603, 10353
2026/09/24 22:40:51.103, 10353
2026/09/24 22:40:51.604, 10353
2026/09/24 22:40:52.104, 10353
2026/09/24 22:40:52.604, 10353
2026/09/24 22:40:53.104, 10353
2026/09/24 22:40:53.604, 10353
2026/09/24 22:40:54.104, 10353
2026/09/24 22:40:54.605, 10353
2026/09/24 22:40:55.105, 10353
2026/09/24 22:40:55.605, 10353
2026/09/24 22:40:56.105, 10353
2026/09/24 22:40:56.605, 10353
2026/09/24 22:40:57.105, 10353
2026/09/24 22:40:57.606, 10353
2026/09/24 22:40:58.106, 10353
2026/09/24 22:40:58.606, 10353
2026/09/24 22:40:59.106, 10353
2026/09/24 22:40:59.606, 10353
2026/09/24 22:41:00.106, 10353
2026/09/24 22:41:00.607, 10353
2026/09/24 22:41:01.107, 10353
2026/09/24 22:41:01.607, 10353
2026/09/24 22:41:02.107, 10353
2026/09/24 22:41:02.607, 10353
2026/09/24 22:41:03.107, 10353
2026/09/24 22:41:03.608, 10353
2026/09/24 22:41:04.108, 10353
2026/09/24 22:41:04.608, 10353
2026/09/24 22:41:05.108, 10353
2026/09/24 22:41:05.608, 10353
2026/09/24 22:41:06.109, 10353
2026/09/24 22:41:06.609, 10353
2026/09/24 22:41:07.109, 10353
2026/09/24 22:41:07.609, 10353
2026/09/24 22:41:08.109, 10353
2026/09/24 22:41:08.609, 10353
2026/09/24 22:41:09.110, 10353
2026/09/24 22:41:09.610, 10353
2026/09/24 22:41:10.110, 10353
2026/09/24 22:41:10.610, 10353
2026/09/24 22:41:11.110, 10353
2026/09/24 22:41:11.610, 10353
2026/09/24 22:41:12.111, 10353
2026/09/24 22:41:12.611, 10353
2026/09/24 22:41:13.111, 10353
2026/09/24 22:41:13.611, 10353
2026/09/24 22:41:14.111, 10353
2026/09/24 22:41:14.611, 10353
2026/09/24 22:41:15.111, 10353
2026/09/24 22:41:15.612, 10353
2026/09/24 22:41:16.112, 10353
2026/09/24 22:41:16.612, 10353
2026/09/24 22:41:17.112, 10353
2026/09/24 22:41:17.613, 10353
2026/09/24 22:41:18.113, 10353
2026/09/24 22:41:18.613, 10353
2026/09/24 22:41:19.113, 10353
2026/09/24 22:41:19.613, 10353
2026/09/24 22:41:20.113, 10353
2026/09/24 22:41:20.614, 10353
2026/09/24 22:41:21.114, 10353
2026/09/24 22:41:21.614, 10353
2026/09/24 22:41:22.114, 10353
2026/09/24 22:41:22.614, 10353
2026/09/24 22:41:23.114, 10353
2026/09/24 22:41:23.614, 10353
2026/09/24 22:41:24.115, 10353
2026/09/24 22:41:24.615, 10353
2026/09/24 22:41:25.115, 10353
2026/09/24 22:41:25.615, 10353
2026/09/24 22:41:26.115, 10353
2026/09/24 22:41:26.615, 10353
2026/09/24 22:41:27.116, 10353
2026/09/24 22:41:27.616, 10353
2026/09/24 22:41:28.116, 10353
2026/09/24 22:41:28.616, 10353
2026/09/24 22:41:29.116, 10353
2026/09/24 22:41:29.616, 10353
2026/09/24 22:41:30.117, 10353
2026/09/24 22:41:30.617, 10353
2026/09/24 22:41:31.117, 10353
2026/09/24 22:41:31.617, 10353
2026/09/24 22:41:32.117, 10353
2026/09/24 22:41:32.617, 10353
2026/09/24 22:41:33.117, 10353
2026/09/24 22:41:33.618, 10353
2026/09/24 22:41:34.118, 10353
2026/09/24 22:41:34.618, 10353
2026/09/24 22:41:35.118, 10353
2026/09/24 22:41:35.618, 10353
2026/09/24 22:41:36.118, 10353
2026/09/24 22:41:36.618, 10353
2026/09/24 22:41:37.119, 10353
2026/09/24 22:41:37.619, 10353
2026/09/24 22:41:38.119, 10353
2026/09/24 22:41:38.619, 10353
2026/09/24 22:41:39.119, 10353
2026/09/24 22:41:39.619, 10353
2026/09/24 22:41:40.120, 10353
2026/09/24 22:41:40.620, 10353
2026/09/24 22:41:41.120, 10353
2026/09/24 22:41:41.620, 10353
2026/09/24 22:41:42.120, 10353
2026/09/24 22:41:42.620, 10353
2026/09/24 22:41:43.121, 10353
2026/09/24 22:41:43.621, 10353
2026/09/24 22:41:44.121, 10353
2026/09/24 22:41:44.621, 10353
2026/09/24 22:41:45.121, 10353
2026/09/24 22:41:45.621, 10353
2026/09/24 22:41:46.121, 10353
2026/09/24 22:41:46.621, 10353
2026/09/24 22:41:47.122, 10353
2026/09/24 22:41:47.622, 10353
2026/09/24 22:41:48.122, 10353
2026/09/24 22:41:48.622, 10353
2026/09/24 22:41:49.122, 10353
2026/09/24 22:41:49.622, 10353
2026/09/24 22:41:50.123, 10353
2026/09/24 22:41:50.623, 10353
2026/09/24 22:41:51.123, 10353
2026/09/24 22:41:51.623, 10353
2026/09/24 22:41:52.123, 10353
2026/09/24 22:41:52.623, 10353
2026/09/24 22:41:53.123, 10353
2026/09/24 22:41:53.624, 10353
2026/09/24 22:41:54.124, 10353
2026/09/24 22:41:54.624, 10353
2026/09/24 22:41:55.124, 10353
2026/09/24 22:41:55.624, 10353
2026/09/24 22:41:56.124, 10353
2026/09/24 22:41:56.625, 10353
2026/09/24 22:41:57.125, 10353
2026/09/24 22:41:57.625, 10353
2026/09/24 22:41:58.125, 10353
2026/09/24 22:41:58.625, 10353
2026/09/24 22:41:59.125, 10353
2026/09/24 22:41:59.625, 10353
2026/09/24 22:42:00.126, 10353
2026/09/24 22:42:00.626, 10353
2026/09/24 22:42:01.126, 10353
2026/09/24 22:42:01.626, 10353
2026/09/24 22:42:02.126, 10353
2026/09/24 22:42:02.626, 10353
2026/09/24 22:42:03.127, 10353
2026/09/24 22:42:03.627, 10353
2026/09/24 22:42:04.127, 10353
2026/09/24 22:42:04.627, 10353
2026/09/24 22:42:05.127, 10353
2026/09/24 22:42:05.627, 10353
2026/09/24 22:42:06.127, 10353
2026/09/24 22:42:06.628, 10353
2026/09/24 22:42:07.128, 10353
2026/09/24 22:42:07.628, 10353
2026/09/24 22:42:08.128, 10353
2026/09/24 22:42:08.628, 10353
2026/09/24 22:42:09.128, 10353
2026/09/24 22:42:09.629, 10353
2026/09/24 22:42:10.129, 10353
2026/09/24 22:42:10.629, 10353
2026/09/24 22:42:11.129, 10353
2026/09/24 22:42:11.629, 10353
2026/09/24 22:42:12.129, 10353
2026/09/24 22:42:12.630, 10353
2026/09/24 22:42:13.130, 10353
2026/09/24 22:42:13.630, 10353
2026/09/24 22:42:14.130, 10353
2026/09/24 22:42:14.630, 10353
2026/09/24 22:42:15.130, 10353
2026/09/24 22:42:15.630, 10353
2026/09/24 22:42:16.131, 10353
2026/09/24 22:42:16.631, 10353
2026/09/24 22:42:17.131, 10353
2026/09/24 22:42:17.631, 10353
2026/09/24 22:42:18.131, 10353
2026/09/24 22:42:18.631, 10353
2026/09/24 22:42:19.132, 10353
2026/09/24 22:42:19.632, 10353
2026/09/24 22:42:20.132, 10353
2026/09/24 22:42:20.632, 10353
2026/09/24 22:42:21.132, 10353
2026/09/24 22:42:21.632, 10353
2026/09/24 22:42:22.132, 10353
2026/09/24 22:42:22.633, 10353
2026/09/24 22:42:23.133, 10353
2026/09/24 22:42:23.633, 10353
2026/09/24 22:42:24.133, 10353
2026/09/24 22:42:24.633, 10353
2026/09/24 22:42:25.133, 10353
2026/09/24 22:42:25.634, 10353
2026/09/24 22:42:26.134, 10353
2026/09/24 22:42:26.634, 10353
2026/09/24 22:42:27.134, 10353
2026/09/24 22:42:27.634, 10353
2026/09/24 22:42:28.134, 10353
2026/09/24 22:42:28.635, 10353
2026/09/24 22:42:29.135, 10353
2026/09/24 22:42:29.635, 10353
2026/09/24 22:42:30.135, 10353
2026/09/24 22:42:30.635, 10353
2026/09/24 22:42:31.135, 10353
2026/09/24 22:42:31.635, 10353
2026/09/24 22:42:32.136, 10353
2026/09/24 22:42:32.636, 10353
2026/09/24 22:42:33.136, 10353
2026/09/24 22:42:33.636, 10353
2026/09/24 22:42:34.136, 10353
2026/09/24 22:42:34.636, 10353
2026/09/24 22:42:35.137, 10353
2026/09/24 22:42:35.637, 10353
2026/09/24 22:42:36.137, 10353
2026/09/24 22:42:36.637, 10353
2026/09/24 22:42:37.137, 10353
2026/09/24 22:42:37.637, 10353
2026/09/24 22:42:38.138, 10353
2026/09/24 22:42:38.638, 10353
2026/09/24 22:42:39.138, 10353
2026/09/24 22:42:39.638, 10353
2026/09/24 22:42:40.138, 10353
2026/09/24 22:42:40.638, 10353
2026/09/24 22:42:41.139, 10353
2026/09/24 22:42:41.639, 10353
2026/09/24 22:42:42.139, 10353
2026/09/24 22:42:42.639, 10353
2026/09/24 22:42:43.139, 10353
2026/09/24 22:42:43.639, 10353
2026/09/24 22:42:44.139, 10353
2026/09/24 22:42:44.640, 10353
2026/09/24 22:42:45.140, 10353
2026/09/24 22:42:45.640, 10353
2026/09/24 22:42:46.140, 10353
2026/09/24 22:42:46.640, 10353
2026/09/24 22:42:47.140, 10353
2026/09/24 22:42:47.641, 10353
2026/09/24 22:42:48.141, 10353
2026/09/24 22:42:48.641, 10353
2026/09/24 22:42:49.141, 10353
2026/09/24 22:42:49.641, 10353
2026/09/24 22:42:50.141, 10353
2026/09/24 22:42:50.642, 10353
2026/09/24 22:42:51.142, 10353
2026/09/24 22:42:51.642, 10353
2026/09/24 22:42:52.142, 10353
2026/09/24 22:42:52.642, 10353
2026/09/24 22:42:53.142, 10353
2026/09/24 22:42:53.642, 10353
2026/09/24 22:42:54.143, 10353
2026/09/24 22:42:54.643, 10353
2026/09/24 22:42:55.143, 10353
2026/09/24 22:42:55.643, 10353
2026/09/24 22:42:56.143, 10353
2026/09/24 22:42:56.644, 10353
2026/09/24 22:42:57.144, 10353
2026/09/24 22:42:57.644, 10353
2026/09/24 22:42:58.144, 10353
2026/09/24 22:42:58.644, 10353
2026/09/24 22:42:59.144, 10353
2026/09/24 22:42:59.644, 10353
2026/09/24 22:43:00.145, 10353
2026/09/24 22:43:00.645, 10353
2026/09/24 22:43:01.145, 10353
2026/09/24 22:43:01.645, 10353
2026/09/24 22:43:02.145, 10353
2026/09/24 22:43:02.645, 10353
2026/09/24 22:43:03.146, 10353
2026/09/24 22:43:03.646, 10353
2026/09/24 22:43:04.146, 10353
2026/09/24 22:43:04.646, 10353
2026/09/24 22:43:05.146, 10353
2026/09/24 22:43:05.646, 10353
2026/09/24 22:43:06.146, 10353
2026/09/24 22:43:06.647, 10353
2026/09/24 22:43:07.147, 10353
2026/09/24 22:43:07.647, 10353
2026/09/24 22:43:08.147, 10353
2026/09/24 22:43:08.647, 10353
2026/09/24 22:43:09.147, 10353
2026/09/24 22:43:09.648, 10353
2026/09/24 22:43:10.148, 10353
2026/09/24 22:43:10.648, 10353
2026/09/24 22:43:11.148, 10353
2026/09/24 22:43:11.648, 10353
2026/09/24 22:43:12.148, 10353
2026/09/24 22:43:12.648, 10353
2026/09/24 22:43:13.149, 10353
2026/09/24 22:43:13.649, 10353
2026/09/24 22:43:14.149, 10353
2026/09/24 22:43:14.649, 10353
2026/09/24 22:43:15.149, 10353
2026/09/24 22:43:15.649, 10353
2026/09/24 22:43:16.149, 10353
2026/09/24 22:43:16.650, 10353
2026/09/24 22:43:17.150, 10353
2026/09/24 22:43:17.650, 10353
2026/09/24 22:43:18.150, 10353
2026/09/24 22:43:18.650, 10353
2026/09/24 22:43:19.150, 10353
2026/09/24 22:43:19.650, 10353
2026/09/24 22:43:20.151, 10353
2026/09/24 22:43:20.651, 10353
2026/09/24 22:43:21.151, 10353
2026/09/24 22:43:21.651, 10353
2026/09/24 22:43:22.151, 10353
2026/09/24 22:43:22.651, 10353
2026/09/24 22:43:23.151, 10353
2026/09/24 22:43:23.652, 10353
2026/09/24 22:43:24.152, 10353
2026/09/24 22:43:24.652, 10353
2026/09/24 22:43:25.152, 10353
2026/09/24 22:43:25.652, 10353
2026/09/24 22:43:26.152, 10353
2026/09/24 22:43:26.652, 10353
2026/09/24 22:43:27.153, 10353
2026/09/24 22:43:27.653, 10353
2026/09/24 22:43:28.153, 10353
2026/09/24 22:43:28.653, 10353
2026/09/24 22:43:29.153, 10353
2026/09/24 22:43:29.654, 10353
2026/09/24 22:43:30.154, 10353
2026/09/24 22:43:30.654, 10353
2026/09/24 22:43:31.154, 10353
2026/09/24 22:43:31.654, 10353
2026/09/24 22:43:32.154, 10353
2026/09/24 22:43:32.654, 10353
2026/09/24 22:43:33.155, 10353
2026/09/24 22:43:33.655, 10353
2026/09/24 22:43:34.155, 10353
2026/09/24 22:43:34.655, 10353
2026/09/24 22:43:35.155, 10353
2026/09/24 22:43:35.655, 10353
2026/09/24 22:43:36.155, 10353
2026/09/24 22:43:36.656, 10353
2026/09/24 22:43:37.156, 10353
2026/09/24 22:43:37.656, 10353
2026/09/24 22:43:38.156, 10353
2026/09/24 22:43:38.656, 10353
2026/09/24 22:43:39.156, 10353
2026/09/24 22:43:39.656, 10353
2026/09/24 22:43:40.157, 10353
2026/09/24 22:43:40.657, 10353
2026/09/24 22:43:41.157, 10353
2026/09/24 22:43:41.657, 10353
2026/09/24 22:43:42.157, 10353
2026/09/24 22:43:42.657, 10353
2026/09/24 22:43:43.158, 10353
2026/09/24 22:43:43.658, 10353
2026/09/24 22:43:44.158, 10353
2026/09/24 22:43:44.658, 10353
2026/09/24 22:43:45.158, 10353
2026/09/24 22:43:45.658, 10353
2026/09/24 22:43:46.158, 10353
2026/09/24 22:43:46.659, 10353
2026/09/24 22:43:47.159, 10353
2026/09/24 22:43:47.659, 10353
2026/09/24 22:43:48.159, 10353
2026/09/24 22:43:48.659, 10353
2026/09/24 22:43:49.159, 10353
2026/09/24 22:43:49.659, 10353
2026/09/24 22:43:50.160, 10353
2026/09/24 22:43:50.660, 10353
2026/09/24 22:43:51.160, 10353
2026/09/24 22:43:51.660, 10353
2026/09/24 22:43:52.160, 10353
2026/09/24 22:43:52.660, 10353
2026/09/24 22:43:53.160, 10353
2026/09/24 22:43:53.661, 10353
2026/09/24 22:43:54.161, 10353
2026/09/24 22:43:54.661, 10353
2026/09/24 22:43:55.161, 10353
2026/09/24 22:43:55.662, 10353
2026/09/24 22:43:56.162, 10353
2026/09/24 22:43:56.662, 10353
2026/09/24 22:43:57.162, 10353
2026/09/24 22:43:57.662, 10353
2026/09/24 22:43:58.162, 10353
2026/09/24 22:43:58.663, 10353
2026/09/24 22:43:59.163, 10353
2026/09/24 22:43:59.663, 10353
2026/09/24 22:44:00.163, 10353
2026/09/24 22:44:00.663, 10353
2026/09/24 22:44:01.163, 10353
2026/09/24 22:44:01.663, 10353
2026/09/24 22:44:02.164, 10353
2026/09/24 22:44:02.664, 10353
2026/09/24 22:44:03.164, 10353
2026/09/24 22:44:03.664, 10353
2026/09/24 22:44:04.164, 10353
2026/09/24 22:44:04.664, 10353
2026/09/24 22:44:05.165, 10353
2026/09/24 22:44:05.665, 10353
2026/09/24 22:44:06.165, 10353
2026/09/24 22:44:06.665, 10353
2026/09/24 22:44:07.165, 10353
2026/09/24 22:44:07.665, 10353
2026/09/24 22:44:08.166, 10353
2026/09/24 22:44:08.666, 10353
2026/09/24 22:44:09.166, 10353
2026/09/24 22:44:09.666, 10353
2026/09/24 22:44:10.166, 10353
2026/09/24 22:44:10.666, 10353
2026/09/24 22:44:11.166, 10353
2026/09/24 22:44:11.667, 10353
2026/09/24 22:44:12.167, 10353
2026/09/24 22:44:12.667, 10353
2026/09/24 22:44:13.167, 10353
2026/09/24 22:44:13.667, 10353
2026/09/24 22:44:14.167, 10353
2026/09/24 22:44:14.667, 10353
2026/09/24 22:44:15.168, 10353
2026/09/24 22:44:15.668, 10353
2026/09/24 22:44:16.168, 10353
2026/09/24 22:44:16.668, 10353
2026/09/24 22:44:17.168, 10353
2026/09/24 22:44:17.669, 10353
2026/09/24 22:44:18.169, 10353
2026/09/24 22:44:18.669, 10353
2026/09/24 22:44:19.169, 10353
2026/09/24 22:44:19.669, 10353
2026/09/24 22:44:20.169, 10353
2026/09/24 22:44:20.670, 10353
2026/09/24 22:44:21.170, 10353
2026/09/24 22:44:21.670, 10353
2026/09/24 22:44:22.170, 10353
2026/09/24 22:44:22.670, 10353
2026/09/24 22:44:23.170, 10353
2026/09/24 22:44:23.670, 10353
2026/09/24 22:44:24.171, 10353
2026/09/24 22:44:24.671, 10353
2026/09/24 22:44:25.171, 10353
2026/09/24 22:44:25.671, 10353
2026/09/24 22:44:26.171, 10353
2026/09/24 22:44:26.671, 10353
2026/09/24 22:44:27.171, 10353
2026/09/24 22:44:27.672, 10353
2026/09/24 22:44:28.172, 10353
2026/09/24 22:44:28.672, 10353
2026/09/24 22:44:29.172, 10353
2026/09/24 22:44:29.672, 10353
2026/09/24 22:44:30.172, 10353
2026/09/24 22:44:30.673, 10353
2026/09/24 22:44:31.173, 10353
2026/09/24 22:44:31.673, 10353
2026/09/24 22:44:32.173, 10353
2026/09/24 22:44:32.673, 10353
2026/09/24 22:44:33.173, 10353
2026/09/24 22:44:33.673, 10353
2026/09/24 22:44:34.174, 10353
2026/09/24 22:44:34.674, 10353
2026/09/24 22:44:35.174, 10353
2026/09/24 22:44:35.674, 10353
2026/09/24 22:44:36.174, 10353
2026/09/24 22:44:36.674, 10353
2026/09/24 22:44:37.175, 10353
2026/09/24 22:44:37.675, 10353
2026/09/24 22:44:38.175, 10353
2026/09/24 22:44:38.675, 10353
2026/09/24 22:44:39.175, 10353
2026/09/24 22:44:39.675, 10353
2026/09/24 22:44:40.175, 10353
2026/09/24 22:44:40.676, 10353
2026/09/24 22:44:41.176, 10353
2026/09/24 22:44:41.676, 10353
2026/09/24 22:44:42.176, 10353
2026/09/24 22:44:42.676, 10353
2026/09/24 22:44:43.177, 10353
2026/09/24 22:44:43.677, 10353
2026/09/24 22:44:44.177, 10353
2026/09/24 22:44:44.677, 10353
2026/09/24 22:44:45.177, 10353
2026/09/24 22:44:45.677, 10353
2026/09/24 22:44:46.178, 10353
2026/09/24 22:44:46.678, 10353
2026/09/24 22:44:47.178, 10353
2026/09/24 22:44:47.678, 10353
2026/09/24 22:44:48.178, 10353
2026/09/24 22:44:48.678, 10353
2026/09/24 22:44:49.179, 10353
2026/09/24 22:44:49.679, 10353
2026/09/24 22:44:50.179, 10353
2026/09/24 22:44:50.679, 10353
2026/09/24 22:44:51.179, 10353
2026/09/24 22:44:51.679, 10353
2026/09/24 22:44:52.180, 10353
2026/09/24 22:44:52.680, 10353
2026/09/24 22:44:53.180, 10353
2026/09/24 22:44:53.680, 10353
2026/09/24 22:44:54.180, 10353
2026/09/24 22:44:54.681, 10353
2026/09/24 22:44:55.181, 10353
2026/09/24 22:44:55.681, 10353
2026/09/24 22:44:56.181, 10353
2026/09/24 22:44:56.681, 10353
2026/09/24 22:44:57.181, 10353
2026/09/24 22:44:57.682, 10353
2026/09/24 22:44:58.182, 10353
2026/09/24 22:44:58.682, 10353
2026/09/24 22:44:59.182, 10353
2026/09/24 22:44:59.682, 10353
2026/09/24 22:45:00.182, 10353
2026/09/24 22:45:00.682, 10353
2026/09/24 22:45:01.183, 10353
2026/09/24 22:45:01.683, 10353
2026/09/24 22:45:02.183, 10353
2026/09/24 22:45:02.683, 10353
2026/09/24 22:45:03.183, 10353
2026/09/24 22:45:03.683, 10353
2026/09/24 22:45:04.184, 10353
2026/09/24 22:45:04.684, 10353
2026/09/24 22:45:05.184, 10353
2026/09/24 22:45:05.684, 10353
2026/09/24 22:45:06.185, 10353
2026/09/24 22:45:06.685, 10353
2026/09/24 22:45:07.185, 10353
2026/09/24 22:45:07.685, 10353
2026/09/24 22:45:08.185, 10353
2026/09/24 22:45:08.685, 10353
2026/09/24 22:45:09.185, 10353
2026/09/24 22:45:09.686, 10353
2026/09/24 22:45:10.186, 10353
2026/09/24 22:45:10.686, 10353
2026/09/24 22:45:11.186, 10353
2026/09/24 22:45:11.686, 10353
2026/09/24 22:45:12.186, 10353
2026/09/24 22:45:12.686, 10353
2026/09/24 22:45:13.187, 10353
2026/09/24 22:45:13.687, 10353
2026/09/24 22:45:14.187, 10353
2026/09/24 22:45:14.687, 10353
2026/09/24 22:45:15.187, 10353
2026/09/24 22:45:15.687, 10353
2026/09/24 22:45:16.188, 10353
2026/09/24 22:45:16.688, 10353
2026/09/24 22:45:17.188, 10353
2026/09/24 22:45:17.688, 10353
2026/09/24 22:45:18.188, 10353
2026/09/24 22:45:18.688, 10353
2026/09/24 22:45:19.188, 10353
2026/09/24 22:45:19.688, 10353
2026/09/24 22:45:20.189, 10353
2026/09/24 22:45:20.689, 10353
2026/09/24 22:45:21.189, 10353
2026/09/24 22:45:21.689, 10353
2026/09/24 22:45:22.189, 10353
2026/09/24 22:45:22.689, 10353
2026/09/24 22:45:23.189, 10353
2026/09/24 22:45:23.690, 10353
2026/09/24 22:45:24.190, 10353
2026/09/24 22:45:24.690, 10353
2026/09/24 22:45:25.190, 10353
2026/09/24 22:45:25.690, 10353
2026/09/24 22:45:26.190, 10353
2026/09/24 22:45:26.691, 10353
2026/09/24 22:45:27.191, 10353
2026/09/24 22:45:27.691, 10353
2026/09/24 22:45:28.191, 10353
2026/09/24 22:45:28.691, 10353
2026/09/24 22:45:29.191, 10353
2026/09/24 22:45:29.691, 10353
2026/09/24 22:45:30.192, 10353
2026/09/24 22:45:30.692, 10353
2026/09/24 22:45:31.192, 10353
2026/09/24 22:45:31.692, 10353
2026/09/24 22:45:32.192, 10353
2026/09/24 22:45:32.692, 10353
2026/09/24 22:45:33.192, 10353
2026/09/24 22:45:33.693, 10353
2026/09/24 22:45:34.193, 10353
2026/09/24 22:45:34.693, 10353
2026/09/24 22:45:35.193, 10353
2026/09/24 22:45:35.693, 10353
2026/09/24 22:45:36.193, 10353
2026/09/24 22:45:36.694, 10353
2026/09/24 22:45:37.194, 10353
2026/09/24 22:45:37.694, 10353
2026/09/24 22:45:38.194, 10353
2026/09/24 22:45:38.694, 10353
2026/09/24 22:45:39.194, 10353
2026/09/24 22:45:39.695, 10353
2026/09/24 22:45:40.195, 10353
2026/09/24 22:45:40.695, 10353
2026/09/24 22:45:41.195, 10353
2026/09/24 22:45:41.695, 10353
2026/09/24 22:45:42.195, 10353
2026/09/24 22:45:42.696, 10353
2026/09/24 22:45:43.196, 10353
2026/09/24 22:45:43.696, 10353
2026/09/24 22:45:44.196, 10353
2026/09/24 22:45:44.696, 10353
2026/09/24 22:45:45.197, 10353
2026/09/24 22:45:45.697, 10353
2026/09/24 22:45:46.197, 10353
2026/09/24 22:45:46.697, 10353
2026/09/24 22:45:47.197, 10353
2026/09/24 22:45:47.697, 10353
2026/09/24 22:45:48.198, 10353
2026/09/24 22:45:48.698, 10353
2026/09/24 22:45:49.198, 10353
2026/09/24 22:45:49.698, 10353
2026/09/24 22:45:50.198, 10353
2026/09/24 22:45:50.698, 10353
2026/09/24 22:45:51.199, 10353
2026/09/24 22:45:51.699, 10353
2026/09/24 22:45:52.199, 10353
2026/09/24 22:45:52.699, 10353
2026/09/24 22:45:53.199, 10353
2026/09/24 22:45:53.699, 10353
2026/09/24 22:45:54.199, 10353
2026/09/24 22:45:54.700, 10353
2026/09/24 22:45:55.200, 10353
2026/09/24 22:45:55.700, 10353
2026/09/24 22:45:56.200, 10353
2026/09/24 22:45:56.700, 10353
2026/09/24 22:45:57.201, 10353
2026/09/24 22:45:57.701, 10353
2026/09/24 22:45:58.201, 10353
2026/09/24 22:45:58.701, 10353
2026/09/24 22:45:59.201, 10353
2026/09/24 22:45:59.701, 10353
2026/09/24 22:46:00.201, 10353
2026/09/24 22:46:00.702, 10353
2026/09/24 22:46:01.202, 10353
2026/09/24 22:46:01.702, 10353
2026/09/24 22:46:02.202, 10353
2026/09/24 22:46:02.702, 10353
2026/09/24 22:46:03.202, 10353
2026/09/24 22:46:03.703, 10353
2026/09/24 22:46:04.203, 10353
2026/09/24 22:46:04.703, 10353
2026/09/24 22:46:05.203, 10353
2026/09/24 22:46:05.703, 10353
2026/09/24 22:46:06.203, 10353
2026/09/24 22:46:06.704, 10353
2026/09/24 22:46:07.204, 10353
2026/09/24 22:46:07.704, 10353
2026/09/24 22:46:08.204, 10353
2026/09/24 22:46:08.704, 10353
2026/09/24 22:46:09.205, 10353
2026/09/24 22:46:09.705, 10353
2026/09/24 22:46:10.205, 10353
2026/09/24 22:46:10.705, 10353
2026/09/24 22:46:11.205, 10353
2026/09/24 22:46:11.705, 10353
2026/09/24 22:46:12.205, 10353
2026/09/24 22:46:12.706, 10353
2026/09/24 22:46:13.206, 10353
2026/09/24 22:46:13.706, 10353
2026/09/24 22:46:14.206, 10353
2026/09/24 22:46:14.706, 10353
2026/09/24 22:46:15.206, 10353
2026/09/24 22:46:15.706, 10353
2026/09/24 22:46:16.206, 10353
2026/09/24 22:46:16.707, 10353
2026/09/24 22:46:17.207, 10353
2026/09/24 22:46:17.707, 10353
2026/09/24 22:46:18.207, 10353
2026/09/24 22:46:18.707, 10353
2026/09/24 22:46:19.207, 10353
2026/09/24 22:46:19.707, 10353
2026/09/24 22:46:20.208, 10353
2026/09/24 22:46:20.708, 10353
2026/09/24 22:46:21.208, 10353
2026/09/24 22:46:21.708, 10353
2026/09/24 22:46:22.208, 10353
2026/09/24 22:46:22.708, 10353
2026/09/24 22:46:23.208, 10353
2026/09/24 22:46:23.709, 10353
2026/09/24 22:46:24.209, 10353
2026/09/24 22:46:24.709, 10353
2026/09/24 22:46:25.209, 10353
2026/09/24 22:46:25.709, 10353
2026/09/24 22:46:26.209, 10353
2026/09/24 22:46:26.709, 10353
2026/09/24 22:46:27.210, 10353
2026/09/24 22:46:27.710, 10353
2026/09/24 22:46:28.210, 10353
2026/09/24 22:46:28.710, 10353
2026/09/24 22:46:29.210, 10353
2026/09/24 22:46:29.710, 10353
2026/09/24 22:46:30.211, 10353
2026/09/24 22:46:30.711, 10353
2026/09/24 22:46:31.211, 10353
2026/09/24 22:46:31.711, 10353
2026/09/24 22:46:32.211, 10353
2026/09/24 22:46:32.711, 10353
2026/09/24 22:46:33.211, 10353
2026/09/24 22:46:33.712, 10353
2026/09/24 22:46:34.212, 10353
2026/09/24 22:46:34.712, 10353
2026/09/24 22:46:35.212, 10353
2026/09/24 22:46:35.712, 10353
2026/09/24 22:46:36.212, 10353
2026/09/24 22:46:36.712, 10353
2026/09/24 22:46:37.213, 10353
2026/09/24 22:46:37.713, 10353
2026/09/24 22:46:38.213, 10353
2026/09/24 22:46:38.713, 10353
2026/09/24 22:46:39.213, 10353
2026/09/24 22:46:39.713, 10353
2026/09/24 22:46:40.213, 10353
2026/09/24 22:46:40.714, 10353
2026/09/24 22:46:41.214, 10353
2026/09/24 22:46:41.714, 10353
2026/09/24 22:46:42.214, 10353
2026/09/24 22:46:42.714, 10353
2026/09/24 22:46:43.215, 10353
2026/09/24 22:46:43.715, 10353
2026/09/24 22:46:44.215, 10353
2026/09/24 22:46:44.715, 10353
2026/09/24 22:46:45.215, 10353
2026/09/24 22:46:45.715, 10353
2026/09/24 22:46:46.216, 10353
2026/09/24 22:46:46.716, 10353
2026/09/24 22:46:47.216, 10353
2026/09/24 22:46:47.716, 10353
2026/09/24 22:46:48.216, 10353
2026/09/24 22:46:48.716, 10353
2026/09/24 22:46:49.216, 10353
2026/09/24 22:46:49.717, 10353
2026/09/24 22:46:50.217, 10353
2026/09/24 22:46:50.717, 10353
2026/09/24 22:46:51.217, 10353
2026/09/24 22:46:51.717, 10353
2026/09/24 22:46:52.217, 10353
2026/09/24 22:46:52.718, 10353
2026/09/24 22:46:53.218, 10353
2026/09/24 22:46:53.718, 10353
2026/09/24 22:46:54.218, 10353
2026/09/24 22:46:54.718, 10353
2026/09/24 22:46:55.218, 10353
2026/09/24 22:46:55.718, 10353
2026/09/24 22:46:56.219, 10353
2026/09/24 22:46:56.719, 10353
2026/09/24 22:46:57.219, 10353
2026/09/24 22:46:57.719, 10353
2026/09/24 22:46:58.219, 10353
2026/09/24 22:46:58.719, 10353
2026/09/24 22:46:59.220, 10353
2026/09/24 22:46:59.720, 10353
2026/09/24 22:47:00.220, 10353
2026/09/24 22:47:00.720, 10353
2026/09/24 22:47:01.220, 10353
2026/09/24 22:47:01.720, 10353
2026/09/24 22:47:02.221, 10353
2026/09/24 22:47:02.721, 10353
2026/09/24 22:47:03.221, 10353
2026/09/24 22:47:03.721, 10353
2026/09/24 22:47:04.221, 10353
2026/09/24 22:47:04.721, 10353
2026/09/24 22:47:05.221, 10353
2026/09/24 22:47:05.722, 10353
2026/09/24 22:47:06.222, 10353
2026/09/24 22:47:06.722, 10353
2026/09/24 22:47:07.222, 10353
2026/09/24 22:47:07.722, 10353
2026/09/24 22:47:08.222, 10353
2026/09/24 22:47:08.723, 10353
2026/09/24 22:47:09.223, 10353
2026/09/24 22:47:09.723, 10353
2026/09/24 22:47:10.223, 10353
2026/09/24 22:47:10.723, 10353
2026/09/24 22:47:11.223, 10353
2026/09/24 22:47:11.723, 10353
2026/09/24 22:47:12.223, 10353
2026/09/24 22:47:12.724, 10353
2026/09/24 22:47:13.224, 10353
2026/09/24 22:47:13.724, 10353
2026/09/24 22:47:14.224, 10353
2026/09/24 22:47:14.724, 10353
2026/09/24 22:47:15.224, 10353
2026/09/24 22:47:15.724, 10353
2026/09/24 22:47:16.225, 10353
2026/09/24 22:47:16.725, 10353
2026/09/24 22:47:17.225, 10353
2026/09/24 22:47:17.725, 10353
2026/09/24 22:47:18.225, 10353
2026/09/24 22:47:18.725, 10353
2026/09/24 22:47:19.225, 10353
2026/09/24 22:47:19.726, 10353
2026/09/24 22:47:20.226, 10353
2026/09/24 22:47:20.726, 10353
2026/09/24 22:47:21.226, 10353
2026/09/24 22:47:21.726, 10353
2026/09/24 22:47:22.226, 10353
2026/09/24 22:47:22.727, 10353
2026/09/24 22:47:23.227, 10353
2026/09/24 22:47:23.727, 10353
2026/09/24 22:47:24.228, 10353
2026/09/24 22:47:24.728, 10353
2026/09/24 22:47:25.228, 10353
2026/09/24 22:47:25.728, 10353
2026/09/24 22:47:26.228, 10353
2026/09/24 22:47:26.728, 10353
2026/09/24 22:47:27.228, 10353
2026/09/24 22:47:27.729, 10353
2026/09/24 22:47:28.229, 10353
2026/09/24 22:47:28.729, 10353
2026/09/24 22:47:29.229, 10353
2026/09/24 22:47:29.729, 10353
2026/09/24 22:47:30.229, 10353
2026/09/24 22:47:30.730, 10353
2026/09/24 22:47:31.230, 10353
2026/09/24 22:47:31.730, 10353
2026/09/24 22:47:32.230, 10353
2026/09/24 22:47:32.730, 10353
2026/09/24 22:47:33.230, 10353
2026/09/24 22:47:33.730, 10353
2026/09/24 22:47:34.231, 10353
2026/09/24 22:47:34.731, 10353
2026/09/24 22:47:35.231, 10353
2026/09/24 22:47:35.731, 10353
2026/09/24 22:47:36.231, 10353
2026/09/24 22:47:36.731, 10353
2026/09/24 22:47:37.231, 10353
2026/09/24 22:47:37.732, 10353
2026/09/24 22:47:38.232, 10353
2026/09/24 22:47:38.732, 10353
2026/09/24 22:47:39.232, 10353
2026/09/24 22:47:39.732, 10353
2026/09/24 22:47:40.232, 10353
2026/09/24 22:47:40.732, 10353
2026/09/24 22:47:41.233, 10353
2026/09/24 22:47:41.733, 10353
2026/09/24 22:47:42.233, 10353
2026/09/24 22:47:42.733, 10353
2026/09/24 22:47:43.233, 10353
2026/09/24 22:47:43.733, 10353
2026/09/24 22:47:44.234, 10353
2026/09/24 22:47:44.734, 10353
2026/09/24 22:47:45.234, 10353
2026/09/24 22:47:45.734, 10353
2026/09/24 22:47:46.234, 10353
2026/09/24 22:47:46.734, 10353
2026/09/24 22:47:47.234, 10353
2026/09/24 22:47:47.735, 10353
2026/09/24 22:47:48.235, 10353
2026/09/24 22:47:48.735, 10353
2026/09/24 22:47:49.235, 10353
2026/09/24 22:47:49.735, 10353
2026/09/24 22:47:50.235, 10353
2026/09/24 22:47:50.736, 10353
2026/09/24 22:47:51.236, 10353
2026/09/24 22:47:51.736, 10353
2026/09/24 22:47:52.236, 10353
2026/09/24 22:47:52.736, 10353
2026/09/24 22:47:53.236, 10353
2026/09/24 22:47:53.737, 10353
2026/09/24 22:47:54.237, 10353
2026/09/24 22:47:54.737, 10353
2026/09/24 22:47:55.237, 10353
2026/09/24 22:47:55.737, 10353
2026/09/24 22:47:56.237, 10353
2026/09/24 22:47:56.738, 10353
2026/09/24 22:47:57.238, 10353
2026/09/24 22:47:57.738, 10353
2026/09/24 22:47:58.238, 10353
2026/09/24 22:47:58.738, 10353
2026/09/24 22:47:59.238, 10353
2026/09/24 22:47:59.739, 10353
2026/09/24 22:48:00.239, 10353
2026/09/24 22:48:00.739, 10353
2026/09/24 22:48:01.239, 10353
2026/09/24 22:48:01.739, 10353
2026/09/24 22:48:02.239, 10353
2026/09/24 22:48:02.740, 10353
2026/09/24 22:48:03.240, 10353
2026/09/24 22:48:03.740, 10353
2026/09/24 22:48:04.240, 10353
2026/09/24 22:48:04.740, 10353
2026/09/24 22:48:05.240, 10353
2026/09/24 22:48:05.740, 10353
2026/09/24 22:48:06.241, 10353
2026/09/24 22:48:06.741, 10353
2026/09/24 22:48:07.241, 10353
2026/09/24 22:48:07.741, 10353
2026/09/24 22:48:08.241, 10353
2026/09/24 22:48:08.741, 10353
2026/09/24 22:48:09.242, 10353
2026/09/24 22:48:09.742, 10353
2026/09/24 22:48:10.242, 10353
2026/09/24 22:48:10.742, 10353
2026/09/24 22:48:11.242, 10353
2026/09/24 22:48:11.742, 10353
2026/09/24 22:48:12.243, 10353
2026/09/24 22:48:12.743, 10353
2026/09/24 22:48:13.243, 10353
2026/09/24 22:48:13.743, 10353
2026/09/24 22:48:14.243, 10353
2026/09/24 22:48:14.744, 10353
2026/09/24 22:48:15.244, 10353
2026/09/24 22:48:15.744, 10353
2026/09/24 22:48:16.244, 10353
2026/09/24 22:48:16.744, 10353
2026/09/24 22:48:17.244, 10353
2026/09/24 22:48:17.744, 10353
2026/09/24 22:48:18.245, 10353
2026/09/24 22:48:18.745, 10353
2026/09/24 22:48:19.245, 10353
2026/09/24 22:48:19.745, 10353
2026/09/24 22:48:20.245, 10353
2026/09/24 22:48:20.745, 10353
2026/09/24 22:48:21.246, 10353
2026/09/24 22:48:21.746, 10353
2026/09/24 22:48:22.246, 10353
2026/09/24 22:48:22.746, 10353
2026/09/24 22:48:23.246, 10353
2026/09/24 22:48:23.746, 10353
2026/09/24 22:48:24.247, 10353
2026/09/24 22:48:24.747, 10353
2026/09/24 22:48:25.247, 10353
2026/09/24 22:48:25.747, 10353
2026/09/24 22:48:26.247, 10353
2026/09/24 22:48:26.747, 10353
2026/09/24 22:48:27.248, 10353
2026/09/24 22:48:27.748, 10353
2026/09/24 22:48:28.248, 10353
2026/09/24 22:48:28.748, 10353
2026/09/24 22:48:29.248, 10353
2026/09/24 22:48:29.748, 10353
2026/09/24 22:48:30.249, 10353
2026/09/24 22:48:30.749, 10353
2026/09/24 22:48:31.249, 10353
2026/09/24 22:48:31.749, 10353
2026/09/24 22:48:32.249, 10353
2026/09/24 22:48:32.749, 10353
2026/09/24 22:48:33.249, 10353
2026/09/24 22:48:33.750, 10353
2026/09/24 22:48:34.250, 10353
2026/09/24 22:48:34.750, 10353
2026/09/24 22:48:35.250, 10353
2026/09/24 22:48:35.750, 10353
2026/09/24 22:48:36.250, 10353
2026/09/24 22:48:36.750, 10353
2026/09/24 22:48:37.251, 10353
2026/09/24 22:48:37.751, 10353
2026/09/24 22:48:38.251, 10353
2026/09/24 22:48:38.751, 10353
2026/09/24 22:48:39.251, 10353
2026/09/24 22:48:39.752, 10353
2026/09/24 22:48:40.252, 10353
2026/09/24 22:48:40.752, 10353
2026/09/24 22:48:41.252, 10353
2026/09/24 22:48:41.752, 10353
2026/09/24 22:48:42.253, 10353
2026/09/24 22:48:42.753, 10353
2026/09/24 22:48:43.253, 10353
2026/09/24 22:48:43.753, 10353
2026/09/24 22:48:44.253, 10353
2026/09/24 22:48:44.753, 10353
2026/09/24 22:48:45.254, 10353
2026/09/24 22:48:45.754, 10353
2026/09/24 22:48:46.254, 10353
2026/09/24 22:48:46.754, 10353
2026/09/24 22:48:47.254, 10353
2026/09/24 22:48:47.754, 10353
2026/09/24 22:48:48.254, 10353
2026/09/24 22:48:48.755, 10353
2026/09/24 22:48:49.255, 10353
2026/09/24 22:48:49.755, 10353
2026/09/24 22:48:50.255, 10353
2026/09/24 22:48:50.755, 10353
2026/09/24 22:48:51.255, 10353
2026/09/24 22:48:51.756, 10353
2026/09/24 22:48:52.256, 10353
2026/09/24 22:48:52.756, 10353
2026/09/24 22:48:53.256, 10353
2026/09/24 22:48:53.756, 10353
2026/09/24 22:48:54.256, 10353
2026/09/24 22:48:54.756, 10353
2026/09/24 22:48:55.257, 10353
2026/09/24 22:48:55.757, 10353
2026/09/24 22:48:56.257, 10353
2026/09/24 22:48:56.757, 10353
2026/09/24 22:48:57.257, 10353
2026/09/24 22:48:57.757, 10353
2026/09/24 22:48:58.258, 10353
2026/09/24 22:48:58.758, 10353
2026/09/24 22:48:59.258, 10353
2026/09/24 22:48:59.758, 10353
2026/09/24 22:49:00.258, 10353
2026/09/24 22:49:00.758, 10353
2026/09/24 22:49:01.258, 10353
2026/09/24 22:49:01.759, 10353
2026/09/24 22:49:02.259, 10353
2026/09/24 22:49:02.759, 10353
2026/09/24 22:49:03.259, 10353
2026/09/24 22:49:03.759, 10353
2026/09/24 22:49:04.259, 10353
2026/09/24 22:49:04.760, 10353
2026/09/24 22:49:05.260, 10353
2026/09/24 22:49:05.760, 10353
2026/09/24 22:49:06.260, 10353
2026/09/24 22:49:06.760, 10353
2026/09/24 22:49:07.260, 10353
2026/09/24 22:49:07.761, 10353
2026/09/24 22:49:08.261, 10353
2026/09/24 22:49:08.761, 10353
2026/09/24 22:49:09.261, 10353
2026/09/24 22:49:09.761, 10353
2026/09/24 22:49:10.261, 10353
2026/09/24 22:49:10.762, 10353
2026/09/24 22:49:11.262, 10353
2026/09/24 22:49:11.762, 10353
2026/09/24 22:49:12.262, 10353
2026/09/24 22:49:12.762, 10353
2026/09/24 22:49:13.263, 10353
2026/09/24 22:49:13.763, 10353
2026/09/24 22:49:14.263, 10353
2026/09/24 22:49:14.763, 10353
2026/09/24 22:49:15.263, 10353
2026/09/24 22:49:15.763, 10353
2026/09/24 22:49:16.264, 10353
2026/09/24 22:49:16.764, 10353
2026/09/24 22:49:17.264, 10353
2026/09/24 22:49:17.764, 10353
2026/09/24 22:49:18.264, 10353
2026/09/24 22:49:18.764, 10353
2026/09/24 22:49:19.265, 10353
2026/09/24 22:49:19.765, 10353
2026/09/24 22:49:20.265, 10353
2026/09/24 22:49:20.765, 10353
2026/09/24 22:49:21.265, 10353
2026/09/24 22:49:21.765, 10353
2026/09/24 22:49:22.266, 10353
2026/09/24 22:49:22.766, 10353
2026/09/24 22:49:23.266, 10353
2026/09/24 22:49:23.766, 10353
2026/09/24 22:49:24.266, 10353
2026/09/24 22:49:24.766, 10353
2026/09/24 22:49:25.267, 10353
2026/09/24 22:49:25.767, 10353
2026/09/24 22:49:26.267, 10353
2026/09/24 22:49:26.767, 10353
2026/09/24 22:49:27.267, 10353
2026/09/24 22:49:27.768, 10353
2026/09/24 22:49:28.268, 10353
2026/09/24 22:49:28.768, 10353
2026/09/24 22:49:29.268, 10353
2026/09/24 22:49:29.768, 10353
2026/09/24 22:49:30.268, 10353
2026/09/24 22:49:30.769, 10353
2026/09/24 22:49:31.269, 10353
2026/09/24 22:49:31.769, 10353
2026/09/24 22:49:32.269, 10353
2026/09/24 22:49:32.769, 10353
2026/09/24 22:49:33.269, 10353
2026/09/24 22:49:33.770, 10353
2026/09/24 22:49:34.270, 10353
2026/09/24 22:49:34.770, 10353
2026/09/24 22:49:35.270, 10353
2026/09/24 22:49:35.770, 10353
2026/09/24 22:49:36.270, 10353
2026/09/24 22:49:36.771, 10353
2026/09/24 22:49:37.271, 10353
2026/09/24 22:49:37.771, 10353
2026/09/24 22:49:38.271, 10353
2026/09/24 22:49:38.771, 10353
2026/09/24 22:49:39.271, 10353
2026/09/24 22:49:39.772, 10353
2026/09/24 22:49:40.272, 10353
2026/09/24 22:49:40.772, 10353
2026/09/24 22:49:41.272, 10353
2026/09/24 22:49:41.772, 10353
2026/09/24 22:49:42.273, 10353
2026/09/24 22:49:42.773, 10353
2026/09/24 22:49:43.273, 10353
2026/09/24 22:49:43.773, 10353
2026/09/24 22:49:44.273, 10353
2026/09/24 22:49:44.773, 10353
2026/09/24 22:49:45.274, 10353
2026/09/24 22:49:45.774, 10353
2026/09/24 22:49:46.274, 10353
2026/09/24 22:49:46.774, 10353
2026/09/24 22:49:47.274, 10353
2026/09/24 22:49:47.774, 10353
2026/09/24 22:49:48.274, 10353
2026/09/24 22:49:48.775, 10353
2026/09/24 22:49:49.275, 10353
2026/09/24 22:49:49.775, 10353
2026/09/24 22:49:50.275, 10353
2026/09/24 22:49:50.775, 10353
2026/09/24 22:49:51.275, 10353
2026/09/24 22:49:51.775, 10353
2026/09/24 22:49:52.276, 10353
2026/09/24 22:49:52.776, 10353
2026/09/24 22:49:53.276, 10353
2026/09/24 22:49:53.776, 10353
2026/09/24 22:49:54.276, 10353
2026/09/24 22:49:54.776, 10353
2026/09/24 22:49:55.277, 10353
2026/09/24 22:49:55.777, 10353
2026/09/24 22:49:56.277, 10353
2026/09/24 22:49:56.777, 10353
2026/09/24 22:49:57.277, 10353
2026/09/24 22:49:57.777, 10353
2026/09/24 22:49:58.277, 10353
2026/09/24 22:49:58.778, 10353
2026/09/24 22:49:59.278, 10353
2026/09/24 22:49:59.778, 10353
2026/09/24 22:50:00.278, 10353
2026/09/24 22:50:00.778, 10353
2026/09/24 22:50:01.278, 10353
2026/09/24 22:50:01.778, 10353
2026/09/24 22:50:02.279, 10353
2026/09/24 22:50:02.779, 10353
2026/09/24 22:50:03.279, 10353
2026/09/24 22:50:03.779, 10353
2026/09/24 22:50:04.279, 10353
2026/09/24 22:50:04.779, 10353
2026/09/24 22:50:05.280, 10353
2026/09/24 22:50:05.780, 10353
2026/09/24 22:50:06.280, 10353
2026/09/24 22:50:06.780, 10353
2026/09/24 22:50:07.280, 10353
2026/09/24 22:50:07.780, 10353
2026/09/24 22:50:08.281, 10353
2026/09/24 22:50:08.781, 10353
2026/09/24 22:50:09.281, 10353
2026/09/24 22:50:09.781, 10353
2026/09/24 22:50:10.281, 10353
2026/09/24 22:50:10.781, 10353
2026/09/24 22:50:11.282, 10353
2026/09/24 22:50:11.782, 10353
2026/09/24 22:50:12.282, 10353
2026/09/24 22:50:12.782, 10353
2026/09/24 22:50:13.282, 10353
2026/09/24 22:50:13.782, 10353
2026/09/24 22:50:14.282, 10353
2026/09/24 22:50:14.783, 10353
2026/09/24 22:50:15.283, 10353
2026/09/24 22:50:15.783, 10353
2026/09/24 22:50:16.283, 10353
2026/09/24 22:50:16.783, 10353
2026/09/24 22:50:17.283, 10353
2026/09/24 22:50:17.784, 10353
2026/09/24 22:50:18.284, 10353
2026/09/24 22:50:18.784, 10353
2026/09/24 22:50:19.284, 10353
2026/09/24 22:50:19.784, 10353
2026/09/24 22:50:20.284, 10353
2026/09/24 22:50:20.784, 10353
2026/09/24 22:50:21.285, 10353
2026/09/24 22:50:21.785, 10353
2026/09/24 22:50:22.285, 10353
2026/09/24 22:50:22.785, 10353
2026/09/24 22:50:23.285, 10353
2026/09/24 22:50:23.785, 10353
2026/09/24 22:50:24.285, 10353
2026/09/24 22:50:24.786, 10353
2026/09/24 22:50:25.286, 10353
2026/09/24 22:50:25.786, 10353
2026/09/24 22:50:26.286, 10353
2026/09/24 22:50:26.786, 10353
2026/09/24 22:50:27.286, 10353
2026/09/24 22:50:27.786, 10353
2026/09/24 22:50:28.287, 10353
2026/09/24 22:50:28.787, 10353
2026/09/24 22:50:29.287, 10353
2026/09/24 22:50:29.787, 10353
2026/09/24 22:50:30.287, 10353
2026/09/24 22:50:30.787, 10353
2026/09/24 22:50:31.288, 10353
2026/09/24 22:50:31.788, 10353
2026/09/24 22:50:32.288, 10353
2026/09/24 22:50:32.788, 10353
2026/09/24 22:50:33.288, 10353
2026/09/24 22:50:33.788, 10353
2026/09/24 22:50:34.289, 10353
2026/09/24 22:50:34.789, 10353
2026/09/24 22:50:35.289, 10353
2026/09/24 22:50:35.789, 10353
2026/09/24 22:50:36.289, 10353
2026/09/24 22:50:36.789, 10353
2026/09/24 22:50:37.289, 10353
2026/09/24 22:50:37.790, 10353
2026/09/24 22:50:38.290, 10353
2026/09/24 22:50:38.790, 10353
2026/09/24 22:50:39.290, 10353
2026/09/24 22:50:39.790, 10353
2026/09/24 22:50:40.290, 10353
2026/09/24 22:50:40.791, 10353
2026/09/24 22:50:41.291, 10353
2026/09/24 22:50:41.791, 10353
2026/09/24 22:50:42.291, 10353
2026/09/24 22:50:42.791, 10353
2026/09/24 22:50:43.291, 10353
2026/09/24 22:50:43.791, 10353
2026/09/24 22:50:44.292, 10353
2026/09/24 22:50:44.792, 10353
2026/09/24 22:50:45.292, 10353
2026/09/24 22:50:45.792, 10353
2026/09/24 22:50:46.292, 10353
2026/09/24 22:50:46.792, 10353
2026/09/24 22:50:47.293, 10353
2026/09/24 22:50:47.793, 10353
2026/09/24 22:50:48.293, 10353
2026/09/24 22:50:48.793, 10353
2026/09/24 22:50:49.293, 10353
2026/09/24 22:50:49.793, 10353
2026/09/24 22:50:50.293, 10353
2026/09/24 22:50:50.794, 10353
2026/09/24 22:50:51.294, 10353
2026/09/24 22:50:51.794, 10353
2026/09/24 22:50:52.294, 10353
2026/09/24 22:50:52.794, 10353
2026/09/24 22:50:53.294, 10353
2026/09/24 22:50:53.794, 10353
2026/09/24 22:50:54.295, 10353
2026/09/24 22:50:54.795, 10353
2026/09/24 22:50:55.295, 10353
2026/09/24 22:50:55.795, 10353
2026/09/24 22:50:56.295, 10353
2026/09/24 22:50:56.795, 10353
2026/09/24 22:50:57.296, 10353
2026/09/24 22:50:57.796, 10353
2026/09/24 22:50:58.296, 10353
2026/09/24 22:50:58.796, 10353
2026/09/24 22:50:59.296, 10353
2026/09/24 22:50:59.796, 10353
2026/09/24 22:51:00.296, 10353
2026/09/24 22:51:00.797, 10353
2026/09/24 22:51:01.297, 10353
2026/09/24 22:51:01.797, 10353
2026/09/24 22:51:02.297, 10353
2026/09/24 22:51:02.797, 10353
2026/09/24 22:51:03.297, 10353
2026/09/24 22:51:03.797, 10353
2026/09/24 22:51:04.298, 10353
2026/09/24 22:51:04.798, 10353
2026/09/24 22:51:05.298, 10353
2026/09/24 22:51:05.798, 10353
2026/09/24 22:51:06.298, 10353
2026/09/24 22:51:06.798, 10353
2026/09/24 22:51:07.299, 10353
2026/09/24 22:51:07.799, 10353
2026/09/24 22:51:08.299, 10353
2026/09/24 22:51:08.799, 10353
2026/09/24 22:51:09.299, 10353
2026/09/24 22:51:09.799, 10353
2026/09/24 22:51:10.300, 10353
2026/09/24 22:51:10.800, 10353
2026/09/24 22:51:11.300, 10353
2026/09/24 22:51:11.800, 10353
2026/09/24 22:51:12.300, 10353
2026/09/24 22:51:12.800, 10353
2026/09/24 22:51:13.301, 10353
2026/09/24 22:51:13.801, 10353
2026/09/24 22:51:14.301, 10353
2026/09/24 22:51:14.801, 10353
2026/09/24 22:51:15.301, 10353
2026/09/24 22:51:15.801, 10353
2026/09/24 22:51:16.302, 10353
2026/09/24 22:51:16.802, 10353
2026/09/24 22:51:17.302, 10353
2026/09/24 22:51:17.802, 10353
2026/09/24 22:51:18.302, 10353
2026/09/24 22:51:18.802, 10353
2026/09/24 22:51:19.303, 10353
2026/09/24 22:51:19.803, 10353
2026/09/24 22:51:20.303, 10353
2026/09/24 22:51:20.803, 10353
2026/09/24 22:51:21.303, 10353
2026/09/24 22:51:21.803, 10353
2026/09/24 22:51:22.304, 10353
2026/09/24 22:51:22.804, 10353
2026/09/24 22:51:23.304, 10353
2026/09/24 22:51:23.804, 10353
2026/09/24 22:51:24.304, 10353
2026/09/24 22:51:24.805, 10353
2026/09/24 22:51:25.305, 10353
2026/09/24 22:51:25.805, 10353
2026/09/24 22:51:26.305, 10353
2026/09/24 22:51:26.805, 10353
2026/09/24 22:51:27.305, 10353
2026/09/24 22:51:27.806, 10353
2026/09/24 22:51:28.306, 10353
2026/09/24 22:51:28.806, 10353
2026/09/24 22:51:29.306, 10353
2026/09/24 22:51:29.806, 10353
2026/09/24 22:51:30.306, 10353
2026/09/24 22:51:30.807, 10353
2026/09/24 22:51:31.307, 10353
2026/09/24 22:51:31.807, 10353
2026/09/24 22:51:32.307, 10353
2026/09/24 22:51:32.807, 10353
2026/09/24 22:51:33.307, 10353
2026/09/24 22:51:33.808, 10353
2026/09/24 22:51:34.308, 10353
2026/09/24 22:51:34.808, 10353
2026/09/24 22:51:35.308, 10353
2026/09/24 22:51:35.808, 10353
2026/09/24 22:51:36.308, 10353
2026/09/24 22:51:36.808, 10353
2026/09/24 22:51:37.309, 10353
2026/09/24 22:51:37.809, 10353
2026/09/24 22:51:38.309, 10353
2026/09/24 22:51:38.809, 10353
2026/09/24 22:51:39.309, 10353
2026/09/24 22:51:39.809, 10353
2026/09/24 22:51:40.310, 10353
2026/09/24 22:51:40.810, 10353
2026/09/24 22:51:41.310, 10353
2026/09/24 22:51:41.810, 10353
2026/09/24 22:51:42.310, 10353
2026/09/24 22:51:42.810, 10353
2026/09/24 22:51:43.311, 10353
2026/09/24 22:51:43.811, 10353
2026/09/24 22:51:44.311, 10353
2026/09/24 22:51:44.811, 10353
2026/09/24 22:51:45.311, 10353
2026/09/24 22:51:45.811, 10353
2026/09/24 22:51:46.312, 10353
2026/09/24 22:51:46.812, 10353
2026/09/24 22:51:47.312, 10353
2026/09/24 22:51:47.812, 10353
2026/09/24 22:51:48.312, 10353
2026/09/24 22:51:48.812, 10353
2026/09/24 22:51:49.312, 10353
2026/09/24 22:51:49.813, 10353
2026/09/24 22:51:50.313, 10353
2026/09/24 22:51:50.813, 10353
2026/09/24 22:51:51.313, 10353
2026/09/24 22:51:51.813, 10353
2026/09/24 22:51:52.313, 10353
2026/09/24 22:51:52.814, 10353
2026/09/24 22:51:53.314, 10353
2026/09/24 22:51:53.814, 10353
2026/09/24 22:51:54.314, 10353
2026/09/24 22:51:54.814, 10353
2026/09/24 22:51:55.314, 10353
2026/09/24 22:51:55.815, 10353
2026/09/24 22:51:56.315, 10353
2026/09/24 22:51:56.815, 10353
2026/09/24 22:51:57.315, 10353
2026/09/24 22:51:57.815, 10353
2026/09/24 22:51:58.315, 10353
2026/09/24 22:51:58.816, 10353
2026/09/24 22:51:59.316, 10353
2026/09/24 22:51:59.816, 10353
2026/09/24 22:52:00.316, 10353
2026/09/24 22:52:00.816, 10353
2026/09/24 22:52:01.316, 10353
2026/09/24 22:52:01.817, 10353
2026/09/24 22:52:02.317, 10353
2026/09/24 22:52:02.817, 10353
2026/09/24 22:52:03.317, 10353
2026/09/24 22:52:03.817, 10353
2026/09/24 22:52:04.317, 10353
2026/09/24 22:52:04.817, 10353
2026/09/24 22:52:05.317, 10353
2026/09/24 22:52:05.818, 10353
2026/09/24 22:52:06.318, 10353
2026/09/24 22:52:06.818, 10353
2026/09/24 22:52:07.318, 10353
2026/09/24 22:52:07.818, 10353
2026/09/24 22:52:08.318, 10353
2026/09/24 22:52:08.819, 10353
2026/09/24 22:52:09.319, 10353
2026/09/24 22:52:09.819, 10353
2026/09/24 22:52:10.319, 10353
2026/09/24 22:52:10.819, 10353
2026/09/24 22:52:11.319, 10353
2026/09/24 22:52:11.819, 10353
2026/09/24 22:52:12.320, 10353
2026/09/24 22:52:12.820, 10353
2026/09/24 22:52:13.320, 10353
2026/09/24 22:52:13.820, 10353
2026/09/24 22:52:14.320, 10353
2026/09/24 22:52:14.820, 10353
2026/09/24 22:52:15.320, 10353
2026/09/24 22:52:15.821, 10353
2026/09/24 22:52:16.321, 10353
2026/09/24 22:52:16.821, 10353
2026/09/24 22:52:17.321, 10353
2026/09/24 22:52:17.821, 10353
2026/09/24 22:52:18.321, 10353
2026/09/24 22:52:18.821, 10353
2026/09/24 22:52:19.322, 10353
2026/09/24 22:52:19.822, 10353
2026/09/24 22:52:20.322, 10353
2026/09/24 22:52:20.822, 10353
2026/09/24 22:52:21.322, 10353
2026/09/24 22:52:21.822, 10353
2026/09/24 22:52:22.322, 10353
2026/09/24 22:52:22.823, 10353
2026/09/24 22:52:23.323, 10353
2026/09/24 22:52:23.823, 10353
2026/09/24 22:52:24.323, 10353
2026/09/24 22:52:24.823, 10353
2026/09/24 22:52:25.323, 10353
2026/09/24 22:52:25.824, 10353
2026/09/24 22:52:26.324, 10353
2026/09/24 22:52:26.824, 10353
2026/09/24 22:52:27.324, 10353
2026/09/24 22:52:27.824, 10353
2026/09/24 22:52:28.324, 10353
2026/09/24 22:52:28.824, 10353
2026/09/24 22:52:29.325, 10353
2026/09/24 22:52:29.825, 10353
2026/09/24 22:52:30.325, 10353
2026/09/24 22:52:30.825, 10353
2026/09/24 22:52:31.325, 10353
2026/09/24 22:52:31.825, 10353
2026/09/24 22:52:32.326, 10353
2026/09/24 22:52:32.826, 10353
2026/09/24 22:52:33.326, 10353
2026/09/24 22:52:33.826, 10353
2026/09/24 22:52:34.326, 10353
2026/09/24 22:52:34.826, 10353
2026/09/24 22:52:35.326, 10353
2026/09/24 22:52:35.827, 10353
2026/09/24 22:52:36.327, 10353
2026/09/24 22:52:36.827, 10353
2026/09/24 22:52:37.327, 10353
2026/09/24 22:52:37.827, 10353
2026/09/24 22:52:38.327, 10353
2026/09/24 22:52:38.828, 10353
2026/09/24 22:52:39.328, 10353
2026/09/24 22:52:39.828, 10353
2026/09/24 22:52:40.328, 10353
2026/09/24 22:52:40.828, 10353
2026/09/24 22:52:41.328, 10353
2026/09/24 22:52:41.829, 10353
2026/09/24 22:52:42.329, 10353
2026/09/24 22:52:42.829, 10353
2026/09/24 22:52:43.329, 10353
2026/09/24 22:52:43.829, 10353
2026/09/24 22:52:44.329, 10353
2026/09/24 22:52:44.829, 10353
2026/09/24 22:52:45.330, 10353
2026/09/24 22:52:45.830, 10353
2026/09/24 22:52:46.330, 10353
2026/09/24 22:52:46.830, 10353
2026/09/24 22:52:47.330, 10353
2026/09/24 22:52:47.830, 10353
2026/09/24 22:52:48.330, 10353
2026/09/24 22:52:48.831, 10353
2026/09/24 22:52:49.331, 10353
2026/09/24 22:52:49.831, 10353
2026/09/24 22:52:50.331, 10353
2026/09/24 22:52:50.831, 10353
2026/09/24 22:52:51.331, 10353
2026/09/24 22:52:51.832, 10353
2026/09/24 22:52:52.332, 10353
2026/09/24 22:52:52.832, 10353
2026/09/24 22:52:53.332, 10353
2026/09/24 22:52:53.832, 10353
2026/09/24 22:52:54.332, 10353
2026/09/24 22:52:54.833, 10353
2026/09/24 22:52:55.333, 10353
2026/09/24 22:52:55.833, 10353
2026/09/24 22:52:56.333, 10353
2026/09/24 22:52:56.833, 10353
2026/09/24 22:52:57.333, 10353
2026/09/24 22:52:57.833, 10353
2026/09/24 22:52:58.334, 10353
2026/09/24 22:52:58.834, 10353
2026/09/24 22:52:59.334, 10353
2026/09/24 22:52:59.834, 10353
2026/09/24 22:53:00.334, 10353
2026/09/24 22:53:00.834, 10353
2026/09/24 22:53:01.335, 10353
2026/09/24 22:53:01.835, 10353
2026/09/24 22:53:02.335, 10353
2026/09/24 22:53:02.835, 10353
2026/09/24 22:53:03.335, 10353
2026/09/24 22:53:03.835, 10353
2026/09/24 22:53:04.335, 10353
2026/09/24 22:53:04.836, 10353
2026/09/24 22:53:05.336, 10353
2026/09/24 22:53:05.836, 10353
2026/09/24 22:53:06.336, 10353
2026/09/24 22:53:06.836, 10353
2026/09/24 22:53:07.336, 10353
2026/09/24 22:53:07.837, 10353
2026/09/24 22:53:08.337, 10353
2026/09/24 22:53:08.837, 10353
2026/09/24 22:53:09.337, 10353
2026/09/24 22:53:09.837, 10353
2026/09/24 22:53:10.337, 10353
2026/09/24 22:53:10.837, 10353
2026/09/24 22:53:11.338, 10353
2026/09/24 22:53:11.838, 10353
2026/09/24 22:53:12.338, 10353
2026/09/24 22:53:12.838, 10353
2026/09/24 22:53:13.338, 10353
2026/09/24 22:53:13.838, 10353
2026/09/24 22:53:14.339, 10353
2026/09/24 22:53:14.839, 10353
2026/09/24 22:53:15.339, 10353
2026/09/24 22:53:15.840, 10353
2026/09/24 22:53:16.340, 10353
2026/09/24 22:53:16.840, 10353
2026/09/24 22:53:17.340, 10353
2026/09/24 22:53:17.840, 10353
2026/09/24 22:53:18.340, 10353
2026/09/24 22:53:18.841, 10353
2026/09/24 22:53:19.341, 10353
2026/09/24 22:53:19.841, 10353
2026/09/24 22:53:20.341, 10353
2026/09/24 22:53:20.841, 10353
2026/09/24 22:53:21.341, 10353
2026/09/24 22:53:21.842, 10353
2026/09/24 22:53:22.342, 10353
2026/09/24 22:53:22.842, 10353
2026/09/24 22:53:23.342, 10353
2026/09/24 22:53:23.842, 10353
2026/09/24 22:53:24.342, 10353
2026/09/24 22:53:24.842, 10353
2026/09/24 22:53:25.343, 10353
2026/09/24 22:53:25.843, 10353
2026/09/24 22:53:26.343, 10353
2026/09/24 22:53:26.843, 10353
2026/09/24 22:53:27.343, 10353
2026/09/24 22:53:27.843, 10353
2026/09/24 22:53:28.343, 10353
2026/09/24 22:53:28.844, 10353
2026/09/24 22:53:29.344, 10353
2026/09/24 22:53:29.844, 10353
2026/09/24 22:53:30.344, 10353
2026/09/24 22:53:30.844, 10353
2026/09/24 22:53:31.344, 10353
2026/09/24 22:53:31.844, 10353
2026/09/24 22:53:32.345, 10353
2026/09/24 22:53:32.845, 10353
2026/09/24 22:53:33.345, 10353
2026/09/24 22:53:33.845, 10353
2026/09/24 22:53:34.345, 10353
2026/09/24 22:53:34.845, 10353
2026/09/24 22:53:35.345, 10353
2026/09/24 22:53:35.846, 10353
2026/09/24 22:53:36.346, 10353
2026/09/24 22:53:36.846, 10353
2026/09/24 22:53:37.346, 10353
2026/09/24 22:53:37.846, 10353
2026/09/24 22:53:38.346, 10353
2026/09/24 22:53:38.846, 10353
2026/09/24 22:53:39.347, 10353
2026/09/24 22:53:39.847, 10353
2026/09/24 22:53:40.347, 10353
2026/09/24 22:53:40.847, 10353
2026/09/24 22:53:41.347, 10353
2026/09/24 22:53:41.847, 10353
2026/09/24 22:53:42.348, 10353
2026/09/24 22:53:42.848, 10353
2026/09/24 22:53:43.348, 10353
2026/09/24 22:53:43.848, 10353
2026/09/24 22:53:44.348, 10353
2026/09/24 22:53:44.848, 10353
2026/09/24 22:53:45.348, 10353
2026/09/24 22:53:45.849, 10353
2026/09/24 22:53:46.349, 10353
2026/09/24 22:53:46.849, 10353
2026/09/24 22:53:47.349, 10353
2026/09/24 22:53:47.849, 10353
2026/09/24 22:53:48.349, 10353
2026/09/24 22:53:48.849, 10353
2026/09/24 22:53:49.350, 10353
2026/09/24 22:53:49.850, 10353
2026/09/24 22:53:50.350, 10353
2026/09/24 22:53:50.850, 10353
2026/09/24 22:53:51.350, 10353
2026/09/24 22:53:51.866, 10353
2026/09/24 22:53:52.366, 10353
2026/09/24 22:53:52.866, 10353
2026/09/24 22:53:53.366, 10353
2026/09/24 22:53:53.866, 10353
2026/09/24 22:53:54.366, 10353
2026/09/24 22:53:54.867, 10353
2026/09/24 22:53:55.367, 10353
2026/09/24 22:53:55.867, 10353
2026/09/24 22:53:56.367, 10353
2026/09/24 22:53:56.867, 10353
2026/09/24 22:53:57.367, 10353
2026/09/24 22:53:57.867, 10353
2026/09/24 22:53:58.368, 10353
2026/09/24 22:53:58.868, 10353
2026/09/24 22:53:59.368, 10353
2026/09/24 22:53:59.868, 10353
2026/09/24 22:54:00.368, 10353
2026/09/24 22:54:00.868, 10353
2026/09/24 22:54:01.368, 10353
2026/09/24 22:54:01.869, 10353
2026/09/24 22:54:02.369, 10353
2026/09/24 22:54:02.869, 10353
2026/09/24 22:54:03.369, 10353
2026/09/24 22:54:03.869, 10353
2026/09/24 22:54:04.369, 10353
2026/09/24 22:54:04.869, 10353
2026/09/24 22:54:05.370, 10353
2026/09/24 22:54:05.870, 10353
2026/09/24 22:54:06.370, 10353
2026/09/24 22:54:06.870, 10353
2026/09/24 22:54:07.370, 10353
2026/09/24 22:54:07.870, 10353
2026/09/24 22:54:08.371, 10353
2026/09/24 22:54:08.871, 10353
2026/09/24 22:54:09.371, 10353
2026/09/24 22:54:09.871, 10353
2026/09/24 22:54:10.371, 10353
2026/09/24 22:54:10.871, 10353
2026/09/24 22:54:11.371, 10353
2026/09/24 22:54:11.872, 10353
2026/09/24 22:54:12.372, 10353
2026/09/24 22:54:12.872, 10353
2026/09/24 22:54:13.372, 10353
2026/09/24 22:54:13.872, 10353
2026/09/24 22:54:14.372, 10353
2026/09/24 22:54:14.872, 10353
2026/09/24 22:54:15.373, 10353
2026/09/24 22:54:15.873, 10353
2026/09/24 22:54:16.373, 10353
2026/09/24 22:54:16.873, 10353
2026/09/24 22:54:17.373, 10353
2026/09/24 22:54:17.873, 10353
2026/09/24 22:54:18.373, 10353
2026/09/24 22:54:18.874, 10353
2026/09/24 22:54:19.374, 10353
2026/09/24 22:54:19.874, 10353
2026/09/24 22:54:20.374, 10353
2026/09/24 22:54:20.874, 10353
2026/09/24 22:54:21.374, 10353
2026/09/24 22:54:21.875, 10353
2026/09/24 22:54:22.375, 10353
2026/09/24 22:54:22.875, 10353
2026/09/24 22:54:23.375, 10353
2026/09/24 22:54:23.875, 10353
2026/09/24 22:54:24.375, 10353
2026/09/24 22:54:24.875, 10353
2026/09/24 22:54:25.376, 10353
2026/09/24 22:54:25.876, 10353
2026/09/24 22:54:26.376, 10353
2026/09/24 22:54:26.876, 10353
2026/09/24 22:54:27.376, 10353
2026/09/24 22:54:27.876, 10353
2026/09/24 22:54:28.376, 10353
2026/09/24 22:54:28.876, 10353
2026/09/24 22:54:29.377, 10353
2026/09/24 22:54:29.877, 10353
2026/09/24 22:54:30.377, 10353
2026/09/24 22:54:30.877, 10353
2026/09/24 22:54:31.377, 10353
2026/09/24 22:54:31.877, 10353
2026/09/24 22:54:32.378, 10353
2026/09/24 22:54:32.878, 10353
2026/09/24 22:54:33.378, 10353
2026/09/24 22:54:33.878, 10353
2026/09/24 22:54:34.379, 10353
2026/09/24 22:54:34.879, 10353
2026/09/24 22:54:35.379, 10353
2026/09/24 22:54:35.879, 10353
2026/09/24 22:54:36.379, 10353
2026/09/24 22:54:36.879, 10353
2026/09/24 22:54:37.380, 10353
2026/09/24 22:54:37.880, 10353
2026/09/24 22:54:38.380, 10353
2026/09/24 22:54:38.880, 10353
2026/09/24 22:54:39.380, 10353
2026/09/24 22:54:39.881, 10353
2026/09/24 22:54:40.381, 10353
2026/09/24 22:54:40.881, 10353
2026/09/24 22:54:41.381, 10353
2026/09/24 22:54:41.881, 10353
2026/09/24 22:54:42.381, 10353
2026/09/24 22:54:42.881, 10353
2026/09/24 22:54:43.382, 10353
2026/09/24 22:54:43.882, 10353
2026/09/24 22:54:44.382, 10353
2026/09/24 22:54:44.882, 10353
2026/09/24 22:54:45.382, 10353
2026/09/24 22:54:45.882, 10353
2026/09/24 22:54:46.383, 10353
2026/09/24 22:54:46.883, 10353
2026/09/24 22:54:47.383, 10353
2026/09/24 22:54:47.883, 10353
2026/09/24 22:54:48.383, 10353
2026/09/24 22:54:48.883, 10353
2026/09/24 22:54:49.383, 10353
2026/09/24 22:54:49.884, 10353
2026/09/24 22:54:50.384, 10353
2026/09/24 22:54:50.884, 10353
2026/09/24 22:54:51.384, 10353
2026/09/24 22:54:51.884, 10353
2026/09/24 22:54:52.384, 10353
2026/09/24 22:54:52.884, 10353
2026/09/24 22:54:53.385, 10353
2026/09/24 22:54:53.885, 10353
2026/09/24 22:54:54.385, 10353
2026/09/24 22:54:54.885, 10353
2026/09/24 22:54:55.385, 10353
2026/09/24 22:54:55.885, 10353
2026/09/24 22:54:56.386, 10353
2026/09/24 22:54:56.886, 10353
2026/09/24 22:54:57.386, 10353
2026/09/24 22:54:57.886, 10353
2026/09/24 22:54:58.386, 10353
2026/09/24 22:54:58.886, 10353
2026/09/24 22:54:59.386, 10353
2026/09/24 22:54:59.887, 10353
2026/09/24 22:55:00.387, 10353
2026/09/24 22:55:00.887, 10353
2026/09/24 22:55:01.387, 10353
2026/09/24 22:55:01.887, 10353
2026/09/24 22:55:02.387, 10353
2026/09/24 22:55:02.888, 10353
2026/09/24 22:55:03.388, 10353
2026/09/24 22:55:03.888, 10353
2026/09/24 22:55:04.388, 10353
2026/09/24 22:55:04.888, 10353
2026/09/24 22:55:05.388, 10353
2026/09/24 22:55:05.889, 10353
2026/09/24 22:55:06.389, 10353
2026/09/24 22:55:06.889, 10353
2026/09/24 22:55:07.389, 10353
2026/09/24 22:55:07.889, 10353
2026/09/24 22:55:08.389, 10353
2026/09/24 22:55:08.889, 10353
2026/09/24 22:55:09.390, 10353
2026/09/24 22:55:09.890, 10353
2026/09/24 22:55:10.390, 10353
2026/09/24 22:55:10.890, 10353
2026/09/24 22:55:11.390, 10353
2026/09/24 22:55:11.890, 10353
2026/09/24 22:55:12.391, 10353
2026/09/24 22:55:12.891, 10353
2026/09/24 22:55:13.391, 10353
2026/09/24 22:55:13.891, 10353
2026/09/24 22:55:14.391, 10353
2026/09/24 22:55:14.891, 10353
2026/09/24 22:55:15.391, 10353
2026/09/24 22:55:15.892, 10353
2026/09/24 22:55:16.392, 10353
2026/09/24 22:55:16.892, 10353
2026/09/24 22:55:17.392, 10353
2026/09/24 22:55:17.892, 10353
2026/09/24 22:55:18.392, 10353
2026/09/24 22:55:18.893, 10353
2026/09/24 22:55:19.393, 10353
2026/09/24 22:55:19.893, 10353
2026/09/24 22:55:20.393, 10353
2026/09/24 22:55:20.893, 10353
2026/09/24 22:55:21.393, 10353
2026/09/24 22:55:21.894, 10353
2026/09/24 22:55:22.394, 10353
2026/09/24 22:55:22.894, 10353
2026/09/24 22:55:23.394, 10353
2026/09/24 22:55:23.894, 10353
2026/09/24 22:55:24.394, 10353
2026/09/24 22:55:24.894, 10353
2026/09/24 22:55:25.395, 10353
2026/09/24 22:55:25.895, 10353
2026/09/24 22:55:26.395, 10353
2026/09/24 22:55:26.895, 10353
2026/09/24 22:55:27.395, 10353
2026/09/24 22:55:27.895, 10353
2026/09/24 22:55:28.396, 10353
2026/09/24 22:55:28.896, 10353
2026/09/24 22:55:29.396, 10353
2026/09/24 22:55:29.896, 10353
2026/09/24 22:55:30.396, 10353
2026/09/24 22:55:30.897, 10353
2026/09/24 22:55:31.397, 10353
2026/09/24 22:55:31.897, 10353
2026/09/24 22:55:32.397, 10353
2026/09/24 22:55:32.897, 10353
2026/09/24 22:55:33.397, 10353
2026/09/24 22:55:33.898, 10353
2026/09/24 22:55:34.398, 10353
2026/09/24 22:55:34.898, 10353
2026/09/24 22:55:35.398, 10353
2026/09/24 22:55:35.898, 10353
2026/09/24 22:55:36.398, 10353
2026/09/24 22:55:36.899, 10353
2026/09/24 22:55:37.399, 10353
2026/09/24 22:55:37.899, 10353
2026/09/24 22:55:38.399, 10353
2026/09/24 22:55:38.899, 10353
2026/09/24 22:55:39.399, 10353
2026/09/24 22:55:39.899, 10353
2026/09/24 22:55:40.400, 10353
2026/09/24 22:55:40.900, 10353
2026/09/24 22:55:41.400, 10353
2026/09/24 22:55:41.900, 10353
2026/09/24 22:55:42.400, 10353
2026/09/24 22:55:42.900, 10353
2026/09/24 22:55:43.401, 10353
2026/09/24 22:55:43.901, 10353
2026/09/24 22:55:44.401, 10353
2026/09/24 22:55:44.901, 10353
2026/09/24 22:55:45.401, 10353
2026/09/24 22:55:45.901, 10353
2026/09/24 22:55:46.401, 10353
2026/09/24 22:55:46.902, 10353
2026/09/24 22:55:47.402, 10353
2026/09/24 22:55:47.902, 10353
2026/09/24 22:55:48.402, 10353
2026/09/24 22:55:48.902, 10353
2026/09/24 22:55:49.402, 10353
2026/09/24 22:55:49.902, 10353
2026/09/24 22:55:50.403, 10353
2026/09/24 22:55:50.903, 10353
2026/09/24 22:55:51.403, 10353
2026/09/24 22:55:51.903, 10353
2026/09/24 22:55:52.403, 10353
2026/09/24 22:55:52.903, 10353
2026/09/24 22:55:53.404, 10353
2026/09/24 22:55:53.904, 10353
2026/09/24 22:55:54.404, 10353
2026/09/24 22:55:54.904, 10353
2026/09/24 22:55:55.404, 10353
2026/09/24 22:55:55.904, 10353
2026/09/24 22:55:56.404, 10353
2026/09/24 22:55:56.905, 10353
2026/09/24 22:55:57.405, 10353
2026/09/24 22:55:57.905, 10353
2026/09/24 22:55:58.405, 10353
2026/09/24 22:55:58.905, 10353
2026/09/24 22:55:59.405, 10353
2026/09/24 22:55:59.905, 10353
2026/09/24 22:56:00.406, 10353
2026/09/24 22:56:00.906, 10353
2026/09/24 22:56:01.406, 10353
2026/09/24 22:56:01.906, 10353
2026/09/24 22:56:02.407, 10353
2026/09/24 22:56:02.907, 10353
2026/09/24 22:56:03.407, 10353
2026/09/24 22:56:03.907, 10353
2026/09/24 22:56:04.407, 10353
2026/09/24 22:56:04.907, 10353
2026/09/24 22:56:05.407, 10353
2026/09/24 22:56:05.908, 10353
2026/09/24 22:56:06.408, 10353
2026/09/24 22:56:06.908, 10353
2026/09/24 22:56:07.408, 10353
2026/09/24 22:56:07.908, 10353
2026/09/24 22:56:08.408, 10353
2026/09/24 22:56:08.908, 10353
2026/09/24 22:56:09.409, 10353
2026/09/24 22:56:09.909, 10353
2026/09/24 22:56:10.409, 10353
2026/09/24 22:56:10.909, 10353
2026/09/24 22:56:11.409, 10353
2026/09/24 22:56:11.909, 10353
2026/09/24 22:56:12.409, 10353
2026/09/24 22:56:12.910, 10353
2026/09/24 22:56:13.410, 10353
2026/09/24 22:56:13.910, 10353
2026/09/24 22:56:14.410, 10353
2026/09/24 22:56:14.910, 10353
2026/09/24 22:56:15.410, 10353
2026/09/24 22:56:15.911, 10353
2026/09/24 22:56:16.411, 10353
2026/09/24 22:56:16.911, 10353
2026/09/24 22:56:17.411, 10353
2026/09/24 22:56:17.911, 10353
2026/09/24 22:56:18.411, 10353
2026/09/24 22:56:18.911, 10353
2026/09/24 22:56:19.412, 10353
2026/09/24 22:56:19.912, 10353
2026/09/24 22:56:20.412, 10353
2026/09/24 22:56:20.912, 10353
2026/09/24 22:56:21.412, 10353
2026/09/24 22:56:21.912, 10353
2026/09/24 22:56:22.412, 10353
2026/09/24 22:56:22.913, 10353
2026/09/24 22:56:23.413, 10353
2026/09/24 22:56:23.913, 10353
2026/09/24 22:56:24.413, 10353
2026/09/24 22:56:24.913, 10353
2026/09/24 22:56:25.413, 10353
2026/09/24 22:56:25.914, 10353
2026/09/24 22:56:26.414, 10353
2026/09/24 22:56:26.914, 10353
2026/09/24 22:56:27.414, 10353
2026/09/24 22:56:27.914, 10353
2026/09/24 22:56:28.414, 10353
2026/09/24 22:56:28.914, 10353
2026/09/24 22:56:29.415, 10353
2026/09/24 22:56:29.915, 10353
2026/09/24 22:56:30.415, 10353
2026/09/24 22:56:30.915, 10353
2026/09/24 22:56:31.415, 10353
2026/09/24 22:56:31.915, 10353
2026/09/24 22:56:32.416, 10353
2026/09/24 22:56:32.916, 10353
2026/09/24 22:56:33.416, 10353
2026/09/24 22:56:33.916, 10353
2026/09/24 22:56:34.416, 10353
2026/09/24 22:56:34.916, 10353
2026/09/24 22:56:35.416, 10353
2026/09/24 22:56:35.917, 10353
2026/09/24 22:56:36.417, 10353
2026/09/24 22:56:36.917, 10353
2026/09/24 22:56:37.417, 10353
2026/09/24 22:56:37.917, 10353
2026/09/24 22:56:38.417, 10353
2026/09/24 22:56:38.918, 10353
2026/09/24 22:56:39.418, 10353
2026/09/24 22:56:39.918, 10353
2026/09/24 22:56:40.418, 10353
2026/09/24 22:56:40.918, 10353
2026/09/24 22:56:41.418, 10353
2026/09/24 22:56:41.918, 10353
2026/09/24 22:56:42.419, 10353
2026/09/24 22:56:42.919, 10353
2026/09/24 22:56:43.419, 10353
2026/09/24 22:56:43.919, 10353
2026/09/24 22:56:44.419, 10353
2026/09/24 22:56:44.919, 10353
2026/09/24 22:56:45.420, 10353
2026/09/24 22:56:45.920, 10353
2026/09/24 22:56:46.420, 10353
2026/09/24 22:56:46.920, 10353
2026/09/24 22:56:47.420, 10353
2026/09/24 22:56:47.920, 10353
2026/09/24 22:56:48.420, 10353
2026/09/24 22:56:48.921, 10353
2026/09/24 22:56:49.421, 10353
2026/09/24 22:56:49.921, 10353
2026/09/24 22:56:50.421, 10353
2026/09/24 22:56:50.921, 10353
2026/09/24 22:56:51.422, 10353
2026/09/24 22:56:51.922, 10353
2026/09/24 22:56:52.422, 10353
2026/09/24 22:56:52.922, 10353
2026/09/24 22:56:53.422, 10353
2026/09/24 22:56:53.922, 10353
2026/09/24 22:56:54.423, 10353
2026/09/24 22:56:54.923, 10353
2026/09/24 22:56:55.423, 10353
2026/09/24 22:56:55.923, 10353
2026/09/24 22:56:56.423, 10353
2026/09/24 22:56:56.923, 10353
2026/09/24 22:56:57.424, 10353
2026/09/24 22:56:57.924, 10353
2026/09/24 22:56:58.424, 10353
2026/09/24 22:56:58.924, 10353
2026/09/24 22:56:59.424, 10353
2026/09/24 22:56:59.924, 10353
2026/09/24 22:57:00.424, 10353
2026/09/24 22:57:00.925, 10353
2026/09/24 22:57:01.425, 10353
2026/09/24 22:57:01.925, 10353
2026/09/24 22:57:02.425, 10353
2026/09/24 22:57:02.925, 10353
2026/09/24 22:57:03.425, 10353
2026/09/24 22:57:03.926, 10353
2026/09/24 22:57:04.426, 10353
2026/09/24 22:57:04.926, 10353
2026/09/24 22:57:05.426, 10353
2026/09/24 22:57:05.926, 10353
2026/09/24 22:57:06.426, 10353
2026/09/24 22:57:06.926, 10353
2026/09/24 22:57:07.427, 10353
2026/09/24 22:57:07.927, 10353
2026/09/24 22:57:08.427, 10353
2026/09/24 22:57:08.927, 10353
2026/09/24 22:57:09.427, 10353
2026/09/24 22:57:09.927, 10353
2026/09/24 22:57:10.427, 10353
2026/09/24 22:57:10.928, 10353
2026/09/24 22:57:11.428, 10353
2026/09/24 22:57:11.928, 10353
2026/09/24 22:57:12.428, 10353
2026/09/24 22:57:12.928, 10353
2026/09/24 22:57:13.429, 10353
2026/09/24 22:57:13.929, 10353
2026/09/24 22:57:14.429, 10353
2026/09/24 22:57:14.929, 10353
2026/09/24 22:57:15.429, 10353
2026/09/24 22:57:15.929, 10353
2026/09/24 22:57:16.429, 10353
2026/09/24 22:57:16.930, 10353
2026/09/24 22:57:17.430, 10353
2026/09/24 22:57:17.930, 10353
2026/09/24 22:57:18.430, 10353
2026/09/24 22:57:18.930, 10353
2026/09/24 22:57:19.430, 10353
2026/09/24 22:57:19.930, 10353
2026/09/24 22:57:20.431, 10353
2026/09/24 22:57:20.931, 10353
2026/09/24 22:57:21.431, 10353
2026/09/24 22:57:21.931, 10353
2026/09/24 22:57:22.431, 10353
2026/09/24 22:57:22.931, 10353
2026/09/24 22:57:23.431, 10743
2026/09/24 22:57:23.932, 10743
2026/09/24 22:57:24.432, 10353
2026/09/24 22:57:24.932, 10353
2026/09/24 22:57:25.432, 10353
2026/09/24 22:57:25.932, 10353
2026/09/24 22:57:26.432, 10353
2026/09/24 22:57:26.933, 10353
2026/09/24 22:57:27.433, 10353
2026/09/24 22:57:27.933, 10353
2026/09/24 22:57:28.433, 10353
2026/09/24 22:57:28.933, 10353
2026/09/24 22:57:29.433, 10353
2026/09/24 22:57:29.933, 10353
2026/09/24 22:57:30.434, 10353
2026/09/24 22:57:30.934, 10353
2026/09/24 22:57:31.434, 10353
2026/09/24 22:57:31.934, 10353
2026/09/24 22:57:32.434, 10353
2026/09/24 22:57:32.934, 10353
2026/09/24 22:57:33.434, 10353
2026/09/24 22:57:33.935, 10353
2026/09/24 22:57:34.435, 10353
2026/09/24 22:57:34.935, 10353
2026/09/24 22:57:35.435, 10353
2026/09/24 22:57:35.935, 10353
2026/09/24 22:57:36.435, 10353
2026/09/24 22:57:36.935, 10353
2026/09/24 22:57:37.436, 10353
2026/09/24 22:57:37.936, 10353
2026/09/24 22:57:38.436, 10353
2026/09/24 22:57:38.936, 10353
2026/09/24 22:57:39.436, 10353
2026/09/24 22:57:39.936, 10353
2026/09/24 22:57:40.436, 10353
2026/09/24 22:57:40.937, 10353
2026/09/24 22:57:41.437, 10353
2026/09/24 22:57:41.937, 10353
2026/09/24 22:57:42.437, 10353
2026/09/24 22:57:42.937, 10353
2026/09/24 22:57:43.437, 10353
2026/09/24 22:57:43.938, 10353
2026/09/24 22:57:44.438, 10353
2026/09/24 22:57:44.938, 10353
2026/09/24 22:57:45.438, 10353
2026/09/24 22:57:45.938, 10353
2026/09/24 22:57:46.438, 10353
2026/09/24 22:57:46.938, 10353
2026/09/24 22:57:47.438, 10353
2026/09/24 22:57:47.939, 10353
2026/09/24 22:57:48.439, 10353
2026/09/24 22:57:48.939, 10353
2026/09/24 22:57:49.439, 10353
2026/09/24 22:57:49.939, 10353
2026/09/24 22:57:50.440, 10353
2026/09/24 22:57:50.940, 10353
2026/09/24 22:57:51.440, 10353
2026/09/24 22:57:51.940, 10353
2026/09/24 22:57:52.440, 10353
2026/09/24 22:57:52.940, 10353
2026/09/24 22:57:53.440, 10353
2026/09/24 22:57:53.941, 10353
2026/09/24 22:57:54.441, 10353
2026/09/24 22:57:54.941, 10353
2026/09/24 22:57:55.441, 10353
2026/09/24 22:57:55.941, 10353
2026/09/24 22:57:56.441, 10353
2026/09/24 22:57:56.941, 10353
2026/09/24 22:57:57.442, 10353
2026/09/24 22:57:57.942, 10353
2026/09/24 22:57:58.442, 10353
2026/09/24 22:57:58.942, 10353
2026/09/24 22:57:59.442, 10353
2026/09/24 22:57:59.942, 10353
2026/09/24 22:58:00.442, 10353
2026/09/24 22:58:00.943, 10353
2026/09/24 22:58:01.443, 10353
2026/09/24 22:58:01.943, 10353
2026/09/24 22:58:02.443, 10353
2026/09/24 22:58:02.943, 10353
2026/09/24 22:58:03.443, 10353
2026/09/24 22:58:03.944, 10353
2026/09/24 22:58:04.444, 10353
2026/09/24 22:58:04.944, 10353
2026/09/24 22:58:05.444, 10353
2026/09/24 22:58:05.944, 10353
2026/09/24 22:58:06.444, 10353
2026/09/24 22:58:06.945, 10353
2026/09/24 22:58:07.445, 10353
2026/09/24 22:58:07.945, 10353
2026/09/24 22:58:08.445, 10353
2026/09/24 22:58:08.945, 10353
2026/09/24 22:58:09.445, 10353
2026/09/24 22:58:09.945, 10353
2026/09/24 22:58:10.446, 10353
2026/09/24 22:58:10.946, 10353
2026/09/24 22:58:11.446, 10353
2026/09/24 22:58:11.946, 10353
2026/09/24 22:58:12.446, 10353
2026/09/24 22:58:12.946, 10353
2026/09/24 22:58:13.447, 10353
2026/09/24 22:58:13.947, 10353
2026/09/24 22:58:14.447, 10353
2026/09/24 22:58:14.947, 10353
2026/09/24 22:58:15.447, 10353
2026/09/24 22:58:15.948, 10353
2026/09/24 22:58:16.448, 10353
2026/09/24 22:58:16.948, 10353
2026/09/24 22:58:17.448, 10353
2026/09/24 22:58:17.948, 10353
2026/09/24 22:58:18.449, 10353
2026/09/24 22:58:18.949, 10353
2026/09/24 22:58:19.449, 10353
2026/09/24 22:58:19.949, 10353
2026/09/24 22:58:20.449, 10353
2026/09/24 22:58:20.949, 10353
2026/09/24 22:58:21.450, 10353
2026/09/24 22:58:21.950, 10353
2026/09/24 22:58:22.450, 10353
2026/09/24 22:58:22.950, 10353
2026/09/24 22:58:23.450, 10353
2026/09/24 22:58:23.950, 10353
2026/09/24 22:58:24.450, 10353
2026/09/24 22:58:24.951, 10353
2026/09/24 22:58:25.451, 10353
2026/09/24 22:58:25.951, 10353
2026/09/24 22:58:26.451, 10353
2026/09/24 22:58:26.951, 10353
2026/09/24 22:58:27.451, 10353
2026/09/24 22:58:27.952, 10353
2026/09/24 22:58:28.452, 10353
2026/09/24 22:58:28.952, 10353
2026/09/24 22:58:29.452, 10353
2026/09/24 22:58:29.952, 10353
2026/09/24 22:58:30.453, 10353
2026/09/24 22:58:30.953, 10353
2026/09/24 22:58:31.453, 10353
2026/09/24 22:58:31.953, 10353
2026/09/24 22:58:32.453, 10353
2026/09/24 22:58:32.953, 10353
2026/09/24 22:58:33.454, 10353
2026/09/24 22:58:33.954, 10353
2026/09/24 22:58:34.454, 10353
2026/09/24 22:58:34.954, 10353
2026/09/24 22:58:35.454, 10353
2026/09/24 22:58:35.954, 10353
2026/09/24 22:58:36.454, 10353
2026/09/24 22:58:36.955, 10353
2026/09/24 22:58:37.455, 10353
2026/09/24 22:58:37.955, 10353
2026/09/24 22:58:38.455, 10353
2026/09/24 22:58:38.955, 10353
2026/09/24 22:58:39.455, 10353
2026/09/24 22:58:39.956, 10353
2026/09/24 22:58:40.456, 10353
2026/09/24 22:58:40.956, 10353
2026/09/24 22:58:41.456, 10353
2026/09/24 22:58:41.956, 10353
2026/09/24 22:58:42.456, 10353
2026/09/24 22:58:42.957, 10353
2026/09/24 22:58:43.457, 10353
2026/09/24 22:58:43.957, 10353
2026/09/24 22:58:44.457, 10353
2026/09/24 22:58:44.957, 10353
2026/09/24 22:58:45.457, 10353
2026/09/24 22:58:45.958, 10353
2026/09/24 22:58:46.458, 10353
2026/09/24 22:58:46.958, 10353
2026/09/24 22:58:47.458, 10353
2026/09/24 22:58:47.958, 10353
2026/09/24 22:58:48.458, 10353
2026/09/24 22:58:48.959, 10353
2026/09/24 22:58:49.459, 10353
2026/09/24 22:58:49.959, 10353
2026/09/24 22:58:50.459, 10353
2026/09/24 22:58:50.959, 10353
2026/09/24 22:58:51.459, 10353
2026/09/24 22:58:51.959, 10353
2026/09/24 22:58:52.460, 10353
2026/09/24 22:58:52.960, 10353
2026/09/24 22:58:53.460, 10353
2026/09/24 22:58:53.960, 10353
2026/09/24 22:58:54.460, 10353
2026/09/24 22:58:54.960, 10353
2026/09/24 22:58:55.460, 10353
2026/09/24 22:58:55.961, 10353
2026/09/24 22:58:56.461, 10353
2026/09/24 22:58:56.961, 10353
2026/09/24 22:58:57.461, 10353
2026/09/24 22:58:57.961, 10353
2026/09/24 22:58:58.461, 10353
2026/09/24 22:58:58.961, 10353
2026/09/24 22:58:59.462, 10353
2026/09/24 22:58:59.962, 10353
2026/09/24 22:59:00.462, 10353
2026/09/24 22:59:00.962, 10353
2026/09/24 22:59:01.462, 10353
2026/09/24 22:59:01.962, 10353
2026/09/24 22:59:02.463, 10353
2026/09/24 22:59:02.963, 10353
2026/09/24 22:59:03.463, 10353
2026/09/24 22:59:03.963, 10353
2026/09/24 22:59:04.463, 10353
2026/09/24 22:59:04.963, 10353
2026/09/24 22:59:05.463, 10353
2026/09/24 22:59:05.964, 10353
2026/09/24 22:59:06.464, 10353
2026/09/24 22:59:06.964, 10353
2026/09/24 22:59:07.464, 10353
2026/09/24 22:59:07.964, 10353
2026/09/24 22:59:08.464, 10353
2026/09/24 22:59:08.964, 10353
2026/09/24 22:59:09.465, 10353
2026/09/24 22:59:09.965, 10353
2026/09/24 22:59:10.465, 10353
2026/09/24 22:59:10.965, 10353
2026/09/24 22:59:11.465, 10353
2026/09/24 22:59:11.965, 10353
2026/09/24 22:59:12.465, 10353
2026/09/24 22:59:12.966, 10353
2026/09/24 22:59:13.466, 10353
2026/09/24 22:59:13.966, 10353
2026/09/24 22:59:14.466, 10353
2026/09/24 22:59:14.966, 10353
2026/09/24 22:59:15.466, 10353
2026/09/24 22:59:15.966, 10353
2026/09/24 22:59:16.467, 10353
2026/09/24 22:59:16.967, 10353
2026/09/24 22:59:17.467, 10353
2026/09/24 22:59:17.967, 10353
2026/09/24 22:59:18.467, 10353
2026/09/24 22:59:18.967, 10353
2026/09/24 22:59:19.468, 10353
2026/09/24 22:59:19.968, 10353
2026/09/24 22:59:20.468, 10353
2026/09/24 22:59:20.968, 10353
2026/09/24 22:59:21.468, 10353
2026/09/24 22:59:21.968, 10353
2026/09/24 22:59:22.468, 10353
2026/09/24 22:59:22.969, 10353
2026/09/24 22:59:23.469, 10353
2026/09/24 22:59:23.969, 10353
2026/09/24 22:59:24.469, 10353
2026/09/24 22:59:24.969, 10353
2026/09/24 22:59:25.469, 10353
2026/09/24 22:59:25.969, 10353
2026/09/24 22:59:26.470, 10353
2026/09/24 22:59:26.970, 10353
2026/09/24 22:59:27.470, 10353
2026/09/24 22:59:27.970, 10353
2026/09/24 22:59:28.470, 10353
2026/09/24 22:59:28.970, 10353
2026/09/24 22:59:29.471, 10353
2026/09/24 22:59:29.971, 10353
2026/09/24 22:59:30.471, 10353
2026/09/24 22:59:30.971, 10353
2026/09/24 22:59:31.471, 10353
2026/09/24 22:59:31.971, 10353
2026/09/24 22:59:32.471, 10353
2026/09/24 22:59:32.972, 10353
2026/09/24 22:59:33.472, 10353
2026/09/24 22:59:33.972, 10353
2026/09/24 22:59:34.472, 10353
2026/09/24 22:59:34.972, 10353
2026/09/24 22:59:35.472, 10353
2026/09/24 22:59:35.972, 10353
2026/09/24 22:59:36.473, 10353
2026/09/24 22:59:36.973, 10353
2026/09/24 22:59:37.473, 10353
2026/09/24 22:59:37.973, 10353
2026/09/24 22:59:38.473, 10353
2026/09/24 22:59:38.973, 10353
2026/09/24 22:59:39.474, 10353
2026/09/24 22:59:39.974, 10353
2026/09/24 22:59:40.474, 10353
2026/09/24 22:59:40.974, 10353
2026/09/24 22:59:41.474, 10353
2026/09/24 22:59:41.974, 10353
2026/09/24 22:59:42.474, 10353
2026/09/24 22:59:42.975, 10353
2026/09/24 22:59:43.475, 10353
2026/09/24 22:59:43.975, 10353
2026/09/24 22:59:44.475, 10353
2026/09/24 22:59:44.975, 10353
2026/09/24 22:59:45.475, 10353
2026/09/24 22:59:45.976, 10353
2026/09/24 22:59:46.476, 10353
2026/09/24 22:59:46.976, 10353
2026/09/24 22:59:47.476, 10353
2026/09/24 22:59:47.976, 10353
2026/09/24 22:59:48.476, 10353
2026/09/24 22:59:48.977, 10353
2026/09/24 22:59:49.477, 10353
2026/09/24 22:59:49.977, 10353
2026/09/24 22:59:50.477, 10353
2026/09/24 22:59:50.977, 10353
2026/09/24 22:59:51.477, 10353
2026/09/24 22:59:51.978, 10353
2026/09/24 22:59:52.478, 10353
2026/09/24 22:59:52.978, 10353
2026/09/24 22:59:53.478, 10353
2026/09/24 22:59:53.978, 10353
2026/09/24 22:59:54.478, 10353
2026/09/24 22:59:54.979, 10353
2026/09/24 22:59:55.479, 10353
2026/09/24 22:59:55.979, 10353
2026/09/24 22:59:56.479, 10353
2026/09/24 22:59:56.979, 10353
2026/09/24 22:59:57.479, 10353
2026/09/24 22:59:57.979, 10353
2026/09/24 22:59:58.480, 10353
2026/09/24 22:59:58.980, 10353
2026/09/24 22:59:59.480, 10353
2026/09/24 22:59:59.980, 10353
2026/09/24 23:00:00.480, 10353
2026/09/24 23:00:00.980, 10353
2026/09/24 23:00:01.481, 10353
2026/09/24 23:00:01.981, 10353
2026/09/24 23:00:02.481, 10353
2026/09/24 23:00:02.981, 10353
2026/09/24 23:00:03.481, 10353
2026/09/24 23:00:03.981, 10353
2026/09/24 23:00:04.482, 10353
2026/09/24 23:00:04.982, 10353
2026/09/24 23:00:05.482, 10353
2026/09/24 23:00:05.982, 10353
2026/09/24 23:00:06.482, 10353
2026/09/24 23:00:06.982, 10353
2026/09/24 23:00:07.482, 10353
2026/09/24 23:00:07.983, 10353
2026/09/24 23:00:08.483, 10353
2026/09/24 23:00:08.983, 10353
2026/09/24 23:00:09.483, 10353
2026/09/24 23:00:09.983, 10353
2026/09/24 23:00:10.484, 10353
2026/09/24 23:00:10.984, 10353
2026/09/24 23:00:11.484, 10353
2026/09/24 23:00:11.984, 10353
2026/09/24 23:00:12.484, 10353
2026/09/24 23:00:12.984, 10353
2026/09/24 23:00:13.484, 10353
2026/09/24 23:00:13.985, 10353
2026/09/24 23:00:14.485, 10353
2026/09/24 23:00:14.985, 10353
2026/09/24 23:00:15.485, 10353
2026/09/24 23:00:15.985, 10353
2026/09/24 23:00:16.485, 10353
2026/09/24 23:00:16.986, 10353
2026/09/24 23:00:17.486, 10353
2026/09/24 23:00:17.986, 10353
2026/09/24 23:00:18.486, 10353
2026/09/24 23:00:18.986, 10353
2026/09/24 23:00:19.486, 10353
2026/09/24 23:00:19.987, 10353
2026/09/24 23:00:20.487, 10353
2026/09/24 23:00:20.987, 10353
2026/09/24 23:00:21.487, 10353
2026/09/24 23:00:21.987, 10353
2026/09/24 23:00:22.488, 10353
2026/09/24 23:00:22.988, 10353
2026/09/24 23:00:23.488, 10353
2026/09/24 23:00:23.988, 10353
2026/09/24 23:00:24.488, 10353
2026/09/24 23:00:24.988, 10353
2026/09/24 23:00:25.489, 10353
2026/09/24 23:00:25.989, 10353
2026/09/24 23:00:26.489, 10353
2026/09/24 23:00:26.989, 10353
2026/09/24 23:00:27.490, 10353
2026/09/24 23:00:27.990, 10353
2026/09/24 23:00:28.490, 10353
2026/09/24 23:00:28.990, 10353
2026/09/24 23:00:29.490, 10353
2026/09/24 23:00:29.991, 10353
2026/09/24 23:00:30.491, 10353
2026/09/24 23:00:30.991, 10353
2026/09/24 23:00:31.491, 10353
2026/09/24 23:00:31.991, 10353
2026/09/24 23:00:32.491, 10353
2026/09/24 23:00:32.991, 10353
2026/09/24 23:00:33.492, 10353
2026/09/24 23:00:33.992, 10353
2026/09/24 23:00:34.492, 10353
2026/09/24 23:00:34.992, 10353
2026/09/24 23:00:35.492, 10353
2026/09/24 23:00:35.992, 10353
2026/09/24 23:00:36.492, 10353
2026/09/24 23:00:36.993, 10353
2026/09/24 23:00:37.493, 10353
2026/09/24 23:00:37.993, 10353
2026/09/24 23:00:38.493, 10353
2026/09/24 23:00:38.993, 10353
2026/09/24 23:00:39.493, 10353
2026/09/24 23:00:39.994, 10353
2026/09/24 23:00:40.494, 10353
2026/09/24 23:00:40.994, 10353
2026/09/24 23:00:41.494, 10353
2026/09/24 23:00:41.994, 10353
2026/09/24 23:00:42.494, 10353
2026/09/24 23:00:42.995, 10353
2026/09/24 23:00:43.495, 10353
2026/09/24 23:00:43.995, 10353
2026/09/24 23:00:44.495, 10353
2026/09/24 23:00:44.995, 10353
2026/09/24 23:00:45.495, 10353
2026/09/24 23:00:45.995, 10353
2026/09/24 23:00:46.496, 10353
2026/09/24 23:00:46.996, 10353
2026/09/24 23:00:47.496, 10353
2026/09/24 23:00:47.996, 10353
2026/09/24 23:00:48.496, 10353
2026/09/24 23:00:48.996, 10353
2026/09/24 23:00:49.496, 10353
2026/09/24 23:00:49.997, 10353
2026/09/24 23:00:50.497, 10353
2026/09/24 23:00:50.997, 10353
2026/09/24 23:00:51.497, 10353
2026/09/24 23:00:51.997, 10353
2026/09/24 23:00:52.497, 10353
2026/09/24 23:00:52.998, 10353
2026/09/24 23:00:53.498, 10353
2026/09/24 23:00:53.998, 10353
2026/09/24 23:00:54.498, 10353
2026/09/24 23:00:54.998, 10353
2026/09/24 23:00:55.498, 10353
2026/09/24 23:00:55.998, 10353
2026/09/24 23:00:56.499, 10353
2026/09/24 23:00:56.999, 10353
2026/09/24 23:00:57.499, 10353
2026/09/24 23:00:57.999, 10353
2026/09/24 23:00:58.499, 10353
2026/09/24 23:00:58.999, 10353
2026/09/24 23:00:59.499, 10353
2026/09/24 23:01:00.000, 10353
2026/09/24 23:01:00.500, 10353
2026/09/24 23:01:01.000, 10353
2026/09/24 23:01:01.500, 10353
2026/09/24 23:01:02.000, 10353
2026/09/24 23:01:02.500, 10353
2026/09/24 23:01:03.001, 10353
2026/09/24 23:01:03.501, 10353
2026/09/24 23:01:04.001, 10353
2026/09/24 23:01:04.501, 10353
2026/09/24 23:01:05.001, 10353
2026/09/24 23:01:05.501, 10353
2026/09/24 23:01:06.001, 10353
2026/09/24 23:01:06.502, 10353
2026/09/24 23:01:07.002, 10353
2026/09/24 23:01:07.502, 10353
2026/09/24 23:01:08.002, 10353
2026/09/24 23:01:08.502, 10353
2026/09/24 23:01:09.002, 10353
2026/09/24 23:01:09.502, 10353
2026/09/24 23:01:10.003, 10353
2026/09/24 23:01:10.503, 10353
2026/09/24 23:01:11.003, 10353
2026/09/24 23:01:11.503, 493
2026/09/24 23:01:12.003, 493
