2026/09/25 01:39:15.797, 1
2026/09/25 01:39:16.297, 1
2026/09/25 01:39:16.797, 1
2026/09/25 01:39:17.297, 1
2026/09/25 01:39:17.797, 1
2026/09/25 01:39:18.298, 1
2026/09/25 01:39:18.798, 1
2026/09/25 01:39:19.298, 4
2026/09/25 01:39:19.798, 4
2026/09/25 01:39:20.298, 4
2026/09/25 01:39:20.799, 4
2026/09/25 01:39:21.299, 4
2026/09/25 01:39:21.799, 4
2026/09/25 01:39:22.299, 4
2026/09/25 01:39:22.799, 4
2026/09/25 01:39:23.300, 4
2026/09/25 01:39:23.800, 4
2026/09/25 01:39:24.300, 4
2026/09/25 01:39:24.800, 4
2026/09/25 01:39:25.300, 4
2026/09/25 01:39:25.801, 4
2026/09/25 01:39:26.301, 4
2026/09/25 01:39:26.801, 4
2026/09/25 01:39:27.301, 4
2026/09/25 01:39:27.801, 4
2026/09/25 01:39:28.301, 4
2026/09/25 01:39:28.802, 455
2026/09/25 01:39:29.302, 535
2026/09/25 01:39:29.802, 535
2026/09/25 01:39:30.302, 535
2026/09/25 01:39:30.802, 9479
2026/09/25 01:39:31.302, 9479
2026/09/25 01:39:31.802, 9479
2026/09/25 01:39:32.303, 9479
2026/09/25 01:39:32.803, 9479
2026/09/25 01:39:33.303, 9479
2026/09/25 01:39:33.803, 9479
2026/09/25 01:39:34.303, 9479
2026/09/25 01:39:34.804, 9479
2026/09/25 01:39:35.304, 9479
2026/09/25 01:39:35.804, 9479
2026/09/25 01:39:36.304, 9479
2026/09/25 01:39:36.804, 15197
2026/09/25 01:39:37.305, 15197
2026/09/25 01:39:37.805, 15197
2026/09/25 01:39:38.305, 15197
2026/09/25 01:39:38.805, 15197
2026/09/25 01:39:39.305, 15197
2026/09/25 01:39:39.805, 15197
2026/09/25 01:39:40.305, 15197
2026/09/25 01:39:40.806, 15197
2026/09/25 01:39:41.306, 15197
2026/09/25 01:39:41.806, 15197
2026/09/25 01:39:42.306, 15197
2026/09/25 01:39:42.806, 15197
2026/09/25 01:39:43.306, 15197
2026/09/25 01:39:43.807, 15197
2026/09/25 01:39:44.307, 15197
2026/09/25 01:39:44.807, 15197
2026/09/25 01:39:45.307, 15197
2026/09/25 01:39:45.807, 15197
2026/09/25 01:39:46.307, 15197
2026/09/25 01:39:46.808, 15197
2026/09/25 01:39:47.308, 15197
2026/09/25 01:39:47.808, 15197
2026/09/25 01:39:48.308, 15199
2026/09/25 01:39:48.808, 15199
2026/09/25 01:39:49.308, 15199
2026/09/25 01:39:49.808, 15199
2026/09/25 01:39:50.309, 15199
2026/09/25 01:39:50.809, 15199
2026/09/25 01:39:51.309, 15199
2026/09/25 01:39:51.809, 15199
2026/09/25 01:39:52.309, 15199
2026/09/25 01:39:52.809, 15199
2026/09/25 01:39:53.310, 15199
2026/09/25 01:39:53.810, 15201
2026/09/25 01:39:54.310, 15201
2026/09/25 01:39:54.810, 15201
2026/09/25 01:39:55.310, 15201
2026/09/25 01:39:55.810, 15201
2026/09/25 01:39:56.310, 15201
2026/09/25 01:39:56.811, 15201
2026/09/25 01:39:57.311, 15201
2026/09/25 01:39:57.811, 15201
2026/09/25 01:39:58.311, 15201
2026/09/25 01:39:58.811, 15201
2026/09/25 01:39:59.311, 15201
2026/09/25 01:39:59.812, 15201
2026/09/25 01:40:00.312, 15201
2026/09/25 01:40:00.812, 15201
2026/09/25 01:40:01.312, 15201
2026/09/25 01:40:01.812, 15201
2026/09/25 01:40:02.312, 15201
2026/09/25 01:40:02.812, 15201
2026/09/25 01:40:03.313, 15201
2026/09/25 01:40:03.813, 15201
2026/09/25 01:40:04.313, 15201
2026/09/25 01:40:04.813, 15201
2026/09/25 01:40:05.313, 15201
2026/09/25 01:40:05.813, 15201
2026/09/25 01:40:06.313, 15201
2026/09/25 01:40:06.813, 15201
2026/09/25 01:40:07.314, 15201
2026/09/25 01:40:07.814, 15201
2026/09/25 01:40:08.314, 15201
2026/09/25 01:40:08.814, 15201
2026/09/25 01:40:09.314, 15201
2026/09/25 01:40:09.814, 15201
2026/09/25 01:40:10.314, 15201
2026/09/25 01:40:10.815, 15201
2026/09/25 01:40:11.315, 15201
2026/09/25 01:40:11.815, 15201
2026/09/25 01:40:12.315, 15201
2026/09/25 01:40:12.815, 15201
2026/09/25 01:40:13.315, 15201
2026/09/25 01:40:13.815, 15201
2026/09/25 01:40:14.316, 15201
2026/09/25 01:40:14.816, 15201
2026/09/25 01:40:15.316, 15201
2026/09/25 01:40:15.816, 15201
2026/09/25 01:40:16.316, 15201
2026/09/25 01:40:16.816, 15649
2026/09/25 01:40:17.317, 15649
2026/09/25 01:40:17.817, 16343
2026/09/25 01:40:18.317, 16503
2026/09/25 01:40:18.817, 16617
2026/09/25 01:40:19.317, 16767
2026/09/25 01:40:19.818, 16909
2026/09/25 01:40:20.318, 17045
2026/09/25 01:40:20.818, 17193
2026/09/25 01:40:21.318, 17247
2026/09/25 01:40:21.818, 18665
2026/09/25 01:40:22.318, 18665
2026/09/25 01:40:22.818, 18665
2026/09/25 01:40:23.319, 18665
2026/09/25 01:40:23.819, 18665
2026/09/25 01:40:24.319, 18665
2026/09/25 01:40:24.819, 18665
2026/09/25 01:40:25.319, 18665
2026/09/25 01:40:25.819, 18665
2026/09/25 01:40:26.320, 18665
2026/09/25 01:40:26.820, 18665
2026/09/25 01:40:27.320, 18671
2026/09/25 01:40:27.820, 18695
2026/09/25 01:40:28.320, 19175
2026/09/25 01:40:28.821, 19175
2026/09/25 01:40:29.321, 19175
2026/09/25 01:40:29.821, 19175
2026/09/25 01:40:30.321, 19291
2026/09/25 01:40:30.821, 19291
2026/09/25 01:40:31.321, 19291
2026/09/25 01:40:31.821, 19291
2026/09/25 01:40:32.322, 19291
2026/09/25 01:40:32.822, 19291
2026/09/25 01:40:33.322, 19291
2026/09/25 01:40:33.822, 19291
2026/09/25 01:40:34.322, 19291
2026/09/25 01:40:34.822, 19291
2026/09/25 01:40:35.322, 19291
2026/09/25 01:40:35.823, 19291
2026/09/25 01:40:36.323, 19291
2026/09/25 01:40:36.823, 19291
2026/09/25 01:40:37.323, 19291
2026/09/25 01:40:37.823, 19291
2026/09/25 01:40:38.323, 19291
2026/09/25 01:40:38.823, 19291
2026/09/25 01:40:39.324, 19291
2026/09/25 01:40:39.824, 19291
2026/09/25 01:40:40.324, 19291
2026/09/25 01:40:40.824, 19291
2026/09/25 01:40:41.324, 19291
2026/09/25 01:40:41.824, 19291
2026/09/25 01:40:42.325, 19291
2026/09/25 01:40:42.825, 19291
2026/09/25 01:40:43.325, 19291
2026/09/25 01:40:43.825, 19291
2026/09/25 01:40:44.325, 19291
2026/09/25 01:40:44.825, 19291
2026/09/25 01:40:45.325, 19291
2026/09/25 01:40:45.826, 19291
2026/09/25 01:40:46.326, 19291
2026/09/25 01:40:46.826, 19291
2026/09/25 01:40:47.326, 19291
2026/09/25 01:40:47.826, 19291
2026/09/25 01:40:48.326, 19291
2026/09/25 01:40:48.827, 19291
2026/09/25 01:40:49.327, 19291
2026/09/25 01:40:49.827, 19291
2026/09/25 01:40:50.327, 19291
2026/09/25 01:40:50.827, 19291
2026/09/25 01:40:51.327, 19291
2026/09/25 01:40:51.828, 19291
2026/09/25 01:40:52.328, 19291
2026/09/25 01:40:52.828, 19291
2026/09/25 01:40:53.328, 19291
2026/09/25 01:40:53.828, 19291
2026/09/25 01:40:54.328, 19291
2026/09/25 01:40:54.828, 19291
2026/09/25 01:40:55.329, 19291
2026/09/25 01:40:55.829, 19291
2026/09/25 01:40:56.329, 19291
2026/09/25 01:40:56.829, 19291
2026/09/25 01:40:57.329, 19291
2026/09/25 01:40:57.829, 19291
2026/09/25 01:40:58.330, 19291
2026/09/25 01:40:58.830, 19291
2026/09/25 01:40:59.330, 19291
2026/09/25 01:40:59.830, 19291
2026/09/25 01:41:00.330, 19291
2026/09/25 01:41:00.830, 19291
2026/09/25 01:41:01.331, 19291
2026/09/25 01:41:01.831, 19291
2026/09/25 01:41:02.331, 19291
2026/09/25 01:41:02.831, 19291
2026/09/25 01:41:03.331, 19291
2026/09/25 01:41:03.831, 19291
2026/09/25 01:41:04.331, 19291
2026/09/25 01:41:04.832, 19291
2026/09/25 01:41:05.332, 19291
2026/09/25 01:41:05.832, 19291
2026/09/25 01:41:06.332, 19291
2026/09/25 01:41:06.832, 19291
2026/09/25 01:41:07.333, 19291
2026/09/25 01:41:07.833, 19291
2026/09/25 01:41:08.333, 19291
2026/09/25 01:41:08.833, 19291
2026/09/25 01:41:09.333, 19291
2026/09/25 01:41:09.833, 19291
2026/09/25 01:41:10.333, 19291
2026/09/25 01:41:10.834, 19291
2026/09/25 01:41:11.334, 19291
2026/09/25 01:41:11.834, 19291
2026/09/25 01:41:12.334, 19291
2026/09/25 01:41:12.834, 19291
2026/09/25 01:41:13.334, 19291
2026/09/25 01:41:13.835, 19291
2026/09/25 01:41:14.335, 19291
2026/09/25 01:41:14.835, 19291
2026/09/25 01:41:15.335, 19291
2026/09/25 01:41:15.835, 19291
2026/09/25 01:41:16.335, 19291
2026/09/25 01:41:16.835, 19291
2026/09/25 01:41:17.336, 19291
2026/09/25 01:41:17.836, 19291
2026/09/25 01:41:18.336, 19291
2026/09/25 01:41:18.836, 19291
2026/09/25 01:41:19.336, 19291
2026/09/25 01:41:19.836, 19291
2026/09/25 01:41:20.337, 19291
2026/09/25 01:41:20.837, 19291
2026/09/25 01:41:21.337, 19291
2026/09/25 01:41:21.837, 19291
2026/09/25 01:41:22.337, 19291
2026/09/25 01:41:22.837, 19291
2026/09/25 01:41:23.337, 19291
2026/09/25 01:41:23.838, 19291
2026/09/25 01:41:24.338, 19291
2026/09/25 01:41:24.838, 19291
2026/09/25 01:41:25.338, 19291
2026/09/25 01:41:25.838, 19291
2026/09/25 01:41:26.338, 19291
2026/09/25 01:41:26.838, 19291
2026/09/25 01:41:27.339, 19291
2026/09/25 01:41:27.839, 19291
2026/09/25 01:41:28.339, 19291
2026/09/25 01:41:28.839, 19291
2026/09/25 01:41:29.339, 19291
2026/09/25 01:41:29.839, 19291
2026/09/25 01:41:30.339, 19291
2026/09/25 01:41:30.840, 19291
2026/09/25 01:41:31.340, 19291
2026/09/25 01:41:31.840, 19291
2026/09/25 01:41:32.341, 19291
2026/09/25 01:41:32.841, 19291
2026/09/25 01:41:33.341, 19291
2026/09/25 01:41:33.841, 19291
2026/09/25 01:41:34.341, 19291
2026/09/25 01:41:34.841, 19291
2026/09/25 01:41:35.341, 19291
2026/09/25 01:41:35.842, 19291
2026/09/25 01:41:36.342, 19291
2026/09/25 01:41:36.842, 19291
2026/09/25 01:41:37.342, 19291
2026/09/25 01:41:37.842, 19291
2026/09/25 01:41:38.342, 19291
2026/09/25 01:41:38.842, 19291
2026/09/25 01:41:39.342, 19291
2026/09/25 01:41:39.843, 19291
2026/09/25 01:41:40.343, 19291
2026/09/25 01:41:40.843, 19291
2026/09/25 01:41:41.343, 19291
2026/09/25 01:41:41.843, 19291
2026/09/25 01:41:42.343, 19291
2026/09/25 01:41:42.844, 19291
2026/09/25 01:41:43.344, 19291
2026/09/25 01:41:43.844, 19291
2026/09/25 01:41:44.344, 19291
2026/09/25 01:41:44.844, 19291
2026/09/25 01:41:45.344, 19291
2026/09/25 01:41:45.844, 19291
2026/09/25 01:41:46.345, 19291
2026/09/25 01:41:46.845, 19291
2026/09/25 01:41:47.345, 19291
2026/09/25 01:41:47.845, 19291
2026/09/25 01:41:48.345, 19291
2026/09/25 01:41:48.845, 19291
2026/09/25 01:41:49.346, 19291
2026/09/25 01:41:49.846, 19291
2026/09/25 01:41:50.346, 19291
2026/09/25 01:41:50.846, 19291
2026/09/25 01:41:51.346, 19291
2026/09/25 01:41:51.846, 19291
2026/09/25 01:41:52.346, 19291
2026/09/25 01:41:52.847, 19291
2026/09/25 01:41:53.347, 19291
2026/09/25 01:41:53.847, 19291
2026/09/25 01:41:54.347, 19291
2026/09/25 01:41:54.847, 19291
2026/09/25 01:41:55.347, 19291
2026/09/25 01:41:55.847, 19291
2026/09/25 01:41:56.348, 19291
2026/09/25 01:41:56.848, 19291
2026/09/25 01:41:57.348, 19291
2026/09/25 01:41:57.848, 19291
2026/09/25 01:41:58.348, 19291
2026/09/25 01:41:58.848, 19291
2026/09/25 01:41:59.348, 19291
2026/09/25 01:41:59.849, 19291
2026/09/25 01:42:00.349, 19291
2026/09/25 01:42:00.849, 19291
2026/09/25 01:42:01.349, 19291
2026/09/25 01:42:01.849, 19291
2026/09/25 01:42:02.349, 19291
2026/09/25 01:42:02.849, 19291
2026/09/25 01:42:03.350, 19291
2026/09/25 01:42:03.850, 19291
2026/09/25 01:42:04.350, 19291
2026/09/25 01:42:04.850, 19291
2026/09/25 01:42:05.350, 19291
2026/09/25 01:42:05.850, 19291
2026/09/25 01:42:06.350, 19291
2026/09/25 01:42:06.851, 19291
2026/09/25 01:42:07.351, 19291
2026/09/25 01:42:07.851, 19291
2026/09/25 01:42:08.351, 19291
2026/09/25 01:42:08.851, 19291
2026/09/25 01:42:09.351, 19291
2026/09/25 01:42:09.851, 19291
2026/09/25 01:42:10.352, 19291
2026/09/25 01:42:10.852, 19291
2026/09/25 01:42:11.352, 19291
2026/09/25 01:42:11.852, 19291
2026/09/25 01:42:12.352, 19291
2026/09/25 01:42:12.852, 19291
2026/09/25 01:42:13.352, 19291
2026/09/25 01:42:13.853, 19291
2026/09/25 01:42:14.353, 19291
2026/09/25 01:42:14.853, 19291
2026/09/25 01:42:15.353, 19291
2026/09/25 01:42:15.853, 19291
2026/09/25 01:42:16.353, 19291
2026/09/25 01:42:16.853, 19291
2026/09/25 01:42:17.354, 19291
2026/09/25 01:42:17.854, 19291
2026/09/25 01:42:18.354, 19291
2026/09/25 01:42:18.854, 19291
2026/09/25 01:42:19.354, 19291
2026/09/25 01:42:19.854, 19291
2026/09/25 01:42:20.354, 19291
2026/09/25 01:42:20.854, 19291
2026/09/25 01:42:21.355, 19291
2026/09/25 01:42:21.855, 19291
2026/09/25 01:42:22.355, 19291
2026/09/25 01:42:22.855, 19291
2026/09/25 01:42:23.355, 19291
2026/09/25 01:42:23.855, 19291
2026/09/25 01:42:24.355, 19291
2026/09/25 01:42:24.856, 19291
2026/09/25 01:42:25.356, 19291
2026/09/25 01:42:25.856, 19291
2026/09/25 01:42:26.356, 19291
2026/09/25 01:42:26.856, 19291
2026/09/25 01:42:27.356, 19291
2026/09/25 01:42:27.856, 19291
2026/09/25 01:42:28.356, 19291
2026/09/25 01:42:28.857, 19291
2026/09/25 01:42:29.357, 19291
2026/09/25 01:42:29.857, 19291
2026/09/25 01:42:30.357, 19291
2026/09/25 01:42:30.857, 19291
2026/09/25 01:42:31.357, 19291
2026/09/25 01:42:31.857, 19291
2026/09/25 01:42:32.358, 19291
2026/09/25 01:42:32.858, 19291
2026/09/25 01:42:33.358, 19291
2026/09/25 01:42:33.858, 19291
2026/09/25 01:42:34.358, 19291
2026/09/25 01:42:34.858, 19291
2026/09/25 01:42:35.358, 19291
2026/09/25 01:42:35.859, 19291
2026/09/25 01:42:36.359, 19291
2026/09/25 01:42:36.859, 19291
2026/09/25 01:42:37.359, 19291
2026/09/25 01:42:37.859, 19291
2026/09/25 01:42:38.359, 19291
2026/09/25 01:42:38.859, 19291
2026/09/25 01:42:39.360, 19291
2026/09/25 01:42:39.860, 19291
2026/09/25 01:42:40.360, 19291
2026/09/25 01:42:40.860, 19291
2026/09/25 01:42:41.360, 19291
2026/09/25 01:42:41.860, 19291
2026/09/25 01:42:42.361, 19291
2026/09/25 01:42:42.861, 19291
2026/09/25 01:42:43.361, 19291
2026/09/25 01:42:43.861, 19291
2026/09/25 01:42:44.361, 19291
2026/09/25 01:42:44.861, 19291
2026/09/25 01:42:45.362, 19291
2026/09/25 01:42:45.862, 19291
2026/09/25 01:42:46.362, 19291
2026/09/25 01:42:46.862, 19291
2026/09/25 01:42:47.362, 19291
2026/09/25 01:42:47.862, 19291
2026/09/25 01:42:48.362, 19291
2026/09/25 01:42:48.863, 19291
2026/09/25 01:42:49.363, 19291
2026/09/25 01:42:49.863, 19291
2026/09/25 01:42:50.363, 19291
2026/09/25 01:42:50.863, 19291
2026/09/25 01:42:51.363, 19291
2026/09/25 01:42:51.864, 19291
2026/09/25 01:42:52.364, 19291
2026/09/25 01:42:52.864, 19291
2026/09/25 01:42:53.364, 19291
2026/09/25 01:42:53.864, 19291
2026/09/25 01:42:54.364, 19291
2026/09/25 01:42:54.865, 19291
2026/09/25 01:42:55.365, 19291
2026/09/25 01:42:55.865, 19291
2026/09/25 01:42:56.365, 19291
2026/09/25 01:42:56.865, 19291
2026/09/25 01:42:57.365, 19291
2026/09/25 01:42:57.865, 19291
2026/09/25 01:42:58.366, 19291
2026/09/25 01:42:58.866, 19291
2026/09/25 01:42:59.366, 19291
2026/09/25 01:42:59.866, 19291
2026/09/25 01:43:00.366, 19291
2026/09/25 01:43:00.866, 19291
2026/09/25 01:43:01.367, 19291
2026/09/25 01:43:01.867, 19291
2026/09/25 01:43:02.367, 19291
2026/09/25 01:43:02.867, 19291
2026/09/25 01:43:03.367, 19291
2026/09/25 01:43:03.867, 19291
2026/09/25 01:43:04.368, 19291
2026/09/25 01:43:04.868, 19291
2026/09/25 01:43:05.368, 19291
2026/09/25 01:43:05.868, 19291
2026/09/25 01:43:06.368, 19291
2026/09/25 01:43:06.868, 19291
2026/09/25 01:43:07.368, 19291
2026/09/25 01:43:07.869, 19291
2026/09/25 01:43:08.369, 19291
2026/09/25 01:43:08.869, 19291
2026/09/25 01:43:09.369, 19291
2026/09/25 01:43:09.869, 19291
2026/09/25 01:43:10.369, 19291
2026/09/25 01:43:10.870, 19291
2026/09/25 01:43:11.370, 19291
2026/09/25 01:43:11.870, 19291
2026/09/25 01:43:12.370, 19291
2026/09/25 01:43:12.870, 19291
2026/09/25 01:43:13.370, 19291
2026/09/25 01:43:13.871, 19291
2026/09/25 01:43:14.371, 19291
2026/09/25 01:43:14.871, 19291
2026/09/25 01:43:15.371, 19291
2026/09/25 01:43:15.871, 19291
2026/09/25 01:43:16.372, 19291
2026/09/25 01:43:16.872, 19291
2026/09/25 01:43:17.372, 19291
2026/09/25 01:43:17.872, 19291
2026/09/25 01:43:18.372, 19291
2026/09/25 01:43:18.872, 19291
2026/09/25 01:43:19.373, 19291
2026/09/25 01:43:19.873, 19291
2026/09/25 01:43:20.373, 19291
2026/09/25 01:43:20.873, 19291
2026/09/25 01:43:21.373, 19291
2026/09/25 01:43:21.873, 19291
2026/09/25 01:43:22.374, 19291
2026/09/25 01:43:22.874, 19291
2026/09/25 01:43:23.374, 19291
2026/09/25 01:43:23.874, 19291
2026/09/25 01:43:24.374, 19291
2026/09/25 01:43:24.874, 19291
2026/09/25 01:43:25.375, 19291
2026/09/25 01:43:25.875, 19291
2026/09/25 01:43:26.375, 19291
2026/09/25 01:43:26.875, 19291
2026/09/25 01:43:27.375, 19291
2026/09/25 01:43:27.875, 19291
2026/09/25 01:43:28.376, 19291
2026/09/25 01:43:28.876, 19291
2026/09/25 01:43:29.376, 19291
2026/09/25 01:43:29.876, 19291
2026/09/25 01:43:30.376, 19291
2026/09/25 01:43:30.876, 19291
2026/09/25 01:43:31.376, 19291
2026/09/25 01:43:31.877, 19291
2026/09/25 01:43:32.377, 19291
2026/09/25 01:43:32.877, 19291
2026/09/25 01:43:33.377, 19291
2026/09/25 01:43:33.877, 19291
2026/09/25 01:43:34.377, 19291
2026/09/25 01:43:34.878, 19291
2026/09/25 01:43:35.378, 19291
2026/09/25 01:43:35.878, 19291
2026/09/25 01:43:36.378, 19291
2026/09/25 01:43:36.878, 19291
2026/09/25 01:43:37.378, 19291
2026/09/25 01:43:37.878, 19291
2026/09/25 01:43:38.379, 19291
2026/09/25 01:43:38.879, 19291
2026/09/25 01:43:39.379, 19291
2026/09/25 01:43:39.879, 19291
2026/09/25 01:43:40.379, 19291
2026/09/25 01:43:40.879, 19291
2026/09/25 01:43:41.379, 19291
2026/09/25 01:43:41.880, 19291
2026/09/25 01:43:42.380, 19291
2026/09/25 01:43:42.880, 19291
2026/09/25 01:43:43.380, 19291
2026/09/25 01:43:43.880, 19291
2026/09/25 01:43:44.380, 19291
2026/09/25 01:43:44.880, 19291
2026/09/25 01:43:45.381, 19291
2026/09/25 01:43:45.881, 19291
2026/09/25 01:43:46.381, 19291
2026/09/25 01:43:46.881, 19291
2026/09/25 01:43:47.381, 19291
2026/09/25 01:43:47.881, 19291
2026/09/25 01:43:48.381, 19291
2026/09/25 01:43:48.882, 19291
2026/09/25 01:43:49.382, 19291
2026/09/25 01:43:49.882, 19291
2026/09/25 01:43:50.382, 19291
2026/09/25 01:43:50.882, 19291
2026/09/25 01:43:51.382, 19291
2026/09/25 01:43:51.882, 19291
2026/09/25 01:43:52.383, 19291
2026/09/25 01:43:52.883, 19291
2026/09/25 01:43:53.383, 19291
2026/09/25 01:43:53.883, 19291
2026/09/25 01:43:54.383, 19291
2026/09/25 01:43:54.883, 19291
2026/09/25 01:43:55.383, 19291
2026/09/25 01:43:55.883, 19291
2026/09/25 01:43:56.384, 19291
2026/09/25 01:43:56.884, 19291
2026/09/25 01:43:57.384, 19291
2026/09/25 01:43:57.884, 19291
2026/09/25 01:43:58.384, 19291
2026/09/25 01:43:58.884, 19291
2026/09/25 01:43:59.384, 19291
2026/09/25 01:43:59.885, 19291
2026/09/25 01:44:00.385, 19291
2026/09/25 01:44:00.885, 19291
2026/09/25 01:44:01.385, 19291
2026/09/25 01:44:01.885, 19291
2026/09/25 01:44:02.385, 19291
2026/09/25 01:44:02.885, 19291
2026/09/25 01:44:03.386, 19291
2026/09/25 01:44:03.886, 19291
2026/09/25 01:44:04.386, 19291
2026/09/25 01:44:04.886, 19291
2026/09/25 01:44:05.386, 19291
2026/09/25 01:44:05.886, 19291
2026/09/25 01:44:06.386, 19291
2026/09/25 01:44:06.887, 19291
2026/09/25 01:44:07.387, 19291
2026/09/25 01:44:07.887, 19291
2026/09/25 01:44:08.387, 19291
2026/09/25 01:44:08.887, 19291
2026/09/25 01:44:09.387, 19291
2026/09/25 01:44:09.887, 19291
2026/09/25 01:44:10.388, 19291
2026/09/25 01:44:10.888, 19291
2026/09/25 01:44:11.388, 19291
2026/09/25 01:44:11.888, 19291
2026/09/25 01:44:12.388, 19291
2026/09/25 01:44:12.888, 19291
2026/09/25 01:44:13.388, 19291
2026/09/25 01:44:13.889, 19291
2026/09/25 01:44:14.389, 19291
2026/09/25 01:44:14.889, 19291
2026/09/25 01:44:15.389, 19291
2026/09/25 01:44:15.889, 19291
2026/09/25 01:44:16.389, 19291
2026/09/25 01:44:16.889, 19291
2026/09/25 01:44:17.390, 19291
2026/09/25 01:44:17.890, 19291
2026/09/25 01:44:18.390, 19291
2026/09/25 01:44:18.890, 19291
2026/09/25 01:44:19.390, 19291
2026/09/25 01:44:19.890, 19291
2026/09/25 01:44:20.390, 19291
2026/09/25 01:44:20.891, 19291
2026/09/25 01:44:21.391, 19291
2026/09/25 01:44:21.891, 19291
2026/09/25 01:44:22.391, 19291
2026/09/25 01:44:22.891, 19291
2026/09/25 01:44:23.391, 19291
2026/09/25 01:44:23.891, 19291
2026/09/25 01:44:24.392, 19291
2026/09/25 01:44:24.892, 19291
2026/09/25 01:44:25.392, 19291
2026/09/25 01:44:25.892, 19291
2026/09/25 01:44:26.393, 19291
2026/09/25 01:44:26.893, 19291
2026/09/25 01:44:27.393, 19291
2026/09/25 01:44:27.893, 19291
2026/09/25 01:44:28.393, 19291
2026/09/25 01:44:28.894, 19291
2026/09/25 01:44:29.394, 19291
2026/09/25 01:44:29.894, 19291
2026/09/25 01:44:30.394, 19291
2026/09/25 01:44:30.894, 19291
2026/09/25 01:44:31.394, 19291
2026/09/25 01:44:31.894, 19291
2026/09/25 01:44:32.395, 19291
2026/09/25 01:44:32.895, 19291
2026/09/25 01:44:33.395, 19291
2026/09/25 01:44:33.895, 19291
2026/09/25 01:44:34.395, 19291
2026/09/25 01:44:34.895, 19291
2026/09/25 01:44:35.396, 19291
2026/09/25 01:44:35.896, 19291
2026/09/25 01:44:36.396, 19291
2026/09/25 01:44:36.896, 19291
2026/09/25 01:44:37.396, 19291
2026/09/25 01:44:37.897, 19291
2026/09/25 01:44:38.397, 19291
2026/09/25 01:44:38.897, 19291
2026/09/25 01:44:39.397, 19291
2026/09/25 01:44:39.897, 19291
2026/09/25 01:44:40.397, 19291
2026/09/25 01:44:40.898, 19291
2026/09/25 01:44:41.398, 19291
2026/09/25 01:44:41.898, 19291
2026/09/25 01:44:42.398, 19291
2026/09/25 01:44:42.898, 19291
2026/09/25 01:44:43.398, 19291
2026/09/25 01:44:43.899, 19291
2026/09/25 01:44:44.399, 19291
2026/09/25 01:44:44.899, 19291
2026/09/25 01:44:45.399, 19291
2026/09/25 01:44:45.899, 19291
2026/09/25 01:44:46.399, 19291
2026/09/25 01:44:46.900, 19291
2026/09/25 01:44:47.400, 19291
2026/09/25 01:44:47.900, 19291
2026/09/25 01:44:48.400, 19291
2026/09/25 01:44:48.900, 19291
2026/09/25 01:44:49.401, 19291
2026/09/25 01:44:49.901, 19291
2026/09/25 01:44:50.401, 19291
2026/09/25 01:44:50.901, 19291
2026/09/25 01:44:51.401, 19291
2026/09/25 01:44:51.901, 19291
2026/09/25 01:44:52.402, 19291
2026/09/25 01:44:52.902, 19291
2026/09/25 01:44:53.402, 19291
2026/09/25 01:44:53.902, 19291
2026/09/25 01:44:54.402, 19291
2026/09/25 01:44:54.902, 19291
2026/09/25 01:44:55.403, 19291
2026/09/25 01:44:55.903, 19291
2026/09/25 01:44:56.403, 19291
2026/09/25 01:44:56.903, 19291
2026/09/25 01:44:57.403, 19291
2026/09/25 01:44:57.903, 19291
2026/09/25 01:44:58.404, 19291
2026/09/25 01:44:58.904, 19291
2026/09/25 01:44:59.404, 19291
2026/09/25 01:44:59.904, 19291
2026/09/25 01:45:00.405, 19291
2026/09/25 01:45:00.905, 19291
2026/09/25 01:45:01.405, 19291
2026/09/25 01:45:01.905, 19291
2026/09/25 01:45:02.405, 19291
2026/09/25 01:45:02.905, 19291
2026/09/25 01:45:03.405, 19291
2026/09/25 01:45:03.906, 19291
2026/09/25 01:45:04.406, 19291
2026/09/25 01:45:04.906, 19291
2026/09/25 01:45:05.406, 19291
2026/09/25 01:45:05.906, 19291
2026/09/25 01:45:06.406, 19291
2026/09/25 01:45:06.907, 19291
2026/09/25 01:45:07.407, 19291
2026/09/25 01:45:07.907, 19291
2026/09/25 01:45:08.407, 19291
2026/09/25 01:45:08.908, 19291
2026/09/25 01:45:09.408, 19291
2026/09/25 01:45:09.908, 19291
2026/09/25 01:45:10.408, 19291
2026/09/25 01:45:10.908, 19291
2026/09/25 01:45:11.408, 19291
2026/09/25 01:45:11.908, 19291
2026/09/25 01:45:12.409, 19291
2026/09/25 01:45:12.909, 19291
2026/09/25 01:45:13.409, 19291
2026/09/25 01:45:13.909, 19291
2026/09/25 01:45:14.409, 19291
2026/09/25 01:45:14.909, 19291
2026/09/25 01:45:15.410, 19291
2026/09/25 01:45:15.910, 19291
2026/09/25 01:45:16.410, 19291
2026/09/25 01:45:16.910, 19291
2026/09/25 01:45:17.410, 19291
2026/09/25 01:45:17.911, 19291
2026/09/25 01:45:18.411, 19291
2026/09/25 01:45:18.911, 19291
2026/09/25 01:45:19.411, 19291
2026/09/25 01:45:19.911, 19291
2026/09/25 01:45:20.411, 19291
2026/09/25 01:45:20.912, 19291
2026/09/25 01:45:21.412, 19291
2026/09/25 01:45:21.912, 19291
2026/09/25 01:45:22.412, 19291
2026/09/25 01:45:22.912, 19291
2026/09/25 01:45:23.412, 19291
2026/09/25 01:45:23.912, 19291
2026/09/25 01:45:24.413, 19291
2026/09/25 01:45:24.913, 19291
2026/09/25 01:45:25.413, 19291
2026/09/25 01:45:25.913, 19291
2026/09/25 01:45:26.413, 19291
2026/09/25 01:45:26.913, 19291
2026/09/25 01:45:27.414, 19291
2026/09/25 01:45:27.914, 19291
2026/09/25 01:45:28.414, 19291
2026/09/25 01:45:28.914, 19291
2026/09/25 01:45:29.414, 19291
2026/09/25 01:45:29.914, 19291
2026/09/25 01:45:30.415, 19291
2026/09/25 01:45:30.915, 19291
2026/09/25 01:45:31.415, 19291
2026/09/25 01:45:31.915, 19291
2026/09/25 01:45:32.415, 19291
2026/09/25 01:45:32.915, 19291
2026/09/25 01:45:33.415, 19291
2026/09/25 01:45:33.916, 19291
2026/09/25 01:45:34.416, 19291
2026/09/25 01:45:34.916, 19291
2026/09/25 01:45:35.416, 19291
2026/09/25 01:45:35.916, 19291
2026/09/25 01:45:36.416, 19291
2026/09/25 01:45:36.916, 19291
2026/09/25 01:45:37.417, 19291
2026/09/25 01:45:37.917, 19291
2026/09/25 01:45:38.417, 19291
2026/09/25 01:45:38.917, 19291
2026/09/25 01:45:39.417, 19291
2026/09/25 01:45:39.917, 19291
2026/09/25 01:45:40.417, 19291
2026/09/25 01:45:40.918, 19291
2026/09/25 01:45:41.418, 19291
2026/09/25 01:45:41.918, 19291
2026/09/25 01:45:42.418, 19291
2026/09/25 01:45:42.918, 19291
2026/09/25 01:45:43.418, 19291
2026/09/25 01:45:43.918, 19291
2026/09/25 01:45:44.418, 19291
2026/09/25 01:45:44.918, 19291
2026/09/25 01:45:45.419, 19291
2026/09/25 01:45:45.919, 19291
2026/09/25 01:45:46.419, 19291
2026/09/25 01:45:46.919, 19291
2026/09/25 01:45:47.419, 19291
2026/09/25 01:45:47.919, 19291
2026/09/25 01:45:48.420, 19291
2026/09/25 01:45:48.920, 19291
2026/09/25 01:45:49.420, 19291
2026/09/25 01:45:49.920, 19291
2026/09/25 01:45:50.420, 19291
2026/09/25 01:45:50.920, 19291
2026/09/25 01:45:51.420, 19291
2026/09/25 01:45:51.920, 19291
2026/09/25 01:45:52.421, 19291
2026/09/25 01:45:52.921, 19291
2026/09/25 01:45:53.421, 19291
2026/09/25 01:45:53.921, 19291
2026/09/25 01:45:54.421, 19291
2026/09/25 01:45:54.921, 19291
2026/09/25 01:45:55.421, 19291
2026/09/25 01:45:55.921, 19291
2026/09/25 01:45:56.422, 19291
2026/09/25 01:45:56.922, 19291
2026/09/25 01:45:57.422, 19291
2026/09/25 01:45:57.922, 19291
2026/09/25 01:45:58.422, 19291
2026/09/25 01:45:58.922, 19291
2026/09/25 01:45:59.422, 19291
2026/09/25 01:45:59.923, 19291
2026/09/25 01:46:00.423, 19291
2026/09/25 01:46:00.923, 19291
2026/09/25 01:46:01.423, 19291
2026/09/25 01:46:01.923, 19291
2026/09/25 01:46:02.423, 19291
2026/09/25 01:46:02.923, 19291
2026/09/25 01:46:03.423, 19291
2026/09/25 01:46:03.923, 19291
2026/09/25 01:46:04.424, 19291
2026/09/25 01:46:04.924, 19291
2026/09/25 01:46:05.424, 19291
2026/09/25 01:46:05.924, 19291
2026/09/25 01:46:06.424, 19291
2026/09/25 01:46:06.924, 19291
2026/09/25 01:46:07.424, 19291
2026/09/25 01:46:07.925, 19291
2026/09/25 01:46:08.425, 19291
2026/09/25 01:46:08.925, 19291
2026/09/25 01:46:09.425, 19291
2026/09/25 01:46:09.925, 19291
2026/09/25 01:46:10.425, 19291
2026/09/25 01:46:10.925, 19291
2026/09/25 01:46:11.425, 19291
2026/09/25 01:46:11.926, 19291
2026/09/25 01:46:12.426, 19291
2026/09/25 01:46:12.926, 19291
2026/09/25 01:46:13.426, 19291
2026/09/25 01:46:13.926, 19291
2026/09/25 01:46:14.426, 19291
2026/09/25 01:46:14.926, 19291
2026/09/25 01:46:15.427, 19291
2026/09/25 01:46:15.927, 19291
2026/09/25 01:46:16.427, 19291
2026/09/25 01:46:16.927, 19291
2026/09/25 01:46:17.427, 19291
2026/09/25 01:46:17.927, 19291
2026/09/25 01:46:18.427, 19291
2026/09/25 01:46:18.927, 19291
2026/09/25 01:46:19.428, 19291
2026/09/25 01:46:19.928, 19291
2026/09/25 01:46:20.428, 19291
2026/09/25 01:46:20.928, 19291
2026/09/25 01:46:21.428, 19291
2026/09/25 01:46:21.928, 19291
2026/09/25 01:46:22.429, 19291
2026/09/25 01:46:22.929, 19291
2026/09/25 01:46:23.429, 19291
2026/09/25 01:46:23.929, 19291
2026/09/25 01:46:24.429, 19291
2026/09/25 01:46:24.929, 19291
2026/09/25 01:46:25.429, 19291
2026/09/25 01:46:25.930, 19291
2026/09/25 01:46:26.430, 19291
2026/09/25 01:46:26.930, 19291
2026/09/25 01:46:27.430, 19291
2026/09/25 01:46:27.930, 19291
2026/09/25 01:46:28.430, 19291
2026/09/25 01:46:28.930, 19291
2026/09/25 01:46:29.431, 19291
2026/09/25 01:46:29.931, 19291
2026/09/25 01:46:30.431, 19291
2026/09/25 01:46:30.931, 19291
2026/09/25 01:46:31.431, 19291
2026/09/25 01:46:31.931, 19291
2026/09/25 01:46:32.431, 19291
2026/09/25 01:46:32.932, 19291
2026/09/25 01:46:33.432, 19291
2026/09/25 01:46:33.932, 19291
2026/09/25 01:46:34.432, 19291
2026/09/25 01:46:34.932, 19291
2026/09/25 01:46:35.432, 19291
2026/09/25 01:46:35.932, 19291
2026/09/25 01:46:36.433, 19291
2026/09/25 01:46:36.933, 19291
2026/09/25 01:46:37.433, 19291
2026/09/25 01:46:37.933, 19291
2026/09/25 01:46:38.433, 19291
2026/09/25 01:46:38.933, 19291
2026/09/25 01:46:39.433, 19291
2026/09/25 01:46:39.934, 19291
2026/09/25 01:46:40.434, 19291
2026/09/25 01:46:40.934, 19291
2026/09/25 01:46:41.434, 19291
2026/09/25 01:46:41.934, 19291
2026/09/25 01:46:42.434, 19291
2026/09/25 01:46:42.934, 19291
2026/09/25 01:46:43.435, 19291
2026/09/25 01:46:43.935, 19291
2026/09/25 01:46:44.435, 19291
2026/09/25 01:46:44.935, 19291
2026/09/25 01:46:45.435, 19291
2026/09/25 01:46:45.935, 19291
2026/09/25 01:46:46.435, 19291
2026/09/25 01:46:46.936, 19291
2026/09/25 01:46:47.436, 19291
2026/09/25 01:46:47.936, 19291
2026/09/25 01:46:48.436, 19291
2026/09/25 01:46:48.936, 19291
2026/09/25 01:46:49.436, 19291
2026/09/25 01:46:49.936, 19291
2026/09/25 01:46:50.437, 19291
2026/09/25 01:46:50.937, 19291
2026/09/25 01:46:51.437, 19291
2026/09/25 01:46:51.937, 19291
2026/09/25 01:46:52.437, 19291
2026/09/25 01:46:52.937, 19291
2026/09/25 01:46:53.437, 19291
2026/09/25 01:46:53.938, 19291
2026/09/25 01:46:54.438, 19291
2026/09/25 01:46:54.938, 19291
2026/09/25 01:46:55.438, 19291
2026/09/25 01:46:55.938, 19291
2026/09/25 01:46:56.438, 19291
2026/09/25 01:46:56.939, 19291
2026/09/25 01:46:57.439, 19291
2026/09/25 01:46:57.939, 19291
2026/09/25 01:46:58.439, 19291
2026/09/25 01:46:58.939, 19291
2026/09/25 01:46:59.439, 19291
2026/09/25 01:46:59.939, 19291
2026/09/25 01:47:00.440, 19291
2026/09/25 01:47:00.940, 19291
2026/09/25 01:47:01.440, 19291
2026/09/25 01:47:01.940, 19291
2026/09/25 01:47:02.440, 19291
2026/09/25 01:47:02.940, 19291
2026/09/25 01:47:03.440, 19291
2026/09/25 01:47:03.941, 19291
2026/09/25 01:47:04.441, 19291
2026/09/25 01:47:04.941, 19291
2026/09/25 01:47:05.441, 19291
2026/09/25 01:47:05.941, 19291
2026/09/25 01:47:06.441, 19291
2026/09/25 01:47:06.941, 19291
2026/09/25 01:47:07.442, 19291
2026/09/25 01:47:07.942, 19291
2026/09/25 01:47:08.442, 19291
2026/09/25 01:47:08.942, 19291
2026/09/25 01:47:09.442, 19291
2026/09/25 01:47:09.942, 19291
2026/09/25 01:47:10.442, 19291
2026/09/25 01:47:10.943, 19291
2026/09/25 01:47:11.443, 19291
2026/09/25 01:47:11.943, 19291
2026/09/25 01:47:12.443, 19291
2026/09/25 01:47:12.943, 19291
2026/09/25 01:47:13.443, 19291
2026/09/25 01:47:13.944, 19291
2026/09/25 01:47:14.444, 19291
2026/09/25 01:47:14.944, 19291
2026/09/25 01:47:15.444, 19291
2026/09/25 01:47:15.944, 19291
2026/09/25 01:47:16.444, 19291
2026/09/25 01:47:16.944, 19291
2026/09/25 01:47:17.445, 19291
2026/09/25 01:47:17.945, 19291
2026/09/25 01:47:18.445, 19291
2026/09/25 01:47:18.945, 19291
2026/09/25 01:47:19.445, 19291
2026/09/25 01:47:19.945, 19291
2026/09/25 01:47:20.445, 19291
2026/09/25 01:47:20.946, 19291
2026/09/25 01:47:21.446, 19291
2026/09/25 01:47:21.946, 19291
2026/09/25 01:47:22.446, 19291
2026/09/25 01:47:22.946, 19291
2026/09/25 01:47:23.446, 19291
2026/09/25 01:47:23.947, 19291
2026/09/25 01:47:24.447, 19291
2026/09/25 01:47:24.947, 19291
2026/09/25 01:47:25.447, 19291
2026/09/25 01:47:25.947, 19291
2026/09/25 01:47:26.447, 19291
2026/09/25 01:47:26.948, 19291
2026/09/25 01:47:27.448, 19291
2026/09/25 01:47:27.948, 19291
2026/09/25 01:47:28.448, 19291
2026/09/25 01:47:28.948, 19291
2026/09/25 01:47:29.448, 19291
2026/09/25 01:47:29.948, 19291
2026/09/25 01:47:30.449, 19291
2026/09/25 01:47:30.949, 19291
2026/09/25 01:47:31.449, 19291
2026/09/25 01:47:31.949, 19291
2026/09/25 01:47:32.449, 19291
2026/09/25 01:47:32.949, 19291
2026/09/25 01:47:33.450, 19291
2026/09/25 01:47:33.950, 19291
2026/09/25 01:47:34.450, 19291
2026/09/25 01:47:34.950, 19291
2026/09/25 01:47:35.450, 19291
2026/09/25 01:47:35.950, 19291
2026/09/25 01:47:36.451, 19291
2026/09/25 01:47:36.951, 19291
2026/09/25 01:47:37.451, 19291
2026/09/25 01:47:37.951, 19291
2026/09/25 01:47:38.451, 19291
2026/09/25 01:47:38.951, 19291
2026/09/25 01:47:39.452, 19291
2026/09/25 01:47:39.952, 19291
2026/09/25 01:47:40.452, 19291
2026/09/25 01:47:40.952, 19291
2026/09/25 01:47:41.452, 19291
2026/09/25 01:47:41.952, 19291
2026/09/25 01:47:42.452, 19291
2026/09/25 01:47:42.953, 19291
2026/09/25 01:47:43.453, 19291
2026/09/25 01:47:43.953, 19291
2026/09/25 01:47:44.453, 19291
2026/09/25 01:47:44.953, 19291
2026/09/25 01:47:45.453, 19291
2026/09/25 01:47:45.954, 19291
2026/09/25 01:47:46.454, 19291
2026/09/25 01:47:46.954, 19291
2026/09/25 01:47:47.454, 19291
2026/09/25 01:47:47.954, 19291
2026/09/25 01:47:48.454, 19291
2026/09/25 01:47:48.954, 19291
2026/09/25 01:47:49.455, 19291
2026/09/25 01:47:49.955, 19291
2026/09/25 01:47:50.455, 19291
2026/09/25 01:47:50.955, 19291
2026/09/25 01:47:51.455, 19291
2026/09/25 01:47:51.955, 19291
2026/09/25 01:47:52.455, 19291
2026/09/25 01:47:52.956, 19291
2026/09/25 01:47:53.456, 19291
2026/09/25 01:47:53.956, 19291
2026/09/25 01:47:54.456, 19291
2026/09/25 01:47:54.956, 19291
2026/09/25 01:47:55.456, 19291
2026/09/25 01:47:55.956, 19291
2026/09/25 01:47:56.457, 19291
2026/09/25 01:47:56.957, 19291
2026/09/25 01:47:57.457, 19291
2026/09/25 01:47:57.957, 19291
2026/09/25 01:47:58.457, 19291
2026/09/25 01:47:58.957, 19291
2026/09/25 01:47:59.458, 19291
2026/09/25 01:47:59.958, 19291
2026/09/25 01:48:00.458, 19291
2026/09/25 01:48:00.958, 19291
2026/09/25 01:48:01.458, 19291
2026/09/25 01:48:01.958, 19291
2026/09/25 01:48:02.458, 19291
2026/09/25 01:48:02.958, 19291
2026/09/25 01:48:03.459, 19291
2026/09/25 01:48:03.959, 19291
2026/09/25 01:48:04.459, 19291
2026/09/25 01:48:04.960, 19291
2026/09/25 01:48:05.460, 19291
2026/09/25 01:48:05.960, 19291
2026/09/25 01:48:06.460, 19291
2026/09/25 01:48:06.961, 19291
2026/09/25 01:48:07.461, 19291
2026/09/25 01:48:07.961, 19291
2026/09/25 01:48:08.462, 19291
2026/09/25 01:48:08.962, 19291
2026/09/25 01:48:09.462, 19291
2026/09/25 01:48:09.962, 19291
2026/09/25 01:48:10.462, 19291
2026/09/25 01:48:10.962, 19291
2026/09/25 01:48:11.463, 19291
2026/09/25 01:48:11.963, 19291
2026/09/25 01:48:12.463, 19291
2026/09/25 01:48:12.963, 19291
2026/09/25 01:48:13.463, 19291
2026/09/25 01:48:13.963, 19291
2026/09/25 01:48:14.463, 19291
2026/09/25 01:48:14.964, 19291
2026/09/25 01:48:15.464, 19291
2026/09/25 01:48:15.964, 19291
2026/09/25 01:48:16.464, 19291
2026/09/25 01:48:16.964, 19291
2026/09/25 01:48:17.464, 19291
2026/09/25 01:48:17.965, 19291
2026/09/25 01:48:18.465, 19291
2026/09/25 01:48:18.965, 19291
2026/09/25 01:48:19.465, 19291
2026/09/25 01:48:19.965, 19291
2026/09/25 01:48:20.465, 19291
2026/09/25 01:48:20.965, 19291
2026/09/25 01:48:21.466, 19291
2026/09/25 01:48:21.966, 19291
2026/09/25 01:48:22.466, 19291
2026/09/25 01:48:22.966, 19291
2026/09/25 01:48:23.466, 19291
2026/09/25 01:48:23.966, 19291
2026/09/25 01:48:24.466, 19291
2026/09/25 01:48:24.967, 19291
2026/09/25 01:48:25.467, 19291
2026/09/25 01:48:25.967, 19291
2026/09/25 01:48:26.467, 19291
2026/09/25 01:48:26.967, 19291
2026/09/25 01:48:27.467, 19291
2026/09/25 01:48:27.968, 19291
2026/09/25 01:48:28.468, 19291
2026/09/25 01:48:28.968, 19291
2026/09/25 01:48:29.468, 19291
2026/09/25 01:48:29.968, 19291
2026/09/25 01:48:30.468, 19291
2026/09/25 01:48:30.968, 19291
2026/09/25 01:48:31.469, 19291
2026/09/25 01:48:31.969, 19291
2026/09/25 01:48:32.469, 19291
2026/09/25 01:48:32.969, 19291
2026/09/25 01:48:33.469, 19291
2026/09/25 01:48:33.969, 19291
2026/09/25 01:48:34.470, 19291
2026/09/25 01:48:34.970, 19291
2026/09/25 01:48:35.470, 19291
2026/09/25 01:48:35.970, 19291
2026/09/25 01:48:36.470, 19291
2026/09/25 01:48:36.970, 19291
2026/09/25 01:48:37.470, 19291
2026/09/25 01:48:37.970, 19291
2026/09/25 01:48:38.471, 19291
2026/09/25 01:48:38.971, 19291
2026/09/25 01:48:39.471, 19291
2026/09/25 01:48:39.971, 19291
2026/09/25 01:48:40.471, 19291
2026/09/25 01:48:40.971, 19291
2026/09/25 01:48:41.471, 19291
2026/09/25 01:48:41.972, 19291
2026/09/25 01:48:42.472, 19291
2026/09/25 01:48:42.972, 19291
2026/09/25 01:48:43.472, 19291
2026/09/25 01:48:43.972, 19291
2026/09/25 01:48:44.472, 19291
2026/09/25 01:48:44.973, 19291
2026/09/25 01:48:45.473, 19291
2026/09/25 01:48:45.973, 19291
2026/09/25 01:48:46.473, 19291
2026/09/25 01:48:46.973, 19291
2026/09/25 01:48:47.473, 19291
2026/09/25 01:48:47.973, 19291
2026/09/25 01:48:48.474, 19291
2026/09/25 01:48:48.974, 19291
2026/09/25 01:48:49.474, 19291
2026/09/25 01:48:49.974, 19291
2026/09/25 01:48:50.474, 19291
2026/09/25 01:48:50.974, 19291
2026/09/25 01:48:51.474, 19291
2026/09/25 01:48:51.975, 19291
2026/09/25 01:48:52.475, 19291
2026/09/25 01:48:52.975, 19291
2026/09/25 01:48:53.475, 19291
2026/09/25 01:48:53.975, 19291
2026/09/25 01:48:54.475, 19291
2026/09/25 01:48:54.975, 19291
2026/09/25 01:48:55.476, 19291
2026/09/25 01:48:55.976, 19291
2026/09/25 01:48:56.476, 19291
2026/09/25 01:48:56.976, 19291
2026/09/25 01:48:57.476, 19291
2026/09/25 01:48:57.976, 19291
2026/09/25 01:48:58.477, 19291
2026/09/25 01:48:58.977, 19291
2026/09/25 01:48:59.477, 19291
2026/09/25 01:48:59.977, 19291
2026/09/25 01:49:00.477, 19291
2026/09/25 01:49:00.977, 19291
2026/09/25 01:49:01.478, 19291
2026/09/25 01:49:01.978, 19291
2026/09/25 01:49:02.478, 19291
2026/09/25 01:49:02.978, 19291
2026/09/25 01:49:03.478, 19291
2026/09/25 01:49:03.978, 19291
2026/09/25 01:49:04.478, 19291
2026/09/25 01:49:04.979, 19291
2026/09/25 01:49:05.479, 19291
2026/09/25 01:49:05.979, 19291
2026/09/25 01:49:06.479, 19291
2026/09/25 01:49:06.979, 19291
2026/09/25 01:49:07.479, 19291
2026/09/25 01:49:07.980, 19291
2026/09/25 01:49:08.480, 19291
2026/09/25 01:49:08.980, 19291
2026/09/25 01:49:09.480, 19291
2026/09/25 01:49:09.980, 19291
2026/09/25 01:49:10.480, 19291
2026/09/25 01:49:10.981, 19291
2026/09/25 01:49:11.481, 19291
2026/09/25 01:49:11.981, 19291
2026/09/25 01:49:12.481, 19291
2026/09/25 01:49:12.981, 19291
2026/09/25 01:49:13.481, 19291
2026/09/25 01:49:13.982, 19291
2026/09/25 01:49:14.482, 19291
2026/09/25 01:49:14.982, 19291
2026/09/25 01:49:15.482, 19291
2026/09/25 01:49:15.982, 19291
2026/09/25 01:49:16.482, 19291
2026/09/25 01:49:16.983, 19291
2026/09/25 01:49:17.483, 19291
2026/09/25 01:49:17.983, 19291
2026/09/25 01:49:18.483, 19291
2026/09/25 01:49:18.983, 19291
2026/09/25 01:49:19.483, 19291
2026/09/25 01:49:19.983, 19291
2026/09/25 01:49:20.484, 19291
2026/09/25 01:49:20.984, 19291
2026/09/25 01:49:21.484, 19291
2026/09/25 01:49:21.984, 19291
2026/09/25 01:49:22.484, 19291
2026/09/25 01:49:22.984, 19291
2026/09/25 01:49:23.484, 19291
2026/09/25 01:49:23.985, 19291
2026/09/25 01:49:24.485, 19291
2026/09/25 01:49:24.985, 19291
2026/09/25 01:49:25.485, 19291
2026/09/25 01:49:25.985, 19291
2026/09/25 01:49:26.485, 19291
2026/09/25 01:49:26.985, 19291
2026/09/25 01:49:27.485, 19291
2026/09/25 01:49:27.986, 19291
2026/09/25 01:49:28.486, 19291
2026/09/25 01:49:28.986, 19291
2026/09/25 01:49:29.486, 19291
2026/09/25 01:49:29.986, 19291
2026/09/25 01:49:30.486, 19291
2026/09/25 01:49:30.986, 19291
2026/09/25 01:49:31.487, 19291
2026/09/25 01:49:31.987, 19291
2026/09/25 01:49:32.487, 19291
2026/09/25 01:49:32.987, 19291
2026/09/25 01:49:33.487, 19291
2026/09/25 01:49:33.987, 19291
2026/09/25 01:49:34.487, 19291
2026/09/25 01:49:34.988, 19291
2026/09/25 01:49:35.488, 19291
2026/09/25 01:49:35.988, 19291
2026/09/25 01:49:36.488, 19291
2026/09/25 01:49:36.988, 19291
2026/09/25 01:49:37.488, 19291
2026/09/25 01:49:37.988, 19291
2026/09/25 01:49:38.489, 19291
2026/09/25 01:49:38.989, 19291
2026/09/25 01:49:39.489, 19291
2026/09/25 01:49:39.989, 19291
2026/09/25 01:49:40.489, 19291
2026/09/25 01:49:40.989, 19291
2026/09/25 01:49:41.490, 19291
2026/09/25 01:49:41.990, 19291
2026/09/25 01:49:42.490, 19291
2026/09/25 01:49:42.990, 19291
2026/09/25 01:49:43.490, 19291
2026/09/25 01:49:43.990, 19291
2026/09/25 01:49:44.491, 19291
2026/09/25 01:49:44.991, 19291
2026/09/25 01:49:45.491, 19291
2026/09/25 01:49:45.991, 19291
2026/09/25 01:49:46.491, 19291
2026/09/25 01:49:46.991, 19291
2026/09/25 01:49:47.491, 19291
2026/09/25 01:49:47.992, 19291
2026/09/25 01:49:48.492, 19291
2026/09/25 01:49:48.992, 19291
2026/09/25 01:49:49.492, 19291
2026/09/25 01:49:49.992, 19291
2026/09/25 01:49:50.492, 19291
2026/09/25 01:49:50.993, 19291
2026/09/25 01:49:51.493, 19291
2026/09/25 01:49:51.993, 19291
2026/09/25 01:49:52.493, 19291
2026/09/25 01:49:52.993, 19291
2026/09/25 01:49:53.493, 19291
2026/09/25 01:49:53.993, 19291
2026/09/25 01:49:54.494, 19291
2026/09/25 01:49:54.994, 19291
2026/09/25 01:49:55.494, 19291
2026/09/25 01:49:55.994, 19291
2026/09/25 01:49:56.494, 19291
2026/09/25 01:49:56.994, 19291
2026/09/25 01:49:57.495, 19291
2026/09/25 01:49:57.995, 19291
2026/09/25 01:49:58.495, 19291
2026/09/25 01:49:58.995, 19291
2026/09/25 01:49:59.495, 19291
2026/09/25 01:49:59.995, 19291
2026/09/25 01:50:00.496, 19291
2026/09/25 01:50:00.996, 19291
2026/09/25 01:50:01.496, 19291
2026/09/25 01:50:01.996, 19291
2026/09/25 01:50:02.496, 19291
2026/09/25 01:50:02.997, 19291
2026/09/25 01:50:03.497, 19291
2026/09/25 01:50:03.997, 19291
2026/09/25 01:50:04.497, 19291
2026/09/25 01:50:04.997, 19291
2026/09/25 01:50:05.497, 19291
2026/09/25 01:50:05.997, 19291
2026/09/25 01:50:06.497, 19291
2026/09/25 01:50:06.998, 19291
2026/09/25 01:50:07.498, 19291
2026/09/25 01:50:07.998, 19291
2026/09/25 01:50:08.498, 19291
2026/09/25 01:50:08.998, 19291
2026/09/25 01:50:09.498, 19291
2026/09/25 01:50:09.998, 19291
2026/09/25 01:50:10.499, 19291
2026/09/25 01:50:10.999, 19291
2026/09/25 01:50:11.499, 19291
2026/09/25 01:50:11.999, 19291
2026/09/25 01:50:12.499, 19291
2026/09/25 01:50:12.999, 19291
2026/09/25 01:50:13.499, 19291
2026/09/25 01:50:14.000, 19291
2026/09/25 01:50:14.500, 19291
2026/09/25 01:50:15.000, 19291
2026/09/25 01:50:15.500, 19291
2026/09/25 01:50:16.000, 19291
2026/09/25 01:50:16.501, 19291
2026/09/25 01:50:17.001, 19291
2026/09/25 01:50:17.501, 19291
2026/09/25 01:50:18.001, 19291
2026/09/25 01:50:18.501, 19291
2026/09/25 01:50:19.001, 19291
2026/09/25 01:50:19.501, 19291
2026/09/25 01:50:20.002, 19291
2026/09/25 01:50:20.502, 19291
2026/09/25 01:50:21.002, 19291
2026/09/25 01:50:21.502, 19291
2026/09/25 01:50:22.002, 19291
2026/09/25 01:50:22.502, 19291
2026/09/25 01:50:23.002, 19291
2026/09/25 01:50:23.502, 19291
2026/09/25 01:50:24.003, 19291
2026/09/25 01:50:24.503, 19291
2026/09/25 01:50:25.003, 19291
2026/09/25 01:50:25.503, 19291
2026/09/25 01:50:26.003, 19291
2026/09/25 01:50:26.503, 19291
2026/09/25 01:50:27.003, 19291
2026/09/25 01:50:27.504, 19291
2026/09/25 01:50:28.004, 19291
2026/09/25 01:50:28.504, 19291
2026/09/25 01:50:29.004, 19291
2026/09/25 01:50:29.504, 19291
2026/09/25 01:50:30.004, 19291
2026/09/25 01:50:30.504, 19291
2026/09/25 01:50:31.005, 19291
2026/09/25 01:50:31.505, 19291
2026/09/25 01:50:32.005, 19291
2026/09/25 01:50:32.505, 19291
2026/09/25 01:50:33.005, 19291
2026/09/25 01:50:33.505, 19291
2026/09/25 01:50:34.005, 19291
2026/09/25 01:50:34.505, 19291
2026/09/25 01:50:35.006, 19291
2026/09/25 01:50:35.506, 19291
2026/09/25 01:50:36.006, 19291
2026/09/25 01:50:36.506, 19291
2026/09/25 01:50:37.006, 19291
2026/09/25 01:50:37.506, 19291
2026/09/25 01:50:38.006, 19291
2026/09/25 01:50:38.507, 19291
2026/09/25 01:50:39.007, 19291
2026/09/25 01:50:39.507, 19291
2026/09/25 01:50:40.008, 19291
2026/09/25 01:50:40.508, 19291
2026/09/25 01:50:41.008, 19291
2026/09/25 01:50:41.508, 19291
2026/09/25 01:50:42.008, 19291
2026/09/25 01:50:42.508, 19291
2026/09/25 01:50:43.008, 19291
2026/09/25 01:50:43.508, 19291
2026/09/25 01:50:44.009, 19291
2026/09/25 01:50:44.509, 19291
2026/09/25 01:50:45.009, 19291
2026/09/25 01:50:45.509, 19291
2026/09/25 01:50:46.009, 19291
2026/09/25 01:50:46.509, 19291
2026/09/25 01:50:47.009, 19291
2026/09/25 01:50:47.510, 19291
2026/09/25 01:50:48.010, 19291
2026/09/25 01:50:48.510, 19291
2026/09/25 01:50:49.010, 19291
2026/09/25 01:50:49.510, 19291
2026/09/25 01:50:50.010, 19291
2026/09/25 01:50:50.510, 19291
2026/09/25 01:50:51.011, 19291
2026/09/25 01:50:51.511, 19291
2026/09/25 01:50:52.011, 19291
2026/09/25 01:50:52.511, 19291
2026/09/25 01:50:53.011, 19291
2026/09/25 01:50:53.511, 19291
2026/09/25 01:50:54.011, 19291
2026/09/25 01:50:54.512, 19291
2026/09/25 01:50:55.012, 19291
2026/09/25 01:50:55.512, 19291
2026/09/25 01:50:56.012, 19291
2026/09/25 01:50:56.512, 19291
2026/09/25 01:50:57.012, 19291
2026/09/25 01:50:57.512, 19291
2026/09/25 01:50:58.013, 19291
2026/09/25 01:50:58.513, 19291
2026/09/25 01:50:59.013, 19291
2026/09/25 01:50:59.513, 19291
2026/09/25 01:51:00.013, 19291
2026/09/25 01:51:00.513, 19291
2026/09/25 01:51:01.013, 19291
2026/09/25 01:51:01.514, 19291
2026/09/25 01:51:02.014, 19291
2026/09/25 01:51:02.514, 19291
2026/09/25 01:51:03.014, 19291
2026/09/25 01:51:03.514, 19291
2026/09/25 01:51:04.014, 19291
2026/09/25 01:51:04.514, 19291
2026/09/25 01:51:05.015, 19291
2026/09/25 01:51:05.515, 19291
2026/09/25 01:51:06.015, 19291
2026/09/25 01:51:06.515, 19291
2026/09/25 01:51:07.015, 19291
2026/09/25 01:51:07.515, 19291
2026/09/25 01:51:08.016, 19291
2026/09/25 01:51:08.516, 19291
2026/09/25 01:51:09.016, 19291
2026/09/25 01:51:09.516, 19291
2026/09/25 01:51:10.016, 19291
2026/09/25 01:51:10.516, 19291
2026/09/25 01:51:11.016, 19291
2026/09/25 01:51:11.517, 19291
2026/09/25 01:51:12.017, 19291
2026/09/25 01:51:12.517, 19291
2026/09/25 01:51:13.017, 19291
2026/09/25 01:51:13.517, 19291
2026/09/25 01:51:14.017, 19291
2026/09/25 01:51:14.517, 19291
2026/09/25 01:51:15.018, 19291
2026/09/25 01:51:15.518, 19291
2026/09/25 01:51:16.018, 19291
2026/09/25 01:51:16.518, 19291
2026/09/25 01:51:17.018, 19291
2026/09/25 01:51:17.519, 19291
2026/09/25 01:51:18.019, 19291
2026/09/25 01:51:18.519, 19291
2026/09/25 01:51:19.019, 19291
2026/09/25 01:51:19.519, 19291
2026/09/25 01:51:20.019, 19291
2026/09/25 01:51:20.519, 19291
2026/09/25 01:51:21.020, 19291
2026/09/25 01:51:21.520, 19291
2026/09/25 01:51:22.020, 19291
2026/09/25 01:51:22.520, 19291
2026/09/25 01:51:23.020, 19291
2026/09/25 01:51:23.520, 19291
2026/09/25 01:51:24.020, 19291
2026/09/25 01:51:24.521, 19291
2026/09/25 01:51:25.021, 19291
2026/09/25 01:51:25.521, 19291
2026/09/25 01:51:26.021, 19291
2026/09/25 01:51:26.521, 19291
2026/09/25 01:51:27.021, 19291
2026/09/25 01:51:27.522, 19291
2026/09/25 01:51:28.022, 19291
2026/09/25 01:51:28.522, 19291
2026/09/25 01:51:29.022, 19291
2026/09/25 01:51:29.522, 19291
2026/09/25 01:51:30.022, 19291
2026/09/25 01:51:30.523, 19291
2026/09/25 01:51:31.023, 19291
2026/09/25 01:51:31.523, 19291
2026/09/25 01:51:32.023, 19291
2026/09/25 01:51:32.523, 19291
2026/09/25 01:51:33.023, 19291
2026/09/25 01:51:33.524, 19291
2026/09/25 01:51:34.024, 19291
2026/09/25 01:51:34.524, 19291
2026/09/25 01:51:35.024, 19291
2026/09/25 01:51:35.525, 19291
2026/09/25 01:51:36.025, 19291
2026/09/25 01:51:36.525, 19291
2026/09/25 01:51:37.025, 19291
2026/09/25 01:51:37.525, 19291
2026/09/25 01:51:38.025, 19291
2026/09/25 01:51:38.526, 19291
2026/09/25 01:51:39.026, 19291
2026/09/25 01:51:39.526, 19291
2026/09/25 01:51:40.026, 19291
2026/09/25 01:51:40.526, 19291
2026/09/25 01:51:41.026, 19291
2026/09/25 01:51:41.526, 19291
2026/09/25 01:51:42.027, 19291
2026/09/25 01:51:42.527, 19291
2026/09/25 01:51:43.027, 19291
2026/09/25 01:51:43.527, 19291
2026/09/25 01:51:44.027, 19291
2026/09/25 01:51:44.527, 19291
2026/09/25 01:51:45.028, 19291
2026/09/25 01:51:45.528, 19291
2026/09/25 01:51:46.028, 19291
2026/09/25 01:51:46.528, 19291
2026/09/25 01:51:47.028, 19291
2026/09/25 01:51:47.528, 19291
2026/09/25 01:51:48.029, 19291
2026/09/25 01:51:48.529, 19291
2026/09/25 01:51:49.029, 19291
2026/09/25 01:51:49.529, 19291
2026/09/25 01:51:50.029, 19291
2026/09/25 01:51:50.529, 19291
2026/09/25 01:51:51.030, 19291
2026/09/25 01:51:51.530, 19291
2026/09/25 01:51:52.030, 19291
2026/09/25 01:51:52.530, 19291
2026/09/25 01:51:53.030, 19291
2026/09/25 01:51:53.530, 19291
2026/09/25 01:51:54.031, 19291
2026/09/25 01:51:54.531, 19291
2026/09/25 01:51:55.031, 19291
2026/09/25 01:51:55.531, 19291
2026/09/25 01:51:56.031, 19291
2026/09/25 01:51:56.531, 19291
2026/09/25 01:51:57.032, 19291
2026/09/25 01:51:57.532, 19291
2026/09/25 01:51:58.032, 19291
2026/09/25 01:51:58.532, 19291
2026/09/25 01:51:59.032, 19291
2026/09/25 01:51:59.532, 19291
2026/09/25 01:52:00.033, 19291
2026/09/25 01:52:00.533, 19291
2026/09/25 01:52:01.033, 19291
2026/09/25 01:52:01.533, 19291
2026/09/25 01:52:02.033, 19291
2026/09/25 01:52:02.533, 19291
2026/09/25 01:52:03.033, 19291
2026/09/25 01:52:03.534, 19291
2026/09/25 01:52:04.034, 19291
2026/09/25 01:52:04.534, 19291
2026/09/25 01:52:05.034, 19291
2026/09/25 01:52:05.534, 19291
2026/09/25 01:52:06.034, 19291
2026/09/25 01:52:06.535, 19291
2026/09/25 01:52:07.035, 19291
2026/09/25 01:52:07.535, 19291
2026/09/25 01:52:08.035, 19291
2026/09/25 01:52:08.535, 19291
2026/09/25 01:52:09.035, 19291
2026/09/25 01:52:09.535, 19291
2026/09/25 01:52:10.036, 19291
2026/09/25 01:52:10.536, 19291
2026/09/25 01:52:11.036, 19291
2026/09/25 01:52:11.536, 19291
2026/09/25 01:52:12.036, 19291
2026/09/25 01:52:12.536, 19291
2026/09/25 01:52:13.036, 19291
2026/09/25 01:52:13.537, 19291
2026/09/25 01:52:14.037, 19291
2026/09/25 01:52:14.537, 19291
2026/09/25 01:52:15.037, 19291
2026/09/25 01:52:15.537, 19291
2026/09/25 01:52:16.037, 19291
2026/09/25 01:52:16.538, 19291
2026/09/25 01:52:17.038, 19291
2026/09/25 01:52:17.538, 19291
2026/09/25 01:52:18.038, 19291
2026/09/25 01:52:18.538, 19291
2026/09/25 01:52:19.038, 19291
2026/09/25 01:52:19.539, 19291
2026/09/25 01:52:20.039, 19291
2026/09/25 01:52:20.539, 19291
2026/09/25 01:52:21.039, 19291
2026/09/25 01:52:21.539, 19291
2026/09/25 01:52:22.039, 19291
2026/09/25 01:52:22.539, 19291
2026/09/25 01:52:23.040, 19291
2026/09/25 01:52:23.540, 19291
2026/09/25 01:52:24.040, 19291
2026/09/25 01:52:24.540, 19291
2026/09/25 01:52:25.040, 19291
2026/09/25 01:52:25.540, 19291
2026/09/25 01:52:26.041, 19291
2026/09/25 01:52:26.541, 19291
2026/09/25 01:52:27.041, 19291
2026/09/25 01:52:27.541, 19291
2026/09/25 01:52:28.041, 19291
2026/09/25 01:52:28.541, 19291
2026/09/25 01:52:29.041, 19291
2026/09/25 01:52:29.542, 19291
2026/09/25 01:52:30.042, 19291
2026/09/25 01:52:30.542, 19291
2026/09/25 01:52:31.042, 19291
2026/09/25 01:52:31.542, 19291
2026/09/25 01:52:32.042, 19291
2026/09/25 01:52:32.543, 19291
2026/09/25 01:52:33.043, 19291
2026/09/25 01:52:33.543, 19291
2026/09/25 01:52:34.043, 19291
2026/09/25 01:52:34.543, 19291
2026/09/25 01:52:35.043, 19291
2026/09/25 01:52:35.544, 19291
2026/09/25 01:52:36.044, 19291
2026/09/25 01:52:36.544, 19291
2026/09/25 01:52:37.044, 19291
2026/09/25 01:52:37.544, 19291
2026/09/25 01:52:38.044, 19291
2026/09/25 01:52:38.544, 19291
2026/09/25 01:52:39.045, 19291
2026/09/25 01:52:39.545, 19291
2026/09/25 01:52:40.045, 19291
2026/09/25 01:52:40.545, 19291
2026/09/25 01:52:41.045, 19291
2026/09/25 01:52:41.545, 19291
2026/09/25 01:52:42.046, 19291
2026/09/25 01:52:42.546, 19291
2026/09/25 01:52:43.046, 19291
2026/09/25 01:52:43.546, 19291
2026/09/25 01:52:44.046, 19291
2026/09/25 01:52:44.546, 19291
2026/09/25 01:52:45.047, 19291
2026/09/25 01:52:45.547, 19291
2026/09/25 01:52:46.047, 19291
2026/09/25 01:52:46.547, 19291
2026/09/25 01:52:47.047, 19291
2026/09/25 01:52:47.547, 19291
2026/09/25 01:52:48.048, 19291
2026/09/25 01:52:48.548, 19291
2026/09/25 01:52:49.048, 19291
2026/09/25 01:52:49.548, 19291
2026/09/25 01:52:50.048, 19291
2026/09/25 01:52:50.548, 19291
2026/09/25 01:52:51.049, 19291
2026/09/25 01:52:51.549, 19291
2026/09/25 01:52:52.049, 19291
2026/09/25 01:52:52.549, 19291
2026/09/25 01:52:53.049, 19291
2026/09/25 01:52:53.549, 19291
2026/09/25 01:52:54.049, 19291
2026/09/25 01:52:54.550, 19291
2026/09/25 01:52:55.050, 19291
2026/09/25 01:52:55.550, 19291
2026/09/25 01:52:56.050, 19291
2026/09/25 01:52:56.550, 19291
2026/09/25 01:52:57.050, 19291
2026/09/25 01:52:57.551, 19291
2026/09/25 01:52:58.051, 19291
2026/09/25 01:52:58.551, 19291
2026/09/25 01:52:59.051, 19291
2026/09/25 01:52:59.551, 19291
2026/09/25 01:53:00.051, 19291
2026/09/25 01:53:00.552, 19291
2026/09/25 01:53:01.052, 19291
2026/09/25 01:53:01.552, 19291
2026/09/25 01:53:02.052, 19291
2026/09/25 01:53:02.552, 19291
2026/09/25 01:53:03.053, 19291
2026/09/25 01:53:03.553, 19291
2026/09/25 01:53:04.053, 19291
2026/09/25 01:53:04.553, 19291
2026/09/25 01:53:05.053, 19291
2026/09/25 01:53:05.553, 19291
2026/09/25 01:53:06.054, 19291
2026/09/25 01:53:06.554, 19291
2026/09/25 01:53:07.054, 19291
2026/09/25 01:53:07.554, 19291
2026/09/25 01:53:08.054, 19291
2026/09/25 01:53:08.554, 19291
2026/09/25 01:53:09.055, 19291
2026/09/25 01:53:09.555, 19291
2026/09/25 01:53:10.055, 19291
2026/09/25 01:53:10.555, 19291
2026/09/25 01:53:11.055, 19291
2026/09/25 01:53:11.555, 19291
2026/09/25 01:53:12.055, 19291
2026/09/25 01:53:12.556, 19291
2026/09/25 01:53:13.056, 19291
2026/09/25 01:53:13.556, 19291
2026/09/25 01:53:14.056, 19291
2026/09/25 01:53:14.556, 19291
2026/09/25 01:53:15.056, 19291
2026/09/25 01:53:15.557, 19291
2026/09/25 01:53:16.057, 19291
2026/09/25 01:53:16.557, 19291
2026/09/25 01:53:17.057, 19291
2026/09/25 01:53:17.557, 19291
2026/09/25 01:53:18.057, 19291
2026/09/25 01:53:18.557, 19291
2026/09/25 01:53:19.058, 19291
2026/09/25 01:53:19.558, 19291
2026/09/25 01:53:20.058, 19291
2026/09/25 01:53:20.558, 19291
2026/09/25 01:53:21.058, 19291
2026/09/25 01:53:21.558, 19291
2026/09/25 01:53:22.059, 19291
2026/09/25 01:53:22.559, 19291
2026/09/25 01:53:23.059, 19291
2026/09/25 01:53:23.559, 19291
2026/09/25 01:53:24.059, 19291
2026/09/25 01:53:24.559, 19291
2026/09/25 01:53:25.059, 19291
2026/09/25 01:53:25.560, 19291
2026/09/25 01:53:26.060, 19291
2026/09/25 01:53:26.560, 19291
2026/09/25 01:53:27.060, 19291
2026/09/25 01:53:27.560, 19291
2026/09/25 01:53:28.060, 19291
2026/09/25 01:53:28.561, 19291
2026/09/25 01:53:29.061, 19291
2026/09/25 01:53:29.561, 19291
2026/09/25 01:53:30.061, 19291
2026/09/25 01:53:30.561, 19291
2026/09/25 01:53:31.061, 19291
2026/09/25 01:53:31.561, 19291
2026/09/25 01:53:32.062, 19291
2026/09/25 01:53:32.562, 19291
2026/09/25 01:53:33.062, 19291
2026/09/25 01:53:33.562, 19291
2026/09/25 01:53:34.062, 19291
2026/09/25 01:53:34.562, 19291
2026/09/25 01:53:35.063, 19291
2026/09/25 01:53:35.563, 19291
2026/09/25 01:53:36.063, 19291
2026/09/25 01:53:36.563, 19291
2026/09/25 01:53:37.063, 19291
2026/09/25 01:53:37.563, 19291
2026/09/25 01:53:38.064, 19291
2026/09/25 01:53:38.564, 19291
2026/09/25 01:53:39.064, 19291
2026/09/25 01:53:39.564, 19291
2026/09/25 01:53:40.064, 19291
2026/09/25 01:53:40.564, 19291
2026/09/25 01:53:41.064, 19291
2026/09/25 01:53:41.565, 19291
2026/09/25 01:53:42.065, 19291
2026/09/25 01:53:42.565, 19291
2026/09/25 01:53:43.065, 19291
2026/09/25 01:53:43.565, 19291
2026/09/25 01:53:44.065, 19291
2026/09/25 01:53:44.566, 19291
2026/09/25 01:53:45.066, 19291
2026/09/25 01:53:45.566, 19291
2026/09/25 01:53:46.066, 19291
2026/09/25 01:53:46.566, 19291
2026/09/25 01:53:47.066, 19291
2026/09/25 01:53:47.566, 19291
2026/09/25 01:53:48.067, 19291
2026/09/25 01:53:48.567, 19291
2026/09/25 01:53:49.067, 19291
2026/09/25 01:53:49.567, 19291
2026/09/25 01:53:50.067, 19291
2026/09/25 01:53:50.567, 19291
2026/09/25 01:53:51.067, 19291
2026/09/25 01:53:51.568, 19291
2026/09/25 01:53:52.068, 19291
2026/09/25 01:53:52.568, 19291
2026/09/25 01:53:53.068, 19291
2026/09/25 01:53:53.568, 19291
2026/09/25 01:53:54.068, 19291
2026/09/25 01:53:54.568, 19291
2026/09/25 01:53:55.069, 19291
2026/09/25 01:53:55.569, 19291
2026/09/25 01:53:56.069, 19291
2026/09/25 01:53:56.569, 19291
2026/09/25 01:53:57.069, 19291
2026/09/25 01:53:57.569, 19291
2026/09/25 01:53:58.070, 19291
2026/09/25 01:53:58.570, 19291
2026/09/25 01:53:59.070, 19291
2026/09/25 01:53:59.570, 19291
2026/09/25 01:54:00.070, 19291
2026/09/25 01:54:00.570, 19291
2026/09/25 01:54:01.070, 19291
2026/09/25 01:54:01.571, 19291
2026/09/25 01:54:02.071, 19291
2026/09/25 01:54:02.571, 19291
2026/09/25 01:54:03.071, 19291
2026/09/25 01:54:03.571, 19291
2026/09/25 01:54:04.071, 19291
2026/09/25 01:54:04.572, 19291
2026/09/25 01:54:05.072, 19291
2026/09/25 01:54:05.572, 19291
2026/09/25 01:54:06.072, 19291
2026/09/25 01:54:06.572, 19291
2026/09/25 01:54:07.072, 19291
2026/09/25 01:54:07.573, 19291
2026/09/25 01:54:08.073, 19291
2026/09/25 01:54:08.573, 19291
2026/09/25 01:54:09.073, 19291
2026/09/25 01:54:09.573, 19291
2026/09/25 01:54:10.073, 19291
2026/09/25 01:54:10.574, 19291
2026/09/25 01:54:11.074, 19291
2026/09/25 01:54:11.574, 19291
2026/09/25 01:54:12.074, 19291
2026/09/25 01:54:12.574, 19291
2026/09/25 01:54:13.074, 19291
2026/09/25 01:54:13.575, 19291
2026/09/25 01:54:14.075, 19291
2026/09/25 01:54:14.575, 19291
2026/09/25 01:54:15.075, 19291
2026/09/25 01:54:15.575, 19291
2026/09/25 01:54:16.075, 19291
2026/09/25 01:54:16.576, 19291
2026/09/25 01:54:17.076, 19291
2026/09/25 01:54:17.576, 19291
2026/09/25 01:54:18.076, 19291
2026/09/25 01:54:18.576, 19291
2026/09/25 01:54:19.076, 19291
2026/09/25 01:54:19.577, 19291
2026/09/25 01:54:20.077, 19291
2026/09/25 01:54:20.577, 19291
2026/09/25 01:54:21.077, 19291
2026/09/25 01:54:21.577, 19291
2026/09/25 01:54:22.077, 19291
2026/09/25 01:54:22.578, 19291
2026/09/25 01:54:23.078, 19291
2026/09/25 01:54:23.578, 19291
2026/09/25 01:54:24.078, 19291
2026/09/25 01:54:24.578, 19291
2026/09/25 01:54:25.079, 19291
2026/09/25 01:54:25.579, 19291
2026/09/25 01:54:26.079, 19291
2026/09/25 01:54:26.579, 19291
2026/09/25 01:54:27.079, 19291
2026/09/25 01:54:27.580, 19291
2026/09/25 01:54:28.080, 19291
2026/09/25 01:54:28.580, 19291
2026/09/25 01:54:29.080, 19291
2026/09/25 01:54:29.580, 19291
2026/09/25 01:54:30.081, 19291
2026/09/25 01:54:30.581, 19291
2026/09/25 01:54:31.081, 19291
2026/09/25 01:54:31.581, 19291
2026/09/25 01:54:32.081, 19291
2026/09/25 01:54:32.581, 19291
2026/09/25 01:54:33.082, 19291
2026/09/25 01:54:33.582, 19291
2026/09/25 01:54:34.082, 19291
2026/09/25 01:54:34.582, 19291
2026/09/25 01:54:35.082, 19291
2026/09/25 01:54:35.582, 19291
2026/09/25 01:54:36.083, 19291
2026/09/25 01:54:36.583, 19291
2026/09/25 01:54:37.083, 19291
2026/09/25 01:54:37.583, 19291
2026/09/25 01:54:38.083, 19291
2026/09/25 01:54:38.583, 19291
2026/09/25 01:54:39.084, 19291
2026/09/25 01:54:39.584, 19291
2026/09/25 01:54:40.084, 19291
2026/09/25 01:54:40.584, 19291
2026/09/25 01:54:41.084, 19291
2026/09/25 01:54:41.584, 19291
2026/09/25 01:54:42.084, 19291
2026/09/25 01:54:42.585, 19291
2026/09/25 01:54:43.085, 19291
2026/09/25 01:54:43.585, 19291
2026/09/25 01:54:44.085, 19291
2026/09/25 01:54:44.585, 19291
2026/09/25 01:54:45.085, 19291
2026/09/25 01:54:45.586, 19291
2026/09/25 01:54:46.086, 19291
2026/09/25 01:54:46.586, 19291
2026/09/25 01:54:47.086, 19291
2026/09/25 01:54:47.586, 19291
2026/09/25 01:54:48.086, 19291
2026/09/25 01:54:48.587, 19291
2026/09/25 01:54:49.087, 19291
2026/09/25 01:54:49.587, 19291
2026/09/25 01:54:50.087, 19291
2026/09/25 01:54:50.587, 19291
2026/09/25 01:54:51.087, 19291
2026/09/25 01:54:51.588, 19291
2026/09/25 01:54:52.088, 19291
2026/09/25 01:54:52.588, 19291
2026/09/25 01:54:53.088, 19291
2026/09/25 01:54:53.588, 19291
2026/09/25 01:54:54.088, 19291
2026/09/25 01:54:54.589, 19291
2026/09/25 01:54:55.089, 19291
2026/09/25 01:54:55.589, 19291
2026/09/25 01:54:56.089, 19291
2026/09/25 01:54:56.589, 19291
2026/09/25 01:54:57.089, 19291
2026/09/25 01:54:57.589, 19291
2026/09/25 01:54:58.090, 19291
2026/09/25 01:54:58.590, 19291
2026/09/25 01:54:59.090, 19291
2026/09/25 01:54:59.590, 19291
2026/09/25 01:55:00.090, 19291
2026/09/25 01:55:00.590, 19291
2026/09/25 01:55:01.090, 19291
2026/09/25 01:55:01.591, 19291
2026/09/25 01:55:02.091, 19291
2026/09/25 01:55:02.591, 19291
2026/09/25 01:55:03.091, 19291
2026/09/25 01:55:03.591, 19291
2026/09/25 01:55:04.091, 19291
2026/09/25 01:55:04.592, 19291
2026/09/25 01:55:05.092, 19291
2026/09/25 01:55:05.592, 19291
2026/09/25 01:55:06.092, 19291
2026/09/25 01:55:06.592, 19291
2026/09/25 01:55:07.092, 19291
2026/09/25 01:55:07.592, 19291
2026/09/25 01:55:08.093, 19291
2026/09/25 01:55:08.593, 19291
2026/09/25 01:55:09.093, 19291
2026/09/25 01:55:09.593, 19291
2026/09/25 01:55:10.093, 19291
2026/09/25 01:55:10.593, 19291
2026/09/25 01:55:11.093, 19291
2026/09/25 01:55:11.594, 19291
2026/09/25 01:55:12.094, 19291
2026/09/25 01:55:12.594, 19291
2026/09/25 01:55:13.094, 19291
2026/09/25 01:55:13.594, 19291
2026/09/25 01:55:14.094, 19291
2026/09/25 01:55:14.594, 19291
2026/09/25 01:55:15.095, 19291
2026/09/25 01:55:15.595, 19291
2026/09/25 01:55:16.095, 19291
2026/09/25 01:55:16.595, 19291
2026/09/25 01:55:17.095, 19291
2026/09/25 01:55:17.595, 19291
2026/09/25 01:55:18.095, 19291
2026/09/25 01:55:18.596, 19291
2026/09/25 01:55:19.096, 19291
2026/09/25 01:55:19.596, 19291
2026/09/25 01:55:20.096, 19291
2026/09/25 01:55:20.596, 19291
2026/09/25 01:55:21.096, 19291
2026/09/25 01:55:21.596, 19291
2026/09/25 01:55:22.097, 19291
2026/09/25 01:55:22.597, 19291
2026/09/25 01:55:23.097, 19291
2026/09/25 01:55:23.597, 19291
2026/09/25 01:55:24.097, 19291
2026/09/25 01:55:24.597, 19291
2026/09/25 01:55:25.097, 19291
2026/09/25 01:55:25.598, 19291
2026/09/25 01:55:26.098, 19291
2026/09/25 01:55:26.598, 19291
2026/09/25 01:55:27.098, 19291
2026/09/25 01:55:27.598, 19291
2026/09/25 01:55:28.098, 19291
2026/09/25 01:55:28.598, 19291
2026/09/25 01:55:29.099, 19291
2026/09/25 01:55:29.599, 19291
2026/09/25 01:55:30.099, 19291
2026/09/25 01:55:30.599, 19291
2026/09/25 01:55:31.099, 19291
2026/09/25 01:55:31.599, 19291
2026/09/25 01:55:32.100, 19291
2026/09/25 01:55:32.600, 19291
2026/09/25 01:55:33.100, 19291
2026/09/25 01:55:33.600, 19291
2026/09/25 01:55:34.100, 19291
2026/09/25 01:55:34.600, 19291
2026/09/25 01:55:35.100, 19291
2026/09/25 01:55:35.601, 19291
2026/09/25 01:55:36.101, 19291
2026/09/25 01:55:36.601, 19291
2026/09/25 01:55:37.101, 19291
2026/09/25 01:55:37.601, 19291
2026/09/25 01:55:38.101, 19291
2026/09/25 01:55:38.601, 19291
2026/09/25 01:55:39.102, 19291
2026/09/25 01:55:39.602, 19291
2026/09/25 01:55:40.102, 19291
2026/09/25 01:55:40.602, 19291
2026/09/25 01:55:41.102, 19291
2026/09/25 01:55:41.602, 19291
2026/09/25 01:55:42.102, 19291
2026/09/25 01:55:42.603, 19291
2026/09/25 01:55:43.103, 19291
2026/09/25 01:55:43.603, 19291
2026/09/25 01:55:44.103, 19291
2026/09/25 01:55:44.603, 19291
2026/09/25 01:55:45.103, 19291
2026/09/25 01:55:45.603, 19291
2026/09/25 01:55:46.104, 19291
2026/09/25 01:55:46.604, 19291
2026/09/25 01:55:47.104, 19291
2026/09/25 01:55:47.604, 19291
2026/09/25 01:55:48.104, 19291
2026/09/25 01:55:48.604, 19291
2026/09/25 01:55:49.104, 19291
2026/09/25 01:55:49.605, 19291
2026/09/25 01:55:50.105, 19291
2026/09/25 01:55:50.605, 19291
2026/09/25 01:55:51.105, 19291
2026/09/25 01:55:51.605, 19291
2026/09/25 01:55:52.105, 19291
2026/09/25 01:55:52.605, 19291
2026/09/25 01:55:53.106, 19291
2026/09/25 01:55:53.606, 19291
2026/09/25 01:55:54.106, 19291
2026/09/25 01:55:54.606, 19291
2026/09/25 01:55:55.106, 19291
2026/09/25 01:55:55.606, 19291
2026/09/25 01:55:56.106, 19291
2026/09/25 01:55:56.607, 19291
2026/09/25 01:55:57.107, 19291
2026/09/25 01:55:57.607, 19291
2026/09/25 01:55:58.107, 19291
2026/09/25 01:55:58.607, 19291
2026/09/25 01:55:59.107, 19291
2026/09/25 01:55:59.607, 19291
2026/09/25 01:56:00.108, 19291
2026/09/25 01:56:00.608, 19291
2026/09/25 01:56:01.108, 19291
2026/09/25 01:56:01.608, 19291
2026/09/25 01:56:02.108, 19291
2026/09/25 01:56:02.608, 19291
2026/09/25 01:56:03.108, 19291
2026/09/25 01:56:03.609, 19291
2026/09/25 01:56:04.109, 19291
2026/09/25 01:56:04.609, 19291
2026/09/25 01:56:05.109, 19291
2026/09/25 01:56:05.609, 19291
2026/09/25 01:56:06.109, 19291
2026/09/25 01:56:06.609, 19291
2026/09/25 01:56:07.110, 19291
2026/09/25 01:56:07.610, 19291
2026/09/25 01:56:08.110, 19291
2026/09/25 01:56:08.610, 19291
2026/09/25 01:56:09.110, 19291
2026/09/25 01:56:09.610, 19291
2026/09/25 01:56:10.110, 19291
2026/09/25 01:56:10.611, 19291
2026/09/25 01:56:11.111, 19291
2026/09/25 01:56:11.611, 19291
2026/09/25 01:56:12.111, 19291
2026/09/25 01:56:12.611, 19291
2026/09/25 01:56:13.111, 19291
2026/09/25 01:56:13.611, 19291
2026/09/25 01:56:14.112, 19291
2026/09/25 01:56:14.612, 19291
2026/09/25 01:56:15.112, 19291
2026/09/25 01:56:15.612, 19291
2026/09/25 01:56:16.112, 19291
2026/09/25 01:56:16.612, 19291
2026/09/25 01:56:17.112, 19291
2026/09/25 01:56:17.613, 19291
2026/09/25 01:56:18.113, 19291
2026/09/25 01:56:18.613, 19291
2026/09/25 01:56:19.113, 19291
2026/09/25 01:56:19.613, 19291
2026/09/25 01:56:20.113, 19291
2026/09/25 01:56:20.613, 19291
2026/09/25 01:56:21.114, 19291
2026/09/25 01:56:21.614, 19291
2026/09/25 01:56:22.114, 19291
2026/09/25 01:56:22.614, 19291
2026/09/25 01:56:23.114, 19291
2026/09/25 01:56:23.614, 19291
2026/09/25 01:56:24.114, 19291
2026/09/25 01:56:24.615, 19291
2026/09/25 01:56:25.115, 19291
2026/09/25 01:56:25.615, 19291
2026/09/25 01:56:26.115, 19291
2026/09/25 01:56:26.615, 19291
2026/09/25 01:56:27.115, 19291
2026/09/25 01:56:27.615, 19291
2026/09/25 01:56:28.116, 19291
2026/09/25 01:56:28.616, 19291
2026/09/25 01:56:29.116, 19291
2026/09/25 01:56:29.616, 19291
2026/09/25 01:56:30.116, 19291
2026/09/25 01:56:30.616, 19291
2026/09/25 01:56:31.116, 19291
2026/09/25 01:56:31.617, 19291
2026/09/25 01:56:32.117, 19291
2026/09/25 01:56:32.617, 19291
2026/09/25 01:56:33.117, 19291
2026/09/25 01:56:33.617, 19291
2026/09/25 01:56:34.117, 19291
2026/09/25 01:56:34.617, 19291
2026/09/25 01:56:35.117, 19291
2026/09/25 01:56:35.618, 19291
2026/09/25 01:56:36.118, 19291
2026/09/25 01:56:36.618, 19291
2026/09/25 01:56:37.118, 19291
2026/09/25 01:56:37.618, 19291
2026/09/25 01:56:38.118, 19291
2026/09/25 01:56:38.618, 19291
2026/09/25 01:56:39.119, 19291
2026/09/25 01:56:39.619, 19291
2026/09/25 01:56:40.119, 19291
2026/09/25 01:56:40.619, 19291
2026/09/25 01:56:41.119, 19291
2026/09/25 01:56:41.619, 19291
2026/09/25 01:56:42.119, 19291
2026/09/25 01:56:42.620, 19291
2026/09/25 01:56:43.120, 19291
2026/09/25 01:56:43.620, 19291
2026/09/25 01:56:44.120, 19291
2026/09/25 01:56:44.620, 19291
2026/09/25 01:56:45.120, 19291
2026/09/25 01:56:45.620, 19291
2026/09/25 01:56:46.120, 19291
2026/09/25 01:56:46.621, 19291
2026/09/25 01:56:47.121, 19291
2026/09/25 01:56:47.621, 19291
2026/09/25 01:56:48.121, 19291
2026/09/25 01:56:48.621, 19291
2026/09/25 01:56:49.121, 19291
2026/09/25 01:56:49.621, 19291
2026/09/25 01:56:50.122, 19291
2026/09/25 01:56:50.622, 19291
2026/09/25 01:56:51.122, 19291
2026/09/25 01:56:51.622, 19291
2026/09/25 01:56:52.122, 19291
2026/09/25 01:56:52.622, 19291
2026/09/25 01:56:53.122, 19291
2026/09/25 01:56:53.622, 19291
2026/09/25 01:56:54.123, 19291
2026/09/25 01:56:54.623, 19291
2026/09/25 01:56:55.123, 19291
2026/09/25 01:56:55.623, 19291
2026/09/25 01:56:56.123, 19291
2026/09/25 01:56:56.623, 19291
2026/09/25 01:56:57.124, 19291
2026/09/25 01:56:57.624, 19291
2026/09/25 01:56:58.124, 19291
2026/09/25 01:56:58.624, 19291
2026/09/25 01:56:59.124, 19291
2026/09/25 01:56:59.624, 19291
2026/09/25 01:57:00.124, 19291
2026/09/25 01:57:00.625, 19291
2026/09/25 01:57:01.125, 19291
2026/09/25 01:57:01.625, 19291
2026/09/25 01:57:02.125, 19291
2026/09/25 01:57:02.625, 19291
2026/09/25 01:57:03.125, 19291
2026/09/25 01:57:03.625, 19291
2026/09/25 01:57:04.126, 19291
2026/09/25 01:57:04.626, 19291
2026/09/25 01:57:05.126, 19291
2026/09/25 01:57:05.626, 19291
2026/09/25 01:57:06.126, 19291
2026/09/25 01:57:06.626, 19291
2026/09/25 01:57:07.126, 19291
2026/09/25 01:57:07.627, 19291
2026/09/25 01:57:08.127, 19291
2026/09/25 01:57:08.627, 19291
2026/09/25 01:57:09.127, 19291
2026/09/25 01:57:09.627, 19291
2026/09/25 01:57:10.127, 19291
2026/09/25 01:57:10.628, 19291
2026/09/25 01:57:11.128, 19291
2026/09/25 01:57:11.628, 19291
2026/09/25 01:57:12.128, 19291
2026/09/25 01:57:12.628, 19291
2026/09/25 01:57:13.128, 19291
2026/09/25 01:57:13.628, 19291
2026/09/25 01:57:14.129, 19291
2026/09/25 01:57:14.629, 19291
2026/09/25 01:57:15.129, 19291
2026/09/25 01:57:15.629, 19291
2026/09/25 01:57:16.129, 19291
2026/09/25 01:57:16.629, 19291
2026/09/25 01:57:17.129, 19291
2026/09/25 01:57:17.630, 19291
2026/09/25 01:57:18.130, 19291
2026/09/25 01:57:18.630, 19291
2026/09/25 01:57:19.130, 19291
2026/09/25 01:57:19.630, 19291
2026/09/25 01:57:20.130, 19291
2026/09/25 01:57:20.631, 19291
2026/09/25 01:57:21.131, 19291
2026/09/25 01:57:21.631, 19291
2026/09/25 01:57:22.131, 19291
2026/09/25 01:57:22.631, 19291
2026/09/25 01:57:23.131, 19291
2026/09/25 01:57:23.632, 19291
2026/09/25 01:57:24.132, 19291
2026/09/25 01:57:24.632, 19291
2026/09/25 01:57:25.132, 19291
2026/09/25 01:57:25.632, 19291
2026/09/25 01:57:26.132, 19291
2026/09/25 01:57:26.633, 19291
2026/09/25 01:57:27.133, 19725
2026/09/25 01:57:27.633, 19320
2026/09/25 01:57:28.135, 19291
2026/09/25 01:57:28.636, 19291
2026/09/25 01:57:29.136, 19291
2026/09/25 01:57:29.636, 19291
2026/09/25 01:57:30.136, 19291
2026/09/25 01:57:30.636, 19291
2026/09/25 01:57:31.136, 19291
2026/09/25 01:57:31.637, 19291
2026/09/25 01:57:32.137, 19291
2026/09/25 01:57:32.637, 19291
2026/09/25 01:57:33.137, 19291
2026/09/25 01:57:33.637, 19291
2026/09/25 01:57:34.137, 19291
2026/09/25 01:57:34.638, 19291
2026/09/25 01:57:35.138, 19291
2026/09/25 01:57:35.638, 19291
2026/09/25 01:57:36.138, 19291
2026/09/25 01:57:36.639, 19291
2026/09/25 01:57:37.139, 19291
2026/09/25 01:57:37.639, 19291
2026/09/25 01:57:38.139, 19291
2026/09/25 01:57:38.639, 19291
2026/09/25 01:57:39.139, 19291
2026/09/25 01:57:39.639, 19291
2026/09/25 01:57:40.140, 19291
2026/09/25 01:57:40.640, 19291
2026/09/25 01:57:41.141, 19291
2026/09/25 01:57:41.641, 19291
2026/09/25 01:57:42.141, 19291
2026/09/25 01:57:42.641, 19291
2026/09/25 01:57:43.141, 19291
2026/09/25 01:57:43.641, 19291
2026/09/25 01:57:44.142, 19291
2026/09/25 01:57:44.642, 19291
2026/09/25 01:57:45.142, 19291
2026/09/25 01:57:45.642, 19291
2026/09/25 01:57:46.142, 19291
2026/09/25 01:57:46.642, 19291
2026/09/25 01:57:47.143, 19291
2026/09/25 01:57:47.643, 19291
2026/09/25 01:57:48.143, 19291
2026/09/25 01:57:48.643, 19291
2026/09/25 01:57:49.143, 19291
2026/09/25 01:57:49.644, 19291
2026/09/25 01:57:50.144, 19291
2026/09/25 01:57:50.644, 19291
2026/09/25 01:57:51.144, 19291
2026/09/25 01:57:51.644, 19291
2026/09/25 01:57:52.144, 19291
2026/09/25 01:57:52.645, 19291
2026/09/25 01:57:53.145, 19291
2026/09/25 01:57:53.645, 19291
2026/09/25 01:57:54.145, 19291
2026/09/25 01:57:54.645, 19291
2026/09/25 01:57:55.145, 19291
2026/09/25 01:57:55.646, 19291
2026/09/25 01:57:56.146, 19291
2026/09/25 01:57:56.646, 19291
2026/09/25 01:57:57.146, 19291
2026/09/25 01:57:57.646, 19291
2026/09/25 01:57:58.146, 19291
2026/09/25 01:57:58.646, 19291
2026/09/25 01:57:59.147, 19291
2026/09/25 01:57:59.647, 19291
2026/09/25 01:58:00.147, 19291
2026/09/25 01:58:00.647, 19291
2026/09/25 01:58:01.147, 19291
2026/09/25 01:58:01.647, 19291
2026/09/25 01:58:02.148, 19291
2026/09/25 01:58:02.648, 19291
2026/09/25 01:58:03.148, 19291
2026/09/25 01:58:03.648, 19291
2026/09/25 01:58:04.148, 19291
2026/09/25 01:58:04.648, 19291
2026/09/25 01:58:05.149, 19291
2026/09/25 01:58:05.649, 19291
2026/09/25 01:58:06.149, 19291
2026/09/25 01:58:06.649, 19291
2026/09/25 01:58:07.149, 19291
2026/09/25 01:58:07.649, 19291
2026/09/25 01:58:08.149, 19291
2026/09/25 01:58:08.650, 19291
2026/09/25 01:58:09.150, 19291
2026/09/25 01:58:09.650, 19291
2026/09/25 01:58:10.150, 19291
2026/09/25 01:58:10.650, 19291
2026/09/25 01:58:11.150, 19291
2026/09/25 01:58:11.651, 19291
2026/09/25 01:58:12.151, 19291
2026/09/25 01:58:12.651, 19291
2026/09/25 01:58:13.151, 19291
2026/09/25 01:58:13.651, 19291
2026/09/25 01:58:14.151, 19291
2026/09/25 01:58:14.651, 19291
2026/09/25 01:58:15.152, 19291
2026/09/25 01:58:15.652, 19291
2026/09/25 01:58:16.152, 19291
2026/09/25 01:58:16.652, 19291
2026/09/25 01:58:17.152, 19291
2026/09/25 01:58:17.652, 19291
2026/09/25 01:58:18.153, 19291
2026/09/25 01:58:18.653, 19291
2026/09/25 01:58:19.153, 19291
2026/09/25 01:58:19.653, 19291
2026/09/25 01:58:20.153, 19291
2026/09/25 01:58:20.653, 19291
2026/09/25 01:58:21.153, 19291
2026/09/25 01:58:21.654, 19291
2026/09/25 01:58:22.154, 19291
2026/09/25 01:58:22.654, 19291
2026/09/25 01:58:23.154, 19291
2026/09/25 01:58:23.654, 19291
2026/09/25 01:58:24.154, 19291
2026/09/25 01:58:24.655, 19291
2026/09/25 01:58:25.155, 19291
2026/09/25 01:58:25.655, 19291
2026/09/25 01:58:26.155, 19291
2026/09/25 01:58:26.655, 19291
2026/09/25 01:58:27.155, 19291
2026/09/25 01:58:27.656, 19291
2026/09/25 01:58:28.156, 19291
2026/09/25 01:58:28.656, 19291
2026/09/25 01:58:29.156, 19291
2026/09/25 01:58:29.656, 19291
2026/09/25 01:58:30.156, 19291
2026/09/25 01:58:30.657, 19291
2026/09/25 01:58:31.157, 19291
2026/09/25 01:58:31.657, 19291
2026/09/25 01:58:32.157, 19291
2026/09/25 01:58:32.657, 19291
2026/09/25 01:58:33.157, 19291
2026/09/25 01:58:33.658, 19291
2026/09/25 01:58:34.158, 19291
2026/09/25 01:58:34.658, 19291
2026/09/25 01:58:35.158, 19291
2026/09/25 01:58:35.658, 19291
2026/09/25 01:58:36.158, 19291
2026/09/25 01:58:36.659, 19291
2026/09/25 01:58:37.159, 19291
2026/09/25 01:58:37.659, 19291
2026/09/25 01:58:38.159, 19291
2026/09/25 01:58:38.659, 19291
2026/09/25 01:58:39.159, 19291
2026/09/25 01:58:39.660, 19291
2026/09/25 01:58:40.160, 19291
2026/09/25 01:58:40.660, 19291
2026/09/25 01:58:41.160, 19291
2026/09/25 01:58:41.660, 19291
2026/09/25 01:58:42.160, 19291
2026/09/25 01:58:42.661, 19291
2026/09/25 01:58:43.161, 19291
2026/09/25 01:58:43.661, 19291
2026/09/25 01:58:44.161, 19291
2026/09/25 01:58:44.661, 19291
2026/09/25 01:58:45.161, 19291
2026/09/25 01:58:45.662, 19291
2026/09/25 01:58:46.162, 19291
2026/09/25 01:58:46.662, 19291
2026/09/25 01:58:47.162, 19291
2026/09/25 01:58:47.662, 19291
2026/09/25 01:58:48.162, 19291
2026/09/25 01:58:48.663, 19291
2026/09/25 01:58:49.163, 19291
2026/09/25 01:58:49.663, 19291
2026/09/25 01:58:50.163, 19291
2026/09/25 01:58:50.663, 19291
2026/09/25 01:58:51.164, 19291
2026/09/25 01:58:51.664, 19291
2026/09/25 01:58:52.164, 19291
2026/09/25 01:58:52.664, 19291
2026/09/25 01:58:53.164, 19291
2026/09/25 01:58:53.664, 19291
2026/09/25 01:58:54.165, 19291
2026/09/25 01:58:54.665, 19291
2026/09/25 01:58:55.165, 19291
2026/09/25 01:58:55.665, 19291
2026/09/25 01:58:56.165, 19291
2026/09/25 01:58:56.665, 19291
2026/09/25 01:58:57.166, 19291
2026/09/25 01:58:57.666, 19291
2026/09/25 01:58:58.166, 19291
2026/09/25 01:58:58.666, 19291
2026/09/25 01:58:59.166, 19291
2026/09/25 01:58:59.666, 19291
2026/09/25 01:59:00.167, 19291
2026/09/25 01:59:00.667, 19291
2026/09/25 01:59:01.167, 19291
2026/09/25 01:59:01.667, 19291
2026/09/25 01:59:02.167, 19291
2026/09/25 01:59:02.667, 19291
2026/09/25 01:59:03.168, 19291
2026/09/25 01:59:03.668, 19291
2026/09/25 01:59:04.168, 19291
2026/09/25 01:59:04.668, 19291
2026/09/25 01:59:05.168, 19291
2026/09/25 01:59:05.668, 19291
2026/09/25 01:59:06.169, 19291
2026/09/25 01:59:06.669, 19291
2026/09/25 01:59:07.169, 19291
2026/09/25 01:59:07.669, 19291
2026/09/25 01:59:08.169, 19291
2026/09/25 01:59:08.669, 19291
2026/09/25 01:59:09.169, 19291
2026/09/25 01:59:09.670, 19291
2026/09/25 01:59:10.170, 19291
2026/09/25 01:59:10.670, 19291
2026/09/25 01:59:11.170, 19291
2026/09/25 01:59:11.670, 19291
2026/09/25 01:59:12.170, 19291
2026/09/25 01:59:12.671, 19291
2026/09/25 01:59:13.171, 19291
2026/09/25 01:59:13.671, 19291
2026/09/25 01:59:14.171, 19291
2026/09/25 01:59:14.671, 19291
2026/09/25 01:59:15.171, 19291
2026/09/25 01:59:15.671, 19291
2026/09/25 01:59:16.172, 19291
2026/09/25 01:59:16.672, 19291
2026/09/25 01:59:17.172, 19291
2026/09/25 01:59:17.672, 19291
2026/09/25 01:59:18.172, 19291
2026/09/25 01:59:18.672, 19291
2026/09/25 01:59:19.173, 19291
2026/09/25 01:59:19.673, 19291
2026/09/25 01:59:20.173, 19291
2026/09/25 01:59:20.673, 19291
2026/09/25 01:59:21.173, 19291
2026/09/25 01:59:21.673, 19291
2026/09/25 01:59:22.173, 19291
2026/09/25 01:59:22.674, 19291
2026/09/25 01:59:23.174, 19291
2026/09/25 01:59:23.674, 19291
2026/09/25 01:59:24.174, 19291
2026/09/25 01:59:24.674, 19291
2026/09/25 01:59:25.174, 19291
2026/09/25 01:59:25.674, 19291
2026/09/25 01:59:26.175, 19291
2026/09/25 01:59:26.675, 19291
2026/09/25 01:59:27.175, 19291
2026/09/25 01:59:27.675, 19291
2026/09/25 01:59:28.175, 19291
2026/09/25 01:59:28.675, 19291
2026/09/25 01:59:29.175, 19291
2026/09/25 01:59:29.676, 19291
2026/09/25 01:59:30.176, 19291
2026/09/25 01:59:30.676, 19291
2026/09/25 01:59:31.176, 19291
2026/09/25 01:59:31.676, 19291
2026/09/25 01:59:32.176, 19291
2026/09/25 01:59:32.676, 19291
2026/09/25 01:59:33.177, 19291
2026/09/25 01:59:33.677, 19291
2026/09/25 01:59:34.177, 19291
2026/09/25 01:59:34.677, 19291
2026/09/25 01:59:35.177, 19291
2026/09/25 01:59:35.677, 19291
2026/09/25 01:59:36.178, 19291
2026/09/25 01:59:36.678, 19291
2026/09/25 01:59:37.178, 19291
2026/09/25 01:59:37.678, 19291
2026/09/25 01:59:38.178, 19291
2026/09/25 01:59:38.678, 19291
2026/09/25 01:59:39.178, 19291
2026/09/25 01:59:39.679, 19291
2026/09/25 01:59:40.179, 19291
2026/09/25 01:59:40.679, 19291
2026/09/25 01:59:41.179, 19291
2026/09/25 01:59:41.679, 19291
2026/09/25 01:59:42.179, 19291
2026/09/25 01:59:42.679, 19291
2026/09/25 01:59:43.180, 19291
2026/09/25 01:59:43.680, 19291
2026/09/25 01:59:44.180, 19291
2026/09/25 01:59:44.680, 19291
2026/09/25 01:59:45.180, 19291
2026/09/25 01:59:45.680, 19291
2026/09/25 01:59:46.181, 19291
2026/09/25 01:59:46.681, 19291
2026/09/25 01:59:47.181, 19291
2026/09/25 01:59:47.681, 19291
2026/09/25 01:59:48.181, 19291
2026/09/25 01:59:48.681, 19291
2026/09/25 01:59:49.181, 19291
2026/09/25 01:59:49.682, 19291
2026/09/25 01:59:50.182, 19291
2026/09/25 01:59:50.682, 19291
2026/09/25 01:59:51.182, 19291
2026/09/25 01:59:51.682, 19291
2026/09/25 01:59:52.182, 19291
2026/09/25 01:59:52.682, 19291
2026/09/25 01:59:53.183, 19291
2026/09/25 01:59:53.683, 19291
2026/09/25 01:59:54.183, 19291
2026/09/25 01:59:54.683, 19291
2026/09/25 01:59:55.183, 19291
2026/09/25 01:59:55.683, 19291
2026/09/25 01:59:56.184, 19291
2026/09/25 01:59:56.684, 19291
2026/09/25 01:59:57.184, 19291
2026/09/25 01:59:57.684, 19291
2026/09/25 01:59:58.184, 19291
2026/09/25 01:59:58.684, 19291
2026/09/25 01:59:59.185, 19291
2026/09/25 01:59:59.685, 19291
2026/09/25 02:00:00.185, 19291
2026/09/25 02:00:00.685, 19291
2026/09/25 02:00:01.185, 19291
2026/09/25 02:00:01.685, 19291
2026/09/25 02:00:02.186, 19291
2026/09/25 02:00:02.686, 19291
2026/09/25 02:00:03.186, 19291
2026/09/25 02:00:03.686, 19291
2026/09/25 02:00:04.186, 19291
2026/09/25 02:00:04.686, 19291
2026/09/25 02:00:05.186, 19291
2026/09/25 02:00:05.687, 19291
2026/09/25 02:00:06.187, 19291
2026/09/25 02:00:06.687, 19291
2026/09/25 02:00:07.187, 19291
2026/09/25 02:00:07.687, 19291
2026/09/25 02:00:08.187, 19291
2026/09/25 02:00:08.688, 19291
2026/09/25 02:00:09.188, 19291
2026/09/25 02:00:09.688, 19291
2026/09/25 02:00:10.188, 19291
2026/09/25 02:00:10.688, 19291
2026/09/25 02:00:11.188, 19291
2026/09/25 02:00:11.689, 19291
2026/09/25 02:00:12.189, 19291
2026/09/25 02:00:12.689, 19291
2026/09/25 02:00:13.189, 19291
2026/09/25 02:00:13.689, 19291
2026/09/25 02:00:14.189, 19291
2026/09/25 02:00:14.689, 19291
2026/09/25 02:00:15.190, 19291
2026/09/25 02:00:15.690, 19291
2026/09/25 02:00:16.190, 19291
2026/09/25 02:00:16.690, 19291
2026/09/25 02:00:17.190, 19291
2026/09/25 02:00:17.690, 19291
2026/09/25 02:00:18.190, 19291
2026/09/25 02:00:18.691, 19291
2026/09/25 02:00:19.191, 19291
2026/09/25 02:00:19.691, 19291
2026/09/25 02:00:20.191, 19291
2026/09/25 02:00:20.691, 19291
2026/09/25 02:00:21.191, 19291
2026/09/25 02:00:21.692, 19291
2026/09/25 02:00:22.192, 19291
2026/09/25 02:00:22.692, 19291
2026/09/25 02:00:23.192, 19291
2026/09/25 02:00:23.692, 19291
2026/09/25 02:00:24.192, 19291
2026/09/25 02:00:24.693, 19291
2026/09/25 02:00:25.193, 19291
2026/09/25 02:00:25.693, 19291
2026/09/25 02:00:26.193, 19291
2026/09/25 02:00:26.693, 19291
2026/09/25 02:00:27.193, 19291
2026/09/25 02:00:27.694, 19291
2026/09/25 02:00:28.194, 19291
2026/09/25 02:00:28.694, 19291
2026/09/25 02:00:29.194, 19291
2026/09/25 02:00:29.694, 19291
2026/09/25 02:00:30.194, 19291
2026/09/25 02:00:30.694, 19291
2026/09/25 02:00:31.195, 19291
2026/09/25 02:00:31.695, 19291
2026/09/25 02:00:32.195, 19291
2026/09/25 02:00:32.695, 19291
2026/09/25 02:00:33.195, 19291
2026/09/25 02:00:33.695, 19291
2026/09/25 02:00:34.196, 19291
2026/09/25 02:00:34.696, 19291
2026/09/25 02:00:35.196, 19291
2026/09/25 02:00:35.696, 19291
2026/09/25 02:00:36.196, 19291
2026/09/25 02:00:36.696, 19291
2026/09/25 02:00:37.197, 19291
2026/09/25 02:00:37.697, 19291
2026/09/25 02:00:38.197, 19291
2026/09/25 02:00:38.697, 19291
2026/09/25 02:00:39.197, 19291
2026/09/25 02:00:39.697, 19291
2026/09/25 02:00:40.197, 19291
2026/09/25 02:00:40.698, 19291
2026/09/25 02:00:41.198, 19291
2026/09/25 02:00:41.698, 19291
2026/09/25 02:00:42.198, 19291
2026/09/25 02:00:42.698, 19291
2026/09/25 02:00:43.198, 19291
2026/09/25 02:00:43.699, 19291
2026/09/25 02:00:44.199, 19291
2026/09/25 02:00:44.699, 19291
2026/09/25 02:00:45.199, 19291
2026/09/25 02:00:45.699, 19291
2026/09/25 02:00:46.199, 19291
2026/09/25 02:00:46.699, 19291
2026/09/25 02:00:47.200, 19291
2026/09/25 02:00:47.700, 19291
2026/09/25 02:00:48.200, 19291
2026/09/25 02:00:48.700, 19291
2026/09/25 02:00:49.200, 19291
2026/09/25 02:00:49.700, 19291
2026/09/25 02:00:50.201, 19291
2026/09/25 02:00:50.701, 19291
2026/09/25 02:00:51.201, 19291
2026/09/25 02:00:51.701, 19291
2026/09/25 02:00:52.201, 19291
2026/09/25 02:00:52.701, 19291
2026/09/25 02:00:53.201, 19291
2026/09/25 02:00:53.702, 19291
2026/09/25 02:00:54.202, 19291
2026/09/25 02:00:54.702, 19291
2026/09/25 02:00:55.202, 19291
2026/09/25 02:00:55.702, 19291
2026/09/25 02:00:56.202, 19291
2026/09/25 02:00:56.702, 19291
2026/09/25 02:00:57.203, 19291
2026/09/25 02:00:57.703, 19291
2026/09/25 02:00:58.203, 19291
2026/09/25 02:00:58.703, 19291
2026/09/25 02:00:59.203, 19291
2026/09/25 02:00:59.703, 19291
2026/09/25 02:01:00.204, 19291
2026/09/25 02:01:00.704, 19291
2026/09/25 02:01:01.204, 19291
2026/09/25 02:01:01.704, 19291
2026/09/25 02:01:02.204, 19291
2026/09/25 02:01:02.704, 19291
2026/09/25 02:01:03.204, 19291
2026/09/25 02:01:03.705, 19291
2026/09/25 02:01:04.205, 19291
2026/09/25 02:01:04.705, 19291
2026/09/25 02:01:05.205, 19291
2026/09/25 02:01:05.705, 19291
2026/09/25 02:01:06.205, 19291
2026/09/25 02:01:06.705, 19291
2026/09/25 02:01:07.206, 19291
2026/09/25 02:01:07.706, 19291
2026/09/25 02:01:08.206, 19291
2026/09/25 02:01:08.706, 19291
2026/09/25 02:01:09.206, 19291
2026/09/25 02:01:09.706, 19291
2026/09/25 02:01:10.206, 19291
2026/09/25 02:01:10.707, 19291
2026/09/25 02:01:11.207, 19291
2026/09/25 02:01:11.707, 19291
2026/09/25 02:01:12.207, 19291
2026/09/25 02:01:12.707, 19291
2026/09/25 02:01:13.207, 19291
2026/09/25 02:01:13.707, 19291
2026/09/25 02:01:14.208, 19291
2026/09/25 02:01:14.708, 19291
2026/09/25 02:01:15.208, 19291
2026/09/25 02:01:15.708, 19291
2026/09/25 02:01:16.208, 19291
2026/09/25 02:01:16.708, 19291
2026/09/25 02:01:17.208, 19291
2026/09/25 02:01:17.709, 19291
2026/09/25 02:01:18.209, 19291
2026/09/25 02:01:18.709, 19291
2026/09/25 02:01:19.209, 19291
2026/09/25 02:01:19.709, 19291
2026/09/25 02:01:20.209, 19291
2026/09/25 02:01:20.709, 19291
2026/09/25 02:01:21.210, 19291
2026/09/25 02:01:21.710, 19291
2026/09/25 02:01:22.210, 19291
2026/09/25 02:01:22.710, 19291
2026/09/25 02:01:23.210, 19291
2026/09/25 02:01:23.710, 19291
2026/09/25 02:01:24.210, 19291
2026/09/25 02:01:24.711, 19291
2026/09/25 02:01:25.211, 19291
2026/09/25 02:01:25.711, 19291
2026/09/25 02:01:26.211, 19291
2026/09/25 02:01:26.711, 19291
2026/09/25 02:01:27.211, 19291
2026/09/25 02:01:27.711, 19291
2026/09/25 02:01:28.212, 19291
2026/09/25 02:01:28.712, 19291
2026/09/25 02:01:29.212, 19291
2026/09/25 02:01:29.712, 19291
2026/09/25 02:01:30.212, 19291
2026/09/25 02:01:30.712, 19291
2026/09/25 02:01:31.213, 19291
2026/09/25 02:01:31.713, 19291
2026/09/25 02:01:32.213, 19291
2026/09/25 02:01:32.713, 19291
2026/09/25 02:01:33.213, 19291
2026/09/25 02:01:33.713, 19291
2026/09/25 02:01:34.213, 19291
2026/09/25 02:01:34.714, 19291
2026/09/25 02:01:35.214, 19291
2026/09/25 02:01:35.714, 19291
2026/09/25 02:01:36.214, 19291
2026/09/25 02:01:36.714, 19291
2026/09/25 02:01:37.214, 19291
2026/09/25 02:01:37.715, 19291
2026/09/25 02:01:38.215, 19291
2026/09/25 02:01:38.715, 19291
2026/09/25 02:01:39.215, 19291
2026/09/25 02:01:39.715, 19291
2026/09/25 02:01:40.215, 19291
2026/09/25 02:01:40.716, 19291
2026/09/25 02:01:41.216, 19291
2026/09/25 02:01:41.716, 19291
2026/09/25 02:01:42.216, 19291
2026/09/25 02:01:42.716, 19291
2026/09/25 02:01:43.216, 19291
2026/09/25 02:01:43.717, 19291
2026/09/25 02:01:44.217, 19291
2026/09/25 02:01:44.717, 19291
2026/09/25 02:01:45.217, 19291
2026/09/25 02:01:45.717, 19291
2026/09/25 02:01:46.217, 19291
2026/09/25 02:01:46.718, 19291
2026/09/25 02:01:47.218, 19291
2026/09/25 02:01:47.718, 19291
2026/09/25 02:01:48.218, 19291
2026/09/25 02:01:48.718, 19291
2026/09/25 02:01:49.218, 19291
2026/09/25 02:01:49.719, 19291
2026/09/25 02:01:50.219, 19291
2026/09/25 02:01:50.719, 19291
2026/09/25 02:01:51.219, 19291
2026/09/25 02:01:51.719, 19291
2026/09/25 02:01:52.219, 19291
2026/09/25 02:01:52.719, 19291
2026/09/25 02:01:53.220, 19291
2026/09/25 02:01:53.720, 19291
2026/09/25 02:01:54.220, 19291
2026/09/25 02:01:54.720, 19291
2026/09/25 02:01:55.220, 19291
2026/09/25 02:01:55.720, 19291
2026/09/25 02:01:56.221, 19291
2026/09/25 02:01:56.721, 19291
2026/09/25 02:01:57.221, 19291
2026/09/25 02:01:57.721, 19291
2026/09/25 02:01:58.221, 19291
2026/09/25 02:01:58.721, 19291
2026/09/25 02:01:59.222, 19291
2026/09/25 02:01:59.722, 19291
2026/09/25 02:02:00.222, 19291
2026/09/25 02:02:00.722, 19291
2026/09/25 02:02:01.222, 19291
2026/09/25 02:02:01.722, 19291
2026/09/25 02:02:02.223, 19291
2026/09/25 02:02:02.723, 19291
2026/09/25 02:02:03.223, 19291
2026/09/25 02:02:03.723, 19291
2026/09/25 02:02:04.223, 19291
2026/09/25 02:02:04.723, 19291
2026/09/25 02:02:05.224, 19291
2026/09/25 02:02:05.724, 19291
2026/09/25 02:02:06.224, 19291
2026/09/25 02:02:06.724, 19291
2026/09/25 02:02:07.224, 19291
2026/09/25 02:02:07.724, 19291
2026/09/25 02:02:08.225, 19291
2026/09/25 02:02:08.725, 19291
2026/09/25 02:02:09.225, 19291
2026/09/25 02:02:09.725, 19291
2026/09/25 02:02:10.225, 19291
2026/09/25 02:02:10.725, 19291
2026/09/25 02:02:11.225, 19291
2026/09/25 02:02:11.726, 19291
2026/09/25 02:02:12.226, 19291
2026/09/25 02:02:12.726, 19291
2026/09/25 02:02:13.226, 19291
2026/09/25 02:02:13.726, 19291
2026/09/25 02:02:14.226, 19291
2026/09/25 02:02:14.727, 19291
2026/09/25 02:02:15.227, 19291
2026/09/25 02:02:15.727, 19291
2026/09/25 02:02:16.227, 19291
2026/09/25 02:02:16.727, 19291
2026/09/25 02:02:17.227, 19291
2026/09/25 02:02:17.728, 19291
2026/09/25 02:02:18.228, 19291
2026/09/25 02:02:18.728, 19291
2026/09/25 02:02:19.228, 19291
2026/09/25 02:02:19.728, 19291
2026/09/25 02:02:20.228, 19291
2026/09/25 02:02:20.728, 19291
2026/09/25 02:02:21.229, 19291
2026/09/25 02:02:21.729, 19291
2026/09/25 02:02:22.229, 19291
2026/09/25 02:02:22.729, 19291
2026/09/25 02:02:23.229, 19291
2026/09/25 02:02:23.729, 19291
2026/09/25 02:02:24.230, 19291
2026/09/25 02:02:24.730, 19291
2026/09/25 02:02:25.230, 19291
2026/09/25 02:02:25.730, 19291
2026/09/25 02:02:26.230, 19291
2026/09/25 02:02:26.730, 19291
2026/09/25 02:02:27.231, 19291
2026/09/25 02:02:27.731, 19291
2026/09/25 02:02:28.231, 19291
2026/09/25 02:02:28.731, 19291
2026/09/25 02:02:29.231, 19291
2026/09/25 02:02:29.731, 19291
2026/09/25 02:02:30.232, 19291
2026/09/25 02:02:30.732, 19291
2026/09/25 02:02:31.232, 19291
2026/09/25 02:02:31.732, 19291
2026/09/25 02:02:32.232, 19291
2026/09/25 02:02:32.732, 19291
2026/09/25 02:02:33.232, 19291
2026/09/25 02:02:33.733, 19291
2026/09/25 02:02:34.233, 19291
2026/09/25 02:02:34.733, 19291
2026/09/25 02:02:35.233, 19291
2026/09/25 02:02:35.733, 19291
2026/09/25 02:02:36.233, 19291
2026/09/25 02:02:36.733, 19291
2026/09/25 02:02:37.234, 19291
2026/09/25 02:02:37.734, 19291
2026/09/25 02:02:38.234, 19291
2026/09/25 02:02:38.734, 19291
2026/09/25 02:02:39.234, 19291
2026/09/25 02:02:39.734, 19291
2026/09/25 02:02:40.235, 19291
2026/09/25 02:02:40.735, 19291
2026/09/25 02:02:41.235, 19291
2026/09/25 02:02:41.735, 19291
2026/09/25 02:02:42.235, 19291
2026/09/25 02:02:42.735, 19291
2026/09/25 02:02:43.236, 19291
2026/09/25 02:02:43.736, 19291
2026/09/25 02:02:44.236, 19291
2026/09/25 02:02:44.736, 19291
2026/09/25 02:02:45.236, 19291
2026/09/25 02:02:45.736, 19291
2026/09/25 02:02:46.236, 19291
2026/09/25 02:02:46.737, 19291
2026/09/25 02:02:47.237, 19291
2026/09/25 02:02:47.737, 19291
2026/09/25 02:02:48.237, 19291
2026/09/25 02:02:48.737, 19291
2026/09/25 02:02:49.237, 19291
2026/09/25 02:02:49.737, 19291
2026/09/25 02:02:50.238, 19291
2026/09/25 02:02:50.738, 19291
2026/09/25 02:02:51.238, 19291
2026/09/25 02:02:51.738, 19291
2026/09/25 02:02:52.238, 19291
2026/09/25 02:02:52.738, 19291
2026/09/25 02:02:53.238, 19291
2026/09/25 02:02:53.739, 19291
2026/09/25 02:02:54.239, 19291
2026/09/25 02:02:54.739, 19291
2026/09/25 02:02:55.239, 19291
2026/09/25 02:02:55.739, 19291
2026/09/25 02:02:56.239, 19291
2026/09/25 02:02:56.740, 19291
2026/09/25 02:02:57.240, 19291
2026/09/25 02:02:57.740, 19291
2026/09/25 02:02:58.240, 19291
2026/09/25 02:02:58.740, 19291
2026/09/25 02:02:59.240, 19291
2026/09/25 02:02:59.740, 19291
2026/09/25 02:03:00.241, 19291
2026/09/25 02:03:00.741, 19291
2026/09/25 02:03:01.241, 19291
2026/09/25 02:03:01.741, 19291
2026/09/25 02:03:02.241, 19291
2026/09/25 02:03:02.741, 19291
2026/09/25 02:03:03.242, 19291
2026/09/25 02:03:03.742, 19291
2026/09/25 02:03:04.242, 19291
2026/09/25 02:03:04.742, 19291
2026/09/25 02:03:05.242, 19291
2026/09/25 02:03:05.742, 19291
2026/09/25 02:03:06.242, 19291
2026/09/25 02:03:06.743, 19291
2026/09/25 02:03:07.243, 19291
2026/09/25 02:03:07.743, 19291
2026/09/25 02:03:08.243, 19291
2026/09/25 02:03:08.743, 19291
2026/09/25 02:03:09.243, 19291
2026/09/25 02:03:09.743, 19291
2026/09/25 02:03:10.244, 19291
2026/09/25 02:03:10.744, 19291
2026/09/25 02:03:11.244, 19291
2026/09/25 02:03:11.744, 19291
2026/09/25 02:03:12.244, 19291
2026/09/25 02:03:12.744, 19291
2026/09/25 02:03:13.244, 19291
2026/09/25 02:03:13.745, 19291
2026/09/25 02:03:14.245, 19291
2026/09/25 02:03:14.745, 19291
2026/09/25 02:03:15.245, 19291
2026/09/25 02:03:15.745, 19291
2026/09/25 02:03:16.245, 19291
2026/09/25 02:03:16.746, 19291
2026/09/25 02:03:17.246, 19291
2026/09/25 02:03:17.746, 19291
2026/09/25 02:03:18.246, 19291
2026/09/25 02:03:18.746, 19291
2026/09/25 02:03:19.246, 19291
2026/09/25 02:03:19.746, 19291
2026/09/25 02:03:20.247, 19291
2026/09/25 02:03:20.747, 19291
2026/09/25 02:03:21.247, 19291
2026/09/25 02:03:21.747, 19291
2026/09/25 02:03:22.247, 19291
2026/09/25 02:03:22.747, 19291
2026/09/25 02:03:23.247, 19291
2026/09/25 02:03:23.748, 19291
2026/09/25 02:03:24.248, 19291
2026/09/25 02:03:24.748, 19291
2026/09/25 02:03:25.248, 19291
2026/09/25 02:03:25.748, 19291
2026/09/25 02:03:26.248, 19291
2026/09/25 02:03:26.749, 19291
2026/09/25 02:03:27.249, 19291
2026/09/25 02:03:27.749, 19291
2026/09/25 02:03:28.249, 19291
2026/09/25 02:03:28.749, 19291
2026/09/25 02:03:29.249, 19291
2026/09/25 02:03:29.749, 19291
2026/09/25 02:03:30.250, 19291
2026/09/25 02:03:30.750, 19291
2026/09/25 02:03:31.250, 19291
2026/09/25 02:03:31.750, 19291
2026/09/25 02:03:32.250, 19291
2026/09/25 02:03:32.750, 19291
2026/09/25 02:03:33.251, 19291
2026/09/25 02:03:33.751, 19291
2026/09/25 02:03:34.251, 19291
2026/09/25 02:03:34.751, 19291
2026/09/25 02:03:35.251, 19291
2026/09/25 02:03:35.751, 19291
2026/09/25 02:03:36.251, 19291
2026/09/25 02:03:36.752, 19291
2026/09/25 02:03:37.252, 19291
2026/09/25 02:03:37.752, 19291
2026/09/25 02:03:38.252, 19291
2026/09/25 02:03:38.752, 19291
2026/09/25 02:03:39.252, 19291
2026/09/25 02:03:39.753, 19291
2026/09/25 02:03:40.253, 19291
2026/09/25 02:03:40.753, 19291
2026/09/25 02:03:41.253, 19291
2026/09/25 02:03:41.753, 19291
2026/09/25 02:03:42.253, 19291
2026/09/25 02:03:42.753, 19291
2026/09/25 02:03:43.254, 19291
2026/09/25 02:03:43.754, 19291
2026/09/25 02:03:44.254, 19291
2026/09/25 02:03:44.754, 19291
2026/09/25 02:03:45.254, 19291
2026/09/25 02:03:45.754, 19291
2026/09/25 02:03:46.255, 19291
2026/09/25 02:03:46.755, 19291
2026/09/25 02:03:47.255, 19291
2026/09/25 02:03:47.755, 19291
2026/09/25 02:03:48.255, 19291
2026/09/25 02:03:48.755, 19291
2026/09/25 02:03:49.256, 19291
2026/09/25 02:03:49.756, 19291
2026/09/25 02:03:50.256, 19291
2026/09/25 02:03:50.756, 19291
2026/09/25 02:03:51.256, 19291
2026/09/25 02:03:51.756, 19291
2026/09/25 02:03:52.256, 19291
2026/09/25 02:03:52.757, 19291
2026/09/25 02:03:53.257, 19291
2026/09/25 02:03:53.757, 19291
2026/09/25 02:03:54.257, 19291
2026/09/25 02:03:54.757, 19291
2026/09/25 02:03:55.257, 19291
2026/09/25 02:03:55.758, 19291
2026/09/25 02:03:56.258, 19291
2026/09/25 02:03:56.758, 19291
2026/09/25 02:03:57.258, 19291
2026/09/25 02:03:57.758, 19291
2026/09/25 02:03:58.258, 19291
2026/09/25 02:03:58.758, 19291
2026/09/25 02:03:59.259, 19291
2026/09/25 02:03:59.759, 19291
2026/09/25 02:04:00.259, 19291
2026/09/25 02:04:00.759, 19291
2026/09/25 02:04:01.259, 19291
2026/09/25 02:04:01.759, 19291
2026/09/25 02:04:02.260, 19291
2026/09/25 02:04:02.760, 19291
2026/09/25 02:04:03.260, 19291
2026/09/25 02:04:03.760, 19291
2026/09/25 02:04:04.260, 19291
2026/09/25 02:04:04.760, 19291
2026/09/25 02:04:05.260, 19291
2026/09/25 02:04:05.761, 19291
2026/09/25 02:04:06.261, 19291
2026/09/25 02:04:06.761, 19291
2026/09/25 02:04:07.261, 19291
2026/09/25 02:04:07.761, 19291
2026/09/25 02:04:08.261, 19291
2026/09/25 02:04:08.761, 19291
2026/09/25 02:04:09.262, 19291
2026/09/25 02:04:09.762, 19291
2026/09/25 02:04:10.262, 19291
2026/09/25 02:04:10.762, 19291
2026/09/25 02:04:11.262, 19291
2026/09/25 02:04:11.762, 19291
2026/09/25 02:04:12.263, 19291
2026/09/25 02:04:12.763, 19291
2026/09/25 02:04:13.263, 19291
2026/09/25 02:04:13.763, 19291
2026/09/25 02:04:14.263, 19291
2026/09/25 02:04:14.763, 19291
2026/09/25 02:04:15.263, 19291
2026/09/25 02:04:15.764, 19291
2026/09/25 02:04:16.264, 19291
2026/09/25 02:04:16.764, 19291
2026/09/25 02:04:17.264, 19291
2026/09/25 02:04:17.764, 19291
2026/09/25 02:04:18.264, 19291
2026/09/25 02:04:18.765, 19291
2026/09/25 02:04:19.265, 19291
2026/09/25 02:04:19.765, 19291
2026/09/25 02:04:20.265, 19291
2026/09/25 02:04:20.765, 19291
2026/09/25 02:04:21.265, 19291
2026/09/25 02:04:21.765, 19291
2026/09/25 02:04:22.266, 19291
2026/09/25 02:04:22.766, 19291
2026/09/25 02:04:23.266, 19291
2026/09/25 02:04:23.766, 19291
2026/09/25 02:04:24.266, 19291
2026/09/25 02:04:24.766, 19291
2026/09/25 02:04:25.266, 19291
2026/09/25 02:04:25.767, 19291
2026/09/25 02:04:26.267, 19291
2026/09/25 02:04:26.767, 19291
2026/09/25 02:04:27.267, 19291
2026/09/25 02:04:27.767, 19291
2026/09/25 02:04:28.267, 19291
2026/09/25 02:04:28.767, 19291
2026/09/25 02:04:29.268, 19291
2026/09/25 02:04:29.768, 19291
2026/09/25 02:04:30.268, 19291
2026/09/25 02:04:30.768, 19291
2026/09/25 02:04:31.268, 19291
2026/09/25 02:04:31.768, 19291
2026/09/25 02:04:32.269, 19291
2026/09/25 02:04:32.769, 19291
2026/09/25 02:04:33.269, 19291
2026/09/25 02:04:33.769, 19291
2026/09/25 02:04:34.269, 19291
2026/09/25 02:04:34.769, 19291
2026/09/25 02:04:35.270, 19291
2026/09/25 02:04:35.770, 19291
2026/09/25 02:04:36.270, 19291
2026/09/25 02:04:36.770, 19291
2026/09/25 02:04:37.270, 19291
2026/09/25 02:04:37.770, 19291
2026/09/25 02:04:38.270, 19291
2026/09/25 02:04:38.771, 19291
2026/09/25 02:04:39.271, 19291
2026/09/25 02:04:39.771, 19291
2026/09/25 02:04:40.271, 19291
2026/09/25 02:04:40.771, 19291
2026/09/25 02:04:41.271, 19291
2026/09/25 02:04:41.771, 19291
2026/09/25 02:04:42.272, 19291
2026/09/25 02:04:42.772, 19291
2026/09/25 02:04:43.272, 19291
2026/09/25 02:04:43.772, 19291
2026/09/25 02:04:44.272, 19291
2026/09/25 02:04:44.772, 19291
2026/09/25 02:04:45.273, 19291
2026/09/25 02:04:45.773, 19291
2026/09/25 02:04:46.273, 19291
2026/09/25 02:04:46.773, 19291
2026/09/25 02:04:47.273, 19291
2026/09/25 02:04:47.773, 19291
2026/09/25 02:04:48.274, 19291
2026/09/25 02:04:48.774, 19291
2026/09/25 02:04:49.274, 19291
2026/09/25 02:04:49.774, 19291
2026/09/25 02:04:50.274, 19291
2026/09/25 02:04:50.774, 19291
2026/09/25 02:04:51.275, 19291
2026/09/25 02:04:51.775, 19291
2026/09/25 02:04:52.275, 19291
2026/09/25 02:04:52.775, 19291
2026/09/25 02:04:53.275, 19291
2026/09/25 02:04:53.775, 19291
2026/09/25 02:04:54.276, 19291
2026/09/25 02:04:54.776, 19291
2026/09/25 02:04:55.276, 19291
2026/09/25 02:04:55.776, 19291
2026/09/25 02:04:56.276, 19291
2026/09/25 02:04:56.776, 19291
2026/09/25 02:04:57.277, 19291
2026/09/25 02:04:57.777, 19291
2026/09/25 02:04:58.277, 19291
2026/09/25 02:04:58.777, 19291
2026/09/25 02:04:59.277, 19291
2026/09/25 02:04:59.777, 19291
2026/09/25 02:05:00.278, 19291
2026/09/25 02:05:00.778, 19291
2026/09/25 02:05:01.278, 19291
2026/09/25 02:05:01.778, 19291
2026/09/25 02:05:02.278, 19291
2026/09/25 02:05:02.778, 19291
2026/09/25 02:05:03.278, 19291
2026/09/25 02:05:03.779, 19291
2026/09/25 02:05:04.279, 19291
2026/09/25 02:05:04.779, 19291
2026/09/25 02:05:05.279, 19291
2026/09/25 02:05:05.779, 19291
2026/09/25 02:05:06.279, 19291
2026/09/25 02:05:06.780, 19291
2026/09/25 02:05:07.280, 19291
2026/09/25 02:05:07.780, 19291
2026/09/25 02:05:08.280, 19291
2026/09/25 02:05:08.780, 19291
2026/09/25 02:05:09.280, 19291
2026/09/25 02:05:09.781, 19291
2026/09/25 02:05:10.281, 19291
2026/09/25 02:05:10.781, 19291
2026/09/25 02:05:11.281, 19291
2026/09/25 02:05:11.781, 19291
2026/09/25 02:05:12.281, 19291
2026/09/25 02:05:12.782, 19291
2026/09/25 02:05:13.282, 19291
2026/09/25 02:05:13.782, 19291
2026/09/25 02:05:14.282, 19291
2026/09/25 02:05:14.782, 19291
2026/09/25 02:05:15.282, 19291
2026/09/25 02:05:15.783, 19291
2026/09/25 02:05:16.283, 19291
2026/09/25 02:05:16.783, 19291
2026/09/25 02:05:17.283, 19291
2026/09/25 02:05:17.783, 19291
2026/09/25 02:05:18.283, 19291
2026/09/25 02:05:18.784, 19291
2026/09/25 02:05:19.284, 19291
2026/09/25 02:05:19.784, 19291
2026/09/25 02:05:20.284, 19291
2026/09/25 02:05:20.784, 19291
2026/09/25 02:05:21.284, 19291
2026/09/25 02:05:21.784, 19291
2026/09/25 02:05:22.285, 19291
2026/09/25 02:05:22.785, 19291
2026/09/25 02:05:23.285, 19291
2026/09/25 02:05:23.785, 19291
2026/09/25 02:05:24.285, 19291
2026/09/25 02:05:24.785, 19291
2026/09/25 02:05:25.286, 19291
2026/09/25 02:05:25.786, 19291
2026/09/25 02:05:26.286, 19291
2026/09/25 02:05:26.786, 19291
2026/09/25 02:05:27.286, 19291
2026/09/25 02:05:27.786, 19291
2026/09/25 02:05:28.287, 19291
2026/09/25 02:05:28.787, 19291
2026/09/25 02:05:29.287, 19291
2026/09/25 02:05:29.787, 19291
2026/09/25 02:05:30.287, 19291
2026/09/25 02:05:30.787, 19291
2026/09/25 02:05:31.287, 19291
2026/09/25 02:05:31.788, 19291
2026/09/25 02:05:32.288, 19291
2026/09/25 02:05:32.788, 19291
2026/09/25 02:05:33.288, 19291
2026/09/25 02:05:33.788, 19291
2026/09/25 02:05:34.288, 19291
2026/09/25 02:05:34.789, 19291
2026/09/25 02:05:35.289, 19291
2026/09/25 02:05:35.789, 19291
2026/09/25 02:05:36.289, 19291
2026/09/25 02:05:36.789, 19291
2026/09/25 02:05:37.289, 19291
2026/09/25 02:05:37.790, 19291
2026/09/25 02:05:38.290, 19291
2026/09/25 02:05:38.790, 19291
2026/09/25 02:05:39.290, 19291
2026/09/25 02:05:39.790, 19291
2026/09/25 02:05:40.290, 19291
2026/09/25 02:05:40.791, 19291
2026/09/25 02:05:41.291, 19291
2026/09/25 02:05:41.791, 19291
2026/09/25 02:05:42.291, 19291
2026/09/25 02:05:42.791, 19291
2026/09/25 02:05:43.291, 19291
2026/09/25 02:05:43.791, 19291
2026/09/25 02:05:44.292, 19291
2026/09/25 02:05:44.792, 19291
2026/09/25 02:05:45.292, 19291
2026/09/25 02:05:45.792, 19291
2026/09/25 02:05:46.292, 19291
2026/09/25 02:05:46.792, 19291
2026/09/25 02:05:47.293, 19291
2026/09/25 02:05:47.793, 19291
2026/09/25 02:05:48.293, 19291
2026/09/25 02:05:48.793, 19291
2026/09/25 02:05:49.293, 19291
2026/09/25 02:05:49.793, 19291
2026/09/25 02:05:50.293, 19291
2026/09/25 02:05:50.794, 19291
2026/09/25 02:05:51.294, 19291
2026/09/25 02:05:51.794, 19291
2026/09/25 02:05:52.294, 19291
2026/09/25 02:05:52.794, 19291
2026/09/25 02:05:53.294, 19291
2026/09/25 02:05:53.795, 19291
2026/09/25 02:05:54.295, 19291
2026/09/25 02:05:54.795, 19291
2026/09/25 02:05:55.295, 19291
2026/09/25 02:05:55.795, 19291
2026/09/25 02:05:56.295, 19291
2026/09/25 02:05:56.796, 19291
2026/09/25 02:05:57.296, 19291
2026/09/25 02:05:57.796, 19291
2026/09/25 02:05:58.296, 19291
2026/09/25 02:05:58.796, 19291
2026/09/25 02:05:59.296, 19291
2026/09/25 02:05:59.796, 19291
2026/09/25 02:06:00.297, 19291
2026/09/25 02:06:00.797, 19291
2026/09/25 02:06:01.297, 19291
2026/09/25 02:06:01.797, 19291
2026/09/25 02:06:02.297, 19291
2026/09/25 02:06:02.797, 19291
2026/09/25 02:06:03.297, 19291
2026/09/25 02:06:03.798, 19291
2026/09/25 02:06:04.298, 19291
2026/09/25 02:06:04.798, 19291
2026/09/25 02:06:05.298, 19291
2026/09/25 02:06:05.798, 19291
2026/09/25 02:06:06.298, 19291
2026/09/25 02:06:06.799, 19291
2026/09/25 02:06:07.299, 19291
2026/09/25 02:06:07.799, 19291
2026/09/25 02:06:08.299, 19291
2026/09/25 02:06:08.799, 19291
2026/09/25 02:06:09.299, 19291
2026/09/25 02:06:09.799, 19291
2026/09/25 02:06:10.300, 19291
2026/09/25 02:06:10.800, 19291
2026/09/25 02:06:11.300, 19291
2026/09/25 02:06:11.800, 19291
2026/09/25 02:06:12.300, 19291
2026/09/25 02:06:12.800, 19291
2026/09/25 02:06:13.300, 19291
2026/09/25 02:06:13.800, 19291
2026/09/25 02:06:14.301, 19291
2026/09/25 02:06:14.801, 19291
2026/09/25 02:06:15.301, 19291
2026/09/25 02:06:15.801, 19291
2026/09/25 02:06:16.301, 19291
2026/09/25 02:06:16.801, 19291
2026/09/25 02:06:17.302, 19291
2026/09/25 02:06:17.802, 19291
2026/09/25 02:06:18.302, 19291
2026/09/25 02:06:18.802, 19291
2026/09/25 02:06:19.302, 19291
2026/09/25 02:06:19.802, 19291
2026/09/25 02:06:20.303, 19291
2026/09/25 02:06:20.803, 19291
2026/09/25 02:06:21.303, 19291
2026/09/25 02:06:21.803, 19291
2026/09/25 02:06:22.303, 19291
2026/09/25 02:06:22.803, 19291
2026/09/25 02:06:23.303, 19291
2026/09/25 02:06:23.804, 19291
2026/09/25 02:06:24.304, 19291
2026/09/25 02:06:24.804, 19291
2026/09/25 02:06:25.304, 19291
2026/09/25 02:06:25.804, 19291
2026/09/25 02:06:26.304, 19291
2026/09/25 02:06:26.804, 19291
2026/09/25 02:06:27.305, 19291
2026/09/25 02:06:27.805, 19291
2026/09/25 02:06:28.305, 19291
2026/09/25 02:06:28.805, 19291
2026/09/25 02:06:29.305, 19291
2026/09/25 02:06:29.805, 19291
2026/09/25 02:06:30.305, 19291
2026/09/25 02:06:30.806, 19291
2026/09/25 02:06:31.306, 19291
2026/09/25 02:06:31.806, 19291
2026/09/25 02:06:32.306, 19291
2026/09/25 02:06:32.806, 19291
2026/09/25 02:06:33.306, 19291
2026/09/25 02:06:33.806, 19291
2026/09/25 02:06:34.307, 19291
2026/09/25 02:06:34.807, 19291
2026/09/25 02:06:35.307, 19291
2026/09/25 02:06:35.807, 19291
2026/09/25 02:06:36.307, 19291
2026/09/25 02:06:36.807, 19291
2026/09/25 02:06:37.308, 19291
2026/09/25 02:06:37.808, 19291
2026/09/25 02:06:38.308, 19291
2026/09/25 02:06:38.808, 19291
2026/09/25 02:06:39.308, 19291
2026/09/25 02:06:39.808, 19291
2026/09/25 02:06:40.308, 19291
2026/09/25 02:06:40.809, 19291
2026/09/25 02:06:41.309, 19291
2026/09/25 02:06:41.809, 19291
2026/09/25 02:06:42.309, 19291
2026/09/25 02:06:42.809, 19291
2026/09/25 02:06:43.309, 19291
2026/09/25 02:06:43.809, 19291
2026/09/25 02:06:44.310, 19291
2026/09/25 02:06:44.810, 19291
2026/09/25 02:06:45.310, 19291
2026/09/25 02:06:45.810, 19291
2026/09/25 02:06:46.310, 19291
2026/09/25 02:06:46.810, 19291
2026/09/25 02:06:47.312, 19291
2026/09/25 02:06:47.812, 19291
2026/09/25 02:06:48.312, 19291
2026/09/25 02:06:48.813, 19291
2026/09/25 02:06:49.313, 19291
2026/09/25 02:06:49.813, 19291
2026/09/25 02:06:50.313, 19291
2026/09/25 02:06:50.813, 19291
2026/09/25 02:06:51.313, 19291
2026/09/25 02:06:51.813, 19291
2026/09/25 02:06:52.314, 19291
2026/09/25 02:06:52.814, 19291
2026/09/25 02:06:53.314, 19291
2026/09/25 02:06:53.814, 19291
2026/09/25 02:06:54.314, 19291
2026/09/25 02:06:54.814, 19291
2026/09/25 02:06:55.314, 19291
2026/09/25 02:06:55.815, 19291
2026/09/25 02:06:56.315, 19291
2026/09/25 02:06:56.815, 19291
2026/09/25 02:06:57.315, 19291
2026/09/25 02:06:57.816, 19291
2026/09/25 02:06:58.316, 19291
2026/09/25 02:06:58.816, 19291
2026/09/25 02:06:59.316, 19291
2026/09/25 02:06:59.817, 19291
2026/09/25 02:07:00.317, 19291
2026/09/25 02:07:00.817, 19291
2026/09/25 02:07:01.317, 19291
2026/09/25 02:07:01.817, 19291
2026/09/25 02:07:02.317, 19291
2026/09/25 02:07:02.817, 19291
2026/09/25 02:07:03.318, 19291
2026/09/25 02:07:03.818, 19291
2026/09/25 02:07:04.318, 19291
2026/09/25 02:07:04.818, 19291
2026/09/25 02:07:05.318, 19291
2026/09/25 02:07:05.818, 19291
2026/09/25 02:07:06.318, 19291
2026/09/25 02:07:06.819, 19291
2026/09/25 02:07:07.319, 19291
2026/09/25 02:07:07.819, 19291
2026/09/25 02:07:08.319, 19291
2026/09/25 02:07:08.819, 19291
2026/09/25 02:07:09.319, 19291
2026/09/25 02:07:09.819, 19291
2026/09/25 02:07:10.320, 19291
2026/09/25 02:07:10.820, 19291
2026/09/25 02:07:11.320, 19291
2026/09/25 02:07:11.820, 19291
2026/09/25 02:07:12.320, 19291
2026/09/25 02:07:12.821, 19291
2026/09/25 02:07:13.321, 19291
2026/09/25 02:07:13.821, 19291
2026/09/25 02:07:14.321, 19291
2026/09/25 02:07:14.821, 19291
2026/09/25 02:07:15.321, 19291
2026/09/25 02:07:15.821, 19291
2026/09/25 02:07:16.322, 19291
2026/09/25 02:07:16.822, 19291
2026/09/25 02:07:17.322, 19291
2026/09/25 02:07:17.822, 19291
2026/09/25 02:07:18.322, 19291
2026/09/25 02:07:18.822, 19291
2026/09/25 02:07:19.323, 19291
2026/09/25 02:07:19.823, 19291
2026/09/25 02:07:20.323, 19291
2026/09/25 02:07:20.823, 19291
2026/09/25 02:07:21.323, 19291
2026/09/25 02:07:21.823, 19291
2026/09/25 02:07:22.324, 19291
2026/09/25 02:07:22.824, 19291
2026/09/25 02:07:23.324, 19291
2026/09/25 02:07:23.824, 19291
2026/09/25 02:07:24.324, 19291
2026/09/25 02:07:24.824, 19291
2026/09/25 02:07:25.325, 19291
2026/09/25 02:07:25.825, 19291
2026/09/25 02:07:26.325, 19291
2026/09/25 02:07:26.825, 19291
2026/09/25 02:07:27.325, 19291
2026/09/25 02:07:27.825, 19291
2026/09/25 02:07:28.325, 19291
2026/09/25 02:07:28.826, 19291
2026/09/25 02:07:29.326, 19291
2026/09/25 02:07:29.826, 19291
2026/09/25 02:07:30.326, 19291
2026/09/25 02:07:30.826, 19291
2026/09/25 02:07:31.326, 19291
2026/09/25 02:07:31.826, 19291
2026/09/25 02:07:32.327, 19291
2026/09/25 02:07:32.827, 19291
2026/09/25 02:07:33.327, 19291
2026/09/25 02:07:33.827, 19291
2026/09/25 02:07:34.327, 19291
2026/09/25 02:07:34.827, 19291
2026/09/25 02:07:35.327, 19291
2026/09/25 02:07:35.828, 19291
2026/09/25 02:07:36.328, 19291
2026/09/25 02:07:36.828, 19291
2026/09/25 02:07:37.328, 19291
2026/09/25 02:07:37.828, 19291
2026/09/25 02:07:38.329, 19291
2026/09/25 02:07:38.829, 19291
2026/09/25 02:07:39.329, 19291
2026/09/25 02:07:39.829, 19291
2026/09/25 02:07:40.329, 19291
2026/09/25 02:07:40.829, 19291
2026/09/25 02:07:41.329, 19291
2026/09/25 02:07:41.830, 19291
2026/09/25 02:07:42.330, 19291
2026/09/25 02:07:42.830, 19291
2026/09/25 02:07:43.330, 19291
2026/09/25 02:07:43.831, 19291
2026/09/25 02:07:44.331, 19291
2026/09/25 02:07:44.831, 19291
2026/09/25 02:07:45.331, 19291
2026/09/25 02:07:45.831, 19291
2026/09/25 02:07:46.331, 19291
2026/09/25 02:07:46.831, 19291
2026/09/25 02:07:47.332, 19291
2026/09/25 02:07:47.832, 19291
2026/09/25 02:07:48.332, 19291
2026/09/25 02:07:48.832, 19291
2026/09/25 02:07:49.332, 19291
2026/09/25 02:07:49.832, 19291
2026/09/25 02:07:50.332, 19291
2026/09/25 02:07:50.833, 19291
2026/09/25 02:07:51.333, 19291
2026/09/25 02:07:51.833, 19291
2026/09/25 02:07:52.333, 19291
2026/09/25 02:07:52.833, 19291
2026/09/25 02:07:53.333, 19291
2026/09/25 02:07:53.834, 19291
2026/09/25 02:07:54.334, 19291
2026/09/25 02:07:54.834, 19291
2026/09/25 02:07:55.334, 19291
2026/09/25 02:07:55.834, 19291
2026/09/25 02:07:56.334, 19291
2026/09/25 02:07:56.834, 19291
2026/09/25 02:07:57.335, 19291
2026/09/25 02:07:57.835, 19291
2026/09/25 02:07:58.335, 19291
2026/09/25 02:07:58.835, 19291
2026/09/25 02:07:59.335, 19291
2026/09/25 02:07:59.835, 19291
2026/09/25 02:08:00.335, 19291
2026/09/25 02:08:00.835, 19291
2026/09/25 02:08:01.335, 19291
2026/09/25 02:08:01.836, 19291
2026/09/25 02:08:02.336, 19291
2026/09/25 02:08:02.836, 19291
2026/09/25 02:08:03.336, 19291
2026/09/25 02:08:03.836, 19291
2026/09/25 02:08:04.336, 19291
2026/09/25 02:08:04.836, 19291
2026/09/25 02:08:05.336, 19291
2026/09/25 02:08:05.837, 19291
2026/09/25 02:08:06.337, 19291
2026/09/25 02:08:06.837, 19291
2026/09/25 02:08:07.337, 19291
2026/09/25 02:08:07.837, 19291
2026/09/25 02:08:08.337, 19291
2026/09/25 02:08:08.837, 19291
2026/09/25 02:08:09.338, 19291
2026/09/25 02:08:09.838, 19291
2026/09/25 02:08:10.338, 19291
2026/09/25 02:08:10.838, 19291
2026/09/25 02:08:11.338, 19291
2026/09/25 02:08:11.838, 19291
2026/09/25 02:08:12.338, 19291
2026/09/25 02:08:12.839, 19291
2026/09/25 02:08:13.339, 19291
2026/09/25 02:08:13.839, 19291
2026/09/25 02:08:14.339, 19291
2026/09/25 02:08:14.839, 19291
2026/09/25 02:08:15.339, 19291
2026/09/25 02:08:15.839, 19291
2026/09/25 02:08:16.340, 19291
2026/09/25 02:08:16.840, 19291
2026/09/25 02:08:17.340, 19291
2026/09/25 02:08:17.840, 19291
2026/09/25 02:08:18.340, 19291
2026/09/25 02:08:18.840, 19291
2026/09/25 02:08:19.341, 19291
2026/09/25 02:08:19.841, 19291
2026/09/25 02:08:20.341, 19291
2026/09/25 02:08:20.841, 19291
2026/09/25 02:08:21.341, 19291
2026/09/25 02:08:21.841, 19291
2026/09/25 02:08:22.341, 19291
2026/09/25 02:08:22.842, 19291
2026/09/25 02:08:23.342, 19291
2026/09/25 02:08:23.842, 19291
2026/09/25 02:08:24.342, 19291
2026/09/25 02:08:24.842, 19291
2026/09/25 02:08:25.342, 19291
2026/09/25 02:08:25.843, 19291
2026/09/25 02:08:26.343, 19291
2026/09/25 02:08:26.843, 19291
2026/09/25 02:08:27.343, 19291
2026/09/25 02:08:27.843, 19291
2026/09/25 02:08:28.343, 19291
2026/09/25 02:08:28.843, 19291
2026/09/25 02:08:29.344, 19291
2026/09/25 02:08:29.844, 19291
2026/09/25 02:08:30.344, 19291
2026/09/25 02:08:30.844, 19291
2026/09/25 02:08:31.344, 19291
2026/09/25 02:08:31.844, 19291
2026/09/25 02:08:32.344, 19291
2026/09/25 02:08:32.845, 19291
2026/09/25 02:08:33.345, 19291
2026/09/25 02:08:33.845, 19291
2026/09/25 02:08:34.345, 19291
2026/09/25 02:08:34.845, 19291
2026/09/25 02:08:35.345, 19291
2026/09/25 02:08:35.846, 19291
2026/09/25 02:08:36.346, 19291
2026/09/25 02:08:36.846, 19291
2026/09/25 02:08:37.346, 19291
2026/09/25 02:08:37.846, 19291
2026/09/25 02:08:38.346, 19291
2026/09/25 02:08:38.846, 19291
2026/09/25 02:08:39.347, 19291
2026/09/25 02:08:39.847, 19291
2026/09/25 02:08:40.347, 19291
2026/09/25 02:08:40.847, 19291
2026/09/25 02:08:41.347, 19291
2026/09/25 02:08:41.847, 19291
2026/09/25 02:08:42.348, 19291
2026/09/25 02:08:42.848, 19291
2026/09/25 02:08:43.348, 19291
2026/09/25 02:08:43.848, 19291
2026/09/25 02:08:44.348, 19291
2026/09/25 02:08:44.848, 19291
2026/09/25 02:08:45.349, 19291
2026/09/25 02:08:45.849, 19291
2026/09/25 02:08:46.349, 19291
2026/09/25 02:08:46.849, 19291
2026/09/25 02:08:47.349, 19291
2026/09/25 02:08:47.849, 19291
2026/09/25 02:08:48.350, 19291
2026/09/25 02:08:48.850, 19291
2026/09/25 02:08:49.350, 19291
2026/09/25 02:08:49.850, 19291
2026/09/25 02:08:50.350, 19291
2026/09/25 02:08:50.850, 19291
2026/09/25 02:08:51.351, 19291
2026/09/25 02:08:51.851, 19291
2026/09/25 02:08:52.351, 19291
2026/09/25 02:08:52.851, 19291
2026/09/25 02:08:53.351, 19291
2026/09/25 02:08:53.851, 19291
2026/09/25 02:08:54.352, 19291
2026/09/25 02:08:54.852, 19291
2026/09/25 02:08:55.352, 19291
2026/09/25 02:08:55.852, 19291
2026/09/25 02:08:56.352, 19291
2026/09/25 02:08:56.852, 19291
2026/09/25 02:08:57.353, 19291
2026/09/25 02:08:57.853, 19291
2026/09/25 02:08:58.353, 19291
2026/09/25 02:08:58.853, 19291
2026/09/25 02:08:59.353, 19291
2026/09/25 02:08:59.853, 19291
2026/09/25 02:09:00.354, 19291
2026/09/25 02:09:00.854, 19291
2026/09/25 02:09:01.354, 19291
2026/09/25 02:09:01.854, 19291
2026/09/25 02:09:02.354, 19291
2026/09/25 02:09:02.854, 19291
2026/09/25 02:09:03.355, 19291
2026/09/25 02:09:03.855, 19291
2026/09/25 02:09:04.355, 19291
2026/09/25 02:09:04.855, 19291
2026/09/25 02:09:05.355, 19291
2026/09/25 02:09:05.855, 19291
2026/09/25 02:09:06.356, 19291
2026/09/25 02:09:06.856, 19291
2026/09/25 02:09:07.356, 19291
2026/09/25 02:09:07.856, 19291
2026/09/25 02:09:08.356, 19291
2026/09/25 02:09:08.856, 19291
2026/09/25 02:09:09.357, 19291
2026/09/25 02:09:09.857, 19291
2026/09/25 02:09:10.357, 19291
2026/09/25 02:09:10.857, 19291
2026/09/25 02:09:11.357, 19291
2026/09/25 02:09:11.857, 19291
2026/09/25 02:09:12.357, 19291
2026/09/25 02:09:12.858, 19291
2026/09/25 02:09:13.358, 19291
2026/09/25 02:09:13.858, 19291
2026/09/25 02:09:14.358, 19291
2026/09/25 02:09:14.858, 19291
2026/09/25 02:09:15.358, 19291
2026/09/25 02:09:15.859, 19291
2026/09/25 02:09:16.359, 19291
2026/09/25 02:09:16.859, 19291
2026/09/25 02:09:17.359, 19291
2026/09/25 02:09:17.859, 19291
2026/09/25 02:09:18.359, 19291
2026/09/25 02:09:18.859, 19291
2026/09/25 02:09:19.360, 19291
2026/09/25 02:09:19.860, 19291
2026/09/25 02:09:20.360, 19291
2026/09/25 02:09:20.860, 19291
2026/09/25 02:09:21.360, 19291
2026/09/25 02:09:21.860, 19291
2026/09/25 02:09:22.361, 19291
2026/09/25 02:09:22.861, 19291
2026/09/25 02:09:23.361, 19291
2026/09/25 02:09:23.861, 19291
2026/09/25 02:09:24.361, 19291
2026/09/25 02:09:24.861, 19291
2026/09/25 02:09:25.361, 19291
2026/09/25 02:09:25.862, 19291
2026/09/25 02:09:26.362, 19291
2026/09/25 02:09:26.862, 19291
2026/09/25 02:09:27.362, 19291
2026/09/25 02:09:27.862, 19291
2026/09/25 02:09:28.362, 19291
2026/09/25 02:09:28.863, 19291
2026/09/25 02:09:29.363, 19291
2026/09/25 02:09:29.863, 19291
2026/09/25 02:09:30.363, 19291
2026/09/25 02:09:30.863, 19291
2026/09/25 02:09:31.363, 19291
2026/09/25 02:09:31.864, 19291
2026/09/25 02:09:32.364, 19291
2026/09/25 02:09:32.864, 19291
2026/09/25 02:09:33.364, 19291
2026/09/25 02:09:33.864, 19291
2026/09/25 02:09:34.364, 19291
2026/09/25 02:09:34.864, 19291
2026/09/25 02:09:35.365, 19291
2026/09/25 02:09:35.865, 19291
2026/09/25 02:09:36.365, 19291
2026/09/25 02:09:36.865, 19291
2026/09/25 02:09:37.365, 19291
2026/09/25 02:09:37.865, 19291
2026/09/25 02:09:38.365, 19291
2026/09/25 02:09:38.866, 19291
2026/09/25 02:09:39.366, 19291
2026/09/25 02:09:39.866, 19291
2026/09/25 02:09:40.366, 19291
2026/09/25 02:09:40.866, 19291
2026/09/25 02:09:41.366, 19291
2026/09/25 02:09:41.867, 19291
2026/09/25 02:09:42.367, 19291
2026/09/25 02:09:42.867, 19291
2026/09/25 02:09:43.367, 19291
2026/09/25 02:09:43.867, 19291
2026/09/25 02:09:44.367, 19291
2026/09/25 02:09:44.867, 19291
2026/09/25 02:09:45.368, 19291
2026/09/25 02:09:45.868, 19291
2026/09/25 02:09:46.368, 19291
2026/09/25 02:09:46.868, 19291
2026/09/25 02:09:47.368, 19291
2026/09/25 02:09:47.868, 19291
2026/09/25 02:09:48.368, 19291
2026/09/25 02:09:48.869, 19291
2026/09/25 02:09:49.369, 19291
2026/09/25 02:09:49.869, 19291
2026/09/25 02:09:50.369, 19291
2026/09/25 02:09:50.869, 19291
2026/09/25 02:09:51.369, 19291
2026/09/25 02:09:51.869, 19291
2026/09/25 02:09:52.370, 19291
2026/09/25 02:09:52.870, 19291
2026/09/25 02:09:53.370, 19291
2026/09/25 02:09:53.870, 19291
2026/09/25 02:09:54.370, 19291
2026/09/25 02:09:54.870, 19291
2026/09/25 02:09:55.370, 19291
2026/09/25 02:09:55.871, 19291
2026/09/25 02:09:56.371, 19291
2026/09/25 02:09:56.871, 19291
2026/09/25 02:09:57.371, 19291
2026/09/25 02:09:57.871, 19291
2026/09/25 02:09:58.371, 19291
2026/09/25 02:09:58.871, 19291
2026/09/25 02:09:59.371, 19291
2026/09/25 02:09:59.872, 19291
2026/09/25 02:10:00.372, 19291
2026/09/25 02:10:00.872, 19291
2026/09/25 02:10:01.372, 19291
2026/09/25 02:10:01.872, 19291
2026/09/25 02:10:02.372, 19291
2026/09/25 02:10:02.872, 19291
2026/09/25 02:10:03.373, 19291
2026/09/25 02:10:03.873, 19291
2026/09/25 02:10:04.373, 19291
2026/09/25 02:10:04.873, 19291
2026/09/25 02:10:05.373, 19291
2026/09/25 02:10:05.873, 19291
2026/09/25 02:10:06.373, 19291
2026/09/25 02:10:06.874, 19291
2026/09/25 02:10:07.374, 19291
2026/09/25 02:10:07.874, 19291
2026/09/25 02:10:08.374, 19291
2026/09/25 02:10:08.874, 19291
2026/09/25 02:10:09.374, 19291
2026/09/25 02:10:09.874, 19291
2026/09/25 02:10:10.375, 19291
2026/09/25 02:10:10.875, 19291
2026/09/25 02:10:11.375, 19291
2026/09/25 02:10:11.875, 19291
2026/09/25 02:10:12.375, 19291
2026/09/25 02:10:12.875, 19291
2026/09/25 02:10:13.375, 19291
2026/09/25 02:10:13.876, 19291
2026/09/25 02:10:14.376, 19291
2026/09/25 02:10:14.876, 19291
2026/09/25 02:10:15.376, 19291
2026/09/25 02:10:15.876, 19291
2026/09/25 02:10:16.376, 19291
2026/09/25 02:10:16.876, 19291
2026/09/25 02:10:17.377, 19291
2026/09/25 02:10:17.877, 19291
2026/09/25 02:10:18.377, 19291
2026/09/25 02:10:18.877, 19291
2026/09/25 02:10:19.377, 19291
2026/09/25 02:10:19.877, 19291
2026/09/25 02:10:20.377, 19291
2026/09/25 02:10:20.877, 19291
2026/09/25 02:10:21.378, 19291
2026/09/25 02:10:21.878, 19291
2026/09/25 02:10:22.378, 19291
2026/09/25 02:10:22.878, 19291
2026/09/25 02:10:23.378, 19291
2026/09/25 02:10:23.878, 19291
2026/09/25 02:10:24.379, 19291
2026/09/25 02:10:24.879, 19291
2026/09/25 02:10:25.379, 19291
2026/09/25 02:10:25.879, 19291
2026/09/25 02:10:26.379, 19291
2026/09/25 02:10:26.879, 19291
2026/09/25 02:10:27.379, 19291
2026/09/25 02:10:27.880, 19291
2026/09/25 02:10:28.380, 19291
2026/09/25 02:10:28.880, 19291
2026/09/25 02:10:29.380, 19291
2026/09/25 02:10:29.880, 19291
2026/09/25 02:10:30.380, 19291
2026/09/25 02:10:30.880, 19291
2026/09/25 02:10:31.381, 19291
2026/09/25 02:10:31.881, 19291
2026/09/25 02:10:32.381, 19291
2026/09/25 02:10:32.881, 19291
2026/09/25 02:10:33.381, 19291
2026/09/25 02:10:33.881, 19291
2026/09/25 02:10:34.382, 19291
2026/09/25 02:10:34.882, 19291
2026/09/25 02:10:35.382, 19291
2026/09/25 02:10:35.882, 19291
2026/09/25 02:10:36.382, 19291
2026/09/25 02:10:36.882, 19291
2026/09/25 02:10:37.382, 19291
2026/09/25 02:10:37.883, 19291
2026/09/25 02:10:38.383, 19291
2026/09/25 02:10:38.883, 19291
2026/09/25 02:10:39.383, 19291
2026/09/25 02:10:39.883, 19291
2026/09/25 02:10:40.383, 19291
2026/09/25 02:10:40.883, 19291
2026/09/25 02:10:41.384, 19291
2026/09/25 02:10:41.884, 19291
2026/09/25 02:10:42.384, 19291
2026/09/25 02:10:42.884, 19291
2026/09/25 02:10:43.384, 19291
2026/09/25 02:10:43.884, 19291
2026/09/25 02:10:44.384, 19291
2026/09/25 02:10:44.885, 19291
2026/09/25 02:10:45.385, 19291
2026/09/25 02:10:45.885, 19291
2026/09/25 02:10:46.385, 19291
2026/09/25 02:10:46.885, 19291
2026/09/25 02:10:47.385, 19291
2026/09/25 02:10:47.886, 19291
2026/09/25 02:10:48.386, 19291
2026/09/25 02:10:48.886, 19291
2026/09/25 02:10:49.386, 19291
2026/09/25 02:10:49.886, 19291
2026/09/25 02:10:50.386, 19291
2026/09/25 02:10:50.886, 19291
2026/09/25 02:10:51.387, 19291
2026/09/25 02:10:51.887, 19291
2026/09/25 02:10:52.387, 19291
2026/09/25 02:10:52.887, 19291
2026/09/25 02:10:53.387, 19291
2026/09/25 02:10:53.888, 19291
2026/09/25 02:10:54.388, 19291
2026/09/25 02:10:54.888, 19291
2026/09/25 02:10:55.388, 19291
2026/09/25 02:10:55.888, 19291
2026/09/25 02:10:56.388, 19291
2026/09/25 02:10:56.889, 19291
2026/09/25 02:10:57.389, 19291
2026/09/25 02:10:57.889, 19291
2026/09/25 02:10:58.391, 19291
2026/09/25 02:10:58.891, 19291
2026/09/25 02:10:59.391, 19291
2026/09/25 02:10:59.891, 19291
2026/09/25 02:11:00.391, 19291
2026/09/25 02:11:00.892, 19291
2026/09/25 02:11:01.392, 19291
2026/09/25 02:11:01.892, 19291
2026/09/25 02:11:02.392, 19291
2026/09/25 02:11:02.892, 19291
2026/09/25 02:11:03.393, 19291
2026/09/25 02:11:03.893, 19291
2026/09/25 02:11:04.393, 19291
2026/09/25 02:11:04.893, 19291
2026/09/25 02:11:05.393, 19291
2026/09/25 02:11:05.893, 19291
2026/09/25 02:11:06.393, 19291
2026/09/25 02:11:06.894, 19291
2026/09/25 02:11:07.394, 19291
2026/09/25 02:11:07.894, 19291
2026/09/25 02:11:08.394, 19291
2026/09/25 02:11:08.894, 19291
2026/09/25 02:11:09.394, 19291
2026/09/25 02:11:09.895, 19291
2026/09/25 02:11:10.395, 19291
2026/09/25 02:11:10.895, 19291
2026/09/25 02:11:11.395, 19291
2026/09/25 02:11:11.895, 19291
2026/09/25 02:11:12.395, 19291
2026/09/25 02:11:12.896, 19291
2026/09/25 02:11:13.396, 19291
2026/09/25 02:11:13.896, 19291
2026/09/25 02:11:14.396, 19291
2026/09/25 02:11:14.896, 19291
2026/09/25 02:11:15.396, 19291
2026/09/25 02:11:15.896, 19291
2026/09/25 02:11:16.397, 19291
2026/09/25 02:11:16.897, 19291
2026/09/25 02:11:17.397, 19291
2026/09/25 02:11:17.897, 19291
2026/09/25 02:11:18.397, 19291
2026/09/25 02:11:18.897, 19291
2026/09/25 02:11:19.398, 19291
2026/09/25 02:11:19.898, 19291
2026/09/25 02:11:20.398, 19291
2026/09/25 02:11:20.898, 19291
2026/09/25 02:11:21.398, 19291
2026/09/25 02:11:21.898, 19291
2026/09/25 02:11:22.398, 19291
2026/09/25 02:11:22.899, 19291
2026/09/25 02:11:23.399, 19291
2026/09/25 02:11:23.899, 19291
2026/09/25 02:11:24.399, 19291
2026/09/25 02:11:24.899, 19291
2026/09/25 02:11:25.399, 19291
2026/09/25 02:11:25.900, 19291
2026/09/25 02:11:26.400, 19291
2026/09/25 02:11:26.900, 19291
2026/09/25 02:11:27.400, 19291
2026/09/25 02:11:27.900, 19291
2026/09/25 02:11:28.400, 19291
2026/09/25 02:11:28.900, 19291
2026/09/25 02:11:29.401, 19291
2026/09/25 02:11:29.901, 19291
2026/09/25 02:11:30.401, 19291
2026/09/25 02:11:30.901, 19291
2026/09/25 02:11:31.401, 19291
2026/09/25 02:11:31.902, 19291
2026/09/25 02:11:32.402, 19291
2026/09/25 02:11:32.902, 19291
2026/09/25 02:11:33.402, 19291
2026/09/25 02:11:33.902, 19291
2026/09/25 02:11:34.402, 19291
2026/09/25 02:11:34.902, 19291
2026/09/25 02:11:35.403, 19291
2026/09/25 02:11:35.903, 19291
2026/09/25 02:11:36.403, 19291
2026/09/25 02:11:36.903, 19291
2026/09/25 02:11:37.403, 19291
2026/09/25 02:11:37.903, 19291
2026/09/25 02:11:38.403, 19291
2026/09/25 02:11:38.903, 19291
2026/09/25 02:11:39.404, 19291
2026/09/25 02:11:39.904, 19291
2026/09/25 02:11:40.404, 19291
2026/09/25 02:11:40.904, 19291
2026/09/25 02:11:41.404, 19291
2026/09/25 02:11:41.904, 19291
2026/09/25 02:11:42.405, 19291
2026/09/25 02:11:42.905, 19291
2026/09/25 02:11:43.405, 19291
2026/09/25 02:11:43.905, 19291
2026/09/25 02:11:44.405, 19291
2026/09/25 02:11:44.905, 19291
2026/09/25 02:11:45.405, 19291
2026/09/25 02:11:45.905, 19291
2026/09/25 02:11:46.406, 19291
2026/09/25 02:11:46.906, 19291
2026/09/25 02:11:47.406, 19291
2026/09/25 02:11:47.906, 19291
2026/09/25 02:11:48.406, 19291
2026/09/25 02:11:48.906, 19291
2026/09/25 02:11:49.406, 19291
2026/09/25 02:11:49.907, 19291
2026/09/25 02:11:50.407, 19291
2026/09/25 02:11:50.907, 19291
2026/09/25 02:11:51.407, 19291
2026/09/25 02:11:51.907, 19291
2026/09/25 02:11:52.407, 19291
2026/09/25 02:11:52.907, 19291
2026/09/25 02:11:53.407, 19291
2026/09/25 02:11:53.908, 19291
2026/09/25 02:11:54.408, 19291
2026/09/25 02:11:54.908, 19291
2026/09/25 02:11:55.408, 19291
2026/09/25 02:11:55.908, 19291
2026/09/25 02:11:56.408, 19291
2026/09/25 02:11:56.908, 19291
2026/09/25 02:11:57.409, 19291
2026/09/25 02:11:57.909, 19291
2026/09/25 02:11:58.409, 19291
2026/09/25 02:11:58.909, 19291
2026/09/25 02:11:59.409, 19291
2026/09/25 02:11:59.909, 19291
2026/09/25 02:12:00.409, 19291
2026/09/25 02:12:00.910, 19291
2026/09/25 02:12:01.410, 19291
2026/09/25 02:12:01.910, 19291
2026/09/25 02:12:02.410, 19291
2026/09/25 02:12:02.910, 19291
2026/09/25 02:12:03.410, 19291
2026/09/25 02:12:03.910, 19291
2026/09/25 02:12:04.410, 19291
2026/09/25 02:12:04.911, 19291
2026/09/25 02:12:05.411, 19291
2026/09/25 02:12:05.911, 19291
2026/09/25 02:12:06.411, 19291
2026/09/25 02:12:06.911, 19291
2026/09/25 02:12:07.411, 19291
2026/09/25 02:12:07.912, 19291
2026/09/25 02:12:08.412, 19291
2026/09/25 02:12:08.912, 19291
2026/09/25 02:12:09.412, 19291
2026/09/25 02:12:09.912, 19291
2026/09/25 02:12:10.412, 19291
2026/09/25 02:12:10.912, 19291
2026/09/25 02:12:11.412, 19291
2026/09/25 02:12:11.913, 19291
2026/09/25 02:12:12.413, 19291
2026/09/25 02:12:12.913, 19291
2026/09/25 02:12:13.413, 19291
2026/09/25 02:12:13.913, 19291
2026/09/25 02:12:14.413, 19291
2026/09/25 02:12:14.913, 19291
2026/09/25 02:12:15.414, 19291
2026/09/25 02:12:15.914, 19291
2026/09/25 02:12:16.414, 19291
2026/09/25 02:12:16.914, 19291
2026/09/25 02:12:17.414, 19291
2026/09/25 02:12:17.914, 19291
2026/09/25 02:12:18.414, 19291
2026/09/25 02:12:18.915, 19291
2026/09/25 02:12:19.415, 19291
2026/09/25 02:12:19.915, 19291
2026/09/25 02:12:20.415, 19291
2026/09/25 02:12:20.915, 19291
2026/09/25 02:12:21.415, 19291
2026/09/25 02:12:21.916, 19291
2026/09/25 02:12:22.416, 19291
2026/09/25 02:12:22.916, 19291
2026/09/25 02:12:23.416, 19291
2026/09/25 02:12:23.916, 19291
2026/09/25 02:12:24.416, 19291
2026/09/25 02:12:24.916, 19291
2026/09/25 02:12:25.417, 19291
2026/09/25 02:12:25.917, 19291
2026/09/25 02:12:26.417, 19291
2026/09/25 02:12:26.917, 19291
2026/09/25 02:12:27.417, 19291
2026/09/25 02:12:27.917, 19291
2026/09/25 02:12:28.418, 19291
2026/09/25 02:12:28.918, 19291
2026/09/25 02:12:29.418, 19291
2026/09/25 02:12:29.918, 19291
2026/09/25 02:12:30.418, 19291
2026/09/25 02:12:30.918, 19291
2026/09/25 02:12:31.418, 19291
2026/09/25 02:12:31.919, 19291
2026/09/25 02:12:32.419, 19291
2026/09/25 02:12:32.919, 19291
2026/09/25 02:12:33.419, 19291
2026/09/25 02:12:33.919, 19291
2026/09/25 02:12:34.419, 19291
2026/09/25 02:12:34.920, 19291
2026/09/25 02:12:35.420, 19291
2026/09/25 02:12:35.920, 19291
2026/09/25 02:12:36.420, 19291
2026/09/25 02:12:36.920, 19291
2026/09/25 02:12:37.420, 19291
2026/09/25 02:12:37.920, 19291
2026/09/25 02:12:38.421, 19291
2026/09/25 02:12:38.921, 19291
2026/09/25 02:12:39.421, 19291
2026/09/25 02:12:39.921, 19291
2026/09/25 02:12:40.421, 19291
2026/09/25 02:12:40.921, 19291
2026/09/25 02:12:41.422, 19291
2026/09/25 02:12:41.922, 19291
2026/09/25 02:12:42.422, 19291
2026/09/25 02:12:42.922, 19291
2026/09/25 02:12:43.422, 19291
2026/09/25 02:12:43.922, 19291
2026/09/25 02:12:44.423, 19291
2026/09/25 02:12:44.923, 19291
2026/09/25 02:12:45.423, 19291
2026/09/25 02:12:45.923, 19291
2026/09/25 02:12:46.423, 19291
2026/09/25 02:12:46.923, 19291
2026/09/25 02:12:47.423, 19291
2026/09/25 02:12:47.924, 19291
2026/09/25 02:12:48.424, 19291
2026/09/25 02:12:48.924, 19291
2026/09/25 02:12:49.424, 19291
2026/09/25 02:12:49.924, 19291
2026/09/25 02:12:50.424, 19291
2026/09/25 02:12:50.925, 19291
2026/09/25 02:12:51.425, 19291
2026/09/25 02:12:51.925, 19291
2026/09/25 02:12:52.425, 19291
2026/09/25 02:12:52.925, 19291
2026/09/25 02:12:53.425, 19291
2026/09/25 02:12:53.926, 19291
2026/09/25 02:12:54.426, 19291
2026/09/25 02:12:54.926, 19291
2026/09/25 02:12:55.426, 19291
2026/09/25 02:12:55.926, 19291
2026/09/25 02:12:56.426, 19291
2026/09/25 02:12:56.927, 19291
2026/09/25 02:12:57.427, 19291
2026/09/25 02:12:57.927, 19291
2026/09/25 02:12:58.427, 19291
2026/09/25 02:12:58.927, 19291
2026/09/25 02:12:59.427, 19291
2026/09/25 02:12:59.928, 19291
2026/09/25 02:13:00.428, 19291
2026/09/25 02:13:00.928, 19291
2026/09/25 02:13:01.428, 19291
2026/09/25 02:13:01.928, 19291
2026/09/25 02:13:02.428, 19291
2026/09/25 02:13:02.928, 19291
2026/09/25 02:13:03.429, 19291
2026/09/25 02:13:03.929, 19291
2026/09/25 02:13:04.429, 19291
2026/09/25 02:13:04.929, 19291
2026/09/25 02:13:05.429, 19291
2026/09/25 02:13:05.929, 19291
2026/09/25 02:13:06.430, 19291
2026/09/25 02:13:06.930, 19291
2026/09/25 02:13:07.430, 19291
2026/09/25 02:13:07.930, 19291
2026/09/25 02:13:08.430, 19291
2026/09/25 02:13:08.930, 19291
2026/09/25 02:13:09.430, 19291
2026/09/25 02:13:09.931, 19291
2026/09/25 02:13:10.431, 19291
2026/09/25 02:13:10.931, 19291
2026/09/25 02:13:11.431, 19291
2026/09/25 02:13:11.931, 19291
2026/09/25 02:13:12.431, 19291
2026/09/25 02:13:12.931, 19291
2026/09/25 02:13:13.432, 19291
2026/09/25 02:13:13.932, 19291
2026/09/25 02:13:14.432, 19291
2026/09/25 02:13:14.932, 19291
2026/09/25 02:13:15.432, 19291
2026/09/25 02:13:15.932, 19291
2026/09/25 02:13:16.432, 19291
2026/09/25 02:13:16.933, 19291
2026/09/25 02:13:17.433, 19291
2026/09/25 02:13:17.933, 19291
2026/09/25 02:13:18.433, 19291
2026/09/25 02:13:18.933, 19291
2026/09/25 02:13:19.433, 19291
2026/09/25 02:13:19.933, 19291
2026/09/25 02:13:20.434, 19291
2026/09/25 02:13:20.934, 19291
2026/09/25 02:13:21.434, 19291
2026/09/25 02:13:21.934, 19291
2026/09/25 02:13:22.434, 19291
2026/09/25 02:13:22.934, 19291
2026/09/25 02:13:23.434, 19291
2026/09/25 02:13:23.935, 19291
2026/09/25 02:13:24.435, 19291
2026/09/25 02:13:24.935, 19291
2026/09/25 02:13:25.435, 19291
2026/09/25 02:13:25.935, 19291
2026/09/25 02:13:26.435, 19291
2026/09/25 02:13:26.935, 19291
2026/09/25 02:13:27.436, 19291
2026/09/25 02:13:27.936, 19291
2026/09/25 02:13:28.436, 19291
2026/09/25 02:13:28.936, 19291
2026/09/25 02:13:29.436, 19291
2026/09/25 02:13:29.936, 19291
2026/09/25 02:13:30.436, 19291
2026/09/25 02:13:30.936, 19291
2026/09/25 02:13:31.437, 19291
2026/09/25 02:13:31.937, 19291
2026/09/25 02:13:32.437, 19291
2026/09/25 02:13:32.937, 19291
2026/09/25 02:13:33.438, 19291
2026/09/25 02:13:33.938, 19291
2026/09/25 02:13:34.438, 19291
2026/09/25 02:13:34.938, 19291
2026/09/25 02:13:35.438, 19291
2026/09/25 02:13:35.938, 19291
2026/09/25 02:13:36.439, 19291
2026/09/25 02:13:36.939, 19291
2026/09/25 02:13:37.439, 19291
2026/09/25 02:13:37.939, 19291
2026/09/25 02:13:38.439, 19291
2026/09/25 02:13:38.939, 19291
2026/09/25 02:13:39.439, 19291
2026/09/25 02:13:39.940, 19291
2026/09/25 02:13:40.440, 19291
2026/09/25 02:13:40.940, 19291
2026/09/25 02:13:41.440, 19291
2026/09/25 02:13:41.940, 19291
2026/09/25 02:13:42.440, 19291
2026/09/25 02:13:42.940, 19291
2026/09/25 02:13:43.440, 19291
2026/09/25 02:13:43.941, 19291
2026/09/25 02:13:44.441, 19291
2026/09/25 02:13:44.941, 19291
2026/09/25 02:13:45.441, 19291
2026/09/25 02:13:45.941, 19291
2026/09/25 02:13:46.441, 19291
2026/09/25 02:13:46.942, 19291
2026/09/25 02:13:47.442, 19291
2026/09/25 02:13:47.942, 19291
2026/09/25 02:13:48.442, 19291
2026/09/25 02:13:48.942, 19291
2026/09/25 02:13:49.442, 19291
2026/09/25 02:13:49.942, 19291
2026/09/25 02:13:50.443, 19291
2026/09/25 02:13:50.943, 19291
2026/09/25 02:13:51.443, 19291
2026/09/25 02:13:51.943, 19291
2026/09/25 02:13:52.443, 19291
2026/09/25 02:13:52.943, 19291
2026/09/25 02:13:53.443, 19291
2026/09/25 02:13:53.944, 19291
2026/09/25 02:13:54.444, 19291
2026/09/25 02:13:54.944, 19291
2026/09/25 02:13:55.444, 19291
2026/09/25 02:13:55.944, 19291
2026/09/25 02:13:56.444, 19291
2026/09/25 02:13:56.944, 19291
2026/09/25 02:13:57.445, 19291
2026/09/25 02:13:57.945, 19291
2026/09/25 02:13:58.445, 19291
2026/09/25 02:13:58.945, 19291
2026/09/25 02:13:59.445, 19291
2026/09/25 02:13:59.945, 19291
2026/09/25 02:14:00.446, 19291
2026/09/25 02:14:00.946, 19291
2026/09/25 02:14:01.446, 19291
2026/09/25 02:14:01.946, 19291
2026/09/25 02:14:02.446, 19291
2026/09/25 02:14:02.946, 19291
2026/09/25 02:14:03.447, 19291
2026/09/25 02:14:03.947, 19291
2026/09/25 02:14:04.447, 19291
2026/09/25 02:14:04.947, 19291
2026/09/25 02:14:05.447, 19291
2026/09/25 02:14:05.947, 19291
2026/09/25 02:14:06.447, 19291
2026/09/25 02:14:06.948, 19291
2026/09/25 02:14:07.448, 19291
2026/09/25 02:14:07.948, 19291
2026/09/25 02:14:08.448, 19291
2026/09/25 02:14:08.948, 19291
2026/09/25 02:14:09.448, 19291
2026/09/25 02:14:09.948, 19291
2026/09/25 02:14:10.449, 19291
2026/09/25 02:14:10.949, 19291
2026/09/25 02:14:11.449, 19291
2026/09/25 02:14:11.949, 19291
2026/09/25 02:14:12.449, 19291
2026/09/25 02:14:12.949, 19291
2026/09/25 02:14:13.449, 19291
2026/09/25 02:14:13.950, 19291
2026/09/25 02:14:14.450, 19291
2026/09/25 02:14:14.950, 19291
2026/09/25 02:14:15.450, 19291
2026/09/25 02:14:15.950, 19291
2026/09/25 02:14:16.450, 19291
2026/09/25 02:14:16.951, 19291
2026/09/25 02:14:17.451, 19291
2026/09/25 02:14:17.951, 19291
2026/09/25 02:14:18.451, 19291
2026/09/25 02:14:18.951, 19291
2026/09/25 02:14:19.451, 19291
2026/09/25 02:14:19.951, 19291
2026/09/25 02:14:20.452, 19291
2026/09/25 02:14:20.952, 19291
2026/09/25 02:14:21.452, 19291
2026/09/25 02:14:21.952, 19291
2026/09/25 02:14:22.452, 19291
2026/09/25 02:14:22.952, 19291
2026/09/25 02:14:23.452, 19291
2026/09/25 02:14:23.953, 19291
2026/09/25 02:14:24.453, 19291
2026/09/25 02:14:24.953, 19291
2026/09/25 02:14:25.453, 19291
2026/09/25 02:14:25.953, 19291
2026/09/25 02:14:26.453, 19291
2026/09/25 02:14:26.954, 19291
2026/09/25 02:14:27.454, 19291
2026/09/25 02:14:27.954, 19291
2026/09/25 02:14:28.454, 19291
2026/09/25 02:14:28.954, 19291
2026/09/25 02:14:29.454, 19291
2026/09/25 02:14:29.954, 19291
2026/09/25 02:14:30.455, 19291
2026/09/25 02:14:30.955, 19291
2026/09/25 02:14:31.455, 19291
2026/09/25 02:14:31.955, 19291
2026/09/25 02:14:32.455, 19291
2026/09/25 02:14:32.955, 19291
2026/09/25 02:14:33.455, 19291
2026/09/25 02:14:33.956, 19291
2026/09/25 02:14:34.456, 19291
2026/09/25 02:14:34.956, 19291
2026/09/25 02:14:35.456, 19291
2026/09/25 02:14:35.956, 19291
2026/09/25 02:14:36.456, 19291
2026/09/25 02:14:36.957, 19291
2026/09/25 02:14:37.457, 19291
2026/09/25 02:14:37.957, 19291
2026/09/25 02:14:38.457, 19291
2026/09/25 02:14:38.957, 19291
2026/09/25 02:14:39.457, 19291
2026/09/25 02:14:39.957, 19291
2026/09/25 02:14:40.458, 19291
2026/09/25 02:14:40.958, 19291
2026/09/25 02:14:41.458, 19291
2026/09/25 02:14:41.958, 19291
2026/09/25 02:14:42.458, 19291
2026/09/25 02:14:42.958, 19291
2026/09/25 02:14:43.459, 19291
2026/09/25 02:14:43.959, 19291
2026/09/25 02:14:44.459, 19291
2026/09/25 02:14:44.959, 19291
2026/09/25 02:14:45.459, 19291
2026/09/25 02:14:45.959, 19291
2026/09/25 02:14:46.459, 19291
2026/09/25 02:14:46.960, 19291
2026/09/25 02:14:47.460, 19291
2026/09/25 02:14:47.960, 19291
2026/09/25 02:14:48.460, 19291
2026/09/25 02:14:48.960, 19291
2026/09/25 02:14:49.460, 19291
2026/09/25 02:14:49.961, 19291
2026/09/25 02:14:50.461, 19291
2026/09/25 02:14:50.961, 19291
2026/09/25 02:14:51.461, 19291
2026/09/25 02:14:51.961, 19291
2026/09/25 02:14:52.461, 19291
2026/09/25 02:14:52.962, 19291
2026/09/25 02:14:53.462, 19291
2026/09/25 02:14:53.962, 19291
2026/09/25 02:14:54.462, 19291
2026/09/25 02:14:54.962, 19291
2026/09/25 02:14:55.462, 19291
2026/09/25 02:14:55.963, 19291
2026/09/25 02:14:56.463, 19291
2026/09/25 02:14:56.963, 19291
2026/09/25 02:14:57.463, 19291
2026/09/25 02:14:57.963, 19291
2026/09/25 02:14:58.463, 19291
2026/09/25 02:14:58.964, 19291
2026/09/25 02:14:59.464, 19291
2026/09/25 02:14:59.964, 19291
2026/09/25 02:15:00.464, 19291
2026/09/25 02:15:00.964, 19291
2026/09/25 02:15:01.464, 19291
2026/09/25 02:15:01.964, 19291
2026/09/25 02:15:02.465, 19291
2026/09/25 02:15:02.965, 19291
2026/09/25 02:15:03.465, 19291
2026/09/25 02:15:03.965, 19291
2026/09/25 02:15:04.465, 19291
2026/09/25 02:15:04.965, 19291
2026/09/25 02:15:05.465, 19291
2026/09/25 02:15:05.966, 19291
2026/09/25 02:15:06.466, 19291
2026/09/25 02:15:06.966, 19291
2026/09/25 02:15:07.466, 19291
2026/09/25 02:15:07.966, 19291
2026/09/25 02:15:08.466, 19291
2026/09/25 02:15:08.966, 19291
2026/09/25 02:15:09.467, 19291
2026/09/25 02:15:09.967, 19291
2026/09/25 02:15:10.467, 19291
2026/09/25 02:15:10.967, 19291
2026/09/25 02:15:11.467, 19291
2026/09/25 02:15:11.967, 19291
2026/09/25 02:15:12.467, 19291
2026/09/25 02:15:12.968, 19291
2026/09/25 02:15:13.468, 19291
2026/09/25 02:15:13.968, 19291
2026/09/25 02:15:14.468, 19291
2026/09/25 02:15:14.968, 19291
2026/09/25 02:15:15.469, 19291
2026/09/25 02:15:15.969, 19291
2026/09/25 02:15:16.469, 19291
2026/09/25 02:15:16.969, 19291
2026/09/25 02:15:17.469, 19291
2026/09/25 02:15:17.969, 19291
2026/09/25 02:15:18.469, 19291
2026/09/25 02:15:18.970, 19291
2026/09/25 02:15:19.470, 19291
2026/09/25 02:15:19.970, 19291
2026/09/25 02:15:20.470, 19291
2026/09/25 02:15:20.970, 19291
2026/09/25 02:15:21.470, 19291
2026/09/25 02:15:21.970, 19291
2026/09/25 02:15:22.471, 19291
2026/09/25 02:15:22.971, 19291
2026/09/25 02:15:23.471, 19291
2026/09/25 02:15:23.971, 19291
2026/09/25 02:15:24.471, 19291
2026/09/25 02:15:24.972, 19291
2026/09/25 02:15:25.472, 19291
2026/09/25 02:15:25.972, 19291
2026/09/25 02:15:26.472, 19291
2026/09/25 02:15:26.972, 19291
2026/09/25 02:15:27.472, 19291
2026/09/25 02:15:27.972, 19291
2026/09/25 02:15:28.473, 19291
2026/09/25 02:15:28.973, 19291
2026/09/25 02:15:29.473, 19291
2026/09/25 02:15:29.973, 19291
2026/09/25 02:15:30.473, 19291
2026/09/25 02:15:30.973, 19291
2026/09/25 02:15:31.473, 19291
2026/09/25 02:15:31.974, 19291
2026/09/25 02:15:32.474, 19291
2026/09/25 02:15:32.974, 19291
2026/09/25 02:15:33.474, 19291
2026/09/25 02:15:33.974, 19291
2026/09/25 02:15:34.474, 19291
2026/09/25 02:15:34.974, 19291
2026/09/25 02:15:35.475, 19291
2026/09/25 02:15:35.975, 19291
2026/09/25 02:15:36.475, 19291
2026/09/25 02:15:36.975, 19291
2026/09/25 02:15:37.475, 19291
2026/09/25 02:15:37.975, 19291
2026/09/25 02:15:38.475, 19291
2026/09/25 02:15:38.976, 19291
2026/09/25 02:15:39.476, 19291
2026/09/25 02:15:39.976, 19291
2026/09/25 02:15:40.476, 19291
2026/09/25 02:15:40.976, 19291
2026/09/25 02:15:41.476, 19291
2026/09/25 02:15:41.977, 19291
2026/09/25 02:15:42.477, 19291
2026/09/25 02:15:42.977, 19291
2026/09/25 02:15:43.477, 19291
2026/09/25 02:15:43.977, 19291
2026/09/25 02:15:44.477, 19291
2026/09/25 02:15:44.977, 19291
2026/09/25 02:15:45.478, 19291
2026/09/25 02:15:45.978, 19291
2026/09/25 02:15:46.478, 19291
2026/09/25 02:15:46.978, 19291
2026/09/25 02:15:47.478, 19291
2026/09/25 02:15:47.978, 19291
2026/09/25 02:15:48.478, 19291
2026/09/25 02:15:48.979, 19291
2026/09/25 02:15:49.479, 19291
2026/09/25 02:15:49.979, 19291
2026/09/25 02:15:50.479, 19291
2026/09/25 02:15:50.979, 19291
2026/09/25 02:15:51.479, 19291
2026/09/25 02:15:51.980, 19291
2026/09/25 02:15:52.480, 19291
2026/09/25 02:15:52.980, 19291
2026/09/25 02:15:53.480, 19291
2026/09/25 02:15:53.980, 19291
2026/09/25 02:15:54.480, 19291
2026/09/25 02:15:54.980, 19291
2026/09/25 02:15:55.481, 19291
2026/09/25 02:15:55.981, 19291
2026/09/25 02:15:56.481, 19291
2026/09/25 02:15:56.981, 19291
2026/09/25 02:15:57.481, 19291
2026/09/25 02:15:57.981, 19291
2026/09/25 02:15:58.481, 19291
2026/09/25 02:15:58.982, 19291
2026/09/25 02:15:59.482, 19291
2026/09/25 02:15:59.982, 19291
2026/09/25 02:16:00.482, 19291
2026/09/25 02:16:00.982, 19291
2026/09/25 02:16:01.482, 19291
2026/09/25 02:16:01.982, 19291
2026/09/25 02:16:02.483, 19291
2026/09/25 02:16:02.983, 19291
2026/09/25 02:16:03.483, 19291
2026/09/25 02:16:03.983, 19291
2026/09/25 02:16:04.483, 19291
2026/09/25 02:16:04.983, 19291
2026/09/25 02:16:05.484, 19291
2026/09/25 02:16:05.984, 19291
2026/09/25 02:16:06.485, 19291
2026/09/25 02:16:06.985, 19291
2026/09/25 02:16:07.485, 19291
2026/09/25 02:16:07.985, 19291
2026/09/25 02:16:08.485, 19291
2026/09/25 02:16:08.986, 19291
2026/09/25 02:16:09.486, 19291
2026/09/25 02:16:09.986, 19291
2026/09/25 02:16:10.486, 19291
2026/09/25 02:16:10.986, 19291
2026/09/25 02:16:11.486, 19291
2026/09/25 02:16:11.987, 19291
2026/09/25 02:16:12.489, 19291
2026/09/25 02:16:12.989, 19291
2026/09/25 02:16:13.490, 19291
2026/09/25 02:16:13.991, 19291
2026/09/25 02:16:14.491, 19291
2026/09/25 02:16:14.991, 19291
2026/09/25 02:16:15.491, 19291
2026/09/25 02:16:15.991, 19291
2026/09/25 02:16:16.492, 19291
2026/09/25 02:16:16.992, 19291
2026/09/25 02:16:17.492, 19291
2026/09/25 02:16:17.992, 19291
2026/09/25 02:16:18.492, 19291
2026/09/25 02:16:18.993, 19291
2026/09/25 02:16:19.493, 19291
2026/09/25 02:16:19.993, 19291
2026/09/25 02:16:20.493, 19291
2026/09/25 02:16:20.993, 19291
2026/09/25 02:16:21.493, 19291
2026/09/25 02:16:21.993, 19291
2026/09/25 02:16:22.494, 19291
2026/09/25 02:16:22.994, 19291
2026/09/25 02:16:23.494, 19291
2026/09/25 02:16:23.994, 19291
2026/09/25 02:16:24.494, 19291
2026/09/25 02:16:24.994, 19291
2026/09/25 02:16:25.495, 19291
2026/09/25 02:16:25.995, 19291
2026/09/25 02:16:26.495, 19291
2026/09/25 02:16:26.995, 19291
2026/09/25 02:16:27.495, 19291
2026/09/25 02:16:27.996, 19291
2026/09/25 02:16:28.496, 19291
2026/09/25 02:16:28.996, 19291
2026/09/25 02:16:29.496, 19291
2026/09/25 02:16:29.996, 19291
2026/09/25 02:16:30.496, 19291
2026/09/25 02:16:30.997, 19291
2026/09/25 02:16:31.497, 19291
2026/09/25 02:16:31.997, 19291
2026/09/25 02:16:32.497, 19291
2026/09/25 02:16:32.997, 19291
2026/09/25 02:16:33.497, 19291
2026/09/25 02:16:33.997, 19291
2026/09/25 02:16:34.498, 19291
2026/09/25 02:16:34.998, 19291
2026/09/25 02:16:35.498, 19291
2026/09/25 02:16:35.998, 19291
2026/09/25 02:16:36.498, 19291
2026/09/25 02:16:36.998, 19291
2026/09/25 02:16:37.499, 19291
2026/09/25 02:16:37.999, 19291
2026/09/25 02:16:38.499, 19291
2026/09/25 02:16:38.999, 19291
2026/09/25 02:16:39.499, 19291
2026/09/25 02:16:40.000, 19291
2026/09/25 02:16:40.500, 19291
2026/09/25 02:16:41.000, 19291
2026/09/25 02:16:41.500, 19291
2026/09/25 02:16:42.000, 19291
2026/09/25 02:16:42.500, 19291
2026/09/25 02:16:43.001, 19291
2026/09/25 02:16:43.501, 19291
2026/09/25 02:16:44.001, 19291
2026/09/25 02:16:44.501, 19291
2026/09/25 02:16:45.001, 19291
2026/09/25 02:16:45.501, 19291
2026/09/25 02:16:46.002, 19291
2026/09/25 02:16:46.502, 19291
2026/09/25 02:16:47.002, 19291
2026/09/25 02:16:47.502, 19291
2026/09/25 02:16:48.002, 19291
2026/09/25 02:16:48.502, 19291
2026/09/25 02:16:49.002, 19291
2026/09/25 02:16:49.503, 19291
2026/09/25 02:16:50.003, 19291
2026/09/25 02:16:50.503, 19291
2026/09/25 02:16:51.003, 19291
2026/09/25 02:16:51.503, 19291
2026/09/25 02:16:52.004, 19291
2026/09/25 02:16:52.504, 19291
2026/09/25 02:16:53.004, 19291
2026/09/25 02:16:53.504, 19291
2026/09/25 02:16:54.004, 19291
2026/09/25 02:16:54.504, 19291
2026/09/25 02:16:55.005, 19291
2026/09/25 02:16:55.505, 19291
2026/09/25 02:16:56.005, 19291
2026/09/25 02:16:56.505, 19291
2026/09/25 02:16:57.005, 19291
2026/09/25 02:16:57.505, 19291
2026/09/25 02:16:58.005, 19291
2026/09/25 02:16:58.506, 19291
2026/09/25 02:16:59.006, 19291
2026/09/25 02:16:59.506, 19291
2026/09/25 02:17:00.006, 19291
2026/09/25 02:17:00.506, 19291
2026/09/25 02:17:01.006, 19291
2026/09/25 02:17:01.506, 19291
2026/09/25 02:17:02.007, 19291
2026/09/25 02:17:02.507, 19291
2026/09/25 02:17:03.007, 19291
2026/09/25 02:17:03.507, 19291
2026/09/25 02:17:04.007, 19291
2026/09/25 02:17:04.507, 19291
2026/09/25 02:17:05.007, 19291
2026/09/25 02:17:05.508, 19291
2026/09/25 02:17:06.008, 19291
2026/09/25 02:17:06.508, 19291
2026/09/25 02:17:07.008, 19291
2026/09/25 02:17:07.508, 19291
2026/09/25 02:17:08.008, 19291
2026/09/25 02:17:08.508, 19291
2026/09/25 02:17:09.009, 19291
2026/09/25 02:17:09.509, 19291
2026/09/25 02:17:10.009, 19291
2026/09/25 02:17:10.509, 19291
2026/09/25 02:17:11.009, 19291
2026/09/25 02:17:11.510, 19291
2026/09/25 02:17:12.010, 19291
2026/09/25 02:17:12.510, 19291
2026/09/25 02:17:13.010, 19291
2026/09/25 02:17:13.510, 19291
2026/09/25 02:17:14.010, 19291
2026/09/25 02:17:14.510, 19291
2026/09/25 02:17:15.011, 19291
2026/09/25 02:17:15.511, 19291
2026/09/25 02:17:16.011, 19291
2026/09/25 02:17:16.511, 19291
2026/09/25 02:17:17.011, 19291
2026/09/25 02:17:17.511, 19291
2026/09/25 02:17:18.011, 19291
2026/09/25 02:17:18.512, 19291
2026/09/25 02:17:19.012, 19291
2026/09/25 02:17:19.512, 19291
2026/09/25 02:17:20.012, 19291
2026/09/25 02:17:20.512, 19291
2026/09/25 02:17:21.012, 19291
2026/09/25 02:17:21.513, 19291
2026/09/25 02:17:22.013, 19291
2026/09/25 02:17:22.513, 19291
2026/09/25 02:17:23.013, 19291
2026/09/25 02:17:23.513, 19291
2026/09/25 02:17:24.013, 19291
2026/09/25 02:17:24.514, 19291
2026/09/25 02:17:25.014, 19291
2026/09/25 02:17:25.514, 19291
2026/09/25 02:17:26.014, 19291
2026/09/25 02:17:26.514, 19291
2026/09/25 02:17:27.014, 19291
2026/09/25 02:17:27.514, 19291
2026/09/25 02:17:28.015, 19291
2026/09/25 02:17:28.515, 19291
2026/09/25 02:17:29.015, 19291
2026/09/25 02:17:29.515, 19291
2026/09/25 02:17:30.015, 19291
2026/09/25 02:17:30.515, 19291
2026/09/25 02:17:31.015, 19291
2026/09/25 02:17:31.516, 19291
2026/09/25 02:17:32.016, 19291
2026/09/25 02:17:32.516, 19291
2026/09/25 02:17:33.016, 19291
2026/09/25 02:17:33.516, 19291
2026/09/25 02:17:34.016, 19291
2026/09/25 02:17:34.516, 19291
2026/09/25 02:17:35.017, 19291
2026/09/25 02:17:35.517, 19291
2026/09/25 02:17:36.017, 19291
2026/09/25 02:17:36.517, 19291
2026/09/25 02:17:37.017, 19291
2026/09/25 02:17:37.517, 19291
2026/09/25 02:17:38.018, 19291
2026/09/25 02:17:38.518, 19291
2026/09/25 02:17:39.018, 19291
2026/09/25 02:17:39.518, 19291
2026/09/25 02:17:40.018, 19291
2026/09/25 02:17:40.518, 19291
2026/09/25 02:17:41.018, 19291
2026/09/25 02:17:41.519, 19291
2026/09/25 02:17:42.019, 19291
2026/09/25 02:17:42.519, 19291
2026/09/25 02:17:43.019, 19291
2026/09/25 02:17:43.519, 19291
2026/09/25 02:17:44.019, 19291
2026/09/25 02:17:44.519, 19291
2026/09/25 02:17:45.020, 19291
2026/09/25 02:17:45.520, 19291
2026/09/25 02:17:46.020, 19291
2026/09/25 02:17:46.520, 19291
2026/09/25 02:17:47.020, 19291
2026/09/25 02:17:47.520, 19291
2026/09/25 02:17:48.021, 19291
2026/09/25 02:17:48.521, 19291
2026/09/25 02:17:49.021, 19291
2026/09/25 02:17:49.521, 19291
2026/09/25 02:17:50.021, 19291
2026/09/25 02:17:50.521, 19291
2026/09/25 02:17:51.021, 19291
2026/09/25 02:17:51.522, 19291
2026/09/25 02:17:52.022, 19291
2026/09/25 02:17:52.522, 19291
2026/09/25 02:17:53.022, 19291
2026/09/25 02:17:53.522, 19291
2026/09/25 02:17:54.022, 19291
2026/09/25 02:17:54.523, 19291
2026/09/25 02:17:55.023, 19291
2026/09/25 02:17:55.523, 19291
2026/09/25 02:17:56.023, 19291
2026/09/25 02:17:56.523, 19291
2026/09/25 02:17:57.023, 19291
2026/09/25 02:17:57.523, 19291
2026/09/25 02:17:58.024, 19291
2026/09/25 02:17:58.524, 19291
2026/09/25 02:17:59.024, 19291
2026/09/25 02:17:59.524, 19291
2026/09/25 02:18:00.024, 19291
2026/09/25 02:18:00.525, 19291
2026/09/25 02:18:01.025, 19291
2026/09/25 02:18:01.525, 19291
2026/09/25 02:18:02.025, 19291
2026/09/25 02:18:02.525, 19291
2026/09/25 02:18:03.025, 19291
2026/09/25 02:18:03.526, 19291
2026/09/25 02:18:04.026, 19291
2026/09/25 02:18:04.526, 19291
2026/09/25 02:18:05.026, 19291
2026/09/25 02:18:05.526, 19291
2026/09/25 02:18:06.026, 19291
2026/09/25 02:18:06.526, 19291
2026/09/25 02:18:07.027, 19291
2026/09/25 02:18:07.527, 19291
2026/09/25 02:18:08.027, 19291
2026/09/25 02:18:08.527, 19291
2026/09/25 02:18:09.027, 19291
2026/09/25 02:18:09.527, 19291
2026/09/25 02:18:10.028, 19291
2026/09/25 02:18:10.528, 19291
2026/09/25 02:18:11.028, 19291
2026/09/25 02:18:11.528, 19291
2026/09/25 02:18:12.028, 19291
2026/09/25 02:18:12.528, 19291
2026/09/25 02:18:13.028, 19291
2026/09/25 02:18:13.529, 19291
2026/09/25 02:18:14.029, 19291
2026/09/25 02:18:14.529, 19291
2026/09/25 02:18:15.029, 19291
2026/09/25 02:18:15.529, 19291
2026/09/25 02:18:16.029, 19291
2026/09/25 02:18:16.529, 19291
2026/09/25 02:18:17.029, 19291
2026/09/25 02:18:17.530, 19291
2026/09/25 02:18:18.030, 19291
2026/09/25 02:18:18.530, 19291
2026/09/25 02:18:19.030, 19291
2026/09/25 02:18:19.530, 19291
2026/09/25 02:18:20.030, 19291
2026/09/25 02:18:20.531, 19291
2026/09/25 02:18:21.031, 19291
2026/09/25 02:18:21.531, 19291
2026/09/25 02:18:22.031, 19291
2026/09/25 02:18:22.531, 19291
2026/09/25 02:18:23.031, 19291
2026/09/25 02:18:23.531, 19291
2026/09/25 02:18:24.032, 19291
2026/09/25 02:18:24.532, 19291
2026/09/25 02:18:25.032, 19291
2026/09/25 02:18:25.532, 19291
2026/09/25 02:18:26.032, 19291
2026/09/25 02:18:26.532, 19291
2026/09/25 02:18:27.032, 19291
2026/09/25 02:18:27.533, 19291
2026/09/25 02:18:28.033, 19291
2026/09/25 02:18:28.533, 19291
2026/09/25 02:18:29.033, 19291
2026/09/25 02:18:29.533, 19291
2026/09/25 02:18:30.033, 19291
2026/09/25 02:18:30.533, 19291
2026/09/25 02:18:31.033, 19291
2026/09/25 02:18:31.534, 19291
2026/09/25 02:18:32.034, 19291
2026/09/25 02:18:32.534, 19291
2026/09/25 02:18:33.034, 19291
2026/09/25 02:18:33.534, 19291
2026/09/25 02:18:34.034, 19291
2026/09/25 02:18:34.535, 19291
2026/09/25 02:18:35.035, 19291
2026/09/25 02:18:35.535, 19291
2026/09/25 02:18:36.035, 19291
2026/09/25 02:18:36.535, 19291
2026/09/25 02:18:37.035, 19291
2026/09/25 02:18:37.535, 19291
2026/09/25 02:18:38.036, 19291
2026/09/25 02:18:38.536, 19291
2026/09/25 02:18:39.036, 19291
2026/09/25 02:18:39.536, 19291
2026/09/25 02:18:40.036, 19291
2026/09/25 02:18:40.536, 19291
2026/09/25 02:18:41.036, 19291
2026/09/25 02:18:41.537, 19291
2026/09/25 02:18:42.037, 19291
2026/09/25 02:18:42.537, 19291
2026/09/25 02:18:43.037, 19291
2026/09/25 02:18:43.537, 19291
2026/09/25 02:18:44.037, 19291
2026/09/25 02:18:44.537, 19291
2026/09/25 02:18:45.038, 19291
2026/09/25 02:18:45.538, 19291
2026/09/25 02:18:46.038, 19291
2026/09/25 02:18:46.538, 19291
2026/09/25 02:18:47.038, 19291
2026/09/25 02:18:47.538, 19291
2026/09/25 02:18:48.038, 19291
2026/09/25 02:18:48.538, 19291
2026/09/25 02:18:49.039, 19291
2026/09/25 02:18:49.539, 19291
2026/09/25 02:18:50.039, 19291
2026/09/25 02:18:50.539, 19291
2026/09/25 02:18:51.039, 19291
2026/09/25 02:18:51.539, 19291
2026/09/25 02:18:52.039, 19291
2026/09/25 02:18:52.540, 19291
2026/09/25 02:18:53.040, 19291
2026/09/25 02:18:53.540, 19291
2026/09/25 02:18:54.040, 19291
2026/09/25 02:18:54.540, 19291
2026/09/25 02:18:55.040, 19291
2026/09/25 02:18:55.540, 19291
2026/09/25 02:18:56.041, 19291
2026/09/25 02:18:56.541, 19291
2026/09/25 02:18:57.041, 19291
2026/09/25 02:18:57.541, 19291
2026/09/25 02:18:58.041, 19291
2026/09/25 02:18:58.541, 19291
2026/09/25 02:18:59.041, 19291
2026/09/25 02:18:59.542, 19291
2026/09/25 02:19:00.042, 19291
2026/09/25 02:19:00.542, 19291
2026/09/25 02:19:01.042, 19291
2026/09/25 02:19:01.542, 19291
2026/09/25 02:19:02.042, 19291
2026/09/25 02:19:02.542, 19291
2026/09/25 02:19:03.043, 19291
2026/09/25 02:19:03.543, 19291
2026/09/25 02:19:04.043, 19291
2026/09/25 02:19:04.543, 19291
2026/09/25 02:19:05.043, 19291
2026/09/25 02:19:05.543, 19291
2026/09/25 02:19:06.044, 19291
2026/09/25 02:19:06.544, 19291
2026/09/25 02:19:07.044, 19291
2026/09/25 02:19:07.544, 19291
2026/09/25 02:19:08.044, 19291
2026/09/25 02:19:08.544, 19291
2026/09/25 02:19:09.044, 19291
2026/09/25 02:19:09.545, 19291
2026/09/25 02:19:10.045, 19291
2026/09/25 02:19:10.545, 19291
2026/09/25 02:19:11.045, 19291
2026/09/25 02:19:11.545, 19291
2026/09/25 02:19:12.045, 19291
2026/09/25 02:19:12.545, 19291
2026/09/25 02:19:13.046, 19291
2026/09/25 02:19:13.546, 19291
2026/09/25 02:19:14.046, 19291
2026/09/25 02:19:14.546, 19291
2026/09/25 02:19:15.046, 19291
2026/09/25 02:19:15.546, 19291
2026/09/25 02:19:16.046, 19291
2026/09/25 02:19:16.547, 19291
2026/09/25 02:19:17.047, 19291
2026/09/25 02:19:17.547, 19291
2026/09/25 02:19:18.047, 19291
2026/09/25 02:19:18.547, 19291
2026/09/25 02:19:19.047, 19291
2026/09/25 02:19:19.547, 19291
2026/09/25 02:19:20.048, 19291
2026/09/25 02:19:20.548, 19291
2026/09/25 02:19:21.048, 19291
2026/09/25 02:19:21.548, 19291
2026/09/25 02:19:22.048, 19291
2026/09/25 02:19:22.548, 19291
2026/09/25 02:19:23.048, 19291
2026/09/25 02:19:23.549, 19291
2026/09/25 02:19:24.049, 19291
2026/09/25 02:19:24.549, 19291
2026/09/25 02:19:25.049, 19291
2026/09/25 02:19:25.549, 19291
2026/09/25 02:19:26.049, 19291
2026/09/25 02:19:26.549, 19291
2026/09/25 02:19:27.050, 19291
2026/09/25 02:19:27.550, 19291
2026/09/25 02:19:28.050, 19291
2026/09/25 02:19:28.550, 19291
2026/09/25 02:19:29.050, 19291
2026/09/25 02:19:29.550, 19291
2026/09/25 02:19:30.050, 19291
2026/09/25 02:19:30.551, 19291
2026/09/25 02:19:31.051, 19291
2026/09/25 02:19:31.551, 19291
2026/09/25 02:19:32.051, 19291
2026/09/25 02:19:32.551, 19291
2026/09/25 02:19:33.051, 19291
2026/09/25 02:19:33.551, 19291
2026/09/25 02:19:34.051, 19291
2026/09/25 02:19:34.552, 19291
2026/09/25 02:19:35.052, 19291
2026/09/25 02:19:35.552, 19291
2026/09/25 02:19:36.052, 19291
2026/09/25 02:19:36.552, 19291
2026/09/25 02:19:37.052, 19291
2026/09/25 02:19:37.552, 19291
2026/09/25 02:19:38.053, 19291
2026/09/25 02:19:38.553, 19291
2026/09/25 02:19:39.053, 19291
2026/09/25 02:19:39.553, 19291
2026/09/25 02:19:40.053, 19291
2026/09/25 02:19:40.553, 19291
2026/09/25 02:19:41.053, 19291
2026/09/25 02:19:41.554, 19291
2026/09/25 02:19:42.054, 19291
2026/09/25 02:19:42.554, 19291
2026/09/25 02:19:43.054, 19291
2026/09/25 02:19:43.554, 19291
2026/09/25 02:19:44.054, 19291
2026/09/25 02:19:44.554, 19291
2026/09/25 02:19:45.054, 19291
2026/09/25 02:19:45.555, 19291
2026/09/25 02:19:46.055, 19291
2026/09/25 02:19:46.555, 19291
2026/09/25 02:19:47.055, 19291
2026/09/25 02:19:47.555, 19291
2026/09/25 02:19:48.055, 19291
2026/09/25 02:19:48.555, 19291
2026/09/25 02:19:49.056, 19291
2026/09/25 02:19:49.556, 19291
2026/09/25 02:19:50.056, 19291
2026/09/25 02:19:50.556, 19291
2026/09/25 02:19:51.056, 19291
2026/09/25 02:19:51.556, 19291
2026/09/25 02:19:52.057, 19291
2026/09/25 02:19:52.557, 19291
2026/09/25 02:19:53.057, 19291
2026/09/25 02:19:53.557, 19291
2026/09/25 02:19:54.057, 19291
2026/09/25 02:19:54.557, 19291
2026/09/25 02:19:55.057, 19291
2026/09/25 02:19:55.558, 19291
2026/09/25 02:19:56.058, 19291
2026/09/25 02:19:56.558, 19291
2026/09/25 02:19:57.058, 19291
2026/09/25 02:19:57.558, 19291
2026/09/25 02:19:58.058, 19291
2026/09/25 02:19:58.558, 19291
2026/09/25 02:19:59.059, 19291
2026/09/25 02:19:59.559, 19291
2026/09/25 02:20:00.059, 19291
2026/09/25 02:20:00.559, 19291
2026/09/25 02:20:01.059, 19291
2026/09/25 02:20:01.559, 19291
2026/09/25 02:20:02.059, 19291
2026/09/25 02:20:02.559, 19291
2026/09/25 02:20:03.060, 19291
2026/09/25 02:20:03.560, 19291
2026/09/25 02:20:04.060, 19291
2026/09/25 02:20:04.560, 19291
2026/09/25 02:20:05.060, 19291
2026/09/25 02:20:05.561, 19291
2026/09/25 02:20:06.061, 19291
2026/09/25 02:20:06.561, 19291
2026/09/25 02:20:07.061, 19291
2026/09/25 02:20:07.561, 19291
2026/09/25 02:20:08.061, 19291
2026/09/25 02:20:08.561, 19291
2026/09/25 02:20:09.062, 19291
2026/09/25 02:20:09.562, 19291
2026/09/25 02:20:10.062, 19291
2026/09/25 02:20:10.562, 19291
2026/09/25 02:20:11.062, 19291
2026/09/25 02:20:11.562, 19291
2026/09/25 02:20:12.062, 19291
2026/09/25 02:20:12.563, 19291
2026/09/25 02:20:13.063, 19291
2026/09/25 02:20:13.563, 19291
2026/09/25 02:20:14.063, 19291
2026/09/25 02:20:14.563, 19291
2026/09/25 02:20:15.063, 19291
2026/09/25 02:20:15.564, 19291
2026/09/25 02:20:16.064, 19291
2026/09/25 02:20:16.564, 19291
2026/09/25 02:20:17.064, 19291
2026/09/25 02:20:17.564, 19291
2026/09/25 02:20:18.064, 19291
2026/09/25 02:20:18.564, 19291
2026/09/25 02:20:19.065, 19291
2026/09/25 02:20:19.565, 19291
2026/09/25 02:20:20.065, 19291
2026/09/25 02:20:20.565, 19291
2026/09/25 02:20:21.065, 19291
2026/09/25 02:20:21.565, 19291
2026/09/25 02:20:22.066, 19291
2026/09/25 02:20:22.566, 19291
2026/09/25 02:20:23.066, 19291
2026/09/25 02:20:23.566, 19291
2026/09/25 02:20:24.066, 19291
2026/09/25 02:20:24.566, 19291
2026/09/25 02:20:25.066, 19291
2026/09/25 02:20:25.567, 19291
2026/09/25 02:20:26.067, 19291
2026/09/25 02:20:26.567, 19291
2026/09/25 02:20:27.067, 19291
2026/09/25 02:20:27.567, 19291
2026/09/25 02:20:28.067, 19291
2026/09/25 02:20:28.568, 19291
2026/09/25 02:20:29.068, 19291
2026/09/25 02:20:29.568, 19291
2026/09/25 02:20:30.068, 19291
2026/09/25 02:20:30.568, 19291
2026/09/25 02:20:31.068, 19291
2026/09/25 02:20:31.568, 19291
2026/09/25 02:20:32.069, 19291
2026/09/25 02:20:32.569, 19291
2026/09/25 02:20:33.069, 19291
2026/09/25 02:20:33.569, 19291
2026/09/25 02:20:34.069, 19291
2026/09/25 02:20:34.569, 19291
2026/09/25 02:20:35.070, 19291
2026/09/25 02:20:35.570, 19291
2026/09/25 02:20:36.070, 19291
2026/09/25 02:20:36.570, 19291
2026/09/25 02:20:37.070, 19291
2026/09/25 02:20:37.570, 19291
2026/09/25 02:20:38.070, 19291
2026/09/25 02:20:38.571, 19291
2026/09/25 02:20:39.071, 19291
2026/09/25 02:20:39.571, 19291
2026/09/25 02:20:40.071, 19291
2026/09/25 02:20:40.571, 19291
2026/09/25 02:20:41.071, 19291
2026/09/25 02:20:41.572, 19291
2026/09/25 02:20:42.072, 19291
2026/09/25 02:20:42.572, 19291
2026/09/25 02:20:43.072, 19291
2026/09/25 02:20:43.572, 19291
2026/09/25 02:20:44.072, 19291
2026/09/25 02:20:44.573, 19291
2026/09/25 02:20:45.073, 19291
2026/09/25 02:20:45.573, 19291
2026/09/25 02:20:46.073, 19291
2026/09/25 02:20:46.573, 19291
2026/09/25 02:20:47.073, 19291
2026/09/25 02:20:47.573, 19291
2026/09/25 02:20:48.074, 19291
2026/09/25 02:20:48.574, 19291
2026/09/25 02:20:49.074, 19291
2026/09/25 02:20:49.574, 19291
2026/09/25 02:20:50.074, 19291
2026/09/25 02:20:50.574, 19291
2026/09/25 02:20:51.075, 19291
2026/09/25 02:20:51.575, 19291
2026/09/25 02:20:52.075, 19291
2026/09/25 02:20:52.575, 19291
2026/09/25 02:20:53.075, 19291
2026/09/25 02:20:53.575, 19291
2026/09/25 02:20:54.075, 19291
2026/09/25 02:20:54.576, 19291
2026/09/25 02:20:55.076, 19291
2026/09/25 02:20:55.576, 19291
2026/09/25 02:20:56.076, 19291
2026/09/25 02:20:56.577, 19291
2026/09/25 02:20:57.077, 19291
2026/09/25 02:20:57.577, 19291
2026/09/25 02:20:58.077, 19291
2026/09/25 02:20:58.577, 19291
2026/09/25 02:20:59.078, 19291
2026/09/25 02:20:59.578, 19291
2026/09/25 02:21:00.078, 19291
2026/09/25 02:21:00.578, 19291
2026/09/25 02:21:01.078, 19291
2026/09/25 02:21:01.578, 19291
2026/09/25 02:21:02.079, 19291
2026/09/25 02:21:02.579, 19291
2026/09/25 02:21:03.079, 19291
2026/09/25 02:21:03.579, 19291
2026/09/25 02:21:04.079, 19291
2026/09/25 02:21:04.579, 19291
2026/09/25 02:21:05.079, 19291
2026/09/25 02:21:05.580, 19291
2026/09/25 02:21:06.080, 19291
2026/09/25 02:21:06.580, 19291
2026/09/25 02:21:07.080, 19291
2026/09/25 02:21:07.580, 19291
2026/09/25 02:21:08.081, 19291
2026/09/25 02:21:08.581, 19291
2026/09/25 02:21:09.081, 19291
2026/09/25 02:21:09.581, 19291
2026/09/25 02:21:10.081, 19291
2026/09/25 02:21:10.581, 19291
2026/09/25 02:21:11.081, 19291
2026/09/25 02:21:11.582, 19291
2026/09/25 02:21:12.082, 19291
2026/09/25 02:21:12.582, 19291
2026/09/25 02:21:13.082, 19291
2026/09/25 02:21:13.582, 19291
2026/09/25 02:21:14.082, 19291
2026/09/25 02:21:14.583, 19291
2026/09/25 02:21:15.083, 19291
2026/09/25 02:21:15.583, 19291
2026/09/25 02:21:16.083, 19291
2026/09/25 02:21:16.583, 19291
2026/09/25 02:21:17.084, 19291
2026/09/25 02:21:17.584, 19291
2026/09/25 02:21:18.084, 19291
2026/09/25 02:21:18.584, 19291
2026/09/25 02:21:19.085, 19291
2026/09/25 02:21:19.585, 19291
2026/09/25 02:21:20.085, 19291
2026/09/25 02:21:20.585, 19291
2026/09/25 02:21:21.085, 19291
2026/09/25 02:21:21.585, 19291
2026/09/25 02:21:22.086, 19291
2026/09/25 02:21:22.586, 19291
2026/09/25 02:21:23.086, 19291
2026/09/25 02:21:23.586, 19291
2026/09/25 02:21:24.086, 19291
2026/09/25 02:21:24.586, 19291
2026/09/25 02:21:25.087, 19291
2026/09/25 02:21:25.587, 19291
2026/09/25 02:21:26.087, 19291
2026/09/25 02:21:26.587, 19291
2026/09/25 02:21:27.087, 19291
2026/09/25 02:21:27.587, 19291
2026/09/25 02:21:28.087, 19291
2026/09/25 02:21:28.588, 19291
2026/09/25 02:21:29.088, 19291
2026/09/25 02:21:29.588, 19291
2026/09/25 02:21:30.088, 19291
2026/09/25 02:21:30.588, 19291
2026/09/25 02:21:31.088, 19291
2026/09/25 02:21:31.589, 19291
2026/09/25 02:21:32.089, 19291
2026/09/25 02:21:32.589, 19291
2026/09/25 02:21:33.089, 19291
2026/09/25 02:21:33.589, 19291
2026/09/25 02:21:34.089, 19291
2026/09/25 02:21:34.590, 19291
2026/09/25 02:21:35.090, 19291
2026/09/25 02:21:35.590, 19291
2026/09/25 02:21:36.090, 19291
2026/09/25 02:21:36.590, 19291
2026/09/25 02:21:37.091, 19291
2026/09/25 02:21:37.591, 19291
2026/09/25 02:21:38.091, 19291
2026/09/25 02:21:38.591, 19291
2026/09/25 02:21:39.091, 19291
2026/09/25 02:21:39.591, 19291
2026/09/25 02:21:40.092, 19291
2026/09/25 02:21:40.592, 19291
2026/09/25 02:21:41.092, 19291
2026/09/25 02:21:41.592, 19291
2026/09/25 02:21:42.092, 19291
2026/09/25 02:21:42.592, 19291
2026/09/25 02:21:43.093, 19291
2026/09/25 02:21:43.593, 19291
2026/09/25 02:21:44.093, 19291
2026/09/25 02:21:44.593, 19291
2026/09/25 02:21:45.093, 19291
2026/09/25 02:21:45.593, 19291
2026/09/25 02:21:46.094, 19291
2026/09/25 02:21:46.594, 19291
2026/09/25 02:21:47.094, 19291
2026/09/25 02:21:47.594, 19291
2026/09/25 02:21:48.094, 19291
2026/09/25 02:21:48.594, 19291
2026/09/25 02:21:49.094, 19291
2026/09/25 02:21:49.595, 19291
2026/09/25 02:21:50.095, 19291
2026/09/25 02:21:50.595, 19291
2026/09/25 02:21:51.095, 19291
2026/09/25 02:21:51.595, 19291
2026/09/25 02:21:52.096, 19291
2026/09/25 02:21:52.596, 19291
2026/09/25 02:21:53.096, 19291
2026/09/25 02:21:53.596, 19291
2026/09/25 02:21:54.096, 19291
2026/09/25 02:21:54.596, 19291
2026/09/25 02:21:55.097, 19291
2026/09/25 02:21:55.597, 19291
2026/09/25 02:21:56.097, 19291
2026/09/25 02:21:56.597, 19291
2026/09/25 02:21:57.097, 19291
2026/09/25 02:21:57.597, 19291
2026/09/25 02:21:58.098, 19291
2026/09/25 02:21:58.598, 19291
2026/09/25 02:21:59.098, 19291
2026/09/25 02:21:59.598, 19291
2026/09/25 02:22:00.098, 19291
2026/09/25 02:22:00.598, 19291
2026/09/25 02:22:01.099, 19291
2026/09/25 02:22:01.599, 19291
2026/09/25 02:22:02.099, 19291
2026/09/25 02:22:02.599, 19291
2026/09/25 02:22:03.099, 19291
2026/09/25 02:22:03.599, 19291
2026/09/25 02:22:04.099, 19291
2026/09/25 02:22:04.600, 19291
2026/09/25 02:22:05.100, 19291
2026/09/25 02:22:05.600, 19291
2026/09/25 02:22:06.100, 19291
2026/09/25 02:22:06.600, 19291
2026/09/25 02:22:07.100, 19291
2026/09/25 02:22:07.601, 19291
2026/09/25 02:22:08.101, 19291
2026/09/25 02:22:08.601, 19291
2026/09/25 02:22:09.101, 19291
2026/09/25 02:22:09.601, 19291
2026/09/25 02:22:10.101, 19291
2026/09/25 02:22:10.601, 19291
2026/09/25 02:22:11.102, 19291
2026/09/25 02:22:11.602, 19291
2026/09/25 02:22:12.102, 19291
2026/09/25 02:22:12.602, 19291
2026/09/25 02:22:13.102, 19291
2026/09/25 02:22:13.602, 19291
2026/09/25 02:22:14.102, 19291
2026/09/25 02:22:14.603, 19291
2026/09/25 02:22:15.103, 19291
2026/09/25 02:22:15.603, 19291
2026/09/25 02:22:16.103, 19291
2026/09/25 02:22:16.603, 19291
2026/09/25 02:22:17.103, 19291
2026/09/25 02:22:17.603, 19291
2026/09/25 02:22:18.104, 19291
2026/09/25 02:22:18.604, 19291
2026/09/25 02:22:19.104, 19291
2026/09/25 02:22:19.604, 19291
2026/09/25 02:22:20.104, 19291
2026/09/25 02:22:20.604, 19291
2026/09/25 02:22:21.105, 19291
2026/09/25 02:22:21.605, 19291
2026/09/25 02:22:22.105, 19291
2026/09/25 02:22:22.605, 19291
2026/09/25 02:22:23.105, 19291
2026/09/25 02:22:23.605, 19291
2026/09/25 02:22:24.105, 19291
2026/09/25 02:22:24.606, 19291
2026/09/25 02:22:25.106, 19291
2026/09/25 02:22:25.606, 19291
2026/09/25 02:22:26.106, 19291
2026/09/25 02:22:26.606, 19291
2026/09/25 02:22:27.106, 19291
2026/09/25 02:22:27.607, 19291
2026/09/25 02:22:28.107, 19291
2026/09/25 02:22:28.607, 19291
2026/09/25 02:22:29.107, 19291
2026/09/25 02:22:29.607, 19291
2026/09/25 02:22:30.107, 19291
2026/09/25 02:22:30.607, 19291
2026/09/25 02:22:31.108, 19291
2026/09/25 02:22:31.608, 19291
2026/09/25 02:22:32.108, 19291
2026/09/25 02:22:32.608, 19291
2026/09/25 02:22:33.108, 19291
2026/09/25 02:22:33.608, 19291
2026/09/25 02:22:34.109, 19291
2026/09/25 02:22:34.609, 19291
2026/09/25 02:22:35.109, 19291
2026/09/25 02:22:35.609, 19291
2026/09/25 02:22:36.109, 19291
2026/09/25 02:22:36.609, 19291
2026/09/25 02:22:37.110, 19291
2026/09/25 02:22:37.610, 19291
2026/09/25 02:22:38.110, 19291
2026/09/25 02:22:38.610, 19291
2026/09/25 02:22:39.110, 19291
2026/09/25 02:22:39.610, 19291
2026/09/25 02:22:40.111, 19291
2026/09/25 02:22:40.611, 19291
2026/09/25 02:22:41.111, 19291
2026/09/25 02:22:41.611, 19291
2026/09/25 02:22:42.111, 19291
2026/09/25 02:22:42.611, 19291
2026/09/25 02:22:43.112, 19291
2026/09/25 02:22:43.612, 19291
2026/09/25 02:22:44.112, 19291
2026/09/25 02:22:44.612, 19291
2026/09/25 02:22:45.112, 19291
2026/09/25 02:22:45.612, 19291
2026/09/25 02:22:46.113, 19291
2026/09/25 02:22:46.613, 19291
2026/09/25 02:22:47.113, 19291
2026/09/25 02:22:47.613, 19291
2026/09/25 02:22:48.113, 19291
2026/09/25 02:22:48.613, 19291
2026/09/25 02:22:49.114, 19291
2026/09/25 02:22:49.614, 19291
2026/09/25 02:22:50.114, 19291
2026/09/25 02:22:50.614, 19291
2026/09/25 02:22:51.114, 19291
2026/09/25 02:22:51.614, 19291
2026/09/25 02:22:52.115, 19291
2026/09/25 02:22:52.615, 19291
2026/09/25 02:22:53.115, 19291
2026/09/25 02:22:53.615, 19291
2026/09/25 02:22:54.115, 19291
2026/09/25 02:22:54.615, 19291
2026/09/25 02:22:55.116, 19291
2026/09/25 02:22:55.616, 19689
2026/09/25 02:22:56.116, 19689
2026/09/25 02:22:56.616, 19689
2026/09/25 02:22:57.116, 19689
2026/09/25 02:22:57.616, 19689
2026/09/25 02:22:58.117, 19689
2026/09/25 02:22:58.617, 19689
2026/09/25 02:22:59.117, 19689
2026/09/25 02:22:59.617, 19689
2026/09/25 02:23:00.117, 19689
2026/09/25 02:23:00.617, 19689
2026/09/25 02:23:01.118, 19689
2026/09/25 02:23:01.618, 19689
2026/09/25 02:23:02.118, 19689
2026/09/25 02:23:02.618, 19689
2026/09/25 02:23:03.118, 19689
2026/09/25 02:23:03.618, 19689
2026/09/25 02:23:04.118, 19689
2026/09/25 02:23:04.619, 19689
2026/09/25 02:23:05.119, 19689
2026/09/25 02:23:05.619, 19689
2026/09/25 02:23:06.119, 19689
2026/09/25 02:23:06.619, 19689
2026/09/25 02:23:07.119, 19689
2026/09/25 02:23:07.620, 19689
2026/09/25 02:23:08.120, 19689
2026/09/25 02:23:08.620, 19689
2026/09/25 02:23:09.120, 19689
2026/09/25 02:23:09.620, 19689
2026/09/25 02:23:10.120, 19689
2026/09/25 02:23:10.621, 19689
2026/09/25 02:23:11.121, 19689
2026/09/25 02:23:11.621, 19689
2026/09/25 02:23:12.121, 19689
2026/09/25 02:23:12.621, 19689
2026/09/25 02:23:13.121, 19689
2026/09/25 02:23:13.622, 19689
2026/09/25 02:23:14.122, 19689
2026/09/25 02:23:14.622, 19689
2026/09/25 02:23:15.122, 19689
2026/09/25 02:23:15.622, 19689
2026/09/25 02:23:16.122, 19689
2026/09/25 02:23:16.623, 19689
2026/09/25 02:23:17.123, 19689
2026/09/25 02:23:17.623, 19689
2026/09/25 02:23:18.123, 19689
2026/09/25 02:23:18.623, 19689
2026/09/25 02:23:19.123, 19689
2026/09/25 02:23:19.623, 19689
2026/09/25 02:23:20.124, 19689
2026/09/25 02:23:20.624, 19689
2026/09/25 02:23:21.124, 19689
2026/09/25 02:23:21.624, 19689
2026/09/25 02:23:22.124, 19689
2026/09/25 02:23:22.624, 19689
2026/09/25 02:23:23.124, 19689
2026/09/25 02:23:23.625, 19689
2026/09/25 02:23:24.125, 19689
2026/09/25 02:23:24.625, 19689
2026/09/25 02:23:25.125, 19689
2026/09/25 02:23:25.625, 19689
2026/09/25 02:23:26.125, 19689
2026/09/25 02:23:26.625, 19689
2026/09/25 02:23:27.126, 19689
2026/09/25 02:23:27.626, 19689
2026/09/25 02:23:28.126, 19689
2026/09/25 02:23:28.626, 19689
2026/09/25 02:23:29.126, 19689
2026/09/25 02:23:29.626, 19689
2026/09/25 02:23:30.127, 19689
2026/09/25 02:23:30.627, 19689
2026/09/25 02:23:31.127, 19689
2026/09/25 02:23:31.627, 19689
2026/09/25 02:23:32.127, 19689
2026/09/25 02:23:32.627, 19689
2026/09/25 02:23:33.128, 19689
2026/09/25 02:23:33.628, 19689
2026/09/25 02:23:34.128, 19689
2026/09/25 02:23:34.628, 19689
2026/09/25 02:23:35.128, 19689
2026/09/25 02:23:35.628, 19689
2026/09/25 02:23:36.128, 19689
2026/09/25 02:23:36.629, 19689
2026/09/25 02:23:37.129, 19689
2026/09/25 02:23:37.629, 19689
2026/09/25 02:23:38.129, 19689
2026/09/25 02:23:38.629, 19689
2026/09/25 02:23:39.130, 19689
2026/09/25 02:23:39.630, 19689
2026/09/25 02:23:40.130, 19689
2026/09/25 02:23:40.630, 19689
2026/09/25 02:23:41.130, 19689
2026/09/25 02:23:41.630, 19689
2026/09/25 02:23:42.131, 19689
2026/09/25 02:23:42.631, 19689
2026/09/25 02:23:43.131, 19689
2026/09/25 02:23:43.631, 19689
2026/09/25 02:23:44.131, 19689
2026/09/25 02:23:44.631, 19689
2026/09/25 02:23:45.131, 19689
2026/09/25 02:23:45.632, 19689
2026/09/25 02:23:46.132, 19689
2026/09/25 02:23:46.632, 19689
2026/09/25 02:23:47.132, 19689
2026/09/25 02:23:47.632, 19689
2026/09/25 02:23:48.132, 19689
2026/09/25 02:23:48.632, 19689
2026/09/25 02:23:49.133, 19689
2026/09/25 02:23:49.633, 19689
2026/09/25 02:23:50.133, 19689
2026/09/25 02:23:50.633, 19689
2026/09/25 02:23:51.133, 19689
2026/09/25 02:23:51.633, 19689
2026/09/25 02:23:52.133, 19689
2026/09/25 02:23:52.634, 19689
2026/09/25 02:23:53.134, 19689
2026/09/25 02:23:53.634, 19689
2026/09/25 02:23:54.134, 19689
2026/09/25 02:23:54.634, 19689
2026/09/25 02:23:55.134, 19689
2026/09/25 02:23:55.634, 19689
2026/09/25 02:23:56.134, 19689
2026/09/25 02:23:56.635, 19689
2026/09/25 02:23:57.135, 19689
2026/09/25 02:23:57.635, 19689
2026/09/25 02:23:58.135, 19689
2026/09/25 02:23:58.635, 19689
2026/09/25 02:23:59.135, 19689
2026/09/25 02:23:59.635, 19689
2026/09/25 02:24:00.136, 19689
2026/09/25 02:24:00.636, 19689
2026/09/25 02:24:01.136, 19689
2026/09/25 02:24:01.636, 19689
2026/09/25 02:24:02.136, 19689
2026/09/25 02:24:02.636, 19689
2026/09/25 02:24:03.136, 19689
2026/09/25 02:24:03.637, 19689
2026/09/25 02:24:04.137, 19689
2026/09/25 02:24:04.637, 19689
2026/09/25 02:24:05.137, 19689
2026/09/25 02:24:05.637, 19689
2026/09/25 02:24:06.137, 19689
2026/09/25 02:24:06.638, 19689
2026/09/25 02:24:07.138, 19689
2026/09/25 02:24:07.638, 19689
2026/09/25 02:24:08.138, 19689
2026/09/25 02:24:08.638, 19689
2026/09/25 02:24:09.139, 19689
2026/09/25 02:24:09.639, 19689
2026/09/25 02:24:10.139, 19689
2026/09/25 02:24:10.639, 19689
2026/09/25 02:24:11.139, 19689
2026/09/25 02:24:11.639, 19689
2026/09/25 02:24:12.139, 19689
2026/09/25 02:24:12.640, 19689
2026/09/25 02:24:13.140, 19689
2026/09/25 02:24:13.640, 19689
2026/09/25 02:24:14.140, 19689
2026/09/25 02:24:14.640, 19689
2026/09/25 02:24:15.140, 19689
2026/09/25 02:24:15.640, 19689
2026/09/25 02:24:16.141, 19689
2026/09/25 02:24:16.641, 19689
2026/09/25 02:24:17.141, 19689
2026/09/25 02:24:17.641, 19689
2026/09/25 02:24:18.141, 19689
2026/09/25 02:24:18.641, 19689
2026/09/25 02:24:19.141, 19689
2026/09/25 02:24:19.642, 19689
2026/09/25 02:24:20.142, 19689
2026/09/25 02:24:20.642, 19689
2026/09/25 02:24:21.142, 19689
2026/09/25 02:24:21.642, 19689
2026/09/25 02:24:22.142, 19689
2026/09/25 02:24:22.642, 19689
2026/09/25 02:24:23.143, 19689
2026/09/25 02:24:23.643, 19689
2026/09/25 02:24:24.143, 19689
2026/09/25 02:24:24.643, 19689
2026/09/25 02:24:25.143, 19689
2026/09/25 02:24:25.643, 19689
2026/09/25 02:24:26.143, 19689
2026/09/25 02:24:26.643, 19689
2026/09/25 02:24:27.144, 19689
2026/09/25 02:24:27.644, 19689
2026/09/25 02:24:28.144, 19689
2026/09/25 02:24:28.644, 19689
2026/09/25 02:24:29.144, 19689
2026/09/25 02:24:29.644, 19689
2026/09/25 02:24:30.144, 19689
2026/09/25 02:24:30.645, 19689
2026/09/25 02:24:31.145, 19689
2026/09/25 02:24:31.645, 19689
2026/09/25 02:24:32.145, 19689
2026/09/25 02:24:32.645, 19689
2026/09/25 02:24:33.145, 19689
2026/09/25 02:24:33.645, 19689
2026/09/25 02:24:34.145, 19689
2026/09/25 02:24:34.646, 19689
2026/09/25 02:24:35.146, 19689
2026/09/25 02:24:35.646, 19689
2026/09/25 02:24:36.146, 19689
2026/09/25 02:24:36.646, 19689
2026/09/25 02:24:37.146, 19689
2026/09/25 02:24:37.646, 19689
2026/09/25 02:24:38.147, 19689
2026/09/25 02:24:38.647, 19689
2026/09/25 02:24:39.147, 19689
2026/09/25 02:24:39.647, 19689
2026/09/25 02:24:40.147, 19689
2026/09/25 02:24:40.648, 19689
2026/09/25 02:24:41.148, 19689
2026/09/25 02:24:41.648, 19689
2026/09/25 02:24:42.149, 19689
2026/09/25 02:24:42.649, 19689
2026/09/25 02:24:43.149, 19689
2026/09/25 02:24:43.649, 19689
2026/09/25 02:24:44.149, 19689
2026/09/25 02:24:44.649, 19689
2026/09/25 02:24:45.149, 19689
2026/09/25 02:24:45.650, 19689
2026/09/25 02:24:46.150, 19689
2026/09/25 02:24:46.650, 19689
2026/09/25 02:24:47.150, 19689
2026/09/25 02:24:47.650, 19689
2026/09/25 02:24:48.150, 19689
2026/09/25 02:24:48.651, 19689
2026/09/25 02:24:49.151, 19689
2026/09/25 02:24:49.651, 19689
2026/09/25 02:24:50.151, 19689
2026/09/25 02:24:50.651, 19689
2026/09/25 02:24:51.151, 19689
2026/09/25 02:24:51.652, 19689
2026/09/25 02:24:52.152, 19689
2026/09/25 02:24:52.652, 19689
2026/09/25 02:24:53.152, 19689
2026/09/25 02:24:53.652, 19689
2026/09/25 02:24:54.152, 19689
2026/09/25 02:24:54.653, 19689
2026/09/25 02:24:55.153, 19689
2026/09/25 02:24:55.653, 19689
2026/09/25 02:24:56.153, 19689
2026/09/25 02:24:56.653, 19689
2026/09/25 02:24:57.153, 19689
2026/09/25 02:24:57.653, 19689
2026/09/25 02:24:58.154, 19689
2026/09/25 02:24:58.654, 19689
2026/09/25 02:24:59.154, 19689
2026/09/25 02:24:59.654, 19689
2026/09/25 02:25:00.154, 19689
2026/09/25 02:25:00.654, 19689
2026/09/25 02:25:01.155, 19689
2026/09/25 02:25:01.655, 19689
2026/09/25 02:25:02.155, 19689
2026/09/25 02:25:02.655, 19689
2026/09/25 02:25:03.155, 19689
2026/09/25 02:25:03.655, 19689
2026/09/25 02:25:04.156, 19689
2026/09/25 02:25:04.656, 19689
2026/09/25 02:25:05.156, 19689
2026/09/25 02:25:05.656, 19689
2026/09/25 02:25:06.156, 19689
2026/09/25 02:25:06.656, 19689
2026/09/25 02:25:07.157, 19689
2026/09/25 02:25:07.657, 19689
2026/09/25 02:25:08.157, 19689
2026/09/25 02:25:08.657, 19689
2026/09/25 02:25:09.157, 19689
2026/09/25 02:25:09.657, 19689
2026/09/25 02:25:10.158, 19689
2026/09/25 02:25:10.658, 19689
2026/09/25 02:25:11.158, 19689
2026/09/25 02:25:11.658, 19689
2026/09/25 02:25:12.158, 19689
2026/09/25 02:25:12.658, 19689
2026/09/25 02:25:13.159, 19689
2026/09/25 02:25:13.659, 19689
2026/09/25 02:25:14.159, 19689
2026/09/25 02:25:14.659, 19689
2026/09/25 02:25:15.159, 19689
2026/09/25 02:25:15.659, 19689
2026/09/25 02:25:16.160, 19689
2026/09/25 02:25:16.660, 19689
2026/09/25 02:25:17.160, 19689
2026/09/25 02:25:17.660, 19689
2026/09/25 02:25:18.160, 19689
2026/09/25 02:25:18.660, 19689
2026/09/25 02:25:19.161, 19689
2026/09/25 02:25:19.661, 19689
2026/09/25 02:25:20.161, 19689
2026/09/25 02:25:20.661, 19689
2026/09/25 02:25:21.161, 19689
2026/09/25 02:25:21.661, 19689
2026/09/25 02:25:22.162, 19689
2026/09/25 02:25:22.662, 19689
2026/09/25 02:25:23.162, 19689
2026/09/25 02:25:23.662, 19689
2026/09/25 02:25:24.162, 19689
2026/09/25 02:25:24.662, 19689
2026/09/25 02:25:25.162, 19689
2026/09/25 02:25:25.663, 19689
2026/09/25 02:25:26.163, 19689
2026/09/25 02:25:26.663, 19689
2026/09/25 02:25:27.163, 19689
2026/09/25 02:25:27.663, 19689
2026/09/25 02:25:28.163, 19689
2026/09/25 02:25:28.664, 19689
2026/09/25 02:25:29.164, 19689
2026/09/25 02:25:29.664, 19689
2026/09/25 02:25:30.164, 19689
2026/09/25 02:25:30.664, 19689
2026/09/25 02:25:31.165, 19689
2026/09/25 02:25:31.665, 19689
2026/09/25 02:25:32.165, 19689
2026/09/25 02:25:32.665, 19689
2026/09/25 02:25:33.165, 19689
2026/09/25 02:25:33.665, 19689
2026/09/25 02:25:34.166, 19689
2026/09/25 02:25:34.666, 19689
2026/09/25 02:25:35.166, 19689
2026/09/25 02:25:35.666, 19689
2026/09/25 02:25:36.166, 19689
2026/09/25 02:25:36.666, 19689
2026/09/25 02:25:37.167, 19689
2026/09/25 02:25:37.667, 19689
2026/09/25 02:25:38.167, 19689
2026/09/25 02:25:38.667, 19689
2026/09/25 02:25:39.167, 19689
2026/09/25 02:25:39.667, 19689
2026/09/25 02:25:40.167, 19689
2026/09/25 02:25:40.668, 19689
2026/09/25 02:25:41.168, 19689
2026/09/25 02:25:41.668, 19689
2026/09/25 02:25:42.168, 19689
2026/09/25 02:25:42.668, 19689
2026/09/25 02:25:43.168, 19689
2026/09/25 02:25:43.669, 19689
2026/09/25 02:25:44.169, 19689
2026/09/25 02:25:44.669, 19689
2026/09/25 02:25:45.169, 19689
2026/09/25 02:25:45.669, 19689
2026/09/25 02:25:46.169, 19689
2026/09/25 02:25:46.670, 19689
2026/09/25 02:25:47.170, 19689
2026/09/25 02:25:47.670, 19689
2026/09/25 02:25:48.170, 19689
2026/09/25 02:25:48.670, 19689
2026/09/25 02:25:49.170, 19689
2026/09/25 02:25:49.670, 19689
2026/09/25 02:25:50.171, 19689
2026/09/25 02:25:50.671, 19689
2026/09/25 02:25:51.171, 19689
2026/09/25 02:25:51.671, 19689
2026/09/25 02:25:52.171, 19689
2026/09/25 02:25:52.671, 19689
2026/09/25 02:25:53.171, 19689
2026/09/25 02:25:53.672, 19689
2026/09/25 02:25:54.172, 19689
2026/09/25 02:25:54.672, 19689
2026/09/25 02:25:55.172, 19689
2026/09/25 02:25:55.672, 19689
2026/09/25 02:25:56.172, 19689
2026/09/25 02:25:56.673, 19689
2026/09/25 02:25:57.173, 19689
2026/09/25 02:25:57.673, 19689
2026/09/25 02:25:58.173, 19689
2026/09/25 02:25:58.673, 19689
2026/09/25 02:25:59.173, 19689
2026/09/25 02:25:59.673, 19689
2026/09/25 02:26:00.174, 19689
2026/09/25 02:26:00.674, 19689
2026/09/25 02:26:01.174, 19689
2026/09/25 02:26:01.674, 19689
2026/09/25 02:26:02.174, 19689
2026/09/25 02:26:02.674, 19689
2026/09/25 02:26:03.175, 19689
2026/09/25 02:26:03.675, 19689
2026/09/25 02:26:04.175, 19689
2026/09/25 02:26:04.675, 19689
2026/09/25 02:26:05.175, 19689
2026/09/25 02:26:05.675, 19689
2026/09/25 02:26:06.175, 19689
2026/09/25 02:26:06.676, 19689
2026/09/25 02:26:07.176, 19689
2026/09/25 02:26:07.676, 19689
2026/09/25 02:26:08.176, 19689
2026/09/25 02:26:08.676, 19689
2026/09/25 02:26:09.176, 19689
2026/09/25 02:26:09.676, 19689
2026/09/25 02:26:10.177, 19689
2026/09/25 02:26:10.677, 19689
2026/09/25 02:26:11.177, 19689
2026/09/25 02:26:11.677, 19689
2026/09/25 02:26:12.177, 19689
2026/09/25 02:26:12.677, 19689
2026/09/25 02:26:13.177, 19689
2026/09/25 02:26:13.678, 19689
2026/09/25 02:26:14.178, 19689
2026/09/25 02:26:14.678, 19689
2026/09/25 02:26:15.178, 19689
2026/09/25 02:26:15.678, 19689
2026/09/25 02:26:16.178, 19689
2026/09/25 02:26:16.678, 19689
2026/09/25 02:26:17.178, 19689
2026/09/25 02:26:17.679, 19689
2026/09/25 02:26:18.179, 19689
2026/09/25 02:26:18.679, 19689
2026/09/25 02:26:19.179, 19689
2026/09/25 02:26:19.679, 19689
2026/09/25 02:26:20.179, 19689
2026/09/25 02:26:20.679, 19689
2026/09/25 02:26:21.179, 19689
2026/09/25 02:26:21.679, 19689
2026/09/25 02:26:22.180, 19689
2026/09/25 02:26:22.680, 19689
2026/09/25 02:26:23.180, 19689
2026/09/25 02:26:23.680, 19689
2026/09/25 02:26:24.180, 19689
2026/09/25 02:26:24.680, 19689
2026/09/25 02:26:25.180, 19689
2026/09/25 02:26:25.680, 19689
2026/09/25 02:26:26.180, 19689
2026/09/25 02:26:26.681, 19689
2026/09/25 02:26:27.181, 19689
2026/09/25 02:26:27.681, 19689
2026/09/25 02:26:28.181, 19689
2026/09/25 02:26:28.681, 19689
2026/09/25 02:26:29.181, 19689
2026/09/25 02:26:29.681, 19689
2026/09/25 02:26:30.182, 19689
2026/09/25 02:26:30.682, 19689
2026/09/25 02:26:31.182, 19689
2026/09/25 02:26:31.682, 19689
2026/09/25 02:26:32.182, 19689
2026/09/25 02:26:32.682, 19689
2026/09/25 02:26:33.183, 19689
2026/09/25 02:26:33.683, 19689
2026/09/25 02:26:34.183, 19689
2026/09/25 02:26:34.683, 19689
2026/09/25 02:26:35.183, 19689
2026/09/25 02:26:35.683, 19689
2026/09/25 02:26:36.184, 19689
2026/09/25 02:26:36.684, 19689
2026/09/25 02:26:37.184, 19689
2026/09/25 02:26:37.684, 19689
2026/09/25 02:26:38.184, 19689
2026/09/25 02:26:38.684, 19689
2026/09/25 02:26:39.184, 19689
2026/09/25 02:26:39.685, 19689
2026/09/25 02:26:40.185, 19689
2026/09/25 02:26:40.685, 19689
2026/09/25 02:26:41.185, 19689
2026/09/25 02:26:41.685, 19689
2026/09/25 02:26:42.185, 19689
2026/09/25 02:26:42.685, 19689
2026/09/25 02:26:43.186, 19689
2026/09/25 02:26:43.686, 19689
2026/09/25 02:26:44.186, 19689
2026/09/25 02:26:44.686, 19689
2026/09/25 02:26:45.186, 19689
2026/09/25 02:26:45.686, 19689
2026/09/25 02:26:46.187, 19689
2026/09/25 02:26:46.687, 19689
2026/09/25 02:26:47.187, 19689
2026/09/25 02:26:47.687, 19689
2026/09/25 02:26:48.187, 19689
2026/09/25 02:26:48.687, 19689
2026/09/25 02:26:49.187, 19689
2026/09/25 02:26:49.688, 19689
2026/09/25 02:26:50.188, 19689
2026/09/25 02:26:50.688, 19689
2026/09/25 02:26:51.188, 19689
2026/09/25 02:26:51.688, 19689
2026/09/25 02:26:52.188, 19689
2026/09/25 02:26:52.689, 19689
2026/09/25 02:26:53.189, 19689
2026/09/25 02:26:53.689, 19689
2026/09/25 02:26:54.189, 19689
2026/09/25 02:26:54.689, 19689
2026/09/25 02:26:55.189, 19689
2026/09/25 02:26:55.689, 19689
2026/09/25 02:26:56.190, 19689
2026/09/25 02:26:56.690, 19689
2026/09/25 02:26:57.190, 19689
2026/09/25 02:26:57.690, 19689
2026/09/25 02:26:58.190, 19689
2026/09/25 02:26:58.690, 19689
2026/09/25 02:26:59.191, 19689
2026/09/25 02:26:59.691, 19689
2026/09/25 02:27:00.191, 19689
2026/09/25 02:27:00.691, 19689
2026/09/25 02:27:01.191, 19689
2026/09/25 02:27:01.691, 19689
2026/09/25 02:27:02.192, 19689
2026/09/25 02:27:02.692, 19689
2026/09/25 02:27:03.192, 19689
2026/09/25 02:27:03.692, 19689
2026/09/25 02:27:04.192, 19689
2026/09/25 02:27:04.692, 19689
2026/09/25 02:27:05.192, 19689
2026/09/25 02:27:05.693, 19689
2026/09/25 02:27:06.193, 19689
2026/09/25 02:27:06.693, 19689
2026/09/25 02:27:07.193, 19689
2026/09/25 02:27:07.693, 19689
2026/09/25 02:27:08.193, 19689
2026/09/25 02:27:08.693, 19689
2026/09/25 02:27:09.194, 19689
2026/09/25 02:27:09.694, 19689
2026/09/25 02:27:10.194, 19689
2026/09/25 02:27:10.694, 19689
2026/09/25 02:27:11.194, 19689
2026/09/25 02:27:11.694, 19689
2026/09/25 02:27:12.194, 19689
2026/09/25 02:27:12.695, 19689
2026/09/25 02:27:13.195, 19689
2026/09/25 02:27:13.695, 19689
2026/09/25 02:27:14.195, 19689
2026/09/25 02:27:14.695, 19689
2026/09/25 02:27:15.195, 19689
2026/09/25 02:27:15.695, 19689
2026/09/25 02:27:16.196, 19689
2026/09/25 02:27:16.696, 19689
2026/09/25 02:27:17.196, 19689
2026/09/25 02:27:17.696, 19689
2026/09/25 02:27:18.196, 19689
2026/09/25 02:27:18.696, 19689
2026/09/25 02:27:19.197, 19689
2026/09/25 02:27:19.697, 19689
2026/09/25 02:27:20.197, 19689
2026/09/25 02:27:20.697, 19689
2026/09/25 02:27:21.197, 19689
2026/09/25 02:27:21.697, 19689
2026/09/25 02:27:22.197, 19689
2026/09/25 02:27:22.698, 19689
2026/09/25 02:27:23.198, 19689
2026/09/25 02:27:23.698, 19689
2026/09/25 02:27:24.198, 19689
2026/09/25 02:27:24.698, 19689
2026/09/25 02:27:25.198, 19689
2026/09/25 02:27:25.698, 19689
2026/09/25 02:27:26.199, 19689
2026/09/25 02:27:26.699, 19689
2026/09/25 02:27:27.199, 19689
2026/09/25 02:27:27.699, 19689
2026/09/25 02:27:28.199, 19689
2026/09/25 02:27:28.699, 19689
2026/09/25 02:27:29.200, 19689
2026/09/25 02:27:29.700, 19689
2026/09/25 02:27:30.200, 19689
2026/09/25 02:27:30.700, 19689
2026/09/25 02:27:31.200, 19689
2026/09/25 02:27:31.700, 19689
2026/09/25 02:27:32.200, 19689
2026/09/25 02:27:32.701, 19689
2026/09/25 02:27:33.201, 19689
2026/09/25 02:27:33.701, 19689
2026/09/25 02:27:34.201, 19689
2026/09/25 02:27:34.701, 19689
2026/09/25 02:27:35.201, 19689
2026/09/25 02:27:35.702, 19689
2026/09/25 02:27:36.202, 19689
2026/09/25 02:27:36.702, 19689
2026/09/25 02:27:37.202, 19689
2026/09/25 02:27:37.702, 19689
2026/09/25 02:27:38.202, 19689
2026/09/25 02:27:38.702, 19689
2026/09/25 02:27:39.203, 19689
2026/09/25 02:27:39.703, 19689
2026/09/25 02:27:40.203, 19689
2026/09/25 02:27:40.703, 19689
2026/09/25 02:27:41.203, 19689
2026/09/25 02:27:41.703, 19689
2026/09/25 02:27:42.203, 19689
2026/09/25 02:27:42.704, 19689
2026/09/25 02:27:43.204, 19689
2026/09/25 02:27:43.704, 19689
2026/09/25 02:27:44.204, 19689
2026/09/25 02:27:44.704, 19689
2026/09/25 02:27:45.204, 19689
2026/09/25 02:27:45.704, 19689
2026/09/25 02:27:46.205, 19689
2026/09/25 02:27:46.705, 19689
2026/09/25 02:27:47.205, 19689
2026/09/25 02:27:47.705, 19689
2026/09/25 02:27:48.205, 19689
2026/09/25 02:27:48.705, 19689
2026/09/25 02:27:49.205, 19689
2026/09/25 02:27:49.706, 19689
2026/09/25 02:27:50.206, 19689
2026/09/25 02:27:50.706, 19689
2026/09/25 02:27:51.206, 19689
2026/09/25 02:27:51.706, 19689
2026/09/25 02:27:52.206, 19689
2026/09/25 02:27:52.707, 19689
2026/09/25 02:27:53.207, 19689
2026/09/25 02:27:53.707, 19689
2026/09/25 02:27:54.207, 19689
2026/09/25 02:27:54.707, 19689
2026/09/25 02:27:55.207, 19689
2026/09/25 02:27:55.707, 19689
2026/09/25 02:27:56.208, 19689
2026/09/25 02:27:56.708, 19689
2026/09/25 02:27:57.208, 19689
2026/09/25 02:27:57.708, 19689
2026/09/25 02:27:58.208, 19689
2026/09/25 02:27:58.708, 19689
2026/09/25 02:27:59.209, 19689
2026/09/25 02:27:59.709, 19689
2026/09/25 02:28:00.209, 19689
2026/09/25 02:28:00.709, 19689
2026/09/25 02:28:01.209, 19689
2026/09/25 02:28:01.709, 19689
2026/09/25 02:28:02.210, 19689
2026/09/25 02:28:02.710, 19689
2026/09/25 02:28:03.210, 19689
2026/09/25 02:28:03.710, 19689
2026/09/25 02:28:04.210, 19689
2026/09/25 02:28:04.710, 19689
2026/09/25 02:28:05.211, 19689
2026/09/25 02:28:05.711, 19689
2026/09/25 02:28:06.211, 19689
2026/09/25 02:28:06.711, 19689
2026/09/25 02:28:07.212, 19689
2026/09/25 02:28:07.712, 19689
2026/09/25 02:28:08.212, 19689
2026/09/25 02:28:08.712, 19689
2026/09/25 02:28:09.212, 19689
2026/09/25 02:28:09.712, 19689
2026/09/25 02:28:10.212, 19689
2026/09/25 02:28:10.713, 19689
2026/09/25 02:28:11.213, 19689
2026/09/25 02:28:11.713, 19689
2026/09/25 02:28:12.213, 19689
2026/09/25 02:28:12.713, 19689
2026/09/25 02:28:13.213, 19689
2026/09/25 02:28:13.714, 19689
2026/09/25 02:28:14.214, 19689
2026/09/25 02:28:14.714, 19689
2026/09/25 02:28:15.214, 19689
2026/09/25 02:28:15.714, 19689
2026/09/25 02:28:16.214, 19689
2026/09/25 02:28:16.715, 19689
2026/09/25 02:28:17.215, 19689
2026/09/25 02:28:17.715, 19689
2026/09/25 02:28:18.215, 19689
2026/09/25 02:28:18.715, 19689
2026/09/25 02:28:19.216, 19689
2026/09/25 02:28:19.716, 19689
2026/09/25 02:28:20.216, 19689
2026/09/25 02:28:20.716, 19689
2026/09/25 02:28:21.216, 19689
2026/09/25 02:28:21.716, 19689
2026/09/25 02:28:22.217, 19689
2026/09/25 02:28:22.717, 19689
2026/09/25 02:28:23.217, 19689
2026/09/25 02:28:23.717, 19689
2026/09/25 02:28:24.217, 19689
2026/09/25 02:28:24.717, 19689
2026/09/25 02:28:25.218, 19689
2026/09/25 02:28:25.718, 19689
2026/09/25 02:28:26.218, 19689
2026/09/25 02:28:26.718, 19689
2026/09/25 02:28:27.218, 19689
2026/09/25 02:28:27.718, 19689
2026/09/25 02:28:28.219, 19689
2026/09/25 02:28:28.719, 19689
2026/09/25 02:28:29.219, 19689
2026/09/25 02:28:29.719, 19689
2026/09/25 02:28:30.219, 19689
2026/09/25 02:28:30.719, 19689
2026/09/25 02:28:31.219, 19689
2026/09/25 02:28:31.720, 19689
2026/09/25 02:28:32.220, 19689
2026/09/25 02:28:32.720, 19689
2026/09/25 02:28:33.220, 19689
2026/09/25 02:28:33.720, 19689
2026/09/25 02:28:34.220, 19689
2026/09/25 02:28:34.720, 19689
2026/09/25 02:28:35.221, 19689
2026/09/25 02:28:35.721, 19689
2026/09/25 02:28:36.221, 19689
2026/09/25 02:28:36.721, 19689
2026/09/25 02:28:37.221, 19689
2026/09/25 02:28:37.721, 19689
2026/09/25 02:28:38.222, 19689
2026/09/25 02:28:38.722, 19689
2026/09/25 02:28:39.222, 19689
2026/09/25 02:28:39.722, 19689
2026/09/25 02:28:40.222, 19689
2026/09/25 02:28:40.722, 19689
2026/09/25 02:28:41.223, 19689
2026/09/25 02:28:41.723, 19689
2026/09/25 02:28:42.223, 19689
2026/09/25 02:28:42.723, 19689
2026/09/25 02:28:43.223, 19689
2026/09/25 02:28:43.723, 19689
2026/09/25 02:28:44.223, 19689
2026/09/25 02:28:44.724, 19689
2026/09/25 02:28:45.224, 19689
2026/09/25 02:28:45.724, 19689
2026/09/25 02:28:46.224, 19689
2026/09/25 02:28:46.724, 19689
2026/09/25 02:28:47.224, 19689
2026/09/25 02:28:47.725, 19689
2026/09/25 02:28:48.225, 19689
2026/09/25 02:28:48.725, 19689
2026/09/25 02:28:49.225, 19689
2026/09/25 02:28:49.725, 19689
2026/09/25 02:28:50.225, 19689
2026/09/25 02:28:50.726, 19689
2026/09/25 02:28:51.226, 19689
2026/09/25 02:28:51.726, 19689
2026/09/25 02:28:52.226, 19689
2026/09/25 02:28:52.726, 19689
2026/09/25 02:28:53.226, 19689
2026/09/25 02:28:53.726, 19689
2026/09/25 02:28:54.227, 19689
2026/09/25 02:28:54.727, 19689
2026/09/25 02:28:55.227, 19689
2026/09/25 02:28:55.727, 19689
2026/09/25 02:28:56.227, 19689
2026/09/25 02:28:56.727, 19689
2026/09/25 02:28:57.227, 19689
2026/09/25 02:28:57.728, 19689
2026/09/25 02:28:58.228, 19689
2026/09/25 02:28:58.728, 19689
2026/09/25 02:28:59.228, 19689
2026/09/25 02:28:59.728, 19689
2026/09/25 02:29:00.228, 19689
2026/09/25 02:29:00.729, 19689
2026/09/25 02:29:01.229, 19689
2026/09/25 02:29:01.729, 19689
2026/09/25 02:29:02.229, 19689
2026/09/25 02:29:02.729, 19689
2026/09/25 02:29:03.229, 19689
2026/09/25 02:29:03.729, 19689
2026/09/25 02:29:04.230, 19689
2026/09/25 02:29:04.730, 19689
2026/09/25 02:29:05.230, 19689
2026/09/25 02:29:05.730, 19689
2026/09/25 02:29:06.230, 19689
2026/09/25 02:29:06.730, 19689
2026/09/25 02:29:07.231, 19689
2026/09/25 02:29:07.731, 19689
2026/09/25 02:29:08.231, 19689
2026/09/25 02:29:08.731, 19689
2026/09/25 02:29:09.231, 19689
2026/09/25 02:29:09.731, 19689
2026/09/25 02:29:10.231, 19689
2026/09/25 02:29:10.732, 19689
2026/09/25 02:29:11.232, 19689
2026/09/25 02:29:11.732, 19689
2026/09/25 02:29:12.232, 19689
2026/09/25 02:29:12.732, 19689
2026/09/25 02:29:13.232, 19689
2026/09/25 02:29:13.733, 19689
2026/09/25 02:29:14.233, 19689
2026/09/25 02:29:14.733, 19689
2026/09/25 02:29:15.233, 19689
2026/09/25 02:29:15.733, 19689
2026/09/25 02:29:16.233, 19689
2026/09/25 02:29:16.734, 19689
2026/09/25 02:29:17.234, 19689
2026/09/25 02:29:17.734, 19689
2026/09/25 02:29:18.234, 19689
2026/09/25 02:29:18.734, 19689
2026/09/25 02:29:19.234, 19689
2026/09/25 02:29:19.734, 19689
2026/09/25 02:29:20.235, 19689
2026/09/25 02:29:20.735, 19689
2026/09/25 02:29:21.235, 19689
2026/09/25 02:29:21.735, 19689
2026/09/25 02:29:22.235, 19689
2026/09/25 02:29:22.735, 19689
2026/09/25 02:29:23.235, 19689
2026/09/25 02:29:23.736, 19689
2026/09/25 02:29:24.236, 19689
2026/09/25 02:29:24.736, 19689
2026/09/25 02:29:25.236, 19689
2026/09/25 02:29:25.736, 19689
2026/09/25 02:29:26.236, 19689
2026/09/25 02:29:26.737, 19689
2026/09/25 02:29:27.237, 19689
2026/09/25 02:29:27.737, 19689
2026/09/25 02:29:28.237, 19689
2026/09/25 02:29:28.737, 19689
2026/09/25 02:29:29.237, 19689
2026/09/25 02:29:29.737, 19689
2026/09/25 02:29:30.238, 19689
2026/09/25 02:29:30.738, 19689
2026/09/25 02:29:31.238, 19689
2026/09/25 02:29:31.738, 19689
2026/09/25 02:29:32.238, 19689
2026/09/25 02:29:32.738, 19689
2026/09/25 02:29:33.238, 19689
2026/09/25 02:29:33.739, 19689
2026/09/25 02:29:34.239, 19689
2026/09/25 02:29:34.739, 19689
2026/09/25 02:29:35.239, 19689
2026/09/25 02:29:35.739, 19689
2026/09/25 02:29:36.239, 19689
2026/09/25 02:29:36.739, 19689
2026/09/25 02:29:37.240, 19689
2026/09/25 02:29:37.740, 19689
2026/09/25 02:29:38.240, 19689
2026/09/25 02:29:38.740, 19689
2026/09/25 02:29:39.240, 19689
2026/09/25 02:29:39.741, 19689
2026/09/25 02:29:40.241, 19689
2026/09/25 02:29:40.741, 19689
2026/09/25 02:29:41.241, 19689
2026/09/25 02:29:41.741, 19689
2026/09/25 02:29:42.241, 19689
2026/09/25 02:29:42.742, 19689
2026/09/25 02:29:43.242, 19689
2026/09/25 02:29:43.742, 19689
2026/09/25 02:29:44.242, 19689
2026/09/25 02:29:44.742, 19689
2026/09/25 02:29:45.242, 19689
2026/09/25 02:29:45.742, 19689
2026/09/25 02:29:46.243, 19689
2026/09/25 02:29:46.743, 19689
2026/09/25 02:29:47.243, 19689
2026/09/25 02:29:47.743, 19689
2026/09/25 02:29:48.243, 19689
2026/09/25 02:29:48.743, 19689
2026/09/25 02:29:49.243, 19689
2026/09/25 02:29:49.744, 19689
2026/09/25 02:29:50.244, 19689
2026/09/25 02:29:50.744, 19689
2026/09/25 02:29:51.244, 19689
2026/09/25 02:29:51.744, 19689
2026/09/25 02:29:52.244, 19689
2026/09/25 02:29:52.744, 19689
2026/09/25 02:29:53.245, 19689
2026/09/25 02:29:53.745, 19689
2026/09/25 02:29:54.245, 19689
2026/09/25 02:29:54.745, 19689
2026/09/25 02:29:55.245, 19689
2026/09/25 02:29:55.745, 19689
2026/09/25 02:29:56.245, 19689
2026/09/25 02:29:56.745, 19689
2026/09/25 02:29:57.246, 19689
2026/09/25 02:29:57.746, 19689
2026/09/25 02:29:58.246, 19689
2026/09/25 02:29:58.746, 19689
2026/09/25 02:29:59.246, 19689
2026/09/25 02:29:59.746, 19689
2026/09/25 02:30:00.247, 19689
2026/09/25 02:30:00.747, 19689
2026/09/25 02:30:01.247, 19689
2026/09/25 02:30:01.747, 19689
2026/09/25 02:30:02.247, 19689
2026/09/25 02:30:02.747, 19689
2026/09/25 02:30:03.247, 19689
2026/09/25 02:30:03.748, 19689
2026/09/25 02:30:04.248, 19689
2026/09/25 02:30:04.748, 19689
2026/09/25 02:30:05.248, 19689
2026/09/25 02:30:05.748, 19689
2026/09/25 02:30:06.248, 19689
2026/09/25 02:30:06.748, 19689
2026/09/25 02:30:07.249, 19689
2026/09/25 02:30:07.749, 19689
2026/09/25 02:30:08.249, 19689
2026/09/25 02:30:08.749, 19689
2026/09/25 02:30:09.249, 19689
2026/09/25 02:30:09.749, 19689
2026/09/25 02:30:10.249, 19689
2026/09/25 02:30:10.750, 19689
2026/09/25 02:30:11.250, 19689
2026/09/25 02:30:11.750, 19689
2026/09/25 02:30:12.250, 19689
2026/09/25 02:30:12.750, 19689
2026/09/25 02:30:13.250, 19689
2026/09/25 02:30:13.750, 19689
2026/09/25 02:30:14.251, 19689
2026/09/25 02:30:14.751, 19689
2026/09/25 02:30:15.251, 19689
2026/09/25 02:30:15.751, 19689
2026/09/25 02:30:16.251, 19689
2026/09/25 02:30:16.751, 19689
2026/09/25 02:30:17.251, 19689
2026/09/25 02:30:17.752, 19689
2026/09/25 02:30:18.252, 19689
2026/09/25 02:30:18.752, 19689
2026/09/25 02:30:19.252, 19689
2026/09/25 02:30:19.752, 19689
2026/09/25 02:30:20.252, 19689
2026/09/25 02:30:20.753, 19689
2026/09/25 02:30:21.253, 19689
2026/09/25 02:30:21.753, 19689
2026/09/25 02:30:22.253, 19689
2026/09/25 02:30:22.753, 19689
2026/09/25 02:30:23.254, 19689
2026/09/25 02:30:23.754, 19689
2026/09/25 02:30:24.254, 19689
2026/09/25 02:30:24.754, 19689
2026/09/25 02:30:25.254, 19689
2026/09/25 02:30:25.754, 19689
2026/09/25 02:30:26.254, 19689
2026/09/25 02:30:26.761, 19689
2026/09/25 02:30:27.261, 19689
2026/09/25 02:30:27.761, 19689
2026/09/25 02:30:28.262, 19689
2026/09/25 02:30:28.762, 19689
2026/09/25 02:30:29.262, 19689
2026/09/25 02:30:29.762, 19689
2026/09/25 02:30:30.262, 19689
2026/09/25 02:30:30.762, 19689
2026/09/25 02:30:31.263, 19689
2026/09/25 02:30:31.763, 19689
2026/09/25 02:30:32.263, 19689
2026/09/25 02:30:32.763, 19689
2026/09/25 02:30:33.263, 19689
2026/09/25 02:30:33.763, 19689
2026/09/25 02:30:34.264, 19689
2026/09/25 02:30:34.764, 19689
2026/09/25 02:30:35.264, 19689
2026/09/25 02:30:35.764, 19689
2026/09/25 02:30:36.264, 19689
2026/09/25 02:30:36.764, 19689
2026/09/25 02:30:37.265, 19689
2026/09/25 02:30:37.765, 19689
2026/09/25 02:30:38.265, 19689
2026/09/25 02:30:38.765, 19689
2026/09/25 02:30:39.265, 19689
2026/09/25 02:30:39.765, 19689
2026/09/25 02:30:40.266, 19689
2026/09/25 02:30:40.766, 19689
2026/09/25 02:30:41.266, 19689
2026/09/25 02:30:41.766, 19689
2026/09/25 02:30:42.266, 19689
2026/09/25 02:30:42.766, 19689
2026/09/25 02:30:43.266, 19689
2026/09/25 02:30:43.767, 19689
2026/09/25 02:30:44.267, 19689
2026/09/25 02:30:44.767, 19689
2026/09/25 02:30:45.267, 19689
2026/09/25 02:30:45.767, 19689
2026/09/25 02:30:46.267, 19689
2026/09/25 02:30:46.768, 19689
2026/09/25 02:30:47.268, 19689
2026/09/25 02:30:47.768, 19689
2026/09/25 02:30:48.268, 19689
2026/09/25 02:30:48.768, 19689
2026/09/25 02:30:49.268, 19689
2026/09/25 02:30:49.769, 19689
2026/09/25 02:30:50.269, 19689
2026/09/25 02:30:50.769, 19689
2026/09/25 02:30:51.269, 19689
2026/09/25 02:30:51.769, 19689
2026/09/25 02:30:52.269, 19689
2026/09/25 02:30:52.769, 19689
2026/09/25 02:30:53.270, 19689
2026/09/25 02:30:53.770, 19689
2026/09/25 02:30:54.270, 19689
2026/09/25 02:30:54.770, 19689
2026/09/25 02:30:55.270, 19689
2026/09/25 02:30:55.770, 19689
2026/09/25 02:30:56.270, 19689
2026/09/25 02:30:56.771, 19689
2026/09/25 02:30:57.271, 19689
2026/09/25 02:30:57.771, 19689
2026/09/25 02:30:58.271, 19689
2026/09/25 02:30:58.771, 19689
2026/09/25 02:30:59.271, 19689
2026/09/25 02:30:59.771, 19689
2026/09/25 02:31:00.272, 19689
2026/09/25 02:31:00.772, 19689
2026/09/25 02:31:01.272, 19689
2026/09/25 02:31:01.772, 19689
2026/09/25 02:31:02.272, 19689
2026/09/25 02:31:02.772, 19689
2026/09/25 02:31:03.272, 19689
2026/09/25 02:31:03.773, 19689
2026/09/25 02:31:04.273, 19689
2026/09/25 02:31:04.773, 19689
2026/09/25 02:31:05.273, 19689
2026/09/25 02:31:05.773, 19689
2026/09/25 02:31:06.273, 19689
2026/09/25 02:31:06.773, 19689
2026/09/25 02:31:07.274, 19689
2026/09/25 02:31:07.774, 19689
2026/09/25 02:31:08.274, 19689
2026/09/25 02:31:08.774, 19689
2026/09/25 02:31:09.274, 19689
2026/09/25 02:31:09.774, 19689
2026/09/25 02:31:10.275, 19689
2026/09/25 02:31:10.775, 19689
2026/09/25 02:31:11.275, 19689
2026/09/25 02:31:11.775, 19689
2026/09/25 02:31:12.275, 19689
2026/09/25 02:31:12.775, 19689
2026/09/25 02:31:13.275, 19689
2026/09/25 02:31:13.776, 19689
2026/09/25 02:31:14.276, 19689
2026/09/25 02:31:14.776, 19689
2026/09/25 02:31:15.276, 19689
2026/09/25 02:31:15.776, 19689
2026/09/25 02:31:16.276, 19689
2026/09/25 02:31:16.777, 19689
2026/09/25 02:31:17.277, 19689
2026/09/25 02:31:17.777, 19689
2026/09/25 02:31:18.277, 19689
2026/09/25 02:31:18.777, 19689
2026/09/25 02:31:19.277, 19689
2026/09/25 02:31:19.777, 19689
2026/09/25 02:31:20.278, 19689
2026/09/25 02:31:20.778, 19689
2026/09/25 02:31:21.278, 19689
2026/09/25 02:31:21.778, 19689
2026/09/25 02:31:22.278, 19689
2026/09/25 02:31:22.778, 19689
2026/09/25 02:31:23.278, 19689
2026/09/25 02:31:23.779, 19689
2026/09/25 02:31:24.279, 19689
2026/09/25 02:31:24.779, 19689
2026/09/25 02:31:25.279, 19689
2026/09/25 02:31:25.779, 19689
2026/09/25 02:31:26.279, 19689
2026/09/25 02:31:26.779, 19689
2026/09/25 02:31:27.280, 19689
2026/09/25 02:31:27.780, 19689
2026/09/25 02:31:28.280, 19689
2026/09/25 02:31:28.780, 19689
2026/09/25 02:31:29.280, 19689
2026/09/25 02:31:29.780, 19689
2026/09/25 02:31:30.281, 19689
2026/09/25 02:31:30.781, 19689
2026/09/25 02:31:31.281, 19689
2026/09/25 02:31:31.781, 19689
2026/09/25 02:31:32.281, 19689
2026/09/25 02:31:32.781, 19689
2026/09/25 02:31:33.281, 19689
2026/09/25 02:31:33.782, 19689
2026/09/25 02:31:34.282, 19689
2026/09/25 02:31:34.782, 19689
2026/09/25 02:31:35.282, 19689
2026/09/25 02:31:35.782, 19689
2026/09/25 02:31:36.282, 19689
2026/09/25 02:31:36.782, 19689
2026/09/25 02:31:37.283, 19689
2026/09/25 02:31:37.783, 19689
2026/09/25 02:31:38.283, 19689
2026/09/25 02:31:38.783, 19689
2026/09/25 02:31:39.283, 19689
2026/09/25 02:31:39.783, 19689
2026/09/25 02:31:40.283, 19689
2026/09/25 02:31:40.783, 19689
2026/09/25 02:31:41.284, 19689
2026/09/25 02:31:41.784, 19689
2026/09/25 02:31:42.284, 19689
2026/09/25 02:31:42.784, 19689
2026/09/25 02:31:43.284, 19689
2026/09/25 02:31:43.784, 19689
2026/09/25 02:31:44.284, 19689
2026/09/25 02:31:44.785, 19689
2026/09/25 02:31:45.285, 19689
2026/09/25 02:31:45.785, 19689
2026/09/25 02:31:46.285, 19689
2026/09/25 02:31:46.785, 19689
2026/09/25 02:31:47.285, 19689
2026/09/25 02:31:47.785, 19689
2026/09/25 02:31:48.286, 19689
2026/09/25 02:31:48.786, 19689
2026/09/25 02:31:49.286, 19689
2026/09/25 02:31:49.786, 19689
2026/09/25 02:31:50.286, 19689
2026/09/25 02:31:50.786, 19689
2026/09/25 02:31:51.286, 19689
2026/09/25 02:31:51.787, 19689
2026/09/25 02:31:52.287, 19689
2026/09/25 02:31:52.787, 19689
2026/09/25 02:31:53.287, 19689
2026/09/25 02:31:53.787, 19689
2026/09/25 02:31:54.287, 19689
2026/09/25 02:31:54.787, 19689
2026/09/25 02:31:55.288, 19689
2026/09/25 02:31:55.788, 19689
2026/09/25 02:31:56.288, 19689
2026/09/25 02:31:56.788, 19689
2026/09/25 02:31:57.288, 19689
2026/09/25 02:31:57.788, 19689
2026/09/25 02:31:58.288, 19689
2026/09/25 02:31:58.789, 19689
2026/09/25 02:31:59.289, 19689
2026/09/25 02:31:59.789, 19689
2026/09/25 02:32:00.289, 19689
2026/09/25 02:32:00.789, 19689
2026/09/25 02:32:01.289, 19689
2026/09/25 02:32:01.789, 19689
2026/09/25 02:32:02.290, 19689
2026/09/25 02:32:02.790, 19689
2026/09/25 02:32:03.290, 19689
2026/09/25 02:32:03.790, 19689
2026/09/25 02:32:04.290, 19689
2026/09/25 02:32:04.790, 19689
2026/09/25 02:32:05.290, 19689
2026/09/25 02:32:05.790, 19689
2026/09/25 02:32:06.291, 19689
2026/09/25 02:32:06.791, 19689
2026/09/25 02:32:07.291, 19689
2026/09/25 02:32:07.791, 19689
2026/09/25 02:32:08.291, 19689
2026/09/25 02:32:08.791, 19689
2026/09/25 02:32:09.291, 19689
2026/09/25 02:32:09.792, 19689
2026/09/25 02:32:10.292, 19689
2026/09/25 02:32:10.792, 19689
2026/09/25 02:32:11.292, 19689
2026/09/25 02:32:11.792, 19689
2026/09/25 02:32:12.292, 19689
2026/09/25 02:32:12.793, 19689
2026/09/25 02:32:13.293, 19689
2026/09/25 02:32:13.793, 19689
2026/09/25 02:32:14.293, 19689
2026/09/25 02:32:14.793, 19689
2026/09/25 02:32:15.293, 19689
2026/09/25 02:32:15.793, 19689
2026/09/25 02:32:16.294, 19689
2026/09/25 02:32:16.794, 19689
2026/09/25 02:32:17.294, 19689
2026/09/25 02:32:17.794, 19689
2026/09/25 02:32:18.294, 19689
2026/09/25 02:32:18.794, 19689
2026/09/25 02:32:19.294, 19689
2026/09/25 02:32:19.795, 19689
2026/09/25 02:32:20.295, 19689
2026/09/25 02:32:20.795, 19689
2026/09/25 02:32:21.295, 19689
2026/09/25 02:32:21.795, 19689
2026/09/25 02:32:22.295, 19689
2026/09/25 02:32:22.796, 19689
2026/09/25 02:32:23.296, 19689
2026/09/25 02:32:23.796, 19689
2026/09/25 02:32:24.296, 19689
2026/09/25 02:32:24.796, 19689
2026/09/25 02:32:25.296, 19689
2026/09/25 02:32:25.796, 19689
2026/09/25 02:32:26.297, 19689
2026/09/25 02:32:26.797, 19689
2026/09/25 02:32:27.297, 19689
2026/09/25 02:32:27.797, 19689
2026/09/25 02:32:28.297, 19689
2026/09/25 02:32:28.797, 19689
2026/09/25 02:32:29.298, 19689
2026/09/25 02:32:29.798, 19689
2026/09/25 02:32:30.298, 19689
2026/09/25 02:32:30.798, 19689
2026/09/25 02:32:31.298, 19689
2026/09/25 02:32:31.798, 19689
2026/09/25 02:32:32.298, 19689
2026/09/25 02:32:32.799, 19689
2026/09/25 02:32:33.299, 19689
2026/09/25 02:32:33.799, 19689
2026/09/25 02:32:34.299, 19689
2026/09/25 02:32:34.799, 19689
2026/09/25 02:32:35.299, 19689
2026/09/25 02:32:35.800, 19689
2026/09/25 02:32:36.300, 19689
2026/09/25 02:32:36.800, 19689
2026/09/25 02:32:37.300, 19689
2026/09/25 02:32:37.800, 19689
2026/09/25 02:32:38.300, 19689
2026/09/25 02:32:38.800, 19689
2026/09/25 02:32:39.301, 19689
2026/09/25 02:32:39.801, 19689
2026/09/25 02:32:40.301, 19689
2026/09/25 02:32:40.801, 19689
2026/09/25 02:32:41.301, 19689
2026/09/25 02:32:41.801, 19689
2026/09/25 02:32:42.302, 19689
2026/09/25 02:32:42.802, 19689
2026/09/25 02:32:43.302, 19689
2026/09/25 02:32:43.802, 19689
2026/09/25 02:32:44.302, 19689
2026/09/25 02:32:44.802, 19689
2026/09/25 02:32:45.303, 19689
2026/09/25 02:32:45.803, 19689
2026/09/25 02:32:46.303, 19689
2026/09/25 02:32:46.803, 19689
2026/09/25 02:32:47.303, 19689
2026/09/25 02:32:47.803, 19689
2026/09/25 02:32:48.303, 19689
2026/09/25 02:32:48.804, 19689
2026/09/25 02:32:49.304, 19689
2026/09/25 02:32:49.804, 19689
2026/09/25 02:32:50.304, 19689
2026/09/25 02:32:50.804, 19689
2026/09/25 02:32:51.304, 19689
2026/09/25 02:32:51.805, 19689
2026/09/25 02:32:52.305, 19689
2026/09/25 02:32:52.805, 19689
2026/09/25 02:32:53.305, 19689
2026/09/25 02:32:53.805, 19689
2026/09/25 02:32:54.305, 19689
2026/09/25 02:32:54.805, 19689
2026/09/25 02:32:55.306, 19689
2026/09/25 02:32:55.806, 19689
2026/09/25 02:32:56.306, 19689
2026/09/25 02:32:56.806, 19689
2026/09/25 02:32:57.306, 19689
2026/09/25 02:32:57.806, 19689
2026/09/25 02:32:58.306, 19689
2026/09/25 02:32:58.807, 19689
2026/09/25 02:32:59.307, 19689
2026/09/25 02:32:59.807, 19689
2026/09/25 02:33:00.307, 19689
2026/09/25 02:33:00.807, 19689
2026/09/25 02:33:01.307, 19689
2026/09/25 02:33:01.807, 19689
2026/09/25 02:33:02.308, 19689
2026/09/25 02:33:02.808, 19689
2026/09/25 02:33:03.308, 19689
2026/09/25 02:33:03.808, 19689
2026/09/25 02:33:04.308, 19689
2026/09/25 02:33:04.808, 19689
2026/09/25 02:33:05.309, 19689
2026/09/25 02:33:05.809, 19689
2026/09/25 02:33:06.309, 19689
2026/09/25 02:33:06.809, 19689
2026/09/25 02:33:07.309, 19689
2026/09/25 02:33:07.809, 19689
2026/09/25 02:33:08.309, 19689
2026/09/25 02:33:08.809, 19689
2026/09/25 02:33:09.310, 19689
2026/09/25 02:33:09.810, 19689
2026/09/25 02:33:10.310, 19689
2026/09/25 02:33:10.810, 19689
2026/09/25 02:33:11.310, 19689
2026/09/25 02:33:11.810, 19689
2026/09/25 02:33:12.310, 19689
2026/09/25 02:33:12.811, 19689
2026/09/25 02:33:13.311, 19689
2026/09/25 02:33:13.811, 19689
2026/09/25 02:33:14.311, 19689
2026/09/25 02:33:14.811, 19689
2026/09/25 02:33:15.311, 19689
2026/09/25 02:33:15.811, 19689
2026/09/25 02:33:16.311, 19689
2026/09/25 02:33:16.812, 19689
2026/09/25 02:33:17.312, 19689
2026/09/25 02:33:17.812, 19689
2026/09/25 02:33:18.312, 19689
2026/09/25 02:33:18.812, 19689
2026/09/25 02:33:19.312, 19689
2026/09/25 02:33:19.812, 19689
2026/09/25 02:33:20.313, 19689
2026/09/25 02:33:20.813, 19689
2026/09/25 02:33:21.313, 19689
2026/09/25 02:33:21.813, 19689
2026/09/25 02:33:22.313, 19689
2026/09/25 02:33:22.813, 19689
2026/09/25 02:33:23.313, 19689
2026/09/25 02:33:23.813, 19689
2026/09/25 02:33:24.314, 19689
2026/09/25 02:33:24.814, 19689
2026/09/25 02:33:25.314, 19689
2026/09/25 02:33:25.814, 19689
2026/09/25 02:33:26.314, 19689
2026/09/25 02:33:26.814, 19689
2026/09/25 02:33:27.314, 19689
2026/09/25 02:33:27.815, 19689
2026/09/25 02:33:28.315, 19689
2026/09/25 02:33:28.815, 19689
2026/09/25 02:33:29.315, 19689
2026/09/25 02:33:29.815, 19689
2026/09/25 02:33:30.315, 19689
2026/09/25 02:33:30.815, 19689
2026/09/25 02:33:31.316, 19689
2026/09/25 02:33:31.816, 19689
2026/09/25 02:33:32.316, 19689
2026/09/25 02:33:32.816, 19689
2026/09/25 02:33:33.316, 19689
2026/09/25 02:33:33.816, 19689
2026/09/25 02:33:34.316, 19689
2026/09/25 02:33:34.816, 19689
2026/09/25 02:33:35.317, 19689
2026/09/25 02:33:35.817, 19689
2026/09/25 02:33:36.317, 19689
2026/09/25 02:33:36.817, 19689
2026/09/25 02:33:37.317, 19689
2026/09/25 02:33:37.817, 19689
2026/09/25 02:33:38.317, 19689
2026/09/25 02:33:38.818, 19689
2026/09/25 02:33:39.318, 19689
2026/09/25 02:33:39.818, 19689
2026/09/25 02:33:40.318, 19689
2026/09/25 02:33:40.818, 19689
2026/09/25 02:33:41.318, 19689
2026/09/25 02:33:41.818, 19689
2026/09/25 02:33:42.318, 19689
2026/09/25 02:33:42.819, 19689
2026/09/25 02:33:43.319, 19689
2026/09/25 02:33:43.819, 19689
2026/09/25 02:33:44.319, 19689
2026/09/25 02:33:44.819, 19689
2026/09/25 02:33:45.319, 19689
2026/09/25 02:33:45.819, 19689
2026/09/25 02:33:46.319, 19689
2026/09/25 02:33:46.820, 19689
2026/09/25 02:33:47.320, 19689
2026/09/25 02:33:47.820, 19689
2026/09/25 02:33:48.320, 19689
2026/09/25 02:33:48.820, 19689
2026/09/25 02:33:49.320, 19689
2026/09/25 02:33:49.820, 19689
2026/09/25 02:33:50.320, 19689
2026/09/25 02:33:50.821, 19689
2026/09/25 02:33:51.321, 19689
2026/09/25 02:33:51.821, 19689
2026/09/25 02:33:52.329, 19689
2026/09/25 02:33:52.829, 19689
2026/09/25 02:33:53.329, 19689
2026/09/25 02:33:53.830, 19689
2026/09/25 02:33:54.330, 19689
2026/09/25 02:33:54.830, 19689
2026/09/25 02:33:55.330, 19689
2026/09/25 02:33:55.830, 19689
2026/09/25 02:33:56.330, 19689
2026/09/25 02:33:56.830, 19689
2026/09/25 02:33:57.330, 19689
2026/09/25 02:33:57.832, 19689
2026/09/25 02:33:58.332, 19689
2026/09/25 02:33:58.833, 19689
2026/09/25 02:33:59.333, 19689
2026/09/25 02:33:59.833, 19689
2026/09/25 02:34:00.333, 19689
2026/09/25 02:34:00.833, 19689
2026/09/25 02:34:01.333, 19689
2026/09/25 02:34:01.833, 19689
2026/09/25 02:34:02.334, 19689
2026/09/25 02:34:02.834, 19689
2026/09/25 02:34:03.334, 19689
2026/09/25 02:34:03.834, 19689
2026/09/25 02:34:04.334, 19689
2026/09/25 02:34:04.834, 19689
2026/09/25 02:34:05.334, 19689
2026/09/25 02:34:05.835, 19689
2026/09/25 02:34:06.335, 19689
2026/09/25 02:34:06.835, 19689
2026/09/25 02:34:07.335, 19689
2026/09/25 02:34:07.835, 19689
2026/09/25 02:34:08.335, 19689
2026/09/25 02:34:08.835, 19689
2026/09/25 02:34:09.335, 19689
2026/09/25 02:34:09.836, 19689
2026/09/25 02:34:10.336, 19689
2026/09/25 02:34:10.836, 19689
2026/09/25 02:34:11.336, 19689
2026/09/25 02:34:11.836, 19689
2026/09/25 02:34:12.336, 19689
2026/09/25 02:34:12.836, 19689
2026/09/25 02:34:13.337, 19689
2026/09/25 02:34:13.837, 19689
2026/09/25 02:34:14.337, 19689
2026/09/25 02:34:14.837, 19689
2026/09/25 02:34:15.337, 19689
2026/09/25 02:34:15.837, 19689
2026/09/25 02:34:16.337, 19689
2026/09/25 02:34:16.837, 19689
2026/09/25 02:34:17.338, 19689
2026/09/25 02:34:17.838, 19689
2026/09/25 02:34:18.338, 19689
2026/09/25 02:34:18.838, 19689
2026/09/25 02:34:19.338, 19689
2026/09/25 02:34:19.838, 19689
2026/09/25 02:34:20.338, 19689
2026/09/25 02:34:20.839, 19689
2026/09/25 02:34:21.339, 19689
2026/09/25 02:34:21.839, 19689
2026/09/25 02:34:22.339, 19689
2026/09/25 02:34:22.839, 19689
2026/09/25 02:34:23.340, 19689
2026/09/25 02:34:23.840, 19689
2026/09/25 02:34:24.340, 19689
2026/09/25 02:34:24.840, 19689
2026/09/25 02:34:25.340, 19689
2026/09/25 02:34:25.840, 19689
2026/09/25 02:34:26.340, 19689
2026/09/25 02:34:26.841, 19689
2026/09/25 02:34:27.341, 19689
2026/09/25 02:34:27.841, 19689
2026/09/25 02:34:28.341, 19689
2026/09/25 02:34:28.841, 19689
2026/09/25 02:34:29.341, 19689
2026/09/25 02:34:29.841, 19689
2026/09/25 02:34:30.341, 19689
2026/09/25 02:34:30.842, 19689
2026/09/25 02:34:31.342, 19689
2026/09/25 02:34:31.842, 19689
2026/09/25 02:34:32.342, 19689
2026/09/25 02:34:32.842, 19689
2026/09/25 02:34:33.342, 19689
2026/09/25 02:34:33.843, 19689
2026/09/25 02:34:34.343, 19689
2026/09/25 02:34:34.843, 19689
2026/09/25 02:34:35.343, 19689
2026/09/25 02:34:35.843, 19689
2026/09/25 02:34:36.343, 19689
2026/09/25 02:34:36.844, 19689
2026/09/25 02:34:37.344, 19689
2026/09/25 02:34:37.844, 19689
2026/09/25 02:34:38.344, 19689
2026/09/25 02:34:38.844, 19689
2026/09/25 02:34:39.344, 19689
2026/09/25 02:34:39.844, 19689
2026/09/25 02:34:40.345, 19689
2026/09/25 02:34:40.845, 19689
2026/09/25 02:34:41.345, 19689
2026/09/25 02:34:41.845, 19689
2026/09/25 02:34:42.345, 19689
2026/09/25 02:34:42.845, 19689
2026/09/25 02:34:43.346, 19689
2026/09/25 02:34:43.846, 19689
2026/09/25 02:34:44.346, 19689
2026/09/25 02:34:44.846, 19689
2026/09/25 02:34:45.346, 19689
2026/09/25 02:34:45.846, 19689
2026/09/25 02:34:46.346, 19689
2026/09/25 02:34:46.847, 19689
2026/09/25 02:34:47.347, 19689
2026/09/25 02:34:47.847, 19689
2026/09/25 02:34:48.347, 19689
2026/09/25 02:34:48.847, 19689
2026/09/25 02:34:49.347, 19689
2026/09/25 02:34:49.847, 19689
2026/09/25 02:34:50.348, 19689
2026/09/25 02:34:50.848, 19689
2026/09/25 02:34:51.348, 19689
2026/09/25 02:34:51.848, 19689
2026/09/25 02:34:52.348, 19689
2026/09/25 02:34:52.848, 19689
2026/09/25 02:34:53.349, 19689
2026/09/25 02:34:53.849, 19689
2026/09/25 02:34:54.349, 19689
2026/09/25 02:34:54.849, 19689
2026/09/25 02:34:55.349, 19689
2026/09/25 02:34:55.849, 19689
2026/09/25 02:34:56.349, 19689
2026/09/25 02:34:56.850, 19689
2026/09/25 02:34:57.350, 19689
2026/09/25 02:34:57.850, 19689
2026/09/25 02:34:58.350, 19689
2026/09/25 02:34:58.850, 19689
2026/09/25 02:34:59.350, 19689
2026/09/25 02:34:59.850, 19689
2026/09/25 02:35:00.351, 19689
2026/09/25 02:35:00.851, 19689
2026/09/25 02:35:01.351, 19689
2026/09/25 02:35:01.851, 19689
2026/09/25 02:35:02.351, 19689
2026/09/25 02:35:02.852, 19689
2026/09/25 02:35:03.352, 19689
2026/09/25 02:35:03.852, 19689
2026/09/25 02:35:04.352, 19689
2026/09/25 02:35:04.852, 19689
2026/09/25 02:35:05.352, 19689
2026/09/25 02:35:05.852, 19689
2026/09/25 02:35:06.353, 19689
2026/09/25 02:35:06.853, 19689
2026/09/25 02:35:07.353, 19689
2026/09/25 02:35:07.853, 19689
2026/09/25 02:35:08.353, 19689
2026/09/25 02:35:08.853, 19689
2026/09/25 02:35:09.353, 19689
2026/09/25 02:35:09.854, 19689
2026/09/25 02:35:10.354, 19689
2026/09/25 02:35:10.854, 19689
2026/09/25 02:35:11.354, 19689
2026/09/25 02:35:11.854, 19689
2026/09/25 02:35:12.355, 19689
2026/09/25 02:35:12.855, 19689
2026/09/25 02:35:13.355, 19689
2026/09/25 02:35:13.855, 19689
2026/09/25 02:35:14.355, 19689
2026/09/25 02:35:14.855, 19689
2026/09/25 02:35:15.355, 19689
2026/09/25 02:35:15.856, 19689
2026/09/25 02:35:16.356, 19689
2026/09/25 02:35:16.856, 19689
2026/09/25 02:35:17.356, 19689
2026/09/25 02:35:17.856, 19689
2026/09/25 02:35:18.356, 19689
2026/09/25 02:35:18.856, 19689
2026/09/25 02:35:19.357, 19689
2026/09/25 02:35:19.857, 19689
2026/09/25 02:35:20.357, 19689
2026/09/25 02:35:20.857, 19689
2026/09/25 02:35:21.357, 19689
2026/09/25 02:35:21.857, 19689
2026/09/25 02:35:22.357, 19689
2026/09/25 02:35:22.858, 19689
2026/09/25 02:35:23.358, 19689
2026/09/25 02:35:23.858, 19689
2026/09/25 02:35:24.358, 19689
2026/09/25 02:35:24.858, 19689
2026/09/25 02:35:25.358, 19689
2026/09/25 02:35:25.859, 19689
2026/09/25 02:35:26.359, 19689
2026/09/25 02:35:26.859, 19689
2026/09/25 02:35:27.359, 19689
2026/09/25 02:35:27.859, 19689
2026/09/25 02:35:28.359, 19689
2026/09/25 02:35:28.860, 19689
2026/09/25 02:35:29.360, 19689
2026/09/25 02:35:29.860, 19689
2026/09/25 02:35:30.360, 19689
2026/09/25 02:35:30.860, 19689
2026/09/25 02:35:31.360, 19689
2026/09/25 02:35:31.861, 19689
2026/09/25 02:35:32.361, 19689
2026/09/25 02:35:32.861, 19689
2026/09/25 02:35:33.361, 19689
2026/09/25 02:35:33.861, 19689
2026/09/25 02:35:34.361, 19689
2026/09/25 02:35:34.862, 19689
2026/09/25 02:35:35.362, 19689
2026/09/25 02:35:35.862, 19689
2026/09/25 02:35:36.362, 19689
2026/09/25 02:35:36.862, 19689
2026/09/25 02:35:37.362, 19689
2026/09/25 02:35:37.863, 19689
2026/09/25 02:35:38.363, 19689
2026/09/25 02:35:38.863, 19689
2026/09/25 02:35:39.363, 19689
2026/09/25 02:35:39.863, 19689
2026/09/25 02:35:40.363, 19689
2026/09/25 02:35:40.863, 19689
2026/09/25 02:35:41.364, 19689
2026/09/25 02:35:41.864, 19689
2026/09/25 02:35:42.364, 19689
2026/09/25 02:35:42.864, 19689
2026/09/25 02:35:43.364, 19689
2026/09/25 02:35:43.865, 19689
2026/09/25 02:35:44.365, 19689
2026/09/25 02:35:44.865, 19689
2026/09/25 02:35:45.365, 19689
2026/09/25 02:35:45.865, 19689
2026/09/25 02:35:46.365, 19689
2026/09/25 02:35:46.865, 19689
2026/09/25 02:35:47.365, 19689
2026/09/25 02:35:47.866, 19689
2026/09/25 02:35:48.366, 19689
2026/09/25 02:35:48.866, 19689
2026/09/25 02:35:49.366, 19689
2026/09/25 02:35:49.866, 19689
2026/09/25 02:35:50.366, 19689
2026/09/25 02:35:50.866, 19689
2026/09/25 02:35:51.366, 19689
2026/09/25 02:35:51.867, 19689
2026/09/25 02:35:52.367, 19689
2026/09/25 02:35:52.867, 19689
2026/09/25 02:35:53.367, 19689
2026/09/25 02:35:53.867, 19689
2026/09/25 02:35:54.367, 19689
2026/09/25 02:35:54.867, 19689
2026/09/25 02:35:55.368, 19689
2026/09/25 02:35:55.868, 19689
2026/09/25 02:35:56.368, 19689
2026/09/25 02:35:56.868, 19689
2026/09/25 02:35:57.368, 19689
2026/09/25 02:35:57.868, 19689
2026/09/25 02:35:58.368, 19689
2026/09/25 02:35:58.868, 19689
2026/09/25 02:35:59.369, 19689
2026/09/25 02:35:59.869, 19689
2026/09/25 02:36:00.369, 19689
2026/09/25 02:36:00.869, 19689
2026/09/25 02:36:01.369, 19689
2026/09/25 02:36:01.869, 19689
2026/09/25 02:36:02.370, 19689
2026/09/25 02:36:02.870, 19689
2026/09/25 02:36:03.370, 19689
2026/09/25 02:36:03.870, 19689
2026/09/25 02:36:04.370, 19689
2026/09/25 02:36:04.870, 19689
2026/09/25 02:36:05.370, 19689
2026/09/25 02:36:05.871, 19689
2026/09/25 02:36:06.371, 19689
2026/09/25 02:36:06.871, 19689
2026/09/25 02:36:07.371, 19689
2026/09/25 02:36:07.871, 19689
2026/09/25 02:36:08.371, 19689
2026/09/25 02:36:08.872, 19689
2026/09/25 02:36:09.372, 19689
2026/09/25 02:36:09.872, 19689
2026/09/25 02:36:10.372, 19689
2026/09/25 02:36:10.872, 19689
2026/09/25 02:36:11.373, 19689
2026/09/25 02:36:11.873, 19689
2026/09/25 02:36:12.373, 19689
2026/09/25 02:36:12.873, 19689
2026/09/25 02:36:13.373, 19689
2026/09/25 02:36:13.873, 19689
2026/09/25 02:36:14.374, 19689
2026/09/25 02:36:14.874, 19689
2026/09/25 02:36:15.374, 19689
2026/09/25 02:36:15.874, 19689
2026/09/25 02:36:16.374, 19689
2026/09/25 02:36:16.874, 19689
2026/09/25 02:36:17.375, 19689
2026/09/25 02:36:17.875, 19689
2026/09/25 02:36:18.375, 19689
2026/09/25 02:36:18.875, 19689
2026/09/25 02:36:19.375, 19689
2026/09/25 02:36:19.875, 19689
2026/09/25 02:36:20.375, 19689
2026/09/25 02:36:20.876, 19689
2026/09/25 02:36:21.376, 19689
2026/09/25 02:36:21.876, 19689
2026/09/25 02:36:22.376, 19689
2026/09/25 02:36:22.876, 19689
2026/09/25 02:36:23.377, 19689
2026/09/25 02:36:23.877, 19689
2026/09/25 02:36:24.377, 19689
2026/09/25 02:36:24.877, 19689
2026/09/25 02:36:25.377, 19689
2026/09/25 02:36:25.877, 19689
2026/09/25 02:36:26.377, 19689
2026/09/25 02:36:26.878, 19689
2026/09/25 02:36:27.378, 19689
2026/09/25 02:36:27.878, 19689
2026/09/25 02:36:28.378, 19689
2026/09/25 02:36:28.878, 19689
2026/09/25 02:36:29.378, 19689
2026/09/25 02:36:29.878, 19689
2026/09/25 02:36:30.379, 19689
2026/09/25 02:36:30.879, 19689
2026/09/25 02:36:31.379, 19689
2026/09/25 02:36:31.879, 19689
2026/09/25 02:36:32.379, 19689
2026/09/25 02:36:32.879, 19689
2026/09/25 02:36:33.379, 19689
2026/09/25 02:36:33.880, 19689
2026/09/25 02:36:34.380, 19689
2026/09/25 02:36:34.880, 19689
2026/09/25 02:36:35.380, 19689
2026/09/25 02:36:35.880, 19689
2026/09/25 02:36:36.380, 19689
2026/09/25 02:36:36.880, 19689
2026/09/25 02:36:37.381, 19689
2026/09/25 02:36:37.881, 19689
2026/09/25 02:36:38.381, 19689
2026/09/25 02:36:38.881, 19689
2026/09/25 02:36:39.381, 19689
2026/09/25 02:36:39.881, 19689
2026/09/25 02:36:40.381, 19689
2026/09/25 02:36:40.882, 19689
2026/09/25 02:36:41.382, 19689
2026/09/25 02:36:41.882, 19689
2026/09/25 02:36:42.382, 19689
2026/09/25 02:36:42.882, 19689
2026/09/25 02:36:43.382, 19689
2026/09/25 02:36:43.882, 19689
2026/09/25 02:36:44.383, 19689
2026/09/25 02:36:44.883, 19689
2026/09/25 02:36:45.383, 19689
2026/09/25 02:36:45.883, 19689
2026/09/25 02:36:46.383, 19689
2026/09/25 02:36:46.883, 19689
2026/09/25 02:36:47.383, 19689
2026/09/25 02:36:47.884, 19689
2026/09/25 02:36:48.384, 19689
2026/09/25 02:36:48.884, 19689
2026/09/25 02:36:49.384, 19689
2026/09/25 02:36:49.884, 19689
2026/09/25 02:36:50.384, 19689
2026/09/25 02:36:50.884, 19689
2026/09/25 02:36:51.384, 19689
2026/09/25 02:36:51.885, 19689
2026/09/25 02:36:52.385, 19689
2026/09/25 02:36:52.885, 19689
2026/09/25 02:36:53.385, 19689
2026/09/25 02:36:53.885, 19689
2026/09/25 02:36:54.386, 19689
2026/09/25 02:36:54.886, 19689
2026/09/25 02:36:55.386, 19689
2026/09/25 02:36:55.886, 19689
2026/09/25 02:36:56.386, 19689
2026/09/25 02:36:56.886, 19689
2026/09/25 02:36:57.386, 19689
2026/09/25 02:36:57.886, 19689
2026/09/25 02:36:58.387, 19689
2026/09/25 02:36:58.887, 19689
2026/09/25 02:36:59.387, 19689
2026/09/25 02:36:59.887, 19689
2026/09/25 02:37:00.387, 19689
2026/09/25 02:37:00.887, 19689
2026/09/25 02:37:01.387, 19689
2026/09/25 02:37:01.887, 19689
2026/09/25 02:37:02.388, 19689
2026/09/25 02:37:02.888, 19689
2026/09/25 02:37:03.388, 19689
2026/09/25 02:37:03.888, 19689
2026/09/25 02:37:04.388, 19689
2026/09/25 02:37:04.888, 19689
2026/09/25 02:37:05.388, 19689
2026/09/25 02:37:05.889, 19689
2026/09/25 02:37:06.389, 19689
2026/09/25 02:37:06.889, 19689
2026/09/25 02:37:07.389, 19689
2026/09/25 02:37:07.889, 19689
2026/09/25 02:37:08.389, 19689
2026/09/25 02:37:08.890, 19689
2026/09/25 02:37:09.390, 19689
2026/09/25 02:37:09.890, 19689
2026/09/25 02:37:10.390, 19689
2026/09/25 02:37:10.890, 19689
2026/09/25 02:37:11.390, 19689
2026/09/25 02:37:11.890, 19689
2026/09/25 02:37:12.391, 19689
2026/09/25 02:37:12.891, 19689
2026/09/25 02:37:13.391, 19689
2026/09/25 02:37:13.891, 19689
2026/09/25 02:37:14.391, 19689
2026/09/25 02:37:14.891, 19689
2026/09/25 02:37:15.391, 19689
2026/09/25 02:37:15.892, 19689
2026/09/25 02:37:16.392, 19689
2026/09/25 02:37:16.892, 19689
2026/09/25 02:37:17.392, 19689
2026/09/25 02:37:17.892, 19689
2026/09/25 02:37:18.392, 19689
2026/09/25 02:37:18.893, 19689
2026/09/25 02:37:19.393, 19689
2026/09/25 02:37:19.893, 19689
2026/09/25 02:37:20.393, 19689
2026/09/25 02:37:20.893, 19689
2026/09/25 02:37:21.393, 19689
2026/09/25 02:37:21.894, 19689
2026/09/25 02:37:22.394, 19689
2026/09/25 02:37:22.894, 19689
2026/09/25 02:37:23.394, 19689
2026/09/25 02:37:23.894, 19689
2026/09/25 02:37:24.395, 19689
2026/09/25 02:37:24.895, 19689
2026/09/25 02:37:25.395, 19689
2026/09/25 02:37:25.895, 19689
2026/09/25 02:37:26.395, 19689
2026/09/25 02:37:26.895, 19689
2026/09/25 02:37:27.395, 19689
2026/09/25 02:37:27.896, 19689
2026/09/25 02:37:28.396, 19689
2026/09/25 02:37:28.896, 19689
2026/09/25 02:37:29.396, 19689
2026/09/25 02:37:29.896, 19689
2026/09/25 02:37:30.396, 19689
2026/09/25 02:37:30.897, 19689
2026/09/25 02:37:31.397, 19689
2026/09/25 02:37:31.897, 19689
2026/09/25 02:37:32.397, 19689
2026/09/25 02:37:32.897, 19689
2026/09/25 02:37:33.397, 19689
2026/09/25 02:37:33.897, 19689
2026/09/25 02:37:34.398, 19689
2026/09/25 02:37:34.898, 19689
2026/09/25 02:37:35.398, 19689
2026/09/25 02:37:35.898, 19689
2026/09/25 02:37:36.398, 19689
2026/09/25 02:37:36.898, 19689
2026/09/25 02:37:37.399, 19689
2026/09/25 02:37:37.899, 19689
2026/09/25 02:37:38.399, 19689
2026/09/25 02:37:38.899, 19689
2026/09/25 02:37:39.399, 19689
2026/09/25 02:37:39.899, 19689
2026/09/25 02:37:40.399, 19689
2026/09/25 02:37:40.900, 19689
2026/09/25 02:37:41.400, 19689
2026/09/25 02:37:41.900, 19689
2026/09/25 02:37:42.400, 19689
2026/09/25 02:37:42.900, 19689
2026/09/25 02:37:43.401, 19689
2026/09/25 02:37:43.901, 19689
2026/09/25 02:37:44.401, 19689
2026/09/25 02:37:44.901, 19689
2026/09/25 02:37:45.401, 19689
2026/09/25 02:37:45.901, 19689
2026/09/25 02:37:46.402, 19689
2026/09/25 02:37:46.902, 19689
2026/09/25 02:37:47.402, 19689
2026/09/25 02:37:47.902, 19689
2026/09/25 02:37:48.402, 19689
2026/09/25 02:37:48.902, 19689
2026/09/25 02:37:49.402, 19689
2026/09/25 02:37:49.903, 19689
2026/09/25 02:37:50.403, 19689
2026/09/25 02:37:50.903, 19689
2026/09/25 02:37:51.403, 19689
2026/09/25 02:37:51.903, 19689
2026/09/25 02:37:52.403, 19689
2026/09/25 02:37:52.903, 19689
2026/09/25 02:37:53.404, 19689
2026/09/25 02:37:53.904, 19689
2026/09/25 02:37:54.404, 19689
2026/09/25 02:37:54.904, 19689
2026/09/25 02:37:55.404, 19689
2026/09/25 02:37:55.905, 19689
2026/09/25 02:37:56.405, 19689
2026/09/25 02:37:56.905, 19689
2026/09/25 02:37:57.405, 19689
2026/09/25 02:37:57.905, 19689
2026/09/25 02:37:58.405, 19689
2026/09/25 02:37:58.906, 19689
2026/09/25 02:37:59.406, 19689
2026/09/25 02:37:59.906, 19689
2026/09/25 02:38:00.406, 19689
2026/09/25 02:38:00.906, 19689
2026/09/25 02:38:01.406, 19689
2026/09/25 02:38:01.906, 19689
2026/09/25 02:38:02.407, 19689
2026/09/25 02:38:02.907, 19689
2026/09/25 02:38:03.407, 19689
2026/09/25 02:38:03.907, 19689
2026/09/25 02:38:04.407, 19689
2026/09/25 02:38:04.907, 19689
2026/09/25 02:38:05.408, 19689
2026/09/25 02:38:05.908, 19689
2026/09/25 02:38:06.408, 19689
2026/09/25 02:38:06.908, 19689
2026/09/25 02:38:07.408, 19689
2026/09/25 02:38:07.908, 19689
2026/09/25 02:38:08.409, 19689
2026/09/25 02:38:08.909, 19689
2026/09/25 02:38:09.409, 19689
2026/09/25 02:38:09.909, 19689
2026/09/25 02:38:10.409, 19689
2026/09/25 02:38:10.909, 19689
2026/09/25 02:38:11.410, 19689
2026/09/25 02:38:11.910, 19689
2026/09/25 02:38:12.410, 19689
2026/09/25 02:38:12.910, 19689
2026/09/25 02:38:13.410, 19689
2026/09/25 02:38:13.910, 19689
2026/09/25 02:38:14.410, 19689
2026/09/25 02:38:14.911, 19689
2026/09/25 02:38:15.411, 19689
2026/09/25 02:38:15.911, 19689
2026/09/25 02:38:16.411, 19689
2026/09/25 02:38:16.911, 19689
2026/09/25 02:38:17.411, 19689
2026/09/25 02:38:17.912, 19689
2026/09/25 02:38:18.412, 19689
2026/09/25 02:38:18.912, 19689
2026/09/25 02:38:19.412, 19689
2026/09/25 02:38:19.912, 19689
2026/09/25 02:38:20.412, 19689
2026/09/25 02:38:20.912, 19689
2026/09/25 02:38:21.413, 19689
2026/09/25 02:38:21.913, 19689
2026/09/25 02:38:22.413, 19689
2026/09/25 02:38:22.913, 19689
2026/09/25 02:38:23.413, 19689
2026/09/25 02:38:23.913, 19689
2026/09/25 02:38:24.414, 19689
2026/09/25 02:38:24.914, 19689
2026/09/25 02:38:25.414, 19689
2026/09/25 02:38:25.914, 19689
2026/09/25 02:38:26.414, 19689
2026/09/25 02:38:26.914, 19689
2026/09/25 02:38:27.414, 19689
2026/09/25 02:38:27.915, 19689
2026/09/25 02:38:28.415, 19689
2026/09/25 02:38:28.915, 19689
2026/09/25 02:38:29.415, 19689
2026/09/25 02:38:29.915, 19689
2026/09/25 02:38:30.415, 19689
2026/09/25 02:38:30.915, 19689
2026/09/25 02:38:31.416, 19689
2026/09/25 02:38:31.916, 19689
2026/09/25 02:38:32.416, 19689
2026/09/25 02:38:32.916, 19689
2026/09/25 02:38:33.416, 19689
2026/09/25 02:38:33.916, 19689
2026/09/25 02:38:34.416, 19689
2026/09/25 02:38:34.917, 19689
2026/09/25 02:38:35.417, 19689
2026/09/25 02:38:35.917, 19689
2026/09/25 02:38:36.417, 19689
2026/09/25 02:38:36.917, 19689
2026/09/25 02:38:37.417, 19689
2026/09/25 02:38:37.918, 19689
2026/09/25 02:38:38.418, 19689
2026/09/25 02:38:38.918, 19689
2026/09/25 02:38:39.418, 19689
2026/09/25 02:38:39.918, 19689
2026/09/25 02:38:40.418, 19689
2026/09/25 02:38:40.918, 19689
2026/09/25 02:38:41.419, 19689
2026/09/25 02:38:41.919, 19689
2026/09/25 02:38:42.419, 19689
2026/09/25 02:38:42.919, 19689
2026/09/25 02:38:43.419, 19689
2026/09/25 02:38:43.919, 19689
2026/09/25 02:38:44.419, 19689
2026/09/25 02:38:44.920, 19689
2026/09/25 02:38:45.420, 19689
2026/09/25 02:38:45.920, 19689
2026/09/25 02:38:46.420, 19689
2026/09/25 02:38:46.920, 19689
2026/09/25 02:38:47.421, 19689
2026/09/25 02:38:47.921, 19689
2026/09/25 02:38:48.421, 4
2026/09/25 02:38:48.921, 4
2026/09/25 02:38:49.421, 4
