2026/09/26 01:23:33.284, 1
2026/09/26 01:23:33.785, 1
2026/09/26 01:23:34.285, 1
2026/09/26 01:23:34.785, 1
2026/09/26 01:23:35.285, 1
2026/09/26 01:23:35.785, 1
2026/09/26 01:23:36.285, 1
2026/09/26 01:23:36.786, 4
2026/09/26 01:23:37.286, 4
2026/09/26 01:23:37.786, 4
2026/09/26 01:23:38.286, 4
2026/09/26 01:23:38.786, 4
2026/09/26 01:23:39.286, 4
2026/09/26 01:23:39.786, 4
2026/09/26 01:23:40.287, 4
2026/09/26 01:23:40.787, 4
2026/09/26 01:23:41.287, 4
2026/09/26 01:23:41.787, 4
2026/09/26 01:23:42.288, 4
2026/09/26 01:23:42.788, 4
2026/09/26 01:23:43.288, 4
2026/09/26 01:23:43.788, 4
2026/09/26 01:23:44.288, 4
2026/09/26 01:23:44.788, 4
2026/09/26 01:23:45.289, 4
2026/09/26 01:23:45.789, 4
2026/09/26 01:23:46.289, 455
2026/09/26 01:23:46.789, 535
2026/09/26 01:23:47.289, 535
2026/09/26 01:23:47.789, 535
2026/09/26 01:23:48.290, 9479
2026/09/26 01:23:48.790, 9479
2026/09/26 01:23:49.290, 9479
2026/09/26 01:23:49.790, 9479
2026/09/26 01:23:50.290, 9479
2026/09/26 01:23:50.790, 9479
2026/09/26 01:23:51.291, 9479
2026/09/26 01:23:51.791, 9479
2026/09/26 01:23:52.291, 9479
2026/09/26 01:23:52.791, 9479
2026/09/26 01:23:53.291, 9479
2026/09/26 01:23:53.791, 9867
2026/09/26 01:23:54.292, 15197
2026/09/26 01:23:54.792, 15197
2026/09/26 01:23:55.292, 15197
2026/09/26 01:23:55.792, 15197
2026/09/26 01:23:56.292, 15197
2026/09/26 01:23:56.793, 15197
2026/09/26 01:23:57.293, 15197
2026/09/26 01:23:57.793, 15197
2026/09/26 01:23:58.293, 15197
2026/09/26 01:23:58.793, 15199
2026/09/26 01:23:59.294, 15199
2026/09/26 01:23:59.794, 15199
2026/09/26 01:24:00.294, 15645
2026/09/26 01:24:00.794, 16339
2026/09/26 01:24:01.294, 16555
2026/09/26 01:24:01.794, 16659
2026/09/26 01:24:02.295, 16759
2026/09/26 01:24:02.795, 16935
2026/09/26 01:24:03.295, 17047
2026/09/26 01:24:03.795, 17205
2026/09/26 01:24:04.295, 18661
2026/09/26 01:24:04.796, 18661
2026/09/26 01:24:05.297, 18661
2026/09/26 01:24:05.797, 18661
2026/09/26 01:24:06.297, 18661
2026/09/26 01:24:06.797, 18661
2026/09/26 01:24:07.297, 18661
2026/09/26 01:24:07.797, 18661
2026/09/26 01:24:08.298, 18661
2026/09/26 01:24:08.798, 18661
2026/09/26 01:24:09.298, 18661
2026/09/26 01:24:09.798, 18661
2026/09/26 01:24:10.298, 18661
2026/09/26 01:24:10.799, 18661
2026/09/26 01:24:11.299, 18661
2026/09/26 01:24:11.799, 18661
2026/09/26 01:24:12.299, 18661
2026/09/26 01:24:12.799, 18661
2026/09/26 01:24:13.299, 18661
2026/09/26 01:24:13.800, 18661
2026/09/26 01:24:14.300, 18661
2026/09/26 01:24:14.800, 18661
2026/09/26 01:24:15.300, 18661
2026/09/26 01:24:15.800, 18661
2026/09/26 01:24:16.300, 18661
2026/09/26 01:24:16.801, 18661
2026/09/26 01:24:17.301, 18661
2026/09/26 01:24:17.801, 18661
2026/09/26 01:24:18.301, 18661
2026/09/26 01:24:18.801, 18661
2026/09/26 01:24:19.301, 18661
2026/09/26 01:24:19.802, 18661
2026/09/26 01:24:20.302, 18661
2026/09/26 01:24:20.802, 18661
2026/09/26 01:24:21.302, 18661
2026/09/26 01:24:21.802, 18661
2026/09/26 01:24:22.302, 18661
2026/09/26 01:24:22.803, 18661
2026/09/26 01:24:23.303, 18661
2026/09/26 01:24:23.803, 18661
2026/09/26 01:24:24.303, 18661
2026/09/26 01:24:24.803, 18683
2026/09/26 01:24:25.304, 19639
2026/09/26 01:24:25.804, 19639
2026/09/26 01:24:26.304, 19639
2026/09/26 01:24:26.804, 19639
2026/09/26 01:24:27.305, 20135
2026/09/26 01:24:27.805, 20135
2026/09/26 01:24:28.305, 20135
2026/09/26 01:24:28.805, 20439
2026/09/26 01:24:29.305, 20439
2026/09/26 01:24:29.806, 20439
2026/09/26 01:24:30.306, 20439
2026/09/26 01:24:30.806, 20439
2026/09/26 01:24:31.306, 20439
2026/09/26 01:24:31.806, 20439
2026/09/26 01:24:32.306, 20439
2026/09/26 01:24:32.807, 20439
2026/09/26 01:24:33.307, 20439
2026/09/26 01:24:33.807, 20439
2026/09/26 01:24:34.307, 20439
2026/09/26 01:24:34.808, 20439
2026/09/26 01:24:35.308, 20439
2026/09/26 01:24:35.808, 20439
2026/09/26 01:24:36.308, 20439
2026/09/26 01:24:36.808, 20439
2026/09/26 01:24:37.308, 20439
2026/09/26 01:24:37.808, 20439
2026/09/26 01:24:38.309, 20439
2026/09/26 01:24:38.809, 20439
2026/09/26 01:24:39.309, 20439
2026/09/26 01:24:39.809, 20439
2026/09/26 01:24:40.309, 20439
2026/09/26 01:24:40.809, 20439
2026/09/26 01:24:41.310, 20439
2026/09/26 01:24:41.810, 20439
2026/09/26 01:24:42.310, 20439
2026/09/26 01:24:42.810, 20439
2026/09/26 01:24:43.310, 20439
2026/09/26 01:24:43.810, 20439
2026/09/26 01:24:44.311, 20439
2026/09/26 01:24:44.811, 20439
2026/09/26 01:24:45.311, 20439
2026/09/26 01:24:45.811, 20439
2026/09/26 01:24:46.311, 20439
2026/09/26 01:24:46.811, 20439
2026/09/26 01:24:47.312, 20439
2026/09/26 01:24:47.812, 20439
2026/09/26 01:24:48.312, 20439
2026/09/26 01:24:48.812, 20439
2026/09/26 01:24:49.312, 20439
2026/09/26 01:24:49.812, 20439
2026/09/26 01:24:50.313, 20439
2026/09/26 01:24:50.813, 20439
2026/09/26 01:24:51.313, 20439
2026/09/26 01:24:51.813, 20439
2026/09/26 01:24:52.313, 20439
2026/09/26 01:24:52.813, 20439
2026/09/26 01:24:53.313, 20439
2026/09/26 01:24:53.814, 20439
2026/09/26 01:24:54.314, 20439
2026/09/26 01:24:54.814, 20439
2026/09/26 01:24:55.314, 20439
2026/09/26 01:24:55.814, 20439
2026/09/26 01:24:56.314, 20439
2026/09/26 01:24:56.815, 20439
2026/09/26 01:24:57.315, 20439
2026/09/26 01:24:57.815, 20439
2026/09/26 01:24:58.315, 20439
2026/09/26 01:24:58.815, 20439
2026/09/26 01:24:59.315, 20439
2026/09/26 01:24:59.816, 20439
2026/09/26 01:25:00.316, 20439
2026/09/26 01:25:00.816, 20439
2026/09/26 01:25:01.316, 20439
2026/09/26 01:25:01.816, 20439
2026/09/26 01:25:02.316, 20439
2026/09/26 01:25:02.817, 20439
2026/09/26 01:25:03.317, 20439
2026/09/26 01:25:03.817, 20439
2026/09/26 01:25:04.317, 20439
2026/09/26 01:25:04.817, 20439
2026/09/26 01:25:05.317, 20439
2026/09/26 01:25:05.817, 20439
2026/09/26 01:25:06.318, 20439
2026/09/26 01:25:06.818, 21189
2026/09/26 01:25:07.318, 21189
2026/09/26 01:25:07.818, 21189
2026/09/26 01:25:08.318, 21189
2026/09/26 01:25:08.818, 21189
2026/09/26 01:25:09.319, 21189
2026/09/26 01:25:09.819, 21189
2026/09/26 01:25:10.319, 21189
2026/09/26 01:25:10.819, 21189
2026/09/26 01:25:11.319, 21189
2026/09/26 01:25:11.819, 21189
2026/09/26 01:25:12.320, 21189
2026/09/26 01:25:12.820, 21189
2026/09/26 01:25:13.320, 21189
2026/09/26 01:25:13.820, 21189
2026/09/26 01:25:14.320, 21189
2026/09/26 01:25:14.820, 21189
2026/09/26 01:25:15.320, 21189
2026/09/26 01:25:15.821, 21189
2026/09/26 01:25:16.321, 21189
2026/09/26 01:25:16.821, 21189
2026/09/26 01:25:17.321, 21189
2026/09/26 01:25:17.821, 21189
2026/09/26 01:25:18.321, 21189
2026/09/26 01:25:18.822, 21189
2026/09/26 01:25:19.322, 21189
2026/09/26 01:25:19.822, 21189
2026/09/26 01:25:20.322, 21189
2026/09/26 01:25:20.822, 21189
2026/09/26 01:25:21.322, 21189
2026/09/26 01:25:21.823, 21189
2026/09/26 01:25:22.323, 21189
2026/09/26 01:25:22.823, 21189
2026/09/26 01:25:23.323, 21189
2026/09/26 01:25:23.823, 21189
2026/09/26 01:25:24.323, 21189
2026/09/26 01:25:24.824, 21189
2026/09/26 01:25:25.324, 21189
2026/09/26 01:25:25.824, 21189
2026/09/26 01:25:26.324, 21189
2026/09/26 01:25:26.824, 21189
2026/09/26 01:25:27.324, 21189
2026/09/26 01:25:27.825, 21189
2026/09/26 01:25:28.325, 21189
2026/09/26 01:25:28.825, 21189
2026/09/26 01:25:29.325, 21189
2026/09/26 01:25:29.825, 21189
2026/09/26 01:25:30.325, 21189
2026/09/26 01:25:30.826, 21189
2026/09/26 01:25:31.326, 21189
2026/09/26 01:25:31.826, 21189
2026/09/26 01:25:32.326, 21189
2026/09/26 01:25:32.826, 21189
2026/09/26 01:25:33.326, 21189
2026/09/26 01:25:33.827, 21189
2026/09/26 01:25:34.327, 21189
2026/09/26 01:25:34.827, 21189
2026/09/26 01:25:35.327, 21189
2026/09/26 01:25:35.827, 21189
2026/09/26 01:25:36.327, 21189
2026/09/26 01:25:36.828, 21189
2026/09/26 01:25:37.328, 21189
2026/09/26 01:25:37.828, 21189
2026/09/26 01:25:38.328, 21189
2026/09/26 01:25:38.828, 21189
2026/09/26 01:25:39.328, 21189
2026/09/26 01:25:39.828, 21189
2026/09/26 01:25:40.329, 21189
2026/09/26 01:25:40.829, 21189
2026/09/26 01:25:41.329, 21189
2026/09/26 01:25:41.829, 21189
2026/09/26 01:25:42.329, 21189
2026/09/26 01:25:42.829, 21189
2026/09/26 01:25:43.330, 21189
2026/09/26 01:25:43.830, 21189
2026/09/26 01:25:44.330, 21189
2026/09/26 01:25:44.830, 21189
2026/09/26 01:25:45.330, 21189
2026/09/26 01:25:45.830, 21189
2026/09/26 01:25:46.331, 21189
2026/09/26 01:25:46.831, 21189
2026/09/26 01:25:47.331, 21189
2026/09/26 01:25:47.831, 21189
2026/09/26 01:25:48.331, 21189
2026/09/26 01:25:48.831, 21189
2026/09/26 01:25:49.331, 21189
2026/09/26 01:25:49.832, 21189
2026/09/26 01:25:50.332, 21189
2026/09/26 01:25:50.832, 21189
2026/09/26 01:25:51.332, 21189
2026/09/26 01:25:51.832, 21189
2026/09/26 01:25:52.332, 21189
2026/09/26 01:25:52.833, 21189
2026/09/26 01:25:53.333, 21189
2026/09/26 01:25:53.833, 21189
2026/09/26 01:25:54.333, 21189
2026/09/26 01:25:54.833, 21189
2026/09/26 01:25:55.333, 21189
2026/09/26 01:25:55.833, 21189
2026/09/26 01:25:56.334, 21189
2026/09/26 01:25:56.834, 21189
2026/09/26 01:25:57.334, 21189
2026/09/26 01:25:57.834, 21189
2026/09/26 01:25:58.334, 21189
2026/09/26 01:25:58.834, 21189
2026/09/26 01:25:59.335, 21189
2026/09/26 01:25:59.835, 21189
2026/09/26 01:26:00.335, 21189
2026/09/26 01:26:00.835, 21189
2026/09/26 01:26:01.335, 21189
2026/09/26 01:26:01.835, 21189
2026/09/26 01:26:02.336, 21189
2026/09/26 01:26:02.836, 21189
2026/09/26 01:26:03.336, 21189
2026/09/26 01:26:03.836, 21189
2026/09/26 01:26:04.336, 21189
2026/09/26 01:26:04.837, 21189
2026/09/26 01:26:05.337, 21189
2026/09/26 01:26:05.837, 21189
2026/09/26 01:26:06.337, 21189
2026/09/26 01:26:06.837, 21189
2026/09/26 01:26:07.337, 21189
2026/09/26 01:26:07.838, 21189
2026/09/26 01:26:08.338, 21189
2026/09/26 01:26:08.838, 21189
2026/09/26 01:26:09.338, 21189
2026/09/26 01:26:09.838, 21189
2026/09/26 01:26:10.338, 21189
2026/09/26 01:26:10.839, 21189
2026/09/26 01:26:11.339, 21189
2026/09/26 01:26:11.839, 21189
2026/09/26 01:26:12.339, 21189
2026/09/26 01:26:12.840, 21189
2026/09/26 01:26:13.340, 21189
2026/09/26 01:26:13.840, 21189
2026/09/26 01:26:14.340, 21189
2026/09/26 01:26:14.840, 21189
2026/09/26 01:26:15.340, 21189
2026/09/26 01:26:15.841, 21189
2026/09/26 01:26:16.341, 21189
2026/09/26 01:26:16.841, 21189
2026/09/26 01:26:17.341, 21189
2026/09/26 01:26:17.841, 21189
2026/09/26 01:26:18.341, 21189
2026/09/26 01:26:18.842, 21189
2026/09/26 01:26:19.342, 21189
2026/09/26 01:26:19.842, 21189
2026/09/26 01:26:20.342, 21189
2026/09/26 01:26:20.842, 21189
2026/09/26 01:26:21.342, 21189
2026/09/26 01:26:21.843, 21189
2026/09/26 01:26:22.343, 21189
2026/09/26 01:26:22.843, 21189
2026/09/26 01:26:23.343, 21189
2026/09/26 01:26:23.843, 21189
2026/09/26 01:26:24.343, 21189
2026/09/26 01:26:24.843, 21189
2026/09/26 01:26:25.344, 21189
2026/09/26 01:26:25.844, 21189
2026/09/26 01:26:26.344, 21189
2026/09/26 01:26:26.844, 21189
2026/09/26 01:26:27.345, 21189
2026/09/26 01:26:27.845, 21189
2026/09/26 01:26:28.345, 21189
2026/09/26 01:26:28.845, 21189
2026/09/26 01:26:29.345, 21189
2026/09/26 01:26:29.845, 21189
2026/09/26 01:26:30.346, 21189
2026/09/26 01:26:30.846, 21189
2026/09/26 01:26:31.346, 21189
2026/09/26 01:26:31.846, 21189
2026/09/26 01:26:32.346, 21189
2026/09/26 01:26:32.846, 21189
2026/09/26 01:26:33.346, 21189
2026/09/26 01:26:33.847, 21189
2026/09/26 01:26:34.347, 21189
2026/09/26 01:26:34.847, 21189
2026/09/26 01:26:35.347, 21189
2026/09/26 01:26:35.847, 21189
2026/09/26 01:26:36.347, 21189
2026/09/26 01:26:36.847, 21189
2026/09/26 01:26:37.348, 21189
2026/09/26 01:26:37.848, 21189
2026/09/26 01:26:38.348, 21189
2026/09/26 01:26:38.848, 21189
2026/09/26 01:26:39.348, 21189
2026/09/26 01:26:39.848, 21189
2026/09/26 01:26:40.349, 21189
2026/09/26 01:26:40.849, 21189
2026/09/26 01:26:41.349, 21189
2026/09/26 01:26:41.849, 21189
2026/09/26 01:26:42.349, 21189
2026/09/26 01:26:42.849, 21189
2026/09/26 01:26:43.350, 21189
2026/09/26 01:26:43.850, 21189
2026/09/26 01:26:44.350, 21189
2026/09/26 01:26:44.850, 21189
2026/09/26 01:26:45.350, 21189
2026/09/26 01:26:45.850, 21189
2026/09/26 01:26:46.351, 21189
2026/09/26 01:26:46.851, 21189
2026/09/26 01:26:47.351, 21189
2026/09/26 01:26:47.851, 21189
2026/09/26 01:26:48.351, 21189
2026/09/26 01:26:48.851, 21189
2026/09/26 01:26:49.352, 21189
2026/09/26 01:26:49.852, 21189
2026/09/26 01:26:50.352, 21189
2026/09/26 01:26:50.852, 21189
2026/09/26 01:26:51.352, 21189
2026/09/26 01:26:51.852, 21189
2026/09/26 01:26:52.353, 21189
2026/09/26 01:26:52.853, 21189
2026/09/26 01:26:53.353, 21189
2026/09/26 01:26:53.853, 21189
2026/09/26 01:26:54.353, 21189
2026/09/26 01:26:54.853, 21189
2026/09/26 01:26:55.354, 21189
2026/09/26 01:26:55.854, 21189
2026/09/26 01:26:56.354, 21189
2026/09/26 01:26:56.854, 21189
2026/09/26 01:26:57.354, 21189
2026/09/26 01:26:57.854, 21189
2026/09/26 01:26:58.355, 21189
2026/09/26 01:26:58.855, 21189
2026/09/26 01:26:59.355, 21189
2026/09/26 01:26:59.855, 21189
2026/09/26 01:27:00.355, 21189
2026/09/26 01:27:00.855, 21189
2026/09/26 01:27:01.356, 21189
2026/09/26 01:27:01.856, 21189
2026/09/26 01:27:02.356, 21189
2026/09/26 01:27:02.856, 21189
2026/09/26 01:27:03.356, 21189
2026/09/26 01:27:03.857, 21189
2026/09/26 01:27:04.357, 21189
2026/09/26 01:27:04.857, 21189
2026/09/26 01:27:05.357, 21189
2026/09/26 01:27:05.857, 21189
2026/09/26 01:27:06.357, 21189
2026/09/26 01:27:06.858, 21189
2026/09/26 01:27:07.358, 21189
2026/09/26 01:27:07.858, 21189
2026/09/26 01:27:08.358, 21189
2026/09/26 01:27:08.858, 21189
2026/09/26 01:27:09.358, 21189
2026/09/26 01:27:09.859, 21189
2026/09/26 01:27:10.359, 21189
2026/09/26 01:27:10.859, 21189
2026/09/26 01:27:11.359, 21189
2026/09/26 01:27:11.859, 21189
2026/09/26 01:27:12.359, 21189
2026/09/26 01:27:12.860, 21189
2026/09/26 01:27:13.360, 21189
2026/09/26 01:27:13.860, 21189
2026/09/26 01:27:14.360, 21189
2026/09/26 01:27:14.860, 21189
2026/09/26 01:27:15.360, 21189
2026/09/26 01:27:15.861, 21189
2026/09/26 01:27:16.361, 21189
2026/09/26 01:27:16.861, 21189
2026/09/26 01:27:17.361, 21189
2026/09/26 01:27:17.861, 21189
2026/09/26 01:27:18.366, 21189
2026/09/26 01:27:18.867, 21189
2026/09/26 01:27:19.367, 21189
2026/09/26 01:27:19.867, 21189
2026/09/26 01:27:20.367, 21189
2026/09/26 01:27:20.867, 21189
2026/09/26 01:27:21.368, 21189
2026/09/26 01:27:21.868, 21189
2026/09/26 01:27:22.368, 21189
2026/09/26 01:27:22.868, 21189
2026/09/26 01:27:23.368, 21189
2026/09/26 01:27:23.868, 21189
2026/09/26 01:27:24.369, 21189
2026/09/26 01:27:24.869, 21189
2026/09/26 01:27:25.369, 21189
2026/09/26 01:27:25.869, 21189
2026/09/26 01:27:26.369, 21189
2026/09/26 01:27:26.869, 21189
2026/09/26 01:27:27.370, 21189
2026/09/26 01:27:27.870, 21189
2026/09/26 01:27:28.370, 21189
2026/09/26 01:27:28.870, 21189
2026/09/26 01:27:29.370, 21189
2026/09/26 01:27:29.870, 21189
2026/09/26 01:27:30.371, 21189
2026/09/26 01:27:30.871, 21189
2026/09/26 01:27:31.371, 21189
2026/09/26 01:27:31.871, 21189
2026/09/26 01:27:32.371, 21189
2026/09/26 01:27:32.871, 21189
2026/09/26 01:27:33.372, 21189
2026/09/26 01:27:33.872, 21189
2026/09/26 01:27:34.372, 21189
2026/09/26 01:27:34.872, 21189
2026/09/26 01:27:35.372, 21189
2026/09/26 01:27:35.872, 21189
2026/09/26 01:27:36.373, 21189
2026/09/26 01:27:36.873, 21189
2026/09/26 01:27:37.373, 21189
2026/09/26 01:27:37.873, 21189
2026/09/26 01:27:38.373, 21189
2026/09/26 01:27:38.873, 21189
2026/09/26 01:27:39.374, 21189
2026/09/26 01:27:39.874, 21189
2026/09/26 01:27:40.374, 21189
2026/09/26 01:27:40.874, 21189
2026/09/26 01:27:41.374, 21189
2026/09/26 01:27:41.875, 21189
2026/09/26 01:27:42.375, 21189
2026/09/26 01:27:42.875, 21189
2026/09/26 01:27:43.375, 21189
2026/09/26 01:27:43.875, 21189
2026/09/26 01:27:44.375, 21189
2026/09/26 01:27:44.876, 21189
2026/09/26 01:27:45.376, 21189
2026/09/26 01:27:45.876, 21189
2026/09/26 01:27:46.376, 21189
2026/09/26 01:27:46.876, 21189
2026/09/26 01:27:47.377, 21189
2026/09/26 01:27:47.877, 21189
2026/09/26 01:27:48.377, 21189
2026/09/26 01:27:48.877, 21189
2026/09/26 01:27:49.377, 21189
2026/09/26 01:27:49.877, 21189
2026/09/26 01:27:50.378, 21189
2026/09/26 01:27:50.878, 21189
2026/09/26 01:27:51.378, 21189
2026/09/26 01:27:51.878, 21189
2026/09/26 01:27:52.378, 21189
2026/09/26 01:27:52.878, 21189
2026/09/26 01:27:53.379, 21189
2026/09/26 01:27:53.879, 21189
2026/09/26 01:27:54.379, 21189
2026/09/26 01:27:54.879, 21189
2026/09/26 01:27:55.379, 21189
2026/09/26 01:27:55.879, 21189
2026/09/26 01:27:56.380, 21189
2026/09/26 01:27:56.880, 21189
2026/09/26 01:27:57.380, 21189
2026/09/26 01:27:57.880, 21189
2026/09/26 01:27:58.381, 21189
2026/09/26 01:27:58.881, 21189
2026/09/26 01:27:59.381, 21189
2026/09/26 01:27:59.881, 21189
2026/09/26 01:28:00.381, 21189
2026/09/26 01:28:00.881, 21189
2026/09/26 01:28:01.382, 21189
2026/09/26 01:28:01.882, 21189
2026/09/26 01:28:02.382, 21189
2026/09/26 01:28:02.882, 21189
2026/09/26 01:28:03.382, 21189
2026/09/26 01:28:03.882, 21189
2026/09/26 01:28:04.383, 21189
2026/09/26 01:28:04.883, 21189
2026/09/26 01:28:05.383, 21189
2026/09/26 01:28:05.883, 21189
2026/09/26 01:28:06.383, 21189
2026/09/26 01:28:06.883, 21189
2026/09/26 01:28:07.383, 21189
2026/09/26 01:28:07.884, 21189
2026/09/26 01:28:08.384, 21189
2026/09/26 01:28:08.884, 21189
2026/09/26 01:28:09.384, 21189
2026/09/26 01:28:09.884, 21189
2026/09/26 01:28:10.385, 21189
2026/09/26 01:28:10.885, 21189
2026/09/26 01:28:11.385, 21189
2026/09/26 01:28:11.885, 21189
2026/09/26 01:28:12.385, 21189
2026/09/26 01:28:12.885, 21189
2026/09/26 01:28:13.385, 21189
2026/09/26 01:28:13.886, 21189
2026/09/26 01:28:14.386, 21189
2026/09/26 01:28:14.886, 21189
2026/09/26 01:28:15.386, 21189
2026/09/26 01:28:15.886, 21189
2026/09/26 01:28:16.386, 21189
2026/09/26 01:28:16.887, 21189
2026/09/26 01:28:17.387, 21189
2026/09/26 01:28:17.887, 21189
2026/09/26 01:28:18.387, 21189
2026/09/26 01:28:18.887, 21189
2026/09/26 01:28:19.388, 21189
2026/09/26 01:28:19.888, 21189
2026/09/26 01:28:20.388, 21189
2026/09/26 01:28:20.888, 21189
2026/09/26 01:28:21.388, 21189
2026/09/26 01:28:21.888, 21189
2026/09/26 01:28:22.389, 21189
2026/09/26 01:28:22.889, 21189
2026/09/26 01:28:23.389, 21189
2026/09/26 01:28:23.889, 21189
2026/09/26 01:28:24.389, 21189
2026/09/26 01:28:24.889, 21189
2026/09/26 01:28:25.390, 21189
2026/09/26 01:28:25.890, 21189
2026/09/26 01:28:26.390, 21189
2026/09/26 01:28:26.890, 21189
2026/09/26 01:28:27.390, 21189
2026/09/26 01:28:27.890, 21189
2026/09/26 01:28:28.391, 21189
2026/09/26 01:28:28.891, 21189
2026/09/26 01:28:29.391, 21189
2026/09/26 01:28:29.891, 21189
2026/09/26 01:28:30.391, 21189
2026/09/26 01:28:30.891, 21189
2026/09/26 01:28:31.392, 21189
2026/09/26 01:28:31.892, 21189
2026/09/26 01:28:32.392, 21189
2026/09/26 01:28:32.892, 21189
2026/09/26 01:28:33.392, 21189
2026/09/26 01:28:33.892, 21189
2026/09/26 01:28:34.392, 21189
2026/09/26 01:28:34.893, 21189
2026/09/26 01:28:35.393, 21189
2026/09/26 01:28:35.893, 21189
2026/09/26 01:28:36.393, 21189
2026/09/26 01:28:36.893, 21189
2026/09/26 01:28:37.393, 21189
2026/09/26 01:28:37.893, 21189
2026/09/26 01:28:38.394, 21189
2026/09/26 01:28:38.894, 21189
2026/09/26 01:28:39.394, 21189
2026/09/26 01:28:39.894, 21189
2026/09/26 01:28:40.394, 21189
2026/09/26 01:28:40.894, 21189
2026/09/26 01:28:41.395, 21189
2026/09/26 01:28:41.895, 21189
2026/09/26 01:28:42.395, 21189
2026/09/26 01:28:42.895, 21189
2026/09/26 01:28:43.395, 21189
2026/09/26 01:28:43.895, 21189
2026/09/26 01:28:44.395, 21189
2026/09/26 01:28:44.896, 21189
2026/09/26 01:28:45.396, 21189
2026/09/26 01:28:45.896, 21189
2026/09/26 01:28:46.396, 21189
2026/09/26 01:28:46.896, 21189
2026/09/26 01:28:47.396, 21189
2026/09/26 01:28:47.897, 21189
2026/09/26 01:28:48.397, 21189
2026/09/26 01:28:48.897, 21189
2026/09/26 01:28:49.397, 21189
2026/09/26 01:28:49.897, 21189
2026/09/26 01:28:50.397, 21189
2026/09/26 01:28:50.898, 21189
2026/09/26 01:28:51.398, 21189
2026/09/26 01:28:51.898, 21189
2026/09/26 01:28:52.398, 21189
2026/09/26 01:28:52.898, 21189
2026/09/26 01:28:53.398, 21189
2026/09/26 01:28:53.899, 21189
2026/09/26 01:28:54.399, 21189
2026/09/26 01:28:54.899, 21189
2026/09/26 01:28:55.399, 21189
2026/09/26 01:28:55.899, 21189
2026/09/26 01:28:56.399, 21189
2026/09/26 01:28:56.900, 21189
2026/09/26 01:28:57.400, 21189
2026/09/26 01:28:57.900, 21189
2026/09/26 01:28:58.400, 21189
2026/09/26 01:28:58.900, 21189
2026/09/26 01:28:59.400, 21189
2026/09/26 01:28:59.901, 21189
2026/09/26 01:29:00.401, 21189
2026/09/26 01:29:00.901, 21189
2026/09/26 01:29:01.401, 21189
2026/09/26 01:29:01.901, 21189
2026/09/26 01:29:02.401, 21189
2026/09/26 01:29:02.902, 21189
2026/09/26 01:29:03.402, 21189
2026/09/26 01:29:03.902, 21189
2026/09/26 01:29:04.402, 21189
2026/09/26 01:29:04.902, 21189
2026/09/26 01:29:05.402, 21189
2026/09/26 01:29:05.902, 21189
2026/09/26 01:29:06.403, 21189
2026/09/26 01:29:06.903, 21189
2026/09/26 01:29:07.403, 21189
2026/09/26 01:29:07.903, 21189
2026/09/26 01:29:08.403, 21189
2026/09/26 01:29:08.903, 21189
2026/09/26 01:29:09.403, 21189
2026/09/26 01:29:09.904, 21189
2026/09/26 01:29:10.404, 21189
2026/09/26 01:29:10.904, 21189
2026/09/26 01:29:11.404, 21189
2026/09/26 01:29:11.904, 21189
2026/09/26 01:29:12.405, 21189
2026/09/26 01:29:12.905, 21189
2026/09/26 01:29:13.405, 21189
2026/09/26 01:29:13.905, 21189
2026/09/26 01:29:14.405, 21189
2026/09/26 01:29:14.905, 21189
2026/09/26 01:29:15.406, 21189
2026/09/26 01:29:15.906, 21189
2026/09/26 01:29:16.406, 21189
2026/09/26 01:29:16.906, 21189
2026/09/26 01:29:17.406, 21189
2026/09/26 01:29:17.906, 21189
2026/09/26 01:29:18.406, 21189
2026/09/26 01:29:18.907, 21189
2026/09/26 01:29:19.407, 21189
2026/09/26 01:29:19.907, 21189
2026/09/26 01:29:20.407, 21189
2026/09/26 01:29:20.907, 21189
2026/09/26 01:29:21.407, 21189
2026/09/26 01:29:21.907, 21189
2026/09/26 01:29:22.408, 21189
2026/09/26 01:29:22.908, 21189
2026/09/26 01:29:23.408, 21189
2026/09/26 01:29:23.908, 21189
2026/09/26 01:29:24.408, 21189
2026/09/26 01:29:24.908, 21189
2026/09/26 01:29:25.408, 21189
2026/09/26 01:29:25.909, 21189
2026/09/26 01:29:26.409, 21189
2026/09/26 01:29:26.909, 21189
2026/09/26 01:29:27.409, 21189
2026/09/26 01:29:27.909, 21189
2026/09/26 01:29:28.409, 21189
2026/09/26 01:29:28.918, 21189
2026/09/26 01:29:29.418, 21189
2026/09/26 01:29:29.918, 21189
2026/09/26 01:29:30.419, 21189
2026/09/26 01:29:30.919, 21189
2026/09/26 01:29:31.419, 21189
2026/09/26 01:29:31.919, 21189
2026/09/26 01:29:32.419, 21189
2026/09/26 01:29:32.919, 21189
2026/09/26 01:29:33.419, 21189
2026/09/26 01:29:33.920, 21189
2026/09/26 01:29:34.420, 21189
2026/09/26 01:29:34.920, 21189
2026/09/26 01:29:35.420, 21189
2026/09/26 01:29:35.920, 21189
2026/09/26 01:29:36.420, 21189
2026/09/26 01:29:36.920, 21189
2026/09/26 01:29:37.421, 21189
2026/09/26 01:29:37.921, 21189
2026/09/26 01:29:38.421, 21189
2026/09/26 01:29:38.921, 21189
2026/09/26 01:29:39.421, 21189
2026/09/26 01:29:39.921, 21189
2026/09/26 01:29:40.422, 21189
2026/09/26 01:29:40.922, 21189
2026/09/26 01:29:41.422, 21189
2026/09/26 01:29:41.922, 21189
2026/09/26 01:29:42.422, 21189
2026/09/26 01:29:42.922, 21189
2026/09/26 01:29:43.423, 21189
2026/09/26 01:29:43.923, 21189
2026/09/26 01:29:44.423, 21189
2026/09/26 01:29:44.923, 21189
2026/09/26 01:29:45.424, 21189
2026/09/26 01:29:45.924, 21189
2026/09/26 01:29:46.424, 21189
2026/09/26 01:29:46.924, 21189
2026/09/26 01:29:47.424, 21189
2026/09/26 01:29:47.924, 21189
2026/09/26 01:29:48.425, 21189
2026/09/26 01:29:48.925, 21189
2026/09/26 01:29:49.425, 21189
2026/09/26 01:29:49.925, 21189
2026/09/26 01:29:50.425, 21189
2026/09/26 01:29:50.925, 21189
2026/09/26 01:29:51.426, 21189
2026/09/26 01:29:51.926, 21189
2026/09/26 01:29:52.426, 21189
2026/09/26 01:29:52.926, 21189
2026/09/26 01:29:53.426, 21189
2026/09/26 01:29:53.926, 21189
2026/09/26 01:29:54.426, 21189
2026/09/26 01:29:54.927, 21189
2026/09/26 01:29:55.427, 21189
2026/09/26 01:29:55.927, 21189
2026/09/26 01:29:56.427, 21189
2026/09/26 01:29:56.927, 21189
2026/09/26 01:29:57.427, 21189
2026/09/26 01:29:57.928, 21189
2026/09/26 01:29:58.428, 21189
2026/09/26 01:29:58.928, 21189
2026/09/26 01:29:59.428, 21189
2026/09/26 01:29:59.928, 21189
2026/09/26 01:30:00.429, 21189
2026/09/26 01:30:00.929, 21189
2026/09/26 01:30:01.429, 21189
2026/09/26 01:30:01.929, 21189
2026/09/26 01:30:02.429, 21189
2026/09/26 01:30:02.929, 21189
2026/09/26 01:30:03.430, 21189
2026/09/26 01:30:03.930, 21189
2026/09/26 01:30:04.430, 21189
2026/09/26 01:30:04.930, 21189
2026/09/26 01:30:05.430, 21189
2026/09/26 01:30:05.930, 21189
2026/09/26 01:30:06.431, 21189
2026/09/26 01:30:06.931, 21189
2026/09/26 01:30:07.431, 21189
2026/09/26 01:30:07.931, 21189
2026/09/26 01:30:08.431, 21189
2026/09/26 01:30:08.932, 21189
2026/09/26 01:30:09.432, 21189
2026/09/26 01:30:09.932, 21189
2026/09/26 01:30:10.432, 21189
2026/09/26 01:30:10.932, 21189
2026/09/26 01:30:11.432, 21189
2026/09/26 01:30:11.932, 21189
2026/09/26 01:30:12.433, 21189
2026/09/26 01:30:12.933, 21189
2026/09/26 01:30:13.433, 21189
2026/09/26 01:30:13.933, 21189
2026/09/26 01:30:14.433, 21189
2026/09/26 01:30:14.933, 21189
2026/09/26 01:30:15.434, 21189
2026/09/26 01:30:15.934, 21189
2026/09/26 01:30:16.434, 21189
2026/09/26 01:30:16.934, 21189
2026/09/26 01:30:17.434, 21189
2026/09/26 01:30:17.934, 21189
2026/09/26 01:30:18.435, 21189
2026/09/26 01:30:18.935, 21189
2026/09/26 01:30:19.435, 21189
2026/09/26 01:30:19.935, 21189
2026/09/26 01:30:20.435, 21189
2026/09/26 01:30:20.936, 21189
2026/09/26 01:30:21.436, 21189
2026/09/26 01:30:21.936, 21189
2026/09/26 01:30:22.436, 21189
2026/09/26 01:30:22.936, 21189
2026/09/26 01:30:23.436, 21189
2026/09/26 01:30:23.937, 21189
2026/09/26 01:30:24.437, 21189
2026/09/26 01:30:24.937, 21189
2026/09/26 01:30:25.437, 21189
2026/09/26 01:30:25.937, 21189
2026/09/26 01:30:26.437, 21189
2026/09/26 01:30:26.938, 21189
2026/09/26 01:30:27.438, 21189
2026/09/26 01:30:27.938, 21189
2026/09/26 01:30:28.438, 21189
2026/09/26 01:30:28.938, 21189
2026/09/26 01:30:29.438, 21189
2026/09/26 01:30:29.939, 21189
2026/09/26 01:30:30.439, 21189
2026/09/26 01:30:30.939, 21189
2026/09/26 01:30:31.439, 21189
2026/09/26 01:30:31.939, 21189
2026/09/26 01:30:32.439, 21189
2026/09/26 01:30:32.940, 21189
2026/09/26 01:30:33.440, 21189
2026/09/26 01:30:33.940, 21189
2026/09/26 01:30:34.440, 21189
2026/09/26 01:30:34.940, 21189
2026/09/26 01:30:35.440, 21189
2026/09/26 01:30:35.941, 21189
2026/09/26 01:30:36.441, 21189
2026/09/26 01:30:36.941, 21189
2026/09/26 01:30:37.441, 21189
2026/09/26 01:30:37.941, 21189
2026/09/26 01:30:38.441, 21189
2026/09/26 01:30:38.941, 21189
2026/09/26 01:30:39.442, 21189
2026/09/26 01:30:39.942, 21189
2026/09/26 01:30:40.442, 21189
2026/09/26 01:30:40.942, 21189
2026/09/26 01:30:41.442, 21189
2026/09/26 01:30:41.942, 21189
2026/09/26 01:30:42.443, 21189
2026/09/26 01:30:42.943, 21189
2026/09/26 01:30:43.443, 21189
2026/09/26 01:30:43.943, 21189
2026/09/26 01:30:44.443, 21189
2026/09/26 01:30:44.943, 21189
2026/09/26 01:30:45.444, 21189
2026/09/26 01:30:45.944, 21189
2026/09/26 01:30:46.444, 21189
2026/09/26 01:30:46.944, 21189
2026/09/26 01:30:47.444, 21189
2026/09/26 01:30:47.945, 21189
2026/09/26 01:30:48.445, 21189
2026/09/26 01:30:48.945, 21189
2026/09/26 01:30:49.445, 21189
2026/09/26 01:30:49.945, 21189
2026/09/26 01:30:50.445, 21189
2026/09/26 01:30:50.946, 21189
2026/09/26 01:30:51.446, 21189
2026/09/26 01:30:51.946, 21189
2026/09/26 01:30:52.446, 21189
2026/09/26 01:30:52.946, 21189
2026/09/26 01:30:53.446, 21189
2026/09/26 01:30:53.947, 21189
2026/09/26 01:30:54.447, 21189
2026/09/26 01:30:54.947, 21189
2026/09/26 01:30:55.447, 21189
2026/09/26 01:30:55.947, 21189
2026/09/26 01:30:56.447, 21189
2026/09/26 01:30:56.948, 21189
2026/09/26 01:30:57.448, 21189
2026/09/26 01:30:57.948, 21189
2026/09/26 01:30:58.448, 21189
2026/09/26 01:30:58.948, 21189
2026/09/26 01:30:59.448, 21189
2026/09/26 01:30:59.949, 21189
2026/09/26 01:31:00.449, 21189
2026/09/26 01:31:00.949, 21189
2026/09/26 01:31:01.449, 21189
2026/09/26 01:31:01.949, 21189
2026/09/26 01:31:02.449, 21189
2026/09/26 01:31:02.950, 21189
2026/09/26 01:31:03.450, 21189
2026/09/26 01:31:03.950, 21189
2026/09/26 01:31:04.450, 21189
2026/09/26 01:31:04.950, 21189
2026/09/26 01:31:05.451, 21189
2026/09/26 01:31:05.951, 21189
2026/09/26 01:31:06.451, 21189
2026/09/26 01:31:06.951, 21189
2026/09/26 01:31:07.451, 21189
2026/09/26 01:31:07.951, 21189
2026/09/26 01:31:08.452, 21189
2026/09/26 01:31:08.952, 21189
2026/09/26 01:31:09.452, 21189
2026/09/26 01:31:09.952, 21189
2026/09/26 01:31:10.452, 21189
2026/09/26 01:31:10.952, 21189
2026/09/26 01:31:11.453, 21189
2026/09/26 01:31:11.953, 21189
2026/09/26 01:31:12.453, 21189
2026/09/26 01:31:12.953, 21189
2026/09/26 01:31:13.453, 21189
2026/09/26 01:31:13.954, 21189
2026/09/26 01:31:14.454, 21189
2026/09/26 01:31:14.954, 21189
2026/09/26 01:31:15.454, 21189
2026/09/26 01:31:15.954, 21189
2026/09/26 01:31:16.454, 21189
2026/09/26 01:31:16.954, 21189
2026/09/26 01:31:17.455, 21189
2026/09/26 01:31:17.955, 21189
2026/09/26 01:31:18.455, 21189
2026/09/26 01:31:18.955, 21189
2026/09/26 01:31:19.455, 21189
2026/09/26 01:31:19.955, 21189
2026/09/26 01:31:20.456, 21189
2026/09/26 01:31:20.956, 21189
2026/09/26 01:31:21.456, 21189
2026/09/26 01:31:21.956, 21189
2026/09/26 01:31:22.456, 21189
2026/09/26 01:31:22.956, 21189
2026/09/26 01:31:23.457, 21189
2026/09/26 01:31:23.957, 21189
2026/09/26 01:31:24.457, 21189
2026/09/26 01:31:24.957, 21189
2026/09/26 01:31:25.457, 21189
2026/09/26 01:31:25.957, 21189
2026/09/26 01:31:26.458, 21189
2026/09/26 01:31:26.958, 21189
2026/09/26 01:31:27.458, 21189
2026/09/26 01:31:27.958, 21189
2026/09/26 01:31:28.458, 21189
2026/09/26 01:31:28.958, 21189
2026/09/26 01:31:29.459, 21189
2026/09/26 01:31:29.959, 21189
2026/09/26 01:31:30.459, 21189
2026/09/26 01:31:30.959, 21189
2026/09/26 01:31:31.459, 21189
2026/09/26 01:31:31.959, 21189
2026/09/26 01:31:32.459, 21189
2026/09/26 01:31:32.960, 21189
2026/09/26 01:31:33.460, 21189
2026/09/26 01:31:33.960, 21189
2026/09/26 01:31:34.460, 21189
2026/09/26 01:31:34.960, 21189
2026/09/26 01:31:35.460, 21189
2026/09/26 01:31:35.961, 21189
2026/09/26 01:31:36.461, 21189
2026/09/26 01:31:36.961, 21189
2026/09/26 01:31:37.461, 21189
2026/09/26 01:31:37.961, 21189
2026/09/26 01:31:38.461, 21189
2026/09/26 01:31:38.962, 21189
2026/09/26 01:31:39.462, 21189
2026/09/26 01:31:39.962, 21189
2026/09/26 01:31:40.462, 21189
2026/09/26 01:31:40.962, 21189
2026/09/26 01:31:41.462, 21189
2026/09/26 01:31:41.963, 21189
2026/09/26 01:31:42.463, 21189
2026/09/26 01:31:42.963, 21189
2026/09/26 01:31:43.463, 21189
2026/09/26 01:31:43.963, 21189
2026/09/26 01:31:44.463, 21189
2026/09/26 01:31:44.964, 21189
2026/09/26 01:31:45.464, 21189
2026/09/26 01:31:45.964, 21189
2026/09/26 01:31:46.464, 21189
2026/09/26 01:31:46.964, 21189
2026/09/26 01:31:47.464, 21189
2026/09/26 01:31:47.964, 21189
2026/09/26 01:31:48.465, 21189
2026/09/26 01:31:48.965, 21189
2026/09/26 01:31:49.465, 21189
2026/09/26 01:31:49.965, 21189
2026/09/26 01:31:50.465, 21189
2026/09/26 01:31:50.965, 21189
2026/09/26 01:31:51.466, 21189
2026/09/26 01:31:51.966, 21189
2026/09/26 01:31:52.466, 21189
2026/09/26 01:31:52.966, 21189
2026/09/26 01:31:53.466, 21189
2026/09/26 01:31:53.966, 21189
2026/09/26 01:31:54.467, 21189
2026/09/26 01:31:54.967, 21189
2026/09/26 01:31:55.467, 21189
2026/09/26 01:31:55.967, 21189
2026/09/26 01:31:56.467, 21189
2026/09/26 01:31:56.967, 21189
2026/09/26 01:31:57.468, 21189
2026/09/26 01:31:57.968, 21189
2026/09/26 01:31:58.468, 21189
2026/09/26 01:31:58.968, 21189
2026/09/26 01:31:59.468, 21189
2026/09/26 01:31:59.968, 21189
2026/09/26 01:32:00.469, 21189
2026/09/26 01:32:00.969, 21189
2026/09/26 01:32:01.469, 21189
2026/09/26 01:32:01.969, 21189
2026/09/26 01:32:02.469, 21189
2026/09/26 01:32:02.969, 21189
2026/09/26 01:32:03.469, 21189
2026/09/26 01:32:03.970, 21189
2026/09/26 01:32:04.470, 21189
2026/09/26 01:32:04.970, 21189
2026/09/26 01:32:05.470, 21189
2026/09/26 01:32:05.970, 21189
2026/09/26 01:32:06.471, 21189
2026/09/26 01:32:06.971, 21189
2026/09/26 01:32:07.471, 21189
2026/09/26 01:32:07.971, 21189
2026/09/26 01:32:08.471, 21189
2026/09/26 01:32:08.971, 21189
2026/09/26 01:32:09.472, 21189
2026/09/26 01:32:09.972, 21189
2026/09/26 01:32:10.472, 21189
2026/09/26 01:32:10.972, 21189
2026/09/26 01:32:11.472, 21189
2026/09/26 01:32:11.972, 21189
2026/09/26 01:32:12.473, 21189
2026/09/26 01:32:12.973, 21189
2026/09/26 01:32:13.473, 21189
2026/09/26 01:32:13.973, 21189
2026/09/26 01:32:14.473, 21189
2026/09/26 01:32:14.974, 21189
2026/09/26 01:32:15.474, 21189
2026/09/26 01:32:15.974, 21189
2026/09/26 01:32:16.474, 21189
2026/09/26 01:32:16.974, 21189
2026/09/26 01:32:17.475, 21189
2026/09/26 01:32:17.975, 21189
2026/09/26 01:32:18.475, 21189
2026/09/26 01:32:18.975, 21189
2026/09/26 01:32:19.475, 21189
2026/09/26 01:32:19.975, 21189
2026/09/26 01:32:20.476, 21189
2026/09/26 01:32:20.976, 21189
2026/09/26 01:32:21.476, 21189
2026/09/26 01:32:21.976, 21189
2026/09/26 01:32:22.476, 21189
2026/09/26 01:32:22.977, 21189
2026/09/26 01:32:23.477, 21189
2026/09/26 01:32:23.977, 21189
2026/09/26 01:32:24.477, 21189
2026/09/26 01:32:24.977, 21189
2026/09/26 01:32:25.477, 21189
2026/09/26 01:32:25.978, 21189
2026/09/26 01:32:26.478, 21189
2026/09/26 01:32:26.978, 21189
2026/09/26 01:32:27.478, 21189
2026/09/26 01:32:27.978, 21189
2026/09/26 01:32:28.478, 21189
2026/09/26 01:32:28.978, 21189
2026/09/26 01:32:29.479, 21189
2026/09/26 01:32:29.979, 21189
2026/09/26 01:32:30.479, 21189
2026/09/26 01:32:30.979, 21189
2026/09/26 01:32:31.479, 21189
2026/09/26 01:32:31.979, 21189
2026/09/26 01:32:32.480, 21189
2026/09/26 01:32:32.980, 21189
2026/09/26 01:32:33.480, 21189
2026/09/26 01:32:33.980, 21189
2026/09/26 01:32:34.480, 21189
2026/09/26 01:32:34.980, 21189
2026/09/26 01:32:35.481, 21189
2026/09/26 01:32:35.981, 21189
2026/09/26 01:32:36.481, 21189
2026/09/26 01:32:36.981, 21189
2026/09/26 01:32:37.481, 21189
2026/09/26 01:32:37.981, 21189
2026/09/26 01:32:38.481, 21189
2026/09/26 01:32:38.982, 21189
2026/09/26 01:32:39.482, 21189
2026/09/26 01:32:39.982, 21189
2026/09/26 01:32:40.482, 21189
2026/09/26 01:32:40.982, 21189
2026/09/26 01:32:41.482, 21189
2026/09/26 01:32:41.983, 21189
2026/09/26 01:32:42.483, 21189
2026/09/26 01:32:42.983, 21189
2026/09/26 01:32:43.483, 21189
2026/09/26 01:32:43.983, 21189
2026/09/26 01:32:44.483, 21189
2026/09/26 01:32:44.983, 21189
2026/09/26 01:32:45.484, 21189
2026/09/26 01:32:45.984, 21189
2026/09/26 01:32:46.484, 21189
2026/09/26 01:32:46.984, 21189
2026/09/26 01:32:47.484, 21189
2026/09/26 01:32:47.985, 21189
2026/09/26 01:32:48.485, 21189
2026/09/26 01:32:48.985, 21189
2026/09/26 01:32:49.485, 21189
2026/09/26 01:32:49.985, 21189
2026/09/26 01:32:50.485, 21189
2026/09/26 01:32:50.985, 21189
2026/09/26 01:32:51.486, 21189
2026/09/26 01:32:51.986, 21189
2026/09/26 01:32:52.486, 21189
2026/09/26 01:32:52.986, 21189
2026/09/26 01:32:53.486, 21189
2026/09/26 01:32:53.987, 21189
2026/09/26 01:32:54.487, 21189
2026/09/26 01:32:54.987, 21189
2026/09/26 01:32:55.487, 21189
2026/09/26 01:32:55.987, 21189
2026/09/26 01:32:56.487, 21189
2026/09/26 01:32:56.987, 21189
2026/09/26 01:32:57.488, 21189
2026/09/26 01:32:57.988, 21189
2026/09/26 01:32:58.488, 21189
2026/09/26 01:32:58.988, 21189
2026/09/26 01:32:59.488, 21189
2026/09/26 01:32:59.988, 21189
2026/09/26 01:33:00.489, 21189
2026/09/26 01:33:00.989, 21189
2026/09/26 01:33:01.489, 21189
2026/09/26 01:33:01.989, 21189
2026/09/26 01:33:02.489, 21189
2026/09/26 01:33:02.990, 21189
2026/09/26 01:33:03.490, 21189
2026/09/26 01:33:03.990, 21189
2026/09/26 01:33:04.490, 21189
2026/09/26 01:33:04.990, 21189
2026/09/26 01:33:05.490, 21189
2026/09/26 01:33:05.991, 21189
2026/09/26 01:33:06.491, 21189
2026/09/26 01:33:06.991, 21189
2026/09/26 01:33:07.491, 21189
2026/09/26 01:33:07.991, 21189
2026/09/26 01:33:08.491, 21189
2026/09/26 01:33:08.991, 21189
2026/09/26 01:33:09.492, 21189
2026/09/26 01:33:09.992, 21189
2026/09/26 01:33:10.492, 21189
2026/09/26 01:33:10.992, 21189
2026/09/26 01:33:11.492, 21189
2026/09/26 01:33:11.992, 21189
2026/09/26 01:33:12.493, 21189
2026/09/26 01:33:12.993, 21189
2026/09/26 01:33:13.493, 21189
2026/09/26 01:33:13.993, 21189
2026/09/26 01:33:14.493, 21189
2026/09/26 01:33:14.993, 21189
2026/09/26 01:33:15.494, 21189
2026/09/26 01:33:15.994, 21189
2026/09/26 01:33:16.494, 21189
2026/09/26 01:33:16.995, 21189
2026/09/26 01:33:17.495, 21189
2026/09/26 01:33:17.995, 21189
2026/09/26 01:33:18.495, 21189
2026/09/26 01:33:18.995, 21189
2026/09/26 01:33:19.495, 21189
2026/09/26 01:33:19.996, 21189
2026/09/26 01:33:20.496, 21189
2026/09/26 01:33:20.996, 21189
2026/09/26 01:33:21.496, 21189
2026/09/26 01:33:21.996, 21189
2026/09/26 01:33:22.496, 21189
2026/09/26 01:33:22.997, 21189
2026/09/26 01:33:23.497, 21189
2026/09/26 01:33:23.997, 21189
2026/09/26 01:33:24.497, 21189
2026/09/26 01:33:24.997, 21189
2026/09/26 01:33:25.498, 21189
2026/09/26 01:33:25.998, 21189
2026/09/26 01:33:26.498, 21189
2026/09/26 01:33:26.998, 21189
2026/09/26 01:33:27.498, 21189
2026/09/26 01:33:27.998, 21189
2026/09/26 01:33:28.499, 21189
2026/09/26 01:33:28.999, 21189
2026/09/26 01:33:29.499, 21189
2026/09/26 01:33:29.999, 21189
2026/09/26 01:33:30.499, 21189
2026/09/26 01:33:31.000, 21189
2026/09/26 01:33:31.500, 21189
2026/09/26 01:33:32.000, 21189
2026/09/26 01:33:32.500, 21189
2026/09/26 01:33:33.000, 21189
2026/09/26 01:33:33.500, 21189
2026/09/26 01:33:34.001, 21189
2026/09/26 01:33:34.501, 21189
2026/09/26 01:33:35.001, 21189
2026/09/26 01:33:35.501, 21189
2026/09/26 01:33:36.001, 21189
2026/09/26 01:33:36.501, 21189
2026/09/26 01:33:37.002, 21189
2026/09/26 01:33:37.502, 21189
2026/09/26 01:33:38.002, 21189
2026/09/26 01:33:38.502, 21189
2026/09/26 01:33:39.002, 21189
2026/09/26 01:33:39.503, 21189
2026/09/26 01:33:40.003, 21189
2026/09/26 01:33:40.503, 21189
2026/09/26 01:33:41.003, 21189
2026/09/26 01:33:41.503, 21189
2026/09/26 01:33:42.004, 21189
2026/09/26 01:33:42.504, 21189
2026/09/26 01:33:43.004, 21189
2026/09/26 01:33:43.504, 21189
2026/09/26 01:33:44.004, 21189
2026/09/26 01:33:44.504, 21189
2026/09/26 01:33:45.005, 21189
2026/09/26 01:33:45.505, 21189
2026/09/26 01:33:46.005, 21189
2026/09/26 01:33:46.505, 21189
2026/09/26 01:33:47.005, 21189
2026/09/26 01:33:47.505, 21189
2026/09/26 01:33:48.006, 21189
2026/09/26 01:33:48.506, 21189
2026/09/26 01:33:49.006, 21189
2026/09/26 01:33:49.506, 21189
2026/09/26 01:33:50.006, 21189
2026/09/26 01:33:50.507, 21189
2026/09/26 01:33:51.007, 21189
2026/09/26 01:33:51.507, 21189
2026/09/26 01:33:52.007, 21189
2026/09/26 01:33:52.507, 21189
2026/09/26 01:33:53.007, 21189
2026/09/26 01:33:53.508, 21189
2026/09/26 01:33:54.008, 21189
2026/09/26 01:33:54.508, 21189
2026/09/26 01:33:55.008, 21189
2026/09/26 01:33:55.508, 21189
2026/09/26 01:33:56.008, 21189
2026/09/26 01:33:56.509, 21189
2026/09/26 01:33:57.009, 21189
2026/09/26 01:33:57.509, 21189
2026/09/26 01:33:58.009, 21189
2026/09/26 01:33:58.509, 21189
2026/09/26 01:33:59.010, 21189
2026/09/26 01:33:59.510, 21189
2026/09/26 01:34:00.010, 21189
2026/09/26 01:34:00.510, 21189
2026/09/26 01:34:01.010, 21189
2026/09/26 01:34:01.510, 21189
2026/09/26 01:34:02.011, 21189
2026/09/26 01:34:02.511, 21189
2026/09/26 01:34:03.011, 21189
2026/09/26 01:34:03.511, 21189
2026/09/26 01:34:04.011, 21189
2026/09/26 01:34:04.511, 21189
2026/09/26 01:34:05.020, 21189
2026/09/26 01:34:05.520, 21189
2026/09/26 01:34:06.020, 21189
2026/09/26 01:34:06.521, 21189
2026/09/26 01:34:07.021, 21189
2026/09/26 01:34:07.521, 21189
2026/09/26 01:34:08.021, 21189
2026/09/26 01:34:08.521, 21189
2026/09/26 01:34:09.021, 21189
2026/09/26 01:34:09.522, 21189
2026/09/26 01:34:10.022, 21189
2026/09/26 01:34:10.522, 21189
2026/09/26 01:34:11.022, 21189
2026/09/26 01:34:11.522, 21189
2026/09/26 01:34:12.022, 21189
2026/09/26 01:34:12.522, 21189
2026/09/26 01:34:13.023, 21189
2026/09/26 01:34:13.523, 21189
2026/09/26 01:34:14.023, 21189
2026/09/26 01:34:14.523, 21189
2026/09/26 01:34:15.023, 21189
2026/09/26 01:34:15.523, 21189
2026/09/26 01:34:16.024, 21189
2026/09/26 01:34:16.524, 21189
2026/09/26 01:34:17.024, 21189
2026/09/26 01:34:17.524, 21189
2026/09/26 01:34:18.024, 21189
2026/09/26 01:34:18.524, 21189
2026/09/26 01:34:19.025, 21189
2026/09/26 01:34:19.525, 21189
2026/09/26 01:34:20.025, 21189
2026/09/26 01:34:20.525, 21189
2026/09/26 01:34:21.025, 21189
2026/09/26 01:34:21.525, 21189
2026/09/26 01:34:22.026, 21189
2026/09/26 01:34:22.526, 21189
2026/09/26 01:34:23.026, 21189
2026/09/26 01:34:23.526, 21189
2026/09/26 01:34:24.026, 21189
2026/09/26 01:34:24.526, 21189
2026/09/26 01:34:25.026, 21189
2026/09/26 01:34:25.527, 21189
2026/09/26 01:34:26.027, 21189
2026/09/26 01:34:26.527, 21189
2026/09/26 01:34:27.027, 21189
2026/09/26 01:34:27.527, 21189
2026/09/26 01:34:28.027, 21189
2026/09/26 01:34:28.528, 21189
2026/09/26 01:34:29.028, 21189
2026/09/26 01:34:29.528, 21189
2026/09/26 01:34:30.028, 21189
2026/09/26 01:34:30.528, 21189
2026/09/26 01:34:31.028, 21189
2026/09/26 01:34:31.529, 21189
2026/09/26 01:34:32.029, 21189
2026/09/26 01:34:32.529, 21189
2026/09/26 01:34:33.029, 21189
2026/09/26 01:34:33.529, 21189
2026/09/26 01:34:34.029, 21189
2026/09/26 01:34:34.529, 21189
2026/09/26 01:34:35.030, 21189
2026/09/26 01:34:35.530, 21189
2026/09/26 01:34:36.030, 21189
2026/09/26 01:34:36.530, 21189
2026/09/26 01:34:37.030, 21189
2026/09/26 01:34:37.530, 21189
2026/09/26 01:34:38.031, 21189
2026/09/26 01:34:38.531, 21189
2026/09/26 01:34:39.031, 21189
2026/09/26 01:34:39.531, 21189
2026/09/26 01:34:40.031, 21189
2026/09/26 01:34:40.531, 21189
2026/09/26 01:34:41.031, 21189
2026/09/26 01:34:41.532, 21189
2026/09/26 01:34:42.032, 21189
2026/09/26 01:34:42.532, 21189
2026/09/26 01:34:43.032, 21189
2026/09/26 01:34:43.532, 21189
2026/09/26 01:34:44.032, 21189
2026/09/26 01:34:44.533, 21189
2026/09/26 01:34:45.033, 21189
2026/09/26 01:34:45.533, 21189
2026/09/26 01:34:46.033, 21189
2026/09/26 01:34:46.533, 21189
2026/09/26 01:34:47.033, 21189
2026/09/26 01:34:47.533, 21189
2026/09/26 01:34:48.034, 21189
2026/09/26 01:34:48.534, 21189
2026/09/26 01:34:49.034, 21189
2026/09/26 01:34:49.534, 21189
2026/09/26 01:34:50.034, 21189
2026/09/26 01:34:50.534, 21189
2026/09/26 01:34:51.035, 21189
2026/09/26 01:34:51.535, 21189
2026/09/26 01:34:52.035, 21189
2026/09/26 01:34:52.535, 21189
2026/09/26 01:34:53.035, 21189
2026/09/26 01:34:53.535, 21189
2026/09/26 01:34:54.036, 21189
2026/09/26 01:34:54.536, 21189
2026/09/26 01:34:55.036, 21189
2026/09/26 01:34:55.536, 21189
2026/09/26 01:34:56.036, 21189
2026/09/26 01:34:56.536, 21189
2026/09/26 01:34:57.037, 21189
2026/09/26 01:34:57.537, 21189
2026/09/26 01:34:58.037, 21189
2026/09/26 01:34:58.537, 21189
2026/09/26 01:34:59.037, 21189
2026/09/26 01:34:59.537, 21189
2026/09/26 01:35:00.037, 21189
2026/09/26 01:35:00.538, 21189
2026/09/26 01:35:01.038, 21189
2026/09/26 01:35:01.538, 21189
2026/09/26 01:35:02.038, 21189
2026/09/26 01:35:02.538, 21189
2026/09/26 01:35:03.038, 21189
2026/09/26 01:35:03.538, 21189
2026/09/26 01:35:04.039, 21189
2026/09/26 01:35:04.539, 21189
2026/09/26 01:35:05.039, 21189
2026/09/26 01:35:05.539, 21189
2026/09/26 01:35:06.039, 21189
2026/09/26 01:35:06.539, 21189
2026/09/26 01:35:07.040, 21189
2026/09/26 01:35:07.540, 21189
2026/09/26 01:35:08.040, 21189
2026/09/26 01:35:08.540, 21189
2026/09/26 01:35:09.040, 21189
2026/09/26 01:35:09.541, 21189
2026/09/26 01:35:10.041, 21189
2026/09/26 01:35:10.541, 21189
2026/09/26 01:35:11.041, 21189
2026/09/26 01:35:11.541, 21189
2026/09/26 01:35:12.041, 21189
2026/09/26 01:35:12.542, 21189
2026/09/26 01:35:13.042, 21189
2026/09/26 01:35:13.542, 21189
2026/09/26 01:35:14.042, 21189
2026/09/26 01:35:14.542, 21189
2026/09/26 01:35:15.042, 21189
2026/09/26 01:35:15.543, 21189
2026/09/26 01:35:16.043, 21189
2026/09/26 01:35:16.543, 21189
2026/09/26 01:35:17.043, 21189
2026/09/26 01:35:17.543, 21189
2026/09/26 01:35:18.043, 21189
2026/09/26 01:35:18.544, 21189
2026/09/26 01:35:19.044, 21189
2026/09/26 01:35:19.544, 21189
2026/09/26 01:35:20.044, 21189
2026/09/26 01:35:20.544, 21189
2026/09/26 01:35:21.044, 21189
2026/09/26 01:35:21.545, 21189
2026/09/26 01:35:22.045, 21189
2026/09/26 01:35:22.545, 21189
2026/09/26 01:35:23.045, 21189
2026/09/26 01:35:23.545, 21189
2026/09/26 01:35:24.045, 21189
2026/09/26 01:35:24.546, 21189
2026/09/26 01:35:25.046, 21189
2026/09/26 01:35:25.546, 21189
2026/09/26 01:35:26.046, 21189
2026/09/26 01:35:26.546, 21189
2026/09/26 01:35:27.046, 21189
2026/09/26 01:35:27.547, 21189
2026/09/26 01:35:28.047, 21189
2026/09/26 01:35:28.547, 21189
2026/09/26 01:35:29.047, 21189
2026/09/26 01:35:29.547, 21189
2026/09/26 01:35:30.047, 21189
2026/09/26 01:35:30.548, 21189
2026/09/26 01:35:31.048, 21189
2026/09/26 01:35:31.548, 21189
2026/09/26 01:35:32.048, 21189
2026/09/26 01:35:32.548, 21189
2026/09/26 01:35:33.049, 21189
2026/09/26 01:35:33.549, 21189
2026/09/26 01:35:34.049, 21189
2026/09/26 01:35:34.549, 21189
2026/09/26 01:35:35.049, 21189
2026/09/26 01:35:35.549, 21189
2026/09/26 01:35:36.050, 21189
2026/09/26 01:35:36.550, 21189
2026/09/26 01:35:37.050, 21189
2026/09/26 01:35:37.550, 21189
2026/09/26 01:35:38.050, 21189
2026/09/26 01:35:38.550, 21189
2026/09/26 01:35:39.050, 21189
2026/09/26 01:35:39.551, 21189
2026/09/26 01:35:40.051, 21189
2026/09/26 01:35:40.551, 21189
2026/09/26 01:35:41.051, 21189
2026/09/26 01:35:41.551, 21189
2026/09/26 01:35:42.051, 21189
2026/09/26 01:35:42.552, 21189
2026/09/26 01:35:43.052, 21189
2026/09/26 01:35:43.552, 21189
2026/09/26 01:35:44.052, 21189
2026/09/26 01:35:44.552, 21189
2026/09/26 01:35:45.052, 21189
2026/09/26 01:35:45.552, 21189
2026/09/26 01:35:46.053, 21189
2026/09/26 01:35:46.553, 21189
2026/09/26 01:35:47.053, 21189
2026/09/26 01:35:47.553, 21189
2026/09/26 01:35:48.053, 21189
2026/09/26 01:35:48.553, 21189
2026/09/26 01:35:49.054, 21189
2026/09/26 01:35:49.554, 21189
2026/09/26 01:35:50.054, 21189
2026/09/26 01:35:50.554, 21189
2026/09/26 01:35:51.054, 21189
2026/09/26 01:35:51.554, 21189
2026/09/26 01:35:52.055, 21189
2026/09/26 01:35:52.555, 21189
2026/09/26 01:35:53.055, 21189
2026/09/26 01:35:53.555, 21189
2026/09/26 01:35:54.055, 21189
2026/09/26 01:35:54.555, 21189
2026/09/26 01:35:55.056, 21189
2026/09/26 01:35:55.556, 21189
2026/09/26 01:35:56.056, 21189
2026/09/26 01:35:56.556, 21189
2026/09/26 01:35:57.056, 21189
2026/09/26 01:35:57.556, 21189
2026/09/26 01:35:58.056, 21189
2026/09/26 01:35:58.557, 21189
2026/09/26 01:35:59.057, 21189
2026/09/26 01:35:59.557, 21189
2026/09/26 01:36:00.057, 21189
2026/09/26 01:36:00.557, 21189
2026/09/26 01:36:01.057, 21189
2026/09/26 01:36:01.558, 21189
2026/09/26 01:36:02.058, 21189
2026/09/26 01:36:02.558, 21189
2026/09/26 01:36:03.058, 21189
2026/09/26 01:36:03.558, 21189
2026/09/26 01:36:04.058, 21189
2026/09/26 01:36:04.559, 21189
2026/09/26 01:36:05.059, 21189
2026/09/26 01:36:05.559, 21189
2026/09/26 01:36:06.059, 21189
2026/09/26 01:36:06.559, 21189
2026/09/26 01:36:07.059, 21189
2026/09/26 01:36:07.560, 21189
2026/09/26 01:36:08.060, 21189
2026/09/26 01:36:08.560, 21189
2026/09/26 01:36:09.060, 21189
2026/09/26 01:36:09.560, 21189
2026/09/26 01:36:10.060, 21189
2026/09/26 01:36:10.560, 21189
2026/09/26 01:36:11.061, 21189
2026/09/26 01:36:11.561, 21189
2026/09/26 01:36:12.061, 21189
2026/09/26 01:36:12.561, 21189
2026/09/26 01:36:13.061, 21189
2026/09/26 01:36:13.562, 21189
2026/09/26 01:36:14.062, 21189
2026/09/26 01:36:14.562, 21189
2026/09/26 01:36:15.062, 21189
2026/09/26 01:36:15.562, 21189
2026/09/26 01:36:16.062, 21189
2026/09/26 01:36:16.562, 21189
2026/09/26 01:36:17.063, 21189
2026/09/26 01:36:17.563, 21189
2026/09/26 01:36:18.063, 21189
2026/09/26 01:36:18.563, 21189
2026/09/26 01:36:19.063, 21189
2026/09/26 01:36:19.563, 21189
2026/09/26 01:36:20.064, 21189
2026/09/26 01:36:20.564, 21189
2026/09/26 01:36:21.064, 21189
2026/09/26 01:36:21.564, 21189
2026/09/26 01:36:22.064, 21189
2026/09/26 01:36:22.564, 21189
2026/09/26 01:36:23.065, 21189
2026/09/26 01:36:23.565, 21189
2026/09/26 01:36:24.065, 21189
2026/09/26 01:36:24.565, 21189
2026/09/26 01:36:25.065, 21189
2026/09/26 01:36:25.565, 21189
2026/09/26 01:36:26.065, 21189
2026/09/26 01:36:26.566, 21189
2026/09/26 01:36:27.066, 21189
2026/09/26 01:36:27.566, 21189
2026/09/26 01:36:28.066, 21189
2026/09/26 01:36:28.566, 21189
2026/09/26 01:36:29.066, 21189
2026/09/26 01:36:29.567, 21189
2026/09/26 01:36:30.067, 21189
2026/09/26 01:36:30.567, 21189
2026/09/26 01:36:31.067, 21189
2026/09/26 01:36:31.567, 21189
2026/09/26 01:36:32.068, 21189
2026/09/26 01:36:32.568, 21189
2026/09/26 01:36:33.068, 21189
2026/09/26 01:36:33.568, 21189
2026/09/26 01:36:34.068, 21189
2026/09/26 01:36:34.568, 21189
2026/09/26 01:36:35.069, 21189
2026/09/26 01:36:35.569, 21189
2026/09/26 01:36:36.069, 21189
2026/09/26 01:36:36.569, 21189
2026/09/26 01:36:37.069, 21189
2026/09/26 01:36:37.569, 21189
2026/09/26 01:36:38.070, 21189
2026/09/26 01:36:38.570, 21189
2026/09/26 01:36:39.070, 21189
2026/09/26 01:36:39.570, 21189
2026/09/26 01:36:40.070, 21189
2026/09/26 01:36:40.570, 21189
2026/09/26 01:36:41.070, 21189
2026/09/26 01:36:41.571, 21189
2026/09/26 01:36:42.071, 21189
2026/09/26 01:36:42.571, 21189
2026/09/26 01:36:43.071, 21189
2026/09/26 01:36:43.571, 21189
2026/09/26 01:36:44.071, 21189
2026/09/26 01:36:44.572, 21189
2026/09/26 01:36:45.072, 21189
2026/09/26 01:36:45.572, 21189
2026/09/26 01:36:46.072, 21189
2026/09/26 01:36:46.572, 21189
2026/09/26 01:36:47.073, 21189
2026/09/26 01:36:47.573, 21189
2026/09/26 01:36:48.073, 21189
2026/09/26 01:36:48.573, 21189
2026/09/26 01:36:49.073, 21189
2026/09/26 01:36:49.573, 21189
2026/09/26 01:36:50.074, 21189
2026/09/26 01:36:50.574, 21189
2026/09/26 01:36:51.074, 21189
2026/09/26 01:36:51.574, 21189
2026/09/26 01:36:52.074, 21189
2026/09/26 01:36:52.575, 21189
2026/09/26 01:36:53.075, 21189
2026/09/26 01:36:53.575, 21189
2026/09/26 01:36:54.075, 21189
2026/09/26 01:36:54.575, 21189
2026/09/26 01:36:55.075, 21189
2026/09/26 01:36:55.576, 21189
2026/09/26 01:36:56.076, 21189
2026/09/26 01:36:56.576, 21189
2026/09/26 01:36:57.076, 21189
2026/09/26 01:36:57.576, 21189
2026/09/26 01:36:58.076, 21189
2026/09/26 01:36:58.577, 21189
2026/09/26 01:36:59.077, 21189
2026/09/26 01:36:59.577, 21189
2026/09/26 01:37:00.077, 21189
2026/09/26 01:37:00.577, 21189
2026/09/26 01:37:01.077, 21189
2026/09/26 01:37:01.578, 21189
2026/09/26 01:37:02.078, 21189
2026/09/26 01:37:02.578, 21189
2026/09/26 01:37:03.078, 21189
2026/09/26 01:37:03.578, 21189
2026/09/26 01:37:04.079, 21189
2026/09/26 01:37:04.579, 21189
2026/09/26 01:37:05.079, 21189
2026/09/26 01:37:05.579, 21189
2026/09/26 01:37:06.079, 21189
2026/09/26 01:37:06.579, 21189
2026/09/26 01:37:07.080, 21189
2026/09/26 01:37:07.580, 21189
2026/09/26 01:37:08.080, 21189
2026/09/26 01:37:08.580, 21189
2026/09/26 01:37:09.080, 21189
2026/09/26 01:37:09.580, 21189
2026/09/26 01:37:10.081, 21189
2026/09/26 01:37:10.581, 21189
2026/09/26 01:37:11.081, 21189
2026/09/26 01:37:11.581, 21189
2026/09/26 01:37:12.081, 21189
2026/09/26 01:37:12.581, 21189
2026/09/26 01:37:13.082, 21189
2026/09/26 01:37:13.582, 21189
2026/09/26 01:37:14.082, 21189
2026/09/26 01:37:14.582, 21189
2026/09/26 01:37:15.082, 21189
2026/09/26 01:37:15.582, 21189
2026/09/26 01:37:16.083, 21189
2026/09/26 01:37:16.583, 21189
2026/09/26 01:37:17.083, 21189
2026/09/26 01:37:17.583, 21189
2026/09/26 01:37:18.083, 21189
2026/09/26 01:37:18.583, 21189
2026/09/26 01:37:19.084, 21189
2026/09/26 01:37:19.584, 21189
2026/09/26 01:37:20.084, 21189
2026/09/26 01:37:20.584, 21189
2026/09/26 01:37:21.084, 21189
2026/09/26 01:37:21.584, 21189
2026/09/26 01:37:22.085, 21189
2026/09/26 01:37:22.585, 21189
2026/09/26 01:37:23.085, 21189
2026/09/26 01:37:23.585, 21189
2026/09/26 01:37:24.085, 21189
2026/09/26 01:37:24.585, 21189
2026/09/26 01:37:25.085, 21189
2026/09/26 01:37:25.586, 21189
2026/09/26 01:37:26.086, 21189
2026/09/26 01:37:26.586, 21189
2026/09/26 01:37:27.086, 21189
2026/09/26 01:37:27.586, 21189
2026/09/26 01:37:28.086, 21189
2026/09/26 01:37:28.587, 21189
2026/09/26 01:37:29.087, 21189
2026/09/26 01:37:29.587, 21189
2026/09/26 01:37:30.087, 21189
2026/09/26 01:37:30.587, 21189
2026/09/26 01:37:31.087, 21189
2026/09/26 01:37:31.588, 21189
2026/09/26 01:37:32.088, 21189
2026/09/26 01:37:32.588, 21189
2026/09/26 01:37:33.088, 21189
2026/09/26 01:37:33.588, 21189
2026/09/26 01:37:34.088, 21189
2026/09/26 01:37:34.588, 21189
2026/09/26 01:37:35.089, 21189
2026/09/26 01:37:35.589, 21189
2026/09/26 01:37:36.089, 21189
2026/09/26 01:37:36.589, 21189
2026/09/26 01:37:37.089, 21189
2026/09/26 01:37:37.589, 21189
2026/09/26 01:37:38.090, 21189
2026/09/26 01:37:38.590, 21189
2026/09/26 01:37:39.090, 21189
2026/09/26 01:37:39.590, 21189
2026/09/26 01:37:40.090, 21189
2026/09/26 01:37:40.590, 21189
2026/09/26 01:37:41.091, 21189
2026/09/26 01:37:41.591, 21189
2026/09/26 01:37:42.091, 21189
2026/09/26 01:37:42.591, 21189
2026/09/26 01:37:43.091, 21189
2026/09/26 01:37:43.591, 21189
2026/09/26 01:37:44.092, 21189
2026/09/26 01:37:44.592, 21189
2026/09/26 01:37:45.092, 21189
2026/09/26 01:37:45.592, 21189
2026/09/26 01:37:46.092, 21189
2026/09/26 01:37:46.592, 21189
2026/09/26 01:37:47.093, 21189
2026/09/26 01:37:47.593, 21189
2026/09/26 01:37:48.093, 21189
2026/09/26 01:37:48.593, 21189
2026/09/26 01:37:49.093, 21189
2026/09/26 01:37:49.593, 21189
2026/09/26 01:37:50.094, 21189
2026/09/26 01:37:50.594, 21189
2026/09/26 01:37:51.094, 21189
2026/09/26 01:37:51.594, 21189
2026/09/26 01:37:52.094, 21189
2026/09/26 01:37:52.594, 21189
2026/09/26 01:37:53.095, 21189
2026/09/26 01:37:53.595, 21189
2026/09/26 01:37:54.095, 21189
2026/09/26 01:37:54.595, 21189
2026/09/26 01:37:55.095, 21189
2026/09/26 01:37:55.595, 21189
2026/09/26 01:37:56.096, 21189
2026/09/26 01:37:56.596, 21189
2026/09/26 01:37:57.096, 21189
2026/09/26 01:37:57.596, 21189
2026/09/26 01:37:58.096, 21189
2026/09/26 01:37:58.596, 21189
2026/09/26 01:37:59.097, 21189
2026/09/26 01:37:59.597, 21189
2026/09/26 01:38:00.097, 21189
2026/09/26 01:38:00.597, 21189
2026/09/26 01:38:01.097, 21189
2026/09/26 01:38:01.597, 21189
2026/09/26 01:38:02.098, 21189
2026/09/26 01:38:02.598, 21189
2026/09/26 01:38:03.098, 21189
2026/09/26 01:38:03.598, 21189
2026/09/26 01:38:04.098, 21189
2026/09/26 01:38:04.598, 21189
2026/09/26 01:38:05.099, 21189
2026/09/26 01:38:05.599, 21189
2026/09/26 01:38:06.099, 21189
2026/09/26 01:38:06.599, 21189
2026/09/26 01:38:07.099, 21189
2026/09/26 01:38:07.599, 21189
2026/09/26 01:38:08.099, 21189
2026/09/26 01:38:08.600, 21189
2026/09/26 01:38:09.100, 21189
2026/09/26 01:38:09.600, 21189
2026/09/26 01:38:10.100, 21189
2026/09/26 01:38:10.600, 21189
2026/09/26 01:38:11.109, 21189
2026/09/26 01:38:11.609, 21189
2026/09/26 01:38:12.109, 21189
2026/09/26 01:38:12.610, 21189
2026/09/26 01:38:13.110, 21189
2026/09/26 01:38:13.610, 21189
2026/09/26 01:38:14.110, 21189
2026/09/26 01:38:14.610, 21189
2026/09/26 01:38:15.110, 21189
2026/09/26 01:38:15.610, 21189
2026/09/26 01:38:16.111, 21189
2026/09/26 01:38:16.611, 21189
2026/09/26 01:38:17.111, 21189
2026/09/26 01:38:17.611, 21189
2026/09/26 01:38:18.111, 21189
2026/09/26 01:38:18.611, 21189
2026/09/26 01:38:19.112, 21189
2026/09/26 01:38:19.612, 21189
2026/09/26 01:38:20.112, 21189
2026/09/26 01:38:20.612, 21189
2026/09/26 01:38:21.112, 21189
2026/09/26 01:38:21.612, 21189
2026/09/26 01:38:22.113, 21189
2026/09/26 01:38:22.613, 21189
2026/09/26 01:38:23.113, 21189
2026/09/26 01:38:23.613, 21189
2026/09/26 01:38:24.113, 21189
2026/09/26 01:38:24.613, 21189
2026/09/26 01:38:25.114, 21189
2026/09/26 01:38:25.614, 21189
2026/09/26 01:38:26.114, 21189
2026/09/26 01:38:26.614, 21189
2026/09/26 01:38:27.114, 21189
2026/09/26 01:38:27.614, 21189
2026/09/26 01:38:28.114, 21189
2026/09/26 01:38:28.615, 21189
2026/09/26 01:38:29.115, 21189
2026/09/26 01:38:29.615, 21189
2026/09/26 01:38:30.115, 21189
2026/09/26 01:38:30.615, 21189
2026/09/26 01:38:31.115, 21189
2026/09/26 01:38:31.616, 21189
2026/09/26 01:38:32.116, 21189
2026/09/26 01:38:32.616, 21189
2026/09/26 01:38:33.116, 21189
2026/09/26 01:38:33.616, 21189
2026/09/26 01:38:34.116, 21189
2026/09/26 01:38:34.616, 21189
2026/09/26 01:38:35.117, 21189
2026/09/26 01:38:35.617, 21189
2026/09/26 01:38:36.117, 21189
2026/09/26 01:38:36.617, 21189
2026/09/26 01:38:37.117, 21189
2026/09/26 01:38:37.617, 21189
2026/09/26 01:38:38.118, 21189
2026/09/26 01:38:38.618, 21189
2026/09/26 01:38:39.118, 21189
2026/09/26 01:38:39.618, 21189
2026/09/26 01:38:40.118, 21189
2026/09/26 01:38:40.618, 21189
2026/09/26 01:38:41.119, 21189
2026/09/26 01:38:41.619, 21189
2026/09/26 01:38:42.119, 21189
2026/09/26 01:38:42.619, 21189
2026/09/26 01:38:43.119, 21189
2026/09/26 01:38:43.620, 21189
2026/09/26 01:38:44.120, 21189
2026/09/26 01:38:44.620, 21189
2026/09/26 01:38:45.120, 21189
2026/09/26 01:38:45.620, 21189
2026/09/26 01:38:46.120, 21189
2026/09/26 01:38:46.620, 21189
2026/09/26 01:38:47.121, 21189
2026/09/26 01:38:47.621, 21189
2026/09/26 01:38:48.121, 21189
2026/09/26 01:38:48.621, 21189
2026/09/26 01:38:49.121, 21189
2026/09/26 01:38:49.622, 21189
2026/09/26 01:38:50.122, 21189
2026/09/26 01:38:50.622, 21189
2026/09/26 01:38:51.122, 21189
2026/09/26 01:38:51.622, 21189
2026/09/26 01:38:52.122, 21189
2026/09/26 01:38:52.622, 21189
2026/09/26 01:38:53.123, 21189
2026/09/26 01:38:53.623, 21189
2026/09/26 01:38:54.123, 21189
2026/09/26 01:38:54.623, 21189
2026/09/26 01:38:55.123, 21189
2026/09/26 01:38:55.623, 21189
2026/09/26 01:38:56.124, 21189
2026/09/26 01:38:56.624, 21189
2026/09/26 01:38:57.124, 21189
2026/09/26 01:38:57.624, 21189
2026/09/26 01:38:58.124, 21189
2026/09/26 01:38:58.624, 21189
2026/09/26 01:38:59.125, 21189
2026/09/26 01:38:59.625, 21189
2026/09/26 01:39:00.125, 21189
2026/09/26 01:39:00.625, 21189
2026/09/26 01:39:01.125, 21189
2026/09/26 01:39:01.625, 21189
2026/09/26 01:39:02.125, 21189
2026/09/26 01:39:02.626, 21189
2026/09/26 01:39:03.126, 21189
2026/09/26 01:39:03.626, 21189
2026/09/26 01:39:04.126, 21189
2026/09/26 01:39:04.626, 21189
2026/09/26 01:39:05.126, 21189
2026/09/26 01:39:05.627, 21189
2026/09/26 01:39:06.127, 21189
2026/09/26 01:39:06.627, 21189
2026/09/26 01:39:07.127, 21189
2026/09/26 01:39:07.627, 21189
2026/09/26 01:39:08.127, 21189
2026/09/26 01:39:08.628, 21189
2026/09/26 01:39:09.128, 21189
2026/09/26 01:39:09.628, 21189
2026/09/26 01:39:10.128, 21189
2026/09/26 01:39:10.628, 21189
2026/09/26 01:39:11.128, 21189
2026/09/26 01:39:11.629, 21189
2026/09/26 01:39:12.129, 21189
2026/09/26 01:39:12.629, 21189
2026/09/26 01:39:13.129, 21189
2026/09/26 01:39:13.629, 21189
2026/09/26 01:39:14.129, 21189
2026/09/26 01:39:14.630, 21189
2026/09/26 01:39:15.130, 21189
2026/09/26 01:39:15.630, 21189
2026/09/26 01:39:16.130, 21189
2026/09/26 01:39:16.630, 21189
2026/09/26 01:39:17.130, 21189
2026/09/26 01:39:17.631, 21189
2026/09/26 01:39:18.131, 21189
2026/09/26 01:39:18.631, 21189
2026/09/26 01:39:19.131, 21189
2026/09/26 01:39:19.631, 21189
2026/09/26 01:39:20.132, 21189
2026/09/26 01:39:20.632, 21189
2026/09/26 01:39:21.132, 21189
2026/09/26 01:39:21.632, 21189
2026/09/26 01:39:22.132, 21189
2026/09/26 01:39:22.632, 21189
2026/09/26 01:39:23.133, 21189
2026/09/26 01:39:23.633, 21189
2026/09/26 01:39:24.133, 21189
2026/09/26 01:39:24.633, 21189
2026/09/26 01:39:25.133, 21189
2026/09/26 01:39:25.633, 21189
2026/09/26 01:39:26.133, 21189
2026/09/26 01:39:26.634, 21189
2026/09/26 01:39:27.134, 21189
2026/09/26 01:39:27.634, 21189
2026/09/26 01:39:28.134, 21189
2026/09/26 01:39:28.634, 21189
2026/09/26 01:39:29.134, 21189
2026/09/26 01:39:29.635, 21189
2026/09/26 01:39:30.135, 21189
2026/09/26 01:39:30.635, 21189
2026/09/26 01:39:31.135, 21189
2026/09/26 01:39:31.635, 21189
2026/09/26 01:39:32.136, 21189
2026/09/26 01:39:32.636, 21189
2026/09/26 01:39:33.136, 21189
2026/09/26 01:39:33.636, 21189
2026/09/26 01:39:34.136, 21189
2026/09/26 01:39:34.637, 21189
2026/09/26 01:39:35.137, 21189
2026/09/26 01:39:35.637, 21189
2026/09/26 01:39:36.137, 21189
2026/09/26 01:39:36.637, 21189
2026/09/26 01:39:37.137, 21189
2026/09/26 01:39:37.637, 21189
2026/09/26 01:39:38.138, 21189
2026/09/26 01:39:38.638, 21189
2026/09/26 01:39:39.138, 21189
2026/09/26 01:39:39.638, 21189
2026/09/26 01:39:40.138, 21189
2026/09/26 01:39:40.639, 21189
2026/09/26 01:39:41.139, 21189
2026/09/26 01:39:41.639, 21189
2026/09/26 01:39:42.139, 21189
2026/09/26 01:39:42.639, 21189
2026/09/26 01:39:43.140, 21189
2026/09/26 01:39:43.640, 21189
2026/09/26 01:39:44.140, 21189
2026/09/26 01:39:44.640, 21189
2026/09/26 01:39:45.140, 21189
2026/09/26 01:39:45.640, 21189
2026/09/26 01:39:46.140, 21189
2026/09/26 01:39:46.649, 21189
2026/09/26 01:39:47.150, 21189
2026/09/26 01:39:47.650, 21189
2026/09/26 01:39:48.150, 21189
2026/09/26 01:39:48.650, 21189
2026/09/26 01:39:49.150, 21189
2026/09/26 01:39:49.650, 21189
2026/09/26 01:39:50.150, 21189
2026/09/26 01:39:50.651, 21189
2026/09/26 01:39:51.151, 21189
2026/09/26 01:39:51.651, 21189
2026/09/26 01:39:52.151, 21189
2026/09/26 01:39:52.651, 21189
2026/09/26 01:39:53.152, 21189
2026/09/26 01:39:53.652, 21189
2026/09/26 01:39:54.152, 21189
2026/09/26 01:39:54.652, 21189
2026/09/26 01:39:55.152, 21189
2026/09/26 01:39:55.652, 21189
2026/09/26 01:39:56.153, 21189
2026/09/26 01:39:56.653, 21189
2026/09/26 01:39:57.153, 21189
2026/09/26 01:39:57.653, 21189
2026/09/26 01:39:58.153, 21189
2026/09/26 01:39:58.653, 21189
2026/09/26 01:39:59.154, 21189
2026/09/26 01:39:59.654, 21189
2026/09/26 01:40:00.154, 21189
2026/09/26 01:40:00.654, 21189
2026/09/26 01:40:01.154, 21189
2026/09/26 01:40:01.655, 21189
2026/09/26 01:40:02.155, 21189
2026/09/26 01:40:02.655, 21189
2026/09/26 01:40:03.155, 21189
2026/09/26 01:40:03.655, 21189
2026/09/26 01:40:04.156, 21189
2026/09/26 01:40:04.656, 21189
2026/09/26 01:40:05.156, 21189
2026/09/26 01:40:05.656, 21189
2026/09/26 01:40:06.156, 21189
2026/09/26 01:40:06.656, 21189
2026/09/26 01:40:07.157, 21189
2026/09/26 01:40:07.657, 21189
2026/09/26 01:40:08.157, 21189
2026/09/26 01:40:08.657, 21189
2026/09/26 01:40:09.157, 21189
2026/09/26 01:40:09.657, 21189
2026/09/26 01:40:10.158, 21189
2026/09/26 01:40:10.658, 21189
2026/09/26 01:40:11.158, 21189
2026/09/26 01:40:11.658, 21189
2026/09/26 01:40:12.158, 21189
2026/09/26 01:40:12.659, 21189
2026/09/26 01:40:13.159, 21189
2026/09/26 01:40:13.659, 21189
2026/09/26 01:40:14.159, 21189
2026/09/26 01:40:14.659, 21189
2026/09/26 01:40:15.159, 21189
2026/09/26 01:40:15.660, 21189
2026/09/26 01:40:16.160, 21189
2026/09/26 01:40:16.660, 21189
2026/09/26 01:40:17.160, 21189
2026/09/26 01:40:17.660, 21189
2026/09/26 01:40:18.160, 21189
2026/09/26 01:40:18.661, 21189
2026/09/26 01:40:19.161, 21189
2026/09/26 01:40:19.661, 21189
2026/09/26 01:40:20.161, 21189
2026/09/26 01:40:20.661, 21189
2026/09/26 01:40:21.161, 21189
2026/09/26 01:40:21.662, 21189
2026/09/26 01:40:22.162, 21189
2026/09/26 01:40:22.662, 21189
2026/09/26 01:40:23.162, 21189
2026/09/26 01:40:23.662, 21189
2026/09/26 01:40:24.163, 21189
2026/09/26 01:40:24.663, 21189
2026/09/26 01:40:25.163, 21189
2026/09/26 01:40:25.663, 21189
2026/09/26 01:40:26.163, 21189
2026/09/26 01:40:26.663, 21189
2026/09/26 01:40:27.164, 21189
2026/09/26 01:40:27.664, 21189
2026/09/26 01:40:28.164, 21189
2026/09/26 01:40:28.664, 21189
2026/09/26 01:40:29.164, 21189
2026/09/26 01:40:29.664, 21189
2026/09/26 01:40:30.165, 21189
2026/09/26 01:40:30.665, 21189
2026/09/26 01:40:31.165, 21189
2026/09/26 01:40:31.665, 21189
2026/09/26 01:40:32.165, 21189
2026/09/26 01:40:32.666, 21189
2026/09/26 01:40:33.166, 21189
2026/09/26 01:40:33.666, 21189
2026/09/26 01:40:34.166, 21189
2026/09/26 01:40:34.666, 21189
2026/09/26 01:40:35.166, 21189
2026/09/26 01:40:35.667, 21189
2026/09/26 01:40:36.167, 21189
2026/09/26 01:40:36.667, 21189
2026/09/26 01:40:37.167, 21189
2026/09/26 01:40:37.667, 21189
2026/09/26 01:40:38.168, 21189
2026/09/26 01:40:38.668, 21189
2026/09/26 01:40:39.168, 21189
2026/09/26 01:40:39.668, 21189
2026/09/26 01:40:40.168, 21189
2026/09/26 01:40:40.668, 21189
2026/09/26 01:40:41.169, 21189
2026/09/26 01:40:41.669, 21189
2026/09/26 01:40:42.169, 21189
2026/09/26 01:40:42.669, 21189
2026/09/26 01:40:43.169, 21189
2026/09/26 01:40:43.669, 21189
2026/09/26 01:40:44.170, 21189
2026/09/26 01:40:44.670, 21189
2026/09/26 01:40:45.170, 21189
2026/09/26 01:40:45.670, 21189
2026/09/26 01:40:46.170, 21189
2026/09/26 01:40:46.671, 21189
2026/09/26 01:40:47.171, 21189
2026/09/26 01:40:47.671, 21189
2026/09/26 01:40:48.171, 21189
2026/09/26 01:40:48.671, 21189
2026/09/26 01:40:49.171, 21189
2026/09/26 01:40:49.672, 21189
2026/09/26 01:40:50.172, 21189
2026/09/26 01:40:50.672, 21189
2026/09/26 01:40:51.172, 21189
2026/09/26 01:40:51.672, 21189
2026/09/26 01:40:52.173, 21189
2026/09/26 01:40:52.673, 21189
2026/09/26 01:40:53.173, 21189
2026/09/26 01:40:53.673, 21189
2026/09/26 01:40:54.173, 21189
2026/09/26 01:40:54.673, 21189
2026/09/26 01:40:55.174, 21189
2026/09/26 01:40:55.674, 21189
2026/09/26 01:40:56.174, 21189
2026/09/26 01:40:56.674, 21189
2026/09/26 01:40:57.174, 21189
2026/09/26 01:40:57.674, 21189
2026/09/26 01:40:58.175, 21189
2026/09/26 01:40:58.675, 21189
2026/09/26 01:40:59.175, 21189
2026/09/26 01:40:59.675, 21189
2026/09/26 01:41:00.175, 21189
2026/09/26 01:41:00.675, 21189
2026/09/26 01:41:01.176, 21189
2026/09/26 01:41:01.676, 21189
2026/09/26 01:41:02.176, 21189
2026/09/26 01:41:02.676, 21189
2026/09/26 01:41:03.176, 21189
2026/09/26 01:41:03.677, 21189
2026/09/26 01:41:04.177, 21189
2026/09/26 01:41:04.677, 21189
2026/09/26 01:41:05.177, 21189
2026/09/26 01:41:05.677, 21189
2026/09/26 01:41:06.177, 21189
2026/09/26 01:41:06.678, 21189
2026/09/26 01:41:07.178, 21189
2026/09/26 01:41:07.678, 21189
2026/09/26 01:41:08.178, 21189
2026/09/26 01:41:08.678, 21189
2026/09/26 01:41:09.178, 21189
2026/09/26 01:41:09.679, 21189
2026/09/26 01:41:10.179, 21189
2026/09/26 01:41:10.679, 21189
2026/09/26 01:41:11.179, 21189
2026/09/26 01:41:11.679, 21189
2026/09/26 01:41:12.180, 21189
2026/09/26 01:41:12.680, 21189
2026/09/26 01:41:13.180, 21189
2026/09/26 01:41:13.680, 21189
2026/09/26 01:41:14.180, 21189
2026/09/26 01:41:14.680, 21189
2026/09/26 01:41:15.181, 21189
2026/09/26 01:41:15.681, 21189
2026/09/26 01:41:16.181, 21189
2026/09/26 01:41:16.681, 21189
2026/09/26 01:41:17.181, 21189
2026/09/26 01:41:17.681, 21189
2026/09/26 01:41:18.182, 21189
2026/09/26 01:41:18.682, 21189
2026/09/26 01:41:19.182, 21189
2026/09/26 01:41:19.682, 21189
2026/09/26 01:41:20.182, 21189
2026/09/26 01:41:20.682, 21189
2026/09/26 01:41:21.183, 21189
2026/09/26 01:41:21.683, 21189
2026/09/26 01:41:22.183, 21189
2026/09/26 01:41:22.683, 21189
2026/09/26 01:41:23.183, 21189
2026/09/26 01:41:23.683, 21189
2026/09/26 01:41:24.184, 21189
2026/09/26 01:41:24.684, 21189
2026/09/26 01:41:25.184, 21189
2026/09/26 01:41:25.684, 21189
2026/09/26 01:41:26.184, 21189
2026/09/26 01:41:26.684, 21189
2026/09/26 01:41:27.185, 21189
2026/09/26 01:41:27.685, 21189
2026/09/26 01:41:28.185, 21189
2026/09/26 01:41:28.685, 21189
2026/09/26 01:41:29.185, 21189
2026/09/26 01:41:29.685, 21189
2026/09/26 01:41:30.185, 21189
2026/09/26 01:41:30.686, 21189
2026/09/26 01:41:31.186, 21189
2026/09/26 01:41:31.686, 21189
2026/09/26 01:41:32.186, 21189
2026/09/26 01:41:32.686, 21189
2026/09/26 01:41:33.186, 21189
2026/09/26 01:41:33.687, 21189
2026/09/26 01:41:34.187, 21189
2026/09/26 01:41:34.687, 21189
2026/09/26 01:41:35.187, 21189
2026/09/26 01:41:35.687, 21189
2026/09/26 01:41:36.187, 21189
2026/09/26 01:41:36.688, 21189
2026/09/26 01:41:37.188, 21189
2026/09/26 01:41:37.688, 21189
2026/09/26 01:41:38.188, 21189
2026/09/26 01:41:38.688, 21189
2026/09/26 01:41:39.188, 21189
2026/09/26 01:41:39.689, 21189
2026/09/26 01:41:40.189, 21189
2026/09/26 01:41:40.689, 21189
2026/09/26 01:41:41.189, 21189
2026/09/26 01:41:41.689, 21189
2026/09/26 01:41:42.189, 21189
2026/09/26 01:41:42.690, 21189
2026/09/26 01:41:43.190, 21189
2026/09/26 01:41:43.690, 21189
2026/09/26 01:41:44.190, 21189
2026/09/26 01:41:44.690, 21189
2026/09/26 01:41:45.190, 21189
2026/09/26 01:41:45.691, 21189
2026/09/26 01:41:46.191, 21189
2026/09/26 01:41:46.691, 21189
2026/09/26 01:41:47.191, 21189
2026/09/26 01:41:47.691, 21189
2026/09/26 01:41:48.192, 21189
2026/09/26 01:41:48.692, 21189
2026/09/26 01:41:49.192, 21189
2026/09/26 01:41:49.692, 21189
2026/09/26 01:41:50.192, 21189
2026/09/26 01:41:50.692, 21189
2026/09/26 01:41:51.193, 21189
2026/09/26 01:41:51.693, 21189
2026/09/26 01:41:52.193, 21189
2026/09/26 01:41:52.693, 21189
2026/09/26 01:41:53.193, 21189
2026/09/26 01:41:53.694, 21189
2026/09/26 01:41:54.194, 21189
2026/09/26 01:41:54.694, 21189
2026/09/26 01:41:55.194, 21189
2026/09/26 01:41:55.694, 21189
2026/09/26 01:41:56.194, 21189
2026/09/26 01:41:56.695, 21189
2026/09/26 01:41:57.195, 21189
2026/09/26 01:41:57.695, 21189
2026/09/26 01:41:58.195, 21189
2026/09/26 01:41:58.695, 21189
2026/09/26 01:41:59.195, 21189
2026/09/26 01:41:59.696, 21189
2026/09/26 01:42:00.196, 21189
2026/09/26 01:42:00.696, 21189
2026/09/26 01:42:01.196, 21189
2026/09/26 01:42:01.696, 21189
2026/09/26 01:42:02.196, 21189
2026/09/26 01:42:02.697, 21189
2026/09/26 01:42:03.197, 21189
2026/09/26 01:42:03.697, 21189
2026/09/26 01:42:04.197, 21189
2026/09/26 01:42:04.697, 21189
2026/09/26 01:42:05.197, 21189
2026/09/26 01:42:05.698, 21189
2026/09/26 01:42:06.198, 21189
2026/09/26 01:42:06.698, 21189
2026/09/26 01:42:07.198, 21189
2026/09/26 01:42:07.698, 21189
2026/09/26 01:42:08.198, 21189
2026/09/26 01:42:08.699, 21189
2026/09/26 01:42:09.199, 21189
2026/09/26 01:42:09.699, 21189
2026/09/26 01:42:10.199, 21189
2026/09/26 01:42:10.699, 21189
2026/09/26 01:42:11.199, 21189
2026/09/26 01:42:11.700, 21189
2026/09/26 01:42:12.200, 21189
2026/09/26 01:42:12.700, 21189
2026/09/26 01:42:13.200, 21189
2026/09/26 01:42:13.700, 21189
2026/09/26 01:42:14.200, 21189
2026/09/26 01:42:14.701, 21189
2026/09/26 01:42:15.201, 21189
2026/09/26 01:42:15.701, 21189
2026/09/26 01:42:16.201, 21189
2026/09/26 01:42:16.701, 21189
2026/09/26 01:42:17.201, 21189
2026/09/26 01:42:17.701, 21189
2026/09/26 01:42:18.202, 21189
2026/09/26 01:42:18.702, 21189
2026/09/26 01:42:19.202, 21189
2026/09/26 01:42:19.702, 21189
2026/09/26 01:42:20.203, 21189
2026/09/26 01:42:20.703, 21189
2026/09/26 01:42:21.203, 21189
2026/09/26 01:42:21.703, 21189
2026/09/26 01:42:22.203, 21189
2026/09/26 01:42:22.703, 21189
2026/09/26 01:42:23.204, 21189
2026/09/26 01:42:23.704, 21189
2026/09/26 01:42:24.204, 21189
2026/09/26 01:42:24.704, 21189
2026/09/26 01:42:25.204, 21189
2026/09/26 01:42:25.704, 21189
2026/09/26 01:42:26.204, 21189
2026/09/26 01:42:26.705, 21189
2026/09/26 01:42:27.205, 21189
2026/09/26 01:42:27.705, 21189
2026/09/26 01:42:28.205, 21189
2026/09/26 01:42:28.705, 21189
2026/09/26 01:42:29.205, 21189
2026/09/26 01:42:29.706, 21189
2026/09/26 01:42:30.206, 21189
2026/09/26 01:42:30.706, 21189
2026/09/26 01:42:31.206, 21189
2026/09/26 01:42:31.706, 21189
2026/09/26 01:42:32.206, 21189
2026/09/26 01:42:32.707, 21189
2026/09/26 01:42:33.207, 21189
2026/09/26 01:42:33.707, 21189
2026/09/26 01:42:34.207, 21189
2026/09/26 01:42:34.707, 21189
2026/09/26 01:42:35.207, 21189
2026/09/26 01:42:35.708, 21189
2026/09/26 01:42:36.208, 21189
2026/09/26 01:42:36.708, 21189
2026/09/26 01:42:37.208, 21189
2026/09/26 01:42:37.708, 21189
2026/09/26 01:42:38.208, 21189
2026/09/26 01:42:38.709, 21189
2026/09/26 01:42:39.209, 21189
2026/09/26 01:42:39.709, 21189
2026/09/26 01:42:40.209, 21189
2026/09/26 01:42:40.709, 21189
2026/09/26 01:42:41.209, 21189
2026/09/26 01:42:41.709, 21189
2026/09/26 01:42:42.210, 21189
2026/09/26 01:42:42.710, 21189
2026/09/26 01:42:43.210, 21189
2026/09/26 01:42:43.710, 21189
2026/09/26 01:42:44.210, 21189
2026/09/26 01:42:44.710, 21189
2026/09/26 01:42:45.211, 21189
2026/09/26 01:42:45.711, 21189
2026/09/26 01:42:46.211, 21189
2026/09/26 01:42:46.711, 21189
2026/09/26 01:42:47.211, 21189
2026/09/26 01:42:47.711, 21189
2026/09/26 01:42:48.212, 21189
2026/09/26 01:42:48.712, 21189
2026/09/26 01:42:49.212, 21189
2026/09/26 01:42:49.712, 21189
2026/09/26 01:42:50.212, 21189
2026/09/26 01:42:50.712, 21189
2026/09/26 01:42:51.212, 21189
2026/09/26 01:42:51.713, 21189
2026/09/26 01:42:52.213, 21189
2026/09/26 01:42:52.713, 21189
2026/09/26 01:42:53.213, 21189
2026/09/26 01:42:53.713, 21189
2026/09/26 01:42:54.214, 21189
2026/09/26 01:42:54.714, 21189
2026/09/26 01:42:55.214, 21189
2026/09/26 01:42:55.714, 21189
2026/09/26 01:42:56.214, 21189
2026/09/26 01:42:56.714, 21189
2026/09/26 01:42:57.214, 21189
2026/09/26 01:42:57.715, 21189
2026/09/26 01:42:58.215, 21189
2026/09/26 01:42:58.715, 21189
2026/09/26 01:42:59.215, 21189
2026/09/26 01:42:59.715, 21189
2026/09/26 01:43:00.215, 21189
2026/09/26 01:43:00.716, 21189
2026/09/26 01:43:01.216, 21189
2026/09/26 01:43:01.716, 21189
2026/09/26 01:43:02.216, 21189
2026/09/26 01:43:02.716, 21189
2026/09/26 01:43:03.217, 21189
2026/09/26 01:43:03.717, 21189
2026/09/26 01:43:04.217, 21189
2026/09/26 01:43:04.717, 21189
2026/09/26 01:43:05.217, 21189
2026/09/26 01:43:05.717, 21189
2026/09/26 01:43:06.217, 21189
2026/09/26 01:43:06.718, 21189
2026/09/26 01:43:07.218, 21189
2026/09/26 01:43:07.718, 21189
2026/09/26 01:43:08.218, 21189
2026/09/26 01:43:08.718, 21189
2026/09/26 01:43:09.218, 21189
2026/09/26 01:43:09.719, 21189
2026/09/26 01:43:10.219, 21189
2026/09/26 01:43:10.719, 21189
2026/09/26 01:43:11.219, 21189
2026/09/26 01:43:11.719, 21189
2026/09/26 01:43:12.219, 21189
2026/09/26 01:43:12.720, 21189
2026/09/26 01:43:13.220, 21189
2026/09/26 01:43:13.720, 21189
2026/09/26 01:43:14.220, 21189
2026/09/26 01:43:14.720, 21189
2026/09/26 01:43:15.221, 21189
2026/09/26 01:43:15.721, 21189
2026/09/26 01:43:16.221, 21189
2026/09/26 01:43:16.721, 21189
2026/09/26 01:43:17.221, 21189
2026/09/26 01:43:17.721, 21189
2026/09/26 01:43:18.222, 21189
2026/09/26 01:43:18.722, 21189
2026/09/26 01:43:19.222, 21189
2026/09/26 01:43:19.722, 21189
2026/09/26 01:43:20.222, 21189
2026/09/26 01:43:20.722, 21189
2026/09/26 01:43:21.223, 21189
2026/09/26 01:43:21.723, 21189
2026/09/26 01:43:22.223, 21189
2026/09/26 01:43:22.723, 21189
2026/09/26 01:43:23.223, 21189
2026/09/26 01:43:23.723, 21189
2026/09/26 01:43:24.224, 21189
2026/09/26 01:43:24.724, 21189
2026/09/26 01:43:25.224, 21189
2026/09/26 01:43:25.724, 21189
2026/09/26 01:43:26.225, 21189
2026/09/26 01:43:26.725, 21189
2026/09/26 01:43:27.225, 21189
2026/09/26 01:43:27.725, 21189
2026/09/26 01:43:28.225, 21189
2026/09/26 01:43:28.726, 21189
2026/09/26 01:43:29.226, 21189
2026/09/26 01:43:29.726, 21189
2026/09/26 01:43:30.226, 21189
2026/09/26 01:43:30.726, 21189
2026/09/26 01:43:31.226, 21189
2026/09/26 01:43:31.727, 21189
2026/09/26 01:43:32.227, 21189
2026/09/26 01:43:32.727, 21189
2026/09/26 01:43:33.227, 21189
2026/09/26 01:43:33.727, 21189
2026/09/26 01:43:34.227, 21189
2026/09/26 01:43:34.728, 21189
2026/09/26 01:43:35.228, 21189
2026/09/26 01:43:35.728, 21189
2026/09/26 01:43:36.228, 21189
2026/09/26 01:43:36.728, 21189
2026/09/26 01:43:37.228, 21189
2026/09/26 01:43:37.729, 21189
2026/09/26 01:43:38.229, 21189
2026/09/26 01:43:38.729, 21189
2026/09/26 01:43:39.229, 21189
2026/09/26 01:43:39.729, 21189
2026/09/26 01:43:40.229, 21189
2026/09/26 01:43:40.730, 21189
2026/09/26 01:43:41.230, 21189
2026/09/26 01:43:41.730, 21189
2026/09/26 01:43:42.230, 21189
2026/09/26 01:43:42.730, 21189
2026/09/26 01:43:43.231, 21189
2026/09/26 01:43:43.731, 21189
2026/09/26 01:43:44.231, 21189
2026/09/26 01:43:44.731, 21189
2026/09/26 01:43:45.231, 21189
2026/09/26 01:43:45.731, 21189
2026/09/26 01:43:46.232, 21189
2026/09/26 01:43:46.732, 21189
2026/09/26 01:43:47.232, 21189
2026/09/26 01:43:47.732, 21189
2026/09/26 01:43:48.232, 21189
2026/09/26 01:43:48.732, 21189
2026/09/26 01:43:49.233, 21189
2026/09/26 01:43:49.733, 21189
2026/09/26 01:43:50.233, 21189
2026/09/26 01:43:50.733, 21189
2026/09/26 01:43:51.233, 21189
2026/09/26 01:43:51.733, 21189
2026/09/26 01:43:52.233, 21189
2026/09/26 01:43:52.734, 21189
2026/09/26 01:43:53.234, 21189
2026/09/26 01:43:53.734, 21189
2026/09/26 01:43:54.234, 21189
2026/09/26 01:43:54.735, 21189
2026/09/26 01:43:55.235, 21189
2026/09/26 01:43:55.735, 21189
2026/09/26 01:43:56.235, 21189
2026/09/26 01:43:56.735, 21189
2026/09/26 01:43:57.236, 21189
2026/09/26 01:43:57.736, 21189
2026/09/26 01:43:58.236, 21189
2026/09/26 01:43:58.736, 21189
2026/09/26 01:43:59.236, 21189
2026/09/26 01:43:59.737, 21189
2026/09/26 01:44:00.237, 21189
2026/09/26 01:44:00.737, 21189
2026/09/26 01:44:01.237, 21189
2026/09/26 01:44:01.737, 21189
2026/09/26 01:44:02.237, 21189
2026/09/26 01:44:02.738, 21189
2026/09/26 01:44:03.238, 21189
2026/09/26 01:44:03.738, 21189
2026/09/26 01:44:04.238, 21189
2026/09/26 01:44:04.738, 21189
2026/09/26 01:44:05.238, 21189
2026/09/26 01:44:05.739, 21189
2026/09/26 01:44:06.239, 21189
2026/09/26 01:44:06.739, 21189
2026/09/26 01:44:07.239, 21189
2026/09/26 01:44:07.739, 21189
2026/09/26 01:44:08.240, 21189
2026/09/26 01:44:08.740, 21189
2026/09/26 01:44:09.240, 21189
2026/09/26 01:44:09.740, 21189
2026/09/26 01:44:10.240, 21189
2026/09/26 01:44:10.740, 21189
2026/09/26 01:44:11.241, 21189
2026/09/26 01:44:11.741, 21189
2026/09/26 01:44:12.241, 21189
2026/09/26 01:44:12.741, 21189
2026/09/26 01:44:13.241, 21189
2026/09/26 01:44:13.742, 21189
2026/09/26 01:44:14.242, 21189
2026/09/26 01:44:14.742, 21189
2026/09/26 01:44:15.242, 21189
2026/09/26 01:44:15.742, 21189
2026/09/26 01:44:16.242, 21189
2026/09/26 01:44:16.743, 21189
2026/09/26 01:44:17.243, 21189
2026/09/26 01:44:17.743, 21189
2026/09/26 01:44:18.243, 21189
2026/09/26 01:44:18.743, 21189
2026/09/26 01:44:19.243, 21189
2026/09/26 01:44:19.744, 21189
2026/09/26 01:44:20.244, 21189
2026/09/26 01:44:20.744, 21189
2026/09/26 01:44:21.244, 21189
2026/09/26 01:44:21.745, 21189
2026/09/26 01:44:22.245, 21189
2026/09/26 01:44:22.745, 21189
2026/09/26 01:44:23.245, 21189
2026/09/26 01:44:23.745, 21189
2026/09/26 01:44:24.246, 21189
2026/09/26 01:44:24.746, 21189
2026/09/26 01:44:25.246, 21189
2026/09/26 01:44:25.746, 21189
2026/09/26 01:44:26.246, 21189
2026/09/26 01:44:26.746, 21189
2026/09/26 01:44:27.247, 21189
2026/09/26 01:44:27.747, 21189
2026/09/26 01:44:28.247, 21189
2026/09/26 01:44:28.747, 21189
2026/09/26 01:44:29.247, 21189
2026/09/26 01:44:29.747, 21189
2026/09/26 01:44:30.248, 21189
2026/09/26 01:44:30.748, 21189
2026/09/26 01:44:31.248, 21189
2026/09/26 01:44:31.748, 21189
2026/09/26 01:44:32.248, 21189
2026/09/26 01:44:32.748, 21189
2026/09/26 01:44:33.248, 21189
2026/09/26 01:44:33.749, 21189
2026/09/26 01:44:34.249, 21189
2026/09/26 01:44:34.749, 21189
2026/09/26 01:44:35.249, 21189
2026/09/26 01:44:35.749, 21189
2026/09/26 01:44:36.249, 21189
2026/09/26 01:44:36.750, 21189
2026/09/26 01:44:37.250, 21189
2026/09/26 01:44:37.750, 21189
2026/09/26 01:44:38.250, 21189
2026/09/26 01:44:38.750, 21189
2026/09/26 01:44:39.250, 21189
2026/09/26 01:44:39.750, 21189
2026/09/26 01:44:40.251, 21189
2026/09/26 01:44:40.751, 21189
2026/09/26 01:44:41.251, 21189
2026/09/26 01:44:41.751, 21189
2026/09/26 01:44:42.251, 21189
2026/09/26 01:44:42.751, 21189
2026/09/26 01:44:43.252, 21189
2026/09/26 01:44:43.752, 21189
2026/09/26 01:44:44.252, 21189
2026/09/26 01:44:44.752, 21189
2026/09/26 01:44:45.252, 21189
2026/09/26 01:44:45.752, 21189
2026/09/26 01:44:46.252, 21189
2026/09/26 01:44:46.753, 21189
2026/09/26 01:44:47.253, 21189
2026/09/26 01:44:47.753, 21189
2026/09/26 01:44:48.253, 21189
2026/09/26 01:44:48.753, 21189
2026/09/26 01:44:49.253, 21189
2026/09/26 01:44:49.754, 21189
2026/09/26 01:44:50.254, 21189
2026/09/26 01:44:50.754, 21189
2026/09/26 01:44:51.254, 21189
2026/09/26 01:44:51.754, 21189
2026/09/26 01:44:52.254, 21189
2026/09/26 01:44:52.754, 21189
2026/09/26 01:44:53.255, 21189
2026/09/26 01:44:53.755, 21189
2026/09/26 01:44:54.255, 21189
2026/09/26 01:44:54.755, 21189
2026/09/26 01:44:55.255, 21189
2026/09/26 01:44:55.755, 21189
2026/09/26 01:44:56.255, 21189
2026/09/26 01:44:56.756, 21189
2026/09/26 01:44:57.256, 21189
2026/09/26 01:44:57.756, 21189
2026/09/26 01:44:58.256, 21189
2026/09/26 01:44:58.756, 21189
2026/09/26 01:44:59.256, 21189
2026/09/26 01:44:59.756, 21189
2026/09/26 01:45:00.257, 21189
2026/09/26 01:45:00.757, 21189
2026/09/26 01:45:01.257, 21189
2026/09/26 01:45:01.757, 21189
2026/09/26 01:45:02.257, 21189
2026/09/26 01:45:02.757, 21189
2026/09/26 01:45:03.257, 21189
2026/09/26 01:45:03.757, 21189
2026/09/26 01:45:04.258, 21189
2026/09/26 01:45:04.758, 21189
2026/09/26 01:45:05.258, 21189
2026/09/26 01:45:05.758, 21189
2026/09/26 01:45:06.258, 21189
2026/09/26 01:45:06.758, 21189
2026/09/26 01:45:07.258, 21189
2026/09/26 01:45:07.759, 21189
2026/09/26 01:45:08.259, 21189
2026/09/26 01:45:08.759, 21189
2026/09/26 01:45:09.259, 21189
2026/09/26 01:45:09.759, 21189
2026/09/26 01:45:10.259, 21189
2026/09/26 01:45:10.760, 21189
2026/09/26 01:45:11.260, 21189
2026/09/26 01:45:11.760, 21189
2026/09/26 01:45:12.260, 21189
2026/09/26 01:45:12.760, 21189
2026/09/26 01:45:13.260, 21189
2026/09/26 01:45:13.761, 21189
2026/09/26 01:45:14.261, 21189
2026/09/26 01:45:14.761, 21189
2026/09/26 01:45:15.261, 21189
2026/09/26 01:45:15.761, 21189
2026/09/26 01:45:16.261, 21189
2026/09/26 01:45:16.762, 21189
2026/09/26 01:45:17.262, 21189
2026/09/26 01:45:17.762, 21189
2026/09/26 01:45:18.262, 21189
2026/09/26 01:45:18.762, 21189
2026/09/26 01:45:19.262, 21189
2026/09/26 01:45:19.762, 21189
2026/09/26 01:45:20.263, 21189
2026/09/26 01:45:20.763, 21189
2026/09/26 01:45:21.263, 21189
2026/09/26 01:45:21.763, 21189
2026/09/26 01:45:22.263, 21189
2026/09/26 01:45:22.763, 21189
2026/09/26 01:45:23.264, 21189
2026/09/26 01:45:23.764, 21189
2026/09/26 01:45:24.264, 21189
2026/09/26 01:45:24.764, 21189
2026/09/26 01:45:25.264, 21189
2026/09/26 01:45:25.764, 21189
2026/09/26 01:45:26.265, 21189
2026/09/26 01:45:26.765, 21189
2026/09/26 01:45:27.265, 21189
2026/09/26 01:45:27.765, 21189
2026/09/26 01:45:28.265, 21189
2026/09/26 01:45:28.765, 21189
2026/09/26 01:45:29.265, 21189
2026/09/26 01:45:29.766, 21189
2026/09/26 01:45:30.266, 21189
2026/09/26 01:45:30.766, 21189
2026/09/26 01:45:31.266, 21189
2026/09/26 01:45:31.766, 21189
2026/09/26 01:45:32.266, 21189
2026/09/26 01:45:32.767, 21189
2026/09/26 01:45:33.267, 21189
2026/09/26 01:45:33.767, 21189
2026/09/26 01:45:34.267, 21189
2026/09/26 01:45:34.767, 21189
2026/09/26 01:45:35.267, 21189
2026/09/26 01:45:35.767, 21189
2026/09/26 01:45:36.268, 21189
2026/09/26 01:45:36.768, 21189
2026/09/26 01:45:37.268, 21189
2026/09/26 01:45:37.768, 21189
2026/09/26 01:45:38.268, 21189
2026/09/26 01:45:38.768, 21189
2026/09/26 01:45:39.269, 21189
2026/09/26 01:45:39.769, 21189
2026/09/26 01:45:40.269, 21189
2026/09/26 01:45:40.769, 21189
2026/09/26 01:45:41.269, 21189
2026/09/26 01:45:41.769, 21189
2026/09/26 01:45:42.270, 21189
2026/09/26 01:45:42.770, 21189
2026/09/26 01:45:43.270, 21189
2026/09/26 01:45:43.770, 21189
2026/09/26 01:45:44.270, 21189
2026/09/26 01:45:44.770, 21189
2026/09/26 01:45:45.271, 21189
2026/09/26 01:45:45.771, 21189
2026/09/26 01:45:46.271, 21189
2026/09/26 01:45:46.771, 21189
2026/09/26 01:45:47.271, 21189
2026/09/26 01:45:47.771, 21189
2026/09/26 01:45:48.272, 21189
2026/09/26 01:45:48.772, 21189
2026/09/26 01:45:49.272, 21189
2026/09/26 01:45:49.772, 21189
2026/09/26 01:45:50.272, 21189
2026/09/26 01:45:50.772, 21189
2026/09/26 01:45:51.273, 21189
2026/09/26 01:45:51.773, 21189
2026/09/26 01:45:52.273, 21189
2026/09/26 01:45:52.773, 21189
2026/09/26 01:45:53.273, 21189
2026/09/26 01:45:53.773, 21189
2026/09/26 01:45:54.273, 21189
2026/09/26 01:45:54.774, 21189
2026/09/26 01:45:55.274, 21189
2026/09/26 01:45:55.774, 21189
2026/09/26 01:45:56.274, 21189
2026/09/26 01:45:56.774, 21189
2026/09/26 01:45:57.274, 21189
2026/09/26 01:45:57.775, 21189
2026/09/26 01:45:58.275, 21189
2026/09/26 01:45:58.775, 21189
2026/09/26 01:45:59.275, 21189
2026/09/26 01:45:59.775, 21189
2026/09/26 01:46:00.275, 21189
2026/09/26 01:46:00.775, 21189
2026/09/26 01:46:01.276, 21189
2026/09/26 01:46:01.776, 21189
2026/09/26 01:46:02.276, 21189
2026/09/26 01:46:02.776, 21189
2026/09/26 01:46:03.276, 21189
2026/09/26 01:46:03.776, 21189
2026/09/26 01:46:04.277, 21189
2026/09/26 01:46:04.777, 21189
2026/09/26 01:46:05.277, 21189
2026/09/26 01:46:05.777, 21189
2026/09/26 01:46:06.277, 21189
2026/09/26 01:46:06.777, 21189
2026/09/26 01:46:07.278, 21189
2026/09/26 01:46:07.778, 21189
2026/09/26 01:46:08.278, 21189
2026/09/26 01:46:08.778, 21189
2026/09/26 01:46:09.278, 21189
2026/09/26 01:46:09.778, 21189
2026/09/26 01:46:10.279, 21189
2026/09/26 01:46:10.779, 21189
2026/09/26 01:46:11.279, 21189
2026/09/26 01:46:11.779, 21189
2026/09/26 01:46:12.279, 21189
2026/09/26 01:46:12.779, 21189
2026/09/26 01:46:13.280, 21189
2026/09/26 01:46:13.780, 21189
2026/09/26 01:46:14.280, 21189
2026/09/26 01:46:14.780, 21189
2026/09/26 01:46:15.280, 21189
2026/09/26 01:46:15.780, 21189
2026/09/26 01:46:16.281, 21189
2026/09/26 01:46:16.781, 21189
2026/09/26 01:46:17.281, 21189
2026/09/26 01:46:17.781, 21189
2026/09/26 01:46:18.281, 21189
2026/09/26 01:46:18.781, 21189
2026/09/26 01:46:19.282, 21189
2026/09/26 01:46:19.782, 21189
2026/09/26 01:46:20.282, 21189
2026/09/26 01:46:20.782, 21189
2026/09/26 01:46:21.282, 21189
2026/09/26 01:46:21.782, 21189
2026/09/26 01:46:22.282, 21189
2026/09/26 01:46:22.783, 21189
2026/09/26 01:46:23.283, 21189
2026/09/26 01:46:23.783, 21189
2026/09/26 01:46:24.283, 21189
2026/09/26 01:46:24.783, 21189
2026/09/26 01:46:25.283, 21189
2026/09/26 01:46:25.784, 21189
2026/09/26 01:46:26.284, 21189
2026/09/26 01:46:26.784, 21189
2026/09/26 01:46:27.284, 21189
2026/09/26 01:46:27.784, 21189
2026/09/26 01:46:28.284, 21189
2026/09/26 01:46:28.784, 21189
2026/09/26 01:46:29.285, 21189
2026/09/26 01:46:29.785, 21189
2026/09/26 01:46:30.285, 21189
2026/09/26 01:46:30.785, 21189
2026/09/26 01:46:31.285, 21189
2026/09/26 01:46:31.785, 21189
2026/09/26 01:46:32.286, 21189
2026/09/26 01:46:32.786, 21189
2026/09/26 01:46:33.286, 21189
2026/09/26 01:46:33.786, 21189
2026/09/26 01:46:34.286, 21189
2026/09/26 01:46:34.786, 21189
2026/09/26 01:46:35.287, 21189
2026/09/26 01:46:35.787, 21189
2026/09/26 01:46:36.287, 21189
2026/09/26 01:46:36.787, 21189
2026/09/26 01:46:37.287, 21189
2026/09/26 01:46:37.787, 21189
2026/09/26 01:46:38.287, 21189
2026/09/26 01:46:38.787, 21189
2026/09/26 01:46:39.287, 21189
2026/09/26 01:46:39.788, 21189
2026/09/26 01:46:40.288, 21189
2026/09/26 01:46:40.788, 21189
2026/09/26 01:46:41.288, 21189
2026/09/26 01:46:41.788, 21189
2026/09/26 01:46:42.288, 21189
2026/09/26 01:46:42.788, 21189
2026/09/26 01:46:43.289, 21189
2026/09/26 01:46:43.789, 21189
2026/09/26 01:46:44.289, 21189
2026/09/26 01:46:44.789, 21189
2026/09/26 01:46:45.289, 21189
2026/09/26 01:46:45.789, 21189
2026/09/26 01:46:46.290, 21189
2026/09/26 01:46:46.790, 21189
2026/09/26 01:46:47.290, 21189
2026/09/26 01:46:47.790, 21189
2026/09/26 01:46:48.290, 21189
2026/09/26 01:46:48.790, 21189
2026/09/26 01:46:49.291, 21189
2026/09/26 01:46:49.791, 21189
2026/09/26 01:46:50.291, 21189
2026/09/26 01:46:50.791, 21189
2026/09/26 01:46:51.291, 21189
2026/09/26 01:46:51.791, 21189
2026/09/26 01:46:52.292, 21189
2026/09/26 01:46:52.792, 21189
2026/09/26 01:46:53.292, 21189
2026/09/26 01:46:53.792, 21189
2026/09/26 01:46:54.292, 21189
2026/09/26 01:46:54.792, 21189
2026/09/26 01:46:55.292, 21189
2026/09/26 01:46:55.793, 21189
2026/09/26 01:46:56.293, 21189
2026/09/26 01:46:56.793, 21189
2026/09/26 01:46:57.293, 21189
2026/09/26 01:46:57.793, 21189
2026/09/26 01:46:58.293, 21189
2026/09/26 01:46:58.794, 21189
2026/09/26 01:46:59.294, 21189
2026/09/26 01:46:59.794, 21189
2026/09/26 01:47:00.294, 21189
2026/09/26 01:47:00.794, 21189
2026/09/26 01:47:01.294, 21189
2026/09/26 01:47:01.795, 21189
2026/09/26 01:47:02.295, 21189
2026/09/26 01:47:02.795, 21189
2026/09/26 01:47:03.295, 21189
2026/09/26 01:47:03.795, 21189
2026/09/26 01:47:04.295, 21189
2026/09/26 01:47:04.795, 21189
2026/09/26 01:47:05.296, 21189
2026/09/26 01:47:05.796, 21189
2026/09/26 01:47:06.296, 21189
2026/09/26 01:47:06.796, 21189
2026/09/26 01:47:07.296, 21189
2026/09/26 01:47:07.796, 21189
2026/09/26 01:47:08.296, 21189
2026/09/26 01:47:08.797, 21189
2026/09/26 01:47:09.297, 21189
2026/09/26 01:47:09.797, 21189
2026/09/26 01:47:10.297, 21189
2026/09/26 01:47:10.797, 21189
2026/09/26 01:47:11.297, 21189
2026/09/26 01:47:11.798, 21189
2026/09/26 01:47:12.298, 21189
2026/09/26 01:47:12.798, 21189
2026/09/26 01:47:13.298, 21189
2026/09/26 01:47:13.798, 21189
2026/09/26 01:47:14.298, 21189
2026/09/26 01:47:14.798, 21189
2026/09/26 01:47:15.299, 21189
2026/09/26 01:47:15.799, 21189
2026/09/26 01:47:16.300, 21189
2026/09/26 01:47:16.800, 21189
2026/09/26 01:47:17.300, 21189
2026/09/26 01:47:17.800, 21189
2026/09/26 01:47:18.300, 21189
2026/09/26 01:47:18.800, 21189
2026/09/26 01:47:19.301, 21189
2026/09/26 01:47:19.801, 21189
2026/09/26 01:47:20.301, 21189
2026/09/26 01:47:20.801, 21189
2026/09/26 01:47:21.301, 21189
2026/09/26 01:47:21.801, 21189
2026/09/26 01:47:22.302, 21189
2026/09/26 01:47:22.802, 21189
2026/09/26 01:47:23.302, 21189
2026/09/26 01:47:23.802, 21189
2026/09/26 01:47:24.302, 21189
2026/09/26 01:47:24.802, 21189
2026/09/26 01:47:25.303, 21189
2026/09/26 01:47:25.803, 21189
2026/09/26 01:47:26.303, 21189
2026/09/26 01:47:26.803, 21189
2026/09/26 01:47:27.303, 21189
2026/09/26 01:47:27.803, 21189
2026/09/26 01:47:28.304, 21189
2026/09/26 01:47:28.804, 21189
2026/09/26 01:47:29.304, 21189
2026/09/26 01:47:29.804, 21189
2026/09/26 01:47:30.304, 21189
2026/09/26 01:47:30.804, 21189
2026/09/26 01:47:31.305, 21189
2026/09/26 01:47:31.805, 21189
2026/09/26 01:47:32.305, 21189
2026/09/26 01:47:32.805, 21189
2026/09/26 01:47:33.305, 21189
2026/09/26 01:47:33.805, 21189
2026/09/26 01:47:34.306, 21189
2026/09/26 01:47:34.806, 21189
2026/09/26 01:47:35.306, 21189
2026/09/26 01:47:35.806, 21189
2026/09/26 01:47:36.306, 21189
2026/09/26 01:47:36.806, 21189
2026/09/26 01:47:37.306, 21189
2026/09/26 01:47:37.807, 21189
2026/09/26 01:47:38.307, 21189
2026/09/26 01:47:38.807, 21189
2026/09/26 01:47:39.307, 21189
2026/09/26 01:47:39.807, 21189
2026/09/26 01:47:40.308, 21189
2026/09/26 01:47:40.808, 21189
2026/09/26 01:47:41.308, 21189
2026/09/26 01:47:41.808, 21189
2026/09/26 01:47:42.308, 21189
2026/09/26 01:47:42.808, 21189
2026/09/26 01:47:43.308, 21189
2026/09/26 01:47:43.809, 21189
2026/09/26 01:47:44.309, 21189
2026/09/26 01:47:44.809, 21189
2026/09/26 01:47:45.309, 21189
2026/09/26 01:47:45.809, 21189
2026/09/26 01:47:46.309, 21189
2026/09/26 01:47:46.810, 21189
2026/09/26 01:47:47.310, 21189
2026/09/26 01:47:47.810, 21189
2026/09/26 01:47:48.310, 21189
2026/09/26 01:47:48.810, 21189
2026/09/26 01:47:49.310, 21189
2026/09/26 01:47:49.811, 21189
2026/09/26 01:47:50.311, 21189
2026/09/26 01:47:50.811, 21189
2026/09/26 01:47:51.311, 21189
2026/09/26 01:47:51.811, 21189
2026/09/26 01:47:52.311, 21189
2026/09/26 01:47:52.812, 21189
2026/09/26 01:47:53.312, 21189
2026/09/26 01:47:53.812, 21189
2026/09/26 01:47:54.312, 21189
2026/09/26 01:47:54.812, 21189
2026/09/26 01:47:55.312, 21189
2026/09/26 01:47:55.813, 21189
2026/09/26 01:47:56.313, 21189
2026/09/26 01:47:56.814, 21189
2026/09/26 01:47:57.314, 21189
2026/09/26 01:47:57.814, 21189
2026/09/26 01:47:58.314, 21189
2026/09/26 01:47:58.814, 21189
2026/09/26 01:47:59.314, 21189
2026/09/26 01:47:59.815, 21189
2026/09/26 01:48:00.315, 21189
2026/09/26 01:48:00.815, 21189
2026/09/26 01:48:01.315, 21189
2026/09/26 01:48:01.815, 21189
2026/09/26 01:48:02.315, 21189
2026/09/26 01:48:02.815, 21189
2026/09/26 01:48:03.316, 21189
2026/09/26 01:48:03.816, 21189
2026/09/26 01:48:04.316, 21189
2026/09/26 01:48:04.816, 21189
2026/09/26 01:48:05.316, 21189
2026/09/26 01:48:05.817, 21189
2026/09/26 01:48:06.317, 21189
2026/09/26 01:48:06.817, 21189
2026/09/26 01:48:07.317, 21189
2026/09/26 01:48:07.817, 21189
2026/09/26 01:48:08.317, 21189
2026/09/26 01:48:08.817, 21189
2026/09/26 01:48:09.318, 21189
2026/09/26 01:48:09.818, 21189
2026/09/26 01:48:10.318, 21189
2026/09/26 01:48:10.818, 21189
2026/09/26 01:48:11.318, 21189
2026/09/26 01:48:11.819, 21189
2026/09/26 01:48:12.319, 21189
2026/09/26 01:48:12.819, 21189
2026/09/26 01:48:13.319, 21189
2026/09/26 01:48:13.819, 21189
2026/09/26 01:48:14.319, 21189
2026/09/26 01:48:14.820, 21189
2026/09/26 01:48:15.320, 21189
2026/09/26 01:48:15.820, 21189
2026/09/26 01:48:16.320, 21189
2026/09/26 01:48:16.820, 21189
2026/09/26 01:48:17.320, 21189
2026/09/26 01:48:17.821, 21189
2026/09/26 01:48:18.321, 21189
2026/09/26 01:48:18.821, 21189
2026/09/26 01:48:19.321, 21189
2026/09/26 01:48:19.821, 21189
2026/09/26 01:48:20.321, 21189
2026/09/26 01:48:20.822, 21189
2026/09/26 01:48:21.322, 21189
2026/09/26 01:48:21.822, 21189
2026/09/26 01:48:22.322, 21189
2026/09/26 01:48:22.822, 21189
2026/09/26 01:48:23.322, 21189
2026/09/26 01:48:23.823, 21189
2026/09/26 01:48:24.323, 21189
2026/09/26 01:48:24.823, 21189
2026/09/26 01:48:25.323, 21189
2026/09/26 01:48:25.823, 21189
2026/09/26 01:48:26.323, 21189
2026/09/26 01:48:26.823, 21189
2026/09/26 01:48:27.324, 21189
2026/09/26 01:48:27.824, 21189
2026/09/26 01:48:28.324, 21189
2026/09/26 01:48:28.824, 21189
2026/09/26 01:48:29.324, 21189
2026/09/26 01:48:29.824, 21189
2026/09/26 01:48:30.324, 21189
2026/09/26 01:48:30.825, 21189
2026/09/26 01:48:31.325, 21189
2026/09/26 01:48:31.825, 21189
2026/09/26 01:48:32.325, 21189
2026/09/26 01:48:32.825, 21189
2026/09/26 01:48:33.325, 21189
2026/09/26 01:48:33.826, 21189
2026/09/26 01:48:34.326, 21189
2026/09/26 01:48:34.826, 21189
2026/09/26 01:48:35.326, 21189
2026/09/26 01:48:35.826, 21189
2026/09/26 01:48:36.326, 21189
2026/09/26 01:48:36.826, 21189
2026/09/26 01:48:37.327, 21189
2026/09/26 01:48:37.827, 21189
2026/09/26 01:48:38.327, 21189
2026/09/26 01:48:38.827, 21189
2026/09/26 01:48:39.327, 21189
2026/09/26 01:48:39.827, 21189
2026/09/26 01:48:40.328, 21189
2026/09/26 01:48:40.828, 21189
2026/09/26 01:48:41.328, 21189
2026/09/26 01:48:41.828, 21189
2026/09/26 01:48:42.328, 21189
2026/09/26 01:48:42.829, 21189
2026/09/26 01:48:43.329, 21189
2026/09/26 01:48:43.829, 21189
2026/09/26 01:48:44.329, 21189
2026/09/26 01:48:44.829, 21189
2026/09/26 01:48:45.329, 21189
2026/09/26 01:48:45.829, 21189
2026/09/26 01:48:46.330, 21189
2026/09/26 01:48:46.830, 21189
2026/09/26 01:48:47.330, 21189
2026/09/26 01:48:47.830, 21189
2026/09/26 01:48:48.330, 21189
2026/09/26 01:48:48.830, 21189
2026/09/26 01:48:49.331, 21189
2026/09/26 01:48:49.831, 21189
2026/09/26 01:48:50.331, 21189
2026/09/26 01:48:50.831, 21189
2026/09/26 01:48:51.331, 21189
2026/09/26 01:48:51.831, 21189
2026/09/26 01:48:52.331, 21189
2026/09/26 01:48:52.832, 21189
2026/09/26 01:48:53.332, 21189
2026/09/26 01:48:53.832, 21189
2026/09/26 01:48:54.332, 21189
2026/09/26 01:48:54.832, 21189
2026/09/26 01:48:55.332, 21189
2026/09/26 01:48:55.832, 21189
2026/09/26 01:48:56.333, 21189
2026/09/26 01:48:56.833, 21189
2026/09/26 01:48:57.333, 21189
2026/09/26 01:48:57.833, 21189
2026/09/26 01:48:58.333, 21189
2026/09/26 01:48:58.833, 21189
2026/09/26 01:48:59.334, 21189
2026/09/26 01:48:59.834, 21189
2026/09/26 01:49:00.334, 21189
2026/09/26 01:49:00.834, 21189
2026/09/26 01:49:01.334, 21189
2026/09/26 01:49:01.834, 21189
2026/09/26 01:49:02.334, 21189
2026/09/26 01:49:02.835, 21189
2026/09/26 01:49:03.335, 21189
2026/09/26 01:49:03.835, 21189
2026/09/26 01:49:04.335, 21189
2026/09/26 01:49:04.835, 21189
2026/09/26 01:49:05.335, 21189
2026/09/26 01:49:05.835, 21189
2026/09/26 01:49:06.335, 21189
2026/09/26 01:49:06.836, 21189
2026/09/26 01:49:07.336, 21189
2026/09/26 01:49:07.836, 21189
2026/09/26 01:49:08.336, 21189
2026/09/26 01:49:08.836, 21189
2026/09/26 01:49:09.336, 21189
2026/09/26 01:49:09.837, 21189
2026/09/26 01:49:10.337, 21189
2026/09/26 01:49:10.837, 21189
2026/09/26 01:49:11.337, 21189
2026/09/26 01:49:11.837, 21189
2026/09/26 01:49:12.337, 21189
2026/09/26 01:49:12.837, 21189
2026/09/26 01:49:13.338, 21189
2026/09/26 01:49:13.838, 21189
2026/09/26 01:49:14.338, 21189
2026/09/26 01:49:14.838, 21189
2026/09/26 01:49:15.338, 21189
2026/09/26 01:49:15.838, 21189
2026/09/26 01:49:16.338, 21189
2026/09/26 01:49:16.839, 21189
2026/09/26 01:49:17.339, 21189
2026/09/26 01:49:17.839, 21189
2026/09/26 01:49:18.339, 21189
2026/09/26 01:49:18.839, 21189
2026/09/26 01:49:19.339, 21189
2026/09/26 01:49:19.840, 21189
2026/09/26 01:49:20.340, 21189
2026/09/26 01:49:20.840, 21189
2026/09/26 01:49:21.340, 21189
2026/09/26 01:49:21.840, 21189
2026/09/26 01:49:22.340, 21189
2026/09/26 01:49:22.840, 21189
2026/09/26 01:49:23.341, 21189
2026/09/26 01:49:23.841, 21189
2026/09/26 01:49:24.341, 21189
2026/09/26 01:49:24.841, 21189
2026/09/26 01:49:25.341, 21189
2026/09/26 01:49:25.841, 21189
2026/09/26 01:49:26.342, 21189
2026/09/26 01:49:26.842, 21189
2026/09/26 01:49:27.342, 21189
2026/09/26 01:49:27.842, 21189
2026/09/26 01:49:28.342, 21189
2026/09/26 01:49:28.842, 21189
2026/09/26 01:49:29.343, 21189
2026/09/26 01:49:29.843, 21189
2026/09/26 01:49:30.343, 21189
2026/09/26 01:49:30.843, 21189
2026/09/26 01:49:31.343, 21189
2026/09/26 01:49:31.843, 21189
2026/09/26 01:49:32.344, 21189
2026/09/26 01:49:32.844, 21189
2026/09/26 01:49:33.344, 21189
2026/09/26 01:49:33.844, 21189
2026/09/26 01:49:34.344, 21189
2026/09/26 01:49:34.844, 21189
2026/09/26 01:49:35.344, 21189
2026/09/26 01:49:35.845, 21189
2026/09/26 01:49:36.345, 21189
2026/09/26 01:49:36.845, 21189
2026/09/26 01:49:37.345, 21189
2026/09/26 01:49:37.845, 21189
2026/09/26 01:49:38.345, 21189
2026/09/26 01:49:38.846, 21189
2026/09/26 01:49:39.346, 21189
2026/09/26 01:49:39.846, 21189
2026/09/26 01:49:40.354, 21189
2026/09/26 01:49:40.854, 21189
2026/09/26 01:49:41.354, 21189
2026/09/26 01:49:41.854, 21189
2026/09/26 01:49:42.355, 21189
2026/09/26 01:49:42.855, 21189
2026/09/26 01:49:43.355, 21189
2026/09/26 01:49:43.855, 21189
2026/09/26 01:49:44.355, 21189
2026/09/26 01:49:44.855, 21189
2026/09/26 01:49:45.356, 21189
2026/09/26 01:49:45.856, 21189
2026/09/26 01:49:46.356, 21189
2026/09/26 01:49:46.856, 21189
2026/09/26 01:49:47.356, 21189
2026/09/26 01:49:47.856, 21189
2026/09/26 01:49:48.357, 21189
2026/09/26 01:49:48.857, 21189
2026/09/26 01:49:49.357, 21189
2026/09/26 01:49:49.857, 21189
2026/09/26 01:49:50.357, 21189
2026/09/26 01:49:50.858, 21189
2026/09/26 01:49:51.358, 21189
2026/09/26 01:49:51.858, 21189
2026/09/26 01:49:52.358, 21189
2026/09/26 01:49:52.858, 21189
2026/09/26 01:49:53.358, 21189
2026/09/26 01:49:53.859, 21189
2026/09/26 01:49:54.359, 21189
2026/09/26 01:49:54.859, 21189
2026/09/26 01:49:55.359, 21189
2026/09/26 01:49:55.859, 21189
2026/09/26 01:49:56.359, 21189
2026/09/26 01:49:56.860, 21189
2026/09/26 01:49:57.360, 21189
2026/09/26 01:49:57.860, 21189
2026/09/26 01:49:58.360, 21189
2026/09/26 01:49:58.860, 21189
2026/09/26 01:49:59.360, 21189
2026/09/26 01:49:59.861, 21189
2026/09/26 01:50:00.361, 21189
2026/09/26 01:50:00.861, 21189
2026/09/26 01:50:01.361, 21189
2026/09/26 01:50:01.861, 21189
2026/09/26 01:50:02.361, 21189
2026/09/26 01:50:02.862, 21189
2026/09/26 01:50:03.362, 21189
2026/09/26 01:50:03.862, 21189
2026/09/26 01:50:04.362, 21189
2026/09/26 01:50:04.862, 21189
2026/09/26 01:50:05.362, 21189
2026/09/26 01:50:05.863, 21189
2026/09/26 01:50:06.363, 21189
2026/09/26 01:50:06.863, 21189
2026/09/26 01:50:07.363, 21189
2026/09/26 01:50:07.863, 21189
2026/09/26 01:50:08.364, 21189
2026/09/26 01:50:08.864, 21189
2026/09/26 01:50:09.364, 21189
2026/09/26 01:50:09.864, 21189
2026/09/26 01:50:10.364, 21189
2026/09/26 01:50:10.865, 21189
2026/09/26 01:50:11.365, 21189
2026/09/26 01:50:11.865, 21189
2026/09/26 01:50:12.365, 21189
2026/09/26 01:50:12.865, 21189
2026/09/26 01:50:13.365, 21189
2026/09/26 01:50:13.865, 21189
2026/09/26 01:50:14.366, 21189
2026/09/26 01:50:14.866, 21189
2026/09/26 01:50:15.366, 21189
2026/09/26 01:50:15.866, 21189
2026/09/26 01:50:16.366, 21189
2026/09/26 01:50:16.866, 21189
2026/09/26 01:50:17.366, 21189
2026/09/26 01:50:17.867, 21189
2026/09/26 01:50:18.367, 21189
2026/09/26 01:50:18.867, 21189
2026/09/26 01:50:19.367, 21189
2026/09/26 01:50:19.867, 21189
2026/09/26 01:50:20.367, 21189
2026/09/26 01:50:20.868, 21189
2026/09/26 01:50:21.368, 21189
2026/09/26 01:50:21.868, 21189
2026/09/26 01:50:22.368, 21189
2026/09/26 01:50:22.868, 21189
2026/09/26 01:50:23.368, 21189
2026/09/26 01:50:23.869, 21189
2026/09/26 01:50:24.369, 21189
2026/09/26 01:50:24.869, 21189
2026/09/26 01:50:25.369, 21189
2026/09/26 01:50:25.869, 21189
2026/09/26 01:50:26.369, 21189
2026/09/26 01:50:26.870, 21189
2026/09/26 01:50:27.370, 21189
2026/09/26 01:50:27.870, 21189
2026/09/26 01:50:28.370, 21189
2026/09/26 01:50:28.870, 21189
2026/09/26 01:50:29.370, 21189
2026/09/26 01:50:29.871, 21189
2026/09/26 01:50:30.371, 21189
2026/09/26 01:50:30.871, 21189
2026/09/26 01:50:31.371, 21189
2026/09/26 01:50:31.871, 21189
2026/09/26 01:50:32.371, 21189
2026/09/26 01:50:32.872, 21189
2026/09/26 01:50:33.372, 21189
2026/09/26 01:50:33.872, 21189
2026/09/26 01:50:34.372, 21189
2026/09/26 01:50:34.872, 21189
2026/09/26 01:50:35.372, 21189
2026/09/26 01:50:35.873, 21189
2026/09/26 01:50:36.373, 21189
2026/09/26 01:50:36.873, 21189
2026/09/26 01:50:37.373, 21189
2026/09/26 01:50:37.873, 21189
2026/09/26 01:50:38.373, 21189
2026/09/26 01:50:38.874, 21189
2026/09/26 01:50:39.374, 21189
2026/09/26 01:50:39.874, 21189
2026/09/26 01:50:40.374, 21189
2026/09/26 01:50:40.874, 21189
2026/09/26 01:50:41.374, 21189
2026/09/26 01:50:41.875, 21189
2026/09/26 01:50:42.375, 21189
2026/09/26 01:50:42.875, 21189
2026/09/26 01:50:43.375, 21189
2026/09/26 01:50:43.875, 21189
2026/09/26 01:50:44.384, 21189
2026/09/26 01:50:44.884, 21189
2026/09/26 01:50:45.384, 21189
2026/09/26 01:50:45.884, 21189
2026/09/26 01:50:46.385, 21189
2026/09/26 01:50:46.885, 21189
2026/09/26 01:50:47.385, 21189
2026/09/26 01:50:47.885, 21189
2026/09/26 01:50:48.385, 21189
2026/09/26 01:50:48.886, 21189
2026/09/26 01:50:49.386, 21189
2026/09/26 01:50:49.886, 21189
2026/09/26 01:50:50.386, 21189
2026/09/26 01:50:50.886, 21189
2026/09/26 01:50:51.386, 21189
2026/09/26 01:50:51.887, 21189
2026/09/26 01:50:52.387, 21189
2026/09/26 01:50:52.887, 21189
2026/09/26 01:50:53.387, 21189
2026/09/26 01:50:53.887, 21189
2026/09/26 01:50:54.387, 21189
2026/09/26 01:50:54.887, 21189
2026/09/26 01:50:55.388, 21189
2026/09/26 01:50:55.888, 21189
2026/09/26 01:50:56.388, 21189
2026/09/26 01:50:56.888, 21189
2026/09/26 01:50:57.388, 21189
2026/09/26 01:50:57.888, 21189
2026/09/26 01:50:58.389, 21189
2026/09/26 01:50:58.889, 21189
2026/09/26 01:50:59.389, 21189
2026/09/26 01:50:59.889, 21189
2026/09/26 01:51:00.389, 21189
2026/09/26 01:51:00.889, 21189
2026/09/26 01:51:01.390, 21189
2026/09/26 01:51:01.890, 21189
2026/09/26 01:51:02.390, 21189
2026/09/26 01:51:02.890, 21189
2026/09/26 01:51:03.390, 21189
2026/09/26 01:51:03.890, 21189
2026/09/26 01:51:04.391, 21189
2026/09/26 01:51:04.891, 21189
2026/09/26 01:51:05.391, 21189
2026/09/26 01:51:05.891, 21189
2026/09/26 01:51:06.391, 21189
2026/09/26 01:51:06.891, 21189
2026/09/26 01:51:07.391, 21189
2026/09/26 01:51:07.892, 21189
2026/09/26 01:51:08.392, 21189
2026/09/26 01:51:08.892, 21189
2026/09/26 01:51:09.392, 21189
2026/09/26 01:51:09.892, 21189
2026/09/26 01:51:10.392, 21189
2026/09/26 01:51:10.893, 21189
2026/09/26 01:51:11.393, 21189
2026/09/26 01:51:11.893, 21189
2026/09/26 01:51:12.393, 21189
2026/09/26 01:51:12.893, 21189
2026/09/26 01:51:13.393, 21189
2026/09/26 01:51:13.893, 21189
2026/09/26 01:51:14.394, 21189
2026/09/26 01:51:14.894, 21189
2026/09/26 01:51:15.394, 21189
2026/09/26 01:51:15.894, 21189
2026/09/26 01:51:16.394, 21189
2026/09/26 01:51:16.894, 21189
2026/09/26 01:51:17.395, 21189
2026/09/26 01:51:17.895, 21189
2026/09/26 01:51:18.395, 21189
2026/09/26 01:51:18.895, 21189
2026/09/26 01:51:19.395, 21189
2026/09/26 01:51:19.895, 21189
2026/09/26 01:51:20.395, 21189
2026/09/26 01:51:20.896, 21189
2026/09/26 01:51:21.396, 21189
2026/09/26 01:51:21.896, 21189
2026/09/26 01:51:22.396, 21189
2026/09/26 01:51:22.896, 21189
2026/09/26 01:51:23.397, 21189
2026/09/26 01:51:23.897, 21189
2026/09/26 01:51:24.397, 21189
2026/09/26 01:51:24.897, 21189
2026/09/26 01:51:25.397, 21189
2026/09/26 01:51:25.897, 21189
2026/09/26 01:51:26.398, 21189
2026/09/26 01:51:26.898, 21189
2026/09/26 01:51:27.398, 21189
2026/09/26 01:51:27.898, 21189
2026/09/26 01:51:28.398, 21189
2026/09/26 01:51:28.898, 21189
2026/09/26 01:51:29.399, 21189
2026/09/26 01:51:29.899, 21189
2026/09/26 01:51:30.399, 21189
2026/09/26 01:51:30.899, 21189
2026/09/26 01:51:31.399, 21189
2026/09/26 01:51:31.899, 21189
2026/09/26 01:51:32.399, 21189
2026/09/26 01:51:32.900, 21189
2026/09/26 01:51:33.400, 21189
2026/09/26 01:51:33.900, 21189
2026/09/26 01:51:34.400, 21189
2026/09/26 01:51:34.900, 21189
2026/09/26 01:51:35.400, 21189
2026/09/26 01:51:35.901, 21189
2026/09/26 01:51:36.401, 21189
2026/09/26 01:51:36.901, 21189
2026/09/26 01:51:37.401, 21189
2026/09/26 01:51:37.901, 21189
2026/09/26 01:51:38.401, 21189
2026/09/26 01:51:38.902, 21189
2026/09/26 01:51:39.402, 21189
2026/09/26 01:51:39.902, 21189
2026/09/26 01:51:40.402, 21189
2026/09/26 01:51:40.902, 21189
2026/09/26 01:51:41.402, 21189
2026/09/26 01:51:41.902, 21189
2026/09/26 01:51:42.403, 21189
2026/09/26 01:51:42.903, 21189
2026/09/26 01:51:43.403, 21189
2026/09/26 01:51:43.903, 21189
2026/09/26 01:51:44.403, 21189
2026/09/26 01:51:44.903, 21189
2026/09/26 01:51:45.404, 21189
2026/09/26 01:51:45.904, 21189
2026/09/26 01:51:46.404, 21189
2026/09/26 01:51:46.904, 21189
2026/09/26 01:51:47.404, 21189
2026/09/26 01:51:47.904, 21189
2026/09/26 01:51:48.404, 21189
2026/09/26 01:51:48.905, 21189
2026/09/26 01:51:49.405, 21189
2026/09/26 01:51:49.905, 21189
2026/09/26 01:51:50.405, 21189
2026/09/26 01:51:50.905, 21189
2026/09/26 01:51:51.405, 21189
2026/09/26 01:51:51.905, 21189
2026/09/26 01:51:52.406, 21189
2026/09/26 01:51:52.906, 21189
2026/09/26 01:51:53.406, 21189
2026/09/26 01:51:53.906, 21189
2026/09/26 01:51:54.406, 21189
2026/09/26 01:51:54.906, 21189
2026/09/26 01:51:55.407, 21189
2026/09/26 01:51:55.907, 21189
2026/09/26 01:51:56.407, 21189
2026/09/26 01:51:56.907, 21189
2026/09/26 01:51:57.407, 21189
2026/09/26 01:51:57.907, 21189
2026/09/26 01:51:58.408, 21189
2026/09/26 01:51:58.908, 21189
2026/09/26 01:51:59.408, 21189
2026/09/26 01:51:59.908, 21189
2026/09/26 01:52:00.408, 21189
2026/09/26 01:52:00.908, 21189
2026/09/26 01:52:01.409, 21189
2026/09/26 01:52:01.909, 21189
2026/09/26 01:52:02.409, 21189
2026/09/26 01:52:02.909, 21189
2026/09/26 01:52:03.409, 21189
2026/09/26 01:52:03.909, 21189
2026/09/26 01:52:04.410, 21189
2026/09/26 01:52:04.910, 21189
2026/09/26 01:52:05.410, 21189
2026/09/26 01:52:05.910, 21189
2026/09/26 01:52:06.410, 21189
2026/09/26 01:52:06.910, 21189
2026/09/26 01:52:07.411, 21189
2026/09/26 01:52:07.911, 21189
2026/09/26 01:52:08.411, 21189
2026/09/26 01:52:08.911, 21189
2026/09/26 01:52:09.411, 21189
2026/09/26 01:52:09.911, 21189
2026/09/26 01:52:10.412, 21189
2026/09/26 01:52:10.912, 21189
2026/09/26 01:52:11.412, 21189
2026/09/26 01:52:11.912, 21189
2026/09/26 01:52:12.412, 21189
2026/09/26 01:52:12.913, 21189
2026/09/26 01:52:13.413, 21189
2026/09/26 01:52:13.913, 21189
2026/09/26 01:52:14.413, 21189
2026/09/26 01:52:14.913, 21189
2026/09/26 01:52:15.413, 21189
2026/09/26 01:52:15.914, 21189
2026/09/26 01:52:16.414, 21189
2026/09/26 01:52:16.914, 21189
2026/09/26 01:52:17.414, 21189
2026/09/26 01:52:17.914, 21189
2026/09/26 01:52:18.414, 21189
2026/09/26 01:52:18.915, 21189
2026/09/26 01:52:19.415, 21189
2026/09/26 01:52:19.915, 21189
2026/09/26 01:52:20.415, 21189
2026/09/26 01:52:20.915, 21189
2026/09/26 01:52:21.415, 21189
2026/09/26 01:52:21.916, 21189
2026/09/26 01:52:22.416, 21189
2026/09/26 01:52:22.916, 21189
2026/09/26 01:52:23.416, 21189
2026/09/26 01:52:23.916, 21189
2026/09/26 01:52:24.417, 21189
2026/09/26 01:52:24.917, 21189
2026/09/26 01:52:25.417, 21189
2026/09/26 01:52:25.917, 21189
2026/09/26 01:52:26.417, 21189
2026/09/26 01:52:26.917, 21189
2026/09/26 01:52:27.418, 21189
2026/09/26 01:52:27.918, 21189
2026/09/26 01:52:28.418, 21189
2026/09/26 01:52:28.918, 21189
2026/09/26 01:52:29.418, 21189
2026/09/26 01:52:29.918, 21189
2026/09/26 01:52:30.419, 21189
2026/09/26 01:52:30.919, 21189
2026/09/26 01:52:31.419, 21189
2026/09/26 01:52:31.919, 21189
2026/09/26 01:52:32.419, 21189
2026/09/26 01:52:32.920, 21189
2026/09/26 01:52:33.420, 21189
2026/09/26 01:52:33.920, 21189
2026/09/26 01:52:34.420, 21189
2026/09/26 01:52:34.921, 21189
2026/09/26 01:52:35.421, 21189
2026/09/26 01:52:35.921, 21189
2026/09/26 01:52:36.421, 21189
2026/09/26 01:52:36.921, 21189
2026/09/26 01:52:37.421, 21189
2026/09/26 01:52:37.922, 21189
2026/09/26 01:52:38.422, 21189
2026/09/26 01:52:38.922, 21189
2026/09/26 01:52:39.422, 21189
2026/09/26 01:52:39.922, 21189
2026/09/26 01:52:40.422, 21189
2026/09/26 01:52:40.922, 21189
2026/09/26 01:52:41.423, 21189
2026/09/26 01:52:41.923, 21189
2026/09/26 01:52:42.423, 21189
2026/09/26 01:52:42.923, 21189
2026/09/26 01:52:43.423, 21189
2026/09/26 01:52:43.923, 21189
2026/09/26 01:52:44.424, 21189
2026/09/26 01:52:44.924, 21189
2026/09/26 01:52:45.424, 21189
2026/09/26 01:52:45.924, 21189
2026/09/26 01:52:46.424, 21189
2026/09/26 01:52:46.924, 21189
2026/09/26 01:52:47.424, 21189
2026/09/26 01:52:47.925, 21189
2026/09/26 01:52:48.425, 21189
2026/09/26 01:52:48.925, 21189
2026/09/26 01:52:49.425, 21189
2026/09/26 01:52:49.925, 21189
2026/09/26 01:52:50.425, 21189
2026/09/26 01:52:50.926, 21189
2026/09/26 01:52:51.426, 21189
2026/09/26 01:52:51.926, 21189
2026/09/26 01:52:52.426, 21189
2026/09/26 01:52:52.926, 21189
2026/09/26 01:52:53.426, 21189
2026/09/26 01:52:53.926, 21189
2026/09/26 01:52:54.427, 21189
2026/09/26 01:52:54.927, 21189
2026/09/26 01:52:55.427, 21189
2026/09/26 01:52:55.927, 21189
2026/09/26 01:52:56.427, 21189
2026/09/26 01:52:56.927, 21189
2026/09/26 01:52:57.428, 21189
2026/09/26 01:52:57.928, 21189
2026/09/26 01:52:58.428, 21189
2026/09/26 01:52:58.928, 21189
2026/09/26 01:52:59.428, 21189
2026/09/26 01:52:59.929, 21189
2026/09/26 01:53:00.429, 21189
2026/09/26 01:53:00.929, 21189
2026/09/26 01:53:01.429, 21189
2026/09/26 01:53:01.929, 21189
2026/09/26 01:53:02.429, 21189
2026/09/26 01:53:02.930, 21189
2026/09/26 01:53:03.430, 21189
2026/09/26 01:53:03.930, 21189
2026/09/26 01:53:04.430, 21189
2026/09/26 01:53:04.930, 21189
2026/09/26 01:53:05.430, 21189
2026/09/26 01:53:05.931, 21189
2026/09/26 01:53:06.431, 21189
2026/09/26 01:53:06.931, 21189
2026/09/26 01:53:07.431, 21189
2026/09/26 01:53:07.931, 21189
2026/09/26 01:53:08.431, 21189
2026/09/26 01:53:08.932, 21189
2026/09/26 01:53:09.432, 21189
2026/09/26 01:53:09.932, 21189
2026/09/26 01:53:10.432, 21189
2026/09/26 01:53:10.932, 21189
2026/09/26 01:53:11.432, 21189
2026/09/26 01:53:11.933, 21189
2026/09/26 01:53:12.433, 21189
2026/09/26 01:53:12.933, 21189
2026/09/26 01:53:13.433, 21189
2026/09/26 01:53:13.933, 21189
2026/09/26 01:53:14.433, 21189
2026/09/26 01:53:14.934, 21189
2026/09/26 01:53:15.434, 21189
2026/09/26 01:53:15.934, 21189
2026/09/26 01:53:16.434, 21189
2026/09/26 01:53:16.934, 21189
2026/09/26 01:53:17.434, 21189
2026/09/26 01:53:17.935, 21189
2026/09/26 01:53:18.435, 21189
2026/09/26 01:53:18.935, 21189
2026/09/26 01:53:19.435, 21189
2026/09/26 01:53:19.935, 21189
2026/09/26 01:53:20.435, 21189
2026/09/26 01:53:20.935, 21189
2026/09/26 01:53:21.436, 21189
2026/09/26 01:53:21.936, 21189
2026/09/26 01:53:22.436, 21189
2026/09/26 01:53:22.936, 21189
2026/09/26 01:53:23.436, 21189
2026/09/26 01:53:23.936, 21189
2026/09/26 01:53:24.437, 21189
2026/09/26 01:53:24.937, 21189
2026/09/26 01:53:25.437, 21189
2026/09/26 01:53:25.937, 21189
2026/09/26 01:53:26.437, 21189
2026/09/26 01:53:26.937, 21189
2026/09/26 01:53:27.438, 21189
2026/09/26 01:53:27.938, 21189
2026/09/26 01:53:28.438, 21189
2026/09/26 01:53:28.938, 21189
2026/09/26 01:53:29.438, 21189
2026/09/26 01:53:29.938, 21189
2026/09/26 01:53:30.439, 21189
2026/09/26 01:53:30.939, 21189
2026/09/26 01:53:31.439, 21189
2026/09/26 01:53:31.939, 21189
2026/09/26 01:53:32.439, 21189
2026/09/26 01:53:32.939, 21189
2026/09/26 01:53:33.440, 21189
2026/09/26 01:53:33.940, 21189
2026/09/26 01:53:34.440, 21189
2026/09/26 01:53:34.940, 21189
2026/09/26 01:53:35.440, 21189
2026/09/26 01:53:35.940, 21705
2026/09/26 01:53:36.441, 21705
2026/09/26 01:53:36.941, 21705
2026/09/26 01:53:37.441, 21705
2026/09/26 01:53:37.941, 21705
2026/09/26 01:53:38.441, 21705
2026/09/26 01:53:38.941, 21705
2026/09/26 01:53:39.442, 21705
2026/09/26 01:53:39.942, 21705
2026/09/26 01:53:40.442, 21705
2026/09/26 01:53:40.942, 21705
2026/09/26 01:53:41.442, 21705
2026/09/26 01:53:41.942, 21705
2026/09/26 01:53:42.443, 21705
2026/09/26 01:53:42.943, 21705
2026/09/26 01:53:43.443, 21705
2026/09/26 01:53:43.943, 21705
2026/09/26 01:53:44.443, 21705
2026/09/26 01:53:44.943, 21705
2026/09/26 01:53:45.444, 21705
2026/09/26 01:53:45.944, 21705
2026/09/26 01:53:46.444, 21705
2026/09/26 01:53:46.944, 21705
2026/09/26 01:53:47.444, 21705
2026/09/26 01:53:47.944, 21705
2026/09/26 01:53:48.445, 21705
2026/09/26 01:53:48.945, 21705
2026/09/26 01:53:49.445, 21705
2026/09/26 01:53:49.945, 21705
2026/09/26 01:53:50.445, 21705
2026/09/26 01:53:50.946, 21705
2026/09/26 01:53:51.446, 21705
2026/09/26 01:53:51.946, 21705
2026/09/26 01:53:52.446, 21705
2026/09/26 01:53:52.946, 21705
2026/09/26 01:53:53.446, 21705
2026/09/26 01:53:53.947, 21705
2026/09/26 01:53:54.447, 21705
2026/09/26 01:53:54.947, 21705
2026/09/26 01:53:55.447, 21705
2026/09/26 01:53:55.947, 21705
2026/09/26 01:53:56.447, 21705
2026/09/26 01:53:56.948, 21705
2026/09/26 01:53:57.448, 21705
2026/09/26 01:53:57.948, 21705
2026/09/26 01:53:58.448, 21705
2026/09/26 01:53:58.948, 21705
2026/09/26 01:53:59.448, 21705
2026/09/26 01:53:59.949, 21705
2026/09/26 01:54:00.449, 21705
2026/09/26 01:54:00.949, 21705
2026/09/26 01:54:01.449, 21705
2026/09/26 01:54:01.949, 21705
2026/09/26 01:54:02.450, 21705
2026/09/26 01:54:02.950, 21705
2026/09/26 01:54:03.450, 21705
2026/09/26 01:54:03.950, 21705
2026/09/26 01:54:04.450, 21705
2026/09/26 01:54:04.951, 21705
2026/09/26 01:54:05.451, 21705
2026/09/26 01:54:05.951, 21705
2026/09/26 01:54:06.451, 21705
2026/09/26 01:54:06.951, 21705
2026/09/26 01:54:07.451, 21705
2026/09/26 01:54:07.952, 21705
2026/09/26 01:54:08.452, 21705
2026/09/26 01:54:08.952, 21705
2026/09/26 01:54:09.452, 21705
2026/09/26 01:54:09.952, 21705
2026/09/26 01:54:10.452, 21705
2026/09/26 01:54:10.953, 21705
2026/09/26 01:54:11.453, 21705
2026/09/26 01:54:11.953, 21705
2026/09/26 01:54:12.453, 21705
2026/09/26 01:54:12.953, 21705
2026/09/26 01:54:13.453, 21705
2026/09/26 01:54:13.954, 21705
2026/09/26 01:54:14.454, 21705
2026/09/26 01:54:14.954, 21705
2026/09/26 01:54:15.454, 21705
2026/09/26 01:54:15.954, 21705
2026/09/26 01:54:16.454, 21705
2026/09/26 01:54:16.955, 21705
2026/09/26 01:54:17.455, 21705
2026/09/26 01:54:17.955, 21705
2026/09/26 01:54:18.455, 21705
2026/09/26 01:54:18.955, 21705
2026/09/26 01:54:19.455, 21705
2026/09/26 01:54:19.956, 21705
2026/09/26 01:54:20.456, 21705
2026/09/26 01:54:20.956, 21705
2026/09/26 01:54:21.456, 21705
2026/09/26 01:54:21.956, 21705
2026/09/26 01:54:22.457, 21705
2026/09/26 01:54:22.957, 21705
2026/09/26 01:54:23.457, 21705
2026/09/26 01:54:23.957, 21705
2026/09/26 01:54:24.457, 21705
2026/09/26 01:54:24.957, 21705
2026/09/26 01:54:25.458, 21705
2026/09/26 01:54:25.958, 21705
2026/09/26 01:54:26.458, 21705
2026/09/26 01:54:26.958, 21705
2026/09/26 01:54:27.458, 21705
2026/09/26 01:54:27.959, 21705
2026/09/26 01:54:28.459, 21705
2026/09/26 01:54:28.959, 21705
2026/09/26 01:54:29.459, 21705
2026/09/26 01:54:29.959, 21705
2026/09/26 01:54:30.460, 21705
2026/09/26 01:54:30.960, 21707
2026/09/26 01:54:31.460, 21707
2026/09/26 01:54:31.960, 21707
2026/09/26 01:54:32.460, 21707
2026/09/26 01:54:32.960, 21707
2026/09/26 01:54:33.461, 21707
2026/09/26 01:54:33.961, 21707
2026/09/26 01:54:34.461, 21707
2026/09/26 01:54:34.961, 21707
2026/09/26 01:54:35.461, 21707
2026/09/26 01:54:35.961, 21707
2026/09/26 01:54:36.462, 21707
2026/09/26 01:54:36.962, 21707
2026/09/26 01:54:37.462, 21707
2026/09/26 01:54:37.962, 21707
2026/09/26 01:54:38.462, 21707
2026/09/26 01:54:38.963, 21707
2026/09/26 01:54:39.463, 21707
2026/09/26 01:54:39.963, 21707
2026/09/26 01:54:40.463, 21707
2026/09/26 01:54:40.963, 21707
2026/09/26 01:54:41.463, 21707
2026/09/26 01:54:41.964, 21707
2026/09/26 01:54:42.464, 21707
2026/09/26 01:54:42.964, 21707
2026/09/26 01:54:43.464, 21707
2026/09/26 01:54:43.965, 21707
2026/09/26 01:54:44.465, 21707
2026/09/26 01:54:44.965, 21707
2026/09/26 01:54:45.465, 21707
2026/09/26 01:54:45.965, 21707
2026/09/26 01:54:46.465, 21707
2026/09/26 01:54:46.966, 21707
2026/09/26 01:54:47.466, 21707
2026/09/26 01:54:47.966, 21707
2026/09/26 01:54:48.466, 21707
2026/09/26 01:54:48.966, 21707
2026/09/26 01:54:49.466, 21707
2026/09/26 01:54:49.966, 21707
2026/09/26 01:54:50.467, 21707
2026/09/26 01:54:50.967, 21707
2026/09/26 01:54:51.467, 21707
2026/09/26 01:54:51.967, 21707
2026/09/26 01:54:52.467, 21707
2026/09/26 01:54:52.967, 21707
2026/09/26 01:54:53.468, 21707
2026/09/26 01:54:53.968, 21707
2026/09/26 01:54:54.468, 21707
2026/09/26 01:54:54.968, 21707
2026/09/26 01:54:55.468, 21707
2026/09/26 01:54:55.969, 21707
2026/09/26 01:54:56.469, 21707
2026/09/26 01:54:56.969, 21707
2026/09/26 01:54:57.469, 21707
2026/09/26 01:54:57.969, 21707
2026/09/26 01:54:58.469, 21707
2026/09/26 01:54:58.970, 21707
2026/09/26 01:54:59.470, 21707
2026/09/26 01:54:59.970, 21707
2026/09/26 01:55:00.470, 21707
2026/09/26 01:55:00.970, 21707
2026/09/26 01:55:01.470, 21707
2026/09/26 01:55:01.971, 21707
2026/09/26 01:55:02.471, 21707
2026/09/26 01:55:02.971, 21707
2026/09/26 01:55:03.471, 21707
2026/09/26 01:55:03.971, 21707
2026/09/26 01:55:04.472, 21707
2026/09/26 01:55:04.972, 21707
2026/09/26 01:55:05.472, 21707
2026/09/26 01:55:05.972, 21707
2026/09/26 01:55:06.472, 21707
2026/09/26 01:55:06.972, 21707
2026/09/26 01:55:07.473, 21707
2026/09/26 01:55:07.973, 21707
2026/09/26 01:55:08.473, 21707
2026/09/26 01:55:08.973, 21707
2026/09/26 01:55:09.473, 21707
2026/09/26 01:55:09.973, 21707
2026/09/26 01:55:10.473, 21707
2026/09/26 01:55:10.974, 21707
2026/09/26 01:55:11.474, 21707
2026/09/26 01:55:11.974, 21707
2026/09/26 01:55:12.474, 21707
2026/09/26 01:55:12.974, 21707
2026/09/26 01:55:13.474, 21707
2026/09/26 01:55:13.975, 21707
2026/09/26 01:55:14.475, 21707
2026/09/26 01:55:14.975, 21707
2026/09/26 01:55:15.475, 21707
2026/09/26 01:55:15.975, 21707
2026/09/26 01:55:16.475, 21707
2026/09/26 01:55:16.976, 21707
2026/09/26 01:55:17.476, 21707
2026/09/26 01:55:17.976, 21707
2026/09/26 01:55:18.476, 21707
2026/09/26 01:55:18.976, 21707
2026/09/26 01:55:19.476, 21707
2026/09/26 01:55:19.977, 21707
2026/09/26 01:55:20.477, 21707
2026/09/26 01:55:20.977, 21707
2026/09/26 01:55:21.477, 21707
2026/09/26 01:55:21.977, 21707
2026/09/26 01:55:22.477, 21707
2026/09/26 01:55:22.978, 21707
2026/09/26 01:55:23.478, 21707
2026/09/26 01:55:23.978, 21707
2026/09/26 01:55:24.478, 21707
2026/09/26 01:55:24.978, 21707
2026/09/26 01:55:25.478, 21707
2026/09/26 01:55:25.979, 21707
2026/09/26 01:55:26.479, 21707
2026/09/26 01:55:26.979, 21707
2026/09/26 01:55:27.479, 21707
2026/09/26 01:55:27.979, 21707
2026/09/26 01:55:28.479, 21707
2026/09/26 01:55:28.980, 21707
2026/09/26 01:55:29.480, 21707
2026/09/26 01:55:29.980, 21707
2026/09/26 01:55:30.480, 21707
2026/09/26 01:55:30.980, 21707
2026/09/26 01:55:31.480, 21707
2026/09/26 01:55:31.981, 21707
2026/09/26 01:55:32.481, 21707
2026/09/26 01:55:32.981, 21707
2026/09/26 01:55:33.481, 21707
2026/09/26 01:55:33.981, 21707
2026/09/26 01:55:34.481, 21707
2026/09/26 01:55:34.982, 21707
2026/09/26 01:55:35.482, 21707
2026/09/26 01:55:35.982, 21707
2026/09/26 01:55:36.482, 21707
2026/09/26 01:55:36.982, 21707
2026/09/26 01:55:37.482, 21707
2026/09/26 01:55:37.983, 21707
2026/09/26 01:55:38.483, 21707
2026/09/26 01:55:38.983, 21707
2026/09/26 01:55:39.483, 21707
2026/09/26 01:55:39.983, 21707
2026/09/26 01:55:40.484, 21707
2026/09/26 01:55:40.984, 21707
2026/09/26 01:55:41.484, 21707
2026/09/26 01:55:41.984, 21707
2026/09/26 01:55:42.484, 21707
2026/09/26 01:55:42.985, 21707
2026/09/26 01:55:43.485, 21707
2026/09/26 01:55:43.985, 21707
2026/09/26 01:55:44.485, 21707
2026/09/26 01:55:44.985, 21707
2026/09/26 01:55:45.486, 21707
2026/09/26 01:55:45.986, 21707
2026/09/26 01:55:46.486, 21707
2026/09/26 01:55:46.986, 21707
2026/09/26 01:55:47.486, 21707
2026/09/26 01:55:47.986, 21707
2026/09/26 01:55:48.487, 21707
2026/09/26 01:55:48.987, 21707
2026/09/26 01:55:49.487, 21707
2026/09/26 01:55:49.987, 21707
2026/09/26 01:55:50.487, 21707
2026/09/26 01:55:50.987, 21707
2026/09/26 01:55:51.488, 21707
2026/09/26 01:55:51.988, 21707
2026/09/26 01:55:52.488, 21707
2026/09/26 01:55:52.988, 21707
2026/09/26 01:55:53.488, 21707
2026/09/26 01:55:53.989, 21707
2026/09/26 01:55:54.489, 21707
2026/09/26 01:55:54.989, 21707
2026/09/26 01:55:55.489, 21707
2026/09/26 01:55:55.989, 21707
2026/09/26 01:55:56.489, 21707
2026/09/26 01:55:56.990, 21707
2026/09/26 01:55:57.490, 21707
2026/09/26 01:55:57.990, 21707
2026/09/26 01:55:58.490, 21707
2026/09/26 01:55:58.990, 21707
2026/09/26 01:55:59.490, 21707
2026/09/26 01:55:59.991, 21707
2026/09/26 01:56:00.491, 21707
2026/09/26 01:56:00.991, 21707
2026/09/26 01:56:01.491, 21707
2026/09/26 01:56:01.991, 21707
2026/09/26 01:56:02.491, 21707
2026/09/26 01:56:02.992, 21707
2026/09/26 01:56:03.492, 21707
2026/09/26 01:56:03.992, 21707
2026/09/26 01:56:04.492, 21707
2026/09/26 01:56:04.992, 21707
2026/09/26 01:56:05.493, 21707
2026/09/26 01:56:05.993, 21707
2026/09/26 01:56:06.493, 21707
2026/09/26 01:56:06.993, 21707
2026/09/26 01:56:07.493, 21707
2026/09/26 01:56:07.993, 21707
2026/09/26 01:56:08.494, 21707
2026/09/26 01:56:08.994, 21707
2026/09/26 01:56:09.494, 21707
2026/09/26 01:56:09.994, 21707
2026/09/26 01:56:10.494, 21707
2026/09/26 01:56:10.994, 21707
2026/09/26 01:56:11.495, 21707
2026/09/26 01:56:11.995, 21707
2026/09/26 01:56:12.495, 21707
2026/09/26 01:56:12.995, 21707
2026/09/26 01:56:13.495, 21707
2026/09/26 01:56:13.995, 21707
2026/09/26 01:56:14.495, 21707
2026/09/26 01:56:14.997, 21707
2026/09/26 01:56:15.497, 21707
2026/09/26 01:56:15.997, 21707
2026/09/26 01:56:16.497, 21707
2026/09/26 01:56:16.997, 21707
2026/09/26 01:56:17.498, 21707
2026/09/26 01:56:17.998, 21707
2026/09/26 01:56:18.498, 21707
2026/09/26 01:56:18.998, 21707
2026/09/26 01:56:19.498, 21707
2026/09/26 01:56:19.998, 21707
2026/09/26 01:56:20.498, 21707
2026/09/26 01:56:20.999, 21707
2026/09/26 01:56:21.499, 21707
2026/09/26 01:56:21.999, 21707
2026/09/26 01:56:22.499, 21707
2026/09/26 01:56:22.999, 21707
2026/09/26 01:56:23.499, 21707
2026/09/26 01:56:24.000, 21707
2026/09/26 01:56:24.500, 21707
2026/09/26 01:56:25.000, 21707
2026/09/26 01:56:25.500, 21707
2026/09/26 01:56:26.000, 21707
2026/09/26 01:56:26.500, 21707
2026/09/26 01:56:27.000, 21707
2026/09/26 01:56:27.501, 21707
2026/09/26 01:56:28.001, 21707
2026/09/26 01:56:28.501, 21707
2026/09/26 01:56:29.001, 21707
2026/09/26 01:56:29.501, 21707
2026/09/26 01:56:30.001, 21707
2026/09/26 01:56:30.502, 21707
2026/09/26 01:56:31.002, 21707
2026/09/26 01:56:31.502, 21707
2026/09/26 01:56:32.002, 21707
2026/09/26 01:56:32.502, 21707
2026/09/26 01:56:33.002, 21707
2026/09/26 01:56:33.503, 21707
2026/09/26 01:56:34.003, 21707
2026/09/26 01:56:34.503, 21707
2026/09/26 01:56:35.003, 21707
2026/09/26 01:56:35.503, 21707
2026/09/26 01:56:36.003, 21707
2026/09/26 01:56:36.503, 21707
2026/09/26 01:56:37.004, 21707
2026/09/26 01:56:37.504, 21707
2026/09/26 01:56:38.004, 21707
2026/09/26 01:56:38.504, 21707
2026/09/26 01:56:39.004, 21707
2026/09/26 01:56:39.504, 21707
2026/09/26 01:56:40.005, 21707
2026/09/26 01:56:40.505, 21707
2026/09/26 01:56:41.005, 21707
2026/09/26 01:56:41.505, 21707
2026/09/26 01:56:42.005, 21707
2026/09/26 01:56:42.505, 21707
2026/09/26 01:56:43.006, 21707
2026/09/26 01:56:43.506, 21707
2026/09/26 01:56:44.006, 21707
2026/09/26 01:56:44.506, 21707
2026/09/26 01:56:45.006, 21707
2026/09/26 01:56:45.506, 21707
2026/09/26 01:56:46.007, 21707
2026/09/26 01:56:46.507, 21707
2026/09/26 01:56:47.007, 21707
2026/09/26 01:56:47.507, 21707
2026/09/26 01:56:48.007, 21707
2026/09/26 01:56:48.507, 21707
2026/09/26 01:56:49.008, 21707
2026/09/26 01:56:49.508, 21707
2026/09/26 01:56:50.008, 21707
2026/09/26 01:56:50.508, 21707
2026/09/26 01:56:51.008, 21707
2026/09/26 01:56:51.509, 21707
2026/09/26 01:56:52.010, 21707
2026/09/26 01:56:52.510, 21707
2026/09/26 01:56:53.010, 21707
2026/09/26 01:56:53.510, 21707
2026/09/26 01:56:54.010, 21707
2026/09/26 01:56:54.511, 21707
2026/09/26 01:56:55.011, 21707
2026/09/26 01:56:55.511, 21707
2026/09/26 01:56:56.011, 21707
2026/09/26 01:56:56.511, 21707
2026/09/26 01:56:57.011, 21707
2026/09/26 01:56:57.512, 21707
2026/09/26 01:56:58.012, 21707
2026/09/26 01:56:58.512, 21707
2026/09/26 01:56:59.012, 21707
2026/09/26 01:56:59.512, 21707
2026/09/26 01:57:00.013, 21707
2026/09/26 01:57:00.513, 21707
2026/09/26 01:57:01.013, 21707
2026/09/26 01:57:01.513, 21707
2026/09/26 01:57:02.013, 21707
2026/09/26 01:57:02.513, 21707
2026/09/26 01:57:03.014, 21707
2026/09/26 01:57:03.514, 21707
2026/09/26 01:57:04.014, 21707
2026/09/26 01:57:04.514, 21707
2026/09/26 01:57:05.015, 21707
2026/09/26 01:57:05.515, 21707
2026/09/26 01:57:06.015, 21707
2026/09/26 01:57:06.515, 21707
2026/09/26 01:57:07.015, 21707
2026/09/26 01:57:07.515, 21707
2026/09/26 01:57:08.015, 21707
2026/09/26 01:57:08.516, 21707
2026/09/26 01:57:09.016, 21707
2026/09/26 01:57:09.516, 21707
2026/09/26 01:57:10.016, 21707
2026/09/26 01:57:10.516, 21707
2026/09/26 01:57:11.017, 21707
2026/09/26 01:57:11.517, 21707
2026/09/26 01:57:12.017, 21707
2026/09/26 01:57:12.517, 21707
2026/09/26 01:57:13.017, 21707
2026/09/26 01:57:13.517, 21707
2026/09/26 01:57:14.018, 21707
2026/09/26 01:57:14.518, 21707
2026/09/26 01:57:15.018, 21707
2026/09/26 01:57:15.518, 21707
2026/09/26 01:57:16.018, 21707
2026/09/26 01:57:16.518, 21707
2026/09/26 01:57:17.019, 21707
2026/09/26 01:57:17.519, 21707
2026/09/26 01:57:18.019, 21707
2026/09/26 01:57:18.519, 21707
2026/09/26 01:57:19.019, 21707
2026/09/26 01:57:19.519, 21707
2026/09/26 01:57:20.020, 21707
2026/09/26 01:57:20.520, 21707
2026/09/26 01:57:21.020, 21707
2026/09/26 01:57:21.520, 21707
2026/09/26 01:57:22.020, 21707
2026/09/26 01:57:22.520, 21707
2026/09/26 01:57:23.021, 21707
2026/09/26 01:57:23.521, 21707
2026/09/26 01:57:24.021, 21707
2026/09/26 01:57:24.521, 21707
2026/09/26 01:57:25.021, 21707
2026/09/26 01:57:25.522, 21707
2026/09/26 01:57:26.022, 21707
2026/09/26 01:57:26.522, 21707
2026/09/26 01:57:27.022, 21707
2026/09/26 01:57:27.522, 21707
2026/09/26 01:57:28.022, 21707
2026/09/26 01:57:28.523, 21707
2026/09/26 01:57:29.023, 21707
2026/09/26 01:57:29.523, 21707
2026/09/26 01:57:30.023, 21707
2026/09/26 01:57:30.523, 21707
2026/09/26 01:57:31.023, 21707
2026/09/26 01:57:31.524, 21707
2026/09/26 01:57:32.024, 21707
2026/09/26 01:57:32.524, 21707
2026/09/26 01:57:33.024, 21707
2026/09/26 01:57:33.524, 21707
2026/09/26 01:57:34.025, 21707
2026/09/26 01:57:34.525, 21707
2026/09/26 01:57:35.025, 21707
2026/09/26 01:57:35.525, 21707
2026/09/26 01:57:36.025, 21707
2026/09/26 01:57:36.526, 21707
2026/09/26 01:57:37.026, 21707
2026/09/26 01:57:37.526, 21707
2026/09/26 01:57:38.026, 21707
2026/09/26 01:57:38.526, 21707
2026/09/26 01:57:39.026, 21707
2026/09/26 01:57:39.527, 21707
2026/09/26 01:57:40.027, 21707
2026/09/26 01:57:40.527, 21707
2026/09/26 01:57:41.027, 21707
2026/09/26 01:57:41.527, 21707
2026/09/26 01:57:42.027, 21707
2026/09/26 01:57:42.528, 21707
2026/09/26 01:57:43.028, 21707
2026/09/26 01:57:43.528, 21707
2026/09/26 01:57:44.028, 21707
2026/09/26 01:57:44.528, 21707
2026/09/26 01:57:45.028, 21707
2026/09/26 01:57:45.529, 21707
2026/09/26 01:57:46.029, 21707
2026/09/26 01:57:46.529, 21707
2026/09/26 01:57:47.029, 21707
2026/09/26 01:57:47.529, 21707
2026/09/26 01:57:48.029, 21707
2026/09/26 01:57:48.529, 21707
2026/09/26 01:57:49.030, 21707
2026/09/26 01:57:49.530, 21707
2026/09/26 01:57:50.030, 21707
2026/09/26 01:57:50.530, 21707
2026/09/26 01:57:51.030, 21707
2026/09/26 01:57:51.530, 21707
2026/09/26 01:57:52.030, 21707
2026/09/26 01:57:52.531, 21707
2026/09/26 01:57:53.031, 21707
2026/09/26 01:57:53.531, 21707
2026/09/26 01:57:54.031, 21707
2026/09/26 01:57:54.531, 21707
2026/09/26 01:57:55.031, 21707
2026/09/26 01:57:55.532, 21707
2026/09/26 01:57:56.032, 21707
2026/09/26 01:57:56.532, 21707
2026/09/26 01:57:57.032, 21707
2026/09/26 01:57:57.532, 21707
2026/09/26 01:57:58.032, 21707
2026/09/26 01:57:58.533, 22097
2026/09/26 01:57:59.033, 22097
2026/09/26 01:57:59.533, 21707
2026/09/26 01:58:00.033, 21707
2026/09/26 01:58:00.533, 21707
2026/09/26 01:58:01.033, 21707
2026/09/26 01:58:01.534, 21707
2026/09/26 01:58:02.034, 21707
2026/09/26 01:58:02.534, 21707
2026/09/26 01:58:03.034, 21707
2026/09/26 01:58:03.534, 21707
2026/09/26 01:58:04.034, 21707
2026/09/26 01:58:04.535, 21707
2026/09/26 01:58:05.035, 21707
2026/09/26 01:58:05.535, 21707
2026/09/26 01:58:06.035, 21707
2026/09/26 01:58:06.535, 21707
2026/09/26 01:58:07.035, 21707
2026/09/26 01:58:07.536, 21707
2026/09/26 01:58:08.036, 21707
2026/09/26 01:58:08.536, 21707
2026/09/26 01:58:09.036, 21707
2026/09/26 01:58:09.536, 21707
2026/09/26 01:58:10.036, 21707
2026/09/26 01:58:10.537, 21707
2026/09/26 01:58:11.037, 21707
2026/09/26 01:58:11.537, 21707
2026/09/26 01:58:12.037, 21707
2026/09/26 01:58:12.537, 21707
2026/09/26 01:58:13.037, 21707
2026/09/26 01:58:13.538, 21707
2026/09/26 01:58:14.038, 21707
2026/09/26 01:58:14.538, 21707
2026/09/26 01:58:15.038, 21707
2026/09/26 01:58:15.538, 21707
2026/09/26 01:58:16.038, 21707
2026/09/26 01:58:16.539, 21707
2026/09/26 01:58:17.039, 21707
2026/09/26 01:58:17.539, 21707
2026/09/26 01:58:18.039, 21707
2026/09/26 01:58:18.539, 21707
2026/09/26 01:58:19.040, 21707
2026/09/26 01:58:19.540, 21707
2026/09/26 01:58:20.040, 21707
2026/09/26 01:58:20.540, 21707
2026/09/26 01:58:21.040, 21707
2026/09/26 01:58:21.540, 21707
2026/09/26 01:58:22.041, 21707
2026/09/26 01:58:22.541, 21707
2026/09/26 01:58:23.041, 21707
2026/09/26 01:58:23.541, 21707
2026/09/26 01:58:24.041, 21707
2026/09/26 01:58:24.541, 21707
2026/09/26 01:58:25.042, 21707
2026/09/26 01:58:25.542, 21707
2026/09/26 01:58:26.042, 21707
2026/09/26 01:58:26.542, 21707
2026/09/26 01:58:27.042, 21707
2026/09/26 01:58:27.542, 21707
2026/09/26 01:58:28.043, 21707
2026/09/26 01:58:28.543, 21707
2026/09/26 01:58:29.043, 21707
2026/09/26 01:58:29.543, 21707
2026/09/26 01:58:30.043, 21707
2026/09/26 01:58:30.543, 21707
2026/09/26 01:58:31.044, 21707
2026/09/26 01:58:31.544, 21707
2026/09/26 01:58:32.044, 21707
2026/09/26 01:58:32.544, 21707
2026/09/26 01:58:33.044, 21707
2026/09/26 01:58:33.544, 21707
2026/09/26 01:58:34.045, 21707
2026/09/26 01:58:34.545, 21707
2026/09/26 01:58:35.045, 21707
2026/09/26 01:58:35.545, 21707
2026/09/26 01:58:36.045, 21707
2026/09/26 01:58:36.548, 21707
2026/09/26 01:58:37.048, 21707
2026/09/26 01:58:37.548, 21707
2026/09/26 01:58:38.049, 21707
2026/09/26 01:58:38.549, 21707
2026/09/26 01:58:39.049, 21707
2026/09/26 01:58:39.549, 21707
2026/09/26 01:58:40.049, 21707
2026/09/26 01:58:40.549, 21707
2026/09/26 01:58:41.050, 21707
2026/09/26 01:58:41.550, 21707
2026/09/26 01:58:42.050, 21707
2026/09/26 01:58:42.550, 21707
2026/09/26 01:58:43.050, 21707
2026/09/26 01:58:43.550, 21707
2026/09/26 01:58:44.051, 21707
2026/09/26 01:58:44.551, 21707
2026/09/26 01:58:45.051, 21707
2026/09/26 01:58:45.551, 21707
2026/09/26 01:58:46.052, 21707
2026/09/26 01:58:46.552, 21707
2026/09/26 01:58:47.053, 21707
2026/09/26 01:58:47.553, 21707
2026/09/26 01:58:48.053, 21707
2026/09/26 01:58:48.553, 21707
2026/09/26 01:58:49.053, 21707
2026/09/26 01:58:49.553, 21707
2026/09/26 01:58:50.054, 21707
2026/09/26 01:58:50.554, 21707
2026/09/26 01:58:51.054, 21707
2026/09/26 01:58:51.554, 21707
2026/09/26 01:58:52.054, 21707
2026/09/26 01:58:52.554, 21707
2026/09/26 01:58:53.055, 21707
2026/09/26 01:58:53.555, 21707
2026/09/26 01:58:54.055, 21707
2026/09/26 01:58:54.555, 21707
2026/09/26 01:58:55.055, 21707
2026/09/26 01:58:55.555, 21707
2026/09/26 01:58:56.056, 21707
2026/09/26 01:58:56.556, 21707
2026/09/26 01:58:57.056, 21707
2026/09/26 01:58:57.556, 21707
2026/09/26 01:58:58.056, 21707
2026/09/26 01:58:58.557, 21707
2026/09/26 01:58:59.057, 21707
2026/09/26 01:58:59.557, 21707
2026/09/26 01:59:00.057, 21707
2026/09/26 01:59:00.557, 21707
2026/09/26 01:59:01.057, 21707
2026/09/26 01:59:01.557, 21707
2026/09/26 01:59:02.058, 21707
2026/09/26 01:59:02.558, 21707
2026/09/26 01:59:03.058, 21707
2026/09/26 01:59:03.558, 21707
2026/09/26 01:59:04.058, 21707
2026/09/26 01:59:04.558, 21707
2026/09/26 01:59:05.058, 21707
2026/09/26 01:59:05.558, 21707
2026/09/26 01:59:06.059, 21707
2026/09/26 01:59:06.559, 21707
2026/09/26 01:59:07.059, 21707
2026/09/26 01:59:07.559, 21707
2026/09/26 01:59:08.059, 21707
2026/09/26 01:59:08.559, 21707
2026/09/26 01:59:09.060, 21707
2026/09/26 01:59:09.560, 21707
2026/09/26 01:59:10.060, 21707
2026/09/26 01:59:10.560, 21707
2026/09/26 01:59:11.060, 21707
2026/09/26 01:59:11.560, 21707
2026/09/26 01:59:12.061, 21707
2026/09/26 01:59:12.561, 21707
2026/09/26 01:59:13.061, 21707
2026/09/26 01:59:13.561, 21707
2026/09/26 01:59:14.061, 21707
2026/09/26 01:59:14.561, 21707
2026/09/26 01:59:15.061, 21707
2026/09/26 01:59:15.562, 21707
2026/09/26 01:59:16.062, 21707
2026/09/26 01:59:16.562, 21707
2026/09/26 01:59:17.062, 21707
2026/09/26 01:59:17.562, 21707
2026/09/26 01:59:18.062, 21707
2026/09/26 01:59:18.563, 21707
2026/09/26 01:59:19.063, 21707
2026/09/26 01:59:19.563, 21707
2026/09/26 01:59:20.063, 21707
2026/09/26 01:59:20.564, 21707
2026/09/26 01:59:21.064, 21707
2026/09/26 01:59:21.564, 21707
2026/09/26 01:59:22.064, 21707
2026/09/26 01:59:22.564, 21707
2026/09/26 01:59:23.064, 21707
2026/09/26 01:59:23.565, 21707
2026/09/26 01:59:24.065, 21707
2026/09/26 01:59:24.565, 21707
2026/09/26 01:59:25.065, 21707
2026/09/26 01:59:25.565, 21707
2026/09/26 01:59:26.065, 21707
2026/09/26 01:59:26.566, 21707
2026/09/26 01:59:27.066, 21707
2026/09/26 01:59:27.566, 21707
2026/09/26 01:59:28.066, 21707
2026/09/26 01:59:28.566, 21707
2026/09/26 01:59:29.066, 21707
2026/09/26 01:59:29.566, 21707
2026/09/26 01:59:30.067, 21707
2026/09/26 01:59:30.567, 21707
2026/09/26 01:59:31.067, 21707
2026/09/26 01:59:31.567, 21707
2026/09/26 01:59:32.067, 21707
2026/09/26 01:59:32.567, 21707
2026/09/26 01:59:33.067, 21707
2026/09/26 01:59:33.568, 21707
2026/09/26 01:59:34.068, 21707
2026/09/26 01:59:34.568, 21707
2026/09/26 01:59:35.068, 21707
2026/09/26 01:59:35.568, 21707
2026/09/26 01:59:36.068, 21707
2026/09/26 01:59:36.569, 21707
2026/09/26 01:59:37.069, 21707
2026/09/26 01:59:37.569, 21707
2026/09/26 01:59:38.069, 21707
2026/09/26 01:59:38.569, 21707
2026/09/26 01:59:39.069, 21707
2026/09/26 01:59:39.570, 21707
2026/09/26 01:59:40.070, 21707
2026/09/26 01:59:40.570, 21707
2026/09/26 01:59:41.070, 21707
2026/09/26 01:59:41.570, 21707
2026/09/26 01:59:42.070, 21707
2026/09/26 01:59:42.570, 21707
2026/09/26 01:59:43.071, 21707
2026/09/26 01:59:43.571, 21707
2026/09/26 01:59:44.071, 21707
2026/09/26 01:59:44.571, 21707
2026/09/26 01:59:45.071, 21707
2026/09/26 01:59:45.571, 21707
2026/09/26 01:59:46.072, 21707
2026/09/26 01:59:46.572, 21707
2026/09/26 01:59:47.072, 21707
2026/09/26 01:59:47.572, 21707
2026/09/26 01:59:48.072, 21707
2026/09/26 01:59:48.572, 21707
2026/09/26 01:59:49.073, 21707
2026/09/26 01:59:49.573, 21707
2026/09/26 01:59:50.073, 21707
2026/09/26 01:59:50.573, 21707
2026/09/26 01:59:51.073, 21707
2026/09/26 01:59:51.573, 21707
2026/09/26 01:59:52.074, 21707
2026/09/26 01:59:52.574, 21707
2026/09/26 01:59:53.074, 21707
2026/09/26 01:59:53.574, 21707
2026/09/26 01:59:54.074, 21707
2026/09/26 01:59:54.574, 21707
2026/09/26 01:59:55.075, 21707
2026/09/26 01:59:55.575, 21707
2026/09/26 01:59:56.075, 21707
2026/09/26 01:59:56.575, 21707
2026/09/26 01:59:57.075, 21707
2026/09/26 01:59:57.575, 21707
2026/09/26 01:59:58.076, 21707
2026/09/26 01:59:58.576, 21707
2026/09/26 01:59:59.076, 21707
2026/09/26 01:59:59.576, 21707
2026/09/26 02:00:00.076, 21707
2026/09/26 02:00:00.576, 21707
2026/09/26 02:00:01.076, 21707
2026/09/26 02:00:01.577, 21707
2026/09/26 02:00:02.077, 21707
2026/09/26 02:00:02.577, 21707
2026/09/26 02:00:03.077, 21707
2026/09/26 02:00:03.577, 21707
2026/09/26 02:00:04.077, 21707
2026/09/26 02:00:04.578, 21707
2026/09/26 02:00:05.078, 21707
2026/09/26 02:00:05.578, 21707
2026/09/26 02:00:06.078, 21707
2026/09/26 02:00:06.578, 21707
2026/09/26 02:00:07.078, 21707
2026/09/26 02:00:07.579, 21707
2026/09/26 02:00:08.079, 21707
2026/09/26 02:00:08.579, 21707
2026/09/26 02:00:09.079, 21707
2026/09/26 02:00:09.579, 21707
2026/09/26 02:00:10.079, 21707
2026/09/26 02:00:10.580, 21707
2026/09/26 02:00:11.080, 21707
2026/09/26 02:00:11.580, 21707
2026/09/26 02:00:12.080, 21707
2026/09/26 02:00:12.580, 21707
2026/09/26 02:00:13.080, 21707
2026/09/26 02:00:13.581, 21707
2026/09/26 02:00:14.081, 21707
2026/09/26 02:00:14.581, 21707
2026/09/26 02:00:15.081, 21707
2026/09/26 02:00:15.581, 21707
2026/09/26 02:00:16.081, 21707
2026/09/26 02:00:16.582, 21707
2026/09/26 02:00:17.082, 21707
2026/09/26 02:00:17.582, 21707
2026/09/26 02:00:18.082, 21707
2026/09/26 02:00:18.582, 21707
2026/09/26 02:00:19.082, 21707
2026/09/26 02:00:19.583, 21707
2026/09/26 02:00:20.083, 21707
2026/09/26 02:00:20.583, 21707
2026/09/26 02:00:21.083, 21707
2026/09/26 02:00:21.583, 21707
2026/09/26 02:00:22.083, 21911
2026/09/26 02:00:22.584, 21911
2026/09/26 02:00:23.084, 21911
2026/09/26 02:00:23.584, 21911
2026/09/26 02:00:24.084, 21911
2026/09/26 02:00:24.585, 21911
2026/09/26 02:00:25.085, 21911
2026/09/26 02:00:25.585, 21911
2026/09/26 02:00:26.085, 22391
2026/09/26 02:00:26.585, 22391
2026/09/26 02:00:27.085, 22695
2026/09/26 02:00:27.586, 22695
2026/09/26 02:00:28.086, 22695
2026/09/26 02:00:28.586, 22695
2026/09/26 02:00:29.086, 22695
2026/09/26 02:00:29.586, 22695
2026/09/26 02:00:30.087, 22695
2026/09/26 02:00:30.587, 22695
2026/09/26 02:00:31.087, 22695
2026/09/26 02:00:31.587, 22695
2026/09/26 02:00:32.087, 22695
2026/09/26 02:00:32.587, 22695
2026/09/26 02:00:33.088, 22695
2026/09/26 02:00:33.588, 22695
2026/09/26 02:00:34.088, 22695
2026/09/26 02:00:34.588, 22695
2026/09/26 02:00:35.088, 22695
2026/09/26 02:00:35.589, 22695
2026/09/26 02:00:36.089, 22695
2026/09/26 02:00:36.589, 22695
2026/09/26 02:00:37.089, 22695
2026/09/26 02:00:37.589, 22695
2026/09/26 02:00:38.089, 22695
2026/09/26 02:00:38.590, 22695
2026/09/26 02:00:39.090, 22695
2026/09/26 02:00:39.590, 22695
2026/09/26 02:00:40.090, 22695
2026/09/26 02:00:40.590, 22695
2026/09/26 02:00:41.090, 22695
2026/09/26 02:00:41.591, 22695
2026/09/26 02:00:42.091, 22695
2026/09/26 02:00:42.591, 22695
2026/09/26 02:00:43.091, 22695
2026/09/26 02:00:43.591, 22695
2026/09/26 02:00:44.091, 22695
2026/09/26 02:00:44.592, 22695
2026/09/26 02:00:45.092, 22695
2026/09/26 02:00:45.592, 22695
2026/09/26 02:00:46.092, 22695
2026/09/26 02:00:46.592, 22695
2026/09/26 02:00:47.092, 22695
2026/09/26 02:00:47.593, 22695
2026/09/26 02:00:48.093, 22695
2026/09/26 02:00:48.593, 22695
2026/09/26 02:00:49.093, 22695
2026/09/26 02:00:49.593, 22695
2026/09/26 02:00:50.093, 22695
2026/09/26 02:00:50.594, 22695
2026/09/26 02:00:51.094, 22695
2026/09/26 02:00:51.594, 22695
2026/09/26 02:00:52.094, 22695
2026/09/26 02:00:52.594, 22695
2026/09/26 02:00:53.094, 22695
2026/09/26 02:00:53.595, 22695
2026/09/26 02:00:54.095, 22695
2026/09/26 02:00:54.595, 22695
2026/09/26 02:00:55.095, 22695
2026/09/26 02:00:55.595, 22695
2026/09/26 02:00:56.095, 22695
2026/09/26 02:00:56.596, 22695
2026/09/26 02:00:57.096, 22695
2026/09/26 02:00:57.596, 22695
2026/09/26 02:00:58.096, 22695
2026/09/26 02:00:58.596, 22695
2026/09/26 02:00:59.096, 22695
2026/09/26 02:00:59.597, 22695
2026/09/26 02:01:00.097, 22695
2026/09/26 02:01:00.597, 22695
2026/09/26 02:01:01.097, 22695
2026/09/26 02:01:01.597, 22695
2026/09/26 02:01:02.097, 22695
2026/09/26 02:01:02.598, 22695
2026/09/26 02:01:03.098, 22695
2026/09/26 02:01:03.598, 22695
2026/09/26 02:01:04.098, 22695
2026/09/26 02:01:04.598, 22695
2026/09/26 02:01:05.098, 22695
2026/09/26 02:01:05.599, 22695
2026/09/26 02:01:06.099, 22695
2026/09/26 02:01:06.599, 22695
2026/09/26 02:01:07.099, 22695
2026/09/26 02:01:07.599, 22695
2026/09/26 02:01:08.099, 22695
2026/09/26 02:01:08.600, 22695
2026/09/26 02:01:09.100, 22695
2026/09/26 02:01:09.600, 22695
2026/09/26 02:01:10.100, 22695
2026/09/26 02:01:10.600, 22695
2026/09/26 02:01:11.100, 22695
2026/09/26 02:01:11.601, 22695
2026/09/26 02:01:12.101, 22695
2026/09/26 02:01:12.601, 22695
2026/09/26 02:01:13.101, 22695
2026/09/26 02:01:13.601, 22695
2026/09/26 02:01:14.101, 22695
2026/09/26 02:01:14.601, 22695
2026/09/26 02:01:15.102, 22695
2026/09/26 02:01:15.602, 22695
2026/09/26 02:01:16.102, 22695
2026/09/26 02:01:16.602, 22695
2026/09/26 02:01:17.102, 22695
2026/09/26 02:01:17.602, 22695
2026/09/26 02:01:18.103, 22695
2026/09/26 02:01:18.603, 22695
2026/09/26 02:01:19.103, 22695
2026/09/26 02:01:19.603, 22695
2026/09/26 02:01:20.103, 22695
2026/09/26 02:01:20.603, 22695
2026/09/26 02:01:21.104, 22695
2026/09/26 02:01:21.604, 22695
2026/09/26 02:01:22.104, 22695
2026/09/26 02:01:22.604, 22695
2026/09/26 02:01:23.104, 22695
2026/09/26 02:01:23.604, 22695
2026/09/26 02:01:24.104, 22695
2026/09/26 02:01:24.605, 22695
2026/09/26 02:01:25.105, 22695
2026/09/26 02:01:25.605, 22695
2026/09/26 02:01:26.105, 22695
2026/09/26 02:01:26.605, 22695
2026/09/26 02:01:27.105, 22695
2026/09/26 02:01:27.606, 22695
2026/09/26 02:01:28.106, 22695
2026/09/26 02:01:28.606, 22695
2026/09/26 02:01:29.106, 22695
2026/09/26 02:01:29.606, 22695
2026/09/26 02:01:30.106, 22695
2026/09/26 02:01:30.606, 22695
2026/09/26 02:01:31.107, 22695
2026/09/26 02:01:31.607, 22695
2026/09/26 02:01:32.107, 22695
2026/09/26 02:01:32.607, 22695
2026/09/26 02:01:33.107, 22695
2026/09/26 02:01:33.607, 22695
2026/09/26 02:01:34.108, 22695
2026/09/26 02:01:34.608, 22695
2026/09/26 02:01:35.108, 22695
2026/09/26 02:01:35.608, 22695
2026/09/26 02:01:36.108, 22695
2026/09/26 02:01:36.608, 22695
2026/09/26 02:01:37.108, 22695
2026/09/26 02:01:37.609, 22695
2026/09/26 02:01:38.109, 22695
2026/09/26 02:01:38.609, 22695
2026/09/26 02:01:39.109, 22695
2026/09/26 02:01:39.609, 22695
2026/09/26 02:01:40.109, 22695
2026/09/26 02:01:40.610, 22695
2026/09/26 02:01:41.110, 22695
2026/09/26 02:01:41.610, 22695
2026/09/26 02:01:42.110, 22695
2026/09/26 02:01:42.610, 22695
2026/09/26 02:01:43.110, 22695
2026/09/26 02:01:43.610, 22695
2026/09/26 02:01:44.111, 22695
2026/09/26 02:01:44.611, 22695
2026/09/26 02:01:45.111, 22695
2026/09/26 02:01:45.611, 22695
2026/09/26 02:01:46.111, 22695
2026/09/26 02:01:46.611, 22695
2026/09/26 02:01:47.112, 22695
2026/09/26 02:01:47.612, 22695
2026/09/26 02:01:48.112, 22695
2026/09/26 02:01:48.612, 22695
2026/09/26 02:01:49.112, 22695
2026/09/26 02:01:49.612, 22695
2026/09/26 02:01:50.112, 22695
2026/09/26 02:01:50.613, 22695
2026/09/26 02:01:51.113, 22695
2026/09/26 02:01:51.613, 22695
2026/09/26 02:01:52.113, 22695
2026/09/26 02:01:52.613, 22695
2026/09/26 02:01:53.113, 22695
2026/09/26 02:01:53.614, 22695
2026/09/26 02:01:54.114, 22695
2026/09/26 02:01:54.614, 22695
2026/09/26 02:01:55.114, 22695
2026/09/26 02:01:55.614, 22695
2026/09/26 02:01:56.114, 22695
2026/09/26 02:01:56.615, 22695
2026/09/26 02:01:57.115, 22695
2026/09/26 02:01:57.615, 22695
2026/09/26 02:01:58.115, 22695
2026/09/26 02:01:58.615, 22695
2026/09/26 02:01:59.115, 22695
2026/09/26 02:01:59.616, 22695
2026/09/26 02:02:00.116, 22695
2026/09/26 02:02:00.616, 22695
2026/09/26 02:02:01.116, 22695
2026/09/26 02:02:01.616, 22695
2026/09/26 02:02:02.116, 22695
2026/09/26 02:02:02.617, 22695
2026/09/26 02:02:03.117, 22695
2026/09/26 02:02:03.617, 22695
2026/09/26 02:02:04.117, 22695
2026/09/26 02:02:04.617, 22695
2026/09/26 02:02:05.117, 22695
2026/09/26 02:02:05.618, 22695
2026/09/26 02:02:06.118, 22695
2026/09/26 02:02:06.618, 22695
2026/09/26 02:02:07.118, 22695
2026/09/26 02:02:07.618, 22695
2026/09/26 02:02:08.118, 22695
2026/09/26 02:02:08.619, 22695
2026/09/26 02:02:09.119, 22695
2026/09/26 02:02:09.619, 22695
2026/09/26 02:02:10.119, 22695
2026/09/26 02:02:10.619, 22695
2026/09/26 02:02:11.119, 22695
2026/09/26 02:02:11.619, 22695
2026/09/26 02:02:12.120, 22695
2026/09/26 02:02:12.620, 22695
2026/09/26 02:02:13.120, 22695
2026/09/26 02:02:13.620, 22695
2026/09/26 02:02:14.120, 22695
2026/09/26 02:02:14.620, 22695
2026/09/26 02:02:15.121, 22695
2026/09/26 02:02:15.621, 22695
2026/09/26 02:02:16.121, 22695
2026/09/26 02:02:16.621, 22695
2026/09/26 02:02:17.121, 22695
2026/09/26 02:02:17.621, 22695
2026/09/26 02:02:18.122, 22695
2026/09/26 02:02:18.622, 22695
2026/09/26 02:02:19.122, 22695
2026/09/26 02:02:19.622, 22695
2026/09/26 02:02:20.122, 22695
2026/09/26 02:02:20.622, 22695
2026/09/26 02:02:21.122, 22695
2026/09/26 02:02:21.623, 22695
2026/09/26 02:02:22.123, 22695
2026/09/26 02:02:22.623, 22695
2026/09/26 02:02:23.123, 22695
2026/09/26 02:02:23.623, 22695
2026/09/26 02:02:24.123, 22695
2026/09/26 02:02:24.624, 22695
2026/09/26 02:02:25.124, 22695
2026/09/26 02:02:25.624, 22695
2026/09/26 02:02:26.124, 22695
2026/09/26 02:02:26.624, 22695
2026/09/26 02:02:27.124, 22695
2026/09/26 02:02:27.625, 22695
2026/09/26 02:02:28.125, 22695
2026/09/26 02:02:28.625, 22695
2026/09/26 02:02:29.125, 22695
2026/09/26 02:02:29.625, 22695
2026/09/26 02:02:30.125, 22695
2026/09/26 02:02:30.626, 22695
2026/09/26 02:02:31.126, 22695
2026/09/26 02:02:31.626, 22695
2026/09/26 02:02:32.126, 22695
2026/09/26 02:02:32.626, 22695
2026/09/26 02:02:33.126, 22695
2026/09/26 02:02:33.627, 22695
2026/09/26 02:02:34.127, 22695
2026/09/26 02:02:34.627, 22695
2026/09/26 02:02:35.127, 22695
2026/09/26 02:02:35.627, 22695
2026/09/26 02:02:36.127, 22695
2026/09/26 02:02:36.628, 22695
2026/09/26 02:02:37.128, 22695
2026/09/26 02:02:37.628, 22695
2026/09/26 02:02:38.128, 22695
2026/09/26 02:02:38.628, 22695
2026/09/26 02:02:39.128, 22695
2026/09/26 02:02:39.629, 22695
2026/09/26 02:02:40.129, 22695
2026/09/26 02:02:40.629, 22695
2026/09/26 02:02:41.129, 22695
2026/09/26 02:02:41.629, 22695
2026/09/26 02:02:42.129, 22695
2026/09/26 02:02:42.630, 22695
2026/09/26 02:02:43.130, 22695
2026/09/26 02:02:43.630, 22695
2026/09/26 02:02:44.130, 22695
2026/09/26 02:02:44.630, 22695
2026/09/26 02:02:45.130, 22695
2026/09/26 02:02:45.630, 22695
2026/09/26 02:02:46.131, 22695
2026/09/26 02:02:46.631, 22695
2026/09/26 02:02:47.131, 22695
2026/09/26 02:02:47.631, 22695
2026/09/26 02:02:48.131, 22695
2026/09/26 02:02:48.631, 22695
2026/09/26 02:02:49.132, 22695
2026/09/26 02:02:49.632, 22695
2026/09/26 02:02:50.132, 22695
2026/09/26 02:02:50.632, 22695
2026/09/26 02:02:51.132, 22695
2026/09/26 02:02:51.632, 22695
2026/09/26 02:02:52.133, 22695
2026/09/26 02:02:52.633, 22695
2026/09/26 02:02:53.133, 22695
2026/09/26 02:02:53.633, 22695
2026/09/26 02:02:54.133, 22695
2026/09/26 02:02:54.633, 22695
2026/09/26 02:02:55.134, 22695
2026/09/26 02:02:55.634, 22695
2026/09/26 02:02:56.134, 22695
2026/09/26 02:02:56.634, 22695
2026/09/26 02:02:57.134, 22695
2026/09/26 02:02:57.634, 22695
2026/09/26 02:02:58.135, 22695
2026/09/26 02:02:58.635, 22695
2026/09/26 02:02:59.135, 22695
2026/09/26 02:02:59.635, 22695
2026/09/26 02:03:00.135, 22695
2026/09/26 02:03:00.635, 22695
2026/09/26 02:03:01.136, 22695
2026/09/26 02:03:01.636, 22695
2026/09/26 02:03:02.136, 22695
2026/09/26 02:03:02.636, 22695
2026/09/26 02:03:03.136, 22695
2026/09/26 02:03:03.637, 22695
2026/09/26 02:03:04.137, 22695
2026/09/26 02:03:04.637, 22695
2026/09/26 02:03:05.137, 22695
2026/09/26 02:03:05.637, 22695
2026/09/26 02:03:06.137, 22695
2026/09/26 02:03:06.638, 22695
2026/09/26 02:03:07.138, 22695
2026/09/26 02:03:07.638, 22695
2026/09/26 02:03:08.138, 22695
2026/09/26 02:03:08.638, 22695
2026/09/26 02:03:09.138, 22695
2026/09/26 02:03:09.638, 22695
2026/09/26 02:03:10.139, 22695
2026/09/26 02:03:10.639, 22695
2026/09/26 02:03:11.139, 22695
2026/09/26 02:03:11.639, 22695
2026/09/26 02:03:12.139, 22695
2026/09/26 02:03:12.639, 22695
2026/09/26 02:03:13.139, 22695
2026/09/26 02:03:13.639, 22695
2026/09/26 02:03:14.140, 22695
2026/09/26 02:03:14.640, 22695
2026/09/26 02:03:15.140, 22695
2026/09/26 02:03:15.640, 22695
2026/09/26 02:03:16.140, 22695
2026/09/26 02:03:16.640, 22695
2026/09/26 02:03:17.140, 22695
2026/09/26 02:03:17.641, 22695
2026/09/26 02:03:18.141, 22695
2026/09/26 02:03:18.641, 22695
2026/09/26 02:03:19.141, 22695
2026/09/26 02:03:19.641, 22695
2026/09/26 02:03:20.141, 22695
2026/09/26 02:03:20.642, 22695
2026/09/26 02:03:21.142, 22695
2026/09/26 02:03:21.642, 22695
2026/09/26 02:03:22.142, 22695
2026/09/26 02:03:22.642, 22695
2026/09/26 02:03:23.142, 22695
2026/09/26 02:03:23.642, 22695
2026/09/26 02:03:24.143, 22695
2026/09/26 02:03:24.643, 22695
2026/09/26 02:03:25.143, 22695
2026/09/26 02:03:25.643, 22695
2026/09/26 02:03:26.143, 22695
2026/09/26 02:03:26.643, 22695
2026/09/26 02:03:27.144, 22695
2026/09/26 02:03:27.644, 22695
2026/09/26 02:03:28.144, 22695
2026/09/26 02:03:28.644, 22695
2026/09/26 02:03:29.144, 22695
2026/09/26 02:03:29.644, 22695
2026/09/26 02:03:30.145, 22695
2026/09/26 02:03:30.645, 22695
2026/09/26 02:03:31.145, 22695
2026/09/26 02:03:31.645, 22695
2026/09/26 02:03:32.145, 22695
2026/09/26 02:03:32.645, 22695
2026/09/26 02:03:33.146, 22695
2026/09/26 02:03:33.646, 22695
2026/09/26 02:03:34.146, 22695
2026/09/26 02:03:34.646, 22695
2026/09/26 02:03:35.146, 22695
2026/09/26 02:03:35.646, 22695
2026/09/26 02:03:36.146, 22695
2026/09/26 02:03:36.647, 22695
2026/09/26 02:03:37.147, 22695
2026/09/26 02:03:37.647, 22695
2026/09/26 02:03:38.147, 22695
2026/09/26 02:03:38.647, 22695
2026/09/26 02:03:39.147, 22695
2026/09/26 02:03:39.648, 22695
2026/09/26 02:03:40.148, 22695
2026/09/26 02:03:40.648, 22695
2026/09/26 02:03:41.148, 22695
2026/09/26 02:03:41.648, 22695
2026/09/26 02:03:42.149, 22695
2026/09/26 02:03:42.649, 22695
2026/09/26 02:03:43.149, 22695
2026/09/26 02:03:43.649, 22695
2026/09/26 02:03:44.149, 22695
2026/09/26 02:03:44.649, 22695
2026/09/26 02:03:45.149, 22695
2026/09/26 02:03:45.650, 22695
2026/09/26 02:03:46.150, 22695
2026/09/26 02:03:46.691, 22695
2026/09/26 02:03:47.191, 22695
2026/09/26 02:03:47.692, 22695
2026/09/26 02:03:48.192, 22695
2026/09/26 02:03:48.692, 22695
2026/09/26 02:03:49.192, 22695
2026/09/26 02:03:49.692, 22695
2026/09/26 02:03:50.192, 22695
2026/09/26 02:03:50.693, 22695
2026/09/26 02:03:51.193, 22695
2026/09/26 02:03:51.693, 22695
2026/09/26 02:03:52.193, 22695
2026/09/26 02:03:52.693, 22695
2026/09/26 02:03:53.193, 22695
2026/09/26 02:03:53.693, 22695
2026/09/26 02:03:54.194, 22695
2026/09/26 02:03:54.694, 22695
2026/09/26 02:03:55.194, 22695
2026/09/26 02:03:55.694, 22695
2026/09/26 02:03:56.194, 22695
2026/09/26 02:03:56.694, 22695
2026/09/26 02:03:57.195, 22695
2026/09/26 02:03:57.695, 22695
2026/09/26 02:03:58.195, 22695
2026/09/26 02:03:58.695, 22695
2026/09/26 02:03:59.196, 22695
2026/09/26 02:03:59.696, 22695
2026/09/26 02:04:00.196, 22695
2026/09/26 02:04:00.696, 22695
2026/09/26 02:04:01.196, 22695
2026/09/26 02:04:01.696, 22695
2026/09/26 02:04:02.197, 22695
2026/09/26 02:04:02.697, 22695
2026/09/26 02:04:03.197, 22695
2026/09/26 02:04:03.697, 22695
2026/09/26 02:04:04.197, 22695
2026/09/26 02:04:04.698, 22695
2026/09/26 02:04:05.198, 22695
2026/09/26 02:04:05.698, 22695
2026/09/26 02:04:06.198, 22695
2026/09/26 02:04:06.698, 22695
2026/09/26 02:04:07.198, 22695
2026/09/26 02:04:07.698, 22695
2026/09/26 02:04:08.199, 22695
2026/09/26 02:04:08.699, 22695
2026/09/26 02:04:09.199, 22695
2026/09/26 02:04:09.699, 22695
2026/09/26 02:04:10.199, 22695
2026/09/26 02:04:10.700, 22695
2026/09/26 02:04:11.200, 22695
2026/09/26 02:04:11.700, 22695
2026/09/26 02:04:12.200, 22695
2026/09/26 02:04:12.700, 22695
2026/09/26 02:04:13.200, 22695
2026/09/26 02:04:13.701, 22695
2026/09/26 02:04:14.201, 22695
2026/09/26 02:04:14.701, 22695
2026/09/26 02:04:15.201, 22695
2026/09/26 02:04:15.701, 22695
2026/09/26 02:04:16.201, 22695
2026/09/26 02:04:16.702, 22695
2026/09/26 02:04:17.202, 22695
2026/09/26 02:04:17.702, 22695
2026/09/26 02:04:18.202, 22695
2026/09/26 02:04:18.702, 22695
2026/09/26 02:04:19.202, 22695
2026/09/26 02:04:19.703, 22695
2026/09/26 02:04:20.203, 22695
2026/09/26 02:04:20.703, 22695
2026/09/26 02:04:21.203, 22695
2026/09/26 02:04:21.703, 22695
2026/09/26 02:04:22.204, 22695
2026/09/26 02:04:22.704, 22695
2026/09/26 02:04:23.204, 22695
2026/09/26 02:04:23.704, 22695
2026/09/26 02:04:24.204, 22695
2026/09/26 02:04:24.704, 22695
2026/09/26 02:04:25.205, 22695
2026/09/26 02:04:25.705, 22695
2026/09/26 02:04:26.205, 22695
2026/09/26 02:04:26.705, 22695
2026/09/26 02:04:27.205, 22695
2026/09/26 02:04:27.705, 22695
2026/09/26 02:04:28.206, 22695
2026/09/26 02:04:28.706, 22695
2026/09/26 02:04:29.206, 22695
2026/09/26 02:04:29.706, 22695
2026/09/26 02:04:30.206, 22695
2026/09/26 02:04:30.706, 22695
2026/09/26 02:04:31.207, 22695
2026/09/26 02:04:31.707, 22695
2026/09/26 02:04:32.207, 22695
2026/09/26 02:04:32.707, 22695
2026/09/26 02:04:33.207, 22695
2026/09/26 02:04:33.707, 22695
2026/09/26 02:04:34.208, 22695
2026/09/26 02:04:34.708, 22695
2026/09/26 02:04:35.208, 22695
2026/09/26 02:04:35.708, 22695
2026/09/26 02:04:36.208, 22695
2026/09/26 02:04:36.708, 22695
2026/09/26 02:04:37.208, 22695
2026/09/26 02:04:37.709, 22695
2026/09/26 02:04:38.209, 22695
2026/09/26 02:04:38.709, 22695
2026/09/26 02:04:39.209, 22695
2026/09/26 02:04:39.709, 22695
2026/09/26 02:04:40.209, 22695
2026/09/26 02:04:40.710, 22695
2026/09/26 02:04:41.210, 22695
2026/09/26 02:04:41.710, 22695
2026/09/26 02:04:42.210, 22695
2026/09/26 02:04:42.710, 22695
2026/09/26 02:04:43.210, 22695
2026/09/26 02:04:43.711, 22695
2026/09/26 02:04:44.211, 22695
2026/09/26 02:04:44.711, 22695
2026/09/26 02:04:45.211, 22695
2026/09/26 02:04:45.711, 22695
2026/09/26 02:04:46.211, 22695
2026/09/26 02:04:46.712, 22695
2026/09/26 02:04:47.212, 22695
2026/09/26 02:04:47.712, 22695
2026/09/26 02:04:48.212, 22695
2026/09/26 02:04:48.712, 22695
2026/09/26 02:04:49.212, 22695
2026/09/26 02:04:49.713, 22695
2026/09/26 02:04:50.213, 22695
2026/09/26 02:04:50.713, 22695
2026/09/26 02:04:51.213, 22695
2026/09/26 02:04:51.713, 22695
2026/09/26 02:04:52.213, 22695
2026/09/26 02:04:52.713, 22695
2026/09/26 02:04:53.214, 22695
2026/09/26 02:04:53.714, 22695
2026/09/26 02:04:54.214, 22695
2026/09/26 02:04:54.714, 22695
2026/09/26 02:04:55.214, 22695
2026/09/26 02:04:55.714, 22695
2026/09/26 02:04:56.215, 22695
2026/09/26 02:04:56.715, 22695
2026/09/26 02:04:57.215, 22695
2026/09/26 02:04:57.715, 22695
2026/09/26 02:04:58.215, 22695
2026/09/26 02:04:58.715, 22695
2026/09/26 02:04:59.216, 22695
2026/09/26 02:04:59.716, 22695
2026/09/26 02:05:00.216, 22695
2026/09/26 02:05:00.716, 22695
2026/09/26 02:05:01.216, 22695
2026/09/26 02:05:01.716, 22695
2026/09/26 02:05:02.217, 22695
2026/09/26 02:05:02.717, 22695
2026/09/26 02:05:03.217, 22695
2026/09/26 02:05:03.717, 22695
2026/09/26 02:05:04.217, 22695
2026/09/26 02:05:04.717, 22695
2026/09/26 02:05:05.218, 22695
2026/09/26 02:05:05.718, 22695
2026/09/26 02:05:06.218, 22695
2026/09/26 02:05:06.718, 22695
2026/09/26 02:05:07.218, 22695
2026/09/26 02:05:07.718, 22695
2026/09/26 02:05:08.219, 22695
2026/09/26 02:05:08.719, 22695
2026/09/26 02:05:09.219, 22695
2026/09/26 02:05:09.719, 22695
2026/09/26 02:05:10.219, 22695
2026/09/26 02:05:10.719, 22695
2026/09/26 02:05:11.219, 22695
2026/09/26 02:05:11.720, 22695
2026/09/26 02:05:12.220, 22695
2026/09/26 02:05:12.720, 22695
2026/09/26 02:05:13.220, 22695
2026/09/26 02:05:13.720, 22695
2026/09/26 02:05:14.220, 22695
2026/09/26 02:05:14.721, 22695
2026/09/26 02:05:15.221, 22695
2026/09/26 02:05:15.721, 22695
2026/09/26 02:05:16.221, 22695
2026/09/26 02:05:16.721, 22695
2026/09/26 02:05:17.221, 22695
2026/09/26 02:05:17.722, 22695
2026/09/26 02:05:18.222, 22695
2026/09/26 02:05:18.722, 22695
2026/09/26 02:05:19.222, 22695
2026/09/26 02:05:19.722, 22695
2026/09/26 02:05:20.223, 22695
2026/09/26 02:05:20.723, 22695
2026/09/26 02:05:21.223, 22695
2026/09/26 02:05:21.723, 22695
2026/09/26 02:05:22.223, 22695
2026/09/26 02:05:22.723, 22695
2026/09/26 02:05:23.223, 22695
2026/09/26 02:05:23.724, 22695
2026/09/26 02:05:24.224, 22695
2026/09/26 02:05:24.724, 22695
2026/09/26 02:05:25.224, 22695
2026/09/26 02:05:25.724, 22695
2026/09/26 02:05:26.224, 22695
2026/09/26 02:05:26.725, 22695
2026/09/26 02:05:27.225, 22695
2026/09/26 02:05:27.725, 22695
2026/09/26 02:05:28.225, 22695
2026/09/26 02:05:28.725, 22695
2026/09/26 02:05:29.225, 22695
2026/09/26 02:05:29.726, 22695
2026/09/26 02:05:30.226, 22695
2026/09/26 02:05:30.726, 22695
2026/09/26 02:05:31.226, 22695
2026/09/26 02:05:31.726, 22695
2026/09/26 02:05:32.226, 22695
2026/09/26 02:05:32.727, 22695
2026/09/26 02:05:33.227, 22695
2026/09/26 02:05:33.727, 22695
2026/09/26 02:05:34.227, 22695
2026/09/26 02:05:34.727, 22695
2026/09/26 02:05:35.227, 22695
2026/09/26 02:05:35.728, 22695
2026/09/26 02:05:36.228, 22695
2026/09/26 02:05:36.728, 22695
2026/09/26 02:05:37.228, 22695
2026/09/26 02:05:37.728, 22695
2026/09/26 02:05:38.229, 22695
2026/09/26 02:05:38.729, 22695
2026/09/26 02:05:39.229, 22695
2026/09/26 02:05:39.729, 22695
2026/09/26 02:05:40.229, 22695
2026/09/26 02:05:40.729, 22695
2026/09/26 02:05:41.230, 22695
2026/09/26 02:05:41.730, 22695
2026/09/26 02:05:42.230, 22695
2026/09/26 02:05:42.730, 22695
2026/09/26 02:05:43.230, 22695
2026/09/26 02:05:43.730, 22695
2026/09/26 02:05:44.231, 22695
2026/09/26 02:05:44.731, 22695
2026/09/26 02:05:45.231, 22695
2026/09/26 02:05:45.731, 22695
2026/09/26 02:05:46.231, 22695
2026/09/26 02:05:46.732, 22695
2026/09/26 02:05:47.232, 22695
2026/09/26 02:05:47.732, 22695
2026/09/26 02:05:48.232, 22695
2026/09/26 02:05:48.732, 22695
2026/09/26 02:05:49.232, 22695
2026/09/26 02:05:49.733, 22695
2026/09/26 02:05:50.233, 22695
2026/09/26 02:05:50.733, 22695
2026/09/26 02:05:51.233, 22695
2026/09/26 02:05:51.733, 22695
2026/09/26 02:05:52.233, 22695
2026/09/26 02:05:52.734, 22695
2026/09/26 02:05:53.234, 22695
2026/09/26 02:05:53.734, 22695
2026/09/26 02:05:54.234, 22695
2026/09/26 02:05:54.734, 22695
2026/09/26 02:05:55.234, 22695
2026/09/26 02:05:55.735, 22695
2026/09/26 02:05:56.235, 22695
2026/09/26 02:05:56.735, 22695
2026/09/26 02:05:57.235, 22695
2026/09/26 02:05:57.735, 22695
2026/09/26 02:05:58.235, 22695
2026/09/26 02:05:58.736, 22695
2026/09/26 02:05:59.236, 22695
2026/09/26 02:05:59.736, 22695
2026/09/26 02:06:00.236, 22695
2026/09/26 02:06:00.736, 22695
2026/09/26 02:06:01.236, 22695
2026/09/26 02:06:01.736, 22695
2026/09/26 02:06:02.237, 22695
2026/09/26 02:06:02.737, 22695
2026/09/26 02:06:03.237, 22695
2026/09/26 02:06:03.737, 22695
2026/09/26 02:06:04.238, 22695
2026/09/26 02:06:04.738, 22695
2026/09/26 02:06:05.238, 22695
2026/09/26 02:06:05.738, 22695
2026/09/26 02:06:06.238, 22695
2026/09/26 02:06:06.738, 22695
2026/09/26 02:06:07.239, 22695
2026/09/26 02:06:07.739, 22695
2026/09/26 02:06:08.239, 22695
2026/09/26 02:06:08.739, 22695
2026/09/26 02:06:09.239, 22695
2026/09/26 02:06:09.739, 22695
2026/09/26 02:06:10.240, 22695
2026/09/26 02:06:10.740, 22695
2026/09/26 02:06:11.240, 22695
2026/09/26 02:06:11.740, 22695
2026/09/26 02:06:12.240, 22695
2026/09/26 02:06:12.740, 22695
2026/09/26 02:06:13.241, 22695
2026/09/26 02:06:13.741, 22695
2026/09/26 02:06:14.241, 22695
2026/09/26 02:06:14.741, 22695
2026/09/26 02:06:15.241, 22695
2026/09/26 02:06:15.741, 22695
2026/09/26 02:06:16.241, 22695
2026/09/26 02:06:16.742, 22695
2026/09/26 02:06:17.242, 22695
2026/09/26 02:06:17.742, 22695
2026/09/26 02:06:18.242, 22695
2026/09/26 02:06:18.742, 22695
2026/09/26 02:06:19.242, 22695
2026/09/26 02:06:19.743, 22695
2026/09/26 02:06:20.243, 22695
2026/09/26 02:06:20.743, 22695
2026/09/26 02:06:21.243, 22695
2026/09/26 02:06:21.743, 22695
2026/09/26 02:06:22.243, 22695
2026/09/26 02:06:22.744, 22695
2026/09/26 02:06:23.244, 22695
2026/09/26 02:06:23.744, 22695
2026/09/26 02:06:24.244, 22695
2026/09/26 02:06:24.744, 22695
2026/09/26 02:06:25.244, 22695
2026/09/26 02:06:25.745, 22695
2026/09/26 02:06:26.245, 22695
2026/09/26 02:06:26.745, 22695
2026/09/26 02:06:27.245, 22695
2026/09/26 02:06:27.745, 22695
2026/09/26 02:06:28.245, 22695
2026/09/26 02:06:28.746, 22695
2026/09/26 02:06:29.246, 22695
2026/09/26 02:06:29.746, 22695
2026/09/26 02:06:30.246, 22695
2026/09/26 02:06:30.746, 22695
2026/09/26 02:06:31.246, 22695
2026/09/26 02:06:31.747, 22695
2026/09/26 02:06:32.247, 22695
2026/09/26 02:06:32.747, 22695
2026/09/26 02:06:33.247, 22695
2026/09/26 02:06:33.747, 22695
2026/09/26 02:06:34.247, 22695
2026/09/26 02:06:34.748, 22695
2026/09/26 02:06:35.248, 22695
2026/09/26 02:06:35.748, 22695
2026/09/26 02:06:36.248, 22695
2026/09/26 02:06:36.748, 22695
2026/09/26 02:06:37.248, 22695
2026/09/26 02:06:37.749, 22695
2026/09/26 02:06:38.249, 22695
2026/09/26 02:06:38.749, 22695
2026/09/26 02:06:39.249, 22695
2026/09/26 02:06:39.749, 22695
2026/09/26 02:06:40.249, 22695
2026/09/26 02:06:40.750, 22695
2026/09/26 02:06:41.250, 22695
2026/09/26 02:06:41.750, 22695
2026/09/26 02:06:42.250, 22695
2026/09/26 02:06:42.750, 22695
2026/09/26 02:06:43.250, 22695
2026/09/26 02:06:43.751, 22695
2026/09/26 02:06:44.251, 22695
2026/09/26 02:06:44.751, 22695
2026/09/26 02:06:45.251, 22695
2026/09/26 02:06:45.751, 22695
2026/09/26 02:06:46.251, 22695
2026/09/26 02:06:46.752, 22695
2026/09/26 02:06:47.252, 22695
2026/09/26 02:06:47.752, 22695
2026/09/26 02:06:48.252, 22695
2026/09/26 02:06:48.752, 22695
2026/09/26 02:06:49.252, 22695
2026/09/26 02:06:49.753, 22695
2026/09/26 02:06:50.253, 22695
2026/09/26 02:06:50.753, 22695
2026/09/26 02:06:51.253, 22695
2026/09/26 02:06:51.753, 22695
2026/09/26 02:06:52.253, 22695
2026/09/26 02:06:52.753, 22695
2026/09/26 02:06:53.254, 22695
2026/09/26 02:06:53.754, 22695
2026/09/26 02:06:54.254, 22695
2026/09/26 02:06:54.754, 22695
2026/09/26 02:06:55.254, 22695
2026/09/26 02:06:55.754, 22695
2026/09/26 02:06:56.254, 22695
2026/09/26 02:06:56.755, 22695
2026/09/26 02:06:57.255, 22695
2026/09/26 02:06:57.755, 22695
2026/09/26 02:06:58.255, 22695
2026/09/26 02:06:58.755, 22695
2026/09/26 02:06:59.255, 22695
2026/09/26 02:06:59.756, 22695
2026/09/26 02:07:00.256, 22695
2026/09/26 02:07:00.756, 22695
2026/09/26 02:07:01.256, 22695
2026/09/26 02:07:01.756, 22695
2026/09/26 02:07:02.256, 22695
2026/09/26 02:07:02.756, 22695
2026/09/26 02:07:03.257, 22695
2026/09/26 02:07:03.757, 22695
2026/09/26 02:07:04.257, 22695
2026/09/26 02:07:04.757, 22695
2026/09/26 02:07:05.257, 22695
2026/09/26 02:07:05.757, 22695
2026/09/26 02:07:06.258, 22695
2026/09/26 02:07:06.758, 22695
2026/09/26 02:07:07.258, 22695
2026/09/26 02:07:07.758, 22695
2026/09/26 02:07:08.258, 22695
2026/09/26 02:07:08.758, 22695
2026/09/26 02:07:09.259, 22695
2026/09/26 02:07:09.759, 22695
2026/09/26 02:07:10.259, 22695
2026/09/26 02:07:10.759, 22695
2026/09/26 02:07:11.259, 22695
2026/09/26 02:07:11.759, 22695
2026/09/26 02:07:12.260, 22695
2026/09/26 02:07:12.760, 22695
2026/09/26 02:07:13.260, 22695
2026/09/26 02:07:13.769, 22695
2026/09/26 02:07:14.269, 22695
2026/09/26 02:07:14.769, 22695
2026/09/26 02:07:15.269, 22695
2026/09/26 02:07:15.769, 22695
2026/09/26 02:07:16.270, 22695
2026/09/26 02:07:16.770, 22695
2026/09/26 02:07:17.270, 22695
2026/09/26 02:07:17.770, 22695
2026/09/26 02:07:18.270, 22695
2026/09/26 02:07:18.770, 22695
2026/09/26 02:07:19.271, 22695
2026/09/26 02:07:19.771, 22695
2026/09/26 02:07:20.271, 22695
2026/09/26 02:07:20.771, 22695
2026/09/26 02:07:21.271, 22695
2026/09/26 02:07:21.771, 22695
2026/09/26 02:07:22.272, 22695
2026/09/26 02:07:22.772, 22695
2026/09/26 02:07:23.272, 22695
2026/09/26 02:07:23.772, 22695
2026/09/26 02:07:24.272, 22695
2026/09/26 02:07:24.772, 22695
2026/09/26 02:07:25.273, 22695
2026/09/26 02:07:25.773, 22695
2026/09/26 02:07:26.273, 22695
2026/09/26 02:07:26.773, 22695
2026/09/26 02:07:27.273, 22695
2026/09/26 02:07:27.774, 22695
2026/09/26 02:07:28.274, 22695
2026/09/26 02:07:28.774, 22695
2026/09/26 02:07:29.274, 22695
2026/09/26 02:07:29.774, 22695
2026/09/26 02:07:30.274, 22695
2026/09/26 02:07:30.775, 22695
2026/09/26 02:07:31.275, 22695
2026/09/26 02:07:31.775, 22695
2026/09/26 02:07:32.275, 22695
2026/09/26 02:07:32.775, 22695
2026/09/26 02:07:33.275, 22695
2026/09/26 02:07:33.776, 22695
2026/09/26 02:07:34.276, 22695
2026/09/26 02:07:34.776, 22695
2026/09/26 02:07:35.276, 22695
2026/09/26 02:07:35.776, 22695
2026/09/26 02:07:36.277, 22695
2026/09/26 02:07:36.777, 22695
2026/09/26 02:07:37.277, 22695
2026/09/26 02:07:37.777, 22695
2026/09/26 02:07:38.277, 22695
2026/09/26 02:07:38.777, 22695
2026/09/26 02:07:39.278, 22695
2026/09/26 02:07:39.778, 22695
2026/09/26 02:07:40.278, 22695
2026/09/26 02:07:40.778, 22695
2026/09/26 02:07:41.278, 22695
2026/09/26 02:07:41.779, 22695
2026/09/26 02:07:42.279, 22695
2026/09/26 02:07:42.779, 22695
2026/09/26 02:07:43.279, 22695
2026/09/26 02:07:43.779, 22695
2026/09/26 02:07:44.279, 22695
2026/09/26 02:07:44.780, 22695
2026/09/26 02:07:45.280, 22695
2026/09/26 02:07:45.780, 22695
2026/09/26 02:07:46.280, 22695
2026/09/26 02:07:46.780, 22695
2026/09/26 02:07:47.280, 22695
2026/09/26 02:07:47.781, 22695
2026/09/26 02:07:48.281, 22695
2026/09/26 02:07:48.781, 22695
2026/09/26 02:07:49.281, 22695
2026/09/26 02:07:49.781, 22695
2026/09/26 02:07:50.282, 22695
2026/09/26 02:07:50.782, 22695
2026/09/26 02:07:51.282, 22695
2026/09/26 02:07:51.782, 22695
2026/09/26 02:07:52.282, 22695
2026/09/26 02:07:52.782, 22695
2026/09/26 02:07:53.283, 22695
2026/09/26 02:07:53.783, 22695
2026/09/26 02:07:54.283, 22695
2026/09/26 02:07:54.783, 22695
2026/09/26 02:07:55.283, 22695
2026/09/26 02:07:55.783, 22695
2026/09/26 02:07:56.284, 22695
2026/09/26 02:07:56.784, 22695
2026/09/26 02:07:57.284, 22695
2026/09/26 02:07:57.784, 22695
2026/09/26 02:07:58.285, 22695
2026/09/26 02:07:58.785, 22695
2026/09/26 02:07:59.285, 22695
2026/09/26 02:07:59.785, 22695
2026/09/26 02:08:00.285, 22695
2026/09/26 02:08:00.785, 22695
2026/09/26 02:08:01.285, 22695
2026/09/26 02:08:01.786, 22695
2026/09/26 02:08:02.286, 22695
2026/09/26 02:08:02.786, 22695
2026/09/26 02:08:03.286, 22695
2026/09/26 02:08:03.786, 22695
2026/09/26 02:08:04.286, 22695
2026/09/26 02:08:04.787, 22695
2026/09/26 02:08:05.287, 22695
2026/09/26 02:08:05.787, 22695
2026/09/26 02:08:06.287, 22695
2026/09/26 02:08:06.787, 22695
2026/09/26 02:08:07.287, 22695
2026/09/26 02:08:07.788, 22695
2026/09/26 02:08:08.288, 22695
2026/09/26 02:08:08.788, 22695
2026/09/26 02:08:09.288, 22695
2026/09/26 02:08:09.789, 22695
2026/09/26 02:08:10.289, 22695
2026/09/26 02:08:10.789, 22695
2026/09/26 02:08:11.289, 22695
2026/09/26 02:08:11.789, 22695
2026/09/26 02:08:12.289, 22695
2026/09/26 02:08:12.790, 22695
2026/09/26 02:08:13.290, 22695
2026/09/26 02:08:13.790, 22695
2026/09/26 02:08:14.290, 22695
2026/09/26 02:08:14.790, 22695
2026/09/26 02:08:15.290, 22695
2026/09/26 02:08:15.790, 22695
2026/09/26 02:08:16.291, 22695
2026/09/26 02:08:16.791, 22695
2026/09/26 02:08:17.291, 22695
2026/09/26 02:08:17.791, 22695
2026/09/26 02:08:18.291, 22695
2026/09/26 02:08:18.791, 22695
2026/09/26 02:08:19.292, 22695
2026/09/26 02:08:19.792, 22695
2026/09/26 02:08:20.292, 22695
2026/09/26 02:08:20.792, 22695
2026/09/26 02:08:21.292, 22695
2026/09/26 02:08:21.792, 22695
2026/09/26 02:08:22.293, 22695
2026/09/26 02:08:22.793, 22695
2026/09/26 02:08:23.293, 22695
2026/09/26 02:08:23.793, 22695
2026/09/26 02:08:24.293, 22695
2026/09/26 02:08:24.793, 22695
2026/09/26 02:08:25.293, 22695
2026/09/26 02:08:25.794, 22695
2026/09/26 02:08:26.294, 22695
2026/09/26 02:08:26.794, 22695
2026/09/26 02:08:27.294, 22695
2026/09/26 02:08:27.794, 22695
2026/09/26 02:08:28.294, 22695
2026/09/26 02:08:28.795, 22695
2026/09/26 02:08:29.295, 22695
2026/09/26 02:08:29.795, 22695
2026/09/26 02:08:30.295, 22695
2026/09/26 02:08:30.795, 22695
2026/09/26 02:08:31.295, 22695
2026/09/26 02:08:31.795, 22695
2026/09/26 02:08:32.296, 22695
2026/09/26 02:08:32.796, 22695
2026/09/26 02:08:33.296, 22695
2026/09/26 02:08:33.796, 22695
2026/09/26 02:08:34.296, 22695
2026/09/26 02:08:34.796, 22695
2026/09/26 02:08:35.297, 22695
2026/09/26 02:08:35.797, 22695
2026/09/26 02:08:36.297, 22695
2026/09/26 02:08:36.797, 22695
2026/09/26 02:08:37.297, 22695
2026/09/26 02:08:37.797, 22695
2026/09/26 02:08:38.297, 22695
2026/09/26 02:08:38.798, 22695
2026/09/26 02:08:39.298, 22695
2026/09/26 02:08:39.798, 22695
2026/09/26 02:08:40.298, 22695
2026/09/26 02:08:40.798, 22695
2026/09/26 02:08:41.298, 22695
2026/09/26 02:08:41.799, 22695
2026/09/26 02:08:42.299, 22695
2026/09/26 02:08:42.799, 22695
2026/09/26 02:08:43.299, 22695
2026/09/26 02:08:43.799, 22695
2026/09/26 02:08:44.299, 22695
2026/09/26 02:08:44.800, 22695
2026/09/26 02:08:45.300, 22695
2026/09/26 02:08:45.800, 22695
2026/09/26 02:08:46.300, 22695
2026/09/26 02:08:46.800, 22695
2026/09/26 02:08:47.301, 22695
2026/09/26 02:08:47.801, 22695
2026/09/26 02:08:48.301, 22695
2026/09/26 02:08:48.801, 22695
2026/09/26 02:08:49.301, 22695
2026/09/26 02:08:49.801, 22695
2026/09/26 02:08:50.302, 22695
2026/09/26 02:08:50.802, 22695
2026/09/26 02:08:51.302, 22695
2026/09/26 02:08:51.802, 22695
2026/09/26 02:08:52.302, 22695
2026/09/26 02:08:52.802, 22695
2026/09/26 02:08:53.302, 22695
2026/09/26 02:08:53.803, 22695
2026/09/26 02:08:54.303, 22695
2026/09/26 02:08:54.803, 22695
2026/09/26 02:08:55.303, 22695
2026/09/26 02:08:55.803, 22695
2026/09/26 02:08:56.303, 22695
2026/09/26 02:08:56.804, 22695
2026/09/26 02:08:57.304, 22695
2026/09/26 02:08:57.804, 22695
2026/09/26 02:08:58.304, 22695
2026/09/26 02:08:58.804, 22695
2026/09/26 02:08:59.304, 22695
2026/09/26 02:08:59.805, 22695
2026/09/26 02:09:00.305, 22695
2026/09/26 02:09:00.805, 22695
2026/09/26 02:09:01.305, 22695
2026/09/26 02:09:01.805, 22695
2026/09/26 02:09:02.305, 22695
2026/09/26 02:09:02.805, 22695
2026/09/26 02:09:03.306, 22695
2026/09/26 02:09:03.806, 22695
2026/09/26 02:09:04.306, 22695
2026/09/26 02:09:04.806, 22695
2026/09/26 02:09:05.306, 22695
2026/09/26 02:09:05.806, 22695
2026/09/26 02:09:06.307, 22695
2026/09/26 02:09:06.807, 22695
2026/09/26 02:09:07.307, 22695
2026/09/26 02:09:07.807, 22695
2026/09/26 02:09:08.307, 22695
2026/09/26 02:09:08.807, 22695
2026/09/26 02:09:09.307, 22695
2026/09/26 02:09:09.808, 22695
2026/09/26 02:09:10.308, 22695
2026/09/26 02:09:10.808, 22695
2026/09/26 02:09:11.308, 22695
2026/09/26 02:09:11.808, 22695
2026/09/26 02:09:12.308, 22695
2026/09/26 02:09:12.809, 22695
2026/09/26 02:09:13.309, 22695
2026/09/26 02:09:13.809, 22695
2026/09/26 02:09:14.309, 22695
2026/09/26 02:09:14.809, 22695
2026/09/26 02:09:15.309, 22695
2026/09/26 02:09:15.809, 22695
2026/09/26 02:09:16.310, 22695
2026/09/26 02:09:16.810, 22695
2026/09/26 02:09:17.310, 22695
2026/09/26 02:09:17.810, 22695
2026/09/26 02:09:18.310, 22695
2026/09/26 02:09:18.810, 22695
2026/09/26 02:09:19.311, 22695
2026/09/26 02:09:19.811, 22695
2026/09/26 02:09:20.311, 22695
2026/09/26 02:09:20.811, 22695
2026/09/26 02:09:21.311, 22695
2026/09/26 02:09:21.811, 22695
2026/09/26 02:09:22.311, 22695
2026/09/26 02:09:22.812, 22695
2026/09/26 02:09:23.312, 22695
2026/09/26 02:09:23.812, 22695
2026/09/26 02:09:24.312, 22695
2026/09/26 02:09:24.812, 22695
2026/09/26 02:09:25.312, 22695
2026/09/26 02:09:25.812, 22695
2026/09/26 02:09:26.313, 22695
2026/09/26 02:09:26.813, 22695
2026/09/26 02:09:27.313, 22695
2026/09/26 02:09:27.813, 22695
2026/09/26 02:09:28.313, 22695
2026/09/26 02:09:28.813, 22695
2026/09/26 02:09:29.314, 22695
2026/09/26 02:09:29.814, 22695
2026/09/26 02:09:30.314, 22695
2026/09/26 02:09:30.814, 22695
2026/09/26 02:09:31.314, 22695
2026/09/26 02:09:31.815, 22695
2026/09/26 02:09:32.315, 22695
2026/09/26 02:09:32.815, 22695
2026/09/26 02:09:33.315, 22695
2026/09/26 02:09:33.815, 22695
2026/09/26 02:09:34.315, 22695
2026/09/26 02:09:34.815, 22695
2026/09/26 02:09:35.316, 22695
2026/09/26 02:09:35.816, 22695
2026/09/26 02:09:36.316, 22695
2026/09/26 02:09:36.816, 22695
2026/09/26 02:09:37.316, 22695
2026/09/26 02:09:37.816, 22695
2026/09/26 02:09:38.317, 22695
2026/09/26 02:09:38.817, 22695
2026/09/26 02:09:39.317, 22695
2026/09/26 02:09:39.817, 22695
2026/09/26 02:09:40.317, 22695
2026/09/26 02:09:40.817, 22695
2026/09/26 02:09:41.317, 22695
2026/09/26 02:09:41.818, 22695
2026/09/26 02:09:42.318, 22695
2026/09/26 02:09:42.818, 22695
2026/09/26 02:09:43.318, 22695
2026/09/26 02:09:43.818, 22695
2026/09/26 02:09:44.318, 22695
2026/09/26 02:09:44.819, 22695
2026/09/26 02:09:45.319, 22695
2026/09/26 02:09:45.819, 22695
2026/09/26 02:09:46.319, 22695
2026/09/26 02:09:46.819, 22695
2026/09/26 02:09:47.319, 22695
2026/09/26 02:09:47.820, 22695
2026/09/26 02:09:48.320, 22695
2026/09/26 02:09:48.820, 22695
2026/09/26 02:09:49.320, 22695
2026/09/26 02:09:49.820, 22695
2026/09/26 02:09:50.320, 22695
2026/09/26 02:09:50.821, 22695
2026/09/26 02:09:51.321, 22695
2026/09/26 02:09:51.821, 22695
2026/09/26 02:09:52.321, 22695
2026/09/26 02:09:52.821, 22695
2026/09/26 02:09:53.321, 22695
2026/09/26 02:09:53.822, 22695
2026/09/26 02:09:54.322, 22695
2026/09/26 02:09:54.822, 22695
2026/09/26 02:09:55.322, 22695
2026/09/26 02:09:55.822, 22695
2026/09/26 02:09:56.322, 22695
2026/09/26 02:09:56.823, 22695
2026/09/26 02:09:57.323, 22695
2026/09/26 02:09:57.823, 22695
2026/09/26 02:09:58.323, 22695
2026/09/26 02:09:58.823, 22695
2026/09/26 02:09:59.323, 22695
2026/09/26 02:09:59.823, 22695
2026/09/26 02:10:00.324, 22695
2026/09/26 02:10:00.824, 22695
2026/09/26 02:10:01.324, 22695
2026/09/26 02:10:01.824, 22695
2026/09/26 02:10:02.324, 22695
2026/09/26 02:10:02.824, 22695
2026/09/26 02:10:03.325, 22695
2026/09/26 02:10:03.825, 22695
2026/09/26 02:10:04.325, 22695
2026/09/26 02:10:04.825, 22695
2026/09/26 02:10:05.325, 22695
2026/09/26 02:10:05.825, 22695
2026/09/26 02:10:06.326, 22695
2026/09/26 02:10:06.826, 22695
2026/09/26 02:10:07.326, 22695
2026/09/26 02:10:07.826, 22695
2026/09/26 02:10:08.326, 22695
2026/09/26 02:10:08.826, 22695
2026/09/26 02:10:09.327, 22695
2026/09/26 02:10:09.827, 22695
2026/09/26 02:10:10.327, 22695
2026/09/26 02:10:10.827, 22695
2026/09/26 02:10:11.327, 22695
2026/09/26 02:10:11.827, 22695
2026/09/26 02:10:12.328, 22695
2026/09/26 02:10:12.828, 22695
2026/09/26 02:10:13.328, 22695
2026/09/26 02:10:13.828, 22695
2026/09/26 02:10:14.328, 22695
2026/09/26 02:10:14.828, 22695
2026/09/26 02:10:15.329, 22695
2026/09/26 02:10:15.829, 22695
2026/09/26 02:10:16.329, 22695
2026/09/26 02:10:16.829, 22695
2026/09/26 02:10:17.329, 22695
2026/09/26 02:10:17.829, 22695
2026/09/26 02:10:18.329, 22695
2026/09/26 02:10:18.830, 22695
2026/09/26 02:10:19.330, 22695
2026/09/26 02:10:19.830, 22695
2026/09/26 02:10:20.330, 22695
2026/09/26 02:10:20.830, 22695
2026/09/26 02:10:21.330, 22695
2026/09/26 02:10:21.831, 22695
2026/09/26 02:10:22.331, 22695
2026/09/26 02:10:22.831, 22695
2026/09/26 02:10:23.331, 22695
2026/09/26 02:10:23.831, 22695
2026/09/26 02:10:24.331, 22695
2026/09/26 02:10:24.831, 22695
2026/09/26 02:10:25.332, 22695
2026/09/26 02:10:25.832, 22695
2026/09/26 02:10:26.332, 22695
2026/09/26 02:10:26.832, 22695
2026/09/26 02:10:27.332, 22695
2026/09/26 02:10:27.832, 22695
2026/09/26 02:10:28.333, 22695
2026/09/26 02:10:28.833, 22695
2026/09/26 02:10:29.333, 22695
2026/09/26 02:10:29.833, 22695
2026/09/26 02:10:30.333, 22695
2026/09/26 02:10:30.833, 22695
2026/09/26 02:10:31.334, 22695
2026/09/26 02:10:31.834, 22695
2026/09/26 02:10:32.334, 22695
2026/09/26 02:10:32.834, 22695
2026/09/26 02:10:33.334, 22695
2026/09/26 02:10:33.834, 22695
2026/09/26 02:10:34.334, 22695
2026/09/26 02:10:34.835, 22695
2026/09/26 02:10:35.335, 22695
2026/09/26 02:10:35.835, 22695
2026/09/26 02:10:36.335, 22695
2026/09/26 02:10:36.836, 22695
2026/09/26 02:10:37.336, 22695
2026/09/26 02:10:37.836, 22695
2026/09/26 02:10:38.336, 22695
2026/09/26 02:10:38.836, 22695
2026/09/26 02:10:39.337, 22695
2026/09/26 02:10:39.837, 22695
2026/09/26 02:10:40.337, 22695
2026/09/26 02:10:40.837, 22695
2026/09/26 02:10:41.337, 22695
2026/09/26 02:10:41.837, 22695
2026/09/26 02:10:42.338, 22695
2026/09/26 02:10:42.838, 22695
2026/09/26 02:10:43.338, 22695
2026/09/26 02:10:43.838, 22695
2026/09/26 02:10:44.338, 22695
2026/09/26 02:10:44.839, 22695
2026/09/26 02:10:45.339, 22695
2026/09/26 02:10:45.839, 22695
2026/09/26 02:10:46.339, 22695
2026/09/26 02:10:46.839, 22695
2026/09/26 02:10:47.339, 22695
2026/09/26 02:10:47.840, 22695
2026/09/26 02:10:48.340, 22695
2026/09/26 02:10:48.840, 22695
2026/09/26 02:10:49.340, 22695
2026/09/26 02:10:49.840, 22695
2026/09/26 02:10:50.340, 22695
2026/09/26 02:10:50.841, 22695
2026/09/26 02:10:51.341, 22695
2026/09/26 02:10:51.841, 22695
2026/09/26 02:10:52.341, 22695
2026/09/26 02:10:52.841, 22695
2026/09/26 02:10:53.341, 22695
2026/09/26 02:10:53.841, 22695
2026/09/26 02:10:54.342, 22695
2026/09/26 02:10:54.842, 22695
2026/09/26 02:10:55.342, 22695
2026/09/26 02:10:55.842, 22695
2026/09/26 02:10:56.342, 22695
2026/09/26 02:10:56.842, 22695
2026/09/26 02:10:57.343, 22695
2026/09/26 02:10:57.843, 22695
2026/09/26 02:10:58.343, 22695
2026/09/26 02:10:58.843, 22695
2026/09/26 02:10:59.343, 22695
2026/09/26 02:10:59.843, 22695
2026/09/26 02:11:00.343, 22695
2026/09/26 02:11:00.844, 22695
2026/09/26 02:11:01.344, 22695
2026/09/26 02:11:01.844, 22695
2026/09/26 02:11:02.344, 22695
2026/09/26 02:11:02.844, 22695
2026/09/26 02:11:03.345, 22695
2026/09/26 02:11:03.845, 22695
2026/09/26 02:11:04.345, 22695
2026/09/26 02:11:04.845, 22695
2026/09/26 02:11:05.345, 22695
2026/09/26 02:11:05.845, 22695
2026/09/26 02:11:06.346, 22695
2026/09/26 02:11:06.846, 22695
2026/09/26 02:11:07.346, 22695
2026/09/26 02:11:07.846, 22695
2026/09/26 02:11:08.346, 22695
2026/09/26 02:11:08.846, 22695
2026/09/26 02:11:09.346, 22695
2026/09/26 02:11:09.847, 22695
2026/09/26 02:11:10.347, 22695
2026/09/26 02:11:10.847, 22695
2026/09/26 02:11:11.347, 22695
2026/09/26 02:11:11.847, 22695
2026/09/26 02:11:12.347, 22695
2026/09/26 02:11:12.848, 22695
2026/09/26 02:11:13.348, 22695
2026/09/26 02:11:13.848, 22695
2026/09/26 02:11:14.348, 22695
2026/09/26 02:11:14.848, 22695
2026/09/26 02:11:15.348, 22695
2026/09/26 02:11:15.848, 22695
2026/09/26 02:11:16.349, 22695
2026/09/26 02:11:16.849, 22695
2026/09/26 02:11:17.349, 22695
2026/09/26 02:11:17.849, 22695
2026/09/26 02:11:18.349, 22695
2026/09/26 02:11:18.849, 22695
2026/09/26 02:11:19.349, 22695
2026/09/26 02:11:19.850, 22695
2026/09/26 02:11:20.350, 22695
2026/09/26 02:11:20.850, 22695
2026/09/26 02:11:21.350, 22695
2026/09/26 02:11:21.850, 22695
2026/09/26 02:11:22.350, 22695
2026/09/26 02:11:22.850, 22695
2026/09/26 02:11:23.351, 22695
2026/09/26 02:11:23.851, 22695
2026/09/26 02:11:24.351, 22695
2026/09/26 02:11:24.851, 22695
2026/09/26 02:11:25.351, 22695
2026/09/26 02:11:25.851, 22695
2026/09/26 02:11:26.352, 22695
2026/09/26 02:11:26.852, 22695
2026/09/26 02:11:27.352, 22695
2026/09/26 02:11:27.852, 22695
2026/09/26 02:11:28.353, 22695
2026/09/26 02:11:28.853, 22695
2026/09/26 02:11:29.353, 22695
2026/09/26 02:11:29.853, 22695
2026/09/26 02:11:30.353, 22695
2026/09/26 02:11:30.853, 22695
2026/09/26 02:11:31.354, 22695
2026/09/26 02:11:31.854, 22695
2026/09/26 02:11:32.354, 22695
2026/09/26 02:11:32.854, 22695
2026/09/26 02:11:33.354, 22695
2026/09/26 02:11:33.854, 22695
2026/09/26 02:11:34.355, 22695
2026/09/26 02:11:34.855, 22695
2026/09/26 02:11:35.355, 22695
2026/09/26 02:11:35.855, 22695
2026/09/26 02:11:36.355, 22695
2026/09/26 02:11:36.855, 22695
2026/09/26 02:11:37.356, 22695
2026/09/26 02:11:37.856, 22695
2026/09/26 02:11:38.356, 22695
2026/09/26 02:11:38.856, 22695
2026/09/26 02:11:39.356, 22695
2026/09/26 02:11:39.857, 22695
2026/09/26 02:11:40.357, 22695
2026/09/26 02:11:40.857, 22695
2026/09/26 02:11:41.357, 22695
2026/09/26 02:11:41.857, 22695
2026/09/26 02:11:42.357, 22695
2026/09/26 02:11:42.858, 22695
2026/09/26 02:11:43.358, 22695
2026/09/26 02:11:43.858, 22695
2026/09/26 02:11:44.358, 22695
2026/09/26 02:11:44.858, 22695
2026/09/26 02:11:45.358, 22695
2026/09/26 02:11:45.859, 22695
2026/09/26 02:11:46.359, 22695
2026/09/26 02:11:46.859, 22695
2026/09/26 02:11:47.359, 22695
2026/09/26 02:11:47.859, 22695
2026/09/26 02:11:48.359, 22695
2026/09/26 02:11:48.859, 22695
2026/09/26 02:11:49.360, 22695
2026/09/26 02:11:49.860, 22695
2026/09/26 02:11:50.360, 22695
2026/09/26 02:11:50.860, 22695
2026/09/26 02:11:51.360, 22695
2026/09/26 02:11:51.860, 22695
2026/09/26 02:11:52.361, 22695
2026/09/26 02:11:52.861, 22695
2026/09/26 02:11:53.361, 22695
2026/09/26 02:11:53.861, 22695
2026/09/26 02:11:54.361, 22695
2026/09/26 02:11:54.861, 22695
2026/09/26 02:11:55.361, 22695
2026/09/26 02:11:55.862, 22695
2026/09/26 02:11:56.362, 22695
2026/09/26 02:11:56.862, 22695
2026/09/26 02:11:57.362, 22695
2026/09/26 02:11:57.862, 22695
2026/09/26 02:11:58.362, 22695
2026/09/26 02:11:58.863, 22695
2026/09/26 02:11:59.363, 22695
2026/09/26 02:11:59.863, 22695
2026/09/26 02:12:00.363, 22695
2026/09/26 02:12:00.863, 22695
2026/09/26 02:12:01.363, 22695
2026/09/26 02:12:01.864, 22695
2026/09/26 02:12:02.364, 22695
2026/09/26 02:12:02.864, 22695
2026/09/26 02:12:03.364, 22695
2026/09/26 02:12:03.864, 22695
2026/09/26 02:12:04.364, 22695
2026/09/26 02:12:04.864, 22695
2026/09/26 02:12:05.365, 22695
2026/09/26 02:12:05.865, 22695
2026/09/26 02:12:06.365, 22695
2026/09/26 02:12:06.865, 22695
2026/09/26 02:12:07.365, 22695
2026/09/26 02:12:07.866, 22695
2026/09/26 02:12:08.366, 22695
2026/09/26 02:12:08.866, 22695
2026/09/26 02:12:09.366, 22695
2026/09/26 02:12:09.866, 22695
2026/09/26 02:12:10.366, 22695
2026/09/26 02:12:10.867, 22695
2026/09/26 02:12:11.367, 22695
2026/09/26 02:12:11.867, 22695
2026/09/26 02:12:12.367, 22695
2026/09/26 02:12:12.867, 22695
2026/09/26 02:12:13.367, 22695
2026/09/26 02:12:13.867, 22695
2026/09/26 02:12:14.368, 22695
2026/09/26 02:12:14.868, 22695
2026/09/26 02:12:15.368, 22695
2026/09/26 02:12:15.868, 22695
2026/09/26 02:12:16.368, 22695
2026/09/26 02:12:16.868, 22695
2026/09/26 02:12:17.369, 22695
2026/09/26 02:12:17.869, 22695
2026/09/26 02:12:18.369, 22695
2026/09/26 02:12:18.869, 22695
2026/09/26 02:12:19.369, 22695
2026/09/26 02:12:19.869, 22695
2026/09/26 02:12:20.369, 22695
2026/09/26 02:12:20.870, 22695
2026/09/26 02:12:21.370, 22695
2026/09/26 02:12:21.870, 22695
2026/09/26 02:12:22.370, 22695
2026/09/26 02:12:22.870, 22695
2026/09/26 02:12:23.370, 22695
2026/09/26 02:12:23.871, 22695
2026/09/26 02:12:24.371, 22695
2026/09/26 02:12:24.871, 22695
2026/09/26 02:12:25.371, 22695
2026/09/26 02:12:25.871, 22695
2026/09/26 02:12:26.371, 22695
2026/09/26 02:12:26.872, 22695
2026/09/26 02:12:27.372, 22695
2026/09/26 02:12:27.872, 22695
2026/09/26 02:12:28.372, 22695
2026/09/26 02:12:28.872, 22695
2026/09/26 02:12:29.372, 22695
2026/09/26 02:12:29.873, 22695
2026/09/26 02:12:30.373, 22695
2026/09/26 02:12:30.873, 22695
2026/09/26 02:12:31.373, 22695
2026/09/26 02:12:31.873, 22695
2026/09/26 02:12:32.373, 22695
2026/09/26 02:12:32.874, 22695
2026/09/26 02:12:33.374, 22695
2026/09/26 02:12:33.874, 22695
2026/09/26 02:12:34.374, 22695
2026/09/26 02:12:34.874, 22695
2026/09/26 02:12:35.374, 22695
2026/09/26 02:12:35.874, 22695
2026/09/26 02:12:36.375, 22695
2026/09/26 02:12:36.875, 22695
2026/09/26 02:12:37.375, 22695
2026/09/26 02:12:37.875, 22695
2026/09/26 02:12:38.375, 22695
2026/09/26 02:12:38.875, 22695
2026/09/26 02:12:39.375, 22695
2026/09/26 02:12:39.876, 22695
2026/09/26 02:12:40.376, 22695
2026/09/26 02:12:40.876, 22695
2026/09/26 02:12:41.376, 22695
2026/09/26 02:12:41.876, 22695
2026/09/26 02:12:42.376, 22695
2026/09/26 02:12:42.877, 22695
2026/09/26 02:12:43.377, 22695
2026/09/26 02:12:43.877, 22695
2026/09/26 02:12:44.377, 22695
2026/09/26 02:12:44.877, 22695
2026/09/26 02:12:45.377, 22695
2026/09/26 02:12:45.877, 22695
2026/09/26 02:12:46.378, 22695
2026/09/26 02:12:46.878, 22695
2026/09/26 02:12:47.378, 22695
2026/09/26 02:12:47.878, 22695
2026/09/26 02:12:48.378, 22695
2026/09/26 02:12:48.929, 22695
2026/09/26 02:12:49.430, 22695
2026/09/26 02:12:49.930, 22695
2026/09/26 02:12:50.430, 22695
2026/09/26 02:12:50.930, 22695
2026/09/26 02:12:51.430, 22695
2026/09/26 02:12:51.931, 22695
2026/09/26 02:12:52.431, 22695
2026/09/26 02:12:52.931, 22695
2026/09/26 02:12:53.431, 22695
2026/09/26 02:12:53.931, 22695
2026/09/26 02:12:54.431, 22695
2026/09/26 02:12:54.932, 22695
2026/09/26 02:12:55.432, 22695
2026/09/26 02:12:55.932, 22695
2026/09/26 02:12:56.432, 22695
2026/09/26 02:12:56.932, 22695
2026/09/26 02:12:57.432, 22695
2026/09/26 02:12:57.932, 22695
2026/09/26 02:12:58.433, 22695
2026/09/26 02:12:58.933, 22695
2026/09/26 02:12:59.433, 22695
2026/09/26 02:12:59.933, 22695
2026/09/26 02:13:00.433, 22695
2026/09/26 02:13:00.933, 22695
2026/09/26 02:13:01.434, 22695
2026/09/26 02:13:01.934, 22695
2026/09/26 02:13:02.434, 22695
2026/09/26 02:13:02.934, 22695
2026/09/26 02:13:03.434, 22695
2026/09/26 02:13:03.934, 22695
2026/09/26 02:13:04.435, 22695
2026/09/26 02:13:04.935, 22695
2026/09/26 02:13:05.435, 22695
2026/09/26 02:13:05.935, 22695
2026/09/26 02:13:06.435, 22695
2026/09/26 02:13:06.935, 22695
2026/09/26 02:13:07.435, 22695
2026/09/26 02:13:07.936, 22695
2026/09/26 02:13:08.436, 22695
2026/09/26 02:13:08.936, 22695
2026/09/26 02:13:09.436, 22695
2026/09/26 02:13:09.936, 22695
2026/09/26 02:13:10.436, 22695
2026/09/26 02:13:10.936, 22695
2026/09/26 02:13:11.437, 22695
2026/09/26 02:13:11.937, 22695
2026/09/26 02:13:12.437, 22695
2026/09/26 02:13:12.937, 22695
2026/09/26 02:13:13.437, 22695
2026/09/26 02:13:13.937, 22695
2026/09/26 02:13:14.438, 22695
2026/09/26 02:13:14.938, 22695
2026/09/26 02:13:15.438, 22695
2026/09/26 02:13:15.938, 22695
2026/09/26 02:13:16.438, 22695
2026/09/26 02:13:16.938, 22695
2026/09/26 02:13:17.439, 22695
2026/09/26 02:13:17.939, 22695
2026/09/26 02:13:18.439, 22695
2026/09/26 02:13:18.939, 22695
2026/09/26 02:13:19.439, 22695
2026/09/26 02:13:19.940, 22695
2026/09/26 02:13:20.440, 22695
2026/09/26 02:13:20.940, 22695
2026/09/26 02:13:21.440, 22695
2026/09/26 02:13:21.940, 22695
2026/09/26 02:13:22.440, 22695
2026/09/26 02:13:22.941, 22695
2026/09/26 02:13:23.441, 22695
2026/09/26 02:13:23.941, 22695
2026/09/26 02:13:24.441, 22695
2026/09/26 02:13:24.941, 22695
2026/09/26 02:13:25.441, 22695
2026/09/26 02:13:25.942, 22695
2026/09/26 02:13:26.442, 22695
2026/09/26 02:13:26.942, 22695
2026/09/26 02:13:27.443, 22695
2026/09/26 02:13:27.943, 22695
2026/09/26 02:13:28.443, 22695
2026/09/26 02:13:28.943, 22695
2026/09/26 02:13:29.443, 22695
2026/09/26 02:13:29.944, 22695
2026/09/26 02:13:30.444, 22695
2026/09/26 02:13:30.944, 22695
2026/09/26 02:13:31.444, 22695
2026/09/26 02:13:31.944, 22695
2026/09/26 02:13:32.444, 22695
2026/09/26 02:13:32.945, 22695
2026/09/26 02:13:33.445, 22695
2026/09/26 02:13:33.945, 22695
2026/09/26 02:13:34.445, 22695
2026/09/26 02:13:34.945, 22695
2026/09/26 02:13:35.445, 22695
2026/09/26 02:13:35.946, 22695
2026/09/26 02:13:36.446, 22695
2026/09/26 02:13:36.946, 22695
2026/09/26 02:13:37.446, 22695
2026/09/26 02:13:37.946, 22695
2026/09/26 02:13:38.446, 22695
2026/09/26 02:13:38.946, 22695
2026/09/26 02:13:39.447, 22695
2026/09/26 02:13:39.947, 22695
2026/09/26 02:13:40.447, 22695
2026/09/26 02:13:40.947, 22695
2026/09/26 02:13:41.447, 22695
2026/09/26 02:13:41.947, 22695
2026/09/26 02:13:42.448, 22695
2026/09/26 02:13:42.948, 22695
2026/09/26 02:13:43.448, 22695
2026/09/26 02:13:43.948, 22695
2026/09/26 02:13:44.448, 22695
2026/09/26 02:13:44.949, 22695
2026/09/26 02:13:45.449, 22695
2026/09/26 02:13:45.949, 22695
2026/09/26 02:13:46.449, 22695
2026/09/26 02:13:46.949, 22695
2026/09/26 02:13:47.449, 22695
2026/09/26 02:13:47.950, 22695
2026/09/26 02:13:48.450, 22695
2026/09/26 02:13:48.950, 22695
2026/09/26 02:13:49.450, 22695
2026/09/26 02:13:49.951, 22695
2026/09/26 02:13:50.451, 22695
2026/09/26 02:13:50.951, 22695
2026/09/26 02:13:51.451, 22695
2026/09/26 02:13:51.951, 22695
2026/09/26 02:13:52.451, 22695
2026/09/26 02:13:52.952, 22695
2026/09/26 02:13:53.452, 22695
2026/09/26 02:13:53.952, 22695
2026/09/26 02:13:54.452, 22695
2026/09/26 02:13:54.953, 22695
2026/09/26 02:13:55.453, 22695
2026/09/26 02:13:55.953, 22695
2026/09/26 02:13:56.453, 22695
2026/09/26 02:13:56.953, 22695
2026/09/26 02:13:57.453, 22695
2026/09/26 02:13:57.953, 22695
2026/09/26 02:13:58.454, 22695
2026/09/26 02:13:58.954, 22695
2026/09/26 02:13:59.454, 22695
2026/09/26 02:13:59.954, 22695
2026/09/26 02:14:00.454, 22695
2026/09/26 02:14:00.954, 22695
2026/09/26 02:14:01.455, 22695
2026/09/26 02:14:01.955, 22695
2026/09/26 02:14:02.455, 22695
2026/09/26 02:14:02.955, 22695
2026/09/26 02:14:03.456, 22695
2026/09/26 02:14:03.956, 22695
2026/09/26 02:14:04.456, 22695
2026/09/26 02:14:04.956, 22695
2026/09/26 02:14:05.456, 22695
2026/09/26 02:14:05.956, 22695
2026/09/26 02:14:06.457, 22695
2026/09/26 02:14:06.957, 22695
2026/09/26 02:14:07.457, 22695
2026/09/26 02:14:07.957, 22695
2026/09/26 02:14:08.457, 22695
2026/09/26 02:14:08.957, 22695
2026/09/26 02:14:09.457, 22695
2026/09/26 02:14:09.958, 22695
2026/09/26 02:14:10.458, 22695
2026/09/26 02:14:10.958, 22695
2026/09/26 02:14:11.458, 22695
2026/09/26 02:14:11.958, 22695
2026/09/26 02:14:12.458, 22695
2026/09/26 02:14:12.959, 22695
2026/09/26 02:14:13.459, 22695
2026/09/26 02:14:13.959, 22695
2026/09/26 02:14:14.459, 22695
2026/09/26 02:14:14.959, 22695
2026/09/26 02:14:15.459, 22695
2026/09/26 02:14:15.960, 22695
2026/09/26 02:14:16.460, 22695
2026/09/26 02:14:16.960, 22695
2026/09/26 02:14:17.460, 22695
2026/09/26 02:14:17.960, 22695
2026/09/26 02:14:18.460, 22695
2026/09/26 02:14:18.960, 22695
2026/09/26 02:14:19.461, 22695
2026/09/26 02:14:19.961, 22695
2026/09/26 02:14:20.461, 22695
2026/09/26 02:14:20.961, 22695
2026/09/26 02:14:21.462, 22695
2026/09/26 02:14:21.962, 22695
2026/09/26 02:14:22.462, 22695
2026/09/26 02:14:22.962, 22695
2026/09/26 02:14:23.462, 22695
2026/09/26 02:14:23.962, 22695
2026/09/26 02:14:24.462, 22695
2026/09/26 02:14:24.963, 22695
2026/09/26 02:14:25.463, 22695
2026/09/26 02:14:25.963, 22695
2026/09/26 02:14:26.463, 22695
2026/09/26 02:14:26.963, 22695
2026/09/26 02:14:27.463, 22695
2026/09/26 02:14:27.964, 22695
2026/09/26 02:14:28.464, 22695
2026/09/26 02:14:28.964, 22695
2026/09/26 02:14:29.464, 22695
2026/09/26 02:14:29.964, 22695
2026/09/26 02:14:30.465, 22695
2026/09/26 02:14:30.965, 22695
2026/09/26 02:14:31.465, 22695
2026/09/26 02:14:31.965, 22695
2026/09/26 02:14:32.465, 22695
2026/09/26 02:14:32.965, 22695
2026/09/26 02:14:33.466, 22695
2026/09/26 02:14:33.966, 22695
2026/09/26 02:14:34.466, 22695
2026/09/26 02:14:34.966, 22695
2026/09/26 02:14:35.466, 22695
2026/09/26 02:14:35.966, 22695
2026/09/26 02:14:36.467, 22695
2026/09/26 02:14:36.967, 22695
2026/09/26 02:14:37.467, 22695
2026/09/26 02:14:37.967, 22695
2026/09/26 02:14:38.467, 22695
2026/09/26 02:14:38.968, 22695
2026/09/26 02:14:39.468, 22695
2026/09/26 02:14:39.968, 22695
2026/09/26 02:14:40.468, 22695
2026/09/26 02:14:40.968, 22695
2026/09/26 02:14:41.468, 22695
2026/09/26 02:14:41.969, 22695
2026/09/26 02:14:42.469, 22695
2026/09/26 02:14:42.969, 22695
2026/09/26 02:14:43.469, 22695
2026/09/26 02:14:43.969, 22695
2026/09/26 02:14:44.470, 22695
2026/09/26 02:14:44.970, 22695
2026/09/26 02:14:45.470, 22695
2026/09/26 02:14:45.970, 22695
2026/09/26 02:14:46.470, 22695
2026/09/26 02:14:46.970, 22695
2026/09/26 02:14:47.471, 22695
2026/09/26 02:14:47.971, 22695
2026/09/26 02:14:48.471, 22695
2026/09/26 02:14:48.971, 22695
2026/09/26 02:14:49.471, 22695
2026/09/26 02:14:49.971, 22695
2026/09/26 02:14:50.472, 22695
2026/09/26 02:14:50.972, 22695
2026/09/26 02:14:51.472, 22695
2026/09/26 02:14:51.972, 22695
2026/09/26 02:14:52.472, 22695
2026/09/26 02:14:52.972, 22695
2026/09/26 02:14:53.473, 22695
2026/09/26 02:14:53.973, 22695
2026/09/26 02:14:54.473, 22695
2026/09/26 02:14:54.973, 22695
2026/09/26 02:14:55.473, 22695
2026/09/26 02:14:55.973, 22695
2026/09/26 02:14:56.474, 22695
2026/09/26 02:14:56.974, 22695
2026/09/26 02:14:57.474, 22695
2026/09/26 02:14:57.974, 22695
2026/09/26 02:14:58.474, 22695
2026/09/26 02:14:58.974, 22695
2026/09/26 02:14:59.475, 22695
2026/09/26 02:14:59.975, 22695
2026/09/26 02:15:00.475, 22695
2026/09/26 02:15:00.975, 22695
2026/09/26 02:15:01.475, 22695
2026/09/26 02:15:01.975, 22695
2026/09/26 02:15:02.476, 22695
2026/09/26 02:15:02.976, 22695
2026/09/26 02:15:03.476, 22695
2026/09/26 02:15:03.976, 22695
2026/09/26 02:15:04.476, 22695
2026/09/26 02:15:04.976, 22695
2026/09/26 02:15:05.477, 22695
2026/09/26 02:15:05.977, 22695
2026/09/26 02:15:06.477, 22695
2026/09/26 02:15:06.977, 22695
2026/09/26 02:15:07.477, 22695
2026/09/26 02:15:07.977, 22695
2026/09/26 02:15:08.477, 22695
2026/09/26 02:15:08.978, 22695
2026/09/26 02:15:09.478, 22695
2026/09/26 02:15:09.978, 22695
2026/09/26 02:15:10.478, 22695
2026/09/26 02:15:10.978, 22695
2026/09/26 02:15:11.478, 22695
2026/09/26 02:15:11.979, 22695
2026/09/26 02:15:12.479, 22695
2026/09/26 02:15:12.979, 22695
2026/09/26 02:15:13.479, 22695
2026/09/26 02:15:13.979, 22695
2026/09/26 02:15:14.479, 22695
2026/09/26 02:15:14.979, 22695
2026/09/26 02:15:15.480, 22695
2026/09/26 02:15:15.980, 22695
2026/09/26 02:15:16.480, 22695
2026/09/26 02:15:16.980, 22695
2026/09/26 02:15:17.480, 22695
2026/09/26 02:15:17.980, 22695
2026/09/26 02:15:18.481, 22695
2026/09/26 02:15:18.981, 22695
2026/09/26 02:15:19.481, 22695
2026/09/26 02:15:19.981, 22695
2026/09/26 02:15:20.481, 22695
2026/09/26 02:15:20.981, 22695
2026/09/26 02:15:21.482, 22695
2026/09/26 02:15:21.982, 22695
2026/09/26 02:15:22.482, 22695
2026/09/26 02:15:22.982, 22695
2026/09/26 02:15:23.482, 22695
2026/09/26 02:15:23.982, 22695
2026/09/26 02:15:24.482, 22695
2026/09/26 02:15:24.983, 22695
2026/09/26 02:15:25.483, 22695
2026/09/26 02:15:25.983, 22695
2026/09/26 02:15:26.483, 22695
2026/09/26 02:15:26.983, 22695
2026/09/26 02:15:27.483, 22695
2026/09/26 02:15:27.984, 22695
2026/09/26 02:15:28.484, 22695
2026/09/26 02:15:28.984, 22695
2026/09/26 02:15:29.484, 22695
2026/09/26 02:15:29.984, 22695
2026/09/26 02:15:30.484, 22695
2026/09/26 02:15:30.985, 22695
2026/09/26 02:15:31.485, 22695
2026/09/26 02:15:31.985, 22695
2026/09/26 02:15:32.485, 22695
2026/09/26 02:15:32.985, 22695
2026/09/26 02:15:33.485, 22695
2026/09/26 02:15:33.986, 22695
2026/09/26 02:15:34.486, 22695
2026/09/26 02:15:34.986, 22695
2026/09/26 02:15:35.486, 22695
2026/09/26 02:15:35.986, 22695
2026/09/26 02:15:36.486, 22695
2026/09/26 02:15:36.986, 22695
2026/09/26 02:15:37.487, 22695
2026/09/26 02:15:37.987, 22695
2026/09/26 02:15:38.487, 22695
2026/09/26 02:15:38.987, 22695
2026/09/26 02:15:39.487, 22695
2026/09/26 02:15:39.987, 22695
2026/09/26 02:15:40.488, 22695
2026/09/26 02:15:40.988, 22695
2026/09/26 02:15:41.488, 22695
2026/09/26 02:15:41.988, 22695
2026/09/26 02:15:42.488, 22695
2026/09/26 02:15:42.988, 22695
2026/09/26 02:15:43.489, 22695
2026/09/26 02:15:43.989, 22695
2026/09/26 02:15:44.489, 22695
2026/09/26 02:15:44.989, 22695
2026/09/26 02:15:45.489, 22695
2026/09/26 02:15:45.989, 22695
2026/09/26 02:15:46.490, 22695
2026/09/26 02:15:46.990, 22695
2026/09/26 02:15:47.490, 22695
2026/09/26 02:15:47.990, 22695
2026/09/26 02:15:48.490, 22695
2026/09/26 02:15:48.990, 22695
2026/09/26 02:15:49.491, 22695
2026/09/26 02:15:49.991, 22695
2026/09/26 02:15:50.491, 22695
2026/09/26 02:15:50.991, 22695
2026/09/26 02:15:51.491, 22695
2026/09/26 02:15:51.991, 22695
2026/09/26 02:15:52.492, 22695
2026/09/26 02:15:52.992, 22695
2026/09/26 02:15:53.492, 22695
2026/09/26 02:15:53.992, 22695
2026/09/26 02:15:54.492, 22695
2026/09/26 02:15:54.992, 22695
2026/09/26 02:15:55.493, 22695
2026/09/26 02:15:55.993, 22695
2026/09/26 02:15:56.493, 22695
2026/09/26 02:15:56.993, 22695
2026/09/26 02:15:57.493, 22695
2026/09/26 02:15:57.993, 22695
2026/09/26 02:15:58.494, 22695
2026/09/26 02:15:58.994, 22695
2026/09/26 02:15:59.494, 22695
2026/09/26 02:15:59.994, 22695
2026/09/26 02:16:00.494, 22695
2026/09/26 02:16:00.994, 22695
2026/09/26 02:16:01.495, 22695
2026/09/26 02:16:01.995, 22695
2026/09/26 02:16:02.495, 22695
2026/09/26 02:16:02.995, 22695
2026/09/26 02:16:03.495, 22695
2026/09/26 02:16:03.995, 22695
2026/09/26 02:16:04.496, 22695
2026/09/26 02:16:04.996, 22695
2026/09/26 02:16:05.496, 22695
2026/09/26 02:16:05.996, 22695
2026/09/26 02:16:06.496, 22695
2026/09/26 02:16:06.996, 22695
2026/09/26 02:16:07.497, 22695
2026/09/26 02:16:07.997, 22695
2026/09/26 02:16:08.497, 22695
2026/09/26 02:16:08.997, 22695
2026/09/26 02:16:09.497, 22695
2026/09/26 02:16:09.997, 22695
2026/09/26 02:16:10.498, 22695
2026/09/26 02:16:10.998, 22695
2026/09/26 02:16:11.498, 22695
2026/09/26 02:16:11.998, 22695
2026/09/26 02:16:12.498, 22695
2026/09/26 02:16:12.998, 22695
2026/09/26 02:16:13.499, 22695
2026/09/26 02:16:13.999, 22695
2026/09/26 02:16:14.499, 22695
2026/09/26 02:16:14.999, 22695
2026/09/26 02:16:15.499, 22695
2026/09/26 02:16:15.999, 22695
2026/09/26 02:16:16.500, 22695
2026/09/26 02:16:17.000, 22695
2026/09/26 02:16:17.500, 22695
2026/09/26 02:16:18.000, 22695
2026/09/26 02:16:18.500, 22695
2026/09/26 02:16:19.001, 22695
2026/09/26 02:16:19.501, 22695
2026/09/26 02:16:20.001, 22695
2026/09/26 02:16:20.501, 22695
2026/09/26 02:16:21.001, 22695
2026/09/26 02:16:21.501, 22695
2026/09/26 02:16:22.001, 22695
2026/09/26 02:16:22.502, 22695
2026/09/26 02:16:23.002, 22695
2026/09/26 02:16:23.502, 22695
2026/09/26 02:16:24.002, 22695
2026/09/26 02:16:24.502, 22695
2026/09/26 02:16:25.002, 22695
2026/09/26 02:16:25.502, 22695
2026/09/26 02:16:26.003, 22695
2026/09/26 02:16:26.503, 22695
2026/09/26 02:16:27.003, 22695
2026/09/26 02:16:27.503, 22695
2026/09/26 02:16:28.003, 22695
2026/09/26 02:16:28.503, 22695
2026/09/26 02:16:29.004, 22695
2026/09/26 02:16:29.504, 22695
2026/09/26 02:16:30.004, 22695
2026/09/26 02:16:30.504, 22695
2026/09/26 02:16:31.004, 22695
2026/09/26 02:16:31.504, 22695
2026/09/26 02:16:32.004, 22695
2026/09/26 02:16:32.505, 22695
2026/09/26 02:16:33.005, 22695
2026/09/26 02:16:33.505, 22695
2026/09/26 02:16:34.005, 22695
2026/09/26 02:16:34.505, 22695
2026/09/26 02:16:35.005, 22695
2026/09/26 02:16:35.506, 22695
2026/09/26 02:16:36.014, 22695
2026/09/26 02:16:36.515, 22695
2026/09/26 02:16:37.015, 22695
2026/09/26 02:16:37.515, 22695
2026/09/26 02:16:38.015, 22695
2026/09/26 02:16:38.515, 22695
2026/09/26 02:16:39.016, 22695
2026/09/26 02:16:39.516, 22695
2026/09/26 02:16:40.016, 22695
2026/09/26 02:16:40.516, 22695
2026/09/26 02:16:41.016, 22695
2026/09/26 02:16:41.516, 22695
2026/09/26 02:16:42.016, 22695
2026/09/26 02:16:42.517, 22695
2026/09/26 02:16:43.017, 22695
2026/09/26 02:16:43.517, 22695
2026/09/26 02:16:44.017, 22695
2026/09/26 02:16:44.517, 22695
2026/09/26 02:16:45.017, 22695
2026/09/26 02:16:45.517, 22695
2026/09/26 02:16:46.018, 22695
2026/09/26 02:16:46.518, 22695
2026/09/26 02:16:47.018, 22695
2026/09/26 02:16:47.518, 22695
2026/09/26 02:16:48.018, 22695
2026/09/26 02:16:48.518, 22695
2026/09/26 02:16:49.019, 22695
2026/09/26 02:16:49.519, 22695
2026/09/26 02:16:50.019, 22695
2026/09/26 02:16:50.519, 22695
2026/09/26 02:16:51.019, 22695
2026/09/26 02:16:51.520, 22695
2026/09/26 02:16:52.020, 22695
2026/09/26 02:16:52.520, 22695
2026/09/26 02:16:53.020, 22695
2026/09/26 02:16:53.520, 22695
2026/09/26 02:16:54.020, 22695
2026/09/26 02:16:54.521, 22695
2026/09/26 02:16:55.021, 22695
2026/09/26 02:16:55.521, 22695
2026/09/26 02:16:56.021, 22695
2026/09/26 02:16:56.521, 22695
2026/09/26 02:16:57.021, 22695
2026/09/26 02:16:57.521, 22695
2026/09/26 02:16:58.022, 22695
2026/09/26 02:16:58.522, 22695
2026/09/26 02:16:59.022, 22695
2026/09/26 02:16:59.522, 22695
2026/09/26 02:17:00.022, 22695
2026/09/26 02:17:00.522, 22695
2026/09/26 02:17:01.023, 22695
2026/09/26 02:17:01.523, 22695
2026/09/26 02:17:02.023, 22695
2026/09/26 02:17:02.523, 22695
2026/09/26 02:17:03.023, 22695
2026/09/26 02:17:03.523, 22695
2026/09/26 02:17:04.023, 22695
2026/09/26 02:17:04.524, 22695
2026/09/26 02:17:05.024, 22695
2026/09/26 02:17:05.524, 22695
2026/09/26 02:17:06.024, 22695
2026/09/26 02:17:06.524, 22695
2026/09/26 02:17:07.024, 22695
2026/09/26 02:17:07.524, 22695
2026/09/26 02:17:08.025, 22695
2026/09/26 02:17:08.525, 22695
2026/09/26 02:17:09.025, 22695
2026/09/26 02:17:09.525, 22695
2026/09/26 02:17:10.025, 22695
2026/09/26 02:17:10.525, 22695
2026/09/26 02:17:11.026, 22695
2026/09/26 02:17:11.526, 22695
2026/09/26 02:17:12.026, 22695
2026/09/26 02:17:12.526, 22695
2026/09/26 02:17:13.026, 22695
2026/09/26 02:17:13.526, 22695
2026/09/26 02:17:14.026, 22695
2026/09/26 02:17:14.527, 22695
2026/09/26 02:17:15.027, 22695
2026/09/26 02:17:15.527, 22695
2026/09/26 02:17:16.027, 22695
2026/09/26 02:17:16.527, 22695
2026/09/26 02:17:17.027, 22695
2026/09/26 02:17:17.527, 22695
2026/09/26 02:17:18.028, 22695
2026/09/26 02:17:18.528, 22695
2026/09/26 02:17:19.028, 22695
2026/09/26 02:17:19.528, 22695
2026/09/26 02:17:20.028, 22695
2026/09/26 02:17:20.528, 22695
2026/09/26 02:17:21.028, 22695
2026/09/26 02:17:21.529, 22695
2026/09/26 02:17:22.029, 22695
2026/09/26 02:17:22.529, 22695
2026/09/26 02:17:23.029, 22695
2026/09/26 02:17:23.529, 22695
2026/09/26 02:17:24.029, 22695
2026/09/26 02:17:24.530, 22695
2026/09/26 02:17:25.030, 22695
2026/09/26 02:17:25.530, 22695
2026/09/26 02:17:26.030, 22695
2026/09/26 02:17:26.530, 22695
2026/09/26 02:17:27.031, 22695
2026/09/26 02:17:27.531, 22695
2026/09/26 02:17:28.031, 22695
2026/09/26 02:17:28.531, 22695
2026/09/26 02:17:29.031, 22695
2026/09/26 02:17:29.531, 22695
2026/09/26 02:17:30.031, 22695
2026/09/26 02:17:30.532, 22695
2026/09/26 02:17:31.032, 22695
2026/09/26 02:17:31.532, 22695
2026/09/26 02:17:32.032, 22695
2026/09/26 02:17:32.532, 22695
2026/09/26 02:17:33.032, 22695
2026/09/26 02:17:33.533, 22695
2026/09/26 02:17:34.033, 22695
2026/09/26 02:17:34.533, 22695
2026/09/26 02:17:35.033, 22695
2026/09/26 02:17:35.533, 22695
2026/09/26 02:17:36.033, 22695
2026/09/26 02:17:36.534, 22695
2026/09/26 02:17:37.034, 22695
2026/09/26 02:17:37.534, 22695
2026/09/26 02:17:38.034, 22695
2026/09/26 02:17:38.534, 22695
2026/09/26 02:17:39.034, 22695
2026/09/26 02:17:39.534, 22695
2026/09/26 02:17:40.035, 22695
2026/09/26 02:17:40.535, 22695
2026/09/26 02:17:41.035, 22695
2026/09/26 02:17:41.535, 22695
2026/09/26 02:17:42.035, 22695
2026/09/26 02:17:42.535, 22695
2026/09/26 02:17:43.036, 22695
2026/09/26 02:17:43.536, 22695
2026/09/26 02:17:44.036, 22695
2026/09/26 02:17:44.536, 22695
2026/09/26 02:17:45.036, 22695
2026/09/26 02:17:45.536, 22695
2026/09/26 02:17:46.036, 22695
2026/09/26 02:17:46.537, 22695
2026/09/26 02:17:47.037, 22695
2026/09/26 02:17:47.537, 22695
2026/09/26 02:17:48.037, 22695
2026/09/26 02:17:48.537, 22695
2026/09/26 02:17:49.037, 22695
2026/09/26 02:17:49.538, 22695
2026/09/26 02:17:50.038, 22695
2026/09/26 02:17:50.538, 22695
2026/09/26 02:17:51.038, 22695
2026/09/26 02:17:51.538, 22695
2026/09/26 02:17:52.038, 22695
2026/09/26 02:17:52.538, 22695
2026/09/26 02:17:53.039, 22695
2026/09/26 02:17:53.539, 22695
2026/09/26 02:17:54.039, 22695
2026/09/26 02:17:54.539, 22695
2026/09/26 02:17:55.039, 22695
2026/09/26 02:17:55.539, 22695
2026/09/26 02:17:56.039, 22695
2026/09/26 02:17:56.540, 22695
2026/09/26 02:17:57.040, 22695
2026/09/26 02:17:57.540, 22695
2026/09/26 02:17:58.040, 22695
2026/09/26 02:17:58.540, 22695
2026/09/26 02:17:59.040, 22695
2026/09/26 02:17:59.540, 22695
2026/09/26 02:18:00.041, 22695
2026/09/26 02:18:00.541, 22695
2026/09/26 02:18:01.041, 22695
2026/09/26 02:18:01.541, 22695
2026/09/26 02:18:02.041, 22695
2026/09/26 02:18:02.541, 22695
2026/09/26 02:18:03.042, 22695
2026/09/26 02:18:03.542, 22695
2026/09/26 02:18:04.042, 22695
2026/09/26 02:18:04.542, 22695
2026/09/26 02:18:05.042, 22695
2026/09/26 02:18:05.542, 22695
2026/09/26 02:18:06.042, 22695
2026/09/26 02:18:06.543, 22695
2026/09/26 02:18:07.043, 22695
2026/09/26 02:18:07.543, 22695
2026/09/26 02:18:08.043, 22695
2026/09/26 02:18:08.543, 22695
2026/09/26 02:18:09.043, 22695
2026/09/26 02:18:09.543, 22695
2026/09/26 02:18:10.044, 22695
2026/09/26 02:18:10.544, 22695
2026/09/26 02:18:11.044, 22695
2026/09/26 02:18:11.544, 22695
2026/09/26 02:18:12.044, 22695
2026/09/26 02:18:12.544, 22695
2026/09/26 02:18:13.045, 22695
2026/09/26 02:18:13.545, 22695
2026/09/26 02:18:14.045, 22695
2026/09/26 02:18:14.545, 22695
2026/09/26 02:18:15.045, 22695
2026/09/26 02:18:15.545, 22695
2026/09/26 02:18:16.045, 22695
2026/09/26 02:18:16.546, 22695
2026/09/26 02:18:17.046, 22695
2026/09/26 02:18:17.546, 22695
2026/09/26 02:18:18.046, 22695
2026/09/26 02:18:18.546, 22695
2026/09/26 02:18:19.046, 22695
2026/09/26 02:18:19.546, 22695
2026/09/26 02:18:20.047, 22695
2026/09/26 02:18:20.547, 22695
2026/09/26 02:18:21.047, 22695
2026/09/26 02:18:21.547, 22695
2026/09/26 02:18:22.047, 22695
2026/09/26 02:18:22.547, 22695
2026/09/26 02:18:23.048, 22695
2026/09/26 02:18:23.548, 22695
2026/09/26 02:18:24.048, 22695
2026/09/26 02:18:24.548, 22695
2026/09/26 02:18:25.048, 22695
2026/09/26 02:18:25.548, 22695
2026/09/26 02:18:26.048, 22695
2026/09/26 02:18:26.549, 22695
2026/09/26 02:18:27.049, 22695
2026/09/26 02:18:27.549, 22695
2026/09/26 02:18:28.049, 22695
2026/09/26 02:18:28.549, 22695
2026/09/26 02:18:29.049, 22695
2026/09/26 02:18:29.550, 22695
2026/09/26 02:18:30.050, 22695
2026/09/26 02:18:30.551, 22695
2026/09/26 02:18:31.051, 22695
2026/09/26 02:18:31.551, 22695
2026/09/26 02:18:32.051, 22695
2026/09/26 02:18:32.551, 22695
2026/09/26 02:18:33.051, 22695
2026/09/26 02:18:33.552, 22695
2026/09/26 02:18:34.052, 22695
2026/09/26 02:18:34.552, 22695
2026/09/26 02:18:35.052, 22695
2026/09/26 02:18:35.552, 22695
2026/09/26 02:18:36.052, 22695
2026/09/26 02:18:36.553, 22695
2026/09/26 02:18:37.053, 22695
2026/09/26 02:18:37.553, 22695
2026/09/26 02:18:38.053, 22695
2026/09/26 02:18:38.553, 22695
2026/09/26 02:18:39.053, 22695
2026/09/26 02:18:39.554, 22695
2026/09/26 02:18:40.054, 22695
2026/09/26 02:18:40.554, 22695
2026/09/26 02:18:41.054, 22695
2026/09/26 02:18:41.554, 22695
2026/09/26 02:18:42.054, 22695
2026/09/26 02:18:42.554, 22695
2026/09/26 02:18:43.055, 22695
2026/09/26 02:18:43.555, 22695
2026/09/26 02:18:44.055, 22695
2026/09/26 02:18:44.555, 22695
2026/09/26 02:18:45.055, 22695
2026/09/26 02:18:45.555, 22695
2026/09/26 02:18:46.055, 22695
2026/09/26 02:18:46.556, 22695
2026/09/26 02:18:47.056, 22695
2026/09/26 02:18:47.556, 22695
2026/09/26 02:18:48.056, 22695
2026/09/26 02:18:48.556, 22695
2026/09/26 02:18:49.056, 22695
2026/09/26 02:18:49.556, 22695
2026/09/26 02:18:50.056, 22695
2026/09/26 02:18:50.556, 22695
2026/09/26 02:18:51.057, 22695
2026/09/26 02:18:51.557, 22695
2026/09/26 02:18:52.057, 22695
2026/09/26 02:18:52.557, 22695
2026/09/26 02:18:53.057, 22695
2026/09/26 02:18:53.557, 22695
2026/09/26 02:18:54.057, 22695
2026/09/26 02:18:54.557, 22695
2026/09/26 02:18:55.057, 22695
2026/09/26 02:18:55.558, 22695
2026/09/26 02:18:56.058, 22695
2026/09/26 02:18:56.558, 22695
2026/09/26 02:18:57.058, 22695
2026/09/26 02:18:57.558, 22695
2026/09/26 02:18:58.058, 22695
2026/09/26 02:18:58.559, 22695
2026/09/26 02:18:59.059, 22695
2026/09/26 02:18:59.559, 22695
2026/09/26 02:19:00.059, 22695
2026/09/26 02:19:00.559, 22695
2026/09/26 02:19:01.059, 22695
2026/09/26 02:19:01.560, 22695
2026/09/26 02:19:02.060, 22695
2026/09/26 02:19:02.560, 22695
2026/09/26 02:19:03.060, 22695
2026/09/26 02:19:03.560, 22695
2026/09/26 02:19:04.060, 22695
2026/09/26 02:19:04.561, 22695
2026/09/26 02:19:05.061, 22695
2026/09/26 02:19:05.561, 22695
2026/09/26 02:19:06.061, 22695
2026/09/26 02:19:06.561, 22695
2026/09/26 02:19:07.061, 22695
2026/09/26 02:19:07.562, 22695
2026/09/26 02:19:08.062, 22695
2026/09/26 02:19:08.562, 22695
2026/09/26 02:19:09.062, 22695
2026/09/26 02:19:09.562, 22695
2026/09/26 02:19:10.062, 22695
2026/09/26 02:19:10.562, 22695
2026/09/26 02:19:11.063, 22695
2026/09/26 02:19:11.563, 22695
2026/09/26 02:19:12.063, 22695
2026/09/26 02:19:12.563, 22695
2026/09/26 02:19:13.063, 22695
2026/09/26 02:19:13.563, 22695
2026/09/26 02:19:14.064, 22695
2026/09/26 02:19:14.564, 22695
2026/09/26 02:19:15.064, 22695
2026/09/26 02:19:15.564, 22695
2026/09/26 02:19:16.064, 22695
2026/09/26 02:19:16.564, 22695
2026/09/26 02:19:17.065, 22695
2026/09/26 02:19:17.565, 22695
2026/09/26 02:19:18.065, 22695
2026/09/26 02:19:18.565, 22695
2026/09/26 02:19:19.065, 22695
2026/09/26 02:19:19.565, 22695
2026/09/26 02:19:20.065, 22695
2026/09/26 02:19:20.566, 22695
2026/09/26 02:19:21.066, 22695
2026/09/26 02:19:21.566, 22695
2026/09/26 02:19:22.066, 22695
2026/09/26 02:19:22.566, 22695
2026/09/26 02:19:23.066, 22695
2026/09/26 02:19:23.566, 22695
2026/09/26 02:19:24.066, 22695
2026/09/26 02:19:24.567, 22695
2026/09/26 02:19:25.067, 22695
2026/09/26 02:19:25.567, 22695
2026/09/26 02:19:26.067, 22695
2026/09/26 02:19:26.567, 22695
2026/09/26 02:19:27.067, 22695
2026/09/26 02:19:27.567, 22695
2026/09/26 02:19:28.068, 22695
2026/09/26 02:19:28.568, 22695
2026/09/26 02:19:29.068, 22695
2026/09/26 02:19:29.568, 22695
2026/09/26 02:19:30.068, 22695
2026/09/26 02:19:30.568, 22695
2026/09/26 02:19:31.069, 22695
2026/09/26 02:19:31.569, 22695
2026/09/26 02:19:32.069, 22695
2026/09/26 02:19:32.569, 22695
2026/09/26 02:19:33.069, 22695
2026/09/26 02:19:33.569, 22695
2026/09/26 02:19:34.069, 22695
2026/09/26 02:19:34.570, 22695
2026/09/26 02:19:35.070, 22695
2026/09/26 02:19:35.570, 22695
2026/09/26 02:19:36.070, 22695
2026/09/26 02:19:36.570, 22695
2026/09/26 02:19:37.070, 22695
2026/09/26 02:19:37.570, 22695
2026/09/26 02:19:38.071, 22695
2026/09/26 02:19:38.571, 22695
2026/09/26 02:19:39.071, 22695
2026/09/26 02:19:39.571, 22695
2026/09/26 02:19:40.071, 22695
2026/09/26 02:19:40.571, 22695
2026/09/26 02:19:41.072, 22695
2026/09/26 02:19:41.572, 22695
2026/09/26 02:19:42.072, 22695
2026/09/26 02:19:42.572, 22695
2026/09/26 02:19:43.072, 22695
2026/09/26 02:19:43.572, 22695
2026/09/26 02:19:44.072, 22695
2026/09/26 02:19:44.573, 22695
2026/09/26 02:19:45.073, 22695
2026/09/26 02:19:45.573, 22695
2026/09/26 02:19:46.073, 22695
2026/09/26 02:19:46.573, 22695
2026/09/26 02:19:47.073, 22695
2026/09/26 02:19:47.574, 22695
2026/09/26 02:19:48.074, 22695
2026/09/26 02:19:48.574, 22695
2026/09/26 02:19:49.074, 22695
2026/09/26 02:19:49.574, 22695
2026/09/26 02:19:50.074, 22695
2026/09/26 02:19:50.574, 22695
2026/09/26 02:19:51.075, 22695
2026/09/26 02:19:51.575, 22695
2026/09/26 02:19:52.075, 22695
2026/09/26 02:19:52.575, 22695
2026/09/26 02:19:53.075, 22695
2026/09/26 02:19:53.575, 22695
2026/09/26 02:19:54.075, 22695
2026/09/26 02:19:54.576, 22695
2026/09/26 02:19:55.076, 22695
2026/09/26 02:19:55.576, 22695
2026/09/26 02:19:56.076, 22695
2026/09/26 02:19:56.576, 22695
2026/09/26 02:19:57.077, 22695
2026/09/26 02:19:57.577, 22695
2026/09/26 02:19:58.077, 22695
2026/09/26 02:19:58.577, 22695
2026/09/26 02:19:59.077, 22695
2026/09/26 02:19:59.577, 22695
2026/09/26 02:20:00.078, 22695
2026/09/26 02:20:00.578, 22695
2026/09/26 02:20:01.078, 22695
2026/09/26 02:20:01.578, 22695
2026/09/26 02:20:02.078, 22695
2026/09/26 02:20:02.578, 22695
2026/09/26 02:20:03.079, 22695
2026/09/26 02:20:03.579, 22695
2026/09/26 02:20:04.079, 22695
2026/09/26 02:20:04.579, 22695
2026/09/26 02:20:05.079, 22695
2026/09/26 02:20:05.579, 22695
2026/09/26 02:20:06.080, 22695
2026/09/26 02:20:06.580, 22695
2026/09/26 02:20:07.080, 22695
2026/09/26 02:20:07.580, 22695
2026/09/26 02:20:08.080, 22695
2026/09/26 02:20:08.580, 22695
2026/09/26 02:20:09.081, 22695
2026/09/26 02:20:09.581, 22695
2026/09/26 02:20:10.081, 22695
2026/09/26 02:20:10.581, 22695
2026/09/26 02:20:11.081, 22695
2026/09/26 02:20:11.581, 22695
2026/09/26 02:20:12.082, 22695
2026/09/26 02:20:12.582, 22695
2026/09/26 02:20:13.082, 22695
2026/09/26 02:20:13.582, 22695
2026/09/26 02:20:14.082, 22695
2026/09/26 02:20:14.582, 22695
2026/09/26 02:20:15.082, 22695
2026/09/26 02:20:15.583, 22695
2026/09/26 02:20:16.083, 22695
2026/09/26 02:20:16.583, 22695
2026/09/26 02:20:17.083, 22695
2026/09/26 02:20:17.583, 22695
2026/09/26 02:20:18.083, 22695
2026/09/26 02:20:18.584, 22695
2026/09/26 02:20:19.084, 22695
2026/09/26 02:20:19.584, 22695
2026/09/26 02:20:20.084, 22695
2026/09/26 02:20:20.584, 22695
2026/09/26 02:20:21.084, 22695
2026/09/26 02:20:21.585, 22695
2026/09/26 02:20:22.085, 22695
2026/09/26 02:20:22.585, 22695
2026/09/26 02:20:23.085, 22695
2026/09/26 02:20:23.585, 22695
2026/09/26 02:20:24.085, 22695
2026/09/26 02:20:24.586, 22695
2026/09/26 02:20:25.086, 22695
2026/09/26 02:20:25.586, 22695
2026/09/26 02:20:26.086, 22695
2026/09/26 02:20:26.586, 22695
2026/09/26 02:20:27.086, 22695
2026/09/26 02:20:27.587, 22695
2026/09/26 02:20:28.087, 22695
2026/09/26 02:20:28.587, 22695
2026/09/26 02:20:29.087, 22695
2026/09/26 02:20:29.587, 22695
2026/09/26 02:20:30.087, 22695
2026/09/26 02:20:30.587, 22695
2026/09/26 02:20:31.088, 22695
2026/09/26 02:20:31.588, 22695
2026/09/26 02:20:32.088, 22695
2026/09/26 02:20:32.588, 22695
2026/09/26 02:20:33.088, 22695
2026/09/26 02:20:33.588, 22695
2026/09/26 02:20:34.089, 22695
2026/09/26 02:20:34.589, 22695
2026/09/26 02:20:35.089, 22695
2026/09/26 02:20:35.589, 22695
2026/09/26 02:20:36.089, 22695
2026/09/26 02:20:36.589, 22695
2026/09/26 02:20:37.089, 22695
2026/09/26 02:20:37.590, 22695
2026/09/26 02:20:38.090, 22695
2026/09/26 02:20:38.590, 22695
2026/09/26 02:20:39.090, 22695
2026/09/26 02:20:39.590, 22695
2026/09/26 02:20:40.090, 22695
2026/09/26 02:20:40.591, 22695
2026/09/26 02:20:41.091, 22695
2026/09/26 02:20:41.591, 22695
2026/09/26 02:20:42.091, 22695
2026/09/26 02:20:42.591, 22695
2026/09/26 02:20:43.091, 22695
2026/09/26 02:20:43.591, 22695
2026/09/26 02:20:44.092, 22695
2026/09/26 02:20:44.592, 22695
2026/09/26 02:20:45.092, 22695
2026/09/26 02:20:45.592, 22695
2026/09/26 02:20:46.092, 22695
2026/09/26 02:20:46.592, 22695
2026/09/26 02:20:47.092, 22695
2026/09/26 02:20:47.593, 22695
2026/09/26 02:20:48.093, 22695
2026/09/26 02:20:48.593, 22695
2026/09/26 02:20:49.093, 22695
2026/09/26 02:20:49.593, 22695
2026/09/26 02:20:50.093, 22695
2026/09/26 02:20:50.593, 22695
2026/09/26 02:20:51.094, 22695
2026/09/26 02:20:51.594, 22695
2026/09/26 02:20:52.094, 22695
2026/09/26 02:20:52.594, 22695
2026/09/26 02:20:53.094, 22695
2026/09/26 02:20:53.594, 22695
2026/09/26 02:20:54.094, 22695
2026/09/26 02:20:54.595, 22695
2026/09/26 02:20:55.095, 22695
2026/09/26 02:20:55.595, 22695
2026/09/26 02:20:56.095, 22695
2026/09/26 02:20:56.595, 22695
2026/09/26 02:20:57.095, 22695
2026/09/26 02:20:57.596, 22695
2026/09/26 02:20:58.096, 22695
2026/09/26 02:20:58.597, 22695
2026/09/26 02:20:59.097, 22695
2026/09/26 02:20:59.597, 22695
2026/09/26 02:21:00.097, 22695
2026/09/26 02:21:00.597, 22695
2026/09/26 02:21:01.097, 22695
2026/09/26 02:21:01.598, 22695
2026/09/26 02:21:02.098, 22695
2026/09/26 02:21:02.598, 22695
2026/09/26 02:21:03.098, 22695
2026/09/26 02:21:03.598, 22695
2026/09/26 02:21:04.098, 22695
2026/09/26 02:21:04.599, 22695
2026/09/26 02:21:05.099, 22695
2026/09/26 02:21:05.599, 22695
2026/09/26 02:21:06.099, 22695
2026/09/26 02:21:06.599, 22695
2026/09/26 02:21:07.099, 22695
2026/09/26 02:21:07.600, 22695
2026/09/26 02:21:08.100, 22695
2026/09/26 02:21:08.600, 22695
2026/09/26 02:21:09.100, 22695
2026/09/26 02:21:09.600, 22695
2026/09/26 02:21:10.101, 22695
2026/09/26 02:21:10.601, 22695
2026/09/26 02:21:11.101, 22695
2026/09/26 02:21:11.601, 22695
2026/09/26 02:21:12.101, 22695
2026/09/26 02:21:12.601, 22695
2026/09/26 02:21:13.101, 22695
2026/09/26 02:21:13.602, 22695
2026/09/26 02:21:14.102, 22695
2026/09/26 02:21:14.602, 22695
2026/09/26 02:21:15.102, 22695
2026/09/26 02:21:15.602, 22695
2026/09/26 02:21:16.102, 22695
2026/09/26 02:21:16.603, 22695
2026/09/26 02:21:17.103, 22695
2026/09/26 02:21:17.603, 22695
2026/09/26 02:21:18.103, 22695
2026/09/26 02:21:18.603, 22695
2026/09/26 02:21:19.103, 22695
2026/09/26 02:21:19.603, 22695
2026/09/26 02:21:20.104, 22695
2026/09/26 02:21:20.604, 22695
2026/09/26 02:21:21.104, 22695
2026/09/26 02:21:21.604, 22695
2026/09/26 02:21:22.104, 22695
2026/09/26 02:21:22.604, 22695
2026/09/26 02:21:23.105, 22695
2026/09/26 02:21:23.605, 22695
2026/09/26 02:21:24.105, 22695
2026/09/26 02:21:24.605, 22695
2026/09/26 02:21:25.105, 22695
2026/09/26 02:21:25.606, 22695
2026/09/26 02:21:26.106, 22695
2026/09/26 02:21:26.606, 22695
2026/09/26 02:21:27.106, 22695
2026/09/26 02:21:27.606, 22695
2026/09/26 02:21:28.106, 22695
2026/09/26 02:21:28.606, 22695
2026/09/26 02:21:29.107, 22695
2026/09/26 02:21:29.607, 22695
2026/09/26 02:21:30.107, 22695
2026/09/26 02:21:30.607, 22695
2026/09/26 02:21:31.107, 22695
2026/09/26 02:21:31.607, 22695
2026/09/26 02:21:32.108, 22695
2026/09/26 02:21:32.608, 22695
2026/09/26 02:21:33.108, 22695
2026/09/26 02:21:33.608, 22695
2026/09/26 02:21:34.108, 22695
2026/09/26 02:21:34.608, 22695
2026/09/26 02:21:35.108, 22695
2026/09/26 02:21:35.609, 22695
2026/09/26 02:21:36.109, 22695
2026/09/26 02:21:36.609, 22695
2026/09/26 02:21:37.109, 22695
2026/09/26 02:21:37.609, 22695
2026/09/26 02:21:38.109, 22695
2026/09/26 02:21:38.609, 22695
2026/09/26 02:21:39.110, 22695
2026/09/26 02:21:39.610, 22695
2026/09/26 02:21:40.110, 22695
2026/09/26 02:21:40.610, 22695
2026/09/26 02:21:41.110, 22695
2026/09/26 02:21:41.610, 22695
2026/09/26 02:21:42.111, 22695
2026/09/26 02:21:42.611, 22695
2026/09/26 02:21:43.111, 22695
2026/09/26 02:21:43.611, 22695
2026/09/26 02:21:44.111, 22695
2026/09/26 02:21:44.611, 22695
2026/09/26 02:21:45.111, 22695
2026/09/26 02:21:45.612, 22695
2026/09/26 02:21:46.112, 22695
2026/09/26 02:21:46.612, 22695
2026/09/26 02:21:47.112, 22695
2026/09/26 02:21:47.612, 22695
2026/09/26 02:21:48.112, 22695
2026/09/26 02:21:48.613, 22695
2026/09/26 02:21:49.113, 22695
2026/09/26 02:21:49.613, 22695
2026/09/26 02:21:50.113, 22695
2026/09/26 02:21:50.613, 22695
2026/09/26 02:21:51.113, 22695
2026/09/26 02:21:51.613, 22695
2026/09/26 02:21:52.114, 22695
2026/09/26 02:21:52.614, 22695
2026/09/26 02:21:53.114, 22695
2026/09/26 02:21:53.614, 22695
2026/09/26 02:21:54.114, 22695
2026/09/26 02:21:54.614, 22695
2026/09/26 02:21:55.115, 22695
2026/09/26 02:21:55.615, 22695
2026/09/26 02:21:56.115, 22695
2026/09/26 02:21:56.615, 22695
2026/09/26 02:21:57.115, 22695
2026/09/26 02:21:57.615, 22695
2026/09/26 02:21:58.115, 22695
2026/09/26 02:21:58.616, 22695
2026/09/26 02:21:59.116, 22695
2026/09/26 02:21:59.616, 22695
2026/09/26 02:22:00.116, 22695
2026/09/26 02:22:00.616, 22695
2026/09/26 02:22:01.116, 22695
2026/09/26 02:22:01.617, 22695
2026/09/26 02:22:02.117, 22695
2026/09/26 02:22:02.617, 22695
2026/09/26 02:22:03.117, 22695
2026/09/26 02:22:03.617, 22695
2026/09/26 02:22:04.117, 22695
2026/09/26 02:22:04.618, 22695
2026/09/26 02:22:05.118, 22695
2026/09/26 02:22:05.618, 22695
2026/09/26 02:22:06.118, 22695
2026/09/26 02:22:06.618, 22695
2026/09/26 02:22:07.118, 22695
2026/09/26 02:22:07.618, 22695
2026/09/26 02:22:08.119, 22695
2026/09/26 02:22:08.619, 22695
2026/09/26 02:22:09.119, 22695
2026/09/26 02:22:09.619, 22695
2026/09/26 02:22:10.119, 22695
2026/09/26 02:22:10.619, 22695
2026/09/26 02:22:11.120, 22695
2026/09/26 02:22:11.620, 22695
2026/09/26 02:22:12.120, 22695
2026/09/26 02:22:12.620, 22695
2026/09/26 02:22:13.120, 22695
2026/09/26 02:22:13.621, 22695
2026/09/26 02:22:14.121, 22695
2026/09/26 02:22:14.621, 22695
2026/09/26 02:22:15.121, 22695
2026/09/26 02:22:15.621, 22695
2026/09/26 02:22:16.121, 22695
2026/09/26 02:22:16.621, 22695
2026/09/26 02:22:17.122, 22695
2026/09/26 02:22:17.622, 22695
2026/09/26 02:22:18.122, 22695
2026/09/26 02:22:18.622, 22695
2026/09/26 02:22:19.122, 22695
2026/09/26 02:22:19.622, 22695
2026/09/26 02:22:20.123, 22695
2026/09/26 02:22:20.623, 22695
2026/09/26 02:22:21.123, 22695
2026/09/26 02:22:21.623, 22695
2026/09/26 02:22:22.123, 22695
2026/09/26 02:22:22.623, 22695
2026/09/26 02:22:23.124, 22695
2026/09/26 02:22:23.624, 22695
2026/09/26 02:22:24.124, 22695
2026/09/26 02:22:24.624, 22695
2026/09/26 02:22:25.124, 22695
2026/09/26 02:22:25.625, 22695
2026/09/26 02:22:26.125, 22695
2026/09/26 02:22:26.625, 22695
2026/09/26 02:22:27.125, 22695
2026/09/26 02:22:27.625, 22695
2026/09/26 02:22:28.125, 22695
2026/09/26 02:22:28.626, 22695
2026/09/26 02:22:29.126, 22695
2026/09/26 02:22:29.626, 22695
2026/09/26 02:22:30.126, 22695
2026/09/26 02:22:30.626, 22695
2026/09/26 02:22:31.126, 22695
2026/09/26 02:22:31.626, 22695
2026/09/26 02:22:32.126, 22695
2026/09/26 02:22:32.627, 22695
2026/09/26 02:22:33.127, 22695
2026/09/26 02:22:33.627, 22695
2026/09/26 02:22:34.127, 22695
2026/09/26 02:22:34.627, 22695
2026/09/26 02:22:35.127, 22695
2026/09/26 02:22:35.627, 22695
2026/09/26 02:22:36.127, 22695
2026/09/26 02:22:36.628, 22695
2026/09/26 02:22:37.128, 22695
2026/09/26 02:22:37.628, 22695
2026/09/26 02:22:38.128, 22695
2026/09/26 02:22:38.628, 22695
2026/09/26 02:22:39.128, 22695
2026/09/26 02:22:39.629, 22695
2026/09/26 02:22:40.129, 22695
2026/09/26 02:22:40.629, 22695
2026/09/26 02:22:41.129, 22695
2026/09/26 02:22:41.629, 22695
2026/09/26 02:22:42.129, 22695
2026/09/26 02:22:42.629, 22695
2026/09/26 02:22:43.130, 22695
2026/09/26 02:22:43.630, 22695
2026/09/26 02:22:44.130, 22695
2026/09/26 02:22:44.630, 22695
2026/09/26 02:22:45.130, 22695
2026/09/26 02:22:45.630, 22695
2026/09/26 02:22:46.130, 22695
2026/09/26 02:22:46.630, 22695
2026/09/26 02:22:47.131, 22695
2026/09/26 02:22:47.631, 22695
2026/09/26 02:22:48.131, 22695
2026/09/26 02:22:48.631, 22695
2026/09/26 02:22:49.131, 22695
2026/09/26 02:22:49.631, 22695
2026/09/26 02:22:50.132, 22695
2026/09/26 02:22:50.632, 22695
2026/09/26 02:22:51.132, 22695
2026/09/26 02:22:51.632, 22695
2026/09/26 02:22:52.132, 22695
2026/09/26 02:22:52.633, 22695
2026/09/26 02:22:53.133, 22695
2026/09/26 02:22:53.633, 22695
2026/09/26 02:22:54.133, 22695
2026/09/26 02:22:54.633, 22695
2026/09/26 02:22:55.133, 22695
2026/09/26 02:22:55.633, 22695
2026/09/26 02:22:56.134, 22695
2026/09/26 02:22:56.634, 22695
2026/09/26 02:22:57.134, 22695
2026/09/26 02:22:57.634, 22695
2026/09/26 02:22:58.134, 22695
2026/09/26 02:22:58.634, 22695
2026/09/26 02:22:59.135, 22695
2026/09/26 02:22:59.635, 22695
2026/09/26 02:23:00.135, 22695
2026/09/26 02:23:00.635, 22695
2026/09/26 02:23:01.135, 22695
2026/09/26 02:23:01.635, 22695
2026/09/26 02:23:02.135, 22695
2026/09/26 02:23:02.636, 22695
2026/09/26 02:23:03.136, 22695
2026/09/26 02:23:03.636, 22695
2026/09/26 02:23:04.136, 22695
2026/09/26 02:23:04.636, 22695
2026/09/26 02:23:05.136, 22695
2026/09/26 02:23:05.636, 22695
2026/09/26 02:23:06.137, 22695
2026/09/26 02:23:06.637, 22695
2026/09/26 02:23:07.137, 22695
2026/09/26 02:23:07.637, 22695
2026/09/26 02:23:08.137, 22695
2026/09/26 02:23:08.637, 22695
2026/09/26 02:23:09.138, 22695
2026/09/26 02:23:09.638, 22695
2026/09/26 02:23:10.138, 22695
2026/09/26 02:23:10.638, 22695
2026/09/26 02:23:11.138, 22695
2026/09/26 02:23:11.638, 22695
2026/09/26 02:23:12.139, 22695
2026/09/26 02:23:12.639, 22695
2026/09/26 02:23:13.139, 22695
2026/09/26 02:23:13.639, 22695
2026/09/26 02:23:14.139, 22695
2026/09/26 02:23:14.639, 22695
2026/09/26 02:23:15.140, 22695
2026/09/26 02:23:15.640, 22695
2026/09/26 02:23:16.140, 22695
2026/09/26 02:23:16.640, 22695
2026/09/26 02:23:17.140, 22695
2026/09/26 02:23:17.641, 22695
2026/09/26 02:23:18.141, 22695
2026/09/26 02:23:18.641, 22695
2026/09/26 02:23:19.141, 22695
2026/09/26 02:23:19.641, 22695
2026/09/26 02:23:20.141, 22695
2026/09/26 02:23:20.642, 22695
2026/09/26 02:23:21.142, 22695
2026/09/26 02:23:21.642, 22695
2026/09/26 02:23:22.142, 22695
2026/09/26 02:23:22.642, 22695
2026/09/26 02:23:23.142, 22695
2026/09/26 02:23:23.642, 22695
2026/09/26 02:23:24.143, 22695
2026/09/26 02:23:24.643, 22695
2026/09/26 02:23:25.143, 22695
2026/09/26 02:23:25.643, 22695
2026/09/26 02:23:26.143, 22695
2026/09/26 02:23:26.643, 22695
2026/09/26 02:23:27.144, 22695
2026/09/26 02:23:27.644, 22695
2026/09/26 02:23:28.144, 22695
2026/09/26 02:23:28.644, 22695
2026/09/26 02:23:29.144, 22695
2026/09/26 02:23:29.644, 22695
2026/09/26 02:23:30.144, 22695
2026/09/26 02:23:30.645, 22695
2026/09/26 02:23:31.145, 22695
2026/09/26 02:23:31.645, 22695
2026/09/26 02:23:32.145, 22695
2026/09/26 02:23:32.645, 22695
2026/09/26 02:23:33.145, 22695
2026/09/26 02:23:33.645, 22695
2026/09/26 02:23:34.146, 22695
2026/09/26 02:23:34.646, 22695
2026/09/26 02:23:35.146, 22695
2026/09/26 02:23:35.646, 22695
2026/09/26 02:23:36.146, 22695
2026/09/26 02:23:36.646, 22695
2026/09/26 02:23:37.147, 22695
2026/09/26 02:23:37.647, 22695
2026/09/26 02:23:38.147, 22695
2026/09/26 02:23:38.647, 22695
2026/09/26 02:23:39.147, 22695
2026/09/26 02:23:39.647, 22695
2026/09/26 02:23:40.147, 22695
2026/09/26 02:23:40.648, 22695
2026/09/26 02:23:41.148, 22695
2026/09/26 02:23:41.648, 22695
2026/09/26 02:23:42.148, 22695
2026/09/26 02:23:42.648, 22695
2026/09/26 02:23:43.149, 22695
2026/09/26 02:23:43.649, 22695
2026/09/26 02:23:44.149, 22695
2026/09/26 02:23:44.649, 22695
2026/09/26 02:23:45.149, 22695
2026/09/26 02:23:45.649, 22695
2026/09/26 02:23:46.150, 22695
2026/09/26 02:23:46.650, 22695
2026/09/26 02:23:47.150, 22695
2026/09/26 02:23:47.650, 22695
2026/09/26 02:23:48.150, 22695
2026/09/26 02:23:48.650, 22695
2026/09/26 02:23:49.151, 22695
2026/09/26 02:23:49.651, 22695
2026/09/26 02:23:50.151, 22695
2026/09/26 02:23:50.651, 22695
2026/09/26 02:23:51.151, 22695
2026/09/26 02:23:51.652, 22695
2026/09/26 02:23:52.152, 22695
2026/09/26 02:23:52.652, 22695
2026/09/26 02:23:53.152, 22695
2026/09/26 02:23:53.652, 22695
2026/09/26 02:23:54.152, 22695
2026/09/26 02:23:54.653, 22695
2026/09/26 02:23:55.153, 22695
2026/09/26 02:23:55.653, 22695
2026/09/26 02:23:56.153, 22695
2026/09/26 02:23:56.653, 22695
2026/09/26 02:23:57.153, 22695
2026/09/26 02:23:57.654, 22695
2026/09/26 02:23:58.154, 22695
2026/09/26 02:23:58.654, 22695
2026/09/26 02:23:59.154, 22695
2026/09/26 02:23:59.654, 22695
2026/09/26 02:24:00.154, 22695
2026/09/26 02:24:00.654, 22695
2026/09/26 02:24:01.155, 22695
2026/09/26 02:24:01.655, 22695
2026/09/26 02:24:02.155, 22695
2026/09/26 02:24:02.655, 22695
2026/09/26 02:24:03.155, 22695
2026/09/26 02:24:03.655, 22695
2026/09/26 02:24:04.156, 22695
2026/09/26 02:24:04.656, 22695
2026/09/26 02:24:05.156, 22695
2026/09/26 02:24:05.656, 22695
2026/09/26 02:24:06.156, 22695
2026/09/26 02:24:06.656, 22695
2026/09/26 02:24:07.157, 22695
2026/09/26 02:24:07.657, 22695
2026/09/26 02:24:08.157, 22695
2026/09/26 02:24:08.657, 22695
2026/09/26 02:24:09.157, 22695
2026/09/26 02:24:09.657, 22695
2026/09/26 02:24:10.158, 22695
2026/09/26 02:24:10.658, 22695
2026/09/26 02:24:11.158, 22695
2026/09/26 02:24:11.658, 22695
2026/09/26 02:24:12.158, 22695
2026/09/26 02:24:12.658, 22695
2026/09/26 02:24:13.158, 22695
2026/09/26 02:24:13.659, 22695
2026/09/26 02:24:14.159, 22695
2026/09/26 02:24:14.659, 22695
2026/09/26 02:24:15.159, 22695
2026/09/26 02:24:15.659, 22695
2026/09/26 02:24:16.159, 22695
2026/09/26 02:24:16.659, 22695
2026/09/26 02:24:17.160, 22695
2026/09/26 02:24:17.660, 22695
2026/09/26 02:24:18.160, 22695
2026/09/26 02:24:18.660, 22695
2026/09/26 02:24:19.160, 22695
2026/09/26 02:24:19.660, 22695
2026/09/26 02:24:20.161, 22695
2026/09/26 02:24:20.661, 22695
2026/09/26 02:24:21.161, 22695
2026/09/26 02:24:21.661, 22695
2026/09/26 02:24:22.161, 22695
2026/09/26 02:24:22.661, 22695
2026/09/26 02:24:23.162, 22695
2026/09/26 02:24:23.662, 22695
2026/09/26 02:24:24.162, 22695
2026/09/26 02:24:24.662, 22695
2026/09/26 02:24:25.162, 22695
2026/09/26 02:24:25.662, 22695
2026/09/26 02:24:26.163, 22695
2026/09/26 02:24:26.663, 22695
2026/09/26 02:24:27.163, 22695
2026/09/26 02:24:27.663, 22695
2026/09/26 02:24:28.164, 22695
2026/09/26 02:24:28.664, 22695
2026/09/26 02:24:29.164, 22695
2026/09/26 02:24:29.664, 22695
2026/09/26 02:24:30.164, 22695
2026/09/26 02:24:30.664, 22695
2026/09/26 02:24:31.165, 22695
2026/09/26 02:24:31.665, 22695
2026/09/26 02:24:32.165, 22695
2026/09/26 02:24:32.665, 22695
2026/09/26 02:24:33.165, 22695
2026/09/26 02:24:33.666, 22695
2026/09/26 02:24:34.166, 22695
2026/09/26 02:24:34.666, 22695
2026/09/26 02:24:35.166, 22695
2026/09/26 02:24:35.666, 22695
2026/09/26 02:24:36.166, 22695
2026/09/26 02:24:36.667, 22695
2026/09/26 02:24:37.167, 22695
2026/09/26 02:24:37.667, 22695
2026/09/26 02:24:38.167, 22695
2026/09/26 02:24:38.667, 22695
2026/09/26 02:24:39.167, 22695
2026/09/26 02:24:39.668, 22695
2026/09/26 02:24:40.168, 22695
2026/09/26 02:24:40.668, 22695
2026/09/26 02:24:41.168, 22695
2026/09/26 02:24:41.669, 22695
2026/09/26 02:24:42.169, 22695
2026/09/26 02:24:42.669, 22695
2026/09/26 02:24:43.169, 22695
2026/09/26 02:24:43.669, 22695
2026/09/26 02:24:44.169, 22695
2026/09/26 02:24:44.670, 22695
2026/09/26 02:24:45.170, 22695
2026/09/26 02:24:45.670, 22695
2026/09/26 02:24:46.170, 22695
2026/09/26 02:24:46.670, 22695
2026/09/26 02:24:47.171, 22695
2026/09/26 02:24:47.671, 22695
2026/09/26 02:24:48.171, 22695
2026/09/26 02:24:48.671, 22695
2026/09/26 02:24:49.171, 22695
2026/09/26 02:24:49.671, 22695
2026/09/26 02:24:50.172, 22695
2026/09/26 02:24:50.672, 22695
2026/09/26 02:24:51.172, 22695
2026/09/26 02:24:51.672, 22695
2026/09/26 02:24:52.172, 22695
2026/09/26 02:24:52.672, 22695
2026/09/26 02:24:53.173, 22695
2026/09/26 02:24:53.673, 22695
2026/09/26 02:24:54.173, 22695
2026/09/26 02:24:54.673, 22695
2026/09/26 02:24:55.173, 22695
2026/09/26 02:24:55.674, 22695
2026/09/26 02:24:56.174, 22695
2026/09/26 02:24:56.674, 22695
2026/09/26 02:24:57.174, 22695
2026/09/26 02:24:57.674, 22695
2026/09/26 02:24:58.174, 22695
2026/09/26 02:24:58.674, 22695
2026/09/26 02:24:59.175, 22695
2026/09/26 02:24:59.675, 22695
2026/09/26 02:25:00.175, 22695
2026/09/26 02:25:00.675, 22695
2026/09/26 02:25:01.175, 22695
2026/09/26 02:25:01.675, 22695
2026/09/26 02:25:02.176, 22695
2026/09/26 02:25:02.676, 22695
2026/09/26 02:25:03.176, 22695
2026/09/26 02:25:03.676, 22695
2026/09/26 02:25:04.176, 22695
2026/09/26 02:25:04.676, 22695
2026/09/26 02:25:05.177, 22695
2026/09/26 02:25:05.677, 22695
2026/09/26 02:25:06.177, 22695
2026/09/26 02:25:06.677, 22695
2026/09/26 02:25:07.177, 22695
2026/09/26 02:25:07.677, 22695
2026/09/26 02:25:08.178, 22695
2026/09/26 02:25:08.678, 22695
2026/09/26 02:25:09.178, 22695
2026/09/26 02:25:09.678, 22695
2026/09/26 02:25:10.178, 22695
2026/09/26 02:25:10.678, 22695
2026/09/26 02:25:11.179, 22695
2026/09/26 02:25:11.679, 22695
2026/09/26 02:25:12.179, 22695
2026/09/26 02:25:12.679, 22695
2026/09/26 02:25:13.179, 22695
2026/09/26 02:25:13.679, 22695
2026/09/26 02:25:14.180, 22695
2026/09/26 02:25:14.680, 22695
2026/09/26 02:25:15.180, 22695
2026/09/26 02:25:15.680, 22695
2026/09/26 02:25:16.180, 22695
2026/09/26 02:25:16.681, 22695
2026/09/26 02:25:17.181, 22695
2026/09/26 02:25:17.681, 22695
2026/09/26 02:25:18.181, 22695
2026/09/26 02:25:18.681, 22695
2026/09/26 02:25:19.181, 22695
2026/09/26 02:25:19.682, 22695
2026/09/26 02:25:20.182, 22695
2026/09/26 02:25:20.682, 22695
2026/09/26 02:25:21.182, 22695
2026/09/26 02:25:21.682, 22695
2026/09/26 02:25:22.182, 22695
2026/09/26 02:25:22.682, 22695
2026/09/26 02:25:23.183, 22695
2026/09/26 02:25:23.683, 22695
2026/09/26 02:25:24.183, 22695
2026/09/26 02:25:24.683, 22695
2026/09/26 02:25:25.183, 22695
2026/09/26 02:25:25.684, 22695
2026/09/26 02:25:26.184, 22695
2026/09/26 02:25:26.684, 22695
2026/09/26 02:25:27.184, 22695
2026/09/26 02:25:27.684, 22695
2026/09/26 02:25:28.184, 22695
2026/09/26 02:25:28.685, 22695
2026/09/26 02:25:29.185, 22695
2026/09/26 02:25:29.685, 22695
2026/09/26 02:25:30.185, 22695
2026/09/26 02:25:30.685, 22695
2026/09/26 02:25:31.185, 22695
2026/09/26 02:25:31.686, 22695
2026/09/26 02:25:32.186, 22695
2026/09/26 02:25:32.686, 22695
2026/09/26 02:25:33.186, 22695
2026/09/26 02:25:33.686, 22695
2026/09/26 02:25:34.186, 22695
2026/09/26 02:25:34.686, 22695
2026/09/26 02:25:35.187, 22695
2026/09/26 02:25:35.687, 22695
2026/09/26 02:25:36.187, 22695
2026/09/26 02:25:36.687, 22695
2026/09/26 02:25:37.187, 22695
2026/09/26 02:25:37.687, 22695
2026/09/26 02:25:38.188, 22695
2026/09/26 02:25:38.688, 22695
2026/09/26 02:25:39.188, 22695
2026/09/26 02:25:39.688, 22695
2026/09/26 02:25:40.188, 22695
2026/09/26 02:25:40.688, 22695
2026/09/26 02:25:41.189, 22695
2026/09/26 02:25:41.689, 22695
2026/09/26 02:25:42.189, 22695
2026/09/26 02:25:42.689, 22695
2026/09/26 02:25:43.189, 22695
2026/09/26 02:25:43.689, 22695
2026/09/26 02:25:44.190, 22695
2026/09/26 02:25:44.690, 22695
2026/09/26 02:25:45.190, 22695
2026/09/26 02:25:45.690, 22695
2026/09/26 02:25:46.190, 22695
2026/09/26 02:25:46.691, 22695
2026/09/26 02:25:47.191, 22695
2026/09/26 02:25:47.691, 22695
2026/09/26 02:25:48.191, 22695
2026/09/26 02:25:48.691, 22695
2026/09/26 02:25:49.191, 22695
2026/09/26 02:25:49.691, 22695
2026/09/26 02:25:50.192, 22695
2026/09/26 02:25:50.692, 22695
2026/09/26 02:25:51.192, 22695
2026/09/26 02:25:51.692, 22695
2026/09/26 02:25:52.192, 22695
2026/09/26 02:25:52.692, 22695
2026/09/26 02:25:53.193, 22695
2026/09/26 02:25:53.693, 22695
2026/09/26 02:25:54.193, 22695
2026/09/26 02:25:54.693, 22695
2026/09/26 02:25:55.193, 22695
2026/09/26 02:25:55.693, 22695
2026/09/26 02:25:56.194, 22695
2026/09/26 02:25:56.694, 22695
2026/09/26 02:25:57.194, 22695
2026/09/26 02:25:57.694, 22695
2026/09/26 02:25:58.194, 22695
2026/09/26 02:25:58.694, 22695
2026/09/26 02:25:59.195, 22695
2026/09/26 02:25:59.695, 22695
2026/09/26 02:26:00.195, 22695
2026/09/26 02:26:00.695, 22695
2026/09/26 02:26:01.195, 22695
2026/09/26 02:26:01.695, 22695
2026/09/26 02:26:02.196, 22695
2026/09/26 02:26:02.696, 22695
2026/09/26 02:26:03.196, 22695
2026/09/26 02:26:03.696, 22695
2026/09/26 02:26:04.196, 22695
2026/09/26 02:26:04.696, 22695
2026/09/26 02:26:05.196, 22695
2026/09/26 02:26:05.697, 22695
2026/09/26 02:26:06.197, 22695
2026/09/26 02:26:06.697, 22695
2026/09/26 02:26:07.197, 22695
2026/09/26 02:26:07.697, 22695
2026/09/26 02:26:08.197, 22695
2026/09/26 02:26:08.698, 22695
2026/09/26 02:26:09.198, 22695
2026/09/26 02:26:09.698, 22695
2026/09/26 02:26:10.198, 22695
2026/09/26 02:26:10.698, 22695
2026/09/26 02:26:11.198, 22695
2026/09/26 02:26:11.699, 22695
2026/09/26 02:26:12.199, 22695
2026/09/26 02:26:12.699, 22695
2026/09/26 02:26:13.199, 22695
2026/09/26 02:26:13.699, 22695
2026/09/26 02:26:14.199, 22695
2026/09/26 02:26:14.699, 22695
2026/09/26 02:26:15.200, 22695
2026/09/26 02:26:15.700, 22695
2026/09/26 02:26:16.200, 22695
2026/09/26 02:26:16.700, 22695
2026/09/26 02:26:17.200, 22695
2026/09/26 02:26:17.700, 22695
2026/09/26 02:26:18.200, 22695
2026/09/26 02:26:18.701, 22695
2026/09/26 02:26:19.201, 22695
2026/09/26 02:26:19.701, 22695
2026/09/26 02:26:20.201, 22695
2026/09/26 02:26:20.701, 22695
2026/09/26 02:26:21.201, 22695
2026/09/26 02:26:21.701, 22695
2026/09/26 02:26:22.202, 22695
2026/09/26 02:26:22.702, 22695
2026/09/26 02:26:23.202, 22695
2026/09/26 02:26:23.702, 22695
2026/09/26 02:26:24.202, 22695
2026/09/26 02:26:24.702, 22695
2026/09/26 02:26:25.203, 22695
2026/09/26 02:26:25.703, 22695
2026/09/26 02:26:26.203, 22695
2026/09/26 02:26:26.703, 22695
2026/09/26 02:26:27.203, 22695
2026/09/26 02:26:27.703, 22695
2026/09/26 02:26:28.204, 22695
2026/09/26 02:26:28.704, 22695
2026/09/26 02:26:29.204, 22695
2026/09/26 02:26:29.704, 22695
2026/09/26 02:26:30.204, 22695
2026/09/26 02:26:30.705, 22695
2026/09/26 02:26:31.205, 22695
2026/09/26 02:26:31.705, 22695
2026/09/26 02:26:32.205, 22695
2026/09/26 02:26:32.705, 22695
2026/09/26 02:26:33.205, 22695
2026/09/26 02:26:33.705, 22695
2026/09/26 02:26:34.206, 22695
2026/09/26 02:26:34.706, 22695
2026/09/26 02:26:35.206, 22695
2026/09/26 02:26:35.706, 22695
2026/09/26 02:26:36.206, 22695
2026/09/26 02:26:36.706, 22695
2026/09/26 02:26:37.207, 22695
2026/09/26 02:26:37.707, 22695
2026/09/26 02:26:38.207, 22695
2026/09/26 02:26:38.707, 22695
2026/09/26 02:26:39.207, 22695
2026/09/26 02:26:39.707, 22695
2026/09/26 02:26:40.207, 22695
2026/09/26 02:26:40.708, 22695
2026/09/26 02:26:41.208, 22695
2026/09/26 02:26:41.708, 22695
2026/09/26 02:26:42.208, 22695
2026/09/26 02:26:42.708, 22695
2026/09/26 02:26:43.208, 22695
2026/09/26 02:26:43.708, 22695
2026/09/26 02:26:44.209, 22695
2026/09/26 02:26:44.709, 22695
2026/09/26 02:26:45.209, 22695
2026/09/26 02:26:45.709, 22695
2026/09/26 02:26:46.209, 22695
2026/09/26 02:26:46.709, 22695
2026/09/26 02:26:47.210, 22695
2026/09/26 02:26:47.710, 22695
2026/09/26 02:26:48.210, 22695
2026/09/26 02:26:48.710, 22695
2026/09/26 02:26:49.210, 22695
2026/09/26 02:26:49.710, 22695
2026/09/26 02:26:50.211, 22695
2026/09/26 02:26:50.711, 22695
2026/09/26 02:26:51.211, 22695
2026/09/26 02:26:51.711, 22695
2026/09/26 02:26:52.211, 22695
2026/09/26 02:26:52.711, 22695
2026/09/26 02:26:53.211, 22695
2026/09/26 02:26:53.712, 22695
2026/09/26 02:26:54.212, 22695
2026/09/26 02:26:54.712, 22695
2026/09/26 02:26:55.212, 22695
2026/09/26 02:26:55.712, 22695
2026/09/26 02:26:56.212, 22695
2026/09/26 02:26:56.713, 22695
2026/09/26 02:26:57.213, 22695
2026/09/26 02:26:57.713, 22695
2026/09/26 02:26:58.213, 22695
2026/09/26 02:26:58.713, 22695
2026/09/26 02:26:59.213, 22695
2026/09/26 02:26:59.714, 22695
2026/09/26 02:27:00.214, 22695
2026/09/26 02:27:00.714, 22695
2026/09/26 02:27:01.214, 22695
2026/09/26 02:27:01.714, 22695
2026/09/26 02:27:02.214, 22695
2026/09/26 02:27:02.715, 22695
2026/09/26 02:27:03.215, 22695
2026/09/26 02:27:03.715, 22695
2026/09/26 02:27:04.215, 22695
2026/09/26 02:27:04.715, 22695
2026/09/26 02:27:05.215, 22695
2026/09/26 02:27:05.716, 22695
2026/09/26 02:27:06.216, 22695
2026/09/26 02:27:06.716, 22695
2026/09/26 02:27:07.216, 22695
2026/09/26 02:27:07.716, 22695
2026/09/26 02:27:08.216, 22695
2026/09/26 02:27:08.717, 22695
2026/09/26 02:27:09.217, 22695
2026/09/26 02:27:09.717, 22695
2026/09/26 02:27:10.217, 22695
2026/09/26 02:27:10.717, 22695
2026/09/26 02:27:11.217, 22695
2026/09/26 02:27:11.718, 22695
2026/09/26 02:27:12.218, 22695
2026/09/26 02:27:12.718, 22695
2026/09/26 02:27:13.218, 22695
2026/09/26 02:27:13.718, 22695
2026/09/26 02:27:14.218, 22695
2026/09/26 02:27:14.719, 22695
2026/09/26 02:27:15.219, 22695
2026/09/26 02:27:15.719, 22695
2026/09/26 02:27:16.219, 22695
2026/09/26 02:27:16.719, 22695
2026/09/26 02:27:17.219, 22695
2026/09/26 02:27:17.720, 22695
2026/09/26 02:27:18.220, 22695
2026/09/26 02:27:18.720, 22695
2026/09/26 02:27:19.220, 22695
2026/09/26 02:27:19.720, 22695
2026/09/26 02:27:20.220, 22695
2026/09/26 02:27:20.721, 22695
2026/09/26 02:27:21.221, 22695
2026/09/26 02:27:21.721, 22695
2026/09/26 02:27:22.221, 22695
2026/09/26 02:27:22.721, 22695
2026/09/26 02:27:23.221, 22695
2026/09/26 02:27:23.722, 22695
2026/09/26 02:27:24.222, 22695
2026/09/26 02:27:24.722, 22695
2026/09/26 02:27:25.222, 22695
2026/09/26 02:27:25.722, 22695
2026/09/26 02:27:26.222, 22695
2026/09/26 02:27:26.723, 22695
2026/09/26 02:27:27.223, 22695
2026/09/26 02:27:27.723, 22695
2026/09/26 02:27:28.223, 22695
2026/09/26 02:27:28.723, 22695
2026/09/26 02:27:29.224, 22695
2026/09/26 02:27:29.724, 22695
2026/09/26 02:27:30.224, 22695
2026/09/26 02:27:30.724, 22695
2026/09/26 02:27:31.224, 22695
2026/09/26 02:27:31.725, 22695
2026/09/26 02:27:32.225, 22695
2026/09/26 02:27:32.725, 22695
2026/09/26 02:27:33.225, 22695
2026/09/26 02:27:33.725, 22695
2026/09/26 02:27:34.225, 22695
2026/09/26 02:27:34.726, 22695
2026/09/26 02:27:35.226, 22695
2026/09/26 02:27:35.726, 22695
2026/09/26 02:27:36.226, 22695
2026/09/26 02:27:36.726, 22695
2026/09/26 02:27:37.227, 22695
2026/09/26 02:27:37.727, 22695
2026/09/26 02:27:38.227, 22695
2026/09/26 02:27:38.727, 22695
2026/09/26 02:27:39.227, 22695
2026/09/26 02:27:39.727, 22695
2026/09/26 02:27:40.228, 22695
2026/09/26 02:27:40.728, 22695
2026/09/26 02:27:41.228, 22695
2026/09/26 02:27:41.728, 22695
2026/09/26 02:27:42.228, 22695
2026/09/26 02:27:42.728, 22695
2026/09/26 02:27:43.229, 22695
2026/09/26 02:27:43.729, 22695
2026/09/26 02:27:44.229, 22695
2026/09/26 02:27:44.729, 22695
2026/09/26 02:27:45.229, 22695
2026/09/26 02:27:45.729, 22695
2026/09/26 02:27:46.230, 22695
2026/09/26 02:27:46.730, 22695
2026/09/26 02:27:47.230, 22695
2026/09/26 02:27:47.730, 22695
2026/09/26 02:27:48.230, 22695
2026/09/26 02:27:48.730, 22695
2026/09/26 02:27:49.231, 22695
2026/09/26 02:27:49.731, 22695
2026/09/26 02:27:50.231, 22695
2026/09/26 02:27:50.731, 22695
2026/09/26 02:27:51.231, 22695
2026/09/26 02:27:51.731, 22695
2026/09/26 02:27:52.232, 22695
2026/09/26 02:27:52.732, 22695
2026/09/26 02:27:53.232, 22695
2026/09/26 02:27:53.732, 22695
2026/09/26 02:27:54.232, 22695
2026/09/26 02:27:54.732, 22695
2026/09/26 02:27:55.233, 22695
2026/09/26 02:27:55.733, 22695
2026/09/26 02:27:56.233, 22695
2026/09/26 02:27:56.733, 22695
2026/09/26 02:27:57.233, 22695
2026/09/26 02:27:57.733, 22695
2026/09/26 02:27:58.234, 22695
2026/09/26 02:27:58.734, 22695
2026/09/26 02:27:59.234, 22695
2026/09/26 02:27:59.734, 22695
2026/09/26 02:28:00.234, 22695
2026/09/26 02:28:00.734, 22695
2026/09/26 02:28:01.235, 22695
2026/09/26 02:28:01.735, 22695
2026/09/26 02:28:02.235, 22695
2026/09/26 02:28:02.735, 22695
2026/09/26 02:28:03.235, 22695
2026/09/26 02:28:03.735, 22695
2026/09/26 02:28:04.236, 22695
2026/09/26 02:28:04.736, 22695
2026/09/26 02:28:05.236, 22695
2026/09/26 02:28:05.736, 22695
2026/09/26 02:28:06.236, 22695
2026/09/26 02:28:06.737, 22695
2026/09/26 02:28:07.237, 22695
2026/09/26 02:28:07.737, 22695
2026/09/26 02:28:08.237, 22695
2026/09/26 02:28:08.737, 22695
2026/09/26 02:28:09.238, 22695
2026/09/26 02:28:09.738, 22695
2026/09/26 02:28:10.238, 22695
2026/09/26 02:28:10.738, 22695
2026/09/26 02:28:11.238, 22695
2026/09/26 02:28:11.738, 22695
2026/09/26 02:28:12.239, 22695
2026/09/26 02:28:12.739, 22695
2026/09/26 02:28:13.239, 22695
2026/09/26 02:28:13.739, 22695
2026/09/26 02:28:14.239, 22695
2026/09/26 02:28:14.739, 22695
2026/09/26 02:28:15.240, 22695
2026/09/26 02:28:15.740, 22695
2026/09/26 02:28:16.240, 22695
2026/09/26 02:28:16.740, 22695
2026/09/26 02:28:17.241, 22695
2026/09/26 02:28:17.741, 22695
2026/09/26 02:28:18.241, 22695
2026/09/26 02:28:18.741, 22695
2026/09/26 02:28:19.241, 22695
2026/09/26 02:28:19.741, 22695
2026/09/26 02:28:20.242, 22695
2026/09/26 02:28:20.742, 22695
2026/09/26 02:28:21.242, 22695
2026/09/26 02:28:21.742, 22695
2026/09/26 02:28:22.242, 22695
2026/09/26 02:28:22.742, 22695
2026/09/26 02:28:23.243, 22695
2026/09/26 02:28:23.743, 22695
2026/09/26 02:28:24.243, 22695
2026/09/26 02:28:24.743, 22695
2026/09/26 02:28:25.243, 22695
2026/09/26 02:28:25.743, 22695
2026/09/26 02:28:26.243, 22695
2026/09/26 02:28:26.744, 22695
2026/09/26 02:28:27.244, 22695
2026/09/26 02:28:27.744, 22695
2026/09/26 02:28:28.244, 22695
2026/09/26 02:28:28.744, 22695
2026/09/26 02:28:29.244, 22695
2026/09/26 02:28:29.745, 22695
2026/09/26 02:28:30.245, 22695
2026/09/26 02:28:30.745, 22695
2026/09/26 02:28:31.245, 22695
2026/09/26 02:28:31.745, 22695
2026/09/26 02:28:32.245, 22695
2026/09/26 02:28:32.746, 22695
2026/09/26 02:28:33.246, 22695
2026/09/26 02:28:33.746, 22695
2026/09/26 02:28:34.246, 22695
2026/09/26 02:28:34.746, 22695
2026/09/26 02:28:35.246, 22695
2026/09/26 02:28:35.747, 22695
2026/09/26 02:28:36.247, 22695
2026/09/26 02:28:36.747, 22695
2026/09/26 02:28:37.247, 22695
2026/09/26 02:28:37.747, 22695
2026/09/26 02:28:38.247, 22695
2026/09/26 02:28:38.747, 22695
2026/09/26 02:28:39.248, 22695
2026/09/26 02:28:39.748, 22695
2026/09/26 02:28:40.248, 22695
2026/09/26 02:28:40.748, 22695
2026/09/26 02:28:41.248, 22695
2026/09/26 02:28:41.748, 22695
2026/09/26 02:28:42.249, 22695
2026/09/26 02:28:42.749, 22695
2026/09/26 02:28:43.249, 22695
2026/09/26 02:28:43.749, 22695
2026/09/26 02:28:44.249, 22695
2026/09/26 02:28:44.749, 22695
2026/09/26 02:28:45.250, 22695
2026/09/26 02:28:45.750, 22695
2026/09/26 02:28:46.250, 22695
2026/09/26 02:28:46.750, 22695
2026/09/26 02:28:47.250, 22695
2026/09/26 02:28:47.750, 22695
2026/09/26 02:28:48.251, 22695
2026/09/26 02:28:48.751, 22695
2026/09/26 02:28:49.251, 22695
2026/09/26 02:28:49.751, 22695
2026/09/26 02:28:50.251, 22695
2026/09/26 02:28:50.751, 22695
2026/09/26 02:28:51.252, 22695
2026/09/26 02:28:51.752, 22695
2026/09/26 02:28:52.252, 22695
2026/09/26 02:28:52.752, 22695
2026/09/26 02:28:53.252, 22695
2026/09/26 02:28:53.752, 22695
2026/09/26 02:28:54.261, 22695
2026/09/26 02:28:54.761, 22695
2026/09/26 02:28:55.261, 22695
2026/09/26 02:28:55.762, 22695
2026/09/26 02:28:56.262, 22695
2026/09/26 02:28:56.762, 22695
2026/09/26 02:28:57.262, 22695
2026/09/26 02:28:57.762, 22695
2026/09/26 02:28:58.262, 22695
2026/09/26 02:28:58.763, 22695
2026/09/26 02:28:59.263, 22695
2026/09/26 02:28:59.763, 22695
2026/09/26 02:29:00.263, 22695
2026/09/26 02:29:00.763, 22695
2026/09/26 02:29:01.263, 22695
2026/09/26 02:29:01.764, 22695
2026/09/26 02:29:02.264, 22695
2026/09/26 02:29:02.764, 22695
2026/09/26 02:29:03.264, 22695
2026/09/26 02:29:03.764, 22695
2026/09/26 02:29:04.264, 22695
2026/09/26 02:29:04.765, 22695
2026/09/26 02:29:05.265, 22695
2026/09/26 02:29:05.765, 22695
2026/09/26 02:29:06.265, 22695
2026/09/26 02:29:06.765, 22695
2026/09/26 02:29:07.265, 22695
2026/09/26 02:29:07.766, 22695
2026/09/26 02:29:08.266, 22695
2026/09/26 02:29:08.766, 22695
2026/09/26 02:29:09.266, 22695
2026/09/26 02:29:09.766, 22695
2026/09/26 02:29:10.266, 22695
2026/09/26 02:29:10.767, 22695
2026/09/26 02:29:11.267, 22695
2026/09/26 02:29:11.767, 22695
2026/09/26 02:29:12.267, 22695
2026/09/26 02:29:12.767, 22695
2026/09/26 02:29:13.267, 22695
2026/09/26 02:29:13.768, 22695
2026/09/26 02:29:14.268, 22695
2026/09/26 02:29:14.768, 22695
2026/09/26 02:29:15.268, 22695
2026/09/26 02:29:15.768, 22695
2026/09/26 02:29:16.268, 22695
2026/09/26 02:29:16.768, 22695
2026/09/26 02:29:17.269, 22695
2026/09/26 02:29:17.769, 22695
2026/09/26 02:29:18.269, 22695
2026/09/26 02:29:18.769, 22695
2026/09/26 02:29:19.269, 22695
2026/09/26 02:29:19.770, 22695
2026/09/26 02:29:20.270, 22695
2026/09/26 02:29:20.770, 22695
2026/09/26 02:29:21.270, 22695
2026/09/26 02:29:21.770, 22695
2026/09/26 02:29:22.270, 22695
2026/09/26 02:29:22.771, 22695
2026/09/26 02:29:23.271, 22695
2026/09/26 02:29:23.771, 22695
2026/09/26 02:29:24.271, 22695
2026/09/26 02:29:24.771, 22695
2026/09/26 02:29:25.272, 22695
2026/09/26 02:29:25.772, 22695
2026/09/26 02:29:26.272, 22695
2026/09/26 02:29:26.772, 22695
2026/09/26 02:29:27.272, 22695
2026/09/26 02:29:27.772, 22695
2026/09/26 02:29:28.273, 22695
2026/09/26 02:29:28.773, 22695
2026/09/26 02:29:29.273, 22695
2026/09/26 02:29:29.773, 22695
2026/09/26 02:29:30.273, 22695
2026/09/26 02:29:30.773, 22695
2026/09/26 02:29:31.274, 22695
2026/09/26 02:29:31.774, 22695
2026/09/26 02:29:32.274, 22695
2026/09/26 02:29:32.774, 22695
2026/09/26 02:29:33.274, 22695
2026/09/26 02:29:33.775, 22695
2026/09/26 02:29:34.275, 22695
2026/09/26 02:29:34.775, 22695
2026/09/26 02:29:35.275, 22695
2026/09/26 02:29:35.775, 22695
2026/09/26 02:29:36.275, 22695
2026/09/26 02:29:36.776, 22695
2026/09/26 02:29:37.276, 22695
2026/09/26 02:29:37.776, 22695
2026/09/26 02:29:38.276, 22695
2026/09/26 02:29:38.776, 22695
2026/09/26 02:29:39.276, 22695
2026/09/26 02:29:39.777, 22695
2026/09/26 02:29:40.277, 22695
2026/09/26 02:29:40.777, 22695
2026/09/26 02:29:41.277, 22695
2026/09/26 02:29:41.777, 22695
2026/09/26 02:29:42.277, 22695
2026/09/26 02:29:42.778, 22695
2026/09/26 02:29:43.278, 22695
2026/09/26 02:29:43.778, 22695
2026/09/26 02:29:44.278, 22695
2026/09/26 02:29:44.778, 22695
2026/09/26 02:29:45.278, 22695
2026/09/26 02:29:45.779, 22695
2026/09/26 02:29:46.279, 22695
2026/09/26 02:29:46.779, 22695
2026/09/26 02:29:47.279, 22695
2026/09/26 02:29:47.779, 22695
2026/09/26 02:29:48.279, 22695
2026/09/26 02:29:48.780, 22695
2026/09/26 02:29:49.280, 22695
2026/09/26 02:29:49.780, 22695
2026/09/26 02:29:50.280, 22695
2026/09/26 02:29:50.780, 22695
2026/09/26 02:29:51.281, 22695
2026/09/26 02:29:51.781, 22695
2026/09/26 02:29:52.281, 22695
2026/09/26 02:29:52.781, 22695
2026/09/26 02:29:53.281, 22695
2026/09/26 02:29:53.781, 22695
2026/09/26 02:29:54.281, 22695
2026/09/26 02:29:54.782, 22695
2026/09/26 02:29:55.282, 22695
2026/09/26 02:29:55.782, 22695
2026/09/26 02:29:56.282, 22695
2026/09/26 02:29:56.782, 22695
2026/09/26 02:29:57.282, 22695
2026/09/26 02:29:57.782, 22695
2026/09/26 02:29:58.283, 22695
2026/09/26 02:29:58.783, 22695
2026/09/26 02:29:59.283, 22695
2026/09/26 02:29:59.783, 22695
2026/09/26 02:30:00.283, 22695
2026/09/26 02:30:00.783, 22695
2026/09/26 02:30:01.283, 22695
2026/09/26 02:30:01.784, 22695
2026/09/26 02:30:02.284, 22695
2026/09/26 02:30:02.784, 22695
2026/09/26 02:30:03.284, 22695
2026/09/26 02:30:03.784, 22695
2026/09/26 02:30:04.284, 22695
2026/09/26 02:30:04.785, 22695
2026/09/26 02:30:05.285, 22695
2026/09/26 02:30:05.785, 22695
2026/09/26 02:30:06.285, 22695
2026/09/26 02:30:06.785, 22695
2026/09/26 02:30:07.285, 22695
2026/09/26 02:30:07.785, 22695
2026/09/26 02:30:08.286, 22695
2026/09/26 02:30:08.786, 22695
2026/09/26 02:30:09.286, 22695
2026/09/26 02:30:09.786, 22695
2026/09/26 02:30:10.286, 22695
2026/09/26 02:30:10.786, 22695
2026/09/26 02:30:11.287, 22695
2026/09/26 02:30:11.787, 22695
2026/09/26 02:30:12.287, 22695
2026/09/26 02:30:12.787, 22695
2026/09/26 02:30:13.287, 22695
2026/09/26 02:30:13.787, 22695
2026/09/26 02:30:14.287, 22695
2026/09/26 02:30:14.788, 22695
2026/09/26 02:30:15.288, 22695
2026/09/26 02:30:15.788, 22695
2026/09/26 02:30:16.288, 22695
2026/09/26 02:30:16.788, 22695
2026/09/26 02:30:17.288, 22695
2026/09/26 02:30:17.789, 22695
2026/09/26 02:30:18.289, 22695
2026/09/26 02:30:18.789, 22695
2026/09/26 02:30:19.289, 22695
2026/09/26 02:30:19.789, 22695
2026/09/26 02:30:20.289, 22695
2026/09/26 02:30:20.790, 22695
2026/09/26 02:30:21.290, 22695
2026/09/26 02:30:21.790, 22695
2026/09/26 02:30:22.290, 22695
2026/09/26 02:30:22.790, 22695
2026/09/26 02:30:23.290, 22695
2026/09/26 02:30:23.791, 22695
2026/09/26 02:30:24.291, 22695
2026/09/26 02:30:24.791, 22695
2026/09/26 02:30:25.291, 22695
2026/09/26 02:30:25.791, 22695
2026/09/26 02:30:26.291, 22695
2026/09/26 02:30:26.792, 22695
2026/09/26 02:30:27.292, 22695
2026/09/26 02:30:27.792, 22695
2026/09/26 02:30:28.292, 22695
2026/09/26 02:30:28.792, 22695
2026/09/26 02:30:29.292, 22695
2026/09/26 02:30:29.793, 22695
2026/09/26 02:30:30.293, 22695
2026/09/26 02:30:30.793, 22695
2026/09/26 02:30:31.293, 22695
2026/09/26 02:30:31.793, 22695
2026/09/26 02:30:32.293, 22695
2026/09/26 02:30:32.794, 22695
2026/09/26 02:30:33.294, 22695
2026/09/26 02:30:33.794, 22695
2026/09/26 02:30:34.294, 22695
2026/09/26 02:30:34.794, 22695
2026/09/26 02:30:35.294, 22695
2026/09/26 02:30:35.794, 22695
2026/09/26 02:30:36.295, 22695
2026/09/26 02:30:36.795, 22695
2026/09/26 02:30:37.295, 22695
2026/09/26 02:30:37.795, 22695
2026/09/26 02:30:38.295, 22695
2026/09/26 02:30:38.796, 22695
2026/09/26 02:30:39.296, 22695
2026/09/26 02:30:39.796, 22695
2026/09/26 02:30:40.296, 22695
2026/09/26 02:30:40.796, 22695
2026/09/26 02:30:41.297, 22695
2026/09/26 02:30:41.797, 22695
2026/09/26 02:30:42.297, 22695
2026/09/26 02:30:42.797, 22695
2026/09/26 02:30:43.297, 22695
2026/09/26 02:30:43.797, 22695
2026/09/26 02:30:44.297, 22695
2026/09/26 02:30:44.798, 22695
2026/09/26 02:30:45.298, 22695
2026/09/26 02:30:45.798, 22695
2026/09/26 02:30:46.298, 22695
2026/09/26 02:30:46.798, 22695
2026/09/26 02:30:47.298, 22695
2026/09/26 02:30:47.799, 22695
2026/09/26 02:30:48.299, 22695
2026/09/26 02:30:48.799, 22695
2026/09/26 02:30:49.299, 22695
2026/09/26 02:30:49.799, 22695
2026/09/26 02:30:50.299, 22695
2026/09/26 02:30:50.800, 22695
2026/09/26 02:30:51.300, 22695
2026/09/26 02:30:51.800, 22695
2026/09/26 02:30:52.300, 22695
2026/09/26 02:30:52.800, 22695
2026/09/26 02:30:53.301, 22695
2026/09/26 02:30:53.801, 22695
2026/09/26 02:30:54.301, 22695
2026/09/26 02:30:54.801, 22695
2026/09/26 02:30:55.301, 22695
2026/09/26 02:30:55.801, 22695
2026/09/26 02:30:56.302, 22695
2026/09/26 02:30:56.802, 22695
2026/09/26 02:30:57.302, 22695
2026/09/26 02:30:57.802, 22695
2026/09/26 02:30:58.302, 22695
2026/09/26 02:30:58.802, 22695
2026/09/26 02:30:59.303, 22695
2026/09/26 02:30:59.803, 22695
2026/09/26 02:31:00.303, 22695
2026/09/26 02:31:00.803, 22695
2026/09/26 02:31:01.303, 22695
2026/09/26 02:31:01.803, 22695
2026/09/26 02:31:02.303, 22695
2026/09/26 02:31:02.804, 22695
2026/09/26 02:31:03.304, 22695
2026/09/26 02:31:03.804, 22695
2026/09/26 02:31:04.304, 22695
2026/09/26 02:31:04.804, 22695
2026/09/26 02:31:05.304, 22695
2026/09/26 02:31:05.805, 22695
2026/09/26 02:31:06.305, 22695
2026/09/26 02:31:06.805, 22695
2026/09/26 02:31:07.305, 22695
2026/09/26 02:31:07.805, 22695
2026/09/26 02:31:08.305, 22695
2026/09/26 02:31:08.805, 22695
2026/09/26 02:31:09.306, 22695
2026/09/26 02:31:09.806, 22695
2026/09/26 02:31:10.306, 22695
2026/09/26 02:31:10.806, 22695
2026/09/26 02:31:11.306, 22695
2026/09/26 02:31:11.806, 22695
2026/09/26 02:31:12.307, 22695
2026/09/26 02:31:12.807, 22695
2026/09/26 02:31:13.307, 22695
2026/09/26 02:31:13.807, 22695
2026/09/26 02:31:14.307, 22695
2026/09/26 02:31:14.807, 22695
2026/09/26 02:31:15.307, 22695
2026/09/26 02:31:15.808, 22695
2026/09/26 02:31:16.308, 22695
2026/09/26 02:31:16.808, 22695
2026/09/26 02:31:17.308, 22695
2026/09/26 02:31:17.808, 22695
2026/09/26 02:31:18.308, 22695
2026/09/26 02:31:18.809, 22695
2026/09/26 02:31:19.309, 22695
2026/09/26 02:31:19.809, 22695
2026/09/26 02:31:20.309, 22695
2026/09/26 02:31:20.809, 22695
2026/09/26 02:31:21.309, 22695
2026/09/26 02:31:21.810, 22695
2026/09/26 02:31:22.310, 22695
2026/09/26 02:31:22.810, 22695
2026/09/26 02:31:23.310, 22695
2026/09/26 02:31:23.810, 22695
2026/09/26 02:31:24.310, 22695
2026/09/26 02:31:24.810, 22695
2026/09/26 02:31:25.311, 22695
2026/09/26 02:31:25.811, 22695
2026/09/26 02:31:26.311, 22695
2026/09/26 02:31:26.811, 22695
2026/09/26 02:31:27.311, 22695
2026/09/26 02:31:27.811, 22695
2026/09/26 02:31:28.312, 22695
2026/09/26 02:31:28.812, 22695
2026/09/26 02:31:29.312, 22695
2026/09/26 02:31:29.812, 22695
2026/09/26 02:31:30.312, 22695
2026/09/26 02:31:30.812, 22695
2026/09/26 02:31:31.312, 22695
2026/09/26 02:31:31.813, 22695
2026/09/26 02:31:32.313, 22695
2026/09/26 02:31:32.813, 22695
2026/09/26 02:31:33.313, 22695
2026/09/26 02:31:33.813, 22695
2026/09/26 02:31:34.313, 22695
2026/09/26 02:31:34.814, 22695
2026/09/26 02:31:35.314, 22695
2026/09/26 02:31:35.814, 22695
2026/09/26 02:31:36.314, 22695
2026/09/26 02:31:36.814, 22695
2026/09/26 02:31:37.314, 22695
2026/09/26 02:31:37.814, 22695
2026/09/26 02:31:38.315, 22695
2026/09/26 02:31:38.815, 22695
2026/09/26 02:31:39.315, 22695
2026/09/26 02:31:39.815, 22695
2026/09/26 02:31:40.315, 22695
2026/09/26 02:31:40.815, 22695
2026/09/26 02:31:41.316, 22695
2026/09/26 02:31:41.816, 22695
2026/09/26 02:31:42.316, 22695
2026/09/26 02:31:42.816, 22695
2026/09/26 02:31:43.316, 22695
2026/09/26 02:31:43.816, 22695
2026/09/26 02:31:44.316, 22695
2026/09/26 02:31:44.817, 22695
2026/09/26 02:31:45.317, 22695
2026/09/26 02:31:45.817, 22695
2026/09/26 02:31:46.317, 22695
2026/09/26 02:31:46.817, 22695
2026/09/26 02:31:47.317, 22695
2026/09/26 02:31:47.817, 22695
2026/09/26 02:31:48.318, 22695
2026/09/26 02:31:48.818, 22695
2026/09/26 02:31:49.318, 22695
2026/09/26 02:31:49.818, 22695
2026/09/26 02:31:50.318, 22695
2026/09/26 02:31:50.818, 22695
2026/09/26 02:31:51.319, 22695
2026/09/26 02:31:51.819, 22695
2026/09/26 02:31:52.319, 22695
2026/09/26 02:31:52.819, 22695
2026/09/26 02:31:53.319, 22695
2026/09/26 02:31:53.819, 22695
2026/09/26 02:31:54.319, 22695
2026/09/26 02:31:54.820, 22695
2026/09/26 02:31:55.320, 22695
2026/09/26 02:31:55.820, 22695
2026/09/26 02:31:56.320, 22695
2026/09/26 02:31:56.820, 22695
2026/09/26 02:31:57.320, 22695
2026/09/26 02:31:57.821, 22695
2026/09/26 02:31:58.321, 22695
2026/09/26 02:31:58.821, 22695
2026/09/26 02:31:59.321, 22695
2026/09/26 02:31:59.821, 22695
2026/09/26 02:32:00.321, 22695
2026/09/26 02:32:00.821, 22695
2026/09/26 02:32:01.322, 22695
2026/09/26 02:32:01.822, 22695
2026/09/26 02:32:02.322, 22695
2026/09/26 02:32:02.822, 22695
2026/09/26 02:32:03.322, 22695
2026/09/26 02:32:03.822, 22695
2026/09/26 02:32:04.323, 22695
2026/09/26 02:32:04.823, 22695
2026/09/26 02:32:05.323, 22695
2026/09/26 02:32:05.823, 22695
2026/09/26 02:32:06.323, 22695
2026/09/26 02:32:06.823, 22695
2026/09/26 02:32:07.324, 22695
2026/09/26 02:32:07.824, 22695
2026/09/26 02:32:08.324, 22695
2026/09/26 02:32:08.824, 22695
2026/09/26 02:32:09.324, 22695
2026/09/26 02:32:09.824, 22695
2026/09/26 02:32:10.324, 22695
2026/09/26 02:32:10.825, 22695
2026/09/26 02:32:11.325, 22695
2026/09/26 02:32:11.825, 22695
2026/09/26 02:32:12.325, 22695
2026/09/26 02:32:12.825, 22695
2026/09/26 02:32:13.325, 22695
2026/09/26 02:32:13.826, 22695
2026/09/26 02:32:14.326, 22695
2026/09/26 02:32:14.826, 22695
2026/09/26 02:32:15.326, 22695
2026/09/26 02:32:15.827, 22695
2026/09/26 02:32:16.327, 22695
2026/09/26 02:32:16.827, 22695
2026/09/26 02:32:17.327, 22695
2026/09/26 02:32:17.827, 22695
2026/09/26 02:32:18.328, 22695
2026/09/26 02:32:18.828, 22695
2026/09/26 02:32:19.328, 22695
2026/09/26 02:32:19.828, 22695
2026/09/26 02:32:20.328, 22695
2026/09/26 02:32:20.829, 22695
2026/09/26 02:32:21.329, 22695
2026/09/26 02:32:21.829, 22695
2026/09/26 02:32:22.329, 22695
2026/09/26 02:32:22.829, 22695
2026/09/26 02:32:23.329, 22695
2026/09/26 02:32:23.830, 22695
2026/09/26 02:32:24.330, 22695
2026/09/26 02:32:24.830, 22695
2026/09/26 02:32:25.330, 22695
2026/09/26 02:32:25.830, 22695
2026/09/26 02:32:26.330, 22695
2026/09/26 02:32:26.830, 22695
2026/09/26 02:32:27.331, 22695
2026/09/26 02:32:27.831, 22695
2026/09/26 02:32:28.331, 22695
2026/09/26 02:32:28.831, 22695
2026/09/26 02:32:29.331, 22695
2026/09/26 02:32:29.832, 22695
2026/09/26 02:32:30.332, 22695
2026/09/26 02:32:30.832, 22695
2026/09/26 02:32:31.332, 22695
2026/09/26 02:32:31.832, 22695
2026/09/26 02:32:32.332, 22695
2026/09/26 02:32:32.832, 22695
2026/09/26 02:32:33.333, 22695
2026/09/26 02:32:33.833, 22695
2026/09/26 02:32:34.333, 22695
2026/09/26 02:32:34.833, 22695
2026/09/26 02:32:35.333, 22695
2026/09/26 02:32:35.833, 22695
2026/09/26 02:32:36.334, 22695
2026/09/26 02:32:36.834, 22695
2026/09/26 02:32:37.334, 22695
2026/09/26 02:32:37.834, 22695
2026/09/26 02:32:38.334, 22695
2026/09/26 02:32:38.834, 22695
2026/09/26 02:32:39.335, 22695
2026/09/26 02:32:39.835, 22695
2026/09/26 02:32:40.335, 22695
2026/09/26 02:32:40.835, 22695
2026/09/26 02:32:41.335, 22695
2026/09/26 02:32:41.835, 22695
2026/09/26 02:32:42.336, 22695
2026/09/26 02:32:42.836, 22695
2026/09/26 02:32:43.336, 22695
2026/09/26 02:32:43.836, 22695
2026/09/26 02:32:44.336, 22695
2026/09/26 02:32:44.836, 22695
2026/09/26 02:32:45.336, 22695
2026/09/26 02:32:45.837, 22695
2026/09/26 02:32:46.337, 22695
2026/09/26 02:32:46.837, 22695
2026/09/26 02:32:47.337, 22695
2026/09/26 02:32:47.837, 22695
2026/09/26 02:32:48.337, 22695
2026/09/26 02:32:48.838, 22695
2026/09/26 02:32:49.338, 22695
2026/09/26 02:32:49.838, 22695
2026/09/26 02:32:50.338, 22695
2026/09/26 02:32:50.838, 22695
2026/09/26 02:32:51.338, 22695
2026/09/26 02:32:51.838, 22695
2026/09/26 02:32:52.339, 22695
2026/09/26 02:32:52.839, 22695
2026/09/26 02:32:53.339, 22695
2026/09/26 02:32:53.839, 22695
2026/09/26 02:32:54.339, 22695
2026/09/26 02:32:54.839, 22695
2026/09/26 02:32:55.340, 22695
2026/09/26 02:32:55.840, 22695
2026/09/26 02:32:56.340, 22695
2026/09/26 02:32:56.840, 22695
2026/09/26 02:32:57.340, 22695
2026/09/26 02:32:57.840, 22695
2026/09/26 02:32:58.341, 22695
2026/09/26 02:32:58.841, 22695
2026/09/26 02:32:59.341, 22695
2026/09/26 02:32:59.841, 22695
2026/09/26 02:33:00.341, 22695
2026/09/26 02:33:00.841, 22695
2026/09/26 02:33:01.342, 22695
2026/09/26 02:33:01.842, 22695
2026/09/26 02:33:02.342, 22695
2026/09/26 02:33:02.842, 22695
2026/09/26 02:33:03.342, 22695
2026/09/26 02:33:03.842, 22695
2026/09/26 02:33:04.342, 22695
2026/09/26 02:33:04.843, 22695
2026/09/26 02:33:05.343, 22695
2026/09/26 02:33:05.843, 22695
2026/09/26 02:33:06.343, 22695
2026/09/26 02:33:06.843, 22695
2026/09/26 02:33:07.343, 22695
2026/09/26 02:33:07.844, 22695
2026/09/26 02:33:08.344, 22695
2026/09/26 02:33:08.844, 22695
2026/09/26 02:33:09.344, 22695
2026/09/26 02:33:09.844, 22695
2026/09/26 02:33:10.344, 22695
2026/09/26 02:33:10.845, 22695
2026/09/26 02:33:11.345, 22695
2026/09/26 02:33:11.845, 22695
2026/09/26 02:33:12.345, 22695
2026/09/26 02:33:12.845, 22695
2026/09/26 02:33:13.345, 22695
2026/09/26 02:33:13.845, 22695
2026/09/26 02:33:14.346, 22695
2026/09/26 02:33:14.846, 22695
2026/09/26 02:33:15.346, 22695
2026/09/26 02:33:15.846, 22695
2026/09/26 02:33:16.346, 22695
2026/09/26 02:33:16.846, 22695
2026/09/26 02:33:17.347, 22695
2026/09/26 02:33:17.847, 22695
2026/09/26 02:33:18.347, 22695
2026/09/26 02:33:18.847, 22695
2026/09/26 02:33:19.347, 22695
2026/09/26 02:33:19.847, 22695
2026/09/26 02:33:20.348, 22695
2026/09/26 02:33:20.848, 22695
2026/09/26 02:33:21.348, 22695
2026/09/26 02:33:21.848, 22695
2026/09/26 02:33:22.348, 22695
2026/09/26 02:33:22.848, 22695
2026/09/26 02:33:23.349, 22695
2026/09/26 02:33:23.849, 22695
2026/09/26 02:33:24.349, 22695
2026/09/26 02:33:24.849, 22695
2026/09/26 02:33:25.349, 22695
2026/09/26 02:33:25.849, 22695
2026/09/26 02:33:26.350, 22695
2026/09/26 02:33:26.850, 22695
2026/09/26 02:33:27.350, 22695
2026/09/26 02:33:27.850, 22695
2026/09/26 02:33:28.350, 22695
2026/09/26 02:33:28.850, 22695
2026/09/26 02:33:29.351, 22695
2026/09/26 02:33:29.851, 22695
2026/09/26 02:33:30.351, 22695
2026/09/26 02:33:30.851, 22695
2026/09/26 02:33:31.351, 22695
2026/09/26 02:33:31.851, 22695
2026/09/26 02:33:32.351, 22695
2026/09/26 02:33:32.852, 22695
2026/09/26 02:33:33.352, 22695
2026/09/26 02:33:33.852, 22695
2026/09/26 02:33:34.352, 22695
2026/09/26 02:33:34.852, 22695
2026/09/26 02:33:35.352, 22695
2026/09/26 02:33:35.853, 22695
2026/09/26 02:33:36.353, 22695
2026/09/26 02:33:36.853, 22695
2026/09/26 02:33:37.353, 22695
2026/09/26 02:33:37.853, 22695
2026/09/26 02:33:38.353, 22695
2026/09/26 02:33:38.854, 22695
2026/09/26 02:33:39.354, 22695
2026/09/26 02:33:39.854, 22695
2026/09/26 02:33:40.354, 22695
2026/09/26 02:33:40.854, 22695
2026/09/26 02:33:41.355, 22695
2026/09/26 02:33:41.855, 22695
2026/09/26 02:33:42.355, 22695
2026/09/26 02:33:42.855, 22695
2026/09/26 02:33:43.355, 22695
2026/09/26 02:33:43.855, 22695
2026/09/26 02:33:44.355, 22695
2026/09/26 02:33:44.856, 22695
2026/09/26 02:33:45.356, 22695
2026/09/26 02:33:45.856, 22695
2026/09/26 02:33:46.356, 22695
2026/09/26 02:33:46.856, 22695
2026/09/26 02:33:47.356, 22695
2026/09/26 02:33:47.856, 22695
2026/09/26 02:33:48.357, 22695
2026/09/26 02:33:48.857, 22695
2026/09/26 02:33:49.357, 22695
2026/09/26 02:33:49.857, 22695
2026/09/26 02:33:50.357, 22695
2026/09/26 02:33:50.857, 22695
2026/09/26 02:33:51.357, 22695
2026/09/26 02:33:51.858, 22695
2026/09/26 02:33:52.358, 22695
2026/09/26 02:33:52.858, 22695
2026/09/26 02:33:53.358, 22695
2026/09/26 02:33:53.858, 22695
2026/09/26 02:33:54.358, 22695
2026/09/26 02:33:54.859, 22695
2026/09/26 02:33:55.359, 22695
2026/09/26 02:33:55.859, 22695
2026/09/26 02:33:56.359, 22695
2026/09/26 02:33:56.859, 22695
2026/09/26 02:33:57.359, 22695
2026/09/26 02:33:57.859, 22695
2026/09/26 02:33:58.360, 22695
2026/09/26 02:33:58.860, 22695
2026/09/26 02:33:59.360, 22695
2026/09/26 02:33:59.860, 22695
2026/09/26 02:34:00.360, 22695
2026/09/26 02:34:00.860, 22695
2026/09/26 02:34:01.360, 22695
2026/09/26 02:34:01.861, 22695
2026/09/26 02:34:02.361, 22695
2026/09/26 02:34:02.861, 22695
2026/09/26 02:34:03.361, 22695
2026/09/26 02:34:03.861, 22695
2026/09/26 02:34:04.361, 22695
2026/09/26 02:34:04.863, 22695
2026/09/26 02:34:05.363, 22695
2026/09/26 02:34:05.863, 22695
2026/09/26 02:34:06.363, 22695
2026/09/26 02:34:06.863, 22695
2026/09/26 02:34:07.364, 22695
2026/09/26 02:34:07.864, 22695
2026/09/26 02:34:08.364, 22695
2026/09/26 02:34:08.864, 22695
2026/09/26 02:34:09.364, 22695
2026/09/26 02:34:09.864, 22695
2026/09/26 02:34:10.364, 22695
2026/09/26 02:34:10.865, 22695
2026/09/26 02:34:11.365, 22695
2026/09/26 02:34:11.865, 22695
2026/09/26 02:34:12.365, 22695
2026/09/26 02:34:12.865, 22695
2026/09/26 02:34:13.365, 22695
2026/09/26 02:34:13.866, 22695
2026/09/26 02:34:14.366, 22695
2026/09/26 02:34:14.866, 22695
2026/09/26 02:34:15.366, 22695
2026/09/26 02:34:15.866, 22695
2026/09/26 02:34:16.366, 22695
2026/09/26 02:34:16.867, 22695
2026/09/26 02:34:17.367, 22695
2026/09/26 02:34:17.867, 22695
2026/09/26 02:34:18.367, 22695
2026/09/26 02:34:18.867, 22695
2026/09/26 02:34:19.367, 22695
2026/09/26 02:34:19.867, 22695
2026/09/26 02:34:20.368, 22695
2026/09/26 02:34:20.868, 22695
2026/09/26 02:34:21.368, 22695
2026/09/26 02:34:21.868, 22695
2026/09/26 02:34:22.368, 22695
2026/09/26 02:34:22.868, 22695
2026/09/26 02:34:23.369, 22695
2026/09/26 02:34:23.869, 22695
2026/09/26 02:34:24.369, 22695
2026/09/26 02:34:24.869, 22695
2026/09/26 02:34:25.369, 22695
2026/09/26 02:34:25.869, 22695
2026/09/26 02:34:26.370, 22695
2026/09/26 02:34:26.870, 22695
2026/09/26 02:34:27.370, 22695
2026/09/26 02:34:27.870, 22695
2026/09/26 02:34:28.371, 22695
2026/09/26 02:34:28.871, 22695
2026/09/26 02:34:29.371, 22695
2026/09/26 02:34:29.871, 22695
2026/09/26 02:34:30.371, 22695
2026/09/26 02:34:30.871, 22695
2026/09/26 02:34:31.372, 22695
2026/09/26 02:34:31.872, 22695
2026/09/26 02:34:32.372, 22695
2026/09/26 02:34:32.872, 22695
2026/09/26 02:34:33.372, 22695
2026/09/26 02:34:33.872, 22695
2026/09/26 02:34:34.373, 22695
2026/09/26 02:34:34.873, 22695
2026/09/26 02:34:35.373, 22695
2026/09/26 02:34:35.873, 22695
2026/09/26 02:34:36.373, 22695
2026/09/26 02:34:36.873, 22695
2026/09/26 02:34:37.374, 22695
2026/09/26 02:34:37.874, 22695
2026/09/26 02:34:38.374, 22695
2026/09/26 02:34:38.874, 22695
2026/09/26 02:34:39.374, 22695
2026/09/26 02:34:39.874, 22695
2026/09/26 02:34:40.375, 22695
2026/09/26 02:34:40.875, 22695
2026/09/26 02:34:41.375, 22695
2026/09/26 02:34:41.875, 22695
2026/09/26 02:34:42.375, 22695
2026/09/26 02:34:42.875, 22695
2026/09/26 02:34:43.376, 22695
2026/09/26 02:34:43.876, 22695
2026/09/26 02:34:44.376, 22695
2026/09/26 02:34:44.876, 22695
2026/09/26 02:34:45.376, 22695
2026/09/26 02:34:45.876, 22695
2026/09/26 02:34:46.377, 22695
2026/09/26 02:34:46.877, 22695
2026/09/26 02:34:47.377, 22695
2026/09/26 02:34:47.877, 22695
2026/09/26 02:34:48.378, 22695
2026/09/26 02:34:48.878, 22695
2026/09/26 02:34:49.378, 22695
2026/09/26 02:34:49.878, 22695
2026/09/26 02:34:50.378, 22695
2026/09/26 02:34:50.878, 22695
2026/09/26 02:34:51.379, 22695
2026/09/26 02:34:51.879, 22695
2026/09/26 02:34:52.379, 22695
2026/09/26 02:34:52.879, 22695
2026/09/26 02:34:53.379, 22695
2026/09/26 02:34:53.879, 22695
2026/09/26 02:34:54.380, 22695
2026/09/26 02:34:54.880, 22695
2026/09/26 02:34:55.380, 22695
2026/09/26 02:34:55.880, 22695
2026/09/26 02:34:56.380, 22695
2026/09/26 02:34:56.880, 22695
2026/09/26 02:34:57.381, 22695
2026/09/26 02:34:57.881, 22695
2026/09/26 02:34:58.381, 22695
2026/09/26 02:34:58.881, 22695
2026/09/26 02:34:59.381, 22695
2026/09/26 02:34:59.881, 22695
2026/09/26 02:35:00.382, 22695
2026/09/26 02:35:00.882, 22695
2026/09/26 02:35:01.382, 22695
2026/09/26 02:35:01.882, 22695
2026/09/26 02:35:02.382, 22695
2026/09/26 02:35:02.882, 22695
2026/09/26 02:35:03.383, 22695
2026/09/26 02:35:03.883, 22695
2026/09/26 02:35:04.383, 22695
2026/09/26 02:35:04.883, 22695
2026/09/26 02:35:05.383, 22695
2026/09/26 02:35:05.883, 22695
2026/09/26 02:35:06.384, 22695
2026/09/26 02:35:06.884, 22695
2026/09/26 02:35:07.384, 22695
2026/09/26 02:35:07.884, 22695
2026/09/26 02:35:08.384, 22695
2026/09/26 02:35:08.884, 22695
2026/09/26 02:35:09.385, 22695
2026/09/26 02:35:09.885, 22695
2026/09/26 02:35:10.385, 22695
2026/09/26 02:35:10.885, 22695
2026/09/26 02:35:11.385, 22695
2026/09/26 02:35:11.886, 22695
2026/09/26 02:35:12.386, 22695
2026/09/26 02:35:12.886, 22695
2026/09/26 02:35:13.386, 22695
2026/09/26 02:35:13.886, 22695
2026/09/26 02:35:14.386, 22695
2026/09/26 02:35:14.887, 22695
2026/09/26 02:35:15.387, 22695
2026/09/26 02:35:15.896, 22695
2026/09/26 02:35:16.396, 22695
2026/09/26 02:35:16.896, 22695
2026/09/26 02:35:17.396, 22695
2026/09/26 02:35:17.896, 22695
2026/09/26 02:35:18.396, 22695
2026/09/26 02:35:18.897, 22695
2026/09/26 02:35:19.397, 22695
2026/09/26 02:35:19.897, 22695
2026/09/26 02:35:20.397, 22695
2026/09/26 02:35:20.897, 22695
2026/09/26 02:35:21.397, 22695
2026/09/26 02:35:21.898, 22695
2026/09/26 02:35:22.398, 22695
2026/09/26 02:35:22.898, 22695
2026/09/26 02:35:23.398, 22695
2026/09/26 02:35:23.898, 22695
2026/09/26 02:35:24.398, 22695
2026/09/26 02:35:24.899, 22695
2026/09/26 02:35:25.399, 22695
2026/09/26 02:35:25.899, 22695
2026/09/26 02:35:26.399, 22695
2026/09/26 02:35:26.899, 22695
2026/09/26 02:35:27.400, 22695
2026/09/26 02:35:27.900, 22695
2026/09/26 02:35:28.400, 22695
2026/09/26 02:35:28.900, 22695
2026/09/26 02:35:29.400, 22695
2026/09/26 02:35:29.901, 22695
2026/09/26 02:35:30.401, 22695
2026/09/26 02:35:30.901, 22695
2026/09/26 02:35:31.401, 22695
2026/09/26 02:35:31.901, 22695
2026/09/26 02:35:32.401, 22695
2026/09/26 02:35:32.902, 22695
2026/09/26 02:35:33.402, 22695
2026/09/26 02:35:33.902, 22695
2026/09/26 02:35:34.402, 22695
2026/09/26 02:35:34.902, 22695
2026/09/26 02:35:35.402, 22695
2026/09/26 02:35:35.903, 22695
2026/09/26 02:35:36.403, 22695
2026/09/26 02:35:36.903, 22695
2026/09/26 02:35:37.403, 22695
2026/09/26 02:35:37.903, 22695
2026/09/26 02:35:38.403, 22695
2026/09/26 02:35:38.904, 22695
2026/09/26 02:35:39.404, 22695
2026/09/26 02:35:39.904, 22695
2026/09/26 02:35:40.404, 22695
2026/09/26 02:35:40.905, 22695
2026/09/26 02:35:41.405, 22695
2026/09/26 02:35:41.905, 22695
2026/09/26 02:35:42.405, 22695
2026/09/26 02:35:42.905, 22695
2026/09/26 02:35:43.405, 22695
2026/09/26 02:35:43.906, 22695
2026/09/26 02:35:44.406, 22695
2026/09/26 02:35:44.906, 22695
2026/09/26 02:35:45.406, 22695
2026/09/26 02:35:45.906, 22695
2026/09/26 02:35:46.406, 22695
2026/09/26 02:35:46.907, 22695
2026/09/26 02:35:47.407, 22695
2026/09/26 02:35:47.907, 22695
2026/09/26 02:35:48.407, 22695
2026/09/26 02:35:48.907, 22695
2026/09/26 02:35:49.407, 22695
2026/09/26 02:35:49.908, 22695
2026/09/26 02:35:50.408, 22695
2026/09/26 02:35:50.908, 22695
2026/09/26 02:35:51.408, 22695
2026/09/26 02:35:51.908, 22695
2026/09/26 02:35:52.408, 22695
2026/09/26 02:35:52.909, 22695
2026/09/26 02:35:53.409, 22695
2026/09/26 02:35:53.909, 22695
2026/09/26 02:35:54.409, 22695
2026/09/26 02:35:54.909, 22695
2026/09/26 02:35:55.409, 22695
2026/09/26 02:35:55.910, 22695
2026/09/26 02:35:56.410, 22695
2026/09/26 02:35:56.910, 22695
2026/09/26 02:35:57.410, 22695
2026/09/26 02:35:57.910, 22695
2026/09/26 02:35:58.410, 22695
2026/09/26 02:35:58.911, 22695
2026/09/26 02:35:59.411, 22695
2026/09/26 02:35:59.911, 22695
2026/09/26 02:36:00.411, 22695
2026/09/26 02:36:00.911, 22695
2026/09/26 02:36:01.412, 22695
2026/09/26 02:36:01.912, 22695
2026/09/26 02:36:02.412, 22695
2026/09/26 02:36:02.912, 22695
2026/09/26 02:36:03.412, 22695
2026/09/26 02:36:03.912, 22695
2026/09/26 02:36:04.412, 22695
2026/09/26 02:36:04.913, 22695
2026/09/26 02:36:05.413, 22695
2026/09/26 02:36:05.913, 22695
2026/09/26 02:36:06.413, 22695
2026/09/26 02:36:06.913, 22695
2026/09/26 02:36:07.413, 22695
2026/09/26 02:36:07.914, 22695
2026/09/26 02:36:08.414, 22695
2026/09/26 02:36:08.914, 22695
2026/09/26 02:36:09.414, 22695
2026/09/26 02:36:09.914, 22695
2026/09/26 02:36:10.414, 22695
2026/09/26 02:36:10.915, 22695
2026/09/26 02:36:11.415, 22695
2026/09/26 02:36:11.915, 22695
2026/09/26 02:36:12.415, 22695
2026/09/26 02:36:12.915, 22695
2026/09/26 02:36:13.415, 22695
2026/09/26 02:36:13.916, 22695
2026/09/26 02:36:14.416, 22695
2026/09/26 02:36:14.916, 22695
2026/09/26 02:36:15.416, 22695
2026/09/26 02:36:15.916, 22695
2026/09/26 02:36:16.416, 22695
2026/09/26 02:36:16.917, 22695
2026/09/26 02:36:17.417, 22695
2026/09/26 02:36:17.917, 22695
2026/09/26 02:36:18.417, 22695
2026/09/26 02:36:18.917, 22695
2026/09/26 02:36:19.417, 22695
2026/09/26 02:36:19.918, 22695
2026/09/26 02:36:20.418, 22695
2026/09/26 02:36:20.918, 22695
2026/09/26 02:36:21.418, 22695
2026/09/26 02:36:21.918, 22695
2026/09/26 02:36:22.418, 22695
2026/09/26 02:36:22.918, 22695
2026/09/26 02:36:23.419, 22695
2026/09/26 02:36:23.919, 22695
2026/09/26 02:36:24.419, 22695
2026/09/26 02:36:24.919, 22695
2026/09/26 02:36:25.419, 22695
2026/09/26 02:36:25.919, 22695
2026/09/26 02:36:26.420, 22695
2026/09/26 02:36:26.920, 22695
2026/09/26 02:36:27.420, 22695
2026/09/26 02:36:27.920, 22695
2026/09/26 02:36:28.420, 22695
2026/09/26 02:36:28.921, 22695
2026/09/26 02:36:29.421, 22695
2026/09/26 02:36:29.921, 22695
2026/09/26 02:36:30.421, 22695
2026/09/26 02:36:30.921, 22695
2026/09/26 02:36:31.421, 22695
2026/09/26 02:36:31.922, 22695
2026/09/26 02:36:32.422, 22695
2026/09/26 02:36:32.922, 22695
2026/09/26 02:36:33.422, 22695
2026/09/26 02:36:33.922, 22695
2026/09/26 02:36:34.422, 22695
2026/09/26 02:36:34.922, 22695
2026/09/26 02:36:35.423, 22695
2026/09/26 02:36:35.923, 22695
2026/09/26 02:36:36.423, 22695
2026/09/26 02:36:36.923, 22695
2026/09/26 02:36:37.423, 22695
2026/09/26 02:36:37.923, 22695
2026/09/26 02:36:38.424, 22695
2026/09/26 02:36:38.924, 22695
2026/09/26 02:36:39.424, 22695
2026/09/26 02:36:39.924, 22695
2026/09/26 02:36:40.424, 22695
2026/09/26 02:36:40.924, 22695
2026/09/26 02:36:41.424, 22695
2026/09/26 02:36:41.925, 22695
2026/09/26 02:36:42.425, 22695
2026/09/26 02:36:42.925, 22695
2026/09/26 02:36:43.425, 22695
2026/09/26 02:36:43.925, 22695
2026/09/26 02:36:44.425, 22695
2026/09/26 02:36:44.926, 22695
2026/09/26 02:36:45.426, 22695
2026/09/26 02:36:45.926, 22695
2026/09/26 02:36:46.426, 22695
2026/09/26 02:36:46.927, 22695
2026/09/26 02:36:47.427, 22695
2026/09/26 02:36:47.927, 22695
2026/09/26 02:36:48.427, 22695
2026/09/26 02:36:48.927, 22695
2026/09/26 02:36:49.427, 22695
2026/09/26 02:36:49.928, 22695
2026/09/26 02:36:50.428, 22695
2026/09/26 02:36:50.928, 22695
2026/09/26 02:36:51.428, 22695
2026/09/26 02:36:51.928, 22695
2026/09/26 02:36:52.428, 22695
2026/09/26 02:36:52.929, 22695
2026/09/26 02:36:53.429, 22695
2026/09/26 02:36:53.929, 22695
2026/09/26 02:36:54.429, 22695
2026/09/26 02:36:54.929, 22695
2026/09/26 02:36:55.429, 22695
2026/09/26 02:36:55.930, 22695
2026/09/26 02:36:56.438, 22695
2026/09/26 02:36:56.939, 22695
2026/09/26 02:36:57.439, 22695
2026/09/26 02:36:57.939, 22695
2026/09/26 02:36:58.439, 22695
2026/09/26 02:36:58.939, 22695
2026/09/26 02:36:59.439, 22695
2026/09/26 02:36:59.940, 22695
2026/09/26 02:37:00.440, 22695
2026/09/26 02:37:00.940, 22695
2026/09/26 02:37:01.440, 22695
2026/09/26 02:37:01.940, 22695
2026/09/26 02:37:02.440, 22695
2026/09/26 02:37:02.940, 22695
2026/09/26 02:37:03.441, 22695
2026/09/26 02:37:03.941, 22695
2026/09/26 02:37:04.441, 22695
2026/09/26 02:37:04.941, 22695
2026/09/26 02:37:05.441, 22695
2026/09/26 02:37:05.941, 22695
2026/09/26 02:37:06.442, 22695
2026/09/26 02:37:06.942, 22695
2026/09/26 02:37:07.442, 22695
2026/09/26 02:37:07.942, 22695
2026/09/26 02:37:08.442, 22695
2026/09/26 02:37:08.942, 22695
2026/09/26 02:37:09.442, 22695
2026/09/26 02:37:09.943, 22695
2026/09/26 02:37:10.443, 22695
2026/09/26 02:37:10.943, 22695
2026/09/26 02:37:11.443, 22695
2026/09/26 02:37:11.944, 22695
2026/09/26 02:37:12.444, 22695
2026/09/26 02:37:12.944, 22695
2026/09/26 02:37:13.444, 22695
2026/09/26 02:37:13.944, 22695
2026/09/26 02:37:14.444, 22695
2026/09/26 02:37:14.945, 22695
2026/09/26 02:37:15.445, 22695
2026/09/26 02:37:15.945, 22695
2026/09/26 02:37:16.445, 22695
2026/09/26 02:37:16.945, 22695
2026/09/26 02:37:17.445, 22695
2026/09/26 02:37:17.946, 22695
2026/09/26 02:37:18.446, 22695
2026/09/26 02:37:18.946, 22695
2026/09/26 02:37:19.446, 22695
2026/09/26 02:37:19.946, 22695
2026/09/26 02:37:20.446, 22695
2026/09/26 02:37:20.946, 22695
2026/09/26 02:37:21.447, 22695
2026/09/26 02:37:21.947, 22695
2026/09/26 02:37:22.447, 22695
2026/09/26 02:37:22.947, 22695
2026/09/26 02:37:23.447, 22695
2026/09/26 02:37:23.948, 22695
2026/09/26 02:37:24.448, 22695
2026/09/26 02:37:24.948, 22695
2026/09/26 02:37:25.448, 22695
2026/09/26 02:37:25.948, 22695
2026/09/26 02:37:26.448, 22695
2026/09/26 02:37:26.949, 22695
2026/09/26 02:37:27.449, 22695
2026/09/26 02:37:27.949, 22695
2026/09/26 02:37:28.449, 22695
2026/09/26 02:37:28.949, 22695
2026/09/26 02:37:29.449, 22695
2026/09/26 02:37:29.949, 22695
2026/09/26 02:37:30.450, 22695
2026/09/26 02:37:30.950, 22695
2026/09/26 02:37:31.450, 22695
2026/09/26 02:37:31.950, 22695
2026/09/26 02:37:32.450, 22695
2026/09/26 02:37:32.950, 22695
2026/09/26 02:37:33.451, 22695
2026/09/26 02:37:33.951, 22695
2026/09/26 02:37:34.451, 22695
2026/09/26 02:37:34.951, 22695
2026/09/26 02:37:35.451, 22695
2026/09/26 02:37:35.951, 22695
2026/09/26 02:37:36.451, 22695
2026/09/26 02:37:36.952, 22695
2026/09/26 02:37:37.452, 22695
2026/09/26 02:37:37.952, 22695
2026/09/26 02:37:38.452, 22695
2026/09/26 02:37:38.952, 22695
2026/09/26 02:37:39.452, 22695
2026/09/26 02:37:39.953, 22695
2026/09/26 02:37:40.453, 22695
2026/09/26 02:37:40.953, 22695
2026/09/26 02:37:41.453, 22695
2026/09/26 02:37:41.953, 22695
2026/09/26 02:37:42.453, 22695
2026/09/26 02:37:42.953, 22695
2026/09/26 02:37:43.454, 22695
2026/09/26 02:37:43.954, 22695
2026/09/26 02:37:44.454, 22695
2026/09/26 02:37:44.954, 22695
2026/09/26 02:37:45.454, 22695
2026/09/26 02:37:45.954, 22695
2026/09/26 02:37:46.454, 22695
2026/09/26 02:37:46.955, 22695
2026/09/26 02:37:47.455, 22695
2026/09/26 02:37:47.955, 22695
2026/09/26 02:37:48.455, 22695
2026/09/26 02:37:48.955, 22695
2026/09/26 02:37:49.455, 22695
2026/09/26 02:37:49.956, 22695
2026/09/26 02:37:50.456, 22695
2026/09/26 02:37:50.956, 22695
2026/09/26 02:37:51.456, 22695
2026/09/26 02:37:51.956, 22695
2026/09/26 02:37:52.456, 22695
2026/09/26 02:37:52.956, 22695
2026/09/26 02:37:53.457, 22695
2026/09/26 02:37:53.957, 22695
2026/09/26 02:37:54.457, 22695
2026/09/26 02:37:54.957, 22695
2026/09/26 02:37:55.458, 22695
2026/09/26 02:37:55.958, 22695
2026/09/26 02:37:56.458, 22695
2026/09/26 02:37:56.958, 22695
2026/09/26 02:37:57.458, 22695
2026/09/26 02:37:57.958, 22695
2026/09/26 02:37:58.459, 22695
2026/09/26 02:37:58.960, 22695
2026/09/26 02:37:59.460, 22695
2026/09/26 02:37:59.960, 22695
2026/09/26 02:38:00.460, 22695
2026/09/26 02:38:00.961, 22695
2026/09/26 02:38:01.461, 22695
2026/09/26 02:38:01.961, 22695
2026/09/26 02:38:02.461, 22695
2026/09/26 02:38:02.961, 22695
2026/09/26 02:38:03.461, 22695
2026/09/26 02:38:03.962, 22695
2026/09/26 02:38:04.462, 22695
2026/09/26 02:38:04.962, 22695
2026/09/26 02:38:05.462, 22695
2026/09/26 02:38:05.962, 22695
2026/09/26 02:38:06.462, 22695
2026/09/26 02:38:06.962, 22695
2026/09/26 02:38:07.463, 22695
2026/09/26 02:38:07.963, 22695
2026/09/26 02:38:08.463, 22695
2026/09/26 02:38:08.963, 22695
2026/09/26 02:38:09.463, 22695
2026/09/26 02:38:09.963, 22695
2026/09/26 02:38:10.464, 22695
2026/09/26 02:38:10.964, 22695
2026/09/26 02:38:11.464, 22695
2026/09/26 02:38:11.964, 22695
2026/09/26 02:38:12.464, 22695
2026/09/26 02:38:12.965, 22695
2026/09/26 02:38:13.465, 22695
2026/09/26 02:38:13.965, 22695
2026/09/26 02:38:14.465, 22695
2026/09/26 02:38:14.965, 22695
2026/09/26 02:38:15.465, 22695
2026/09/26 02:38:15.965, 22695
2026/09/26 02:38:16.466, 22695
2026/09/26 02:38:16.966, 22695
2026/09/26 02:38:17.466, 22695
2026/09/26 02:38:17.966, 22695
2026/09/26 02:38:18.466, 22695
2026/09/26 02:38:18.966, 22695
2026/09/26 02:38:19.467, 22695
2026/09/26 02:38:19.967, 22695
2026/09/26 02:38:20.467, 22695
2026/09/26 02:38:20.967, 22695
2026/09/26 02:38:21.467, 22695
2026/09/26 02:38:21.968, 22695
2026/09/26 02:38:22.468, 22695
2026/09/26 02:38:22.968, 22695
2026/09/26 02:38:23.468, 22695
2026/09/26 02:38:23.968, 22695
2026/09/26 02:38:24.468, 22695
2026/09/26 02:38:24.969, 22695
2026/09/26 02:38:25.469, 22695
2026/09/26 02:38:25.969, 22695
2026/09/26 02:38:26.469, 22695
2026/09/26 02:38:26.969, 22695
2026/09/26 02:38:27.469, 22695
2026/09/26 02:38:27.970, 22695
2026/09/26 02:38:28.470, 22695
2026/09/26 02:38:28.970, 22695
2026/09/26 02:38:29.470, 22695
2026/09/26 02:38:29.970, 22695
2026/09/26 02:38:30.471, 22695
2026/09/26 02:38:30.971, 22695
2026/09/26 02:38:31.471, 22695
2026/09/26 02:38:31.971, 22695
2026/09/26 02:38:32.471, 22695
2026/09/26 02:38:32.971, 22695
2026/09/26 02:38:33.472, 22695
2026/09/26 02:38:33.972, 22695
2026/09/26 02:38:34.472, 22695
2026/09/26 02:38:34.972, 22695
2026/09/26 02:38:35.472, 22695
2026/09/26 02:38:35.973, 22695
2026/09/26 02:38:36.473, 22695
2026/09/26 02:38:36.973, 22695
2026/09/26 02:38:37.473, 22695
2026/09/26 02:38:37.973, 22695
2026/09/26 02:38:38.473, 22695
2026/09/26 02:38:38.974, 22695
2026/09/26 02:38:39.474, 22695
2026/09/26 02:38:39.974, 22695
2026/09/26 02:38:40.474, 22695
2026/09/26 02:38:40.974, 22695
2026/09/26 02:38:41.474, 22695
2026/09/26 02:38:41.975, 22695
2026/09/26 02:38:42.475, 22695
2026/09/26 02:38:42.975, 22695
2026/09/26 02:38:43.475, 22695
2026/09/26 02:38:43.975, 22695
2026/09/26 02:38:44.475, 22695
2026/09/26 02:38:44.976, 22695
2026/09/26 02:38:45.476, 22695
2026/09/26 02:38:45.976, 22695
2026/09/26 02:38:46.476, 22695
2026/09/26 02:38:46.976, 22695
2026/09/26 02:38:47.477, 22695
2026/09/26 02:38:47.977, 22695
2026/09/26 02:38:48.477, 22695
2026/09/26 02:38:48.977, 22695
2026/09/26 02:38:49.477, 22695
2026/09/26 02:38:49.978, 22695
2026/09/26 02:38:50.478, 22695
2026/09/26 02:38:50.978, 22695
2026/09/26 02:38:51.478, 22695
2026/09/26 02:38:51.978, 22695
2026/09/26 02:38:52.478, 22695
2026/09/26 02:38:52.979, 22695
2026/09/26 02:38:53.479, 22695
2026/09/26 02:38:53.979, 22695
2026/09/26 02:38:54.479, 22695
2026/09/26 02:38:54.979, 22695
2026/09/26 02:38:55.479, 22695
2026/09/26 02:38:55.979, 22695
2026/09/26 02:38:56.480, 22695
2026/09/26 02:38:56.980, 22695
2026/09/26 02:38:57.480, 22695
2026/09/26 02:38:57.980, 22695
2026/09/26 02:38:58.480, 22695
2026/09/26 02:38:58.981, 22695
2026/09/26 02:38:59.481, 22695
2026/09/26 02:38:59.981, 22695
2026/09/26 02:39:00.481, 22695
2026/09/26 02:39:00.981, 22695
2026/09/26 02:39:01.481, 22695
2026/09/26 02:39:01.981, 22695
2026/09/26 02:39:02.482, 22695
2026/09/26 02:39:02.982, 22695
2026/09/26 02:39:03.482, 22695
2026/09/26 02:39:03.982, 22695
2026/09/26 02:39:04.482, 22695
2026/09/26 02:39:04.983, 22695
2026/09/26 02:39:05.483, 22695
2026/09/26 02:39:05.983, 22695
2026/09/26 02:39:06.483, 22695
2026/09/26 02:39:06.983, 22695
2026/09/26 02:39:07.483, 22695
2026/09/26 02:39:07.983, 22695
2026/09/26 02:39:08.484, 22695
2026/09/26 02:39:08.984, 22695
2026/09/26 02:39:09.484, 22695
2026/09/26 02:39:09.984, 22695
2026/09/26 02:39:10.484, 22695
2026/09/26 02:39:10.984, 22695
2026/09/26 02:39:11.485, 22695
2026/09/26 02:39:11.985, 22695
2026/09/26 02:39:12.485, 22695
2026/09/26 02:39:12.985, 22695
2026/09/26 02:39:13.485, 22695
2026/09/26 02:39:13.985, 22695
2026/09/26 02:39:14.486, 22695
2026/09/26 02:39:14.986, 22695
2026/09/26 02:39:15.486, 22695
2026/09/26 02:39:15.986, 22695
2026/09/26 02:39:16.486, 22695
2026/09/26 02:39:16.986, 22695
2026/09/26 02:39:17.486, 22695
2026/09/26 02:39:17.987, 22695
2026/09/26 02:39:18.487, 22695
2026/09/26 02:39:18.987, 22695
2026/09/26 02:39:19.487, 22695
2026/09/26 02:39:19.987, 22695
2026/09/26 02:39:20.487, 22695
2026/09/26 02:39:20.988, 22695
2026/09/26 02:39:21.488, 22695
2026/09/26 02:39:21.993, 22695
2026/09/26 02:39:22.493, 22695
2026/09/26 02:39:22.994, 22695
2026/09/26 02:39:23.494, 22695
2026/09/26 02:39:23.994, 22695
2026/09/26 02:39:24.494, 22695
2026/09/26 02:39:24.994, 22695
2026/09/26 02:39:25.494, 22695
2026/09/26 02:39:25.995, 22695
2026/09/26 02:39:26.495, 22695
2026/09/26 02:39:27.004, 22695
2026/09/26 02:39:27.504, 22695
2026/09/26 02:39:28.004, 22695
2026/09/26 02:39:28.504, 22695
2026/09/26 02:39:29.004, 22695
2026/09/26 02:39:29.504, 22695
2026/09/26 02:39:30.004, 22695
2026/09/26 02:39:30.505, 22695
2026/09/26 02:39:31.005, 22695
2026/09/26 02:39:31.505, 22695
2026/09/26 02:39:32.005, 22695
2026/09/26 02:39:32.505, 22695
2026/09/26 02:39:33.005, 22695
2026/09/26 02:39:33.506, 22695
2026/09/26 02:39:34.006, 22695
2026/09/26 02:39:34.506, 22695
2026/09/26 02:39:35.006, 22695
2026/09/26 02:39:35.506, 22695
2026/09/26 02:39:36.006, 22695
2026/09/26 02:39:36.507, 22695
2026/09/26 02:39:37.007, 22695
2026/09/26 02:39:37.507, 22695
2026/09/26 02:39:38.007, 22695
2026/09/26 02:39:38.507, 22695
2026/09/26 02:39:39.007, 22695
2026/09/26 02:39:39.508, 22695
2026/09/26 02:39:40.008, 22695
2026/09/26 02:39:40.508, 22695
2026/09/26 02:39:41.008, 22695
2026/09/26 02:39:41.508, 22695
2026/09/26 02:39:42.008, 22695
2026/09/26 02:39:42.509, 22695
2026/09/26 02:39:43.009, 22695
2026/09/26 02:39:43.509, 22695
2026/09/26 02:39:44.009, 22695
2026/09/26 02:39:44.509, 22695
2026/09/26 02:39:45.009, 22695
2026/09/26 02:39:45.510, 22695
2026/09/26 02:39:46.010, 22695
2026/09/26 02:39:46.510, 22695
2026/09/26 02:39:47.010, 22695
2026/09/26 02:39:47.510, 22695
2026/09/26 02:39:48.010, 22695
2026/09/26 02:39:48.510, 22695
2026/09/26 02:39:49.011, 22695
2026/09/26 02:39:49.511, 22695
2026/09/26 02:39:50.011, 22695
2026/09/26 02:39:50.511, 22695
2026/09/26 02:39:51.011, 22695
2026/09/26 02:39:51.511, 22695
2026/09/26 02:39:52.012, 22695
2026/09/26 02:39:52.512, 22695
2026/09/26 02:39:53.012, 22695
2026/09/26 02:39:53.512, 22695
2026/09/26 02:39:54.012, 22695
2026/09/26 02:39:54.512, 22695
2026/09/26 02:39:55.012, 22695
2026/09/26 02:39:55.513, 22695
2026/09/26 02:39:56.013, 22695
2026/09/26 02:39:56.513, 22695
2026/09/26 02:39:57.013, 22695
2026/09/26 02:39:57.513, 22695
2026/09/26 02:39:58.013, 22695
2026/09/26 02:39:58.514, 22695
2026/09/26 02:39:59.014, 22695
2026/09/26 02:39:59.514, 22695
2026/09/26 02:40:00.014, 22695
2026/09/26 02:40:00.514, 22695
2026/09/26 02:40:01.014, 22695
2026/09/26 02:40:01.515, 22695
2026/09/26 02:40:02.015, 22695
2026/09/26 02:40:02.515, 22695
2026/09/26 02:40:03.015, 22695
2026/09/26 02:40:03.515, 22695
2026/09/26 02:40:04.015, 22695
2026/09/26 02:40:04.516, 22695
2026/09/26 02:40:05.016, 22695
2026/09/26 02:40:05.516, 22695
2026/09/26 02:40:06.016, 22695
2026/09/26 02:40:06.516, 22695
2026/09/26 02:40:07.016, 22695
2026/09/26 02:40:07.517, 22695
2026/09/26 02:40:08.017, 22695
2026/09/26 02:40:08.517, 22695
2026/09/26 02:40:09.017, 22695
2026/09/26 02:40:09.517, 22695
2026/09/26 02:40:10.017, 22695
2026/09/26 02:40:10.517, 22695
2026/09/26 02:40:11.018, 22695
2026/09/26 02:40:11.518, 22695
2026/09/26 02:40:12.018, 22695
2026/09/26 02:40:12.518, 22695
2026/09/26 02:40:13.018, 22695
2026/09/26 02:40:13.518, 22695
2026/09/26 02:40:14.019, 22695
2026/09/26 02:40:14.519, 22695
2026/09/26 02:40:15.019, 22695
2026/09/26 02:40:15.519, 22695
2026/09/26 02:40:16.019, 22695
2026/09/26 02:40:16.519, 22695
2026/09/26 02:40:17.020, 22695
2026/09/26 02:40:17.520, 22695
2026/09/26 02:40:18.020, 22695
2026/09/26 02:40:18.520, 22695
2026/09/26 02:40:19.020, 22695
2026/09/26 02:40:19.520, 22695
2026/09/26 02:40:20.021, 22695
2026/09/26 02:40:20.521, 22695
2026/09/26 02:40:21.021, 22695
2026/09/26 02:40:21.521, 22695
2026/09/26 02:40:22.021, 22695
2026/09/26 02:40:22.522, 22695
2026/09/26 02:40:23.022, 22695
2026/09/26 02:40:23.522, 22695
2026/09/26 02:40:24.022, 22695
2026/09/26 02:40:24.522, 22695
2026/09/26 02:40:25.022, 22695
2026/09/26 02:40:25.523, 22695
2026/09/26 02:40:26.023, 22695
2026/09/26 02:40:26.523, 22695
2026/09/26 02:40:27.023, 22695
2026/09/26 02:40:27.523, 22695
2026/09/26 02:40:28.023, 22695
2026/09/26 02:40:28.523, 22695
2026/09/26 02:40:29.024, 22695
2026/09/26 02:40:29.524, 22695
2026/09/26 02:40:30.024, 22695
2026/09/26 02:40:30.524, 22695
2026/09/26 02:40:31.024, 22695
2026/09/26 02:40:31.524, 22695
2026/09/26 02:40:32.025, 22695
2026/09/26 02:40:32.525, 22695
2026/09/26 02:40:33.025, 22695
2026/09/26 02:40:33.525, 22695
2026/09/26 02:40:34.025, 22695
2026/09/26 02:40:34.525, 22695
2026/09/26 02:40:35.026, 22695
2026/09/26 02:40:35.526, 22695
2026/09/26 02:40:36.026, 22695
2026/09/26 02:40:36.526, 22695
2026/09/26 02:40:37.026, 22695
2026/09/26 02:40:37.526, 22695
2026/09/26 02:40:38.026, 22695
2026/09/26 02:40:38.527, 22695
2026/09/26 02:40:39.027, 22695
2026/09/26 02:40:39.527, 22695
2026/09/26 02:40:40.027, 22695
2026/09/26 02:40:40.527, 22695
2026/09/26 02:40:41.027, 22695
2026/09/26 02:40:41.528, 22695
2026/09/26 02:40:42.028, 22695
2026/09/26 02:40:42.528, 22695
2026/09/26 02:40:43.028, 22695
2026/09/26 02:40:43.528, 22695
2026/09/26 02:40:44.028, 22695
2026/09/26 02:40:44.529, 22695
2026/09/26 02:40:45.029, 22695
2026/09/26 02:40:45.529, 22695
2026/09/26 02:40:46.029, 22695
2026/09/26 02:40:46.529, 22695
2026/09/26 02:40:47.029, 22695
2026/09/26 02:40:47.530, 22695
2026/09/26 02:40:48.030, 22695
2026/09/26 02:40:48.530, 22695
2026/09/26 02:40:49.030, 22695
2026/09/26 02:40:49.530, 22695
2026/09/26 02:40:50.031, 22695
2026/09/26 02:40:50.531, 22695
2026/09/26 02:40:51.031, 22695
2026/09/26 02:40:51.531, 22695
2026/09/26 02:40:52.031, 22695
2026/09/26 02:40:52.531, 22695
2026/09/26 02:40:53.032, 22695
2026/09/26 02:40:53.532, 22695
2026/09/26 02:40:54.032, 22695
2026/09/26 02:40:54.532, 22695
2026/09/26 02:40:55.032, 22695
2026/09/26 02:40:55.533, 22695
2026/09/26 02:40:56.033, 22695
2026/09/26 02:40:56.533, 22695
2026/09/26 02:40:57.033, 22695
2026/09/26 02:40:57.533, 22695
2026/09/26 02:40:58.033, 22695
2026/09/26 02:40:58.533, 22695
2026/09/26 02:40:59.034, 22695
2026/09/26 02:40:59.534, 22695
2026/09/26 02:41:00.034, 22695
2026/09/26 02:41:00.534, 22695
2026/09/26 02:41:01.034, 22695
2026/09/26 02:41:01.534, 22695
2026/09/26 02:41:02.035, 22695
2026/09/26 02:41:02.535, 22695
2026/09/26 02:41:03.035, 22695
2026/09/26 02:41:03.535, 22695
2026/09/26 02:41:04.035, 22695
2026/09/26 02:41:04.535, 22695
2026/09/26 02:41:05.035, 22695
2026/09/26 02:41:05.536, 22695
2026/09/26 02:41:06.036, 22695
2026/09/26 02:41:06.536, 22695
2026/09/26 02:41:07.036, 22695
2026/09/26 02:41:07.536, 22695
2026/09/26 02:41:08.036, 22695
2026/09/26 02:41:08.537, 22695
2026/09/26 02:41:09.037, 22695
2026/09/26 02:41:09.537, 22695
2026/09/26 02:41:10.037, 22695
2026/09/26 02:41:10.537, 22695
2026/09/26 02:41:11.037, 22695
2026/09/26 02:41:11.537, 22695
2026/09/26 02:41:12.038, 22695
2026/09/26 02:41:12.538, 22695
2026/09/26 02:41:13.038, 22695
2026/09/26 02:41:13.538, 22695
2026/09/26 02:41:14.038, 22695
2026/09/26 02:41:14.538, 22695
2026/09/26 02:41:15.039, 22695
2026/09/26 02:41:15.539, 22695
2026/09/26 02:41:16.039, 22695
2026/09/26 02:41:16.539, 22695
2026/09/26 02:41:17.039, 22695
2026/09/26 02:41:17.539, 22695
2026/09/26 02:41:18.040, 22695
2026/09/26 02:41:18.540, 22695
2026/09/26 02:41:19.040, 22695
2026/09/26 02:41:19.540, 22695
2026/09/26 02:41:20.040, 22695
2026/09/26 02:41:20.540, 22695
2026/09/26 02:41:21.041, 22695
2026/09/26 02:41:21.541, 22695
2026/09/26 02:41:22.041, 22695
2026/09/26 02:41:22.541, 22695
2026/09/26 02:41:23.041, 22695
2026/09/26 02:41:23.542, 22695
2026/09/26 02:41:24.042, 22695
2026/09/26 02:41:24.542, 22695
2026/09/26 02:41:25.042, 22695
2026/09/26 02:41:25.542, 22695
2026/09/26 02:41:26.042, 22695
2026/09/26 02:41:26.543, 22695
2026/09/26 02:41:27.043, 22695
2026/09/26 02:41:27.543, 22695
2026/09/26 02:41:28.043, 22695
2026/09/26 02:41:28.543, 22695
2026/09/26 02:41:29.043, 22695
2026/09/26 02:41:29.544, 22695
2026/09/26 02:41:30.044, 22695
2026/09/26 02:41:30.544, 22695
2026/09/26 02:41:31.044, 22695
2026/09/26 02:41:31.545, 22695
2026/09/26 02:41:32.045, 22695
2026/09/26 02:41:32.545, 22695
2026/09/26 02:41:33.045, 22695
2026/09/26 02:41:33.545, 22695
2026/09/26 02:41:34.045, 22695
2026/09/26 02:41:34.546, 22695
2026/09/26 02:41:35.046, 22695
2026/09/26 02:41:35.546, 22695
2026/09/26 02:41:36.046, 22695
2026/09/26 02:41:36.546, 22695
2026/09/26 02:41:37.046, 22695
2026/09/26 02:41:37.547, 22695
2026/09/26 02:41:38.047, 22695
2026/09/26 02:41:38.547, 22695
2026/09/26 02:41:39.047, 22695
2026/09/26 02:41:39.547, 22695
2026/09/26 02:41:40.047, 22695
2026/09/26 02:41:40.548, 22695
2026/09/26 02:41:41.048, 22695
2026/09/26 02:41:41.548, 22695
2026/09/26 02:41:42.048, 22695
2026/09/26 02:41:42.548, 22695
2026/09/26 02:41:43.048, 22695
2026/09/26 02:41:43.549, 22695
2026/09/26 02:41:44.049, 22695
2026/09/26 02:41:44.549, 22695
2026/09/26 02:41:45.049, 22695
2026/09/26 02:41:45.549, 22695
2026/09/26 02:41:46.050, 22695
2026/09/26 02:41:46.550, 22695
2026/09/26 02:41:47.050, 22695
2026/09/26 02:41:47.550, 22695
2026/09/26 02:41:48.050, 22695
2026/09/26 02:41:48.550, 22695
2026/09/26 02:41:49.051, 22695
2026/09/26 02:41:49.551, 22695
2026/09/26 02:41:50.051, 22695
2026/09/26 02:41:50.551, 22695
2026/09/26 02:41:51.051, 22695
2026/09/26 02:41:51.551, 22695
2026/09/26 02:41:52.052, 22695
2026/09/26 02:41:52.552, 22695
2026/09/26 02:41:53.052, 22695
2026/09/26 02:41:53.552, 22695
2026/09/26 02:41:54.053, 22695
2026/09/26 02:41:54.553, 22695
2026/09/26 02:41:55.053, 22695
2026/09/26 02:41:55.553, 22695
2026/09/26 02:41:56.053, 22695
2026/09/26 02:41:56.553, 22695
2026/09/26 02:41:57.054, 22695
2026/09/26 02:41:57.554, 22695
2026/09/26 02:41:58.054, 22695
2026/09/26 02:41:58.554, 22695
2026/09/26 02:41:59.054, 22695
2026/09/26 02:41:59.554, 22695
2026/09/26 02:42:00.055, 22695
2026/09/26 02:42:00.555, 22695
2026/09/26 02:42:01.055, 22695
2026/09/26 02:42:01.555, 22695
2026/09/26 02:42:02.055, 22695
2026/09/26 02:42:02.555, 22695
2026/09/26 02:42:03.056, 22695
2026/09/26 02:42:03.556, 22695
2026/09/26 02:42:04.056, 22695
2026/09/26 02:42:04.556, 22695
2026/09/26 02:42:05.056, 22695
2026/09/26 02:42:05.557, 22695
2026/09/26 02:42:06.057, 22695
2026/09/26 02:42:06.557, 22695
2026/09/26 02:42:07.057, 22695
2026/09/26 02:42:07.557, 22695
2026/09/26 02:42:08.057, 22695
2026/09/26 02:42:08.558, 22695
2026/09/26 02:42:09.058, 22695
2026/09/26 02:42:09.558, 22695
2026/09/26 02:42:10.058, 22695
2026/09/26 02:42:10.558, 22695
2026/09/26 02:42:11.058, 22695
2026/09/26 02:42:11.559, 22695
2026/09/26 02:42:12.059, 22695
2026/09/26 02:42:12.559, 22695
2026/09/26 02:42:13.059, 22695
2026/09/26 02:42:13.559, 22695
2026/09/26 02:42:14.059, 22695
2026/09/26 02:42:14.560, 22695
2026/09/26 02:42:15.060, 22695
2026/09/26 02:42:15.560, 22695
2026/09/26 02:42:16.060, 22695
2026/09/26 02:42:16.560, 22695
2026/09/26 02:42:17.060, 22695
2026/09/26 02:42:17.561, 22695
2026/09/26 02:42:18.061, 22695
2026/09/26 02:42:18.561, 22695
2026/09/26 02:42:19.061, 22695
2026/09/26 02:42:19.561, 22695
2026/09/26 02:42:20.061, 22695
2026/09/26 02:42:20.562, 22695
2026/09/26 02:42:21.062, 22695
2026/09/26 02:42:21.562, 22695
2026/09/26 02:42:22.062, 22695
2026/09/26 02:42:22.562, 22695
2026/09/26 02:42:23.062, 22695
2026/09/26 02:42:23.562, 22695
2026/09/26 02:42:24.063, 22695
2026/09/26 02:42:24.563, 22695
2026/09/26 02:42:25.063, 22695
2026/09/26 02:42:25.563, 22695
2026/09/26 02:42:26.063, 22695
2026/09/26 02:42:26.563, 22695
2026/09/26 02:42:27.064, 22695
2026/09/26 02:42:27.564, 22695
2026/09/26 02:42:28.064, 22695
2026/09/26 02:42:28.564, 22695
2026/09/26 02:42:29.064, 22695
2026/09/26 02:42:29.564, 22695
2026/09/26 02:42:30.065, 22695
2026/09/26 02:42:30.565, 22695
2026/09/26 02:42:31.065, 22695
2026/09/26 02:42:31.565, 22695
2026/09/26 02:42:32.065, 22695
2026/09/26 02:42:32.565, 22695
2026/09/26 02:42:33.066, 22695
2026/09/26 02:42:33.566, 22695
2026/09/26 02:42:34.066, 22695
2026/09/26 02:42:34.566, 22695
2026/09/26 02:42:35.066, 22695
2026/09/26 02:42:35.566, 22695
2026/09/26 02:42:36.067, 22695
2026/09/26 02:42:36.567, 22695
2026/09/26 02:42:37.067, 22695
2026/09/26 02:42:37.567, 22695
2026/09/26 02:42:38.067, 22695
2026/09/26 02:42:38.567, 22695
2026/09/26 02:42:39.068, 22695
2026/09/26 02:42:39.568, 22695
2026/09/26 02:42:40.068, 22695
2026/09/26 02:42:40.568, 22695
2026/09/26 02:42:41.068, 22695
2026/09/26 02:42:41.568, 22695
2026/09/26 02:42:42.068, 22695
2026/09/26 02:42:42.569, 22695
2026/09/26 02:42:43.069, 22695
2026/09/26 02:42:43.569, 22695
2026/09/26 02:42:44.069, 22695
2026/09/26 02:42:44.569, 22695
2026/09/26 02:42:45.069, 22695
2026/09/26 02:42:45.569, 22695
2026/09/26 02:42:46.070, 22695
2026/09/26 02:42:46.570, 22695
2026/09/26 02:42:47.070, 22695
2026/09/26 02:42:47.570, 22695
2026/09/26 02:42:48.070, 22695
2026/09/26 02:42:48.570, 22695
2026/09/26 02:42:49.071, 22695
2026/09/26 02:42:49.571, 22695
2026/09/26 02:42:50.071, 22695
2026/09/26 02:42:50.571, 22695
2026/09/26 02:42:51.071, 22695
2026/09/26 02:42:51.571, 22695
2026/09/26 02:42:52.071, 22695
2026/09/26 02:42:52.572, 22695
2026/09/26 02:42:53.072, 22695
2026/09/26 02:42:53.572, 22695
2026/09/26 02:42:54.072, 22695
2026/09/26 02:42:54.572, 22695
2026/09/26 02:42:55.073, 22695
2026/09/26 02:42:55.573, 22695
2026/09/26 02:42:56.073, 22695
2026/09/26 02:42:56.573, 22695
2026/09/26 02:42:57.073, 22695
2026/09/26 02:42:57.573, 22695
2026/09/26 02:42:58.074, 22695
2026/09/26 02:42:58.574, 22695
2026/09/26 02:42:59.074, 22695
2026/09/26 02:42:59.574, 22695
2026/09/26 02:43:00.074, 22695
2026/09/26 02:43:00.574, 22695
2026/09/26 02:43:01.074, 22695
2026/09/26 02:43:01.575, 22695
2026/09/26 02:43:02.075, 22695
2026/09/26 02:43:02.575, 22695
2026/09/26 02:43:03.075, 22695
2026/09/26 02:43:03.575, 22695
2026/09/26 02:43:04.075, 22695
2026/09/26 02:43:04.575, 22695
2026/09/26 02:43:05.076, 22695
2026/09/26 02:43:05.576, 22695
2026/09/26 02:43:06.076, 22695
2026/09/26 02:43:06.576, 22695
2026/09/26 02:43:07.076, 22695
2026/09/26 02:43:07.576, 22695
2026/09/26 02:43:08.077, 22695
2026/09/26 02:43:08.577, 22695
2026/09/26 02:43:09.077, 22695
2026/09/26 02:43:09.577, 22695
2026/09/26 02:43:10.077, 22695
2026/09/26 02:43:10.577, 22695
2026/09/26 02:43:11.078, 22695
2026/09/26 02:43:11.578, 22695
2026/09/26 02:43:12.078, 22695
2026/09/26 02:43:12.578, 22695
2026/09/26 02:43:13.078, 22695
2026/09/26 02:43:13.578, 22695
2026/09/26 02:43:14.078, 22695
2026/09/26 02:43:14.579, 22695
2026/09/26 02:43:15.079, 22695
2026/09/26 02:43:15.579, 22695
2026/09/26 02:43:16.079, 22695
2026/09/26 02:43:16.579, 22695
2026/09/26 02:43:17.079, 22695
2026/09/26 02:43:17.580, 22695
2026/09/26 02:43:18.080, 22695
2026/09/26 02:43:18.580, 22695
2026/09/26 02:43:19.080, 22695
2026/09/26 02:43:19.580, 22695
2026/09/26 02:43:20.080, 22695
2026/09/26 02:43:20.580, 22695
2026/09/26 02:43:21.081, 22695
2026/09/26 02:43:21.581, 22695
2026/09/26 02:43:22.081, 22695
2026/09/26 02:43:22.581, 22695
2026/09/26 02:43:23.081, 22695
2026/09/26 02:43:23.582, 22695
2026/09/26 02:43:24.082, 22695
2026/09/26 02:43:24.582, 22695
2026/09/26 02:43:25.082, 22695
2026/09/26 02:43:25.582, 22695
2026/09/26 02:43:26.082, 22695
2026/09/26 02:43:26.583, 22695
2026/09/26 02:43:27.083, 22695
2026/09/26 02:43:27.583, 22695
2026/09/26 02:43:28.083, 22695
2026/09/26 02:43:28.583, 22695
2026/09/26 02:43:29.083, 22695
2026/09/26 02:43:29.584, 22695
2026/09/26 02:43:30.084, 22695
2026/09/26 02:43:30.584, 22695
2026/09/26 02:43:31.084, 22695
2026/09/26 02:43:31.584, 22695
2026/09/26 02:43:32.084, 22695
2026/09/26 02:43:32.584, 22695
2026/09/26 02:43:33.085, 22695
2026/09/26 02:43:33.585, 22695
2026/09/26 02:43:34.085, 22695
2026/09/26 02:43:34.585, 22695
2026/09/26 02:43:35.085, 22695
2026/09/26 02:43:35.585, 22695
2026/09/26 02:43:36.086, 22695
2026/09/26 02:43:36.586, 22695
2026/09/26 02:43:37.086, 22695
2026/09/26 02:43:37.586, 22695
2026/09/26 02:43:38.086, 22695
2026/09/26 02:43:38.586, 22695
2026/09/26 02:43:39.087, 22695
2026/09/26 02:43:39.587, 22695
2026/09/26 02:43:40.087, 22695
2026/09/26 02:43:40.587, 22695
2026/09/26 02:43:41.087, 22695
2026/09/26 02:43:41.587, 22695
2026/09/26 02:43:42.088, 22695
2026/09/26 02:43:42.588, 22695
2026/09/26 02:43:43.088, 22695
2026/09/26 02:43:43.588, 22695
2026/09/26 02:43:44.088, 22695
2026/09/26 02:43:44.588, 22695
2026/09/26 02:43:45.088, 22695
2026/09/26 02:43:45.589, 22695
2026/09/26 02:43:46.089, 22695
2026/09/26 02:43:46.589, 22695
2026/09/26 02:43:47.089, 22695
2026/09/26 02:43:47.589, 22695
2026/09/26 02:43:48.089, 22695
2026/09/26 02:43:48.590, 22695
2026/09/26 02:43:49.090, 22695
2026/09/26 02:43:49.590, 22695
2026/09/26 02:43:50.090, 22695
2026/09/26 02:43:50.590, 22695
2026/09/26 02:43:51.090, 22695
2026/09/26 02:43:51.590, 22695
2026/09/26 02:43:52.091, 22695
2026/09/26 02:43:52.591, 22695
2026/09/26 02:43:53.091, 22695
2026/09/26 02:43:53.591, 22695
2026/09/26 02:43:54.091, 22695
2026/09/26 02:43:54.591, 22695
2026/09/26 02:43:55.092, 22695
2026/09/26 02:43:55.592, 22695
2026/09/26 02:43:56.092, 22695
2026/09/26 02:43:56.592, 22695
2026/09/26 02:43:57.092, 22695
2026/09/26 02:43:57.592, 22695
2026/09/26 02:43:58.092, 22695
2026/09/26 02:43:58.593, 22695
2026/09/26 02:43:59.093, 22695
2026/09/26 02:43:59.593, 22695
2026/09/26 02:44:00.093, 22695
2026/09/26 02:44:00.593, 22695
2026/09/26 02:44:01.093, 22695
2026/09/26 02:44:01.593, 22695
2026/09/26 02:44:02.094, 22695
2026/09/26 02:44:02.594, 22695
2026/09/26 02:44:03.094, 22695
2026/09/26 02:44:03.594, 22695
2026/09/26 02:44:04.094, 22695
2026/09/26 02:44:04.595, 22695
2026/09/26 02:44:05.095, 22695
2026/09/26 02:44:05.595, 22695
2026/09/26 02:44:06.095, 22695
2026/09/26 02:44:06.595, 22695
2026/09/26 02:44:07.095, 22695
2026/09/26 02:44:07.596, 22695
2026/09/26 02:44:08.096, 22695
2026/09/26 02:44:08.596, 22695
2026/09/26 02:44:09.096, 22695
2026/09/26 02:44:09.596, 22695
2026/09/26 02:44:10.096, 22695
2026/09/26 02:44:10.596, 22695
2026/09/26 02:44:11.097, 22695
2026/09/26 02:44:11.597, 22695
2026/09/26 02:44:12.097, 22695
2026/09/26 02:44:12.597, 22695
2026/09/26 02:44:13.097, 22695
2026/09/26 02:44:13.597, 22695
2026/09/26 02:44:14.098, 22695
2026/09/26 02:44:14.598, 22695
2026/09/26 02:44:15.098, 22695
2026/09/26 02:44:15.598, 22695
2026/09/26 02:44:16.098, 22695
2026/09/26 02:44:16.598, 22695
2026/09/26 02:44:17.099, 22695
2026/09/26 02:44:17.599, 22695
2026/09/26 02:44:18.099, 22695
2026/09/26 02:44:18.599, 22695
2026/09/26 02:44:19.099, 22695
2026/09/26 02:44:19.599, 22695
2026/09/26 02:44:20.100, 22695
2026/09/26 02:44:20.600, 22695
2026/09/26 02:44:21.100, 22695
2026/09/26 02:44:21.600, 22695
2026/09/26 02:44:22.100, 22695
2026/09/26 02:44:22.600, 22695
2026/09/26 02:44:23.101, 22695
2026/09/26 02:44:23.601, 22695
2026/09/26 02:44:24.101, 22695
2026/09/26 02:44:24.601, 22695
2026/09/26 02:44:25.101, 22695
2026/09/26 02:44:25.602, 22695
2026/09/26 02:44:26.102, 22695
2026/09/26 02:44:26.602, 22695
2026/09/26 02:44:27.102, 22695
2026/09/26 02:44:27.602, 22695
2026/09/26 02:44:28.102, 22695
2026/09/26 02:44:28.603, 22695
2026/09/26 02:44:29.103, 22695
2026/09/26 02:44:29.603, 22695
2026/09/26 02:44:30.103, 22695
2026/09/26 02:44:30.603, 22695
2026/09/26 02:44:31.103, 22695
2026/09/26 02:44:31.604, 22695
2026/09/26 02:44:32.104, 22695
2026/09/26 02:44:32.604, 22695
2026/09/26 02:44:33.104, 22695
2026/09/26 02:44:33.604, 22695
2026/09/26 02:44:34.104, 22695
2026/09/26 02:44:34.605, 22695
2026/09/26 02:44:35.105, 22695
2026/09/26 02:44:35.605, 22695
2026/09/26 02:44:36.105, 22695
2026/09/26 02:44:36.605, 22695
2026/09/26 02:44:37.105, 22695
2026/09/26 02:44:37.606, 22695
2026/09/26 02:44:38.106, 22695
2026/09/26 02:44:38.606, 22695
2026/09/26 02:44:39.106, 22695
2026/09/26 02:44:39.606, 22695
2026/09/26 02:44:40.107, 22695
2026/09/26 02:44:40.607, 22695
2026/09/26 02:44:41.107, 22695
2026/09/26 02:44:41.607, 22695
2026/09/26 02:44:42.107, 22695
2026/09/26 02:44:42.607, 22695
2026/09/26 02:44:43.108, 22695
2026/09/26 02:44:43.608, 22695
2026/09/26 02:44:44.108, 22695
2026/09/26 02:44:44.608, 22695
2026/09/26 02:44:45.109, 22695
2026/09/26 02:44:45.609, 22695
2026/09/26 02:44:46.109, 22695
2026/09/26 02:44:46.609, 22695
2026/09/26 02:44:47.109, 22695
2026/09/26 02:44:47.609, 22695
2026/09/26 02:44:48.110, 22695
2026/09/26 02:44:48.610, 22695
2026/09/26 02:44:49.110, 22695
2026/09/26 02:44:49.610, 22695
2026/09/26 02:44:50.110, 22695
2026/09/26 02:44:50.610, 22695
2026/09/26 02:44:51.111, 22695
2026/09/26 02:44:51.611, 22695
2026/09/26 02:44:52.111, 22695
2026/09/26 02:44:52.611, 22695
2026/09/26 02:44:53.111, 22695
2026/09/26 02:44:53.612, 22695
2026/09/26 02:44:54.112, 22695
2026/09/26 02:44:54.612, 22695
2026/09/26 02:44:55.112, 22695
2026/09/26 02:44:55.612, 22695
2026/09/26 02:44:56.113, 22695
2026/09/26 02:44:56.613, 22695
2026/09/26 02:44:57.113, 22695
2026/09/26 02:44:57.613, 22695
2026/09/26 02:44:58.113, 22695
2026/09/26 02:44:58.613, 22695
2026/09/26 02:44:59.114, 22695
2026/09/26 02:44:59.614, 22695
2026/09/26 02:45:00.114, 22695
2026/09/26 02:45:00.614, 22695
2026/09/26 02:45:01.114, 22695
2026/09/26 02:45:01.614, 22695
2026/09/26 02:45:02.115, 22695
2026/09/26 02:45:02.615, 22695
2026/09/26 02:45:03.115, 22695
2026/09/26 02:45:03.615, 22695
2026/09/26 02:45:04.115, 22695
2026/09/26 02:45:04.616, 22695
2026/09/26 02:45:05.116, 22695
2026/09/26 02:45:05.616, 22695
2026/09/26 02:45:06.116, 22695
2026/09/26 02:45:06.616, 22695
2026/09/26 02:45:07.117, 22695
2026/09/26 02:45:07.617, 22695
2026/09/26 02:45:08.117, 22695
2026/09/26 02:45:08.617, 22695
2026/09/26 02:45:09.117, 22695
2026/09/26 02:45:09.617, 22695
2026/09/26 02:45:10.118, 22695
2026/09/26 02:45:10.618, 22695
2026/09/26 02:45:11.118, 22695
2026/09/26 02:45:11.618, 22695
2026/09/26 02:45:12.118, 22695
2026/09/26 02:45:12.618, 22695
2026/09/26 02:45:13.119, 22695
2026/09/26 02:45:13.619, 22695
2026/09/26 02:45:14.119, 22695
2026/09/26 02:45:14.619, 22695
2026/09/26 02:45:15.119, 22695
2026/09/26 02:45:15.620, 22695
2026/09/26 02:45:16.120, 22695
2026/09/26 02:45:16.620, 22695
2026/09/26 02:45:17.120, 22695
2026/09/26 02:45:17.620, 22695
2026/09/26 02:45:18.120, 22695
2026/09/26 02:45:18.620, 22695
2026/09/26 02:45:19.121, 22695
2026/09/26 02:45:19.621, 22695
2026/09/26 02:45:20.121, 22695
2026/09/26 02:45:20.621, 22695
2026/09/26 02:45:21.121, 22695
2026/09/26 02:45:21.621, 22695
2026/09/26 02:45:22.122, 22695
2026/09/26 02:45:22.622, 22695
2026/09/26 02:45:23.122, 22695
2026/09/26 02:45:23.622, 22695
2026/09/26 02:45:24.122, 22695
2026/09/26 02:45:24.622, 22695
2026/09/26 02:45:25.123, 22695
2026/09/26 02:45:25.623, 22695
2026/09/26 02:45:26.123, 22695
2026/09/26 02:45:26.623, 22695
2026/09/26 02:45:27.123, 22695
2026/09/26 02:45:27.623, 22695
2026/09/26 02:45:28.124, 22695
2026/09/26 02:45:28.624, 22695
2026/09/26 02:45:29.124, 22695
2026/09/26 02:45:29.624, 22695
2026/09/26 02:45:30.124, 22695
2026/09/26 02:45:30.624, 22695
2026/09/26 02:45:31.124, 22695
2026/09/26 02:45:31.625, 22695
2026/09/26 02:45:32.125, 22695
2026/09/26 02:45:32.625, 22695
2026/09/26 02:45:33.125, 22695
2026/09/26 02:45:33.625, 22695
2026/09/26 02:45:34.125, 22695
2026/09/26 02:45:34.626, 22695
2026/09/26 02:45:35.126, 22695
2026/09/26 02:45:35.626, 22695
2026/09/26 02:45:36.126, 22695
2026/09/26 02:45:36.626, 22695
2026/09/26 02:45:37.126, 22695
2026/09/26 02:45:37.627, 22695
2026/09/26 02:45:38.127, 22695
2026/09/26 02:45:38.627, 22695
2026/09/26 02:45:39.127, 22695
2026/09/26 02:45:39.627, 22695
2026/09/26 02:45:40.127, 22695
2026/09/26 02:45:40.628, 22695
2026/09/26 02:45:41.128, 22695
2026/09/26 02:45:41.628, 22695
2026/09/26 02:45:42.128, 22695
2026/09/26 02:45:42.628, 22695
2026/09/26 02:45:43.128, 22695
2026/09/26 02:45:43.628, 22695
2026/09/26 02:45:44.129, 22695
2026/09/26 02:45:44.629, 22695
2026/09/26 02:45:45.129, 22695
2026/09/26 02:45:45.629, 22695
2026/09/26 02:45:46.129, 22695
2026/09/26 02:45:46.629, 22695
2026/09/26 02:45:47.130, 22695
2026/09/26 02:45:47.630, 22695
2026/09/26 02:45:48.130, 22695
2026/09/26 02:45:48.630, 22695
2026/09/26 02:45:49.130, 22695
2026/09/26 02:45:49.630, 22695
2026/09/26 02:45:50.131, 22695
2026/09/26 02:45:50.631, 22695
2026/09/26 02:45:51.131, 22695
2026/09/26 02:45:51.631, 22695
2026/09/26 02:45:52.131, 22695
2026/09/26 02:45:52.631, 22695
2026/09/26 02:45:53.132, 22695
2026/09/26 02:45:53.632, 22695
2026/09/26 02:45:54.132, 22695
2026/09/26 02:45:54.632, 22695
2026/09/26 02:45:55.132, 22695
2026/09/26 02:45:55.632, 22695
2026/09/26 02:45:56.133, 22695
2026/09/26 02:45:56.633, 22695
2026/09/26 02:45:57.133, 22695
2026/09/26 02:45:57.633, 22695
2026/09/26 02:45:58.133, 22695
2026/09/26 02:45:58.633, 22695
2026/09/26 02:45:59.134, 22695
2026/09/26 02:45:59.634, 22695
2026/09/26 02:46:00.134, 22695
2026/09/26 02:46:00.634, 22695
2026/09/26 02:46:01.134, 22695
2026/09/26 02:46:01.634, 22695
2026/09/26 02:46:02.135, 22695
2026/09/26 02:46:02.635, 22695
2026/09/26 02:46:03.135, 22695
2026/09/26 02:46:03.635, 22695
2026/09/26 02:46:04.135, 22695
2026/09/26 02:46:04.635, 22695
2026/09/26 02:46:05.136, 22695
2026/09/26 02:46:05.636, 22695
2026/09/26 02:46:06.136, 22695
2026/09/26 02:46:06.636, 22695
2026/09/26 02:46:07.136, 22695
2026/09/26 02:46:07.636, 22695
2026/09/26 02:46:08.137, 22695
2026/09/26 02:46:08.637, 22695
2026/09/26 02:46:09.137, 22695
2026/09/26 02:46:09.637, 22695
2026/09/26 02:46:10.137, 22695
2026/09/26 02:46:10.637, 22695
2026/09/26 02:46:11.138, 22695
2026/09/26 02:46:11.638, 22695
2026/09/26 02:46:12.138, 22695
2026/09/26 02:46:12.638, 22695
2026/09/26 02:46:13.138, 22695
2026/09/26 02:46:13.638, 22695
2026/09/26 02:46:14.139, 22695
2026/09/26 02:46:14.639, 22695
2026/09/26 02:46:15.139, 22695
2026/09/26 02:46:15.639, 22695
2026/09/26 02:46:16.139, 22695
2026/09/26 02:46:16.639, 22695
2026/09/26 02:46:17.139, 22695
2026/09/26 02:46:17.640, 22695
2026/09/26 02:46:18.140, 22695
2026/09/26 02:46:18.640, 22695
2026/09/26 02:46:19.140, 22695
2026/09/26 02:46:19.640, 22695
2026/09/26 02:46:20.140, 22695
2026/09/26 02:46:20.641, 22695
2026/09/26 02:46:21.141, 22695
2026/09/26 02:46:21.641, 22695
2026/09/26 02:46:22.141, 22695
2026/09/26 02:46:22.641, 22695
2026/09/26 02:46:23.141, 22695
2026/09/26 02:46:23.641, 22695
2026/09/26 02:46:24.142, 22695
2026/09/26 02:46:24.642, 22695
2026/09/26 02:46:25.142, 22695
2026/09/26 02:46:25.642, 22695
2026/09/26 02:46:26.142, 22695
2026/09/26 02:46:26.642, 22695
2026/09/26 02:46:27.143, 22695
2026/09/26 02:46:27.643, 22695
2026/09/26 02:46:28.143, 22695
2026/09/26 02:46:28.643, 22695
2026/09/26 02:46:29.143, 22695
2026/09/26 02:46:29.643, 22695
2026/09/26 02:46:30.143, 22695
2026/09/26 02:46:30.644, 22695
2026/09/26 02:46:31.144, 22695
2026/09/26 02:46:31.644, 22695
2026/09/26 02:46:32.144, 22695
2026/09/26 02:46:32.644, 22695
2026/09/26 02:46:33.144, 22695
2026/09/26 02:46:33.645, 22695
2026/09/26 02:46:34.145, 22695
2026/09/26 02:46:34.645, 22695
2026/09/26 02:46:35.145, 22695
2026/09/26 02:46:35.645, 22695
2026/09/26 02:46:36.146, 22695
2026/09/26 02:46:36.646, 22695
2026/09/26 02:46:37.146, 22695
2026/09/26 02:46:37.646, 22695
2026/09/26 02:46:38.146, 22695
2026/09/26 02:46:38.646, 22695
2026/09/26 02:46:39.147, 22695
2026/09/26 02:46:39.647, 22695
2026/09/26 02:46:40.147, 22695
2026/09/26 02:46:40.647, 22695
2026/09/26 02:46:41.147, 22695
2026/09/26 02:46:41.647, 22695
2026/09/26 02:46:42.147, 22695
2026/09/26 02:46:42.648, 22695
2026/09/26 02:46:43.148, 22695
2026/09/26 02:46:43.648, 22695
2026/09/26 02:46:44.148, 22695
2026/09/26 02:46:44.648, 22695
2026/09/26 02:46:45.148, 22695
2026/09/26 02:46:45.649, 22695
2026/09/26 02:46:46.149, 22695
2026/09/26 02:46:46.649, 22695
2026/09/26 02:46:47.149, 22695
2026/09/26 02:46:47.649, 22695
2026/09/26 02:46:48.149, 22695
2026/09/26 02:46:48.649, 22695
2026/09/26 02:46:49.150, 22695
2026/09/26 02:46:49.650, 22695
2026/09/26 02:46:50.150, 22695
2026/09/26 02:46:50.650, 22695
2026/09/26 02:46:51.150, 22695
2026/09/26 02:46:51.650, 22695
2026/09/26 02:46:52.151, 22695
2026/09/26 02:46:52.651, 22695
2026/09/26 02:46:53.151, 22695
2026/09/26 02:46:53.651, 22695
2026/09/26 02:46:54.151, 22695
2026/09/26 02:46:54.651, 22695
2026/09/26 02:46:55.152, 22695
2026/09/26 02:46:55.652, 22695
2026/09/26 02:46:56.152, 22695
2026/09/26 02:46:56.652, 22695
2026/09/26 02:46:57.152, 22695
2026/09/26 02:46:57.652, 22695
2026/09/26 02:46:58.153, 22695
2026/09/26 02:46:58.653, 22695
2026/09/26 02:46:59.153, 22695
2026/09/26 02:46:59.653, 22695
2026/09/26 02:47:00.153, 22695
2026/09/26 02:47:00.653, 22695
2026/09/26 02:47:01.153, 22695
2026/09/26 02:47:01.654, 22695
2026/09/26 02:47:02.154, 22695
2026/09/26 02:47:02.654, 22695
2026/09/26 02:47:03.154, 22695
2026/09/26 02:47:03.654, 22695
2026/09/26 02:47:04.154, 22695
2026/09/26 02:47:04.655, 22695
2026/09/26 02:47:05.155, 22695
2026/09/26 02:47:05.655, 22695
2026/09/26 02:47:06.155, 22695
2026/09/26 02:47:06.656, 22695
2026/09/26 02:47:07.156, 22695
2026/09/26 02:47:07.656, 22695
2026/09/26 02:47:08.156, 22695
2026/09/26 02:47:08.656, 22695
2026/09/26 02:47:09.156, 22695
2026/09/26 02:47:09.657, 22695
2026/09/26 02:47:10.157, 22695
2026/09/26 02:47:10.657, 22695
2026/09/26 02:47:11.157, 22695
2026/09/26 02:47:11.657, 22695
2026/09/26 02:47:12.157, 22695
2026/09/26 02:47:12.658, 22695
2026/09/26 02:47:13.158, 22695
2026/09/26 02:47:13.658, 22695
2026/09/26 02:47:14.158, 22695
2026/09/26 02:47:14.658, 22695
2026/09/26 02:47:15.158, 22695
2026/09/26 02:47:15.659, 22695
2026/09/26 02:47:16.159, 22695
2026/09/26 02:47:16.659, 22695
2026/09/26 02:47:17.159, 22695
2026/09/26 02:47:17.659, 22695
2026/09/26 02:47:18.159, 22695
2026/09/26 02:47:18.660, 22695
2026/09/26 02:47:19.160, 22695
2026/09/26 02:47:19.660, 22695
2026/09/26 02:47:20.160, 22695
2026/09/26 02:47:20.660, 22695
2026/09/26 02:47:21.160, 22695
2026/09/26 02:47:21.661, 22695
2026/09/26 02:47:22.161, 22695
2026/09/26 02:47:22.661, 22695
2026/09/26 02:47:23.161, 22695
2026/09/26 02:47:23.661, 22695
2026/09/26 02:47:24.161, 22695
2026/09/26 02:47:24.662, 22695
2026/09/26 02:47:25.162, 22695
2026/09/26 02:47:25.662, 22695
2026/09/26 02:47:26.162, 22695
2026/09/26 02:47:26.662, 22695
2026/09/26 02:47:27.162, 22695
2026/09/26 02:47:27.663, 22695
2026/09/26 02:47:28.163, 22695
2026/09/26 02:47:28.663, 22695
2026/09/26 02:47:29.163, 22695
2026/09/26 02:47:29.663, 22695
2026/09/26 02:47:30.163, 22695
2026/09/26 02:47:30.664, 22695
2026/09/26 02:47:31.164, 22695
2026/09/26 02:47:31.664, 22695
2026/09/26 02:47:32.164, 22695
2026/09/26 02:47:32.664, 22695
2026/09/26 02:47:33.164, 22695
2026/09/26 02:47:33.664, 22695
2026/09/26 02:47:34.165, 22695
2026/09/26 02:47:34.665, 22695
2026/09/26 02:47:35.165, 22695
2026/09/26 02:47:35.665, 22695
2026/09/26 02:47:36.165, 22695
2026/09/26 02:47:36.665, 22695
2026/09/26 02:47:37.166, 22695
2026/09/26 02:47:37.666, 22695
2026/09/26 02:47:38.166, 22695
2026/09/26 02:47:38.666, 22695
2026/09/26 02:47:39.166, 22695
2026/09/26 02:47:39.666, 22695
2026/09/26 02:47:40.166, 22695
2026/09/26 02:47:40.667, 22695
2026/09/26 02:47:41.167, 22695
2026/09/26 02:47:41.667, 22695
2026/09/26 02:47:42.168, 22695
2026/09/26 02:47:42.668, 22695
2026/09/26 02:47:43.168, 22695
2026/09/26 02:47:43.669, 22695
2026/09/26 02:47:44.169, 22695
2026/09/26 02:47:44.669, 22695
2026/09/26 02:47:45.169, 22695
2026/09/26 02:47:45.669, 22695
2026/09/26 02:47:46.169, 22695
2026/09/26 02:47:46.670, 22695
2026/09/26 02:47:47.170, 22695
2026/09/26 02:47:47.670, 22695
2026/09/26 02:47:48.170, 22695
2026/09/26 02:47:48.670, 22695
2026/09/26 02:47:49.170, 22695
2026/09/26 02:47:49.670, 22695
2026/09/26 02:47:50.171, 22695
2026/09/26 02:47:50.671, 22695
2026/09/26 02:47:51.171, 22695
2026/09/26 02:47:51.671, 22695
2026/09/26 02:47:52.171, 22695
2026/09/26 02:47:52.671, 22695
2026/09/26 02:47:53.172, 22695
2026/09/26 02:47:53.672, 22695
2026/09/26 02:47:54.172, 22695
2026/09/26 02:47:54.672, 22695
2026/09/26 02:47:55.172, 22695
2026/09/26 02:47:55.672, 22695
2026/09/26 02:47:56.173, 22695
2026/09/26 02:47:56.673, 22695
2026/09/26 02:47:57.173, 22695
2026/09/26 02:47:57.673, 22695
2026/09/26 02:47:58.173, 22695
2026/09/26 02:47:58.673, 22695
2026/09/26 02:47:59.174, 22695
2026/09/26 02:47:59.674, 22695
2026/09/26 02:48:00.174, 22695
2026/09/26 02:48:00.674, 22695
2026/09/26 02:48:01.174, 22695
2026/09/26 02:48:01.674, 22695
2026/09/26 02:48:02.175, 22695
2026/09/26 02:48:02.675, 22695
2026/09/26 02:48:03.175, 22695
2026/09/26 02:48:03.675, 22695
2026/09/26 02:48:04.175, 22695
2026/09/26 02:48:04.675, 22695
2026/09/26 02:48:05.176, 22695
2026/09/26 02:48:05.676, 22695
2026/09/26 02:48:06.176, 22695
2026/09/26 02:48:06.676, 22695
2026/09/26 02:48:07.176, 22695
2026/09/26 02:48:07.676, 22695
2026/09/26 02:48:08.177, 22695
2026/09/26 02:48:08.677, 22695
2026/09/26 02:48:09.177, 22695
2026/09/26 02:48:09.677, 22695
2026/09/26 02:48:10.177, 22695
2026/09/26 02:48:10.677, 22695
2026/09/26 02:48:11.178, 22695
2026/09/26 02:48:11.678, 22695
2026/09/26 02:48:12.178, 22695
2026/09/26 02:48:12.678, 22695
2026/09/26 02:48:13.178, 22695
2026/09/26 02:48:13.678, 22695
2026/09/26 02:48:14.178, 22695
2026/09/26 02:48:14.679, 22695
2026/09/26 02:48:15.179, 22695
2026/09/26 02:48:15.679, 22695
2026/09/26 02:48:16.179, 22695
2026/09/26 02:48:16.679, 22695
2026/09/26 02:48:17.179, 22695
2026/09/26 02:48:17.680, 22695
2026/09/26 02:48:18.180, 22695
2026/09/26 02:48:18.680, 22695
2026/09/26 02:48:19.180, 22695
2026/09/26 02:48:19.680, 22695
2026/09/26 02:48:20.180, 22695
2026/09/26 02:48:20.681, 22695
2026/09/26 02:48:21.181, 22695
2026/09/26 02:48:21.681, 22695
2026/09/26 02:48:22.181, 22695
2026/09/26 02:48:22.681, 22695
2026/09/26 02:48:23.181, 22695
2026/09/26 02:48:23.682, 22695
2026/09/26 02:48:24.182, 22695
2026/09/26 02:48:24.682, 22695
2026/09/26 02:48:25.182, 22695
2026/09/26 02:48:25.682, 22695
2026/09/26 02:48:26.182, 22695
2026/09/26 02:48:26.683, 22695
2026/09/26 02:48:27.183, 22695
2026/09/26 02:48:27.683, 22695
2026/09/26 02:48:28.183, 22695
2026/09/26 02:48:28.683, 22695
2026/09/26 02:48:29.183, 22695
2026/09/26 02:48:29.684, 22695
2026/09/26 02:48:30.184, 22695
2026/09/26 02:48:30.684, 22695
2026/09/26 02:48:31.184, 22695
2026/09/26 02:48:31.684, 22695
2026/09/26 02:48:32.184, 22695
2026/09/26 02:48:32.685, 22695
2026/09/26 02:48:33.185, 22695
2026/09/26 02:48:33.685, 22695
2026/09/26 02:48:34.185, 22695
2026/09/26 02:48:34.685, 22695
2026/09/26 02:48:35.185, 22695
2026/09/26 02:48:35.686, 22695
2026/09/26 02:48:36.186, 22695
2026/09/26 02:48:36.686, 22695
2026/09/26 02:48:37.186, 22695
2026/09/26 02:48:37.686, 22695
2026/09/26 02:48:38.186, 22695
2026/09/26 02:48:38.687, 22695
2026/09/26 02:48:39.187, 22695
2026/09/26 02:48:39.687, 22695
2026/09/26 02:48:40.187, 22695
2026/09/26 02:48:40.687, 22695
2026/09/26 02:48:41.187, 22695
2026/09/26 02:48:41.688, 22695
2026/09/26 02:48:42.188, 22695
2026/09/26 02:48:42.688, 22695
2026/09/26 02:48:43.188, 22695
2026/09/26 02:48:43.688, 22695
2026/09/26 02:48:44.188, 22695
2026/09/26 02:48:44.689, 22695
2026/09/26 02:48:45.189, 22695
2026/09/26 02:48:45.689, 22695
2026/09/26 02:48:46.189, 22695
2026/09/26 02:48:46.689, 22695
2026/09/26 02:48:47.190, 22695
2026/09/26 02:48:47.690, 22695
2026/09/26 02:48:48.190, 22695
2026/09/26 02:48:48.690, 22695
2026/09/26 02:48:49.190, 22695
2026/09/26 02:48:49.690, 22695
2026/09/26 02:48:50.191, 22695
2026/09/26 02:48:50.691, 22695
2026/09/26 02:48:51.191, 22695
2026/09/26 02:48:51.691, 22695
2026/09/26 02:48:52.191, 22695
2026/09/26 02:48:52.691, 22695
2026/09/26 02:48:53.192, 22695
2026/09/26 02:48:53.692, 22695
2026/09/26 02:48:54.192, 22695
2026/09/26 02:48:54.692, 22695
2026/09/26 02:48:55.192, 22695
2026/09/26 02:48:55.692, 22695
2026/09/26 02:48:56.193, 22695
2026/09/26 02:48:56.693, 22695
2026/09/26 02:48:57.193, 22695
2026/09/26 02:48:57.693, 22695
2026/09/26 02:48:58.193, 22695
2026/09/26 02:48:58.693, 22695
2026/09/26 02:48:59.194, 22695
2026/09/26 02:48:59.694, 22695
2026/09/26 02:49:00.194, 22695
2026/09/26 02:49:00.694, 22695
2026/09/26 02:49:01.194, 22695
2026/09/26 02:49:01.694, 22695
2026/09/26 02:49:02.195, 22695
2026/09/26 02:49:02.695, 22695
2026/09/26 02:49:03.195, 22695
2026/09/26 02:49:03.695, 22695
2026/09/26 02:49:04.195, 22695
2026/09/26 02:49:04.695, 22695
2026/09/26 02:49:05.196, 22695
2026/09/26 02:49:05.696, 22695
2026/09/26 02:49:06.196, 22695
2026/09/26 02:49:06.696, 22695
2026/09/26 02:49:07.196, 22695
2026/09/26 02:49:07.696, 22695
2026/09/26 02:49:08.197, 22695
2026/09/26 02:49:08.697, 22695
2026/09/26 02:49:09.197, 22695
2026/09/26 02:49:09.697, 22695
2026/09/26 02:49:10.197, 22695
2026/09/26 02:49:10.697, 22695
2026/09/26 02:49:11.198, 22695
2026/09/26 02:49:11.698, 22695
2026/09/26 02:49:12.198, 22695
2026/09/26 02:49:12.698, 22695
2026/09/26 02:49:13.198, 22695
2026/09/26 02:49:13.698, 22695
2026/09/26 02:49:14.199, 22695
2026/09/26 02:49:14.699, 22695
2026/09/26 02:49:15.199, 22695
2026/09/26 02:49:15.699, 22695
2026/09/26 02:49:16.199, 22695
2026/09/26 02:49:16.699, 22695
2026/09/26 02:49:17.200, 22695
2026/09/26 02:49:17.700, 22695
2026/09/26 02:49:18.200, 22695
2026/09/26 02:49:18.700, 22695
2026/09/26 02:49:19.200, 22695
2026/09/26 02:49:19.700, 22695
2026/09/26 02:49:20.201, 22695
2026/09/26 02:49:20.701, 22695
2026/09/26 02:49:21.201, 22695
2026/09/26 02:49:21.701, 22695
2026/09/26 02:49:22.201, 22695
2026/09/26 02:49:22.701, 22695
2026/09/26 02:49:23.201, 22695
2026/09/26 02:49:23.702, 22695
2026/09/26 02:49:24.202, 22695
2026/09/26 02:49:24.702, 22695
2026/09/26 02:49:25.202, 22695
2026/09/26 02:49:25.702, 22695
2026/09/26 02:49:26.202, 22695
2026/09/26 02:49:26.703, 22695
2026/09/26 02:49:27.203, 22695
2026/09/26 02:49:27.703, 22695
2026/09/26 02:49:28.203, 22695
2026/09/26 02:49:28.703, 22695
2026/09/26 02:49:29.203, 22695
2026/09/26 02:49:29.703, 22695
2026/09/26 02:49:30.204, 22695
2026/09/26 02:49:30.704, 22695
2026/09/26 02:49:31.204, 22695
2026/09/26 02:49:31.704, 22695
2026/09/26 02:49:32.204, 22695
2026/09/26 02:49:32.704, 22695
2026/09/26 02:49:33.205, 22695
2026/09/26 02:49:33.705, 22695
2026/09/26 02:49:34.205, 22695
2026/09/26 02:49:34.705, 22695
2026/09/26 02:49:35.205, 22695
2026/09/26 02:49:35.705, 22695
2026/09/26 02:49:36.206, 22695
2026/09/26 02:49:36.706, 22695
2026/09/26 02:49:37.206, 22695
2026/09/26 02:49:37.706, 22695
2026/09/26 02:49:38.206, 22695
2026/09/26 02:49:38.706, 22695
2026/09/26 02:49:39.206, 22695
2026/09/26 02:49:39.707, 22695
2026/09/26 02:49:40.207, 22695
2026/09/26 02:49:40.707, 22695
2026/09/26 02:49:41.207, 22695
2026/09/26 02:49:41.707, 22695
2026/09/26 02:49:42.207, 22695
2026/09/26 02:49:42.707, 22695
2026/09/26 02:49:43.208, 22695
2026/09/26 02:49:43.708, 22695
2026/09/26 02:49:44.208, 22695
2026/09/26 02:49:44.708, 22695
2026/09/26 02:49:45.208, 22695
2026/09/26 02:49:45.708, 22695
2026/09/26 02:49:46.209, 22695
2026/09/26 02:49:46.709, 22695
2026/09/26 02:49:47.209, 22695
2026/09/26 02:49:47.709, 22695
2026/09/26 02:49:48.209, 22695
2026/09/26 02:49:48.709, 22695
2026/09/26 02:49:49.210, 22695
2026/09/26 02:49:49.710, 22695
2026/09/26 02:49:50.210, 22695
2026/09/26 02:49:50.710, 22695
2026/09/26 02:49:51.210, 22695
2026/09/26 02:49:51.710, 22695
2026/09/26 02:49:52.211, 22695
2026/09/26 02:49:52.711, 22695
2026/09/26 02:49:53.211, 22695
2026/09/26 02:49:53.711, 22695
2026/09/26 02:49:54.211, 22695
2026/09/26 02:49:54.711, 22695
2026/09/26 02:49:55.212, 22695
2026/09/26 02:49:55.712, 22695
2026/09/26 02:49:56.212, 22695
2026/09/26 02:49:56.712, 22695
2026/09/26 02:49:57.212, 22695
2026/09/26 02:49:57.712, 22695
2026/09/26 02:49:58.212, 22695
2026/09/26 02:49:58.713, 22695
2026/09/26 02:49:59.213, 22695
2026/09/26 02:49:59.713, 22695
2026/09/26 02:50:00.213, 22695
2026/09/26 02:50:00.713, 22695
2026/09/26 02:50:01.213, 22695
2026/09/26 02:50:01.714, 22695
2026/09/26 02:50:02.214, 22695
2026/09/26 02:50:02.714, 22695
2026/09/26 02:50:03.214, 22695
2026/09/26 02:50:03.714, 22695
2026/09/26 02:50:04.214, 22695
2026/09/26 02:50:04.715, 22695
2026/09/26 02:50:05.215, 22695
2026/09/26 02:50:05.715, 22695
2026/09/26 02:50:06.215, 22695
2026/09/26 02:50:06.715, 22695
2026/09/26 02:50:07.215, 22695
2026/09/26 02:50:07.716, 22695
2026/09/26 02:50:08.216, 22695
2026/09/26 02:50:08.716, 22695
2026/09/26 02:50:09.216, 22695
2026/09/26 02:50:09.716, 22695
2026/09/26 02:50:10.217, 22695
2026/09/26 02:50:10.717, 22695
2026/09/26 02:50:11.217, 22695
2026/09/26 02:50:11.717, 22695
2026/09/26 02:50:12.217, 22695
2026/09/26 02:50:12.717, 22695
2026/09/26 02:50:13.217, 22695
2026/09/26 02:50:13.718, 22695
2026/09/26 02:50:14.218, 22695
2026/09/26 02:50:14.718, 22695
2026/09/26 02:50:15.218, 22695
2026/09/26 02:50:15.718, 22695
2026/09/26 02:50:16.218, 22695
2026/09/26 02:50:16.719, 22695
2026/09/26 02:50:17.219, 22695
2026/09/26 02:50:17.719, 22695
2026/09/26 02:50:18.219, 22695
2026/09/26 02:50:18.719, 22695
2026/09/26 02:50:19.220, 22695
2026/09/26 02:50:19.720, 22695
2026/09/26 02:50:20.220, 22695
2026/09/26 02:50:20.720, 22695
2026/09/26 02:50:21.220, 22695
2026/09/26 02:50:21.720, 22695
2026/09/26 02:50:22.221, 22695
2026/09/26 02:50:22.721, 22695
2026/09/26 02:50:23.221, 22695
2026/09/26 02:50:23.721, 22695
2026/09/26 02:50:24.221, 22695
2026/09/26 02:50:24.721, 22695
2026/09/26 02:50:25.222, 22695
2026/09/26 02:50:25.722, 22695
2026/09/26 02:50:26.222, 22695
2026/09/26 02:50:26.722, 22695
2026/09/26 02:50:27.222, 22695
2026/09/26 02:50:27.723, 22695
2026/09/26 02:50:28.223, 22695
2026/09/26 02:50:28.723, 22695
2026/09/26 02:50:29.223, 22695
2026/09/26 02:50:29.723, 22695
2026/09/26 02:50:30.223, 22695
2026/09/26 02:50:30.724, 22695
2026/09/26 02:50:31.224, 22695
2026/09/26 02:50:31.724, 22695
2026/09/26 02:50:32.224, 22695
2026/09/26 02:50:32.724, 22695
2026/09/26 02:50:33.224, 22695
2026/09/26 02:50:33.725, 22695
2026/09/26 02:50:34.225, 22695
2026/09/26 02:50:34.727, 22695
2026/09/26 02:50:35.227, 22695
2026/09/26 02:50:35.727, 22695
2026/09/26 02:50:36.227, 22695
2026/09/26 02:50:36.728, 22695
2026/09/26 02:50:37.228, 22695
2026/09/26 02:50:37.728, 22695
2026/09/26 02:50:38.228, 22695
2026/09/26 02:50:38.728, 22695
2026/09/26 02:50:39.228, 22695
2026/09/26 02:50:39.729, 22695
2026/09/26 02:50:40.229, 22695
2026/09/26 02:50:40.729, 22695
2026/09/26 02:50:41.229, 22695
2026/09/26 02:50:41.729, 22695
2026/09/26 02:50:42.229, 22695
2026/09/26 02:50:42.730, 22695
2026/09/26 02:50:43.230, 22695
2026/09/26 02:50:43.730, 22695
2026/09/26 02:50:44.230, 22695
2026/09/26 02:50:44.730, 22695
2026/09/26 02:50:45.230, 22695
2026/09/26 02:50:45.731, 22695
2026/09/26 02:50:46.231, 22695
2026/09/26 02:50:46.731, 22695
2026/09/26 02:50:47.231, 22695
2026/09/26 02:50:47.731, 22695
2026/09/26 02:50:48.231, 22695
2026/09/26 02:50:48.731, 22695
2026/09/26 02:50:49.232, 22695
2026/09/26 02:50:49.732, 22695
2026/09/26 02:50:50.232, 22695
2026/09/26 02:50:50.732, 22695
2026/09/26 02:50:51.232, 22695
2026/09/26 02:50:51.732, 22695
2026/09/26 02:50:52.233, 22695
2026/09/26 02:50:52.733, 22695
2026/09/26 02:50:53.233, 22695
2026/09/26 02:50:53.733, 22695
2026/09/26 02:50:54.233, 22695
2026/09/26 02:50:54.733, 22695
2026/09/26 02:50:55.233, 22695
2026/09/26 02:50:55.734, 22695
2026/09/26 02:50:56.234, 22695
2026/09/26 02:50:56.734, 22695
2026/09/26 02:50:57.234, 22695
2026/09/26 02:50:57.734, 22695
2026/09/26 02:50:58.234, 22695
2026/09/26 02:50:58.735, 22695
2026/09/26 02:50:59.235, 22695
2026/09/26 02:50:59.735, 22695
2026/09/26 02:51:00.235, 22695
2026/09/26 02:51:00.735, 22695
2026/09/26 02:51:01.235, 22695
2026/09/26 02:51:01.736, 22695
2026/09/26 02:51:02.236, 22695
2026/09/26 02:51:02.736, 22695
2026/09/26 02:51:03.236, 22695
2026/09/26 02:51:03.736, 22695
2026/09/26 02:51:04.236, 22695
2026/09/26 02:51:04.736, 22695
2026/09/26 02:51:05.237, 22695
2026/09/26 02:51:05.737, 22695
2026/09/26 02:51:06.237, 22695
2026/09/26 02:51:06.737, 22695
2026/09/26 02:51:07.237, 22695
2026/09/26 02:51:07.737, 22695
2026/09/26 02:51:08.238, 22695
2026/09/26 02:51:08.738, 22695
2026/09/26 02:51:09.238, 22695
2026/09/26 02:51:09.738, 22695
2026/09/26 02:51:10.238, 22695
2026/09/26 02:51:10.738, 22695
2026/09/26 02:51:11.238, 22695
2026/09/26 02:51:11.739, 22695
2026/09/26 02:51:12.239, 22695
2026/09/26 02:51:12.739, 22695
2026/09/26 02:51:13.239, 22695
2026/09/26 02:51:13.739, 22695
2026/09/26 02:51:14.239, 22695
2026/09/26 02:51:14.739, 22695
2026/09/26 02:51:15.240, 22695
2026/09/26 02:51:15.740, 22695
2026/09/26 02:51:16.240, 22695
2026/09/26 02:51:16.740, 22695
2026/09/26 02:51:17.240, 22695
2026/09/26 02:51:17.740, 22695
2026/09/26 02:51:18.241, 22695
2026/09/26 02:51:18.741, 22695
2026/09/26 02:51:19.241, 22695
2026/09/26 02:51:19.741, 22695
2026/09/26 02:51:20.241, 22695
2026/09/26 02:51:20.741, 22695
2026/09/26 02:51:21.241, 22695
2026/09/26 02:51:21.742, 22695
2026/09/26 02:51:22.242, 22695
2026/09/26 02:51:22.742, 22695
2026/09/26 02:51:23.242, 22695
2026/09/26 02:51:23.742, 22695
2026/09/26 02:51:24.242, 22695
2026/09/26 02:51:24.743, 22695
2026/09/26 02:51:25.243, 22695
2026/09/26 02:51:25.743, 22695
2026/09/26 02:51:26.243, 22695
2026/09/26 02:51:26.743, 22695
2026/09/26 02:51:27.243, 22695
2026/09/26 02:51:27.744, 22695
2026/09/26 02:51:28.244, 22695
2026/09/26 02:51:28.744, 22695
2026/09/26 02:51:29.244, 22695
2026/09/26 02:51:29.744, 22695
2026/09/26 02:51:30.244, 22695
2026/09/26 02:51:30.745, 22695
2026/09/26 02:51:31.245, 22695
2026/09/26 02:51:31.745, 22695
2026/09/26 02:51:32.245, 22695
2026/09/26 02:51:32.745, 22695
2026/09/26 02:51:33.245, 22695
2026/09/26 02:51:33.746, 22695
2026/09/26 02:51:34.246, 22695
2026/09/26 02:51:34.746, 22695
2026/09/26 02:51:35.246, 22695
2026/09/26 02:51:35.746, 22695
2026/09/26 02:51:36.246, 22695
2026/09/26 02:51:36.747, 22695
2026/09/26 02:51:37.247, 22695
2026/09/26 02:51:37.747, 22695
2026/09/26 02:51:38.247, 22695
2026/09/26 02:51:38.747, 22695
2026/09/26 02:51:39.247, 22695
2026/09/26 02:51:39.748, 22695
2026/09/26 02:51:40.248, 22695
2026/09/26 02:51:40.748, 22695
2026/09/26 02:51:41.248, 22695
2026/09/26 02:51:41.748, 22695
2026/09/26 02:51:42.249, 22695
2026/09/26 02:51:42.749, 22695
2026/09/26 02:51:43.249, 22695
2026/09/26 02:51:43.749, 22695
2026/09/26 02:51:44.249, 22695
2026/09/26 02:51:44.749, 22695
2026/09/26 02:51:45.250, 22695
2026/09/26 02:51:45.750, 22695
2026/09/26 02:51:46.250, 22695
2026/09/26 02:51:46.750, 22695
2026/09/26 02:51:47.250, 22695
2026/09/26 02:51:47.750, 22695
2026/09/26 02:51:48.251, 22695
2026/09/26 02:51:48.751, 22695
2026/09/26 02:51:49.251, 22695
2026/09/26 02:51:49.751, 22695
2026/09/26 02:51:50.251, 22695
2026/09/26 02:51:50.752, 22695
2026/09/26 02:51:51.252, 22695
2026/09/26 02:51:51.752, 22695
2026/09/26 02:51:52.252, 22695
2026/09/26 02:51:52.752, 22695
2026/09/26 02:51:53.252, 22695
2026/09/26 02:51:53.753, 22695
2026/09/26 02:51:54.253, 22695
2026/09/26 02:51:54.753, 22695
2026/09/26 02:51:55.253, 22695
2026/09/26 02:51:55.753, 22695
2026/09/26 02:51:56.253, 22695
2026/09/26 02:51:56.754, 22695
2026/09/26 02:51:57.254, 22695
2026/09/26 02:51:57.754, 22695
2026/09/26 02:51:58.254, 22695
2026/09/26 02:51:58.754, 22695
2026/09/26 02:51:59.255, 22695
2026/09/26 02:51:59.755, 22695
2026/09/26 02:52:00.255, 22695
2026/09/26 02:52:00.755, 22695
2026/09/26 02:52:01.255, 22695
2026/09/26 02:52:01.755, 22695
2026/09/26 02:52:02.256, 22695
2026/09/26 02:52:02.756, 22695
2026/09/26 02:52:03.256, 22695
2026/09/26 02:52:03.756, 22695
2026/09/26 02:52:04.256, 22695
2026/09/26 02:52:04.756, 22695
2026/09/26 02:52:05.257, 22695
2026/09/26 02:52:05.757, 22695
2026/09/26 02:52:06.257, 22695
2026/09/26 02:52:06.757, 22695
2026/09/26 02:52:07.257, 22695
2026/09/26 02:52:07.757, 22695
2026/09/26 02:52:08.258, 22695
2026/09/26 02:52:08.758, 22695
2026/09/26 02:52:09.258, 22695
2026/09/26 02:52:09.758, 22695
2026/09/26 02:52:10.258, 22695
2026/09/26 02:52:10.758, 22695
2026/09/26 02:52:11.259, 22695
2026/09/26 02:52:11.759, 22695
2026/09/26 02:52:12.259, 22695
2026/09/26 02:52:12.759, 22695
2026/09/26 02:52:13.259, 22695
2026/09/26 02:52:13.759, 22695
2026/09/26 02:52:14.260, 22695
2026/09/26 02:52:14.760, 22695
2026/09/26 02:52:15.260, 22695
2026/09/26 02:52:15.760, 22695
2026/09/26 02:52:16.260, 22695
2026/09/26 02:52:16.761, 22695
2026/09/26 02:52:17.261, 22695
2026/09/26 02:52:17.761, 22695
2026/09/26 02:52:18.261, 22695
2026/09/26 02:52:18.761, 22695
2026/09/26 02:52:19.261, 22695
2026/09/26 02:52:19.762, 22695
2026/09/26 02:52:20.262, 22695
2026/09/26 02:52:20.762, 22695
2026/09/26 02:52:21.262, 22695
2026/09/26 02:52:21.763, 22695
2026/09/26 02:52:22.263, 22695
2026/09/26 02:52:22.764, 22695
2026/09/26 02:52:23.264, 22695
2026/09/26 02:52:23.764, 22695
2026/09/26 02:52:24.264, 22695
2026/09/26 02:52:24.764, 22695
2026/09/26 02:52:25.264, 22695
2026/09/26 02:52:25.765, 22695
2026/09/26 02:52:26.265, 22695
2026/09/26 02:52:26.765, 22695
2026/09/26 02:52:27.265, 22695
2026/09/26 02:52:27.765, 22695
2026/09/26 02:52:28.266, 22695
2026/09/26 02:52:28.766, 22695
2026/09/26 02:52:29.266, 22695
2026/09/26 02:52:29.766, 22695
2026/09/26 02:52:30.266, 22695
2026/09/26 02:52:30.766, 22695
2026/09/26 02:52:31.267, 22695
2026/09/26 02:52:31.767, 22695
2026/09/26 02:52:32.267, 22695
2026/09/26 02:52:32.767, 22695
2026/09/26 02:52:33.267, 22695
2026/09/26 02:52:33.768, 22695
2026/09/26 02:52:34.268, 22695
2026/09/26 02:52:34.768, 22695
2026/09/26 02:52:35.268, 22695
2026/09/26 02:52:35.768, 22695
2026/09/26 02:52:36.268, 22695
2026/09/26 02:52:36.768, 22695
2026/09/26 02:52:37.269, 22695
2026/09/26 02:52:37.769, 22695
2026/09/26 02:52:38.269, 22695
2026/09/26 02:52:38.769, 22695
2026/09/26 02:52:39.269, 22695
2026/09/26 02:52:39.769, 22695
2026/09/26 02:52:40.270, 22695
2026/09/26 02:52:40.770, 22695
2026/09/26 02:52:41.270, 22695
2026/09/26 02:52:41.770, 22695
2026/09/26 02:52:42.270, 22695
2026/09/26 02:52:42.770, 22695
2026/09/26 02:52:43.270, 22695
2026/09/26 02:52:43.771, 22695
2026/09/26 02:52:44.271, 22695
2026/09/26 02:52:44.771, 22695
2026/09/26 02:52:45.271, 22695
2026/09/26 02:52:45.771, 22695
2026/09/26 02:52:46.271, 22695
2026/09/26 02:52:46.772, 22695
2026/09/26 02:52:47.272, 22695
2026/09/26 02:52:47.772, 22695
2026/09/26 02:52:48.272, 22695
2026/09/26 02:52:48.772, 22695
2026/09/26 02:52:49.272, 22695
2026/09/26 02:52:49.772, 22695
2026/09/26 02:52:50.273, 22695
2026/09/26 02:52:50.773, 22695
2026/09/26 02:52:51.273, 22695
2026/09/26 02:52:51.773, 22695
2026/09/26 02:52:52.273, 22695
2026/09/26 02:52:52.773, 22695
2026/09/26 02:52:53.274, 22695
2026/09/26 02:52:53.774, 22695
2026/09/26 02:52:54.274, 22695
2026/09/26 02:52:54.774, 22695
2026/09/26 02:52:55.274, 22695
2026/09/26 02:52:55.774, 22695
2026/09/26 02:52:56.275, 22695
2026/09/26 02:52:56.775, 22695
2026/09/26 02:52:57.275, 22695
2026/09/26 02:52:57.775, 22695
2026/09/26 02:52:58.275, 22695
2026/09/26 02:52:58.775, 22695
2026/09/26 02:52:59.276, 22695
2026/09/26 02:52:59.776, 22695
2026/09/26 02:53:00.276, 22695
2026/09/26 02:53:00.776, 22695
2026/09/26 02:53:01.276, 22695
2026/09/26 02:53:01.776, 22695
2026/09/26 02:53:02.276, 22695
2026/09/26 02:53:02.777, 22695
2026/09/26 02:53:03.277, 22695
2026/09/26 02:53:03.777, 22695
2026/09/26 02:53:04.277, 22695
2026/09/26 02:53:04.777, 22695
2026/09/26 02:53:05.277, 22695
2026/09/26 02:53:05.778, 22695
2026/09/26 02:53:06.278, 22695
2026/09/26 02:53:06.778, 22695
2026/09/26 02:53:07.278, 22695
2026/09/26 02:53:07.778, 22695
2026/09/26 02:53:08.278, 22695
2026/09/26 02:53:08.778, 22695
2026/09/26 02:53:09.279, 22695
2026/09/26 02:53:09.779, 22695
2026/09/26 02:53:10.279, 22695
2026/09/26 02:53:10.779, 22695
2026/09/26 02:53:11.279, 22695
2026/09/26 02:53:11.779, 22695
2026/09/26 02:53:12.280, 22695
2026/09/26 02:53:12.780, 22695
2026/09/26 02:53:13.280, 22695
2026/09/26 02:53:13.780, 22695
2026/09/26 02:53:14.280, 22695
2026/09/26 02:53:14.780, 22695
2026/09/26 02:53:15.280, 22695
2026/09/26 02:53:15.781, 22695
2026/09/26 02:53:16.281, 22695
2026/09/26 02:53:16.781, 22695
2026/09/26 02:53:17.281, 22695
2026/09/26 02:53:17.781, 22695
2026/09/26 02:53:18.281, 22695
2026/09/26 02:53:18.781, 22695
2026/09/26 02:53:19.282, 22695
2026/09/26 02:53:19.782, 22695
2026/09/26 02:53:20.282, 22695
2026/09/26 02:53:20.782, 22695
2026/09/26 02:53:21.282, 22695
2026/09/26 02:53:21.782, 22695
2026/09/26 02:53:22.282, 22695
2026/09/26 02:53:22.783, 22695
2026/09/26 02:53:23.283, 22695
2026/09/26 02:53:23.783, 22695
2026/09/26 02:53:24.283, 22695
2026/09/26 02:53:24.783, 22695
2026/09/26 02:53:25.283, 22695
2026/09/26 02:53:25.784, 22695
2026/09/26 02:53:26.284, 22695
2026/09/26 02:53:26.784, 22695
2026/09/26 02:53:27.284, 22695
2026/09/26 02:53:27.784, 22695
2026/09/26 02:53:28.284, 22695
2026/09/26 02:53:28.784, 22695
2026/09/26 02:53:29.285, 22695
2026/09/26 02:53:29.785, 22695
2026/09/26 02:53:30.285, 22695
2026/09/26 02:53:30.785, 22695
2026/09/26 02:53:31.285, 22695
2026/09/26 02:53:31.785, 22695
2026/09/26 02:53:32.286, 22695
2026/09/26 02:53:32.786, 22695
2026/09/26 02:53:33.286, 22695
2026/09/26 02:53:33.786, 22695
2026/09/26 02:53:34.286, 22695
2026/09/26 02:53:34.786, 22695
2026/09/26 02:53:35.287, 22695
2026/09/26 02:53:35.787, 22695
2026/09/26 02:53:36.287, 22695
2026/09/26 02:53:36.787, 22695
2026/09/26 02:53:37.287, 22695
2026/09/26 02:53:37.787, 22695
2026/09/26 02:53:38.288, 22695
2026/09/26 02:53:38.788, 22695
2026/09/26 02:53:39.288, 22695
2026/09/26 02:53:39.788, 22695
2026/09/26 02:53:40.288, 22695
2026/09/26 02:53:40.788, 22695
2026/09/26 02:53:41.289, 22695
2026/09/26 02:53:41.789, 22695
2026/09/26 02:53:42.289, 22695
2026/09/26 02:53:42.789, 22695
2026/09/26 02:53:43.289, 22695
2026/09/26 02:53:43.789, 22695
2026/09/26 02:53:44.290, 22695
2026/09/26 02:53:44.790, 22695
2026/09/26 02:53:45.290, 22695
2026/09/26 02:53:45.790, 22695
2026/09/26 02:53:46.290, 22695
2026/09/26 02:53:46.790, 22695
2026/09/26 02:53:47.291, 22695
2026/09/26 02:53:47.791, 22695
2026/09/26 02:53:48.291, 22695
2026/09/26 02:53:48.791, 22695
2026/09/26 02:53:49.291, 22695
2026/09/26 02:53:49.791, 22695
2026/09/26 02:53:50.292, 22695
2026/09/26 02:53:50.792, 22695
2026/09/26 02:53:51.292, 22695
2026/09/26 02:53:51.792, 22695
2026/09/26 02:53:52.292, 22695
2026/09/26 02:53:52.792, 22695
2026/09/26 02:53:53.293, 22695
2026/09/26 02:53:53.793, 22695
2026/09/26 02:53:54.293, 22695
2026/09/26 02:53:54.793, 22695
2026/09/26 02:53:55.293, 22695
2026/09/26 02:53:55.793, 22695
2026/09/26 02:53:56.294, 22695
2026/09/26 02:53:56.794, 22695
2026/09/26 02:53:57.294, 22695
2026/09/26 02:53:57.794, 22695
2026/09/26 02:53:58.294, 22695
2026/09/26 02:53:58.794, 22695
2026/09/26 02:53:59.295, 22695
2026/09/26 02:53:59.795, 22695
2026/09/26 02:54:00.295, 22695
2026/09/26 02:54:00.795, 22695
2026/09/26 02:54:01.296, 22695
2026/09/26 02:54:01.796, 22695
2026/09/26 02:54:02.296, 22695
2026/09/26 02:54:02.796, 22695
2026/09/26 02:54:03.296, 22695
2026/09/26 02:54:03.796, 22695
2026/09/26 02:54:04.297, 22695
2026/09/26 02:54:04.797, 22695
2026/09/26 02:54:05.297, 22695
2026/09/26 02:54:05.797, 22695
2026/09/26 02:54:06.297, 22695
2026/09/26 02:54:06.797, 22695
2026/09/26 02:54:07.298, 22695
2026/09/26 02:54:07.798, 22695
2026/09/26 02:54:08.298, 22695
2026/09/26 02:54:08.798, 22695
2026/09/26 02:54:09.298, 22695
2026/09/26 02:54:09.798, 22695
2026/09/26 02:54:10.299, 22695
2026/09/26 02:54:10.799, 22695
2026/09/26 02:54:11.299, 22695
2026/09/26 02:54:11.799, 22695
2026/09/26 02:54:12.299, 22695
2026/09/26 02:54:12.799, 22695
2026/09/26 02:54:13.300, 22695
2026/09/26 02:54:13.800, 22695
2026/09/26 02:54:14.300, 22695
2026/09/26 02:54:14.800, 22695
2026/09/26 02:54:15.300, 22695
2026/09/26 02:54:15.800, 22695
2026/09/26 02:54:16.301, 22695
2026/09/26 02:54:16.801, 22695
2026/09/26 02:54:17.301, 22695
2026/09/26 02:54:17.801, 22695
2026/09/26 02:54:18.301, 22695
2026/09/26 02:54:18.801, 22695
2026/09/26 02:54:19.302, 22695
2026/09/26 02:54:19.802, 22695
2026/09/26 02:54:20.302, 22695
2026/09/26 02:54:20.802, 22695
2026/09/26 02:54:21.302, 22695
2026/09/26 02:54:21.802, 22695
2026/09/26 02:54:22.303, 22695
2026/09/26 02:54:22.803, 22695
2026/09/26 02:54:23.303, 22695
2026/09/26 02:54:23.803, 22695
2026/09/26 02:54:24.303, 22695
2026/09/26 02:54:24.803, 22695
2026/09/26 02:54:25.303, 22695
2026/09/26 02:54:25.804, 22695
2026/09/26 02:54:26.304, 22695
2026/09/26 02:54:26.804, 22695
2026/09/26 02:54:27.304, 22695
2026/09/26 02:54:27.804, 22695
2026/09/26 02:54:28.304, 22695
2026/09/26 02:54:28.805, 22695
2026/09/26 02:54:29.305, 22695
2026/09/26 02:54:29.805, 22695
2026/09/26 02:54:30.305, 22695
2026/09/26 02:54:30.805, 22695
2026/09/26 02:54:31.305, 22695
2026/09/26 02:54:31.806, 22695
2026/09/26 02:54:32.306, 22695
2026/09/26 02:54:32.806, 22695
2026/09/26 02:54:33.306, 22695
2026/09/26 02:54:33.806, 22695
2026/09/26 02:54:34.306, 22695
2026/09/26 02:54:34.806, 22695
2026/09/26 02:54:35.307, 22695
2026/09/26 02:54:35.807, 22695
2026/09/26 02:54:36.307, 22695
2026/09/26 02:54:36.807, 22695
2026/09/26 02:54:37.307, 22695
2026/09/26 02:54:37.807, 22695
2026/09/26 02:54:38.308, 22695
2026/09/26 02:54:38.808, 22695
2026/09/26 02:54:39.308, 22695
2026/09/26 02:54:39.808, 22695
2026/09/26 02:54:40.308, 22695
2026/09/26 02:54:40.808, 22695
2026/09/26 02:54:41.309, 22695
2026/09/26 02:54:41.809, 22695
2026/09/26 02:54:42.309, 22695
2026/09/26 02:54:42.809, 22695
2026/09/26 02:54:43.309, 22695
2026/09/26 02:54:43.809, 22695
2026/09/26 02:54:44.310, 22695
2026/09/26 02:54:44.810, 22695
2026/09/26 02:54:45.310, 22695
2026/09/26 02:54:45.810, 22695
2026/09/26 02:54:46.310, 22695
2026/09/26 02:54:46.810, 22695
2026/09/26 02:54:47.310, 22695
2026/09/26 02:54:47.811, 22695
2026/09/26 02:54:48.311, 22695
2026/09/26 02:54:48.811, 22695
2026/09/26 02:54:49.311, 22695
2026/09/26 02:54:49.811, 22695
2026/09/26 02:54:50.311, 22695
2026/09/26 02:54:50.812, 22695
2026/09/26 02:54:51.312, 22695
2026/09/26 02:54:51.812, 22695
2026/09/26 02:54:52.312, 22695
2026/09/26 02:54:52.812, 22695
2026/09/26 02:54:53.312, 22695
2026/09/26 02:54:53.813, 22695
2026/09/26 02:54:54.313, 22695
2026/09/26 02:54:54.813, 22695
2026/09/26 02:54:55.313, 22695
2026/09/26 02:54:55.813, 22695
2026/09/26 02:54:56.313, 22695
2026/09/26 02:54:56.813, 22695
2026/09/26 02:54:57.314, 22695
2026/09/26 02:54:57.814, 22695
2026/09/26 02:54:58.314, 22695
2026/09/26 02:54:58.814, 22695
2026/09/26 02:54:59.314, 22695
2026/09/26 02:54:59.814, 22695
2026/09/26 02:55:00.315, 22695
2026/09/26 02:55:00.815, 22695
2026/09/26 02:55:01.315, 22695
2026/09/26 02:55:01.815, 22695
2026/09/26 02:55:02.315, 22695
2026/09/26 02:55:02.815, 22695
2026/09/26 02:55:03.316, 22695
2026/09/26 02:55:03.816, 22695
2026/09/26 02:55:04.316, 22695
2026/09/26 02:55:04.816, 22695
2026/09/26 02:55:05.316, 22695
2026/09/26 02:55:05.816, 22695
2026/09/26 02:55:06.317, 22695
2026/09/26 02:55:06.817, 22695
2026/09/26 02:55:07.317, 22695
2026/09/26 02:55:07.817, 22695
2026/09/26 02:55:08.317, 22695
2026/09/26 02:55:08.817, 22695
2026/09/26 02:55:09.317, 22695
2026/09/26 02:55:09.818, 22695
2026/09/26 02:55:10.318, 22695
2026/09/26 02:55:10.818, 22695
2026/09/26 02:55:11.318, 22695
2026/09/26 02:55:11.818, 22695
2026/09/26 02:55:12.318, 22695
2026/09/26 02:55:12.819, 22695
2026/09/26 02:55:13.319, 22695
2026/09/26 02:55:13.819, 22695
2026/09/26 02:55:14.319, 22695
2026/09/26 02:55:14.819, 22695
2026/09/26 02:55:15.319, 22695
2026/09/26 02:55:15.820, 22695
2026/09/26 02:55:16.320, 22695
2026/09/26 02:55:16.820, 22695
2026/09/26 02:55:17.320, 22695
2026/09/26 02:55:17.820, 22695
2026/09/26 02:55:18.320, 22695
2026/09/26 02:55:18.820, 22695
2026/09/26 02:55:19.321, 22695
2026/09/26 02:55:19.821, 22695
2026/09/26 02:55:20.321, 22695
2026/09/26 02:55:20.830, 22695
2026/09/26 02:55:21.330, 22695
2026/09/26 02:55:21.830, 22695
2026/09/26 02:55:22.330, 22695
2026/09/26 02:55:22.830, 22695
2026/09/26 02:55:23.331, 22695
2026/09/26 02:55:23.831, 22695
2026/09/26 02:55:24.331, 22695
2026/09/26 02:55:24.831, 22695
2026/09/26 02:55:25.331, 22695
2026/09/26 02:55:25.831, 22695
2026/09/26 02:55:26.332, 22695
2026/09/26 02:55:26.832, 22695
2026/09/26 02:55:27.332, 22695
2026/09/26 02:55:27.832, 22695
2026/09/26 02:55:28.332, 22695
2026/09/26 02:55:28.833, 22695
2026/09/26 02:55:29.333, 22695
2026/09/26 02:55:29.833, 22695
2026/09/26 02:55:30.333, 22695
2026/09/26 02:55:30.833, 22695
2026/09/26 02:55:31.333, 22695
2026/09/26 02:55:31.834, 22695
2026/09/26 02:55:32.334, 22695
2026/09/26 02:55:32.834, 22695
2026/09/26 02:55:33.334, 22695
2026/09/26 02:55:33.834, 22695
2026/09/26 02:55:34.334, 22695
2026/09/26 02:55:34.835, 22695
2026/09/26 02:55:35.335, 22695
2026/09/26 02:55:35.835, 22695
2026/09/26 02:55:36.335, 22695
2026/09/26 02:55:36.835, 22695
2026/09/26 02:55:37.335, 22695
2026/09/26 02:55:37.836, 22695
2026/09/26 02:55:38.336, 22695
2026/09/26 02:55:38.836, 22695
2026/09/26 02:55:39.336, 22695
2026/09/26 02:55:39.836, 22695
2026/09/26 02:55:40.336, 22695
2026/09/26 02:55:40.837, 22695
2026/09/26 02:55:41.337, 22695
2026/09/26 02:55:41.837, 22695
2026/09/26 02:55:42.337, 22695
2026/09/26 02:55:42.837, 22695
2026/09/26 02:55:43.337, 22695
2026/09/26 02:55:43.838, 22695
2026/09/26 02:55:44.338, 22695
2026/09/26 02:55:44.838, 22695
2026/09/26 02:55:45.338, 22695
2026/09/26 02:55:45.838, 22695
2026/09/26 02:55:46.338, 22695
2026/09/26 02:55:46.839, 22695
2026/09/26 02:55:47.339, 22695
2026/09/26 02:55:47.839, 22695
2026/09/26 02:55:48.339, 22695
2026/09/26 02:55:48.839, 22695
2026/09/26 02:55:49.339, 22695
2026/09/26 02:55:49.840, 22695
2026/09/26 02:55:50.340, 22695
2026/09/26 02:55:50.840, 22695
2026/09/26 02:55:51.340, 22695
2026/09/26 02:55:51.840, 22695
2026/09/26 02:55:52.340, 22695
2026/09/26 02:55:52.840, 22695
2026/09/26 02:55:53.341, 22695
2026/09/26 02:55:53.841, 22695
2026/09/26 02:55:54.341, 22695
2026/09/26 02:55:54.841, 22695
2026/09/26 02:55:55.341, 22695
2026/09/26 02:55:55.841, 22695
2026/09/26 02:55:56.342, 22695
2026/09/26 02:55:56.842, 22695
2026/09/26 02:55:57.342, 22695
2026/09/26 02:55:57.842, 22695
2026/09/26 02:55:58.342, 22695
2026/09/26 02:55:58.842, 22695
2026/09/26 02:55:59.343, 22695
2026/09/26 02:55:59.843, 22695
2026/09/26 02:56:00.343, 22695
2026/09/26 02:56:00.843, 22695
2026/09/26 02:56:01.343, 22695
2026/09/26 02:56:01.843, 22695
2026/09/26 02:56:02.344, 22695
2026/09/26 02:56:02.844, 22695
2026/09/26 02:56:03.344, 22695
2026/09/26 02:56:03.844, 22695
2026/09/26 02:56:04.344, 22695
2026/09/26 02:56:04.844, 22695
2026/09/26 02:56:05.344, 22695
2026/09/26 02:56:05.845, 22695
2026/09/26 02:56:06.345, 22695
2026/09/26 02:56:06.845, 22695
2026/09/26 02:56:07.345, 22695
2026/09/26 02:56:07.845, 22695
2026/09/26 02:56:08.345, 22695
2026/09/26 02:56:08.846, 22695
2026/09/26 02:56:09.346, 22695
2026/09/26 02:56:09.846, 22695
2026/09/26 02:56:10.346, 22695
2026/09/26 02:56:10.847, 22695
2026/09/26 02:56:11.347, 22695
2026/09/26 02:56:11.847, 22695
2026/09/26 02:56:12.348, 22695
2026/09/26 02:56:12.848, 22695
2026/09/26 02:56:13.348, 22695
2026/09/26 02:56:13.848, 22695
2026/09/26 02:56:14.348, 22695
2026/09/26 02:56:14.848, 22695
2026/09/26 02:56:15.348, 22695
2026/09/26 02:56:15.849, 22695
2026/09/26 02:56:16.349, 22695
2026/09/26 02:56:16.849, 22695
2026/09/26 02:56:17.349, 22695
2026/09/26 02:56:17.849, 22695
2026/09/26 02:56:18.349, 22695
2026/09/26 02:56:18.850, 22695
2026/09/26 02:56:19.350, 22695
2026/09/26 02:56:19.850, 22695
2026/09/26 02:56:20.350, 22695
2026/09/26 02:56:20.850, 22695
2026/09/26 02:56:21.350, 22695
2026/09/26 02:56:21.851, 22695
2026/09/26 02:56:22.351, 22695
2026/09/26 02:56:22.851, 22695
2026/09/26 02:56:23.351, 22695
2026/09/26 02:56:23.851, 22695
2026/09/26 02:56:24.351, 22695
2026/09/26 02:56:24.852, 22695
2026/09/26 02:56:25.352, 22695
2026/09/26 02:56:25.852, 22695
2026/09/26 02:56:26.352, 22695
2026/09/26 02:56:26.852, 22695
2026/09/26 02:56:27.352, 22695
2026/09/26 02:56:27.853, 22695
2026/09/26 02:56:28.353, 22695
2026/09/26 02:56:28.853, 22695
2026/09/26 02:56:29.353, 22695
2026/09/26 02:56:29.853, 22695
2026/09/26 02:56:30.353, 22695
2026/09/26 02:56:30.854, 22695
2026/09/26 02:56:31.354, 22695
2026/09/26 02:56:31.854, 22695
2026/09/26 02:56:32.354, 22695
2026/09/26 02:56:32.854, 22695
2026/09/26 02:56:33.354, 22695
2026/09/26 02:56:33.855, 22695
2026/09/26 02:56:34.355, 22695
2026/09/26 02:56:34.855, 22695
2026/09/26 02:56:35.355, 22695
2026/09/26 02:56:35.855, 22695
2026/09/26 02:56:36.355, 22695
2026/09/26 02:56:36.856, 22695
2026/09/26 02:56:37.356, 22695
2026/09/26 02:56:37.856, 22695
2026/09/26 02:56:38.356, 22695
2026/09/26 02:56:38.856, 22695
2026/09/26 02:56:39.357, 22695
2026/09/26 02:56:39.857, 22695
2026/09/26 02:56:40.357, 22695
2026/09/26 02:56:40.857, 22695
2026/09/26 02:56:41.357, 22695
2026/09/26 02:56:41.857, 22695
2026/09/26 02:56:42.358, 22695
2026/09/26 02:56:42.858, 22695
2026/09/26 02:56:43.358, 22695
2026/09/26 02:56:43.858, 22695
2026/09/26 02:56:44.358, 22695
2026/09/26 02:56:44.858, 22695
2026/09/26 02:56:45.359, 22695
2026/09/26 02:56:45.859, 22695
2026/09/26 02:56:46.359, 22695
2026/09/26 02:56:46.859, 22695
2026/09/26 02:56:47.359, 22695
2026/09/26 02:56:47.859, 22695
2026/09/26 02:56:48.360, 22695
2026/09/26 02:56:48.860, 22695
2026/09/26 02:56:49.360, 22695
2026/09/26 02:56:49.860, 22695
2026/09/26 02:56:50.360, 22695
2026/09/26 02:56:50.860, 22695
2026/09/26 02:56:51.361, 22695
2026/09/26 02:56:51.861, 22695
2026/09/26 02:56:52.361, 22695
2026/09/26 02:56:52.861, 22695
2026/09/26 02:56:53.361, 22695
2026/09/26 02:56:53.861, 22695
2026/09/26 02:56:54.362, 22695
2026/09/26 02:56:54.862, 22695
2026/09/26 02:56:55.362, 22695
2026/09/26 02:56:55.862, 22695
2026/09/26 02:56:56.362, 22695
2026/09/26 02:56:56.862, 22695
2026/09/26 02:56:57.363, 22695
2026/09/26 02:56:57.863, 22695
2026/09/26 02:56:58.363, 22695
2026/09/26 02:56:58.863, 22695
2026/09/26 02:56:59.363, 22695
2026/09/26 02:56:59.863, 22695
2026/09/26 02:57:00.364, 22695
2026/09/26 02:57:00.864, 22695
2026/09/26 02:57:01.364, 22695
2026/09/26 02:57:01.864, 22695
2026/09/26 02:57:02.364, 22695
2026/09/26 02:57:02.864, 22695
2026/09/26 02:57:03.364, 22695
2026/09/26 02:57:03.865, 22695
2026/09/26 02:57:04.365, 22695
2026/09/26 02:57:04.865, 22695
2026/09/26 02:57:05.365, 22695
2026/09/26 02:57:05.865, 22695
2026/09/26 02:57:06.365, 22695
2026/09/26 02:57:06.866, 22695
2026/09/26 02:57:07.366, 22695
2026/09/26 02:57:07.866, 22695
2026/09/26 02:57:08.366, 22695
2026/09/26 02:57:08.866, 22695
2026/09/26 02:57:09.366, 22695
2026/09/26 02:57:09.867, 22695
2026/09/26 02:57:10.367, 22695
2026/09/26 02:57:10.867, 22695
2026/09/26 02:57:11.367, 22695
2026/09/26 02:57:11.868, 22695
2026/09/26 02:57:12.368, 22695
2026/09/26 02:57:12.868, 22695
2026/09/26 02:57:13.368, 22695
2026/09/26 02:57:13.868, 22695
2026/09/26 02:57:14.368, 22695
2026/09/26 02:57:14.869, 22695
2026/09/26 02:57:15.369, 22695
2026/09/26 02:57:15.869, 22695
2026/09/26 02:57:16.369, 22695
2026/09/26 02:57:16.869, 22695
2026/09/26 02:57:17.369, 22695
2026/09/26 02:57:17.870, 22695
2026/09/26 02:57:18.370, 22695
2026/09/26 02:57:18.870, 22695
2026/09/26 02:57:19.370, 22695
2026/09/26 02:57:19.870, 22695
2026/09/26 02:57:20.371, 22695
2026/09/26 02:57:20.871, 22695
2026/09/26 02:57:21.371, 22695
2026/09/26 02:57:21.871, 22695
2026/09/26 02:57:22.371, 22695
2026/09/26 02:57:22.871, 22695
2026/09/26 02:57:23.372, 22695
2026/09/26 02:57:23.872, 22695
2026/09/26 02:57:24.372, 22695
2026/09/26 02:57:24.872, 22695
2026/09/26 02:57:25.372, 22695
2026/09/26 02:57:25.872, 22695
2026/09/26 02:57:26.373, 22695
2026/09/26 02:57:26.873, 22695
2026/09/26 02:57:27.373, 22695
2026/09/26 02:57:27.873, 22695
2026/09/26 02:57:28.373, 22695
2026/09/26 02:57:28.873, 22695
2026/09/26 02:57:29.374, 22695
2026/09/26 02:57:29.874, 22695
2026/09/26 02:57:30.374, 22695
2026/09/26 02:57:30.874, 22695
2026/09/26 02:57:31.374, 22695
2026/09/26 02:57:31.874, 22695
2026/09/26 02:57:32.375, 22695
2026/09/26 02:57:32.875, 22695
2026/09/26 02:57:33.375, 22695
2026/09/26 02:57:33.875, 22695
2026/09/26 02:57:34.375, 22695
2026/09/26 02:57:34.875, 22695
2026/09/26 02:57:35.376, 22695
2026/09/26 02:57:35.876, 22695
2026/09/26 02:57:36.385, 22695
2026/09/26 02:57:36.885, 22695
2026/09/26 02:57:37.385, 22695
2026/09/26 02:57:37.885, 22695
2026/09/26 02:57:38.385, 22695
2026/09/26 02:57:38.885, 22695
2026/09/26 02:57:39.386, 22695
2026/09/26 02:57:39.886, 22695
2026/09/26 02:57:40.386, 22695
2026/09/26 02:57:40.886, 22695
2026/09/26 02:57:41.386, 22695
2026/09/26 02:57:41.886, 22695
2026/09/26 02:57:42.387, 22695
2026/09/26 02:57:42.887, 22695
2026/09/26 02:57:43.387, 22695
2026/09/26 02:57:43.887, 22695
2026/09/26 02:57:44.387, 22695
2026/09/26 02:57:44.887, 22695
2026/09/26 02:57:45.387, 22695
2026/09/26 02:57:45.888, 22695
2026/09/26 02:57:46.388, 22695
2026/09/26 02:57:46.888, 22695
2026/09/26 02:57:47.388, 22695
2026/09/26 02:57:47.888, 22695
2026/09/26 02:57:48.388, 22695
2026/09/26 02:57:48.889, 22695
2026/09/26 02:57:49.389, 22695
2026/09/26 02:57:49.889, 22695
2026/09/26 02:57:50.389, 22695
2026/09/26 02:57:50.889, 22695
2026/09/26 02:57:51.390, 22695
2026/09/26 02:57:51.890, 22695
2026/09/26 02:57:52.390, 22695
2026/09/26 02:57:52.890, 22695
2026/09/26 02:57:53.390, 22695
2026/09/26 02:57:53.890, 22695
2026/09/26 02:57:54.391, 22695
2026/09/26 02:57:54.891, 22695
2026/09/26 02:57:55.391, 22695
2026/09/26 02:57:55.891, 22695
2026/09/26 02:57:56.391, 22695
2026/09/26 02:57:56.891, 22695
2026/09/26 02:57:57.392, 22695
2026/09/26 02:57:57.892, 22695
2026/09/26 02:57:58.392, 22695
2026/09/26 02:57:58.892, 22695
2026/09/26 02:57:59.392, 22783
2026/09/26 02:57:59.893, 23085
2026/09/26 02:58:00.393, 22695
2026/09/26 02:58:00.893, 22695
2026/09/26 02:58:01.393, 22695
2026/09/26 02:58:01.893, 22695
2026/09/26 02:58:02.393, 22695
2026/09/26 02:58:02.893, 22695
2026/09/26 02:58:03.394, 22695
2026/09/26 02:58:03.894, 22695
2026/09/26 02:58:04.394, 22695
2026/09/26 02:58:04.894, 22695
2026/09/26 02:58:05.394, 22695
2026/09/26 02:58:05.894, 22695
2026/09/26 02:58:06.395, 22695
2026/09/26 02:58:06.895, 22695
2026/09/26 02:58:07.395, 22695
2026/09/26 02:58:07.895, 22695
2026/09/26 02:58:08.395, 22695
2026/09/26 02:58:08.895, 22695
2026/09/26 02:58:09.396, 22695
2026/09/26 02:58:09.896, 22695
2026/09/26 02:58:10.396, 22695
2026/09/26 02:58:10.896, 22695
2026/09/26 02:58:11.396, 22695
2026/09/26 02:58:11.896, 22695
2026/09/26 02:58:12.397, 22695
2026/09/26 02:58:12.897, 22695
2026/09/26 02:58:13.397, 22695
2026/09/26 02:58:13.898, 22695
2026/09/26 02:58:14.398, 22695
2026/09/26 02:58:14.898, 22695
2026/09/26 02:58:15.398, 22695
2026/09/26 02:58:15.899, 22695
2026/09/26 02:58:16.399, 22695
2026/09/26 02:58:16.899, 22695
2026/09/26 02:58:17.399, 22695
2026/09/26 02:58:17.899, 22695
2026/09/26 02:58:18.399, 22695
2026/09/26 02:58:18.900, 22695
2026/09/26 02:58:19.400, 22695
2026/09/26 02:58:19.900, 22695
2026/09/26 02:58:20.400, 22695
2026/09/26 02:58:20.900, 22695
2026/09/26 02:58:21.400, 22695
2026/09/26 02:58:21.901, 22695
2026/09/26 02:58:22.401, 22695
2026/09/26 02:58:22.901, 22695
2026/09/26 02:58:23.401, 22695
2026/09/26 02:58:23.901, 22695
2026/09/26 02:58:24.401, 22695
2026/09/26 02:58:24.901, 22695
2026/09/26 02:58:25.401, 22695
2026/09/26 02:58:25.902, 22695
2026/09/26 02:58:26.402, 22695
2026/09/26 02:58:26.902, 22695
2026/09/26 02:58:27.402, 22695
2026/09/26 02:58:27.902, 22695
2026/09/26 02:58:28.402, 22695
2026/09/26 02:58:28.902, 22695
2026/09/26 02:58:29.403, 22695
2026/09/26 02:58:29.903, 22695
2026/09/26 02:58:30.403, 22695
2026/09/26 02:58:30.903, 22695
2026/09/26 02:58:31.403, 22695
2026/09/26 02:58:31.903, 22695
2026/09/26 02:58:32.403, 22695
2026/09/26 02:58:32.904, 22695
2026/09/26 02:58:33.404, 22695
2026/09/26 02:58:33.904, 22695
2026/09/26 02:58:34.404, 22695
2026/09/26 02:58:34.905, 22695
2026/09/26 02:58:35.405, 22695
2026/09/26 02:58:35.905, 22695
2026/09/26 02:58:36.405, 22695
2026/09/26 02:58:36.905, 22695
2026/09/26 02:58:37.405, 22695
2026/09/26 02:58:37.906, 22695
2026/09/26 02:58:38.406, 22695
2026/09/26 02:58:38.906, 22695
2026/09/26 02:58:39.406, 22695
2026/09/26 02:58:39.906, 22695
2026/09/26 02:58:40.407, 22695
2026/09/26 02:58:40.907, 22695
2026/09/26 02:58:41.407, 22695
2026/09/26 02:58:41.907, 22695
2026/09/26 02:58:42.407, 22695
2026/09/26 02:58:42.907, 22695
2026/09/26 02:58:43.407, 22695
2026/09/26 02:58:43.908, 22695
2026/09/26 02:58:44.408, 22695
2026/09/26 02:58:44.908, 22695
2026/09/26 02:58:45.408, 22695
2026/09/26 02:58:45.908, 22695
2026/09/26 02:58:46.409, 22695
2026/09/26 02:58:46.909, 22695
2026/09/26 02:58:47.409, 22695
2026/09/26 02:58:47.909, 22695
2026/09/26 02:58:48.409, 22695
2026/09/26 02:58:48.909, 22695
2026/09/26 02:58:49.410, 22695
2026/09/26 02:58:49.910, 22695
2026/09/26 02:58:50.410, 22695
2026/09/26 02:58:50.910, 22695
2026/09/26 02:58:51.410, 22695
2026/09/26 02:58:51.911, 22695
2026/09/26 02:58:52.411, 22695
2026/09/26 02:58:52.911, 22695
2026/09/26 02:58:53.411, 22695
2026/09/26 02:58:53.911, 22695
2026/09/26 02:58:54.411, 22695
2026/09/26 02:58:54.912, 22695
2026/09/26 02:58:55.412, 22695
2026/09/26 02:58:55.912, 22695
2026/09/26 02:58:56.412, 22695
2026/09/26 02:58:56.912, 22695
2026/09/26 02:58:57.412, 22695
2026/09/26 02:58:57.912, 22695
2026/09/26 02:58:58.413, 22695
2026/09/26 02:58:58.913, 22695
2026/09/26 02:58:59.413, 22695
2026/09/26 02:58:59.913, 22695
2026/09/26 02:59:00.413, 22695
2026/09/26 02:59:00.913, 22695
2026/09/26 02:59:01.414, 22695
2026/09/26 02:59:01.914, 22695
2026/09/26 02:59:02.414, 22695
2026/09/26 02:59:02.914, 22695
2026/09/26 02:59:03.414, 22695
2026/09/26 02:59:03.915, 22695
2026/09/26 02:59:04.415, 22695
2026/09/26 02:59:04.915, 22695
2026/09/26 02:59:05.415, 22695
2026/09/26 02:59:05.915, 22695
2026/09/26 02:59:06.415, 22695
2026/09/26 02:59:06.916, 22695
2026/09/26 02:59:07.416, 22695
2026/09/26 02:59:07.916, 22695
2026/09/26 02:59:08.416, 22695
2026/09/26 02:59:08.916, 22695
2026/09/26 02:59:09.416, 22695
2026/09/26 02:59:09.917, 22695
2026/09/26 02:59:10.417, 22695
2026/09/26 02:59:10.917, 22695
2026/09/26 02:59:11.417, 22695
2026/09/26 02:59:11.917, 22695
2026/09/26 02:59:12.417, 22695
2026/09/26 02:59:12.918, 22695
2026/09/26 02:59:13.418, 22695
2026/09/26 02:59:13.918, 22695
2026/09/26 02:59:14.418, 22695
2026/09/26 02:59:14.918, 22695
2026/09/26 02:59:15.418, 22695
2026/09/26 02:59:15.919, 22695
2026/09/26 02:59:16.419, 22695
2026/09/26 02:59:16.919, 22695
2026/09/26 02:59:17.419, 22695
2026/09/26 02:59:17.919, 22695
2026/09/26 02:59:18.419, 22695
2026/09/26 02:59:18.920, 22695
2026/09/26 02:59:19.420, 22695
2026/09/26 02:59:19.920, 22695
2026/09/26 02:59:20.420, 22695
2026/09/26 02:59:20.920, 22695
2026/09/26 02:59:21.420, 22695
2026/09/26 02:59:21.921, 22695
2026/09/26 02:59:22.421, 22695
2026/09/26 02:59:22.921, 22695
2026/09/26 02:59:23.421, 22695
2026/09/26 02:59:23.921, 22695
2026/09/26 02:59:24.421, 22695
2026/09/26 02:59:24.922, 22695
2026/09/26 02:59:25.422, 22695
2026/09/26 02:59:25.922, 22695
2026/09/26 02:59:26.422, 22695
2026/09/26 02:59:26.922, 22695
2026/09/26 02:59:27.422, 22695
2026/09/26 02:59:27.922, 22695
2026/09/26 02:59:28.423, 22695
2026/09/26 02:59:28.923, 22695
2026/09/26 02:59:29.423, 22695
2026/09/26 02:59:29.923, 22695
2026/09/26 02:59:30.423, 22695
2026/09/26 02:59:30.923, 22695
2026/09/26 02:59:31.424, 22695
2026/09/26 02:59:31.924, 22695
2026/09/26 02:59:32.424, 22695
2026/09/26 02:59:32.924, 22695
2026/09/26 02:59:33.424, 22695
2026/09/26 02:59:33.924, 22695
2026/09/26 02:59:34.424, 22695
2026/09/26 02:59:34.925, 22695
2026/09/26 02:59:35.425, 22695
2026/09/26 02:59:35.925, 22695
2026/09/26 02:59:36.425, 22695
2026/09/26 02:59:36.925, 22695
2026/09/26 02:59:37.425, 22695
2026/09/26 02:59:37.926, 22695
2026/09/26 02:59:38.426, 22695
2026/09/26 02:59:38.926, 22695
2026/09/26 02:59:39.426, 22695
2026/09/26 02:59:39.926, 22695
2026/09/26 02:59:40.426, 22695
2026/09/26 02:59:40.927, 22695
2026/09/26 02:59:41.427, 22695
2026/09/26 02:59:41.927, 22695
2026/09/26 02:59:42.427, 22695
2026/09/26 02:59:42.927, 22695
2026/09/26 02:59:43.427, 22695
2026/09/26 02:59:43.928, 22695
2026/09/26 02:59:44.428, 22695
2026/09/26 02:59:44.928, 22695
2026/09/26 02:59:45.428, 22695
2026/09/26 02:59:45.928, 22695
2026/09/26 02:59:46.428, 22695
2026/09/26 02:59:46.928, 22695
2026/09/26 02:59:47.429, 22695
2026/09/26 02:59:47.929, 22695
2026/09/26 02:59:48.429, 22695
2026/09/26 02:59:48.929, 22695
2026/09/26 02:59:49.429, 22695
2026/09/26 02:59:49.929, 22695
2026/09/26 02:59:50.430, 22695
2026/09/26 02:59:50.930, 22695
2026/09/26 02:59:51.430, 22695
2026/09/26 02:59:51.930, 22695
2026/09/26 02:59:52.430, 22695
2026/09/26 02:59:52.930, 22695
2026/09/26 02:59:53.431, 22695
2026/09/26 02:59:53.931, 22695
2026/09/26 02:59:54.431, 22695
2026/09/26 02:59:54.931, 22695
2026/09/26 02:59:55.431, 22695
2026/09/26 02:59:55.931, 22695
2026/09/26 02:59:56.432, 22695
2026/09/26 02:59:56.932, 22695
2026/09/26 02:59:57.432, 22695
2026/09/26 02:59:57.932, 22695
2026/09/26 02:59:58.432, 22695
2026/09/26 02:59:58.932, 22695
2026/09/26 02:59:59.433, 22695
2026/09/26 02:59:59.933, 22695
2026/09/26 03:00:00.433, 22695
2026/09/26 03:00:00.933, 22695
2026/09/26 03:00:01.433, 22695
2026/09/26 03:00:01.933, 22695
2026/09/26 03:00:02.434, 22695
2026/09/26 03:00:02.934, 22695
2026/09/26 03:00:03.434, 22695
2026/09/26 03:00:03.934, 22695
2026/09/26 03:00:04.434, 22695
2026/09/26 03:00:04.934, 22695
2026/09/26 03:00:05.435, 22695
2026/09/26 03:00:05.935, 22695
2026/09/26 03:00:06.435, 22695
2026/09/26 03:00:06.935, 22695
2026/09/26 03:00:07.435, 22695
2026/09/26 03:00:07.935, 22695
2026/09/26 03:00:08.436, 22695
2026/09/26 03:00:08.936, 22695
2026/09/26 03:00:09.436, 22695
2026/09/26 03:00:09.936, 22695
2026/09/26 03:00:10.436, 22695
2026/09/26 03:00:10.936, 22695
2026/09/26 03:00:11.437, 22695
2026/09/26 03:00:11.937, 22695
2026/09/26 03:00:12.437, 22695
2026/09/26 03:00:12.937, 22695
2026/09/26 03:00:13.437, 22695
2026/09/26 03:00:13.937, 22695
2026/09/26 03:00:14.438, 22695
2026/09/26 03:00:14.938, 22695
2026/09/26 03:00:15.438, 22695
2026/09/26 03:00:15.938, 22695
2026/09/26 03:00:16.438, 22695
2026/09/26 03:00:16.938, 22695
2026/09/26 03:00:17.439, 22695
2026/09/26 03:00:17.939, 22695
2026/09/26 03:00:18.439, 22695
2026/09/26 03:00:18.939, 22695
2026/09/26 03:00:19.439, 22695
2026/09/26 03:00:19.939, 22695
2026/09/26 03:00:20.440, 22695
2026/09/26 03:00:20.940, 22695
2026/09/26 03:00:21.440, 22695
2026/09/26 03:00:21.940, 22695
2026/09/26 03:00:22.440, 22695
2026/09/26 03:00:22.940, 22695
2026/09/26 03:00:23.441, 22695
2026/09/26 03:00:23.941, 22695
2026/09/26 03:00:24.441, 22695
2026/09/26 03:00:24.941, 22695
2026/09/26 03:00:25.441, 22695
2026/09/26 03:00:25.941, 22695
2026/09/26 03:00:26.441, 22695
2026/09/26 03:00:26.942, 22695
2026/09/26 03:00:27.442, 22695
2026/09/26 03:00:27.942, 22695
2026/09/26 03:00:28.442, 22695
2026/09/26 03:00:28.942, 22695
2026/09/26 03:00:29.442, 22695
2026/09/26 03:00:29.943, 22695
2026/09/26 03:00:30.443, 22695
2026/09/26 03:00:30.943, 22695
2026/09/26 03:00:31.443, 22695
2026/09/26 03:00:31.944, 22695
2026/09/26 03:00:32.444, 22695
2026/09/26 03:00:32.944, 22695
2026/09/26 03:00:33.444, 22695
2026/09/26 03:00:33.944, 22695
2026/09/26 03:00:34.445, 22695
2026/09/26 03:00:34.945, 22695
2026/09/26 03:00:35.445, 22695
2026/09/26 03:00:35.945, 22695
2026/09/26 03:00:36.445, 22695
2026/09/26 03:00:36.945, 22695
2026/09/26 03:00:37.445, 22695
2026/09/26 03:00:37.946, 22695
2026/09/26 03:00:38.446, 22695
2026/09/26 03:00:38.946, 22695
2026/09/26 03:00:39.446, 22695
2026/09/26 03:00:39.946, 22695
2026/09/26 03:00:40.446, 22695
2026/09/26 03:00:40.947, 22695
2026/09/26 03:00:41.447, 22695
2026/09/26 03:00:41.947, 22695
2026/09/26 03:00:42.447, 22695
2026/09/26 03:00:42.947, 22695
2026/09/26 03:00:43.448, 22695
2026/09/26 03:00:43.948, 22695
2026/09/26 03:00:44.448, 22695
2026/09/26 03:00:44.948, 22695
2026/09/26 03:00:45.448, 22695
2026/09/26 03:00:45.948, 22695
2026/09/26 03:00:46.449, 22695
2026/09/26 03:00:46.949, 22695
2026/09/26 03:00:47.449, 22695
2026/09/26 03:00:47.949, 22695
2026/09/26 03:00:48.449, 22695
2026/09/26 03:00:48.949, 22695
2026/09/26 03:00:49.450, 22695
2026/09/26 03:00:49.950, 22695
2026/09/26 03:00:50.450, 22695
2026/09/26 03:00:50.950, 22695
2026/09/26 03:00:51.450, 22695
2026/09/26 03:00:51.950, 22695
2026/09/26 03:00:52.451, 22695
2026/09/26 03:00:52.951, 22695
2026/09/26 03:00:53.451, 22695
2026/09/26 03:00:53.951, 22695
2026/09/26 03:00:54.451, 22695
2026/09/26 03:00:54.951, 22695
2026/09/26 03:00:55.451, 22695
2026/09/26 03:00:55.952, 22695
2026/09/26 03:00:56.452, 22695
2026/09/26 03:00:56.952, 22695
2026/09/26 03:00:57.452, 22695
2026/09/26 03:00:57.952, 22695
2026/09/26 03:00:58.452, 22695
2026/09/26 03:00:58.953, 22695
2026/09/26 03:00:59.453, 22695
2026/09/26 03:00:59.953, 22695
2026/09/26 03:01:00.453, 22695
2026/09/26 03:01:00.953, 22695
2026/09/26 03:01:01.453, 22695
2026/09/26 03:01:01.954, 22695
2026/09/26 03:01:02.454, 22695
2026/09/26 03:01:02.954, 22695
2026/09/26 03:01:03.454, 22695
2026/09/26 03:01:03.954, 22695
2026/09/26 03:01:04.454, 22695
2026/09/26 03:01:04.955, 22695
2026/09/26 03:01:05.455, 22695
2026/09/26 03:01:05.955, 22695
2026/09/26 03:01:06.455, 22695
2026/09/26 03:01:06.955, 22695
2026/09/26 03:01:07.455, 22695
2026/09/26 03:01:07.956, 22695
2026/09/26 03:01:08.456, 22695
2026/09/26 03:01:08.956, 22695
2026/09/26 03:01:09.456, 22695
2026/09/26 03:01:09.956, 22695
2026/09/26 03:01:10.456, 22695
2026/09/26 03:01:10.956, 22695
2026/09/26 03:01:11.457, 22695
2026/09/26 03:01:11.957, 22695
2026/09/26 03:01:12.457, 22695
2026/09/26 03:01:12.957, 22695
2026/09/26 03:01:13.457, 22695
2026/09/26 03:01:13.957, 22695
2026/09/26 03:01:14.458, 22695
2026/09/26 03:01:14.958, 22695
2026/09/26 03:01:15.458, 22695
2026/09/26 03:01:15.958, 22695
2026/09/26 03:01:16.458, 22695
2026/09/26 03:01:16.958, 22695
2026/09/26 03:01:17.459, 22695
2026/09/26 03:01:17.959, 22695
2026/09/26 03:01:18.459, 22695
2026/09/26 03:01:18.959, 22695
2026/09/26 03:01:19.459, 22695
2026/09/26 03:01:19.959, 22695
2026/09/26 03:01:20.460, 22695
2026/09/26 03:01:20.960, 22695
2026/09/26 03:01:21.460, 22695
2026/09/26 03:01:21.960, 22695
2026/09/26 03:01:22.460, 22695
2026/09/26 03:01:22.960, 22695
2026/09/26 03:01:23.461, 22695
2026/09/26 03:01:23.961, 22695
2026/09/26 03:01:24.461, 22695
2026/09/26 03:01:24.961, 22695
2026/09/26 03:01:25.461, 22695
2026/09/26 03:01:25.961, 22695
2026/09/26 03:01:26.462, 22695
2026/09/26 03:01:26.962, 22695
2026/09/26 03:01:27.462, 22695
2026/09/26 03:01:27.962, 22695
2026/09/26 03:01:28.462, 22695
2026/09/26 03:01:28.962, 22695
2026/09/26 03:01:29.463, 22695
2026/09/26 03:01:29.963, 22695
2026/09/26 03:01:30.463, 22695
2026/09/26 03:01:30.963, 22695
2026/09/26 03:01:31.463, 22695
2026/09/26 03:01:31.963, 22695
2026/09/26 03:01:32.464, 22695
2026/09/26 03:01:32.965, 22695
2026/09/26 03:01:33.465, 22695
2026/09/26 03:01:33.965, 22695
2026/09/26 03:01:34.465, 22695
2026/09/26 03:01:34.965, 22695
2026/09/26 03:01:35.465, 22695
2026/09/26 03:01:35.966, 22695
2026/09/26 03:01:36.466, 22695
2026/09/26 03:01:36.966, 22695
2026/09/26 03:01:37.466, 22695
2026/09/26 03:01:37.966, 22695
2026/09/26 03:01:38.466, 22695
2026/09/26 03:01:38.967, 22695
2026/09/26 03:01:39.467, 22695
2026/09/26 03:01:39.967, 22695
2026/09/26 03:01:40.467, 22695
2026/09/26 03:01:40.967, 22695
2026/09/26 03:01:41.468, 22695
2026/09/26 03:01:41.968, 22695
2026/09/26 03:01:42.468, 22695
2026/09/26 03:01:42.968, 22695
2026/09/26 03:01:43.468, 22695
2026/09/26 03:01:43.969, 22695
2026/09/26 03:01:44.469, 22695
2026/09/26 03:01:44.969, 22695
2026/09/26 03:01:45.469, 22695
2026/09/26 03:01:45.969, 22695
2026/09/26 03:01:46.469, 22695
2026/09/26 03:01:46.970, 22695
2026/09/26 03:01:47.470, 22695
2026/09/26 03:01:47.970, 22695
2026/09/26 03:01:48.470, 22695
2026/09/26 03:01:48.970, 22695
2026/09/26 03:01:49.471, 22695
2026/09/26 03:01:49.971, 22695
2026/09/26 03:01:50.471, 22695
2026/09/26 03:01:50.971, 22695
2026/09/26 03:01:51.471, 22695
2026/09/26 03:01:51.971, 22695
2026/09/26 03:01:52.472, 22695
2026/09/26 03:01:52.972, 22695
2026/09/26 03:01:53.472, 22695
2026/09/26 03:01:53.972, 22695
2026/09/26 03:01:54.472, 22695
2026/09/26 03:01:54.972, 22695
2026/09/26 03:01:55.473, 22695
2026/09/26 03:01:55.973, 22695
2026/09/26 03:01:56.473, 22695
2026/09/26 03:01:56.973, 22695
2026/09/26 03:01:57.473, 22695
2026/09/26 03:01:57.973, 22695
2026/09/26 03:01:58.473, 22695
2026/09/26 03:01:58.974, 22695
2026/09/26 03:01:59.474, 22695
2026/09/26 03:01:59.974, 22695
2026/09/26 03:02:00.474, 22695
2026/09/26 03:02:00.974, 22695
2026/09/26 03:02:01.474, 22695
2026/09/26 03:02:01.975, 22695
2026/09/26 03:02:02.475, 22695
2026/09/26 03:02:02.975, 22695
2026/09/26 03:02:03.475, 22695
2026/09/26 03:02:03.975, 22695
2026/09/26 03:02:04.475, 22695
2026/09/26 03:02:04.976, 22695
2026/09/26 03:02:05.476, 22695
2026/09/26 03:02:05.976, 22695
2026/09/26 03:02:06.476, 22695
2026/09/26 03:02:06.976, 22695
2026/09/26 03:02:07.476, 22695
2026/09/26 03:02:07.977, 22695
2026/09/26 03:02:08.477, 22695
2026/09/26 03:02:08.977, 22695
2026/09/26 03:02:09.477, 22695
2026/09/26 03:02:09.977, 22695
2026/09/26 03:02:10.477, 22695
2026/09/26 03:02:10.978, 22695
2026/09/26 03:02:11.478, 22695
2026/09/26 03:02:11.978, 22695
2026/09/26 03:02:12.478, 22695
2026/09/26 03:02:12.978, 22695
2026/09/26 03:02:13.478, 22695
2026/09/26 03:02:13.979, 22695
2026/09/26 03:02:14.479, 22695
2026/09/26 03:02:14.979, 22695
2026/09/26 03:02:15.479, 22695
2026/09/26 03:02:15.979, 22695
2026/09/26 03:02:16.479, 22695
2026/09/26 03:02:16.980, 22695
2026/09/26 03:02:17.480, 22695
2026/09/26 03:02:17.980, 22695
2026/09/26 03:02:18.480, 22695
2026/09/26 03:02:18.980, 22695
2026/09/26 03:02:19.480, 22695
2026/09/26 03:02:19.980, 22695
2026/09/26 03:02:20.481, 22695
2026/09/26 03:02:20.981, 22695
2026/09/26 03:02:21.481, 22695
2026/09/26 03:02:21.981, 22695
2026/09/26 03:02:22.488, 22695
2026/09/26 03:02:22.988, 22695
2026/09/26 03:02:23.488, 22695
2026/09/26 03:02:23.988, 22695
2026/09/26 03:02:24.488, 22695
2026/09/26 03:02:24.988, 22695
2026/09/26 03:02:25.489, 22695
2026/09/26 03:02:25.989, 22695
2026/09/26 03:02:26.489, 22695
2026/09/26 03:02:26.989, 22695
2026/09/26 03:02:27.489, 22695
2026/09/26 03:02:27.989, 22695
2026/09/26 03:02:28.490, 22695
2026/09/26 03:02:28.990, 22695
2026/09/26 03:02:29.490, 22695
2026/09/26 03:02:29.990, 22695
2026/09/26 03:02:30.490, 22695
2026/09/26 03:02:30.990, 22695
2026/09/26 03:02:31.491, 22695
2026/09/26 03:02:31.991, 22695
2026/09/26 03:02:32.491, 22695
2026/09/26 03:02:32.991, 22695
2026/09/26 03:02:33.491, 22695
2026/09/26 03:02:33.991, 22695
2026/09/26 03:02:34.492, 22695
2026/09/26 03:02:34.992, 22695
2026/09/26 03:02:35.492, 22695
2026/09/26 03:02:35.992, 22695
2026/09/26 03:02:36.492, 22695
2026/09/26 03:02:36.992, 22695
2026/09/26 03:02:37.493, 22695
2026/09/26 03:02:37.993, 22695
2026/09/26 03:02:38.493, 22695
2026/09/26 03:02:38.993, 22695
2026/09/26 03:02:39.493, 22695
2026/09/26 03:02:39.993, 22695
2026/09/26 03:02:40.494, 22695
2026/09/26 03:02:40.994, 22695
2026/09/26 03:02:41.494, 22695
2026/09/26 03:02:41.994, 22695
2026/09/26 03:02:42.494, 22695
2026/09/26 03:02:42.994, 22695
2026/09/26 03:02:43.495, 22695
2026/09/26 03:02:43.995, 22695
2026/09/26 03:02:44.495, 22695
2026/09/26 03:02:44.995, 22695
2026/09/26 03:02:45.495, 22695
2026/09/26 03:02:45.995, 22695
2026/09/26 03:02:46.496, 22695
2026/09/26 03:02:46.996, 22695
2026/09/26 03:02:47.496, 22695
2026/09/26 03:02:47.996, 22695
2026/09/26 03:02:48.496, 22695
2026/09/26 03:02:48.996, 22695
2026/09/26 03:02:49.497, 22695
2026/09/26 03:02:49.997, 22695
2026/09/26 03:02:50.497, 22695
2026/09/26 03:02:50.997, 22695
2026/09/26 03:02:51.497, 22695
2026/09/26 03:02:51.997, 22695
2026/09/26 03:02:52.498, 22695
2026/09/26 03:02:52.998, 22695
2026/09/26 03:02:53.498, 22695
2026/09/26 03:02:53.998, 22695
2026/09/26 03:02:54.498, 22695
2026/09/26 03:02:54.998, 22695
2026/09/26 03:02:55.499, 22695
2026/09/26 03:02:55.999, 22695
2026/09/26 03:02:56.499, 22695
2026/09/26 03:02:56.999, 22695
2026/09/26 03:02:57.499, 22695
2026/09/26 03:02:57.999, 22695
2026/09/26 03:02:58.500, 22695
2026/09/26 03:02:59.000, 22695
2026/09/26 03:02:59.500, 22695
2026/09/26 03:03:00.000, 22695
2026/09/26 03:03:00.500, 22695
2026/09/26 03:03:01.000, 22695
2026/09/26 03:03:01.501, 22695
2026/09/26 03:03:02.001, 22695
2026/09/26 03:03:02.501, 22695
2026/09/26 03:03:03.001, 22695
2026/09/26 03:03:03.501, 22695
2026/09/26 03:03:04.001, 22695
2026/09/26 03:03:04.502, 22695
2026/09/26 03:03:05.002, 22695
2026/09/26 03:03:05.502, 22695
2026/09/26 03:03:06.002, 22695
2026/09/26 03:03:06.502, 22695
2026/09/26 03:03:07.002, 22695
2026/09/26 03:03:07.503, 22695
2026/09/26 03:03:08.003, 22695
2026/09/26 03:03:08.503, 22695
2026/09/26 03:03:09.003, 22695
2026/09/26 03:03:09.503, 22695
2026/09/26 03:03:10.004, 22695
2026/09/26 03:03:10.504, 22695
2026/09/26 03:03:11.004, 22695
2026/09/26 03:03:11.504, 22695
2026/09/26 03:03:12.004, 22695
2026/09/26 03:03:12.505, 22695
2026/09/26 03:03:13.005, 22695
2026/09/26 03:03:13.505, 22695
2026/09/26 03:03:14.005, 22695
2026/09/26 03:03:14.505, 22695
2026/09/26 03:03:15.005, 22695
2026/09/26 03:03:15.506, 22695
2026/09/26 03:03:16.006, 22695
2026/09/26 03:03:16.506, 22695
2026/09/26 03:03:17.006, 22695
2026/09/26 03:03:17.506, 22695
2026/09/26 03:03:18.006, 22695
2026/09/26 03:03:18.507, 22695
2026/09/26 03:03:19.007, 22695
2026/09/26 03:03:19.507, 22695
2026/09/26 03:03:20.007, 22695
2026/09/26 03:03:20.507, 22695
2026/09/26 03:03:21.007, 22695
2026/09/26 03:03:21.508, 22695
2026/09/26 03:03:22.008, 22695
2026/09/26 03:03:22.508, 22695
2026/09/26 03:03:23.008, 22695
2026/09/26 03:03:23.508, 22695
2026/09/26 03:03:24.008, 22695
2026/09/26 03:03:24.509, 22695
2026/09/26 03:03:25.009, 22695
2026/09/26 03:03:25.509, 22695
2026/09/26 03:03:26.009, 22695
2026/09/26 03:03:26.509, 22695
2026/09/26 03:03:27.010, 22695
2026/09/26 03:03:27.510, 22695
2026/09/26 03:03:28.010, 22695
2026/09/26 03:03:28.510, 22695
2026/09/26 03:03:29.010, 22695
2026/09/26 03:03:29.510, 22695
2026/09/26 03:03:30.011, 22695
2026/09/26 03:03:30.511, 22695
2026/09/26 03:03:31.011, 22695
2026/09/26 03:03:31.511, 22695
2026/09/26 03:03:32.011, 22695
2026/09/26 03:03:32.511, 22695
2026/09/26 03:03:33.012, 22695
2026/09/26 03:03:33.512, 22695
2026/09/26 03:03:34.012, 22695
2026/09/26 03:03:34.512, 22695
2026/09/26 03:03:35.012, 22695
2026/09/26 03:03:35.512, 22695
2026/09/26 03:03:36.013, 22695
2026/09/26 03:03:36.513, 22695
2026/09/26 03:03:37.013, 22695
2026/09/26 03:03:37.513, 22695
2026/09/26 03:03:38.013, 22695
2026/09/26 03:03:38.513, 22695
2026/09/26 03:03:39.014, 22695
2026/09/26 03:03:39.514, 22695
2026/09/26 03:03:40.014, 22695
2026/09/26 03:03:40.514, 22695
2026/09/26 03:03:41.014, 22695
2026/09/26 03:03:41.514, 22695
2026/09/26 03:03:42.014, 22695
2026/09/26 03:03:42.515, 22695
2026/09/26 03:03:43.015, 22695
2026/09/26 03:03:43.515, 22695
2026/09/26 03:03:44.015, 22695
2026/09/26 03:03:44.515, 22695
2026/09/26 03:03:45.016, 22695
2026/09/26 03:03:45.516, 22695
2026/09/26 03:03:46.016, 22695
2026/09/26 03:03:46.516, 22695
2026/09/26 03:03:47.016, 22695
2026/09/26 03:03:47.516, 22695
2026/09/26 03:03:48.017, 22695
2026/09/26 03:03:48.517, 22695
2026/09/26 03:03:49.017, 22695
2026/09/26 03:03:49.517, 22695
2026/09/26 03:03:50.017, 22695
2026/09/26 03:03:50.517, 22695
2026/09/26 03:03:51.017, 22695
2026/09/26 03:03:51.518, 22695
2026/09/26 03:03:52.018, 22695
2026/09/26 03:03:52.518, 22695
2026/09/26 03:03:53.018, 22695
2026/09/26 03:03:53.518, 22695
2026/09/26 03:03:54.019, 22695
2026/09/26 03:03:54.519, 22695
2026/09/26 03:03:55.019, 22695
2026/09/26 03:03:55.519, 22695
2026/09/26 03:03:56.019, 22695
2026/09/26 03:03:56.519, 22695
2026/09/26 03:03:57.020, 22695
2026/09/26 03:03:57.520, 22695
2026/09/26 03:03:58.020, 22695
2026/09/26 03:03:58.520, 22695
2026/09/26 03:03:59.020, 22695
2026/09/26 03:03:59.520, 22695
2026/09/26 03:04:00.021, 22695
2026/09/26 03:04:00.521, 22695
2026/09/26 03:04:01.021, 22695
2026/09/26 03:04:01.521, 22695
2026/09/26 03:04:02.021, 22695
2026/09/26 03:04:02.521, 22695
2026/09/26 03:04:03.022, 22695
2026/09/26 03:04:03.522, 22695
2026/09/26 03:04:04.022, 22695
2026/09/26 03:04:04.522, 22695
2026/09/26 03:04:05.022, 22695
2026/09/26 03:04:05.523, 22695
2026/09/26 03:04:06.023, 22695
2026/09/26 03:04:06.523, 22695
2026/09/26 03:04:07.023, 22695
2026/09/26 03:04:07.523, 22695
2026/09/26 03:04:08.023, 22695
2026/09/26 03:04:08.524, 22695
2026/09/26 03:04:09.024, 22695
2026/09/26 03:04:09.524, 22695
2026/09/26 03:04:10.024, 22695
2026/09/26 03:04:10.525, 22695
2026/09/26 03:04:11.025, 22695
2026/09/26 03:04:11.525, 22695
2026/09/26 03:04:12.025, 22695
2026/09/26 03:04:12.525, 22695
2026/09/26 03:04:13.025, 22695
2026/09/26 03:04:13.526, 22695
2026/09/26 03:04:14.026, 22695
2026/09/26 03:04:14.526, 22695
2026/09/26 03:04:15.026, 22695
2026/09/26 03:04:15.526, 22695
2026/09/26 03:04:16.027, 22695
2026/09/26 03:04:16.527, 22695
2026/09/26 03:04:17.027, 22695
2026/09/26 03:04:17.527, 22695
2026/09/26 03:04:18.027, 22695
2026/09/26 03:04:18.527, 22695
2026/09/26 03:04:19.028, 22695
2026/09/26 03:04:19.528, 22695
2026/09/26 03:04:20.028, 22695
2026/09/26 03:04:20.528, 22695
2026/09/26 03:04:21.028, 22695
2026/09/26 03:04:21.528, 22695
2026/09/26 03:04:22.029, 22695
2026/09/26 03:04:22.529, 22695
2026/09/26 03:04:23.029, 22695
2026/09/26 03:04:23.529, 22695
2026/09/26 03:04:24.029, 22695
2026/09/26 03:04:24.529, 22695
2026/09/26 03:04:25.029, 22695
2026/09/26 03:04:25.530, 22695
2026/09/26 03:04:26.030, 22695
2026/09/26 03:04:26.530, 22695
2026/09/26 03:04:27.030, 22695
2026/09/26 03:04:27.530, 22695
2026/09/26 03:04:28.030, 22695
2026/09/26 03:04:28.531, 22695
2026/09/26 03:04:29.031, 22695
2026/09/26 03:04:29.531, 22695
2026/09/26 03:04:30.031, 22695
2026/09/26 03:04:30.531, 22695
2026/09/26 03:04:31.031, 22695
2026/09/26 03:04:31.532, 22695
2026/09/26 03:04:32.032, 22695
2026/09/26 03:04:32.532, 22695
2026/09/26 03:04:33.032, 22695
2026/09/26 03:04:33.532, 22695
2026/09/26 03:04:34.032, 22695
2026/09/26 03:04:34.532, 22695
2026/09/26 03:04:35.033, 22695
2026/09/26 03:04:35.533, 22695
2026/09/26 03:04:36.033, 22695
2026/09/26 03:04:36.533, 22695
2026/09/26 03:04:37.033, 22695
2026/09/26 03:04:37.533, 22695
2026/09/26 03:04:38.034, 22695
2026/09/26 03:04:38.534, 22695
2026/09/26 03:04:39.034, 22695
2026/09/26 03:04:39.534, 22695
2026/09/26 03:04:40.034, 22695
2026/09/26 03:04:40.534, 22695
2026/09/26 03:04:41.035, 22695
2026/09/26 03:04:41.535, 22695
2026/09/26 03:04:42.035, 22695
2026/09/26 03:04:42.535, 22695
2026/09/26 03:04:43.035, 22695
2026/09/26 03:04:43.535, 22695
2026/09/26 03:04:44.036, 22695
2026/09/26 03:04:44.536, 22695
2026/09/26 03:04:45.038, 22695
2026/09/26 03:04:45.539, 22695
2026/09/26 03:04:46.039, 22695
2026/09/26 03:04:46.539, 22695
2026/09/26 03:04:47.039, 22695
2026/09/26 03:04:47.539, 22695
2026/09/26 03:04:48.040, 22695
2026/09/26 03:04:48.540, 22695
2026/09/26 03:04:49.040, 22695
2026/09/26 03:04:49.540, 22695
2026/09/26 03:04:50.040, 22695
2026/09/26 03:04:50.540, 22695
2026/09/26 03:04:51.041, 22695
2026/09/26 03:04:51.541, 22695
2026/09/26 03:04:52.041, 22695
2026/09/26 03:04:52.541, 22695
2026/09/26 03:04:53.041, 22695
2026/09/26 03:04:53.541, 22695
2026/09/26 03:04:54.042, 22695
2026/09/26 03:04:54.542, 22695
2026/09/26 03:04:55.042, 22695
2026/09/26 03:04:55.542, 22695
2026/09/26 03:04:56.042, 22695
2026/09/26 03:04:56.543, 22695
2026/09/26 03:04:57.043, 22695
2026/09/26 03:04:57.543, 22695
2026/09/26 03:04:58.043, 22695
2026/09/26 03:04:58.543, 22695
2026/09/26 03:04:59.044, 22695
2026/09/26 03:04:59.544, 22695
2026/09/26 03:05:00.044, 22695
2026/09/26 03:05:00.544, 22695
2026/09/26 03:05:01.044, 22695
2026/09/26 03:05:01.544, 22695
2026/09/26 03:05:02.045, 22695
2026/09/26 03:05:02.545, 22695
2026/09/26 03:05:03.045, 22695
2026/09/26 03:05:03.545, 22695
2026/09/26 03:05:04.045, 22695
2026/09/26 03:05:04.545, 22695
2026/09/26 03:05:05.046, 22695
2026/09/26 03:05:05.546, 22695
2026/09/26 03:05:06.046, 22695
2026/09/26 03:05:06.546, 22695
2026/09/26 03:05:07.046, 22695
2026/09/26 03:05:07.546, 22695
2026/09/26 03:05:08.047, 22695
2026/09/26 03:05:08.547, 22695
2026/09/26 03:05:09.047, 22695
2026/09/26 03:05:09.547, 22695
2026/09/26 03:05:10.047, 22695
2026/09/26 03:05:10.548, 22695
2026/09/26 03:05:11.048, 22695
2026/09/26 03:05:11.548, 22695
2026/09/26 03:05:12.048, 22695
2026/09/26 03:05:12.548, 22695
2026/09/26 03:05:13.049, 22695
2026/09/26 03:05:13.549, 22695
2026/09/26 03:05:14.049, 22695
2026/09/26 03:05:14.549, 22695
2026/09/26 03:05:15.049, 22695
2026/09/26 03:05:15.549, 22695
2026/09/26 03:05:16.050, 22695
2026/09/26 03:05:16.550, 22695
2026/09/26 03:05:17.050, 22695
2026/09/26 03:05:17.550, 22695
2026/09/26 03:05:18.050, 22695
2026/09/26 03:05:18.550, 22695
2026/09/26 03:05:19.051, 22695
2026/09/26 03:05:19.551, 22695
2026/09/26 03:05:20.051, 22695
2026/09/26 03:05:20.551, 22695
2026/09/26 03:05:21.051, 22695
2026/09/26 03:05:21.552, 22695
2026/09/26 03:05:22.052, 22695
2026/09/26 03:05:22.552, 22695
2026/09/26 03:05:23.052, 22695
2026/09/26 03:05:23.552, 22695
2026/09/26 03:05:24.052, 22695
2026/09/26 03:05:24.553, 22695
2026/09/26 03:05:25.053, 22695
2026/09/26 03:05:25.553, 22695
2026/09/26 03:05:26.053, 22695
2026/09/26 03:05:26.553, 22695
2026/09/26 03:05:27.053, 22695
2026/09/26 03:05:27.554, 22695
2026/09/26 03:05:28.054, 22695
2026/09/26 03:05:28.554, 22695
2026/09/26 03:05:29.054, 22695
2026/09/26 03:05:29.554, 22695
2026/09/26 03:05:30.054, 22695
2026/09/26 03:05:30.554, 22695
2026/09/26 03:05:31.055, 22695
2026/09/26 03:05:31.555, 22695
2026/09/26 03:05:32.055, 22695
2026/09/26 03:05:32.555, 22695
2026/09/26 03:05:33.055, 22695
2026/09/26 03:05:33.555, 22695
2026/09/26 03:05:34.056, 22695
2026/09/26 03:05:34.556, 22695
2026/09/26 03:05:35.056, 22695
2026/09/26 03:05:35.556, 22695
2026/09/26 03:05:36.056, 22695
2026/09/26 03:05:36.556, 22695
2026/09/26 03:05:37.056, 22695
2026/09/26 03:05:37.557, 22695
2026/09/26 03:05:38.057, 22695
2026/09/26 03:05:38.557, 22695
2026/09/26 03:05:39.057, 22695
2026/09/26 03:05:39.557, 22695
2026/09/26 03:05:40.057, 22695
2026/09/26 03:05:40.557, 22695
2026/09/26 03:05:41.058, 22695
2026/09/26 03:05:41.558, 22695
2026/09/26 03:05:42.058, 22695
2026/09/26 03:05:42.558, 22695
2026/09/26 03:05:43.058, 22695
2026/09/26 03:05:43.558, 22695
2026/09/26 03:05:44.058, 22695
2026/09/26 03:05:44.559, 22695
2026/09/26 03:05:45.059, 22695
2026/09/26 03:05:45.559, 22695
2026/09/26 03:05:46.059, 22695
2026/09/26 03:05:46.559, 22695
2026/09/26 03:05:47.059, 22695
2026/09/26 03:05:47.560, 22695
2026/09/26 03:05:48.060, 22695
2026/09/26 03:05:48.560, 22695
2026/09/26 03:05:49.060, 22695
2026/09/26 03:05:49.560, 22695
2026/09/26 03:05:50.061, 22695
2026/09/26 03:05:50.561, 22695
2026/09/26 03:05:51.061, 22695
2026/09/26 03:05:51.561, 22695
2026/09/26 03:05:52.061, 22695
2026/09/26 03:05:52.561, 22695
2026/09/26 03:05:53.062, 22695
2026/09/26 03:05:53.562, 22695
2026/09/26 03:05:54.062, 22695
2026/09/26 03:05:54.562, 22695
2026/09/26 03:05:55.062, 22695
2026/09/26 03:05:55.562, 22695
2026/09/26 03:05:56.062, 22695
2026/09/26 03:05:56.563, 22695
2026/09/26 03:05:57.063, 22695
2026/09/26 03:05:57.563, 22695
2026/09/26 03:05:58.063, 22695
2026/09/26 03:05:58.563, 22695
2026/09/26 03:05:59.063, 22695
2026/09/26 03:05:59.564, 22695
2026/09/26 03:06:00.064, 22695
2026/09/26 03:06:00.564, 22695
2026/09/26 03:06:01.064, 22695
2026/09/26 03:06:01.564, 22695
2026/09/26 03:06:02.064, 22695
2026/09/26 03:06:02.565, 22695
2026/09/26 03:06:03.065, 22695
2026/09/26 03:06:03.565, 22695
2026/09/26 03:06:04.065, 22695
2026/09/26 03:06:04.565, 22695
2026/09/26 03:06:05.065, 22695
2026/09/26 03:06:05.565, 22695
2026/09/26 03:06:06.066, 22695
2026/09/26 03:06:06.566, 22695
2026/09/26 03:06:07.066, 22695
2026/09/26 03:06:07.566, 22695
2026/09/26 03:06:08.066, 22695
2026/09/26 03:06:08.566, 22695
2026/09/26 03:06:09.067, 22695
2026/09/26 03:06:09.567, 22695
2026/09/26 03:06:10.067, 22695
2026/09/26 03:06:10.567, 22695
2026/09/26 03:06:11.067, 22695
2026/09/26 03:06:11.567, 22695
2026/09/26 03:06:12.068, 22695
2026/09/26 03:06:12.568, 22695
2026/09/26 03:06:13.068, 22695
2026/09/26 03:06:13.568, 22695
2026/09/26 03:06:14.068, 22695
2026/09/26 03:06:14.568, 22695
2026/09/26 03:06:15.069, 22695
2026/09/26 03:06:15.569, 22695
2026/09/26 03:06:16.069, 22695
2026/09/26 03:06:16.569, 22695
2026/09/26 03:06:17.069, 22695
2026/09/26 03:06:17.569, 22695
2026/09/26 03:06:18.070, 22695
2026/09/26 03:06:18.570, 22695
2026/09/26 03:06:19.070, 22695
2026/09/26 03:06:19.570, 22695
2026/09/26 03:06:20.070, 22695
2026/09/26 03:06:20.570, 22695
2026/09/26 03:06:21.071, 22695
2026/09/26 03:06:21.571, 22695
2026/09/26 03:06:22.071, 22695
2026/09/26 03:06:22.571, 22695
2026/09/26 03:06:23.071, 22695
2026/09/26 03:06:23.571, 22695
2026/09/26 03:06:24.072, 22695
2026/09/26 03:06:24.572, 22695
2026/09/26 03:06:25.072, 22695
2026/09/26 03:06:25.572, 22695
2026/09/26 03:06:26.072, 22695
2026/09/26 03:06:26.572, 22695
2026/09/26 03:06:27.073, 22695
2026/09/26 03:06:27.573, 22695
2026/09/26 03:06:28.073, 22695
2026/09/26 03:06:28.573, 22695
2026/09/26 03:06:29.073, 22695
2026/09/26 03:06:29.573, 22695
2026/09/26 03:06:30.073, 22695
2026/09/26 03:06:30.574, 22695
2026/09/26 03:06:31.074, 22695
2026/09/26 03:06:31.574, 22695
2026/09/26 03:06:32.074, 22695
2026/09/26 03:06:32.574, 22695
2026/09/26 03:06:33.075, 22695
2026/09/26 03:06:33.575, 22695
2026/09/26 03:06:34.075, 22695
2026/09/26 03:06:34.575, 22695
2026/09/26 03:06:35.075, 22695
2026/09/26 03:06:35.575, 22695
2026/09/26 03:06:36.076, 22695
2026/09/26 03:06:36.576, 22695
2026/09/26 03:06:37.076, 22695
2026/09/26 03:06:37.576, 22695
2026/09/26 03:06:38.076, 22695
2026/09/26 03:06:38.576, 22695
2026/09/26 03:06:39.076, 22695
2026/09/26 03:06:39.577, 22695
2026/09/26 03:06:40.077, 22695
2026/09/26 03:06:40.577, 22695
2026/09/26 03:06:41.077, 22695
2026/09/26 03:06:41.577, 22695
2026/09/26 03:06:42.077, 22695
2026/09/26 03:06:42.578, 22695
2026/09/26 03:06:43.078, 22695
2026/09/26 03:06:43.579, 22695
2026/09/26 03:06:44.079, 22695
2026/09/26 03:06:44.579, 22695
2026/09/26 03:06:45.080, 22695
2026/09/26 03:06:45.580, 22695
2026/09/26 03:06:46.080, 22695
2026/09/26 03:06:46.580, 22695
2026/09/26 03:06:47.080, 22695
2026/09/26 03:06:47.580, 22695
2026/09/26 03:06:48.080, 22695
2026/09/26 03:06:48.581, 22695
2026/09/26 03:06:49.081, 22695
2026/09/26 03:06:49.581, 22695
2026/09/26 03:06:50.081, 22695
2026/09/26 03:06:50.581, 22695
2026/09/26 03:06:51.082, 22695
2026/09/26 03:06:51.582, 22695
2026/09/26 03:06:52.082, 22695
2026/09/26 03:06:52.582, 22695
2026/09/26 03:06:53.082, 22695
2026/09/26 03:06:53.582, 22695
2026/09/26 03:06:54.082, 22695
2026/09/26 03:06:54.583, 22695
2026/09/26 03:06:55.083, 22695
2026/09/26 03:06:55.583, 22695
2026/09/26 03:06:56.084, 22695
2026/09/26 03:06:56.584, 22695
2026/09/26 03:06:57.084, 22695
2026/09/26 03:06:57.584, 22695
2026/09/26 03:06:58.084, 22695
2026/09/26 03:06:58.584, 22695
2026/09/26 03:06:59.084, 22695
2026/09/26 03:06:59.585, 22695
2026/09/26 03:07:00.085, 22695
2026/09/26 03:07:00.585, 22695
2026/09/26 03:07:01.085, 22695
2026/09/26 03:07:01.585, 22695
2026/09/26 03:07:02.085, 22695
2026/09/26 03:07:02.585, 22695
2026/09/26 03:07:03.086, 22695
2026/09/26 03:07:03.586, 22695
2026/09/26 03:07:04.086, 22695
2026/09/26 03:07:04.586, 22695
2026/09/26 03:07:05.086, 22695
2026/09/26 03:07:05.586, 22695
2026/09/26 03:07:06.087, 22695
2026/09/26 03:07:06.587, 22695
2026/09/26 03:07:07.087, 22695
2026/09/26 03:07:07.587, 22695
2026/09/26 03:07:08.087, 22695
2026/09/26 03:07:08.587, 22695
2026/09/26 03:07:09.088, 22695
2026/09/26 03:07:09.588, 22695
2026/09/26 03:07:10.088, 22695
2026/09/26 03:07:10.588, 22695
2026/09/26 03:07:11.088, 22695
2026/09/26 03:07:11.588, 22695
2026/09/26 03:07:12.088, 22695
2026/09/26 03:07:12.589, 22695
2026/09/26 03:07:13.089, 22695
2026/09/26 03:07:13.589, 22695
2026/09/26 03:07:14.089, 22695
2026/09/26 03:07:14.589, 22695
2026/09/26 03:07:15.089, 22695
2026/09/26 03:07:15.590, 22695
2026/09/26 03:07:16.090, 22695
2026/09/26 03:07:16.590, 22695
2026/09/26 03:07:17.090, 22695
2026/09/26 03:07:17.590, 22695
2026/09/26 03:07:18.090, 22695
2026/09/26 03:07:18.591, 22695
2026/09/26 03:07:19.091, 22695
2026/09/26 03:07:19.591, 22695
2026/09/26 03:07:20.091, 22695
2026/09/26 03:07:20.591, 22695
2026/09/26 03:07:21.091, 22695
2026/09/26 03:07:21.591, 22695
2026/09/26 03:07:22.092, 22695
2026/09/26 03:07:22.592, 22695
2026/09/26 03:07:23.092, 22695
2026/09/26 03:07:23.592, 22695
2026/09/26 03:07:24.092, 22695
2026/09/26 03:07:24.592, 22695
2026/09/26 03:07:25.093, 22695
2026/09/26 03:07:25.593, 22695
2026/09/26 03:07:26.093, 22695
2026/09/26 03:07:26.593, 22695
2026/09/26 03:07:27.093, 22695
2026/09/26 03:07:27.593, 22695
2026/09/26 03:07:28.094, 22695
2026/09/26 03:07:28.594, 22695
2026/09/26 03:07:29.094, 22695
2026/09/26 03:07:29.594, 22695
2026/09/26 03:07:30.094, 22695
2026/09/26 03:07:30.594, 22695
2026/09/26 03:07:31.095, 22695
2026/09/26 03:07:31.595, 22695
2026/09/26 03:07:32.095, 22695
2026/09/26 03:07:32.595, 22695
2026/09/26 03:07:33.095, 22695
2026/09/26 03:07:33.595, 22695
2026/09/26 03:07:34.096, 22695
2026/09/26 03:07:34.596, 22695
2026/09/26 03:07:35.096, 22695
2026/09/26 03:07:35.596, 22695
2026/09/26 03:07:36.096, 22695
2026/09/26 03:07:36.596, 22695
2026/09/26 03:07:37.097, 22695
2026/09/26 03:07:37.597, 22695
2026/09/26 03:07:38.097, 22695
2026/09/26 03:07:38.597, 22695
2026/09/26 03:07:39.097, 22695
2026/09/26 03:07:39.597, 22695
2026/09/26 03:07:40.098, 22695
2026/09/26 03:07:40.598, 22695
2026/09/26 03:07:41.098, 22695
2026/09/26 03:07:41.598, 22695
2026/09/26 03:07:42.098, 22695
2026/09/26 03:07:42.598, 22695
2026/09/26 03:07:43.098, 22695
2026/09/26 03:07:43.599, 22695
2026/09/26 03:07:44.099, 22695
2026/09/26 03:07:44.599, 22695
2026/09/26 03:07:45.099, 22695
2026/09/26 03:07:45.599, 22695
2026/09/26 03:07:46.100, 22695
2026/09/26 03:07:46.600, 22695
2026/09/26 03:07:47.100, 22695
2026/09/26 03:07:47.600, 22695
2026/09/26 03:07:48.100, 22695
2026/09/26 03:07:48.600, 22695
2026/09/26 03:07:49.101, 22695
2026/09/26 03:07:49.601, 22695
2026/09/26 03:07:50.101, 22695
2026/09/26 03:07:50.601, 22695
2026/09/26 03:07:51.101, 22695
2026/09/26 03:07:51.601, 22695
2026/09/26 03:07:52.102, 22695
2026/09/26 03:07:52.602, 22695
2026/09/26 03:07:53.102, 22695
2026/09/26 03:07:53.602, 22695
2026/09/26 03:07:54.102, 22695
2026/09/26 03:07:54.602, 22695
2026/09/26 03:07:55.102, 22695
2026/09/26 03:07:55.603, 22695
2026/09/26 03:07:56.103, 22695
2026/09/26 03:07:56.603, 22695
2026/09/26 03:07:57.103, 22695
2026/09/26 03:07:57.603, 22695
2026/09/26 03:07:58.103, 22695
2026/09/26 03:07:58.604, 22695
2026/09/26 03:07:59.104, 22695
2026/09/26 03:07:59.604, 22695
2026/09/26 03:08:00.104, 22695
2026/09/26 03:08:00.604, 22695
2026/09/26 03:08:01.104, 22695
2026/09/26 03:08:01.604, 22695
2026/09/26 03:08:02.105, 22695
2026/09/26 03:08:02.605, 22695
2026/09/26 03:08:03.105, 22695
2026/09/26 03:08:03.605, 22695
2026/09/26 03:08:04.105, 22695
2026/09/26 03:08:04.605, 22695
2026/09/26 03:08:05.106, 22695
2026/09/26 03:08:05.606, 22695
2026/09/26 03:08:06.106, 22695
2026/09/26 03:08:06.606, 22695
2026/09/26 03:08:07.106, 22695
2026/09/26 03:08:07.606, 22695
2026/09/26 03:08:08.106, 22695
2026/09/26 03:08:08.607, 22695
2026/09/26 03:08:09.107, 22695
2026/09/26 03:08:09.607, 22695
2026/09/26 03:08:10.107, 22695
2026/09/26 03:08:10.607, 22695
2026/09/26 03:08:11.107, 22695
2026/09/26 03:08:11.608, 22695
2026/09/26 03:08:12.108, 22695
2026/09/26 03:08:12.608, 22695
2026/09/26 03:08:13.108, 22695
2026/09/26 03:08:13.608, 22695
2026/09/26 03:08:14.108, 22695
2026/09/26 03:08:14.609, 22695
2026/09/26 03:08:15.109, 22695
2026/09/26 03:08:15.609, 22695
2026/09/26 03:08:16.109, 22695
2026/09/26 03:08:16.609, 22695
2026/09/26 03:08:17.109, 22695
2026/09/26 03:08:17.609, 22695
2026/09/26 03:08:18.110, 22695
2026/09/26 03:08:18.610, 22695
2026/09/26 03:08:19.110, 22695
2026/09/26 03:08:19.610, 22695
2026/09/26 03:08:20.110, 22695
2026/09/26 03:08:20.611, 22695
2026/09/26 03:08:21.111, 22695
2026/09/26 03:08:21.611, 22695
2026/09/26 03:08:22.111, 22695
2026/09/26 03:08:22.611, 22695
2026/09/26 03:08:23.111, 22695
2026/09/26 03:08:23.612, 22695
2026/09/26 03:08:24.112, 22695
2026/09/26 03:08:24.612, 22695
2026/09/26 03:08:25.112, 22695
2026/09/26 03:08:25.612, 22695
2026/09/26 03:08:26.112, 22695
2026/09/26 03:08:26.613, 22695
2026/09/26 03:08:27.113, 22695
2026/09/26 03:08:27.613, 22695
2026/09/26 03:08:28.113, 22695
2026/09/26 03:08:28.613, 22695
2026/09/26 03:08:29.114, 22695
2026/09/26 03:08:29.614, 22695
2026/09/26 03:08:30.114, 22695
2026/09/26 03:08:30.614, 22695
2026/09/26 03:08:31.114, 22695
2026/09/26 03:08:31.615, 22695
2026/09/26 03:08:32.115, 22695
2026/09/26 03:08:32.615, 22695
2026/09/26 03:08:33.115, 22695
2026/09/26 03:08:33.615, 22695
2026/09/26 03:08:34.115, 22695
2026/09/26 03:08:34.616, 22695
2026/09/26 03:08:35.116, 22695
2026/09/26 03:08:35.616, 22695
2026/09/26 03:08:36.116, 22695
2026/09/26 03:08:36.616, 22695
2026/09/26 03:08:37.117, 22695
2026/09/26 03:08:37.617, 22695
2026/09/26 03:08:38.117, 22695
2026/09/26 03:08:38.617, 22695
2026/09/26 03:08:39.117, 22695
2026/09/26 03:08:39.617, 22695
2026/09/26 03:08:40.118, 22695
2026/09/26 03:08:40.618, 22695
2026/09/26 03:08:41.118, 22695
2026/09/26 03:08:41.618, 22695
2026/09/26 03:08:42.118, 22695
2026/09/26 03:08:42.619, 22695
2026/09/26 03:08:43.119, 22695
2026/09/26 03:08:43.619, 22695
2026/09/26 03:08:44.119, 22695
2026/09/26 03:08:44.619, 22695
2026/09/26 03:08:45.119, 22695
2026/09/26 03:08:45.620, 22695
2026/09/26 03:08:46.120, 22695
2026/09/26 03:08:46.620, 22695
2026/09/26 03:08:47.120, 22695
2026/09/26 03:08:47.620, 22695
2026/09/26 03:08:48.120, 22695
2026/09/26 03:08:48.621, 22695
2026/09/26 03:08:49.121, 22695
2026/09/26 03:08:49.621, 22695
2026/09/26 03:08:50.121, 22695
2026/09/26 03:08:50.621, 22695
2026/09/26 03:08:51.121, 22695
2026/09/26 03:08:51.622, 22695
2026/09/26 03:08:52.122, 22695
2026/09/26 03:08:52.622, 22695
2026/09/26 03:08:53.122, 22695
2026/09/26 03:08:53.622, 22695
2026/09/26 03:08:54.131, 22695
2026/09/26 03:08:54.631, 22695
2026/09/26 03:08:55.131, 22695
2026/09/26 03:08:55.632, 22695
2026/09/26 03:08:56.132, 22695
2026/09/26 03:08:56.632, 22695
2026/09/26 03:08:57.132, 22695
2026/09/26 03:08:57.632, 22695
2026/09/26 03:08:58.132, 22695
2026/09/26 03:08:58.633, 22695
2026/09/26 03:08:59.133, 22695
2026/09/26 03:08:59.633, 22695
2026/09/26 03:09:00.133, 22695
2026/09/26 03:09:00.633, 22695
2026/09/26 03:09:01.133, 22695
2026/09/26 03:09:01.634, 22695
2026/09/26 03:09:02.134, 22695
2026/09/26 03:09:02.634, 22695
2026/09/26 03:09:03.134, 22695
2026/09/26 03:09:03.634, 22695
2026/09/26 03:09:04.134, 22695
2026/09/26 03:09:04.634, 22695
2026/09/26 03:09:05.134, 22695
2026/09/26 03:09:05.635, 22695
2026/09/26 03:09:06.135, 22695
2026/09/26 03:09:06.635, 22695
2026/09/26 03:09:07.135, 22695
2026/09/26 03:09:07.636, 22695
2026/09/26 03:09:08.136, 22695
2026/09/26 03:09:08.636, 22695
2026/09/26 03:09:09.136, 22695
2026/09/26 03:09:09.636, 22695
2026/09/26 03:09:10.136, 22695
2026/09/26 03:09:10.637, 22695
2026/09/26 03:09:11.137, 22695
2026/09/26 03:09:11.637, 22695
2026/09/26 03:09:12.137, 22695
2026/09/26 03:09:12.637, 22695
2026/09/26 03:09:13.137, 22695
2026/09/26 03:09:13.638, 22695
2026/09/26 03:09:14.138, 22695
2026/09/26 03:09:14.638, 22695
2026/09/26 03:09:15.138, 22695
2026/09/26 03:09:15.638, 22695
2026/09/26 03:09:16.138, 22695
2026/09/26 03:09:16.639, 22695
2026/09/26 03:09:17.139, 22695
2026/09/26 03:09:17.639, 22695
2026/09/26 03:09:18.139, 22695
2026/09/26 03:09:18.639, 22695
2026/09/26 03:09:19.139, 22695
2026/09/26 03:09:19.640, 22695
2026/09/26 03:09:20.140, 22695
2026/09/26 03:09:20.640, 22695
2026/09/26 03:09:21.140, 22695
2026/09/26 03:09:21.640, 22695
2026/09/26 03:09:22.140, 22695
2026/09/26 03:09:22.641, 22695
2026/09/26 03:09:23.141, 22695
2026/09/26 03:09:23.641, 22695
2026/09/26 03:09:24.141, 22695
2026/09/26 03:09:24.641, 22695
2026/09/26 03:09:25.141, 22695
2026/09/26 03:09:25.642, 22695
2026/09/26 03:09:26.142, 22695
2026/09/26 03:09:26.642, 22695
2026/09/26 03:09:27.142, 22695
2026/09/26 03:09:27.642, 22695
2026/09/26 03:09:28.143, 22695
2026/09/26 03:09:28.643, 22695
2026/09/26 03:09:29.143, 22695
2026/09/26 03:09:29.643, 22695
2026/09/26 03:09:30.143, 22695
2026/09/26 03:09:30.643, 22695
2026/09/26 03:09:31.144, 22695
2026/09/26 03:09:31.644, 22695
2026/09/26 03:09:32.144, 22695
2026/09/26 03:09:32.644, 22695
2026/09/26 03:09:33.144, 22695
2026/09/26 03:09:33.644, 22695
2026/09/26 03:09:34.145, 22695
2026/09/26 03:09:34.645, 22695
2026/09/26 03:09:35.145, 22695
2026/09/26 03:09:35.645, 22695
2026/09/26 03:09:36.145, 22695
2026/09/26 03:09:36.645, 22695
2026/09/26 03:09:37.145, 22695
2026/09/26 03:09:37.646, 22695
2026/09/26 03:09:38.146, 22695
2026/09/26 03:09:38.646, 22695
2026/09/26 03:09:39.146, 22695
2026/09/26 03:09:39.646, 22695
2026/09/26 03:09:40.146, 22695
2026/09/26 03:09:40.647, 22695
2026/09/26 03:09:41.147, 22695
2026/09/26 03:09:41.647, 22695
2026/09/26 03:09:42.147, 22695
2026/09/26 03:09:42.647, 22695
2026/09/26 03:09:43.148, 22695
2026/09/26 03:09:43.648, 22695
2026/09/26 03:09:44.148, 22695
2026/09/26 03:09:44.648, 22695
2026/09/26 03:09:45.148, 22695
2026/09/26 03:09:45.648, 22695
2026/09/26 03:09:46.149, 22695
2026/09/26 03:09:46.649, 22695
2026/09/26 03:09:47.149, 22695
2026/09/26 03:09:47.649, 22695
2026/09/26 03:09:48.149, 22695
2026/09/26 03:09:48.649, 22695
2026/09/26 03:09:49.150, 22695
2026/09/26 03:09:49.650, 22695
2026/09/26 03:09:50.150, 22695
2026/09/26 03:09:50.650, 22695
2026/09/26 03:09:51.150, 22695
2026/09/26 03:09:51.650, 22695
2026/09/26 03:09:52.150, 22695
2026/09/26 03:09:52.651, 22695
2026/09/26 03:09:53.151, 22695
2026/09/26 03:09:53.651, 22695
2026/09/26 03:09:54.151, 22695
2026/09/26 03:09:54.651, 22695
2026/09/26 03:09:55.151, 22695
2026/09/26 03:09:55.652, 22695
2026/09/26 03:09:56.152, 22695
2026/09/26 03:09:56.652, 22695
2026/09/26 03:09:57.152, 22695
2026/09/26 03:09:57.652, 22695
2026/09/26 03:09:58.152, 22695
2026/09/26 03:09:58.653, 22695
2026/09/26 03:09:59.153, 22695
2026/09/26 03:09:59.653, 22695
2026/09/26 03:10:00.153, 22695
2026/09/26 03:10:00.653, 22695
2026/09/26 03:10:01.153, 22695
2026/09/26 03:10:01.654, 22695
2026/09/26 03:10:02.154, 22695
2026/09/26 03:10:02.654, 22695
2026/09/26 03:10:03.154, 22695
2026/09/26 03:10:03.654, 22695
2026/09/26 03:10:04.154, 22695
2026/09/26 03:10:04.655, 22695
2026/09/26 03:10:05.155, 22695
2026/09/26 03:10:05.655, 22695
2026/09/26 03:10:06.155, 22695
2026/09/26 03:10:06.655, 22695
2026/09/26 03:10:07.155, 22695
2026/09/26 03:10:07.656, 22695
2026/09/26 03:10:08.156, 22695
2026/09/26 03:10:08.656, 22695
2026/09/26 03:10:09.156, 22695
2026/09/26 03:10:09.656, 22695
2026/09/26 03:10:10.156, 22695
2026/09/26 03:10:10.657, 22695
2026/09/26 03:10:11.157, 22695
2026/09/26 03:10:11.657, 22695
2026/09/26 03:10:12.157, 22695
2026/09/26 03:10:12.657, 22695
2026/09/26 03:10:13.158, 22695
2026/09/26 03:10:13.658, 22695
2026/09/26 03:10:14.158, 22695
2026/09/26 03:10:14.658, 22695
2026/09/26 03:10:15.158, 22695
2026/09/26 03:10:15.658, 22695
2026/09/26 03:10:16.158, 22695
2026/09/26 03:10:16.659, 22695
2026/09/26 03:10:17.159, 22695
2026/09/26 03:10:17.659, 22695
2026/09/26 03:10:18.159, 22695
2026/09/26 03:10:18.659, 22695
2026/09/26 03:10:19.159, 22695
2026/09/26 03:10:19.660, 22695
2026/09/26 03:10:20.160, 22695
2026/09/26 03:10:20.660, 22695
2026/09/26 03:10:21.160, 22695
2026/09/26 03:10:21.660, 22695
2026/09/26 03:10:22.161, 22695
2026/09/26 03:10:22.661, 22695
2026/09/26 03:10:23.161, 22695
2026/09/26 03:10:23.661, 22695
2026/09/26 03:10:24.161, 22695
2026/09/26 03:10:24.661, 22695
2026/09/26 03:10:25.162, 22695
2026/09/26 03:10:25.662, 22695
2026/09/26 03:10:26.162, 22695
2026/09/26 03:10:26.662, 22695
2026/09/26 03:10:27.162, 22695
2026/09/26 03:10:27.662, 22695
2026/09/26 03:10:28.163, 22695
2026/09/26 03:10:28.663, 22695
2026/09/26 03:10:29.163, 22695
2026/09/26 03:10:29.663, 22695
2026/09/26 03:10:30.163, 22695
2026/09/26 03:10:30.663, 22695
2026/09/26 03:10:31.164, 22695
2026/09/26 03:10:31.664, 22695
2026/09/26 03:10:32.164, 22695
2026/09/26 03:10:32.664, 22695
2026/09/26 03:10:33.164, 22695
2026/09/26 03:10:33.665, 22695
2026/09/26 03:10:34.165, 22695
2026/09/26 03:10:34.665, 22695
2026/09/26 03:10:35.165, 22695
2026/09/26 03:10:35.665, 22695
2026/09/26 03:10:36.165, 22695
2026/09/26 03:10:36.666, 22695
2026/09/26 03:10:37.166, 22695
2026/09/26 03:10:37.666, 22695
2026/09/26 03:10:38.166, 22695
2026/09/26 03:10:38.666, 22695
2026/09/26 03:10:39.166, 22695
2026/09/26 03:10:39.666, 22695
2026/09/26 03:10:40.167, 22695
2026/09/26 03:10:40.667, 22695
2026/09/26 03:10:41.167, 22695
2026/09/26 03:10:41.667, 22695
2026/09/26 03:10:42.167, 22695
2026/09/26 03:10:42.667, 22695
2026/09/26 03:10:43.167, 22695
2026/09/26 03:10:43.667, 22695
2026/09/26 03:10:44.168, 22695
2026/09/26 03:10:44.668, 22695
2026/09/26 03:10:45.168, 22695
2026/09/26 03:10:45.668, 22695
2026/09/26 03:10:46.168, 22695
2026/09/26 03:10:46.668, 22695
2026/09/26 03:10:47.168, 22695
2026/09/26 03:10:47.668, 22695
2026/09/26 03:10:48.169, 22695
2026/09/26 03:10:48.669, 22695
2026/09/26 03:10:49.169, 22695
2026/09/26 03:10:49.669, 22695
2026/09/26 03:10:50.169, 22695
2026/09/26 03:10:50.669, 22695
2026/09/26 03:10:51.169, 22695
2026/09/26 03:10:51.669, 22695
2026/09/26 03:10:52.169, 22695
2026/09/26 03:10:52.670, 22695
2026/09/26 03:10:53.170, 22695
2026/09/26 03:10:53.670, 22695
2026/09/26 03:10:54.170, 22695
2026/09/26 03:10:54.670, 22695
2026/09/26 03:10:55.170, 22695
2026/09/26 03:10:55.670, 22695
2026/09/26 03:10:56.170, 22695
2026/09/26 03:10:56.671, 22695
2026/09/26 03:10:57.171, 22695
2026/09/26 03:10:57.671, 22695
2026/09/26 03:10:58.171, 22695
2026/09/26 03:10:58.671, 22695
2026/09/26 03:10:59.171, 22695
2026/09/26 03:10:59.671, 22695
2026/09/26 03:11:00.171, 22695
2026/09/26 03:11:00.671, 22695
2026/09/26 03:11:01.172, 22695
2026/09/26 03:11:01.672, 22695
2026/09/26 03:11:02.172, 22695
2026/09/26 03:11:02.672, 22695
2026/09/26 03:11:03.172, 22695
2026/09/26 03:11:03.672, 22695
2026/09/26 03:11:04.172, 22695
2026/09/26 03:11:04.672, 22695
2026/09/26 03:11:05.172, 22695
2026/09/26 03:11:05.673, 22695
2026/09/26 03:11:06.173, 22695
2026/09/26 03:11:06.673, 22695
2026/09/26 03:11:07.173, 22695
2026/09/26 03:11:07.673, 22695
2026/09/26 03:11:08.173, 22695
2026/09/26 03:11:08.673, 22695
2026/09/26 03:11:09.174, 22695
2026/09/26 03:11:09.674, 22695
2026/09/26 03:11:10.174, 22695
2026/09/26 03:11:10.674, 22695
2026/09/26 03:11:11.174, 22695
2026/09/26 03:11:11.674, 22695
2026/09/26 03:11:12.174, 22695
2026/09/26 03:11:12.674, 22695
2026/09/26 03:11:13.174, 22695
2026/09/26 03:11:13.675, 22695
2026/09/26 03:11:14.175, 22695
2026/09/26 03:11:14.675, 22695
2026/09/26 03:11:15.175, 22695
2026/09/26 03:11:15.675, 22695
2026/09/26 03:11:16.175, 22695
2026/09/26 03:11:16.675, 22695
2026/09/26 03:11:17.175, 22695
2026/09/26 03:11:17.675, 22695
2026/09/26 03:11:18.176, 22695
2026/09/26 03:11:18.676, 22695
2026/09/26 03:11:19.176, 22695
2026/09/26 03:11:19.676, 22695
2026/09/26 03:11:20.176, 22695
2026/09/26 03:11:20.676, 22695
2026/09/26 03:11:21.177, 22695
2026/09/26 03:11:21.677, 22695
2026/09/26 03:11:22.177, 22695
2026/09/26 03:11:22.677, 22695
2026/09/26 03:11:23.177, 22695
2026/09/26 03:11:23.677, 22695
2026/09/26 03:11:24.177, 22695
2026/09/26 03:11:24.677, 22695
2026/09/26 03:11:25.177, 22695
2026/09/26 03:11:25.677, 22695
2026/09/26 03:11:26.178, 22695
2026/09/26 03:11:26.678, 22695
2026/09/26 03:11:27.178, 22695
2026/09/26 03:11:27.678, 22695
2026/09/26 03:11:28.178, 22695
2026/09/26 03:11:28.678, 22695
2026/09/26 03:11:29.178, 22695
2026/09/26 03:11:29.679, 22695
2026/09/26 03:11:30.179, 22695
2026/09/26 03:11:30.679, 22695
2026/09/26 03:11:31.179, 22695
2026/09/26 03:11:31.679, 22695
2026/09/26 03:11:32.179, 22695
2026/09/26 03:11:32.679, 22695
2026/09/26 03:11:33.180, 22695
2026/09/26 03:11:33.680, 22695
2026/09/26 03:11:34.180, 22695
2026/09/26 03:11:34.680, 22695
2026/09/26 03:11:35.180, 22695
2026/09/26 03:11:35.680, 22695
2026/09/26 03:11:36.180, 22695
2026/09/26 03:11:36.681, 22695
2026/09/26 03:11:37.181, 22695
2026/09/26 03:11:37.681, 22695
2026/09/26 03:11:38.181, 22695
2026/09/26 03:11:38.681, 22695
2026/09/26 03:11:39.181, 22695
2026/09/26 03:11:39.681, 22695
2026/09/26 03:11:40.181, 22695
2026/09/26 03:11:40.681, 22695
2026/09/26 03:11:41.182, 22695
2026/09/26 03:11:41.682, 22695
2026/09/26 03:11:42.182, 22695
2026/09/26 03:11:42.682, 22695
2026/09/26 03:11:43.182, 22695
2026/09/26 03:11:43.682, 22695
2026/09/26 03:11:44.182, 22695
2026/09/26 03:11:44.682, 22695
2026/09/26 03:11:45.182, 22695
2026/09/26 03:11:45.683, 22695
2026/09/26 03:11:46.183, 22695
2026/09/26 03:11:46.683, 22695
2026/09/26 03:11:47.183, 22695
2026/09/26 03:11:47.683, 22695
2026/09/26 03:11:48.183, 22695
2026/09/26 03:11:48.683, 22695
2026/09/26 03:11:49.183, 22695
2026/09/26 03:11:49.684, 22695
2026/09/26 03:11:50.184, 22695
2026/09/26 03:11:50.684, 22695
2026/09/26 03:11:51.184, 22695
2026/09/26 03:11:51.684, 22695
2026/09/26 03:11:52.185, 22695
2026/09/26 03:11:52.685, 22695
2026/09/26 03:11:53.185, 22695
2026/09/26 03:11:53.685, 22695
2026/09/26 03:11:54.185, 22695
2026/09/26 03:11:54.685, 22695
2026/09/26 03:11:55.185, 22695
2026/09/26 03:11:55.686, 22695
2026/09/26 03:11:56.186, 22695
2026/09/26 03:11:56.686, 22695
2026/09/26 03:11:57.186, 22695
2026/09/26 03:11:57.686, 22695
2026/09/26 03:11:58.186, 22695
2026/09/26 03:11:58.687, 22695
2026/09/26 03:11:59.187, 22695
2026/09/26 03:11:59.687, 22695
2026/09/26 03:12:00.187, 22695
2026/09/26 03:12:00.687, 22695
2026/09/26 03:12:01.187, 22695
2026/09/26 03:12:01.687, 22695
2026/09/26 03:12:02.188, 22695
2026/09/26 03:12:02.688, 22695
2026/09/26 03:12:03.188, 22695
2026/09/26 03:12:03.688, 22695
2026/09/26 03:12:04.188, 22695
2026/09/26 03:12:04.688, 22695
2026/09/26 03:12:05.189, 22695
2026/09/26 03:12:05.689, 22695
2026/09/26 03:12:06.189, 22695
2026/09/26 03:12:06.689, 22695
2026/09/26 03:12:07.189, 22695
2026/09/26 03:12:07.689, 22695
2026/09/26 03:12:08.189, 22695
2026/09/26 03:12:08.690, 22695
2026/09/26 03:12:09.190, 22695
2026/09/26 03:12:09.690, 22695
2026/09/26 03:12:10.190, 22695
2026/09/26 03:12:10.690, 22695
2026/09/26 03:12:11.190, 22695
2026/09/26 03:12:11.691, 22695
2026/09/26 03:12:12.191, 22695
2026/09/26 03:12:12.691, 22695
2026/09/26 03:12:13.191, 22695
2026/09/26 03:12:13.691, 22695
2026/09/26 03:12:14.191, 22695
2026/09/26 03:12:14.691, 22695
2026/09/26 03:12:15.192, 22695
2026/09/26 03:12:15.692, 22695
2026/09/26 03:12:16.192, 22695
2026/09/26 03:12:16.692, 22695
2026/09/26 03:12:17.192, 22695
2026/09/26 03:12:17.692, 22695
2026/09/26 03:12:18.193, 22695
2026/09/26 03:12:18.693, 22695
2026/09/26 03:12:19.193, 22695
2026/09/26 03:12:19.693, 22695
2026/09/26 03:12:20.193, 22695
2026/09/26 03:12:20.693, 22695
2026/09/26 03:12:21.194, 22695
2026/09/26 03:12:21.694, 22695
2026/09/26 03:12:22.194, 22695
2026/09/26 03:12:22.694, 22695
2026/09/26 03:12:23.194, 22695
2026/09/26 03:12:23.695, 22695
2026/09/26 03:12:24.195, 22695
2026/09/26 03:12:24.695, 22695
2026/09/26 03:12:25.195, 22695
2026/09/26 03:12:25.695, 22695
2026/09/26 03:12:26.195, 22695
2026/09/26 03:12:26.696, 22695
2026/09/26 03:12:27.196, 22695
2026/09/26 03:12:27.696, 22695
2026/09/26 03:12:28.196, 22695
2026/09/26 03:12:28.696, 22695
2026/09/26 03:12:29.196, 22695
2026/09/26 03:12:29.697, 22695
2026/09/26 03:12:30.197, 22695
2026/09/26 03:12:30.697, 22695
2026/09/26 03:12:31.197, 22695
2026/09/26 03:12:31.697, 22695
2026/09/26 03:12:32.197, 22695
2026/09/26 03:12:32.698, 22695
2026/09/26 03:12:33.198, 22695
2026/09/26 03:12:33.698, 22695
2026/09/26 03:12:34.198, 22695
2026/09/26 03:12:34.698, 22695
2026/09/26 03:12:35.198, 22695
2026/09/26 03:12:35.699, 22695
2026/09/26 03:12:36.199, 22695
2026/09/26 03:12:36.699, 22695
2026/09/26 03:12:37.199, 22695
2026/09/26 03:12:37.699, 22695
2026/09/26 03:12:38.199, 22695
2026/09/26 03:12:38.700, 22695
2026/09/26 03:12:39.200, 22695
2026/09/26 03:12:39.700, 22695
2026/09/26 03:12:40.200, 22695
2026/09/26 03:12:40.700, 22695
2026/09/26 03:12:41.201, 22695
2026/09/26 03:12:41.701, 22695
2026/09/26 03:12:42.201, 22695
2026/09/26 03:12:42.701, 22695
2026/09/26 03:12:43.201, 22695
2026/09/26 03:12:43.701, 22695
2026/09/26 03:12:44.202, 22695
2026/09/26 03:12:44.702, 22695
2026/09/26 03:12:45.202, 22695
2026/09/26 03:12:45.702, 22695
2026/09/26 03:12:46.202, 22695
2026/09/26 03:12:46.702, 22695
2026/09/26 03:12:47.203, 22695
2026/09/26 03:12:47.703, 22695
2026/09/26 03:12:48.203, 22695
2026/09/26 03:12:48.703, 22695
2026/09/26 03:12:49.203, 22695
2026/09/26 03:12:49.703, 22695
2026/09/26 03:12:50.204, 22695
2026/09/26 03:12:50.704, 22695
2026/09/26 03:12:51.204, 22695
2026/09/26 03:12:51.704, 22695
2026/09/26 03:12:52.204, 22695
2026/09/26 03:12:52.704, 22695
2026/09/26 03:12:53.205, 22695
2026/09/26 03:12:53.705, 22695
2026/09/26 03:12:54.205, 22695
2026/09/26 03:12:54.705, 22695
2026/09/26 03:12:55.205, 22695
2026/09/26 03:12:55.705, 22695
2026/09/26 03:12:56.206, 22695
2026/09/26 03:12:56.706, 22695
2026/09/26 03:12:57.206, 22695
2026/09/26 03:12:57.706, 22695
2026/09/26 03:12:58.206, 22695
2026/09/26 03:12:58.706, 22695
2026/09/26 03:12:59.207, 22695
2026/09/26 03:12:59.707, 22695
2026/09/26 03:13:00.207, 22695
2026/09/26 03:13:00.707, 22695
2026/09/26 03:13:01.207, 22695
2026/09/26 03:13:01.708, 22695
2026/09/26 03:13:02.208, 22695
2026/09/26 03:13:02.708, 22695
2026/09/26 03:13:03.208, 22695
2026/09/26 03:13:03.708, 22695
2026/09/26 03:13:04.208, 22695
2026/09/26 03:13:04.709, 22695
2026/09/26 03:13:05.209, 22695
2026/09/26 03:13:05.709, 22695
2026/09/26 03:13:06.209, 22695
2026/09/26 03:13:06.709, 22695
2026/09/26 03:13:07.209, 22695
2026/09/26 03:13:07.710, 22695
2026/09/26 03:13:08.210, 22695
2026/09/26 03:13:08.710, 22695
2026/09/26 03:13:09.210, 22695
2026/09/26 03:13:09.710, 22695
2026/09/26 03:13:10.210, 22695
2026/09/26 03:13:10.710, 22695
2026/09/26 03:13:11.211, 22695
2026/09/26 03:13:11.711, 22695
2026/09/26 03:13:12.211, 22695
2026/09/26 03:13:12.711, 22695
2026/09/26 03:13:13.211, 22695
2026/09/26 03:13:13.711, 22695
2026/09/26 03:13:14.212, 22695
2026/09/26 03:13:14.712, 22695
2026/09/26 03:13:15.212, 22695
2026/09/26 03:13:15.712, 22695
2026/09/26 03:13:16.212, 22695
2026/09/26 03:13:16.712, 22695
2026/09/26 03:13:17.213, 22695
2026/09/26 03:13:17.713, 22695
2026/09/26 03:13:18.213, 22695
2026/09/26 03:13:18.713, 22695
2026/09/26 03:13:19.213, 22695
2026/09/26 03:13:19.713, 22695
2026/09/26 03:13:20.214, 22695
2026/09/26 03:13:20.714, 22695
2026/09/26 03:13:21.214, 22695
2026/09/26 03:13:21.714, 22695
2026/09/26 03:13:22.214, 22695
2026/09/26 03:13:22.714, 22695
2026/09/26 03:13:23.214, 22695
2026/09/26 03:13:23.715, 22695
2026/09/26 03:13:24.215, 22695
2026/09/26 03:13:24.715, 22695
2026/09/26 03:13:25.215, 22695
2026/09/26 03:13:25.715, 22695
2026/09/26 03:13:26.215, 22695
2026/09/26 03:13:26.716, 22695
2026/09/26 03:13:27.216, 22695
2026/09/26 03:13:27.716, 22695
2026/09/26 03:13:28.216, 22695
2026/09/26 03:13:28.716, 22695
2026/09/26 03:13:29.216, 22695
2026/09/26 03:13:29.716, 22695
2026/09/26 03:13:30.217, 22695
2026/09/26 03:13:30.717, 22695
2026/09/26 03:13:31.217, 22695
2026/09/26 03:13:31.717, 22695
2026/09/26 03:13:32.217, 22695
2026/09/26 03:13:32.717, 22695
2026/09/26 03:13:33.218, 22695
2026/09/26 03:13:33.718, 22695
2026/09/26 03:13:34.218, 22695
2026/09/26 03:13:34.718, 22695
2026/09/26 03:13:35.218, 22695
2026/09/26 03:13:35.718, 22695
2026/09/26 03:13:36.218, 22695
2026/09/26 03:13:36.719, 22695
2026/09/26 03:13:37.219, 22695
2026/09/26 03:13:37.719, 22695
2026/09/26 03:13:38.219, 22695
2026/09/26 03:13:38.719, 22695
2026/09/26 03:13:39.219, 22695
2026/09/26 03:13:39.720, 22695
2026/09/26 03:13:40.220, 22695
2026/09/26 03:13:40.720, 22695
2026/09/26 03:13:41.220, 22695
2026/09/26 03:13:41.720, 22695
2026/09/26 03:13:42.220, 22695
2026/09/26 03:13:42.721, 22695
2026/09/26 03:13:43.221, 22695
2026/09/26 03:13:43.721, 22695
2026/09/26 03:13:44.221, 22695
2026/09/26 03:13:44.721, 22695
2026/09/26 03:13:45.221, 22695
2026/09/26 03:13:45.721, 22695
2026/09/26 03:13:46.222, 22695
2026/09/26 03:13:46.722, 22695
2026/09/26 03:13:47.222, 22695
2026/09/26 03:13:47.722, 22695
2026/09/26 03:13:48.222, 22695
2026/09/26 03:13:48.722, 22695
2026/09/26 03:13:49.223, 22695
2026/09/26 03:13:49.723, 22695
2026/09/26 03:13:50.223, 22695
2026/09/26 03:13:50.723, 22695
2026/09/26 03:13:51.223, 22695
2026/09/26 03:13:51.723, 22695
2026/09/26 03:13:52.224, 22695
2026/09/26 03:13:52.724, 22695
2026/09/26 03:13:53.224, 22695
2026/09/26 03:13:53.724, 22695
2026/09/26 03:13:54.224, 22695
2026/09/26 03:13:54.724, 22695
2026/09/26 03:13:55.225, 22695
2026/09/26 03:13:55.725, 22695
2026/09/26 03:13:56.225, 22695
2026/09/26 03:13:56.725, 22695
2026/09/26 03:13:57.225, 22695
2026/09/26 03:13:57.725, 22695
2026/09/26 03:13:58.226, 22695
2026/09/26 03:13:58.726, 22695
2026/09/26 03:13:59.226, 22695
2026/09/26 03:13:59.726, 22695
2026/09/26 03:14:00.226, 22695
2026/09/26 03:14:00.726, 22695
2026/09/26 03:14:01.226, 22695
2026/09/26 03:14:01.727, 22695
2026/09/26 03:14:02.227, 22695
2026/09/26 03:14:02.727, 22695
2026/09/26 03:14:03.227, 22695
2026/09/26 03:14:03.727, 22695
2026/09/26 03:14:04.227, 22695
2026/09/26 03:14:04.728, 22695
2026/09/26 03:14:05.228, 22695
2026/09/26 03:14:05.728, 22695
2026/09/26 03:14:06.228, 22695
2026/09/26 03:14:06.728, 22695
2026/09/26 03:14:07.228, 22695
2026/09/26 03:14:07.729, 22695
2026/09/26 03:14:08.229, 22695
2026/09/26 03:14:08.729, 22695
2026/09/26 03:14:09.229, 22695
2026/09/26 03:14:09.729, 22695
2026/09/26 03:14:10.229, 22695
2026/09/26 03:14:10.730, 22695
2026/09/26 03:14:11.230, 22695
2026/09/26 03:14:11.730, 22695
2026/09/26 03:14:12.230, 22695
2026/09/26 03:14:12.730, 22695
2026/09/26 03:14:13.230, 22695
2026/09/26 03:14:13.731, 22695
2026/09/26 03:14:14.231, 22695
2026/09/26 03:14:14.731, 22695
2026/09/26 03:14:15.231, 22695
2026/09/26 03:14:15.731, 22695
2026/09/26 03:14:16.231, 22695
2026/09/26 03:14:16.732, 22695
2026/09/26 03:14:17.232, 22695
2026/09/26 03:14:17.732, 22695
2026/09/26 03:14:18.232, 22695
2026/09/26 03:14:18.732, 22695
2026/09/26 03:14:19.232, 22695
2026/09/26 03:14:19.733, 22695
2026/09/26 03:14:20.233, 22695
2026/09/26 03:14:20.733, 22695
2026/09/26 03:14:21.233, 22695
2026/09/26 03:14:21.733, 22695
2026/09/26 03:14:22.234, 22695
2026/09/26 03:14:22.734, 22695
2026/09/26 03:14:23.234, 22695
2026/09/26 03:14:23.734, 22695
2026/09/26 03:14:24.234, 22695
2026/09/26 03:14:24.734, 22695
2026/09/26 03:14:25.234, 22695
2026/09/26 03:14:25.735, 22695
2026/09/26 03:14:26.235, 22695
2026/09/26 03:14:26.735, 22695
2026/09/26 03:14:27.235, 22695
2026/09/26 03:14:27.735, 22695
2026/09/26 03:14:28.235, 22695
2026/09/26 03:14:28.736, 22695
2026/09/26 03:14:29.236, 22695
2026/09/26 03:14:29.736, 22695
2026/09/26 03:14:30.236, 22695
2026/09/26 03:14:30.736, 22695
2026/09/26 03:14:31.236, 22695
2026/09/26 03:14:31.736, 22695
2026/09/26 03:14:32.237, 22695
2026/09/26 03:14:32.737, 22695
2026/09/26 03:14:33.237, 22695
2026/09/26 03:14:33.737, 22695
2026/09/26 03:14:34.237, 22695
2026/09/26 03:14:34.737, 22695
2026/09/26 03:14:35.238, 22695
2026/09/26 03:14:35.738, 22695
2026/09/26 03:14:36.238, 22695
2026/09/26 03:14:36.738, 22695
2026/09/26 03:14:37.238, 22695
2026/09/26 03:14:37.738, 22695
2026/09/26 03:14:38.238, 22695
2026/09/26 03:14:38.739, 22695
2026/09/26 03:14:39.239, 22695
2026/09/26 03:14:39.739, 22695
2026/09/26 03:14:40.239, 22695
2026/09/26 03:14:40.739, 22695
2026/09/26 03:14:41.239, 22695
2026/09/26 03:14:41.740, 22695
2026/09/26 03:14:42.240, 22695
2026/09/26 03:14:42.740, 22695
2026/09/26 03:14:43.240, 22695
2026/09/26 03:14:43.740, 22695
2026/09/26 03:14:44.240, 22695
2026/09/26 03:14:44.741, 22695
2026/09/26 03:14:45.241, 22695
2026/09/26 03:14:45.741, 22695
2026/09/26 03:14:46.241, 22695
2026/09/26 03:14:46.741, 22695
2026/09/26 03:14:47.241, 22695
2026/09/26 03:14:47.742, 22695
2026/09/26 03:14:48.242, 22695
2026/09/26 03:14:48.742, 22695
2026/09/26 03:14:49.242, 22695
2026/09/26 03:14:49.742, 22695
2026/09/26 03:14:50.242, 22695
2026/09/26 03:14:50.743, 22695
2026/09/26 03:14:51.243, 22695
2026/09/26 03:14:51.743, 22695
2026/09/26 03:14:52.243, 22695
2026/09/26 03:14:52.743, 22695
2026/09/26 03:14:53.244, 22695
2026/09/26 03:14:53.744, 22695
2026/09/26 03:14:54.244, 22695
2026/09/26 03:14:54.744, 22695
2026/09/26 03:14:55.245, 22695
2026/09/26 03:14:55.745, 22695
2026/09/26 03:14:56.245, 22695
2026/09/26 03:14:56.745, 22695
2026/09/26 03:14:57.245, 22695
2026/09/26 03:14:57.745, 22695
2026/09/26 03:14:58.246, 22695
2026/09/26 03:14:58.746, 22695
2026/09/26 03:14:59.246, 22695
2026/09/26 03:14:59.746, 22695
2026/09/26 03:15:00.246, 22695
2026/09/26 03:15:00.746, 22695
2026/09/26 03:15:01.247, 22695
2026/09/26 03:15:01.747, 22695
2026/09/26 03:15:02.247, 22695
2026/09/26 03:15:02.747, 22695
2026/09/26 03:15:03.247, 22695
2026/09/26 03:15:03.747, 22695
2026/09/26 03:15:04.248, 22695
2026/09/26 03:15:04.748, 22695
2026/09/26 03:15:05.248, 22695
2026/09/26 03:15:05.748, 22695
2026/09/26 03:15:06.248, 22695
2026/09/26 03:15:06.748, 22695
2026/09/26 03:15:07.249, 22695
2026/09/26 03:15:07.749, 22695
2026/09/26 03:15:08.249, 22695
2026/09/26 03:15:08.749, 22695
2026/09/26 03:15:09.249, 22695
2026/09/26 03:15:09.749, 22695
2026/09/26 03:15:10.250, 22695
2026/09/26 03:15:10.750, 22695
2026/09/26 03:15:11.250, 22695
2026/09/26 03:15:11.750, 22695
2026/09/26 03:15:12.251, 22695
2026/09/26 03:15:12.751, 22695
2026/09/26 03:15:13.251, 22695
2026/09/26 03:15:13.751, 22695
2026/09/26 03:15:14.251, 22695
2026/09/26 03:15:14.751, 22695
2026/09/26 03:15:15.252, 22695
2026/09/26 03:15:15.761, 22695
2026/09/26 03:15:16.261, 22695
2026/09/26 03:15:16.761, 22695
2026/09/26 03:15:17.261, 22695
2026/09/26 03:15:17.761, 22695
2026/09/26 03:15:18.261, 22695
2026/09/26 03:15:18.762, 22695
2026/09/26 03:15:19.262, 22695
2026/09/26 03:15:19.762, 22695
2026/09/26 03:15:20.262, 22695
2026/09/26 03:15:20.762, 22695
2026/09/26 03:15:21.262, 22695
2026/09/26 03:15:21.762, 22695
2026/09/26 03:15:22.263, 22695
2026/09/26 03:15:22.763, 22695
2026/09/26 03:15:23.263, 22695
2026/09/26 03:15:23.763, 22695
2026/09/26 03:15:24.263, 22695
2026/09/26 03:15:24.763, 22695
2026/09/26 03:15:25.264, 22695
2026/09/26 03:15:25.764, 22695
2026/09/26 03:15:26.264, 22695
2026/09/26 03:15:26.764, 22695
2026/09/26 03:15:27.265, 22695
2026/09/26 03:15:27.765, 22695
2026/09/26 03:15:28.265, 22695
2026/09/26 03:15:28.765, 22695
2026/09/26 03:15:29.265, 22695
2026/09/26 03:15:29.766, 22695
2026/09/26 03:15:30.266, 22695
2026/09/26 03:15:30.766, 22695
2026/09/26 03:15:31.266, 22695
2026/09/26 03:15:31.766, 22695
2026/09/26 03:15:32.266, 22695
2026/09/26 03:15:32.767, 22695
2026/09/26 03:15:33.267, 22695
2026/09/26 03:15:33.767, 22695
2026/09/26 03:15:34.267, 22695
2026/09/26 03:15:34.767, 22695
2026/09/26 03:15:35.267, 22695
2026/09/26 03:15:35.768, 22695
2026/09/26 03:15:36.268, 22695
2026/09/26 03:15:36.768, 22695
2026/09/26 03:15:37.268, 22695
2026/09/26 03:15:37.768, 22695
2026/09/26 03:15:38.268, 22695
2026/09/26 03:15:38.769, 22695
2026/09/26 03:15:39.269, 22695
2026/09/26 03:15:39.769, 22695
2026/09/26 03:15:40.269, 22695
2026/09/26 03:15:40.769, 22695
2026/09/26 03:15:41.269, 22695
2026/09/26 03:15:41.769, 22695
2026/09/26 03:15:42.270, 22695
2026/09/26 03:15:42.770, 22695
2026/09/26 03:15:43.270, 22695
2026/09/26 03:15:43.770, 22695
2026/09/26 03:15:44.270, 22695
2026/09/26 03:15:44.770, 22695
2026/09/26 03:15:45.271, 22695
2026/09/26 03:15:45.771, 22695
2026/09/26 03:15:46.271, 22695
2026/09/26 03:15:46.771, 22695
2026/09/26 03:15:47.271, 22695
2026/09/26 03:15:47.771, 22695
2026/09/26 03:15:48.271, 22695
2026/09/26 03:15:48.772, 22695
2026/09/26 03:15:49.272, 22695
2026/09/26 03:15:49.772, 22695
2026/09/26 03:15:50.272, 22695
2026/09/26 03:15:50.772, 22695
2026/09/26 03:15:51.272, 22695
2026/09/26 03:15:51.773, 22695
2026/09/26 03:15:52.273, 22695
2026/09/26 03:15:52.773, 22695
2026/09/26 03:15:53.273, 22695
2026/09/26 03:15:53.773, 22695
2026/09/26 03:15:54.273, 22695
2026/09/26 03:15:54.774, 22695
2026/09/26 03:15:55.274, 22695
2026/09/26 03:15:55.774, 22695
2026/09/26 03:15:56.274, 22695
2026/09/26 03:15:56.774, 22695
2026/09/26 03:15:57.274, 22695
2026/09/26 03:15:57.775, 22695
2026/09/26 03:15:58.275, 22695
2026/09/26 03:15:58.775, 22695
2026/09/26 03:15:59.275, 22695
2026/09/26 03:15:59.775, 22695
2026/09/26 03:16:00.275, 22695
2026/09/26 03:16:00.775, 22695
2026/09/26 03:16:01.276, 22695
2026/09/26 03:16:01.776, 22695
2026/09/26 03:16:02.276, 22695
2026/09/26 03:16:02.776, 22695
2026/09/26 03:16:03.276, 22695
2026/09/26 03:16:03.776, 22695
2026/09/26 03:16:04.277, 22695
2026/09/26 03:16:04.777, 22695
2026/09/26 03:16:05.277, 22695
2026/09/26 03:16:05.777, 22695
2026/09/26 03:16:06.277, 22695
2026/09/26 03:16:06.777, 22695
2026/09/26 03:16:07.277, 22695
2026/09/26 03:16:07.778, 22695
2026/09/26 03:16:08.278, 22695
2026/09/26 03:16:08.778, 22695
2026/09/26 03:16:09.278, 22695
2026/09/26 03:16:09.778, 22695
2026/09/26 03:16:10.278, 22695
2026/09/26 03:16:10.779, 22695
2026/09/26 03:16:11.279, 22695
2026/09/26 03:16:11.779, 22695
2026/09/26 03:16:12.279, 22695
2026/09/26 03:16:12.779, 22695
2026/09/26 03:16:13.279, 22695
2026/09/26 03:16:13.779, 22695
2026/09/26 03:16:14.280, 22695
2026/09/26 03:16:14.780, 22695
2026/09/26 03:16:15.280, 22695
2026/09/26 03:16:15.780, 22695
2026/09/26 03:16:16.280, 22695
2026/09/26 03:16:16.780, 22695
2026/09/26 03:16:17.281, 22695
2026/09/26 03:16:17.781, 22695
2026/09/26 03:16:18.281, 22695
2026/09/26 03:16:18.781, 22695
2026/09/26 03:16:19.281, 22695
2026/09/26 03:16:19.781, 22695
2026/09/26 03:16:20.281, 22695
2026/09/26 03:16:20.782, 22695
2026/09/26 03:16:21.282, 22695
2026/09/26 03:16:21.782, 22695
2026/09/26 03:16:22.282, 22695
2026/09/26 03:16:22.782, 22695
2026/09/26 03:16:23.283, 22695
2026/09/26 03:16:23.783, 22695
2026/09/26 03:16:24.283, 22695
2026/09/26 03:16:24.783, 22695
2026/09/26 03:16:25.283, 22695
2026/09/26 03:16:25.783, 22695
2026/09/26 03:16:26.283, 22695
2026/09/26 03:16:26.784, 22695
2026/09/26 03:16:27.284, 22695
2026/09/26 03:16:27.784, 22695
2026/09/26 03:16:28.284, 22695
2026/09/26 03:16:28.784, 22695
2026/09/26 03:16:29.284, 22695
2026/09/26 03:16:29.785, 22695
2026/09/26 03:16:30.285, 22695
2026/09/26 03:16:30.785, 22695
2026/09/26 03:16:31.285, 22695
2026/09/26 03:16:31.785, 22695
2026/09/26 03:16:32.285, 22695
2026/09/26 03:16:32.786, 22695
2026/09/26 03:16:33.286, 22695
2026/09/26 03:16:33.786, 22695
2026/09/26 03:16:34.286, 22695
2026/09/26 03:16:34.786, 22695
2026/09/26 03:16:35.287, 22695
2026/09/26 03:16:35.787, 22695
2026/09/26 03:16:36.287, 22695
2026/09/26 03:16:36.787, 22695
2026/09/26 03:16:37.287, 22695
2026/09/26 03:16:37.787, 22695
2026/09/26 03:16:38.288, 22695
2026/09/26 03:16:38.788, 22695
2026/09/26 03:16:39.288, 22695
2026/09/26 03:16:39.788, 22695
2026/09/26 03:16:40.288, 22695
2026/09/26 03:16:40.788, 22695
2026/09/26 03:16:41.289, 22695
2026/09/26 03:16:41.789, 22695
2026/09/26 03:16:42.289, 22695
2026/09/26 03:16:42.789, 22695
2026/09/26 03:16:43.289, 22695
2026/09/26 03:16:43.789, 22695
2026/09/26 03:16:44.289, 22695
2026/09/26 03:16:44.790, 22695
2026/09/26 03:16:45.290, 22695
2026/09/26 03:16:45.790, 22695
2026/09/26 03:16:46.290, 22695
2026/09/26 03:16:46.790, 22695
2026/09/26 03:16:47.290, 22695
2026/09/26 03:16:47.791, 22695
2026/09/26 03:16:48.291, 22695
2026/09/26 03:16:48.791, 22695
2026/09/26 03:16:49.291, 22695
2026/09/26 03:16:49.791, 22695
2026/09/26 03:16:50.291, 22695
2026/09/26 03:16:50.792, 22695
2026/09/26 03:16:51.292, 22695
2026/09/26 03:16:51.792, 22695
2026/09/26 03:16:52.292, 22695
2026/09/26 03:16:52.792, 22695
2026/09/26 03:16:53.292, 22695
2026/09/26 03:16:53.793, 22695
2026/09/26 03:16:54.293, 22695
2026/09/26 03:16:54.793, 22695
2026/09/26 03:16:55.293, 22695
2026/09/26 03:16:55.793, 22695
2026/09/26 03:16:56.293, 22695
2026/09/26 03:16:56.794, 22695
2026/09/26 03:16:57.294, 22695
2026/09/26 03:16:57.794, 22695
2026/09/26 03:16:58.294, 22695
2026/09/26 03:16:58.794, 22695
2026/09/26 03:16:59.294, 22695
2026/09/26 03:16:59.795, 22695
2026/09/26 03:17:00.295, 22695
2026/09/26 03:17:00.795, 22695
2026/09/26 03:17:01.295, 22695
2026/09/26 03:17:01.795, 22695
2026/09/26 03:17:02.295, 22695
2026/09/26 03:17:02.796, 22695
2026/09/26 03:17:03.296, 22695
2026/09/26 03:17:03.796, 22695
2026/09/26 03:17:04.296, 22695
2026/09/26 03:17:04.797, 22695
2026/09/26 03:17:05.297, 22695
2026/09/26 03:17:05.797, 22695
2026/09/26 03:17:06.297, 22695
2026/09/26 03:17:06.797, 22695
2026/09/26 03:17:07.297, 22695
2026/09/26 03:17:07.798, 22695
2026/09/26 03:17:08.298, 22695
2026/09/26 03:17:08.798, 22695
2026/09/26 03:17:09.298, 22695
2026/09/26 03:17:09.798, 22695
2026/09/26 03:17:10.298, 22695
2026/09/26 03:17:10.799, 22695
2026/09/26 03:17:11.299, 22695
2026/09/26 03:17:11.799, 22695
2026/09/26 03:17:12.299, 22695
2026/09/26 03:17:12.799, 22695
2026/09/26 03:17:13.299, 22695
2026/09/26 03:17:13.799, 22695
2026/09/26 03:17:14.300, 22695
2026/09/26 03:17:14.800, 22695
2026/09/26 03:17:15.300, 22695
2026/09/26 03:17:15.800, 22695
2026/09/26 03:17:16.300, 22695
2026/09/26 03:17:16.800, 22695
2026/09/26 03:17:17.301, 22695
2026/09/26 03:17:17.801, 22695
2026/09/26 03:17:18.301, 22695
2026/09/26 03:17:18.801, 22695
2026/09/26 03:17:19.301, 22695
2026/09/26 03:17:19.801, 22695
2026/09/26 03:17:20.301, 22695
2026/09/26 03:17:20.802, 22695
2026/09/26 03:17:21.302, 22695
2026/09/26 03:17:21.802, 22695
2026/09/26 03:17:22.302, 22695
2026/09/26 03:17:22.802, 22695
2026/09/26 03:17:23.302, 22695
2026/09/26 03:17:23.802, 22695
2026/09/26 03:17:24.303, 22695
2026/09/26 03:17:24.803, 22695
2026/09/26 03:17:25.303, 22695
2026/09/26 03:17:25.803, 22695
2026/09/26 03:17:26.303, 22695
2026/09/26 03:17:26.803, 22695
2026/09/26 03:17:27.303, 22695
2026/09/26 03:17:27.804, 22695
2026/09/26 03:17:28.304, 22695
2026/09/26 03:17:28.804, 22695
2026/09/26 03:17:29.304, 22695
2026/09/26 03:17:29.804, 22695
2026/09/26 03:17:30.304, 22695
2026/09/26 03:17:30.834, 22695
2026/09/26 03:17:31.334, 22695
2026/09/26 03:17:31.834, 22695
2026/09/26 03:17:32.334, 22695
2026/09/26 03:17:32.834, 22695
2026/09/26 03:17:33.334, 22695
2026/09/26 03:17:33.835, 22695
2026/09/26 03:17:34.335, 22695
2026/09/26 03:17:34.835, 22695
2026/09/26 03:17:35.335, 22695
2026/09/26 03:17:35.835, 22695
2026/09/26 03:17:36.335, 22695
2026/09/26 03:17:36.836, 22695
2026/09/26 03:17:37.336, 22695
2026/09/26 03:17:37.836, 22695
2026/09/26 03:17:38.336, 22695
2026/09/26 03:17:38.836, 22695
2026/09/26 03:17:39.336, 22695
2026/09/26 03:17:39.836, 22695
2026/09/26 03:17:40.337, 22695
2026/09/26 03:17:40.837, 22695
2026/09/26 03:17:41.337, 22695
2026/09/26 03:17:41.837, 22695
2026/09/26 03:17:42.337, 22695
2026/09/26 03:17:42.837, 22695
2026/09/26 03:17:43.338, 22695
2026/09/26 03:17:43.838, 22695
2026/09/26 03:17:44.338, 22695
2026/09/26 03:17:44.838, 22695
2026/09/26 03:17:45.338, 22695
2026/09/26 03:17:45.838, 22695
2026/09/26 03:17:46.339, 22695
2026/09/26 03:17:46.839, 22695
2026/09/26 03:17:47.339, 22695
2026/09/26 03:17:47.839, 22695
2026/09/26 03:17:48.339, 22695
2026/09/26 03:17:48.839, 22695
2026/09/26 03:17:49.340, 22695
2026/09/26 03:17:49.840, 22695
2026/09/26 03:17:50.340, 22695
2026/09/26 03:17:50.840, 22695
2026/09/26 03:17:51.349, 22695
2026/09/26 03:17:51.849, 22695
2026/09/26 03:17:52.349, 22695
2026/09/26 03:17:52.849, 22695
2026/09/26 03:17:53.350, 22695
2026/09/26 03:17:53.850, 22695
2026/09/26 03:17:54.350, 22695
2026/09/26 03:17:54.850, 22695
2026/09/26 03:17:55.350, 22695
2026/09/26 03:17:55.850, 22695
2026/09/26 03:17:56.351, 22695
2026/09/26 03:17:56.851, 22695
2026/09/26 03:17:57.351, 22695
2026/09/26 03:17:57.851, 22695
2026/09/26 03:17:58.351, 22695
2026/09/26 03:17:58.851, 22695
2026/09/26 03:17:59.352, 22695
2026/09/26 03:17:59.852, 22695
2026/09/26 03:18:00.352, 22695
2026/09/26 03:18:00.852, 22695
2026/09/26 03:18:01.352, 22695
2026/09/26 03:18:01.852, 22695
2026/09/26 03:18:02.353, 22695
2026/09/26 03:18:02.853, 22695
2026/09/26 03:18:03.353, 22695
2026/09/26 03:18:03.853, 22695
2026/09/26 03:18:04.353, 22695
2026/09/26 03:18:04.853, 22695
2026/09/26 03:18:05.353, 22695
2026/09/26 03:18:05.854, 22695
2026/09/26 03:18:06.354, 22695
2026/09/26 03:18:06.854, 22695
2026/09/26 03:18:07.354, 22695
2026/09/26 03:18:07.854, 22695
2026/09/26 03:18:08.354, 22695
2026/09/26 03:18:08.855, 22695
2026/09/26 03:18:09.355, 22695
2026/09/26 03:18:09.855, 22695
2026/09/26 03:18:10.355, 22695
2026/09/26 03:18:10.855, 22695
2026/09/26 03:18:11.355, 22695
2026/09/26 03:18:11.856, 22695
2026/09/26 03:18:12.356, 22695
2026/09/26 03:18:12.856, 22695
2026/09/26 03:18:13.356, 22695
2026/09/26 03:18:13.856, 22695
2026/09/26 03:18:14.356, 22695
2026/09/26 03:18:14.856, 22695
2026/09/26 03:18:15.357, 22695
2026/09/26 03:18:15.857, 22695
2026/09/26 03:18:16.357, 22695
2026/09/26 03:18:16.857, 22695
2026/09/26 03:18:17.357, 22695
2026/09/26 03:18:17.857, 22695
2026/09/26 03:18:18.358, 22695
2026/09/26 03:18:18.858, 22695
2026/09/26 03:18:19.358, 22695
2026/09/26 03:18:19.858, 22695
2026/09/26 03:18:20.358, 22695
2026/09/26 03:18:20.858, 22695
2026/09/26 03:18:21.359, 22695
2026/09/26 03:18:21.859, 22695
2026/09/26 03:18:22.359, 22695
2026/09/26 03:18:22.859, 22695
2026/09/26 03:18:23.359, 22695
2026/09/26 03:18:23.859, 22695
2026/09/26 03:18:24.359, 22695
2026/09/26 03:18:24.860, 22695
2026/09/26 03:18:25.360, 22695
2026/09/26 03:18:25.860, 22695
2026/09/26 03:18:26.360, 22695
2026/09/26 03:18:26.860, 22695
2026/09/26 03:18:27.361, 22695
2026/09/26 03:18:27.861, 22695
2026/09/26 03:18:28.361, 22695
2026/09/26 03:18:28.861, 22695
2026/09/26 03:18:29.361, 22695
2026/09/26 03:18:29.861, 22695
2026/09/26 03:18:30.362, 22695
2026/09/26 03:18:30.862, 22695
2026/09/26 03:18:31.362, 22695
2026/09/26 03:18:31.862, 22695
2026/09/26 03:18:32.362, 22695
2026/09/26 03:18:32.862, 22695
2026/09/26 03:18:33.362, 22695
2026/09/26 03:18:33.863, 22695
2026/09/26 03:18:34.363, 22695
2026/09/26 03:18:34.863, 22695
2026/09/26 03:18:35.363, 22695
2026/09/26 03:18:35.863, 22695
2026/09/26 03:18:36.363, 22695
2026/09/26 03:18:36.864, 22695
2026/09/26 03:18:37.364, 22695
2026/09/26 03:18:37.864, 22695
2026/09/26 03:18:38.364, 22695
2026/09/26 03:18:38.864, 22695
2026/09/26 03:18:39.364, 22695
2026/09/26 03:18:39.865, 22695
2026/09/26 03:18:40.365, 22695
2026/09/26 03:18:40.865, 22695
2026/09/26 03:18:41.365, 22695
2026/09/26 03:18:41.865, 22695
2026/09/26 03:18:42.365, 22695
2026/09/26 03:18:42.865, 22695
2026/09/26 03:18:43.366, 22695
2026/09/26 03:18:43.866, 22695
2026/09/26 03:18:44.366, 22695
2026/09/26 03:18:44.866, 22695
2026/09/26 03:18:45.366, 22695
2026/09/26 03:18:45.867, 22695
2026/09/26 03:18:46.367, 22695
2026/09/26 03:18:46.867, 22695
2026/09/26 03:18:47.367, 22695
2026/09/26 03:18:47.867, 22695
2026/09/26 03:18:48.367, 22695
2026/09/26 03:18:48.868, 22695
2026/09/26 03:18:49.368, 22695
2026/09/26 03:18:49.868, 22695
2026/09/26 03:18:50.368, 22695
2026/09/26 03:18:50.868, 22695
2026/09/26 03:18:51.368, 22695
2026/09/26 03:18:51.868, 22695
2026/09/26 03:18:52.369, 22695
2026/09/26 03:18:52.869, 22695
2026/09/26 03:18:53.369, 22695
2026/09/26 03:18:53.869, 22695
2026/09/26 03:18:54.369, 22695
2026/09/26 03:18:54.869, 22695
2026/09/26 03:18:55.370, 22695
2026/09/26 03:18:55.870, 22695
2026/09/26 03:18:56.370, 22695
2026/09/26 03:18:56.870, 22695
2026/09/26 03:18:57.370, 22695
2026/09/26 03:18:57.870, 22695
2026/09/26 03:18:58.371, 22695
2026/09/26 03:18:58.871, 22695
2026/09/26 03:18:59.371, 22695
2026/09/26 03:18:59.871, 22695
2026/09/26 03:19:00.371, 22695
2026/09/26 03:19:00.871, 22695
2026/09/26 03:19:01.372, 22695
2026/09/26 03:19:01.872, 22695
2026/09/26 03:19:02.372, 22695
2026/09/26 03:19:02.872, 22695
2026/09/26 03:19:03.372, 22695
2026/09/26 03:19:03.872, 22695
2026/09/26 03:19:04.373, 22695
2026/09/26 03:19:04.873, 22695
2026/09/26 03:19:05.373, 22695
2026/09/26 03:19:05.873, 22695
2026/09/26 03:19:06.373, 22695
2026/09/26 03:19:06.873, 22695
2026/09/26 03:19:07.374, 22695
2026/09/26 03:19:07.874, 22695
2026/09/26 03:19:08.374, 22695
2026/09/26 03:19:08.874, 22695
2026/09/26 03:19:09.374, 22695
2026/09/26 03:19:09.874, 22695
2026/09/26 03:19:10.374, 22695
2026/09/26 03:19:10.875, 22695
2026/09/26 03:19:11.375, 22695
2026/09/26 03:19:11.875, 22695
2026/09/26 03:19:12.375, 22695
2026/09/26 03:19:12.875, 22695
2026/09/26 03:19:13.375, 22695
2026/09/26 03:19:13.876, 22695
2026/09/26 03:19:14.376, 22695
2026/09/26 03:19:14.876, 22695
2026/09/26 03:19:15.376, 22695
2026/09/26 03:19:15.876, 22695
2026/09/26 03:19:16.376, 22695
2026/09/26 03:19:16.877, 22695
2026/09/26 03:19:17.377, 22695
2026/09/26 03:19:17.877, 22695
2026/09/26 03:19:18.377, 22695
2026/09/26 03:19:18.877, 22695
2026/09/26 03:19:19.377, 22695
2026/09/26 03:19:19.878, 22695
2026/09/26 03:19:20.378, 22695
2026/09/26 03:19:20.878, 22695
2026/09/26 03:19:21.378, 22695
2026/09/26 03:19:21.878, 22695
2026/09/26 03:19:22.378, 22695
2026/09/26 03:19:22.878, 22695
2026/09/26 03:19:23.379, 22695
2026/09/26 03:19:23.879, 22695
2026/09/26 03:19:24.379, 22695
2026/09/26 03:19:24.879, 22695
2026/09/26 03:19:25.379, 22695
2026/09/26 03:19:25.879, 22695
2026/09/26 03:19:26.380, 22695
2026/09/26 03:19:26.880, 22695
2026/09/26 03:19:27.380, 22695
2026/09/26 03:19:27.880, 22695
2026/09/26 03:19:28.380, 22695
2026/09/26 03:19:28.880, 22695
2026/09/26 03:19:29.380, 22695
2026/09/26 03:19:29.881, 22695
2026/09/26 03:19:30.381, 22695
2026/09/26 03:19:30.881, 22695
2026/09/26 03:19:31.381, 22695
2026/09/26 03:19:31.881, 22695
2026/09/26 03:19:32.381, 22695
2026/09/26 03:19:32.882, 22695
2026/09/26 03:19:33.382, 22695
2026/09/26 03:19:33.882, 22695
2026/09/26 03:19:34.382, 22695
2026/09/26 03:19:34.882, 22695
2026/09/26 03:19:35.382, 22695
2026/09/26 03:19:35.883, 22695
2026/09/26 03:19:36.383, 22695
2026/09/26 03:19:36.883, 22695
2026/09/26 03:19:37.383, 22695
2026/09/26 03:19:37.883, 22695
2026/09/26 03:19:38.383, 22695
2026/09/26 03:19:38.884, 22695
2026/09/26 03:19:39.384, 22695
2026/09/26 03:19:39.884, 22695
2026/09/26 03:19:40.384, 22695
2026/09/26 03:19:40.884, 22695
2026/09/26 03:19:41.384, 22695
2026/09/26 03:19:41.885, 22695
2026/09/26 03:19:42.385, 22695
2026/09/26 03:19:42.885, 22695
2026/09/26 03:19:43.385, 22695
2026/09/26 03:19:43.885, 22695
2026/09/26 03:19:44.385, 22695
2026/09/26 03:19:44.886, 22695
2026/09/26 03:19:45.386, 22695
2026/09/26 03:19:45.886, 22695
2026/09/26 03:19:46.386, 22695
2026/09/26 03:19:46.886, 22695
2026/09/26 03:19:47.386, 22695
2026/09/26 03:19:47.887, 22695
2026/09/26 03:19:48.387, 22695
2026/09/26 03:19:48.887, 22695
2026/09/26 03:19:49.387, 22695
2026/09/26 03:19:49.887, 22695
2026/09/26 03:19:50.387, 22695
2026/09/26 03:19:50.887, 22695
2026/09/26 03:19:51.388, 22695
2026/09/26 03:19:51.895, 22695
2026/09/26 03:19:52.395, 22695
2026/09/26 03:19:52.895, 22695
2026/09/26 03:19:53.396, 22695
2026/09/26 03:19:53.896, 22695
2026/09/26 03:19:54.396, 22695
2026/09/26 03:19:54.896, 22695
2026/09/26 03:19:55.396, 22695
2026/09/26 03:19:55.896, 22695
2026/09/26 03:19:56.397, 22695
2026/09/26 03:19:56.897, 22695
2026/09/26 03:19:57.397, 22695
2026/09/26 03:19:57.897, 22695
2026/09/26 03:19:58.397, 22695
2026/09/26 03:19:58.897, 22695
2026/09/26 03:19:59.398, 22695
2026/09/26 03:19:59.898, 22695
2026/09/26 03:20:00.398, 22695
2026/09/26 03:20:00.898, 22695
2026/09/26 03:20:01.398, 22695
2026/09/26 03:20:01.898, 22695
2026/09/26 03:20:02.399, 22695
2026/09/26 03:20:02.899, 22695
2026/09/26 03:20:03.399, 22695
2026/09/26 03:20:03.899, 22695
2026/09/26 03:20:04.399, 22695
2026/09/26 03:20:04.899, 22695
2026/09/26 03:20:05.400, 22695
2026/09/26 03:20:05.900, 22695
2026/09/26 03:20:06.400, 22695
2026/09/26 03:20:06.900, 22695
2026/09/26 03:20:07.400, 22695
2026/09/26 03:20:07.900, 22695
2026/09/26 03:20:08.401, 22695
2026/09/26 03:20:08.901, 22695
2026/09/26 03:20:09.401, 22695
2026/09/26 03:20:09.901, 22695
2026/09/26 03:20:10.401, 22695
2026/09/26 03:20:10.901, 22695
2026/09/26 03:20:11.402, 22695
2026/09/26 03:20:11.902, 22695
2026/09/26 03:20:12.402, 22695
2026/09/26 03:20:12.902, 22695
2026/09/26 03:20:13.402, 22695
2026/09/26 03:20:13.902, 22695
2026/09/26 03:20:14.403, 22695
2026/09/26 03:20:14.903, 22695
2026/09/26 03:20:15.403, 22695
2026/09/26 03:20:15.903, 22695
2026/09/26 03:20:16.403, 22695
2026/09/26 03:20:16.903, 22695
2026/09/26 03:20:17.404, 22695
2026/09/26 03:20:17.904, 22695
2026/09/26 03:20:18.404, 22695
2026/09/26 03:20:18.904, 22695
2026/09/26 03:20:19.404, 22695
2026/09/26 03:20:19.904, 22695
2026/09/26 03:20:20.405, 22695
2026/09/26 03:20:20.905, 22695
2026/09/26 03:20:21.405, 22695
2026/09/26 03:20:21.905, 22695
2026/09/26 03:20:22.405, 22695
2026/09/26 03:20:22.905, 22695
2026/09/26 03:20:23.406, 22695
2026/09/26 03:20:23.906, 22695
2026/09/26 03:20:24.406, 22695
2026/09/26 03:20:24.906, 22695
2026/09/26 03:20:25.406, 22695
2026/09/26 03:20:25.906, 22695
2026/09/26 03:20:26.406, 22695
2026/09/26 03:20:26.907, 22695
2026/09/26 03:20:27.407, 22695
2026/09/26 03:20:27.907, 22695
2026/09/26 03:20:28.407, 22695
2026/09/26 03:20:28.907, 22695
2026/09/26 03:20:29.407, 22695
2026/09/26 03:20:29.908, 22695
2026/09/26 03:20:30.408, 22695
2026/09/26 03:20:30.908, 22695
2026/09/26 03:20:31.408, 22695
2026/09/26 03:20:31.908, 22695
2026/09/26 03:20:32.408, 22695
2026/09/26 03:20:32.908, 22695
2026/09/26 03:20:33.409, 22695
2026/09/26 03:20:33.909, 22695
2026/09/26 03:20:34.409, 22695
2026/09/26 03:20:34.909, 22695
2026/09/26 03:20:35.409, 22695
2026/09/26 03:20:35.909, 22695
2026/09/26 03:20:36.410, 22695
2026/09/26 03:20:36.910, 22695
2026/09/26 03:20:37.410, 22695
2026/09/26 03:20:37.910, 22695
2026/09/26 03:20:38.410, 22695
2026/09/26 03:20:38.910, 22695
2026/09/26 03:20:39.411, 22695
2026/09/26 03:20:39.911, 22695
2026/09/26 03:20:40.411, 22695
2026/09/26 03:20:40.912, 22695
2026/09/26 03:20:41.412, 22695
2026/09/26 03:20:41.912, 22695
2026/09/26 03:20:42.412, 22695
2026/09/26 03:20:42.912, 22695
2026/09/26 03:20:43.412, 22695
2026/09/26 03:20:43.913, 22695
2026/09/26 03:20:44.413, 22695
2026/09/26 03:20:44.913, 22695
2026/09/26 03:20:45.413, 22695
2026/09/26 03:20:45.913, 22695
2026/09/26 03:20:46.413, 22695
2026/09/26 03:20:46.914, 22695
2026/09/26 03:20:47.414, 22695
2026/09/26 03:20:47.914, 22695
2026/09/26 03:20:48.414, 22695
2026/09/26 03:20:48.914, 22695
2026/09/26 03:20:49.414, 22695
2026/09/26 03:20:49.915, 22695
2026/09/26 03:20:50.415, 22695
2026/09/26 03:20:50.915, 22695
2026/09/26 03:20:51.415, 22695
2026/09/26 03:20:51.915, 22695
2026/09/26 03:20:52.415, 22695
2026/09/26 03:20:52.915, 22695
2026/09/26 03:20:53.416, 22695
2026/09/26 03:20:53.916, 22695
2026/09/26 03:20:54.416, 22695
2026/09/26 03:20:54.916, 22695
2026/09/26 03:20:55.416, 22695
2026/09/26 03:20:55.916, 22695
2026/09/26 03:20:56.417, 22695
2026/09/26 03:20:56.917, 22695
2026/09/26 03:20:57.417, 22695
2026/09/26 03:20:57.917, 22695
2026/09/26 03:20:58.417, 22695
2026/09/26 03:20:58.917, 22695
2026/09/26 03:20:59.418, 22695
2026/09/26 03:20:59.918, 22695
2026/09/26 03:21:00.418, 22695
2026/09/26 03:21:00.918, 22695
2026/09/26 03:21:01.418, 22695
2026/09/26 03:21:01.918, 22695
2026/09/26 03:21:02.419, 22695
2026/09/26 03:21:02.919, 22695
2026/09/26 03:21:03.419, 22695
2026/09/26 03:21:03.919, 22695
2026/09/26 03:21:04.419, 22695
2026/09/26 03:21:04.919, 22695
2026/09/26 03:21:05.420, 22695
2026/09/26 03:21:05.920, 22695
2026/09/26 03:21:06.420, 22695
2026/09/26 03:21:06.920, 22695
2026/09/26 03:21:07.420, 22695
2026/09/26 03:21:07.922, 22695
2026/09/26 03:21:08.422, 22695
2026/09/26 03:21:08.922, 22695
2026/09/26 03:21:09.422, 22695
2026/09/26 03:21:09.922, 22695
2026/09/26 03:21:10.423, 22695
2026/09/26 03:21:10.923, 22695
2026/09/26 03:21:11.423, 22695
2026/09/26 03:21:11.923, 22695
2026/09/26 03:21:12.423, 22695
2026/09/26 03:21:12.923, 22695
2026/09/26 03:21:13.424, 22695
2026/09/26 03:21:13.924, 22695
2026/09/26 03:21:14.424, 22695
2026/09/26 03:21:14.924, 22695
2026/09/26 03:21:15.424, 22695
2026/09/26 03:21:15.924, 22695
2026/09/26 03:21:16.425, 22695
2026/09/26 03:21:16.925, 22695
2026/09/26 03:21:17.425, 22695
2026/09/26 03:21:17.925, 22695
2026/09/26 03:21:18.425, 22695
2026/09/26 03:21:18.925, 22695
2026/09/26 03:21:19.426, 22695
2026/09/26 03:21:19.926, 22695
2026/09/26 03:21:20.426, 22695
2026/09/26 03:21:20.926, 22695
2026/09/26 03:21:21.426, 22695
2026/09/26 03:21:21.926, 22695
2026/09/26 03:21:22.426, 22695
2026/09/26 03:21:22.927, 22695
2026/09/26 03:21:23.427, 22695
2026/09/26 03:21:23.927, 22695
2026/09/26 03:21:24.427, 22695
2026/09/26 03:21:24.927, 22695
2026/09/26 03:21:25.427, 22695
2026/09/26 03:21:25.928, 22695
2026/09/26 03:21:26.428, 22695
2026/09/26 03:21:26.928, 22695
2026/09/26 03:21:27.428, 22695
2026/09/26 03:21:27.928, 22695
2026/09/26 03:21:28.428, 22695
2026/09/26 03:21:28.929, 22695
2026/09/26 03:21:29.429, 22695
2026/09/26 03:21:29.929, 22695
2026/09/26 03:21:30.429, 22695
2026/09/26 03:21:30.929, 22695
2026/09/26 03:21:31.429, 22695
2026/09/26 03:21:31.930, 22695
2026/09/26 03:21:32.430, 22695
2026/09/26 03:21:32.930, 22695
2026/09/26 03:21:33.430, 22695
2026/09/26 03:21:33.930, 22695
2026/09/26 03:21:34.430, 22695
2026/09/26 03:21:34.930, 22695
2026/09/26 03:21:35.431, 22695
2026/09/26 03:21:35.931, 22695
2026/09/26 03:21:36.431, 22695
2026/09/26 03:21:36.931, 22695
2026/09/26 03:21:37.431, 22695
2026/09/26 03:21:37.931, 22695
2026/09/26 03:21:38.432, 22695
2026/09/26 03:21:38.932, 22695
2026/09/26 03:21:39.432, 22695
2026/09/26 03:21:39.932, 22695
2026/09/26 03:21:40.432, 22695
2026/09/26 03:21:40.952, 22695
2026/09/26 03:21:41.453, 22695
2026/09/26 03:21:41.953, 22695
2026/09/26 03:21:42.453, 22695
2026/09/26 03:21:42.953, 22695
2026/09/26 03:21:43.453, 22695
2026/09/26 03:21:43.953, 22695
2026/09/26 03:21:44.454, 22695
2026/09/26 03:21:44.954, 22695
2026/09/26 03:21:45.454, 22695
2026/09/26 03:21:45.954, 22695
2026/09/26 03:21:46.454, 22695
2026/09/26 03:21:46.954, 22695
2026/09/26 03:21:47.454, 22695
2026/09/26 03:21:47.955, 22695
2026/09/26 03:21:48.455, 22695
2026/09/26 03:21:48.955, 22695
2026/09/26 03:21:49.455, 22695
2026/09/26 03:21:49.955, 22695
2026/09/26 03:21:50.455, 22695
2026/09/26 03:21:50.956, 22695
2026/09/26 03:21:51.456, 22695
2026/09/26 03:21:51.956, 22695
2026/09/26 03:21:52.456, 22695
2026/09/26 03:21:52.956, 22695
2026/09/26 03:21:53.456, 22695
2026/09/26 03:21:53.957, 22695
2026/09/26 03:21:54.457, 22695
2026/09/26 03:21:54.957, 22695
2026/09/26 03:21:55.457, 22695
2026/09/26 03:21:55.957, 22695
2026/09/26 03:21:56.457, 22695
2026/09/26 03:21:56.958, 22695
2026/09/26 03:21:57.458, 22695
2026/09/26 03:21:57.958, 22695
2026/09/26 03:21:58.458, 22695
2026/09/26 03:21:58.958, 22695
2026/09/26 03:21:59.458, 22695
2026/09/26 03:21:59.959, 22695
2026/09/26 03:22:00.459, 22695
2026/09/26 03:22:00.959, 22695
2026/09/26 03:22:01.459, 22695
2026/09/26 03:22:01.959, 22695
2026/09/26 03:22:02.459, 22695
2026/09/26 03:22:02.960, 22695
2026/09/26 03:22:03.460, 22695
2026/09/26 03:22:03.960, 22695
2026/09/26 03:22:04.460, 22695
2026/09/26 03:22:04.960, 22695
2026/09/26 03:22:05.460, 22695
2026/09/26 03:22:05.961, 22695
2026/09/26 03:22:06.461, 22695
2026/09/26 03:22:06.961, 22695
2026/09/26 03:22:07.464, 22695
2026/09/26 03:22:07.964, 22695
2026/09/26 03:22:08.464, 22695
2026/09/26 03:22:08.965, 22695
2026/09/26 03:22:09.465, 22695
2026/09/26 03:22:09.965, 22695
2026/09/26 03:22:10.465, 22695
2026/09/26 03:22:10.966, 22695
2026/09/26 03:22:11.466, 22695
2026/09/26 03:22:11.966, 22695
2026/09/26 03:22:12.466, 22695
2026/09/26 03:22:12.966, 22695
2026/09/26 03:22:13.466, 22695
2026/09/26 03:22:13.967, 22695
2026/09/26 03:22:14.467, 22695
2026/09/26 03:22:14.967, 22695
2026/09/26 03:22:15.467, 22695
2026/09/26 03:22:15.967, 22695
2026/09/26 03:22:16.467, 22695
2026/09/26 03:22:16.968, 22695
2026/09/26 03:22:17.468, 22695
2026/09/26 03:22:17.968, 22695
2026/09/26 03:22:18.468, 22695
2026/09/26 03:22:18.968, 22695
2026/09/26 03:22:19.468, 22695
2026/09/26 03:22:19.968, 22695
2026/09/26 03:22:20.470, 22695
2026/09/26 03:22:20.970, 22695
2026/09/26 03:22:21.470, 22695
2026/09/26 03:22:21.970, 22695
2026/09/26 03:22:22.470, 22695
2026/09/26 03:22:22.971, 22695
2026/09/26 03:22:23.471, 22695
2026/09/26 03:22:23.971, 22695
2026/09/26 03:22:24.471, 22695
2026/09/26 03:22:24.971, 22695
2026/09/26 03:22:25.471, 22695
2026/09/26 03:22:25.972, 22695
2026/09/26 03:22:26.472, 22695
2026/09/26 03:22:26.972, 22695
2026/09/26 03:22:27.472, 22695
2026/09/26 03:22:27.972, 22695
2026/09/26 03:22:28.472, 22695
2026/09/26 03:22:28.973, 22695
2026/09/26 03:22:29.473, 22695
2026/09/26 03:22:29.973, 22695
2026/09/26 03:22:30.473, 22695
2026/09/26 03:22:30.973, 22695
2026/09/26 03:22:31.473, 22695
2026/09/26 03:22:31.974, 22695
2026/09/26 03:22:32.474, 22695
2026/09/26 03:22:32.974, 22695
2026/09/26 03:22:33.474, 22695
2026/09/26 03:22:33.974, 22695
2026/09/26 03:22:34.475, 22695
2026/09/26 03:22:34.975, 22695
2026/09/26 03:22:35.475, 22695
2026/09/26 03:22:35.975, 22695
2026/09/26 03:22:36.475, 22695
2026/09/26 03:22:36.975, 22695
2026/09/26 03:22:37.476, 22695
2026/09/26 03:22:37.976, 22695
2026/09/26 03:22:38.476, 22695
2026/09/26 03:22:38.976, 22695
2026/09/26 03:22:39.476, 22695
2026/09/26 03:22:39.976, 22695
2026/09/26 03:22:40.477, 22695
2026/09/26 03:22:40.977, 22695
2026/09/26 03:22:41.477, 22695
2026/09/26 03:22:41.977, 22695
2026/09/26 03:22:42.477, 22695
2026/09/26 03:22:42.977, 22695
2026/09/26 03:22:43.478, 22695
2026/09/26 03:22:43.978, 22695
2026/09/26 03:22:44.478, 22695
2026/09/26 03:22:44.978, 22695
2026/09/26 03:22:45.478, 22695
2026/09/26 03:22:45.979, 22695
2026/09/26 03:22:46.479, 22695
2026/09/26 03:22:46.979, 22695
2026/09/26 03:22:47.479, 22695
2026/09/26 03:22:47.979, 22695
2026/09/26 03:22:48.479, 22695
2026/09/26 03:22:48.980, 22695
2026/09/26 03:22:49.480, 22695
2026/09/26 03:22:49.980, 22695
2026/09/26 03:22:50.480, 22695
2026/09/26 03:22:50.980, 22695
2026/09/26 03:22:51.481, 22695
2026/09/26 03:22:51.981, 22695
2026/09/26 03:22:52.481, 22695
2026/09/26 03:22:52.981, 22695
2026/09/26 03:22:53.481, 22695
2026/09/26 03:22:53.981, 22695
2026/09/26 03:22:54.482, 22695
2026/09/26 03:22:54.982, 22695
2026/09/26 03:22:55.482, 22695
2026/09/26 03:22:55.982, 22695
2026/09/26 03:22:56.482, 22695
2026/09/26 03:22:56.982, 22695
2026/09/26 03:22:57.483, 22695
2026/09/26 03:22:57.983, 22695
2026/09/26 03:22:58.483, 22695
2026/09/26 03:22:58.983, 22695
2026/09/26 03:22:59.483, 22695
2026/09/26 03:22:59.984, 22695
2026/09/26 03:23:00.484, 22695
2026/09/26 03:23:00.984, 22695
2026/09/26 03:23:01.484, 22695
2026/09/26 03:23:01.984, 22695
2026/09/26 03:23:02.484, 22695
2026/09/26 03:23:02.985, 22695
2026/09/26 03:23:03.485, 22695
2026/09/26 03:23:03.985, 22695
2026/09/26 03:23:04.485, 22695
2026/09/26 03:23:04.985, 22695
2026/09/26 03:23:05.485, 22695
2026/09/26 03:23:05.985, 22695
2026/09/26 03:23:06.486, 22695
2026/09/26 03:23:06.986, 22695
2026/09/26 03:23:07.486, 22695
2026/09/26 03:23:07.986, 22695
2026/09/26 03:23:08.486, 22695
2026/09/26 03:23:08.987, 22695
2026/09/26 03:23:09.487, 22695
2026/09/26 03:23:09.987, 22695
2026/09/26 03:23:10.487, 22695
2026/09/26 03:23:10.987, 22695
2026/09/26 03:23:11.487, 22695
2026/09/26 03:23:11.988, 22695
2026/09/26 03:23:12.488, 22695
2026/09/26 03:23:12.988, 22695
2026/09/26 03:23:13.488, 22695
2026/09/26 03:23:13.988, 22695
2026/09/26 03:23:14.488, 22695
2026/09/26 03:23:14.989, 22695
2026/09/26 03:23:15.489, 22695
2026/09/26 03:23:15.989, 22695
2026/09/26 03:23:16.489, 22695
2026/09/26 03:23:16.989, 22695
2026/09/26 03:23:17.489, 22695
2026/09/26 03:23:17.989, 22695
2026/09/26 03:23:18.490, 22695
2026/09/26 03:23:18.990, 22695
2026/09/26 03:23:19.490, 22695
2026/09/26 03:23:19.990, 22695
2026/09/26 03:23:20.490, 22695
2026/09/26 03:23:20.990, 22695
2026/09/26 03:23:21.491, 22695
2026/09/26 03:23:21.991, 22695
2026/09/26 03:23:22.491, 22695
2026/09/26 03:23:22.991, 22695
2026/09/26 03:23:23.491, 22695
2026/09/26 03:23:23.992, 22695
2026/09/26 03:23:24.492, 22695
2026/09/26 03:23:24.992, 22695
2026/09/26 03:23:25.492, 22695
2026/09/26 03:23:25.992, 22695
2026/09/26 03:23:26.492, 22695
2026/09/26 03:23:26.992, 22695
2026/09/26 03:23:27.493, 22695
2026/09/26 03:23:27.993, 22695
2026/09/26 03:23:28.493, 22695
2026/09/26 03:23:28.993, 22695
2026/09/26 03:23:29.493, 22695
2026/09/26 03:23:29.993, 22695
2026/09/26 03:23:30.494, 22695
2026/09/26 03:23:30.994, 22695
2026/09/26 03:23:31.494, 22695
2026/09/26 03:23:31.994, 22695
2026/09/26 03:23:32.494, 22695
2026/09/26 03:23:32.994, 22695
2026/09/26 03:23:33.494, 22695
2026/09/26 03:23:33.995, 22695
2026/09/26 03:23:34.495, 22695
2026/09/26 03:23:34.995, 22695
2026/09/26 03:23:35.495, 22695
2026/09/26 03:23:35.995, 22695
2026/09/26 03:23:36.495, 22695
2026/09/26 03:23:36.996, 22695
2026/09/26 03:23:37.496, 22695
2026/09/26 03:23:37.996, 22695
2026/09/26 03:23:38.496, 22695
2026/09/26 03:23:38.996, 22695
2026/09/26 03:23:39.496, 22695
2026/09/26 03:23:39.997, 22695
2026/09/26 03:23:40.497, 22695
2026/09/26 03:23:40.997, 22695
2026/09/26 03:23:41.497, 22695
2026/09/26 03:23:41.997, 22695
2026/09/26 03:23:42.497, 22695
2026/09/26 03:23:42.997, 22695
2026/09/26 03:23:43.498, 22695
2026/09/26 03:23:43.998, 22695
2026/09/26 03:23:44.498, 22695
2026/09/26 03:23:44.998, 22695
2026/09/26 03:23:45.498, 22695
2026/09/26 03:23:45.998, 22695
2026/09/26 03:23:46.499, 22695
2026/09/26 03:23:46.999, 22695
2026/09/26 03:23:47.499, 22695
2026/09/26 03:23:47.999, 22695
2026/09/26 03:23:48.499, 22695
2026/09/26 03:23:48.999, 22695
2026/09/26 03:23:49.500, 22695
2026/09/26 03:23:50.000, 22695
2026/09/26 03:23:50.500, 22695
2026/09/26 03:23:51.000, 22695
2026/09/26 03:23:51.500, 22695
2026/09/26 03:23:52.000, 22695
2026/09/26 03:23:52.500, 22695
2026/09/26 03:23:53.001, 22695
2026/09/26 03:23:53.501, 22695
2026/09/26 03:23:54.001, 22695
2026/09/26 03:23:54.501, 22695
2026/09/26 03:23:55.001, 22695
2026/09/26 03:23:55.501, 22695
2026/09/26 03:23:56.002, 22695
2026/09/26 03:23:56.502, 22695
2026/09/26 03:23:57.002, 22695
2026/09/26 03:23:57.502, 22695
2026/09/26 03:23:58.002, 22695
2026/09/26 03:23:58.503, 22695
2026/09/26 03:23:59.003, 22695
2026/09/26 03:23:59.503, 22695
2026/09/26 03:24:00.003, 22695
2026/09/26 03:24:00.503, 22695
2026/09/26 03:24:01.003, 22695
2026/09/26 03:24:01.504, 22695
2026/09/26 03:24:02.004, 22695
2026/09/26 03:24:02.504, 22695
2026/09/26 03:24:03.004, 22695
2026/09/26 03:24:03.504, 22695
2026/09/26 03:24:04.004, 22695
2026/09/26 03:24:04.505, 22695
2026/09/26 03:24:05.005, 22695
2026/09/26 03:24:05.505, 22695
2026/09/26 03:24:06.005, 22695
2026/09/26 03:24:06.505, 22695
2026/09/26 03:24:07.005, 22695
2026/09/26 03:24:07.505, 22695
2026/09/26 03:24:08.006, 22695
2026/09/26 03:24:08.506, 22695
2026/09/26 03:24:09.006, 22695
2026/09/26 03:24:09.506, 22695
2026/09/26 03:24:10.006, 22695
2026/09/26 03:24:10.506, 22695
2026/09/26 03:24:11.007, 22695
2026/09/26 03:24:11.507, 22695
2026/09/26 03:24:12.007, 22695
2026/09/26 03:24:12.507, 22695
2026/09/26 03:24:13.007, 22695
2026/09/26 03:24:13.507, 22695
2026/09/26 03:24:14.007, 22695
2026/09/26 03:24:14.508, 22695
2026/09/26 03:24:15.008, 22695
2026/09/26 03:24:15.508, 22695
2026/09/26 03:24:16.008, 22695
2026/09/26 03:24:16.508, 22695
2026/09/26 03:24:17.008, 22695
2026/09/26 03:24:17.509, 22695
2026/09/26 03:24:18.009, 22695
2026/09/26 03:24:18.509, 22695
2026/09/26 03:24:19.009, 22695
2026/09/26 03:24:19.509, 22695
2026/09/26 03:24:20.009, 22695
2026/09/26 03:24:20.510, 22695
2026/09/26 03:24:21.010, 22695
2026/09/26 03:24:21.510, 22695
2026/09/26 03:24:22.010, 22695
2026/09/26 03:24:22.510, 22695
2026/09/26 03:24:23.010, 22695
2026/09/26 03:24:23.510, 22695
2026/09/26 03:24:24.011, 22695
2026/09/26 03:24:24.511, 22695
2026/09/26 03:24:25.011, 22695
2026/09/26 03:24:25.511, 22695
2026/09/26 03:24:26.011, 22695
2026/09/26 03:24:26.511, 22695
2026/09/26 03:24:27.012, 22695
2026/09/26 03:24:27.512, 22695
2026/09/26 03:24:28.012, 22695
2026/09/26 03:24:28.512, 22695
2026/09/26 03:24:29.012, 22695
2026/09/26 03:24:29.512, 22695
2026/09/26 03:24:30.012, 22695
2026/09/26 03:24:30.513, 22695
2026/09/26 03:24:31.013, 22695
2026/09/26 03:24:31.513, 22695
2026/09/26 03:24:32.013, 22695
2026/09/26 03:24:32.513, 22695
2026/09/26 03:24:33.013, 22695
2026/09/26 03:24:33.514, 22695
2026/09/26 03:24:34.014, 22695
2026/09/26 03:24:34.514, 22695
2026/09/26 03:24:35.014, 22695
2026/09/26 03:24:35.514, 22695
2026/09/26 03:24:36.014, 22695
2026/09/26 03:24:36.515, 22695
2026/09/26 03:24:37.015, 22695
2026/09/26 03:24:37.515, 22695
2026/09/26 03:24:38.015, 22695
2026/09/26 03:24:38.515, 22695
2026/09/26 03:24:39.016, 22695
2026/09/26 03:24:39.516, 22695
2026/09/26 03:24:40.016, 22695
2026/09/26 03:24:40.516, 22695
2026/09/26 03:24:41.017, 22695
2026/09/26 03:24:41.517, 22695
2026/09/26 03:24:42.017, 22695
2026/09/26 03:24:42.517, 22695
2026/09/26 03:24:43.017, 22695
2026/09/26 03:24:43.517, 22695
2026/09/26 03:24:44.018, 22695
2026/09/26 03:24:44.518, 22695
2026/09/26 03:24:45.018, 22695
2026/09/26 03:24:45.518, 22695
2026/09/26 03:24:46.018, 22695
2026/09/26 03:24:46.518, 22695
2026/09/26 03:24:47.019, 22695
2026/09/26 03:24:47.519, 22695
2026/09/26 03:24:48.019, 22695
2026/09/26 03:24:48.519, 22695
2026/09/26 03:24:49.019, 22695
2026/09/26 03:24:49.519, 22695
2026/09/26 03:24:50.020, 22695
2026/09/26 03:24:50.520, 22695
2026/09/26 03:24:51.020, 22695
2026/09/26 03:24:51.520, 22695
2026/09/26 03:24:52.020, 22695
2026/09/26 03:24:52.520, 22695
2026/09/26 03:24:53.020, 22695
2026/09/26 03:24:53.521, 22695
2026/09/26 03:24:54.021, 22695
2026/09/26 03:24:54.521, 22695
2026/09/26 03:24:55.021, 22695
2026/09/26 03:24:55.521, 22695
2026/09/26 03:24:56.021, 22695
2026/09/26 03:24:56.522, 22695
2026/09/26 03:24:57.022, 22695
2026/09/26 03:24:57.522, 22695
2026/09/26 03:24:58.022, 22695
2026/09/26 03:24:58.522, 22695
2026/09/26 03:24:59.022, 22695
2026/09/26 03:24:59.523, 22695
2026/09/26 03:25:00.023, 22695
2026/09/26 03:25:00.523, 22695
2026/09/26 03:25:01.023, 22695
2026/09/26 03:25:01.523, 22695
2026/09/26 03:25:02.023, 22695
2026/09/26 03:25:02.523, 22695
2026/09/26 03:25:03.024, 22695
2026/09/26 03:25:03.524, 22695
2026/09/26 03:25:04.024, 22695
2026/09/26 03:25:04.524, 22695
2026/09/26 03:25:05.024, 22695
2026/09/26 03:25:05.524, 22695
2026/09/26 03:25:06.025, 22695
2026/09/26 03:25:06.525, 22695
2026/09/26 03:25:07.025, 22695
2026/09/26 03:25:07.525, 22695
2026/09/26 03:25:08.025, 22695
2026/09/26 03:25:08.525, 22695
2026/09/26 03:25:09.025, 22695
2026/09/26 03:25:09.526, 22695
2026/09/26 03:25:10.026, 22695
2026/09/26 03:25:10.526, 22695
2026/09/26 03:25:11.026, 22695
2026/09/26 03:25:11.526, 22695
2026/09/26 03:25:12.026, 22695
2026/09/26 03:25:12.528, 22695
2026/09/26 03:25:13.028, 22695
2026/09/26 03:25:13.528, 22695
2026/09/26 03:25:14.028, 22695
2026/09/26 03:25:14.529, 22695
2026/09/26 03:25:15.029, 22695
2026/09/26 03:25:15.529, 22695
2026/09/26 03:25:16.029, 22695
2026/09/26 03:25:16.530, 22695
2026/09/26 03:25:17.030, 22695
2026/09/26 03:25:17.530, 22695
2026/09/26 03:25:18.030, 22695
2026/09/26 03:25:18.530, 22695
2026/09/26 03:25:19.031, 22695
2026/09/26 03:25:19.531, 22695
2026/09/26 03:25:20.031, 22695
2026/09/26 03:25:20.531, 22695
2026/09/26 03:25:21.031, 22695
2026/09/26 03:25:21.531, 22695
2026/09/26 03:25:22.032, 22695
2026/09/26 03:25:22.532, 22695
2026/09/26 03:25:23.032, 22695
2026/09/26 03:25:23.532, 22695
2026/09/26 03:25:24.032, 22695
2026/09/26 03:25:24.532, 22695
2026/09/26 03:25:25.032, 22695
2026/09/26 03:25:25.533, 22695
2026/09/26 03:25:26.033, 22695
2026/09/26 03:25:26.533, 22695
2026/09/26 03:25:27.033, 22695
2026/09/26 03:25:27.533, 22695
2026/09/26 03:25:28.033, 22695
2026/09/26 03:25:28.534, 22695
2026/09/26 03:25:29.034, 22695
2026/09/26 03:25:29.534, 22695
2026/09/26 03:25:30.034, 22695
2026/09/26 03:25:30.534, 22695
2026/09/26 03:25:31.034, 22695
2026/09/26 03:25:31.534, 22695
2026/09/26 03:25:32.035, 22695
2026/09/26 03:25:32.535, 22695
2026/09/26 03:25:33.035, 22695
2026/09/26 03:25:33.535, 22695
2026/09/26 03:25:34.035, 22695
2026/09/26 03:25:34.535, 22695
2026/09/26 03:25:35.036, 22695
2026/09/26 03:25:35.536, 22695
2026/09/26 03:25:36.036, 22695
2026/09/26 03:25:36.536, 22695
2026/09/26 03:25:37.036, 22695
2026/09/26 03:25:37.536, 22695
2026/09/26 03:25:38.036, 22695
2026/09/26 03:25:38.537, 22695
2026/09/26 03:25:39.038, 22695
2026/09/26 03:25:39.538, 22695
2026/09/26 03:25:40.038, 22695
2026/09/26 03:25:40.538, 22695
2026/09/26 03:25:41.038, 22695
2026/09/26 03:25:41.538, 22695
2026/09/26 03:25:42.039, 22695
2026/09/26 03:25:42.539, 22695
2026/09/26 03:25:43.039, 22695
2026/09/26 03:25:43.539, 22695
2026/09/26 03:25:44.039, 22695
2026/09/26 03:25:44.539, 22695
2026/09/26 03:25:45.039, 22695
2026/09/26 03:25:45.540, 22695
2026/09/26 03:25:46.040, 22695
2026/09/26 03:25:46.540, 22695
2026/09/26 03:25:47.040, 22695
2026/09/26 03:25:47.540, 22695
2026/09/26 03:25:48.040, 22695
2026/09/26 03:25:48.541, 22695
2026/09/26 03:25:49.041, 22695
2026/09/26 03:25:49.541, 22695
2026/09/26 03:25:50.041, 22695
2026/09/26 03:25:50.541, 22695
2026/09/26 03:25:51.041, 22695
2026/09/26 03:25:51.542, 22695
2026/09/26 03:25:52.042, 22695
2026/09/26 03:25:52.542, 22695
2026/09/26 03:25:53.042, 22695
2026/09/26 03:25:53.542, 22695
2026/09/26 03:25:54.042, 22695
2026/09/26 03:25:54.543, 22695
2026/09/26 03:25:55.043, 22695
2026/09/26 03:25:55.543, 22695
2026/09/26 03:25:56.043, 22695
2026/09/26 03:25:56.543, 22695
2026/09/26 03:25:57.043, 22695
2026/09/26 03:25:57.544, 22695
2026/09/26 03:25:58.044, 22695
2026/09/26 03:25:58.544, 22695
2026/09/26 03:25:59.044, 22695
2026/09/26 03:25:59.544, 22695
2026/09/26 03:26:00.044, 22695
2026/09/26 03:26:00.545, 22695
2026/09/26 03:26:01.045, 22695
2026/09/26 03:26:01.545, 22695
2026/09/26 03:26:02.045, 22695
2026/09/26 03:26:02.545, 22695
2026/09/26 03:26:03.045, 22695
2026/09/26 03:26:03.546, 22695
2026/09/26 03:26:04.046, 22695
2026/09/26 03:26:04.546, 22695
2026/09/26 03:26:05.046, 22695
2026/09/26 03:26:05.546, 22695
2026/09/26 03:26:06.046, 22695
2026/09/26 03:26:06.546, 22695
2026/09/26 03:26:07.047, 22695
2026/09/26 03:26:07.547, 22695
2026/09/26 03:26:08.047, 22695
2026/09/26 03:26:08.547, 22695
2026/09/26 03:26:09.047, 22695
2026/09/26 03:26:09.547, 22695
2026/09/26 03:26:10.048, 22695
2026/09/26 03:26:10.548, 22695
2026/09/26 03:26:11.048, 22695
2026/09/26 03:26:11.548, 22695
2026/09/26 03:26:12.048, 22695
2026/09/26 03:26:12.548, 22695
2026/09/26 03:26:13.049, 22695
2026/09/26 03:26:13.549, 22695
2026/09/26 03:26:14.049, 22695
2026/09/26 03:26:14.549, 22695
2026/09/26 03:26:15.049, 22695
2026/09/26 03:26:15.549, 22695
2026/09/26 03:26:16.050, 22695
2026/09/26 03:26:16.550, 22695
2026/09/26 03:26:17.050, 22695
2026/09/26 03:26:17.550, 22695
2026/09/26 03:26:18.050, 22695
2026/09/26 03:26:18.550, 22695
2026/09/26 03:26:19.051, 22695
2026/09/26 03:26:19.551, 22695
2026/09/26 03:26:20.051, 22695
2026/09/26 03:26:20.551, 22695
2026/09/26 03:26:21.051, 22695
2026/09/26 03:26:21.551, 22695
2026/09/26 03:26:22.052, 22695
2026/09/26 03:26:22.552, 22695
2026/09/26 03:26:23.052, 22695
2026/09/26 03:26:23.552, 22695
2026/09/26 03:26:24.052, 22695
2026/09/26 03:26:24.552, 22695
2026/09/26 03:26:25.053, 22695
2026/09/26 03:26:25.553, 22695
2026/09/26 03:26:26.053, 22695
2026/09/26 03:26:26.553, 22695
2026/09/26 03:26:27.053, 22695
2026/09/26 03:26:27.553, 22695
2026/09/26 03:26:28.054, 22695
2026/09/26 03:26:28.554, 22695
2026/09/26 03:26:29.054, 22695
2026/09/26 03:26:29.554, 22695
2026/09/26 03:26:30.054, 22695
2026/09/26 03:26:30.554, 22695
2026/09/26 03:26:31.055, 22695
2026/09/26 03:26:31.555, 22695
2026/09/26 03:26:32.055, 22695
2026/09/26 03:26:32.555, 22695
2026/09/26 03:26:33.055, 22695
2026/09/26 03:26:33.555, 22695
2026/09/26 03:26:34.056, 22695
2026/09/26 03:26:34.556, 22695
2026/09/26 03:26:35.056, 22695
2026/09/26 03:26:35.556, 22695
2026/09/26 03:26:36.056, 22695
2026/09/26 03:26:36.557, 22695
2026/09/26 03:26:37.057, 22695
2026/09/26 03:26:37.557, 22695
2026/09/26 03:26:38.057, 22695
2026/09/26 03:26:38.557, 22695
2026/09/26 03:26:39.057, 22695
2026/09/26 03:26:39.558, 22695
2026/09/26 03:26:40.058, 22695
2026/09/26 03:26:40.558, 22695
2026/09/26 03:26:41.058, 22695
2026/09/26 03:26:41.558, 22695
2026/09/26 03:26:42.058, 22695
2026/09/26 03:26:42.559, 22695
2026/09/26 03:26:43.059, 22695
2026/09/26 03:26:43.559, 22695
2026/09/26 03:26:44.059, 22695
2026/09/26 03:26:44.559, 22695
2026/09/26 03:26:45.059, 22695
2026/09/26 03:26:45.559, 22695
2026/09/26 03:26:46.060, 22695
2026/09/26 03:26:46.560, 22695
2026/09/26 03:26:47.060, 22695
2026/09/26 03:26:47.560, 22695
2026/09/26 03:26:48.060, 22695
2026/09/26 03:26:48.561, 22695
2026/09/26 03:26:49.061, 22695
2026/09/26 03:26:49.561, 22695
2026/09/26 03:26:50.061, 22695
2026/09/26 03:26:50.561, 22695
2026/09/26 03:26:51.062, 22695
2026/09/26 03:26:51.562, 22695
2026/09/26 03:26:52.062, 22695
2026/09/26 03:26:52.562, 22695
2026/09/26 03:26:53.063, 22695
2026/09/26 03:26:53.563, 22695
2026/09/26 03:26:54.063, 22695
2026/09/26 03:26:54.563, 22695
2026/09/26 03:26:55.063, 22695
2026/09/26 03:26:55.564, 22695
2026/09/26 03:26:56.064, 22695
2026/09/26 03:26:56.564, 22695
2026/09/26 03:26:57.064, 22695
2026/09/26 03:26:57.565, 22695
2026/09/26 03:26:58.065, 22695
2026/09/26 03:26:58.565, 22695
2026/09/26 03:26:59.065, 22695
2026/09/26 03:26:59.565, 22695
2026/09/26 03:27:00.065, 22695
2026/09/26 03:27:00.566, 22695
2026/09/26 03:27:01.066, 22695
2026/09/26 03:27:01.566, 22695
2026/09/26 03:27:02.066, 22695
2026/09/26 03:27:02.566, 22695
2026/09/26 03:27:03.067, 22695
2026/09/26 03:27:03.567, 22695
2026/09/26 03:27:04.067, 22695
2026/09/26 03:27:04.567, 22695
2026/09/26 03:27:05.067, 22695
2026/09/26 03:27:05.567, 22695
2026/09/26 03:27:06.068, 22695
2026/09/26 03:27:06.568, 22695
2026/09/26 03:27:07.068, 22695
2026/09/26 03:27:07.568, 22695
2026/09/26 03:27:08.068, 22695
2026/09/26 03:27:08.569, 22695
2026/09/26 03:27:09.069, 22695
2026/09/26 03:27:09.569, 22695
2026/09/26 03:27:10.069, 22695
2026/09/26 03:27:10.569, 22695
2026/09/26 03:27:11.069, 22695
2026/09/26 03:27:11.570, 22695
2026/09/26 03:27:12.070, 22695
2026/09/26 03:27:12.570, 22695
2026/09/26 03:27:13.070, 22695
2026/09/26 03:27:13.570, 22695
2026/09/26 03:27:14.070, 22695
2026/09/26 03:27:14.570, 22695
2026/09/26 03:27:15.071, 22695
2026/09/26 03:27:15.571, 22695
2026/09/26 03:27:16.071, 22695
2026/09/26 03:27:16.571, 22695
2026/09/26 03:27:17.071, 22695
2026/09/26 03:27:17.571, 22695
2026/09/26 03:27:18.071, 22695
2026/09/26 03:27:18.572, 22695
2026/09/26 03:27:19.072, 22695
2026/09/26 03:27:19.572, 22695
2026/09/26 03:27:20.072, 22695
2026/09/26 03:27:20.572, 22695
2026/09/26 03:27:21.072, 22695
2026/09/26 03:27:21.573, 22695
2026/09/26 03:27:22.073, 22695
2026/09/26 03:27:22.573, 22695
2026/09/26 03:27:23.073, 22695
2026/09/26 03:27:23.573, 22695
2026/09/26 03:27:24.073, 22695
2026/09/26 03:27:24.574, 22695
2026/09/26 03:27:25.074, 22695
2026/09/26 03:27:25.574, 22695
2026/09/26 03:27:26.074, 22695
2026/09/26 03:27:26.574, 22695
2026/09/26 03:27:27.074, 22695
2026/09/26 03:27:27.575, 22695
2026/09/26 03:27:28.075, 22695
2026/09/26 03:27:28.575, 22695
2026/09/26 03:27:29.075, 22695
2026/09/26 03:27:29.575, 22695
2026/09/26 03:27:30.075, 22695
2026/09/26 03:27:30.575, 22695
2026/09/26 03:27:31.076, 22695
2026/09/26 03:27:31.576, 22695
2026/09/26 03:27:32.076, 22695
2026/09/26 03:27:32.576, 22695
2026/09/26 03:27:33.076, 22695
2026/09/26 03:27:33.576, 22695
2026/09/26 03:27:34.077, 22695
2026/09/26 03:27:34.577, 22695
2026/09/26 03:27:35.077, 22695
2026/09/26 03:27:35.577, 22695
2026/09/26 03:27:36.077, 22695
2026/09/26 03:27:36.577, 22695
2026/09/26 03:27:37.078, 22695
2026/09/26 03:27:37.578, 22695
2026/09/26 03:27:38.078, 22695
2026/09/26 03:27:38.578, 22695
2026/09/26 03:27:39.078, 22695
2026/09/26 03:27:39.578, 22695
2026/09/26 03:27:40.079, 22695
2026/09/26 03:27:40.579, 22695
2026/09/26 03:27:41.079, 22695
2026/09/26 03:27:41.579, 22695
2026/09/26 03:27:42.079, 22695
2026/09/26 03:27:42.579, 22695
2026/09/26 03:27:43.079, 22695
2026/09/26 03:27:43.580, 22695
2026/09/26 03:27:44.080, 22695
2026/09/26 03:27:44.580, 22695
2026/09/26 03:27:45.080, 22695
2026/09/26 03:27:45.580, 22695
2026/09/26 03:27:46.080, 22695
2026/09/26 03:27:46.581, 22695
2026/09/26 03:27:47.081, 22695
2026/09/26 03:27:47.581, 22695
2026/09/26 03:27:48.081, 22695
2026/09/26 03:27:48.581, 22695
2026/09/26 03:27:49.081, 22695
2026/09/26 03:27:49.582, 22695
2026/09/26 03:27:50.082, 22695
2026/09/26 03:27:50.582, 22695
2026/09/26 03:27:51.082, 22695
2026/09/26 03:27:51.582, 22695
2026/09/26 03:27:52.082, 22695
2026/09/26 03:27:52.583, 22695
2026/09/26 03:27:53.083, 22695
2026/09/26 03:27:53.583, 22695
2026/09/26 03:27:54.083, 22695
2026/09/26 03:27:54.583, 22695
2026/09/26 03:27:55.083, 22695
2026/09/26 03:27:55.583, 22695
2026/09/26 03:27:56.084, 22695
2026/09/26 03:27:56.584, 22695
2026/09/26 03:27:57.084, 22695
2026/09/26 03:27:57.584, 22695
2026/09/26 03:27:58.085, 22695
2026/09/26 03:27:58.585, 22695
2026/09/26 03:27:59.085, 22695
2026/09/26 03:27:59.585, 22695
2026/09/26 03:28:00.085, 22695
2026/09/26 03:28:00.585, 22695
2026/09/26 03:28:01.086, 22695
2026/09/26 03:28:01.586, 22695
2026/09/26 03:28:02.086, 22695
2026/09/26 03:28:02.586, 22695
2026/09/26 03:28:03.086, 22695
2026/09/26 03:28:03.586, 22695
2026/09/26 03:28:04.087, 22695
2026/09/26 03:28:04.587, 22695
2026/09/26 03:28:05.087, 22695
2026/09/26 03:28:05.587, 22695
2026/09/26 03:28:06.087, 22695
2026/09/26 03:28:06.587, 22695
2026/09/26 03:28:07.088, 22695
2026/09/26 03:28:07.588, 22695
2026/09/26 03:28:08.088, 22695
2026/09/26 03:28:08.588, 22695
2026/09/26 03:28:09.088, 22695
2026/09/26 03:28:09.589, 22695
2026/09/26 03:28:10.089, 22695
2026/09/26 03:28:10.589, 22695
2026/09/26 03:28:11.089, 22695
2026/09/26 03:28:11.589, 22695
2026/09/26 03:28:12.089, 22695
2026/09/26 03:28:12.589, 22695
2026/09/26 03:28:13.090, 22695
2026/09/26 03:28:13.590, 22695
2026/09/26 03:28:14.090, 22695
2026/09/26 03:28:14.590, 22695
2026/09/26 03:28:15.090, 22695
2026/09/26 03:28:15.590, 22695
2026/09/26 03:28:16.091, 22695
2026/09/26 03:28:16.591, 22695
2026/09/26 03:28:17.091, 22695
2026/09/26 03:28:17.591, 22695
2026/09/26 03:28:18.091, 22695
2026/09/26 03:28:18.591, 22695
2026/09/26 03:28:19.092, 22695
2026/09/26 03:28:19.592, 22695
2026/09/26 03:28:20.092, 22695
2026/09/26 03:28:20.592, 22695
2026/09/26 03:28:21.092, 22695
2026/09/26 03:28:21.592, 22695
2026/09/26 03:28:22.092, 22695
2026/09/26 03:28:22.593, 22695
2026/09/26 03:28:23.093, 22695
2026/09/26 03:28:23.593, 22695
2026/09/26 03:28:24.093, 22695
2026/09/26 03:28:24.593, 22695
2026/09/26 03:28:25.093, 22695
2026/09/26 03:28:25.593, 22695
2026/09/26 03:28:26.094, 22695
2026/09/26 03:28:26.594, 22695
2026/09/26 03:28:27.094, 22695
2026/09/26 03:28:27.594, 22695
2026/09/26 03:28:28.094, 22695
2026/09/26 03:28:28.594, 22695
2026/09/26 03:28:29.095, 22695
2026/09/26 03:28:29.595, 22695
2026/09/26 03:28:30.095, 22695
2026/09/26 03:28:30.595, 22695
2026/09/26 03:28:31.095, 22695
2026/09/26 03:28:31.595, 22695
2026/09/26 03:28:32.096, 22695
2026/09/26 03:28:32.596, 22695
2026/09/26 03:28:33.096, 22695
2026/09/26 03:28:33.596, 22695
2026/09/26 03:28:34.096, 22695
2026/09/26 03:28:34.597, 22695
2026/09/26 03:28:35.097, 22695
2026/09/26 03:28:35.597, 22695
2026/09/26 03:28:36.097, 22695
2026/09/26 03:28:36.597, 22695
2026/09/26 03:28:37.097, 22695
2026/09/26 03:28:37.598, 22695
2026/09/26 03:28:38.098, 22695
2026/09/26 03:28:38.598, 22695
2026/09/26 03:28:39.098, 22695
2026/09/26 03:28:39.598, 22695
2026/09/26 03:28:40.098, 22695
2026/09/26 03:28:40.599, 22695
2026/09/26 03:28:41.099, 22695
2026/09/26 03:28:41.599, 22695
2026/09/26 03:28:42.099, 22695
2026/09/26 03:28:42.599, 22695
2026/09/26 03:28:43.099, 22695
2026/09/26 03:28:43.600, 22695
2026/09/26 03:28:44.100, 22695
2026/09/26 03:28:44.600, 22695
2026/09/26 03:28:45.100, 22695
2026/09/26 03:28:45.600, 22695
2026/09/26 03:28:46.100, 22695
2026/09/26 03:28:46.600, 22695
2026/09/26 03:28:47.101, 22695
2026/09/26 03:28:47.601, 22695
2026/09/26 03:28:48.101, 22695
2026/09/26 03:28:48.601, 22695
2026/09/26 03:28:49.101, 22695
2026/09/26 03:28:49.601, 22695
2026/09/26 03:28:50.102, 22695
2026/09/26 03:28:50.602, 22695
2026/09/26 03:28:51.102, 22695
2026/09/26 03:28:51.602, 22695
2026/09/26 03:28:52.102, 22695
2026/09/26 03:28:52.602, 22695
2026/09/26 03:28:53.102, 22695
2026/09/26 03:28:53.603, 22695
2026/09/26 03:28:54.103, 22695
2026/09/26 03:28:54.603, 22695
2026/09/26 03:28:55.103, 22695
2026/09/26 03:28:55.603, 22695
2026/09/26 03:28:56.103, 22695
2026/09/26 03:28:56.604, 22695
2026/09/26 03:28:57.104, 22695
2026/09/26 03:28:57.604, 22695
2026/09/26 03:28:58.104, 22695
2026/09/26 03:28:58.604, 22695
2026/09/26 03:28:59.104, 22695
2026/09/26 03:28:59.604, 22695
2026/09/26 03:29:00.105, 22695
2026/09/26 03:29:00.605, 22695
2026/09/26 03:29:01.105, 22695
2026/09/26 03:29:01.605, 22695
2026/09/26 03:29:02.105, 22695
2026/09/26 03:29:02.605, 22695
2026/09/26 03:29:03.106, 22695
2026/09/26 03:29:03.606, 22695
2026/09/26 03:29:04.106, 22695
2026/09/26 03:29:04.606, 22695
2026/09/26 03:29:05.106, 22695
2026/09/26 03:29:05.606, 22695
2026/09/26 03:29:06.106, 22695
2026/09/26 03:29:06.607, 22695
2026/09/26 03:29:07.107, 22695
2026/09/26 03:29:07.607, 22695
2026/09/26 03:29:08.107, 22695
2026/09/26 03:29:08.607, 22695
2026/09/26 03:29:09.107, 22695
2026/09/26 03:29:09.607, 22695
2026/09/26 03:29:10.108, 22695
2026/09/26 03:29:10.608, 22695
2026/09/26 03:29:11.108, 22695
2026/09/26 03:29:11.608, 22695
2026/09/26 03:29:12.108, 22695
2026/09/26 03:29:12.608, 22695
2026/09/26 03:29:13.108, 22695
2026/09/26 03:29:13.609, 22695
2026/09/26 03:29:14.109, 22695
2026/09/26 03:29:14.609, 22695
2026/09/26 03:29:15.109, 22695
2026/09/26 03:29:15.609, 22695
2026/09/26 03:29:16.109, 22695
2026/09/26 03:29:16.609, 22695
2026/09/26 03:29:17.110, 22695
2026/09/26 03:29:17.610, 22695
2026/09/26 03:29:18.110, 22695
2026/09/26 03:29:18.610, 22695
2026/09/26 03:29:19.110, 22695
2026/09/26 03:29:19.610, 22695
2026/09/26 03:29:20.110, 22695
2026/09/26 03:29:20.611, 22695
2026/09/26 03:29:21.111, 22695
2026/09/26 03:29:21.611, 22695
2026/09/26 03:29:22.111, 22695
2026/09/26 03:29:22.611, 22695
2026/09/26 03:29:23.111, 22695
2026/09/26 03:29:23.611, 22695
2026/09/26 03:29:24.112, 22695
2026/09/26 03:29:24.612, 22695
2026/09/26 03:29:25.112, 22695
2026/09/26 03:29:25.612, 22695
2026/09/26 03:29:26.112, 22695
2026/09/26 03:29:26.612, 22695
2026/09/26 03:29:27.113, 22695
2026/09/26 03:29:27.613, 22695
2026/09/26 03:29:28.113, 22695
2026/09/26 03:29:28.613, 22695
2026/09/26 03:29:29.113, 22695
2026/09/26 03:29:29.613, 22695
2026/09/26 03:29:30.113, 22695
2026/09/26 03:29:30.614, 22695
2026/09/26 03:29:31.114, 22695
2026/09/26 03:29:31.614, 22695
2026/09/26 03:29:32.114, 22695
2026/09/26 03:29:32.614, 22695
2026/09/26 03:29:33.114, 22695
2026/09/26 03:29:33.614, 22695
2026/09/26 03:29:34.115, 22695
2026/09/26 03:29:34.615, 22695
2026/09/26 03:29:35.115, 22695
2026/09/26 03:29:35.615, 22695
2026/09/26 03:29:36.115, 22695
2026/09/26 03:29:36.615, 22695
2026/09/26 03:29:37.115, 22695
2026/09/26 03:29:37.616, 22695
2026/09/26 03:29:38.116, 22695
2026/09/26 03:29:38.616, 22695
2026/09/26 03:29:39.116, 22695
2026/09/26 03:29:39.616, 22695
2026/09/26 03:29:40.117, 22695
2026/09/26 03:29:40.617, 22695
2026/09/26 03:29:41.117, 22695
2026/09/26 03:29:41.617, 22695
2026/09/26 03:29:42.117, 22695
2026/09/26 03:29:42.617, 22695
2026/09/26 03:29:43.117, 22695
2026/09/26 03:29:43.618, 22695
2026/09/26 03:29:44.118, 22695
2026/09/26 03:29:44.618, 22695
2026/09/26 03:29:45.118, 22695
2026/09/26 03:29:45.618, 22695
2026/09/26 03:29:46.118, 22695
2026/09/26 03:29:46.619, 22695
2026/09/26 03:29:47.119, 22695
2026/09/26 03:29:47.619, 22695
2026/09/26 03:29:48.119, 22695
2026/09/26 03:29:48.619, 22695
2026/09/26 03:29:49.120, 22695
2026/09/26 03:29:49.620, 22695
2026/09/26 03:29:50.120, 22695
2026/09/26 03:29:50.620, 22695
2026/09/26 03:29:51.120, 22695
2026/09/26 03:29:51.621, 22695
2026/09/26 03:29:52.121, 22695
2026/09/26 03:29:52.621, 22695
2026/09/26 03:29:53.121, 22695
2026/09/26 03:29:53.621, 22695
2026/09/26 03:29:54.121, 22695
2026/09/26 03:29:54.621, 22695
2026/09/26 03:29:55.122, 22695
2026/09/26 03:29:55.622, 22695
2026/09/26 03:29:56.122, 22695
2026/09/26 03:29:56.622, 22695
2026/09/26 03:29:57.122, 22695
2026/09/26 03:29:57.622, 22695
2026/09/26 03:29:58.122, 22695
2026/09/26 03:29:58.623, 22695
2026/09/26 03:29:59.123, 22695
2026/09/26 03:29:59.623, 22695
2026/09/26 03:30:00.123, 22695
2026/09/26 03:30:00.623, 22695
2026/09/26 03:30:01.123, 22695
2026/09/26 03:30:01.624, 22695
2026/09/26 03:30:02.124, 22695
2026/09/26 03:30:02.624, 22695
2026/09/26 03:30:03.124, 22695
2026/09/26 03:30:03.624, 22695
2026/09/26 03:30:04.124, 22695
2026/09/26 03:30:04.624, 22695
2026/09/26 03:30:05.125, 22695
2026/09/26 03:30:05.625, 22695
2026/09/26 03:30:06.125, 22695
2026/09/26 03:30:06.625, 22695
2026/09/26 03:30:07.125, 22695
2026/09/26 03:30:07.625, 22695
2026/09/26 03:30:08.125, 22695
2026/09/26 03:30:08.626, 22695
2026/09/26 03:30:09.126, 22695
2026/09/26 03:30:09.626, 22695
2026/09/26 03:30:10.126, 22695
2026/09/26 03:30:10.626, 4
2026/09/26 03:30:11.126, 4
2026/09/26 03:30:11.627, 4
