2026/09/26 17:02:02.812, 1
2026/09/26 17:02:03.312, 1
2026/09/26 17:02:03.812, 1
2026/09/26 17:02:04.312, 1
2026/09/26 17:02:04.813, 1
2026/09/26 17:02:05.313, 1
2026/09/26 17:02:05.813, 1
2026/09/26 17:02:06.313, 4
2026/09/26 17:02:06.813, 4
2026/09/26 17:02:07.313, 4
2026/09/26 17:02:07.813, 4
2026/09/26 17:02:08.314, 4
2026/09/26 17:02:08.814, 4
2026/09/26 17:02:09.314, 4
2026/09/26 17:02:09.814, 4
2026/09/26 17:02:10.314, 4
2026/09/26 17:02:10.814, 4
2026/09/26 17:02:11.314, 4
2026/09/26 17:02:11.815, 4
2026/09/26 17:02:12.315, 4
2026/09/26 17:02:12.815, 4
2026/09/26 17:02:13.315, 4
2026/09/26 17:02:13.815, 4
2026/09/26 17:02:14.315, 4
2026/09/26 17:02:14.816, 4
2026/09/26 17:02:15.316, 455
2026/09/26 17:02:15.816, 535
2026/09/26 17:02:16.316, 535
2026/09/26 17:02:16.816, 535
2026/09/26 17:02:17.317, 2135
2026/09/26 17:02:17.817, 9479
2026/09/26 17:02:18.317, 9479
2026/09/26 17:02:18.817, 9479
2026/09/26 17:02:19.317, 9479
2026/09/26 17:02:19.817, 9479
2026/09/26 17:02:20.318, 9479
2026/09/26 17:02:20.818, 9479
2026/09/26 17:02:21.318, 9479
2026/09/26 17:02:21.818, 9479
2026/09/26 17:02:22.318, 9479
2026/09/26 17:02:22.819, 9479
2026/09/26 17:02:23.319, 11621
2026/09/26 17:02:23.819, 15197
2026/09/26 17:02:24.319, 15197
2026/09/26 17:02:24.819, 15197
2026/09/26 17:02:25.319, 15197
2026/09/26 17:02:25.820, 15197
2026/09/26 17:02:26.320, 15197
2026/09/26 17:02:26.820, 15197
2026/09/26 17:02:27.320, 15197
2026/09/26 17:02:27.820, 15199
2026/09/26 17:02:28.320, 15199
2026/09/26 17:02:28.821, 15199
2026/09/26 17:02:29.321, 15645
2026/09/26 17:02:29.821, 9499
2026/09/26 17:02:30.321, 16515
2026/09/26 17:02:30.821, 16599
2026/09/26 17:02:31.321, 16681
2026/09/26 17:02:31.822, 16835
2026/09/26 17:02:32.322, 17015
2026/09/26 17:02:32.822, 17143
2026/09/26 17:02:33.322, 17243
2026/09/26 17:02:33.822, 18661
2026/09/26 17:02:34.322, 18661
2026/09/26 17:02:34.822, 18661
2026/09/26 17:02:35.323, 18661
2026/09/26 17:02:35.823, 18661
2026/09/26 17:02:36.323, 18661
2026/09/26 17:02:36.823, 18661
2026/09/26 17:02:37.323, 18661
2026/09/26 17:02:37.823, 18661
2026/09/26 17:02:38.323, 18661
2026/09/26 17:02:38.823, 18661
2026/09/26 17:02:39.324, 18661
2026/09/26 17:02:39.824, 18661
2026/09/26 17:02:40.324, 18661
2026/09/26 17:02:40.824, 18661
2026/09/26 17:02:41.324, 18661
2026/09/26 17:02:41.824, 18661
2026/09/26 17:02:42.324, 18661
2026/09/26 17:02:42.825, 18661
2026/09/26 17:02:43.325, 18661
2026/09/26 17:02:43.825, 18661
2026/09/26 17:02:44.325, 18661
2026/09/26 17:02:44.825, 18661
2026/09/26 17:02:45.325, 18661
2026/09/26 17:02:45.826, 18661
2026/09/26 17:02:46.326, 18661
2026/09/26 17:02:46.826, 18661
2026/09/26 17:02:47.326, 18661
2026/09/26 17:02:47.826, 18661
2026/09/26 17:02:48.326, 18661
2026/09/26 17:02:48.826, 18667
2026/09/26 17:02:49.327, 19147
2026/09/26 17:02:49.827, 19147
2026/09/26 17:02:50.327, 19147
2026/09/26 17:02:50.865, 19147
2026/09/26 17:02:51.366, 19147
2026/09/26 17:02:51.866, 19249
2026/09/26 17:02:52.405, 19249
2026/09/26 17:02:52.905, 19249
2026/09/26 17:02:53.405, 19249
2026/09/26 17:02:53.905, 19249
2026/09/26 17:02:54.405, 19249
2026/09/26 17:02:54.906, 19249
2026/09/26 17:02:55.406, 19249
2026/09/26 17:02:55.906, 19249
2026/09/26 17:02:56.406, 19249
2026/09/26 17:02:56.906, 19249
2026/09/26 17:02:57.406, 19249
2026/09/26 17:02:57.907, 19249
2026/09/26 17:02:58.407, 19249
2026/09/26 17:02:58.907, 19249
2026/09/26 17:02:59.407, 19249
2026/09/26 17:02:59.907, 19249
2026/09/26 17:03:00.407, 19249
2026/09/26 17:03:00.907, 19249
2026/09/26 17:03:01.408, 19249
2026/09/26 17:03:01.908, 19249
2026/09/26 17:03:02.408, 19249
2026/09/26 17:03:02.908, 19249
2026/09/26 17:03:03.408, 19249
2026/09/26 17:03:03.908, 19249
2026/09/26 17:03:04.409, 19249
2026/09/26 17:03:04.909, 19249
2026/09/26 17:03:05.409, 19249
2026/09/26 17:03:05.909, 19249
2026/09/26 17:03:06.409, 19249
2026/09/26 17:03:06.909, 19249
2026/09/26 17:03:07.410, 19249
2026/09/26 17:03:07.910, 19249
2026/09/26 17:03:08.410, 19249
2026/09/26 17:03:08.910, 19249
2026/09/26 17:03:09.410, 19249
2026/09/26 17:03:09.910, 19249
2026/09/26 17:03:10.410, 19249
2026/09/26 17:03:10.911, 19249
2026/09/26 17:03:11.411, 19249
2026/09/26 17:03:11.911, 19249
2026/09/26 17:03:12.411, 19249
2026/09/26 17:03:12.911, 19249
2026/09/26 17:03:13.411, 19249
2026/09/26 17:03:13.911, 19249
2026/09/26 17:03:14.412, 19249
2026/09/26 17:03:14.912, 19249
2026/09/26 17:03:15.412, 19249
2026/09/26 17:03:15.912, 19249
2026/09/26 17:03:16.412, 19249
2026/09/26 17:03:16.912, 19249
2026/09/26 17:03:17.413, 19249
2026/09/26 17:03:17.913, 19249
2026/09/26 17:03:18.413, 19249
2026/09/26 17:03:18.913, 19249
2026/09/26 17:03:19.413, 19249
2026/09/26 17:03:19.913, 19249
2026/09/26 17:03:20.413, 19249
2026/09/26 17:03:20.914, 19249
2026/09/26 17:03:21.414, 19249
2026/09/26 17:03:21.914, 19249
2026/09/26 17:03:22.414, 19249
2026/09/26 17:03:22.914, 19249
2026/09/26 17:03:23.414, 19249
2026/09/26 17:03:23.915, 19249
2026/09/26 17:03:24.415, 19249
2026/09/26 17:03:24.915, 19249
2026/09/26 17:03:25.415, 19249
2026/09/26 17:03:25.915, 19249
2026/09/26 17:03:26.416, 19249
2026/09/26 17:03:26.916, 19249
2026/09/26 17:03:27.416, 19249
2026/09/26 17:03:27.916, 19249
2026/09/26 17:03:28.416, 19249
2026/09/26 17:03:28.916, 19249
2026/09/26 17:03:29.416, 19249
2026/09/26 17:03:29.917, 19249
2026/09/26 17:03:30.417, 19249
2026/09/26 17:03:30.917, 19249
2026/09/26 17:03:31.417, 19249
2026/09/26 17:03:31.917, 19249
2026/09/26 17:03:32.418, 19249
2026/09/26 17:03:32.918, 19249
2026/09/26 17:03:33.418, 19249
2026/09/26 17:03:33.918, 19249
2026/09/26 17:03:34.418, 19249
2026/09/26 17:03:34.918, 19249
2026/09/26 17:03:35.419, 19249
2026/09/26 17:03:35.919, 19249
2026/09/26 17:03:36.419, 19249
2026/09/26 17:03:36.919, 19249
2026/09/26 17:03:37.419, 19249
2026/09/26 17:03:37.920, 19249
2026/09/26 17:03:38.420, 19249
2026/09/26 17:03:38.920, 19249
2026/09/26 17:03:39.420, 19249
2026/09/26 17:03:39.920, 19249
2026/09/26 17:03:40.420, 19249
2026/09/26 17:03:40.921, 19249
2026/09/26 17:03:41.421, 19249
2026/09/26 17:03:41.921, 19249
2026/09/26 17:03:42.421, 19249
2026/09/26 17:03:42.921, 19249
2026/09/26 17:03:43.421, 19249
2026/09/26 17:03:43.921, 19249
2026/09/26 17:03:44.422, 19249
2026/09/26 17:03:44.922, 19249
2026/09/26 17:03:45.422, 19249
2026/09/26 17:03:45.922, 19249
2026/09/26 17:03:46.422, 19249
2026/09/26 17:03:46.922, 19249
2026/09/26 17:03:47.423, 19249
2026/09/26 17:03:47.923, 19249
2026/09/26 17:03:48.423, 19249
2026/09/26 17:03:48.923, 19249
2026/09/26 17:03:49.423, 19249
2026/09/26 17:03:49.923, 19249
2026/09/26 17:03:50.424, 19249
2026/09/26 17:03:50.924, 19249
2026/09/26 17:03:51.424, 19249
2026/09/26 17:03:51.924, 19249
2026/09/26 17:03:52.424, 19249
2026/09/26 17:03:52.924, 19249
2026/09/26 17:03:53.425, 19249
2026/09/26 17:03:53.925, 19249
2026/09/26 17:03:54.425, 19249
2026/09/26 17:03:54.925, 19249
2026/09/26 17:03:55.426, 19249
2026/09/26 17:03:55.926, 19249
2026/09/26 17:03:56.426, 19249
2026/09/26 17:03:56.926, 19249
2026/09/26 17:03:57.426, 19249
2026/09/26 17:03:57.926, 19249
2026/09/26 17:03:58.427, 19249
2026/09/26 17:03:58.927, 19249
2026/09/26 17:03:59.427, 19249
2026/09/26 17:03:59.927, 19249
2026/09/26 17:04:00.427, 19249
2026/09/26 17:04:00.927, 19249
2026/09/26 17:04:01.428, 19249
2026/09/26 17:04:01.928, 19249
2026/09/26 17:04:02.428, 19249
2026/09/26 17:04:02.928, 19249
2026/09/26 17:04:03.428, 19249
2026/09/26 17:04:03.928, 19249
2026/09/26 17:04:04.428, 19249
2026/09/26 17:04:04.929, 19249
2026/09/26 17:04:05.429, 19249
2026/09/26 17:04:05.929, 19249
2026/09/26 17:04:06.429, 19249
2026/09/26 17:04:06.929, 19249
2026/09/26 17:04:07.429, 19249
2026/09/26 17:04:07.929, 19249
2026/09/26 17:04:08.430, 19249
2026/09/26 17:04:08.930, 19249
2026/09/26 17:04:09.430, 19249
2026/09/26 17:04:09.930, 19249
2026/09/26 17:04:10.430, 19249
2026/09/26 17:04:10.930, 19249
2026/09/26 17:04:11.431, 19249
2026/09/26 17:04:11.931, 19249
2026/09/26 17:04:12.431, 19249
2026/09/26 17:04:12.931, 19249
2026/09/26 17:04:13.431, 19249
2026/09/26 17:04:13.931, 19249
2026/09/26 17:04:14.431, 19249
2026/09/26 17:04:14.932, 19249
2026/09/26 17:04:15.432, 19249
2026/09/26 17:04:15.932, 19249
2026/09/26 17:04:16.432, 19249
2026/09/26 17:04:16.932, 19249
2026/09/26 17:04:17.432, 19249
2026/09/26 17:04:17.933, 19249
2026/09/26 17:04:18.433, 19249
2026/09/26 17:04:18.933, 19249
2026/09/26 17:04:19.433, 19249
2026/09/26 17:04:19.933, 19249
2026/09/26 17:04:20.433, 19249
2026/09/26 17:04:20.934, 19249
2026/09/26 17:04:21.434, 19249
2026/09/26 17:04:21.934, 19249
2026/09/26 17:04:22.434, 19249
2026/09/26 17:04:22.934, 19249
2026/09/26 17:04:23.434, 19249
2026/09/26 17:04:23.935, 19249
2026/09/26 17:04:24.435, 19249
2026/09/26 17:04:24.935, 19249
2026/09/26 17:04:25.435, 19249
2026/09/26 17:04:25.935, 19249
2026/09/26 17:04:26.435, 19249
2026/09/26 17:04:26.935, 19249
2026/09/26 17:04:27.436, 19249
2026/09/26 17:04:27.936, 19249
2026/09/26 17:04:28.436, 19249
2026/09/26 17:04:28.936, 19249
2026/09/26 17:04:29.436, 19249
2026/09/26 17:04:29.936, 19249
2026/09/26 17:04:30.437, 19249
2026/09/26 17:04:30.937, 19249
2026/09/26 17:04:31.437, 19249
2026/09/26 17:04:31.937, 19249
2026/09/26 17:04:32.437, 19249
2026/09/26 17:04:32.937, 19249
2026/09/26 17:04:33.438, 19249
2026/09/26 17:04:33.938, 19249
2026/09/26 17:04:34.438, 19249
2026/09/26 17:04:34.938, 19249
2026/09/26 17:04:35.438, 19249
2026/09/26 17:04:35.938, 19249
2026/09/26 17:04:36.439, 19249
2026/09/26 17:04:36.939, 19249
2026/09/26 17:04:37.439, 19249
2026/09/26 17:04:37.939, 19249
2026/09/26 17:04:38.439, 19249
2026/09/26 17:04:38.939, 19249
2026/09/26 17:04:39.440, 19249
2026/09/26 17:04:39.940, 19249
2026/09/26 17:04:40.440, 19249
2026/09/26 17:04:40.940, 19249
2026/09/26 17:04:41.440, 19249
2026/09/26 17:04:41.940, 19249
2026/09/26 17:04:42.441, 19249
2026/09/26 17:04:42.941, 19249
2026/09/26 17:04:43.441, 19249
2026/09/26 17:04:43.941, 19249
2026/09/26 17:04:44.441, 19249
2026/09/26 17:04:44.941, 19249
2026/09/26 17:04:45.442, 19249
2026/09/26 17:04:45.942, 19249
2026/09/26 17:04:46.442, 19249
2026/09/26 17:04:46.942, 19249
2026/09/26 17:04:47.442, 19249
2026/09/26 17:04:47.942, 19249
2026/09/26 17:04:48.443, 19249
2026/09/26 17:04:48.943, 19249
2026/09/26 17:04:49.443, 19249
2026/09/26 17:04:49.943, 19249
2026/09/26 17:04:50.443, 19249
2026/09/26 17:04:50.943, 19249
2026/09/26 17:04:51.444, 19249
2026/09/26 17:04:51.944, 19249
2026/09/26 17:04:52.444, 19249
2026/09/26 17:04:52.944, 19249
2026/09/26 17:04:53.444, 19249
2026/09/26 17:04:53.944, 19249
2026/09/26 17:04:54.444, 19249
2026/09/26 17:04:54.945, 19249
2026/09/26 17:04:55.445, 19249
2026/09/26 17:04:55.945, 19249
2026/09/26 17:04:56.445, 19249
2026/09/26 17:04:56.945, 19249
2026/09/26 17:04:57.446, 19249
2026/09/26 17:04:57.946, 19249
2026/09/26 17:04:58.446, 19249
2026/09/26 17:04:58.946, 19249
2026/09/26 17:04:59.446, 19249
2026/09/26 17:04:59.946, 19249
2026/09/26 17:05:00.446, 19249
2026/09/26 17:05:00.947, 19249
2026/09/26 17:05:01.447, 19249
2026/09/26 17:05:01.947, 19249
2026/09/26 17:05:02.447, 19249
2026/09/26 17:05:02.947, 19249
2026/09/26 17:05:03.447, 19249
2026/09/26 17:05:03.948, 19249
2026/09/26 17:05:04.448, 19249
2026/09/26 17:05:04.948, 19249
2026/09/26 17:05:05.448, 19249
2026/09/26 17:05:05.948, 19249
2026/09/26 17:05:06.448, 19249
2026/09/26 17:05:06.948, 19249
2026/09/26 17:05:07.449, 19249
2026/09/26 17:05:07.949, 19249
2026/09/26 17:05:08.449, 19249
2026/09/26 17:05:08.949, 19249
2026/09/26 17:05:09.449, 19249
2026/09/26 17:05:09.949, 19249
2026/09/26 17:05:10.450, 19249
2026/09/26 17:05:10.950, 19249
2026/09/26 17:05:11.450, 19249
2026/09/26 17:05:11.950, 19249
2026/09/26 17:05:12.450, 19249
2026/09/26 17:05:12.950, 19249
2026/09/26 17:05:13.451, 19249
2026/09/26 17:05:13.951, 19249
2026/09/26 17:05:14.451, 19249
2026/09/26 17:05:14.951, 19249
2026/09/26 17:05:15.451, 19249
2026/09/26 17:05:15.951, 19249
2026/09/26 17:05:16.452, 19249
2026/09/26 17:05:16.952, 19249
2026/09/26 17:05:17.452, 19249
2026/09/26 17:05:17.952, 19249
2026/09/26 17:05:18.452, 19249
2026/09/26 17:05:18.952, 19249
2026/09/26 17:05:19.453, 19249
2026/09/26 17:05:19.953, 19249
2026/09/26 17:05:20.453, 19249
2026/09/26 17:05:20.953, 19249
2026/09/26 17:05:21.453, 19249
2026/09/26 17:05:21.953, 19249
2026/09/26 17:05:22.454, 19249
2026/09/26 17:05:22.954, 19249
2026/09/26 17:05:23.454, 19249
2026/09/26 17:05:23.954, 19249
2026/09/26 17:05:24.454, 19249
2026/09/26 17:05:24.954, 19249
2026/09/26 17:05:25.455, 19249
2026/09/26 17:05:25.955, 19249
2026/09/26 17:05:26.455, 19249
2026/09/26 17:05:26.955, 19249
2026/09/26 17:05:27.455, 19249
2026/09/26 17:05:27.955, 19249
2026/09/26 17:05:28.456, 19249
2026/09/26 17:05:28.956, 19249
2026/09/26 17:05:29.456, 19249
2026/09/26 17:05:29.956, 19249
2026/09/26 17:05:30.456, 19249
2026/09/26 17:05:30.956, 19249
2026/09/26 17:05:31.457, 19249
2026/09/26 17:05:31.957, 19249
2026/09/26 17:05:32.457, 19249
2026/09/26 17:05:32.957, 19249
2026/09/26 17:05:33.457, 19249
2026/09/26 17:05:33.957, 19249
2026/09/26 17:05:34.458, 19249
2026/09/26 17:05:34.958, 19249
2026/09/26 17:05:35.458, 19249
2026/09/26 17:05:35.958, 19249
2026/09/26 17:05:36.458, 19249
2026/09/26 17:05:36.958, 19249
2026/09/26 17:05:37.459, 19249
2026/09/26 17:05:37.959, 19249
2026/09/26 17:05:38.459, 19249
2026/09/26 17:05:38.959, 19249
2026/09/26 17:05:39.459, 19249
2026/09/26 17:05:39.959, 19249
2026/09/26 17:05:40.459, 19249
2026/09/26 17:05:40.960, 19249
2026/09/26 17:05:41.460, 19249
2026/09/26 17:05:41.960, 19249
2026/09/26 17:05:42.460, 19249
2026/09/26 17:05:42.960, 19249
2026/09/26 17:05:43.460, 19249
2026/09/26 17:05:43.961, 19249
2026/09/26 17:05:44.461, 19249
2026/09/26 17:05:44.961, 19249
2026/09/26 17:05:45.461, 19249
2026/09/26 17:05:45.961, 19249
2026/09/26 17:05:46.461, 19249
2026/09/26 17:05:46.961, 19249
2026/09/26 17:05:47.462, 19249
2026/09/26 17:05:47.962, 19249
2026/09/26 17:05:48.462, 19249
2026/09/26 17:05:48.962, 19249
2026/09/26 17:05:49.462, 19249
2026/09/26 17:05:49.962, 19249
2026/09/26 17:05:50.462, 19249
2026/09/26 17:05:50.963, 19249
2026/09/26 17:05:51.463, 19249
2026/09/26 17:05:51.963, 19249
2026/09/26 17:05:52.463, 19249
2026/09/26 17:05:52.963, 19249
2026/09/26 17:05:53.463, 19249
2026/09/26 17:05:53.964, 19249
2026/09/26 17:05:54.464, 19249
2026/09/26 17:05:54.964, 19249
2026/09/26 17:05:55.464, 19249
2026/09/26 17:05:55.964, 19249
2026/09/26 17:05:56.464, 19249
2026/09/26 17:05:56.964, 19249
2026/09/26 17:05:57.465, 19249
2026/09/26 17:05:57.965, 19249
2026/09/26 17:05:58.465, 19249
2026/09/26 17:05:58.965, 19249
2026/09/26 17:05:59.465, 19249
2026/09/26 17:05:59.965, 19249
2026/09/26 17:06:00.466, 19249
2026/09/26 17:06:00.966, 19249
2026/09/26 17:06:01.466, 19249
2026/09/26 17:06:01.966, 19249
2026/09/26 17:06:02.466, 19249
2026/09/26 17:06:02.966, 19249
2026/09/26 17:06:03.466, 19249
2026/09/26 17:06:03.967, 19249
2026/09/26 17:06:04.467, 19249
2026/09/26 17:06:04.967, 19249
2026/09/26 17:06:05.467, 19249
2026/09/26 17:06:05.967, 19249
2026/09/26 17:06:06.467, 19249
2026/09/26 17:06:06.967, 19249
2026/09/26 17:06:07.468, 19249
2026/09/26 17:06:07.968, 19249
2026/09/26 17:06:08.468, 19249
2026/09/26 17:06:08.968, 19249
2026/09/26 17:06:09.468, 19249
2026/09/26 17:06:09.968, 19249
2026/09/26 17:06:10.468, 19249
2026/09/26 17:06:10.969, 19249
2026/09/26 17:06:11.469, 19249
2026/09/26 17:06:11.969, 19249
2026/09/26 17:06:12.469, 19249
2026/09/26 17:06:12.969, 19249
2026/09/26 17:06:13.469, 19249
2026/09/26 17:06:13.970, 19249
2026/09/26 17:06:14.470, 19249
2026/09/26 17:06:14.970, 19249
2026/09/26 17:06:15.470, 19249
2026/09/26 17:06:15.970, 19249
2026/09/26 17:06:16.470, 19249
2026/09/26 17:06:16.970, 19249
2026/09/26 17:06:17.471, 19249
2026/09/26 17:06:17.971, 19249
2026/09/26 17:06:18.471, 19249
2026/09/26 17:06:18.971, 19249
2026/09/26 17:06:19.471, 19249
2026/09/26 17:06:19.971, 19249
2026/09/26 17:06:20.472, 19249
2026/09/26 17:06:20.972, 19249
2026/09/26 17:06:21.472, 19249
2026/09/26 17:06:21.972, 19249
2026/09/26 17:06:22.472, 19249
2026/09/26 17:06:22.972, 19249
2026/09/26 17:06:23.472, 19249
2026/09/26 17:06:23.973, 19249
2026/09/26 17:06:24.473, 19249
2026/09/26 17:06:24.973, 19249
2026/09/26 17:06:25.473, 19249
2026/09/26 17:06:25.973, 19249
2026/09/26 17:06:26.473, 19249
2026/09/26 17:06:26.973, 19249
2026/09/26 17:06:27.474, 19249
2026/09/26 17:06:27.974, 19249
2026/09/26 17:06:28.474, 19249
2026/09/26 17:06:28.974, 19249
2026/09/26 17:06:29.474, 19249
2026/09/26 17:06:29.974, 19249
2026/09/26 17:06:30.475, 19249
2026/09/26 17:06:30.975, 19249
2026/09/26 17:06:31.475, 19249
2026/09/26 17:06:31.975, 19249
2026/09/26 17:06:32.475, 19249
2026/09/26 17:06:32.975, 19249
2026/09/26 17:06:33.475, 19249
2026/09/26 17:06:33.976, 19249
2026/09/26 17:06:34.476, 19249
2026/09/26 17:06:34.976, 19249
2026/09/26 17:06:35.476, 19249
2026/09/26 17:06:35.976, 19249
2026/09/26 17:06:36.476, 19249
2026/09/26 17:06:36.977, 19249
2026/09/26 17:06:37.477, 19249
2026/09/26 17:06:37.977, 19249
2026/09/26 17:06:38.477, 19249
2026/09/26 17:06:38.977, 19249
2026/09/26 17:06:39.477, 19249
2026/09/26 17:06:39.977, 19249
2026/09/26 17:06:40.478, 19249
2026/09/26 17:06:40.978, 19249
2026/09/26 17:06:41.478, 19249
2026/09/26 17:06:41.978, 19249
2026/09/26 17:06:42.478, 19249
2026/09/26 17:06:42.978, 19249
2026/09/26 17:06:43.478, 19249
2026/09/26 17:06:43.979, 19249
2026/09/26 17:06:44.479, 19249
2026/09/26 17:06:44.979, 19249
2026/09/26 17:06:45.479, 19249
2026/09/26 17:06:45.979, 19249
2026/09/26 17:06:46.479, 19249
2026/09/26 17:06:46.980, 19249
2026/09/26 17:06:47.480, 19249
2026/09/26 17:06:47.980, 19249
2026/09/26 17:06:48.480, 19249
2026/09/26 17:06:48.980, 19249
2026/09/26 17:06:49.480, 19249
2026/09/26 17:06:49.980, 19249
2026/09/26 17:06:50.481, 19249
2026/09/26 17:06:50.981, 19249
2026/09/26 17:06:51.481, 19249
2026/09/26 17:06:51.981, 19249
2026/09/26 17:06:52.481, 19249
2026/09/26 17:06:52.981, 19249
2026/09/26 17:06:53.482, 19249
2026/09/26 17:06:53.982, 19249
2026/09/26 17:06:54.482, 19249
2026/09/26 17:06:54.982, 19249
2026/09/26 17:06:55.482, 19249
2026/09/26 17:06:55.983, 19249
2026/09/26 17:06:56.483, 19249
2026/09/26 17:06:56.983, 19249
2026/09/26 17:06:57.483, 19249
2026/09/26 17:06:57.983, 19249
2026/09/26 17:06:58.483, 19249
2026/09/26 17:06:58.983, 19249
2026/09/26 17:06:59.484, 19249
2026/09/26 17:06:59.984, 19249
2026/09/26 17:07:00.484, 19249
2026/09/26 17:07:00.984, 19249
2026/09/26 17:07:01.484, 19249
2026/09/26 17:07:01.984, 19249
2026/09/26 17:07:02.485, 19249
2026/09/26 17:07:02.985, 19249
2026/09/26 17:07:03.485, 19249
2026/09/26 17:07:03.985, 19249
2026/09/26 17:07:04.485, 19249
2026/09/26 17:07:04.985, 19249
2026/09/26 17:07:05.485, 19249
2026/09/26 17:07:05.986, 19249
2026/09/26 17:07:06.486, 19249
2026/09/26 17:07:06.986, 19249
2026/09/26 17:07:07.486, 19249
2026/09/26 17:07:07.987, 19249
2026/09/26 17:07:08.487, 19249
2026/09/26 17:07:08.987, 19249
2026/09/26 17:07:09.487, 19249
2026/09/26 17:07:09.987, 19249
2026/09/26 17:07:10.487, 19249
2026/09/26 17:07:10.988, 19249
2026/09/26 17:07:11.488, 19249
2026/09/26 17:07:11.988, 19249
2026/09/26 17:07:12.488, 19249
2026/09/26 17:07:12.988, 19249
2026/09/26 17:07:13.488, 19249
2026/09/26 17:07:13.988, 19249
2026/09/26 17:07:14.488, 19249
2026/09/26 17:07:14.989, 19249
2026/09/26 17:07:15.489, 19249
2026/09/26 17:07:15.989, 19249
2026/09/26 17:07:16.489, 19249
2026/09/26 17:07:16.989, 19249
2026/09/26 17:07:17.489, 19249
2026/09/26 17:07:17.989, 19249
2026/09/26 17:07:18.490, 19249
2026/09/26 17:07:18.990, 19249
2026/09/26 17:07:19.490, 19249
2026/09/26 17:07:19.990, 19249
2026/09/26 17:07:20.490, 19249
2026/09/26 17:07:20.990, 19249
2026/09/26 17:07:21.491, 19249
2026/09/26 17:07:21.991, 19249
2026/09/26 17:07:22.491, 19249
2026/09/26 17:07:22.991, 19249
2026/09/26 17:07:23.491, 19249
2026/09/26 17:07:23.991, 19249
2026/09/26 17:07:24.492, 19249
2026/09/26 17:07:24.992, 19249
2026/09/26 17:07:25.492, 19249
2026/09/26 17:07:25.992, 19249
2026/09/26 17:07:26.492, 19249
2026/09/26 17:07:26.992, 19249
2026/09/26 17:07:27.493, 19249
2026/09/26 17:07:27.993, 19249
2026/09/26 17:07:28.493, 19249
2026/09/26 17:07:28.993, 19249
2026/09/26 17:07:29.493, 19249
2026/09/26 17:07:29.993, 19249
2026/09/26 17:07:30.494, 19249
2026/09/26 17:07:30.994, 19249
2026/09/26 17:07:31.494, 19249
2026/09/26 17:07:31.994, 19249
2026/09/26 17:07:32.494, 19249
2026/09/26 17:07:32.994, 19249
2026/09/26 17:07:33.495, 19249
2026/09/26 17:07:33.995, 19249
2026/09/26 17:07:34.495, 19249
2026/09/26 17:07:34.995, 19249
2026/09/26 17:07:35.495, 19249
2026/09/26 17:07:35.995, 19249
2026/09/26 17:07:36.496, 19249
2026/09/26 17:07:36.996, 19249
2026/09/26 17:07:37.496, 19249
2026/09/26 17:07:37.996, 19249
2026/09/26 17:07:38.496, 19249
2026/09/26 17:07:38.996, 19249
2026/09/26 17:07:39.497, 19249
2026/09/26 17:07:39.997, 19249
2026/09/26 17:07:40.497, 19249
2026/09/26 17:07:40.997, 19249
2026/09/26 17:07:41.497, 19249
2026/09/26 17:07:41.997, 19249
2026/09/26 17:07:42.498, 19249
2026/09/26 17:07:42.998, 19249
2026/09/26 17:07:43.498, 19249
2026/09/26 17:07:43.998, 19249
2026/09/26 17:07:44.498, 19249
2026/09/26 17:07:44.998, 19249
2026/09/26 17:07:45.499, 19249
2026/09/26 17:07:45.999, 19249
2026/09/26 17:07:46.499, 19249
2026/09/26 17:07:46.999, 19249
2026/09/26 17:07:47.499, 19249
2026/09/26 17:07:47.999, 19249
2026/09/26 17:07:48.500, 19249
2026/09/26 17:07:49.000, 19249
2026/09/26 17:07:49.500, 19249
2026/09/26 17:07:50.000, 19249
2026/09/26 17:07:50.500, 19249
2026/09/26 17:07:51.000, 19249
2026/09/26 17:07:51.501, 19249
2026/09/26 17:07:52.001, 19249
2026/09/26 17:07:52.501, 19249
2026/09/26 17:07:53.001, 19249
2026/09/26 17:07:53.501, 19249
2026/09/26 17:07:54.001, 19249
2026/09/26 17:07:54.501, 19249
2026/09/26 17:07:55.002, 19249
2026/09/26 17:07:55.502, 19249
2026/09/26 17:07:56.002, 19249
2026/09/26 17:07:56.502, 19249
2026/09/26 17:07:57.002, 19249
2026/09/26 17:07:57.502, 19249
2026/09/26 17:07:58.003, 19249
2026/09/26 17:07:58.503, 19249
2026/09/26 17:07:59.003, 19249
2026/09/26 17:07:59.503, 19249
2026/09/26 17:08:00.003, 19249
2026/09/26 17:08:00.504, 19249
2026/09/26 17:08:01.004, 19249
2026/09/26 17:08:01.504, 19249
2026/09/26 17:08:02.004, 19249
2026/09/26 17:08:02.504, 19249
2026/09/26 17:08:03.004, 19249
2026/09/26 17:08:03.504, 19249
2026/09/26 17:08:04.005, 19249
2026/09/26 17:08:04.505, 19249
2026/09/26 17:08:05.005, 19249
2026/09/26 17:08:05.505, 19249
2026/09/26 17:08:06.005, 19249
2026/09/26 17:08:06.505, 19249
2026/09/26 17:08:07.006, 19249
2026/09/26 17:08:07.506, 19249
2026/09/26 17:08:08.006, 19249
2026/09/26 17:08:08.506, 19249
2026/09/26 17:08:09.006, 19249
2026/09/26 17:08:09.506, 19249
2026/09/26 17:08:10.006, 19249
2026/09/26 17:08:10.507, 19249
2026/09/26 17:08:11.007, 19249
2026/09/26 17:08:11.507, 19249
2026/09/26 17:08:12.007, 19249
2026/09/26 17:08:12.507, 19249
2026/09/26 17:08:13.007, 19249
2026/09/26 17:08:13.507, 19249
2026/09/26 17:08:14.008, 19249
2026/09/26 17:08:14.508, 19249
2026/09/26 17:08:15.008, 19249
2026/09/26 17:08:15.508, 19249
2026/09/26 17:08:16.008, 19249
2026/09/26 17:08:16.508, 19249
2026/09/26 17:08:17.008, 19249
2026/09/26 17:08:17.509, 19249
2026/09/26 17:08:18.009, 19249
2026/09/26 17:08:18.509, 19249
2026/09/26 17:08:19.009, 19249
2026/09/26 17:08:19.509, 19249
2026/09/26 17:08:20.009, 19249
2026/09/26 17:08:20.510, 19249
2026/09/26 17:08:21.010, 19249
2026/09/26 17:08:21.510, 19249
2026/09/26 17:08:22.010, 19249
2026/09/26 17:08:22.510, 19249
2026/09/26 17:08:23.010, 19249
2026/09/26 17:08:23.510, 19249
2026/09/26 17:08:24.011, 19249
2026/09/26 17:08:24.511, 19249
2026/09/26 17:08:25.011, 19249
2026/09/26 17:08:25.511, 19249
2026/09/26 17:08:26.011, 19249
2026/09/26 17:08:26.511, 19249
2026/09/26 17:08:27.012, 19249
2026/09/26 17:08:27.512, 19249
2026/09/26 17:08:28.012, 19249
2026/09/26 17:08:28.512, 19249
2026/09/26 17:08:29.012, 19249
2026/09/26 17:08:29.512, 19249
2026/09/26 17:08:30.013, 19249
2026/09/26 17:08:30.513, 19249
2026/09/26 17:08:31.013, 19249
2026/09/26 17:08:31.513, 19249
2026/09/26 17:08:32.013, 19249
2026/09/26 17:08:32.513, 19249
2026/09/26 17:08:33.014, 19249
2026/09/26 17:08:33.514, 19249
2026/09/26 17:08:34.014, 19249
2026/09/26 17:08:34.514, 19249
2026/09/26 17:08:35.014, 19249
2026/09/26 17:08:35.514, 19249
2026/09/26 17:08:36.015, 19249
2026/09/26 17:08:36.515, 19249
2026/09/26 17:08:37.015, 19249
2026/09/26 17:08:37.515, 19249
2026/09/26 17:08:38.015, 19249
2026/09/26 17:08:38.515, 19249
2026/09/26 17:08:39.016, 19249
2026/09/26 17:08:39.516, 19249
2026/09/26 17:08:40.016, 19249
2026/09/26 17:08:40.516, 19249
2026/09/26 17:08:41.016, 19249
2026/09/26 17:08:41.517, 19249
2026/09/26 17:08:42.017, 19249
2026/09/26 17:08:42.517, 19249
2026/09/26 17:08:43.017, 19249
2026/09/26 17:08:43.517, 19249
2026/09/26 17:08:44.017, 19249
2026/09/26 17:08:44.517, 19249
2026/09/26 17:08:45.018, 19249
2026/09/26 17:08:45.518, 19249
2026/09/26 17:08:46.018, 19249
2026/09/26 17:08:46.518, 19249
2026/09/26 17:08:47.018, 19249
2026/09/26 17:08:47.518, 19249
2026/09/26 17:08:48.018, 19249
2026/09/26 17:08:48.519, 19249
2026/09/26 17:08:49.019, 19249
2026/09/26 17:08:49.519, 19249
2026/09/26 17:08:50.019, 19249
2026/09/26 17:08:50.519, 19249
2026/09/26 17:08:51.019, 19249
2026/09/26 17:08:51.520, 19249
2026/09/26 17:08:52.020, 19249
2026/09/26 17:08:52.520, 19249
2026/09/26 17:08:53.020, 19249
2026/09/26 17:08:53.520, 19249
2026/09/26 17:08:54.021, 19249
2026/09/26 17:08:54.521, 19249
2026/09/26 17:08:55.021, 19249
2026/09/26 17:08:55.521, 19249
2026/09/26 17:08:56.021, 19249
2026/09/26 17:08:56.521, 19249
2026/09/26 17:08:57.021, 19249
2026/09/26 17:08:57.522, 19249
2026/09/26 17:08:58.022, 19249
2026/09/26 17:08:58.522, 19249
2026/09/26 17:08:59.022, 19249
2026/09/26 17:08:59.522, 19249
2026/09/26 17:09:00.022, 19249
2026/09/26 17:09:00.522, 19249
2026/09/26 17:09:01.023, 19249
2026/09/26 17:09:01.523, 19249
2026/09/26 17:09:02.023, 19249
2026/09/26 17:09:02.523, 19249
2026/09/26 17:09:03.023, 19249
2026/09/26 17:09:03.523, 19249
2026/09/26 17:09:04.024, 19249
2026/09/26 17:09:04.524, 19249
2026/09/26 17:09:05.024, 19249
2026/09/26 17:09:05.524, 19249
2026/09/26 17:09:06.024, 19249
2026/09/26 17:09:06.524, 19249
2026/09/26 17:09:07.024, 19249
2026/09/26 17:09:07.525, 19249
2026/09/26 17:09:08.025, 19249
2026/09/26 17:09:08.525, 19249
2026/09/26 17:09:09.025, 19249
2026/09/26 17:09:09.525, 19249
2026/09/26 17:09:10.025, 19249
2026/09/26 17:09:10.525, 19249
2026/09/26 17:09:11.026, 19249
2026/09/26 17:09:11.526, 19249
2026/09/26 17:09:12.026, 19249
2026/09/26 17:09:12.526, 19249
2026/09/26 17:09:13.026, 19249
2026/09/26 17:09:13.526, 19249
2026/09/26 17:09:14.026, 19249
2026/09/26 17:09:14.527, 19249
2026/09/26 17:09:15.027, 19249
2026/09/26 17:09:15.527, 19249
2026/09/26 17:09:16.027, 19249
2026/09/26 17:09:16.527, 19249
2026/09/26 17:09:17.027, 19249
2026/09/26 17:09:17.527, 19249
2026/09/26 17:09:18.028, 19249
2026/09/26 17:09:18.528, 19249
2026/09/26 17:09:19.028, 19249
2026/09/26 17:09:19.528, 19249
2026/09/26 17:09:20.028, 19249
2026/09/26 17:09:20.528, 19249
2026/09/26 17:09:21.028, 19249
2026/09/26 17:09:21.529, 19249
2026/09/26 17:09:22.029, 19249
2026/09/26 17:09:22.529, 19249
2026/09/26 17:09:23.029, 19249
2026/09/26 17:09:23.529, 19249
2026/09/26 17:09:24.029, 19249
2026/09/26 17:09:24.530, 19249
2026/09/26 17:09:25.030, 19249
2026/09/26 17:09:25.530, 19249
2026/09/26 17:09:26.030, 19249
2026/09/26 17:09:26.530, 19249
2026/09/26 17:09:27.030, 19249
2026/09/26 17:09:27.530, 19249
2026/09/26 17:09:28.031, 19249
2026/09/26 17:09:28.531, 19249
2026/09/26 17:09:29.031, 19249
2026/09/26 17:09:29.531, 19249
2026/09/26 17:09:30.031, 19249
2026/09/26 17:09:30.531, 19249
2026/09/26 17:09:31.031, 19249
2026/09/26 17:09:31.532, 19249
2026/09/26 17:09:32.032, 19249
2026/09/26 17:09:32.532, 19249
2026/09/26 17:09:33.032, 19249
2026/09/26 17:09:33.532, 19249
2026/09/26 17:09:34.032, 19249
2026/09/26 17:09:34.532, 19249
2026/09/26 17:09:35.033, 19249
2026/09/26 17:09:35.533, 19249
2026/09/26 17:09:36.033, 19249
2026/09/26 17:09:36.533, 19249
2026/09/26 17:09:37.033, 19249
2026/09/26 17:09:37.533, 19249
2026/09/26 17:09:38.033, 19249
2026/09/26 17:09:38.534, 19249
2026/09/26 17:09:39.034, 19249
2026/09/26 17:09:39.534, 19249
2026/09/26 17:09:40.034, 19249
2026/09/26 17:09:40.534, 19249
2026/09/26 17:09:41.034, 19249
2026/09/26 17:09:41.534, 19249
2026/09/26 17:09:42.035, 19249
2026/09/26 17:09:42.535, 19249
2026/09/26 17:09:43.035, 19249
2026/09/26 17:09:43.535, 19249
2026/09/26 17:09:44.035, 19249
2026/09/26 17:09:44.535, 19249
2026/09/26 17:09:45.036, 19249
2026/09/26 17:09:45.536, 19249
2026/09/26 17:09:46.036, 19249
2026/09/26 17:09:46.536, 19249
2026/09/26 17:09:47.036, 19249
2026/09/26 17:09:47.536, 19249
2026/09/26 17:09:48.037, 19249
2026/09/26 17:09:48.537, 19249
2026/09/26 17:09:49.037, 19249
2026/09/26 17:09:49.537, 19249
2026/09/26 17:09:50.037, 19249
2026/09/26 17:09:50.537, 19249
2026/09/26 17:09:51.037, 19249
2026/09/26 17:09:51.538, 19249
2026/09/26 17:09:52.038, 19249
2026/09/26 17:09:52.538, 19249
2026/09/26 17:09:53.038, 19249
2026/09/26 17:09:53.538, 19249
2026/09/26 17:09:54.039, 19249
2026/09/26 17:09:54.539, 19249
2026/09/26 17:09:55.039, 19249
2026/09/26 17:09:55.539, 19249
2026/09/26 17:09:56.039, 19249
2026/09/26 17:09:56.539, 19249
2026/09/26 17:09:57.040, 19249
2026/09/26 17:09:57.540, 19249
2026/09/26 17:09:58.040, 19249
2026/09/26 17:09:58.540, 19249
2026/09/26 17:09:59.040, 19249
2026/09/26 17:09:59.540, 19249
2026/09/26 17:10:00.040, 19249
2026/09/26 17:10:00.541, 19249
2026/09/26 17:10:01.041, 19249
2026/09/26 17:10:01.541, 19249
2026/09/26 17:10:02.041, 19249
2026/09/26 17:10:02.541, 19249
2026/09/26 17:10:03.041, 19249
2026/09/26 17:10:03.541, 19249
2026/09/26 17:10:04.041, 19249
2026/09/26 17:10:04.542, 19249
2026/09/26 17:10:05.042, 19249
2026/09/26 17:10:05.542, 19249
2026/09/26 17:10:06.042, 19249
2026/09/26 17:10:06.543, 19249
2026/09/26 17:10:07.043, 19249
2026/09/26 17:10:07.543, 19249
2026/09/26 17:10:08.043, 19249
2026/09/26 17:10:08.543, 19249
2026/09/26 17:10:09.043, 19249
2026/09/26 17:10:09.543, 19249
2026/09/26 17:10:10.044, 19249
2026/09/26 17:10:10.544, 19249
2026/09/26 17:10:11.044, 19249
2026/09/26 17:10:11.544, 19249
2026/09/26 17:10:12.044, 19249
2026/09/26 17:10:12.544, 19249
2026/09/26 17:10:13.045, 19249
2026/09/26 17:10:13.545, 19249
2026/09/26 17:10:14.045, 19249
2026/09/26 17:10:14.545, 19249
2026/09/26 17:10:15.045, 19249
2026/09/26 17:10:15.545, 19249
2026/09/26 17:10:16.045, 19249
2026/09/26 17:10:16.546, 19249
2026/09/26 17:10:17.046, 19249
2026/09/26 17:10:17.546, 19249
2026/09/26 17:10:18.046, 19249
2026/09/26 17:10:18.546, 19249
2026/09/26 17:10:19.046, 19249
2026/09/26 17:10:19.547, 19249
2026/09/26 17:10:20.047, 19249
2026/09/26 17:10:20.547, 19249
2026/09/26 17:10:21.047, 19249
2026/09/26 17:10:21.547, 19249
2026/09/26 17:10:22.047, 19249
2026/09/26 17:10:22.547, 19249
2026/09/26 17:10:23.048, 19249
2026/09/26 17:10:23.548, 19249
2026/09/26 17:10:24.048, 19249
2026/09/26 17:10:24.548, 19249
2026/09/26 17:10:25.048, 19249
2026/09/26 17:10:25.548, 19249
2026/09/26 17:10:26.048, 19249
2026/09/26 17:10:26.549, 19249
2026/09/26 17:10:27.049, 19249
2026/09/26 17:10:27.549, 19249
2026/09/26 17:10:28.049, 19249
2026/09/26 17:10:28.549, 19249
2026/09/26 17:10:29.049, 19249
2026/09/26 17:10:29.550, 19249
2026/09/26 17:10:30.050, 19249
2026/09/26 17:10:30.550, 19249
2026/09/26 17:10:31.050, 19249
2026/09/26 17:10:31.550, 19249
2026/09/26 17:10:32.050, 19249
2026/09/26 17:10:32.550, 19249
2026/09/26 17:10:33.051, 19249
2026/09/26 17:10:33.551, 19249
2026/09/26 17:10:34.051, 19249
2026/09/26 17:10:34.551, 19249
2026/09/26 17:10:35.051, 19249
2026/09/26 17:10:35.551, 19249
2026/09/26 17:10:36.052, 19249
2026/09/26 17:10:36.552, 19249
2026/09/26 17:10:37.052, 19249
2026/09/26 17:10:37.552, 19249
2026/09/26 17:10:38.052, 19249
2026/09/26 17:10:38.552, 19249
2026/09/26 17:10:39.053, 19249
2026/09/26 17:10:39.553, 19249
2026/09/26 17:10:40.053, 19249
2026/09/26 17:10:40.553, 19249
2026/09/26 17:10:41.053, 19249
2026/09/26 17:10:41.553, 19249
2026/09/26 17:10:42.054, 19249
2026/09/26 17:10:42.554, 19249
2026/09/26 17:10:43.054, 19249
2026/09/26 17:10:43.554, 19249
2026/09/26 17:10:44.054, 19249
2026/09/26 17:10:44.554, 19249
2026/09/26 17:10:45.055, 19249
2026/09/26 17:10:45.555, 19249
2026/09/26 17:10:46.055, 19249
2026/09/26 17:10:46.555, 19249
2026/09/26 17:10:47.055, 19249
2026/09/26 17:10:47.555, 19249
2026/09/26 17:10:48.056, 19249
2026/09/26 17:10:48.556, 19249
2026/09/26 17:10:49.056, 19249
2026/09/26 17:10:49.556, 19249
2026/09/26 17:10:50.056, 19249
2026/09/26 17:10:50.556, 19249
2026/09/26 17:10:51.056, 19249
2026/09/26 17:10:51.557, 19249
2026/09/26 17:10:52.057, 19249
2026/09/26 17:10:52.557, 19249
2026/09/26 17:10:53.057, 19249
2026/09/26 17:10:53.557, 19249
2026/09/26 17:10:54.057, 19249
2026/09/26 17:10:54.558, 19249
2026/09/26 17:10:55.058, 19249
2026/09/26 17:10:55.558, 19249
2026/09/26 17:10:56.058, 19249
2026/09/26 17:10:56.558, 19249
2026/09/26 17:10:57.058, 19249
2026/09/26 17:10:57.559, 19249
2026/09/26 17:10:58.059, 19249
2026/09/26 17:10:58.559, 19249
2026/09/26 17:10:59.059, 19249
2026/09/26 17:10:59.559, 19249
2026/09/26 17:11:00.059, 19249
2026/09/26 17:11:00.560, 19249
2026/09/26 17:11:01.060, 19249
2026/09/26 17:11:01.560, 19249
2026/09/26 17:11:02.060, 19249
2026/09/26 17:11:02.560, 19249
2026/09/26 17:11:03.060, 19249
2026/09/26 17:11:03.561, 19249
2026/09/26 17:11:04.061, 19249
2026/09/26 17:11:04.561, 19249
2026/09/26 17:11:05.061, 19249
2026/09/26 17:11:05.561, 19249
2026/09/26 17:11:06.061, 19249
2026/09/26 17:11:06.561, 19249
2026/09/26 17:11:07.062, 19249
2026/09/26 17:11:07.562, 19249
2026/09/26 17:11:08.062, 19249
2026/09/26 17:11:08.562, 19249
2026/09/26 17:11:09.062, 19249
2026/09/26 17:11:09.562, 19249
2026/09/26 17:11:10.063, 19249
2026/09/26 17:11:10.563, 19249
2026/09/26 17:11:11.063, 19249
2026/09/26 17:11:11.563, 19249
2026/09/26 17:11:12.063, 19249
2026/09/26 17:11:12.563, 19249
2026/09/26 17:11:13.064, 19249
2026/09/26 17:11:13.564, 19249
2026/09/26 17:11:14.064, 19249
2026/09/26 17:11:14.564, 19249
2026/09/26 17:11:15.064, 19249
2026/09/26 17:11:15.565, 19249
2026/09/26 17:11:16.065, 19249
2026/09/26 17:11:16.565, 19249
2026/09/26 17:11:17.065, 19249
2026/09/26 17:11:17.565, 19249
2026/09/26 17:11:18.065, 19249
2026/09/26 17:11:18.566, 19249
2026/09/26 17:11:19.066, 19249
2026/09/26 17:11:19.566, 19249
2026/09/26 17:11:20.066, 19249
2026/09/26 17:11:20.566, 19249
2026/09/26 17:11:21.066, 19249
2026/09/26 17:11:21.566, 19249
2026/09/26 17:11:22.067, 19249
2026/09/26 17:11:22.567, 19249
2026/09/26 17:11:23.067, 19249
2026/09/26 17:11:23.567, 19249
2026/09/26 17:11:24.067, 19249
2026/09/26 17:11:24.567, 19249
2026/09/26 17:11:25.068, 19249
2026/09/26 17:11:25.568, 19249
2026/09/26 17:11:26.068, 19249
2026/09/26 17:11:26.568, 19249
2026/09/26 17:11:27.068, 19249
2026/09/26 17:11:27.568, 19249
2026/09/26 17:11:28.069, 19249
2026/09/26 17:11:28.569, 19249
2026/09/26 17:11:29.069, 19249
2026/09/26 17:11:29.569, 19249
2026/09/26 17:11:30.069, 19249
2026/09/26 17:11:30.569, 19249
2026/09/26 17:11:31.070, 19249
2026/09/26 17:11:31.570, 19249
2026/09/26 17:11:32.070, 19249
2026/09/26 17:11:32.570, 19249
2026/09/26 17:11:33.070, 19249
2026/09/26 17:11:33.570, 19249
2026/09/26 17:11:34.071, 19249
2026/09/26 17:11:34.571, 19249
2026/09/26 17:11:35.071, 19249
2026/09/26 17:11:35.571, 19249
2026/09/26 17:11:36.071, 19249
2026/09/26 17:11:36.571, 19249
2026/09/26 17:11:37.072, 19249
2026/09/26 17:11:37.572, 19249
2026/09/26 17:11:38.072, 19249
2026/09/26 17:11:38.572, 19249
2026/09/26 17:11:39.072, 19249
2026/09/26 17:11:39.572, 19249
2026/09/26 17:11:40.073, 19249
2026/09/26 17:11:40.573, 19249
2026/09/26 17:11:41.073, 19249
2026/09/26 17:11:41.573, 19249
2026/09/26 17:11:42.073, 19249
2026/09/26 17:11:42.573, 19249
2026/09/26 17:11:43.074, 19249
2026/09/26 17:11:43.574, 19249
2026/09/26 17:11:44.074, 19249
2026/09/26 17:11:44.574, 19249
2026/09/26 17:11:45.074, 19249
2026/09/26 17:11:45.574, 19249
2026/09/26 17:11:46.074, 19249
2026/09/26 17:11:46.575, 19249
2026/09/26 17:11:47.075, 19249
2026/09/26 17:11:47.575, 19249
2026/09/26 17:11:48.075, 19249
2026/09/26 17:11:48.575, 19249
2026/09/26 17:11:49.075, 19249
2026/09/26 17:11:49.575, 19249
2026/09/26 17:11:50.076, 19249
2026/09/26 17:11:50.576, 19249
2026/09/26 17:11:51.076, 19249
2026/09/26 17:11:51.576, 19249
2026/09/26 17:11:52.076, 19249
2026/09/26 17:11:52.577, 19249
2026/09/26 17:11:53.077, 19249
2026/09/26 17:11:53.577, 19249
2026/09/26 17:11:54.077, 19249
2026/09/26 17:11:54.577, 19249
2026/09/26 17:11:55.077, 19249
2026/09/26 17:11:55.577, 19249
2026/09/26 17:11:56.078, 19249
2026/09/26 17:11:56.578, 19249
2026/09/26 17:11:57.078, 19249
2026/09/26 17:11:57.578, 19249
2026/09/26 17:11:58.078, 19249
2026/09/26 17:11:58.578, 19249
2026/09/26 17:11:59.078, 19249
2026/09/26 17:11:59.579, 19249
2026/09/26 17:12:00.079, 19249
2026/09/26 17:12:00.579, 19249
2026/09/26 17:12:01.079, 19249
2026/09/26 17:12:01.579, 19249
2026/09/26 17:12:02.079, 19249
2026/09/26 17:12:02.580, 19249
2026/09/26 17:12:03.080, 19249
2026/09/26 17:12:03.580, 19249
2026/09/26 17:12:04.080, 19249
2026/09/26 17:12:04.580, 19249
2026/09/26 17:12:05.081, 19249
2026/09/26 17:12:05.581, 19249
2026/09/26 17:12:06.081, 19249
2026/09/26 17:12:06.581, 19249
2026/09/26 17:12:07.081, 19249
2026/09/26 17:12:07.581, 19249
2026/09/26 17:12:08.081, 19249
2026/09/26 17:12:08.582, 19249
2026/09/26 17:12:09.082, 19249
2026/09/26 17:12:09.582, 19249
2026/09/26 17:12:10.082, 19249
2026/09/26 17:12:10.582, 19249
2026/09/26 17:12:11.082, 19249
2026/09/26 17:12:11.583, 19249
2026/09/26 17:12:12.083, 19249
2026/09/26 17:12:12.583, 19249
2026/09/26 17:12:13.083, 19249
2026/09/26 17:12:13.583, 19249
2026/09/26 17:12:14.083, 19249
2026/09/26 17:12:14.583, 19249
2026/09/26 17:12:15.084, 19249
2026/09/26 17:12:15.584, 19249
2026/09/26 17:12:16.084, 19249
2026/09/26 17:12:16.584, 19249
2026/09/26 17:12:17.085, 19249
2026/09/26 17:12:17.585, 19249
2026/09/26 17:12:18.085, 19249
2026/09/26 17:12:18.585, 19249
2026/09/26 17:12:19.085, 19249
2026/09/26 17:12:19.585, 19249
2026/09/26 17:12:20.085, 19249
2026/09/26 17:12:20.586, 19249
2026/09/26 17:12:21.086, 19249
2026/09/26 17:12:21.586, 19249
2026/09/26 17:12:22.086, 19249
2026/09/26 17:12:22.586, 19249
2026/09/26 17:12:23.086, 19249
2026/09/26 17:12:23.586, 19249
2026/09/26 17:12:24.087, 19249
2026/09/26 17:12:24.587, 19249
2026/09/26 17:12:25.087, 19249
2026/09/26 17:12:25.587, 19249
2026/09/26 17:12:26.087, 19249
2026/09/26 17:12:26.587, 19249
2026/09/26 17:12:27.087, 19249
2026/09/26 17:12:27.588, 19249
2026/09/26 17:12:28.088, 19249
2026/09/26 17:12:28.588, 19249
2026/09/26 17:12:29.088, 19249
2026/09/26 17:12:29.588, 19249
2026/09/26 17:12:30.089, 19249
2026/09/26 17:12:30.589, 19249
2026/09/26 17:12:31.089, 19249
2026/09/26 17:12:31.589, 19249
2026/09/26 17:12:32.089, 19249
2026/09/26 17:12:32.590, 19249
2026/09/26 17:12:33.090, 19249
2026/09/26 17:12:33.590, 19249
2026/09/26 17:12:34.090, 19249
2026/09/26 17:12:34.590, 19249
2026/09/26 17:12:35.090, 19249
2026/09/26 17:12:35.590, 19249
2026/09/26 17:12:36.091, 19249
2026/09/26 17:12:36.591, 19249
2026/09/26 17:12:37.091, 19249
2026/09/26 17:12:37.591, 19249
2026/09/26 17:12:38.091, 19249
2026/09/26 17:12:38.591, 19249
2026/09/26 17:12:39.091, 19249
2026/09/26 17:12:39.592, 19249
2026/09/26 17:12:40.092, 19249
2026/09/26 17:12:40.592, 19249
2026/09/26 17:12:41.092, 19249
2026/09/26 17:12:41.592, 19249
2026/09/26 17:12:42.092, 19249
2026/09/26 17:12:42.592, 19249
2026/09/26 17:12:43.093, 19249
2026/09/26 17:12:43.593, 19249
2026/09/26 17:12:44.093, 19249
2026/09/26 17:12:44.593, 19249
2026/09/26 17:12:45.093, 19249
2026/09/26 17:12:45.593, 19249
2026/09/26 17:12:46.094, 19249
2026/09/26 17:12:46.594, 19249
2026/09/26 17:12:47.094, 19249
2026/09/26 17:12:47.594, 19249
2026/09/26 17:12:48.094, 19249
2026/09/26 17:12:48.594, 19249
2026/09/26 17:12:49.094, 19249
2026/09/26 17:12:49.595, 19249
2026/09/26 17:12:50.095, 19249
2026/09/26 17:12:50.595, 19249
2026/09/26 17:12:51.095, 19249
2026/09/26 17:12:51.595, 19249
2026/09/26 17:12:52.095, 19249
2026/09/26 17:12:52.595, 19249
2026/09/26 17:12:53.096, 19249
2026/09/26 17:12:53.596, 19249
2026/09/26 17:12:54.096, 19249
2026/09/26 17:12:54.596, 19249
2026/09/26 17:12:55.096, 19249
2026/09/26 17:12:55.596, 19249
2026/09/26 17:12:56.096, 19249
2026/09/26 17:12:56.597, 19249
2026/09/26 17:12:57.097, 19249
2026/09/26 17:12:57.597, 19249
2026/09/26 17:12:58.097, 19249
2026/09/26 17:12:58.597, 19249
2026/09/26 17:12:59.097, 19249
2026/09/26 17:12:59.597, 19249
2026/09/26 17:13:00.098, 19249
2026/09/26 17:13:00.598, 19249
2026/09/26 17:13:01.098, 19249
2026/09/26 17:13:01.598, 19249
2026/09/26 17:13:02.098, 19249
2026/09/26 17:13:02.598, 19249
2026/09/26 17:13:03.099, 19249
2026/09/26 17:13:03.599, 19249
2026/09/26 17:13:04.099, 19249
2026/09/26 17:13:04.599, 19249
2026/09/26 17:13:05.099, 19249
2026/09/26 17:13:05.599, 19249
2026/09/26 17:13:06.099, 19249
2026/09/26 17:13:06.600, 19249
2026/09/26 17:13:07.100, 19249
2026/09/26 17:13:07.600, 19249
2026/09/26 17:13:08.100, 19249
2026/09/26 17:13:08.600, 19249
2026/09/26 17:13:09.100, 19249
2026/09/26 17:13:09.600, 19249
2026/09/26 17:13:10.101, 19249
2026/09/26 17:13:10.601, 19249
2026/09/26 17:13:11.101, 19249
2026/09/26 17:13:11.601, 19249
2026/09/26 17:13:12.101, 19249
2026/09/26 17:13:12.601, 19249
2026/09/26 17:13:13.101, 19249
2026/09/26 17:13:13.602, 19249
2026/09/26 17:13:14.102, 19249
2026/09/26 17:13:14.602, 19249
2026/09/26 17:13:15.102, 19249
2026/09/26 17:13:15.602, 19249
2026/09/26 17:13:16.102, 19249
2026/09/26 17:13:16.603, 19249
2026/09/26 17:13:17.103, 19249
2026/09/26 17:13:17.603, 19249
2026/09/26 17:13:18.103, 19249
2026/09/26 17:13:18.603, 19249
2026/09/26 17:13:19.103, 19249
2026/09/26 17:13:19.603, 19249
2026/09/26 17:13:20.104, 19249
2026/09/26 17:13:20.604, 19249
2026/09/26 17:13:21.105, 19249
2026/09/26 17:13:21.605, 19249
2026/09/26 17:13:22.105, 19249
2026/09/26 17:13:22.605, 19249
2026/09/26 17:13:23.105, 19249
2026/09/26 17:13:23.605, 19249
2026/09/26 17:13:24.105, 19249
2026/09/26 17:13:24.606, 19249
2026/09/26 17:13:25.106, 19249
2026/09/26 17:13:25.606, 19249
2026/09/26 17:13:26.106, 19249
2026/09/26 17:13:26.606, 19249
2026/09/26 17:13:27.106, 19249
2026/09/26 17:13:27.607, 19249
2026/09/26 17:13:28.107, 19249
2026/09/26 17:13:28.607, 19249
2026/09/26 17:13:29.107, 19249
2026/09/26 17:13:29.607, 19249
2026/09/26 17:13:30.107, 19249
2026/09/26 17:13:30.607, 19249
2026/09/26 17:13:31.108, 19249
2026/09/26 17:13:31.608, 19249
2026/09/26 17:13:32.108, 19249
2026/09/26 17:13:32.608, 19249
2026/09/26 17:13:33.108, 19249
2026/09/26 17:13:33.608, 19249
2026/09/26 17:13:34.109, 19249
2026/09/26 17:13:34.609, 19249
2026/09/26 17:13:35.109, 19249
2026/09/26 17:13:35.609, 19249
2026/09/26 17:13:36.109, 19249
2026/09/26 17:13:36.609, 19249
2026/09/26 17:13:37.109, 19249
2026/09/26 17:13:37.609, 19249
2026/09/26 17:13:38.110, 19249
2026/09/26 17:13:38.610, 19249
2026/09/26 17:13:39.110, 19249
2026/09/26 17:13:39.610, 19249
2026/09/26 17:13:40.110, 19249
2026/09/26 17:13:40.610, 19249
2026/09/26 17:13:41.110, 19249
2026/09/26 17:13:41.611, 19249
2026/09/26 17:13:42.111, 19249
2026/09/26 17:13:42.611, 19249
2026/09/26 17:13:43.111, 19249
2026/09/26 17:13:43.611, 19249
2026/09/26 17:13:44.111, 19249
2026/09/26 17:13:44.611, 19249
2026/09/26 17:13:45.112, 19249
2026/09/26 17:13:45.612, 19249
2026/09/26 17:13:46.112, 19249
2026/09/26 17:13:46.612, 19249
2026/09/26 17:13:47.112, 19249
2026/09/26 17:13:47.612, 19249
2026/09/26 17:13:48.112, 19249
2026/09/26 17:13:48.613, 19249
2026/09/26 17:13:49.113, 19249
2026/09/26 17:13:49.613, 19249
2026/09/26 17:13:50.113, 19249
2026/09/26 17:13:50.613, 19249
2026/09/26 17:13:51.113, 19249
2026/09/26 17:13:51.614, 19249
2026/09/26 17:13:52.114, 19249
2026/09/26 17:13:52.614, 19249
2026/09/26 17:13:53.114, 19249
2026/09/26 17:13:53.614, 19249
2026/09/26 17:13:54.114, 19249
2026/09/26 17:13:54.614, 19249
2026/09/26 17:13:55.114, 19249
2026/09/26 17:13:55.615, 19249
2026/09/26 17:13:56.115, 19249
2026/09/26 17:13:56.615, 19249
2026/09/26 17:13:57.115, 19249
2026/09/26 17:13:57.615, 19249
2026/09/26 17:13:58.115, 19249
2026/09/26 17:13:58.615, 19249
2026/09/26 17:13:59.116, 19249
2026/09/26 17:13:59.616, 19249
2026/09/26 17:14:00.116, 19249
2026/09/26 17:14:00.616, 19249
2026/09/26 17:14:01.116, 19249
2026/09/26 17:14:01.616, 19249
2026/09/26 17:14:02.116, 19249
2026/09/26 17:14:02.617, 19249
2026/09/26 17:14:03.117, 19249
2026/09/26 17:14:03.617, 19249
2026/09/26 17:14:04.117, 19249
2026/09/26 17:14:04.617, 19249
2026/09/26 17:14:05.117, 19249
2026/09/26 17:14:05.617, 19249
2026/09/26 17:14:06.118, 19249
2026/09/26 17:14:06.618, 19249
2026/09/26 17:14:07.118, 19249
2026/09/26 17:14:07.618, 19249
2026/09/26 17:14:08.118, 19249
2026/09/26 17:14:08.618, 19249
2026/09/26 17:14:09.118, 19249
2026/09/26 17:14:09.619, 19249
2026/09/26 17:14:10.119, 19249
2026/09/26 17:14:10.619, 19249
2026/09/26 17:14:11.119, 19249
2026/09/26 17:14:11.619, 19249
2026/09/26 17:14:12.119, 19249
2026/09/26 17:14:12.620, 19249
2026/09/26 17:14:13.120, 19249
2026/09/26 17:14:13.620, 19249
2026/09/26 17:14:14.120, 19249
2026/09/26 17:14:14.620, 19249
2026/09/26 17:14:15.120, 19249
2026/09/26 17:14:15.621, 19249
2026/09/26 17:14:16.121, 19249
2026/09/26 17:14:16.621, 19249
2026/09/26 17:14:17.121, 19249
2026/09/26 17:14:17.621, 19249
2026/09/26 17:14:18.121, 19249
2026/09/26 17:14:18.622, 19249
2026/09/26 17:14:19.122, 19249
2026/09/26 17:14:19.622, 19249
2026/09/26 17:14:20.122, 19249
2026/09/26 17:14:20.622, 19249
2026/09/26 17:14:21.123, 19249
2026/09/26 17:14:21.623, 19249
2026/09/26 17:14:22.123, 19249
2026/09/26 17:14:22.623, 19249
2026/09/26 17:14:23.123, 19249
2026/09/26 17:14:23.623, 19249
2026/09/26 17:14:24.124, 19249
2026/09/26 17:14:24.624, 19249
2026/09/26 17:14:25.124, 19249
2026/09/26 17:14:25.624, 19249
2026/09/26 17:14:26.124, 19249
2026/09/26 17:14:26.624, 19249
2026/09/26 17:14:27.125, 19249
2026/09/26 17:14:27.625, 19249
2026/09/26 17:14:28.125, 19249
2026/09/26 17:14:28.625, 19249
2026/09/26 17:14:29.125, 19249
2026/09/26 17:14:29.625, 19249
2026/09/26 17:14:30.125, 19249
2026/09/26 17:14:30.626, 19249
2026/09/26 17:14:31.126, 19249
2026/09/26 17:14:31.626, 19249
2026/09/26 17:14:32.126, 19249
2026/09/26 17:14:32.626, 19249
2026/09/26 17:14:33.126, 19249
2026/09/26 17:14:33.627, 19249
2026/09/26 17:14:34.127, 19249
2026/09/26 17:14:34.627, 19249
2026/09/26 17:14:35.127, 19249
2026/09/26 17:14:35.627, 19249
2026/09/26 17:14:36.127, 19249
2026/09/26 17:14:36.628, 19249
2026/09/26 17:14:37.128, 19249
2026/09/26 17:14:37.628, 19249
2026/09/26 17:14:38.128, 19249
2026/09/26 17:14:38.628, 19249
2026/09/26 17:14:39.128, 19249
2026/09/26 17:14:39.629, 19249
2026/09/26 17:14:40.129, 19249
2026/09/26 17:14:40.629, 19249
2026/09/26 17:14:41.129, 19249
2026/09/26 17:14:41.629, 19249
2026/09/26 17:14:42.129, 19249
2026/09/26 17:14:42.629, 19249
2026/09/26 17:14:43.130, 19249
2026/09/26 17:14:43.630, 19249
2026/09/26 17:14:44.130, 19249
2026/09/26 17:14:44.630, 19249
2026/09/26 17:14:45.130, 19249
2026/09/26 17:14:45.630, 19249
2026/09/26 17:14:46.131, 19249
2026/09/26 17:14:46.631, 19249
2026/09/26 17:14:47.131, 19249
2026/09/26 17:14:47.631, 19249
2026/09/26 17:14:48.131, 19249
2026/09/26 17:14:48.631, 19249
2026/09/26 17:14:49.131, 19249
2026/09/26 17:14:49.631, 19249
2026/09/26 17:14:50.131, 19249
2026/09/26 17:14:50.632, 19249
2026/09/26 17:14:51.132, 19249
2026/09/26 17:14:51.632, 19249
2026/09/26 17:14:52.132, 19249
2026/09/26 17:14:52.632, 19249
2026/09/26 17:14:53.132, 19249
2026/09/26 17:14:53.632, 19249
2026/09/26 17:14:54.132, 19249
2026/09/26 17:14:54.633, 19249
2026/09/26 17:14:55.133, 19249
2026/09/26 17:14:55.633, 19249
2026/09/26 17:14:56.133, 19249
2026/09/26 17:14:56.633, 19249
2026/09/26 17:14:57.133, 19249
2026/09/26 17:14:57.633, 19249
2026/09/26 17:14:58.134, 19249
2026/09/26 17:14:58.634, 19249
2026/09/26 17:14:59.134, 19249
2026/09/26 17:14:59.634, 19249
2026/09/26 17:15:00.134, 19249
2026/09/26 17:15:00.634, 19249
2026/09/26 17:15:01.135, 19249
2026/09/26 17:15:01.635, 19249
2026/09/26 17:15:02.135, 19249
2026/09/26 17:15:02.635, 19249
2026/09/26 17:15:03.135, 19249
2026/09/26 17:15:03.635, 19249
2026/09/26 17:15:04.135, 19249
2026/09/26 17:15:04.636, 19249
2026/09/26 17:15:05.136, 19249
2026/09/26 17:15:05.636, 19249
2026/09/26 17:15:06.136, 19249
2026/09/26 17:15:06.636, 19249
2026/09/26 17:15:07.137, 19249
2026/09/26 17:15:07.637, 19249
2026/09/26 17:15:08.137, 19249
2026/09/26 17:15:08.637, 19249
2026/09/26 17:15:09.137, 19249
2026/09/26 17:15:09.637, 19249
2026/09/26 17:15:10.137, 19249
2026/09/26 17:15:10.638, 19249
2026/09/26 17:15:11.138, 19249
2026/09/26 17:15:11.638, 19249
2026/09/26 17:15:12.138, 19249
2026/09/26 17:15:12.638, 19249
2026/09/26 17:15:13.138, 19249
2026/09/26 17:15:13.638, 19249
2026/09/26 17:15:14.139, 19249
2026/09/26 17:15:14.639, 19249
2026/09/26 17:15:15.139, 19249
2026/09/26 17:15:15.639, 19249
2026/09/26 17:15:16.139, 19249
2026/09/26 17:15:16.640, 19249
2026/09/26 17:15:17.140, 19249
2026/09/26 17:15:17.640, 19249
2026/09/26 17:15:18.140, 19249
2026/09/26 17:15:18.640, 19249
2026/09/26 17:15:19.140, 19249
2026/09/26 17:15:19.640, 19249
2026/09/26 17:15:20.141, 19249
2026/09/26 17:15:20.641, 19249
2026/09/26 17:15:21.141, 19249
2026/09/26 17:15:21.641, 19249
2026/09/26 17:15:22.141, 19249
2026/09/26 17:15:22.641, 19249
2026/09/26 17:15:23.142, 19249
2026/09/26 17:15:23.642, 19249
2026/09/26 17:15:24.142, 19249
2026/09/26 17:15:24.642, 19249
2026/09/26 17:15:25.142, 19249
2026/09/26 17:15:25.642, 19249
2026/09/26 17:15:26.143, 19249
2026/09/26 17:15:26.643, 19249
2026/09/26 17:15:27.143, 19249
2026/09/26 17:15:27.643, 19249
2026/09/26 17:15:28.143, 19249
2026/09/26 17:15:28.643, 19249
2026/09/26 17:15:29.144, 19249
2026/09/26 17:15:29.644, 19249
2026/09/26 17:15:30.144, 19249
2026/09/26 17:15:30.644, 19249
2026/09/26 17:15:31.144, 19249
2026/09/26 17:15:31.644, 19249
2026/09/26 17:15:32.144, 19249
2026/09/26 17:15:32.645, 19249
2026/09/26 17:15:33.145, 19249
2026/09/26 17:15:33.645, 19249
2026/09/26 17:15:34.145, 19249
2026/09/26 17:15:34.645, 19249
2026/09/26 17:15:35.145, 19249
2026/09/26 17:15:35.646, 19249
2026/09/26 17:15:36.146, 19249
2026/09/26 17:15:36.646, 19249
2026/09/26 17:15:37.146, 19249
2026/09/26 17:15:37.646, 19249
2026/09/26 17:15:38.146, 19249
2026/09/26 17:15:38.646, 19249
2026/09/26 17:15:39.147, 19249
2026/09/26 17:15:39.647, 19249
2026/09/26 17:15:40.147, 19249
2026/09/26 17:15:40.647, 19249
2026/09/26 17:15:41.147, 19249
2026/09/26 17:15:41.647, 19249
2026/09/26 17:15:42.147, 19249
2026/09/26 17:15:42.648, 19249
2026/09/26 17:15:43.148, 19249
2026/09/26 17:15:43.648, 19249
2026/09/26 17:15:44.148, 19249
2026/09/26 17:15:44.648, 19249
2026/09/26 17:15:45.148, 19249
2026/09/26 17:15:45.648, 19249
2026/09/26 17:15:46.149, 19249
2026/09/26 17:15:46.649, 19249
2026/09/26 17:15:47.149, 19249
2026/09/26 17:15:47.649, 19249
2026/09/26 17:15:48.149, 19249
2026/09/26 17:15:48.649, 19249
2026/09/26 17:15:49.150, 19249
2026/09/26 17:15:49.650, 19249
2026/09/26 17:15:50.154, 19249
2026/09/26 17:15:50.654, 19249
2026/09/26 17:15:51.154, 19249
2026/09/26 17:15:51.654, 19249
2026/09/26 17:15:52.155, 19249
2026/09/26 17:15:52.655, 19249
2026/09/26 17:15:53.155, 19249
2026/09/26 17:15:53.655, 19249
2026/09/26 17:15:54.155, 19249
2026/09/26 17:15:54.655, 19249
2026/09/26 17:15:55.155, 19249
2026/09/26 17:15:55.656, 19249
2026/09/26 17:15:56.156, 19249
2026/09/26 17:15:56.656, 19249
2026/09/26 17:15:57.156, 19249
2026/09/26 17:15:57.656, 19249
2026/09/26 17:15:58.156, 19249
2026/09/26 17:15:58.657, 19249
2026/09/26 17:15:59.157, 19249
2026/09/26 17:15:59.657, 19249
2026/09/26 17:16:00.157, 19249
2026/09/26 17:16:00.657, 19249
2026/09/26 17:16:01.157, 19249
2026/09/26 17:16:01.657, 19249
2026/09/26 17:16:02.158, 19249
2026/09/26 17:16:02.658, 19249
2026/09/26 17:16:03.158, 19249
2026/09/26 17:16:03.658, 19249
2026/09/26 17:16:04.158, 19249
2026/09/26 17:16:04.658, 19249
2026/09/26 17:16:05.158, 19249
2026/09/26 17:16:05.659, 19249
2026/09/26 17:16:06.159, 19249
2026/09/26 17:16:06.659, 19249
2026/09/26 17:16:07.159, 19249
2026/09/26 17:16:07.659, 19249
2026/09/26 17:16:08.159, 19249
2026/09/26 17:16:08.660, 19249
2026/09/26 17:16:09.160, 19249
2026/09/26 17:16:09.660, 19249
2026/09/26 17:16:10.160, 19249
2026/09/26 17:16:10.660, 19249
2026/09/26 17:16:11.160, 19249
2026/09/26 17:16:11.660, 19249
2026/09/26 17:16:12.161, 19249
2026/09/26 17:16:12.661, 19249
2026/09/26 17:16:13.161, 19249
2026/09/26 17:16:13.661, 19249
2026/09/26 17:16:14.161, 19249
2026/09/26 17:16:14.661, 19249
2026/09/26 17:16:15.162, 19249
2026/09/26 17:16:15.662, 19249
2026/09/26 17:16:16.162, 19249
2026/09/26 17:16:16.662, 19249
2026/09/26 17:16:17.162, 19249
2026/09/26 17:16:17.662, 19249
2026/09/26 17:16:18.163, 19249
2026/09/26 17:16:18.663, 19249
2026/09/26 17:16:19.163, 19249
2026/09/26 17:16:19.663, 19249
2026/09/26 17:16:20.163, 19249
2026/09/26 17:16:20.663, 19249
2026/09/26 17:16:21.163, 19249
2026/09/26 17:16:21.664, 19249
2026/09/26 17:16:22.164, 19249
2026/09/26 17:16:22.664, 19249
2026/09/26 17:16:23.164, 19249
2026/09/26 17:16:23.664, 19249
2026/09/26 17:16:24.164, 19249
2026/09/26 17:16:24.665, 19249
2026/09/26 17:16:25.165, 19249
2026/09/26 17:16:25.665, 19249
2026/09/26 17:16:26.165, 19249
2026/09/26 17:16:26.665, 19249
2026/09/26 17:16:27.165, 19249
2026/09/26 17:16:27.665, 19249
2026/09/26 17:16:28.166, 19249
2026/09/26 17:16:28.666, 19249
2026/09/26 17:16:29.175, 19249
2026/09/26 17:16:29.675, 19249
2026/09/26 17:16:30.175, 19249
2026/09/26 17:16:30.676, 19249
2026/09/26 17:16:31.176, 19249
2026/09/26 17:16:31.676, 19249
2026/09/26 17:16:32.176, 19249
2026/09/26 17:16:32.676, 19249
2026/09/26 17:16:33.176, 19249
2026/09/26 17:16:33.676, 19249
2026/09/26 17:16:34.177, 19249
2026/09/26 17:16:34.677, 19249
2026/09/26 17:16:35.177, 19249
2026/09/26 17:16:35.677, 19249
2026/09/26 17:16:36.177, 19249
2026/09/26 17:16:36.677, 19249
2026/09/26 17:16:37.177, 19249
2026/09/26 17:16:37.678, 19249
2026/09/26 17:16:38.178, 19249
2026/09/26 17:16:38.678, 19249
2026/09/26 17:16:39.178, 19249
2026/09/26 17:16:39.678, 19249
2026/09/26 17:16:40.178, 19249
2026/09/26 17:16:40.678, 19249
2026/09/26 17:16:41.179, 19249
2026/09/26 17:16:41.679, 19249
2026/09/26 17:16:42.179, 19249
2026/09/26 17:16:42.679, 19249
2026/09/26 17:16:43.179, 19249
2026/09/26 17:16:43.679, 19249
2026/09/26 17:16:44.179, 19249
2026/09/26 17:16:44.680, 19249
2026/09/26 17:16:45.180, 19249
2026/09/26 17:16:45.680, 19249
2026/09/26 17:16:46.180, 19249
2026/09/26 17:16:46.680, 19249
2026/09/26 17:16:47.181, 19249
2026/09/26 17:16:47.681, 19249
2026/09/26 17:16:48.181, 19249
2026/09/26 17:16:48.681, 19249
2026/09/26 17:16:49.181, 19249
2026/09/26 17:16:49.681, 19249
2026/09/26 17:16:50.181, 19249
2026/09/26 17:16:50.682, 19249
2026/09/26 17:16:51.182, 19249
2026/09/26 17:16:51.682, 19249
2026/09/26 17:16:52.182, 19249
2026/09/26 17:16:52.682, 19249
2026/09/26 17:16:53.182, 19249
2026/09/26 17:16:53.683, 19249
2026/09/26 17:16:54.183, 19249
2026/09/26 17:16:54.683, 19249
2026/09/26 17:16:55.183, 19249
2026/09/26 17:16:55.683, 19249
2026/09/26 17:16:56.183, 19249
2026/09/26 17:16:56.683, 19249
2026/09/26 17:16:57.184, 19249
2026/09/26 17:16:57.684, 19249
2026/09/26 17:16:58.184, 19249
2026/09/26 17:16:58.684, 19249
2026/09/26 17:16:59.184, 19249
2026/09/26 17:16:59.684, 19249
2026/09/26 17:17:00.184, 19249
2026/09/26 17:17:00.684, 19249
2026/09/26 17:17:01.185, 19249
2026/09/26 17:17:01.685, 19249
2026/09/26 17:17:02.185, 19249
2026/09/26 17:17:02.685, 19249
2026/09/26 17:17:03.185, 19249
2026/09/26 17:17:03.685, 19249
2026/09/26 17:17:04.185, 19249
2026/09/26 17:17:04.686, 19249
2026/09/26 17:17:05.186, 19249
2026/09/26 17:17:05.686, 19249
2026/09/26 17:17:06.186, 19249
2026/09/26 17:17:06.686, 19249
2026/09/26 17:17:07.186, 19249
2026/09/26 17:17:07.686, 19249
2026/09/26 17:17:08.187, 19249
2026/09/26 17:17:08.687, 19249
2026/09/26 17:17:09.187, 19249
2026/09/26 17:17:09.687, 19249
2026/09/26 17:17:10.187, 19249
2026/09/26 17:17:10.687, 19249
2026/09/26 17:17:11.188, 19249
2026/09/26 17:17:11.688, 19249
2026/09/26 17:17:12.188, 19249
2026/09/26 17:17:12.688, 19249
2026/09/26 17:17:13.188, 19249
2026/09/26 17:17:13.688, 19249
2026/09/26 17:17:14.188, 19249
2026/09/26 17:17:14.689, 19249
2026/09/26 17:17:15.189, 19249
2026/09/26 17:17:15.689, 19249
2026/09/26 17:17:16.189, 19249
2026/09/26 17:17:16.689, 19249
2026/09/26 17:17:17.189, 19249
2026/09/26 17:17:17.689, 19249
2026/09/26 17:17:18.190, 19249
2026/09/26 17:17:18.690, 19249
2026/09/26 17:17:19.190, 19249
2026/09/26 17:17:19.690, 19249
2026/09/26 17:17:20.190, 19249
2026/09/26 17:17:20.690, 19249
2026/09/26 17:17:21.190, 19249
2026/09/26 17:17:21.691, 19249
2026/09/26 17:17:22.191, 19249
2026/09/26 17:17:22.691, 19249
2026/09/26 17:17:23.191, 19249
2026/09/26 17:17:23.691, 19249
2026/09/26 17:17:24.191, 19249
2026/09/26 17:17:24.692, 19249
2026/09/26 17:17:25.192, 19249
2026/09/26 17:17:25.692, 19249
2026/09/26 17:17:26.192, 19249
2026/09/26 17:17:26.692, 19249
2026/09/26 17:17:27.192, 19249
2026/09/26 17:17:27.692, 19249
2026/09/26 17:17:28.193, 19249
2026/09/26 17:17:28.693, 19249
2026/09/26 17:17:29.193, 19249
2026/09/26 17:17:29.693, 19249
2026/09/26 17:17:30.193, 19249
2026/09/26 17:17:30.693, 19249
2026/09/26 17:17:31.193, 19249
2026/09/26 17:17:31.694, 19249
2026/09/26 17:17:32.194, 19249
2026/09/26 17:17:32.694, 19249
2026/09/26 17:17:33.194, 19249
2026/09/26 17:17:33.694, 19249
2026/09/26 17:17:34.194, 19249
2026/09/26 17:17:34.695, 19249
2026/09/26 17:17:35.195, 19249
2026/09/26 17:17:35.695, 19249
2026/09/26 17:17:36.195, 19249
2026/09/26 17:17:36.695, 19249
2026/09/26 17:17:37.195, 19249
2026/09/26 17:17:37.695, 19249
2026/09/26 17:17:38.196, 19249
2026/09/26 17:17:38.696, 19249
2026/09/26 17:17:39.196, 19249
2026/09/26 17:17:39.696, 19249
2026/09/26 17:17:40.196, 19249
2026/09/26 17:17:40.696, 19249
2026/09/26 17:17:41.197, 19249
2026/09/26 17:17:41.697, 19249
2026/09/26 17:17:42.197, 19249
2026/09/26 17:17:42.697, 19249
2026/09/26 17:17:43.197, 19249
2026/09/26 17:17:43.697, 19249
2026/09/26 17:17:44.197, 19249
2026/09/26 17:17:44.698, 19249
2026/09/26 17:17:45.198, 19249
2026/09/26 17:17:45.698, 19249
2026/09/26 17:17:46.198, 19249
2026/09/26 17:17:46.698, 19249
2026/09/26 17:17:47.198, 19249
2026/09/26 17:17:47.699, 19249
2026/09/26 17:17:48.199, 19249
2026/09/26 17:17:48.699, 19249
2026/09/26 17:17:49.199, 19249
2026/09/26 17:17:49.699, 19249
2026/09/26 17:17:50.199, 19249
2026/09/26 17:17:50.699, 19249
2026/09/26 17:17:51.200, 19249
2026/09/26 17:17:51.700, 19249
2026/09/26 17:17:52.200, 19249
2026/09/26 17:17:52.700, 19249
2026/09/26 17:17:53.200, 19249
2026/09/26 17:17:53.700, 19249
2026/09/26 17:17:54.200, 19249
2026/09/26 17:17:54.701, 19249
2026/09/26 17:17:55.201, 19249
2026/09/26 17:17:55.701, 19249
2026/09/26 17:17:56.201, 19249
2026/09/26 17:17:56.701, 19249
2026/09/26 17:17:57.201, 19249
2026/09/26 17:17:57.702, 19249
2026/09/26 17:17:58.202, 19249
2026/09/26 17:17:58.702, 19249
2026/09/26 17:17:59.202, 19249
2026/09/26 17:17:59.702, 19249
2026/09/26 17:18:00.202, 19249
2026/09/26 17:18:00.703, 19249
2026/09/26 17:18:01.203, 19249
2026/09/26 17:18:01.703, 19249
2026/09/26 17:18:02.203, 19249
2026/09/26 17:18:02.703, 19249
2026/09/26 17:18:03.203, 19249
2026/09/26 17:18:03.703, 19249
2026/09/26 17:18:04.204, 19249
2026/09/26 17:18:04.704, 19249
2026/09/26 17:18:05.204, 19249
2026/09/26 17:18:05.704, 19249
2026/09/26 17:18:06.204, 19249
2026/09/26 17:18:06.704, 19249
2026/09/26 17:18:07.205, 19249
2026/09/26 17:18:07.705, 19249
2026/09/26 17:18:08.205, 19249
2026/09/26 17:18:08.705, 19249
2026/09/26 17:18:09.205, 19249
2026/09/26 17:18:09.705, 19249
2026/09/26 17:18:10.206, 19249
2026/09/26 17:18:10.706, 19249
2026/09/26 17:18:11.206, 19249
2026/09/26 17:18:11.706, 19249
2026/09/26 17:18:12.206, 19249
2026/09/26 17:18:12.706, 19249
2026/09/26 17:18:13.207, 19249
2026/09/26 17:18:13.707, 19249
2026/09/26 17:18:14.207, 19249
2026/09/26 17:18:14.707, 19249
2026/09/26 17:18:15.207, 19249
2026/09/26 17:18:15.707, 19249
2026/09/26 17:18:16.208, 19249
2026/09/26 17:18:16.708, 19249
2026/09/26 17:18:17.208, 19249
2026/09/26 17:18:17.708, 19249
2026/09/26 17:18:18.208, 19249
2026/09/26 17:18:18.708, 19249
2026/09/26 17:18:19.209, 19249
2026/09/26 17:18:19.709, 19249
2026/09/26 17:18:20.209, 19249
2026/09/26 17:18:20.709, 19249
2026/09/26 17:18:21.209, 19249
2026/09/26 17:18:21.709, 19249
2026/09/26 17:18:22.210, 19249
2026/09/26 17:18:22.710, 19249
2026/09/26 17:18:23.210, 19249
2026/09/26 17:18:23.710, 19249
2026/09/26 17:18:24.210, 19249
2026/09/26 17:18:24.710, 19249
2026/09/26 17:18:25.211, 19249
2026/09/26 17:18:25.711, 19249
2026/09/26 17:18:26.211, 19249
2026/09/26 17:18:26.711, 19249
2026/09/26 17:18:27.211, 19249
2026/09/26 17:18:27.711, 19249
2026/09/26 17:18:28.212, 19249
2026/09/26 17:18:28.712, 19249
2026/09/26 17:18:29.212, 19249
2026/09/26 17:18:29.712, 19249
2026/09/26 17:18:30.212, 19249
2026/09/26 17:18:30.712, 19249
2026/09/26 17:18:31.213, 19249
2026/09/26 17:18:31.713, 19249
2026/09/26 17:18:32.213, 19249
2026/09/26 17:18:32.713, 19249
2026/09/26 17:18:33.213, 19249
2026/09/26 17:18:33.713, 19249
2026/09/26 17:18:34.213, 19249
2026/09/26 17:18:34.714, 19249
2026/09/26 17:18:35.214, 19249
2026/09/26 17:18:35.714, 19249
2026/09/26 17:18:36.214, 19249
2026/09/26 17:18:36.714, 19249
2026/09/26 17:18:37.214, 19249
2026/09/26 17:18:37.715, 19249
2026/09/26 17:18:38.215, 19249
2026/09/26 17:18:38.715, 19249
2026/09/26 17:18:39.215, 19249
2026/09/26 17:18:39.715, 19249
2026/09/26 17:18:40.215, 19249
2026/09/26 17:18:40.716, 19249
2026/09/26 17:18:41.216, 19249
2026/09/26 17:18:41.716, 19249
2026/09/26 17:18:42.216, 19249
2026/09/26 17:18:42.716, 19249
2026/09/26 17:18:43.216, 19249
2026/09/26 17:18:43.716, 19249
2026/09/26 17:18:44.217, 19249
2026/09/26 17:18:44.717, 19249
2026/09/26 17:18:45.217, 19249
2026/09/26 17:18:45.717, 19249
2026/09/26 17:18:46.217, 19249
2026/09/26 17:18:46.717, 19249
2026/09/26 17:18:47.218, 19249
2026/09/26 17:18:47.718, 19249
2026/09/26 17:18:48.218, 19249
2026/09/26 17:18:48.718, 19249
2026/09/26 17:18:49.218, 19249
2026/09/26 17:18:49.718, 19249
2026/09/26 17:18:50.218, 19249
2026/09/26 17:18:50.719, 19249
2026/09/26 17:18:51.219, 19249
2026/09/26 17:18:51.719, 19249
2026/09/26 17:18:52.219, 19249
2026/09/26 17:18:52.719, 19249
2026/09/26 17:18:53.219, 19249
2026/09/26 17:18:53.719, 19249
2026/09/26 17:18:54.220, 19249
2026/09/26 17:18:54.720, 19249
2026/09/26 17:18:55.220, 19249
2026/09/26 17:18:55.720, 19249
2026/09/26 17:18:56.220, 19249
2026/09/26 17:18:56.720, 19249
2026/09/26 17:18:57.220, 19249
2026/09/26 17:18:57.721, 19249
2026/09/26 17:18:58.221, 19249
2026/09/26 17:18:58.721, 19249
2026/09/26 17:18:59.221, 19249
2026/09/26 17:18:59.721, 19249
2026/09/26 17:19:00.221, 19249
2026/09/26 17:19:00.721, 19249
2026/09/26 17:19:01.222, 19249
2026/09/26 17:19:01.722, 19249
2026/09/26 17:19:02.222, 19249
2026/09/26 17:19:02.722, 19249
2026/09/26 17:19:03.222, 19249
2026/09/26 17:19:03.722, 19249
2026/09/26 17:19:04.222, 19249
2026/09/26 17:19:04.723, 19249
2026/09/26 17:19:05.223, 19249
2026/09/26 17:19:05.738, 19249
2026/09/26 17:19:06.238, 19249
2026/09/26 17:19:06.738, 19249
2026/09/26 17:19:07.238, 19249
2026/09/26 17:19:07.738, 19249
2026/09/26 17:19:08.238, 19249
2026/09/26 17:19:08.738, 19249
2026/09/26 17:19:09.238, 19249
2026/09/26 17:19:09.739, 19249
2026/09/26 17:19:10.239, 19249
2026/09/26 17:19:10.739, 19249
2026/09/26 17:19:11.239, 19249
2026/09/26 17:19:11.739, 19249
2026/09/26 17:19:12.239, 19249
2026/09/26 17:19:12.740, 19249
2026/09/26 17:19:13.240, 19249
2026/09/26 17:19:13.740, 19249
2026/09/26 17:19:14.241, 19249
2026/09/26 17:19:14.741, 19249
2026/09/26 17:19:15.241, 19249
2026/09/26 17:19:15.741, 19249
2026/09/26 17:19:16.241, 19249
2026/09/26 17:19:16.741, 19249
2026/09/26 17:19:17.242, 19249
2026/09/26 17:19:17.742, 19249
2026/09/26 17:19:18.242, 19249
2026/09/26 17:19:18.742, 19249
2026/09/26 17:19:19.242, 19249
2026/09/26 17:19:19.742, 19249
2026/09/26 17:19:20.242, 19249
2026/09/26 17:19:20.742, 19249
2026/09/26 17:19:21.243, 19249
2026/09/26 17:19:21.743, 19249
2026/09/26 17:19:22.243, 19249
2026/09/26 17:19:22.743, 19249
2026/09/26 17:19:23.243, 19249
2026/09/26 17:19:23.743, 19249
2026/09/26 17:19:24.243, 19249
2026/09/26 17:19:24.744, 19249
2026/09/26 17:19:25.244, 19249
2026/09/26 17:19:25.744, 19249
2026/09/26 17:19:26.244, 19249
2026/09/26 17:19:26.744, 19249
2026/09/26 17:19:27.244, 19249
2026/09/26 17:19:27.744, 19249
2026/09/26 17:19:28.245, 19249
2026/09/26 17:19:28.745, 19249
2026/09/26 17:19:29.245, 19249
2026/09/26 17:19:29.745, 19249
2026/09/26 17:19:30.245, 19249
2026/09/26 17:19:30.745, 19249
2026/09/26 17:19:31.245, 19249
2026/09/26 17:19:31.745, 19249
2026/09/26 17:19:32.246, 19249
2026/09/26 17:19:32.746, 19249
2026/09/26 17:19:33.246, 19249
2026/09/26 17:19:33.746, 19249
2026/09/26 17:19:34.246, 19249
2026/09/26 17:19:34.746, 19249
2026/09/26 17:19:35.246, 19249
2026/09/26 17:19:35.747, 19249
2026/09/26 17:19:36.247, 19249
2026/09/26 17:19:36.747, 19249
2026/09/26 17:19:37.247, 19249
2026/09/26 17:19:37.747, 19249
2026/09/26 17:19:38.247, 19249
2026/09/26 17:19:38.747, 19249
2026/09/26 17:19:39.247, 19249
2026/09/26 17:19:39.748, 19249
2026/09/26 17:19:40.248, 19249
2026/09/26 17:19:40.748, 19249
2026/09/26 17:19:41.248, 19249
2026/09/26 17:19:41.748, 19249
2026/09/26 17:19:42.248, 19249
2026/09/26 17:19:42.748, 19249
2026/09/26 17:19:43.248, 19249
2026/09/26 17:19:43.749, 19249
2026/09/26 17:19:44.249, 19249
2026/09/26 17:19:44.749, 19249
2026/09/26 17:19:45.249, 19249
2026/09/26 17:19:45.749, 19249
2026/09/26 17:19:46.249, 19249
2026/09/26 17:19:46.749, 19249
2026/09/26 17:19:47.250, 19249
2026/09/26 17:19:47.750, 19249
2026/09/26 17:19:48.250, 19249
2026/09/26 17:19:48.750, 19249
2026/09/26 17:19:49.250, 19249
2026/09/26 17:19:49.750, 19249
2026/09/26 17:19:50.251, 19249
2026/09/26 17:19:50.751, 19249
2026/09/26 17:19:51.251, 19249
2026/09/26 17:19:51.751, 19249
2026/09/26 17:19:52.251, 19249
2026/09/26 17:19:52.751, 19249
2026/09/26 17:19:53.251, 19249
2026/09/26 17:19:53.751, 19249
2026/09/26 17:19:54.252, 19249
2026/09/26 17:19:54.752, 19249
2026/09/26 17:19:55.252, 19249
2026/09/26 17:19:55.752, 19249
2026/09/26 17:19:56.252, 19249
2026/09/26 17:19:56.752, 19249
2026/09/26 17:19:57.253, 19249
2026/09/26 17:19:57.753, 19249
2026/09/26 17:19:58.253, 19249
2026/09/26 17:19:58.753, 19249
2026/09/26 17:19:59.253, 19249
2026/09/26 17:19:59.753, 19249
2026/09/26 17:20:00.253, 19249
2026/09/26 17:20:00.753, 19249
2026/09/26 17:20:01.254, 19249
2026/09/26 17:20:01.754, 19249
2026/09/26 17:20:02.254, 19249
2026/09/26 17:20:02.754, 19249
2026/09/26 17:20:03.254, 19249
2026/09/26 17:20:03.754, 19249
2026/09/26 17:20:04.254, 19249
2026/09/26 17:20:04.755, 19249
2026/09/26 17:20:05.255, 19249
2026/09/26 17:20:05.755, 19249
2026/09/26 17:20:06.255, 19249
2026/09/26 17:20:06.755, 19249
2026/09/26 17:20:07.255, 19249
2026/09/26 17:20:07.755, 19249
2026/09/26 17:20:08.255, 19249
2026/09/26 17:20:08.756, 19249
2026/09/26 17:20:09.256, 19249
2026/09/26 17:20:09.756, 19249
2026/09/26 17:20:10.256, 19249
2026/09/26 17:20:10.756, 19249
2026/09/26 17:20:11.256, 19249
2026/09/26 17:20:11.756, 19249
2026/09/26 17:20:12.256, 19249
2026/09/26 17:20:12.757, 19249
2026/09/26 17:20:13.257, 19249
2026/09/26 17:20:13.757, 19249
2026/09/26 17:20:14.257, 19249
2026/09/26 17:20:14.757, 19249
2026/09/26 17:20:15.257, 19249
2026/09/26 17:20:15.757, 19249
2026/09/26 17:20:16.258, 19249
2026/09/26 17:20:16.758, 19249
2026/09/26 17:20:17.258, 19249
2026/09/26 17:20:17.758, 19249
2026/09/26 17:20:18.258, 19249
2026/09/26 17:20:18.758, 19249
2026/09/26 17:20:19.258, 19249
2026/09/26 17:20:19.758, 19249
2026/09/26 17:20:20.259, 19249
2026/09/26 17:20:20.759, 19249
2026/09/26 17:20:21.259, 19249
2026/09/26 17:20:21.759, 19249
2026/09/26 17:20:22.259, 19249
2026/09/26 17:20:22.759, 19249
2026/09/26 17:20:23.259, 19249
2026/09/26 17:20:23.760, 19249
2026/09/26 17:20:24.260, 19249
2026/09/26 17:20:24.760, 19249
2026/09/26 17:20:25.260, 19249
2026/09/26 17:20:25.760, 19249
2026/09/26 17:20:26.260, 19249
2026/09/26 17:20:26.760, 19249
2026/09/26 17:20:27.260, 19249
2026/09/26 17:20:27.761, 19249
2026/09/26 17:20:28.261, 19249
2026/09/26 17:20:28.761, 19249
2026/09/26 17:20:29.261, 19249
2026/09/26 17:20:29.761, 19249
2026/09/26 17:20:30.261, 19249
2026/09/26 17:20:30.761, 19249
2026/09/26 17:20:31.262, 19249
2026/09/26 17:20:31.762, 19249
2026/09/26 17:20:32.262, 19249
2026/09/26 17:20:32.762, 19249
2026/09/26 17:20:33.262, 19249
2026/09/26 17:20:33.762, 19249
2026/09/26 17:20:34.262, 19249
2026/09/26 17:20:34.763, 19249
2026/09/26 17:20:35.263, 19249
2026/09/26 17:20:35.763, 19249
2026/09/26 17:20:36.263, 19249
2026/09/26 17:20:36.763, 19249
2026/09/26 17:20:37.263, 19249
2026/09/26 17:20:37.763, 19249
2026/09/26 17:20:38.264, 19249
2026/09/26 17:20:38.764, 19249
2026/09/26 17:20:39.264, 19249
2026/09/26 17:20:39.764, 19249
2026/09/26 17:20:40.264, 19249
2026/09/26 17:20:40.764, 19249
2026/09/26 17:20:41.264, 19249
2026/09/26 17:20:41.764, 19249
2026/09/26 17:20:42.265, 19249
2026/09/26 17:20:42.765, 19249
2026/09/26 17:20:43.265, 19249
2026/09/26 17:20:43.765, 19249
2026/09/26 17:20:44.265, 19249
2026/09/26 17:20:44.765, 19249
2026/09/26 17:20:45.266, 19249
2026/09/26 17:20:45.766, 19249
2026/09/26 17:20:46.266, 19249
2026/09/26 17:20:46.766, 19249
2026/09/26 17:20:47.266, 19249
2026/09/26 17:20:47.766, 19249
2026/09/26 17:20:48.266, 19249
2026/09/26 17:20:48.767, 19249
2026/09/26 17:20:49.267, 19249
2026/09/26 17:20:49.767, 19249
2026/09/26 17:20:50.267, 19249
2026/09/26 17:20:50.767, 19249
2026/09/26 17:20:51.267, 19249
2026/09/26 17:20:51.768, 19249
2026/09/26 17:20:52.268, 19249
2026/09/26 17:20:52.768, 19249
2026/09/26 17:20:53.268, 19249
2026/09/26 17:20:53.768, 19249
2026/09/26 17:20:54.268, 19249
2026/09/26 17:20:54.769, 19249
2026/09/26 17:20:55.269, 19249
2026/09/26 17:20:55.769, 19249
2026/09/26 17:20:56.269, 19249
2026/09/26 17:20:56.769, 19249
2026/09/26 17:20:57.269, 19249
2026/09/26 17:20:57.770, 19249
2026/09/26 17:20:58.270, 19249
2026/09/26 17:20:58.770, 19249
2026/09/26 17:20:59.270, 19249
2026/09/26 17:20:59.770, 19249
2026/09/26 17:21:00.270, 19249
2026/09/26 17:21:00.770, 19249
2026/09/26 17:21:01.271, 19249
2026/09/26 17:21:01.771, 19249
2026/09/26 17:21:02.271, 19249
2026/09/26 17:21:02.771, 19249
2026/09/26 17:21:03.271, 19249
2026/09/26 17:21:03.771, 19249
2026/09/26 17:21:04.272, 19249
2026/09/26 17:21:04.772, 19249
2026/09/26 17:21:05.272, 19249
2026/09/26 17:21:05.772, 19249
2026/09/26 17:21:06.272, 19249
2026/09/26 17:21:06.772, 19249
2026/09/26 17:21:07.272, 19249
2026/09/26 17:21:07.773, 19249
2026/09/26 17:21:08.273, 19249
2026/09/26 17:21:08.773, 19249
2026/09/26 17:21:09.273, 19249
2026/09/26 17:21:09.773, 19249
2026/09/26 17:21:10.273, 19249
2026/09/26 17:21:10.774, 19249
2026/09/26 17:21:11.274, 19249
2026/09/26 17:21:11.774, 19249
2026/09/26 17:21:12.274, 19249
2026/09/26 17:21:12.774, 19249
2026/09/26 17:21:13.274, 19249
2026/09/26 17:21:13.774, 19249
2026/09/26 17:21:14.275, 19249
2026/09/26 17:21:14.775, 19249
2026/09/26 17:21:15.275, 19249
2026/09/26 17:21:15.775, 19249
2026/09/26 17:21:16.275, 19249
2026/09/26 17:21:16.775, 19249
2026/09/26 17:21:17.275, 19249
2026/09/26 17:21:17.776, 19249
2026/09/26 17:21:18.276, 19249
2026/09/26 17:21:18.776, 19249
2026/09/26 17:21:19.276, 19249
2026/09/26 17:21:19.776, 19249
2026/09/26 17:21:20.276, 19249
2026/09/26 17:21:20.776, 19249
2026/09/26 17:21:21.276, 19249
2026/09/26 17:21:21.776, 19249
2026/09/26 17:21:22.276, 19249
2026/09/26 17:21:22.777, 19249
2026/09/26 17:21:23.277, 19249
2026/09/26 17:21:23.777, 19249
2026/09/26 17:21:24.277, 19249
2026/09/26 17:21:24.777, 19249
2026/09/26 17:21:25.277, 19249
2026/09/26 17:21:25.777, 19249
2026/09/26 17:21:26.277, 19249
2026/09/26 17:21:26.777, 19249
2026/09/26 17:21:27.278, 19249
2026/09/26 17:21:27.778, 19249
2026/09/26 17:21:28.278, 19249
2026/09/26 17:21:28.778, 19249
2026/09/26 17:21:29.278, 19249
2026/09/26 17:21:29.778, 19249
2026/09/26 17:21:30.278, 19249
2026/09/26 17:21:30.778, 19249
2026/09/26 17:21:31.279, 19249
2026/09/26 17:21:31.779, 19249
2026/09/26 17:21:32.279, 19249
2026/09/26 17:21:32.779, 19249
2026/09/26 17:21:33.279, 19249
2026/09/26 17:21:33.779, 19249
2026/09/26 17:21:34.279, 19249
2026/09/26 17:21:34.780, 19249
2026/09/26 17:21:35.280, 19249
2026/09/26 17:21:35.780, 19249
2026/09/26 17:21:36.280, 19249
2026/09/26 17:21:36.780, 19249
2026/09/26 17:21:37.280, 19249
2026/09/26 17:21:37.780, 19249
2026/09/26 17:21:38.280, 19249
2026/09/26 17:21:38.780, 19249
2026/09/26 17:21:39.281, 19249
2026/09/26 17:21:39.781, 19249
2026/09/26 17:21:40.281, 19249
2026/09/26 17:21:40.781, 19249
2026/09/26 17:21:41.281, 19249
2026/09/26 17:21:41.781, 19249
2026/09/26 17:21:42.281, 19249
2026/09/26 17:21:42.781, 19249
2026/09/26 17:21:43.282, 19249
2026/09/26 17:21:43.782, 19249
2026/09/26 17:21:44.282, 19249
2026/09/26 17:21:44.782, 19249
2026/09/26 17:21:45.282, 19249
2026/09/26 17:21:45.782, 19249
2026/09/26 17:21:46.282, 19249
2026/09/26 17:21:46.783, 19249
2026/09/26 17:21:47.283, 19249
2026/09/26 17:21:47.783, 19249
2026/09/26 17:21:48.283, 19249
2026/09/26 17:21:48.783, 19249
2026/09/26 17:21:49.283, 19249
2026/09/26 17:21:49.783, 19249
2026/09/26 17:21:50.283, 19249
2026/09/26 17:21:50.783, 19249
2026/09/26 17:21:51.283, 19249
2026/09/26 17:21:51.784, 19249
2026/09/26 17:21:52.284, 19249
2026/09/26 17:21:52.784, 19249
2026/09/26 17:21:53.284, 19249
2026/09/26 17:21:53.784, 19249
2026/09/26 17:21:54.284, 19249
2026/09/26 17:21:54.784, 19249
2026/09/26 17:21:55.285, 19249
2026/09/26 17:21:55.785, 19249
2026/09/26 17:21:56.285, 19249
2026/09/26 17:21:56.785, 19249
2026/09/26 17:21:57.285, 19249
2026/09/26 17:21:57.785, 19249
2026/09/26 17:21:58.286, 19249
2026/09/26 17:21:58.786, 19249
2026/09/26 17:21:59.286, 19249
2026/09/26 17:21:59.786, 19249
2026/09/26 17:22:00.286, 19249
2026/09/26 17:22:00.786, 19249
2026/09/26 17:22:01.287, 19249
2026/09/26 17:22:01.787, 19249
2026/09/26 17:22:02.287, 19249
2026/09/26 17:22:02.787, 19249
2026/09/26 17:22:03.287, 19249
2026/09/26 17:22:03.787, 19249
2026/09/26 17:22:04.287, 19249
2026/09/26 17:22:04.788, 19249
2026/09/26 17:22:05.288, 19249
2026/09/26 17:22:05.788, 19249
2026/09/26 17:22:06.288, 19249
2026/09/26 17:22:06.788, 19249
2026/09/26 17:22:07.288, 19249
2026/09/26 17:22:07.788, 19249
2026/09/26 17:22:08.289, 19249
2026/09/26 17:22:08.789, 19249
2026/09/26 17:22:09.289, 19249
2026/09/26 17:22:09.789, 19249
2026/09/26 17:22:10.289, 19249
2026/09/26 17:22:10.789, 19249
2026/09/26 17:22:11.290, 19249
2026/09/26 17:22:11.790, 19249
2026/09/26 17:22:12.290, 19249
2026/09/26 17:22:12.790, 19249
2026/09/26 17:22:13.290, 19249
2026/09/26 17:22:13.790, 19249
2026/09/26 17:22:14.290, 19249
2026/09/26 17:22:14.791, 19249
2026/09/26 17:22:15.291, 19249
2026/09/26 17:22:15.791, 19249
2026/09/26 17:22:16.291, 19249
2026/09/26 17:22:16.791, 19249
2026/09/26 17:22:17.291, 19249
2026/09/26 17:22:17.792, 19249
2026/09/26 17:22:18.292, 19249
2026/09/26 17:22:18.792, 19249
2026/09/26 17:22:19.292, 19249
2026/09/26 17:22:19.792, 19249
2026/09/26 17:22:20.292, 19249
2026/09/26 17:22:20.792, 19249
2026/09/26 17:22:21.293, 19249
2026/09/26 17:22:21.793, 19249
2026/09/26 17:22:22.293, 19249
2026/09/26 17:22:22.793, 19249
2026/09/26 17:22:23.293, 19249
2026/09/26 17:22:23.793, 19249
2026/09/26 17:22:24.293, 19249
2026/09/26 17:22:24.794, 19249
2026/09/26 17:22:25.294, 19249
2026/09/26 17:22:25.794, 19249
2026/09/26 17:22:26.294, 19249
2026/09/26 17:22:26.794, 19249
2026/09/26 17:22:27.294, 19249
2026/09/26 17:22:27.795, 19249
2026/09/26 17:22:28.295, 19249
2026/09/26 17:22:28.795, 19249
2026/09/26 17:22:29.295, 19249
2026/09/26 17:22:29.795, 19249
2026/09/26 17:22:30.295, 19249
2026/09/26 17:22:30.795, 19249
2026/09/26 17:22:31.296, 19249
2026/09/26 17:22:31.796, 19249
2026/09/26 17:22:32.296, 19249
2026/09/26 17:22:32.796, 19249
2026/09/26 17:22:33.296, 19249
2026/09/26 17:22:33.796, 19249
2026/09/26 17:22:34.297, 19249
2026/09/26 17:22:34.797, 19249
2026/09/26 17:22:35.297, 19249
2026/09/26 17:22:35.797, 19249
2026/09/26 17:22:36.297, 19249
2026/09/26 17:22:36.797, 19249
2026/09/26 17:22:37.297, 19249
2026/09/26 17:22:37.798, 19249
2026/09/26 17:22:38.298, 19249
2026/09/26 17:22:38.798, 19249
2026/09/26 17:22:39.298, 19249
2026/09/26 17:22:39.798, 19249
2026/09/26 17:22:40.298, 19249
2026/09/26 17:22:40.799, 19249
2026/09/26 17:22:41.299, 19249
2026/09/26 17:22:41.799, 19249
2026/09/26 17:22:42.299, 19249
2026/09/26 17:22:42.799, 19249
2026/09/26 17:22:43.299, 19249
2026/09/26 17:22:43.799, 19249
2026/09/26 17:22:44.300, 19249
2026/09/26 17:22:44.800, 19249
2026/09/26 17:22:45.300, 19249
2026/09/26 17:22:45.800, 19249
2026/09/26 17:22:46.300, 19249
2026/09/26 17:22:46.800, 19249
2026/09/26 17:22:47.301, 19249
2026/09/26 17:22:47.801, 19249
2026/09/26 17:22:48.301, 19249
2026/09/26 17:22:48.801, 19249
2026/09/26 17:22:49.301, 19249
2026/09/26 17:22:49.801, 19249
2026/09/26 17:22:50.301, 19249
2026/09/26 17:22:50.801, 19249
2026/09/26 17:22:51.302, 19249
2026/09/26 17:22:51.802, 19249
2026/09/26 17:22:52.302, 19249
2026/09/26 17:22:52.803, 19249
2026/09/26 17:22:53.303, 19249
2026/09/26 17:22:53.803, 19249
2026/09/26 17:22:54.303, 19249
2026/09/26 17:22:54.803, 19249
2026/09/26 17:22:55.303, 19249
2026/09/26 17:22:55.803, 19249
2026/09/26 17:22:56.304, 19249
2026/09/26 17:22:56.804, 19249
2026/09/26 17:22:57.304, 19249
2026/09/26 17:22:57.804, 19249
2026/09/26 17:22:58.304, 19249
2026/09/26 17:22:58.804, 19249
2026/09/26 17:22:59.304, 19249
2026/09/26 17:22:59.805, 19249
2026/09/26 17:23:00.305, 19249
2026/09/26 17:23:00.805, 19249
2026/09/26 17:23:01.305, 19249
2026/09/26 17:23:01.805, 19249
2026/09/26 17:23:02.305, 19249
2026/09/26 17:23:02.805, 19249
2026/09/26 17:23:03.305, 19249
2026/09/26 17:23:03.805, 19249
2026/09/26 17:23:04.306, 19249
2026/09/26 17:23:04.806, 19249
2026/09/26 17:23:05.306, 19249
2026/09/26 17:23:05.806, 19249
2026/09/26 17:23:06.306, 19249
2026/09/26 17:23:06.806, 19249
2026/09/26 17:23:07.306, 19249
2026/09/26 17:23:07.806, 19249
2026/09/26 17:23:08.306, 19249
2026/09/26 17:23:08.806, 19249
2026/09/26 17:23:09.307, 19249
2026/09/26 17:23:09.807, 19249
2026/09/26 17:23:10.307, 19249
2026/09/26 17:23:10.807, 19249
2026/09/26 17:23:11.307, 19249
2026/09/26 17:23:11.807, 19249
2026/09/26 17:23:12.307, 19249
2026/09/26 17:23:12.808, 19249
2026/09/26 17:23:13.308, 19249
2026/09/26 17:23:13.808, 19249
2026/09/26 17:23:14.308, 19249
2026/09/26 17:23:14.808, 19249
2026/09/26 17:23:15.308, 19249
2026/09/26 17:23:15.809, 19249
2026/09/26 17:23:16.309, 19249
2026/09/26 17:23:16.809, 19249
2026/09/26 17:23:17.309, 19249
2026/09/26 17:23:17.809, 19249
2026/09/26 17:23:18.309, 19249
2026/09/26 17:23:18.809, 19249
2026/09/26 17:23:19.309, 19249
2026/09/26 17:23:19.810, 19249
2026/09/26 17:23:20.310, 19249
2026/09/26 17:23:20.810, 19249
2026/09/26 17:23:21.310, 19249
2026/09/26 17:23:21.810, 19249
2026/09/26 17:23:22.310, 19249
2026/09/26 17:23:22.810, 19249
2026/09/26 17:23:23.310, 19249
2026/09/26 17:23:23.811, 19249
2026/09/26 17:23:24.311, 19249
2026/09/26 17:23:24.811, 19249
2026/09/26 17:23:25.311, 19249
2026/09/26 17:23:25.811, 19249
2026/09/26 17:23:26.311, 19249
2026/09/26 17:23:26.811, 19249
2026/09/26 17:23:27.312, 19249
2026/09/26 17:23:27.812, 19249
2026/09/26 17:23:28.312, 19249
2026/09/26 17:23:28.812, 19249
2026/09/26 17:23:29.312, 19249
2026/09/26 17:23:29.812, 19249
2026/09/26 17:23:30.312, 19249
2026/09/26 17:23:30.812, 19249
2026/09/26 17:23:31.313, 19249
2026/09/26 17:23:31.813, 19249
2026/09/26 17:23:32.313, 19249
2026/09/26 17:23:32.813, 19249
2026/09/26 17:23:33.313, 19249
2026/09/26 17:23:33.813, 19249
2026/09/26 17:23:34.313, 19249
2026/09/26 17:23:34.813, 19249
2026/09/26 17:23:35.314, 19249
2026/09/26 17:23:35.814, 19249
2026/09/26 17:23:36.314, 19249
2026/09/26 17:23:36.814, 19249
2026/09/26 17:23:37.314, 19249
2026/09/26 17:23:37.814, 19249
2026/09/26 17:23:38.314, 19249
2026/09/26 17:23:38.814, 19249
2026/09/26 17:23:39.314, 19249
2026/09/26 17:23:39.815, 19249
2026/09/26 17:23:40.315, 19249
2026/09/26 17:23:40.815, 19249
2026/09/26 17:23:41.315, 19249
2026/09/26 17:23:41.815, 19249
2026/09/26 17:23:42.315, 19249
2026/09/26 17:23:42.815, 19249
2026/09/26 17:23:43.315, 19249
2026/09/26 17:23:43.815, 19249
2026/09/26 17:23:44.316, 19249
2026/09/26 17:23:44.816, 19249
2026/09/26 17:23:45.316, 19249
2026/09/26 17:23:45.816, 19249
2026/09/26 17:23:46.316, 19249
2026/09/26 17:23:46.816, 19249
2026/09/26 17:23:47.316, 19249
2026/09/26 17:23:47.816, 19249
2026/09/26 17:23:48.317, 19249
2026/09/26 17:23:48.817, 19249
2026/09/26 17:23:49.317, 19249
2026/09/26 17:23:49.817, 19249
2026/09/26 17:23:50.317, 19249
2026/09/26 17:23:50.817, 19249
2026/09/26 17:23:51.317, 19249
2026/09/26 17:23:51.818, 19249
2026/09/26 17:23:52.318, 19249
2026/09/26 17:23:52.818, 19249
2026/09/26 17:23:53.318, 19249
2026/09/26 17:23:53.818, 19249
2026/09/26 17:23:54.318, 19249
2026/09/26 17:23:54.819, 19249
2026/09/26 17:23:55.319, 19249
2026/09/26 17:23:55.819, 19249
2026/09/26 17:23:56.319, 19249
2026/09/26 17:23:56.819, 19249
2026/09/26 17:23:57.319, 19249
2026/09/26 17:23:57.820, 19249
2026/09/26 17:23:58.320, 19249
2026/09/26 17:23:58.820, 19249
2026/09/26 17:23:59.320, 19249
2026/09/26 17:23:59.820, 19249
2026/09/26 17:24:00.320, 19249
2026/09/26 17:24:00.820, 19249
2026/09/26 17:24:01.321, 19249
2026/09/26 17:24:01.821, 19249
2026/09/26 17:24:02.321, 19249
2026/09/26 17:24:02.821, 19249
2026/09/26 17:24:03.321, 19249
2026/09/26 17:24:03.821, 19249
2026/09/26 17:24:04.322, 19249
2026/09/26 17:24:04.822, 19249
2026/09/26 17:24:05.322, 19249
2026/09/26 17:24:05.822, 19249
2026/09/26 17:24:06.322, 19249
2026/09/26 17:24:06.822, 19249
2026/09/26 17:24:07.323, 19249
2026/09/26 17:24:07.823, 19249
2026/09/26 17:24:08.323, 19249
2026/09/26 17:24:08.823, 19249
2026/09/26 17:24:09.323, 19249
2026/09/26 17:24:09.823, 19249
2026/09/26 17:24:10.324, 19249
2026/09/26 17:24:10.824, 19249
2026/09/26 17:24:11.324, 19249
2026/09/26 17:24:11.824, 19249
2026/09/26 17:24:12.324, 19249
2026/09/26 17:24:12.824, 19249
2026/09/26 17:24:13.324, 19249
2026/09/26 17:24:13.825, 19249
2026/09/26 17:24:14.325, 19249
2026/09/26 17:24:14.825, 19249
2026/09/26 17:24:15.325, 19249
2026/09/26 17:24:15.825, 19249
2026/09/26 17:24:16.325, 19249
2026/09/26 17:24:16.826, 19249
2026/09/26 17:24:17.326, 19249
2026/09/26 17:24:17.826, 19249
2026/09/26 17:24:18.326, 19249
2026/09/26 17:24:18.826, 19249
2026/09/26 17:24:19.326, 19249
2026/09/26 17:24:19.827, 19249
2026/09/26 17:24:20.327, 19249
2026/09/26 17:24:20.827, 19249
2026/09/26 17:24:21.327, 19249
2026/09/26 17:24:21.827, 19249
2026/09/26 17:24:22.327, 19249
2026/09/26 17:24:22.828, 19249
2026/09/26 17:24:23.328, 19249
2026/09/26 17:24:23.828, 19249
2026/09/26 17:24:24.328, 19249
2026/09/26 17:24:24.828, 19249
2026/09/26 17:24:25.328, 19249
2026/09/26 17:24:25.828, 19249
2026/09/26 17:24:26.329, 19249
2026/09/26 17:24:26.829, 19249
2026/09/26 17:24:27.329, 19249
2026/09/26 17:24:27.829, 19249
2026/09/26 17:24:28.329, 19249
2026/09/26 17:24:28.829, 19249
2026/09/26 17:24:29.330, 19249
2026/09/26 17:24:29.830, 19249
2026/09/26 17:24:30.330, 19249
2026/09/26 17:24:30.830, 19249
2026/09/26 17:24:31.330, 19249
2026/09/26 17:24:31.830, 19249
2026/09/26 17:24:32.331, 19249
2026/09/26 17:24:32.831, 19249
2026/09/26 17:24:33.331, 19249
2026/09/26 17:24:33.831, 19249
2026/09/26 17:24:34.331, 19249
2026/09/26 17:24:34.831, 19249
2026/09/26 17:24:35.332, 19249
2026/09/26 17:24:35.832, 19249
2026/09/26 17:24:36.332, 19249
2026/09/26 17:24:36.832, 19249
2026/09/26 17:24:37.332, 19249
2026/09/26 17:24:37.832, 19249
2026/09/26 17:24:38.333, 19249
2026/09/26 17:24:38.833, 19249
2026/09/26 17:24:39.333, 19249
2026/09/26 17:24:39.833, 19249
2026/09/26 17:24:40.333, 19249
2026/09/26 17:24:40.833, 19249
2026/09/26 17:24:41.333, 19249
2026/09/26 17:24:41.834, 19249
2026/09/26 17:24:42.334, 19249
2026/09/26 17:24:42.834, 19249
2026/09/26 17:24:43.334, 19249
2026/09/26 17:24:43.834, 19249
2026/09/26 17:24:44.334, 19249
2026/09/26 17:24:44.835, 19249
2026/09/26 17:24:45.335, 19249
2026/09/26 17:24:45.835, 19249
2026/09/26 17:24:46.335, 19249
2026/09/26 17:24:46.835, 19249
2026/09/26 17:24:47.335, 19249
2026/09/26 17:24:47.836, 19249
2026/09/26 17:24:48.336, 19249
2026/09/26 17:24:48.836, 19249
2026/09/26 17:24:49.336, 19249
2026/09/26 17:24:49.836, 19249
2026/09/26 17:24:50.337, 19249
2026/09/26 17:24:50.837, 19249
2026/09/26 17:24:51.337, 19249
2026/09/26 17:24:51.837, 19249
2026/09/26 17:24:52.337, 19249
2026/09/26 17:24:52.837, 19249
2026/09/26 17:24:53.338, 19249
2026/09/26 17:24:53.838, 19249
2026/09/26 17:24:54.338, 19249
2026/09/26 17:24:54.838, 19249
2026/09/26 17:24:55.338, 19249
2026/09/26 17:24:55.838, 19249
2026/09/26 17:24:56.338, 19249
2026/09/26 17:24:56.839, 19249
2026/09/26 17:24:57.339, 19249
2026/09/26 17:24:57.839, 19249
2026/09/26 17:24:58.339, 19249
2026/09/26 17:24:58.839, 19249
2026/09/26 17:24:59.340, 19249
2026/09/26 17:24:59.840, 19249
2026/09/26 17:25:00.340, 19249
2026/09/26 17:25:00.840, 19249
2026/09/26 17:25:01.340, 19249
2026/09/26 17:25:01.840, 19249
2026/09/26 17:25:02.341, 19249
2026/09/26 17:25:02.841, 19249
2026/09/26 17:25:03.341, 19249
2026/09/26 17:25:03.841, 19249
2026/09/26 17:25:04.341, 19249
2026/09/26 17:25:04.841, 19249
2026/09/26 17:25:05.341, 19249
2026/09/26 17:25:05.842, 19249
2026/09/26 17:25:06.342, 19249
2026/09/26 17:25:06.842, 19249
2026/09/26 17:25:07.342, 19249
2026/09/26 17:25:07.842, 19249
2026/09/26 17:25:08.342, 19249
2026/09/26 17:25:08.843, 19249
2026/09/26 17:25:09.343, 19249
2026/09/26 17:25:09.843, 19249
2026/09/26 17:25:10.343, 19249
2026/09/26 17:25:10.843, 19249
2026/09/26 17:25:11.343, 19249
2026/09/26 17:25:11.843, 19249
2026/09/26 17:25:12.344, 19249
2026/09/26 17:25:12.844, 19249
2026/09/26 17:25:13.344, 19249
2026/09/26 17:25:13.844, 19249
2026/09/26 17:25:14.344, 19249
2026/09/26 17:25:14.844, 19249
2026/09/26 17:25:15.344, 19249
2026/09/26 17:25:15.845, 19249
2026/09/26 17:25:16.345, 19249
2026/09/26 17:25:16.845, 19249
2026/09/26 17:25:17.345, 19249
2026/09/26 17:25:17.845, 19249
2026/09/26 17:25:18.345, 19249
2026/09/26 17:25:18.846, 19249
2026/09/26 17:25:19.346, 19249
2026/09/26 17:25:19.846, 19249
2026/09/26 17:25:20.346, 19249
2026/09/26 17:25:20.846, 19249
2026/09/26 17:25:21.346, 19249
2026/09/26 17:25:21.846, 19249
2026/09/26 17:25:22.347, 19249
2026/09/26 17:25:22.847, 19249
2026/09/26 17:25:23.347, 19249
2026/09/26 17:25:23.847, 19249
2026/09/26 17:25:24.347, 19249
2026/09/26 17:25:24.847, 19249
2026/09/26 17:25:25.348, 19249
2026/09/26 17:25:25.848, 19249
2026/09/26 17:25:26.348, 19249
2026/09/26 17:25:26.848, 19249
2026/09/26 17:25:27.348, 19249
2026/09/26 17:25:27.848, 19249
2026/09/26 17:25:28.348, 19249
2026/09/26 17:25:28.849, 19249
2026/09/26 17:25:29.349, 19249
2026/09/26 17:25:29.849, 19249
2026/09/26 17:25:30.349, 19249
2026/09/26 17:25:30.849, 19249
2026/09/26 17:25:31.349, 19249
2026/09/26 17:25:31.850, 19249
2026/09/26 17:25:32.350, 19249
2026/09/26 17:25:32.850, 19249
2026/09/26 17:25:33.350, 19249
2026/09/26 17:25:33.850, 19249
2026/09/26 17:25:34.350, 19249
2026/09/26 17:25:34.851, 19249
2026/09/26 17:25:35.351, 19249
2026/09/26 17:25:35.851, 19249
2026/09/26 17:25:36.351, 19249
2026/09/26 17:25:36.851, 19249
2026/09/26 17:25:37.351, 19249
2026/09/26 17:25:37.851, 19249
2026/09/26 17:25:38.352, 19249
2026/09/26 17:25:38.852, 19249
2026/09/26 17:25:39.352, 19249
2026/09/26 17:25:39.852, 19249
2026/09/26 17:25:40.352, 19249
2026/09/26 17:25:40.852, 19249
2026/09/26 17:25:41.353, 19249
2026/09/26 17:25:41.853, 19249
2026/09/26 17:25:42.353, 19249
2026/09/26 17:25:42.853, 19249
2026/09/26 17:25:43.353, 19249
2026/09/26 17:25:43.853, 19249
2026/09/26 17:25:44.353, 19249
2026/09/26 17:25:44.854, 19249
2026/09/26 17:25:45.354, 19249
2026/09/26 17:25:45.854, 19249
2026/09/26 17:25:46.354, 19249
2026/09/26 17:25:46.854, 19249
2026/09/26 17:25:47.354, 19249
2026/09/26 17:25:47.854, 19249
2026/09/26 17:25:48.355, 19249
2026/09/26 17:25:48.855, 19249
2026/09/26 17:25:49.355, 19249
2026/09/26 17:25:49.855, 19249
2026/09/26 17:25:50.355, 19249
2026/09/26 17:25:50.855, 19249
2026/09/26 17:25:51.356, 19249
2026/09/26 17:25:51.856, 19249
2026/09/26 17:25:52.356, 19249
2026/09/26 17:25:52.856, 19249
2026/09/26 17:25:53.356, 19249
2026/09/26 17:25:53.856, 19249
2026/09/26 17:25:54.356, 19249
2026/09/26 17:25:54.857, 19249
2026/09/26 17:25:55.357, 19249
2026/09/26 17:25:55.857, 19249
2026/09/26 17:25:56.357, 19249
2026/09/26 17:25:56.857, 19249
2026/09/26 17:25:57.357, 19249
2026/09/26 17:25:57.857, 19249
2026/09/26 17:25:58.358, 19249
2026/09/26 17:25:58.858, 19249
2026/09/26 17:25:59.358, 19249
2026/09/26 17:25:59.858, 19249
2026/09/26 17:26:00.358, 19249
2026/09/26 17:26:00.858, 19249
2026/09/26 17:26:01.358, 19249
2026/09/26 17:26:01.859, 19249
2026/09/26 17:26:02.359, 19249
2026/09/26 17:26:02.859, 19249
2026/09/26 17:26:03.359, 19249
2026/09/26 17:26:03.859, 19249
2026/09/26 17:26:04.359, 19249
2026/09/26 17:26:04.859, 19249
2026/09/26 17:26:05.360, 19249
2026/09/26 17:26:05.860, 19249
2026/09/26 17:26:06.360, 19249
2026/09/26 17:26:06.860, 19249
2026/09/26 17:26:07.360, 19249
2026/09/26 17:26:07.860, 19249
2026/09/26 17:26:08.360, 19249
2026/09/26 17:26:08.861, 19249
2026/09/26 17:26:09.368, 19249
2026/09/26 17:26:09.868, 19249
2026/09/26 17:26:10.369, 19249
2026/09/26 17:26:10.869, 19249
2026/09/26 17:26:11.369, 19249
2026/09/26 17:26:11.869, 19249
2026/09/26 17:26:12.369, 19249
2026/09/26 17:26:12.869, 19249
2026/09/26 17:26:13.369, 19249
2026/09/26 17:26:13.870, 19249
2026/09/26 17:26:14.370, 19249
2026/09/26 17:26:14.870, 19249
2026/09/26 17:26:15.370, 19249
2026/09/26 17:26:15.870, 19249
2026/09/26 17:26:16.370, 19249
2026/09/26 17:26:16.874, 19249
2026/09/26 17:26:17.374, 19249
2026/09/26 17:26:17.874, 19249
2026/09/26 17:26:18.374, 19249
2026/09/26 17:26:18.874, 19249
2026/09/26 17:26:19.374, 19249
2026/09/26 17:26:19.874, 19249
2026/09/26 17:26:20.375, 19249
2026/09/26 17:26:20.875, 19249
2026/09/26 17:26:21.375, 19249
2026/09/26 17:26:21.875, 19249
2026/09/26 17:26:22.375, 19249
2026/09/26 17:26:22.875, 19249
2026/09/26 17:26:23.376, 19249
2026/09/26 17:26:23.876, 19249
2026/09/26 17:26:24.376, 19249
2026/09/26 17:26:24.876, 19249
2026/09/26 17:26:25.376, 19249
2026/09/26 17:26:25.877, 19249
2026/09/26 17:26:26.377, 19249
2026/09/26 17:26:26.877, 19249
2026/09/26 17:26:27.377, 19249
2026/09/26 17:26:27.877, 19249
2026/09/26 17:26:28.377, 19249
2026/09/26 17:26:28.877, 19249
2026/09/26 17:26:29.378, 19249
2026/09/26 17:26:29.878, 19249
2026/09/26 17:26:30.378, 19249
2026/09/26 17:26:30.878, 19249
2026/09/26 17:26:31.378, 19249
2026/09/26 17:26:31.878, 19249
2026/09/26 17:26:32.378, 19249
2026/09/26 17:26:32.879, 19249
2026/09/26 17:26:33.379, 19249
2026/09/26 17:26:33.879, 19249
2026/09/26 17:26:34.379, 19249
2026/09/26 17:26:34.879, 19249
2026/09/26 17:26:35.379, 19249
2026/09/26 17:26:35.879, 19249
2026/09/26 17:26:36.380, 19249
2026/09/26 17:26:36.880, 19249
2026/09/26 17:26:37.380, 19249
2026/09/26 17:26:37.880, 19249
2026/09/26 17:26:38.380, 19249
2026/09/26 17:26:38.880, 19249
2026/09/26 17:26:39.380, 19249
2026/09/26 17:26:39.880, 19249
2026/09/26 17:26:40.381, 19249
2026/09/26 17:26:40.881, 19249
2026/09/26 17:26:41.381, 19249
2026/09/26 17:26:41.881, 19249
2026/09/26 17:26:42.381, 19249
2026/09/26 17:26:42.881, 19249
2026/09/26 17:26:43.381, 19249
2026/09/26 17:26:43.882, 19249
2026/09/26 17:26:44.382, 19249
2026/09/26 17:26:44.882, 19249
2026/09/26 17:26:45.382, 19249
2026/09/26 17:26:45.882, 19249
2026/09/26 17:26:46.382, 19249
2026/09/26 17:26:46.882, 19249
2026/09/26 17:26:47.383, 19249
2026/09/26 17:26:47.883, 19249
2026/09/26 17:26:48.383, 19249
2026/09/26 17:26:48.883, 19249
2026/09/26 17:26:49.383, 19249
2026/09/26 17:26:49.883, 19249
2026/09/26 17:26:50.383, 19249
2026/09/26 17:26:50.886, 19249
2026/09/26 17:26:51.386, 19249
2026/09/26 17:26:51.886, 19249
2026/09/26 17:26:52.386, 19249
2026/09/26 17:26:52.886, 19249
2026/09/26 17:26:53.387, 19249
2026/09/26 17:26:53.887, 19249
2026/09/26 17:26:54.387, 19249
2026/09/26 17:26:54.887, 19249
2026/09/26 17:26:55.387, 19249
2026/09/26 17:26:55.887, 19249
2026/09/26 17:26:56.388, 19249
2026/09/26 17:26:56.888, 19249
2026/09/26 17:26:57.388, 19249
2026/09/26 17:26:57.888, 19249
2026/09/26 17:26:58.389, 19249
2026/09/26 17:26:58.889, 19249
2026/09/26 17:26:59.389, 19249
2026/09/26 17:26:59.889, 19249
2026/09/26 17:27:00.389, 19249
2026/09/26 17:27:00.889, 19249
2026/09/26 17:27:01.390, 19249
2026/09/26 17:27:01.890, 19249
2026/09/26 17:27:02.390, 19249
2026/09/26 17:27:02.890, 19249
2026/09/26 17:27:03.390, 19249
2026/09/26 17:27:03.890, 19249
2026/09/26 17:27:04.391, 19249
2026/09/26 17:27:04.891, 19249
2026/09/26 17:27:05.391, 19249
2026/09/26 17:27:05.891, 19249
2026/09/26 17:27:06.391, 19249
2026/09/26 17:27:06.891, 19249
2026/09/26 17:27:07.391, 19249
2026/09/26 17:27:07.892, 19249
2026/09/26 17:27:08.392, 19249
2026/09/26 17:27:08.892, 19249
2026/09/26 17:27:09.392, 19249
2026/09/26 17:27:09.892, 19249
2026/09/26 17:27:10.392, 19249
2026/09/26 17:27:10.893, 19249
2026/09/26 17:27:11.393, 19249
2026/09/26 17:27:11.893, 19249
2026/09/26 17:27:12.394, 19249
2026/09/26 17:27:12.894, 19249
2026/09/26 17:27:13.394, 19249
2026/09/26 17:27:13.894, 19249
2026/09/26 17:27:14.394, 19249
2026/09/26 17:27:14.895, 19249
2026/09/26 17:27:15.395, 19249
2026/09/26 17:27:15.895, 19249
2026/09/26 17:27:16.395, 19249
2026/09/26 17:27:16.895, 19249
2026/09/26 17:27:17.395, 19249
2026/09/26 17:27:17.896, 19249
2026/09/26 17:27:18.396, 19249
2026/09/26 17:27:18.896, 19249
2026/09/26 17:27:19.396, 19249
2026/09/26 17:27:19.896, 19249
2026/09/26 17:27:20.397, 19249
2026/09/26 17:27:20.897, 19249
2026/09/26 17:27:21.397, 19249
2026/09/26 17:27:21.897, 19249
2026/09/26 17:27:22.397, 19249
2026/09/26 17:27:22.897, 19249
2026/09/26 17:27:23.398, 19249
2026/09/26 17:27:23.898, 19249
2026/09/26 17:27:24.398, 19249
2026/09/26 17:27:24.898, 19249
2026/09/26 17:27:25.398, 19249
2026/09/26 17:27:25.898, 19249
2026/09/26 17:27:26.399, 19249
2026/09/26 17:27:26.899, 19249
2026/09/26 17:27:27.399, 19249
2026/09/26 17:27:27.899, 19249
2026/09/26 17:27:28.399, 19249
2026/09/26 17:27:28.899, 19249
2026/09/26 17:27:29.400, 19249
2026/09/26 17:27:29.900, 19249
2026/09/26 17:27:30.400, 19249
2026/09/26 17:27:30.900, 19249
2026/09/26 17:27:31.400, 19249
2026/09/26 17:27:31.900, 19249
2026/09/26 17:27:32.401, 19249
2026/09/26 17:27:32.901, 19249
2026/09/26 17:27:33.401, 19249
2026/09/26 17:27:33.901, 19249
2026/09/26 17:27:34.401, 19249
2026/09/26 17:27:34.901, 19249
2026/09/26 17:27:35.401, 19249
2026/09/26 17:27:35.902, 19249
2026/09/26 17:27:36.402, 19249
2026/09/26 17:27:36.902, 19249
2026/09/26 17:27:37.402, 19249
2026/09/26 17:27:37.902, 19249
2026/09/26 17:27:38.402, 19249
2026/09/26 17:27:38.903, 19249
2026/09/26 17:27:39.403, 19249
2026/09/26 17:27:39.903, 19249
2026/09/26 17:27:40.403, 19249
2026/09/26 17:27:40.903, 19249
2026/09/26 17:27:41.403, 19249
2026/09/26 17:27:41.904, 19249
2026/09/26 17:27:42.404, 19249
2026/09/26 17:27:42.904, 19249
2026/09/26 17:27:43.404, 19249
2026/09/26 17:27:43.904, 19249
2026/09/26 17:27:44.404, 19249
2026/09/26 17:27:44.904, 19249
2026/09/26 17:27:45.405, 19249
2026/09/26 17:27:45.905, 19249
2026/09/26 17:27:46.405, 19249
2026/09/26 17:27:46.905, 19249
2026/09/26 17:27:47.405, 19249
2026/09/26 17:27:47.905, 19249
2026/09/26 17:27:48.406, 19249
2026/09/26 17:27:48.906, 19249
2026/09/26 17:27:49.406, 19249
2026/09/26 17:27:49.906, 19249
2026/09/26 17:27:50.406, 19249
2026/09/26 17:27:50.906, 19249
2026/09/26 17:27:51.407, 19249
2026/09/26 17:27:51.907, 19249
2026/09/26 17:27:52.407, 19249
2026/09/26 17:27:52.907, 19249
2026/09/26 17:27:53.407, 19249
2026/09/26 17:27:53.907, 19249
2026/09/26 17:27:54.408, 19249
2026/09/26 17:27:54.908, 19249
2026/09/26 17:27:55.408, 19249
2026/09/26 17:27:55.908, 19249
2026/09/26 17:27:56.408, 19249
2026/09/26 17:27:56.908, 19249
2026/09/26 17:27:57.409, 19249
2026/09/26 17:27:57.909, 19249
2026/09/26 17:27:58.409, 19249
2026/09/26 17:27:58.909, 19249
2026/09/26 17:27:59.409, 19249
2026/09/26 17:27:59.909, 19249
2026/09/26 17:28:00.410, 19249
2026/09/26 17:28:00.910, 19249
2026/09/26 17:28:01.410, 19249
2026/09/26 17:28:01.910, 19249
2026/09/26 17:28:02.410, 19249
2026/09/26 17:28:02.910, 19249
2026/09/26 17:28:03.411, 19249
2026/09/26 17:28:03.911, 19249
2026/09/26 17:28:04.411, 19249
2026/09/26 17:28:04.911, 19249
2026/09/26 17:28:05.411, 19249
2026/09/26 17:28:05.911, 19249
2026/09/26 17:28:06.411, 19249
2026/09/26 17:28:06.912, 19249
2026/09/26 17:28:07.412, 19249
2026/09/26 17:28:07.912, 19249
2026/09/26 17:28:08.412, 19249
2026/09/26 17:28:08.912, 19249
2026/09/26 17:28:09.412, 19249
2026/09/26 17:28:09.913, 19249
2026/09/26 17:28:10.413, 19249
2026/09/26 17:28:10.913, 19249
2026/09/26 17:28:11.413, 19249
2026/09/26 17:28:11.913, 19249
2026/09/26 17:28:12.413, 19249
2026/09/26 17:28:12.914, 19249
2026/09/26 17:28:13.414, 19249
2026/09/26 17:28:13.914, 19249
2026/09/26 17:28:14.414, 19249
2026/09/26 17:28:14.914, 19249
2026/09/26 17:28:15.414, 19249
2026/09/26 17:28:15.914, 19249
2026/09/26 17:28:16.415, 19249
2026/09/26 17:28:16.915, 19249
2026/09/26 17:28:17.415, 19249
2026/09/26 17:28:17.915, 19249
2026/09/26 17:28:18.415, 19249
2026/09/26 17:28:18.915, 19249
2026/09/26 17:28:19.416, 19249
2026/09/26 17:28:19.916, 19249
2026/09/26 17:28:20.416, 19249
2026/09/26 17:28:20.916, 19249
2026/09/26 17:28:21.416, 19249
2026/09/26 17:28:21.916, 19249
2026/09/26 17:28:22.416, 19249
2026/09/26 17:28:22.917, 19249
2026/09/26 17:28:23.417, 19249
2026/09/26 17:28:23.917, 19249
2026/09/26 17:28:24.417, 19249
2026/09/26 17:28:24.917, 19249
2026/09/26 17:28:25.417, 19249
2026/09/26 17:28:25.917, 19249
2026/09/26 17:28:26.417, 19249
2026/09/26 17:28:26.918, 19249
2026/09/26 17:28:27.418, 19249
2026/09/26 17:28:27.918, 19249
2026/09/26 17:28:28.418, 19249
2026/09/26 17:28:28.918, 19249
2026/09/26 17:28:29.418, 19249
2026/09/26 17:28:29.918, 19249
2026/09/26 17:28:30.419, 19249
2026/09/26 17:28:30.919, 19249
2026/09/26 17:28:31.419, 19249
2026/09/26 17:28:31.919, 19249
2026/09/26 17:28:32.419, 19249
2026/09/26 17:28:32.919, 19249
2026/09/26 17:28:33.419, 19249
2026/09/26 17:28:33.920, 19249
2026/09/26 17:28:34.420, 19249
2026/09/26 17:28:34.920, 19249
2026/09/26 17:28:35.420, 19249
2026/09/26 17:28:35.920, 19249
2026/09/26 17:28:36.421, 19249
2026/09/26 17:28:36.921, 19249
2026/09/26 17:28:37.421, 19249
2026/09/26 17:28:37.921, 19249
2026/09/26 17:28:38.421, 19249
2026/09/26 17:28:38.921, 19249
2026/09/26 17:28:39.421, 19249
2026/09/26 17:28:39.922, 19249
2026/09/26 17:28:40.422, 19249
2026/09/26 17:28:40.922, 19249
2026/09/26 17:28:41.422, 19249
2026/09/26 17:28:41.922, 19249
2026/09/26 17:28:42.422, 19249
2026/09/26 17:28:42.922, 19249
2026/09/26 17:28:43.423, 19249
2026/09/26 17:28:43.923, 19249
2026/09/26 17:28:44.423, 19249
2026/09/26 17:28:44.923, 19249
2026/09/26 17:28:45.423, 19249
2026/09/26 17:28:45.923, 19249
2026/09/26 17:28:46.423, 19249
2026/09/26 17:28:46.924, 19249
2026/09/26 17:28:47.424, 19249
2026/09/26 17:28:47.924, 19249
2026/09/26 17:28:48.424, 19249
2026/09/26 17:28:48.924, 19249
2026/09/26 17:28:49.424, 19249
2026/09/26 17:28:49.925, 19249
2026/09/26 17:28:50.425, 19249
2026/09/26 17:28:50.925, 19249
2026/09/26 17:28:51.425, 19249
2026/09/26 17:28:51.925, 19249
2026/09/26 17:28:52.425, 19249
2026/09/26 17:28:52.926, 19249
2026/09/26 17:28:53.426, 19249
2026/09/26 17:28:53.926, 19249
2026/09/26 17:28:54.426, 19249
2026/09/26 17:28:54.926, 19249
2026/09/26 17:28:55.426, 19249
2026/09/26 17:28:55.926, 19249
2026/09/26 17:28:56.427, 19249
2026/09/26 17:28:56.927, 19249
2026/09/26 17:28:57.427, 19249
2026/09/26 17:28:57.927, 19249
2026/09/26 17:28:58.427, 19249
2026/09/26 17:28:58.927, 19249
2026/09/26 17:28:59.428, 19249
2026/09/26 17:28:59.928, 19249
2026/09/26 17:29:00.428, 19249
2026/09/26 17:29:00.928, 19249
2026/09/26 17:29:01.428, 19249
2026/09/26 17:29:01.928, 19401
2026/09/26 17:29:02.429, 19401
2026/09/26 17:29:02.929, 19401
2026/09/26 17:29:03.429, 19401
2026/09/26 17:29:03.929, 19401
2026/09/26 17:29:04.429, 19401
2026/09/26 17:29:04.929, 19401
2026/09/26 17:29:05.429, 19401
2026/09/26 17:29:05.930, 19401
2026/09/26 17:29:06.430, 19401
2026/09/26 17:29:06.930, 19401
2026/09/26 17:29:07.430, 19401
2026/09/26 17:29:07.930, 19401
2026/09/26 17:29:08.430, 19401
2026/09/26 17:29:08.930, 19401
2026/09/26 17:29:09.430, 19401
2026/09/26 17:29:09.931, 19401
2026/09/26 17:29:10.431, 19401
2026/09/26 17:29:10.931, 19401
2026/09/26 17:29:11.431, 19401
2026/09/26 17:29:11.931, 19401
2026/09/26 17:29:12.432, 19401
2026/09/26 17:29:12.932, 19401
2026/09/26 17:29:13.432, 19401
2026/09/26 17:29:13.932, 19401
2026/09/26 17:29:14.432, 19401
2026/09/26 17:29:14.932, 19401
2026/09/26 17:29:15.432, 19401
2026/09/26 17:29:15.933, 19401
2026/09/26 17:29:16.439, 19401
2026/09/26 17:29:16.939, 19401
2026/09/26 17:29:17.440, 19401
2026/09/26 17:29:17.940, 19401
2026/09/26 17:29:18.440, 19401
2026/09/26 17:29:18.940, 19401
2026/09/26 17:29:19.440, 19401
2026/09/26 17:29:19.940, 19401
2026/09/26 17:29:20.441, 19401
2026/09/26 17:29:20.941, 19401
2026/09/26 17:29:21.441, 19401
2026/09/26 17:29:21.941, 19401
2026/09/26 17:29:22.441, 19401
2026/09/26 17:29:22.941, 19401
2026/09/26 17:29:23.441, 19401
2026/09/26 17:29:23.942, 19401
2026/09/26 17:29:24.442, 19401
2026/09/26 17:29:24.942, 19401
2026/09/26 17:29:25.442, 19401
2026/09/26 17:29:25.942, 19401
2026/09/26 17:29:26.442, 19401
2026/09/26 17:29:26.942, 19401
2026/09/26 17:29:27.443, 19401
2026/09/26 17:29:27.943, 19401
2026/09/26 17:29:28.443, 19401
2026/09/26 17:29:28.943, 19401
2026/09/26 17:29:29.443, 19401
2026/09/26 17:29:29.944, 19401
2026/09/26 17:29:30.444, 19401
2026/09/26 17:29:30.944, 19401
2026/09/26 17:29:31.444, 19401
2026/09/26 17:29:31.944, 19401
2026/09/26 17:29:32.444, 19401
2026/09/26 17:29:32.945, 19401
2026/09/26 17:29:33.445, 19401
2026/09/26 17:29:33.945, 19401
2026/09/26 17:29:34.445, 19401
2026/09/26 17:29:34.945, 19401
2026/09/26 17:29:35.445, 19401
2026/09/26 17:29:35.946, 19401
2026/09/26 17:29:36.446, 19401
2026/09/26 17:29:36.946, 19401
2026/09/26 17:29:37.446, 19401
2026/09/26 17:29:37.946, 19401
2026/09/26 17:29:38.446, 19401
2026/09/26 17:29:38.946, 19401
2026/09/26 17:29:39.447, 19401
2026/09/26 17:29:39.947, 19401
2026/09/26 17:29:40.447, 19401
2026/09/26 17:29:40.947, 19401
2026/09/26 17:29:41.447, 19401
2026/09/26 17:29:41.947, 19401
2026/09/26 17:29:42.447, 19881
2026/09/26 17:29:42.948, 19881
2026/09/26 17:29:43.448, 19881
2026/09/26 17:29:43.948, 19881
2026/09/26 17:29:44.448, 19881
2026/09/26 17:29:44.948, 19881
2026/09/26 17:29:45.448, 19881
2026/09/26 17:29:45.948, 19881
2026/09/26 17:29:46.449, 19881
2026/09/26 17:29:46.949, 19881
2026/09/26 17:29:47.449, 19881
2026/09/26 17:29:47.949, 19881
2026/09/26 17:29:48.449, 19881
2026/09/26 17:29:48.949, 19881
2026/09/26 17:29:49.450, 19881
2026/09/26 17:29:49.950, 19881
2026/09/26 17:29:50.450, 19881
2026/09/26 17:29:50.950, 19881
2026/09/26 17:29:51.450, 19881
2026/09/26 17:29:51.950, 19881
2026/09/26 17:29:52.450, 19881
2026/09/26 17:29:52.951, 19881
2026/09/26 17:29:53.451, 19881
2026/09/26 17:29:53.951, 19881
2026/09/26 17:29:54.451, 19881
2026/09/26 17:29:54.951, 19881
2026/09/26 17:29:55.451, 19881
2026/09/26 17:29:55.951, 19881
2026/09/26 17:29:56.452, 19881
2026/09/26 17:29:56.952, 19881
2026/09/26 17:29:57.452, 19881
2026/09/26 17:29:57.952, 19881
2026/09/26 17:29:58.452, 19881
2026/09/26 17:29:58.952, 19881
2026/09/26 17:29:59.453, 19881
2026/09/26 17:29:59.953, 19881
2026/09/26 17:30:00.453, 19881
2026/09/26 17:30:00.953, 19881
2026/09/26 17:30:01.453, 19881
2026/09/26 17:30:01.953, 19881
2026/09/26 17:30:02.453, 19881
2026/09/26 17:30:02.954, 19881
2026/09/26 17:30:03.454, 19881
2026/09/26 17:30:03.954, 19881
2026/09/26 17:30:04.454, 19881
2026/09/26 17:30:04.954, 19881
2026/09/26 17:30:05.455, 19881
2026/09/26 17:30:05.955, 19881
2026/09/26 17:30:06.455, 19881
2026/09/26 17:30:06.955, 19881
2026/09/26 17:30:07.455, 19881
2026/09/26 17:30:07.955, 19881
2026/09/26 17:30:08.455, 19881
2026/09/26 17:30:08.956, 19881
2026/09/26 17:30:09.456, 19881
2026/09/26 17:30:09.956, 19881
2026/09/26 17:30:10.456, 19881
2026/09/26 17:30:10.956, 19881
2026/09/26 17:30:11.456, 19881
2026/09/26 17:30:11.956, 19881
2026/09/26 17:30:12.457, 19881
2026/09/26 17:30:12.957, 19881
2026/09/26 17:30:13.457, 19881
2026/09/26 17:30:13.957, 19881
2026/09/26 17:30:14.457, 19881
2026/09/26 17:30:14.957, 19881
2026/09/26 17:30:15.457, 19881
2026/09/26 17:30:15.958, 19881
2026/09/26 17:30:16.458, 19881
2026/09/26 17:30:16.958, 19881
2026/09/26 17:30:17.458, 19881
2026/09/26 17:30:17.958, 19881
2026/09/26 17:30:18.458, 19881
2026/09/26 17:30:18.958, 19881
2026/09/26 17:30:19.459, 19881
2026/09/26 17:30:19.959, 19881
2026/09/26 17:30:20.459, 19881
2026/09/26 17:30:20.959, 19881
2026/09/26 17:30:21.459, 19881
2026/09/26 17:30:21.959, 19881
2026/09/26 17:30:22.459, 19881
2026/09/26 17:30:22.959, 19881
2026/09/26 17:30:23.460, 19881
2026/09/26 17:30:23.960, 19881
2026/09/26 17:30:24.460, 19881
2026/09/26 17:30:24.960, 19881
2026/09/26 17:30:25.460, 19881
2026/09/26 17:30:25.960, 19881
2026/09/26 17:30:26.460, 19881
2026/09/26 17:30:26.961, 19881
2026/09/26 17:30:27.461, 19881
2026/09/26 17:30:27.961, 19881
2026/09/26 17:30:28.461, 19881
2026/09/26 17:30:28.961, 19881
2026/09/26 17:30:29.461, 19881
2026/09/26 17:30:29.961, 19881
2026/09/26 17:30:30.461, 19881
2026/09/26 17:30:30.962, 19881
2026/09/26 17:30:31.462, 19881
2026/09/26 17:30:31.962, 19881
2026/09/26 17:30:32.462, 19881
2026/09/26 17:30:32.962, 19881
2026/09/26 17:30:33.462, 19881
2026/09/26 17:30:33.962, 19881
2026/09/26 17:30:34.463, 19881
2026/09/26 17:30:34.963, 19881
2026/09/26 17:30:35.463, 19881
2026/09/26 17:30:35.963, 19881
2026/09/26 17:30:36.463, 19881
2026/09/26 17:30:36.964, 19881
2026/09/26 17:30:37.464, 19881
2026/09/26 17:30:37.964, 19881
2026/09/26 17:30:38.464, 19881
2026/09/26 17:30:38.964, 19881
2026/09/26 17:30:39.464, 19881
2026/09/26 17:30:39.964, 19881
2026/09/26 17:30:40.465, 19881
2026/09/26 17:30:40.965, 19881
2026/09/26 17:30:41.465, 19881
2026/09/26 17:30:41.965, 19881
2026/09/26 17:30:42.465, 19881
2026/09/26 17:30:42.965, 19881
2026/09/26 17:30:43.466, 19881
2026/09/26 17:30:43.966, 19881
2026/09/26 17:30:44.466, 19881
2026/09/26 17:30:44.966, 19881
2026/09/26 17:30:45.466, 19881
2026/09/26 17:30:45.966, 19881
2026/09/26 17:30:46.467, 19881
2026/09/26 17:30:46.967, 19881
2026/09/26 17:30:47.467, 19881
2026/09/26 17:30:47.967, 19881
2026/09/26 17:30:48.467, 19881
2026/09/26 17:30:48.967, 19881
2026/09/26 17:30:49.467, 19881
2026/09/26 17:30:49.968, 19881
2026/09/26 17:30:50.468, 19881
2026/09/26 17:30:50.968, 19881
2026/09/26 17:30:51.468, 19881
2026/09/26 17:30:51.968, 19881
2026/09/26 17:30:52.468, 19881
2026/09/26 17:30:52.969, 19881
2026/09/26 17:30:53.469, 19881
2026/09/26 17:30:53.969, 19881
2026/09/26 17:30:54.469, 19881
2026/09/26 17:30:54.969, 19881
2026/09/26 17:30:55.469, 19881
2026/09/26 17:30:55.969, 19881
2026/09/26 17:30:56.470, 19881
2026/09/26 17:30:56.970, 19881
2026/09/26 17:30:57.470, 19881
2026/09/26 17:30:57.970, 19881
2026/09/26 17:30:58.470, 19881
2026/09/26 17:30:58.970, 19881
2026/09/26 17:30:59.471, 19881
2026/09/26 17:30:59.971, 19881
2026/09/26 17:31:00.471, 19881
2026/09/26 17:31:00.971, 19881
2026/09/26 17:31:01.471, 19881
2026/09/26 17:31:01.971, 19881
2026/09/26 17:31:02.471, 19881
2026/09/26 17:31:02.971, 19881
2026/09/26 17:31:03.472, 19881
2026/09/26 17:31:03.972, 19881
2026/09/26 17:31:04.472, 19881
2026/09/26 17:31:04.972, 19881
2026/09/26 17:31:05.472, 19881
2026/09/26 17:31:05.972, 19881
2026/09/26 17:31:06.472, 19881
2026/09/26 17:31:06.973, 19881
2026/09/26 17:31:07.473, 19881
2026/09/26 17:31:07.973, 19881
2026/09/26 17:31:08.473, 19881
2026/09/26 17:31:08.973, 19881
2026/09/26 17:31:09.473, 19881
2026/09/26 17:31:09.973, 19881
2026/09/26 17:31:10.474, 19881
2026/09/26 17:31:10.974, 19881
2026/09/26 17:31:11.474, 19881
2026/09/26 17:31:11.974, 19881
2026/09/26 17:31:12.474, 19881
2026/09/26 17:31:12.974, 19881
2026/09/26 17:31:13.474, 19881
2026/09/26 17:31:13.975, 19881
2026/09/26 17:31:14.475, 19881
2026/09/26 17:31:14.975, 19881
2026/09/26 17:31:15.475, 19881
2026/09/26 17:31:15.975, 19881
2026/09/26 17:31:16.475, 19881
2026/09/26 17:31:16.975, 19881
2026/09/26 17:31:17.476, 19881
2026/09/26 17:31:17.976, 19881
2026/09/26 17:31:18.476, 19881
2026/09/26 17:31:18.976, 19881
2026/09/26 17:31:19.476, 19881
2026/09/26 17:31:19.976, 19881
2026/09/26 17:31:20.476, 19881
2026/09/26 17:31:20.976, 19881
2026/09/26 17:31:21.477, 19881
2026/09/26 17:31:21.977, 19881
2026/09/26 17:31:22.477, 19881
2026/09/26 17:31:22.977, 19881
2026/09/26 17:31:23.477, 19881
2026/09/26 17:31:23.977, 19881
2026/09/26 17:31:24.477, 19881
2026/09/26 17:31:24.978, 19881
2026/09/26 17:31:25.478, 19881
2026/09/26 17:31:25.978, 19881
2026/09/26 17:31:26.478, 19881
2026/09/26 17:31:26.978, 19881
2026/09/26 17:31:27.478, 19881
2026/09/26 17:31:27.978, 19881
2026/09/26 17:31:28.479, 19881
2026/09/26 17:31:28.979, 19881
2026/09/26 17:31:29.479, 19881
2026/09/26 17:31:29.979, 19881
2026/09/26 17:31:30.479, 19881
2026/09/26 17:31:30.979, 19881
2026/09/26 17:31:31.479, 19881
2026/09/26 17:31:31.979, 19881
2026/09/26 17:31:32.480, 19881
2026/09/26 17:31:32.980, 19881
2026/09/26 17:31:33.480, 19881
2026/09/26 17:31:33.980, 19881
2026/09/26 17:31:34.480, 19881
2026/09/26 17:31:34.980, 19881
2026/09/26 17:31:35.480, 19881
2026/09/26 17:31:35.981, 19881
2026/09/26 17:31:36.481, 19881
2026/09/26 17:31:36.981, 19881
2026/09/26 17:31:37.481, 19881
2026/09/26 17:31:37.981, 19881
2026/09/26 17:31:38.481, 19881
2026/09/26 17:31:38.981, 19881
2026/09/26 17:31:39.481, 19881
2026/09/26 17:31:39.982, 19881
2026/09/26 17:31:40.482, 19881
2026/09/26 17:31:40.982, 19881
2026/09/26 17:31:41.482, 19881
2026/09/26 17:31:41.982, 19881
2026/09/26 17:31:42.482, 19881
2026/09/26 17:31:42.982, 19881
2026/09/26 17:31:43.483, 19881
2026/09/26 17:31:43.983, 19881
2026/09/26 17:31:44.483, 19881
2026/09/26 17:31:44.983, 19881
2026/09/26 17:31:45.483, 19881
2026/09/26 17:31:45.983, 19881
2026/09/26 17:31:46.484, 19881
2026/09/26 17:31:46.984, 19881
2026/09/26 17:31:47.484, 19881
2026/09/26 17:31:47.984, 19881
2026/09/26 17:31:48.484, 19881
2026/09/26 17:31:48.984, 19881
2026/09/26 17:31:49.485, 19881
2026/09/26 17:31:49.985, 19881
2026/09/26 17:31:50.485, 19881
2026/09/26 17:31:50.985, 19881
2026/09/26 17:31:51.485, 19881
2026/09/26 17:31:51.985, 19881
2026/09/26 17:31:52.485, 19881
2026/09/26 17:31:52.986, 19881
2026/09/26 17:31:53.486, 19881
2026/09/26 17:31:53.986, 19881
2026/09/26 17:31:54.486, 19881
2026/09/26 17:31:54.986, 19881
2026/09/26 17:31:55.486, 19881
2026/09/26 17:31:55.987, 19881
2026/09/26 17:31:56.487, 19881
2026/09/26 17:31:56.987, 19881
2026/09/26 17:31:57.487, 19881
2026/09/26 17:31:57.987, 19881
2026/09/26 17:31:58.487, 19881
2026/09/26 17:31:58.988, 19881
2026/09/26 17:31:59.488, 19881
2026/09/26 17:31:59.988, 19881
2026/09/26 17:32:00.488, 19881
2026/09/26 17:32:00.988, 19881
2026/09/26 17:32:01.488, 19881
2026/09/26 17:32:01.989, 19881
2026/09/26 17:32:02.489, 19881
2026/09/26 17:32:02.989, 19881
2026/09/26 17:32:03.489, 19881
2026/09/26 17:32:03.989, 19881
2026/09/26 17:32:04.489, 19881
2026/09/26 17:32:04.990, 19881
2026/09/26 17:32:05.490, 19881
2026/09/26 17:32:05.990, 19881
2026/09/26 17:32:06.490, 19881
2026/09/26 17:32:06.990, 19881
2026/09/26 17:32:07.490, 19881
2026/09/26 17:32:07.990, 19881
2026/09/26 17:32:08.491, 19881
2026/09/26 17:32:08.991, 19881
2026/09/26 17:32:09.491, 19881
2026/09/26 17:32:09.991, 19881
2026/09/26 17:32:10.491, 19881
2026/09/26 17:32:10.992, 19881
2026/09/26 17:32:11.492, 19881
2026/09/26 17:32:11.992, 19881
2026/09/26 17:32:12.492, 19881
2026/09/26 17:32:12.992, 19881
2026/09/26 17:32:13.492, 19881
2026/09/26 17:32:13.992, 19881
2026/09/26 17:32:14.492, 19881
2026/09/26 17:32:14.993, 19881
2026/09/26 17:32:15.493, 19881
2026/09/26 17:32:15.993, 19881
2026/09/26 17:32:16.493, 19881
2026/09/26 17:32:16.993, 19881
2026/09/26 17:32:17.493, 19881
2026/09/26 17:32:17.993, 19881
2026/09/26 17:32:18.494, 19881
2026/09/26 17:32:18.994, 19881
2026/09/26 17:32:19.494, 19881
2026/09/26 17:32:19.994, 19881
2026/09/26 17:32:20.494, 19881
2026/09/26 17:32:20.994, 19881
2026/09/26 17:32:21.494, 19881
2026/09/26 17:32:21.995, 19881
2026/09/26 17:32:22.495, 19881
2026/09/26 17:32:22.995, 19881
2026/09/26 17:32:23.495, 19881
2026/09/26 17:32:23.995, 19881
2026/09/26 17:32:24.495, 19881
2026/09/26 17:32:24.995, 19881
2026/09/26 17:32:25.496, 19881
2026/09/26 17:32:25.996, 19881
2026/09/26 17:32:26.496, 19881
2026/09/26 17:32:26.996, 19881
2026/09/26 17:32:27.496, 19881
2026/09/26 17:32:27.996, 19881
2026/09/26 17:32:28.496, 19881
2026/09/26 17:32:28.997, 19881
2026/09/26 17:32:29.497, 19881
2026/09/26 17:32:29.997, 19881
2026/09/26 17:32:30.497, 19881
2026/09/26 17:32:30.997, 19881
2026/09/26 17:32:31.497, 19881
2026/09/26 17:32:31.997, 19881
2026/09/26 17:32:32.498, 19881
2026/09/26 17:32:32.998, 19881
2026/09/26 17:32:33.498, 19881
2026/09/26 17:32:33.998, 19881
2026/09/26 17:32:34.498, 19881
2026/09/26 17:32:34.998, 19881
2026/09/26 17:32:35.498, 19881
2026/09/26 17:32:35.999, 19881
2026/09/26 17:32:36.499, 19881
2026/09/26 17:32:36.999, 19881
2026/09/26 17:32:37.499, 19881
2026/09/26 17:32:37.999, 19881
2026/09/26 17:32:38.499, 19881
2026/09/26 17:32:38.999, 19881
2026/09/26 17:32:39.499, 19881
2026/09/26 17:32:40.000, 19881
2026/09/26 17:32:40.500, 19881
2026/09/26 17:32:41.000, 19881
2026/09/26 17:32:41.500, 19881
2026/09/26 17:32:42.000, 19881
2026/09/26 17:32:42.500, 19881
2026/09/26 17:32:43.000, 19881
2026/09/26 17:32:43.501, 19881
2026/09/26 17:32:44.001, 19881
2026/09/26 17:32:44.501, 19881
2026/09/26 17:32:45.001, 19881
2026/09/26 17:32:45.501, 19881
2026/09/26 17:32:46.001, 19881
2026/09/26 17:32:46.501, 19881
2026/09/26 17:32:47.002, 19881
2026/09/26 17:32:47.502, 19881
2026/09/26 17:32:48.002, 19881
2026/09/26 17:32:48.502, 19881
2026/09/26 17:32:49.002, 19881
2026/09/26 17:32:49.502, 19881
2026/09/26 17:32:50.002, 19881
2026/09/26 17:32:50.503, 19881
2026/09/26 17:32:51.003, 19881
2026/09/26 17:32:51.503, 19881
2026/09/26 17:32:52.003, 19881
2026/09/26 17:32:52.503, 19881
2026/09/26 17:32:53.003, 19881
2026/09/26 17:32:53.503, 19881
2026/09/26 17:32:54.004, 19881
2026/09/26 17:32:54.504, 19881
2026/09/26 17:32:55.004, 19881
2026/09/26 17:32:55.504, 19881
2026/09/26 17:32:56.004, 19881
2026/09/26 17:32:56.504, 19881
2026/09/26 17:32:57.005, 19881
2026/09/26 17:32:57.505, 19881
2026/09/26 17:32:58.005, 19881
2026/09/26 17:32:58.505, 19881
2026/09/26 17:32:59.005, 19881
2026/09/26 17:32:59.505, 19881
2026/09/26 17:33:00.005, 19881
2026/09/26 17:33:00.506, 19881
2026/09/26 17:33:01.006, 19881
2026/09/26 17:33:01.506, 19881
2026/09/26 17:33:02.006, 19881
2026/09/26 17:33:02.506, 19881
2026/09/26 17:33:03.006, 19881
2026/09/26 17:33:03.507, 19881
2026/09/26 17:33:04.007, 19881
2026/09/26 17:33:04.507, 19881
2026/09/26 17:33:05.007, 19881
2026/09/26 17:33:05.507, 19881
2026/09/26 17:33:06.007, 19881
2026/09/26 17:33:06.507, 19881
2026/09/26 17:33:07.008, 19881
2026/09/26 17:33:07.508, 19881
2026/09/26 17:33:08.008, 19881
2026/09/26 17:33:08.508, 19881
2026/09/26 17:33:09.008, 19881
2026/09/26 17:33:09.508, 19881
2026/09/26 17:33:10.008, 19881
2026/09/26 17:33:10.509, 19881
2026/09/26 17:33:11.009, 19881
2026/09/26 17:33:11.509, 19881
2026/09/26 17:33:12.009, 19881
2026/09/26 17:33:12.509, 19881
2026/09/26 17:33:13.009, 19881
2026/09/26 17:33:13.510, 19881
2026/09/26 17:33:14.010, 19881
2026/09/26 17:33:14.510, 19881
2026/09/26 17:33:15.010, 19881
2026/09/26 17:33:15.510, 19881
2026/09/26 17:33:16.010, 19881
2026/09/26 17:33:16.510, 19881
2026/09/26 17:33:17.011, 19881
2026/09/26 17:33:17.511, 19881
2026/09/26 17:33:18.011, 19881
2026/09/26 17:33:18.511, 19881
2026/09/26 17:33:19.011, 19881
2026/09/26 17:33:19.511, 19881
2026/09/26 17:33:20.012, 19881
2026/09/26 17:33:20.512, 19881
2026/09/26 17:33:21.012, 19881
2026/09/26 17:33:21.512, 19881
2026/09/26 17:33:22.012, 19881
2026/09/26 17:33:22.512, 19881
2026/09/26 17:33:23.016, 19881
2026/09/26 17:33:23.516, 19881
2026/09/26 17:33:24.016, 19881
2026/09/26 17:33:24.516, 19881
2026/09/26 17:33:25.016, 19881
2026/09/26 17:33:25.517, 19881
2026/09/26 17:33:26.017, 19881
2026/09/26 17:33:26.517, 19881
2026/09/26 17:33:27.017, 19881
2026/09/26 17:33:27.517, 19881
2026/09/26 17:33:28.017, 19881
2026/09/26 17:33:28.517, 19881
2026/09/26 17:33:29.018, 19881
2026/09/26 17:33:29.518, 19881
2026/09/26 17:33:30.018, 19881
2026/09/26 17:33:30.518, 19881
2026/09/26 17:33:31.018, 19881
2026/09/26 17:33:31.518, 19881
2026/09/26 17:33:32.019, 19881
2026/09/26 17:33:32.519, 19881
2026/09/26 17:33:33.019, 19881
2026/09/26 17:33:33.519, 19881
2026/09/26 17:33:34.019, 19881
2026/09/26 17:33:34.519, 19881
2026/09/26 17:33:35.020, 19881
2026/09/26 17:33:35.520, 19881
2026/09/26 17:33:36.020, 19881
2026/09/26 17:33:36.520, 19881
2026/09/26 17:33:37.020, 19881
2026/09/26 17:33:37.520, 19881
2026/09/26 17:33:38.020, 19881
2026/09/26 17:33:38.521, 19881
2026/09/26 17:33:39.021, 19881
2026/09/26 17:33:39.521, 19881
2026/09/26 17:33:40.021, 19881
2026/09/26 17:33:40.521, 19881
2026/09/26 17:33:41.021, 19881
2026/09/26 17:33:41.521, 19881
2026/09/26 17:33:42.022, 19881
2026/09/26 17:33:42.522, 19881
2026/09/26 17:33:43.022, 19881
2026/09/26 17:33:43.522, 19881
2026/09/26 17:33:44.022, 19881
2026/09/26 17:33:44.522, 19881
2026/09/26 17:33:45.022, 19881
2026/09/26 17:33:45.523, 19881
2026/09/26 17:33:46.023, 19881
2026/09/26 17:33:46.523, 19881
2026/09/26 17:33:47.023, 19881
2026/09/26 17:33:47.523, 19881
2026/09/26 17:33:48.023, 19881
2026/09/26 17:33:48.523, 19881
2026/09/26 17:33:49.024, 19881
2026/09/26 17:33:49.524, 19881
2026/09/26 17:33:50.024, 19881
2026/09/26 17:33:50.524, 19881
2026/09/26 17:33:51.024, 19881
2026/09/26 17:33:51.524, 19881
2026/09/26 17:33:52.024, 19881
2026/09/26 17:33:52.524, 19881
2026/09/26 17:33:53.025, 19881
2026/09/26 17:33:53.525, 19881
2026/09/26 17:33:54.025, 19881
2026/09/26 17:33:54.525, 19881
2026/09/26 17:33:55.025, 19881
2026/09/26 17:33:55.525, 19881
2026/09/26 17:33:56.025, 19881
2026/09/26 17:33:56.525, 19881
2026/09/26 17:33:57.026, 19881
2026/09/26 17:33:57.526, 19881
2026/09/26 17:33:58.026, 19881
2026/09/26 17:33:58.526, 19881
2026/09/26 17:33:59.026, 19881
2026/09/26 17:33:59.526, 19881
2026/09/26 17:34:00.026, 19881
2026/09/26 17:34:00.526, 19881
2026/09/26 17:34:01.027, 19881
2026/09/26 17:34:01.527, 19881
2026/09/26 17:34:02.027, 19881
2026/09/26 17:34:02.527, 19881
2026/09/26 17:34:03.027, 19881
2026/09/26 17:34:03.527, 19881
2026/09/26 17:34:04.027, 19881
2026/09/26 17:34:04.528, 19881
2026/09/26 17:34:05.028, 19881
2026/09/26 17:34:05.528, 19881
2026/09/26 17:34:06.028, 19881
2026/09/26 17:34:06.528, 19881
2026/09/26 17:34:07.028, 19881
2026/09/26 17:34:07.529, 19881
2026/09/26 17:34:08.029, 19881
2026/09/26 17:34:08.529, 19881
2026/09/26 17:34:09.029, 19881
2026/09/26 17:34:09.529, 19881
2026/09/26 17:34:10.029, 19881
2026/09/26 17:34:10.530, 19881
2026/09/26 17:34:11.030, 19881
2026/09/26 17:34:11.530, 19881
2026/09/26 17:34:12.030, 19881
2026/09/26 17:34:12.530, 19881
2026/09/26 17:34:13.030, 19881
2026/09/26 17:34:13.530, 19881
2026/09/26 17:34:14.031, 19881
2026/09/26 17:34:14.531, 19881
2026/09/26 17:34:15.031, 19881
2026/09/26 17:34:15.531, 19881
2026/09/26 17:34:16.031, 19881
2026/09/26 17:34:16.531, 19881
2026/09/26 17:34:17.032, 19881
2026/09/26 17:34:17.532, 19881
2026/09/26 17:34:18.032, 19881
2026/09/26 17:34:18.532, 19881
2026/09/26 17:34:19.032, 19881
2026/09/26 17:34:19.532, 19881
2026/09/26 17:34:20.032, 19881
2026/09/26 17:34:20.533, 19881
2026/09/26 17:34:21.033, 19881
2026/09/26 17:34:21.533, 19881
2026/09/26 17:34:22.033, 19881
2026/09/26 17:34:22.533, 19881
2026/09/26 17:34:23.033, 19881
2026/09/26 17:34:23.534, 19881
2026/09/26 17:34:24.034, 19881
2026/09/26 17:34:24.534, 19881
2026/09/26 17:34:25.034, 19881
2026/09/26 17:34:25.534, 19881
2026/09/26 17:34:26.034, 19881
2026/09/26 17:34:26.534, 19881
2026/09/26 17:34:27.035, 19881
2026/09/26 17:34:27.535, 19881
2026/09/26 17:34:28.035, 19881
2026/09/26 17:34:28.535, 19881
2026/09/26 17:34:29.035, 19881
2026/09/26 17:34:29.535, 19881
2026/09/26 17:34:30.035, 19881
2026/09/26 17:34:30.536, 19881
2026/09/26 17:34:31.036, 19881
2026/09/26 17:34:31.536, 19881
2026/09/26 17:34:32.036, 19881
2026/09/26 17:34:32.536, 19881
2026/09/26 17:34:33.036, 19881
2026/09/26 17:34:33.536, 19881
2026/09/26 17:34:34.037, 19881
2026/09/26 17:34:34.537, 19881
2026/09/26 17:34:35.037, 19881
2026/09/26 17:34:35.537, 19881
2026/09/26 17:34:36.037, 19881
2026/09/26 17:34:36.537, 19881
2026/09/26 17:34:37.037, 19881
2026/09/26 17:34:37.538, 19881
2026/09/26 17:34:38.038, 19881
2026/09/26 17:34:38.538, 19881
2026/09/26 17:34:39.038, 19881
2026/09/26 17:34:39.538, 19881
2026/09/26 17:34:40.038, 19881
2026/09/26 17:34:40.539, 19881
2026/09/26 17:34:41.039, 19881
2026/09/26 17:34:41.539, 19881
2026/09/26 17:34:42.039, 19881
2026/09/26 17:34:42.539, 19881
2026/09/26 17:34:43.039, 19881
2026/09/26 17:34:43.539, 19881
2026/09/26 17:34:44.040, 19881
2026/09/26 17:34:44.540, 19881
2026/09/26 17:34:45.040, 19881
2026/09/26 17:34:45.540, 19881
2026/09/26 17:34:46.040, 19881
2026/09/26 17:34:46.540, 19881
2026/09/26 17:34:47.040, 19881
2026/09/26 17:34:47.541, 19881
2026/09/26 17:34:48.041, 19881
2026/09/26 17:34:48.541, 19881
2026/09/26 17:34:49.041, 19881
2026/09/26 17:34:49.541, 19881
2026/09/26 17:34:50.041, 19881
2026/09/26 17:34:50.542, 19881
2026/09/26 17:34:51.042, 19881
2026/09/26 17:34:51.542, 19881
2026/09/26 17:34:52.042, 19881
2026/09/26 17:34:52.542, 19881
2026/09/26 17:34:53.042, 19881
2026/09/26 17:34:53.542, 19881
2026/09/26 17:34:54.042, 19881
2026/09/26 17:34:54.543, 19881
2026/09/26 17:34:55.043, 19881
2026/09/26 17:34:55.543, 19881
2026/09/26 17:34:56.043, 19881
2026/09/26 17:34:56.543, 19881
2026/09/26 17:34:57.043, 19881
2026/09/26 17:34:57.544, 19881
2026/09/26 17:34:58.044, 19881
2026/09/26 17:34:58.544, 19881
2026/09/26 17:34:59.044, 19881
2026/09/26 17:34:59.544, 19881
2026/09/26 17:35:00.044, 19881
2026/09/26 17:35:00.544, 19881
2026/09/26 17:35:01.045, 19881
2026/09/26 17:35:01.545, 19881
2026/09/26 17:35:02.045, 19881
2026/09/26 17:35:02.545, 19881
2026/09/26 17:35:03.045, 19881
2026/09/26 17:35:03.545, 19881
2026/09/26 17:35:04.045, 19881
2026/09/26 17:35:04.546, 19881
2026/09/26 17:35:05.046, 19881
2026/09/26 17:35:05.546, 19881
2026/09/26 17:35:06.046, 19881
2026/09/26 17:35:06.546, 19881
2026/09/26 17:35:07.046, 19881
2026/09/26 17:35:07.546, 19881
2026/09/26 17:35:08.047, 19881
2026/09/26 17:35:08.547, 19881
2026/09/26 17:35:09.047, 19881
2026/09/26 17:35:09.547, 19881
2026/09/26 17:35:10.047, 19881
2026/09/26 17:35:10.547, 19881
2026/09/26 17:35:11.048, 19881
2026/09/26 17:35:11.548, 19881
2026/09/26 17:35:12.048, 19881
2026/09/26 17:35:12.548, 19881
2026/09/26 17:35:13.048, 19881
2026/09/26 17:35:13.548, 19881
2026/09/26 17:35:14.049, 19881
2026/09/26 17:35:14.549, 19881
2026/09/26 17:35:15.049, 19881
2026/09/26 17:35:15.549, 19881
2026/09/26 17:35:16.049, 19881
2026/09/26 17:35:16.549, 19881
2026/09/26 17:35:17.049, 19881
2026/09/26 17:35:17.550, 19881
2026/09/26 17:35:18.050, 19881
2026/09/26 17:35:18.550, 19881
2026/09/26 17:35:19.050, 19881
2026/09/26 17:35:19.550, 19881
2026/09/26 17:35:20.050, 19881
2026/09/26 17:35:20.550, 19881
2026/09/26 17:35:21.051, 19881
2026/09/26 17:35:21.551, 19881
2026/09/26 17:35:22.051, 19881
2026/09/26 17:35:22.551, 19881
2026/09/26 17:35:23.051, 19881
2026/09/26 17:35:23.551, 19881
2026/09/26 17:35:24.052, 19881
2026/09/26 17:35:24.552, 19881
2026/09/26 17:35:25.052, 19881
2026/09/26 17:35:25.552, 19881
2026/09/26 17:35:26.052, 19881
2026/09/26 17:35:26.552, 19881
2026/09/26 17:35:27.052, 19881
2026/09/26 17:35:27.553, 19881
2026/09/26 17:35:28.053, 19881
2026/09/26 17:35:28.553, 19881
2026/09/26 17:35:29.053, 19881
2026/09/26 17:35:29.553, 19881
2026/09/26 17:35:30.053, 19881
2026/09/26 17:35:30.553, 19881
2026/09/26 17:35:31.054, 19881
2026/09/26 17:35:31.554, 19881
2026/09/26 17:35:32.054, 19881
2026/09/26 17:35:32.554, 19881
2026/09/26 17:35:33.054, 19881
2026/09/26 17:35:33.554, 19881
2026/09/26 17:35:34.055, 19881
2026/09/26 17:35:34.555, 19881
2026/09/26 17:35:35.055, 19881
2026/09/26 17:35:35.555, 19881
2026/09/26 17:35:36.055, 19881
2026/09/26 17:35:36.555, 19881
2026/09/26 17:35:37.055, 19881
2026/09/26 17:35:37.556, 19881
2026/09/26 17:35:38.056, 19881
2026/09/26 17:35:38.556, 19881
2026/09/26 17:35:39.056, 19881
2026/09/26 17:35:39.556, 19881
2026/09/26 17:35:40.056, 19881
2026/09/26 17:35:40.557, 19881
2026/09/26 17:35:41.057, 19881
2026/09/26 17:35:41.557, 19881
2026/09/26 17:35:42.057, 19881
2026/09/26 17:35:42.557, 19881
2026/09/26 17:35:43.057, 19881
2026/09/26 17:35:43.557, 19881
2026/09/26 17:35:44.058, 19881
2026/09/26 17:35:44.558, 19881
2026/09/26 17:35:45.058, 19881
2026/09/26 17:35:45.558, 19881
2026/09/26 17:35:46.058, 19881
2026/09/26 17:35:46.558, 19881
2026/09/26 17:35:47.058, 19881
2026/09/26 17:35:47.559, 19881
2026/09/26 17:35:48.059, 19881
2026/09/26 17:35:48.559, 19881
2026/09/26 17:35:49.059, 19881
2026/09/26 17:35:49.559, 19881
2026/09/26 17:35:50.059, 19881
2026/09/26 17:35:50.559, 19881
2026/09/26 17:35:51.060, 19881
2026/09/26 17:35:51.560, 19881
2026/09/26 17:35:52.060, 19881
2026/09/26 17:35:52.560, 19881
2026/09/26 17:35:53.060, 19881
2026/09/26 17:35:53.560, 19881
2026/09/26 17:35:54.060, 19881
2026/09/26 17:35:54.561, 19881
2026/09/26 17:35:55.061, 19881
2026/09/26 17:35:55.561, 19881
2026/09/26 17:35:56.061, 19881
2026/09/26 17:35:56.561, 19881
2026/09/26 17:35:57.061, 19881
2026/09/26 17:35:57.561, 19881
2026/09/26 17:35:58.062, 19881
2026/09/26 17:35:58.562, 19881
2026/09/26 17:35:59.062, 19881
2026/09/26 17:35:59.562, 19881
2026/09/26 17:36:00.062, 19881
2026/09/26 17:36:00.562, 19881
2026/09/26 17:36:01.063, 19881
2026/09/26 17:36:01.563, 19881
2026/09/26 17:36:02.063, 19881
2026/09/26 17:36:02.563, 19881
2026/09/26 17:36:03.063, 19881
2026/09/26 17:36:03.563, 19881
2026/09/26 17:36:04.063, 19881
2026/09/26 17:36:04.563, 19881
2026/09/26 17:36:05.064, 19881
2026/09/26 17:36:05.564, 19881
2026/09/26 17:36:06.064, 19881
2026/09/26 17:36:06.564, 19881
2026/09/26 17:36:07.064, 19881
2026/09/26 17:36:07.564, 19881
2026/09/26 17:36:08.064, 19881
2026/09/26 17:36:08.564, 19881
2026/09/26 17:36:09.065, 19881
2026/09/26 17:36:09.565, 19881
2026/09/26 17:36:10.065, 19881
2026/09/26 17:36:10.565, 19881
2026/09/26 17:36:11.065, 19881
2026/09/26 17:36:11.565, 19881
2026/09/26 17:36:12.065, 19881
2026/09/26 17:36:12.565, 19881
2026/09/26 17:36:13.066, 19881
2026/09/26 17:36:13.566, 19881
2026/09/26 17:36:14.066, 19881
2026/09/26 17:36:14.566, 19881
2026/09/26 17:36:15.066, 19881
2026/09/26 17:36:15.566, 19881
2026/09/26 17:36:16.066, 19881
2026/09/26 17:36:16.567, 19881
2026/09/26 17:36:17.067, 19881
2026/09/26 17:36:17.567, 19881
2026/09/26 17:36:18.067, 19881
2026/09/26 17:36:18.567, 19881
2026/09/26 17:36:19.067, 19881
2026/09/26 17:36:19.567, 19881
2026/09/26 17:36:20.067, 19881
2026/09/26 17:36:20.568, 19881
2026/09/26 17:36:21.068, 19881
2026/09/26 17:36:21.568, 19881
2026/09/26 17:36:22.068, 19881
2026/09/26 17:36:22.568, 19881
2026/09/26 17:36:23.068, 19881
2026/09/26 17:36:23.568, 19881
2026/09/26 17:36:24.069, 19881
2026/09/26 17:36:24.569, 19881
2026/09/26 17:36:25.069, 19881
2026/09/26 17:36:25.569, 19881
2026/09/26 17:36:26.069, 19881
2026/09/26 17:36:26.569, 19881
2026/09/26 17:36:27.069, 19881
2026/09/26 17:36:27.569, 19881
2026/09/26 17:36:28.070, 19881
2026/09/26 17:36:28.570, 19881
2026/09/26 17:36:29.070, 19881
2026/09/26 17:36:29.570, 19881
2026/09/26 17:36:30.070, 19881
2026/09/26 17:36:30.570, 19881
2026/09/26 17:36:31.070, 19881
2026/09/26 17:36:31.570, 19881
2026/09/26 17:36:32.071, 19881
2026/09/26 17:36:32.571, 19881
2026/09/26 17:36:33.071, 19881
2026/09/26 17:36:33.571, 19881
2026/09/26 17:36:34.071, 19881
2026/09/26 17:36:34.571, 19881
2026/09/26 17:36:35.071, 19881
2026/09/26 17:36:35.572, 19881
2026/09/26 17:36:36.072, 19881
2026/09/26 17:36:36.572, 19881
2026/09/26 17:36:37.072, 19881
2026/09/26 17:36:37.572, 19881
2026/09/26 17:36:38.072, 19881
2026/09/26 17:36:38.572, 19881
2026/09/26 17:36:39.072, 19881
2026/09/26 17:36:39.573, 19881
2026/09/26 17:36:40.073, 19881
2026/09/26 17:36:40.573, 19881
2026/09/26 17:36:41.073, 19881
2026/09/26 17:36:41.573, 19881
2026/09/26 17:36:42.073, 19881
2026/09/26 17:36:42.573, 19881
2026/09/26 17:36:43.073, 19881
2026/09/26 17:36:43.574, 19881
2026/09/26 17:36:44.074, 19881
2026/09/26 17:36:44.574, 19881
2026/09/26 17:36:45.074, 19881
2026/09/26 17:36:45.574, 19881
2026/09/26 17:36:46.074, 19881
2026/09/26 17:36:46.574, 19881
2026/09/26 17:36:47.075, 19881
2026/09/26 17:36:47.575, 19881
2026/09/26 17:36:48.075, 19881
2026/09/26 17:36:48.575, 19881
2026/09/26 17:36:49.075, 19881
2026/09/26 17:36:49.575, 19881
2026/09/26 17:36:50.075, 19881
2026/09/26 17:36:50.575, 19881
2026/09/26 17:36:51.075, 19881
2026/09/26 17:36:51.576, 19881
2026/09/26 17:36:52.076, 19881
2026/09/26 17:36:52.576, 19881
2026/09/26 17:36:53.076, 19881
2026/09/26 17:36:53.576, 19881
2026/09/26 17:36:54.076, 19881
2026/09/26 17:36:54.577, 19881
2026/09/26 17:36:55.077, 19881
2026/09/26 17:36:55.577, 19881
2026/09/26 17:36:56.077, 19881
2026/09/26 17:36:56.577, 19881
2026/09/26 17:36:57.077, 19881
2026/09/26 17:36:57.577, 19881
2026/09/26 17:36:58.078, 19881
2026/09/26 17:36:58.578, 19881
2026/09/26 17:36:59.078, 19881
2026/09/26 17:36:59.578, 19881
2026/09/26 17:37:00.078, 19881
2026/09/26 17:37:00.578, 19881
2026/09/26 17:37:01.079, 19881
2026/09/26 17:37:01.579, 19881
2026/09/26 17:37:02.079, 19881
2026/09/26 17:37:02.579, 19881
2026/09/26 17:37:03.079, 19881
2026/09/26 17:37:03.579, 19881
2026/09/26 17:37:04.079, 19881
2026/09/26 17:37:04.580, 19881
2026/09/26 17:37:05.080, 19881
2026/09/26 17:37:05.580, 19881
2026/09/26 17:37:06.080, 19881
2026/09/26 17:37:06.580, 19881
2026/09/26 17:37:07.080, 19881
2026/09/26 17:37:07.581, 19881
2026/09/26 17:37:08.081, 19881
2026/09/26 17:37:08.581, 19881
2026/09/26 17:37:09.081, 19881
2026/09/26 17:37:09.581, 19881
2026/09/26 17:37:10.081, 19881
2026/09/26 17:37:10.582, 19881
2026/09/26 17:37:11.082, 19881
2026/09/26 17:37:11.582, 19881
2026/09/26 17:37:12.082, 19881
2026/09/26 17:37:12.582, 19881
2026/09/26 17:37:13.082, 19881
2026/09/26 17:37:13.583, 19881
2026/09/26 17:37:14.083, 19881
2026/09/26 17:37:14.583, 19881
2026/09/26 17:37:15.083, 19881
2026/09/26 17:37:15.583, 19881
2026/09/26 17:37:16.084, 19881
2026/09/26 17:37:16.584, 19881
2026/09/26 17:37:17.084, 19881
2026/09/26 17:37:17.584, 19881
2026/09/26 17:37:18.084, 19881
2026/09/26 17:37:18.584, 19881
2026/09/26 17:37:19.085, 19881
2026/09/26 17:37:19.585, 19881
2026/09/26 17:37:20.085, 19881
2026/09/26 17:37:20.585, 19881
2026/09/26 17:37:21.085, 19881
2026/09/26 17:37:21.586, 19881
2026/09/26 17:37:22.086, 19881
2026/09/26 17:37:22.586, 19881
2026/09/26 17:37:23.086, 19881
2026/09/26 17:37:23.586, 19881
2026/09/26 17:37:24.086, 19881
2026/09/26 17:37:24.586, 19881
2026/09/26 17:37:25.087, 19881
2026/09/26 17:37:25.587, 19881
2026/09/26 17:37:26.087, 19881
2026/09/26 17:37:26.587, 19881
2026/09/26 17:37:27.087, 19881
2026/09/26 17:37:27.587, 19881
2026/09/26 17:37:28.088, 19881
2026/09/26 17:37:28.588, 19881
2026/09/26 17:37:29.088, 19881
2026/09/26 17:37:29.588, 19881
2026/09/26 17:37:30.088, 19881
2026/09/26 17:37:30.589, 19881
2026/09/26 17:37:31.089, 19881
2026/09/26 17:37:31.589, 19881
2026/09/26 17:37:32.089, 19881
2026/09/26 17:37:32.589, 19881
2026/09/26 17:37:33.089, 19881
2026/09/26 17:37:33.589, 19881
2026/09/26 17:37:34.090, 19881
2026/09/26 17:37:34.590, 19881
2026/09/26 17:37:35.090, 19881
2026/09/26 17:37:35.590, 19881
2026/09/26 17:37:36.090, 19881
2026/09/26 17:37:36.590, 19881
2026/09/26 17:37:37.091, 19881
2026/09/26 17:37:37.591, 19881
2026/09/26 17:37:38.091, 19881
2026/09/26 17:37:38.591, 19881
2026/09/26 17:37:39.091, 19881
2026/09/26 17:37:39.591, 19881
2026/09/26 17:37:40.092, 19881
2026/09/26 17:37:40.592, 19881
2026/09/26 17:37:41.092, 19881
2026/09/26 17:37:41.592, 19881
2026/09/26 17:37:42.092, 19881
2026/09/26 17:37:42.593, 19881
2026/09/26 17:37:43.093, 19881
2026/09/26 17:37:43.593, 19881
2026/09/26 17:37:44.093, 19881
2026/09/26 17:37:44.593, 19881
2026/09/26 17:37:45.093, 19881
2026/09/26 17:37:45.594, 19881
2026/09/26 17:37:46.094, 19881
2026/09/26 17:37:46.594, 19881
2026/09/26 17:37:47.094, 19881
2026/09/26 17:37:47.594, 19881
2026/09/26 17:37:48.094, 19881
2026/09/26 17:37:48.594, 19881
2026/09/26 17:37:49.095, 19881
2026/09/26 17:37:49.595, 19881
2026/09/26 17:37:50.095, 19881
2026/09/26 17:37:50.595, 19881
2026/09/26 17:37:51.095, 19881
2026/09/26 17:37:51.595, 19881
2026/09/26 17:37:52.095, 19881
2026/09/26 17:37:52.596, 19881
2026/09/26 17:37:53.096, 19881
2026/09/26 17:37:53.603, 19881
2026/09/26 17:37:54.103, 19881
2026/09/26 17:37:54.603, 19881
2026/09/26 17:37:55.103, 19881
2026/09/26 17:37:55.603, 19881
2026/09/26 17:37:56.103, 19881
2026/09/26 17:37:56.604, 19881
2026/09/26 17:37:57.104, 19881
2026/09/26 17:37:57.604, 19881
2026/09/26 17:37:58.104, 19881
2026/09/26 17:37:58.604, 19881
2026/09/26 17:37:59.104, 19881
2026/09/26 17:37:59.605, 19881
2026/09/26 17:38:00.105, 19881
2026/09/26 17:38:00.605, 19881
2026/09/26 17:38:01.105, 19881
2026/09/26 17:38:01.605, 19881
2026/09/26 17:38:02.105, 19881
2026/09/26 17:38:02.605, 19881
2026/09/26 17:38:03.106, 19881
2026/09/26 17:38:03.606, 19881
2026/09/26 17:38:04.106, 19881
2026/09/26 17:38:04.606, 19881
2026/09/26 17:38:05.106, 19881
2026/09/26 17:38:05.606, 19881
2026/09/26 17:38:06.107, 19881
2026/09/26 17:38:06.607, 19881
2026/09/26 17:38:07.107, 19881
2026/09/26 17:38:07.607, 19881
2026/09/26 17:38:08.107, 19881
2026/09/26 17:38:08.607, 19881
2026/09/26 17:38:09.107, 19881
2026/09/26 17:38:09.608, 19881
2026/09/26 17:38:10.108, 19881
2026/09/26 17:38:10.608, 19881
2026/09/26 17:38:11.108, 19881
2026/09/26 17:38:11.608, 19881
2026/09/26 17:38:12.108, 19881
2026/09/26 17:38:12.609, 19881
2026/09/26 17:38:13.109, 19881
2026/09/26 17:38:13.609, 19881
2026/09/26 17:38:14.109, 19881
2026/09/26 17:38:14.609, 19881
2026/09/26 17:38:15.109, 19881
2026/09/26 17:38:15.609, 19881
2026/09/26 17:38:16.110, 19881
2026/09/26 17:38:16.610, 19881
2026/09/26 17:38:17.110, 19881
2026/09/26 17:38:17.610, 19881
2026/09/26 17:38:18.110, 19881
2026/09/26 17:38:18.610, 19881
2026/09/26 17:38:19.111, 19881
2026/09/26 17:38:19.611, 19881
2026/09/26 17:38:20.111, 19881
2026/09/26 17:38:20.611, 19881
2026/09/26 17:38:21.111, 19881
2026/09/26 17:38:21.611, 19881
2026/09/26 17:38:22.111, 19881
2026/09/26 17:38:22.612, 19881
2026/09/26 17:38:23.112, 19881
2026/09/26 17:38:23.612, 19881
2026/09/26 17:38:24.112, 19881
2026/09/26 17:38:24.612, 19881
2026/09/26 17:38:25.112, 19881
2026/09/26 17:38:25.612, 19881
2026/09/26 17:38:26.113, 19881
2026/09/26 17:38:26.613, 19881
2026/09/26 17:38:27.113, 19881
2026/09/26 17:38:27.613, 19881
2026/09/26 17:38:28.113, 19881
2026/09/26 17:38:28.613, 19881
2026/09/26 17:38:29.114, 19881
2026/09/26 17:38:29.614, 19881
2026/09/26 17:38:30.114, 19881
2026/09/26 17:38:30.614, 19881
2026/09/26 17:38:31.114, 19881
2026/09/26 17:38:31.614, 19881
2026/09/26 17:38:32.114, 19881
2026/09/26 17:38:32.614, 19881
2026/09/26 17:38:33.115, 19881
2026/09/26 17:38:33.615, 19881
2026/09/26 17:38:34.115, 19881
2026/09/26 17:38:34.615, 19881
2026/09/26 17:38:35.115, 19881
2026/09/26 17:38:35.615, 19881
2026/09/26 17:38:36.115, 19881
2026/09/26 17:38:36.616, 19881
2026/09/26 17:38:37.116, 19881
2026/09/26 17:38:37.616, 19881
2026/09/26 17:38:38.116, 19881
2026/09/26 17:38:38.616, 19881
2026/09/26 17:38:39.116, 19881
2026/09/26 17:38:39.616, 19881
2026/09/26 17:38:40.117, 19881
2026/09/26 17:38:40.617, 19881
2026/09/26 17:38:41.117, 19881
2026/09/26 17:38:41.617, 19881
2026/09/26 17:38:42.117, 19881
2026/09/26 17:38:42.617, 19881
2026/09/26 17:38:43.117, 19881
2026/09/26 17:38:43.618, 19881
2026/09/26 17:38:44.118, 19881
2026/09/26 17:38:44.618, 19881
2026/09/26 17:38:45.118, 19881
2026/09/26 17:38:45.618, 19881
2026/09/26 17:38:46.118, 19881
2026/09/26 17:38:46.619, 19881
2026/09/26 17:38:47.119, 19881
2026/09/26 17:38:47.619, 19881
2026/09/26 17:38:48.119, 19881
2026/09/26 17:38:48.619, 19881
2026/09/26 17:38:49.119, 19881
2026/09/26 17:38:49.619, 19881
2026/09/26 17:38:50.119, 19881
2026/09/26 17:38:50.620, 19881
2026/09/26 17:38:51.120, 19881
2026/09/26 17:38:51.620, 19881
2026/09/26 17:38:52.120, 19881
2026/09/26 17:38:52.620, 19881
2026/09/26 17:38:53.120, 19881
2026/09/26 17:38:53.620, 19881
2026/09/26 17:38:54.121, 19881
2026/09/26 17:38:54.621, 19881
2026/09/26 17:38:55.121, 19881
2026/09/26 17:38:55.621, 19881
2026/09/26 17:38:56.121, 19881
2026/09/26 17:38:56.621, 19881
2026/09/26 17:38:57.121, 19881
2026/09/26 17:38:57.622, 19881
2026/09/26 17:38:58.122, 19881
2026/09/26 17:38:58.622, 19881
2026/09/26 17:38:59.122, 19881
2026/09/26 17:38:59.622, 19881
2026/09/26 17:39:00.122, 19881
2026/09/26 17:39:00.622, 19881
2026/09/26 17:39:01.122, 19881
2026/09/26 17:39:01.623, 19881
2026/09/26 17:39:02.123, 19881
2026/09/26 17:39:02.623, 19881
2026/09/26 17:39:03.123, 19881
2026/09/26 17:39:03.623, 19881
2026/09/26 17:39:04.123, 19881
2026/09/26 17:39:04.623, 19881
2026/09/26 17:39:05.124, 19881
2026/09/26 17:39:05.624, 19881
2026/09/26 17:39:06.124, 19881
2026/09/26 17:39:06.624, 19881
2026/09/26 17:39:07.124, 19881
2026/09/26 17:39:07.624, 19881
2026/09/26 17:39:08.124, 19881
2026/09/26 17:39:08.625, 19881
2026/09/26 17:39:09.125, 19881
2026/09/26 17:39:09.625, 19881
2026/09/26 17:39:10.125, 19881
2026/09/26 17:39:10.625, 19881
2026/09/26 17:39:11.125, 19881
2026/09/26 17:39:11.625, 19881
2026/09/26 17:39:12.126, 19881
2026/09/26 17:39:12.626, 19881
2026/09/26 17:39:13.126, 19881
2026/09/26 17:39:13.626, 19881
2026/09/26 17:39:14.126, 19881
2026/09/26 17:39:14.626, 19881
2026/09/26 17:39:15.126, 19881
2026/09/26 17:39:15.626, 19881
2026/09/26 17:39:16.127, 19881
2026/09/26 17:39:16.627, 19881
2026/09/26 17:39:17.127, 19881
2026/09/26 17:39:17.627, 19881
2026/09/26 17:39:18.127, 19881
2026/09/26 17:39:18.627, 19881
2026/09/26 17:39:19.127, 19881
2026/09/26 17:39:19.628, 19881
2026/09/26 17:39:20.128, 19881
2026/09/26 17:39:20.628, 19881
2026/09/26 17:39:21.128, 19881
2026/09/26 17:39:21.628, 19881
2026/09/26 17:39:22.128, 19881
2026/09/26 17:39:22.628, 19881
2026/09/26 17:39:23.129, 19881
2026/09/26 17:39:23.629, 19881
2026/09/26 17:39:24.129, 19881
2026/09/26 17:39:24.629, 19881
2026/09/26 17:39:25.129, 19881
2026/09/26 17:39:25.629, 19881
2026/09/26 17:39:26.129, 19881
2026/09/26 17:39:26.629, 19881
2026/09/26 17:39:27.130, 19881
2026/09/26 17:39:27.630, 19881
2026/09/26 17:39:28.130, 19881
2026/09/26 17:39:28.630, 19881
2026/09/26 17:39:29.130, 19881
2026/09/26 17:39:29.630, 19881
2026/09/26 17:39:30.130, 19881
2026/09/26 17:39:30.631, 19881
2026/09/26 17:39:31.131, 19881
2026/09/26 17:39:31.631, 19881
2026/09/26 17:39:32.131, 19881
2026/09/26 17:39:32.631, 19881
2026/09/26 17:39:33.131, 19881
2026/09/26 17:39:33.632, 19881
2026/09/26 17:39:34.132, 19881
2026/09/26 17:39:34.632, 19881
2026/09/26 17:39:35.132, 19881
2026/09/26 17:39:35.632, 19881
2026/09/26 17:39:36.132, 19881
2026/09/26 17:39:36.633, 19881
2026/09/26 17:39:37.133, 19881
2026/09/26 17:39:37.633, 19881
2026/09/26 17:39:38.133, 19881
2026/09/26 17:39:38.633, 19881
2026/09/26 17:39:39.133, 19881
2026/09/26 17:39:39.634, 19881
2026/09/26 17:39:40.134, 19881
2026/09/26 17:39:40.634, 19881
2026/09/26 17:39:41.134, 19881
2026/09/26 17:39:41.634, 19881
2026/09/26 17:39:42.134, 19881
2026/09/26 17:39:42.634, 19881
2026/09/26 17:39:43.135, 19881
2026/09/26 17:39:43.635, 19881
2026/09/26 17:39:44.135, 19881
2026/09/26 17:39:44.635, 19881
2026/09/26 17:39:45.135, 19881
2026/09/26 17:39:45.635, 19881
2026/09/26 17:39:46.136, 19881
2026/09/26 17:39:46.636, 19881
2026/09/26 17:39:47.136, 19881
2026/09/26 17:39:47.636, 19881
2026/09/26 17:39:48.136, 19881
2026/09/26 17:39:48.636, 19881
2026/09/26 17:39:49.136, 19881
2026/09/26 17:39:49.637, 19881
2026/09/26 17:39:50.137, 19881
2026/09/26 17:39:50.637, 19881
2026/09/26 17:39:51.137, 19881
2026/09/26 17:39:51.637, 19881
2026/09/26 17:39:52.137, 19881
2026/09/26 17:39:52.637, 19881
2026/09/26 17:39:53.138, 19881
2026/09/26 17:39:53.638, 19881
2026/09/26 17:39:54.138, 19881
2026/09/26 17:39:54.638, 19881
2026/09/26 17:39:55.138, 19881
2026/09/26 17:39:55.638, 19881
2026/09/26 17:39:56.139, 19881
2026/09/26 17:39:56.639, 19881
2026/09/26 17:39:57.139, 19881
2026/09/26 17:39:57.639, 19881
2026/09/26 17:39:58.139, 19881
2026/09/26 17:39:58.639, 19881
2026/09/26 17:39:59.139, 19881
2026/09/26 17:39:59.640, 19881
2026/09/26 17:40:00.140, 19881
2026/09/26 17:40:00.640, 19881
2026/09/26 17:40:01.140, 19881
2026/09/26 17:40:01.640, 19881
2026/09/26 17:40:02.140, 19881
2026/09/26 17:40:02.640, 19881
2026/09/26 17:40:03.141, 19881
2026/09/26 17:40:03.641, 19881
2026/09/26 17:40:04.141, 19881
2026/09/26 17:40:04.641, 19881
2026/09/26 17:40:05.141, 19881
2026/09/26 17:40:05.641, 19881
2026/09/26 17:40:06.142, 19881
2026/09/26 17:40:06.642, 19881
2026/09/26 17:40:07.142, 19881
2026/09/26 17:40:07.642, 19881
2026/09/26 17:40:08.142, 19881
2026/09/26 17:40:08.642, 19881
2026/09/26 17:40:09.142, 19881
2026/09/26 17:40:09.643, 19881
2026/09/26 17:40:10.143, 19881
2026/09/26 17:40:10.643, 19881
2026/09/26 17:40:11.143, 19881
2026/09/26 17:40:11.643, 19881
2026/09/26 17:40:12.143, 19881
2026/09/26 17:40:12.643, 19881
2026/09/26 17:40:13.144, 19881
2026/09/26 17:40:13.644, 19881
2026/09/26 17:40:14.144, 19881
2026/09/26 17:40:14.644, 19881
2026/09/26 17:40:15.144, 19881
2026/09/26 17:40:15.644, 19881
2026/09/26 17:40:16.144, 19881
2026/09/26 17:40:16.645, 19881
2026/09/26 17:40:17.145, 19881
2026/09/26 17:40:17.645, 19881
2026/09/26 17:40:18.145, 19881
2026/09/26 17:40:18.645, 19881
2026/09/26 17:40:19.145, 19881
2026/09/26 17:40:19.646, 19881
2026/09/26 17:40:20.146, 19881
2026/09/26 17:40:20.646, 19881
2026/09/26 17:40:21.146, 19881
2026/09/26 17:40:21.646, 19881
2026/09/26 17:40:22.146, 19881
2026/09/26 17:40:22.646, 19881
2026/09/26 17:40:23.147, 19881
2026/09/26 17:40:23.647, 19881
2026/09/26 17:40:24.147, 19881
2026/09/26 17:40:24.647, 19881
2026/09/26 17:40:25.147, 19881
2026/09/26 17:40:25.647, 19881
2026/09/26 17:40:26.148, 19881
2026/09/26 17:40:26.648, 19881
2026/09/26 17:40:27.148, 19881
2026/09/26 17:40:27.648, 19881
2026/09/26 17:40:28.148, 19881
2026/09/26 17:40:28.648, 19881
2026/09/26 17:40:29.148, 19881
2026/09/26 17:40:29.649, 19881
2026/09/26 17:40:30.149, 19881
2026/09/26 17:40:30.649, 19881
2026/09/26 17:40:31.149, 19881
2026/09/26 17:40:31.649, 19881
2026/09/26 17:40:32.149, 19881
2026/09/26 17:40:32.649, 19881
2026/09/26 17:40:33.150, 19881
2026/09/26 17:40:33.650, 19881
2026/09/26 17:40:34.150, 19881
2026/09/26 17:40:34.650, 19881
2026/09/26 17:40:35.150, 19881
2026/09/26 17:40:35.650, 19881
2026/09/26 17:40:36.151, 19881
2026/09/26 17:40:36.651, 19881
2026/09/26 17:40:37.151, 19881
2026/09/26 17:40:37.651, 19881
2026/09/26 17:40:38.151, 19881
2026/09/26 17:40:38.651, 19881
2026/09/26 17:40:39.152, 19881
2026/09/26 17:40:39.652, 19881
2026/09/26 17:40:40.152, 19881
2026/09/26 17:40:40.652, 19881
2026/09/26 17:40:41.152, 19881
2026/09/26 17:40:41.652, 19881
2026/09/26 17:40:42.152, 19881
2026/09/26 17:40:42.653, 19881
2026/09/26 17:40:43.153, 19881
2026/09/26 17:40:43.653, 19881
2026/09/26 17:40:44.153, 19881
2026/09/26 17:40:44.653, 19881
2026/09/26 17:40:45.153, 19881
2026/09/26 17:40:45.654, 19881
2026/09/26 17:40:46.154, 19881
2026/09/26 17:40:46.654, 19881
2026/09/26 17:40:47.154, 19881
2026/09/26 17:40:47.654, 19881
2026/09/26 17:40:48.154, 19881
2026/09/26 17:40:48.655, 19881
2026/09/26 17:40:49.155, 19881
2026/09/26 17:40:49.655, 19881
2026/09/26 17:40:50.155, 19881
2026/09/26 17:40:50.655, 19881
2026/09/26 17:40:51.155, 19881
2026/09/26 17:40:51.655, 19881
2026/09/26 17:40:52.156, 19881
2026/09/26 17:40:52.656, 19881
2026/09/26 17:40:53.156, 19881
2026/09/26 17:40:53.656, 19881
2026/09/26 17:40:54.156, 19881
2026/09/26 17:40:54.656, 19881
2026/09/26 17:40:55.157, 19881
2026/09/26 17:40:55.657, 19881
2026/09/26 17:40:56.157, 19881
2026/09/26 17:40:56.657, 19881
2026/09/26 17:40:57.157, 19881
2026/09/26 17:40:57.657, 19881
2026/09/26 17:40:58.157, 19881
2026/09/26 17:40:58.658, 19881
2026/09/26 17:40:59.158, 19881
2026/09/26 17:40:59.658, 19881
2026/09/26 17:41:00.158, 19881
2026/09/26 17:41:00.658, 19881
2026/09/26 17:41:01.158, 19881
2026/09/26 17:41:01.659, 19881
2026/09/26 17:41:02.159, 19881
2026/09/26 17:41:02.659, 19881
2026/09/26 17:41:03.159, 19881
2026/09/26 17:41:03.659, 19881
2026/09/26 17:41:04.159, 19881
2026/09/26 17:41:04.659, 19881
2026/09/26 17:41:05.160, 19881
2026/09/26 17:41:05.660, 19881
2026/09/26 17:41:06.160, 19881
2026/09/26 17:41:06.660, 19881
2026/09/26 17:41:07.160, 19881
2026/09/26 17:41:07.660, 19881
2026/09/26 17:41:08.161, 19881
2026/09/26 17:41:08.661, 19881
2026/09/26 17:41:09.161, 19881
2026/09/26 17:41:09.661, 19881
2026/09/26 17:41:10.161, 19881
2026/09/26 17:41:10.661, 19881
2026/09/26 17:41:11.161, 19881
2026/09/26 17:41:11.661, 19881
2026/09/26 17:41:12.161, 19881
2026/09/26 17:41:12.662, 19881
2026/09/26 17:41:13.162, 19881
2026/09/26 17:41:13.662, 19881
2026/09/26 17:41:14.162, 19881
2026/09/26 17:41:14.662, 19881
2026/09/26 17:41:15.162, 19881
2026/09/26 17:41:15.662, 19881
2026/09/26 17:41:16.162, 19881
2026/09/26 17:41:16.662, 19881
2026/09/26 17:41:17.163, 19881
2026/09/26 17:41:17.663, 19881
2026/09/26 17:41:18.163, 19881
2026/09/26 17:41:18.663, 19881
2026/09/26 17:41:19.163, 19881
2026/09/26 17:41:19.663, 19881
2026/09/26 17:41:20.163, 19881
2026/09/26 17:41:20.663, 19881
2026/09/26 17:41:21.163, 19881
2026/09/26 17:41:21.663, 19881
2026/09/26 17:41:22.163, 19881
2026/09/26 17:41:22.664, 19881
2026/09/26 17:41:23.164, 19881
2026/09/26 17:41:23.664, 19881
2026/09/26 17:41:24.164, 19881
2026/09/26 17:41:24.664, 19881
2026/09/26 17:41:25.164, 19881
2026/09/26 17:41:25.665, 19881
2026/09/26 17:41:26.165, 19881
2026/09/26 17:41:26.665, 19881
2026/09/26 17:41:27.165, 19881
2026/09/26 17:41:27.665, 19881
2026/09/26 17:41:28.165, 19881
2026/09/26 17:41:28.665, 19881
2026/09/26 17:41:29.166, 19881
2026/09/26 17:41:29.666, 19881
2026/09/26 17:41:30.166, 19881
2026/09/26 17:41:30.666, 19881
2026/09/26 17:41:31.166, 19881
2026/09/26 17:41:31.666, 19881
2026/09/26 17:41:32.167, 19881
2026/09/26 17:41:32.667, 19881
2026/09/26 17:41:33.167, 19881
2026/09/26 17:41:33.667, 19881
2026/09/26 17:41:34.167, 19881
2026/09/26 17:41:34.667, 19881
2026/09/26 17:41:35.168, 19881
2026/09/26 17:41:35.668, 19881
2026/09/26 17:41:36.168, 19881
2026/09/26 17:41:36.668, 19881
2026/09/26 17:41:37.168, 19881
2026/09/26 17:41:37.668, 19881
2026/09/26 17:41:38.168, 19881
2026/09/26 17:41:38.668, 19881
2026/09/26 17:41:39.169, 19881
2026/09/26 17:41:39.669, 19881
2026/09/26 17:41:40.169, 19881
2026/09/26 17:41:40.669, 19881
2026/09/26 17:41:41.169, 19881
2026/09/26 17:41:41.669, 19881
2026/09/26 17:41:42.169, 19881
2026/09/26 17:41:42.670, 19881
2026/09/26 17:41:43.170, 19881
2026/09/26 17:41:43.670, 19881
2026/09/26 17:41:44.170, 19881
2026/09/26 17:41:44.670, 19881
2026/09/26 17:41:45.170, 19881
2026/09/26 17:41:45.670, 19881
2026/09/26 17:41:46.171, 19881
2026/09/26 17:41:46.671, 19881
2026/09/26 17:41:47.171, 19881
2026/09/26 17:41:47.671, 19881
2026/09/26 17:41:48.171, 19881
2026/09/26 17:41:48.671, 19881
2026/09/26 17:41:49.171, 19881
2026/09/26 17:41:49.671, 19881
2026/09/26 17:41:50.172, 19881
2026/09/26 17:41:50.672, 19881
2026/09/26 17:41:51.172, 19881
2026/09/26 17:41:51.672, 19881
2026/09/26 17:41:52.172, 19881
2026/09/26 17:41:52.672, 19881
2026/09/26 17:41:53.172, 19881
2026/09/26 17:41:53.673, 19881
2026/09/26 17:41:54.173, 19881
2026/09/26 17:41:54.673, 19881
2026/09/26 17:41:55.173, 19881
2026/09/26 17:41:55.673, 19881
2026/09/26 17:41:56.174, 19881
2026/09/26 17:41:56.674, 19881
2026/09/26 17:41:57.174, 19881
2026/09/26 17:41:57.674, 19881
2026/09/26 17:41:58.174, 19881
2026/09/26 17:41:58.674, 19881
2026/09/26 17:41:59.174, 19881
2026/09/26 17:41:59.675, 19881
2026/09/26 17:42:00.175, 19881
2026/09/26 17:42:00.675, 19881
2026/09/26 17:42:01.175, 19881
2026/09/26 17:42:01.675, 19881
2026/09/26 17:42:02.175, 19881
2026/09/26 17:42:02.675, 19881
2026/09/26 17:42:03.176, 19881
2026/09/26 17:42:03.676, 19881
2026/09/26 17:42:04.176, 19881
2026/09/26 17:42:04.676, 19881
2026/09/26 17:42:05.176, 19881
2026/09/26 17:42:05.676, 19881
2026/09/26 17:42:06.176, 19881
2026/09/26 17:42:06.677, 19881
2026/09/26 17:42:07.177, 19881
2026/09/26 17:42:07.677, 19881
2026/09/26 17:42:08.177, 19881
2026/09/26 17:42:08.677, 19881
2026/09/26 17:42:09.177, 19881
2026/09/26 17:42:09.677, 19881
2026/09/26 17:42:10.178, 19881
2026/09/26 17:42:10.678, 19881
2026/09/26 17:42:11.178, 19881
2026/09/26 17:42:11.678, 19881
2026/09/26 17:42:12.178, 19881
2026/09/26 17:42:12.678, 19881
2026/09/26 17:42:13.179, 19881
2026/09/26 17:42:13.679, 19881
2026/09/26 17:42:14.179, 19881
2026/09/26 17:42:14.679, 19881
2026/09/26 17:42:15.179, 19881
2026/09/26 17:42:15.679, 19881
2026/09/26 17:42:16.179, 19881
2026/09/26 17:42:16.679, 19881
2026/09/26 17:42:17.180, 19881
2026/09/26 17:42:17.680, 19881
2026/09/26 17:42:18.180, 19881
2026/09/26 17:42:18.680, 19881
2026/09/26 17:42:19.180, 19881
2026/09/26 17:42:19.680, 19881
2026/09/26 17:42:20.180, 19881
2026/09/26 17:42:20.681, 19881
2026/09/26 17:42:21.181, 19881
2026/09/26 17:42:21.681, 19881
2026/09/26 17:42:22.181, 19881
2026/09/26 17:42:22.681, 19881
2026/09/26 17:42:23.181, 19881
2026/09/26 17:42:23.681, 19881
2026/09/26 17:42:24.181, 19881
2026/09/26 17:42:24.682, 19881
2026/09/26 17:42:25.182, 19881
2026/09/26 17:42:25.682, 19881
2026/09/26 17:42:26.182, 19881
2026/09/26 17:42:26.682, 19881
2026/09/26 17:42:27.182, 19881
2026/09/26 17:42:27.683, 19881
2026/09/26 17:42:28.183, 19881
2026/09/26 17:42:28.683, 19881
2026/09/26 17:42:29.183, 19881
2026/09/26 17:42:29.683, 19881
2026/09/26 17:42:30.183, 19881
2026/09/26 17:42:30.684, 19881
2026/09/26 17:42:31.184, 19881
2026/09/26 17:42:31.684, 19881
2026/09/26 17:42:32.184, 19881
2026/09/26 17:42:32.684, 19881
2026/09/26 17:42:33.184, 19881
2026/09/26 17:42:33.684, 19881
2026/09/26 17:42:34.185, 19881
2026/09/26 17:42:34.685, 19881
2026/09/26 17:42:35.185, 19881
2026/09/26 17:42:35.685, 19881
2026/09/26 17:42:36.185, 19881
2026/09/26 17:42:36.685, 19881
2026/09/26 17:42:37.185, 19881
2026/09/26 17:42:37.686, 19881
2026/09/26 17:42:38.186, 19881
2026/09/26 17:42:38.686, 19881
2026/09/26 17:42:39.186, 19881
2026/09/26 17:42:39.686, 19881
2026/09/26 17:42:40.186, 19881
2026/09/26 17:42:40.686, 19881
2026/09/26 17:42:41.186, 19881
2026/09/26 17:42:41.687, 19881
2026/09/26 17:42:42.187, 19881
2026/09/26 17:42:42.687, 19881
2026/09/26 17:42:43.187, 19881
2026/09/26 17:42:43.687, 19881
2026/09/26 17:42:44.187, 19881
2026/09/26 17:42:44.688, 19881
2026/09/26 17:42:45.188, 19881
2026/09/26 17:42:45.688, 19881
2026/09/26 17:42:46.188, 19881
2026/09/26 17:42:46.688, 19881
2026/09/26 17:42:47.188, 19881
2026/09/26 17:42:47.688, 19881
2026/09/26 17:42:48.189, 19881
2026/09/26 17:42:48.689, 19881
2026/09/26 17:42:49.189, 19881
2026/09/26 17:42:49.689, 19881
2026/09/26 17:42:50.189, 19881
2026/09/26 17:42:50.689, 19881
2026/09/26 17:42:51.189, 19881
2026/09/26 17:42:51.690, 19881
2026/09/26 17:42:52.190, 19881
2026/09/26 17:42:52.690, 19881
2026/09/26 17:42:53.190, 19881
2026/09/26 17:42:53.690, 19881
2026/09/26 17:42:54.190, 19881
2026/09/26 17:42:54.690, 19881
2026/09/26 17:42:55.190, 19881
2026/09/26 17:42:55.691, 19881
2026/09/26 17:42:56.191, 19881
2026/09/26 17:42:56.691, 19881
2026/09/26 17:42:57.191, 19881
2026/09/26 17:42:57.691, 19881
2026/09/26 17:42:58.191, 19881
2026/09/26 17:42:58.692, 19881
2026/09/26 17:42:59.192, 19881
2026/09/26 17:42:59.692, 19881
2026/09/26 17:43:00.192, 19881
2026/09/26 17:43:00.692, 19881
2026/09/26 17:43:01.192, 19881
2026/09/26 17:43:01.692, 19881
2026/09/26 17:43:02.193, 19881
2026/09/26 17:43:02.693, 19881
2026/09/26 17:43:03.193, 19881
2026/09/26 17:43:03.693, 19881
2026/09/26 17:43:04.193, 19881
2026/09/26 17:43:04.693, 19881
2026/09/26 17:43:05.194, 19881
2026/09/26 17:43:05.694, 19881
2026/09/26 17:43:06.194, 19881
2026/09/26 17:43:06.694, 19881
2026/09/26 17:43:07.194, 19881
2026/09/26 17:43:07.694, 19881
2026/09/26 17:43:08.194, 19881
2026/09/26 17:43:08.695, 19881
2026/09/26 17:43:09.195, 19881
2026/09/26 17:43:09.695, 19881
2026/09/26 17:43:10.195, 19881
2026/09/26 17:43:10.695, 19881
2026/09/26 17:43:11.195, 19881
2026/09/26 17:43:11.696, 19881
2026/09/26 17:43:12.196, 19881
2026/09/26 17:43:12.696, 19881
2026/09/26 17:43:13.196, 19881
2026/09/26 17:43:13.696, 19881
2026/09/26 17:43:14.196, 19881
2026/09/26 17:43:14.696, 19881
2026/09/26 17:43:15.197, 19881
2026/09/26 17:43:15.697, 19881
2026/09/26 17:43:16.197, 19881
2026/09/26 17:43:16.697, 19881
2026/09/26 17:43:17.197, 19881
2026/09/26 17:43:17.697, 19881
2026/09/26 17:43:18.198, 19881
2026/09/26 17:43:18.698, 19881
2026/09/26 17:43:19.198, 19881
2026/09/26 17:43:19.698, 19881
2026/09/26 17:43:20.198, 19881
2026/09/26 17:43:20.698, 19881
2026/09/26 17:43:21.198, 19881
2026/09/26 17:43:21.699, 19881
2026/09/26 17:43:22.199, 19881
2026/09/26 17:43:22.699, 19881
2026/09/26 17:43:23.199, 19881
2026/09/26 17:43:23.699, 19881
2026/09/26 17:43:24.199, 19881
2026/09/26 17:43:24.700, 19881
2026/09/26 17:43:25.200, 19881
2026/09/26 17:43:25.700, 19881
2026/09/26 17:43:26.200, 19881
2026/09/26 17:43:26.700, 19881
2026/09/26 17:43:27.200, 19881
2026/09/26 17:43:27.701, 19881
2026/09/26 17:43:28.201, 19881
2026/09/26 17:43:28.701, 19881
2026/09/26 17:43:29.201, 19881
2026/09/26 17:43:29.701, 19881
2026/09/26 17:43:30.201, 19881
2026/09/26 17:43:30.702, 19881
2026/09/26 17:43:31.202, 19881
2026/09/26 17:43:31.702, 19881
2026/09/26 17:43:32.202, 19881
2026/09/26 17:43:32.702, 19881
2026/09/26 17:43:33.202, 19881
2026/09/26 17:43:33.702, 19881
2026/09/26 17:43:34.203, 19881
2026/09/26 17:43:34.703, 19881
2026/09/26 17:43:35.203, 19881
2026/09/26 17:43:35.703, 19881
2026/09/26 17:43:36.203, 19881
2026/09/26 17:43:36.703, 19881
2026/09/26 17:43:37.203, 19881
2026/09/26 17:43:37.704, 19881
2026/09/26 17:43:38.204, 19881
2026/09/26 17:43:38.704, 19881
2026/09/26 17:43:39.204, 19881
2026/09/26 17:43:39.704, 19881
2026/09/26 17:43:40.204, 19881
2026/09/26 17:43:40.705, 19881
2026/09/26 17:43:41.205, 19881
2026/09/26 17:43:41.705, 19881
2026/09/26 17:43:42.205, 19881
2026/09/26 17:43:42.705, 19881
2026/09/26 17:43:43.205, 19881
2026/09/26 17:43:43.705, 19881
2026/09/26 17:43:44.206, 19881
2026/09/26 17:43:44.706, 19881
2026/09/26 17:43:45.206, 19881
2026/09/26 17:43:45.706, 19881
2026/09/26 17:43:46.206, 19881
2026/09/26 17:43:46.706, 19881
2026/09/26 17:43:47.207, 19881
2026/09/26 17:43:47.707, 19881
2026/09/26 17:43:48.207, 19881
2026/09/26 17:43:48.707, 19881
2026/09/26 17:43:49.207, 19881
2026/09/26 17:43:49.707, 19881
2026/09/26 17:43:50.207, 19881
2026/09/26 17:43:50.708, 19881
2026/09/26 17:43:51.208, 19881
2026/09/26 17:43:51.708, 19881
2026/09/26 17:43:52.208, 19881
2026/09/26 17:43:52.708, 19881
2026/09/26 17:43:53.208, 19881
2026/09/26 17:43:53.709, 19881
2026/09/26 17:43:54.209, 19881
2026/09/26 17:43:54.709, 19881
2026/09/26 17:43:55.209, 19881
2026/09/26 17:43:55.709, 19881
2026/09/26 17:43:56.209, 19881
2026/09/26 17:43:56.709, 19881
2026/09/26 17:43:57.210, 19881
2026/09/26 17:43:57.710, 19881
2026/09/26 17:43:58.210, 19881
2026/09/26 17:43:58.710, 19881
2026/09/26 17:43:59.211, 19881
2026/09/26 17:43:59.711, 19881
2026/09/26 17:44:00.211, 19881
2026/09/26 17:44:00.711, 19881
2026/09/26 17:44:01.211, 19881
2026/09/26 17:44:01.711, 19881
2026/09/26 17:44:02.212, 19881
2026/09/26 17:44:02.712, 19881
2026/09/26 17:44:03.212, 19881
2026/09/26 17:44:03.712, 19881
2026/09/26 17:44:04.212, 19881
2026/09/26 17:44:04.712, 19881
2026/09/26 17:44:05.213, 19881
2026/09/26 17:44:05.713, 19881
2026/09/26 17:44:06.213, 19881
2026/09/26 17:44:06.713, 19881
2026/09/26 17:44:07.213, 19881
2026/09/26 17:44:07.713, 19881
2026/09/26 17:44:08.214, 19881
2026/09/26 17:44:08.714, 19881
2026/09/26 17:44:09.214, 19881
2026/09/26 17:44:09.714, 19881
2026/09/26 17:44:10.214, 19881
2026/09/26 17:44:10.714, 19881
2026/09/26 17:44:11.215, 19881
2026/09/26 17:44:11.715, 19881
2026/09/26 17:44:12.215, 19881
2026/09/26 17:44:12.715, 19881
2026/09/26 17:44:13.215, 19881
2026/09/26 17:44:13.715, 19881
2026/09/26 17:44:14.215, 19881
2026/09/26 17:44:14.716, 19881
2026/09/26 17:44:15.216, 19881
2026/09/26 17:44:15.716, 19881
2026/09/26 17:44:16.216, 19881
2026/09/26 17:44:16.716, 19881
2026/09/26 17:44:17.216, 19881
2026/09/26 17:44:17.716, 19881
2026/09/26 17:44:18.217, 19881
2026/09/26 17:44:18.717, 19881
2026/09/26 17:44:19.217, 19881
2026/09/26 17:44:19.717, 19881
2026/09/26 17:44:20.217, 19881
2026/09/26 17:44:20.717, 19881
2026/09/26 17:44:21.217, 19881
2026/09/26 17:44:21.718, 19881
2026/09/26 17:44:22.218, 19881
2026/09/26 17:44:22.718, 19881
2026/09/26 17:44:23.218, 19881
2026/09/26 17:44:23.718, 19881
2026/09/26 17:44:24.218, 19881
2026/09/26 17:44:24.718, 19881
2026/09/26 17:44:25.219, 19881
2026/09/26 17:44:25.719, 19881
2026/09/26 17:44:26.219, 19881
2026/09/26 17:44:26.719, 19881
2026/09/26 17:44:27.219, 19881
2026/09/26 17:44:27.719, 19881
2026/09/26 17:44:28.220, 19881
2026/09/26 17:44:28.720, 19881
2026/09/26 17:44:29.220, 19881
2026/09/26 17:44:29.720, 19881
2026/09/26 17:44:30.220, 19881
2026/09/26 17:44:30.720, 19881
2026/09/26 17:44:31.220, 19881
2026/09/26 17:44:31.721, 19881
2026/09/26 17:44:32.221, 19881
2026/09/26 17:44:32.721, 19881
2026/09/26 17:44:33.221, 19881
2026/09/26 17:44:33.721, 19881
2026/09/26 17:44:34.221, 19881
2026/09/26 17:44:34.722, 19881
2026/09/26 17:44:35.222, 19881
2026/09/26 17:44:35.722, 19881
2026/09/26 17:44:36.222, 19881
2026/09/26 17:44:36.722, 19881
2026/09/26 17:44:37.222, 19881
2026/09/26 17:44:37.722, 19881
2026/09/26 17:44:38.223, 19881
2026/09/26 17:44:38.723, 19881
2026/09/26 17:44:39.223, 19881
2026/09/26 17:44:39.723, 19881
2026/09/26 17:44:40.232, 19881
2026/09/26 17:44:40.732, 19881
2026/09/26 17:44:41.232, 19881
2026/09/26 17:44:41.732, 19881
2026/09/26 17:44:42.233, 19881
2026/09/26 17:44:42.733, 19881
2026/09/26 17:44:43.233, 19881
2026/09/26 17:44:43.733, 19881
2026/09/26 17:44:44.233, 19881
2026/09/26 17:44:44.733, 19881
2026/09/26 17:44:45.234, 19881
2026/09/26 17:44:45.734, 19881
2026/09/26 17:44:46.234, 19881
2026/09/26 17:44:46.734, 19881
2026/09/26 17:44:47.234, 19881
2026/09/26 17:44:47.734, 19881
2026/09/26 17:44:48.234, 19881
2026/09/26 17:44:48.735, 19881
2026/09/26 17:44:49.235, 19881
2026/09/26 17:44:49.735, 19881
2026/09/26 17:44:50.235, 19881
2026/09/26 17:44:50.735, 19881
2026/09/26 17:44:51.235, 19881
2026/09/26 17:44:51.736, 19881
2026/09/26 17:44:52.236, 19881
2026/09/26 17:44:52.736, 19881
2026/09/26 17:44:53.236, 19881
2026/09/26 17:44:53.736, 19881
2026/09/26 17:44:54.236, 19881
2026/09/26 17:44:54.737, 19881
2026/09/26 17:44:55.237, 19881
2026/09/26 17:44:55.737, 19881
2026/09/26 17:44:56.237, 19881
2026/09/26 17:44:56.737, 19881
2026/09/26 17:44:57.237, 19881
2026/09/26 17:44:57.737, 19881
2026/09/26 17:44:58.238, 19881
2026/09/26 17:44:58.738, 19881
2026/09/26 17:44:59.238, 19881
2026/09/26 17:44:59.738, 19881
2026/09/26 17:45:00.238, 19881
2026/09/26 17:45:00.738, 19881
2026/09/26 17:45:01.238, 19881
2026/09/26 17:45:01.739, 19881
2026/09/26 17:45:02.239, 19881
2026/09/26 17:45:02.739, 19881
2026/09/26 17:45:03.239, 19881
2026/09/26 17:45:03.739, 19881
2026/09/26 17:45:04.239, 19881
2026/09/26 17:45:04.739, 19881
2026/09/26 17:45:05.240, 19881
2026/09/26 17:45:05.740, 19881
2026/09/26 17:45:06.240, 19881
2026/09/26 17:45:06.740, 19881
2026/09/26 17:45:07.240, 19881
2026/09/26 17:45:07.740, 19881
2026/09/26 17:45:08.240, 19881
2026/09/26 17:45:08.741, 19881
2026/09/26 17:45:09.241, 19881
2026/09/26 17:45:09.741, 19881
2026/09/26 17:45:10.241, 19881
2026/09/26 17:45:10.741, 19881
2026/09/26 17:45:11.241, 19881
2026/09/26 17:45:11.741, 19881
2026/09/26 17:45:12.242, 19881
2026/09/26 17:45:12.742, 19881
2026/09/26 17:45:13.242, 19881
2026/09/26 17:45:13.742, 19881
2026/09/26 17:45:14.242, 19881
2026/09/26 17:45:14.742, 19881
2026/09/26 17:45:15.242, 19881
2026/09/26 17:45:15.743, 19881
2026/09/26 17:45:16.243, 19881
2026/09/26 17:45:16.743, 19881
2026/09/26 17:45:17.243, 19881
2026/09/26 17:45:17.743, 19881
2026/09/26 17:45:18.243, 19881
2026/09/26 17:45:18.743, 19881
2026/09/26 17:45:19.243, 19881
2026/09/26 17:45:19.744, 19881
2026/09/26 17:45:20.244, 19881
2026/09/26 17:45:20.744, 19881
2026/09/26 17:45:21.244, 19881
2026/09/26 17:45:21.744, 19881
2026/09/26 17:45:22.244, 19881
2026/09/26 17:45:22.744, 19881
2026/09/26 17:45:23.244, 19881
2026/09/26 17:45:23.744, 19881
2026/09/26 17:45:24.244, 19881
2026/09/26 17:45:24.745, 19881
2026/09/26 17:45:25.245, 19881
2026/09/26 17:45:25.745, 19881
2026/09/26 17:45:26.245, 19881
2026/09/26 17:45:26.745, 19881
2026/09/26 17:45:27.245, 19881
2026/09/26 17:45:27.745, 19881
2026/09/26 17:45:28.245, 19881
2026/09/26 17:45:28.746, 19881
2026/09/26 17:45:29.246, 19881
2026/09/26 17:45:29.746, 19881
2026/09/26 17:45:30.246, 19881
2026/09/26 17:45:30.746, 19881
2026/09/26 17:45:31.246, 19881
2026/09/26 17:45:31.746, 19881
2026/09/26 17:45:32.246, 19881
2026/09/26 17:45:32.747, 19881
2026/09/26 17:45:33.247, 19881
2026/09/26 17:45:33.747, 19881
2026/09/26 17:45:34.247, 19881
2026/09/26 17:45:34.747, 19881
2026/09/26 17:45:35.247, 19881
2026/09/26 17:45:35.747, 19881
2026/09/26 17:45:36.247, 19881
2026/09/26 17:45:36.747, 19881
2026/09/26 17:45:37.248, 19881
2026/09/26 17:45:37.748, 19881
2026/09/26 17:45:38.248, 19881
2026/09/26 17:45:38.748, 19881
2026/09/26 17:45:39.248, 19881
2026/09/26 17:45:39.748, 19881
2026/09/26 17:45:40.248, 19881
2026/09/26 17:45:40.749, 19881
2026/09/26 17:45:41.249, 19881
2026/09/26 17:45:41.749, 19881
2026/09/26 17:45:42.249, 19881
2026/09/26 17:45:42.749, 19881
2026/09/26 17:45:43.249, 19881
2026/09/26 17:45:43.749, 19881
2026/09/26 17:45:44.250, 19881
2026/09/26 17:45:44.750, 19881
2026/09/26 17:45:45.250, 19881
2026/09/26 17:45:45.750, 19881
2026/09/26 17:45:46.250, 19881
2026/09/26 17:45:46.750, 19881
2026/09/26 17:45:47.250, 19881
2026/09/26 17:45:47.751, 19881
2026/09/26 17:45:48.251, 19881
2026/09/26 17:45:48.751, 19881
2026/09/26 17:45:49.251, 19881
2026/09/26 17:45:49.751, 19881
2026/09/26 17:45:50.251, 19881
2026/09/26 17:45:50.751, 19881
2026/09/26 17:45:51.252, 19881
2026/09/26 17:45:51.752, 19881
2026/09/26 17:45:52.252, 19881
2026/09/26 17:45:52.752, 19881
2026/09/26 17:45:53.252, 19881
2026/09/26 17:45:53.752, 19881
2026/09/26 17:45:54.253, 19881
2026/09/26 17:45:54.753, 19881
2026/09/26 17:45:55.253, 19881
2026/09/26 17:45:55.753, 19881
2026/09/26 17:45:56.253, 19881
2026/09/26 17:45:56.753, 19881
2026/09/26 17:45:57.253, 19881
2026/09/26 17:45:57.754, 19881
2026/09/26 17:45:58.254, 19881
2026/09/26 17:45:58.754, 19881
2026/09/26 17:45:59.254, 19881
2026/09/26 17:45:59.754, 19881
2026/09/26 17:46:00.254, 19881
2026/09/26 17:46:00.755, 19881
2026/09/26 17:46:01.255, 19881
2026/09/26 17:46:01.755, 19881
2026/09/26 17:46:02.255, 19881
2026/09/26 17:46:02.755, 19881
2026/09/26 17:46:03.255, 19881
2026/09/26 17:46:03.755, 19881
2026/09/26 17:46:04.256, 19881
2026/09/26 17:46:04.756, 19881
2026/09/26 17:46:05.256, 19881
2026/09/26 17:46:05.756, 19881
2026/09/26 17:46:06.256, 19881
2026/09/26 17:46:06.756, 19881
2026/09/26 17:46:07.256, 19881
2026/09/26 17:46:07.756, 19881
2026/09/26 17:46:08.257, 19881
2026/09/26 17:46:08.757, 19881
2026/09/26 17:46:09.257, 19881
2026/09/26 17:46:09.757, 19881
2026/09/26 17:46:10.257, 19881
2026/09/26 17:46:10.757, 19881
2026/09/26 17:46:11.257, 19881
2026/09/26 17:46:11.758, 19881
2026/09/26 17:46:12.258, 19881
2026/09/26 17:46:12.758, 19881
2026/09/26 17:46:13.258, 19881
2026/09/26 17:46:13.758, 19881
2026/09/26 17:46:14.259, 19881
2026/09/26 17:46:14.759, 19881
2026/09/26 17:46:15.259, 19881
2026/09/26 17:46:15.759, 19881
2026/09/26 17:46:16.259, 19881
2026/09/26 17:46:16.759, 19881
2026/09/26 17:46:17.259, 19881
2026/09/26 17:46:17.760, 19881
2026/09/26 17:46:18.260, 19881
2026/09/26 17:46:18.760, 19881
2026/09/26 17:46:19.260, 19881
2026/09/26 17:46:19.760, 19881
2026/09/26 17:46:20.260, 19881
2026/09/26 17:46:20.760, 19881
2026/09/26 17:46:21.261, 19881
2026/09/26 17:46:21.761, 19881
2026/09/26 17:46:22.261, 19881
2026/09/26 17:46:22.761, 19881
2026/09/26 17:46:23.261, 19881
2026/09/26 17:46:23.761, 19881
2026/09/26 17:46:24.261, 19881
2026/09/26 17:46:24.762, 19881
2026/09/26 17:46:25.262, 19881
2026/09/26 17:46:25.762, 19881
2026/09/26 17:46:26.262, 19881
2026/09/26 17:46:26.762, 19881
2026/09/26 17:46:27.262, 19881
2026/09/26 17:46:27.762, 19881
2026/09/26 17:46:28.263, 19881
2026/09/26 17:46:28.763, 19881
2026/09/26 17:46:29.263, 19881
2026/09/26 17:46:29.763, 19881
2026/09/26 17:46:30.263, 19881
2026/09/26 17:46:30.763, 19881
2026/09/26 17:46:31.264, 19881
2026/09/26 17:46:31.764, 19881
2026/09/26 17:46:32.264, 19881
2026/09/26 17:46:32.764, 19881
2026/09/26 17:46:33.264, 19881
2026/09/26 17:46:33.764, 19881
2026/09/26 17:46:34.264, 19881
2026/09/26 17:46:34.765, 19881
2026/09/26 17:46:35.265, 19881
2026/09/26 17:46:35.765, 19881
2026/09/26 17:46:36.265, 19881
2026/09/26 17:46:36.765, 19881
2026/09/26 17:46:37.265, 19881
2026/09/26 17:46:37.765, 19881
2026/09/26 17:46:38.266, 19881
2026/09/26 17:46:38.766, 19881
2026/09/26 17:46:39.266, 19881
2026/09/26 17:46:39.766, 19881
2026/09/26 17:46:40.266, 19881
2026/09/26 17:46:40.766, 19881
2026/09/26 17:46:41.266, 19881
2026/09/26 17:46:41.767, 19881
2026/09/26 17:46:42.267, 19881
2026/09/26 17:46:42.767, 19881
2026/09/26 17:46:43.267, 19881
2026/09/26 17:46:43.767, 19881
2026/09/26 17:46:44.267, 19881
2026/09/26 17:46:44.767, 19881
2026/09/26 17:46:45.268, 19881
2026/09/26 17:46:45.768, 19881
2026/09/26 17:46:46.268, 19881
2026/09/26 17:46:46.768, 19881
2026/09/26 17:46:47.268, 19881
2026/09/26 17:46:47.768, 19881
2026/09/26 17:46:48.268, 19881
2026/09/26 17:46:48.769, 19881
2026/09/26 17:46:49.269, 19881
2026/09/26 17:46:49.769, 19881
2026/09/26 17:46:50.269, 19881
2026/09/26 17:46:50.769, 19881
2026/09/26 17:46:51.269, 19881
2026/09/26 17:46:51.769, 19881
2026/09/26 17:46:52.270, 19881
2026/09/26 17:46:52.770, 19881
2026/09/26 17:46:53.270, 19881
2026/09/26 17:46:53.770, 19881
2026/09/26 17:46:54.270, 19881
2026/09/26 17:46:54.770, 19881
2026/09/26 17:46:55.271, 19881
2026/09/26 17:46:55.771, 19881
2026/09/26 17:46:56.271, 19881
2026/09/26 17:46:56.771, 19881
2026/09/26 17:46:57.271, 19881
2026/09/26 17:46:57.771, 19881
2026/09/26 17:46:58.271, 19881
2026/09/26 17:46:58.772, 19881
2026/09/26 17:46:59.272, 19881
2026/09/26 17:46:59.772, 19881
2026/09/26 17:47:00.272, 19881
2026/09/26 17:47:00.772, 19881
2026/09/26 17:47:01.272, 19881
2026/09/26 17:47:01.772, 19881
2026/09/26 17:47:02.273, 19881
2026/09/26 17:47:02.773, 19881
2026/09/26 17:47:03.273, 19881
2026/09/26 17:47:03.773, 19881
2026/09/26 17:47:04.273, 19881
2026/09/26 17:47:04.773, 19881
2026/09/26 17:47:05.273, 19881
2026/09/26 17:47:05.774, 19881
2026/09/26 17:47:06.274, 19881
2026/09/26 17:47:06.774, 19881
2026/09/26 17:47:07.274, 19881
2026/09/26 17:47:07.774, 19881
2026/09/26 17:47:08.274, 19881
2026/09/26 17:47:08.774, 19881
2026/09/26 17:47:09.274, 19881
2026/09/26 17:47:09.775, 19881
2026/09/26 17:47:10.275, 19881
2026/09/26 17:47:10.775, 19881
2026/09/26 17:47:11.275, 19881
2026/09/26 17:47:11.775, 19881
2026/09/26 17:47:12.275, 19881
2026/09/26 17:47:12.776, 19881
2026/09/26 17:47:13.276, 19881
2026/09/26 17:47:13.776, 19881
2026/09/26 17:47:14.276, 19881
2026/09/26 17:47:14.776, 19881
2026/09/26 17:47:15.276, 19881
2026/09/26 17:47:15.777, 19881
2026/09/26 17:47:16.277, 19881
2026/09/26 17:47:16.777, 19881
2026/09/26 17:47:17.277, 19881
2026/09/26 17:47:17.777, 19881
2026/09/26 17:47:18.277, 19881
2026/09/26 17:47:18.778, 19881
2026/09/26 17:47:19.278, 19881
2026/09/26 17:47:19.778, 19881
2026/09/26 17:47:20.278, 19881
2026/09/26 17:47:20.778, 19881
2026/09/26 17:47:21.278, 19881
2026/09/26 17:47:21.778, 19881
2026/09/26 17:47:22.279, 19881
2026/09/26 17:47:22.779, 19881
2026/09/26 17:47:23.279, 19881
2026/09/26 17:47:23.779, 19881
2026/09/26 17:47:24.279, 19881
2026/09/26 17:47:24.779, 19881
2026/09/26 17:47:25.280, 19881
2026/09/26 17:47:25.780, 19881
2026/09/26 17:47:26.280, 19881
2026/09/26 17:47:26.780, 19881
2026/09/26 17:47:27.280, 19881
2026/09/26 17:47:27.780, 19881
2026/09/26 17:47:28.280, 19881
2026/09/26 17:47:28.781, 19881
2026/09/26 17:47:29.281, 19881
2026/09/26 17:47:29.781, 19881
2026/09/26 17:47:30.281, 19881
2026/09/26 17:47:30.781, 19881
2026/09/26 17:47:31.281, 19881
2026/09/26 17:47:31.782, 19881
2026/09/26 17:47:32.282, 19881
2026/09/26 17:47:32.782, 19881
2026/09/26 17:47:33.282, 19881
2026/09/26 17:47:33.782, 19881
2026/09/26 17:47:34.282, 19881
2026/09/26 17:47:34.782, 19881
2026/09/26 17:47:35.283, 19881
2026/09/26 17:47:35.783, 19881
2026/09/26 17:47:36.283, 19881
2026/09/26 17:47:36.783, 19881
2026/09/26 17:47:37.283, 19881
2026/09/26 17:47:37.783, 19881
2026/09/26 17:47:38.283, 19881
2026/09/26 17:47:38.784, 19881
2026/09/26 17:47:39.284, 19881
2026/09/26 17:47:39.784, 19881
2026/09/26 17:47:40.284, 19881
2026/09/26 17:47:40.784, 19881
2026/09/26 17:47:41.284, 19881
2026/09/26 17:47:41.785, 19881
2026/09/26 17:47:42.285, 19881
2026/09/26 17:47:42.785, 19881
2026/09/26 17:47:43.285, 19881
2026/09/26 17:47:43.785, 19881
2026/09/26 17:47:44.285, 19881
2026/09/26 17:47:44.786, 19881
2026/09/26 17:47:45.286, 19881
2026/09/26 17:47:45.786, 19881
2026/09/26 17:47:46.286, 19881
2026/09/26 17:47:46.786, 19881
2026/09/26 17:47:47.286, 19881
2026/09/26 17:47:47.786, 19881
2026/09/26 17:47:48.287, 19881
2026/09/26 17:47:48.787, 19881
2026/09/26 17:47:49.287, 19881
2026/09/26 17:47:49.787, 19881
2026/09/26 17:47:50.287, 19881
2026/09/26 17:47:50.787, 19881
2026/09/26 17:47:51.287, 19881
2026/09/26 17:47:51.788, 19881
2026/09/26 17:47:52.288, 19881
2026/09/26 17:47:52.788, 19881
2026/09/26 17:47:53.288, 19881
2026/09/26 17:47:53.788, 19881
2026/09/26 17:47:54.288, 19881
2026/09/26 17:47:54.788, 19881
2026/09/26 17:47:55.289, 19881
2026/09/26 17:47:55.789, 19881
2026/09/26 17:47:56.289, 19881
2026/09/26 17:47:56.789, 19881
2026/09/26 17:47:57.289, 19881
2026/09/26 17:47:57.789, 19881
2026/09/26 17:47:58.290, 19881
2026/09/26 17:47:58.790, 19881
2026/09/26 17:47:59.290, 19881
2026/09/26 17:47:59.790, 19881
2026/09/26 17:48:00.290, 19881
2026/09/26 17:48:00.790, 19881
2026/09/26 17:48:01.290, 19881
2026/09/26 17:48:01.791, 19881
2026/09/26 17:48:02.291, 19881
2026/09/26 17:48:02.791, 19881
2026/09/26 17:48:03.291, 19881
2026/09/26 17:48:03.791, 19881
2026/09/26 17:48:04.291, 19881
2026/09/26 17:48:04.792, 19881
2026/09/26 17:48:05.292, 19881
2026/09/26 17:48:05.792, 19881
2026/09/26 17:48:06.292, 19881
2026/09/26 17:48:06.792, 19881
2026/09/26 17:48:07.292, 19881
2026/09/26 17:48:07.792, 19881
2026/09/26 17:48:08.293, 19881
2026/09/26 17:48:08.793, 19881
2026/09/26 17:48:09.293, 19881
2026/09/26 17:48:09.793, 19881
2026/09/26 17:48:10.293, 19881
2026/09/26 17:48:10.793, 19881
2026/09/26 17:48:11.293, 19881
2026/09/26 17:48:11.794, 19881
2026/09/26 17:48:12.294, 19881
2026/09/26 17:48:12.794, 19881
2026/09/26 17:48:13.294, 19881
2026/09/26 17:48:13.794, 19881
2026/09/26 17:48:14.294, 19881
2026/09/26 17:48:14.794, 19881
2026/09/26 17:48:15.295, 19881
2026/09/26 17:48:15.795, 19881
2026/09/26 17:48:16.295, 19881
2026/09/26 17:48:16.795, 19881
2026/09/26 17:48:17.295, 19881
2026/09/26 17:48:17.795, 19881
2026/09/26 17:48:18.295, 19881
2026/09/26 17:48:18.796, 19881
2026/09/26 17:48:19.296, 19881
2026/09/26 17:48:19.796, 19881
2026/09/26 17:48:20.296, 19881
2026/09/26 17:48:20.796, 19881
2026/09/26 17:48:21.296, 19881
2026/09/26 17:48:21.796, 19881
2026/09/26 17:48:22.297, 19881
2026/09/26 17:48:22.797, 19881
2026/09/26 17:48:23.297, 19881
2026/09/26 17:48:23.797, 19881
2026/09/26 17:48:24.297, 19881
2026/09/26 17:48:24.797, 19881
2026/09/26 17:48:25.298, 19881
2026/09/26 17:48:25.798, 19881
2026/09/26 17:48:26.298, 19881
2026/09/26 17:48:26.798, 19881
2026/09/26 17:48:27.298, 19881
2026/09/26 17:48:27.798, 19881
2026/09/26 17:48:28.298, 19881
2026/09/26 17:48:28.799, 19881
2026/09/26 17:48:29.299, 19881
2026/09/26 17:48:29.799, 19881
2026/09/26 17:48:30.299, 19881
2026/09/26 17:48:30.799, 19881
2026/09/26 17:48:31.299, 19881
2026/09/26 17:48:31.799, 19881
2026/09/26 17:48:32.300, 19881
2026/09/26 17:48:32.800, 19881
2026/09/26 17:48:33.300, 19881
2026/09/26 17:48:33.800, 19881
2026/09/26 17:48:34.300, 19881
2026/09/26 17:48:34.800, 19881
2026/09/26 17:48:35.300, 19881
2026/09/26 17:48:35.801, 19881
2026/09/26 17:48:36.301, 19881
2026/09/26 17:48:36.801, 19881
2026/09/26 17:48:37.301, 19881
2026/09/26 17:48:37.801, 19881
2026/09/26 17:48:38.301, 19881
2026/09/26 17:48:38.801, 19881
2026/09/26 17:48:39.302, 19881
2026/09/26 17:48:39.802, 19881
2026/09/26 17:48:40.302, 19881
2026/09/26 17:48:40.802, 19881
2026/09/26 17:48:41.302, 19881
2026/09/26 17:48:41.802, 19881
2026/09/26 17:48:42.303, 19881
2026/09/26 17:48:42.803, 19881
2026/09/26 17:48:43.303, 19881
2026/09/26 17:48:43.803, 19881
2026/09/26 17:48:44.303, 19881
2026/09/26 17:48:44.803, 19881
2026/09/26 17:48:45.303, 19881
2026/09/26 17:48:45.804, 19881
2026/09/26 17:48:46.304, 19881
2026/09/26 17:48:46.804, 19881
2026/09/26 17:48:47.304, 19881
2026/09/26 17:48:47.804, 19881
2026/09/26 17:48:48.304, 19881
2026/09/26 17:48:48.805, 19881
2026/09/26 17:48:49.305, 19881
2026/09/26 17:48:49.805, 19881
2026/09/26 17:48:50.305, 19881
2026/09/26 17:48:50.805, 19881
2026/09/26 17:48:51.305, 19881
2026/09/26 17:48:51.805, 19881
2026/09/26 17:48:52.306, 19881
2026/09/26 17:48:52.806, 19881
2026/09/26 17:48:53.306, 19881
2026/09/26 17:48:53.806, 19881
2026/09/26 17:48:54.306, 19881
2026/09/26 17:48:54.806, 19881
2026/09/26 17:48:55.307, 19881
2026/09/26 17:48:55.807, 19881
2026/09/26 17:48:56.307, 19881
2026/09/26 17:48:56.807, 19881
2026/09/26 17:48:57.307, 19881
2026/09/26 17:48:57.807, 19881
2026/09/26 17:48:58.307, 19881
2026/09/26 17:48:58.808, 19881
2026/09/26 17:48:59.308, 19881
2026/09/26 17:48:59.808, 19881
2026/09/26 17:49:00.308, 19881
2026/09/26 17:49:00.808, 19881
2026/09/26 17:49:01.308, 19881
2026/09/26 17:49:01.808, 19881
2026/09/26 17:49:02.309, 19881
2026/09/26 17:49:02.809, 19881
2026/09/26 17:49:03.309, 19881
2026/09/26 17:49:03.809, 19881
2026/09/26 17:49:04.309, 19881
2026/09/26 17:49:04.809, 19881
2026/09/26 17:49:05.309, 19881
2026/09/26 17:49:05.810, 19881
2026/09/26 17:49:06.310, 19881
2026/09/26 17:49:06.810, 19881
2026/09/26 17:49:07.310, 19881
2026/09/26 17:49:07.810, 19881
2026/09/26 17:49:08.310, 19881
2026/09/26 17:49:08.810, 19881
2026/09/26 17:49:09.311, 19881
2026/09/26 17:49:09.811, 19881
2026/09/26 17:49:10.311, 19881
2026/09/26 17:49:10.811, 19881
2026/09/26 17:49:11.311, 19881
2026/09/26 17:49:11.811, 19881
2026/09/26 17:49:12.312, 19881
2026/09/26 17:49:12.812, 19881
2026/09/26 17:49:13.312, 19881
2026/09/26 17:49:13.812, 19881
2026/09/26 17:49:14.312, 19881
2026/09/26 17:49:14.812, 19881
2026/09/26 17:49:15.313, 19881
2026/09/26 17:49:15.813, 19881
2026/09/26 17:49:16.313, 19881
2026/09/26 17:49:16.813, 19881
2026/09/26 17:49:17.313, 19881
2026/09/26 17:49:17.813, 19881
2026/09/26 17:49:18.313, 19881
2026/09/26 17:49:18.813, 19881
2026/09/26 17:49:19.314, 19881
2026/09/26 17:49:19.814, 19881
2026/09/26 17:49:20.314, 19881
2026/09/26 17:49:20.814, 19881
2026/09/26 17:49:21.314, 19881
2026/09/26 17:49:21.814, 19881
2026/09/26 17:49:22.314, 19881
2026/09/26 17:49:22.815, 19881
2026/09/26 17:49:23.315, 19881
2026/09/26 17:49:23.815, 19881
2026/09/26 17:49:24.315, 19881
2026/09/26 17:49:24.815, 19881
2026/09/26 17:49:25.315, 19881
2026/09/26 17:49:25.815, 19881
2026/09/26 17:49:26.315, 19881
2026/09/26 17:49:26.816, 19881
2026/09/26 17:49:27.316, 19881
2026/09/26 17:49:27.816, 19881
2026/09/26 17:49:28.316, 19881
2026/09/26 17:49:28.816, 19881
2026/09/26 17:49:29.316, 19881
2026/09/26 17:49:29.816, 19881
2026/09/26 17:49:30.317, 19881
2026/09/26 17:49:30.817, 19881
2026/09/26 17:49:31.317, 19881
2026/09/26 17:49:31.817, 19881
2026/09/26 17:49:32.317, 19881
2026/09/26 17:49:32.818, 19881
2026/09/26 17:49:33.318, 19881
2026/09/26 17:49:33.818, 19881
2026/09/26 17:49:34.318, 19881
2026/09/26 17:49:34.818, 19881
2026/09/26 17:49:35.318, 19881
2026/09/26 17:49:35.818, 19881
2026/09/26 17:49:36.319, 19881
2026/09/26 17:49:36.819, 19881
2026/09/26 17:49:37.319, 19881
2026/09/26 17:49:37.819, 19881
2026/09/26 17:49:38.319, 19881
2026/09/26 17:49:38.819, 19881
2026/09/26 17:49:39.319, 19881
2026/09/26 17:49:39.819, 19881
2026/09/26 17:49:40.320, 19881
2026/09/26 17:49:40.820, 19881
2026/09/26 17:49:41.320, 19881
2026/09/26 17:49:41.820, 19881
2026/09/26 17:49:42.320, 19881
2026/09/26 17:49:42.820, 19881
2026/09/26 17:49:43.320, 19881
2026/09/26 17:49:43.821, 19881
2026/09/26 17:49:44.321, 19881
2026/09/26 17:49:44.821, 19881
2026/09/26 17:49:45.321, 19881
2026/09/26 17:49:45.821, 19881
2026/09/26 17:49:46.321, 19881
2026/09/26 17:49:46.821, 19881
2026/09/26 17:49:47.322, 19881
2026/09/26 17:49:47.822, 19881
2026/09/26 17:49:48.322, 19881
2026/09/26 17:49:48.822, 19881
2026/09/26 17:49:49.322, 19881
2026/09/26 17:49:49.822, 19881
2026/09/26 17:49:50.322, 19881
2026/09/26 17:49:50.822, 19881
2026/09/26 17:49:51.323, 19881
2026/09/26 17:49:51.823, 19881
2026/09/26 17:49:52.323, 19881
2026/09/26 17:49:52.823, 19881
2026/09/26 17:49:53.323, 19881
2026/09/26 17:49:53.823, 19881
2026/09/26 17:49:54.323, 19881
2026/09/26 17:49:54.824, 19881
2026/09/26 17:49:55.324, 19881
2026/09/26 17:49:55.824, 19881
2026/09/26 17:49:56.324, 19881
2026/09/26 17:49:56.824, 19881
2026/09/26 17:49:57.324, 19881
2026/09/26 17:49:57.824, 19881
2026/09/26 17:49:58.325, 19881
2026/09/26 17:49:58.825, 19881
2026/09/26 17:49:59.325, 19881
2026/09/26 17:49:59.825, 19881
2026/09/26 17:50:00.325, 19881
2026/09/26 17:50:00.825, 19881
2026/09/26 17:50:01.325, 19881
2026/09/26 17:50:01.826, 19881
2026/09/26 17:50:02.326, 19881
2026/09/26 17:50:02.826, 19881
2026/09/26 17:50:03.326, 19881
2026/09/26 17:50:03.826, 19881
2026/09/26 17:50:04.326, 19881
2026/09/26 17:50:04.826, 19881
2026/09/26 17:50:05.327, 19881
2026/09/26 17:50:05.827, 19881
2026/09/26 17:50:06.327, 19881
2026/09/26 17:50:06.827, 19881
2026/09/26 17:50:07.327, 19881
2026/09/26 17:50:07.827, 19881
2026/09/26 17:50:08.328, 19881
2026/09/26 17:50:08.828, 19881
2026/09/26 17:50:09.328, 19881
2026/09/26 17:50:09.828, 19881
2026/09/26 17:50:10.329, 19881
2026/09/26 17:50:10.829, 19881
2026/09/26 17:50:11.329, 19881
2026/09/26 17:50:11.829, 19881
2026/09/26 17:50:12.329, 19881
2026/09/26 17:50:12.829, 19881
2026/09/26 17:50:13.330, 19881
2026/09/26 17:50:13.830, 19881
2026/09/26 17:50:14.330, 19881
2026/09/26 17:50:14.830, 19881
2026/09/26 17:50:15.330, 19881
2026/09/26 17:50:15.830, 19881
2026/09/26 17:50:16.330, 19881
2026/09/26 17:50:16.831, 19881
2026/09/26 17:50:17.331, 19881
2026/09/26 17:50:17.831, 19881
2026/09/26 17:50:18.331, 19881
2026/09/26 17:50:18.831, 19881
2026/09/26 17:50:19.331, 19881
2026/09/26 17:50:19.831, 19881
2026/09/26 17:50:20.332, 19881
2026/09/26 17:50:20.832, 19881
2026/09/26 17:50:21.332, 19881
2026/09/26 17:50:21.832, 19881
2026/09/26 17:50:22.332, 19881
2026/09/26 17:50:22.832, 19881
2026/09/26 17:50:23.332, 19881
2026/09/26 17:50:23.833, 19881
2026/09/26 17:50:24.333, 19881
2026/09/26 17:50:24.833, 19881
2026/09/26 17:50:25.333, 19881
2026/09/26 17:50:25.834, 19881
2026/09/26 17:50:26.334, 19881
2026/09/26 17:50:26.834, 19881
2026/09/26 17:50:27.334, 19881
2026/09/26 17:50:27.834, 19881
2026/09/26 17:50:28.334, 19881
2026/09/26 17:50:28.835, 19881
2026/09/26 17:50:29.335, 19881
2026/09/26 17:50:29.835, 19881
2026/09/26 17:50:30.335, 19881
2026/09/26 17:50:30.835, 19881
2026/09/26 17:50:31.335, 19881
2026/09/26 17:50:31.836, 19881
2026/09/26 17:50:32.336, 19881
2026/09/26 17:50:32.836, 19881
2026/09/26 17:50:33.336, 19881
2026/09/26 17:50:33.836, 19881
2026/09/26 17:50:34.336, 19881
2026/09/26 17:50:34.837, 19881
2026/09/26 17:50:35.337, 19881
2026/09/26 17:50:35.837, 19881
2026/09/26 17:50:36.337, 19881
2026/09/26 17:50:36.837, 19881
2026/09/26 17:50:37.337, 19881
2026/09/26 17:50:37.837, 19881
2026/09/26 17:50:38.338, 19881
2026/09/26 17:50:38.838, 19881
2026/09/26 17:50:39.338, 19881
2026/09/26 17:50:39.838, 19881
2026/09/26 17:50:40.338, 19881
2026/09/26 17:50:40.838, 19881
2026/09/26 17:50:41.339, 19881
2026/09/26 17:50:41.839, 19881
2026/09/26 17:50:42.339, 19881
2026/09/26 17:50:42.839, 19881
2026/09/26 17:50:43.339, 19881
2026/09/26 17:50:43.839, 19881
2026/09/26 17:50:44.339, 19881
2026/09/26 17:50:44.840, 19881
2026/09/26 17:50:45.340, 19881
2026/09/26 17:50:45.840, 19881
2026/09/26 17:50:46.340, 19881
2026/09/26 17:50:46.840, 19881
2026/09/26 17:50:47.340, 19881
2026/09/26 17:50:47.841, 19881
2026/09/26 17:50:48.341, 19881
2026/09/26 17:50:48.841, 19881
2026/09/26 17:50:49.341, 19881
2026/09/26 17:50:49.841, 19881
2026/09/26 17:50:50.341, 19881
2026/09/26 17:50:50.841, 19881
2026/09/26 17:50:51.342, 19881
2026/09/26 17:50:51.842, 19881
2026/09/26 17:50:52.342, 19881
2026/09/26 17:50:52.842, 19881
2026/09/26 17:50:53.342, 19881
2026/09/26 17:50:53.842, 19881
2026/09/26 17:50:54.342, 19881
2026/09/26 17:50:54.843, 19881
2026/09/26 17:50:55.343, 19881
2026/09/26 17:50:55.843, 19881
2026/09/26 17:50:56.343, 19881
2026/09/26 17:50:56.843, 19881
2026/09/26 17:50:57.343, 19881
2026/09/26 17:50:57.844, 19881
2026/09/26 17:50:58.344, 19881
2026/09/26 17:50:58.844, 19881
2026/09/26 17:50:59.344, 19881
2026/09/26 17:50:59.844, 19881
2026/09/26 17:51:00.344, 19881
2026/09/26 17:51:00.844, 19881
2026/09/26 17:51:01.345, 19881
2026/09/26 17:51:01.845, 19881
2026/09/26 17:51:02.345, 19881
2026/09/26 17:51:02.845, 19881
2026/09/26 17:51:03.345, 19881
2026/09/26 17:51:03.845, 19881
2026/09/26 17:51:04.346, 19881
2026/09/26 17:51:04.846, 19881
2026/09/26 17:51:05.346, 19881
2026/09/26 17:51:05.846, 19881
2026/09/26 17:51:06.346, 19881
2026/09/26 17:51:06.846, 19881
2026/09/26 17:51:07.346, 19881
2026/09/26 17:51:07.847, 19881
2026/09/26 17:51:08.347, 19881
2026/09/26 17:51:08.847, 19881
2026/09/26 17:51:09.347, 19881
2026/09/26 17:51:09.847, 19881
2026/09/26 17:51:10.347, 19881
2026/09/26 17:51:10.847, 19881
2026/09/26 17:51:11.348, 19881
2026/09/26 17:51:11.848, 19881
2026/09/26 17:51:12.348, 19881
2026/09/26 17:51:12.848, 19881
2026/09/26 17:51:13.348, 19881
2026/09/26 17:51:13.848, 19881
2026/09/26 17:51:14.348, 19881
2026/09/26 17:51:14.849, 19881
2026/09/26 17:51:15.349, 19881
2026/09/26 17:51:15.849, 19881
2026/09/26 17:51:16.349, 19881
2026/09/26 17:51:16.849, 19881
2026/09/26 17:51:17.349, 19881
2026/09/26 17:51:17.850, 19881
2026/09/26 17:51:18.350, 19881
2026/09/26 17:51:18.850, 19881
2026/09/26 17:51:19.350, 19881
2026/09/26 17:51:19.850, 19881
2026/09/26 17:51:20.350, 19881
2026/09/26 17:51:20.850, 19881
2026/09/26 17:51:21.351, 19881
2026/09/26 17:51:21.851, 19881
2026/09/26 17:51:22.352, 19881
2026/09/26 17:51:22.852, 19881
2026/09/26 17:51:23.352, 19881
2026/09/26 17:51:23.852, 19881
2026/09/26 17:51:24.352, 19881
2026/09/26 17:51:24.852, 19881
2026/09/26 17:51:25.353, 19881
2026/09/26 17:51:25.853, 19881
2026/09/26 17:51:26.353, 19881
2026/09/26 17:51:26.853, 19881
2026/09/26 17:51:27.353, 19881
2026/09/26 17:51:27.853, 19881
2026/09/26 17:51:28.353, 19881
2026/09/26 17:51:28.854, 19881
2026/09/26 17:51:29.354, 19881
2026/09/26 17:51:29.854, 19881
2026/09/26 17:51:30.354, 19881
2026/09/26 17:51:30.854, 19881
2026/09/26 17:51:31.354, 19881
2026/09/26 17:51:31.854, 19881
2026/09/26 17:51:32.355, 19881
2026/09/26 17:51:32.855, 19881
2026/09/26 17:51:33.355, 19881
2026/09/26 17:51:33.855, 19881
2026/09/26 17:51:34.355, 19881
2026/09/26 17:51:34.855, 19881
2026/09/26 17:51:35.356, 19881
2026/09/26 17:51:35.856, 19881
2026/09/26 17:51:36.356, 19881
2026/09/26 17:51:36.856, 19881
2026/09/26 17:51:37.356, 19881
2026/09/26 17:51:37.856, 19881
2026/09/26 17:51:38.357, 19881
2026/09/26 17:51:38.857, 19881
2026/09/26 17:51:39.357, 19881
2026/09/26 17:51:39.857, 19881
2026/09/26 17:51:40.357, 19881
2026/09/26 17:51:40.857, 19881
2026/09/26 17:51:41.357, 19881
2026/09/26 17:51:41.858, 19881
2026/09/26 17:51:42.358, 19881
2026/09/26 17:51:42.858, 19881
2026/09/26 17:51:43.358, 19881
2026/09/26 17:51:43.858, 19881
2026/09/26 17:51:44.358, 19881
2026/09/26 17:51:44.859, 19881
2026/09/26 17:51:45.359, 19881
2026/09/26 17:51:45.859, 19881
2026/09/26 17:51:46.359, 19881
2026/09/26 17:51:46.859, 19881
2026/09/26 17:51:47.359, 19881
2026/09/26 17:51:47.859, 19881
2026/09/26 17:51:48.360, 19881
2026/09/26 17:51:48.860, 19881
2026/09/26 17:51:49.360, 19881
2026/09/26 17:51:49.860, 19881
2026/09/26 17:51:50.360, 19881
2026/09/26 17:51:50.860, 19881
2026/09/26 17:51:51.361, 19881
2026/09/26 17:51:51.861, 19881
2026/09/26 17:51:52.361, 19881
2026/09/26 17:51:52.861, 19881
2026/09/26 17:51:53.361, 19881
2026/09/26 17:51:53.861, 19881
2026/09/26 17:51:54.361, 19881
2026/09/26 17:51:54.862, 19881
2026/09/26 17:51:55.362, 19881
2026/09/26 17:51:55.862, 19881
2026/09/26 17:51:56.362, 19881
2026/09/26 17:51:56.862, 19881
2026/09/26 17:51:57.362, 19881
2026/09/26 17:51:57.862, 19881
2026/09/26 17:51:58.363, 19881
2026/09/26 17:51:58.863, 19881
2026/09/26 17:51:59.363, 19881
2026/09/26 17:51:59.863, 19881
2026/09/26 17:52:00.363, 19881
2026/09/26 17:52:00.863, 19881
2026/09/26 17:52:01.363, 19881
2026/09/26 17:52:01.864, 19881
2026/09/26 17:52:02.364, 19881
2026/09/26 17:52:02.864, 19881
2026/09/26 17:52:03.364, 19881
2026/09/26 17:52:03.864, 19881
2026/09/26 17:52:04.364, 19881
2026/09/26 17:52:04.864, 19881
2026/09/26 17:52:05.365, 19881
2026/09/26 17:52:05.865, 19881
2026/09/26 17:52:06.365, 19881
2026/09/26 17:52:06.865, 19881
2026/09/26 17:52:07.365, 19881
2026/09/26 17:52:07.865, 19881
2026/09/26 17:52:08.366, 19881
2026/09/26 17:52:08.866, 19881
2026/09/26 17:52:09.366, 19881
2026/09/26 17:52:09.866, 19881
2026/09/26 17:52:10.366, 19881
2026/09/26 17:52:10.866, 19881
2026/09/26 17:52:11.366, 19881
2026/09/26 17:52:11.867, 19881
2026/09/26 17:52:12.367, 19881
2026/09/26 17:52:12.867, 19881
2026/09/26 17:52:13.367, 19881
2026/09/26 17:52:13.867, 19881
2026/09/26 17:52:14.367, 19881
2026/09/26 17:52:14.867, 19881
2026/09/26 17:52:15.368, 19881
2026/09/26 17:52:15.868, 19881
2026/09/26 17:52:16.368, 19881
2026/09/26 17:52:16.868, 19881
2026/09/26 17:52:17.368, 19881
2026/09/26 17:52:17.868, 19881
2026/09/26 17:52:18.368, 19881
2026/09/26 17:52:18.869, 19881
2026/09/26 17:52:19.369, 19881
2026/09/26 17:52:19.869, 19881
2026/09/26 17:52:20.369, 19881
2026/09/26 17:52:20.869, 19881
2026/09/26 17:52:21.369, 20167
2026/09/26 17:52:21.870, 20167
2026/09/26 17:52:22.370, 20167
2026/09/26 17:52:22.870, 20167
2026/09/26 17:52:23.370, 20167
2026/09/26 17:52:23.870, 20167
2026/09/26 17:52:24.370, 20167
2026/09/26 17:52:24.870, 20167
2026/09/26 17:52:25.371, 20167
2026/09/26 17:52:25.871, 20167
2026/09/26 17:52:26.371, 20167
2026/09/26 17:52:26.871, 20167
2026/09/26 17:52:27.371, 20167
2026/09/26 17:52:27.871, 20167
2026/09/26 17:52:28.372, 20167
2026/09/26 17:52:28.872, 20167
2026/09/26 17:52:29.372, 20167
2026/09/26 17:52:29.872, 20167
2026/09/26 17:52:30.372, 20167
2026/09/26 17:52:30.872, 20167
2026/09/26 17:52:31.373, 20167
2026/09/26 17:52:31.873, 20167
2026/09/26 17:52:32.373, 20167
2026/09/26 17:52:32.873, 20167
2026/09/26 17:52:33.373, 20167
2026/09/26 17:52:33.873, 20167
2026/09/26 17:52:34.374, 20167
2026/09/26 17:52:34.874, 20167
2026/09/26 17:52:35.374, 20167
2026/09/26 17:52:35.874, 20167
2026/09/26 17:52:36.374, 20167
2026/09/26 17:52:36.874, 20167
2026/09/26 17:52:37.375, 20167
2026/09/26 17:52:37.875, 20167
2026/09/26 17:52:38.375, 20167
2026/09/26 17:52:38.875, 20167
2026/09/26 17:52:39.375, 20167
2026/09/26 17:52:39.875, 20167
2026/09/26 17:52:40.376, 20167
2026/09/26 17:52:40.876, 20167
2026/09/26 17:52:41.376, 20167
2026/09/26 17:52:41.876, 20167
2026/09/26 17:52:42.376, 20167
2026/09/26 17:52:42.876, 20167
2026/09/26 17:52:43.376, 20167
2026/09/26 17:52:43.877, 20167
2026/09/26 17:52:44.377, 20167
2026/09/26 17:52:44.877, 20167
2026/09/26 17:52:45.377, 20167
2026/09/26 17:52:45.877, 20167
2026/09/26 17:52:46.377, 20167
2026/09/26 17:52:46.878, 20167
2026/09/26 17:52:47.378, 20167
2026/09/26 17:52:47.878, 20167
2026/09/26 17:52:48.378, 20167
2026/09/26 17:52:48.878, 20167
2026/09/26 17:52:49.378, 20167
2026/09/26 17:52:49.878, 20167
2026/09/26 17:52:50.379, 20167
2026/09/26 17:52:50.879, 20167
2026/09/26 17:52:51.379, 20167
2026/09/26 17:52:51.879, 20167
2026/09/26 17:52:52.379, 20167
2026/09/26 17:52:52.879, 20167
2026/09/26 17:52:53.380, 20167
2026/09/26 17:52:53.880, 20167
2026/09/26 17:52:54.380, 20167
2026/09/26 17:52:54.880, 20167
2026/09/26 17:52:55.380, 20167
2026/09/26 17:52:55.880, 20167
2026/09/26 17:52:56.380, 20167
2026/09/26 17:52:56.881, 20167
2026/09/26 17:52:57.381, 20167
2026/09/26 17:52:57.881, 20167
2026/09/26 17:52:58.381, 20167
2026/09/26 17:52:58.881, 20167
2026/09/26 17:52:59.381, 20167
2026/09/26 17:52:59.881, 20167
2026/09/26 17:53:00.382, 20167
2026/09/26 17:53:00.882, 20167
2026/09/26 17:53:01.382, 20167
2026/09/26 17:53:01.882, 20167
2026/09/26 17:53:02.382, 20167
2026/09/26 17:53:02.882, 20167
2026/09/26 17:53:03.382, 20167
2026/09/26 17:53:03.883, 20167
2026/09/26 17:53:04.383, 20167
2026/09/26 17:53:04.883, 20167
2026/09/26 17:53:05.383, 20167
2026/09/26 17:53:05.883, 20167
2026/09/26 17:53:06.383, 20167
2026/09/26 17:53:06.884, 20167
2026/09/26 17:53:07.384, 20167
2026/09/26 17:53:07.884, 20167
2026/09/26 17:53:08.384, 20167
2026/09/26 17:53:08.884, 20167
2026/09/26 17:53:09.384, 20167
2026/09/26 17:53:09.884, 20167
2026/09/26 17:53:10.385, 20167
2026/09/26 17:53:10.885, 20167
2026/09/26 17:53:11.385, 20167
2026/09/26 17:53:11.885, 20167
2026/09/26 17:53:12.385, 20167
2026/09/26 17:53:12.885, 20167
2026/09/26 17:53:13.385, 20167
2026/09/26 17:53:13.886, 20167
2026/09/26 17:53:14.386, 20167
2026/09/26 17:53:14.886, 20167
2026/09/26 17:53:15.386, 20167
2026/09/26 17:53:15.886, 20167
2026/09/26 17:53:16.386, 20167
2026/09/26 17:53:16.886, 20167
2026/09/26 17:53:17.387, 20167
2026/09/26 17:53:17.887, 20167
2026/09/26 17:53:18.387, 20167
2026/09/26 17:53:18.887, 20167
2026/09/26 17:53:19.387, 20167
2026/09/26 17:53:19.887, 20167
2026/09/26 17:53:20.387, 20167
2026/09/26 17:53:20.888, 20167
2026/09/26 17:53:21.388, 20167
2026/09/26 17:53:21.888, 20167
2026/09/26 17:53:22.388, 20167
2026/09/26 17:53:22.888, 20167
2026/09/26 17:53:23.388, 20167
2026/09/26 17:53:23.888, 20167
2026/09/26 17:53:24.389, 20167
2026/09/26 17:53:24.889, 20167
2026/09/26 17:53:25.389, 20167
2026/09/26 17:53:25.889, 20167
2026/09/26 17:53:26.389, 20167
2026/09/26 17:53:26.889, 20167
2026/09/26 17:53:27.389, 20167
2026/09/26 17:53:27.890, 20167
2026/09/26 17:53:28.390, 20167
2026/09/26 17:53:28.890, 20167
2026/09/26 17:53:29.390, 20167
2026/09/26 17:53:29.890, 20167
2026/09/26 17:53:30.390, 20167
2026/09/26 17:53:30.890, 20167
2026/09/26 17:53:31.391, 20167
2026/09/26 17:53:31.891, 20167
2026/09/26 17:53:32.391, 20167
2026/09/26 17:53:32.891, 20167
2026/09/26 17:53:33.391, 20167
2026/09/26 17:53:33.891, 20167
2026/09/26 17:53:34.391, 20167
2026/09/26 17:53:34.892, 20167
2026/09/26 17:53:35.392, 20167
2026/09/26 17:53:35.892, 20167
2026/09/26 17:53:36.392, 20167
2026/09/26 17:53:36.892, 20167
2026/09/26 17:53:37.392, 20167
2026/09/26 17:53:37.893, 20167
2026/09/26 17:53:38.393, 20167
2026/09/26 17:53:38.893, 20167
2026/09/26 17:53:39.393, 20167
2026/09/26 17:53:39.893, 20167
2026/09/26 17:53:40.393, 20167
2026/09/26 17:53:40.893, 20167
2026/09/26 17:53:41.394, 20167
2026/09/26 17:53:41.894, 20167
2026/09/26 17:53:42.394, 20167
2026/09/26 17:53:42.894, 20167
2026/09/26 17:53:43.395, 20167
2026/09/26 17:53:43.895, 20167
2026/09/26 17:53:44.395, 20167
2026/09/26 17:53:44.895, 20167
2026/09/26 17:53:45.395, 20167
2026/09/26 17:53:45.896, 20167
2026/09/26 17:53:46.396, 20167
2026/09/26 17:53:46.896, 20167
2026/09/26 17:53:47.396, 20167
2026/09/26 17:53:47.896, 20167
2026/09/26 17:53:48.396, 20167
2026/09/26 17:53:48.896, 20167
2026/09/26 17:53:49.397, 20167
2026/09/26 17:53:49.897, 20167
2026/09/26 17:53:50.397, 20167
2026/09/26 17:53:50.897, 20167
2026/09/26 17:53:51.397, 20167
2026/09/26 17:53:51.897, 20167
2026/09/26 17:53:52.397, 20167
2026/09/26 17:53:52.898, 20167
2026/09/26 17:53:53.398, 20167
2026/09/26 17:53:53.898, 20167
2026/09/26 17:53:54.398, 20167
2026/09/26 17:53:54.898, 20167
2026/09/26 17:53:55.398, 20167
2026/09/26 17:53:55.898, 20167
2026/09/26 17:53:56.399, 20167
2026/09/26 17:53:56.899, 20167
2026/09/26 17:53:57.399, 20167
2026/09/26 17:53:57.899, 20167
2026/09/26 17:53:58.399, 20167
2026/09/26 17:53:58.899, 20167
2026/09/26 17:53:59.399, 20167
2026/09/26 17:53:59.899, 20167
2026/09/26 17:54:00.400, 20167
2026/09/26 17:54:00.900, 20167
2026/09/26 17:54:01.400, 20167
2026/09/26 17:54:01.900, 20167
2026/09/26 17:54:02.400, 20167
2026/09/26 17:54:02.900, 20167
2026/09/26 17:54:03.400, 20167
2026/09/26 17:54:03.901, 20167
2026/09/26 17:54:04.401, 20167
2026/09/26 17:54:04.901, 20167
2026/09/26 17:54:05.401, 20167
2026/09/26 17:54:05.901, 20167
2026/09/26 17:54:06.401, 20167
2026/09/26 17:54:06.902, 20167
2026/09/26 17:54:07.402, 20167
2026/09/26 17:54:07.902, 20167
2026/09/26 17:54:08.402, 20167
2026/09/26 17:54:08.902, 20167
2026/09/26 17:54:09.402, 20167
2026/09/26 17:54:09.903, 20167
2026/09/26 17:54:10.403, 20167
2026/09/26 17:54:10.903, 20167
2026/09/26 17:54:11.403, 20167
2026/09/26 17:54:11.903, 20167
2026/09/26 17:54:12.403, 20167
2026/09/26 17:54:12.903, 20167
2026/09/26 17:54:13.404, 20167
2026/09/26 17:54:13.904, 20167
2026/09/26 17:54:14.404, 20167
2026/09/26 17:54:14.904, 20167
2026/09/26 17:54:15.404, 20167
2026/09/26 17:54:15.904, 20167
2026/09/26 17:54:16.405, 20167
2026/09/26 17:54:16.905, 20167
2026/09/26 17:54:17.405, 20167
2026/09/26 17:54:17.905, 20167
2026/09/26 17:54:18.405, 20167
2026/09/26 17:54:18.905, 20167
2026/09/26 17:54:19.406, 20167
2026/09/26 17:54:19.906, 20167
2026/09/26 17:54:20.406, 20167
2026/09/26 17:54:20.906, 20167
2026/09/26 17:54:21.406, 20167
2026/09/26 17:54:21.906, 20167
2026/09/26 17:54:22.407, 20167
2026/09/26 17:54:22.907, 20167
2026/09/26 17:54:23.407, 20167
2026/09/26 17:54:23.907, 20167
2026/09/26 17:54:24.407, 20167
2026/09/26 17:54:24.907, 20167
2026/09/26 17:54:25.408, 20167
2026/09/26 17:54:25.908, 20167
2026/09/26 17:54:26.408, 20167
2026/09/26 17:54:26.908, 20167
2026/09/26 17:54:27.408, 20167
2026/09/26 17:54:27.908, 20167
2026/09/26 17:54:28.408, 20167
2026/09/26 17:54:28.909, 20167
2026/09/26 17:54:29.409, 20167
2026/09/26 17:54:29.909, 20167
2026/09/26 17:54:30.409, 20167
2026/09/26 17:54:30.909, 20167
2026/09/26 17:54:31.409, 20167
2026/09/26 17:54:31.910, 20167
2026/09/26 17:54:32.410, 20167
2026/09/26 17:54:32.910, 20167
2026/09/26 17:54:33.410, 20167
2026/09/26 17:54:33.910, 20167
2026/09/26 17:54:34.410, 20167
2026/09/26 17:54:34.911, 20167
2026/09/26 17:54:35.411, 20167
2026/09/26 17:54:35.911, 20167
2026/09/26 17:54:36.411, 20167
2026/09/26 17:54:36.911, 20167
2026/09/26 17:54:37.411, 20167
2026/09/26 17:54:37.912, 20167
2026/09/26 17:54:38.412, 20167
2026/09/26 17:54:38.912, 20167
2026/09/26 17:54:39.412, 20167
2026/09/26 17:54:39.912, 20167
2026/09/26 17:54:40.413, 20167
2026/09/26 17:54:40.913, 20167
2026/09/26 17:54:41.413, 20167
2026/09/26 17:54:41.913, 20167
2026/09/26 17:54:42.413, 20167
2026/09/26 17:54:42.913, 20167
2026/09/26 17:54:43.414, 20167
2026/09/26 17:54:43.914, 20167
2026/09/26 17:54:44.414, 20167
2026/09/26 17:54:44.914, 20167
2026/09/26 17:54:45.414, 20167
2026/09/26 17:54:45.914, 20167
2026/09/26 17:54:46.414, 20167
2026/09/26 17:54:46.915, 20167
2026/09/26 17:54:47.415, 20167
2026/09/26 17:54:47.915, 20167
2026/09/26 17:54:48.415, 20167
2026/09/26 17:54:48.915, 20167
2026/09/26 17:54:49.415, 20167
2026/09/26 17:54:49.916, 20167
2026/09/26 17:54:50.416, 20167
2026/09/26 17:54:50.916, 20167
2026/09/26 17:54:51.416, 20167
2026/09/26 17:54:51.916, 20167
2026/09/26 17:54:52.417, 20167
2026/09/26 17:54:52.917, 20167
2026/09/26 17:54:53.417, 20167
2026/09/26 17:54:53.917, 20167
2026/09/26 17:54:54.417, 20167
2026/09/26 17:54:54.917, 20167
2026/09/26 17:54:55.418, 20167
2026/09/26 17:54:55.918, 20167
2026/09/26 17:54:56.418, 20167
2026/09/26 17:54:56.918, 20167
2026/09/26 17:54:57.418, 20167
2026/09/26 17:54:57.918, 20167
2026/09/26 17:54:58.418, 20167
2026/09/26 17:54:58.919, 20167
2026/09/26 17:54:59.419, 20167
2026/09/26 17:54:59.919, 20167
2026/09/26 17:55:00.419, 20167
2026/09/26 17:55:00.919, 20167
2026/09/26 17:55:01.419, 20167
2026/09/26 17:55:01.919, 20167
2026/09/26 17:55:02.420, 20167
2026/09/26 17:55:02.920, 20167
2026/09/26 17:55:03.420, 20167
2026/09/26 17:55:03.920, 20167
2026/09/26 17:55:04.420, 20167
2026/09/26 17:55:04.920, 20167
2026/09/26 17:55:05.421, 20167
2026/09/26 17:55:05.921, 20167
2026/09/26 17:55:06.421, 20167
2026/09/26 17:55:06.921, 20167
2026/09/26 17:55:07.421, 20167
2026/09/26 17:55:07.921, 20167
2026/09/26 17:55:08.421, 20167
2026/09/26 17:55:08.922, 20167
2026/09/26 17:55:09.422, 20167
2026/09/26 17:55:09.922, 20167
2026/09/26 17:55:10.422, 20167
2026/09/26 17:55:10.922, 20167
2026/09/26 17:55:11.422, 20167
2026/09/26 17:55:11.923, 20167
2026/09/26 17:55:12.423, 20167
2026/09/26 17:55:12.923, 20167
2026/09/26 17:55:13.423, 20167
2026/09/26 17:55:13.923, 20167
2026/09/26 17:55:14.423, 20167
2026/09/26 17:55:14.923, 20167
2026/09/26 17:55:15.423, 20167
2026/09/26 17:55:15.924, 20167
2026/09/26 17:55:16.424, 20167
2026/09/26 17:55:16.924, 20167
2026/09/26 17:55:17.424, 20167
2026/09/26 17:55:17.924, 20167
2026/09/26 17:55:18.424, 20167
2026/09/26 17:55:18.925, 20167
2026/09/26 17:55:19.425, 20167
2026/09/26 17:55:19.925, 20167
2026/09/26 17:55:20.425, 20167
2026/09/26 17:55:20.925, 20167
2026/09/26 17:55:21.425, 20167
2026/09/26 17:55:21.925, 20167
2026/09/26 17:55:22.425, 20167
2026/09/26 17:55:22.926, 20167
2026/09/26 17:55:23.426, 20167
2026/09/26 17:55:23.926, 20167
2026/09/26 17:55:24.426, 20167
2026/09/26 17:55:24.926, 20167
2026/09/26 17:55:25.426, 20167
2026/09/26 17:55:25.926, 20167
2026/09/26 17:55:26.427, 20167
2026/09/26 17:55:26.927, 20167
2026/09/26 17:55:27.427, 20167
2026/09/26 17:55:27.927, 20167
2026/09/26 17:55:28.427, 20167
2026/09/26 17:55:28.927, 20167
2026/09/26 17:55:29.427, 20167
2026/09/26 17:55:29.928, 20167
2026/09/26 17:55:30.428, 20167
2026/09/26 17:55:30.928, 20167
2026/09/26 17:55:31.428, 20167
2026/09/26 17:55:31.928, 20167
2026/09/26 17:55:32.428, 20167
2026/09/26 17:55:32.928, 20167
2026/09/26 17:55:33.429, 20167
2026/09/26 17:55:33.929, 20167
2026/09/26 17:55:34.429, 20167
2026/09/26 17:55:34.929, 20167
2026/09/26 17:55:35.429, 20167
2026/09/26 17:55:35.929, 20167
2026/09/26 17:55:36.429, 20167
2026/09/26 17:55:36.930, 20167
2026/09/26 17:55:37.430, 20167
2026/09/26 17:55:37.930, 20167
2026/09/26 17:55:38.430, 20167
2026/09/26 17:55:38.930, 20167
2026/09/26 17:55:39.430, 20167
2026/09/26 17:55:39.930, 20167
2026/09/26 17:55:40.431, 20167
2026/09/26 17:55:40.931, 20167
2026/09/26 17:55:41.431, 20167
2026/09/26 17:55:41.931, 20167
2026/09/26 17:55:42.431, 20167
2026/09/26 17:55:42.931, 20167
2026/09/26 17:55:43.431, 20167
2026/09/26 17:55:43.932, 20167
2026/09/26 17:55:44.432, 20167
2026/09/26 17:55:44.932, 20167
2026/09/26 17:55:45.432, 20167
2026/09/26 17:55:45.932, 20167
2026/09/26 17:55:46.432, 20167
2026/09/26 17:55:46.932, 20167
2026/09/26 17:55:47.433, 20167
2026/09/26 17:55:47.933, 20167
2026/09/26 17:55:48.433, 20167
2026/09/26 17:55:48.933, 20167
2026/09/26 17:55:49.433, 20167
2026/09/26 17:55:49.933, 20167
2026/09/26 17:55:50.433, 20167
2026/09/26 17:55:50.934, 20167
2026/09/26 17:55:51.434, 20167
2026/09/26 17:55:51.934, 20167
2026/09/26 17:55:52.434, 20167
2026/09/26 17:55:52.934, 20167
2026/09/26 17:55:53.434, 20167
2026/09/26 17:55:53.936, 20167
2026/09/26 17:55:54.436, 20167
2026/09/26 17:55:54.936, 20167
2026/09/26 17:55:55.436, 20167
2026/09/26 17:55:55.936, 20167
2026/09/26 17:55:56.436, 20167
2026/09/26 17:55:56.936, 20167
2026/09/26 17:55:57.437, 20167
2026/09/26 17:55:57.937, 20167
2026/09/26 17:55:58.437, 20167
2026/09/26 17:55:58.937, 20167
2026/09/26 17:55:59.437, 20167
2026/09/26 17:55:59.937, 20167
2026/09/26 17:56:00.438, 20167
2026/09/26 17:56:00.938, 20167
2026/09/26 17:56:01.438, 20167
2026/09/26 17:56:01.938, 20167
2026/09/26 17:56:02.439, 20167
2026/09/26 17:56:02.939, 20167
2026/09/26 17:56:03.439, 20167
2026/09/26 17:56:03.940, 20167
2026/09/26 17:56:04.440, 20167
2026/09/26 17:56:04.940, 20167
2026/09/26 17:56:05.440, 20167
2026/09/26 17:56:05.978, 20167
2026/09/26 17:56:06.479, 20167
2026/09/26 17:56:06.979, 20167
2026/09/26 17:56:07.479, 20167
2026/09/26 17:56:07.979, 20167
2026/09/26 17:56:08.479, 20167
2026/09/26 17:56:08.979, 20167
2026/09/26 17:56:09.480, 20167
2026/09/26 17:56:09.980, 20167
2026/09/26 17:56:10.480, 20167
2026/09/26 17:56:10.980, 20167
2026/09/26 17:56:11.480, 20167
2026/09/26 17:56:11.980, 20167
2026/09/26 17:56:12.481, 20167
2026/09/26 17:56:12.981, 20167
2026/09/26 17:56:13.481, 20167
2026/09/26 17:56:13.981, 20167
2026/09/26 17:56:14.481, 20167
2026/09/26 17:56:14.981, 20167
2026/09/26 17:56:15.481, 20167
2026/09/26 17:56:15.982, 20167
2026/09/26 17:56:16.482, 20167
2026/09/26 17:56:16.982, 20167
2026/09/26 17:56:17.482, 20167
2026/09/26 17:56:17.982, 20167
2026/09/26 17:56:18.482, 20167
2026/09/26 17:56:18.983, 20167
2026/09/26 17:56:19.483, 20167
2026/09/26 17:56:19.983, 20167
2026/09/26 17:56:20.483, 20167
2026/09/26 17:56:20.983, 20167
2026/09/26 17:56:21.483, 20167
2026/09/26 17:56:21.983, 20167
2026/09/26 17:56:22.484, 20167
2026/09/26 17:56:22.984, 20167
2026/09/26 17:56:23.484, 20167
2026/09/26 17:56:23.984, 20167
2026/09/26 17:56:24.484, 20167
2026/09/26 17:56:24.984, 20167
2026/09/26 17:56:25.484, 20167
2026/09/26 17:56:25.985, 20167
2026/09/26 17:56:26.485, 20167
2026/09/26 17:56:26.985, 20167
2026/09/26 17:56:27.485, 20167
2026/09/26 17:56:27.985, 20167
2026/09/26 17:56:28.485, 20441
2026/09/26 17:56:28.986, 20441
2026/09/26 17:56:29.486, 20441
2026/09/26 17:56:29.986, 20441
2026/09/26 17:56:30.486, 20441
2026/09/26 17:56:30.986, 20441
2026/09/26 17:56:31.486, 20441
2026/09/26 17:56:31.986, 20441
2026/09/26 17:56:32.487, 20441
2026/09/26 17:56:32.987, 20441
2026/09/26 17:56:33.487, 20441
2026/09/26 17:56:33.987, 20441
2026/09/26 17:56:34.487, 20441
2026/09/26 17:56:34.987, 20441
2026/09/26 17:56:35.487, 20441
2026/09/26 17:56:35.988, 20441
2026/09/26 17:56:36.488, 20441
2026/09/26 17:56:36.988, 20441
2026/09/26 17:56:37.488, 20441
2026/09/26 17:56:37.988, 20441
2026/09/26 17:56:38.488, 20441
2026/09/26 17:56:38.989, 20441
2026/09/26 17:56:39.489, 20441
2026/09/26 17:56:39.989, 20441
2026/09/26 17:56:40.489, 20441
2026/09/26 17:56:40.989, 20441
2026/09/26 17:56:41.489, 20441
2026/09/26 17:56:41.989, 20441
2026/09/26 17:56:42.490, 20441
2026/09/26 17:56:42.990, 20441
2026/09/26 17:56:43.490, 20441
2026/09/26 17:56:43.990, 20441
2026/09/26 17:56:44.490, 20441
2026/09/26 17:56:44.990, 20441
2026/09/26 17:56:45.490, 20441
2026/09/26 17:56:45.991, 20441
2026/09/26 17:56:46.491, 20441
2026/09/26 17:56:46.991, 20441
2026/09/26 17:56:47.491, 20441
2026/09/26 17:56:47.991, 20441
2026/09/26 17:56:48.491, 20441
2026/09/26 17:56:48.992, 20441
2026/09/26 17:56:49.492, 20441
2026/09/26 17:56:49.992, 20441
2026/09/26 17:56:50.492, 20441
2026/09/26 17:56:50.992, 20441
2026/09/26 17:56:51.492, 20441
2026/09/26 17:56:51.992, 20441
2026/09/26 17:56:52.493, 20441
2026/09/26 17:56:52.993, 20441
2026/09/26 17:56:53.493, 20441
2026/09/26 17:56:53.993, 20441
2026/09/26 17:56:54.493, 20441
2026/09/26 17:56:54.993, 20441
2026/09/26 17:56:55.493, 20441
2026/09/26 17:56:55.994, 20441
2026/09/26 17:56:56.494, 20441
2026/09/26 17:56:56.994, 20441
2026/09/26 17:56:57.494, 20441
2026/09/26 17:56:57.994, 20441
2026/09/26 17:56:58.494, 20441
2026/09/26 17:56:58.995, 20441
2026/09/26 17:56:59.495, 20441
2026/09/26 17:56:59.995, 20441
2026/09/26 17:57:00.495, 20441
2026/09/26 17:57:00.995, 20441
2026/09/26 17:57:01.495, 20441
2026/09/26 17:57:01.995, 20441
2026/09/26 17:57:02.495, 20441
2026/09/26 17:57:02.996, 20441
2026/09/26 17:57:03.496, 20441
2026/09/26 17:57:03.996, 20441
2026/09/26 17:57:04.496, 20441
2026/09/26 17:57:04.996, 20441
2026/09/26 17:57:05.496, 20441
2026/09/26 17:57:05.997, 20441
2026/09/26 17:57:06.497, 20441
2026/09/26 17:57:06.997, 20441
2026/09/26 17:57:07.497, 20441
2026/09/26 17:57:07.997, 20441
2026/09/26 17:57:08.498, 20441
2026/09/26 17:57:08.998, 20441
2026/09/26 17:57:09.498, 20441
2026/09/26 17:57:09.998, 20441
2026/09/26 17:57:10.498, 20441
2026/09/26 17:57:10.998, 20441
2026/09/26 17:57:11.499, 20441
2026/09/26 17:57:11.999, 20441
2026/09/26 17:57:12.499, 20441
2026/09/26 17:57:12.999, 20441
2026/09/26 17:57:13.499, 20441
2026/09/26 17:57:13.999, 20441
2026/09/26 17:57:14.499, 20441
2026/09/26 17:57:15.000, 20441
2026/09/26 17:57:15.500, 20441
2026/09/26 17:57:16.000, 20441
2026/09/26 17:57:16.500, 20441
2026/09/26 17:57:17.000, 20441
2026/09/26 17:57:17.500, 20441
2026/09/26 17:57:18.001, 20441
2026/09/26 17:57:18.501, 20441
2026/09/26 17:57:19.001, 20441
2026/09/26 17:57:19.501, 20441
2026/09/26 17:57:20.001, 20441
2026/09/26 17:57:20.501, 20441
2026/09/26 17:57:21.001, 20441
2026/09/26 17:57:21.502, 20441
2026/09/26 17:57:22.002, 20441
2026/09/26 17:57:22.502, 20441
2026/09/26 17:57:23.002, 20441
2026/09/26 17:57:23.502, 20441
2026/09/26 17:57:24.002, 20441
2026/09/26 17:57:24.503, 20441
2026/09/26 17:57:25.003, 20441
2026/09/26 17:57:25.503, 20441
2026/09/26 17:57:26.003, 20441
2026/09/26 17:57:26.503, 20441
2026/09/26 17:57:27.003, 20441
2026/09/26 17:57:27.503, 20441
2026/09/26 17:57:28.004, 20441
2026/09/26 17:57:28.504, 20441
2026/09/26 17:57:29.004, 20441
2026/09/26 17:57:29.504, 20441
2026/09/26 17:57:30.004, 20441
2026/09/26 17:57:30.504, 20441
2026/09/26 17:57:31.004, 20441
2026/09/26 17:57:31.505, 20441
2026/09/26 17:57:32.005, 20441
2026/09/26 17:57:32.505, 20441
2026/09/26 17:57:33.005, 20441
2026/09/26 17:57:33.506, 20441
2026/09/26 17:57:34.006, 20441
2026/09/26 17:57:34.506, 20441
2026/09/26 17:57:35.006, 20441
2026/09/26 17:57:35.506, 20441
2026/09/26 17:57:36.006, 20441
2026/09/26 17:57:36.507, 20441
2026/09/26 17:57:37.007, 20441
2026/09/26 17:57:37.507, 20441
2026/09/26 17:57:38.007, 20441
2026/09/26 17:57:38.507, 20441
2026/09/26 17:57:39.007, 20441
2026/09/26 17:57:39.508, 20441
2026/09/26 17:57:40.008, 20441
2026/09/26 17:57:40.508, 20441
2026/09/26 17:57:41.008, 20441
2026/09/26 17:57:41.508, 20441
2026/09/26 17:57:42.008, 20441
2026/09/26 17:57:42.509, 20441
2026/09/26 17:57:43.009, 20441
2026/09/26 17:57:43.509, 20441
2026/09/26 17:57:44.009, 20441
2026/09/26 17:57:44.509, 20441
2026/09/26 17:57:45.009, 20441
2026/09/26 17:57:45.509, 20441
2026/09/26 17:57:46.010, 20441
2026/09/26 17:57:46.510, 20441
2026/09/26 17:57:47.010, 20441
2026/09/26 17:57:47.510, 20441
2026/09/26 17:57:48.010, 20441
2026/09/26 17:57:48.510, 20441
2026/09/26 17:57:49.010, 20441
2026/09/26 17:57:49.511, 20441
2026/09/26 17:57:50.011, 20441
2026/09/26 17:57:50.511, 21009
2026/09/26 17:57:51.011, 21009
2026/09/26 17:57:51.511, 21009
2026/09/26 17:57:52.011, 21009
2026/09/26 17:57:52.512, 21009
2026/09/26 17:57:53.012, 21009
2026/09/26 17:57:53.512, 21009
2026/09/26 17:57:54.012, 21009
2026/09/26 17:57:54.512, 21009
2026/09/26 17:57:55.012, 21009
2026/09/26 17:57:55.512, 21009
2026/09/26 17:57:56.013, 21009
2026/09/26 17:57:56.513, 21009
2026/09/26 17:57:57.013, 21009
2026/09/26 17:57:57.513, 21009
2026/09/26 17:57:58.013, 21009
2026/09/26 17:57:58.513, 21009
2026/09/26 17:57:59.014, 21009
2026/09/26 17:57:59.514, 21009
2026/09/26 17:58:00.014, 21009
2026/09/26 17:58:00.514, 21009
2026/09/26 17:58:01.014, 21009
2026/09/26 17:58:01.514, 21009
2026/09/26 17:58:02.014, 21009
2026/09/26 17:58:02.515, 21009
2026/09/26 17:58:03.015, 21009
2026/09/26 17:58:03.515, 21009
2026/09/26 17:58:04.015, 21009
2026/09/26 17:58:04.515, 21009
2026/09/26 17:58:05.015, 21009
2026/09/26 17:58:05.515, 21009
2026/09/26 17:58:06.016, 21009
2026/09/26 17:58:06.516, 21009
2026/09/26 17:58:07.016, 21009
2026/09/26 17:58:07.516, 21009
2026/09/26 17:58:08.016, 21009
2026/09/26 17:58:08.516, 21009
2026/09/26 17:58:09.017, 21009
2026/09/26 17:58:09.517, 21009
2026/09/26 17:58:10.017, 21009
2026/09/26 17:58:10.517, 21009
2026/09/26 17:58:11.017, 21009
2026/09/26 17:58:11.517, 21009
2026/09/26 17:58:12.017, 21009
2026/09/26 17:58:12.518, 21009
2026/09/26 17:58:13.018, 21009
2026/09/26 17:58:13.518, 21009
2026/09/26 17:58:14.018, 21009
2026/09/26 17:58:14.518, 21009
2026/09/26 17:58:15.018, 21009
2026/09/26 17:58:15.519, 21009
2026/09/26 17:58:16.019, 21009
2026/09/26 17:58:16.519, 21009
2026/09/26 17:58:17.019, 21009
2026/09/26 17:58:17.519, 21009
2026/09/26 17:58:18.019, 21009
2026/09/26 17:58:18.519, 21009
2026/09/26 17:58:19.020, 21009
2026/09/26 17:58:19.520, 21789
2026/09/26 17:58:20.020, 21399
2026/09/26 17:58:20.520, 21009
2026/09/26 17:58:21.020, 21009
2026/09/26 17:58:21.520, 21009
2026/09/26 17:58:22.020, 21009
2026/09/26 17:58:22.521, 21009
2026/09/26 17:58:23.021, 21009
2026/09/26 17:58:23.521, 21009
2026/09/26 17:58:24.021, 21009
2026/09/26 17:58:24.521, 21009
2026/09/26 17:58:25.021, 21009
2026/09/26 17:58:25.521, 21009
2026/09/26 17:58:26.022, 21009
2026/09/26 17:58:26.522, 21009
2026/09/26 17:58:27.022, 21009
2026/09/26 17:58:27.522, 21009
2026/09/26 17:58:28.022, 21009
2026/09/26 17:58:28.522, 21009
2026/09/26 17:58:29.022, 21009
2026/09/26 17:58:29.523, 21009
2026/09/26 17:58:30.023, 21009
2026/09/26 17:58:30.523, 21009
2026/09/26 17:58:31.023, 21009
2026/09/26 17:58:31.523, 21009
2026/09/26 17:58:32.023, 21009
2026/09/26 17:58:32.524, 21009
2026/09/26 17:58:33.024, 21009
2026/09/26 17:58:33.524, 21009
2026/09/26 17:58:34.024, 21009
2026/09/26 17:58:34.524, 21009
2026/09/26 17:58:35.024, 21009
2026/09/26 17:58:35.524, 21009
2026/09/26 17:58:36.024, 21009
2026/09/26 17:58:36.525, 21009
2026/09/26 17:58:37.025, 21009
2026/09/26 17:58:37.525, 21009
2026/09/26 17:58:38.025, 21009
2026/09/26 17:58:38.525, 21009
2026/09/26 17:58:39.025, 21009
2026/09/26 17:58:39.525, 21009
2026/09/26 17:58:40.025, 21009
2026/09/26 17:58:40.526, 21009
2026/09/26 17:58:41.026, 21009
2026/09/26 17:58:41.526, 21009
2026/09/26 17:58:42.026, 21009
2026/09/26 17:58:42.526, 21009
2026/09/26 17:58:43.026, 21009
2026/09/26 17:58:43.526, 21009
2026/09/26 17:58:44.026, 21009
2026/09/26 17:58:44.526, 21009
2026/09/26 17:58:45.027, 21009
2026/09/26 17:58:45.527, 21009
2026/09/26 17:58:46.027, 21009
2026/09/26 17:58:46.527, 21009
2026/09/26 17:58:47.027, 21009
2026/09/26 17:58:47.527, 21009
2026/09/26 17:58:48.027, 21009
2026/09/26 17:58:48.527, 21009
2026/09/26 17:58:49.028, 21009
2026/09/26 17:58:49.528, 21009
2026/09/26 17:58:50.028, 21009
2026/09/26 17:58:50.528, 21009
2026/09/26 17:58:51.028, 21009
2026/09/26 17:58:51.528, 21009
2026/09/26 17:58:52.028, 21009
2026/09/26 17:58:52.528, 21009
2026/09/26 17:58:53.029, 21009
2026/09/26 17:58:53.529, 21009
2026/09/26 17:58:54.029, 21009
2026/09/26 17:58:54.529, 21009
2026/09/26 17:58:55.029, 21009
2026/09/26 17:58:55.529, 21009
2026/09/26 17:58:56.029, 21009
2026/09/26 17:58:56.530, 21009
2026/09/26 17:58:57.030, 21009
2026/09/26 17:58:57.530, 21009
2026/09/26 17:58:58.030, 21009
2026/09/26 17:58:58.530, 21009
2026/09/26 17:58:59.030, 21009
2026/09/26 17:58:59.530, 21009
2026/09/26 17:59:00.030, 21009
2026/09/26 17:59:00.531, 21009
2026/09/26 17:59:01.031, 21009
2026/09/26 17:59:01.531, 21009
2026/09/26 17:59:02.031, 21009
2026/09/26 17:59:02.531, 21009
2026/09/26 17:59:03.031, 21009
2026/09/26 17:59:03.531, 21009
2026/09/26 17:59:04.032, 21009
2026/09/26 17:59:04.532, 21009
2026/09/26 17:59:05.032, 21009
2026/09/26 17:59:05.532, 21009
2026/09/26 17:59:06.032, 21009
2026/09/26 17:59:06.532, 21009
2026/09/26 17:59:07.032, 21009
2026/09/26 17:59:07.532, 21009
2026/09/26 17:59:08.033, 21009
2026/09/26 17:59:08.533, 21009
2026/09/26 17:59:09.033, 21009
2026/09/26 17:59:09.533, 21009
2026/09/26 17:59:10.033, 21009
2026/09/26 17:59:10.533, 21009
2026/09/26 17:59:11.033, 21009
2026/09/26 17:59:11.533, 21009
2026/09/26 17:59:12.033, 21009
2026/09/26 17:59:12.534, 21009
2026/09/26 17:59:13.034, 21009
2026/09/26 17:59:13.534, 21009
2026/09/26 17:59:14.034, 21009
2026/09/26 17:59:14.534, 21009
2026/09/26 17:59:15.034, 21009
2026/09/26 17:59:15.534, 21009
2026/09/26 17:59:16.034, 21009
2026/09/26 17:59:16.535, 21009
2026/09/26 17:59:17.035, 21009
2026/09/26 17:59:17.535, 21009
2026/09/26 17:59:18.035, 21009
2026/09/26 17:59:18.535, 21009
2026/09/26 17:59:19.035, 21009
2026/09/26 17:59:19.535, 21009
2026/09/26 17:59:20.035, 21009
2026/09/26 17:59:20.536, 21009
2026/09/26 17:59:21.036, 21009
2026/09/26 17:59:21.536, 21009
2026/09/26 17:59:22.036, 21009
2026/09/26 17:59:22.536, 21009
2026/09/26 17:59:23.037, 21009
2026/09/26 17:59:23.537, 21009
2026/09/26 17:59:24.037, 21009
2026/09/26 17:59:24.537, 21009
2026/09/26 17:59:25.037, 21009
2026/09/26 17:59:25.537, 21009
2026/09/26 17:59:26.037, 21009
2026/09/26 17:59:26.538, 21009
2026/09/26 17:59:27.038, 21009
2026/09/26 17:59:27.538, 21009
2026/09/26 17:59:28.038, 21009
2026/09/26 17:59:28.538, 21009
2026/09/26 17:59:29.038, 21009
2026/09/26 17:59:29.538, 21009
2026/09/26 17:59:30.039, 21009
2026/09/26 17:59:30.539, 21009
2026/09/26 17:59:31.039, 21009
2026/09/26 17:59:31.539, 21009
2026/09/26 17:59:32.039, 21009
2026/09/26 17:59:32.539, 21009
2026/09/26 17:59:33.039, 21009
2026/09/26 17:59:33.539, 21009
2026/09/26 17:59:34.040, 21009
2026/09/26 17:59:34.540, 21009
2026/09/26 17:59:35.040, 21009
2026/09/26 17:59:35.540, 21009
2026/09/26 17:59:36.040, 21009
2026/09/26 17:59:36.540, 21009
2026/09/26 17:59:37.040, 21009
2026/09/26 17:59:37.541, 21009
2026/09/26 17:59:38.041, 21009
2026/09/26 17:59:38.541, 21009
2026/09/26 17:59:39.041, 21009
2026/09/26 17:59:39.541, 21009
2026/09/26 17:59:40.041, 21009
2026/09/26 17:59:40.542, 21009
2026/09/26 17:59:41.042, 21009
2026/09/26 17:59:41.542, 21009
2026/09/26 17:59:42.042, 21009
2026/09/26 17:59:42.542, 21009
2026/09/26 17:59:43.042, 21009
2026/09/26 17:59:43.542, 21009
2026/09/26 17:59:44.043, 21009
2026/09/26 17:59:44.543, 21009
2026/09/26 17:59:45.043, 21009
2026/09/26 17:59:45.543, 21009
2026/09/26 17:59:46.043, 21009
2026/09/26 17:59:46.543, 21009
2026/09/26 17:59:47.043, 21009
2026/09/26 17:59:47.544, 21009
2026/09/26 17:59:48.044, 21009
2026/09/26 17:59:48.544, 21009
2026/09/26 17:59:49.044, 21009
2026/09/26 17:59:49.544, 21009
2026/09/26 17:59:50.044, 21009
2026/09/26 17:59:50.545, 21009
2026/09/26 17:59:51.045, 21009
2026/09/26 17:59:51.545, 21009
2026/09/26 17:59:52.045, 21009
2026/09/26 17:59:52.545, 21009
2026/09/26 17:59:53.045, 21009
2026/09/26 17:59:53.545, 21009
2026/09/26 17:59:54.046, 21009
2026/09/26 17:59:54.546, 21009
2026/09/26 17:59:55.046, 21009
2026/09/26 17:59:55.546, 21009
2026/09/26 17:59:56.046, 21009
2026/09/26 17:59:56.546, 21009
2026/09/26 17:59:57.047, 21009
2026/09/26 17:59:57.547, 21009
2026/09/26 17:59:58.047, 21009
2026/09/26 17:59:58.547, 21009
2026/09/26 17:59:59.047, 21009
2026/09/26 17:59:59.547, 21009
2026/09/26 18:00:00.047, 21009
2026/09/26 18:00:00.547, 21009
2026/09/26 18:00:01.048, 21009
2026/09/26 18:00:01.548, 21009
2026/09/26 18:00:02.048, 21009
2026/09/26 18:00:02.548, 21009
2026/09/26 18:00:03.048, 21009
2026/09/26 18:00:03.548, 21009
2026/09/26 18:00:04.049, 21009
2026/09/26 18:00:04.549, 21009
2026/09/26 18:00:05.049, 21009
2026/09/26 18:00:05.549, 21009
2026/09/26 18:00:06.049, 21009
2026/09/26 18:00:06.549, 21009
2026/09/26 18:00:07.049, 21009
2026/09/26 18:00:07.550, 21009
2026/09/26 18:00:08.050, 21009
2026/09/26 18:00:08.550, 21009
2026/09/26 18:00:09.050, 21009
2026/09/26 18:00:09.550, 21009
2026/09/26 18:00:10.050, 21009
2026/09/26 18:00:10.550, 21009
2026/09/26 18:00:11.050, 21009
2026/09/26 18:00:11.551, 21009
2026/09/26 18:00:12.051, 21009
2026/09/26 18:00:12.551, 21009
2026/09/26 18:00:13.051, 21009
2026/09/26 18:00:13.551, 21009
2026/09/26 18:00:14.051, 21009
2026/09/26 18:00:14.552, 21009
2026/09/26 18:00:15.052, 21009
2026/09/26 18:00:15.552, 21009
2026/09/26 18:00:16.052, 21009
2026/09/26 18:00:16.552, 21009
2026/09/26 18:00:17.052, 21009
2026/09/26 18:00:17.553, 21009
2026/09/26 18:00:18.053, 21009
2026/09/26 18:00:18.553, 21009
2026/09/26 18:00:19.053, 21009
2026/09/26 18:00:19.553, 21009
2026/09/26 18:00:20.053, 21009
2026/09/26 18:00:20.553, 21009
2026/09/26 18:00:21.053, 21009
2026/09/26 18:00:21.554, 21009
2026/09/26 18:00:22.054, 21009
2026/09/26 18:00:22.554, 21009
2026/09/26 18:00:23.054, 21009
2026/09/26 18:00:23.554, 21009
2026/09/26 18:00:24.054, 21009
2026/09/26 18:00:24.554, 21009
2026/09/26 18:00:25.055, 21009
2026/09/26 18:00:25.555, 21009
2026/09/26 18:00:26.055, 21009
2026/09/26 18:00:26.555, 21009
2026/09/26 18:00:27.055, 21009
2026/09/26 18:00:27.555, 21009
2026/09/26 18:00:28.055, 21009
2026/09/26 18:00:28.555, 21009
2026/09/26 18:00:29.055, 21009
2026/09/26 18:00:29.556, 21009
2026/09/26 18:00:30.056, 21009
2026/09/26 18:00:30.556, 21009
2026/09/26 18:00:31.056, 21009
2026/09/26 18:00:31.556, 21009
2026/09/26 18:00:32.056, 21009
2026/09/26 18:00:32.556, 21009
2026/09/26 18:00:33.056, 21009
2026/09/26 18:00:33.556, 21009
2026/09/26 18:00:34.057, 21009
2026/09/26 18:00:34.557, 21009
2026/09/26 18:00:35.057, 21009
2026/09/26 18:00:35.557, 21009
2026/09/26 18:00:36.057, 21009
2026/09/26 18:00:36.558, 21009
2026/09/26 18:00:37.058, 21009
2026/09/26 18:00:37.558, 21009
2026/09/26 18:00:38.058, 21009
2026/09/26 18:00:38.558, 21009
2026/09/26 18:00:39.058, 21009
2026/09/26 18:00:39.558, 21009
2026/09/26 18:00:40.058, 21009
2026/09/26 18:00:40.559, 21009
2026/09/26 18:00:41.059, 21009
2026/09/26 18:00:41.559, 21009
2026/09/26 18:00:42.059, 21009
2026/09/26 18:00:42.559, 21009
2026/09/26 18:00:43.059, 21009
2026/09/26 18:00:43.559, 21009
2026/09/26 18:00:44.060, 21009
2026/09/26 18:00:44.560, 21009
2026/09/26 18:00:45.060, 21009
2026/09/26 18:00:45.560, 21009
2026/09/26 18:00:46.060, 21009
2026/09/26 18:00:46.560, 21009
2026/09/26 18:00:47.060, 21009
2026/09/26 18:00:47.561, 21009
2026/09/26 18:00:48.061, 21009
2026/09/26 18:00:48.561, 21009
2026/09/26 18:00:49.061, 21009
2026/09/26 18:00:49.561, 21009
2026/09/26 18:00:50.061, 21009
2026/09/26 18:00:50.562, 21009
2026/09/26 18:00:51.062, 21009
2026/09/26 18:00:51.562, 21009
2026/09/26 18:00:52.062, 21009
2026/09/26 18:00:52.562, 21009
2026/09/26 18:00:53.062, 21009
2026/09/26 18:00:53.562, 21009
2026/09/26 18:00:54.063, 21009
2026/09/26 18:00:54.563, 21009
2026/09/26 18:00:55.063, 21009
2026/09/26 18:00:55.563, 21009
2026/09/26 18:00:56.063, 21009
2026/09/26 18:00:56.563, 21009
2026/09/26 18:00:57.063, 21009
2026/09/26 18:00:57.564, 21009
2026/09/26 18:00:58.064, 21009
2026/09/26 18:00:58.564, 21009
2026/09/26 18:00:59.064, 21009
2026/09/26 18:00:59.564, 21009
2026/09/26 18:01:00.064, 21009
2026/09/26 18:01:00.564, 21009
2026/09/26 18:01:01.065, 21009
2026/09/26 18:01:01.565, 21009
2026/09/26 18:01:02.065, 21009
2026/09/26 18:01:02.565, 21009
2026/09/26 18:01:03.065, 21009
2026/09/26 18:01:03.565, 21009
2026/09/26 18:01:04.065, 21009
2026/09/26 18:01:04.566, 21009
2026/09/26 18:01:05.066, 21009
2026/09/26 18:01:05.566, 21009
2026/09/26 18:01:06.066, 21009
2026/09/26 18:01:06.566, 21009
2026/09/26 18:01:07.066, 21009
2026/09/26 18:01:07.566, 21009
2026/09/26 18:01:08.066, 21009
2026/09/26 18:01:08.567, 21009
2026/09/26 18:01:09.067, 21009
2026/09/26 18:01:09.567, 21009
2026/09/26 18:01:10.067, 21009
2026/09/26 18:01:10.567, 21009
2026/09/26 18:01:11.067, 21009
2026/09/26 18:01:11.567, 21009
2026/09/26 18:01:12.068, 21009
2026/09/26 18:01:12.568, 21009
2026/09/26 18:01:13.068, 21009
2026/09/26 18:01:13.568, 21009
2026/09/26 18:01:14.068, 21009
2026/09/26 18:01:14.568, 21009
2026/09/26 18:01:15.069, 21009
2026/09/26 18:01:15.569, 21009
2026/09/26 18:01:16.069, 21009
2026/09/26 18:01:16.569, 21009
2026/09/26 18:01:17.069, 21009
2026/09/26 18:01:17.569, 21009
2026/09/26 18:01:18.070, 21009
2026/09/26 18:01:18.570, 21009
2026/09/26 18:01:19.070, 21009
2026/09/26 18:01:19.570, 21009
2026/09/26 18:01:20.070, 21009
2026/09/26 18:01:20.570, 21009
2026/09/26 18:01:21.071, 21009
2026/09/26 18:01:21.571, 21009
2026/09/26 18:01:22.071, 21009
2026/09/26 18:01:22.571, 21009
2026/09/26 18:01:23.071, 21009
2026/09/26 18:01:23.571, 21009
2026/09/26 18:01:24.071, 21009
2026/09/26 18:01:24.572, 21009
2026/09/26 18:01:25.072, 21009
2026/09/26 18:01:25.572, 21009
2026/09/26 18:01:26.072, 21009
2026/09/26 18:01:26.572, 21009
2026/09/26 18:01:27.072, 21009
2026/09/26 18:01:27.573, 21009
2026/09/26 18:01:28.073, 21009
2026/09/26 18:01:28.573, 21009
2026/09/26 18:01:29.073, 21009
2026/09/26 18:01:29.582, 21009
2026/09/26 18:01:30.082, 21009
2026/09/26 18:01:30.582, 21009
2026/09/26 18:01:31.082, 21009
2026/09/26 18:01:31.583, 21009
2026/09/26 18:01:32.083, 21009
2026/09/26 18:01:32.583, 21009
2026/09/26 18:01:33.083, 21009
2026/09/26 18:01:33.583, 21009
2026/09/26 18:01:34.083, 21009
2026/09/26 18:01:34.584, 21009
2026/09/26 18:01:35.084, 21009
2026/09/26 18:01:35.584, 21009
2026/09/26 18:01:36.084, 21009
2026/09/26 18:01:36.584, 21009
2026/09/26 18:01:37.084, 21009
2026/09/26 18:01:37.584, 21009
2026/09/26 18:01:38.085, 21009
2026/09/26 18:01:38.585, 21009
2026/09/26 18:01:39.085, 21009
2026/09/26 18:01:39.585, 21009
2026/09/26 18:01:40.085, 21009
2026/09/26 18:01:40.585, 21009
2026/09/26 18:01:41.085, 21009
2026/09/26 18:01:41.586, 21009
2026/09/26 18:01:42.086, 21009
2026/09/26 18:01:42.586, 21009
2026/09/26 18:01:43.086, 21009
2026/09/26 18:01:43.586, 21009
2026/09/26 18:01:44.086, 21009
2026/09/26 18:01:44.587, 21009
2026/09/26 18:01:45.087, 21009
2026/09/26 18:01:45.587, 21009
2026/09/26 18:01:46.087, 21009
2026/09/26 18:01:46.587, 21009
2026/09/26 18:01:47.087, 21009
2026/09/26 18:01:47.588, 21009
2026/09/26 18:01:48.088, 21009
2026/09/26 18:01:48.588, 21009
2026/09/26 18:01:49.088, 21009
2026/09/26 18:01:49.588, 21009
2026/09/26 18:01:50.088, 21009
2026/09/26 18:01:50.589, 21009
2026/09/26 18:01:51.089, 21009
2026/09/26 18:01:51.589, 21009
2026/09/26 18:01:52.089, 21009
2026/09/26 18:01:52.589, 21009
2026/09/26 18:01:53.089, 21009
2026/09/26 18:01:53.590, 21009
2026/09/26 18:01:54.090, 21009
2026/09/26 18:01:54.590, 21009
2026/09/26 18:01:55.090, 21009
2026/09/26 18:01:55.590, 21009
2026/09/26 18:01:56.090, 21009
2026/09/26 18:01:56.590, 21009
2026/09/26 18:01:57.091, 21009
2026/09/26 18:01:57.591, 21009
2026/09/26 18:01:58.091, 21009
2026/09/26 18:01:58.591, 21009
2026/09/26 18:01:59.091, 21009
2026/09/26 18:01:59.591, 21009
2026/09/26 18:02:00.091, 21009
2026/09/26 18:02:00.592, 21009
2026/09/26 18:02:01.092, 21009
2026/09/26 18:02:01.592, 21009
2026/09/26 18:02:02.092, 21009
2026/09/26 18:02:02.592, 21009
2026/09/26 18:02:03.092, 21009
2026/09/26 18:02:03.593, 21009
2026/09/26 18:02:04.093, 21009
2026/09/26 18:02:04.593, 21009
2026/09/26 18:02:05.093, 21009
2026/09/26 18:02:05.593, 21009
2026/09/26 18:02:06.093, 21009
2026/09/26 18:02:06.594, 21009
2026/09/26 18:02:07.094, 21009
2026/09/26 18:02:07.594, 21009
2026/09/26 18:02:08.094, 21009
2026/09/26 18:02:08.594, 21009
2026/09/26 18:02:09.094, 21009
2026/09/26 18:02:09.594, 21009
2026/09/26 18:02:10.094, 21009
2026/09/26 18:02:10.595, 21009
2026/09/26 18:02:11.095, 21009
2026/09/26 18:02:11.595, 21009
2026/09/26 18:02:12.095, 21009
2026/09/26 18:02:12.595, 21009
2026/09/26 18:02:13.095, 21009
2026/09/26 18:02:13.595, 21009
2026/09/26 18:02:14.095, 21009
2026/09/26 18:02:14.595, 21009
2026/09/26 18:02:15.096, 21009
2026/09/26 18:02:15.596, 21009
2026/09/26 18:02:16.096, 21009
2026/09/26 18:02:16.596, 21009
2026/09/26 18:02:17.096, 21009
2026/09/26 18:02:17.596, 21009
2026/09/26 18:02:18.096, 21009
2026/09/26 18:02:18.597, 21009
2026/09/26 18:02:19.097, 21009
2026/09/26 18:02:19.597, 21009
2026/09/26 18:02:20.097, 21009
2026/09/26 18:02:20.597, 21009
2026/09/26 18:02:21.097, 21009
2026/09/26 18:02:21.597, 21009
2026/09/26 18:02:22.097, 21009
2026/09/26 18:02:22.598, 21009
2026/09/26 18:02:23.098, 21009
2026/09/26 18:02:23.598, 21009
2026/09/26 18:02:24.098, 21009
2026/09/26 18:02:24.598, 21009
2026/09/26 18:02:25.098, 21009
2026/09/26 18:02:25.598, 21009
2026/09/26 18:02:26.098, 21009
2026/09/26 18:02:26.599, 21009
2026/09/26 18:02:27.099, 21009
2026/09/26 18:02:27.599, 21009
2026/09/26 18:02:28.099, 21009
2026/09/26 18:02:28.599, 21009
2026/09/26 18:02:29.099, 21009
2026/09/26 18:02:29.600, 21009
2026/09/26 18:02:30.100, 21009
2026/09/26 18:02:30.600, 21009
2026/09/26 18:02:31.100, 21009
2026/09/26 18:02:31.600, 21009
2026/09/26 18:02:32.100, 21009
2026/09/26 18:02:32.600, 21009
2026/09/26 18:02:33.101, 21009
2026/09/26 18:02:33.601, 21009
2026/09/26 18:02:34.101, 21009
2026/09/26 18:02:34.601, 21009
2026/09/26 18:02:35.101, 21009
2026/09/26 18:02:35.601, 21009
2026/09/26 18:02:36.102, 21009
2026/09/26 18:02:36.602, 21009
2026/09/26 18:02:37.102, 21009
2026/09/26 18:02:37.602, 21009
2026/09/26 18:02:38.102, 21009
2026/09/26 18:02:38.602, 21009
2026/09/26 18:02:39.103, 21009
2026/09/26 18:02:39.603, 21009
2026/09/26 18:02:40.103, 21009
2026/09/26 18:02:40.603, 21009
2026/09/26 18:02:41.103, 21009
2026/09/26 18:02:41.603, 21009
2026/09/26 18:02:42.104, 21009
2026/09/26 18:02:42.604, 21009
2026/09/26 18:02:43.104, 21009
2026/09/26 18:02:43.604, 21009
2026/09/26 18:02:44.104, 21009
2026/09/26 18:02:44.604, 21009
2026/09/26 18:02:45.104, 21009
2026/09/26 18:02:45.605, 21009
2026/09/26 18:02:46.105, 21009
2026/09/26 18:02:46.605, 21009
2026/09/26 18:02:47.105, 21009
2026/09/26 18:02:47.605, 21009
2026/09/26 18:02:48.105, 21009
2026/09/26 18:02:48.606, 21009
2026/09/26 18:02:49.106, 21009
2026/09/26 18:02:49.606, 21009
2026/09/26 18:02:50.106, 21009
2026/09/26 18:02:50.606, 21009
2026/09/26 18:02:51.106, 21009
2026/09/26 18:02:51.607, 21009
2026/09/26 18:02:52.107, 21009
2026/09/26 18:02:52.607, 21009
2026/09/26 18:02:53.107, 21009
2026/09/26 18:02:53.607, 21009
2026/09/26 18:02:54.107, 21009
2026/09/26 18:02:54.608, 21009
2026/09/26 18:02:55.108, 21009
2026/09/26 18:02:55.608, 21009
2026/09/26 18:02:56.108, 21009
2026/09/26 18:02:56.608, 21009
2026/09/26 18:02:57.108, 21009
2026/09/26 18:02:57.609, 21009
2026/09/26 18:02:58.109, 21009
2026/09/26 18:02:58.609, 21009
2026/09/26 18:02:59.109, 21009
2026/09/26 18:02:59.609, 21009
2026/09/26 18:03:00.109, 21009
2026/09/26 18:03:00.610, 21009
2026/09/26 18:03:01.110, 21009
2026/09/26 18:03:01.610, 21009
2026/09/26 18:03:02.110, 21009
2026/09/26 18:03:02.610, 21009
2026/09/26 18:03:03.110, 21009
2026/09/26 18:03:03.611, 21009
2026/09/26 18:03:04.111, 21009
2026/09/26 18:03:04.611, 21009
2026/09/26 18:03:05.112, 21009
2026/09/26 18:03:05.612, 21009
2026/09/26 18:03:06.112, 21009
2026/09/26 18:03:06.612, 21009
2026/09/26 18:03:07.112, 21009
2026/09/26 18:03:07.612, 21009
2026/09/26 18:03:08.112, 21009
2026/09/26 18:03:08.613, 21009
2026/09/26 18:03:09.113, 21009
2026/09/26 18:03:09.613, 21009
2026/09/26 18:03:10.113, 21009
2026/09/26 18:03:10.613, 21009
2026/09/26 18:03:11.113, 21009
2026/09/26 18:03:11.613, 21009
2026/09/26 18:03:12.114, 21009
2026/09/26 18:03:12.614, 21009
2026/09/26 18:03:13.114, 21009
2026/09/26 18:03:13.614, 21009
2026/09/26 18:03:14.114, 21009
2026/09/26 18:03:14.614, 21009
2026/09/26 18:03:15.114, 21009
2026/09/26 18:03:15.615, 21009
2026/09/26 18:03:16.115, 21009
2026/09/26 18:03:16.615, 21009
2026/09/26 18:03:17.115, 21009
2026/09/26 18:03:17.615, 21009
2026/09/26 18:03:18.115, 21009
2026/09/26 18:03:18.616, 21009
2026/09/26 18:03:19.116, 21009
2026/09/26 18:03:19.616, 21009
2026/09/26 18:03:20.116, 21009
2026/09/26 18:03:20.616, 21009
2026/09/26 18:03:21.116, 21009
2026/09/26 18:03:21.616, 21009
2026/09/26 18:03:22.117, 21009
2026/09/26 18:03:22.617, 21009
2026/09/26 18:03:23.117, 21009
2026/09/26 18:03:23.617, 21009
2026/09/26 18:03:24.117, 21009
2026/09/26 18:03:24.617, 21009
2026/09/26 18:03:25.118, 21009
2026/09/26 18:03:25.618, 21009
2026/09/26 18:03:26.118, 21009
2026/09/26 18:03:26.618, 21009
2026/09/26 18:03:27.118, 21009
2026/09/26 18:03:27.618, 21009
2026/09/26 18:03:28.119, 21009
2026/09/26 18:03:28.619, 21009
2026/09/26 18:03:29.119, 21009
2026/09/26 18:03:29.619, 21009
2026/09/26 18:03:30.119, 21009
2026/09/26 18:03:30.619, 21009
2026/09/26 18:03:31.119, 21009
2026/09/26 18:03:31.620, 21009
2026/09/26 18:03:32.120, 21009
2026/09/26 18:03:32.620, 21009
2026/09/26 18:03:33.120, 21009
2026/09/26 18:03:33.620, 21009
2026/09/26 18:03:34.120, 21009
2026/09/26 18:03:34.620, 21009
2026/09/26 18:03:35.121, 21009
2026/09/26 18:03:35.621, 21009
2026/09/26 18:03:36.121, 21009
2026/09/26 18:03:36.621, 21009
2026/09/26 18:03:37.121, 21009
2026/09/26 18:03:37.621, 21009
2026/09/26 18:03:38.122, 21009
2026/09/26 18:03:38.622, 21009
2026/09/26 18:03:39.122, 21009
2026/09/26 18:03:39.622, 21009
2026/09/26 18:03:40.122, 21009
2026/09/26 18:03:40.622, 21009
2026/09/26 18:03:41.123, 21009
2026/09/26 18:03:41.623, 21009
2026/09/26 18:03:42.123, 21009
2026/09/26 18:03:42.623, 21009
2026/09/26 18:03:43.123, 21009
2026/09/26 18:03:43.623, 21009
2026/09/26 18:03:44.123, 21009
2026/09/26 18:03:44.624, 21009
2026/09/26 18:03:45.124, 21009
2026/09/26 18:03:45.624, 21009
2026/09/26 18:03:46.124, 21009
2026/09/26 18:03:46.624, 21009
2026/09/26 18:03:47.124, 21009
2026/09/26 18:03:47.625, 21009
2026/09/26 18:03:48.125, 21009
2026/09/26 18:03:48.625, 21009
2026/09/26 18:03:49.125, 21009
2026/09/26 18:03:49.626, 21009
2026/09/26 18:03:50.126, 21009
2026/09/26 18:03:50.626, 21009
2026/09/26 18:03:51.126, 21009
2026/09/26 18:03:51.626, 21009
2026/09/26 18:03:52.126, 21009
2026/09/26 18:03:52.626, 21009
2026/09/26 18:03:53.127, 21009
2026/09/26 18:03:53.627, 21009
2026/09/26 18:03:54.127, 21009
2026/09/26 18:03:54.627, 21009
2026/09/26 18:03:55.127, 21009
2026/09/26 18:03:55.627, 21009
2026/09/26 18:03:56.128, 21009
2026/09/26 18:03:56.628, 21009
2026/09/26 18:03:57.128, 21009
2026/09/26 18:03:57.628, 21009
2026/09/26 18:03:58.128, 21009
2026/09/26 18:03:58.628, 21009
2026/09/26 18:03:59.129, 21009
2026/09/26 18:03:59.629, 21009
2026/09/26 18:04:00.129, 21009
2026/09/26 18:04:00.629, 21009
2026/09/26 18:04:01.129, 21009
2026/09/26 18:04:01.629, 21009
2026/09/26 18:04:02.129, 21009
2026/09/26 18:04:02.630, 21009
2026/09/26 18:04:03.130, 21009
2026/09/26 18:04:03.630, 21009
2026/09/26 18:04:04.130, 21009
2026/09/26 18:04:04.630, 21009
2026/09/26 18:04:05.130, 21009
2026/09/26 18:04:05.631, 21009
2026/09/26 18:04:06.131, 21009
2026/09/26 18:04:06.631, 21009
2026/09/26 18:04:07.131, 21009
2026/09/26 18:04:07.632, 21009
2026/09/26 18:04:08.132, 21009
2026/09/26 18:04:08.632, 21009
2026/09/26 18:04:09.132, 21009
2026/09/26 18:04:09.632, 21009
2026/09/26 18:04:10.133, 21009
2026/09/26 18:04:10.633, 21009
2026/09/26 18:04:11.133, 21009
2026/09/26 18:04:11.633, 21009
2026/09/26 18:04:12.133, 21009
2026/09/26 18:04:12.634, 21009
2026/09/26 18:04:13.134, 21009
2026/09/26 18:04:13.634, 21009
2026/09/26 18:04:14.134, 21009
2026/09/26 18:04:14.634, 21009
2026/09/26 18:04:15.134, 21009
2026/09/26 18:04:15.635, 21009
2026/09/26 18:04:16.135, 21009
2026/09/26 18:04:16.635, 21009
2026/09/26 18:04:17.135, 21009
2026/09/26 18:04:17.635, 21009
2026/09/26 18:04:18.135, 21009
2026/09/26 18:04:18.636, 21009
2026/09/26 18:04:19.136, 21009
2026/09/26 18:04:19.636, 21009
2026/09/26 18:04:20.136, 21009
2026/09/26 18:04:20.636, 21009
2026/09/26 18:04:21.137, 21009
2026/09/26 18:04:21.637, 21009
2026/09/26 18:04:22.137, 21009
2026/09/26 18:04:22.637, 21009
2026/09/26 18:04:23.137, 21009
2026/09/26 18:04:23.637, 21009
2026/09/26 18:04:24.138, 21009
2026/09/26 18:04:24.638, 21009
2026/09/26 18:04:25.138, 21009
2026/09/26 18:04:25.638, 21009
2026/09/26 18:04:26.138, 21009
2026/09/26 18:04:26.638, 21009
2026/09/26 18:04:27.139, 21009
2026/09/26 18:04:27.639, 21009
2026/09/26 18:04:28.139, 21009
2026/09/26 18:04:28.639, 21009
2026/09/26 18:04:29.139, 21009
2026/09/26 18:04:29.639, 21009
2026/09/26 18:04:30.139, 21009
2026/09/26 18:04:30.640, 21009
2026/09/26 18:04:31.140, 21009
2026/09/26 18:04:31.640, 21009
2026/09/26 18:04:32.140, 21009
2026/09/26 18:04:32.640, 21009
2026/09/26 18:04:33.140, 21009
2026/09/26 18:04:33.641, 21009
2026/09/26 18:04:34.141, 21009
2026/09/26 18:04:34.641, 21009
2026/09/26 18:04:35.141, 21009
2026/09/26 18:04:35.641, 21009
2026/09/26 18:04:36.141, 21009
2026/09/26 18:04:36.642, 21009
2026/09/26 18:04:37.142, 21009
2026/09/26 18:04:37.642, 21009
2026/09/26 18:04:38.142, 21009
2026/09/26 18:04:38.642, 21009
2026/09/26 18:04:39.142, 21009
2026/09/26 18:04:39.643, 21009
2026/09/26 18:04:40.143, 21009
2026/09/26 18:04:40.643, 21009
2026/09/26 18:04:41.143, 21009
2026/09/26 18:04:41.643, 21009
2026/09/26 18:04:42.143, 21009
2026/09/26 18:04:42.643, 21009
2026/09/26 18:04:43.144, 21009
2026/09/26 18:04:43.644, 21009
2026/09/26 18:04:44.144, 21009
2026/09/26 18:04:44.644, 21009
2026/09/26 18:04:45.144, 21009
2026/09/26 18:04:45.645, 21009
2026/09/26 18:04:46.145, 21009
2026/09/26 18:04:46.645, 21009
2026/09/26 18:04:47.145, 21009
2026/09/26 18:04:47.645, 21009
2026/09/26 18:04:48.145, 21009
2026/09/26 18:04:48.646, 21009
2026/09/26 18:04:49.146, 21009
2026/09/26 18:04:49.646, 21009
2026/09/26 18:04:50.146, 21009
2026/09/26 18:04:50.646, 21009
2026/09/26 18:04:51.146, 21009
2026/09/26 18:04:51.646, 21009
2026/09/26 18:04:52.147, 21009
2026/09/26 18:04:52.647, 21009
2026/09/26 18:04:53.147, 21009
2026/09/26 18:04:53.647, 21009
2026/09/26 18:04:54.147, 21009
2026/09/26 18:04:54.647, 21009
2026/09/26 18:04:55.147, 21009
2026/09/26 18:04:55.648, 21009
2026/09/26 18:04:56.148, 21009
2026/09/26 18:04:56.648, 21009
2026/09/26 18:04:57.148, 21009
2026/09/26 18:04:57.648, 21009
2026/09/26 18:04:58.148, 21009
2026/09/26 18:04:58.648, 21009
2026/09/26 18:04:59.149, 21009
2026/09/26 18:04:59.649, 21009
2026/09/26 18:05:00.149, 21009
2026/09/26 18:05:00.649, 21009
2026/09/26 18:05:01.149, 21009
2026/09/26 18:05:01.649, 21009
2026/09/26 18:05:02.149, 21009
2026/09/26 18:05:02.650, 21009
2026/09/26 18:05:03.150, 21009
2026/09/26 18:05:03.650, 21009
2026/09/26 18:05:04.150, 21009
2026/09/26 18:05:04.650, 21009
2026/09/26 18:05:05.150, 21009
2026/09/26 18:05:05.650, 21009
2026/09/26 18:05:06.150, 21009
2026/09/26 18:05:06.651, 21009
2026/09/26 18:05:07.151, 21009
2026/09/26 18:05:07.651, 21009
2026/09/26 18:05:08.151, 21009
2026/09/26 18:05:08.651, 21009
2026/09/26 18:05:09.151, 21009
2026/09/26 18:05:09.651, 21009
2026/09/26 18:05:10.152, 21009
2026/09/26 18:05:10.652, 21009
2026/09/26 18:05:11.152, 21009
2026/09/26 18:05:11.652, 21009
2026/09/26 18:05:12.152, 21009
2026/09/26 18:05:12.652, 21009
2026/09/26 18:05:13.153, 21009
2026/09/26 18:05:13.653, 21009
2026/09/26 18:05:14.153, 21009
2026/09/26 18:05:14.653, 21009
2026/09/26 18:05:15.153, 21009
2026/09/26 18:05:15.653, 21009
2026/09/26 18:05:16.153, 21009
2026/09/26 18:05:16.654, 21009
2026/09/26 18:05:17.154, 21009
2026/09/26 18:05:17.654, 21009
2026/09/26 18:05:18.154, 21009
2026/09/26 18:05:18.654, 21009
2026/09/26 18:05:19.155, 21009
2026/09/26 18:05:19.655, 21009
2026/09/26 18:05:20.155, 21009
2026/09/26 18:05:20.655, 21009
2026/09/26 18:05:21.155, 21009
2026/09/26 18:05:21.655, 21009
2026/09/26 18:05:22.155, 21009
2026/09/26 18:05:22.656, 21009
2026/09/26 18:05:23.156, 21009
2026/09/26 18:05:23.656, 21009
2026/09/26 18:05:24.156, 21009
2026/09/26 18:05:24.656, 21009
2026/09/26 18:05:25.156, 21009
2026/09/26 18:05:25.657, 21009
2026/09/26 18:05:26.157, 21009
2026/09/26 18:05:26.657, 21009
2026/09/26 18:05:27.157, 21009
2026/09/26 18:05:27.657, 21009
2026/09/26 18:05:28.157, 21009
2026/09/26 18:05:28.658, 21009
2026/09/26 18:05:29.158, 21009
2026/09/26 18:05:29.658, 21009
2026/09/26 18:05:30.158, 21009
2026/09/26 18:05:30.658, 21009
2026/09/26 18:05:31.158, 21009
2026/09/26 18:05:31.658, 21009
2026/09/26 18:05:32.159, 21009
2026/09/26 18:05:32.659, 21009
2026/09/26 18:05:33.159, 21009
2026/09/26 18:05:33.659, 21009
2026/09/26 18:05:34.159, 21009
2026/09/26 18:05:34.659, 21009
2026/09/26 18:05:35.160, 21009
2026/09/26 18:05:35.660, 21009
2026/09/26 18:05:36.160, 21009
2026/09/26 18:05:36.660, 21009
2026/09/26 18:05:37.160, 21009
2026/09/26 18:05:37.660, 21009
2026/09/26 18:05:38.161, 21009
2026/09/26 18:05:38.661, 21009
2026/09/26 18:05:39.161, 21009
2026/09/26 18:05:39.661, 21009
2026/09/26 18:05:40.161, 21009
2026/09/26 18:05:40.661, 21009
2026/09/26 18:05:41.162, 21009
2026/09/26 18:05:41.662, 21009
2026/09/26 18:05:42.162, 21009
2026/09/26 18:05:42.662, 21009
2026/09/26 18:05:43.162, 21009
2026/09/26 18:05:43.662, 21009
2026/09/26 18:05:44.163, 21009
2026/09/26 18:05:44.663, 21009
2026/09/26 18:05:45.163, 21009
2026/09/26 18:05:45.663, 21009
2026/09/26 18:05:46.163, 21009
2026/09/26 18:05:46.663, 21009
2026/09/26 18:05:47.163, 21009
2026/09/26 18:05:47.664, 21009
2026/09/26 18:05:48.164, 21009
2026/09/26 18:05:48.664, 21009
2026/09/26 18:05:49.164, 21009
2026/09/26 18:05:49.664, 21009
2026/09/26 18:05:50.164, 21009
2026/09/26 18:05:50.665, 21009
2026/09/26 18:05:51.165, 21009
2026/09/26 18:05:51.665, 21009
2026/09/26 18:05:52.165, 21009
2026/09/26 18:05:52.665, 21009
2026/09/26 18:05:53.165, 21009
2026/09/26 18:05:53.665, 21009
2026/09/26 18:05:54.166, 21009
2026/09/26 18:05:54.666, 21009
2026/09/26 18:05:55.166, 21009
2026/09/26 18:05:55.666, 21009
2026/09/26 18:05:56.166, 21009
2026/09/26 18:05:56.666, 21009
2026/09/26 18:05:57.166, 21009
2026/09/26 18:05:57.667, 21009
2026/09/26 18:05:58.167, 21009
2026/09/26 18:05:58.667, 21009
2026/09/26 18:05:59.167, 21009
2026/09/26 18:05:59.667, 21009
2026/09/26 18:06:00.167, 21009
2026/09/26 18:06:00.668, 21009
2026/09/26 18:06:01.168, 21009
2026/09/26 18:06:01.668, 21009
2026/09/26 18:06:02.168, 21009
2026/09/26 18:06:02.668, 21009
2026/09/26 18:06:03.168, 21009
2026/09/26 18:06:03.669, 21009
2026/09/26 18:06:04.169, 21009
2026/09/26 18:06:04.669, 21009
2026/09/26 18:06:05.169, 21009
2026/09/26 18:06:05.669, 21009
2026/09/26 18:06:06.169, 21009
2026/09/26 18:06:06.669, 21009
2026/09/26 18:06:07.170, 21009
2026/09/26 18:06:07.670, 21009
2026/09/26 18:06:08.170, 21009
2026/09/26 18:06:08.670, 21009
2026/09/26 18:06:09.170, 21009
2026/09/26 18:06:09.670, 21009
2026/09/26 18:06:10.170, 21009
2026/09/26 18:06:10.671, 21009
2026/09/26 18:06:11.171, 21009
2026/09/26 18:06:11.671, 21009
2026/09/26 18:06:12.171, 21009
2026/09/26 18:06:12.671, 21009
2026/09/26 18:06:13.171, 21009
2026/09/26 18:06:13.671, 21009
2026/09/26 18:06:14.172, 21009
2026/09/26 18:06:14.672, 21009
2026/09/26 18:06:15.172, 21009
2026/09/26 18:06:15.672, 21009
2026/09/26 18:06:16.172, 21009
2026/09/26 18:06:16.672, 21009
2026/09/26 18:06:17.173, 21009
2026/09/26 18:06:17.673, 21009
2026/09/26 18:06:18.173, 21009
2026/09/26 18:06:18.673, 21009
2026/09/26 18:06:19.173, 21009
2026/09/26 18:06:19.673, 21009
2026/09/26 18:06:20.174, 21009
2026/09/26 18:06:20.674, 21009
2026/09/26 18:06:21.174, 21009
2026/09/26 18:06:21.674, 21009
2026/09/26 18:06:22.174, 21009
2026/09/26 18:06:22.674, 21009
2026/09/26 18:06:23.174, 21009
2026/09/26 18:06:23.675, 21009
2026/09/26 18:06:24.175, 21009
2026/09/26 18:06:24.675, 21009
2026/09/26 18:06:25.175, 21009
2026/09/26 18:06:25.675, 21009
2026/09/26 18:06:26.175, 21009
2026/09/26 18:06:26.676, 21009
2026/09/26 18:06:27.176, 21009
2026/09/26 18:06:27.676, 21009
2026/09/26 18:06:28.176, 21009
2026/09/26 18:06:28.676, 21009
2026/09/26 18:06:29.176, 21009
2026/09/26 18:06:29.676, 21009
2026/09/26 18:06:30.177, 21009
2026/09/26 18:06:30.677, 21009
2026/09/26 18:06:31.177, 21009
2026/09/26 18:06:31.677, 21009
2026/09/26 18:06:32.177, 21009
2026/09/26 18:06:32.677, 21009
2026/09/26 18:06:33.178, 21009
2026/09/26 18:06:33.678, 21009
2026/09/26 18:06:34.178, 21009
2026/09/26 18:06:34.678, 21009
2026/09/26 18:06:35.178, 21009
2026/09/26 18:06:35.678, 21009
2026/09/26 18:06:36.179, 21009
2026/09/26 18:06:36.679, 21009
2026/09/26 18:06:37.179, 21009
2026/09/26 18:06:37.679, 21009
2026/09/26 18:06:38.179, 21009
2026/09/26 18:06:38.679, 21009
2026/09/26 18:06:39.179, 21009
2026/09/26 18:06:39.680, 21009
2026/09/26 18:06:40.180, 21009
2026/09/26 18:06:40.680, 21009
2026/09/26 18:06:41.180, 21009
2026/09/26 18:06:41.680, 21009
2026/09/26 18:06:42.180, 21009
2026/09/26 18:06:42.680, 21009
2026/09/26 18:06:43.181, 21009
2026/09/26 18:06:43.681, 21009
2026/09/26 18:06:44.181, 21009
2026/09/26 18:06:44.681, 21009
2026/09/26 18:06:45.181, 21009
2026/09/26 18:06:45.681, 21009
2026/09/26 18:06:46.182, 21009
2026/09/26 18:06:46.682, 21009
2026/09/26 18:06:47.182, 21009
2026/09/26 18:06:47.682, 21009
2026/09/26 18:06:48.182, 21009
2026/09/26 18:06:48.682, 21009
2026/09/26 18:06:49.182, 21009
2026/09/26 18:06:49.683, 21009
2026/09/26 18:06:50.183, 21009
2026/09/26 18:06:50.683, 21009
2026/09/26 18:06:51.183, 21009
2026/09/26 18:06:51.683, 21009
2026/09/26 18:06:52.183, 21009
2026/09/26 18:06:52.684, 21009
2026/09/26 18:06:53.184, 21009
2026/09/26 18:06:53.684, 21009
2026/09/26 18:06:54.184, 21009
2026/09/26 18:06:54.684, 21009
2026/09/26 18:06:55.184, 21009
2026/09/26 18:06:55.685, 21009
2026/09/26 18:06:56.185, 21009
2026/09/26 18:06:56.685, 21009
2026/09/26 18:06:57.185, 21009
2026/09/26 18:06:57.685, 21009
2026/09/26 18:06:58.186, 21009
2026/09/26 18:06:58.686, 21009
2026/09/26 18:06:59.186, 21009
2026/09/26 18:06:59.686, 21009
2026/09/26 18:07:00.186, 21009
2026/09/26 18:07:00.686, 21009
2026/09/26 18:07:01.187, 21009
2026/09/26 18:07:01.687, 21009
2026/09/26 18:07:02.187, 21009
2026/09/26 18:07:02.687, 21009
2026/09/26 18:07:03.187, 21009
2026/09/26 18:07:03.687, 21009
2026/09/26 18:07:04.188, 21009
2026/09/26 18:07:04.688, 21009
2026/09/26 18:07:05.188, 21009
2026/09/26 18:07:05.688, 21009
2026/09/26 18:07:06.188, 21009
2026/09/26 18:07:06.688, 21009
2026/09/26 18:07:07.189, 21009
2026/09/26 18:07:07.689, 21009
2026/09/26 18:07:08.189, 21009
2026/09/26 18:07:08.689, 21009
2026/09/26 18:07:09.189, 21009
2026/09/26 18:07:09.689, 21009
2026/09/26 18:07:10.189, 21009
2026/09/26 18:07:10.690, 21009
2026/09/26 18:07:11.190, 21009
2026/09/26 18:07:11.690, 21009
2026/09/26 18:07:12.190, 21009
2026/09/26 18:07:12.690, 21009
2026/09/26 18:07:13.190, 21009
2026/09/26 18:07:13.691, 21009
2026/09/26 18:07:14.191, 21009
2026/09/26 18:07:14.691, 21009
2026/09/26 18:07:15.191, 21009
2026/09/26 18:07:15.691, 21009
2026/09/26 18:07:16.191, 21009
2026/09/26 18:07:16.691, 21009
2026/09/26 18:07:17.192, 21009
2026/09/26 18:07:17.692, 21009
2026/09/26 18:07:18.192, 21009
2026/09/26 18:07:18.692, 21009
2026/09/26 18:07:19.192, 21009
2026/09/26 18:07:19.692, 21009
2026/09/26 18:07:20.192, 21009
2026/09/26 18:07:20.693, 21009
2026/09/26 18:07:21.193, 21009
2026/09/26 18:07:21.693, 21009
2026/09/26 18:07:22.193, 21009
2026/09/26 18:07:22.693, 21009
2026/09/26 18:07:23.193, 21009
2026/09/26 18:07:23.694, 21009
2026/09/26 18:07:24.194, 21009
2026/09/26 18:07:24.694, 21009
2026/09/26 18:07:25.194, 21009
2026/09/26 18:07:25.694, 21009
2026/09/26 18:07:26.194, 21009
2026/09/26 18:07:26.694, 21009
2026/09/26 18:07:27.195, 21009
2026/09/26 18:07:27.695, 21009
2026/09/26 18:07:28.195, 21009
2026/09/26 18:07:28.695, 21009
2026/09/26 18:07:29.195, 21009
2026/09/26 18:07:29.695, 21009
2026/09/26 18:07:30.196, 21009
2026/09/26 18:07:30.696, 21009
2026/09/26 18:07:31.196, 21009
2026/09/26 18:07:31.696, 21009
2026/09/26 18:07:32.196, 21009
2026/09/26 18:07:32.697, 21009
2026/09/26 18:07:33.197, 21009
2026/09/26 18:07:33.697, 21009
2026/09/26 18:07:34.197, 21009
2026/09/26 18:07:34.697, 21009
2026/09/26 18:07:35.197, 21009
2026/09/26 18:07:35.697, 21009
2026/09/26 18:07:36.198, 21009
2026/09/26 18:07:36.698, 21009
2026/09/26 18:07:37.198, 21009
2026/09/26 18:07:37.698, 21009
2026/09/26 18:07:38.198, 21009
2026/09/26 18:07:38.698, 21009
2026/09/26 18:07:39.199, 21009
2026/09/26 18:07:39.699, 21009
2026/09/26 18:07:40.199, 21009
2026/09/26 18:07:40.699, 21009
2026/09/26 18:07:41.199, 21009
2026/09/26 18:07:41.699, 21009
2026/09/26 18:07:42.199, 21009
2026/09/26 18:07:42.700, 21009
2026/09/26 18:07:43.200, 21009
2026/09/26 18:07:43.700, 21009
2026/09/26 18:07:44.200, 21009
2026/09/26 18:07:44.700, 21009
2026/09/26 18:07:45.200, 21009
2026/09/26 18:07:45.700, 21009
2026/09/26 18:07:46.201, 21009
2026/09/26 18:07:46.701, 21009
2026/09/26 18:07:47.201, 21009
2026/09/26 18:07:47.701, 21009
2026/09/26 18:07:48.201, 21009
2026/09/26 18:07:48.701, 21009
2026/09/26 18:07:49.201, 21009
2026/09/26 18:07:49.702, 21009
2026/09/26 18:07:50.202, 21009
2026/09/26 18:07:50.702, 21009
2026/09/26 18:07:51.202, 21009
2026/09/26 18:07:51.702, 21009
2026/09/26 18:07:52.202, 21009
2026/09/26 18:07:52.703, 21009
2026/09/26 18:07:53.203, 21009
2026/09/26 18:07:53.703, 21009
2026/09/26 18:07:54.203, 21009
2026/09/26 18:07:54.703, 21009
2026/09/26 18:07:55.203, 21009
2026/09/26 18:07:55.703, 21009
2026/09/26 18:07:56.204, 21009
2026/09/26 18:07:56.704, 21009
2026/09/26 18:07:57.204, 21009
2026/09/26 18:07:57.704, 21009
2026/09/26 18:07:58.204, 21009
2026/09/26 18:07:58.704, 21009
2026/09/26 18:07:59.204, 21009
2026/09/26 18:07:59.705, 21009
2026/09/26 18:08:00.205, 21009
2026/09/26 18:08:00.705, 21009
2026/09/26 18:08:01.205, 21009
2026/09/26 18:08:01.705, 21009
2026/09/26 18:08:02.205, 21009
2026/09/26 18:08:02.705, 21009
2026/09/26 18:08:03.206, 21009
2026/09/26 18:08:03.706, 21009
2026/09/26 18:08:04.206, 21009
2026/09/26 18:08:04.706, 21009
2026/09/26 18:08:05.206, 21009
2026/09/26 18:08:05.706, 21009
2026/09/26 18:08:06.206, 21009
2026/09/26 18:08:06.707, 21009
2026/09/26 18:08:07.207, 21009
2026/09/26 18:08:07.707, 21009
2026/09/26 18:08:08.207, 21009
2026/09/26 18:08:08.707, 21009
2026/09/26 18:08:09.207, 21009
2026/09/26 18:08:09.707, 21009
2026/09/26 18:08:10.207, 21009
2026/09/26 18:08:10.708, 21009
2026/09/26 18:08:11.208, 21009
2026/09/26 18:08:11.708, 21009
2026/09/26 18:08:12.208, 21009
2026/09/26 18:08:12.708, 21009
2026/09/26 18:08:13.208, 21009
2026/09/26 18:08:13.708, 21009
2026/09/26 18:08:14.209, 21009
2026/09/26 18:08:14.709, 21009
2026/09/26 18:08:15.209, 21009
2026/09/26 18:08:15.709, 21009
2026/09/26 18:08:16.209, 21009
2026/09/26 18:08:16.709, 21009
2026/09/26 18:08:17.209, 21009
2026/09/26 18:08:17.710, 21009
2026/09/26 18:08:18.210, 21009
2026/09/26 18:08:18.710, 21009
2026/09/26 18:08:19.210, 21009
2026/09/26 18:08:19.710, 21009
2026/09/26 18:08:20.210, 21009
2026/09/26 18:08:20.710, 21009
2026/09/26 18:08:21.211, 21009
2026/09/26 18:08:21.711, 21009
2026/09/26 18:08:22.211, 21009
2026/09/26 18:08:22.711, 21009
2026/09/26 18:08:23.211, 21009
2026/09/26 18:08:23.711, 21009
2026/09/26 18:08:24.211, 21009
2026/09/26 18:08:24.711, 21009
2026/09/26 18:08:25.212, 21009
2026/09/26 18:08:25.712, 21009
2026/09/26 18:08:26.212, 21009
2026/09/26 18:08:26.712, 21009
2026/09/26 18:08:27.212, 21009
2026/09/26 18:08:27.712, 21009
2026/09/26 18:08:28.212, 21009
2026/09/26 18:08:28.712, 21009
2026/09/26 18:08:29.213, 21009
2026/09/26 18:08:29.713, 21009
2026/09/26 18:08:30.213, 21009
2026/09/26 18:08:30.713, 21009
2026/09/26 18:08:31.213, 21009
2026/09/26 18:08:31.713, 21009
2026/09/26 18:08:32.214, 21009
2026/09/26 18:08:32.714, 21009
2026/09/26 18:08:33.214, 21009
2026/09/26 18:08:33.714, 21009
2026/09/26 18:08:34.214, 21009
2026/09/26 18:08:34.714, 21009
2026/09/26 18:08:35.215, 21009
2026/09/26 18:08:35.715, 21009
2026/09/26 18:08:36.215, 21009
2026/09/26 18:08:36.715, 21009
2026/09/26 18:08:37.215, 21009
2026/09/26 18:08:37.715, 21009
2026/09/26 18:08:38.216, 21009
2026/09/26 18:08:38.716, 21009
2026/09/26 18:08:39.216, 21009
2026/09/26 18:08:39.716, 21009
2026/09/26 18:08:40.216, 21009
2026/09/26 18:08:40.716, 21009
2026/09/26 18:08:41.217, 21009
2026/09/26 18:08:41.717, 21009
2026/09/26 18:08:42.217, 21009
2026/09/26 18:08:42.717, 21009
2026/09/26 18:08:43.217, 21009
2026/09/26 18:08:43.717, 21009
2026/09/26 18:08:44.218, 21009
2026/09/26 18:08:44.718, 21009
2026/09/26 18:08:45.218, 21009
2026/09/26 18:08:45.718, 21009
2026/09/26 18:08:46.218, 21009
2026/09/26 18:08:46.718, 21009
2026/09/26 18:08:47.218, 21009
2026/09/26 18:08:47.719, 21009
2026/09/26 18:08:48.219, 21009
2026/09/26 18:08:48.719, 21009
2026/09/26 18:08:49.219, 21009
2026/09/26 18:08:49.719, 21009
2026/09/26 18:08:50.219, 21009
2026/09/26 18:08:50.719, 21009
2026/09/26 18:08:51.220, 21009
2026/09/26 18:08:51.720, 21009
2026/09/26 18:08:52.220, 21009
2026/09/26 18:08:52.720, 21009
2026/09/26 18:08:53.220, 21009
2026/09/26 18:08:53.720, 21009
2026/09/26 18:08:54.220, 21009
2026/09/26 18:08:54.721, 21009
2026/09/26 18:08:55.221, 21009
2026/09/26 18:08:55.721, 21009
2026/09/26 18:08:56.221, 21009
2026/09/26 18:08:56.721, 21009
2026/09/26 18:08:57.221, 21009
2026/09/26 18:08:57.722, 21217
2026/09/26 18:08:58.222, 21217
2026/09/26 18:08:58.722, 21217
2026/09/26 18:08:59.222, 21217
2026/09/26 18:08:59.722, 21217
2026/09/26 18:09:00.222, 21217
2026/09/26 18:09:00.722, 21217
2026/09/26 18:09:01.223, 21217
2026/09/26 18:09:01.723, 21217
2026/09/26 18:09:02.223, 21217
2026/09/26 18:09:02.723, 21217
2026/09/26 18:09:03.223, 21217
2026/09/26 18:09:03.723, 21217
2026/09/26 18:09:04.224, 21217
2026/09/26 18:09:04.724, 21217
2026/09/26 18:09:05.224, 21217
2026/09/26 18:09:05.724, 21217
2026/09/26 18:09:06.224, 21217
2026/09/26 18:09:06.724, 21217
2026/09/26 18:09:07.224, 21217
2026/09/26 18:09:07.725, 21217
2026/09/26 18:09:08.225, 21217
2026/09/26 18:09:08.725, 21217
2026/09/26 18:09:09.225, 21217
2026/09/26 18:09:09.725, 21217
2026/09/26 18:09:10.225, 21217
2026/09/26 18:09:10.726, 21217
2026/09/26 18:09:11.226, 21217
2026/09/26 18:09:11.726, 21217
2026/09/26 18:09:12.226, 21217
2026/09/26 18:09:12.726, 21217
2026/09/26 18:09:13.226, 21217
2026/09/26 18:09:13.726, 21217
2026/09/26 18:09:14.227, 21217
2026/09/26 18:09:14.727, 21217
2026/09/26 18:09:15.227, 21217
2026/09/26 18:09:15.727, 21217
2026/09/26 18:09:16.227, 21217
2026/09/26 18:09:16.727, 21217
2026/09/26 18:09:17.228, 21217
2026/09/26 18:09:17.728, 21217
2026/09/26 18:09:18.228, 21217
2026/09/26 18:09:18.728, 21217
2026/09/26 18:09:19.228, 21217
2026/09/26 18:09:19.728, 21217
2026/09/26 18:09:20.228, 21217
2026/09/26 18:09:20.729, 21217
2026/09/26 18:09:21.229, 21217
2026/09/26 18:09:21.729, 21217
2026/09/26 18:09:22.229, 21217
2026/09/26 18:09:22.729, 21217
2026/09/26 18:09:23.229, 21217
2026/09/26 18:09:23.729, 21217
2026/09/26 18:09:24.230, 21217
2026/09/26 18:09:24.730, 21217
2026/09/26 18:09:25.230, 21217
2026/09/26 18:09:25.730, 21217
2026/09/26 18:09:26.230, 21217
2026/09/26 18:09:26.730, 21217
2026/09/26 18:09:27.230, 21217
2026/09/26 18:09:27.731, 21217
2026/09/26 18:09:28.231, 21217
2026/09/26 18:09:28.731, 21217
2026/09/26 18:09:29.231, 21217
2026/09/26 18:09:29.731, 21217
2026/09/26 18:09:30.231, 21217
2026/09/26 18:09:30.731, 21217
2026/09/26 18:09:31.231, 21217
2026/09/26 18:09:31.732, 21217
2026/09/26 18:09:32.232, 21217
2026/09/26 18:09:32.732, 21217
2026/09/26 18:09:33.232, 21217
2026/09/26 18:09:33.732, 21217
2026/09/26 18:09:34.233, 21217
2026/09/26 18:09:34.733, 21217
2026/09/26 18:09:35.233, 21217
2026/09/26 18:09:35.733, 21217
2026/09/26 18:09:36.233, 21217
2026/09/26 18:09:36.733, 21217
2026/09/26 18:09:37.233, 21217
2026/09/26 18:09:37.734, 21217
2026/09/26 18:09:38.234, 21217
2026/09/26 18:09:38.734, 21217
2026/09/26 18:09:39.234, 21217
2026/09/26 18:09:39.734, 21217
2026/09/26 18:09:40.234, 21217
2026/09/26 18:09:40.734, 21217
2026/09/26 18:09:41.235, 21217
2026/09/26 18:09:41.735, 21217
2026/09/26 18:09:42.235, 21217
2026/09/26 18:09:42.735, 21217
2026/09/26 18:09:43.235, 21217
2026/09/26 18:09:43.735, 21217
2026/09/26 18:09:44.235, 21217
2026/09/26 18:09:44.736, 21217
2026/09/26 18:09:45.236, 21217
2026/09/26 18:09:45.736, 21217
2026/09/26 18:09:46.236, 21217
2026/09/26 18:09:46.736, 21217
2026/09/26 18:09:47.236, 21217
2026/09/26 18:09:47.737, 21217
2026/09/26 18:09:48.237, 21217
2026/09/26 18:09:48.737, 21217
2026/09/26 18:09:49.237, 21217
2026/09/26 18:09:49.737, 21217
2026/09/26 18:09:50.237, 21217
2026/09/26 18:09:50.738, 21217
2026/09/26 18:09:51.238, 21217
2026/09/26 18:09:51.738, 21217
2026/09/26 18:09:52.238, 21217
2026/09/26 18:09:52.738, 21217
2026/09/26 18:09:53.238, 21217
2026/09/26 18:09:53.738, 21217
2026/09/26 18:09:54.239, 21217
2026/09/26 18:09:54.739, 21217
2026/09/26 18:09:55.239, 21217
2026/09/26 18:09:55.739, 21217
2026/09/26 18:09:56.239, 21217
2026/09/26 18:09:56.739, 21217
2026/09/26 18:09:57.239, 21217
2026/09/26 18:09:57.740, 21217
2026/09/26 18:09:58.240, 21217
2026/09/26 18:09:58.740, 21217
2026/09/26 18:09:59.240, 21217
2026/09/26 18:09:59.740, 21217
2026/09/26 18:10:00.240, 21217
2026/09/26 18:10:00.740, 21217
2026/09/26 18:10:01.241, 21217
2026/09/26 18:10:01.741, 21217
2026/09/26 18:10:02.241, 21217
2026/09/26 18:10:02.741, 21217
2026/09/26 18:10:03.241, 21217
2026/09/26 18:10:03.741, 21217
2026/09/26 18:10:04.241, 21217
2026/09/26 18:10:04.742, 21217
2026/09/26 18:10:05.242, 21217
2026/09/26 18:10:05.742, 21217
2026/09/26 18:10:06.242, 21217
2026/09/26 18:10:06.742, 21217
2026/09/26 18:10:07.242, 21217
2026/09/26 18:10:07.742, 21217
2026/09/26 18:10:08.243, 21217
2026/09/26 18:10:08.743, 21217
2026/09/26 18:10:09.243, 21217
2026/09/26 18:10:09.743, 21217
2026/09/26 18:10:10.243, 21217
2026/09/26 18:10:10.743, 21217
2026/09/26 18:10:11.243, 21217
2026/09/26 18:10:11.744, 21217
2026/09/26 18:10:12.244, 21217
2026/09/26 18:10:12.744, 21217
2026/09/26 18:10:13.245, 21217
2026/09/26 18:10:13.745, 21217
2026/09/26 18:10:14.245, 21217
2026/09/26 18:10:14.745, 21217
2026/09/26 18:10:15.245, 21217
2026/09/26 18:10:15.745, 21217
2026/09/26 18:10:16.246, 21217
2026/09/26 18:10:16.746, 21217
2026/09/26 18:10:17.246, 21217
2026/09/26 18:10:17.746, 21217
2026/09/26 18:10:18.246, 21217
2026/09/26 18:10:18.746, 21217
2026/09/26 18:10:19.246, 21217
2026/09/26 18:10:19.747, 21217
2026/09/26 18:10:20.247, 21217
2026/09/26 18:10:20.747, 21217
2026/09/26 18:10:21.247, 21217
2026/09/26 18:10:21.747, 21217
2026/09/26 18:10:22.248, 21217
2026/09/26 18:10:22.748, 21217
2026/09/26 18:10:23.248, 21217
2026/09/26 18:10:23.748, 21217
2026/09/26 18:10:24.248, 21217
2026/09/26 18:10:24.748, 21217
2026/09/26 18:10:25.248, 21217
2026/09/26 18:10:25.749, 21217
2026/09/26 18:10:26.249, 21217
2026/09/26 18:10:26.749, 21217
2026/09/26 18:10:27.249, 21217
2026/09/26 18:10:27.749, 21217
2026/09/26 18:10:28.249, 21217
2026/09/26 18:10:28.750, 21217
2026/09/26 18:10:29.250, 21217
2026/09/26 18:10:29.750, 21217
2026/09/26 18:10:30.250, 21217
2026/09/26 18:10:30.750, 21217
2026/09/26 18:10:31.250, 21217
2026/09/26 18:10:31.750, 21217
2026/09/26 18:10:32.251, 21217
2026/09/26 18:10:32.751, 21217
2026/09/26 18:10:33.251, 21217
2026/09/26 18:10:33.751, 21217
2026/09/26 18:10:34.251, 21217
2026/09/26 18:10:34.751, 21217
2026/09/26 18:10:35.251, 21217
2026/09/26 18:10:35.752, 21217
2026/09/26 18:10:36.252, 21217
2026/09/26 18:10:36.752, 21217
2026/09/26 18:10:37.252, 21217
2026/09/26 18:10:37.752, 21217
2026/09/26 18:10:38.252, 21217
2026/09/26 18:10:38.753, 21217
2026/09/26 18:10:39.253, 21217
2026/09/26 18:10:39.753, 21217
2026/09/26 18:10:40.253, 21217
2026/09/26 18:10:40.753, 21217
2026/09/26 18:10:41.253, 21217
2026/09/26 18:10:41.753, 21217
2026/09/26 18:10:42.254, 21217
2026/09/26 18:10:42.754, 21217
2026/09/26 18:10:43.254, 21217
2026/09/26 18:10:43.754, 21217
2026/09/26 18:10:44.254, 21217
2026/09/26 18:10:44.754, 21217
2026/09/26 18:10:45.254, 21217
2026/09/26 18:10:45.755, 21217
2026/09/26 18:10:46.255, 21217
2026/09/26 18:10:46.755, 21217
2026/09/26 18:10:47.255, 21217
2026/09/26 18:10:47.755, 21217
2026/09/26 18:10:48.255, 21217
2026/09/26 18:10:48.755, 21217
2026/09/26 18:10:49.256, 21217
2026/09/26 18:10:49.756, 21217
2026/09/26 18:10:50.256, 21217
2026/09/26 18:10:50.757, 21217
2026/09/26 18:10:51.257, 21217
2026/09/26 18:10:51.757, 21217
2026/09/26 18:10:52.257, 21217
2026/09/26 18:10:52.757, 21217
2026/09/26 18:10:53.258, 21217
2026/09/26 18:10:53.758, 21217
2026/09/26 18:10:54.258, 21217
2026/09/26 18:10:54.758, 21217
2026/09/26 18:10:55.258, 21217
2026/09/26 18:10:55.758, 21217
2026/09/26 18:10:56.259, 21217
2026/09/26 18:10:56.759, 21217
2026/09/26 18:10:57.259, 21217
2026/09/26 18:10:57.759, 21217
2026/09/26 18:10:58.259, 21217
2026/09/26 18:10:58.759, 21217
2026/09/26 18:10:59.259, 21217
2026/09/26 18:10:59.760, 21217
2026/09/26 18:11:00.260, 21217
2026/09/26 18:11:00.760, 21217
2026/09/26 18:11:01.260, 21217
2026/09/26 18:11:01.760, 21217
2026/09/26 18:11:02.260, 21217
2026/09/26 18:11:02.761, 21217
2026/09/26 18:11:03.261, 21217
2026/09/26 18:11:03.761, 21217
2026/09/26 18:11:04.261, 21217
2026/09/26 18:11:04.761, 21217
2026/09/26 18:11:05.261, 21217
2026/09/26 18:11:05.761, 21217
2026/09/26 18:11:06.262, 21217
2026/09/26 18:11:06.762, 21217
2026/09/26 18:11:07.262, 21217
2026/09/26 18:11:07.762, 21217
2026/09/26 18:11:08.262, 21217
2026/09/26 18:11:08.762, 21217
2026/09/26 18:11:09.263, 21217
2026/09/26 18:11:09.763, 21217
2026/09/26 18:11:10.263, 21217
2026/09/26 18:11:10.763, 21217
2026/09/26 18:11:11.263, 21217
2026/09/26 18:11:11.764, 21217
2026/09/26 18:11:12.264, 21217
2026/09/26 18:11:12.764, 21217
2026/09/26 18:11:13.264, 21217
2026/09/26 18:11:13.764, 21217
2026/09/26 18:11:14.264, 21217
2026/09/26 18:11:14.765, 21217
2026/09/26 18:11:15.265, 21217
2026/09/26 18:11:15.765, 21217
2026/09/26 18:11:16.265, 21217
2026/09/26 18:11:16.765, 21217
2026/09/26 18:11:17.265, 21217
2026/09/26 18:11:17.765, 21217
2026/09/26 18:11:18.266, 21217
2026/09/26 18:11:18.766, 21217
2026/09/26 18:11:19.266, 21217
2026/09/26 18:11:19.766, 21217
2026/09/26 18:11:20.266, 21217
2026/09/26 18:11:20.766, 21217
2026/09/26 18:11:21.267, 21217
2026/09/26 18:11:21.767, 21217
2026/09/26 18:11:22.267, 21217
2026/09/26 18:11:22.767, 21217
2026/09/26 18:11:23.267, 21217
2026/09/26 18:11:23.767, 21217
2026/09/26 18:11:24.268, 21217
2026/09/26 18:11:24.768, 21217
2026/09/26 18:11:25.268, 21217
2026/09/26 18:11:25.768, 21217
2026/09/26 18:11:26.268, 21217
2026/09/26 18:11:26.768, 21217
2026/09/26 18:11:27.268, 21217
2026/09/26 18:11:27.769, 21217
2026/09/26 18:11:28.269, 21217
2026/09/26 18:11:28.769, 21217
2026/09/26 18:11:29.269, 21217
2026/09/26 18:11:29.769, 21217
2026/09/26 18:11:30.269, 21217
2026/09/26 18:11:30.770, 21217
2026/09/26 18:11:31.270, 21217
2026/09/26 18:11:31.770, 21217
2026/09/26 18:11:32.270, 21217
2026/09/26 18:11:32.770, 21217
2026/09/26 18:11:33.270, 21217
2026/09/26 18:11:33.771, 21217
2026/09/26 18:11:34.271, 21217
2026/09/26 18:11:34.771, 21217
2026/09/26 18:11:35.271, 21217
2026/09/26 18:11:35.771, 21217
2026/09/26 18:11:36.271, 21217
2026/09/26 18:11:36.771, 21217
2026/09/26 18:11:37.272, 21217
2026/09/26 18:11:37.772, 21217
2026/09/26 18:11:38.272, 21217
2026/09/26 18:11:38.772, 21217
2026/09/26 18:11:39.272, 21217
2026/09/26 18:11:39.773, 21217
2026/09/26 18:11:40.273, 21217
2026/09/26 18:11:40.773, 21217
2026/09/26 18:11:41.273, 21217
2026/09/26 18:11:41.773, 21217
2026/09/26 18:11:42.273, 21217
2026/09/26 18:11:42.773, 21217
2026/09/26 18:11:43.274, 21217
2026/09/26 18:11:43.774, 21217
2026/09/26 18:11:44.274, 21217
2026/09/26 18:11:44.774, 21217
2026/09/26 18:11:45.274, 21217
2026/09/26 18:11:45.774, 21217
2026/09/26 18:11:46.275, 21217
2026/09/26 18:11:46.775, 21217
2026/09/26 18:11:47.275, 21217
2026/09/26 18:11:47.775, 21217
2026/09/26 18:11:48.275, 21217
2026/09/26 18:11:48.775, 21217
2026/09/26 18:11:49.276, 21217
2026/09/26 18:11:49.776, 21217
2026/09/26 18:11:50.276, 21217
2026/09/26 18:11:50.776, 21217
2026/09/26 18:11:51.276, 21217
2026/09/26 18:11:51.777, 21217
2026/09/26 18:11:52.277, 21217
2026/09/26 18:11:52.777, 21217
2026/09/26 18:11:53.277, 21217
2026/09/26 18:11:53.777, 21217
2026/09/26 18:11:54.277, 21217
2026/09/26 18:11:54.778, 21217
2026/09/26 18:11:55.278, 21217
2026/09/26 18:11:55.778, 21217
2026/09/26 18:11:56.278, 21217
2026/09/26 18:11:56.778, 21217
2026/09/26 18:11:57.278, 21217
2026/09/26 18:11:57.778, 21217
2026/09/26 18:11:58.279, 21217
2026/09/26 18:11:58.779, 21217
2026/09/26 18:11:59.279, 21217
2026/09/26 18:11:59.779, 21217
2026/09/26 18:12:00.279, 21217
2026/09/26 18:12:00.779, 21217
2026/09/26 18:12:01.280, 21217
2026/09/26 18:12:01.780, 21217
2026/09/26 18:12:02.280, 21217
2026/09/26 18:12:02.780, 21217
2026/09/26 18:12:03.280, 21217
2026/09/26 18:12:03.780, 21217
2026/09/26 18:12:04.281, 21217
2026/09/26 18:12:04.781, 21217
2026/09/26 18:12:05.281, 21217
2026/09/26 18:12:05.781, 21217
2026/09/26 18:12:06.281, 21217
2026/09/26 18:12:06.781, 21217
2026/09/26 18:12:07.281, 21217
2026/09/26 18:12:07.782, 21217
2026/09/26 18:12:08.282, 21217
2026/09/26 18:12:08.782, 21217
2026/09/26 18:12:09.282, 21217
2026/09/26 18:12:09.782, 21217
2026/09/26 18:12:10.282, 21217
2026/09/26 18:12:10.783, 21217
2026/09/26 18:12:11.283, 21217
2026/09/26 18:12:11.783, 21217
2026/09/26 18:12:12.283, 21217
2026/09/26 18:12:12.783, 21217
2026/09/26 18:12:13.283, 21217
2026/09/26 18:12:13.784, 21217
2026/09/26 18:12:14.284, 21217
2026/09/26 18:12:14.784, 21217
2026/09/26 18:12:15.284, 21217
2026/09/26 18:12:15.784, 21217
2026/09/26 18:12:16.284, 21217
2026/09/26 18:12:16.784, 21217
2026/09/26 18:12:17.293, 21217
2026/09/26 18:12:17.793, 21217
2026/09/26 18:12:18.293, 21217
2026/09/26 18:12:18.793, 21217
2026/09/26 18:12:19.293, 21217
2026/09/26 18:12:19.793, 21217
2026/09/26 18:12:20.294, 21217
2026/09/26 18:12:20.794, 21217
2026/09/26 18:12:21.294, 21217
2026/09/26 18:12:21.794, 21217
2026/09/26 18:12:22.294, 21217
2026/09/26 18:12:22.794, 21217
2026/09/26 18:12:23.294, 21217
2026/09/26 18:12:23.795, 21217
2026/09/26 18:12:24.295, 21217
2026/09/26 18:12:24.795, 21217
2026/09/26 18:12:25.295, 21217
2026/09/26 18:12:25.795, 21217
2026/09/26 18:12:26.295, 21217
2026/09/26 18:12:26.795, 21217
2026/09/26 18:12:27.296, 21217
2026/09/26 18:12:27.796, 21217
2026/09/26 18:12:28.296, 21217
2026/09/26 18:12:28.796, 21217
2026/09/26 18:12:29.296, 21217
2026/09/26 18:12:29.796, 21217
2026/09/26 18:12:30.296, 21217
2026/09/26 18:12:30.797, 21217
2026/09/26 18:12:31.297, 21217
2026/09/26 18:12:31.797, 21217
2026/09/26 18:12:32.297, 21217
2026/09/26 18:12:32.797, 21217
2026/09/26 18:12:33.297, 21217
2026/09/26 18:12:33.797, 21217
2026/09/26 18:12:34.298, 21217
2026/09/26 18:12:34.798, 21217
2026/09/26 18:12:35.298, 21217
2026/09/26 18:12:35.798, 21217
2026/09/26 18:12:36.298, 21217
2026/09/26 18:12:36.798, 21217
2026/09/26 18:12:37.299, 21217
2026/09/26 18:12:37.799, 21217
2026/09/26 18:12:38.299, 21217
2026/09/26 18:12:38.799, 21217
2026/09/26 18:12:39.299, 21217
2026/09/26 18:12:39.799, 21217
2026/09/26 18:12:40.299, 21217
2026/09/26 18:12:40.800, 21217
2026/09/26 18:12:41.300, 21217
2026/09/26 18:12:41.800, 21217
2026/09/26 18:12:42.300, 21217
2026/09/26 18:12:42.800, 21217
2026/09/26 18:12:43.300, 21217
2026/09/26 18:12:43.800, 21217
2026/09/26 18:12:44.301, 21217
2026/09/26 18:12:44.801, 21217
2026/09/26 18:12:45.301, 21217
2026/09/26 18:12:45.801, 21217
2026/09/26 18:12:46.301, 21217
2026/09/26 18:12:46.801, 21217
2026/09/26 18:12:47.302, 21217
2026/09/26 18:12:47.802, 21217
2026/09/26 18:12:48.302, 21217
2026/09/26 18:12:48.802, 21217
2026/09/26 18:12:49.302, 21217
2026/09/26 18:12:49.802, 21217
2026/09/26 18:12:50.302, 21217
2026/09/26 18:12:50.803, 21217
2026/09/26 18:12:51.303, 21217
2026/09/26 18:12:51.803, 21217
2026/09/26 18:12:52.303, 21217
2026/09/26 18:12:52.803, 21217
2026/09/26 18:12:53.303, 21217
2026/09/26 18:12:53.803, 21217
2026/09/26 18:12:54.303, 21217
2026/09/26 18:12:54.804, 21217
2026/09/26 18:12:55.304, 21217
2026/09/26 18:12:55.804, 21217
2026/09/26 18:12:56.304, 21217
2026/09/26 18:12:56.804, 21217
2026/09/26 18:12:57.305, 21217
2026/09/26 18:12:57.805, 21217
2026/09/26 18:12:58.305, 21217
2026/09/26 18:12:58.805, 21217
2026/09/26 18:12:59.305, 21217
2026/09/26 18:12:59.805, 21217
2026/09/26 18:13:00.305, 21217
2026/09/26 18:13:00.806, 21217
2026/09/26 18:13:01.306, 21217
2026/09/26 18:13:01.806, 21217
2026/09/26 18:13:02.306, 21217
2026/09/26 18:13:02.806, 21217
2026/09/26 18:13:03.306, 21217
2026/09/26 18:13:03.806, 21217
2026/09/26 18:13:04.306, 21217
2026/09/26 18:13:04.807, 21217
2026/09/26 18:13:05.307, 21217
2026/09/26 18:13:05.807, 21217
2026/09/26 18:13:06.307, 21217
2026/09/26 18:13:06.807, 21217
2026/09/26 18:13:07.308, 21217
2026/09/26 18:13:07.808, 21217
2026/09/26 18:13:08.308, 21217
2026/09/26 18:13:08.808, 21217
2026/09/26 18:13:09.308, 21217
2026/09/26 18:13:09.808, 21217
2026/09/26 18:13:10.308, 21217
2026/09/26 18:13:10.809, 21217
2026/09/26 18:13:11.309, 21217
2026/09/26 18:13:11.809, 21217
2026/09/26 18:13:12.309, 21217
2026/09/26 18:13:12.809, 21217
2026/09/26 18:13:13.309, 21217
2026/09/26 18:13:13.809, 21217
2026/09/26 18:13:14.310, 21217
2026/09/26 18:13:14.810, 21217
2026/09/26 18:13:15.310, 21217
2026/09/26 18:13:15.810, 21217
2026/09/26 18:13:16.310, 21217
2026/09/26 18:13:16.810, 21217
2026/09/26 18:13:17.310, 21217
2026/09/26 18:13:17.810, 21217
2026/09/26 18:13:18.311, 21217
2026/09/26 18:13:18.811, 21217
2026/09/26 18:13:19.311, 21217
2026/09/26 18:13:19.811, 21217
2026/09/26 18:13:20.312, 21217
2026/09/26 18:13:20.812, 21217
2026/09/26 18:13:21.312, 21217
2026/09/26 18:13:21.812, 21217
2026/09/26 18:13:22.312, 21217
2026/09/26 18:13:22.812, 21217
2026/09/26 18:13:23.313, 21217
2026/09/26 18:13:23.813, 21217
2026/09/26 18:13:24.313, 21217
2026/09/26 18:13:24.813, 21217
2026/09/26 18:13:25.313, 21217
2026/09/26 18:13:25.813, 21217
2026/09/26 18:13:26.313, 21217
2026/09/26 18:13:26.814, 21217
2026/09/26 18:13:27.314, 21217
2026/09/26 18:13:27.814, 21217
2026/09/26 18:13:28.314, 21217
2026/09/26 18:13:28.814, 21217
2026/09/26 18:13:29.314, 21217
2026/09/26 18:13:29.815, 21217
2026/09/26 18:13:30.315, 21217
2026/09/26 18:13:30.815, 21217
2026/09/26 18:13:31.315, 21217
2026/09/26 18:13:31.815, 21217
2026/09/26 18:13:32.315, 21217
2026/09/26 18:13:32.815, 21217
2026/09/26 18:13:33.316, 21217
2026/09/26 18:13:33.816, 21217
2026/09/26 18:13:34.316, 21217
2026/09/26 18:13:34.816, 21217
2026/09/26 18:13:35.316, 21217
2026/09/26 18:13:35.816, 21217
2026/09/26 18:13:36.316, 21217
2026/09/26 18:13:36.816, 21217
2026/09/26 18:13:37.317, 21217
2026/09/26 18:13:37.817, 21217
2026/09/26 18:13:38.317, 21217
2026/09/26 18:13:38.817, 21217
2026/09/26 18:13:39.317, 21217
2026/09/26 18:13:39.818, 21217
2026/09/26 18:13:40.318, 21217
2026/09/26 18:13:40.818, 21217
2026/09/26 18:13:41.318, 21217
2026/09/26 18:13:41.818, 21217
2026/09/26 18:13:42.318, 21217
2026/09/26 18:13:42.818, 21217
2026/09/26 18:13:43.318, 21217
2026/09/26 18:13:43.819, 21217
2026/09/26 18:13:44.319, 21217
2026/09/26 18:13:44.819, 21217
2026/09/26 18:13:45.319, 21217
2026/09/26 18:13:45.819, 21217
2026/09/26 18:13:46.319, 21217
2026/09/26 18:13:46.819, 21217
2026/09/26 18:13:47.320, 21217
2026/09/26 18:13:47.820, 21217
2026/09/26 18:13:48.320, 21217
2026/09/26 18:13:48.820, 21217
2026/09/26 18:13:49.320, 21217
2026/09/26 18:13:49.820, 21217
2026/09/26 18:13:50.320, 21217
2026/09/26 18:13:50.821, 21217
2026/09/26 18:13:51.321, 21217
2026/09/26 18:13:51.821, 21217
2026/09/26 18:13:52.321, 21217
2026/09/26 18:13:52.821, 21217
2026/09/26 18:13:53.321, 21217
2026/09/26 18:13:53.821, 21217
2026/09/26 18:13:54.322, 21217
2026/09/26 18:13:54.822, 21217
2026/09/26 18:13:55.322, 21217
2026/09/26 18:13:55.822, 21217
2026/09/26 18:13:56.322, 21217
2026/09/26 18:13:56.822, 21217
2026/09/26 18:13:57.322, 21217
2026/09/26 18:13:57.823, 21217
2026/09/26 18:13:58.323, 21217
2026/09/26 18:13:58.823, 21217
2026/09/26 18:13:59.323, 21217
2026/09/26 18:13:59.823, 21217
2026/09/26 18:14:00.323, 21217
2026/09/26 18:14:00.823, 21217
2026/09/26 18:14:01.324, 21217
2026/09/26 18:14:01.824, 21217
2026/09/26 18:14:02.324, 21217
2026/09/26 18:14:02.824, 21217
2026/09/26 18:14:03.324, 21217
2026/09/26 18:14:03.824, 21217
2026/09/26 18:14:04.325, 21217
2026/09/26 18:14:04.825, 21217
2026/09/26 18:14:05.325, 21217
2026/09/26 18:14:05.825, 21217
2026/09/26 18:14:06.325, 21217
2026/09/26 18:14:06.825, 21217
2026/09/26 18:14:07.325, 21217
2026/09/26 18:14:07.826, 21217
2026/09/26 18:14:08.326, 21217
2026/09/26 18:14:08.826, 21217
2026/09/26 18:14:09.326, 21217
2026/09/26 18:14:09.826, 21217
2026/09/26 18:14:10.326, 21217
2026/09/26 18:14:10.826, 21217
2026/09/26 18:14:11.327, 21217
2026/09/26 18:14:11.827, 21217
2026/09/26 18:14:12.327, 21217
2026/09/26 18:14:12.827, 21217
2026/09/26 18:14:13.327, 21217
2026/09/26 18:14:13.827, 21217
2026/09/26 18:14:14.328, 21217
2026/09/26 18:14:14.828, 21217
2026/09/26 18:14:15.328, 21217
2026/09/26 18:14:15.828, 21217
2026/09/26 18:14:16.328, 21217
2026/09/26 18:14:16.828, 21217
2026/09/26 18:14:17.328, 21217
2026/09/26 18:14:17.829, 21217
2026/09/26 18:14:18.329, 21217
2026/09/26 18:14:18.829, 21217
2026/09/26 18:14:19.329, 21217
2026/09/26 18:14:19.829, 21217
2026/09/26 18:14:20.329, 21217
2026/09/26 18:14:20.830, 21217
2026/09/26 18:14:21.330, 21217
2026/09/26 18:14:21.830, 21217
2026/09/26 18:14:22.330, 21217
2026/09/26 18:14:22.830, 21217
2026/09/26 18:14:23.330, 21217
2026/09/26 18:14:23.830, 21217
2026/09/26 18:14:24.331, 21217
2026/09/26 18:14:24.831, 21217
2026/09/26 18:14:25.331, 21217
2026/09/26 18:14:25.831, 21217
2026/09/26 18:14:26.331, 21217
2026/09/26 18:14:26.831, 21217
2026/09/26 18:14:27.331, 21217
2026/09/26 18:14:27.831, 21217
2026/09/26 18:14:28.332, 21217
2026/09/26 18:14:28.832, 21217
2026/09/26 18:14:29.332, 21217
2026/09/26 18:14:29.832, 21217
2026/09/26 18:14:30.332, 21217
2026/09/26 18:14:30.832, 21217
2026/09/26 18:14:31.332, 21217
2026/09/26 18:14:31.833, 21217
2026/09/26 18:14:32.333, 21217
2026/09/26 18:14:32.833, 21217
2026/09/26 18:14:33.333, 21217
2026/09/26 18:14:33.833, 21217
2026/09/26 18:14:34.333, 21217
2026/09/26 18:14:34.833, 21217
2026/09/26 18:14:35.334, 21217
2026/09/26 18:14:35.834, 21217
2026/09/26 18:14:36.334, 21217
2026/09/26 18:14:36.834, 21217
2026/09/26 18:14:37.334, 21217
2026/09/26 18:14:37.834, 21217
2026/09/26 18:14:38.334, 21217
2026/09/26 18:14:38.835, 21217
2026/09/26 18:14:39.335, 21217
2026/09/26 18:14:39.835, 21217
2026/09/26 18:14:40.335, 21217
2026/09/26 18:14:40.835, 21217
2026/09/26 18:14:41.335, 21217
2026/09/26 18:14:41.835, 21217
2026/09/26 18:14:42.336, 21217
2026/09/26 18:14:42.836, 21217
2026/09/26 18:14:43.336, 21217
2026/09/26 18:14:43.836, 21217
2026/09/26 18:14:44.336, 21217
2026/09/26 18:14:44.836, 21217
2026/09/26 18:14:45.336, 21217
2026/09/26 18:14:45.837, 21217
2026/09/26 18:14:46.337, 21217
2026/09/26 18:14:46.837, 21217
2026/09/26 18:14:47.337, 21217
2026/09/26 18:14:47.837, 21217
2026/09/26 18:14:48.337, 21217
2026/09/26 18:14:48.838, 21217
2026/09/26 18:14:49.338, 21217
2026/09/26 18:14:49.838, 21217
2026/09/26 18:14:50.338, 21217
2026/09/26 18:14:50.838, 21217
2026/09/26 18:14:51.338, 21217
2026/09/26 18:14:51.838, 21217
2026/09/26 18:14:52.339, 21217
2026/09/26 18:14:52.839, 21217
2026/09/26 18:14:53.339, 21217
2026/09/26 18:14:53.839, 21217
2026/09/26 18:14:54.339, 21217
2026/09/26 18:14:54.839, 21217
2026/09/26 18:14:55.340, 21217
2026/09/26 18:14:55.840, 21217
2026/09/26 18:14:56.340, 21217
2026/09/26 18:14:56.840, 21217
2026/09/26 18:14:57.340, 21217
2026/09/26 18:14:57.840, 21217
2026/09/26 18:14:58.340, 21217
2026/09/26 18:14:58.841, 21217
2026/09/26 18:14:59.341, 21217
2026/09/26 18:14:59.841, 21217
2026/09/26 18:15:00.341, 21217
2026/09/26 18:15:00.841, 21217
2026/09/26 18:15:01.341, 21217
2026/09/26 18:15:01.842, 21217
2026/09/26 18:15:02.342, 21217
2026/09/26 18:15:02.842, 21217
2026/09/26 18:15:03.342, 21217
2026/09/26 18:15:03.842, 21217
2026/09/26 18:15:04.342, 21217
2026/09/26 18:15:04.842, 21217
2026/09/26 18:15:05.343, 21217
2026/09/26 18:15:05.843, 21217
2026/09/26 18:15:06.343, 21217
2026/09/26 18:15:06.843, 21217
2026/09/26 18:15:07.343, 21217
2026/09/26 18:15:07.843, 21217
2026/09/26 18:15:08.343, 21217
2026/09/26 18:15:08.844, 21217
2026/09/26 18:15:09.344, 21217
2026/09/26 18:15:09.844, 21217
2026/09/26 18:15:10.344, 21217
2026/09/26 18:15:10.844, 21217
2026/09/26 18:15:11.344, 21217
2026/09/26 18:15:11.844, 21217
2026/09/26 18:15:12.345, 21217
2026/09/26 18:15:12.845, 21217
2026/09/26 18:15:13.345, 21217
2026/09/26 18:15:13.845, 21217
2026/09/26 18:15:14.345, 21217
2026/09/26 18:15:14.845, 21217
2026/09/26 18:15:15.345, 21217
2026/09/26 18:15:15.845, 21217
2026/09/26 18:15:16.346, 21217
2026/09/26 18:15:16.846, 21217
2026/09/26 18:15:17.346, 21217
2026/09/26 18:15:17.846, 21217
2026/09/26 18:15:18.346, 21217
2026/09/26 18:15:18.846, 21217
2026/09/26 18:15:19.346, 21217
2026/09/26 18:15:19.847, 21217
2026/09/26 18:15:20.347, 21217
2026/09/26 18:15:20.847, 21217
2026/09/26 18:15:21.347, 21217
2026/09/26 18:15:21.847, 21217
2026/09/26 18:15:22.347, 21217
2026/09/26 18:15:22.847, 21217
2026/09/26 18:15:23.348, 21217
2026/09/26 18:15:23.848, 21217
2026/09/26 18:15:24.348, 21217
2026/09/26 18:15:24.848, 21217
2026/09/26 18:15:25.348, 21217
2026/09/26 18:15:25.849, 21217
2026/09/26 18:15:26.349, 21217
2026/09/26 18:15:26.849, 21217
2026/09/26 18:15:27.349, 21217
2026/09/26 18:15:27.849, 21217
2026/09/26 18:15:28.349, 21217
2026/09/26 18:15:28.849, 21217
2026/09/26 18:15:29.350, 21217
2026/09/26 18:15:29.850, 21217
2026/09/26 18:15:30.350, 21217
2026/09/26 18:15:30.850, 21217
2026/09/26 18:15:31.350, 21217
2026/09/26 18:15:31.850, 21217
2026/09/26 18:15:32.351, 21217
2026/09/26 18:15:32.851, 21217
2026/09/26 18:15:33.351, 21217
2026/09/26 18:15:33.851, 21217
2026/09/26 18:15:34.351, 21217
2026/09/26 18:15:34.851, 21217
2026/09/26 18:15:35.351, 21217
2026/09/26 18:15:35.851, 21217
2026/09/26 18:15:36.352, 21217
2026/09/26 18:15:36.852, 21217
2026/09/26 18:15:37.352, 21217
2026/09/26 18:15:37.852, 21217
2026/09/26 18:15:38.352, 21217
2026/09/26 18:15:38.852, 21217
2026/09/26 18:15:39.352, 21217
2026/09/26 18:15:39.853, 21217
2026/09/26 18:15:40.353, 21217
2026/09/26 18:15:40.853, 21217
2026/09/26 18:15:41.353, 21217
2026/09/26 18:15:41.853, 21217
2026/09/26 18:15:42.353, 21217
2026/09/26 18:15:42.853, 21217
2026/09/26 18:15:43.354, 21217
2026/09/26 18:15:43.854, 21217
2026/09/26 18:15:44.354, 21217
2026/09/26 18:15:44.854, 21217
2026/09/26 18:15:45.354, 21217
2026/09/26 18:15:45.854, 21217
2026/09/26 18:15:46.354, 21217
2026/09/26 18:15:46.855, 21217
2026/09/26 18:15:47.355, 21217
2026/09/26 18:15:47.855, 21217
2026/09/26 18:15:48.355, 21217
2026/09/26 18:15:48.855, 21217
2026/09/26 18:15:49.356, 21217
2026/09/26 18:15:49.856, 21217
2026/09/26 18:15:50.356, 21217
2026/09/26 18:15:50.856, 21217
2026/09/26 18:15:51.356, 21217
2026/09/26 18:15:51.856, 21217
2026/09/26 18:15:52.356, 21217
2026/09/26 18:15:52.857, 21217
2026/09/26 18:15:53.357, 21217
2026/09/26 18:15:53.857, 21217
2026/09/26 18:15:54.357, 21217
2026/09/26 18:15:54.857, 21217
2026/09/26 18:15:55.357, 21217
2026/09/26 18:15:55.857, 21217
2026/09/26 18:15:56.358, 21217
2026/09/26 18:15:56.858, 21217
2026/09/26 18:15:57.358, 21217
2026/09/26 18:15:57.858, 21217
2026/09/26 18:15:58.358, 21217
2026/09/26 18:15:58.858, 21217
2026/09/26 18:15:59.358, 21217
2026/09/26 18:15:59.859, 21217
2026/09/26 18:16:00.359, 21217
2026/09/26 18:16:00.859, 21217
2026/09/26 18:16:01.359, 21217
2026/09/26 18:16:01.859, 21217
2026/09/26 18:16:02.359, 21217
2026/09/26 18:16:02.859, 21217
2026/09/26 18:16:03.359, 21217
2026/09/26 18:16:03.860, 21217
2026/09/26 18:16:04.360, 21217
2026/09/26 18:16:04.860, 21217
2026/09/26 18:16:05.360, 21217
2026/09/26 18:16:05.860, 21217
2026/09/26 18:16:06.360, 21217
2026/09/26 18:16:06.861, 21217
2026/09/26 18:16:07.361, 21217
2026/09/26 18:16:07.861, 21217
2026/09/26 18:16:08.361, 21217
2026/09/26 18:16:08.861, 21217
2026/09/26 18:16:09.361, 21217
2026/09/26 18:16:09.861, 21217
2026/09/26 18:16:10.362, 21217
2026/09/26 18:16:10.862, 21217
2026/09/26 18:16:11.362, 21217
2026/09/26 18:16:11.862, 21217
2026/09/26 18:16:12.362, 21217
2026/09/26 18:16:12.862, 21217
2026/09/26 18:16:13.362, 21217
2026/09/26 18:16:13.863, 21217
2026/09/26 18:16:14.363, 21217
2026/09/26 18:16:14.863, 21217
2026/09/26 18:16:15.363, 21217
2026/09/26 18:16:15.863, 21217
2026/09/26 18:16:16.363, 21217
2026/09/26 18:16:16.863, 21217
2026/09/26 18:16:17.364, 21217
2026/09/26 18:16:17.864, 21217
2026/09/26 18:16:18.364, 21217
2026/09/26 18:16:18.864, 21217
2026/09/26 18:16:19.364, 21217
2026/09/26 18:16:19.864, 21217
2026/09/26 18:16:20.365, 21217
2026/09/26 18:16:20.865, 21217
2026/09/26 18:16:21.365, 21217
2026/09/26 18:16:21.865, 21217
2026/09/26 18:16:22.365, 21217
2026/09/26 18:16:22.865, 21217
2026/09/26 18:16:23.365, 21217
2026/09/26 18:16:23.866, 21217
2026/09/26 18:16:24.366, 21217
2026/09/26 18:16:24.866, 21217
2026/09/26 18:16:25.366, 21217
2026/09/26 18:16:25.866, 21217
2026/09/26 18:16:26.366, 21217
2026/09/26 18:16:26.866, 21217
2026/09/26 18:16:27.367, 21217
2026/09/26 18:16:27.867, 21217
2026/09/26 18:16:28.367, 21217
2026/09/26 18:16:28.867, 21217
2026/09/26 18:16:29.367, 21217
2026/09/26 18:16:29.867, 21217
2026/09/26 18:16:30.368, 21217
2026/09/26 18:16:30.868, 21217
2026/09/26 18:16:31.368, 21217
2026/09/26 18:16:31.868, 21217
2026/09/26 18:16:32.368, 21217
2026/09/26 18:16:32.869, 21217
2026/09/26 18:16:33.369, 21217
2026/09/26 18:16:33.869, 21217
2026/09/26 18:16:34.369, 21217
2026/09/26 18:16:34.869, 21217
2026/09/26 18:16:35.369, 21217
2026/09/26 18:16:35.869, 21217
2026/09/26 18:16:36.370, 21217
2026/09/26 18:16:36.870, 21217
2026/09/26 18:16:37.370, 21217
2026/09/26 18:16:37.870, 21217
2026/09/26 18:16:38.370, 21217
2026/09/26 18:16:38.870, 21217
2026/09/26 18:16:39.371, 21217
2026/09/26 18:16:39.871, 21217
2026/09/26 18:16:40.371, 21217
2026/09/26 18:16:40.871, 21217
2026/09/26 18:16:41.371, 21217
2026/09/26 18:16:41.871, 21217
2026/09/26 18:16:42.371, 21217
2026/09/26 18:16:42.872, 21217
2026/09/26 18:16:43.372, 21217
2026/09/26 18:16:43.872, 21217
2026/09/26 18:16:44.372, 21217
2026/09/26 18:16:44.872, 21217
2026/09/26 18:16:45.372, 21217
2026/09/26 18:16:45.873, 21217
2026/09/26 18:16:46.373, 21217
2026/09/26 18:16:46.873, 21217
2026/09/26 18:16:47.373, 21217
2026/09/26 18:16:47.873, 21217
2026/09/26 18:16:48.373, 21217
2026/09/26 18:16:48.874, 21217
2026/09/26 18:16:49.374, 21217
2026/09/26 18:16:49.874, 21217
2026/09/26 18:16:50.374, 21217
2026/09/26 18:16:50.874, 21217
2026/09/26 18:16:51.374, 21217
2026/09/26 18:16:51.874, 21217
2026/09/26 18:16:52.375, 21217
2026/09/26 18:16:52.875, 21217
2026/09/26 18:16:53.375, 21217
2026/09/26 18:16:53.875, 21217
2026/09/26 18:16:54.375, 21217
2026/09/26 18:16:54.876, 21217
2026/09/26 18:16:55.376, 21217
2026/09/26 18:16:55.876, 21217
2026/09/26 18:16:56.376, 21217
2026/09/26 18:16:56.876, 21217
2026/09/26 18:16:57.376, 21217
2026/09/26 18:16:57.877, 21217
2026/09/26 18:16:58.377, 21217
2026/09/26 18:16:58.877, 21217
2026/09/26 18:16:59.377, 21217
2026/09/26 18:16:59.877, 21217
2026/09/26 18:17:00.377, 21217
2026/09/26 18:17:00.878, 21217
2026/09/26 18:17:01.378, 21217
2026/09/26 18:17:01.878, 21217
2026/09/26 18:17:02.378, 21217
2026/09/26 18:17:02.878, 21217
2026/09/26 18:17:03.378, 21217
2026/09/26 18:17:03.878, 21217
2026/09/26 18:17:04.379, 21217
2026/09/26 18:17:04.879, 21217
2026/09/26 18:17:05.379, 21217
2026/09/26 18:17:05.879, 21217
2026/09/26 18:17:06.380, 21217
2026/09/26 18:17:06.880, 21217
2026/09/26 18:17:07.380, 21217
2026/09/26 18:17:07.880, 21217
2026/09/26 18:17:08.380, 21217
2026/09/26 18:17:08.880, 21217
2026/09/26 18:17:09.381, 21217
2026/09/26 18:17:09.881, 21217
2026/09/26 18:17:10.381, 21217
2026/09/26 18:17:10.881, 21217
2026/09/26 18:17:11.381, 21217
2026/09/26 18:17:11.881, 21217
2026/09/26 18:17:12.382, 21217
2026/09/26 18:17:12.882, 21217
2026/09/26 18:17:13.382, 21217
2026/09/26 18:17:13.882, 21217
2026/09/26 18:17:14.382, 21217
2026/09/26 18:17:14.882, 21217
2026/09/26 18:17:15.382, 21217
2026/09/26 18:17:15.883, 21217
2026/09/26 18:17:16.383, 21217
2026/09/26 18:17:16.883, 21217
2026/09/26 18:17:17.383, 21217
2026/09/26 18:17:17.883, 21217
2026/09/26 18:17:18.383, 21217
2026/09/26 18:17:18.884, 21217
2026/09/26 18:17:19.384, 21217
2026/09/26 18:17:19.884, 21217
2026/09/26 18:17:20.384, 21217
2026/09/26 18:17:20.884, 21217
2026/09/26 18:17:21.384, 21217
2026/09/26 18:17:21.884, 21217
2026/09/26 18:17:22.385, 21217
2026/09/26 18:17:22.885, 21217
2026/09/26 18:17:23.385, 21217
2026/09/26 18:17:23.885, 21217
2026/09/26 18:17:24.385, 21217
2026/09/26 18:17:24.885, 21217
2026/09/26 18:17:25.385, 21217
2026/09/26 18:17:25.886, 21217
2026/09/26 18:17:26.386, 21217
2026/09/26 18:17:26.886, 21217
2026/09/26 18:17:27.386, 21217
2026/09/26 18:17:27.886, 21217
2026/09/26 18:17:28.386, 21217
2026/09/26 18:17:28.887, 21217
2026/09/26 18:17:29.387, 21217
2026/09/26 18:17:29.887, 21217
2026/09/26 18:17:30.387, 21217
2026/09/26 18:17:30.887, 21217
2026/09/26 18:17:31.387, 21217
2026/09/26 18:17:31.888, 21217
2026/09/26 18:17:32.388, 21217
2026/09/26 18:17:32.888, 21217
2026/09/26 18:17:33.388, 21217
2026/09/26 18:17:33.888, 21217
2026/09/26 18:17:34.388, 21217
2026/09/26 18:17:34.888, 21217
2026/09/26 18:17:35.389, 21217
2026/09/26 18:17:35.889, 21217
2026/09/26 18:17:36.389, 21217
2026/09/26 18:17:36.889, 21217
2026/09/26 18:17:37.389, 21217
2026/09/26 18:17:37.889, 21217
2026/09/26 18:17:38.389, 21217
2026/09/26 18:17:38.890, 21217
2026/09/26 18:17:39.390, 21217
2026/09/26 18:17:39.890, 21217
2026/09/26 18:17:40.390, 21217
2026/09/26 18:17:40.890, 21217
2026/09/26 18:17:41.390, 21217
2026/09/26 18:17:41.890, 21217
2026/09/26 18:17:42.391, 21217
2026/09/26 18:17:42.891, 21217
2026/09/26 18:17:43.391, 21217
2026/09/26 18:17:43.891, 21217
2026/09/26 18:17:44.391, 21217
2026/09/26 18:17:44.891, 21217
2026/09/26 18:17:45.392, 21217
2026/09/26 18:17:45.892, 21217
2026/09/26 18:17:46.392, 21217
2026/09/26 18:17:46.892, 21217
2026/09/26 18:17:47.392, 21217
2026/09/26 18:17:47.892, 21217
2026/09/26 18:17:48.392, 21217
2026/09/26 18:17:48.893, 21217
2026/09/26 18:17:49.393, 21217
2026/09/26 18:17:49.893, 21217
2026/09/26 18:17:50.393, 21217
2026/09/26 18:17:50.893, 21217
2026/09/26 18:17:51.393, 21217
2026/09/26 18:17:51.893, 21217
2026/09/26 18:17:52.394, 21217
2026/09/26 18:17:52.894, 21217
2026/09/26 18:17:53.394, 21217
2026/09/26 18:17:53.894, 21217
2026/09/26 18:17:54.394, 21217
2026/09/26 18:17:54.894, 21217
2026/09/26 18:17:55.394, 21217
2026/09/26 18:17:55.894, 21217
2026/09/26 18:17:56.395, 21217
2026/09/26 18:17:56.895, 21217
2026/09/26 18:17:57.395, 21217
2026/09/26 18:17:57.895, 21217
2026/09/26 18:17:58.395, 21217
2026/09/26 18:17:58.895, 21217
2026/09/26 18:17:59.395, 21217
2026/09/26 18:17:59.896, 21217
2026/09/26 18:18:00.396, 21217
2026/09/26 18:18:00.896, 21217
2026/09/26 18:18:01.396, 21217
2026/09/26 18:18:01.896, 21217
2026/09/26 18:18:02.396, 21217
2026/09/26 18:18:02.896, 21217
2026/09/26 18:18:03.397, 21217
2026/09/26 18:18:03.897, 21217
2026/09/26 18:18:04.397, 21217
2026/09/26 18:18:04.897, 21217
2026/09/26 18:18:05.397, 21217
2026/09/26 18:18:05.897, 21217
2026/09/26 18:18:06.398, 21217
2026/09/26 18:18:06.898, 21217
2026/09/26 18:18:07.398, 21217
2026/09/26 18:18:07.898, 21217
2026/09/26 18:18:08.398, 21217
2026/09/26 18:18:08.898, 21217
2026/09/26 18:18:09.398, 21217
2026/09/26 18:18:09.899, 21217
2026/09/26 18:18:10.399, 21217
2026/09/26 18:18:10.899, 21217
2026/09/26 18:18:11.399, 21217
2026/09/26 18:18:11.899, 21217
2026/09/26 18:18:12.399, 21217
2026/09/26 18:18:12.899, 21217
2026/09/26 18:18:13.400, 21217
2026/09/26 18:18:13.900, 21217
2026/09/26 18:18:14.400, 21217
2026/09/26 18:18:14.900, 21217
2026/09/26 18:18:15.400, 21217
2026/09/26 18:18:15.900, 21217
2026/09/26 18:18:16.401, 21217
2026/09/26 18:18:16.901, 21217
2026/09/26 18:18:17.401, 21217
2026/09/26 18:18:17.901, 21217
2026/09/26 18:18:18.401, 21217
2026/09/26 18:18:18.901, 21217
2026/09/26 18:18:19.401, 21217
2026/09/26 18:18:19.902, 21217
2026/09/26 18:18:20.402, 21217
2026/09/26 18:18:20.902, 21217
2026/09/26 18:18:21.402, 21217
2026/09/26 18:18:21.902, 21217
2026/09/26 18:18:22.402, 21217
2026/09/26 18:18:22.902, 21217
2026/09/26 18:18:23.403, 21217
2026/09/26 18:18:23.903, 21217
2026/09/26 18:18:24.403, 21217
2026/09/26 18:18:24.903, 21217
2026/09/26 18:18:25.403, 21217
2026/09/26 18:18:25.903, 21217
2026/09/26 18:18:26.403, 21217
2026/09/26 18:18:26.904, 21217
2026/09/26 18:18:27.404, 21217
2026/09/26 18:18:27.904, 21217
2026/09/26 18:18:28.404, 21217
2026/09/26 18:18:28.904, 21217
2026/09/26 18:18:29.405, 21217
2026/09/26 18:18:29.905, 21217
2026/09/26 18:18:30.405, 21217
2026/09/26 18:18:30.905, 21217
2026/09/26 18:18:31.405, 21217
2026/09/26 18:18:31.905, 21217
2026/09/26 18:18:32.406, 21217
2026/09/26 18:18:32.906, 21217
2026/09/26 18:18:33.406, 21217
2026/09/26 18:18:33.906, 21217
2026/09/26 18:18:34.406, 21217
2026/09/26 18:18:34.906, 21217
2026/09/26 18:18:35.407, 21217
2026/09/26 18:18:35.907, 21217
2026/09/26 18:18:36.407, 21217
2026/09/26 18:18:36.907, 21217
2026/09/26 18:18:37.407, 21217
2026/09/26 18:18:37.907, 21217
2026/09/26 18:18:38.407, 21217
2026/09/26 18:18:38.908, 21217
2026/09/26 18:18:39.408, 21217
2026/09/26 18:18:39.908, 21217
2026/09/26 18:18:40.408, 21217
2026/09/26 18:18:40.908, 21217
2026/09/26 18:18:41.408, 21217
2026/09/26 18:18:41.909, 21217
2026/09/26 18:18:42.409, 21217
2026/09/26 18:18:42.909, 21217
2026/09/26 18:18:43.409, 21217
2026/09/26 18:18:43.909, 21217
2026/09/26 18:18:44.409, 21217
2026/09/26 18:18:44.909, 21217
2026/09/26 18:18:45.410, 21217
2026/09/26 18:18:45.910, 21217
2026/09/26 18:18:46.410, 21217
2026/09/26 18:18:46.910, 21217
2026/09/26 18:18:47.410, 21217
2026/09/26 18:18:47.911, 21217
2026/09/26 18:18:48.411, 21217
2026/09/26 18:18:48.911, 21217
2026/09/26 18:18:49.411, 21217
2026/09/26 18:18:49.911, 21217
2026/09/26 18:18:50.411, 21217
2026/09/26 18:18:50.912, 21217
2026/09/26 18:18:51.412, 21217
2026/09/26 18:18:51.912, 21217
2026/09/26 18:18:52.412, 21217
2026/09/26 18:18:52.912, 21217
2026/09/26 18:18:53.412, 21217
2026/09/26 18:18:53.912, 21217
2026/09/26 18:18:54.413, 21217
2026/09/26 18:18:54.913, 21217
2026/09/26 18:18:55.413, 21217
2026/09/26 18:18:55.913, 21217
2026/09/26 18:18:56.413, 21217
2026/09/26 18:18:56.913, 21217
2026/09/26 18:18:57.413, 21217
2026/09/26 18:18:57.914, 21217
2026/09/26 18:18:58.414, 21217
2026/09/26 18:18:58.914, 21217
2026/09/26 18:18:59.414, 21217
2026/09/26 18:18:59.914, 21217
2026/09/26 18:19:00.414, 21217
2026/09/26 18:19:00.915, 21217
2026/09/26 18:19:01.415, 21217
2026/09/26 18:19:01.915, 21217
2026/09/26 18:19:02.415, 21217
2026/09/26 18:19:02.915, 21217
2026/09/26 18:19:03.415, 21217
2026/09/26 18:19:03.915, 21217
2026/09/26 18:19:04.416, 21217
2026/09/26 18:19:04.916, 21217
2026/09/26 18:19:05.416, 21217
2026/09/26 18:19:05.916, 21217
2026/09/26 18:19:06.416, 21217
2026/09/26 18:19:06.916, 21217
2026/09/26 18:19:07.416, 21217
2026/09/26 18:19:07.917, 21217
2026/09/26 18:19:08.417, 21217
2026/09/26 18:19:08.917, 21217
2026/09/26 18:19:09.417, 21217
2026/09/26 18:19:09.917, 21217
2026/09/26 18:19:10.417, 21217
2026/09/26 18:19:10.918, 21217
2026/09/26 18:19:11.418, 21217
2026/09/26 18:19:11.918, 21217
2026/09/26 18:19:12.418, 21217
2026/09/26 18:19:12.918, 21217
2026/09/26 18:19:13.418, 21217
2026/09/26 18:19:13.918, 21217
2026/09/26 18:19:14.419, 21217
2026/09/26 18:19:14.919, 21217
2026/09/26 18:19:15.419, 21217
2026/09/26 18:19:15.919, 21217
2026/09/26 18:19:16.419, 21217
2026/09/26 18:19:16.919, 21217
2026/09/26 18:19:17.419, 21217
2026/09/26 18:19:17.920, 21217
2026/09/26 18:19:18.420, 21217
2026/09/26 18:19:18.920, 21217
2026/09/26 18:19:19.420, 21217
2026/09/26 18:19:19.920, 21217
2026/09/26 18:19:20.420, 21217
2026/09/26 18:19:20.921, 21217
2026/09/26 18:19:21.421, 21217
2026/09/26 18:19:21.921, 21217
2026/09/26 18:19:22.421, 21217
2026/09/26 18:19:22.921, 21217
2026/09/26 18:19:23.421, 21217
2026/09/26 18:19:23.921, 21217
2026/09/26 18:19:24.422, 21217
2026/09/26 18:19:24.922, 21217
2026/09/26 18:19:25.422, 21217
2026/09/26 18:19:25.922, 21217
2026/09/26 18:19:26.422, 21217
2026/09/26 18:19:26.922, 21217
2026/09/26 18:19:27.422, 21217
2026/09/26 18:19:27.923, 21217
2026/09/26 18:19:28.423, 21217
2026/09/26 18:19:28.923, 21217
2026/09/26 18:19:29.423, 21217
2026/09/26 18:19:29.923, 21217
2026/09/26 18:19:30.423, 21217
2026/09/26 18:19:30.923, 21217
2026/09/26 18:19:31.424, 21217
2026/09/26 18:19:31.924, 21217
2026/09/26 18:19:32.424, 21217
2026/09/26 18:19:32.924, 21217
2026/09/26 18:19:33.424, 21217
2026/09/26 18:19:33.924, 21217
2026/09/26 18:19:34.425, 21217
2026/09/26 18:19:34.925, 21217
2026/09/26 18:19:35.425, 21217
2026/09/26 18:19:35.925, 21217
2026/09/26 18:19:36.425, 21217
2026/09/26 18:19:36.925, 21217
2026/09/26 18:19:37.425, 21217
2026/09/26 18:19:37.926, 21217
2026/09/26 18:19:38.426, 21217
2026/09/26 18:19:38.926, 21217
2026/09/26 18:19:39.426, 21217
2026/09/26 18:19:39.926, 21217
2026/09/26 18:19:40.426, 21217
2026/09/26 18:19:40.926, 21217
2026/09/26 18:19:41.427, 21217
2026/09/26 18:19:41.927, 21217
2026/09/26 18:19:42.427, 21217
2026/09/26 18:19:42.927, 21217
2026/09/26 18:19:43.427, 21217
2026/09/26 18:19:43.927, 21217
2026/09/26 18:19:44.427, 21217
2026/09/26 18:19:44.928, 21217
2026/09/26 18:19:45.428, 21217
2026/09/26 18:19:45.928, 21217
2026/09/26 18:19:46.428, 21217
2026/09/26 18:19:46.928, 21217
2026/09/26 18:19:47.429, 21217
2026/09/26 18:19:47.929, 21217
2026/09/26 18:19:48.429, 21217
2026/09/26 18:19:48.929, 21217
2026/09/26 18:19:49.429, 21217
2026/09/26 18:19:49.929, 21217
2026/09/26 18:19:50.429, 21217
2026/09/26 18:19:50.930, 21217
2026/09/26 18:19:51.430, 21217
2026/09/26 18:19:51.930, 21217
2026/09/26 18:19:52.430, 21217
2026/09/26 18:19:52.930, 21217
2026/09/26 18:19:53.430, 21217
2026/09/26 18:19:53.930, 21217
2026/09/26 18:19:54.431, 21217
2026/09/26 18:19:54.931, 21217
2026/09/26 18:19:55.431, 21217
2026/09/26 18:19:55.931, 21217
2026/09/26 18:19:56.431, 21217
2026/09/26 18:19:56.931, 21217
2026/09/26 18:19:57.432, 21217
2026/09/26 18:19:57.932, 21217
2026/09/26 18:19:58.432, 21217
2026/09/26 18:19:58.932, 21217
2026/09/26 18:19:59.432, 21217
2026/09/26 18:19:59.932, 21217
2026/09/26 18:20:00.432, 21217
2026/09/26 18:20:00.933, 21217
2026/09/26 18:20:01.433, 21217
2026/09/26 18:20:01.933, 21217
2026/09/26 18:20:02.433, 21217
2026/09/26 18:20:02.933, 21217
2026/09/26 18:20:03.433, 21217
2026/09/26 18:20:03.933, 21217
2026/09/26 18:20:04.434, 21217
2026/09/26 18:20:04.934, 21217
2026/09/26 18:20:05.434, 21217
2026/09/26 18:20:05.934, 21217
2026/09/26 18:20:06.434, 21217
2026/09/26 18:20:06.934, 21217
2026/09/26 18:20:07.434, 21217
2026/09/26 18:20:07.935, 21217
2026/09/26 18:20:08.435, 21217
2026/09/26 18:20:08.935, 21217
2026/09/26 18:20:09.435, 21217
2026/09/26 18:20:09.935, 21217
2026/09/26 18:20:10.435, 21217
2026/09/26 18:20:10.935, 21217
2026/09/26 18:20:11.436, 21217
2026/09/26 18:20:11.936, 21217
2026/09/26 18:20:12.436, 21217
2026/09/26 18:20:12.936, 21217
2026/09/26 18:20:13.436, 21217
2026/09/26 18:20:13.936, 21217
2026/09/26 18:20:14.436, 21217
2026/09/26 18:20:14.937, 21217
2026/09/26 18:20:15.437, 21217
2026/09/26 18:20:15.937, 21217
2026/09/26 18:20:16.437, 21217
2026/09/26 18:20:16.937, 21217
2026/09/26 18:20:17.437, 21217
2026/09/26 18:20:17.937, 21217
2026/09/26 18:20:18.438, 21217
2026/09/26 18:20:18.938, 21217
2026/09/26 18:20:19.438, 21217
2026/09/26 18:20:19.938, 21217
2026/09/26 18:20:20.438, 21217
2026/09/26 18:20:20.938, 21217
2026/09/26 18:20:21.438, 21217
2026/09/26 18:20:21.939, 21217
2026/09/26 18:20:22.439, 21217
2026/09/26 18:20:22.939, 21217
2026/09/26 18:20:23.439, 21217
2026/09/26 18:20:23.939, 21217
2026/09/26 18:20:24.439, 21217
2026/09/26 18:20:24.939, 21217
2026/09/26 18:20:25.440, 21217
2026/09/26 18:20:25.940, 21217
2026/09/26 18:20:26.440, 21217
2026/09/26 18:20:26.940, 21217
2026/09/26 18:20:27.440, 21217
2026/09/26 18:20:27.941, 21217
2026/09/26 18:20:28.461, 21217
2026/09/26 18:20:28.962, 21217
2026/09/26 18:20:29.462, 21217
2026/09/26 18:20:29.962, 21217
2026/09/26 18:20:30.462, 21217
2026/09/26 18:20:30.962, 21217
2026/09/26 18:20:31.462, 21217
2026/09/26 18:20:31.963, 21217
2026/09/26 18:20:32.463, 21217
2026/09/26 18:20:32.963, 21217
2026/09/26 18:20:33.463, 21217
2026/09/26 18:20:33.963, 21217
2026/09/26 18:20:34.463, 21217
2026/09/26 18:20:34.964, 21217
2026/09/26 18:20:35.464, 21217
2026/09/26 18:20:35.964, 21217
2026/09/26 18:20:36.464, 21217
2026/09/26 18:20:36.964, 21217
2026/09/26 18:20:37.465, 21217
2026/09/26 18:20:37.965, 21217
2026/09/26 18:20:38.465, 21217
2026/09/26 18:20:38.965, 21217
2026/09/26 18:20:39.465, 21217
2026/09/26 18:20:39.965, 21217
2026/09/26 18:20:40.465, 21217
2026/09/26 18:20:40.966, 21217
2026/09/26 18:20:41.466, 21217
2026/09/26 18:20:41.966, 21217
2026/09/26 18:20:42.466, 21217
2026/09/26 18:20:42.966, 21217
2026/09/26 18:20:43.466, 21217
2026/09/26 18:20:43.967, 21217
2026/09/26 18:20:44.475, 21217
2026/09/26 18:20:44.976, 21217
2026/09/26 18:20:45.476, 21217
2026/09/26 18:20:45.976, 21217
2026/09/26 18:20:46.476, 21217
2026/09/26 18:20:46.976, 21217
2026/09/26 18:20:47.476, 21217
2026/09/26 18:20:47.976, 21217
2026/09/26 18:20:48.477, 21217
2026/09/26 18:20:48.977, 21217
2026/09/26 18:20:49.477, 21217
2026/09/26 18:20:49.977, 21217
2026/09/26 18:20:50.477, 21217
2026/09/26 18:20:50.977, 21217
2026/09/26 18:20:51.477, 21217
2026/09/26 18:20:51.978, 21217
2026/09/26 18:20:52.478, 21217
2026/09/26 18:20:52.978, 21217
2026/09/26 18:20:53.478, 21217
2026/09/26 18:20:53.978, 21217
2026/09/26 18:20:54.478, 21217
2026/09/26 18:20:54.979, 21217
2026/09/26 18:20:55.479, 21217
2026/09/26 18:20:55.979, 21217
2026/09/26 18:20:56.479, 21217
2026/09/26 18:20:56.979, 21217
2026/09/26 18:20:57.479, 21217
2026/09/26 18:20:57.980, 21217
2026/09/26 18:20:58.480, 21217
2026/09/26 18:20:58.980, 21217
2026/09/26 18:20:59.480, 21217
2026/09/26 18:20:59.980, 21217
2026/09/26 18:21:00.480, 21217
2026/09/26 18:21:00.981, 21217
2026/09/26 18:21:01.481, 21217
2026/09/26 18:21:01.981, 21217
2026/09/26 18:21:02.481, 21217
2026/09/26 18:21:02.981, 21217
2026/09/26 18:21:03.481, 21217
2026/09/26 18:21:03.982, 21217
2026/09/26 18:21:04.482, 21217
2026/09/26 18:21:04.982, 21217
2026/09/26 18:21:05.482, 21217
2026/09/26 18:21:05.982, 21217
2026/09/26 18:21:06.482, 21217
2026/09/26 18:21:06.983, 21217
2026/09/26 18:21:07.483, 21217
2026/09/26 18:21:07.983, 21217
2026/09/26 18:21:08.483, 21217
2026/09/26 18:21:08.983, 21217
2026/09/26 18:21:09.483, 21217
2026/09/26 18:21:09.983, 21217
2026/09/26 18:21:10.484, 21217
2026/09/26 18:21:10.984, 21217
2026/09/26 18:21:11.484, 21217
2026/09/26 18:21:11.984, 21217
2026/09/26 18:21:12.484, 21217
2026/09/26 18:21:12.984, 21217
2026/09/26 18:21:13.485, 21217
2026/09/26 18:21:13.985, 21217
2026/09/26 18:21:14.485, 21217
2026/09/26 18:21:14.985, 21217
2026/09/26 18:21:15.485, 21217
2026/09/26 18:21:15.985, 21217
2026/09/26 18:21:16.486, 21217
2026/09/26 18:21:16.986, 21217
2026/09/26 18:21:17.486, 21217
2026/09/26 18:21:17.986, 21217
2026/09/26 18:21:18.486, 21217
2026/09/26 18:21:18.986, 21217
2026/09/26 18:21:19.487, 21217
2026/09/26 18:21:19.987, 21217
2026/09/26 18:21:20.487, 21217
2026/09/26 18:21:20.987, 21217
2026/09/26 18:21:21.487, 21217
2026/09/26 18:21:21.987, 21217
2026/09/26 18:21:22.488, 21217
2026/09/26 18:21:22.988, 21217
2026/09/26 18:21:23.488, 21217
2026/09/26 18:21:23.988, 21217
2026/09/26 18:21:24.488, 21217
2026/09/26 18:21:24.988, 21217
2026/09/26 18:21:25.489, 21217
2026/09/26 18:21:25.989, 21217
2026/09/26 18:21:26.489, 21217
2026/09/26 18:21:26.989, 21217
2026/09/26 18:21:27.489, 21217
2026/09/26 18:21:27.989, 21217
2026/09/26 18:21:28.490, 21217
2026/09/26 18:21:28.990, 21217
2026/09/26 18:21:29.490, 21217
2026/09/26 18:21:29.990, 21217
2026/09/26 18:21:30.490, 21217
2026/09/26 18:21:30.990, 21217
2026/09/26 18:21:31.491, 21217
2026/09/26 18:21:31.991, 21217
2026/09/26 18:21:32.491, 21217
2026/09/26 18:21:32.991, 21217
2026/09/26 18:21:33.491, 21217
2026/09/26 18:21:33.991, 21217
2026/09/26 18:21:34.492, 21217
2026/09/26 18:21:34.992, 21217
2026/09/26 18:21:35.492, 21217
2026/09/26 18:21:35.992, 21217
2026/09/26 18:21:36.492, 21217
2026/09/26 18:21:36.992, 21217
2026/09/26 18:21:37.492, 21217
2026/09/26 18:21:37.993, 21217
2026/09/26 18:21:38.493, 21217
2026/09/26 18:21:38.993, 21217
2026/09/26 18:21:39.493, 21217
2026/09/26 18:21:39.993, 21217
2026/09/26 18:21:40.493, 21217
2026/09/26 18:21:40.993, 21217
2026/09/26 18:21:41.493, 21217
2026/09/26 18:21:41.994, 21217
2026/09/26 18:21:42.494, 21217
2026/09/26 18:21:42.994, 21217
2026/09/26 18:21:43.494, 21217
2026/09/26 18:21:43.994, 21217
2026/09/26 18:21:44.494, 21217
2026/09/26 18:21:44.995, 21217
2026/09/26 18:21:45.495, 21217
2026/09/26 18:21:45.995, 21217
2026/09/26 18:21:46.495, 21217
2026/09/26 18:21:46.995, 21217
2026/09/26 18:21:47.495, 21217
2026/09/26 18:21:47.995, 21217
2026/09/26 18:21:48.496, 21217
2026/09/26 18:21:48.996, 21217
2026/09/26 18:21:49.496, 21217
2026/09/26 18:21:49.996, 21217
2026/09/26 18:21:50.496, 21217
2026/09/26 18:21:50.996, 21217
2026/09/26 18:21:51.497, 21217
2026/09/26 18:21:51.997, 21217
2026/09/26 18:21:52.497, 21217
2026/09/26 18:21:52.997, 21217
2026/09/26 18:21:53.497, 21217
2026/09/26 18:21:53.997, 21217
2026/09/26 18:21:54.497, 21217
2026/09/26 18:21:54.997, 21217
2026/09/26 18:21:55.497, 21217
2026/09/26 18:21:55.998, 21217
2026/09/26 18:21:56.498, 21217
2026/09/26 18:21:56.998, 21217
2026/09/26 18:21:57.498, 21217
2026/09/26 18:21:57.998, 21217
2026/09/26 18:21:58.498, 21217
2026/09/26 18:21:58.998, 21217
2026/09/26 18:21:59.498, 21217
2026/09/26 18:21:59.999, 21217
2026/09/26 18:22:00.499, 21217
2026/09/26 18:22:00.999, 21217
2026/09/26 18:22:01.499, 21217
2026/09/26 18:22:01.999, 21217
2026/09/26 18:22:02.499, 21217
2026/09/26 18:22:02.999, 21217
2026/09/26 18:22:03.499, 21217
2026/09/26 18:22:03.999, 21217
2026/09/26 18:22:04.500, 21217
2026/09/26 18:22:05.000, 21217
2026/09/26 18:22:05.500, 21217
2026/09/26 18:22:06.000, 21217
2026/09/26 18:22:06.500, 21217
2026/09/26 18:22:07.001, 21217
2026/09/26 18:22:07.501, 21217
2026/09/26 18:22:08.001, 21217
2026/09/26 18:22:08.501, 21217
2026/09/26 18:22:09.001, 21217
2026/09/26 18:22:09.501, 21217
2026/09/26 18:22:10.001, 21217
2026/09/26 18:22:10.502, 21217
2026/09/26 18:22:11.002, 21217
2026/09/26 18:22:11.502, 21217
2026/09/26 18:22:12.002, 21217
2026/09/26 18:22:12.502, 21217
2026/09/26 18:22:13.002, 21217
2026/09/26 18:22:13.502, 21217
2026/09/26 18:22:14.003, 21217
2026/09/26 18:22:14.503, 21217
2026/09/26 18:22:15.003, 21217
2026/09/26 18:22:15.504, 21217
2026/09/26 18:22:16.004, 21217
2026/09/26 18:22:16.504, 21217
2026/09/26 18:22:17.004, 21217
2026/09/26 18:22:17.504, 21217
2026/09/26 18:22:18.004, 21217
2026/09/26 18:22:18.504, 21217
2026/09/26 18:22:19.005, 21217
2026/09/26 18:22:19.505, 21217
2026/09/26 18:22:20.005, 21217
2026/09/26 18:22:20.505, 21217
2026/09/26 18:22:21.005, 21217
2026/09/26 18:22:21.505, 21217
2026/09/26 18:22:22.005, 21217
2026/09/26 18:22:22.506, 21217
2026/09/26 18:22:23.006, 21217
2026/09/26 18:22:23.506, 21217
2026/09/26 18:22:24.006, 21217
2026/09/26 18:22:24.506, 21217
2026/09/26 18:22:25.006, 21217
2026/09/26 18:22:25.506, 21217
2026/09/26 18:22:26.007, 21217
2026/09/26 18:22:26.507, 21217
2026/09/26 18:22:27.007, 21217
2026/09/26 18:22:27.507, 21217
2026/09/26 18:22:28.007, 21217
2026/09/26 18:22:28.507, 21217
2026/09/26 18:22:29.007, 21217
2026/09/26 18:22:29.508, 21217
2026/09/26 18:22:30.008, 21217
2026/09/26 18:22:30.508, 21217
2026/09/26 18:22:31.008, 21217
2026/09/26 18:22:31.508, 21217
2026/09/26 18:22:32.008, 21217
2026/09/26 18:22:32.509, 21217
2026/09/26 18:22:33.009, 21217
2026/09/26 18:22:33.509, 21217
2026/09/26 18:22:34.009, 21217
2026/09/26 18:22:34.509, 21217
2026/09/26 18:22:35.009, 21217
2026/09/26 18:22:35.509, 21217
2026/09/26 18:22:36.010, 21217
2026/09/26 18:22:36.510, 21217
2026/09/26 18:22:37.010, 21217
2026/09/26 18:22:37.510, 21217
2026/09/26 18:22:38.010, 21217
2026/09/26 18:22:38.510, 21217
2026/09/26 18:22:39.010, 21217
2026/09/26 18:22:39.511, 21217
2026/09/26 18:22:40.011, 21217
2026/09/26 18:22:40.511, 21217
2026/09/26 18:22:41.011, 21217
2026/09/26 18:22:41.511, 21217
2026/09/26 18:22:42.011, 21217
2026/09/26 18:22:42.512, 21217
2026/09/26 18:22:43.012, 21217
2026/09/26 18:22:43.512, 21217
2026/09/26 18:22:44.012, 21217
2026/09/26 18:22:44.512, 21217
2026/09/26 18:22:45.012, 21217
2026/09/26 18:22:45.512, 21217
2026/09/26 18:22:46.013, 21217
2026/09/26 18:22:46.513, 21217
2026/09/26 18:22:47.013, 21217
2026/09/26 18:22:47.513, 21217
2026/09/26 18:22:48.013, 21217
2026/09/26 18:22:48.513, 21217
2026/09/26 18:22:49.014, 21217
2026/09/26 18:22:49.514, 21217
2026/09/26 18:22:50.014, 21217
2026/09/26 18:22:50.514, 21217
2026/09/26 18:22:51.014, 21217
2026/09/26 18:22:51.514, 21217
2026/09/26 18:22:52.015, 21217
2026/09/26 18:22:52.515, 21217
2026/09/26 18:22:53.015, 21217
2026/09/26 18:22:53.515, 21217
2026/09/26 18:22:54.015, 21217
2026/09/26 18:22:54.515, 21217
2026/09/26 18:22:55.015, 21217
2026/09/26 18:22:55.516, 21217
2026/09/26 18:22:56.016, 21217
2026/09/26 18:22:56.516, 21217
2026/09/26 18:22:57.016, 21217
2026/09/26 18:22:57.516, 21217
2026/09/26 18:22:58.016, 21217
2026/09/26 18:22:58.517, 21217
2026/09/26 18:22:59.017, 21217
2026/09/26 18:22:59.517, 21217
2026/09/26 18:23:00.017, 21217
2026/09/26 18:23:00.517, 21217
2026/09/26 18:23:01.017, 21217
2026/09/26 18:23:01.517, 21217
2026/09/26 18:23:02.018, 21217
2026/09/26 18:23:02.518, 21217
2026/09/26 18:23:03.018, 21217
2026/09/26 18:23:03.518, 21217
2026/09/26 18:23:04.018, 21217
2026/09/26 18:23:04.518, 21217
2026/09/26 18:23:05.018, 21217
2026/09/26 18:23:05.519, 21217
2026/09/26 18:23:06.019, 21217
2026/09/26 18:23:06.519, 21217
2026/09/26 18:23:07.019, 21217
2026/09/26 18:23:07.519, 21217
2026/09/26 18:23:08.019, 21217
2026/09/26 18:23:08.519, 21217
2026/09/26 18:23:09.019, 21217
2026/09/26 18:23:09.519, 21217
2026/09/26 18:23:10.020, 21217
2026/09/26 18:23:10.520, 21217
2026/09/26 18:23:11.020, 21217
2026/09/26 18:23:11.520, 21217
2026/09/26 18:23:12.020, 21217
2026/09/26 18:23:12.520, 21217
2026/09/26 18:23:13.020, 21217
2026/09/26 18:23:13.520, 21217
2026/09/26 18:23:14.021, 21217
2026/09/26 18:23:14.521, 21217
2026/09/26 18:23:15.021, 21217
2026/09/26 18:23:15.521, 21217
2026/09/26 18:23:16.021, 21217
2026/09/26 18:23:16.521, 21217
2026/09/26 18:23:17.021, 21217
2026/09/26 18:23:17.522, 21217
2026/09/26 18:23:18.022, 21217
2026/09/26 18:23:18.522, 21217
2026/09/26 18:23:19.022, 21217
2026/09/26 18:23:19.522, 21217
2026/09/26 18:23:20.022, 21217
2026/09/26 18:23:20.523, 21217
2026/09/26 18:23:21.023, 21217
2026/09/26 18:23:21.523, 21217
2026/09/26 18:23:22.023, 21217
2026/09/26 18:23:22.523, 21217
2026/09/26 18:23:23.023, 21217
2026/09/26 18:23:23.523, 21217
2026/09/26 18:23:24.024, 21217
2026/09/26 18:23:24.524, 21217
2026/09/26 18:23:25.024, 21217
2026/09/26 18:23:25.524, 21217
2026/09/26 18:23:26.024, 21217
2026/09/26 18:23:26.524, 21217
2026/09/26 18:23:27.024, 21217
2026/09/26 18:23:27.525, 21217
2026/09/26 18:23:28.025, 21217
2026/09/26 18:23:28.525, 21217
2026/09/26 18:23:29.025, 21217
2026/09/26 18:23:29.525, 21217
2026/09/26 18:23:30.025, 21217
2026/09/26 18:23:30.526, 21217
2026/09/26 18:23:31.026, 21217
2026/09/26 18:23:31.526, 21217
2026/09/26 18:23:32.026, 21217
2026/09/26 18:23:32.526, 21217
2026/09/26 18:23:33.026, 21217
2026/09/26 18:23:33.526, 21217
2026/09/26 18:23:34.027, 21217
2026/09/26 18:23:34.527, 21217
2026/09/26 18:23:35.027, 21217
2026/09/26 18:23:35.527, 21217
2026/09/26 18:23:36.027, 21217
2026/09/26 18:23:36.528, 21217
2026/09/26 18:23:37.028, 21217
2026/09/26 18:23:37.528, 21217
2026/09/26 18:23:38.028, 21217
2026/09/26 18:23:38.528, 21217
2026/09/26 18:23:39.028, 21217
2026/09/26 18:23:39.528, 21217
2026/09/26 18:23:40.029, 21217
2026/09/26 18:23:40.529, 21217
2026/09/26 18:23:41.029, 21217
2026/09/26 18:23:41.529, 21217
2026/09/26 18:23:42.029, 21217
2026/09/26 18:23:42.529, 21217
2026/09/26 18:23:43.030, 21217
2026/09/26 18:23:43.530, 21217
2026/09/26 18:23:44.030, 21217
2026/09/26 18:23:44.530, 21217
2026/09/26 18:23:45.030, 21217
2026/09/26 18:23:45.530, 21217
2026/09/26 18:23:46.031, 21217
2026/09/26 18:23:46.531, 21217
2026/09/26 18:23:47.031, 21217
2026/09/26 18:23:47.531, 21217
2026/09/26 18:23:48.031, 21697
2026/09/26 18:23:48.532, 21697
2026/09/26 18:23:49.032, 21697
2026/09/26 18:23:49.532, 21697
2026/09/26 18:23:50.032, 21697
2026/09/26 18:23:50.532, 21697
2026/09/26 18:23:51.033, 21697
2026/09/26 18:23:51.533, 21697
2026/09/26 18:23:52.033, 21697
2026/09/26 18:23:52.533, 21697
2026/09/26 18:23:53.033, 21697
2026/09/26 18:23:53.533, 21697
2026/09/26 18:23:54.033, 21697
2026/09/26 18:23:54.534, 21697
2026/09/26 18:23:55.034, 21697
2026/09/26 18:23:55.534, 21697
2026/09/26 18:23:56.034, 21697
2026/09/26 18:23:56.534, 21697
2026/09/26 18:23:57.039, 21697
2026/09/26 18:23:57.539, 21697
2026/09/26 18:23:58.039, 21697
2026/09/26 18:23:58.540, 21697
2026/09/26 18:23:59.040, 21697
2026/09/26 18:23:59.540, 21697
2026/09/26 18:24:00.040, 21697
2026/09/26 18:24:00.540, 21697
2026/09/26 18:24:01.040, 21697
2026/09/26 18:24:01.540, 21697
2026/09/26 18:24:02.041, 21697
2026/09/26 18:24:02.541, 21697
2026/09/26 18:24:03.041, 21697
2026/09/26 18:24:03.541, 21697
2026/09/26 18:24:04.041, 21697
2026/09/26 18:24:04.541, 21697
2026/09/26 18:24:05.041, 21697
2026/09/26 18:24:05.542, 21697
2026/09/26 18:24:06.042, 21697
2026/09/26 18:24:06.542, 21697
2026/09/26 18:24:07.042, 21697
2026/09/26 18:24:07.542, 21697
2026/09/26 18:24:08.042, 21697
2026/09/26 18:24:08.543, 21697
2026/09/26 18:24:09.043, 21697
2026/09/26 18:24:09.543, 21697
2026/09/26 18:24:10.043, 21697
2026/09/26 18:24:10.543, 21697
2026/09/26 18:24:11.043, 21697
2026/09/26 18:24:11.544, 21697
2026/09/26 18:24:12.044, 21697
2026/09/26 18:24:12.544, 21697
2026/09/26 18:24:13.044, 21697
2026/09/26 18:24:13.544, 21697
2026/09/26 18:24:14.044, 21697
2026/09/26 18:24:14.544, 21697
2026/09/26 18:24:15.045, 21697
2026/09/26 18:24:15.545, 21697
2026/09/26 18:24:16.045, 21697
2026/09/26 18:24:16.545, 21697
2026/09/26 18:24:17.045, 21697
2026/09/26 18:24:17.545, 21697
2026/09/26 18:24:18.045, 21697
2026/09/26 18:24:18.546, 21697
2026/09/26 18:24:19.046, 21697
2026/09/26 18:24:19.546, 21697
2026/09/26 18:24:20.046, 21697
2026/09/26 18:24:20.546, 21697
2026/09/26 18:24:21.046, 21697
2026/09/26 18:24:21.546, 21697
2026/09/26 18:24:22.046, 21697
2026/09/26 18:24:22.547, 21697
2026/09/26 18:24:23.047, 21697
2026/09/26 18:24:23.547, 21697
2026/09/26 18:24:24.047, 21697
2026/09/26 18:24:24.547, 21697
2026/09/26 18:24:25.048, 21697
2026/09/26 18:24:25.548, 21697
2026/09/26 18:24:26.048, 21697
2026/09/26 18:24:26.548, 21697
2026/09/26 18:24:27.048, 21697
2026/09/26 18:24:27.548, 21697
2026/09/26 18:24:28.048, 21697
2026/09/26 18:24:28.549, 21697
2026/09/26 18:24:29.049, 21697
2026/09/26 18:24:29.549, 21697
2026/09/26 18:24:30.049, 21697
2026/09/26 18:24:30.549, 21697
2026/09/26 18:24:31.049, 21697
2026/09/26 18:24:31.549, 21697
2026/09/26 18:24:32.050, 21697
2026/09/26 18:24:32.550, 21697
2026/09/26 18:24:33.050, 21697
2026/09/26 18:24:33.550, 21697
2026/09/26 18:24:34.051, 21697
2026/09/26 18:24:34.551, 21697
2026/09/26 18:24:35.051, 21697
2026/09/26 18:24:35.551, 21697
2026/09/26 18:24:36.051, 21697
2026/09/26 18:24:36.551, 21697
2026/09/26 18:24:37.052, 21697
2026/09/26 18:24:37.552, 21697
2026/09/26 18:24:38.052, 21697
2026/09/26 18:24:38.552, 21697
2026/09/26 18:24:39.052, 21697
2026/09/26 18:24:39.552, 21697
2026/09/26 18:24:40.052, 21697
2026/09/26 18:24:40.553, 21697
2026/09/26 18:24:41.053, 21697
2026/09/26 18:24:41.553, 21697
2026/09/26 18:24:42.053, 21697
2026/09/26 18:24:42.553, 21697
2026/09/26 18:24:43.053, 21697
2026/09/26 18:24:43.554, 21697
2026/09/26 18:24:44.054, 21697
2026/09/26 18:24:44.554, 21697
2026/09/26 18:24:45.054, 21697
2026/09/26 18:24:45.554, 21697
2026/09/26 18:24:46.054, 21697
2026/09/26 18:24:46.555, 21697
2026/09/26 18:24:47.055, 21697
2026/09/26 18:24:47.555, 21697
2026/09/26 18:24:48.055, 21697
2026/09/26 18:24:48.555, 21697
2026/09/26 18:24:49.055, 21697
2026/09/26 18:24:49.555, 21697
2026/09/26 18:24:50.056, 21697
2026/09/26 18:24:50.556, 21697
2026/09/26 18:24:51.056, 21697
2026/09/26 18:24:51.556, 21697
2026/09/26 18:24:52.056, 21697
2026/09/26 18:24:52.556, 21697
2026/09/26 18:24:53.057, 21697
2026/09/26 18:24:53.557, 21697
2026/09/26 18:24:54.057, 21697
2026/09/26 18:24:54.557, 21697
2026/09/26 18:24:55.057, 21697
2026/09/26 18:24:55.557, 21697
2026/09/26 18:24:56.058, 21697
2026/09/26 18:24:56.558, 21697
2026/09/26 18:24:57.058, 21697
2026/09/26 18:24:57.558, 21697
2026/09/26 18:24:58.058, 21697
2026/09/26 18:24:58.558, 21697
2026/09/26 18:24:59.059, 21697
2026/09/26 18:24:59.559, 21697
2026/09/26 18:25:00.059, 21697
2026/09/26 18:25:00.559, 21697
2026/09/26 18:25:01.059, 21697
2026/09/26 18:25:01.559, 21697
2026/09/26 18:25:02.060, 21697
2026/09/26 18:25:02.560, 21697
2026/09/26 18:25:03.060, 21697
2026/09/26 18:25:03.560, 21697
2026/09/26 18:25:04.060, 21697
2026/09/26 18:25:04.561, 21697
2026/09/26 18:25:05.061, 21697
2026/09/26 18:25:05.561, 21697
2026/09/26 18:25:06.061, 21697
2026/09/26 18:25:06.561, 21697
2026/09/26 18:25:07.061, 21697
2026/09/26 18:25:07.561, 21697
2026/09/26 18:25:08.062, 21697
2026/09/26 18:25:08.562, 21697
2026/09/26 18:25:09.062, 21697
2026/09/26 18:25:09.562, 21697
2026/09/26 18:25:10.062, 21697
2026/09/26 18:25:10.562, 21697
2026/09/26 18:25:11.063, 21697
2026/09/26 18:25:11.563, 21697
2026/09/26 18:25:12.063, 21697
2026/09/26 18:25:12.563, 21697
2026/09/26 18:25:13.063, 21697
2026/09/26 18:25:13.563, 21697
2026/09/26 18:25:14.064, 21697
2026/09/26 18:25:14.564, 21697
2026/09/26 18:25:15.064, 21697
2026/09/26 18:25:15.564, 21697
2026/09/26 18:25:16.064, 21697
2026/09/26 18:25:16.564, 21697
2026/09/26 18:25:17.065, 21697
2026/09/26 18:25:17.565, 21697
2026/09/26 18:25:18.065, 21697
2026/09/26 18:25:18.565, 21697
2026/09/26 18:25:19.065, 21697
2026/09/26 18:25:19.565, 21697
2026/09/26 18:25:20.065, 21697
2026/09/26 18:25:20.566, 21697
2026/09/26 18:25:21.066, 21697
2026/09/26 18:25:21.566, 21697
2026/09/26 18:25:22.066, 21697
2026/09/26 18:25:22.566, 21697
2026/09/26 18:25:23.066, 21697
2026/09/26 18:25:23.567, 21697
2026/09/26 18:25:24.067, 21697
2026/09/26 18:25:24.567, 21697
2026/09/26 18:25:25.067, 21697
2026/09/26 18:25:25.567, 21697
2026/09/26 18:25:26.067, 21697
2026/09/26 18:25:26.568, 21697
2026/09/26 18:25:27.068, 21697
2026/09/26 18:25:27.568, 21697
2026/09/26 18:25:28.068, 21697
2026/09/26 18:25:28.568, 21697
2026/09/26 18:25:29.068, 21697
2026/09/26 18:25:29.568, 21697
2026/09/26 18:25:30.069, 21697
2026/09/26 18:25:30.569, 21697
2026/09/26 18:25:31.069, 21697
2026/09/26 18:25:31.569, 21697
2026/09/26 18:25:32.069, 21697
2026/09/26 18:25:32.569, 21697
2026/09/26 18:25:33.069, 21697
2026/09/26 18:25:33.570, 21697
2026/09/26 18:25:34.070, 21697
2026/09/26 18:25:34.570, 21697
2026/09/26 18:25:35.070, 21697
2026/09/26 18:25:35.570, 21697
2026/09/26 18:25:36.070, 21697
2026/09/26 18:25:36.571, 21697
2026/09/26 18:25:37.071, 21697
2026/09/26 18:25:37.571, 21697
2026/09/26 18:25:38.071, 21697
2026/09/26 18:25:38.571, 21697
2026/09/26 18:25:39.071, 21697
2026/09/26 18:25:39.572, 21697
2026/09/26 18:25:40.072, 21697
2026/09/26 18:25:40.572, 21697
2026/09/26 18:25:41.072, 21697
2026/09/26 18:25:41.572, 21697
2026/09/26 18:25:42.072, 21697
2026/09/26 18:25:42.572, 21697
2026/09/26 18:25:43.073, 21697
2026/09/26 18:25:43.573, 21697
2026/09/26 18:25:44.073, 21697
2026/09/26 18:25:44.573, 21697
2026/09/26 18:25:45.073, 21697
2026/09/26 18:25:45.573, 21697
2026/09/26 18:25:46.074, 21697
2026/09/26 18:25:46.574, 21697
2026/09/26 18:25:47.074, 21697
2026/09/26 18:25:47.574, 21697
2026/09/26 18:25:48.074, 21697
2026/09/26 18:25:48.574, 21697
2026/09/26 18:25:49.075, 21697
2026/09/26 18:25:49.575, 21697
2026/09/26 18:25:50.075, 21697
2026/09/26 18:25:50.575, 21697
2026/09/26 18:25:51.075, 21697
2026/09/26 18:25:51.575, 21697
2026/09/26 18:25:52.075, 21697
2026/09/26 18:25:52.576, 21697
2026/09/26 18:25:53.076, 21697
2026/09/26 18:25:53.576, 21697
2026/09/26 18:25:54.076, 21697
2026/09/26 18:25:54.576, 21697
2026/09/26 18:25:55.077, 21697
2026/09/26 18:25:55.577, 21697
2026/09/26 18:25:56.077, 21697
2026/09/26 18:25:56.577, 21697
2026/09/26 18:25:57.077, 21697
2026/09/26 18:25:57.577, 21697
2026/09/26 18:25:58.078, 21697
2026/09/26 18:25:58.578, 21697
2026/09/26 18:25:59.078, 21697
2026/09/26 18:25:59.578, 21697
2026/09/26 18:26:00.078, 21697
2026/09/26 18:26:00.578, 21697
2026/09/26 18:26:01.078, 21697
2026/09/26 18:26:01.579, 21697
2026/09/26 18:26:02.079, 21697
2026/09/26 18:26:02.579, 21697
2026/09/26 18:26:03.079, 21697
2026/09/26 18:26:03.579, 21697
2026/09/26 18:26:04.079, 21697
2026/09/26 18:26:04.580, 21697
2026/09/26 18:26:05.080, 21697
2026/09/26 18:26:05.580, 21697
2026/09/26 18:26:06.080, 21697
2026/09/26 18:26:06.580, 21697
2026/09/26 18:26:07.080, 21697
2026/09/26 18:26:07.581, 21697
2026/09/26 18:26:08.081, 21697
2026/09/26 18:26:08.581, 21697
2026/09/26 18:26:09.081, 21697
2026/09/26 18:26:09.581, 21697
2026/09/26 18:26:10.081, 21697
2026/09/26 18:26:10.582, 21697
2026/09/26 18:26:11.082, 21697
2026/09/26 18:26:11.582, 21697
2026/09/26 18:26:12.082, 21697
2026/09/26 18:26:12.582, 21697
2026/09/26 18:26:13.083, 21697
2026/09/26 18:26:13.583, 21697
2026/09/26 18:26:14.083, 21697
2026/09/26 18:26:14.583, 21697
2026/09/26 18:26:15.083, 21697
2026/09/26 18:26:15.583, 21697
2026/09/26 18:26:16.084, 21697
2026/09/26 18:26:16.584, 21697
2026/09/26 18:26:17.084, 21697
2026/09/26 18:26:17.584, 21697
2026/09/26 18:26:18.084, 21697
2026/09/26 18:26:18.584, 21697
2026/09/26 18:26:19.084, 21697
2026/09/26 18:26:19.585, 21697
2026/09/26 18:26:20.085, 21697
2026/09/26 18:26:20.585, 21697
2026/09/26 18:26:21.085, 21697
2026/09/26 18:26:21.585, 21697
2026/09/26 18:26:22.085, 21697
2026/09/26 18:26:22.585, 21697
2026/09/26 18:26:23.086, 21697
2026/09/26 18:26:23.586, 21697
2026/09/26 18:26:24.086, 21697
2026/09/26 18:26:24.586, 21697
2026/09/26 18:26:25.086, 21697
2026/09/26 18:26:25.586, 21697
2026/09/26 18:26:26.086, 21697
2026/09/26 18:26:26.587, 21697
2026/09/26 18:26:27.087, 21697
2026/09/26 18:26:27.587, 21697
2026/09/26 18:26:28.087, 21697
2026/09/26 18:26:28.587, 21697
2026/09/26 18:26:29.087, 21697
2026/09/26 18:26:29.588, 21697
2026/09/26 18:26:30.088, 21697
2026/09/26 18:26:30.588, 21697
2026/09/26 18:26:31.088, 21697
2026/09/26 18:26:31.588, 21697
2026/09/26 18:26:32.088, 21697
2026/09/26 18:26:32.588, 21697
2026/09/26 18:26:33.089, 21697
2026/09/26 18:26:33.589, 21697
2026/09/26 18:26:34.089, 21697
2026/09/26 18:26:34.589, 21697
2026/09/26 18:26:35.089, 21697
2026/09/26 18:26:35.589, 21697
2026/09/26 18:26:36.090, 21697
2026/09/26 18:26:36.590, 21697
2026/09/26 18:26:37.090, 21697
2026/09/26 18:26:37.590, 21697
2026/09/26 18:26:38.090, 21697
2026/09/26 18:26:38.590, 21697
2026/09/26 18:26:39.091, 21697
2026/09/26 18:26:39.591, 21697
2026/09/26 18:26:40.091, 21697
2026/09/26 18:26:40.591, 21697
2026/09/26 18:26:41.091, 21697
2026/09/26 18:26:41.591, 21697
2026/09/26 18:26:42.092, 21697
2026/09/26 18:26:42.592, 21697
2026/09/26 18:26:43.092, 21697
2026/09/26 18:26:43.592, 21697
2026/09/26 18:26:44.092, 21697
2026/09/26 18:26:44.592, 21697
2026/09/26 18:26:45.092, 21697
2026/09/26 18:26:45.593, 21697
2026/09/26 18:26:46.093, 21697
2026/09/26 18:26:46.593, 21697
2026/09/26 18:26:47.093, 21697
2026/09/26 18:26:47.593, 21697
2026/09/26 18:26:48.093, 21697
2026/09/26 18:26:48.594, 21697
2026/09/26 18:26:49.094, 21697
2026/09/26 18:26:49.594, 21697
2026/09/26 18:26:50.094, 21697
2026/09/26 18:26:50.594, 21697
2026/09/26 18:26:51.094, 21697
2026/09/26 18:26:51.595, 21697
2026/09/26 18:26:52.095, 21697
2026/09/26 18:26:52.595, 21697
2026/09/26 18:26:53.095, 21697
2026/09/26 18:26:53.595, 21697
2026/09/26 18:26:54.095, 21697
2026/09/26 18:26:54.595, 21697
2026/09/26 18:26:55.096, 21697
2026/09/26 18:26:55.596, 21697
2026/09/26 18:26:56.096, 21697
2026/09/26 18:26:56.596, 21697
2026/09/26 18:26:57.096, 21697
2026/09/26 18:26:57.596, 21697
2026/09/26 18:26:58.096, 21697
2026/09/26 18:26:58.597, 21697
2026/09/26 18:26:59.097, 21697
2026/09/26 18:26:59.597, 21697
2026/09/26 18:27:00.097, 21697
2026/09/26 18:27:00.597, 21697
2026/09/26 18:27:01.097, 21697
2026/09/26 18:27:01.598, 21697
2026/09/26 18:27:02.098, 21697
2026/09/26 18:27:02.598, 21697
2026/09/26 18:27:03.098, 21697
2026/09/26 18:27:03.598, 21697
2026/09/26 18:27:04.098, 21697
2026/09/26 18:27:04.598, 21697
2026/09/26 18:27:05.099, 21697
2026/09/26 18:27:05.599, 21697
2026/09/26 18:27:06.099, 21697
2026/09/26 18:27:06.599, 21697
2026/09/26 18:27:07.099, 21697
2026/09/26 18:27:07.599, 21697
2026/09/26 18:27:08.099, 21697
2026/09/26 18:27:08.600, 21697
2026/09/26 18:27:09.100, 21697
2026/09/26 18:27:09.600, 21697
2026/09/26 18:27:10.100, 21697
2026/09/26 18:27:10.600, 21697
2026/09/26 18:27:11.100, 21697
2026/09/26 18:27:11.601, 21697
2026/09/26 18:27:12.101, 21697
2026/09/26 18:27:12.601, 21697
2026/09/26 18:27:13.101, 21697
2026/09/26 18:27:13.601, 21697
2026/09/26 18:27:14.101, 21697
2026/09/26 18:27:14.602, 21697
2026/09/26 18:27:15.102, 21697
2026/09/26 18:27:15.602, 21697
2026/09/26 18:27:16.102, 21697
2026/09/26 18:27:16.602, 21697
2026/09/26 18:27:17.102, 21697
2026/09/26 18:27:17.603, 21697
2026/09/26 18:27:18.103, 21697
2026/09/26 18:27:18.603, 21697
2026/09/26 18:27:19.103, 21697
2026/09/26 18:27:19.603, 21697
2026/09/26 18:27:20.103, 21697
2026/09/26 18:27:20.603, 21697
2026/09/26 18:27:21.104, 21697
2026/09/26 18:27:21.604, 21697
2026/09/26 18:27:22.104, 21697
2026/09/26 18:27:22.604, 21697
2026/09/26 18:27:23.104, 21697
2026/09/26 18:27:23.604, 21697
2026/09/26 18:27:24.105, 21697
2026/09/26 18:27:24.605, 21697
2026/09/26 18:27:25.105, 21697
2026/09/26 18:27:25.605, 21697
2026/09/26 18:27:26.105, 21697
2026/09/26 18:27:26.605, 21697
2026/09/26 18:27:27.105, 21697
2026/09/26 18:27:27.606, 21697
2026/09/26 18:27:28.106, 21697
2026/09/26 18:27:28.606, 21697
2026/09/26 18:27:29.106, 21697
2026/09/26 18:27:29.606, 21697
2026/09/26 18:27:30.106, 21697
2026/09/26 18:27:30.606, 21697
2026/09/26 18:27:31.107, 21697
2026/09/26 18:27:31.607, 21697
2026/09/26 18:27:32.107, 21697
2026/09/26 18:27:32.607, 21697
2026/09/26 18:27:33.107, 21697
2026/09/26 18:27:33.607, 21697
2026/09/26 18:27:34.108, 21697
2026/09/26 18:27:34.608, 21697
2026/09/26 18:27:35.108, 21697
2026/09/26 18:27:35.608, 21697
2026/09/26 18:27:36.108, 21697
2026/09/26 18:27:36.608, 21697
2026/09/26 18:27:37.108, 21697
2026/09/26 18:27:37.609, 21697
2026/09/26 18:27:38.109, 21697
2026/09/26 18:27:38.609, 21697
2026/09/26 18:27:39.109, 21697
2026/09/26 18:27:39.609, 21697
2026/09/26 18:27:40.109, 21697
2026/09/26 18:27:40.610, 21697
2026/09/26 18:27:41.110, 21697
2026/09/26 18:27:41.610, 21697
2026/09/26 18:27:42.110, 21697
2026/09/26 18:27:42.610, 21697
2026/09/26 18:27:43.110, 21697
2026/09/26 18:27:43.610, 21697
2026/09/26 18:27:44.111, 21697
2026/09/26 18:27:44.611, 21697
2026/09/26 18:27:45.111, 21697
2026/09/26 18:27:45.611, 21697
2026/09/26 18:27:46.111, 21697
2026/09/26 18:27:46.611, 21697
2026/09/26 18:27:47.112, 21697
2026/09/26 18:27:47.612, 21697
2026/09/26 18:27:48.112, 21697
2026/09/26 18:27:48.612, 21697
2026/09/26 18:27:49.112, 21697
2026/09/26 18:27:49.612, 21697
2026/09/26 18:27:50.113, 21697
2026/09/26 18:27:50.613, 21697
2026/09/26 18:27:51.113, 21697
2026/09/26 18:27:51.613, 21697
2026/09/26 18:27:52.113, 21697
2026/09/26 18:27:52.614, 21697
2026/09/26 18:27:53.114, 21697
2026/09/26 18:27:53.614, 21697
2026/09/26 18:27:54.114, 21697
2026/09/26 18:27:54.614, 21697
2026/09/26 18:27:55.114, 21697
2026/09/26 18:27:55.615, 21697
2026/09/26 18:27:56.115, 21697
2026/09/26 18:27:56.615, 21697
2026/09/26 18:27:57.115, 21697
2026/09/26 18:27:57.615, 21697
2026/09/26 18:27:58.115, 21697
2026/09/26 18:27:58.616, 21697
2026/09/26 18:27:59.116, 21697
2026/09/26 18:27:59.616, 21697
2026/09/26 18:28:00.116, 21697
2026/09/26 18:28:00.616, 21697
2026/09/26 18:28:01.116, 21697
2026/09/26 18:28:01.617, 21697
2026/09/26 18:28:02.117, 21697
2026/09/26 18:28:02.617, 21697
2026/09/26 18:28:03.117, 21697
2026/09/26 18:28:03.617, 21697
2026/09/26 18:28:04.117, 21697
2026/09/26 18:28:04.618, 21697
2026/09/26 18:28:05.118, 21697
2026/09/26 18:28:05.618, 21697
2026/09/26 18:28:06.118, 21697
2026/09/26 18:28:06.618, 21697
2026/09/26 18:28:07.118, 21697
2026/09/26 18:28:07.618, 21697
2026/09/26 18:28:08.119, 21697
2026/09/26 18:28:08.619, 21697
2026/09/26 18:28:09.119, 21697
2026/09/26 18:28:09.619, 21697
2026/09/26 18:28:10.119, 21697
2026/09/26 18:28:10.619, 21697
2026/09/26 18:28:11.120, 21697
2026/09/26 18:28:11.620, 21697
2026/09/26 18:28:12.120, 21697
2026/09/26 18:28:12.620, 21697
2026/09/26 18:28:13.120, 21697
2026/09/26 18:28:13.620, 21697
2026/09/26 18:28:14.121, 21697
2026/09/26 18:28:14.621, 21697
2026/09/26 18:28:15.121, 21697
2026/09/26 18:28:15.621, 21697
2026/09/26 18:28:16.121, 21697
2026/09/26 18:28:16.621, 21697
2026/09/26 18:28:17.121, 21697
2026/09/26 18:28:17.622, 21697
2026/09/26 18:28:18.122, 21697
2026/09/26 18:28:18.622, 21697
2026/09/26 18:28:19.122, 21697
2026/09/26 18:28:19.622, 21697
2026/09/26 18:28:20.123, 21697
2026/09/26 18:28:20.623, 21697
2026/09/26 18:28:21.123, 21697
2026/09/26 18:28:21.623, 21697
2026/09/26 18:28:22.123, 21697
2026/09/26 18:28:22.623, 21697
2026/09/26 18:28:23.124, 21697
2026/09/26 18:28:23.624, 21697
2026/09/26 18:28:24.124, 21697
2026/09/26 18:28:24.624, 21697
2026/09/26 18:28:25.124, 21697
2026/09/26 18:28:25.625, 21697
2026/09/26 18:28:26.125, 21697
2026/09/26 18:28:26.625, 21697
2026/09/26 18:28:27.125, 21697
2026/09/26 18:28:27.625, 21697
2026/09/26 18:28:28.125, 21697
2026/09/26 18:28:28.625, 21697
2026/09/26 18:28:29.126, 21697
2026/09/26 18:28:29.626, 21697
2026/09/26 18:28:30.126, 21697
2026/09/26 18:28:30.626, 21697
2026/09/26 18:28:31.126, 21697
2026/09/26 18:28:31.626, 21697
2026/09/26 18:28:32.127, 21697
2026/09/26 18:28:32.627, 21697
2026/09/26 18:28:33.127, 21697
2026/09/26 18:28:33.627, 21697
2026/09/26 18:28:34.127, 21697
2026/09/26 18:28:34.627, 21697
2026/09/26 18:28:35.128, 21697
2026/09/26 18:28:35.628, 21697
2026/09/26 18:28:36.128, 21697
2026/09/26 18:28:36.628, 21697
2026/09/26 18:28:37.128, 21697
2026/09/26 18:28:37.629, 21697
2026/09/26 18:28:38.129, 21697
2026/09/26 18:28:38.629, 21697
2026/09/26 18:28:39.129, 21697
2026/09/26 18:28:39.629, 21697
2026/09/26 18:28:40.129, 21697
2026/09/26 18:28:40.629, 21697
2026/09/26 18:28:41.130, 21697
2026/09/26 18:28:41.630, 21697
2026/09/26 18:28:42.130, 21697
2026/09/26 18:28:42.630, 21697
2026/09/26 18:28:43.130, 21697
2026/09/26 18:28:43.630, 21697
2026/09/26 18:28:44.131, 21697
2026/09/26 18:28:44.631, 21697
2026/09/26 18:28:45.131, 21697
2026/09/26 18:28:45.631, 21697
2026/09/26 18:28:46.131, 21697
2026/09/26 18:28:46.631, 21697
2026/09/26 18:28:47.132, 21697
2026/09/26 18:28:47.632, 21697
2026/09/26 18:28:48.132, 21697
2026/09/26 18:28:48.632, 21697
2026/09/26 18:28:49.132, 21697
2026/09/26 18:28:49.632, 21697
2026/09/26 18:28:50.132, 21697
2026/09/26 18:28:50.633, 21697
2026/09/26 18:28:51.133, 21697
2026/09/26 18:28:51.633, 21697
2026/09/26 18:28:52.133, 21697
2026/09/26 18:28:52.633, 21697
2026/09/26 18:28:53.133, 21697
2026/09/26 18:28:53.633, 21697
2026/09/26 18:28:54.134, 21697
2026/09/26 18:28:54.634, 21697
2026/09/26 18:28:55.134, 21697
2026/09/26 18:28:55.634, 21697
2026/09/26 18:28:56.134, 21697
2026/09/26 18:28:56.634, 21697
2026/09/26 18:28:57.135, 21697
2026/09/26 18:28:57.635, 21697
2026/09/26 18:28:58.135, 21697
2026/09/26 18:28:58.635, 21697
2026/09/26 18:28:59.135, 21697
2026/09/26 18:28:59.635, 21697
2026/09/26 18:29:00.136, 21697
2026/09/26 18:29:00.636, 21697
2026/09/26 18:29:01.136, 21697
2026/09/26 18:29:01.636, 21697
2026/09/26 18:29:02.136, 21697
2026/09/26 18:29:02.636, 21697
2026/09/26 18:29:03.136, 21697
2026/09/26 18:29:03.637, 21697
2026/09/26 18:29:04.137, 21697
2026/09/26 18:29:04.637, 21697
2026/09/26 18:29:05.137, 21697
2026/09/26 18:29:05.637, 21697
2026/09/26 18:29:06.137, 21697
2026/09/26 18:29:06.638, 21697
2026/09/26 18:29:07.138, 21697
2026/09/26 18:29:07.638, 21697
2026/09/26 18:29:08.138, 21697
2026/09/26 18:29:08.638, 21697
2026/09/26 18:29:09.138, 21697
2026/09/26 18:29:09.638, 21697
2026/09/26 18:29:10.139, 21697
2026/09/26 18:29:10.639, 21697
2026/09/26 18:29:11.139, 21697
2026/09/26 18:29:11.639, 21697
2026/09/26 18:29:12.139, 21697
2026/09/26 18:29:12.639, 21697
2026/09/26 18:29:13.139, 21697
2026/09/26 18:29:13.640, 21697
2026/09/26 18:29:14.140, 21697
2026/09/26 18:29:14.640, 21697
2026/09/26 18:29:15.140, 21697
2026/09/26 18:29:15.640, 21697
2026/09/26 18:29:16.140, 21697
2026/09/26 18:29:16.640, 21697
2026/09/26 18:29:17.141, 21697
2026/09/26 18:29:17.641, 21697
2026/09/26 18:29:18.141, 21697
2026/09/26 18:29:18.641, 21697
2026/09/26 18:29:19.141, 21697
2026/09/26 18:29:19.641, 21697
2026/09/26 18:29:20.142, 21697
2026/09/26 18:29:20.642, 21697
2026/09/26 18:29:21.142, 21697
2026/09/26 18:29:21.642, 21697
2026/09/26 18:29:22.143, 21697
2026/09/26 18:29:22.643, 21697
2026/09/26 18:29:23.143, 21697
2026/09/26 18:29:23.644, 21697
2026/09/26 18:29:24.144, 21697
2026/09/26 18:29:24.644, 21697
2026/09/26 18:29:25.144, 21697
2026/09/26 18:29:25.644, 21697
2026/09/26 18:29:26.144, 21697
2026/09/26 18:29:26.645, 21697
2026/09/26 18:29:27.145, 21697
2026/09/26 18:29:27.645, 21697
2026/09/26 18:29:28.145, 21697
2026/09/26 18:29:28.645, 21697
2026/09/26 18:29:29.145, 21697
2026/09/26 18:29:29.645, 21697
2026/09/26 18:29:30.146, 21697
2026/09/26 18:29:30.646, 21697
2026/09/26 18:29:31.146, 21697
2026/09/26 18:29:31.646, 21697
2026/09/26 18:29:32.146, 21697
2026/09/26 18:29:32.646, 21697
2026/09/26 18:29:33.146, 21697
2026/09/26 18:29:33.647, 21697
2026/09/26 18:29:34.147, 21697
2026/09/26 18:29:34.647, 21697
2026/09/26 18:29:35.147, 21697
2026/09/26 18:29:35.647, 21697
2026/09/26 18:29:36.147, 21697
2026/09/26 18:29:36.648, 21697
2026/09/26 18:29:37.148, 21697
2026/09/26 18:29:37.648, 21697
2026/09/26 18:29:38.148, 21697
2026/09/26 18:29:38.648, 21697
2026/09/26 18:29:39.149, 21697
2026/09/26 18:29:39.649, 21697
2026/09/26 18:29:40.149, 21697
2026/09/26 18:29:40.649, 21697
2026/09/26 18:29:41.149, 21697
2026/09/26 18:29:41.649, 21697
2026/09/26 18:29:42.149, 21697
2026/09/26 18:29:42.650, 21697
2026/09/26 18:29:43.150, 21697
2026/09/26 18:29:43.650, 21697
2026/09/26 18:29:44.150, 21697
2026/09/26 18:29:44.650, 21697
2026/09/26 18:29:45.150, 21697
2026/09/26 18:29:45.650, 21697
2026/09/26 18:29:46.151, 21697
2026/09/26 18:29:46.651, 21697
2026/09/26 18:29:47.151, 21697
2026/09/26 18:29:47.651, 21697
2026/09/26 18:29:48.151, 21697
2026/09/26 18:29:48.652, 21697
2026/09/26 18:29:49.152, 21697
2026/09/26 18:29:49.652, 21697
2026/09/26 18:29:50.152, 21697
2026/09/26 18:29:50.652, 21697
2026/09/26 18:29:51.152, 21697
2026/09/26 18:29:51.652, 21697
2026/09/26 18:29:52.153, 21697
2026/09/26 18:29:52.653, 21697
2026/09/26 18:29:53.153, 21697
2026/09/26 18:29:53.653, 21697
2026/09/26 18:29:54.153, 21697
2026/09/26 18:29:54.653, 21697
2026/09/26 18:29:55.153, 21697
2026/09/26 18:29:55.654, 21697
2026/09/26 18:29:56.154, 21697
2026/09/26 18:29:56.654, 21697
2026/09/26 18:29:57.154, 21697
2026/09/26 18:29:57.654, 21697
2026/09/26 18:29:58.154, 21697
2026/09/26 18:29:58.654, 21697
2026/09/26 18:29:59.154, 21697
2026/09/26 18:29:59.655, 21697
2026/09/26 18:30:00.155, 21697
2026/09/26 18:30:00.655, 21697
2026/09/26 18:30:01.155, 21697
2026/09/26 18:30:01.655, 21697
2026/09/26 18:30:02.155, 21697
2026/09/26 18:30:02.655, 21697
2026/09/26 18:30:03.156, 21697
2026/09/26 18:30:03.656, 21697
2026/09/26 18:30:04.156, 21697
2026/09/26 18:30:04.656, 21697
2026/09/26 18:30:05.156, 21697
2026/09/26 18:30:05.656, 21697
2026/09/26 18:30:06.156, 21697
2026/09/26 18:30:06.657, 21697
2026/09/26 18:30:07.157, 21697
2026/09/26 18:30:07.657, 21697
2026/09/26 18:30:08.157, 21697
2026/09/26 18:30:08.657, 21697
2026/09/26 18:30:09.157, 21697
2026/09/26 18:30:09.657, 21697
2026/09/26 18:30:10.158, 21697
2026/09/26 18:30:10.658, 21697
2026/09/26 18:30:11.158, 21697
2026/09/26 18:30:11.658, 21697
2026/09/26 18:30:12.158, 21697
2026/09/26 18:30:12.658, 21697
2026/09/26 18:30:13.158, 21697
2026/09/26 18:30:13.659, 21697
2026/09/26 18:30:14.159, 21697
2026/09/26 18:30:14.659, 21697
2026/09/26 18:30:15.159, 21697
2026/09/26 18:30:15.659, 21697
2026/09/26 18:30:16.159, 21697
2026/09/26 18:30:16.659, 21697
2026/09/26 18:30:17.160, 21697
2026/09/26 18:30:17.660, 21697
2026/09/26 18:30:18.160, 21697
2026/09/26 18:30:18.660, 21697
2026/09/26 18:30:19.160, 21697
2026/09/26 18:30:19.660, 21697
2026/09/26 18:30:20.160, 21697
2026/09/26 18:30:20.661, 21697
2026/09/26 18:30:21.161, 21697
2026/09/26 18:30:21.661, 21697
2026/09/26 18:30:22.161, 21697
2026/09/26 18:30:22.661, 21697
2026/09/26 18:30:23.161, 21697
2026/09/26 18:30:23.662, 21697
2026/09/26 18:30:24.162, 21697
2026/09/26 18:30:24.662, 21697
2026/09/26 18:30:25.162, 21697
2026/09/26 18:30:25.662, 21697
2026/09/26 18:30:26.162, 21697
2026/09/26 18:30:26.663, 21697
2026/09/26 18:30:27.163, 21697
2026/09/26 18:30:27.663, 21697
2026/09/26 18:30:28.163, 21697
2026/09/26 18:30:28.663, 21697
2026/09/26 18:30:29.163, 21697
2026/09/26 18:30:29.663, 21697
2026/09/26 18:30:30.164, 21697
2026/09/26 18:30:30.664, 21697
2026/09/26 18:30:31.164, 21697
2026/09/26 18:30:31.664, 21697
2026/09/26 18:30:32.164, 21697
2026/09/26 18:30:32.664, 21697
2026/09/26 18:30:33.165, 21697
2026/09/26 18:30:33.665, 21697
2026/09/26 18:30:34.165, 21697
2026/09/26 18:30:34.665, 21697
2026/09/26 18:30:35.165, 21697
2026/09/26 18:30:35.665, 21697
2026/09/26 18:30:36.166, 21697
2026/09/26 18:30:36.666, 21697
2026/09/26 18:30:37.166, 21697
2026/09/26 18:30:37.666, 21697
2026/09/26 18:30:38.166, 21697
2026/09/26 18:30:38.666, 21697
2026/09/26 18:30:39.166, 21697
2026/09/26 18:30:39.667, 21697
2026/09/26 18:30:40.167, 21697
2026/09/26 18:30:40.667, 21697
2026/09/26 18:30:41.167, 21697
2026/09/26 18:30:41.667, 21697
2026/09/26 18:30:42.167, 21697
2026/09/26 18:30:42.668, 21697
2026/09/26 18:30:43.168, 21697
2026/09/26 18:30:43.668, 21697
2026/09/26 18:30:44.168, 21697
2026/09/26 18:30:44.668, 21697
2026/09/26 18:30:45.168, 21697
2026/09/26 18:30:45.669, 21697
2026/09/26 18:30:46.169, 21697
2026/09/26 18:30:46.669, 21697
2026/09/26 18:30:47.169, 21697
2026/09/26 18:30:47.669, 21697
2026/09/26 18:30:48.169, 21697
2026/09/26 18:30:48.669, 21697
2026/09/26 18:30:49.170, 21697
2026/09/26 18:30:49.670, 21697
2026/09/26 18:30:50.170, 21697
2026/09/26 18:30:50.670, 21697
2026/09/26 18:30:51.170, 21697
2026/09/26 18:30:51.670, 21697
2026/09/26 18:30:52.170, 21697
2026/09/26 18:30:52.671, 21697
2026/09/26 18:30:53.171, 21697
2026/09/26 18:30:53.671, 21697
2026/09/26 18:30:54.171, 21697
2026/09/26 18:30:54.671, 21697
2026/09/26 18:30:55.171, 21697
2026/09/26 18:30:55.672, 21697
2026/09/26 18:30:56.172, 21697
2026/09/26 18:30:56.672, 21697
2026/09/26 18:30:57.172, 21697
2026/09/26 18:30:57.672, 21697
2026/09/26 18:30:58.172, 21697
2026/09/26 18:30:58.673, 21697
2026/09/26 18:30:59.173, 21697
2026/09/26 18:30:59.673, 21697
2026/09/26 18:31:00.173, 21697
2026/09/26 18:31:00.673, 21697
2026/09/26 18:31:01.173, 21697
2026/09/26 18:31:01.674, 21697
2026/09/26 18:31:02.174, 21697
2026/09/26 18:31:02.674, 21697
2026/09/26 18:31:03.174, 21697
2026/09/26 18:31:03.674, 21697
2026/09/26 18:31:04.174, 21697
2026/09/26 18:31:04.674, 21697
2026/09/26 18:31:05.175, 21697
2026/09/26 18:31:05.675, 21697
2026/09/26 18:31:06.175, 21697
2026/09/26 18:31:06.675, 21697
2026/09/26 18:31:07.175, 21697
2026/09/26 18:31:07.675, 21697
2026/09/26 18:31:08.176, 21697
2026/09/26 18:31:08.676, 21697
2026/09/26 18:31:09.176, 21697
2026/09/26 18:31:09.676, 21697
2026/09/26 18:31:10.176, 21697
2026/09/26 18:31:10.676, 21697
2026/09/26 18:31:11.177, 21697
2026/09/26 18:31:11.677, 21697
2026/09/26 18:31:12.177, 21697
2026/09/26 18:31:12.677, 21697
2026/09/26 18:31:13.177, 21697
2026/09/26 18:31:13.677, 21697
2026/09/26 18:31:14.178, 21697
2026/09/26 18:31:14.678, 21697
2026/09/26 18:31:15.178, 21697
2026/09/26 18:31:15.678, 21697
2026/09/26 18:31:16.178, 21697
2026/09/26 18:31:16.678, 21697
2026/09/26 18:31:17.179, 21697
2026/09/26 18:31:17.679, 21697
2026/09/26 18:31:18.179, 21697
2026/09/26 18:31:18.679, 21697
2026/09/26 18:31:19.179, 21697
2026/09/26 18:31:19.679, 21697
2026/09/26 18:31:20.180, 21697
2026/09/26 18:31:20.680, 21697
2026/09/26 18:31:21.180, 21697
2026/09/26 18:31:21.680, 21697
2026/09/26 18:31:22.180, 21697
2026/09/26 18:31:22.680, 21697
2026/09/26 18:31:23.180, 21697
2026/09/26 18:31:23.681, 21697
2026/09/26 18:31:24.181, 21697
2026/09/26 18:31:24.681, 21697
2026/09/26 18:31:25.181, 21697
2026/09/26 18:31:25.681, 21697
2026/09/26 18:31:26.181, 21697
2026/09/26 18:31:26.681, 21697
2026/09/26 18:31:27.182, 21697
2026/09/26 18:31:27.682, 21697
2026/09/26 18:31:28.182, 21697
2026/09/26 18:31:28.682, 21697
2026/09/26 18:31:29.182, 21697
2026/09/26 18:31:29.682, 21697
2026/09/26 18:31:30.183, 21697
2026/09/26 18:31:30.683, 21697
2026/09/26 18:31:31.183, 21697
2026/09/26 18:31:31.683, 21697
2026/09/26 18:31:32.183, 21697
2026/09/26 18:31:32.683, 21697
2026/09/26 18:31:33.183, 21697
2026/09/26 18:31:33.684, 21697
2026/09/26 18:31:34.184, 21697
2026/09/26 18:31:34.684, 21697
2026/09/26 18:31:35.184, 21697
2026/09/26 18:31:35.684, 21697
2026/09/26 18:31:36.184, 21697
2026/09/26 18:31:36.685, 21697
2026/09/26 18:31:37.185, 21697
2026/09/26 18:31:37.685, 21697
2026/09/26 18:31:38.185, 21697
2026/09/26 18:31:38.685, 21697
2026/09/26 18:31:39.185, 21697
2026/09/26 18:31:39.685, 21697
2026/09/26 18:31:40.185, 21697
2026/09/26 18:31:40.686, 21697
2026/09/26 18:31:41.186, 21697
2026/09/26 18:31:41.686, 21697
2026/09/26 18:31:42.186, 21697
2026/09/26 18:31:42.686, 21697
2026/09/26 18:31:43.186, 21697
2026/09/26 18:31:43.686, 21697
2026/09/26 18:31:44.187, 21697
2026/09/26 18:31:44.687, 21697
2026/09/26 18:31:45.187, 21697
2026/09/26 18:31:45.687, 21697
2026/09/26 18:31:46.187, 21697
2026/09/26 18:31:46.687, 21697
2026/09/26 18:31:47.187, 21697
2026/09/26 18:31:47.688, 21697
2026/09/26 18:31:48.188, 21697
2026/09/26 18:31:48.688, 21697
2026/09/26 18:31:49.188, 21697
2026/09/26 18:31:49.688, 21697
2026/09/26 18:31:50.189, 21697
2026/09/26 18:31:50.689, 21697
2026/09/26 18:31:51.189, 21697
2026/09/26 18:31:51.689, 21697
2026/09/26 18:31:52.189, 21697
2026/09/26 18:31:52.689, 21697
2026/09/26 18:31:53.190, 21697
2026/09/26 18:31:53.690, 21697
2026/09/26 18:31:54.190, 21697
2026/09/26 18:31:54.690, 21697
2026/09/26 18:31:55.190, 21697
2026/09/26 18:31:55.690, 21697
2026/09/26 18:31:56.190, 21697
2026/09/26 18:31:56.691, 21697
2026/09/26 18:31:57.191, 21697
2026/09/26 18:31:57.691, 21697
2026/09/26 18:31:58.191, 21697
2026/09/26 18:31:58.691, 21697
2026/09/26 18:31:59.191, 21697
2026/09/26 18:31:59.692, 21697
2026/09/26 18:32:00.192, 21697
2026/09/26 18:32:00.692, 21697
2026/09/26 18:32:01.192, 21697
2026/09/26 18:32:01.692, 21697
2026/09/26 18:32:02.192, 21697
2026/09/26 18:32:02.692, 21697
2026/09/26 18:32:03.193, 21697
2026/09/26 18:32:03.693, 21697
2026/09/26 18:32:04.193, 21697
2026/09/26 18:32:04.693, 21697
2026/09/26 18:32:05.193, 21697
2026/09/26 18:32:05.693, 21697
2026/09/26 18:32:06.194, 21697
2026/09/26 18:32:06.694, 21697
2026/09/26 18:32:07.194, 21697
2026/09/26 18:32:07.694, 21697
2026/09/26 18:32:08.194, 21697
2026/09/26 18:32:08.694, 21697
2026/09/26 18:32:09.194, 21697
2026/09/26 18:32:09.695, 21697
2026/09/26 18:32:10.195, 21697
2026/09/26 18:32:10.695, 21697
2026/09/26 18:32:11.195, 21697
2026/09/26 18:32:11.695, 21697
2026/09/26 18:32:12.195, 21697
2026/09/26 18:32:12.696, 21697
2026/09/26 18:32:13.196, 21697
2026/09/26 18:32:13.696, 21697
2026/09/26 18:32:14.196, 21697
2026/09/26 18:32:14.696, 21697
2026/09/26 18:32:15.196, 21697
2026/09/26 18:32:15.697, 21697
2026/09/26 18:32:16.197, 21697
2026/09/26 18:32:16.697, 21697
2026/09/26 18:32:17.197, 21697
2026/09/26 18:32:17.697, 21697
2026/09/26 18:32:18.197, 21697
2026/09/26 18:32:18.697, 21697
2026/09/26 18:32:19.198, 21697
2026/09/26 18:32:19.698, 21697
2026/09/26 18:32:20.198, 21697
2026/09/26 18:32:20.698, 21697
2026/09/26 18:32:21.198, 21697
2026/09/26 18:32:21.698, 21697
2026/09/26 18:32:22.198, 21697
2026/09/26 18:32:22.699, 21697
2026/09/26 18:32:23.199, 21697
2026/09/26 18:32:23.699, 21697
2026/09/26 18:32:24.199, 21697
2026/09/26 18:32:24.699, 21697
2026/09/26 18:32:25.200, 21697
2026/09/26 18:32:25.700, 21697
2026/09/26 18:32:26.200, 21697
2026/09/26 18:32:26.700, 21697
2026/09/26 18:32:27.200, 21697
2026/09/26 18:32:27.701, 21697
2026/09/26 18:32:28.201, 21697
2026/09/26 18:32:28.701, 21697
2026/09/26 18:32:29.201, 21697
2026/09/26 18:32:29.701, 21697
2026/09/26 18:32:30.201, 21697
2026/09/26 18:32:30.701, 21697
2026/09/26 18:32:31.202, 21697
2026/09/26 18:32:31.702, 21697
2026/09/26 18:32:32.202, 21697
2026/09/26 18:32:32.702, 21697
2026/09/26 18:32:33.202, 21697
2026/09/26 18:32:33.702, 21697
2026/09/26 18:32:34.203, 21697
2026/09/26 18:32:34.703, 21697
2026/09/26 18:32:35.203, 21697
2026/09/26 18:32:35.703, 21697
2026/09/26 18:32:36.203, 21697
2026/09/26 18:32:36.703, 21697
2026/09/26 18:32:37.204, 21697
2026/09/26 18:32:37.704, 21697
2026/09/26 18:32:38.204, 21697
2026/09/26 18:32:38.704, 21697
2026/09/26 18:32:39.204, 21697
2026/09/26 18:32:39.704, 21697
2026/09/26 18:32:40.204, 21697
2026/09/26 18:32:40.705, 21697
2026/09/26 18:32:41.205, 21697
2026/09/26 18:32:41.705, 21697
2026/09/26 18:32:42.205, 21697
2026/09/26 18:32:42.705, 21697
2026/09/26 18:32:43.205, 21697
2026/09/26 18:32:43.705, 21697
2026/09/26 18:32:44.206, 21697
2026/09/26 18:32:44.706, 21697
2026/09/26 18:32:45.206, 21697
2026/09/26 18:32:45.706, 21697
2026/09/26 18:32:46.206, 21697
2026/09/26 18:32:46.706, 21697
2026/09/26 18:32:47.206, 21697
2026/09/26 18:32:47.707, 21697
2026/09/26 18:32:48.207, 21697
2026/09/26 18:32:48.707, 21697
2026/09/26 18:32:49.207, 21697
2026/09/26 18:32:49.707, 21697
2026/09/26 18:32:50.208, 21697
2026/09/26 18:32:50.708, 21697
2026/09/26 18:32:51.208, 21697
2026/09/26 18:32:51.708, 21697
2026/09/26 18:32:52.208, 21697
2026/09/26 18:32:52.708, 21697
2026/09/26 18:32:53.209, 21697
2026/09/26 18:32:53.709, 21697
2026/09/26 18:32:54.209, 21697
2026/09/26 18:32:54.709, 21697
2026/09/26 18:32:55.209, 21697
2026/09/26 18:32:55.709, 21697
2026/09/26 18:32:56.209, 21697
2026/09/26 18:32:56.710, 21697
2026/09/26 18:32:57.210, 21697
2026/09/26 18:32:57.710, 21697
2026/09/26 18:32:58.210, 21697
2026/09/26 18:32:58.710, 21697
2026/09/26 18:32:59.210, 21697
2026/09/26 18:32:59.710, 21697
2026/09/26 18:33:00.211, 21697
2026/09/26 18:33:00.711, 21697
2026/09/26 18:33:01.211, 21697
2026/09/26 18:33:01.711, 21697
2026/09/26 18:33:02.211, 21697
2026/09/26 18:33:02.711, 21697
2026/09/26 18:33:03.211, 21697
2026/09/26 18:33:03.712, 21697
2026/09/26 18:33:04.212, 21697
2026/09/26 18:33:04.712, 21697
2026/09/26 18:33:05.212, 21697
2026/09/26 18:33:05.712, 21697
2026/09/26 18:33:06.212, 21697
2026/09/26 18:33:06.712, 21697
2026/09/26 18:33:07.213, 21697
2026/09/26 18:33:07.713, 21697
2026/09/26 18:33:08.213, 21697
2026/09/26 18:33:08.713, 21697
2026/09/26 18:33:09.213, 21697
2026/09/26 18:33:09.713, 21697
2026/09/26 18:33:10.213, 21697
2026/09/26 18:33:10.714, 21697
2026/09/26 18:33:11.214, 21697
2026/09/26 18:33:11.714, 21697
2026/09/26 18:33:12.214, 21697
2026/09/26 18:33:12.714, 21697
2026/09/26 18:33:13.214, 21697
2026/09/26 18:33:13.714, 21697
2026/09/26 18:33:14.215, 21697
2026/09/26 18:33:14.715, 21697
2026/09/26 18:33:15.215, 21697
2026/09/26 18:33:15.715, 21697
2026/09/26 18:33:16.215, 21697
2026/09/26 18:33:16.715, 21697
2026/09/26 18:33:17.215, 21697
2026/09/26 18:33:17.716, 21697
2026/09/26 18:33:18.216, 21697
2026/09/26 18:33:18.716, 21697
2026/09/26 18:33:19.216, 21697
2026/09/26 18:33:19.716, 21697
2026/09/26 18:33:20.216, 21697
2026/09/26 18:33:20.716, 21697
2026/09/26 18:33:21.217, 21697
2026/09/26 18:33:21.717, 21697
2026/09/26 18:33:22.217, 21697
2026/09/26 18:33:22.717, 21697
2026/09/26 18:33:23.217, 21697
2026/09/26 18:33:23.717, 21697
2026/09/26 18:33:24.217, 21697
2026/09/26 18:33:24.718, 21697
2026/09/26 18:33:25.218, 21697
2026/09/26 18:33:25.718, 21697
2026/09/26 18:33:26.218, 21697
2026/09/26 18:33:26.718, 21697
2026/09/26 18:33:27.218, 21697
2026/09/26 18:33:27.718, 21697
2026/09/26 18:33:28.219, 21697
2026/09/26 18:33:28.719, 21697
2026/09/26 18:33:29.219, 21697
2026/09/26 18:33:29.719, 21697
2026/09/26 18:33:30.219, 21697
2026/09/26 18:33:30.719, 21697
2026/09/26 18:33:31.219, 21697
2026/09/26 18:33:31.720, 21697
2026/09/26 18:33:32.220, 21697
2026/09/26 18:33:32.720, 21697
2026/09/26 18:33:33.220, 21697
2026/09/26 18:33:33.720, 21697
2026/09/26 18:33:34.220, 21697
2026/09/26 18:33:34.720, 21697
2026/09/26 18:33:35.221, 21697
2026/09/26 18:33:35.721, 21697
2026/09/26 18:33:36.221, 21697
2026/09/26 18:33:36.721, 21697
2026/09/26 18:33:37.221, 21697
2026/09/26 18:33:37.721, 21697
2026/09/26 18:33:38.221, 21697
2026/09/26 18:33:38.722, 21697
2026/09/26 18:33:39.222, 21697
2026/09/26 18:33:39.722, 21697
2026/09/26 18:33:40.222, 21697
2026/09/26 18:33:40.722, 21697
2026/09/26 18:33:41.222, 21697
2026/09/26 18:33:41.723, 21697
2026/09/26 18:33:42.223, 21697
2026/09/26 18:33:42.723, 21697
2026/09/26 18:33:43.223, 21697
2026/09/26 18:33:43.723, 21697
2026/09/26 18:33:44.223, 21697
2026/09/26 18:33:44.723, 21697
2026/09/26 18:33:45.223, 21697
2026/09/26 18:33:45.724, 21697
2026/09/26 18:33:46.224, 21697
2026/09/26 18:33:46.724, 21697
2026/09/26 18:33:47.224, 21697
2026/09/26 18:33:47.724, 21697
2026/09/26 18:33:48.224, 21697
2026/09/26 18:33:48.724, 21697
2026/09/26 18:33:49.225, 21697
2026/09/26 18:33:49.725, 21697
2026/09/26 18:33:50.225, 21697
2026/09/26 18:33:50.725, 21697
2026/09/26 18:33:51.225, 21697
2026/09/26 18:33:51.725, 21697
2026/09/26 18:33:52.225, 21697
2026/09/26 18:33:52.726, 21697
2026/09/26 18:33:53.226, 21697
2026/09/26 18:33:53.726, 21697
2026/09/26 18:33:54.226, 21697
2026/09/26 18:33:54.726, 21697
2026/09/26 18:33:55.226, 21697
2026/09/26 18:33:55.726, 21697
2026/09/26 18:33:56.227, 21697
2026/09/26 18:33:56.727, 21697
2026/09/26 18:33:57.227, 21697
2026/09/26 18:33:57.727, 21697
2026/09/26 18:33:58.227, 21697
2026/09/26 18:33:58.727, 21697
2026/09/26 18:33:59.227, 21697
2026/09/26 18:33:59.728, 21697
2026/09/26 18:34:00.228, 21697
2026/09/26 18:34:00.728, 21697
2026/09/26 18:34:01.228, 21697
2026/09/26 18:34:01.728, 21697
2026/09/26 18:34:02.228, 21697
2026/09/26 18:34:02.728, 21697
2026/09/26 18:34:03.229, 21697
2026/09/26 18:34:03.729, 21697
2026/09/26 18:34:04.229, 21697
2026/09/26 18:34:04.729, 21697
2026/09/26 18:34:05.229, 21697
2026/09/26 18:34:05.729, 21697
2026/09/26 18:34:06.229, 21697
2026/09/26 18:34:06.730, 21697
2026/09/26 18:34:07.230, 21697
2026/09/26 18:34:07.731, 21697
2026/09/26 18:34:08.231, 21697
2026/09/26 18:34:08.731, 21697
2026/09/26 18:34:09.231, 21697
2026/09/26 18:34:09.731, 21697
2026/09/26 18:34:10.231, 21697
2026/09/26 18:34:10.731, 21697
2026/09/26 18:34:11.232, 21697
2026/09/26 18:34:11.732, 21697
2026/09/26 18:34:12.232, 21697
2026/09/26 18:34:12.732, 21697
2026/09/26 18:34:13.232, 21697
2026/09/26 18:34:13.732, 21697
2026/09/26 18:34:14.232, 21697
2026/09/26 18:34:14.733, 21697
2026/09/26 18:34:15.233, 21697
2026/09/26 18:34:15.733, 21697
2026/09/26 18:34:16.233, 4
2026/09/26 18:34:16.734, 4
2026/09/26 18:34:17.234, 4
